map,strategy,seed,outcome,turns,hit_round_cap,player_turns,ap_granted,ap_unused,final_player_hp,enemies_remaining,mean_exposure_x100,first_crossing_x,unit_crossings,contact_round1,contact_turns,never_in_contact,state_hash
gym-e1-damage.encounter,attack-only,1,Victory,4,0,4,32,8,160,0,100,-1,,0,2,0,611689992
gym-e1-damage.encounter,attack-only,2,Victory,3,0,3,24,4,180,0,100,-1,,0,1,0,3579516739
gym-e1-damage.encounter,attack-only,3,Victory,4,0,4,32,4,120,0,125,-1,,0,3,0,2443406261
gym-e1-damage.encounter,attack-only,4,Victory,7,0,7,56,14,40,0,142,-1,,0,9,0,387437720
gym-e1-damage.encounter,attack-only,5,Victory,4,0,4,32,8,140,0,100,-1,,0,2,0,3932843440
gym-e1-damage.encounter,attack-only,6,Victory,4,0,4,32,4,220,0,50,-1,,0,1,0,3288524500
gym-e1-damage.encounter,attack-only,7,Victory,4,0,4,32,12,100,0,125,-1,,0,3,0,3177271550
gym-e1-damage.encounter,attack-only,8,Victory,3,0,3,24,4,180,0,100,-1,,0,1,0,3579516739
gym-e1-damage.encounter,attack-only,9,Victory,5,0,5,40,8,150,0,100,-1,,0,3,0,3264376643
gym-e1-damage.encounter,attack-only,10,Victory,4,0,4,32,4,120,0,125,-1,,0,3,0,417994418
gym-e1-damage.encounter,attack-only,11,Victory,3,0,3,24,4,180,0,100,-1,,0,1,0,3579516739
gym-e1-damage.encounter,attack-only,12,Victory,3,0,3,24,4,180,0,100,-1,,0,1,0,3579516739
gym-e1-damage.encounter,attack-only,13,Victory,4,0,4,32,4,160,0,100,-1,,0,2,0,2518919022
gym-e1-damage.encounter,attack-only,14,Victory,4,0,4,32,4,150,0,125,-1,,0,3,0,4022365977
gym-e1-damage.encounter,attack-only,15,Victory,3,0,3,24,4,180,0,100,-1,,0,1,0,3579516739
gym-e1-damage.encounter,attack-only,16,Victory,4,0,4,32,8,140,0,125,-1,,0,3,0,2976856548
gym-e1-damage.encounter,attack-only,17,Victory,3,0,3,24,2,180,0,100,-1,,0,1,0,3579516739
gym-e1-damage.encounter,attack-only,18,Victory,3,0,3,24,4,180,0,100,-1,,0,1,0,3579516739
gym-e1-damage.encounter,attack-only,19,Victory,3,0,3,24,4,180,0,100,-1,,0,1,0,3579516739
gym-e1-damage.encounter,attack-only,20,Victory,3,0,3,24,4,240,0,66,-1,,0,0,0,2648564897
gym-e1-damage.encounter,attack-only,21,Victory,4,0,4,32,10,130,0,125,-1,,0,3,0,3690742552
gym-e1-damage.encounter,attack-only,22,Victory,4,0,4,32,5,140,0,125,-1,,0,3,0,1979696242
gym-e1-damage.encounter,attack-only,23,Victory,3,0,3,24,4,180,0,100,-1,,0,1,0,3579516739
gym-e1-damage.encounter,attack-only,24,Victory,3,0,3,24,4,200,0,100,-1,,0,1,0,358428653
gym-e1-damage.encounter,attack-only,25,Victory,3,0,3,24,4,180,0,100,-1,,0,1,0,3579516739
gym-e1-damage.encounter,attack-only,26,Victory,3,0,3,24,4,180,0,100,-1,,0,1,0,1989482145
gym-e1-damage.encounter,attack-only,27,Victory,3,0,3,24,4,180,0,100,-1,,0,1,0,1989482145
gym-e1-damage.encounter,attack-only,28,Victory,5,0,5,40,8,60,0,140,-1,,0,5,0,4107423709
gym-e1-damage.encounter,attack-only,29,Victory,4,0,4,32,4,140,0,100,-1,,0,2,0,1632990816
gym-e1-damage.encounter,attack-only,30,Victory,4,0,4,32,7,180,0,100,-1,,0,2,0,1905065678
gym-e1-damage.encounter,attack-only,31,Victory,5,0,5,40,8,160,0,80,-1,,0,4,0,3224896432
gym-e1-damage.encounter,attack-only,32,Victory,7,0,7,56,17,50,0,114,-1,,0,6,0,2641085249
gym-e1-damage.encounter,attack-only,33,Victory,3,0,3,24,4,180,0,100,-1,,0,1,0,1989482145
gym-e1-damage.encounter,attack-only,34,Victory,4,0,4,32,4,120,0,125,-1,,0,3,0,773763093
gym-e1-damage.encounter,attack-only,35,Victory,3,0,3,24,4,200,0,100,-1,,0,1,0,358428653
gym-e1-damage.encounter,attack-only,36,Victory,3,0,3,24,4,180,0,100,-1,,0,1,0,3579516739
gym-e1-damage.encounter,attack-only,37,Victory,3,0,3,24,4,180,0,100,-1,,0,1,0,3579516739
gym-e1-damage.encounter,attack-only,38,Victory,4,0,4,32,1,180,0,125,-1,,0,3,0,1365610584
gym-e1-damage.encounter,attack-only,39,Victory,4,0,4,32,4,160,0,100,-1,,0,2,0,722109310
gym-e1-damage.encounter,attack-only,40,Victory,3,0,3,24,2,180,0,100,-1,,0,1,0,3579516739
gym-e1-damage.encounter,attack-only,41,Victory,4,0,4,32,4,140,0,100,-1,,0,2,0,3471604850
gym-e1-damage.encounter,attack-only,42,Victory,3,0,3,24,4,180,0,100,-1,,0,1,0,3579516739
gym-e1-damage.encounter,attack-only,43,Victory,4,0,4,32,2,140,0,100,-1,,0,2,0,3932843440
gym-e1-damage.encounter,attack-only,44,Victory,5,0,5,40,8,140,0,140,-1,,0,5,0,803778960
gym-e1-damage.encounter,attack-only,45,Victory,5,0,5,40,12,80,0,140,-1,,0,5,0,1511474578
gym-e1-damage.encounter,attack-only,46,Victory,4,0,4,32,4,160,0,100,-1,,0,3,0,2938246798
gym-e1-damage.encounter,attack-only,47,Victory,3,0,3,24,4,180,0,100,-1,,0,1,0,3579516739
gym-e1-damage.encounter,attack-only,48,Victory,3,0,3,24,4,180,0,100,-1,,0,1,0,3579516739
gym-e1-damage.encounter,attack-only,49,Victory,4,0,4,32,8,140,0,125,-1,,0,3,0,2664682064
gym-e1-damage.encounter,attack-only,50,Victory,4,0,4,32,4,160,0,100,-1,,0,2,0,1172657406
gym-e1-damage.encounter,attack-only,51,Victory,4,0,4,32,8,140,0,125,-1,,0,3,0,690294854
gym-e1-damage.encounter,attack-only,52,Victory,4,0,4,32,4,140,0,100,-1,,0,2,0,3471604850
gym-e1-damage.encounter,attack-only,53,Victory,4,0,4,32,4,180,0,75,-1,,0,2,0,2399648521
gym-e1-damage.encounter,attack-only,54,Victory,4,0,4,32,4,160,0,100,-1,,0,2,0,3009179596
gym-e1-damage.encounter,attack-only,55,Victory,3,0,3,24,4,240,0,66,-1,,0,0,0,898398347
gym-e1-damage.encounter,attack-only,56,Victory,3,0,3,24,4,180,0,100,-1,,0,1,0,3579516739
gym-e1-damage.encounter,attack-only,57,Victory,3,0,3,24,4,180,0,100,-1,,0,1,0,3579516739
gym-e1-damage.encounter,attack-only,58,Victory,3,0,3,24,0,230,0,100,-1,,0,1,0,2955686035
gym-e1-damage.encounter,attack-only,59,Victory,4,0,4,32,4,120,0,125,-1,,0,3,0,773763093
gym-e1-damage.encounter,attack-only,60,Victory,4,0,4,32,8,140,0,125,-1,,0,3,0,806550661
gym-e1-damage.encounter,attack-only,61,Victory,4,0,4,32,4,170,0,100,-1,,0,2,0,3955760918
gym-e1-damage.encounter,attack-only,62,Victory,5,0,5,40,3,190,0,100,-1,,0,3,0,4070054453
gym-e1-damage.encounter,attack-only,63,Victory,5,0,5,40,4,150,0,120,-1,,0,4,0,663865265
gym-e1-damage.encounter,attack-only,64,Victory,3,0,3,24,4,180,0,100,-1,,0,1,0,3579516739
gym-e1-damage.encounter,attack-only,65,Victory,3,0,3,24,4,180,0,100,-1,,0,1,0,3579516739
gym-e1-damage.encounter,attack-only,66,Victory,4,0,4,32,4,140,0,100,-1,,0,2,0,3904541904
gym-e1-damage.encounter,attack-only,67,Victory,3,0,3,24,4,180,0,100,-1,,0,1,0,3579516739
gym-e1-damage.encounter,attack-only,68,Victory,7,0,7,56,20,60,0,100,-1,,0,5,0,2754701640
gym-e1-damage.encounter,attack-only,69,Victory,5,0,5,40,14,90,0,120,-1,,0,4,0,2986943677
gym-e1-damage.encounter,attack-only,70,Victory,3,0,3,24,4,180,0,100,-1,,0,1,0,3579516739
gym-e1-damage.encounter,attack-only,71,Victory,4,0,4,32,1,180,0,125,-1,,0,3,0,355656377
gym-e1-damage.encounter,attack-only,72,Victory,4,0,4,32,4,220,0,75,-1,,0,2,0,3228710176
gym-e1-damage.encounter,attack-only,73,Victory,3,0,3,24,4,200,0,100,-1,,0,1,0,4271624601
gym-e1-damage.encounter,attack-only,74,Victory,4,0,4,32,4,170,0,100,-1,,0,2,0,1634932596
gym-e1-damage.encounter,attack-only,75,Victory,3,0,3,24,4,180,0,100,-1,,0,1,0,3579516739
gym-e1-damage.encounter,attack-only,76,Victory,5,0,5,40,8,140,0,120,-1,,0,4,0,2204772212
gym-e1-damage.encounter,attack-only,77,Victory,3,0,3,24,4,180,0,100,-1,,0,1,0,3579516739
gym-e1-damage.encounter,attack-only,78,Victory,4,0,4,32,4,140,0,100,-1,,0,2,0,1632990816
gym-e1-damage.encounter,attack-only,79,Victory,5,0,5,40,8,60,0,140,-1,,0,5,0,3207941848
gym-e1-damage.encounter,attack-only,80,Victory,3,0,3,24,1,220,0,100,-1,,0,1,0,3355356777
gym-e1-damage.encounter,attack-only,81,Victory,4,0,4,32,4,150,0,125,-1,,0,3,0,2002676862
gym-e1-damage.encounter,attack-only,82,Victory,3,0,3,24,4,180,0,100,-1,,0,1,0,3579516739
gym-e1-damage.encounter,attack-only,83,Victory,4,0,4,32,4,160,0,100,-1,,0,2,0,886381932
gym-e1-damage.encounter,attack-only,84,Victory,3,0,3,24,4,180,0,100,-1,,0,1,0,3579516739
gym-e1-damage.encounter,attack-only,85,Victory,4,0,4,32,6,260,0,50,-1,,0,1,0,3066842922
gym-e1-damage.encounter,attack-only,86,Victory,4,0,4,32,4,120,0,125,-1,,0,3,0,1190210148
gym-e1-damage.encounter,attack-only,87,Victory,3,0,3,24,4,180,0,100,-1,,0,1,0,2055549265
gym-e1-damage.encounter,attack-only,88,Victory,4,0,4,32,4,120,0,125,-1,,0,3,0,2548175686
gym-e1-damage.encounter,attack-only,89,Victory,5,0,5,40,13,120,0,100,-1,,0,3,0,3221359709
gym-e1-damage.encounter,attack-only,90,Victory,3,0,3,24,4,180,0,100,-1,,0,1,0,3579516739
gym-e1-damage.encounter,attack-only,91,Victory,3,0,3,24,4,180,0,100,-1,,0,1,0,3579516739
gym-e1-damage.encounter,attack-only,92,Victory,3,0,3,24,4,180,0,100,-1,,0,1,0,3579516739
gym-e1-damage.encounter,attack-only,93,Victory,3,0,3,24,4,140,0,133,-1,,0,2,0,1126926809
gym-e1-damage.encounter,attack-only,94,Victory,3,0,3,24,4,180,0,100,-1,,0,1,0,3579516739
gym-e1-damage.encounter,attack-only,95,Victory,4,0,4,32,0,160,0,125,-1,,0,3,0,2671693916
gym-e1-damage.encounter,attack-only,96,Victory,3,0,3,24,4,180,0,100,-1,,0,1,0,3579516739
gym-e1-damage.encounter,attack-only,97,Victory,3,0,3,24,1,220,0,100,-1,,0,1,0,4195028171
gym-e1-damage.encounter,attack-only,98,Victory,4,0,4,32,4,140,0,125,-1,,0,3,0,636092918
gym-e1-damage.encounter,attack-only,99,Victory,3,0,3,24,4,180,0,100,-1,,0,1,0,3579516739
gym-e1-damage.encounter,attack-only,100,Victory,3,0,3,24,4,240,0,66,-1,,0,0,0,898398347
gym-e1-damage.encounter,attack-only,101,Victory,3,0,3,24,4,180,0,100,-1,,0,1,0,3579516739
gym-e1-damage.encounter,attack-only,102,Victory,3,0,3,24,2,180,0,100,-1,,0,1,0,2413023139
gym-e1-damage.encounter,attack-only,103,Victory,3,0,3,24,4,180,0,100,-1,,0,1,0,3579516739
gym-e1-damage.encounter,attack-only,104,Victory,3,0,3,24,4,180,0,100,-1,,0,1,0,1989482145
gym-e1-damage.encounter,attack-only,105,Victory,3,0,3,24,4,180,0,100,-1,,0,1,0,3579516739
gym-e1-damage.encounter,attack-only,106,Victory,4,0,4,32,7,180,0,75,-1,,0,3,0,3244411599
gym-e1-damage.encounter,attack-only,107,Victory,4,0,4,32,4,160,0,100,-1,,0,2,0,333517822
gym-e1-damage.encounter,attack-only,108,Victory,3,0,3,24,4,180,0,100,-1,,0,1,0,3579516739
gym-e1-damage.encounter,attack-only,109,Victory,4,0,4,32,6,160,0,100,-1,,0,2,0,2387974954
gym-e1-damage.encounter,attack-only,110,Victory,3,0,3,24,4,180,0,100,-1,,0,1,0,3579516739
gym-e1-damage.encounter,attack-only,111,Victory,4,0,4,32,4,120,0,125,-1,,0,3,0,34633540
gym-e1-damage.encounter,attack-only,112,Victory,3,0,3,24,4,180,0,100,-1,,0,1,0,3579516739
gym-e1-damage.encounter,attack-only,113,Victory,5,0,5,40,12,80,0,140,-1,,0,5,0,1552112546
gym-e1-damage.encounter,attack-only,114,Victory,4,0,4,32,4,170,0,125,-1,,0,3,0,2418877558
gym-e1-damage.encounter,attack-only,115,Victory,3,0,3,24,4,240,0,66,-1,,0,0,0,898398347
gym-e1-damage.encounter,attack-only,116,Victory,3,0,3,24,4,210,0,100,-1,,0,1,0,1901689031
gym-e1-damage.encounter,attack-only,117,Victory,3,0,3,24,4,180,0,100,-1,,0,1,0,3579516739
gym-e1-damage.encounter,attack-only,118,Victory,4,0,4,32,4,190,0,100,-1,,0,2,0,3536788946
gym-e1-damage.encounter,attack-only,119,Victory,3,0,3,24,4,180,0,100,-1,,0,1,0,3579516739
gym-e1-damage.encounter,attack-only,120,Victory,3,0,3,24,4,180,0,100,-1,,0,1,0,3579516739
gym-e1-damage.encounter,attack-only,121,Victory,4,0,4,32,10,130,0,125,-1,,0,3,0,3690742552
gym-e1-damage.encounter,attack-only,122,Victory,3,0,3,24,4,180,0,100,-1,,0,1,0,3579516739
gym-e1-damage.encounter,attack-only,123,Victory,3,0,3,24,4,180,0,100,-1,,0,1,0,3579516739
gym-e1-damage.encounter,attack-only,124,Victory,4,0,4,32,5,80,0,150,-1,,0,4,0,3600220825
gym-e1-damage.encounter,attack-only,125,Victory,3,0,3,24,4,200,0,100,-1,,0,1,0,738331837
gym-e1-damage.encounter,attack-only,126,Victory,3,0,3,24,4,180,0,100,-1,,0,1,0,3579516739
gym-e1-damage.encounter,attack-only,127,Victory,3,0,3,24,4,180,0,100,-1,,0,1,0,1989482145
gym-e1-damage.encounter,attack-only,128,Victory,3,0,3,24,4,180,0,100,-1,,0,1,0,3579516739
gym-e1-damage.encounter,attack-only,129,Victory,3,0,3,24,4,180,0,100,-1,,0,1,0,3579516739
gym-e1-damage.encounter,attack-only,130,Victory,3,0,3,24,4,180,0,100,-1,,0,1,0,3579516739
gym-e1-damage.encounter,attack-only,131,Victory,3,0,3,24,4,180,0,100,-1,,0,1,0,3579516739
gym-e1-damage.encounter,attack-only,132,Victory,3,0,3,24,4,180,0,100,-1,,0,1,0,3579516739
gym-e1-damage.encounter,attack-only,133,Victory,5,0,5,40,10,150,0,100,-1,,0,3,0,1965505153
gym-e1-damage.encounter,attack-only,134,Victory,3,0,3,24,4,220,0,66,-1,,0,1,0,2423121641
gym-e1-damage.encounter,attack-only,135,Victory,3,0,3,24,4,180,0,100,-1,,0,1,0,3579516739
gym-e1-damage.encounter,attack-only,136,Victory,4,0,4,32,12,100,0,125,-1,,0,3,0,3177271550
gym-e1-damage.encounter,attack-only,137,Victory,5,0,5,40,6,100,0,120,-1,,0,4,0,2333633863
gym-e1-damage.encounter,attack-only,138,Victory,3,0,3,24,4,180,0,100,-1,,0,1,0,3579516739
gym-e1-damage.encounter,attack-only,139,Victory,3,0,3,24,4,180,0,100,-1,,0,1,0,3579516739
gym-e1-damage.encounter,attack-only,140,Victory,4,0,4,32,4,140,0,125,-1,,0,3,0,1198802878
gym-e1-damage.encounter,attack-only,141,Victory,4,0,4,32,5,160,0,100,-1,,0,2,0,3441796092
gym-e1-damage.encounter,attack-only,142,Victory,4,0,4,32,5,200,0,100,-1,,0,2,0,2689165296
gym-e1-damage.encounter,attack-only,143,Victory,3,0,3,24,1,220,0,100,-1,,0,1,0,4195028171
gym-e1-damage.encounter,attack-only,144,Victory,3,0,3,24,4,180,0,100,-1,,0,1,0,3579516739
gym-e1-damage.encounter,attack-only,145,Victory,3,0,3,24,4,180,0,100,-1,,0,1,0,3579516739
gym-e1-damage.encounter,attack-only,146,Victory,4,0,4,32,8,160,0,100,-1,,0,2,0,2387974954
gym-e1-damage.encounter,attack-only,147,Victory,3,0,3,24,4,210,0,100,-1,,0,1,0,1901689031
gym-e1-damage.encounter,attack-only,148,Victory,4,0,4,32,8,140,0,100,-1,,0,3,0,1695545665
gym-e1-damage.encounter,attack-only,149,Victory,4,0,4,32,4,240,0,50,-1,,0,1,0,2958395953
gym-e1-damage.encounter,attack-only,150,Victory,3,0,3,24,4,180,0,100,-1,,0,1,0,3579516739
gym-e1-damage.encounter,attack-only,151,Victory,3,0,3,24,4,180,0,100,-1,,0,1,0,3579516739
gym-e1-damage.encounter,attack-only,152,Victory,4,0,4,32,4,160,0,100,-1,,0,2,0,2056430476
gym-e1-damage.encounter,attack-only,153,Victory,3,0,3,24,4,180,0,100,-1,,0,1,0,3579516739
gym-e1-damage.encounter,attack-only,154,Victory,3,0,3,24,4,180,0,100,-1,,0,1,0,3579516739
gym-e1-damage.encounter,attack-only,155,Victory,3,0,3,24,4,180,0,100,-1,,0,1,0,2413023139
gym-e1-damage.encounter,attack-only,156,Victory,3,0,3,24,4,210,0,100,-1,,0,1,0,1901689031
gym-e1-damage.encounter,attack-only,157,Victory,5,0,5,40,16,80,0,120,-1,,0,4,0,147866641
gym-e1-damage.encounter,attack-only,158,Victory,3,0,3,24,4,180,0,100,-1,,0,1,0,3579516739
gym-e1-damage.encounter,attack-only,159,Victory,3,0,3,24,4,180,0,100,-1,,0,1,0,3579516739
gym-e1-damage.encounter,attack-only,160,Victory,4,0,4,32,4,120,0,125,-1,,0,3,0,773763093
gym-e1-damage.encounter,attack-only,161,Victory,4,0,4,32,8,100,0,125,-1,,0,3,0,1871719610
gym-e1-damage.encounter,attack-only,162,Victory,4,0,4,32,6,190,0,100,-1,,0,2,0,2685637908
gym-e1-damage.encounter,attack-only,163,Victory,3,0,3,24,4,180,0,100,-1,,0,1,0,3579516739
gym-e1-damage.encounter,attack-only,164,Victory,4,0,4,32,4,140,0,100,-1,,0,2,0,3932843440
gym-e1-damage.encounter,attack-only,165,Victory,3,0,3,24,4,180,0,100,-1,,0,1,0,3579516739
gym-e1-damage.encounter,attack-only,166,Victory,5,0,5,40,5,100,0,120,-1,,0,4,0,3653827157
gym-e1-damage.encounter,attack-only,167,Victory,4,0,4,32,10,140,0,100,-1,,0,2,0,578624500
gym-e1-damage.encounter,attack-only,168,Victory,4,0,4,32,5,160,0,100,-1,,0,2,0,3441796092
gym-e1-damage.encounter,attack-only,169,Victory,3,0,3,24,4,200,0,100,-1,,0,1,0,2282325449
gym-e1-damage.encounter,attack-only,170,Victory,4,0,4,32,7,180,0,75,-1,,0,3,0,2550992779
gym-e1-damage.encounter,attack-only,171,Victory,3,0,3,24,4,180,0,100,-1,,0,1,0,3579516739
gym-e1-damage.encounter,attack-only,172,Victory,3,0,3,24,1,220,0,100,-1,,0,1,0,3355356777
gym-e1-damage.encounter,attack-only,173,Victory,4,0,4,32,4,140,0,100,-1,,0,2,0,3932843440
gym-e1-damage.encounter,attack-only,174,Victory,3,0,3,24,4,200,0,100,-1,,0,1,0,4271624601
gym-e1-damage.encounter,attack-only,175,Victory,5,0,5,40,8,120,0,120,-1,,0,5,0,3803878308
gym-e1-damage.encounter,attack-only,176,Victory,3,0,3,24,4,180,0,100,-1,,0,1,0,3579516739
gym-e1-damage.encounter,attack-only,177,Victory,3,0,3,24,4,180,0,100,-1,,0,1,0,2055549265
gym-e1-damage.encounter,attack-only,178,Victory,3,0,3,24,4,180,0,100,-1,,0,1,0,3579516739
gym-e1-damage.encounter,attack-only,179,Victory,4,0,4,32,8,160,0,100,-1,,0,2,0,325052474
gym-e1-damage.encounter,attack-only,180,Victory,4,0,4,32,4,160,0,100,-1,,0,2,0,3208508523
gym-e1-damage.encounter,attack-only,181,Victory,3,0,3,24,2,180,0,100,-1,,0,1,0,3579516739
gym-e1-damage.encounter,attack-only,182,Victory,3,0,3,24,4,200,0,100,-1,,0,1,0,4271624601
gym-e1-damage.encounter,attack-only,183,Victory,3,0,3,24,4,180,0,100,-1,,0,1,0,3579516739
gym-e1-damage.encounter,attack-only,184,Victory,3,0,3,24,4,180,0,100,-1,,0,1,0,3579516739
gym-e1-damage.encounter,attack-only,185,Victory,3,0,3,24,4,200,0,100,-1,,0,1,0,4271624601
gym-e1-damage.encounter,attack-only,186,Victory,4,0,4,32,4,120,0,125,-1,,0,3,0,773763093
gym-e1-damage.encounter,attack-only,187,Victory,3,0,3,24,4,180,0,100,-1,,0,1,0,3579516739
gym-e1-damage.encounter,attack-only,188,Victory,3,0,3,24,4,180,0,100,-1,,0,1,0,3579516739
gym-e1-damage.encounter,attack-only,189,Victory,4,0,4,32,8,180,0,100,-1,,0,3,0,845425490
gym-e1-damage.encounter,attack-only,190,Victory,3,0,3,24,4,180,0,100,-1,,0,1,0,3579516739
gym-e1-damage.encounter,attack-only,191,Victory,4,0,4,32,4,150,0,125,-1,,0,3,0,571622830
gym-e1-damage.encounter,attack-only,192,Victory,4,0,4,32,5,180,0,125,-1,,0,3,0,3430589839
gym-e1-damage.encounter,attack-only,193,Victory,3,0,3,24,4,180,0,100,-1,,0,1,0,3579516739
gym-e1-damage.encounter,attack-only,194,Victory,5,0,5,40,10,70,0,140,-1,,0,5,0,2000426275
gym-e1-damage.encounter,attack-only,195,Victory,3,0,3,24,4,210,0,100,-1,,0,1,0,1901689031
gym-e1-damage.encounter,attack-only,196,Victory,5,0,5,40,12,160,0,80,-1,,0,4,0,2384863064
gym-e1-damage.encounter,attack-only,197,Victory,4,0,4,32,4,160,0,100,-1,,0,2,0,333517822
gym-e1-damage.encounter,attack-only,198,Victory,4,0,4,32,12,100,0,125,-1,,0,3,0,3177271550
gym-e1-damage.encounter,attack-only,199,Victory,4,0,4,32,4,160,0,125,-1,,0,3,0,649310732
gym-e1-damage.encounter,attack-only,200,Victory,3,0,3,24,4,220,0,66,-1,,0,1,0,3886345835
gym-e1-damage.encounter,push-instrument,1,Victory,4,0,4,32,8,160,0,100,-1,,0,2,0,611689992
gym-e1-damage.encounter,push-instrument,2,Victory,3,0,3,24,4,180,0,100,-1,,0,1,0,3579516739
gym-e1-damage.encounter,push-instrument,3,Victory,4,0,4,32,4,120,0,125,-1,,0,3,0,2443406261
gym-e1-damage.encounter,push-instrument,4,Victory,7,0,7,56,14,40,0,142,-1,,0,9,0,387437720
gym-e1-damage.encounter,push-instrument,5,Victory,4,0,4,32,8,140,0,100,-1,,0,2,0,3932843440
gym-e1-damage.encounter,push-instrument,6,Victory,4,0,4,32,4,220,0,50,-1,,0,1,0,3288524500
gym-e1-damage.encounter,push-instrument,7,Victory,4,0,4,32,12,100,0,125,-1,,0,3,0,3177271550
gym-e1-damage.encounter,push-instrument,8,Victory,3,0,3,24,4,180,0,100,-1,,0,1,0,3579516739
gym-e1-damage.encounter,push-instrument,9,Victory,5,0,5,40,8,150,0,100,-1,,0,3,0,3264376643
gym-e1-damage.encounter,push-instrument,10,Victory,4,0,4,32,4,120,0,125,-1,,0,3,0,417994418
gym-e1-damage.encounter,push-instrument,11,Victory,3,0,3,24,4,180,0,100,-1,,0,1,0,3579516739
gym-e1-damage.encounter,push-instrument,12,Victory,3,0,3,24,4,180,0,100,-1,,0,1,0,3579516739
gym-e1-damage.encounter,push-instrument,13,Victory,4,0,4,32,4,160,0,100,-1,,0,2,0,2518919022
gym-e1-damage.encounter,push-instrument,14,Victory,4,0,4,32,4,150,0,125,-1,,0,3,0,4022365977
gym-e1-damage.encounter,push-instrument,15,Victory,3,0,3,24,4,180,0,100,-1,,0,1,0,3579516739
gym-e1-damage.encounter,push-instrument,16,Victory,4,0,4,32,8,140,0,125,-1,,0,3,0,2976856548
gym-e1-damage.encounter,push-instrument,17,Victory,3,0,3,24,2,180,0,100,-1,,0,1,0,3579516739
gym-e1-damage.encounter,push-instrument,18,Victory,3,0,3,24,4,180,0,100,-1,,0,1,0,3579516739
gym-e1-damage.encounter,push-instrument,19,Victory,3,0,3,24,4,180,0,100,-1,,0,1,0,3579516739
gym-e1-damage.encounter,push-instrument,20,Victory,3,0,3,24,4,240,0,66,-1,,0,0,0,2648564897
gym-e1-damage.encounter,push-instrument,21,Victory,4,0,4,32,10,130,0,125,-1,,0,3,0,3690742552
gym-e1-damage.encounter,push-instrument,22,Victory,4,0,4,32,5,140,0,125,-1,,0,3,0,1979696242
gym-e1-damage.encounter,push-instrument,23,Victory,3,0,3,24,4,180,0,100,-1,,0,1,0,3579516739
gym-e1-damage.encounter,push-instrument,24,Victory,3,0,3,24,4,200,0,100,-1,,0,1,0,358428653
gym-e1-damage.encounter,push-instrument,25,Victory,3,0,3,24,4,180,0,100,-1,,0,1,0,3579516739
gym-e1-damage.encounter,push-instrument,26,Victory,3,0,3,24,4,180,0,100,-1,,0,1,0,1989482145
gym-e1-damage.encounter,push-instrument,27,Victory,3,0,3,24,4,180,0,100,-1,,0,1,0,1989482145
gym-e1-damage.encounter,push-instrument,28,Victory,5,0,5,40,8,60,0,140,-1,,0,5,0,4107423709
gym-e1-damage.encounter,push-instrument,29,Victory,4,0,4,32,4,140,0,100,-1,,0,2,0,1632990816
gym-e1-damage.encounter,push-instrument,30,Victory,4,0,4,32,7,180,0,100,-1,,0,2,0,1905065678
gym-e1-damage.encounter,push-instrument,31,Victory,5,0,5,40,8,160,0,80,-1,,0,4,0,3224896432
gym-e1-damage.encounter,push-instrument,32,Victory,7,0,7,56,17,50,0,114,-1,,0,6,0,2641085249
gym-e1-damage.encounter,push-instrument,33,Victory,3,0,3,24,4,180,0,100,-1,,0,1,0,1989482145
gym-e1-damage.encounter,push-instrument,34,Victory,4,0,4,32,4,120,0,125,-1,,0,3,0,773763093
gym-e1-damage.encounter,push-instrument,35,Victory,3,0,3,24,4,200,0,100,-1,,0,1,0,358428653
gym-e1-damage.encounter,push-instrument,36,Victory,3,0,3,24,4,180,0,100,-1,,0,1,0,3579516739
gym-e1-damage.encounter,push-instrument,37,Victory,3,0,3,24,4,180,0,100,-1,,0,1,0,3579516739
gym-e1-damage.encounter,push-instrument,38,Victory,4,0,4,32,1,180,0,125,-1,,0,3,0,1365610584
gym-e1-damage.encounter,push-instrument,39,Victory,4,0,4,32,4,160,0,100,-1,,0,2,0,722109310
gym-e1-damage.encounter,push-instrument,40,Victory,3,0,3,24,2,180,0,100,-1,,0,1,0,3579516739
gym-e1-damage.encounter,push-instrument,41,Victory,4,0,4,32,4,140,0,100,-1,,0,2,0,3471604850
gym-e1-damage.encounter,push-instrument,42,Victory,3,0,3,24,4,180,0,100,-1,,0,1,0,3579516739
gym-e1-damage.encounter,push-instrument,43,Victory,4,0,4,32,2,140,0,100,-1,,0,2,0,3932843440
gym-e1-damage.encounter,push-instrument,44,Victory,5,0,5,40,8,140,0,140,-1,,0,5,0,803778960
gym-e1-damage.encounter,push-instrument,45,Victory,5,0,5,40,12,80,0,140,-1,,0,5,0,1511474578
gym-e1-damage.encounter,push-instrument,46,Victory,4,0,4,32,4,160,0,100,-1,,0,3,0,2938246798
gym-e1-damage.encounter,push-instrument,47,Victory,3,0,3,24,4,180,0,100,-1,,0,1,0,3579516739
gym-e1-damage.encounter,push-instrument,48,Victory,3,0,3,24,4,180,0,100,-1,,0,1,0,3579516739
gym-e1-damage.encounter,push-instrument,49,Victory,4,0,4,32,8,140,0,125,-1,,0,3,0,2664682064
gym-e1-damage.encounter,push-instrument,50,Victory,4,0,4,32,4,160,0,100,-1,,0,2,0,1172657406
gym-e1-damage.encounter,push-instrument,51,Victory,4,0,4,32,8,140,0,125,-1,,0,3,0,690294854
gym-e1-damage.encounter,push-instrument,52,Victory,4,0,4,32,4,140,0,100,-1,,0,2,0,3471604850
gym-e1-damage.encounter,push-instrument,53,Victory,4,0,4,32,4,180,0,75,-1,,0,2,0,2399648521
gym-e1-damage.encounter,push-instrument,54,Victory,4,0,4,32,4,160,0,100,-1,,0,2,0,3009179596
gym-e1-damage.encounter,push-instrument,55,Victory,3,0,3,24,4,240,0,66,-1,,0,0,0,898398347
gym-e1-damage.encounter,push-instrument,56,Victory,3,0,3,24,4,180,0,100,-1,,0,1,0,3579516739
gym-e1-damage.encounter,push-instrument,57,Victory,3,0,3,24,4,180,0,100,-1,,0,1,0,3579516739
gym-e1-damage.encounter,push-instrument,58,Victory,3,0,3,24,0,230,0,100,-1,,0,1,0,2955686035
gym-e1-damage.encounter,push-instrument,59,Victory,4,0,4,32,4,120,0,125,-1,,0,3,0,773763093
gym-e1-damage.encounter,push-instrument,60,Victory,4,0,4,32,8,140,0,125,-1,,0,3,0,806550661
gym-e1-damage.encounter,push-instrument,61,Victory,4,0,4,32,4,170,0,100,-1,,0,2,0,3955760918
gym-e1-damage.encounter,push-instrument,62,Victory,5,0,5,40,3,190,0,100,-1,,0,3,0,4070054453
gym-e1-damage.encounter,push-instrument,63,Victory,5,0,5,40,4,150,0,120,-1,,0,4,0,663865265
gym-e1-damage.encounter,push-instrument,64,Victory,3,0,3,24,4,180,0,100,-1,,0,1,0,3579516739
gym-e1-damage.encounter,push-instrument,65,Victory,3,0,3,24,4,180,0,100,-1,,0,1,0,3579516739
gym-e1-damage.encounter,push-instrument,66,Victory,4,0,4,32,4,140,0,100,-1,,0,2,0,3904541904
gym-e1-damage.encounter,push-instrument,67,Victory,3,0,3,24,4,180,0,100,-1,,0,1,0,3579516739
gym-e1-damage.encounter,push-instrument,68,Victory,7,0,7,56,20,60,0,100,-1,,0,5,0,2754701640
gym-e1-damage.encounter,push-instrument,69,Victory,5,0,5,40,14,90,0,120,-1,,0,4,0,2986943677
gym-e1-damage.encounter,push-instrument,70,Victory,3,0,3,24,4,180,0,100,-1,,0,1,0,3579516739
gym-e1-damage.encounter,push-instrument,71,Victory,4,0,4,32,1,180,0,125,-1,,0,3,0,355656377
gym-e1-damage.encounter,push-instrument,72,Victory,4,0,4,32,4,220,0,75,-1,,0,2,0,3228710176
gym-e1-damage.encounter,push-instrument,73,Victory,3,0,3,24,4,200,0,100,-1,,0,1,0,4271624601
gym-e1-damage.encounter,push-instrument,74,Victory,4,0,4,32,4,170,0,100,-1,,0,2,0,1634932596
gym-e1-damage.encounter,push-instrument,75,Victory,3,0,3,24,4,180,0,100,-1,,0,1,0,3579516739
gym-e1-damage.encounter,push-instrument,76,Victory,5,0,5,40,8,140,0,120,-1,,0,4,0,2204772212
gym-e1-damage.encounter,push-instrument,77,Victory,3,0,3,24,4,180,0,100,-1,,0,1,0,3579516739
gym-e1-damage.encounter,push-instrument,78,Victory,4,0,4,32,4,140,0,100,-1,,0,2,0,1632990816
gym-e1-damage.encounter,push-instrument,79,Victory,5,0,5,40,8,60,0,140,-1,,0,5,0,3207941848
gym-e1-damage.encounter,push-instrument,80,Victory,3,0,3,24,1,220,0,100,-1,,0,1,0,3355356777
gym-e1-damage.encounter,push-instrument,81,Victory,4,0,4,32,4,150,0,125,-1,,0,3,0,2002676862
gym-e1-damage.encounter,push-instrument,82,Victory,3,0,3,24,4,180,0,100,-1,,0,1,0,3579516739
gym-e1-damage.encounter,push-instrument,83,Victory,4,0,4,32,4,160,0,100,-1,,0,2,0,886381932
gym-e1-damage.encounter,push-instrument,84,Victory,3,0,3,24,4,180,0,100,-1,,0,1,0,3579516739
gym-e1-damage.encounter,push-instrument,85,Victory,4,0,4,32,6,260,0,50,-1,,0,1,0,3066842922
gym-e1-damage.encounter,push-instrument,86,Victory,4,0,4,32,4,120,0,125,-1,,0,3,0,1190210148
gym-e1-damage.encounter,push-instrument,87,Victory,3,0,3,24,4,180,0,100,-1,,0,1,0,2055549265
gym-e1-damage.encounter,push-instrument,88,Victory,4,0,4,32,4,120,0,125,-1,,0,3,0,2548175686
gym-e1-damage.encounter,push-instrument,89,Victory,5,0,5,40,13,120,0,100,-1,,0,3,0,3221359709
gym-e1-damage.encounter,push-instrument,90,Victory,3,0,3,24,4,180,0,100,-1,,0,1,0,3579516739
gym-e1-damage.encounter,push-instrument,91,Victory,3,0,3,24,4,180,0,100,-1,,0,1,0,3579516739
gym-e1-damage.encounter,push-instrument,92,Victory,3,0,3,24,4,180,0,100,-1,,0,1,0,3579516739
gym-e1-damage.encounter,push-instrument,93,Victory,3,0,3,24,4,140,0,133,-1,,0,2,0,1126926809
gym-e1-damage.encounter,push-instrument,94,Victory,3,0,3,24,4,180,0,100,-1,,0,1,0,3579516739
gym-e1-damage.encounter,push-instrument,95,Victory,4,0,4,32,0,160,0,125,-1,,0,3,0,2671693916
gym-e1-damage.encounter,push-instrument,96,Victory,3,0,3,24,4,180,0,100,-1,,0,1,0,3579516739
gym-e1-damage.encounter,push-instrument,97,Victory,3,0,3,24,1,220,0,100,-1,,0,1,0,4195028171
gym-e1-damage.encounter,push-instrument,98,Victory,4,0,4,32,4,140,0,125,-1,,0,3,0,636092918
gym-e1-damage.encounter,push-instrument,99,Victory,3,0,3,24,4,180,0,100,-1,,0,1,0,3579516739
gym-e1-damage.encounter,push-instrument,100,Victory,3,0,3,24,4,240,0,66,-1,,0,0,0,898398347
gym-e1-damage.encounter,push-instrument,101,Victory,3,0,3,24,4,180,0,100,-1,,0,1,0,3579516739
gym-e1-damage.encounter,push-instrument,102,Victory,3,0,3,24,2,180,0,100,-1,,0,1,0,2413023139
gym-e1-damage.encounter,push-instrument,103,Victory,3,0,3,24,4,180,0,100,-1,,0,1,0,3579516739
gym-e1-damage.encounter,push-instrument,104,Victory,3,0,3,24,4,180,0,100,-1,,0,1,0,1989482145
gym-e1-damage.encounter,push-instrument,105,Victory,3,0,3,24,4,180,0,100,-1,,0,1,0,3579516739
gym-e1-damage.encounter,push-instrument,106,Victory,4,0,4,32,7,180,0,75,-1,,0,3,0,3244411599
gym-e1-damage.encounter,push-instrument,107,Victory,4,0,4,32,4,160,0,100,-1,,0,2,0,333517822
gym-e1-damage.encounter,push-instrument,108,Victory,3,0,3,24,4,180,0,100,-1,,0,1,0,3579516739
gym-e1-damage.encounter,push-instrument,109,Victory,4,0,4,32,6,160,0,100,-1,,0,2,0,2387974954
gym-e1-damage.encounter,push-instrument,110,Victory,3,0,3,24,4,180,0,100,-1,,0,1,0,3579516739
gym-e1-damage.encounter,push-instrument,111,Victory,4,0,4,32,4,120,0,125,-1,,0,3,0,34633540
gym-e1-damage.encounter,push-instrument,112,Victory,3,0,3,24,4,180,0,100,-1,,0,1,0,3579516739
gym-e1-damage.encounter,push-instrument,113,Victory,5,0,5,40,12,80,0,140,-1,,0,5,0,1552112546
gym-e1-damage.encounter,push-instrument,114,Victory,4,0,4,32,4,170,0,125,-1,,0,3,0,2418877558
gym-e1-damage.encounter,push-instrument,115,Victory,3,0,3,24,4,240,0,66,-1,,0,0,0,898398347
gym-e1-damage.encounter,push-instrument,116,Victory,3,0,3,24,4,210,0,100,-1,,0,1,0,1901689031
gym-e1-damage.encounter,push-instrument,117,Victory,3,0,3,24,4,180,0,100,-1,,0,1,0,3579516739
gym-e1-damage.encounter,push-instrument,118,Victory,4,0,4,32,4,190,0,100,-1,,0,2,0,3536788946
gym-e1-damage.encounter,push-instrument,119,Victory,3,0,3,24,4,180,0,100,-1,,0,1,0,3579516739
gym-e1-damage.encounter,push-instrument,120,Victory,3,0,3,24,4,180,0,100,-1,,0,1,0,3579516739
gym-e1-damage.encounter,push-instrument,121,Victory,4,0,4,32,10,130,0,125,-1,,0,3,0,3690742552
gym-e1-damage.encounter,push-instrument,122,Victory,3,0,3,24,4,180,0,100,-1,,0,1,0,3579516739
gym-e1-damage.encounter,push-instrument,123,Victory,3,0,3,24,4,180,0,100,-1,,0,1,0,3579516739
gym-e1-damage.encounter,push-instrument,124,Victory,4,0,4,32,5,80,0,150,-1,,0,4,0,3600220825
gym-e1-damage.encounter,push-instrument,125,Victory,3,0,3,24,4,200,0,100,-1,,0,1,0,738331837
gym-e1-damage.encounter,push-instrument,126,Victory,3,0,3,24,4,180,0,100,-1,,0,1,0,3579516739
gym-e1-damage.encounter,push-instrument,127,Victory,3,0,3,24,4,180,0,100,-1,,0,1,0,1989482145
gym-e1-damage.encounter,push-instrument,128,Victory,3,0,3,24,4,180,0,100,-1,,0,1,0,3579516739
gym-e1-damage.encounter,push-instrument,129,Victory,3,0,3,24,4,180,0,100,-1,,0,1,0,3579516739
gym-e1-damage.encounter,push-instrument,130,Victory,3,0,3,24,4,180,0,100,-1,,0,1,0,3579516739
gym-e1-damage.encounter,push-instrument,131,Victory,3,0,3,24,4,180,0,100,-1,,0,1,0,3579516739
gym-e1-damage.encounter,push-instrument,132,Victory,3,0,3,24,4,180,0,100,-1,,0,1,0,3579516739
gym-e1-damage.encounter,push-instrument,133,Victory,5,0,5,40,10,150,0,100,-1,,0,3,0,1965505153
gym-e1-damage.encounter,push-instrument,134,Victory,3,0,3,24,4,220,0,66,-1,,0,1,0,2423121641
gym-e1-damage.encounter,push-instrument,135,Victory,3,0,3,24,4,180,0,100,-1,,0,1,0,3579516739
gym-e1-damage.encounter,push-instrument,136,Victory,4,0,4,32,12,100,0,125,-1,,0,3,0,3177271550
gym-e1-damage.encounter,push-instrument,137,Victory,5,0,5,40,6,100,0,120,-1,,0,4,0,2333633863
gym-e1-damage.encounter,push-instrument,138,Victory,3,0,3,24,4,180,0,100,-1,,0,1,0,3579516739
gym-e1-damage.encounter,push-instrument,139,Victory,3,0,3,24,4,180,0,100,-1,,0,1,0,3579516739
gym-e1-damage.encounter,push-instrument,140,Victory,4,0,4,32,4,140,0,125,-1,,0,3,0,1198802878
gym-e1-damage.encounter,push-instrument,141,Victory,4,0,4,32,5,160,0,100,-1,,0,2,0,3441796092
gym-e1-damage.encounter,push-instrument,142,Victory,4,0,4,32,5,200,0,100,-1,,0,2,0,2689165296
gym-e1-damage.encounter,push-instrument,143,Victory,3,0,3,24,1,220,0,100,-1,,0,1,0,4195028171
gym-e1-damage.encounter,push-instrument,144,Victory,3,0,3,24,4,180,0,100,-1,,0,1,0,3579516739
gym-e1-damage.encounter,push-instrument,145,Victory,3,0,3,24,4,180,0,100,-1,,0,1,0,3579516739
gym-e1-damage.encounter,push-instrument,146,Victory,4,0,4,32,8,160,0,100,-1,,0,2,0,2387974954
gym-e1-damage.encounter,push-instrument,147,Victory,3,0,3,24,4,210,0,100,-1,,0,1,0,1901689031
gym-e1-damage.encounter,push-instrument,148,Victory,4,0,4,32,8,140,0,100,-1,,0,3,0,1695545665
gym-e1-damage.encounter,push-instrument,149,Victory,4,0,4,32,4,240,0,50,-1,,0,1,0,2958395953
gym-e1-damage.encounter,push-instrument,150,Victory,3,0,3,24,4,180,0,100,-1,,0,1,0,3579516739
gym-e1-damage.encounter,push-instrument,151,Victory,3,0,3,24,4,180,0,100,-1,,0,1,0,3579516739
gym-e1-damage.encounter,push-instrument,152,Victory,4,0,4,32,4,160,0,100,-1,,0,2,0,2056430476
gym-e1-damage.encounter,push-instrument,153,Victory,3,0,3,24,4,180,0,100,-1,,0,1,0,3579516739
gym-e1-damage.encounter,push-instrument,154,Victory,3,0,3,24,4,180,0,100,-1,,0,1,0,3579516739
gym-e1-damage.encounter,push-instrument,155,Victory,3,0,3,24,4,180,0,100,-1,,0,1,0,2413023139
gym-e1-damage.encounter,push-instrument,156,Victory,3,0,3,24,4,210,0,100,-1,,0,1,0,1901689031
gym-e1-damage.encounter,push-instrument,157,Victory,5,0,5,40,16,80,0,120,-1,,0,4,0,147866641
gym-e1-damage.encounter,push-instrument,158,Victory,3,0,3,24,4,180,0,100,-1,,0,1,0,3579516739
gym-e1-damage.encounter,push-instrument,159,Victory,3,0,3,24,4,180,0,100,-1,,0,1,0,3579516739
gym-e1-damage.encounter,push-instrument,160,Victory,4,0,4,32,4,120,0,125,-1,,0,3,0,773763093
gym-e1-damage.encounter,push-instrument,161,Victory,4,0,4,32,8,100,0,125,-1,,0,3,0,1871719610
gym-e1-damage.encounter,push-instrument,162,Victory,4,0,4,32,6,190,0,100,-1,,0,2,0,2685637908
gym-e1-damage.encounter,push-instrument,163,Victory,3,0,3,24,4,180,0,100,-1,,0,1,0,3579516739
gym-e1-damage.encounter,push-instrument,164,Victory,4,0,4,32,4,140,0,100,-1,,0,2,0,3932843440
gym-e1-damage.encounter,push-instrument,165,Victory,3,0,3,24,4,180,0,100,-1,,0,1,0,3579516739
gym-e1-damage.encounter,push-instrument,166,Victory,5,0,5,40,5,100,0,120,-1,,0,4,0,3653827157
gym-e1-damage.encounter,push-instrument,167,Victory,4,0,4,32,10,140,0,100,-1,,0,2,0,578624500
gym-e1-damage.encounter,push-instrument,168,Victory,4,0,4,32,5,160,0,100,-1,,0,2,0,3441796092
gym-e1-damage.encounter,push-instrument,169,Victory,3,0,3,24,4,200,0,100,-1,,0,1,0,2282325449
gym-e1-damage.encounter,push-instrument,170,Victory,4,0,4,32,7,180,0,75,-1,,0,3,0,2550992779
gym-e1-damage.encounter,push-instrument,171,Victory,3,0,3,24,4,180,0,100,-1,,0,1,0,3579516739
gym-e1-damage.encounter,push-instrument,172,Victory,3,0,3,24,1,220,0,100,-1,,0,1,0,3355356777
gym-e1-damage.encounter,push-instrument,173,Victory,4,0,4,32,4,140,0,100,-1,,0,2,0,3932843440
gym-e1-damage.encounter,push-instrument,174,Victory,3,0,3,24,4,200,0,100,-1,,0,1,0,4271624601
gym-e1-damage.encounter,push-instrument,175,Victory,5,0,5,40,8,120,0,120,-1,,0,5,0,3803878308
gym-e1-damage.encounter,push-instrument,176,Victory,3,0,3,24,4,180,0,100,-1,,0,1,0,3579516739
gym-e1-damage.encounter,push-instrument,177,Victory,3,0,3,24,4,180,0,100,-1,,0,1,0,2055549265
gym-e1-damage.encounter,push-instrument,178,Victory,3,0,3,24,4,180,0,100,-1,,0,1,0,3579516739
gym-e1-damage.encounter,push-instrument,179,Victory,4,0,4,32,8,160,0,100,-1,,0,2,0,325052474
gym-e1-damage.encounter,push-instrument,180,Victory,4,0,4,32,4,160,0,100,-1,,0,2,0,3208508523
gym-e1-damage.encounter,push-instrument,181,Victory,3,0,3,24,2,180,0,100,-1,,0,1,0,3579516739
gym-e1-damage.encounter,push-instrument,182,Victory,3,0,3,24,4,200,0,100,-1,,0,1,0,4271624601
gym-e1-damage.encounter,push-instrument,183,Victory,3,0,3,24,4,180,0,100,-1,,0,1,0,3579516739
gym-e1-damage.encounter,push-instrument,184,Victory,3,0,3,24,4,180,0,100,-1,,0,1,0,3579516739
gym-e1-damage.encounter,push-instrument,185,Victory,3,0,3,24,4,200,0,100,-1,,0,1,0,4271624601
gym-e1-damage.encounter,push-instrument,186,Victory,4,0,4,32,4,120,0,125,-1,,0,3,0,773763093
gym-e1-damage.encounter,push-instrument,187,Victory,3,0,3,24,4,180,0,100,-1,,0,1,0,3579516739
gym-e1-damage.encounter,push-instrument,188,Victory,3,0,3,24,4,180,0,100,-1,,0,1,0,3579516739
gym-e1-damage.encounter,push-instrument,189,Victory,4,0,4,32,8,180,0,100,-1,,0,3,0,845425490
gym-e1-damage.encounter,push-instrument,190,Victory,3,0,3,24,4,180,0,100,-1,,0,1,0,3579516739
gym-e1-damage.encounter,push-instrument,191,Victory,4,0,4,32,4,150,0,125,-1,,0,3,0,571622830
gym-e1-damage.encounter,push-instrument,192,Victory,4,0,4,32,5,180,0,125,-1,,0,3,0,3430589839
gym-e1-damage.encounter,push-instrument,193,Victory,3,0,3,24,4,180,0,100,-1,,0,1,0,3579516739
gym-e1-damage.encounter,push-instrument,194,Victory,5,0,5,40,10,70,0,140,-1,,0,5,0,2000426275
gym-e1-damage.encounter,push-instrument,195,Victory,3,0,3,24,4,210,0,100,-1,,0,1,0,1901689031
gym-e1-damage.encounter,push-instrument,196,Victory,5,0,5,40,12,160,0,80,-1,,0,4,0,2384863064
gym-e1-damage.encounter,push-instrument,197,Victory,4,0,4,32,4,160,0,100,-1,,0,2,0,333517822
gym-e1-damage.encounter,push-instrument,198,Victory,4,0,4,32,12,100,0,125,-1,,0,3,0,3177271550
gym-e1-damage.encounter,push-instrument,199,Victory,4,0,4,32,4,160,0,125,-1,,0,3,0,649310732
gym-e1-damage.encounter,push-instrument,200,Victory,3,0,3,24,4,220,0,66,-1,,0,1,0,3886345835
gym-e1-damage.encounter,slow-instrument,1,Victory,4,0,4,32,8,160,0,100,-1,,0,2,0,611689992
gym-e1-damage.encounter,slow-instrument,2,Victory,3,0,3,24,4,180,0,100,-1,,0,1,0,3579516739
gym-e1-damage.encounter,slow-instrument,3,Victory,4,0,4,32,4,120,0,125,-1,,0,3,0,2443406261
gym-e1-damage.encounter,slow-instrument,4,Victory,7,0,7,56,14,40,0,142,-1,,0,9,0,387437720
gym-e1-damage.encounter,slow-instrument,5,Victory,4,0,4,32,8,140,0,100,-1,,0,2,0,3932843440
gym-e1-damage.encounter,slow-instrument,6,Victory,4,0,4,32,4,220,0,50,-1,,0,1,0,3288524500
gym-e1-damage.encounter,slow-instrument,7,Victory,4,0,4,32,12,100,0,125,-1,,0,3,0,3177271550
gym-e1-damage.encounter,slow-instrument,8,Victory,3,0,3,24,4,180,0,100,-1,,0,1,0,3579516739
gym-e1-damage.encounter,slow-instrument,9,Victory,5,0,5,40,8,150,0,100,-1,,0,3,0,3264376643
gym-e1-damage.encounter,slow-instrument,10,Victory,4,0,4,32,4,120,0,125,-1,,0,3,0,417994418
gym-e1-damage.encounter,slow-instrument,11,Victory,3,0,3,24,4,180,0,100,-1,,0,1,0,3579516739
gym-e1-damage.encounter,slow-instrument,12,Victory,3,0,3,24,4,180,0,100,-1,,0,1,0,3579516739
gym-e1-damage.encounter,slow-instrument,13,Victory,4,0,4,32,4,160,0,100,-1,,0,2,0,2518919022
gym-e1-damage.encounter,slow-instrument,14,Victory,4,0,4,32,4,150,0,125,-1,,0,3,0,4022365977
gym-e1-damage.encounter,slow-instrument,15,Victory,3,0,3,24,4,180,0,100,-1,,0,1,0,3579516739
gym-e1-damage.encounter,slow-instrument,16,Victory,4,0,4,32,8,140,0,125,-1,,0,3,0,2976856548
gym-e1-damage.encounter,slow-instrument,17,Victory,3,0,3,24,2,180,0,100,-1,,0,1,0,3579516739
gym-e1-damage.encounter,slow-instrument,18,Victory,3,0,3,24,4,180,0,100,-1,,0,1,0,3579516739
gym-e1-damage.encounter,slow-instrument,19,Victory,3,0,3,24,4,180,0,100,-1,,0,1,0,3579516739
gym-e1-damage.encounter,slow-instrument,20,Victory,3,0,3,24,4,240,0,66,-1,,0,0,0,2648564897
gym-e1-damage.encounter,slow-instrument,21,Victory,4,0,4,32,10,130,0,125,-1,,0,3,0,3690742552
gym-e1-damage.encounter,slow-instrument,22,Victory,4,0,4,32,5,140,0,125,-1,,0,3,0,1979696242
gym-e1-damage.encounter,slow-instrument,23,Victory,3,0,3,24,4,180,0,100,-1,,0,1,0,3579516739
gym-e1-damage.encounter,slow-instrument,24,Victory,3,0,3,24,4,200,0,100,-1,,0,1,0,358428653
gym-e1-damage.encounter,slow-instrument,25,Victory,3,0,3,24,4,180,0,100,-1,,0,1,0,3579516739
gym-e1-damage.encounter,slow-instrument,26,Victory,3,0,3,24,4,180,0,100,-1,,0,1,0,1989482145
gym-e1-damage.encounter,slow-instrument,27,Victory,3,0,3,24,4,180,0,100,-1,,0,1,0,1989482145
gym-e1-damage.encounter,slow-instrument,28,Victory,5,0,5,40,8,60,0,140,-1,,0,5,0,4107423709
gym-e1-damage.encounter,slow-instrument,29,Victory,4,0,4,32,4,140,0,100,-1,,0,2,0,1632990816
gym-e1-damage.encounter,slow-instrument,30,Victory,4,0,4,32,7,180,0,100,-1,,0,2,0,1905065678
gym-e1-damage.encounter,slow-instrument,31,Victory,5,0,5,40,8,160,0,80,-1,,0,4,0,3224896432
gym-e1-damage.encounter,slow-instrument,32,Victory,7,0,7,56,17,50,0,114,-1,,0,6,0,2641085249
gym-e1-damage.encounter,slow-instrument,33,Victory,3,0,3,24,4,180,0,100,-1,,0,1,0,1989482145
gym-e1-damage.encounter,slow-instrument,34,Victory,4,0,4,32,4,120,0,125,-1,,0,3,0,773763093
gym-e1-damage.encounter,slow-instrument,35,Victory,3,0,3,24,4,200,0,100,-1,,0,1,0,358428653
gym-e1-damage.encounter,slow-instrument,36,Victory,3,0,3,24,4,180,0,100,-1,,0,1,0,3579516739
gym-e1-damage.encounter,slow-instrument,37,Victory,3,0,3,24,4,180,0,100,-1,,0,1,0,3579516739
gym-e1-damage.encounter,slow-instrument,38,Victory,4,0,4,32,1,180,0,125,-1,,0,3,0,1365610584
gym-e1-damage.encounter,slow-instrument,39,Victory,4,0,4,32,4,160,0,100,-1,,0,2,0,722109310
gym-e1-damage.encounter,slow-instrument,40,Victory,3,0,3,24,2,180,0,100,-1,,0,1,0,3579516739
gym-e1-damage.encounter,slow-instrument,41,Victory,4,0,4,32,4,140,0,100,-1,,0,2,0,3471604850
gym-e1-damage.encounter,slow-instrument,42,Victory,3,0,3,24,4,180,0,100,-1,,0,1,0,3579516739
gym-e1-damage.encounter,slow-instrument,43,Victory,4,0,4,32,2,140,0,100,-1,,0,2,0,3932843440
gym-e1-damage.encounter,slow-instrument,44,Victory,5,0,5,40,8,140,0,140,-1,,0,5,0,803778960
gym-e1-damage.encounter,slow-instrument,45,Victory,5,0,5,40,12,80,0,140,-1,,0,5,0,1511474578
gym-e1-damage.encounter,slow-instrument,46,Victory,4,0,4,32,4,160,0,100,-1,,0,3,0,2938246798
gym-e1-damage.encounter,slow-instrument,47,Victory,3,0,3,24,4,180,0,100,-1,,0,1,0,3579516739
gym-e1-damage.encounter,slow-instrument,48,Victory,3,0,3,24,4,180,0,100,-1,,0,1,0,3579516739
gym-e1-damage.encounter,slow-instrument,49,Victory,4,0,4,32,8,140,0,125,-1,,0,3,0,2664682064
gym-e1-damage.encounter,slow-instrument,50,Victory,4,0,4,32,4,160,0,100,-1,,0,2,0,1172657406
gym-e1-damage.encounter,slow-instrument,51,Victory,4,0,4,32,8,140,0,125,-1,,0,3,0,690294854
gym-e1-damage.encounter,slow-instrument,52,Victory,4,0,4,32,4,140,0,100,-1,,0,2,0,3471604850
gym-e1-damage.encounter,slow-instrument,53,Victory,4,0,4,32,4,180,0,75,-1,,0,2,0,2399648521
gym-e1-damage.encounter,slow-instrument,54,Victory,4,0,4,32,4,160,0,100,-1,,0,2,0,3009179596
gym-e1-damage.encounter,slow-instrument,55,Victory,3,0,3,24,4,240,0,66,-1,,0,0,0,898398347
gym-e1-damage.encounter,slow-instrument,56,Victory,3,0,3,24,4,180,0,100,-1,,0,1,0,3579516739
gym-e1-damage.encounter,slow-instrument,57,Victory,3,0,3,24,4,180,0,100,-1,,0,1,0,3579516739
gym-e1-damage.encounter,slow-instrument,58,Victory,3,0,3,24,0,230,0,100,-1,,0,1,0,2955686035
gym-e1-damage.encounter,slow-instrument,59,Victory,4,0,4,32,4,120,0,125,-1,,0,3,0,773763093
gym-e1-damage.encounter,slow-instrument,60,Victory,4,0,4,32,8,140,0,125,-1,,0,3,0,806550661
gym-e1-damage.encounter,slow-instrument,61,Victory,4,0,4,32,4,170,0,100,-1,,0,2,0,3955760918
gym-e1-damage.encounter,slow-instrument,62,Victory,5,0,5,40,3,190,0,100,-1,,0,3,0,4070054453
gym-e1-damage.encounter,slow-instrument,63,Victory,5,0,5,40,4,150,0,120,-1,,0,4,0,663865265
gym-e1-damage.encounter,slow-instrument,64,Victory,3,0,3,24,4,180,0,100,-1,,0,1,0,3579516739
gym-e1-damage.encounter,slow-instrument,65,Victory,3,0,3,24,4,180,0,100,-1,,0,1,0,3579516739
gym-e1-damage.encounter,slow-instrument,66,Victory,4,0,4,32,4,140,0,100,-1,,0,2,0,3904541904
gym-e1-damage.encounter,slow-instrument,67,Victory,3,0,3,24,4,180,0,100,-1,,0,1,0,3579516739
gym-e1-damage.encounter,slow-instrument,68,Victory,7,0,7,56,20,60,0,100,-1,,0,5,0,2754701640
gym-e1-damage.encounter,slow-instrument,69,Victory,5,0,5,40,14,90,0,120,-1,,0,4,0,2986943677
gym-e1-damage.encounter,slow-instrument,70,Victory,3,0,3,24,4,180,0,100,-1,,0,1,0,3579516739
gym-e1-damage.encounter,slow-instrument,71,Victory,4,0,4,32,1,180,0,125,-1,,0,3,0,355656377
gym-e1-damage.encounter,slow-instrument,72,Victory,4,0,4,32,4,220,0,75,-1,,0,2,0,3228710176
gym-e1-damage.encounter,slow-instrument,73,Victory,3,0,3,24,4,200,0,100,-1,,0,1,0,4271624601
gym-e1-damage.encounter,slow-instrument,74,Victory,4,0,4,32,4,170,0,100,-1,,0,2,0,1634932596
gym-e1-damage.encounter,slow-instrument,75,Victory,3,0,3,24,4,180,0,100,-1,,0,1,0,3579516739
gym-e1-damage.encounter,slow-instrument,76,Victory,5,0,5,40,8,140,0,120,-1,,0,4,0,2204772212
gym-e1-damage.encounter,slow-instrument,77,Victory,3,0,3,24,4,180,0,100,-1,,0,1,0,3579516739
gym-e1-damage.encounter,slow-instrument,78,Victory,4,0,4,32,4,140,0,100,-1,,0,2,0,1632990816
gym-e1-damage.encounter,slow-instrument,79,Victory,5,0,5,40,8,60,0,140,-1,,0,5,0,3207941848
gym-e1-damage.encounter,slow-instrument,80,Victory,3,0,3,24,1,220,0,100,-1,,0,1,0,3355356777
gym-e1-damage.encounter,slow-instrument,81,Victory,4,0,4,32,4,150,0,125,-1,,0,3,0,2002676862
gym-e1-damage.encounter,slow-instrument,82,Victory,3,0,3,24,4,180,0,100,-1,,0,1,0,3579516739
gym-e1-damage.encounter,slow-instrument,83,Victory,4,0,4,32,4,160,0,100,-1,,0,2,0,886381932
gym-e1-damage.encounter,slow-instrument,84,Victory,3,0,3,24,4,180,0,100,-1,,0,1,0,3579516739
gym-e1-damage.encounter,slow-instrument,85,Victory,4,0,4,32,6,260,0,50,-1,,0,1,0,3066842922
gym-e1-damage.encounter,slow-instrument,86,Victory,4,0,4,32,4,120,0,125,-1,,0,3,0,1190210148
gym-e1-damage.encounter,slow-instrument,87,Victory,3,0,3,24,4,180,0,100,-1,,0,1,0,2055549265
gym-e1-damage.encounter,slow-instrument,88,Victory,4,0,4,32,4,120,0,125,-1,,0,3,0,2548175686
gym-e1-damage.encounter,slow-instrument,89,Victory,5,0,5,40,13,120,0,100,-1,,0,3,0,3221359709
gym-e1-damage.encounter,slow-instrument,90,Victory,3,0,3,24,4,180,0,100,-1,,0,1,0,3579516739
gym-e1-damage.encounter,slow-instrument,91,Victory,3,0,3,24,4,180,0,100,-1,,0,1,0,3579516739
gym-e1-damage.encounter,slow-instrument,92,Victory,3,0,3,24,4,180,0,100,-1,,0,1,0,3579516739
gym-e1-damage.encounter,slow-instrument,93,Victory,3,0,3,24,4,140,0,133,-1,,0,2,0,1126926809
gym-e1-damage.encounter,slow-instrument,94,Victory,3,0,3,24,4,180,0,100,-1,,0,1,0,3579516739
gym-e1-damage.encounter,slow-instrument,95,Victory,4,0,4,32,0,160,0,125,-1,,0,3,0,2671693916
gym-e1-damage.encounter,slow-instrument,96,Victory,3,0,3,24,4,180,0,100,-1,,0,1,0,3579516739
gym-e1-damage.encounter,slow-instrument,97,Victory,3,0,3,24,1,220,0,100,-1,,0,1,0,4195028171
gym-e1-damage.encounter,slow-instrument,98,Victory,4,0,4,32,4,140,0,125,-1,,0,3,0,636092918
gym-e1-damage.encounter,slow-instrument,99,Victory,3,0,3,24,4,180,0,100,-1,,0,1,0,3579516739
gym-e1-damage.encounter,slow-instrument,100,Victory,3,0,3,24,4,240,0,66,-1,,0,0,0,898398347
gym-e1-damage.encounter,slow-instrument,101,Victory,3,0,3,24,4,180,0,100,-1,,0,1,0,3579516739
gym-e1-damage.encounter,slow-instrument,102,Victory,3,0,3,24,2,180,0,100,-1,,0,1,0,2413023139
gym-e1-damage.encounter,slow-instrument,103,Victory,3,0,3,24,4,180,0,100,-1,,0,1,0,3579516739
gym-e1-damage.encounter,slow-instrument,104,Victory,3,0,3,24,4,180,0,100,-1,,0,1,0,1989482145
gym-e1-damage.encounter,slow-instrument,105,Victory,3,0,3,24,4,180,0,100,-1,,0,1,0,3579516739
gym-e1-damage.encounter,slow-instrument,106,Victory,4,0,4,32,7,180,0,75,-1,,0,3,0,3244411599
gym-e1-damage.encounter,slow-instrument,107,Victory,4,0,4,32,4,160,0,100,-1,,0,2,0,333517822
gym-e1-damage.encounter,slow-instrument,108,Victory,3,0,3,24,4,180,0,100,-1,,0,1,0,3579516739
gym-e1-damage.encounter,slow-instrument,109,Victory,4,0,4,32,6,160,0,100,-1,,0,2,0,2387974954
gym-e1-damage.encounter,slow-instrument,110,Victory,3,0,3,24,4,180,0,100,-1,,0,1,0,3579516739
gym-e1-damage.encounter,slow-instrument,111,Victory,4,0,4,32,4,120,0,125,-1,,0,3,0,34633540
gym-e1-damage.encounter,slow-instrument,112,Victory,3,0,3,24,4,180,0,100,-1,,0,1,0,3579516739
gym-e1-damage.encounter,slow-instrument,113,Victory,5,0,5,40,12,80,0,140,-1,,0,5,0,1552112546
gym-e1-damage.encounter,slow-instrument,114,Victory,4,0,4,32,4,170,0,125,-1,,0,3,0,2418877558
gym-e1-damage.encounter,slow-instrument,115,Victory,3,0,3,24,4,240,0,66,-1,,0,0,0,898398347
gym-e1-damage.encounter,slow-instrument,116,Victory,3,0,3,24,4,210,0,100,-1,,0,1,0,1901689031
gym-e1-damage.encounter,slow-instrument,117,Victory,3,0,3,24,4,180,0,100,-1,,0,1,0,3579516739
gym-e1-damage.encounter,slow-instrument,118,Victory,4,0,4,32,4,190,0,100,-1,,0,2,0,3536788946
gym-e1-damage.encounter,slow-instrument,119,Victory,3,0,3,24,4,180,0,100,-1,,0,1,0,3579516739
gym-e1-damage.encounter,slow-instrument,120,Victory,3,0,3,24,4,180,0,100,-1,,0,1,0,3579516739
gym-e1-damage.encounter,slow-instrument,121,Victory,4,0,4,32,10,130,0,125,-1,,0,3,0,3690742552
gym-e1-damage.encounter,slow-instrument,122,Victory,3,0,3,24,4,180,0,100,-1,,0,1,0,3579516739
gym-e1-damage.encounter,slow-instrument,123,Victory,3,0,3,24,4,180,0,100,-1,,0,1,0,3579516739
gym-e1-damage.encounter,slow-instrument,124,Victory,4,0,4,32,5,80,0,150,-1,,0,4,0,3600220825
gym-e1-damage.encounter,slow-instrument,125,Victory,3,0,3,24,4,200,0,100,-1,,0,1,0,738331837
gym-e1-damage.encounter,slow-instrument,126,Victory,3,0,3,24,4,180,0,100,-1,,0,1,0,3579516739
gym-e1-damage.encounter,slow-instrument,127,Victory,3,0,3,24,4,180,0,100,-1,,0,1,0,1989482145
gym-e1-damage.encounter,slow-instrument,128,Victory,3,0,3,24,4,180,0,100,-1,,0,1,0,3579516739
gym-e1-damage.encounter,slow-instrument,129,Victory,3,0,3,24,4,180,0,100,-1,,0,1,0,3579516739
gym-e1-damage.encounter,slow-instrument,130,Victory,3,0,3,24,4,180,0,100,-1,,0,1,0,3579516739
gym-e1-damage.encounter,slow-instrument,131,Victory,3,0,3,24,4,180,0,100,-1,,0,1,0,3579516739
gym-e1-damage.encounter,slow-instrument,132,Victory,3,0,3,24,4,180,0,100,-1,,0,1,0,3579516739
gym-e1-damage.encounter,slow-instrument,133,Victory,5,0,5,40,10,150,0,100,-1,,0,3,0,1965505153
gym-e1-damage.encounter,slow-instrument,134,Victory,3,0,3,24,4,220,0,66,-1,,0,1,0,2423121641
gym-e1-damage.encounter,slow-instrument,135,Victory,3,0,3,24,4,180,0,100,-1,,0,1,0,3579516739
gym-e1-damage.encounter,slow-instrument,136,Victory,4,0,4,32,12,100,0,125,-1,,0,3,0,3177271550
gym-e1-damage.encounter,slow-instrument,137,Victory,5,0,5,40,6,100,0,120,-1,,0,4,0,2333633863
gym-e1-damage.encounter,slow-instrument,138,Victory,3,0,3,24,4,180,0,100,-1,,0,1,0,3579516739
gym-e1-damage.encounter,slow-instrument,139,Victory,3,0,3,24,4,180,0,100,-1,,0,1,0,3579516739
gym-e1-damage.encounter,slow-instrument,140,Victory,4,0,4,32,4,140,0,125,-1,,0,3,0,1198802878
gym-e1-damage.encounter,slow-instrument,141,Victory,4,0,4,32,5,160,0,100,-1,,0,2,0,3441796092
gym-e1-damage.encounter,slow-instrument,142,Victory,4,0,4,32,5,200,0,100,-1,,0,2,0,2689165296
gym-e1-damage.encounter,slow-instrument,143,Victory,3,0,3,24,1,220,0,100,-1,,0,1,0,4195028171
gym-e1-damage.encounter,slow-instrument,144,Victory,3,0,3,24,4,180,0,100,-1,,0,1,0,3579516739
gym-e1-damage.encounter,slow-instrument,145,Victory,3,0,3,24,4,180,0,100,-1,,0,1,0,3579516739
gym-e1-damage.encounter,slow-instrument,146,Victory,4,0,4,32,8,160,0,100,-1,,0,2,0,2387974954
gym-e1-damage.encounter,slow-instrument,147,Victory,3,0,3,24,4,210,0,100,-1,,0,1,0,1901689031
gym-e1-damage.encounter,slow-instrument,148,Victory,4,0,4,32,8,140,0,100,-1,,0,3,0,1695545665
gym-e1-damage.encounter,slow-instrument,149,Victory,4,0,4,32,4,240,0,50,-1,,0,1,0,2958395953
gym-e1-damage.encounter,slow-instrument,150,Victory,3,0,3,24,4,180,0,100,-1,,0,1,0,3579516739
gym-e1-damage.encounter,slow-instrument,151,Victory,3,0,3,24,4,180,0,100,-1,,0,1,0,3579516739
gym-e1-damage.encounter,slow-instrument,152,Victory,4,0,4,32,4,160,0,100,-1,,0,2,0,2056430476
gym-e1-damage.encounter,slow-instrument,153,Victory,3,0,3,24,4,180,0,100,-1,,0,1,0,3579516739
gym-e1-damage.encounter,slow-instrument,154,Victory,3,0,3,24,4,180,0,100,-1,,0,1,0,3579516739
gym-e1-damage.encounter,slow-instrument,155,Victory,3,0,3,24,4,180,0,100,-1,,0,1,0,2413023139
gym-e1-damage.encounter,slow-instrument,156,Victory,3,0,3,24,4,210,0,100,-1,,0,1,0,1901689031
gym-e1-damage.encounter,slow-instrument,157,Victory,5,0,5,40,16,80,0,120,-1,,0,4,0,147866641
gym-e1-damage.encounter,slow-instrument,158,Victory,3,0,3,24,4,180,0,100,-1,,0,1,0,3579516739
gym-e1-damage.encounter,slow-instrument,159,Victory,3,0,3,24,4,180,0,100,-1,,0,1,0,3579516739
gym-e1-damage.encounter,slow-instrument,160,Victory,4,0,4,32,4,120,0,125,-1,,0,3,0,773763093
gym-e1-damage.encounter,slow-instrument,161,Victory,4,0,4,32,8,100,0,125,-1,,0,3,0,1871719610
gym-e1-damage.encounter,slow-instrument,162,Victory,4,0,4,32,6,190,0,100,-1,,0,2,0,2685637908
gym-e1-damage.encounter,slow-instrument,163,Victory,3,0,3,24,4,180,0,100,-1,,0,1,0,3579516739
gym-e1-damage.encounter,slow-instrument,164,Victory,4,0,4,32,4,140,0,100,-1,,0,2,0,3932843440
gym-e1-damage.encounter,slow-instrument,165,Victory,3,0,3,24,4,180,0,100,-1,,0,1,0,3579516739
gym-e1-damage.encounter,slow-instrument,166,Victory,5,0,5,40,5,100,0,120,-1,,0,4,0,3653827157
gym-e1-damage.encounter,slow-instrument,167,Victory,4,0,4,32,10,140,0,100,-1,,0,2,0,578624500
gym-e1-damage.encounter,slow-instrument,168,Victory,4,0,4,32,5,160,0,100,-1,,0,2,0,3441796092
gym-e1-damage.encounter,slow-instrument,169,Victory,3,0,3,24,4,200,0,100,-1,,0,1,0,2282325449
gym-e1-damage.encounter,slow-instrument,170,Victory,4,0,4,32,7,180,0,75,-1,,0,3,0,2550992779
gym-e1-damage.encounter,slow-instrument,171,Victory,3,0,3,24,4,180,0,100,-1,,0,1,0,3579516739
gym-e1-damage.encounter,slow-instrument,172,Victory,3,0,3,24,1,220,0,100,-1,,0,1,0,3355356777
gym-e1-damage.encounter,slow-instrument,173,Victory,4,0,4,32,4,140,0,100,-1,,0,2,0,3932843440
gym-e1-damage.encounter,slow-instrument,174,Victory,3,0,3,24,4,200,0,100,-1,,0,1,0,4271624601
gym-e1-damage.encounter,slow-instrument,175,Victory,5,0,5,40,8,120,0,120,-1,,0,5,0,3803878308
gym-e1-damage.encounter,slow-instrument,176,Victory,3,0,3,24,4,180,0,100,-1,,0,1,0,3579516739
gym-e1-damage.encounter,slow-instrument,177,Victory,3,0,3,24,4,180,0,100,-1,,0,1,0,2055549265
gym-e1-damage.encounter,slow-instrument,178,Victory,3,0,3,24,4,180,0,100,-1,,0,1,0,3579516739
gym-e1-damage.encounter,slow-instrument,179,Victory,4,0,4,32,8,160,0,100,-1,,0,2,0,325052474
gym-e1-damage.encounter,slow-instrument,180,Victory,4,0,4,32,4,160,0,100,-1,,0,2,0,3208508523
gym-e1-damage.encounter,slow-instrument,181,Victory,3,0,3,24,2,180,0,100,-1,,0,1,0,3579516739
gym-e1-damage.encounter,slow-instrument,182,Victory,3,0,3,24,4,200,0,100,-1,,0,1,0,4271624601
gym-e1-damage.encounter,slow-instrument,183,Victory,3,0,3,24,4,180,0,100,-1,,0,1,0,3579516739
gym-e1-damage.encounter,slow-instrument,184,Victory,3,0,3,24,4,180,0,100,-1,,0,1,0,3579516739
gym-e1-damage.encounter,slow-instrument,185,Victory,3,0,3,24,4,200,0,100,-1,,0,1,0,4271624601
gym-e1-damage.encounter,slow-instrument,186,Victory,4,0,4,32,4,120,0,125,-1,,0,3,0,773763093
gym-e1-damage.encounter,slow-instrument,187,Victory,3,0,3,24,4,180,0,100,-1,,0,1,0,3579516739
gym-e1-damage.encounter,slow-instrument,188,Victory,3,0,3,24,4,180,0,100,-1,,0,1,0,3579516739
gym-e1-damage.encounter,slow-instrument,189,Victory,4,0,4,32,8,180,0,100,-1,,0,3,0,845425490
gym-e1-damage.encounter,slow-instrument,190,Victory,3,0,3,24,4,180,0,100,-1,,0,1,0,3579516739
gym-e1-damage.encounter,slow-instrument,191,Victory,4,0,4,32,4,150,0,125,-1,,0,3,0,571622830
gym-e1-damage.encounter,slow-instrument,192,Victory,4,0,4,32,5,180,0,125,-1,,0,3,0,3430589839
gym-e1-damage.encounter,slow-instrument,193,Victory,3,0,3,24,4,180,0,100,-1,,0,1,0,3579516739
gym-e1-damage.encounter,slow-instrument,194,Victory,5,0,5,40,10,70,0,140,-1,,0,5,0,2000426275
gym-e1-damage.encounter,slow-instrument,195,Victory,3,0,3,24,4,210,0,100,-1,,0,1,0,1901689031
gym-e1-damage.encounter,slow-instrument,196,Victory,5,0,5,40,12,160,0,80,-1,,0,4,0,2384863064
gym-e1-damage.encounter,slow-instrument,197,Victory,4,0,4,32,4,160,0,100,-1,,0,2,0,333517822
gym-e1-damage.encounter,slow-instrument,198,Victory,4,0,4,32,12,100,0,125,-1,,0,3,0,3177271550
gym-e1-damage.encounter,slow-instrument,199,Victory,4,0,4,32,4,160,0,125,-1,,0,3,0,649310732
gym-e1-damage.encounter,slow-instrument,200,Victory,3,0,3,24,4,220,0,66,-1,,0,1,0,3886345835
gym-e1-damage.encounter,taunt-instrument,1,Victory,4,0,4,32,8,160,0,100,-1,,0,2,0,611689992
gym-e1-damage.encounter,taunt-instrument,2,Victory,3,0,3,24,4,180,0,100,-1,,0,1,0,3579516739
gym-e1-damage.encounter,taunt-instrument,3,Victory,4,0,4,32,4,120,0,125,-1,,0,3,0,2443406261
gym-e1-damage.encounter,taunt-instrument,4,Victory,7,0,7,56,14,40,0,142,-1,,0,9,0,387437720
gym-e1-damage.encounter,taunt-instrument,5,Victory,4,0,4,32,8,140,0,100,-1,,0,2,0,3932843440
gym-e1-damage.encounter,taunt-instrument,6,Victory,4,0,4,32,4,220,0,50,-1,,0,1,0,3288524500
gym-e1-damage.encounter,taunt-instrument,7,Victory,4,0,4,32,12,100,0,125,-1,,0,3,0,3177271550
gym-e1-damage.encounter,taunt-instrument,8,Victory,3,0,3,24,4,180,0,100,-1,,0,1,0,3579516739
gym-e1-damage.encounter,taunt-instrument,9,Victory,5,0,5,40,8,150,0,100,-1,,0,3,0,3264376643
gym-e1-damage.encounter,taunt-instrument,10,Victory,4,0,4,32,4,120,0,125,-1,,0,3,0,417994418
gym-e1-damage.encounter,taunt-instrument,11,Victory,3,0,3,24,4,180,0,100,-1,,0,1,0,3579516739
gym-e1-damage.encounter,taunt-instrument,12,Victory,3,0,3,24,4,180,0,100,-1,,0,1,0,3579516739
gym-e1-damage.encounter,taunt-instrument,13,Victory,4,0,4,32,4,160,0,100,-1,,0,2,0,2518919022
gym-e1-damage.encounter,taunt-instrument,14,Victory,4,0,4,32,4,150,0,125,-1,,0,3,0,4022365977
gym-e1-damage.encounter,taunt-instrument,15,Victory,3,0,3,24,4,180,0,100,-1,,0,1,0,3579516739
gym-e1-damage.encounter,taunt-instrument,16,Victory,4,0,4,32,8,140,0,125,-1,,0,3,0,2976856548
gym-e1-damage.encounter,taunt-instrument,17,Victory,3,0,3,24,2,180,0,100,-1,,0,1,0,3579516739
gym-e1-damage.encounter,taunt-instrument,18,Victory,3,0,3,24,4,180,0,100,-1,,0,1,0,3579516739
gym-e1-damage.encounter,taunt-instrument,19,Victory,3,0,3,24,4,180,0,100,-1,,0,1,0,3579516739
gym-e1-damage.encounter,taunt-instrument,20,Victory,3,0,3,24,4,240,0,66,-1,,0,0,0,2648564897
gym-e1-damage.encounter,taunt-instrument,21,Victory,4,0,4,32,10,130,0,125,-1,,0,3,0,3690742552
gym-e1-damage.encounter,taunt-instrument,22,Victory,4,0,4,32,5,140,0,125,-1,,0,3,0,1979696242
gym-e1-damage.encounter,taunt-instrument,23,Victory,3,0,3,24,4,180,0,100,-1,,0,1,0,3579516739
gym-e1-damage.encounter,taunt-instrument,24,Victory,3,0,3,24,4,200,0,100,-1,,0,1,0,358428653
gym-e1-damage.encounter,taunt-instrument,25,Victory,3,0,3,24,4,180,0,100,-1,,0,1,0,3579516739
gym-e1-damage.encounter,taunt-instrument,26,Victory,3,0,3,24,4,180,0,100,-1,,0,1,0,1989482145
gym-e1-damage.encounter,taunt-instrument,27,Victory,3,0,3,24,4,180,0,100,-1,,0,1,0,1989482145
gym-e1-damage.encounter,taunt-instrument,28,Victory,5,0,5,40,8,60,0,140,-1,,0,5,0,4107423709
gym-e1-damage.encounter,taunt-instrument,29,Victory,4,0,4,32,4,140,0,100,-1,,0,2,0,1632990816
gym-e1-damage.encounter,taunt-instrument,30,Victory,4,0,4,32,7,180,0,100,-1,,0,2,0,1905065678
gym-e1-damage.encounter,taunt-instrument,31,Victory,5,0,5,40,8,160,0,80,-1,,0,4,0,3224896432
gym-e1-damage.encounter,taunt-instrument,32,Victory,7,0,7,56,17,50,0,114,-1,,0,6,0,2641085249
gym-e1-damage.encounter,taunt-instrument,33,Victory,3,0,3,24,4,180,0,100,-1,,0,1,0,1989482145
gym-e1-damage.encounter,taunt-instrument,34,Victory,4,0,4,32,4,120,0,125,-1,,0,3,0,773763093
gym-e1-damage.encounter,taunt-instrument,35,Victory,3,0,3,24,4,200,0,100,-1,,0,1,0,358428653
gym-e1-damage.encounter,taunt-instrument,36,Victory,3,0,3,24,4,180,0,100,-1,,0,1,0,3579516739
gym-e1-damage.encounter,taunt-instrument,37,Victory,3,0,3,24,4,180,0,100,-1,,0,1,0,3579516739
gym-e1-damage.encounter,taunt-instrument,38,Victory,4,0,4,32,1,180,0,125,-1,,0,3,0,1365610584
gym-e1-damage.encounter,taunt-instrument,39,Victory,4,0,4,32,4,160,0,100,-1,,0,2,0,722109310
gym-e1-damage.encounter,taunt-instrument,40,Victory,3,0,3,24,2,180,0,100,-1,,0,1,0,3579516739
gym-e1-damage.encounter,taunt-instrument,41,Victory,4,0,4,32,4,140,0,100,-1,,0,2,0,3471604850
gym-e1-damage.encounter,taunt-instrument,42,Victory,3,0,3,24,4,180,0,100,-1,,0,1,0,3579516739
gym-e1-damage.encounter,taunt-instrument,43,Victory,4,0,4,32,2,140,0,100,-1,,0,2,0,3932843440
gym-e1-damage.encounter,taunt-instrument,44,Victory,5,0,5,40,8,140,0,140,-1,,0,5,0,803778960
gym-e1-damage.encounter,taunt-instrument,45,Victory,5,0,5,40,12,80,0,140,-1,,0,5,0,1511474578
gym-e1-damage.encounter,taunt-instrument,46,Victory,4,0,4,32,4,160,0,100,-1,,0,3,0,2938246798
gym-e1-damage.encounter,taunt-instrument,47,Victory,3,0,3,24,4,180,0,100,-1,,0,1,0,3579516739
gym-e1-damage.encounter,taunt-instrument,48,Victory,3,0,3,24,4,180,0,100,-1,,0,1,0,3579516739
gym-e1-damage.encounter,taunt-instrument,49,Victory,4,0,4,32,8,140,0,125,-1,,0,3,0,2664682064
gym-e1-damage.encounter,taunt-instrument,50,Victory,4,0,4,32,4,160,0,100,-1,,0,2,0,1172657406
gym-e1-damage.encounter,taunt-instrument,51,Victory,4,0,4,32,8,140,0,125,-1,,0,3,0,690294854
gym-e1-damage.encounter,taunt-instrument,52,Victory,4,0,4,32,4,140,0,100,-1,,0,2,0,3471604850
gym-e1-damage.encounter,taunt-instrument,53,Victory,4,0,4,32,4,180,0,75,-1,,0,2,0,2399648521
gym-e1-damage.encounter,taunt-instrument,54,Victory,4,0,4,32,4,160,0,100,-1,,0,2,0,3009179596
gym-e1-damage.encounter,taunt-instrument,55,Victory,3,0,3,24,4,240,0,66,-1,,0,0,0,898398347
gym-e1-damage.encounter,taunt-instrument,56,Victory,3,0,3,24,4,180,0,100,-1,,0,1,0,3579516739
gym-e1-damage.encounter,taunt-instrument,57,Victory,3,0,3,24,4,180,0,100,-1,,0,1,0,3579516739
gym-e1-damage.encounter,taunt-instrument,58,Victory,3,0,3,24,0,230,0,100,-1,,0,1,0,2955686035
gym-e1-damage.encounter,taunt-instrument,59,Victory,4,0,4,32,4,120,0,125,-1,,0,3,0,773763093
gym-e1-damage.encounter,taunt-instrument,60,Victory,4,0,4,32,8,140,0,125,-1,,0,3,0,806550661
gym-e1-damage.encounter,taunt-instrument,61,Victory,4,0,4,32,4,170,0,100,-1,,0,2,0,3955760918
gym-e1-damage.encounter,taunt-instrument,62,Victory,5,0,5,40,3,190,0,100,-1,,0,3,0,4070054453
gym-e1-damage.encounter,taunt-instrument,63,Victory,5,0,5,40,4,150,0,120,-1,,0,4,0,663865265
gym-e1-damage.encounter,taunt-instrument,64,Victory,3,0,3,24,4,180,0,100,-1,,0,1,0,3579516739
gym-e1-damage.encounter,taunt-instrument,65,Victory,3,0,3,24,4,180,0,100,-1,,0,1,0,3579516739
gym-e1-damage.encounter,taunt-instrument,66,Victory,4,0,4,32,4,140,0,100,-1,,0,2,0,3904541904
gym-e1-damage.encounter,taunt-instrument,67,Victory,3,0,3,24,4,180,0,100,-1,,0,1,0,3579516739
gym-e1-damage.encounter,taunt-instrument,68,Victory,7,0,7,56,20,60,0,100,-1,,0,5,0,2754701640
gym-e1-damage.encounter,taunt-instrument,69,Victory,5,0,5,40,14,90,0,120,-1,,0,4,0,2986943677
gym-e1-damage.encounter,taunt-instrument,70,Victory,3,0,3,24,4,180,0,100,-1,,0,1,0,3579516739
gym-e1-damage.encounter,taunt-instrument,71,Victory,4,0,4,32,1,180,0,125,-1,,0,3,0,355656377
gym-e1-damage.encounter,taunt-instrument,72,Victory,4,0,4,32,4,220,0,75,-1,,0,2,0,3228710176
gym-e1-damage.encounter,taunt-instrument,73,Victory,3,0,3,24,4,200,0,100,-1,,0,1,0,4271624601
gym-e1-damage.encounter,taunt-instrument,74,Victory,4,0,4,32,4,170,0,100,-1,,0,2,0,1634932596
gym-e1-damage.encounter,taunt-instrument,75,Victory,3,0,3,24,4,180,0,100,-1,,0,1,0,3579516739
gym-e1-damage.encounter,taunt-instrument,76,Victory,5,0,5,40,8,140,0,120,-1,,0,4,0,2204772212
gym-e1-damage.encounter,taunt-instrument,77,Victory,3,0,3,24,4,180,0,100,-1,,0,1,0,3579516739
gym-e1-damage.encounter,taunt-instrument,78,Victory,4,0,4,32,4,140,0,100,-1,,0,2,0,1632990816
gym-e1-damage.encounter,taunt-instrument,79,Victory,5,0,5,40,8,60,0,140,-1,,0,5,0,3207941848
gym-e1-damage.encounter,taunt-instrument,80,Victory,3,0,3,24,1,220,0,100,-1,,0,1,0,3355356777
gym-e1-damage.encounter,taunt-instrument,81,Victory,4,0,4,32,4,150,0,125,-1,,0,3,0,2002676862
gym-e1-damage.encounter,taunt-instrument,82,Victory,3,0,3,24,4,180,0,100,-1,,0,1,0,3579516739
gym-e1-damage.encounter,taunt-instrument,83,Victory,4,0,4,32,4,160,0,100,-1,,0,2,0,886381932
gym-e1-damage.encounter,taunt-instrument,84,Victory,3,0,3,24,4,180,0,100,-1,,0,1,0,3579516739
gym-e1-damage.encounter,taunt-instrument,85,Victory,4,0,4,32,6,260,0,50,-1,,0,1,0,3066842922
gym-e1-damage.encounter,taunt-instrument,86,Victory,4,0,4,32,4,120,0,125,-1,,0,3,0,1190210148
gym-e1-damage.encounter,taunt-instrument,87,Victory,3,0,3,24,4,180,0,100,-1,,0,1,0,2055549265
gym-e1-damage.encounter,taunt-instrument,88,Victory,4,0,4,32,4,120,0,125,-1,,0,3,0,2548175686
gym-e1-damage.encounter,taunt-instrument,89,Victory,5,0,5,40,13,120,0,100,-1,,0,3,0,3221359709
gym-e1-damage.encounter,taunt-instrument,90,Victory,3,0,3,24,4,180,0,100,-1,,0,1,0,3579516739
gym-e1-damage.encounter,taunt-instrument,91,Victory,3,0,3,24,4,180,0,100,-1,,0,1,0,3579516739
gym-e1-damage.encounter,taunt-instrument,92,Victory,3,0,3,24,4,180,0,100,-1,,0,1,0,3579516739
gym-e1-damage.encounter,taunt-instrument,93,Victory,3,0,3,24,4,140,0,133,-1,,0,2,0,1126926809
gym-e1-damage.encounter,taunt-instrument,94,Victory,3,0,3,24,4,180,0,100,-1,,0,1,0,3579516739
gym-e1-damage.encounter,taunt-instrument,95,Victory,4,0,4,32,0,160,0,125,-1,,0,3,0,2671693916
gym-e1-damage.encounter,taunt-instrument,96,Victory,3,0,3,24,4,180,0,100,-1,,0,1,0,3579516739
gym-e1-damage.encounter,taunt-instrument,97,Victory,3,0,3,24,1,220,0,100,-1,,0,1,0,4195028171
gym-e1-damage.encounter,taunt-instrument,98,Victory,4,0,4,32,4,140,0,125,-1,,0,3,0,636092918
gym-e1-damage.encounter,taunt-instrument,99,Victory,3,0,3,24,4,180,0,100,-1,,0,1,0,3579516739
gym-e1-damage.encounter,taunt-instrument,100,Victory,3,0,3,24,4,240,0,66,-1,,0,0,0,898398347
gym-e1-damage.encounter,taunt-instrument,101,Victory,3,0,3,24,4,180,0,100,-1,,0,1,0,3579516739
gym-e1-damage.encounter,taunt-instrument,102,Victory,3,0,3,24,2,180,0,100,-1,,0,1,0,2413023139
gym-e1-damage.encounter,taunt-instrument,103,Victory,3,0,3,24,4,180,0,100,-1,,0,1,0,3579516739
gym-e1-damage.encounter,taunt-instrument,104,Victory,3,0,3,24,4,180,0,100,-1,,0,1,0,1989482145
gym-e1-damage.encounter,taunt-instrument,105,Victory,3,0,3,24,4,180,0,100,-1,,0,1,0,3579516739
gym-e1-damage.encounter,taunt-instrument,106,Victory,4,0,4,32,7,180,0,75,-1,,0,3,0,3244411599
gym-e1-damage.encounter,taunt-instrument,107,Victory,4,0,4,32,4,160,0,100,-1,,0,2,0,333517822
gym-e1-damage.encounter,taunt-instrument,108,Victory,3,0,3,24,4,180,0,100,-1,,0,1,0,3579516739
gym-e1-damage.encounter,taunt-instrument,109,Victory,4,0,4,32,6,160,0,100,-1,,0,2,0,2387974954
gym-e1-damage.encounter,taunt-instrument,110,Victory,3,0,3,24,4,180,0,100,-1,,0,1,0,3579516739
gym-e1-damage.encounter,taunt-instrument,111,Victory,4,0,4,32,4,120,0,125,-1,,0,3,0,34633540
gym-e1-damage.encounter,taunt-instrument,112,Victory,3,0,3,24,4,180,0,100,-1,,0,1,0,3579516739
gym-e1-damage.encounter,taunt-instrument,113,Victory,5,0,5,40,12,80,0,140,-1,,0,5,0,1552112546
gym-e1-damage.encounter,taunt-instrument,114,Victory,4,0,4,32,4,170,0,125,-1,,0,3,0,2418877558
gym-e1-damage.encounter,taunt-instrument,115,Victory,3,0,3,24,4,240,0,66,-1,,0,0,0,898398347
gym-e1-damage.encounter,taunt-instrument,116,Victory,3,0,3,24,4,210,0,100,-1,,0,1,0,1901689031
gym-e1-damage.encounter,taunt-instrument,117,Victory,3,0,3,24,4,180,0,100,-1,,0,1,0,3579516739
gym-e1-damage.encounter,taunt-instrument,118,Victory,4,0,4,32,4,190,0,100,-1,,0,2,0,3536788946
gym-e1-damage.encounter,taunt-instrument,119,Victory,3,0,3,24,4,180,0,100,-1,,0,1,0,3579516739
gym-e1-damage.encounter,taunt-instrument,120,Victory,3,0,3,24,4,180,0,100,-1,,0,1,0,3579516739
gym-e1-damage.encounter,taunt-instrument,121,Victory,4,0,4,32,10,130,0,125,-1,,0,3,0,3690742552
gym-e1-damage.encounter,taunt-instrument,122,Victory,3,0,3,24,4,180,0,100,-1,,0,1,0,3579516739
gym-e1-damage.encounter,taunt-instrument,123,Victory,3,0,3,24,4,180,0,100,-1,,0,1,0,3579516739
gym-e1-damage.encounter,taunt-instrument,124,Victory,4,0,4,32,5,80,0,150,-1,,0,4,0,3600220825
gym-e1-damage.encounter,taunt-instrument,125,Victory,3,0,3,24,4,200,0,100,-1,,0,1,0,738331837
gym-e1-damage.encounter,taunt-instrument,126,Victory,3,0,3,24,4,180,0,100,-1,,0,1,0,3579516739
gym-e1-damage.encounter,taunt-instrument,127,Victory,3,0,3,24,4,180,0,100,-1,,0,1,0,1989482145
gym-e1-damage.encounter,taunt-instrument,128,Victory,3,0,3,24,4,180,0,100,-1,,0,1,0,3579516739
gym-e1-damage.encounter,taunt-instrument,129,Victory,3,0,3,24,4,180,0,100,-1,,0,1,0,3579516739
gym-e1-damage.encounter,taunt-instrument,130,Victory,3,0,3,24,4,180,0,100,-1,,0,1,0,3579516739
gym-e1-damage.encounter,taunt-instrument,131,Victory,3,0,3,24,4,180,0,100,-1,,0,1,0,3579516739
gym-e1-damage.encounter,taunt-instrument,132,Victory,3,0,3,24,4,180,0,100,-1,,0,1,0,3579516739
gym-e1-damage.encounter,taunt-instrument,133,Victory,5,0,5,40,10,150,0,100,-1,,0,3,0,1965505153
gym-e1-damage.encounter,taunt-instrument,134,Victory,3,0,3,24,4,220,0,66,-1,,0,1,0,2423121641
gym-e1-damage.encounter,taunt-instrument,135,Victory,3,0,3,24,4,180,0,100,-1,,0,1,0,3579516739
gym-e1-damage.encounter,taunt-instrument,136,Victory,4,0,4,32,12,100,0,125,-1,,0,3,0,3177271550
gym-e1-damage.encounter,taunt-instrument,137,Victory,5,0,5,40,6,100,0,120,-1,,0,4,0,2333633863
gym-e1-damage.encounter,taunt-instrument,138,Victory,3,0,3,24,4,180,0,100,-1,,0,1,0,3579516739
gym-e1-damage.encounter,taunt-instrument,139,Victory,3,0,3,24,4,180,0,100,-1,,0,1,0,3579516739
gym-e1-damage.encounter,taunt-instrument,140,Victory,4,0,4,32,4,140,0,125,-1,,0,3,0,1198802878
gym-e1-damage.encounter,taunt-instrument,141,Victory,4,0,4,32,5,160,0,100,-1,,0,2,0,3441796092
gym-e1-damage.encounter,taunt-instrument,142,Victory,4,0,4,32,5,200,0,100,-1,,0,2,0,2689165296
gym-e1-damage.encounter,taunt-instrument,143,Victory,3,0,3,24,1,220,0,100,-1,,0,1,0,4195028171
gym-e1-damage.encounter,taunt-instrument,144,Victory,3,0,3,24,4,180,0,100,-1,,0,1,0,3579516739
gym-e1-damage.encounter,taunt-instrument,145,Victory,3,0,3,24,4,180,0,100,-1,,0,1,0,3579516739
gym-e1-damage.encounter,taunt-instrument,146,Victory,4,0,4,32,8,160,0,100,-1,,0,2,0,2387974954
gym-e1-damage.encounter,taunt-instrument,147,Victory,3,0,3,24,4,210,0,100,-1,,0,1,0,1901689031
gym-e1-damage.encounter,taunt-instrument,148,Victory,4,0,4,32,8,140,0,100,-1,,0,3,0,1695545665
gym-e1-damage.encounter,taunt-instrument,149,Victory,4,0,4,32,4,240,0,50,-1,,0,1,0,2958395953
gym-e1-damage.encounter,taunt-instrument,150,Victory,3,0,3,24,4,180,0,100,-1,,0,1,0,3579516739
gym-e1-damage.encounter,taunt-instrument,151,Victory,3,0,3,24,4,180,0,100,-1,,0,1,0,3579516739
gym-e1-damage.encounter,taunt-instrument,152,Victory,4,0,4,32,4,160,0,100,-1,,0,2,0,2056430476
gym-e1-damage.encounter,taunt-instrument,153,Victory,3,0,3,24,4,180,0,100,-1,,0,1,0,3579516739
gym-e1-damage.encounter,taunt-instrument,154,Victory,3,0,3,24,4,180,0,100,-1,,0,1,0,3579516739
gym-e1-damage.encounter,taunt-instrument,155,Victory,3,0,3,24,4,180,0,100,-1,,0,1,0,2413023139
gym-e1-damage.encounter,taunt-instrument,156,Victory,3,0,3,24,4,210,0,100,-1,,0,1,0,1901689031
gym-e1-damage.encounter,taunt-instrument,157,Victory,5,0,5,40,16,80,0,120,-1,,0,4,0,147866641
gym-e1-damage.encounter,taunt-instrument,158,Victory,3,0,3,24,4,180,0,100,-1,,0,1,0,3579516739
gym-e1-damage.encounter,taunt-instrument,159,Victory,3,0,3,24,4,180,0,100,-1,,0,1,0,3579516739
gym-e1-damage.encounter,taunt-instrument,160,Victory,4,0,4,32,4,120,0,125,-1,,0,3,0,773763093
gym-e1-damage.encounter,taunt-instrument,161,Victory,4,0,4,32,8,100,0,125,-1,,0,3,0,1871719610
gym-e1-damage.encounter,taunt-instrument,162,Victory,4,0,4,32,6,190,0,100,-1,,0,2,0,2685637908
gym-e1-damage.encounter,taunt-instrument,163,Victory,3,0,3,24,4,180,0,100,-1,,0,1,0,3579516739
gym-e1-damage.encounter,taunt-instrument,164,Victory,4,0,4,32,4,140,0,100,-1,,0,2,0,3932843440
gym-e1-damage.encounter,taunt-instrument,165,Victory,3,0,3,24,4,180,0,100,-1,,0,1,0,3579516739
gym-e1-damage.encounter,taunt-instrument,166,Victory,5,0,5,40,5,100,0,120,-1,,0,4,0,3653827157
gym-e1-damage.encounter,taunt-instrument,167,Victory,4,0,4,32,10,140,0,100,-1,,0,2,0,578624500
gym-e1-damage.encounter,taunt-instrument,168,Victory,4,0,4,32,5,160,0,100,-1,,0,2,0,3441796092
gym-e1-damage.encounter,taunt-instrument,169,Victory,3,0,3,24,4,200,0,100,-1,,0,1,0,2282325449
gym-e1-damage.encounter,taunt-instrument,170,Victory,4,0,4,32,7,180,0,75,-1,,0,3,0,2550992779
gym-e1-damage.encounter,taunt-instrument,171,Victory,3,0,3,24,4,180,0,100,-1,,0,1,0,3579516739
gym-e1-damage.encounter,taunt-instrument,172,Victory,3,0,3,24,1,220,0,100,-1,,0,1,0,3355356777
gym-e1-damage.encounter,taunt-instrument,173,Victory,4,0,4,32,4,140,0,100,-1,,0,2,0,3932843440
gym-e1-damage.encounter,taunt-instrument,174,Victory,3,0,3,24,4,200,0,100,-1,,0,1,0,4271624601
gym-e1-damage.encounter,taunt-instrument,175,Victory,5,0,5,40,8,120,0,120,-1,,0,5,0,3803878308
gym-e1-damage.encounter,taunt-instrument,176,Victory,3,0,3,24,4,180,0,100,-1,,0,1,0,3579516739
gym-e1-damage.encounter,taunt-instrument,177,Victory,3,0,3,24,4,180,0,100,-1,,0,1,0,2055549265
gym-e1-damage.encounter,taunt-instrument,178,Victory,3,0,3,24,4,180,0,100,-1,,0,1,0,3579516739
gym-e1-damage.encounter,taunt-instrument,179,Victory,4,0,4,32,8,160,0,100,-1,,0,2,0,325052474
gym-e1-damage.encounter,taunt-instrument,180,Victory,4,0,4,32,4,160,0,100,-1,,0,2,0,3208508523
gym-e1-damage.encounter,taunt-instrument,181,Victory,3,0,3,24,2,180,0,100,-1,,0,1,0,3579516739
gym-e1-damage.encounter,taunt-instrument,182,Victory,3,0,3,24,4,200,0,100,-1,,0,1,0,4271624601
gym-e1-damage.encounter,taunt-instrument,183,Victory,3,0,3,24,4,180,0,100,-1,,0,1,0,3579516739
gym-e1-damage.encounter,taunt-instrument,184,Victory,3,0,3,24,4,180,0,100,-1,,0,1,0,3579516739
gym-e1-damage.encounter,taunt-instrument,185,Victory,3,0,3,24,4,200,0,100,-1,,0,1,0,4271624601
gym-e1-damage.encounter,taunt-instrument,186,Victory,4,0,4,32,4,120,0,125,-1,,0,3,0,773763093
gym-e1-damage.encounter,taunt-instrument,187,Victory,3,0,3,24,4,180,0,100,-1,,0,1,0,3579516739
gym-e1-damage.encounter,taunt-instrument,188,Victory,3,0,3,24,4,180,0,100,-1,,0,1,0,3579516739
gym-e1-damage.encounter,taunt-instrument,189,Victory,4,0,4,32,8,180,0,100,-1,,0,3,0,845425490
gym-e1-damage.encounter,taunt-instrument,190,Victory,3,0,3,24,4,180,0,100,-1,,0,1,0,3579516739
gym-e1-damage.encounter,taunt-instrument,191,Victory,4,0,4,32,4,150,0,125,-1,,0,3,0,571622830
gym-e1-damage.encounter,taunt-instrument,192,Victory,4,0,4,32,5,180,0,125,-1,,0,3,0,3430589839
gym-e1-damage.encounter,taunt-instrument,193,Victory,3,0,3,24,4,180,0,100,-1,,0,1,0,3579516739
gym-e1-damage.encounter,taunt-instrument,194,Victory,5,0,5,40,10,70,0,140,-1,,0,5,0,2000426275
gym-e1-damage.encounter,taunt-instrument,195,Victory,3,0,3,24,4,210,0,100,-1,,0,1,0,1901689031
gym-e1-damage.encounter,taunt-instrument,196,Victory,5,0,5,40,12,160,0,80,-1,,0,4,0,2384863064
gym-e1-damage.encounter,taunt-instrument,197,Victory,4,0,4,32,4,160,0,100,-1,,0,2,0,333517822
gym-e1-damage.encounter,taunt-instrument,198,Victory,4,0,4,32,12,100,0,125,-1,,0,3,0,3177271550
gym-e1-damage.encounter,taunt-instrument,199,Victory,4,0,4,32,4,160,0,125,-1,,0,3,0,649310732
gym-e1-damage.encounter,taunt-instrument,200,Victory,3,0,3,24,4,220,0,66,-1,,0,1,0,3886345835
gym-e1-damage.encounter,counter-reserve,1,Victory,5,0,5,40,22,180,0,80,-1,,0,4,0,1257335537
gym-e1-damage.encounter,counter-reserve,2,Victory,4,0,4,32,16,220,0,75,-1,,0,3,0,2646092416
gym-e1-damage.encounter,counter-reserve,3,Victory,4,0,4,32,6,160,0,125,-1,,0,3,0,1863675373
gym-e1-damage.encounter,counter-reserve,4,Victory,7,0,7,56,26,70,0,114,-1,,0,9,0,360166150
gym-e1-damage.encounter,counter-reserve,5,Victory,5,0,5,40,20,180,0,80,-1,,0,4,0,912029717
gym-e1-damage.encounter,counter-reserve,6,Victory,4,0,4,32,10,270,0,50,-1,,0,1,0,2797346226
gym-e1-damage.encounter,counter-reserve,7,Victory,5,0,5,40,16,140,0,100,-1,,0,5,0,2582955229
gym-e1-damage.encounter,counter-reserve,8,Victory,4,0,4,32,16,220,0,75,-1,,0,3,0,2646092416
gym-e1-damage.encounter,counter-reserve,9,Victory,7,0,7,56,30,140,0,85,-1,,0,6,0,2269580893
gym-e1-damage.encounter,counter-reserve,10,Victory,7,0,7,56,31,40,0,114,-1,,0,9,0,680695148
gym-e1-damage.encounter,counter-reserve,11,Victory,4,0,4,32,16,220,0,75,-1,,0,3,0,2646092416
gym-e1-damage.encounter,counter-reserve,12,Victory,4,0,4,32,16,220,0,75,-1,,0,3,0,2646092416
gym-e1-damage.encounter,counter-reserve,13,Victory,5,0,5,40,17,200,0,80,-1,,0,4,0,2158811001
gym-e1-damage.encounter,counter-reserve,14,Victory,5,0,5,40,15,200,0,80,-1,,0,5,0,3220968060
gym-e1-damage.encounter,counter-reserve,15,Victory,4,0,4,32,16,220,0,75,-1,,0,3,0,2646092416
gym-e1-damage.encounter,counter-reserve,16,Defeat,8,0,8,64,45,0,1,112,-1,,0,8,0,1581160086
gym-e1-damage.encounter,counter-reserve,17,Victory,4,0,4,32,12,220,0,75,-1,,0,3,0,4080988004
gym-e1-damage.encounter,counter-reserve,18,Victory,4,0,4,32,16,220,0,75,-1,,0,3,0,2646092416
gym-e1-damage.encounter,counter-reserve,19,Victory,4,0,4,32,16,220,0,75,-1,,0,3,0,2646092416
gym-e1-damage.encounter,counter-reserve,20,Victory,4,0,4,32,13,260,0,50,-1,,0,1,0,3000630324
gym-e1-damage.encounter,counter-reserve,21,Victory,6,0,6,48,28,120,0,116,-1,,0,7,0,1079909443
gym-e1-damage.encounter,counter-reserve,22,Victory,4,0,4,32,16,220,0,75,-1,,0,3,0,2646092416
gym-e1-damage.encounter,counter-reserve,23,Victory,4,0,4,32,16,220,0,75,-1,,0,3,0,2646092416
gym-e1-damage.encounter,counter-reserve,24,Victory,4,0,4,32,16,220,0,75,-1,,0,3,0,2646092416
gym-e1-damage.encounter,counter-reserve,25,Victory,4,0,4,32,16,220,0,75,-1,,0,3,0,2646092416
gym-e1-damage.encounter,counter-reserve,26,Victory,4,0,4,32,16,220,0,75,-1,,0,3,0,4058022224
gym-e1-damage.encounter,counter-reserve,27,Victory,4,0,4,32,16,220,0,75,-1,,0,3,0,4058022224
gym-e1-damage.encounter,counter-reserve,28,Victory,6,0,6,48,24,120,0,100,-1,,0,7,0,224001281
gym-e1-damage.encounter,counter-reserve,29,Victory,5,0,5,40,20,180,0,80,-1,,0,4,0,2954855971
gym-e1-damage.encounter,counter-reserve,30,Victory,5,0,5,40,23,140,0,100,-1,,0,5,0,4041983883
gym-e1-damage.encounter,counter-reserve,31,Victory,5,0,5,40,16,140,0,100,-1,,0,5,0,963661244
gym-e1-damage.encounter,counter-reserve,32,Victory,5,0,5,40,23,140,0,100,-1,,0,5,0,3645360602
gym-e1-damage.encounter,counter-reserve,33,Victory,4,0,4,32,16,220,0,75,-1,,0,3,0,4183824112
gym-e1-damage.encounter,counter-reserve,34,Victory,4,0,4,32,16,220,0,75,-1,,0,3,0,4183824112
gym-e1-damage.encounter,counter-reserve,35,Victory,4,0,4,32,16,220,0,75,-1,,0,3,0,9097203
gym-e1-damage.encounter,counter-reserve,36,Victory,4,0,4,32,16,220,0,75,-1,,0,3,0,2646092416
gym-e1-damage.encounter,counter-reserve,37,Victory,4,0,4,32,16,220,0,75,-1,,0,3,0,2646092416
gym-e1-damage.encounter,counter-reserve,38,Victory,4,0,4,32,9,140,0,100,-1,,0,4,0,3570722551
gym-e1-damage.encounter,counter-reserve,39,Victory,6,0,6,48,24,160,0,83,-1,,0,5,0,2256639786
gym-e1-damage.encounter,counter-reserve,40,Victory,5,0,5,40,20,200,0,60,-1,,0,5,0,899429283
gym-e1-damage.encounter,counter-reserve,41,Victory,6,0,6,48,23,160,0,83,-1,,0,5,0,967650712
gym-e1-damage.encounter,counter-reserve,42,Victory,4,0,4,32,16,220,0,75,-1,,0,3,0,2646092416
gym-e1-damage.encounter,counter-reserve,43,Victory,4,0,4,32,15,180,0,75,-1,,0,3,0,1575156863
gym-e1-damage.encounter,counter-reserve,44,Defeat,7,0,7,56,33,0,2,171,-1,,0,10,0,3666789941
gym-e1-damage.encounter,counter-reserve,45,Victory,5,0,5,40,18,160,0,100,-1,,0,5,0,2846295041
gym-e1-damage.encounter,counter-reserve,46,Victory,5,0,5,40,19,140,0,100,-1,,0,4,0,3031231292
gym-e1-damage.encounter,counter-reserve,47,Victory,4,0,4,32,16,220,0,75,-1,,0,3,0,2646092416
gym-e1-damage.encounter,counter-reserve,48,Victory,4,0,4,32,16,220,0,75,-1,,0,3,0,2646092416
gym-e1-damage.encounter,counter-reserve,49,Victory,6,0,6,48,28,120,0,116,-1,,0,7,0,1079909443
gym-e1-damage.encounter,counter-reserve,50,Victory,5,0,5,40,17,200,0,80,-1,,0,4,0,1277798073
gym-e1-damage.encounter,counter-reserve,51,Victory,6,0,6,48,24,60,0,116,-1,,0,7,0,3578789412
gym-e1-damage.encounter,counter-reserve,52,Victory,6,0,6,48,28,160,0,83,-1,,0,5,0,308621960
gym-e1-damage.encounter,counter-reserve,53,Victory,5,0,5,40,18,200,0,80,-1,,0,3,0,3953245500
gym-e1-damage.encounter,counter-reserve,54,Victory,5,0,5,40,19,180,0,80,-1,,0,4,0,537151573
gym-e1-damage.encounter,counter-reserve,55,Victory,4,0,4,32,12,220,0,50,-1,,0,1,0,2812051548
gym-e1-damage.encounter,counter-reserve,56,Victory,4,0,4,32,16,220,0,75,-1,,0,3,0,2646092416
gym-e1-damage.encounter,counter-reserve,57,Victory,4,0,4,32,16,220,0,75,-1,,0,3,0,2646092416
gym-e1-damage.encounter,counter-reserve,58,Victory,5,0,5,40,18,140,0,120,-1,,0,5,0,2497092953
gym-e1-damage.encounter,counter-reserve,59,Victory,5,0,5,40,16,170,0,100,-1,,0,5,0,2269547481
gym-e1-damage.encounter,counter-reserve,60,Victory,4,0,4,32,16,220,0,75,-1,,0,3,0,2646092416
gym-e1-damage.encounter,counter-reserve,61,Victory,5,0,5,40,18,210,0,80,-1,,0,4,0,2845399765
gym-e1-damage.encounter,counter-reserve,62,Victory,6,0,6,48,23,120,0,100,-1,,0,6,0,2184763217
gym-e1-damage.encounter,counter-reserve,63,Victory,5,0,5,40,17,160,0,100,-1,,0,5,0,3858122146
gym-e1-damage.encounter,counter-reserve,64,Victory,4,0,4,32,16,220,0,75,-1,,0,3,0,2646092416
gym-e1-damage.encounter,counter-reserve,65,Victory,4,0,4,32,16,220,0,75,-1,,0,3,0,2646092416
gym-e1-damage.encounter,counter-reserve,66,Victory,5,0,5,40,17,200,0,80,-1,,0,4,0,1464524123
gym-e1-damage.encounter,counter-reserve,67,Victory,4,0,4,32,16,220,0,75,-1,,0,3,0,2646092416
gym-e1-damage.encounter,counter-reserve,68,Victory,5,0,5,40,17,200,0,80,-1,,0,4,0,2158811001
gym-e1-damage.encounter,counter-reserve,69,Defeat,10,0,10,80,56,0,1,110,-1,,0,10,0,1068757043
gym-e1-damage.encounter,counter-reserve,70,Victory,4,0,4,32,16,220,0,75,-1,,0,3,0,2646092416
gym-e1-damage.encounter,counter-reserve,71,Victory,5,0,5,40,15,140,0,100,-1,,0,5,0,1996463432
gym-e1-damage.encounter,counter-reserve,72,Victory,4,0,4,32,12,180,0,100,-1,,0,3,0,2594311130
gym-e1-damage.encounter,counter-reserve,73,Victory,4,0,4,32,16,220,0,75,-1,,0,3,0,1514469826
gym-e1-damage.encounter,counter-reserve,74,Victory,5,0,5,40,17,180,0,80,-1,,0,4,0,2818915605
gym-e1-damage.encounter,counter-reserve,75,Victory,4,0,4,32,14,140,0,125,-1,,0,3,0,3392014149
gym-e1-damage.encounter,counter-reserve,76,Victory,5,0,5,40,8,140,0,120,-1,,0,4,0,2204772212
gym-e1-damage.encounter,counter-reserve,77,Victory,4,0,4,32,16,220,0,75,-1,,0,3,0,2646092416
gym-e1-damage.encounter,counter-reserve,78,Victory,5,0,5,40,16,180,0,80,-1,,0,4,0,2954035815
gym-e1-damage.encounter,counter-reserve,79,Victory,5,0,5,40,17,160,0,100,-1,,0,5,0,2634741269
gym-e1-damage.encounter,counter-reserve,80,Victory,4,0,4,32,12,200,0,75,-1,,0,3,0,3690339253
gym-e1-damage.encounter,counter-reserve,81,Victory,7,0,7,56,28,100,0,100,-1,,0,7,0,4262939957
gym-e1-damage.encounter,counter-reserve,82,Victory,4,0,4,32,16,220,0,75,-1,,0,3,0,2646092416
gym-e1-damage.encounter,counter-reserve,83,Victory,9,0,9,72,35,90,0,88,-1,,0,8,0,4085981221
gym-e1-damage.encounter,counter-reserve,84,Victory,4,0,4,32,16,220,0,75,-1,,0,3,0,2646092416
gym-e1-damage.encounter,counter-reserve,85,Victory,6,0,6,48,22,160,0,83,-1,,0,4,0,522118233
gym-e1-damage.encounter,counter-reserve,86,Victory,6,0,6,48,25,100,0,116,-1,,0,7,0,537769295
gym-e1-damage.encounter,counter-reserve,87,Victory,4,0,4,32,16,220,0,75,-1,,0,3,0,307622022
gym-e1-damage.encounter,counter-reserve,88,Victory,8,0,8,64,36,60,0,112,-1,,0,9,0,3919403486
gym-e1-damage.encounter,counter-reserve,89,Victory,5,0,5,40,15,180,0,80,-1,,0,4,0,3842106743
gym-e1-damage.encounter,counter-reserve,90,Victory,4,0,4,32,16,220,0,75,-1,,0,3,0,2646092416
gym-e1-damage.encounter,counter-reserve,91,Victory,4,0,4,32,16,220,0,75,-1,,0,3,0,2646092416
gym-e1-damage.encounter,counter-reserve,92,Victory,4,0,4,32,16,220,0,75,-1,,0,3,0,2646092416
gym-e1-damage.encounter,counter-reserve,93,Defeat,8,0,8,64,45,0,1,112,-1,,0,8,0,1581160086
gym-e1-damage.encounter,counter-reserve,94,Victory,4,0,4,32,16,220,0,75,-1,,0,3,0,2646092416
gym-e1-damage.encounter,counter-reserve,95,Victory,5,0,5,40,19,180,0,80,-1,,0,5,0,1508743420
gym-e1-damage.encounter,counter-reserve,96,Victory,4,0,4,32,16,220,0,75,-1,,0,3,0,2646092416
gym-e1-damage.encounter,counter-reserve,97,Victory,4,0,4,32,10,200,0,75,-1,,0,3,0,1596907253
gym-e1-damage.encounter,counter-reserve,98,Victory,5,0,5,40,20,160,0,100,-1,,0,5,0,3333492081
gym-e1-damage.encounter,counter-reserve,99,Victory,4,0,4,32,16,220,0,75,-1,,0,3,0,2646092416
gym-e1-damage.encounter,counter-reserve,100,Victory,5,0,5,40,17,220,0,60,-1,,0,2,0,1156083060
gym-e1-damage.encounter,counter-reserve,101,Victory,4,0,4,32,16,220,0,75,-1,,0,3,0,2646092416
gym-e1-damage.encounter,counter-reserve,102,Victory,4,0,4,32,15,210,0,75,-1,,0,3,0,1280314283
gym-e1-damage.encounter,counter-reserve,103,Victory,4,0,4,32,16,220,0,75,-1,,0,3,0,2646092416
gym-e1-damage.encounter,counter-reserve,104,Victory,4,0,4,32,16,220,0,75,-1,,0,3,0,4183824112
gym-e1-damage.encounter,counter-reserve,105,Victory,4,0,4,32,16,220,0,75,-1,,0,3,0,2646092416
gym-e1-damage.encounter,counter-reserve,106,Victory,6,0,6,48,26,80,0,116,-1,,0,7,0,2448227800
gym-e1-damage.encounter,counter-reserve,107,Victory,5,0,5,40,18,180,0,80,-1,,0,4,0,474710244
gym-e1-damage.encounter,counter-reserve,108,Victory,4,0,4,32,16,220,0,75,-1,,0,3,0,2646092416
gym-e1-damage.encounter,counter-reserve,109,Victory,5,0,5,40,21,200,0,80,-1,,0,4,0,2598885565
gym-e1-damage.encounter,counter-reserve,110,Victory,4,0,4,32,16,220,0,75,-1,,0,3,0,2646092416
gym-e1-damage.encounter,counter-reserve,111,Victory,6,0,6,48,25,120,0,116,-1,,0,7,0,166025926
gym-e1-damage.encounter,counter-reserve,112,Victory,4,0,4,32,16,220,0,75,-1,,0,3,0,2646092416
gym-e1-damage.encounter,counter-reserve,113,Victory,6,0,6,48,28,120,0,116,-1,,0,7,0,1079909443
gym-e1-damage.encounter,counter-reserve,114,Victory,9,0,9,72,38,70,0,100,-1,,0,9,0,1927033816
gym-e1-damage.encounter,counter-reserve,115,Victory,4,0,4,32,9,220,0,50,-1,,0,1,0,1474992906
gym-e1-damage.encounter,counter-reserve,116,Victory,4,0,4,32,16,250,0,75,-1,,0,3,0,2633625924
gym-e1-damage.encounter,counter-reserve,117,Victory,4,0,4,32,16,220,0,75,-1,,0,3,0,2646092416
gym-e1-damage.encounter,counter-reserve,118,Victory,5,0,5,40,16,200,0,80,-1,,0,4,0,4125639912
gym-e1-damage.encounter,counter-reserve,119,Victory,4,0,4,32,16,220,0,75,-1,,0,3,0,2646092416
gym-e1-damage.encounter,counter-reserve,120,Victory,4,0,4,32,16,220,0,75,-1,,0,3,0,2646092416
gym-e1-damage.encounter,counter-reserve,121,Victory,7,0,7,56,34,100,0,100,-1,,0,7,0,1714767266
gym-e1-damage.encounter,counter-reserve,122,Victory,4,0,4,32,16,220,0,75,-1,,0,3,0,2646092416
gym-e1-damage.encounter,counter-reserve,123,Victory,4,0,4,32,16,220,0,75,-1,,0,3,0,2646092416
gym-e1-damage.encounter,counter-reserve,124,Victory,7,0,7,56,35,60,0,128,-1,,0,9,0,2835770383
gym-e1-damage.encounter,counter-reserve,125,Victory,4,0,4,32,11,220,0,75,-1,,0,2,0,2185927475
gym-e1-damage.encounter,counter-reserve,126,Victory,4,0,4,32,16,220,0,75,-1,,0,3,0,2646092416
gym-e1-damage.encounter,counter-reserve,127,Victory,4,0,4,32,16,220,0,75,-1,,0,3,0,4183824112
gym-e1-damage.encounter,counter-reserve,128,Victory,4,0,4,32,16,220,0,75,-1,,0,3,0,2646092416
gym-e1-damage.encounter,counter-reserve,129,Victory,4,0,4,32,16,220,0,75,-1,,0,3,0,2646092416
gym-e1-damage.encounter,counter-reserve,130,Victory,4,0,4,32,16,220,0,75,-1,,0,3,0,2646092416
gym-e1-damage.encounter,counter-reserve,131,Victory,4,0,4,32,14,220,0,75,-1,,0,3,0,2646092416
gym-e1-damage.encounter,counter-reserve,132,Victory,4,0,4,32,16,220,0,75,-1,,0,3,0,2646092416
gym-e1-damage.encounter,counter-reserve,133,Victory,6,0,6,48,24,170,0,83,-1,,0,5,0,4226067492
gym-e1-damage.encounter,counter-reserve,134,Victory,4,0,4,32,13,220,0,75,-1,,0,2,0,1059932407
gym-e1-damage.encounter,counter-reserve,135,Victory,4,0,4,32,16,220,0,75,-1,,0,3,0,2646092416
gym-e1-damage.encounter,counter-reserve,136,Victory,4,0,4,32,16,220,0,75,-1,,0,3,0,4183824112
gym-e1-damage.encounter,counter-reserve,137,Victory,5,0,5,40,17,140,0,100,-1,,0,5,0,1205393068
gym-e1-damage.encounter,counter-reserve,138,Victory,4,0,4,32,16,220,0,75,-1,,0,3,0,2646092416
gym-e1-damage.encounter,counter-reserve,139,Victory,4,0,4,32,16,220,0,75,-1,,0,3,0,2646092416
gym-e1-damage.encounter,counter-reserve,140,Victory,5,0,5,40,17,160,0,100,-1,,0,5,0,3858122146
gym-e1-damage.encounter,counter-reserve,141,Victory,5,0,5,40,17,200,0,80,-1,,0,4,0,4025891977
gym-e1-damage.encounter,counter-reserve,142,Victory,7,0,7,56,30,130,0,85,-1,,0,8,0,1019794278
gym-e1-damage.encounter,counter-reserve,143,Victory,5,0,5,40,20,180,0,60,-1,,0,5,0,2082334723
gym-e1-damage.encounter,counter-reserve,144,Victory,4,0,4,32,16,220,0,75,-1,,0,3,0,2646092416
gym-e1-damage.encounter,counter-reserve,145,Victory,4,0,4,32,16,220,0,75,-1,,0,3,0,2646092416
gym-e1-damage.encounter,counter-reserve,146,Victory,5,0,5,40,21,200,0,80,-1,,0,4,0,2598885565
gym-e1-damage.encounter,counter-reserve,147,Victory,4,0,4,32,16,250,0,75,-1,,0,3,0,2633625924
gym-e1-damage.encounter,counter-reserve,148,Victory,4,0,4,32,6,200,0,100,-1,,0,3,0,3425509236
gym-e1-damage.encounter,counter-reserve,149,Victory,4,0,4,32,11,260,0,50,-1,,0,1,0,3450674274
gym-e1-damage.encounter,counter-reserve,150,Victory,4,0,4,32,16,220,0,75,-1,,0,3,0,2646092416
gym-e1-damage.encounter,counter-reserve,151,Victory,4,0,4,32,16,220,0,75,-1,,0,3,0,2646092416
gym-e1-damage.encounter,counter-reserve,152,Victory,4,0,4,32,16,220,0,75,-1,,0,3,0,680381650
gym-e1-damage.encounter,counter-reserve,153,Victory,4,0,4,32,16,220,0,75,-1,,0,3,0,2646092416
gym-e1-damage.encounter,counter-reserve,154,Victory,4,0,4,32,16,220,0,75,-1,,0,3,0,2646092416
gym-e1-damage.encounter,counter-reserve,155,Victory,5,0,5,40,20,180,0,80,-1,,0,4,0,1131843571
gym-e1-damage.encounter,counter-reserve,156,Victory,4,0,4,32,16,250,0,75,-1,,0,3,0,2633625924
gym-e1-damage.encounter,counter-reserve,157,Victory,6,0,6,48,24,120,0,100,-1,,0,6,0,2203855090
gym-e1-damage.encounter,counter-reserve,158,Victory,4,0,4,32,16,220,0,75,-1,,0,3,0,2646092416
gym-e1-damage.encounter,counter-reserve,159,Victory,4,0,4,32,16,220,0,75,-1,,0,3,0,2646092416
gym-e1-damage.encounter,counter-reserve,160,Victory,4,0,4,32,15,180,0,75,-1,,0,3,0,3037111023
gym-e1-damage.encounter,counter-reserve,161,Victory,6,0,6,48,28,60,0,116,-1,,0,7,0,3578789412
gym-e1-damage.encounter,counter-reserve,162,Victory,6,0,6,48,26,190,0,83,-1,,0,5,0,3730768162
gym-e1-damage.encounter,counter-reserve,163,Victory,4,0,4,32,16,220,0,75,-1,,0,3,0,2646092416
gym-e1-damage.encounter,counter-reserve,164,Victory,5,0,5,40,16,210,0,80,-1,,0,4,0,245023683
gym-e1-damage.encounter,counter-reserve,165,Victory,4,0,4,32,16,220,0,75,-1,,0,3,0,2646092416
gym-e1-damage.encounter,counter-reserve,166,Victory,5,0,5,40,21,140,0,100,-1,,0,5,0,2188714472
gym-e1-damage.encounter,counter-reserve,167,Victory,5,0,5,40,22,140,0,80,-1,,0,6,0,3913516025
gym-e1-damage.encounter,counter-reserve,168,Victory,5,0,5,40,17,200,0,80,-1,,0,4,0,4025891977
gym-e1-damage.encounter,counter-reserve,169,Defeat,6,0,6,48,27,0,1,133,-1,,0,5,0,1047291672
gym-e1-damage.encounter,counter-reserve,170,Victory,4,0,4,32,14,220,0,75,-1,,0,3,0,2646092416
gym-e1-damage.encounter,counter-reserve,171,Victory,4,0,4,32,16,220,0,75,-1,,0,3,0,2646092416
gym-e1-damage.encounter,counter-reserve,172,Victory,6,0,6,48,22,120,0,83,-1,,0,7,0,1947102656
gym-e1-damage.encounter,counter-reserve,173,Victory,5,0,5,40,21,180,0,80,-1,,0,4,0,3555616599
gym-e1-damage.encounter,counter-reserve,174,Victory,4,0,4,32,16,220,0,75,-1,,0,3,0,1514469826
gym-e1-damage.encounter,counter-reserve,175,Victory,8,0,8,64,36,20,0,125,-1,,0,10,0,1709031942
gym-e1-damage.encounter,counter-reserve,176,Victory,4,0,4,32,16,220,0,75,-1,,0,3,0,2646092416
gym-e1-damage.encounter,counter-reserve,177,Victory,4,0,4,32,16,220,0,75,-1,,0,3,0,307622022
gym-e1-damage.encounter,counter-reserve,178,Victory,4,0,4,32,16,220,0,75,-1,,0,3,0,2646092416
gym-e1-damage.encounter,counter-reserve,179,Victory,6,0,6,48,28,160,0,83,-1,,0,5,0,2092075132
gym-e1-damage.encounter,counter-reserve,180,Victory,7,0,7,56,27,100,0,100,-1,,0,5,0,3053577810
gym-e1-damage.encounter,counter-reserve,181,Victory,4,0,4,32,14,220,0,75,-1,,0,3,0,1792147028
gym-e1-damage.encounter,counter-reserve,182,Victory,4,0,4,32,16,220,0,75,-1,,0,3,0,1514469826
gym-e1-damage.encounter,counter-reserve,183,Victory,4,0,4,32,16,220,0,75,-1,,0,3,0,2646092416
gym-e1-damage.encounter,counter-reserve,184,Victory,4,0,4,32,16,220,0,75,-1,,0,3,0,2646092416
gym-e1-damage.encounter,counter-reserve,185,Victory,4,0,4,32,16,220,0,75,-1,,0,3,0,1514469826
gym-e1-damage.encounter,counter-reserve,186,Victory,5,0,5,40,17,180,0,100,-1,,0,5,0,3709160711
gym-e1-damage.encounter,counter-reserve,187,Victory,4,0,4,32,16,220,0,75,-1,,0,3,0,2646092416
gym-e1-damage.encounter,counter-reserve,188,Victory,4,0,4,32,16,220,0,75,-1,,0,3,0,2646092416
gym-e1-damage.encounter,counter-reserve,189,Victory,6,0,6,48,19,140,0,83,-1,,0,6,0,3858538470
gym-e1-damage.encounter,counter-reserve,190,Victory,4,0,4,32,16,220,0,75,-1,,0,3,0,2646092416
gym-e1-damage.encounter,counter-reserve,191,Victory,6,0,6,48,25,180,0,83,-1,,0,5,0,3964076187
gym-e1-damage.encounter,counter-reserve,192,Victory,6,0,6,48,26,130,0,116,-1,,0,7,0,562455835
gym-e1-damage.encounter,counter-reserve,193,Victory,4,0,4,32,16,220,0,75,-1,,0,3,0,2646092416
gym-e1-damage.encounter,counter-reserve,194,Victory,5,0,5,40,19,210,0,100,-1,,0,5,0,3648666533
gym-e1-damage.encounter,counter-reserve,195,Victory,4,0,4,32,16,250,0,75,-1,,0,3,0,2633625924
gym-e1-damage.encounter,counter-reserve,196,Victory,5,0,5,40,22,170,0,100,-1,,0,5,0,334333213
gym-e1-damage.encounter,counter-reserve,197,Victory,5,0,5,40,16,180,0,80,-1,,0,4,0,2798207383
gym-e1-damage.encounter,counter-reserve,198,Victory,4,0,4,32,16,180,0,100,-1,,0,4,0,983473562
gym-e1-damage.encounter,counter-reserve,199,Victory,3,0,3,24,5,260,0,66,-1,,0,1,0,1659514456
gym-e1-damage.encounter,counter-reserve,200,Victory,3,0,3,24,4,240,0,66,-1,,0,1,0,1464304885
gym-e1-rv_momo_b.encounter,attack-only,1,Victory,4,0,4,32,6,160,0,100,-1,,0,2,0,1671403845
gym-e1-rv_momo_b.encounter,attack-only,2,Victory,4,0,4,32,5,140,0,100,-1,,0,2,0,2746217800
gym-e1-rv_momo_b.encounter,attack-only,3,Victory,4,0,4,32,5,100,0,125,-1,,0,3,0,3723866084
gym-e1-rv_momo_b.encounter,attack-only,4,Defeat,6,0,6,48,20,0,1,183,-1,,0,8,0,43339241
gym-e1-rv_momo_b.encounter,attack-only,5,Victory,4,0,4,32,4,140,0,100,-1,,0,2,0,1348342558
gym-e1-rv_momo_b.encounter,attack-only,6,Victory,4,0,4,32,4,220,0,50,-1,,0,1,0,1953309695
gym-e1-rv_momo_b.encounter,attack-only,7,Victory,4,0,4,32,4,140,0,125,-1,,0,3,0,1723605292
gym-e1-rv_momo_b.encounter,attack-only,8,Victory,4,0,4,32,5,140,0,100,-1,,0,2,0,2746217800
gym-e1-rv_momo_b.encounter,attack-only,9,Victory,6,0,6,48,10,90,0,100,-1,,0,4,0,1050515918
gym-e1-rv_momo_b.encounter,attack-only,10,Victory,4,0,4,32,5,120,0,125,-1,,0,3,0,3342148395
gym-e1-rv_momo_b.encounter,attack-only,11,Victory,4,0,4,32,5,140,0,100,-1,,0,2,0,2746217800
gym-e1-rv_momo_b.encounter,attack-only,12,Victory,4,0,4,32,5,140,0,100,-1,,0,2,0,2746217800
gym-e1-rv_momo_b.encounter,attack-only,13,Victory,4,0,4,32,4,140,0,100,-1,,0,2,0,3879341225
gym-e1-rv_momo_b.encounter,attack-only,14,Defeat,5,0,5,40,18,0,1,180,-1,,0,6,0,706041504
gym-e1-rv_momo_b.encounter,attack-only,15,Victory,4,0,4,32,5,140,0,100,-1,,0,2,0,2746217800
gym-e1-rv_momo_b.encounter,attack-only,16,Victory,4,0,4,32,4,140,0,125,-1,,0,3,0,1723605292
gym-e1-rv_momo_b.encounter,attack-only,17,Victory,4,0,4,32,3,140,0,100,-1,,0,2,0,2746217800
gym-e1-rv_momo_b.encounter,attack-only,18,Victory,4,0,4,32,5,140,0,100,-1,,0,2,0,2746217800
gym-e1-rv_momo_b.encounter,attack-only,19,Victory,4,0,4,32,5,140,0,100,-1,,0,2,0,2746217800
gym-e1-rv_momo_b.encounter,attack-only,20,Victory,4,0,4,32,4,220,0,50,-1,,0,1,0,1953309695
gym-e1-rv_momo_b.encounter,attack-only,21,Victory,4,0,4,32,6,100,0,125,-1,,0,3,0,1170868433
gym-e1-rv_momo_b.encounter,attack-only,22,Victory,4,0,4,32,4,140,0,125,-1,,0,3,0,1723605292
gym-e1-rv_momo_b.encounter,attack-only,23,Victory,5,0,5,40,9,120,0,100,-1,,0,3,0,2724880449
gym-e1-rv_momo_b.encounter,attack-only,24,Victory,4,0,4,32,6,100,0,125,-1,,0,3,0,1170868433
gym-e1-rv_momo_b.encounter,attack-only,25,Victory,4,0,4,32,5,140,0,100,-1,,0,2,0,2746217800
gym-e1-rv_momo_b.encounter,attack-only,26,Victory,4,0,4,32,5,140,0,100,-1,,0,2,0,2746217800
gym-e1-rv_momo_b.encounter,attack-only,27,Victory,4,0,4,32,5,140,0,100,-1,,0,2,0,2746217800
gym-e1-rv_momo_b.encounter,attack-only,28,Victory,5,0,5,40,13,60,0,120,-1,,0,4,0,531788771
gym-e1-rv_momo_b.encounter,attack-only,29,Victory,4,0,4,32,6,140,0,100,-1,,0,2,0,2075032157
gym-e1-rv_momo_b.encounter,attack-only,30,Victory,4,0,4,32,4,160,0,100,-1,,0,2,0,4164383601
gym-e1-rv_momo_b.encounter,attack-only,31,Victory,4,0,4,32,6,160,0,100,-1,,0,3,0,2576775093
gym-e1-rv_momo_b.encounter,attack-only,32,Victory,6,0,6,48,11,50,0,133,-1,,0,6,0,3397145686
gym-e1-rv_momo_b.encounter,attack-only,33,Victory,4,0,4,32,5,140,0,100,-1,,0,2,0,2746217800
gym-e1-rv_momo_b.encounter,attack-only,34,Victory,4,0,4,32,5,120,0,125,-1,,0,3,0,3647600602
gym-e1-rv_momo_b.encounter,attack-only,35,Victory,4,0,4,32,5,140,0,100,-1,,0,2,0,2746217800
gym-e1-rv_momo_b.encounter,attack-only,36,Victory,4,0,4,32,5,140,0,100,-1,,0,2,0,2746217800
gym-e1-rv_momo_b.encounter,attack-only,37,Victory,4,0,4,32,5,140,0,100,-1,,0,2,0,2746217800
gym-e1-rv_momo_b.encounter,attack-only,38,Victory,5,0,5,40,5,80,0,140,-1,,0,5,0,3569088719
gym-e1-rv_momo_b.encounter,attack-only,39,Victory,5,0,5,40,6,140,0,100,-1,,0,3,0,2042785740
gym-e1-rv_momo_b.encounter,attack-only,40,Victory,4,0,4,32,3,140,0,100,-1,,0,2,0,2746217800
gym-e1-rv_momo_b.encounter,attack-only,41,Victory,4,0,4,32,4,140,0,100,-1,,0,2,0,2301883929
gym-e1-rv_momo_b.encounter,attack-only,42,Victory,4,0,4,32,5,140,0,100,-1,,0,2,0,2746217800
gym-e1-rv_momo_b.encounter,attack-only,43,Victory,4,0,4,32,4,160,0,100,-1,,0,2,0,1671403845
gym-e1-rv_momo_b.encounter,attack-only,44,Victory,5,0,5,40,5,40,0,160,-1,,0,6,0,245151971
gym-e1-rv_momo_b.encounter,attack-only,45,Victory,6,0,6,48,13,40,0,133,-1,,0,6,0,2416823849
gym-e1-rv_momo_b.encounter,attack-only,46,Victory,5,0,5,40,9,140,0,100,-1,,0,4,0,1992772005
gym-e1-rv_momo_b.encounter,attack-only,47,Victory,4,0,4,32,5,140,0,100,-1,,0,2,0,2746217800
gym-e1-rv_momo_b.encounter,attack-only,48,Victory,4,0,4,32,5,140,0,100,-1,,0,2,0,2746217800
gym-e1-rv_momo_b.encounter,attack-only,49,Victory,4,0,4,32,4,140,0,125,-1,,0,3,0,1723605292
gym-e1-rv_momo_b.encounter,attack-only,50,Victory,4,0,4,32,4,140,0,100,-1,,0,2,0,2171408302
gym-e1-rv_momo_b.encounter,attack-only,51,Victory,4,0,4,32,4,160,0,100,-1,,0,2,0,1490662050
gym-e1-rv_momo_b.encounter,attack-only,52,Victory,4,0,4,32,6,140,0,100,-1,,0,2,0,1882066669
gym-e1-rv_momo_b.encounter,attack-only,53,Victory,4,0,4,32,5,200,0,75,-1,,0,2,0,3053042142
gym-e1-rv_momo_b.encounter,attack-only,54,Victory,5,0,5,40,6,120,0,100,-1,,0,3,0,2093799205
gym-e1-rv_momo_b.encounter,attack-only,55,Victory,4,0,4,32,4,220,0,50,-1,,0,1,0,3319474517
gym-e1-rv_momo_b.encounter,attack-only,56,Victory,4,0,4,32,5,140,0,100,-1,,0,2,0,2746217800
gym-e1-rv_momo_b.encounter,attack-only,57,Victory,4,0,4,32,5,140,0,100,-1,,0,2,0,2746217800
gym-e1-rv_momo_b.encounter,attack-only,58,Victory,4,0,4,32,2,150,0,125,-1,,0,3,0,353911908
gym-e1-rv_momo_b.encounter,attack-only,59,Victory,4,0,4,32,6,60,0,150,-1,,0,4,0,1951074927
gym-e1-rv_momo_b.encounter,attack-only,60,Victory,5,0,5,40,9,100,0,120,-1,,0,4,0,2641176109
gym-e1-rv_momo_b.encounter,attack-only,61,Victory,5,0,5,40,8,120,0,100,-1,,0,3,0,1683150374
gym-e1-rv_momo_b.encounter,attack-only,62,Victory,6,0,6,48,15,120,0,100,-1,,0,4,0,3462295161
gym-e1-rv_momo_b.encounter,attack-only,63,Victory,4,0,4,32,7,100,0,125,-1,,0,3,0,3723866084
gym-e1-rv_momo_b.encounter,attack-only,64,Victory,5,0,5,40,9,120,0,100,-1,,0,3,0,165276371
gym-e1-rv_momo_b.encounter,attack-only,65,Victory,4,0,4,32,6,160,0,100,-1,,0,2,0,329757635
gym-e1-rv_momo_b.encounter,attack-only,66,Victory,4,0,4,32,5,140,0,100,-1,,0,2,0,2746217800
gym-e1-rv_momo_b.encounter,attack-only,67,Victory,4,0,4,32,5,140,0,100,-1,,0,2,0,2746217800
gym-e1-rv_momo_b.encounter,attack-only,68,Victory,7,0,7,56,15,50,0,100,-1,,0,5,0,1314689208
gym-e1-rv_momo_b.encounter,attack-only,69,Victory,6,0,6,48,11,60,0,116,-1,,0,5,0,3341392046
gym-e1-rv_momo_b.encounter,attack-only,70,Victory,4,0,4,32,5,140,0,100,-1,,0,2,0,2746217800
gym-e1-rv_momo_b.encounter,attack-only,71,Victory,4,0,4,32,3,160,0,125,-1,,0,3,0,100043955
gym-e1-rv_momo_b.encounter,attack-only,72,Victory,5,0,5,40,8,140,0,100,-1,,0,4,0,245619104
gym-e1-rv_momo_b.encounter,attack-only,73,Victory,4,0,4,32,5,140,0,100,-1,,0,2,0,2746217800
gym-e1-rv_momo_b.encounter,attack-only,74,Victory,5,0,5,40,6,140,0,100,-1,,0,3,0,1962328192
gym-e1-rv_momo_b.encounter,attack-only,75,Victory,4,0,4,32,5,140,0,100,-1,,0,2,0,2746217800
gym-e1-rv_momo_b.encounter,attack-only,76,Victory,5,0,5,40,8,120,0,120,-1,,0,4,0,954665008
gym-e1-rv_momo_b.encounter,attack-only,77,Victory,4,0,4,32,5,140,0,100,-1,,0,2,0,2746217800
gym-e1-rv_momo_b.encounter,attack-only,78,Victory,4,0,4,32,4,160,0,100,-1,,0,2,0,890699844
gym-e1-rv_momo_b.encounter,attack-only,79,Victory,5,0,5,40,9,80,0,140,-1,,0,5,0,1293920363
gym-e1-rv_momo_b.encounter,attack-only,80,Victory,5,0,5,40,5,160,0,100,-1,,0,3,0,1506473006
gym-e1-rv_momo_b.encounter,attack-only,81,Victory,6,0,6,48,10,70,0,116,-1,,0,5,0,1109443169
gym-e1-rv_momo_b.encounter,attack-only,82,Victory,4,0,4,32,5,140,0,100,-1,,0,2,0,2746217800
gym-e1-rv_momo_b.encounter,attack-only,83,Victory,6,0,6,48,11,100,0,100,-1,,0,4,0,458317041
gym-e1-rv_momo_b.encounter,attack-only,84,Victory,4,0,4,32,5,140,0,100,-1,,0,2,0,2746217800
gym-e1-rv_momo_b.encounter,attack-only,85,Victory,5,0,5,40,6,160,0,80,-1,,0,3,0,1962366932
gym-e1-rv_momo_b.encounter,attack-only,86,Victory,5,0,5,40,9,80,0,140,-1,,0,6,0,489473461
gym-e1-rv_momo_b.encounter,attack-only,87,Victory,5,0,5,40,8,120,0,100,-1,,0,3,0,2780305348
gym-e1-rv_momo_b.encounter,attack-only,88,Victory,5,0,5,40,5,100,0,120,-1,,0,4,0,3012403900
gym-e1-rv_momo_b.encounter,attack-only,89,Victory,5,0,5,40,12,130,0,100,-1,,0,3,0,582150600
gym-e1-rv_momo_b.encounter,attack-only,90,Victory,4,0,4,32,5,140,0,100,-1,,0,2,0,2746217800
gym-e1-rv_momo_b.encounter,attack-only,91,Victory,4,0,4,32,5,140,0,100,-1,,0,2,0,2746217800
gym-e1-rv_momo_b.encounter,attack-only,92,Victory,4,0,4,32,5,140,0,100,-1,,0,2,0,2746217800
gym-e1-rv_momo_b.encounter,attack-only,93,Victory,4,0,4,32,5,140,0,100,-1,,0,2,0,2746217800
gym-e1-rv_momo_b.encounter,attack-only,94,Victory,4,0,4,32,5,140,0,100,-1,,0,2,0,2746217800
gym-e1-rv_momo_b.encounter,attack-only,95,Victory,5,0,5,40,0,120,0,120,-1,,0,4,0,3833266278
gym-e1-rv_momo_b.encounter,attack-only,96,Victory,4,0,4,32,5,140,0,100,-1,,0,2,0,2746217800
gym-e1-rv_momo_b.encounter,attack-only,97,Victory,4,0,4,32,2,180,0,100,-1,,0,2,0,2870887792
gym-e1-rv_momo_b.encounter,attack-only,98,Victory,5,0,5,40,5,60,0,120,-1,,0,4,0,1770259411
gym-e1-rv_momo_b.encounter,attack-only,99,Victory,4,0,4,32,5,140,0,100,-1,,0,2,0,2746217800
gym-e1-rv_momo_b.encounter,attack-only,100,Victory,5,0,5,40,6,180,0,60,-1,,0,2,0,2603337112
gym-e1-rv_momo_b.encounter,attack-only,101,Victory,4,0,4,32,5,140,0,100,-1,,0,2,0,2746217800
gym-e1-rv_momo_b.encounter,attack-only,102,Victory,5,0,5,40,6,120,0,100,-1,,0,3,0,1392859542
gym-e1-rv_momo_b.encounter,attack-only,103,Victory,4,0,4,32,5,140,0,100,-1,,0,2,0,2746217800
gym-e1-rv_momo_b.encounter,attack-only,104,Victory,4,0,4,32,5,140,0,100,-1,,0,2,0,2746217800
gym-e1-rv_momo_b.encounter,attack-only,105,Victory,4,0,4,32,5,140,0,100,-1,,0,2,0,2746217800
gym-e1-rv_momo_b.encounter,attack-only,106,Victory,5,0,5,40,7,160,0,80,-1,,0,4,0,1118920990
gym-e1-rv_momo_b.encounter,attack-only,107,Victory,4,0,4,32,5,140,0,100,-1,,0,2,0,2339261320
gym-e1-rv_momo_b.encounter,attack-only,108,Victory,4,0,4,32,5,140,0,100,-1,,0,2,0,876714540
gym-e1-rv_momo_b.encounter,attack-only,109,Victory,5,0,5,40,6,120,0,100,-1,,0,3,0,1683150374
gym-e1-rv_momo_b.encounter,attack-only,110,Victory,4,0,4,32,5,140,0,100,-1,,0,2,0,2339261320
gym-e1-rv_momo_b.encounter,attack-only,111,Victory,5,0,5,40,4,110,0,120,-1,,0,4,0,205565172
gym-e1-rv_momo_b.encounter,attack-only,112,Victory,4,0,4,32,5,140,0,100,-1,,0,2,0,2746217800
gym-e1-rv_momo_b.encounter,attack-only,113,Victory,4,0,4,32,5,120,0,125,-1,,0,3,0,3342148395
gym-e1-rv_momo_b.encounter,attack-only,114,Victory,7,0,7,56,15,30,0,114,-1,,0,6,0,2190045123
gym-e1-rv_momo_b.encounter,attack-only,115,Victory,4,0,4,32,6,220,0,50,-1,,0,1,0,2010438307
gym-e1-rv_momo_b.encounter,attack-only,116,Victory,4,0,4,32,5,140,0,100,-1,,0,2,0,2746217800
gym-e1-rv_momo_b.encounter,attack-only,117,Victory,4,0,4,32,5,140,0,100,-1,,0,2,0,2746217800
gym-e1-rv_momo_b.encounter,attack-only,118,Victory,5,0,5,40,9,120,0,100,-1,,0,3,0,165276371
gym-e1-rv_momo_b.encounter,attack-only,119,Victory,5,0,5,40,9,120,0,100,-1,,0,3,0,165276371
gym-e1-rv_momo_b.encounter,attack-only,120,Victory,4,0,4,32,5,140,0,100,-1,,0,2,0,1668350908
gym-e1-rv_momo_b.encounter,attack-only,121,Victory,4,0,4,32,5,140,0,100,-1,,0,2,0,2746217800
gym-e1-rv_momo_b.encounter,attack-only,122,Victory,4,0,4,32,5,140,0,100,-1,,0,2,0,2746217800
gym-e1-rv_momo_b.encounter,attack-only,123,Victory,4,0,4,32,5,140,0,100,-1,,0,2,0,2746217800
gym-e1-rv_momo_b.encounter,attack-only,124,Victory,5,0,5,40,9,60,0,140,-1,,0,5,0,1888498241
gym-e1-rv_momo_b.encounter,attack-only,125,Victory,4,0,4,32,5,160,0,100,-1,,0,2,0,1837314887
gym-e1-rv_momo_b.encounter,attack-only,126,Victory,4,0,4,32,5,140,0,100,-1,,0,2,0,2746217800
gym-e1-rv_momo_b.encounter,attack-only,127,Victory,4,0,4,32,5,140,0,100,-1,,0,2,0,2746217800
gym-e1-rv_momo_b.encounter,attack-only,128,Victory,4,0,4,32,5,140,0,100,-1,,0,2,0,2746217800
gym-e1-rv_momo_b.encounter,attack-only,129,Victory,4,0,4,32,5,140,0,100,-1,,0,2,0,2746217800
gym-e1-rv_momo_b.encounter,attack-only,130,Victory,4,0,4,32,5,140,0,100,-1,,0,2,0,2746217800
gym-e1-rv_momo_b.encounter,attack-only,131,Victory,4,0,4,32,5,140,0,100,-1,,0,2,0,2746217800
gym-e1-rv_momo_b.encounter,attack-only,132,Victory,4,0,4,32,5,140,0,100,-1,,0,2,0,2746217800
gym-e1-rv_momo_b.encounter,attack-only,133,Victory,5,0,5,40,6,130,0,100,-1,,0,3,0,3199144121
gym-e1-rv_momo_b.encounter,attack-only,134,Victory,4,0,4,32,5,200,0,75,-1,,0,2,0,3487494312
gym-e1-rv_momo_b.encounter,attack-only,135,Victory,4,0,4,32,5,140,0,100,-1,,0,2,0,2746217800
gym-e1-rv_momo_b.encounter,attack-only,136,Victory,5,0,5,40,9,100,0,120,-1,,0,4,0,2869311067
gym-e1-rv_momo_b.encounter,attack-only,137,Victory,6,0,6,48,9,110,0,116,-1,,0,5,0,24465818
gym-e1-rv_momo_b.encounter,attack-only,138,Victory,4,0,4,32,5,140,0,100,-1,,0,2,0,2746217800
gym-e1-rv_momo_b.encounter,attack-only,139,Victory,4,0,4,32,5,140,0,100,-1,,0,2,0,2746217800
gym-e1-rv_momo_b.encounter,attack-only,140,Victory,4,0,4,32,5,130,0,125,-1,,0,3,0,4168617858
gym-e1-rv_momo_b.encounter,attack-only,141,Victory,4,0,4,32,6,140,0,100,-1,,0,2,0,1076619807
gym-e1-rv_momo_b.encounter,attack-only,142,Victory,6,0,6,48,7,160,0,100,-1,,0,4,0,4230023461
gym-e1-rv_momo_b.encounter,attack-only,143,Victory,4,0,4,32,2,180,0,100,-1,,0,2,0,2870887792
gym-e1-rv_momo_b.encounter,attack-only,144,Victory,4,0,4,32,5,140,0,100,-1,,0,2,0,2746217800
gym-e1-rv_momo_b.encounter,attack-only,145,Victory,4,0,4,32,5,140,0,100,-1,,0,2,0,2746217800
gym-e1-rv_momo_b.encounter,attack-only,146,Victory,4,0,4,32,10,140,0,100,-1,,0,2,0,2075032157
gym-e1-rv_momo_b.encounter,attack-only,147,Victory,4,0,4,32,5,140,0,100,-1,,0,2,0,2746217800
gym-e1-rv_momo_b.encounter,attack-only,148,Victory,5,0,5,40,8,100,0,100,-1,,0,4,0,62577695
gym-e1-rv_momo_b.encounter,attack-only,149,Victory,4,0,4,32,6,200,0,75,-1,,0,2,0,1697043766
gym-e1-rv_momo_b.encounter,attack-only,150,Victory,5,0,5,40,9,120,0,100,-1,,0,3,0,2543368485
gym-e1-rv_momo_b.encounter,attack-only,151,Victory,4,0,4,32,5,140,0,100,-1,,0,2,0,2746217800
gym-e1-rv_momo_b.encounter,attack-only,152,Victory,4,0,4,32,4,140,0,100,-1,,0,2,0,2301883929
gym-e1-rv_momo_b.encounter,attack-only,153,Victory,4,0,4,32,5,140,0,100,-1,,0,2,0,2746217800
gym-e1-rv_momo_b.encounter,attack-only,154,Victory,4,0,4,32,5,140,0,100,-1,,0,2,0,2746217800
gym-e1-rv_momo_b.encounter,attack-only,155,Victory,4,0,4,32,8,170,0,100,-1,,0,2,0,403539323
gym-e1-rv_momo_b.encounter,attack-only,156,Victory,5,0,5,40,9,120,0,100,-1,,0,3,0,2870720513
gym-e1-rv_momo_b.encounter,attack-only,157,Victory,4,0,4,32,4,100,0,125,-1,,0,3,0,1444309139
gym-e1-rv_momo_b.encounter,attack-only,158,Victory,4,0,4,32,5,140,0,100,-1,,0,2,0,2746217800
gym-e1-rv_momo_b.encounter,attack-only,159,Victory,4,0,4,32,5,140,0,100,-1,,0,2,0,2746217800
gym-e1-rv_momo_b.encounter,attack-only,160,Victory,4,0,4,32,6,120,0,125,-1,,0,3,0,2825790443
gym-e1-rv_momo_b.encounter,attack-only,161,Victory,5,0,5,40,6,100,0,120,-1,,0,4,0,1801076474
gym-e1-rv_momo_b.encounter,attack-only,162,Victory,4,0,4,32,4,190,0,100,-1,,0,2,0,1356154491
gym-e1-rv_momo_b.encounter,attack-only,163,Victory,4,0,4,32,5,140,0,100,-1,,0,2,0,2746217800
gym-e1-rv_momo_b.encounter,attack-only,164,Victory,4,0,4,32,4,140,0,100,-1,,0,2,0,535352446
gym-e1-rv_momo_b.encounter,attack-only,165,Victory,4,0,4,32,5,140,0,100,-1,,0,2,0,2746217800
gym-e1-rv_momo_b.encounter,attack-only,166,Victory,5,0,5,40,4,80,0,120,-1,,0,4,0,967304238
gym-e1-rv_momo_b.encounter,attack-only,167,Victory,4,0,4,32,4,160,0,100,-1,,0,2,0,3868001537
gym-e1-rv_momo_b.encounter,attack-only,168,Victory,4,0,4,32,4,140,0,100,-1,,0,2,0,377071996
gym-e1-rv_momo_b.encounter,attack-only,169,Victory,5,0,5,40,7,80,0,120,-1,,0,4,0,2402242460
gym-e1-rv_momo_b.encounter,attack-only,170,Victory,4,0,4,32,6,180,0,75,-1,,0,3,0,1718197205
gym-e1-rv_momo_b.encounter,attack-only,171,Victory,4,0,4,32,5,140,0,100,-1,,0,2,0,2746217800
gym-e1-rv_momo_b.encounter,attack-only,172,Victory,4,0,4,32,2,140,0,125,-1,,0,3,0,1723605292
gym-e1-rv_momo_b.encounter,attack-only,173,Victory,4,0,4,32,6,160,0,100,-1,,0,2,0,1671403845
gym-e1-rv_momo_b.encounter,attack-only,174,Victory,4,0,4,32,5,140,0,100,-1,,0,2,0,2746217800
gym-e1-rv_momo_b.encounter,attack-only,175,Victory,4,0,4,32,6,80,0,150,-1,,0,4,0,3096169891
gym-e1-rv_momo_b.encounter,attack-only,176,Victory,4,0,4,32,5,140,0,100,-1,,0,2,0,2746217800
gym-e1-rv_momo_b.encounter,attack-only,177,Victory,4,0,4,32,5,140,0,100,-1,,0,2,0,2746217800
gym-e1-rv_momo_b.encounter,attack-only,178,Victory,5,0,5,40,9,120,0,100,-1,,0,3,0,2543368485
gym-e1-rv_momo_b.encounter,attack-only,179,Victory,4,0,4,32,4,140,0,100,-1,,0,2,0,3879341225
gym-e1-rv_momo_b.encounter,attack-only,180,Victory,5,0,5,40,10,160,0,100,-1,,0,3,0,3825392170
gym-e1-rv_momo_b.encounter,attack-only,181,Victory,4,0,4,32,3,140,0,100,-1,,0,2,0,2746217800
gym-e1-rv_momo_b.encounter,attack-only,182,Victory,4,0,4,32,5,140,0,100,-1,,0,2,0,2746217800
gym-e1-rv_momo_b.encounter,attack-only,183,Victory,4,0,4,32,5,140,0,100,-1,,0,2,0,2746217800
gym-e1-rv_momo_b.encounter,attack-only,184,Victory,4,0,4,32,5,140,0,100,-1,,0,2,0,2746217800
gym-e1-rv_momo_b.encounter,attack-only,185,Victory,4,0,4,32,5,140,0,100,-1,,0,2,0,2746217800
gym-e1-rv_momo_b.encounter,attack-only,186,Victory,4,0,4,32,5,120,0,125,-1,,0,3,0,197773035
gym-e1-rv_momo_b.encounter,attack-only,187,Victory,4,0,4,32,5,140,0,100,-1,,0,2,0,2746217800
gym-e1-rv_momo_b.encounter,attack-only,188,Victory,5,0,5,40,9,120,0,100,-1,,0,3,0,3631488023
gym-e1-rv_momo_b.encounter,attack-only,189,Victory,5,0,5,40,10,160,0,100,-1,,0,4,0,3615734868
gym-e1-rv_momo_b.encounter,attack-only,190,Victory,4,0,4,32,5,140,0,100,-1,,0,2,0,2746217800
gym-e1-rv_momo_b.encounter,attack-only,191,Victory,5,0,5,40,6,140,0,100,-1,,0,3,0,980346244
gym-e1-rv_momo_b.encounter,attack-only,192,Victory,4,0,4,32,3,160,0,125,-1,,0,3,0,100043955
gym-e1-rv_momo_b.encounter,attack-only,193,Victory,4,0,4,32,5,140,0,100,-1,,0,2,0,2746217800
gym-e1-rv_momo_b.encounter,attack-only,194,Victory,5,0,5,40,8,90,0,140,-1,,0,5,0,50317138
gym-e1-rv_momo_b.encounter,attack-only,195,Victory,4,0,4,32,5,140,0,100,-1,,0,2,0,2746217800
gym-e1-rv_momo_b.encounter,attack-only,196,Victory,5,0,5,40,10,140,0,80,-1,,0,4,0,2361145536
gym-e1-rv_momo_b.encounter,attack-only,197,Victory,4,0,4,32,4,140,0,100,-1,,0,2,0,508758399
gym-e1-rv_momo_b.encounter,attack-only,198,Victory,4,0,4,32,4,100,0,125,-1,,0,3,0,500226037
gym-e1-rv_momo_b.encounter,attack-only,199,Victory,4,0,4,32,6,160,0,125,-1,,0,3,0,1273121921
gym-e1-rv_momo_b.encounter,attack-only,200,Victory,4,0,4,32,5,200,0,75,-1,,0,2,0,3287101420
gym-e1-rv_momo_b.encounter,push-instrument,1,Defeat,6,0,6,48,4,0,1,133,-1,,0,6,0,1477538664
gym-e1-rv_momo_b.encounter,push-instrument,2,Defeat,5,0,5,40,6,0,2,200,-1,,0,6,0,3182387520
gym-e1-rv_momo_b.encounter,push-instrument,3,Defeat,4,0,4,32,4,0,2,200,-1,,0,4,0,157419065
gym-e1-rv_momo_b.encounter,push-instrument,4,Defeat,6,0,6,48,20,0,2,200,-1,,0,8,0,2061442219
gym-e1-rv_momo_b.encounter,push-instrument,5,Defeat,5,0,5,40,4,0,1,180,-1,,0,6,0,1385245953
gym-e1-rv_momo_b.encounter,push-instrument,6,Victory,5,0,5,40,9,100,0,100,-1,,0,4,0,1712825865
gym-e1-rv_momo_b.encounter,push-instrument,7,Defeat,5,0,5,40,6,0,2,200,-1,,0,6,0,662566222
gym-e1-rv_momo_b.encounter,push-instrument,8,Defeat,6,0,6,48,5,0,1,150,-1,,0,7,0,3650555213
gym-e1-rv_momo_b.encounter,push-instrument,9,Defeat,5,0,5,40,4,0,2,180,-1,,0,6,0,1558192519
gym-e1-rv_momo_b.encounter,push-instrument,10,Defeat,6,0,6,48,4,0,1,166,-1,,0,7,0,1195854122
gym-e1-rv_momo_b.encounter,push-instrument,11,Defeat,5,0,5,40,4,0,1,180,-1,,0,6,0,1385245953
gym-e1-rv_momo_b.encounter,push-instrument,12,Defeat,5,0,5,40,4,0,1,180,-1,,0,6,0,1385245953
gym-e1-rv_momo_b.encounter,push-instrument,13,Defeat,5,0,5,40,4,0,1,180,-1,,0,6,0,1385245953
gym-e1-rv_momo_b.encounter,push-instrument,14,Defeat,5,0,5,40,16,0,2,200,-1,,0,6,0,2574953793
gym-e1-rv_momo_b.encounter,push-instrument,15,Defeat,6,0,6,48,4,0,1,183,-1,,0,8,0,1047947242
gym-e1-rv_momo_b.encounter,push-instrument,16,Defeat,6,0,6,48,4,0,1,183,-1,,0,8,0,2352096774
gym-e1-rv_momo_b.encounter,push-instrument,17,Defeat,5,0,5,40,2,0,2,200,-1,,0,6,0,601428036
gym-e1-rv_momo_b.encounter,push-instrument,18,Defeat,7,0,7,56,4,0,1,157,-1,,0,8,0,4145865207
gym-e1-rv_momo_b.encounter,push-instrument,19,Defeat,5,0,5,40,4,0,1,180,-1,,0,6,0,1385245953
gym-e1-rv_momo_b.encounter,push-instrument,20,Defeat,6,0,6,48,4,0,1,133,-1,,0,5,0,48861047
gym-e1-rv_momo_b.encounter,push-instrument,21,Defeat,5,0,5,40,4,0,1,180,-1,,0,6,0,1385245953
gym-e1-rv_momo_b.encounter,push-instrument,22,Defeat,6,0,6,48,5,0,1,166,-1,,0,7,0,1918907407
gym-e1-rv_momo_b.encounter,push-instrument,23,Defeat,6,0,6,48,8,0,2,200,-1,,0,8,0,1135974332
gym-e1-rv_momo_b.encounter,push-instrument,24,Defeat,5,0,5,40,4,0,2,200,-1,,0,6,0,1011683569
gym-e1-rv_momo_b.encounter,push-instrument,25,Defeat,5,0,5,40,4,0,2,200,-1,,0,6,0,2344567967
gym-e1-rv_momo_b.encounter,push-instrument,26,Defeat,6,0,6,48,4,0,1,133,-1,,0,6,0,3386627038
gym-e1-rv_momo_b.encounter,push-instrument,27,Defeat,5,0,5,40,6,0,1,160,-1,,0,5,0,1026294468
gym-e1-rv_momo_b.encounter,push-instrument,28,Defeat,4,0,4,32,12,0,2,200,-1,,0,4,0,2844592992
gym-e1-rv_momo_b.encounter,push-instrument,29,Defeat,6,0,6,48,5,0,1,150,-1,,0,6,0,456029864
gym-e1-rv_momo_b.encounter,push-instrument,30,Victory,4,0,4,32,4,160,0,100,-1,,0,2,0,4164383601
gym-e1-rv_momo_b.encounter,push-instrument,31,Victory,6,0,6,48,8,100,0,100,-1,,0,5,0,3935050402
gym-e1-rv_momo_b.encounter,push-instrument,32,Defeat,5,0,5,40,11,0,2,180,-1,,0,6,0,3785467134
gym-e1-rv_momo_b.encounter,push-instrument,33,Defeat,6,0,6,48,6,0,2,183,-1,,0,8,0,2055424351
gym-e1-rv_momo_b.encounter,push-instrument,34,Defeat,4,0,4,32,4,0,2,200,-1,,0,4,0,4110027251
gym-e1-rv_momo_b.encounter,push-instrument,35,Defeat,6,0,6,48,5,0,1,150,-1,,0,6,0,1226073690
gym-e1-rv_momo_b.encounter,push-instrument,36,Defeat,5,0,5,40,4,0,2,200,-1,,0,6,0,790352951
gym-e1-rv_momo_b.encounter,push-instrument,37,Defeat,5,0,5,40,4,0,1,180,-1,,0,6,0,1385245953
gym-e1-rv_momo_b.encounter,push-instrument,38,Defeat,6,0,6,48,3,0,1,166,-1,,0,7,0,316640111
gym-e1-rv_momo_b.encounter,push-instrument,39,Defeat,5,0,5,40,5,0,2,200,-1,,0,6,0,182892774
gym-e1-rv_momo_b.encounter,push-instrument,40,Defeat,5,0,5,40,2,0,1,180,-1,,0,6,0,1385245953
gym-e1-rv_momo_b.encounter,push-instrument,41,Defeat,5,0,5,40,4,0,2,200,-1,,0,6,0,1735421577
gym-e1-rv_momo_b.encounter,push-instrument,42,Defeat,5,0,5,40,4,0,1,180,-1,,0,6,0,1385245953
gym-e1-rv_momo_b.encounter,push-instrument,43,Defeat,5,0,5,40,4,0,2,200,-1,,0,6,0,1503252470
gym-e1-rv_momo_b.encounter,push-instrument,44,Defeat,5,0,5,40,4,0,2,200,-1,,0,6,0,2573466259
gym-e1-rv_momo_b.encounter,push-instrument,45,Defeat,5,0,5,40,12,0,2,200,-1,,0,6,0,4244381269
gym-e1-rv_momo_b.encounter,push-instrument,46,Defeat,6,0,6,48,9,0,1,150,-1,,0,7,0,2616187696
gym-e1-rv_momo_b.encounter,push-instrument,47,Defeat,5,0,5,40,4,0,1,180,-1,,0,6,0,1385245953
gym-e1-rv_momo_b.encounter,push-instrument,48,Defeat,5,0,5,40,4,0,1,180,-1,,0,6,0,1385245953
gym-e1-rv_momo_b.encounter,push-instrument,49,Defeat,5,0,5,40,4,0,2,200,-1,,0,6,0,2344567967
gym-e1-rv_momo_b.encounter,push-instrument,50,Defeat,5,0,5,40,4,0,2,200,-1,,0,6,0,4228650941
gym-e1-rv_momo_b.encounter,push-instrument,51,Defeat,5,0,5,40,4,0,1,160,-1,,0,5,0,3927180834
gym-e1-rv_momo_b.encounter,push-instrument,52,Defeat,5,0,5,40,5,0,2,200,-1,,0,6,0,182892774
gym-e1-rv_momo_b.encounter,push-instrument,53,Defeat,5,0,5,40,5,0,2,180,-1,,0,6,0,3846853763
gym-e1-rv_momo_b.encounter,push-instrument,54,Defeat,6,0,6,48,9,0,2,200,-1,,0,8,0,2293145340
gym-e1-rv_momo_b.encounter,push-instrument,55,Defeat,6,0,6,48,8,0,2,183,-1,,0,7,0,4230827986
gym-e1-rv_momo_b.encounter,push-instrument,56,Defeat,5,0,5,40,4,0,2,200,-1,,0,6,0,2796535201
gym-e1-rv_momo_b.encounter,push-instrument,57,Defeat,5,0,5,40,5,0,2,200,-1,,0,6,0,3373386709
gym-e1-rv_momo_b.encounter,push-instrument,58,Defeat,8,0,8,64,14,0,1,125,-1,,0,7,0,3390116661
gym-e1-rv_momo_b.encounter,push-instrument,59,Defeat,4,0,4,32,4,0,2,200,-1,,0,4,0,3682659232
gym-e1-rv_momo_b.encounter,push-instrument,60,Victory,6,0,6,48,9,60,0,116,-1,,0,5,0,991898906
gym-e1-rv_momo_b.encounter,push-instrument,61,Defeat,5,0,5,40,4,0,2,200,-1,,0,6,0,1450601398
gym-e1-rv_momo_b.encounter,push-instrument,62,Defeat,7,0,7,56,4,0,1,142,-1,,0,8,0,1795594146
gym-e1-rv_momo_b.encounter,push-instrument,63,Defeat,6,0,6,48,4,0,1,166,-1,,0,7,0,3594545476
gym-e1-rv_momo_b.encounter,push-instrument,64,Defeat,6,0,6,48,6,0,1,133,-1,,0,6,0,1676800204
gym-e1-rv_momo_b.encounter,push-instrument,65,Defeat,5,0,5,40,4,0,2,180,-1,,0,6,0,1184650573
gym-e1-rv_momo_b.encounter,push-instrument,66,Defeat,5,0,5,40,4,0,2,200,-1,,0,6,0,2263322490
gym-e1-rv_momo_b.encounter,push-instrument,67,Defeat,5,0,5,40,4,0,2,200,-1,,0,6,0,2344567967
gym-e1-rv_momo_b.encounter,push-instrument,68,Defeat,6,0,6,48,10,0,2,200,-1,,0,8,0,2017182924
gym-e1-rv_momo_b.encounter,push-instrument,69,Defeat,5,0,5,40,10,0,2,200,-1,,0,6,0,4164160184
gym-e1-rv_momo_b.encounter,push-instrument,70,Defeat,5,0,5,40,5,0,2,200,-1,,0,6,0,1358001478
gym-e1-rv_momo_b.encounter,push-instrument,71,Defeat,7,0,7,56,2,0,1,142,-1,,0,9,0,1788720875
gym-e1-rv_momo_b.encounter,push-instrument,72,Defeat,7,0,7,56,14,0,1,128,-1,,0,7,0,923592373
gym-e1-rv_momo_b.encounter,push-instrument,73,Defeat,5,0,5,40,4,0,1,160,-1,,0,6,0,3274747542
gym-e1-rv_momo_b.encounter,push-instrument,74,Defeat,5,0,5,40,4,0,2,200,-1,,0,6,0,1062203734
gym-e1-rv_momo_b.encounter,push-instrument,75,Defeat,5,0,5,40,5,0,1,180,-1,,0,6,0,3899280977
gym-e1-rv_momo_b.encounter,push-instrument,76,Defeat,5,0,5,40,8,0,2,200,-1,,0,6,0,2474052907
gym-e1-rv_momo_b.encounter,push-instrument,77,Defeat,5,0,5,40,4,0,1,180,-1,,0,6,0,1385245953
gym-e1-rv_momo_b.encounter,push-instrument,78,Defeat,5,0,5,40,4,0,1,180,-1,,0,6,0,1385245953
gym-e1-rv_momo_b.encounter,push-instrument,79,Defeat,5,0,5,40,9,0,2,180,-1,,0,6,0,461309051
gym-e1-rv_momo_b.encounter,push-instrument,80,Victory,7,0,7,56,2,50,0,128,-1,,0,7,0,2000209485
gym-e1-rv_momo_b.encounter,push-instrument,81,Defeat,8,0,8,64,11,0,1,125,-1,,0,9,0,2745874534
gym-e1-rv_momo_b.encounter,push-instrument,82,Defeat,5,0,5,40,4,0,1,180,-1,,0,6,0,1385245953
gym-e1-rv_momo_b.encounter,push-instrument,83,Defeat,7,0,7,56,4,0,1,157,-1,,0,9,0,3945882701
gym-e1-rv_momo_b.encounter,push-instrument,84,Defeat,5,0,5,40,4,0,1,180,-1,,0,6,0,1385245953
gym-e1-rv_momo_b.encounter,push-instrument,85,Defeat,7,0,7,56,9,0,1,142,-1,,0,7,0,3558172874
gym-e1-rv_momo_b.encounter,push-instrument,86,Defeat,5,0,5,40,5,0,2,200,-1,,0,6,0,2477609805
gym-e1-rv_momo_b.encounter,push-instrument,87,Victory,5,0,5,40,8,60,0,140,-1,,0,5,0,2933564708
gym-e1-rv_momo_b.encounter,push-instrument,88,Defeat,5,0,5,40,5,0,2,200,-1,,0,6,0,1961143068
gym-e1-rv_momo_b.encounter,push-instrument,89,Defeat,5,0,5,40,4,0,2,200,-1,,0,6,0,2166783156
gym-e1-rv_momo_b.encounter,push-instrument,90,Defeat,5,0,5,40,4,0,1,180,-1,,0,6,0,1385245953
gym-e1-rv_momo_b.encounter,push-instrument,91,Defeat,6,0,6,48,4,0,1,133,-1,,0,6,0,3144435738
gym-e1-rv_momo_b.encounter,push-instrument,92,Defeat,5,0,5,40,4,0,1,180,-1,,0,6,0,1385245953
gym-e1-rv_momo_b.encounter,push-instrument,93,Defeat,5,0,5,40,5,0,2,200,-1,,0,6,0,1572327587
gym-e1-rv_momo_b.encounter,push-instrument,94,Defeat,5,0,5,40,4,0,1,180,-1,,0,6,0,1385245953
gym-e1-rv_momo_b.encounter,push-instrument,95,Defeat,5,0,5,40,1,0,1,180,-1,,0,6,0,618536726
gym-e1-rv_momo_b.encounter,push-instrument,96,Defeat,5,0,5,40,8,0,2,200,-1,,0,6,0,2344567967
gym-e1-rv_momo_b.encounter,push-instrument,97,Defeat,5,0,5,40,1,0,2,200,-1,,0,6,0,3148094892
gym-e1-rv_momo_b.encounter,push-instrument,98,Defeat,5,0,5,40,6,0,2,180,-1,,0,6,0,1657479334
gym-e1-rv_momo_b.encounter,push-instrument,99,Defeat,5,0,5,40,4,0,1,180,-1,,0,6,0,1385245953
gym-e1-rv_momo_b.encounter,push-instrument,100,Defeat,7,0,7,56,4,0,1,128,-1,,0,7,0,799180189
gym-e1-rv_momo_b.encounter,push-instrument,101,Defeat,5,0,5,40,4,0,2,200,-1,,0,6,0,490816486
gym-e1-rv_momo_b.encounter,push-instrument,102,Defeat,5,0,5,40,5,0,2,200,-1,,0,6,0,182892774
gym-e1-rv_momo_b.encounter,push-instrument,103,Defeat,5,0,5,40,4,0,2,200,-1,,0,6,0,3888331574
gym-e1-rv_momo_b.encounter,push-instrument,104,Defeat,6,0,6,48,4,0,1,133,-1,,0,6,0,1354414810
gym-e1-rv_momo_b.encounter,push-instrument,105,Defeat,5,0,5,40,4,0,2,180,-1,,0,6,0,4148926479
gym-e1-rv_momo_b.encounter,push-instrument,106,Defeat,6,0,6,48,6,0,2,166,-1,,0,8,0,2321810753
gym-e1-rv_momo_b.encounter,push-instrument,107,Defeat,4,0,4,32,4,0,2,200,-1,,0,4,0,3102641287
gym-e1-rv_momo_b.encounter,push-instrument,108,Defeat,5,0,5,40,11,0,2,200,-1,,0,6,0,867350994
gym-e1-rv_momo_b.encounter,push-instrument,109,Defeat,5,0,5,40,2,0,1,180,-1,,0,6,0,1385245953
gym-e1-rv_momo_b.encounter,push-instrument,110,Defeat,5,0,5,40,7,0,1,180,-1,,0,6,0,844861523
gym-e1-rv_momo_b.encounter,push-instrument,111,Defeat,6,0,6,48,7,0,1,150,-1,,0,7,0,2349395918
gym-e1-rv_momo_b.encounter,push-instrument,112,Defeat,6,0,6,48,4,0,1,150,-1,,0,7,0,2609122319
gym-e1-rv_momo_b.encounter,push-instrument,113,Defeat,7,0,7,56,4,0,1,128,-1,,0,6,0,3387345264
gym-e1-rv_momo_b.encounter,push-instrument,114,Defeat,5,0,5,40,7,0,2,200,-1,,0,6,0,169963337
gym-e1-rv_momo_b.encounter,push-instrument,115,Defeat,6,0,6,48,5,0,1,133,-1,,0,5,0,4201013824
gym-e1-rv_momo_b.encounter,push-instrument,116,Victory,6,0,6,48,4,40,0,116,-1,,0,6,0,2416036815
gym-e1-rv_momo_b.encounter,push-instrument,117,Defeat,5,0,5,40,4,0,2,200,-1,,0,6,0,344112876
gym-e1-rv_momo_b.encounter,push-instrument,118,Defeat,5,0,5,40,4,0,1,160,-1,,0,6,0,139926832
gym-e1-rv_momo_b.encounter,push-instrument,119,Defeat,5,0,5,40,6,0,2,180,-1,,0,6,0,856571416
gym-e1-rv_momo_b.encounter,push-instrument,120,Defeat,7,0,7,56,6,0,1,142,-1,,0,8,0,1711152979
gym-e1-rv_momo_b.encounter,push-instrument,121,Defeat,6,0,6,48,4,0,1,133,-1,,0,6,0,395249419
gym-e1-rv_momo_b.encounter,push-instrument,122,Defeat,5,0,5,40,4,0,1,180,-1,,0,6,0,1385245953
gym-e1-rv_momo_b.encounter,push-instrument,123,Defeat,5,0,5,40,4,0,1,180,-1,,0,6,0,1385245953
gym-e1-rv_momo_b.encounter,push-instrument,124,Defeat,6,0,6,48,8,0,1,150,-1,,0,6,0,3448475548
gym-e1-rv_momo_b.encounter,push-instrument,125,Victory,4,0,4,32,5,160,0,100,-1,,0,2,0,1837314887
gym-e1-rv_momo_b.encounter,push-instrument,126,Defeat,6,0,6,48,6,0,2,200,-1,,0,8,0,2353715721
gym-e1-rv_momo_b.encounter,push-instrument,127,Defeat,5,0,5,40,5,0,2,200,-1,,0,6,0,2907291793
gym-e1-rv_momo_b.encounter,push-instrument,128,Defeat,6,0,6,48,4,0,2,183,-1,,0,8,0,3731857668
gym-e1-rv_momo_b.encounter,push-instrument,129,Defeat,5,0,5,40,4,0,1,180,-1,,0,6,0,1385245953
gym-e1-rv_momo_b.encounter,push-instrument,130,Defeat,5,0,5,40,4,0,2,200,-1,,0,6,0,4072655335
gym-e1-rv_momo_b.encounter,push-instrument,131,Defeat,5,0,5,40,4,0,1,180,-1,,0,6,0,1385245953
gym-e1-rv_momo_b.encounter,push-instrument,132,Defeat,5,0,5,40,4,0,1,180,-1,,0,6,0,1385245953
gym-e1-rv_momo_b.encounter,push-instrument,133,Defeat,5,0,5,40,4,0,2,200,-1,,0,6,0,372607445
gym-e1-rv_momo_b.encounter,push-instrument,134,Defeat,7,0,7,56,4,0,1,114,-1,,0,6,0,220688644
gym-e1-rv_momo_b.encounter,push-instrument,135,Defeat,5,0,5,40,6,0,2,200,-1,,0,6,0,1942076791
gym-e1-rv_momo_b.encounter,push-instrument,136,Defeat,8,0,8,64,16,0,1,125,-1,,0,7,0,3619642044
gym-e1-rv_momo_b.encounter,push-instrument,137,Defeat,5,0,5,40,4,0,2,200,-1,,0,6,0,2226698370
gym-e1-rv_momo_b.encounter,push-instrument,138,Defeat,5,0,5,40,6,0,2,200,-1,,0,6,0,432183255
gym-e1-rv_momo_b.encounter,push-instrument,139,Defeat,5,0,5,40,4,0,1,180,-1,,0,6,0,1385245953
gym-e1-rv_momo_b.encounter,push-instrument,140,Defeat,5,0,5,40,5,0,1,160,-1,,0,5,0,2259507187
gym-e1-rv_momo_b.encounter,push-instrument,141,Defeat,6,0,6,48,4,0,1,133,-1,,0,6,0,1010745183
gym-e1-rv_momo_b.encounter,push-instrument,142,Defeat,5,0,5,40,3,0,2,200,-1,,0,6,0,3870647868
gym-e1-rv_momo_b.encounter,push-instrument,143,Defeat,6,0,6,48,1,0,1,183,-1,,0,8,0,2510170779
gym-e1-rv_momo_b.encounter,push-instrument,144,Defeat,5,0,5,40,4,0,1,180,-1,,0,6,0,1385245953
gym-e1-rv_momo_b.encounter,push-instrument,145,Defeat,5,0,5,40,6,0,2,200,-1,,0,6,0,3182387520
gym-e1-rv_momo_b.encounter,push-instrument,146,Defeat,5,0,5,40,4,0,2,200,-1,,0,6,0,1830224407
gym-e1-rv_momo_b.encounter,push-instrument,147,Defeat,6,0,6,48,5,0,1,150,-1,,0,6,0,2659816199
gym-e1-rv_momo_b.encounter,push-instrument,148,Defeat,7,0,7,56,8,0,1,114,-1,,0,6,0,3971379445
gym-e1-rv_momo_b.encounter,push-instrument,149,Victory,7,0,7,56,6,40,0,114,-1,,0,6,0,4138714255
gym-e1-rv_momo_b.encounter,push-instrument,150,Defeat,5,0,5,40,6,0,2,180,-1,,0,6,0,3415890866
gym-e1-rv_momo_b.encounter,push-instrument,151,Defeat,5,0,5,40,4,0,2,200,-1,,0,6,0,3836715327
gym-e1-rv_momo_b.encounter,push-instrument,152,Defeat,5,0,5,40,4,0,2,200,-1,,0,6,0,773587952
gym-e1-rv_momo_b.encounter,push-instrument,153,Defeat,5,0,5,40,4,0,1,160,-1,,0,6,0,744453555
gym-e1-rv_momo_b.encounter,push-instrument,154,Defeat,5,0,5,40,6,0,2,200,-1,,0,6,0,2762801535
gym-e1-rv_momo_b.encounter,push-instrument,155,Defeat,5,0,5,40,4,0,2,200,-1,,0,6,0,3802879858
gym-e1-rv_momo_b.encounter,push-instrument,156,Defeat,6,0,6,48,9,0,1,150,-1,,0,6,0,2747144941
gym-e1-rv_momo_b.encounter,push-instrument,157,Defeat,6,0,6,48,5,0,1,133,-1,,0,6,0,3005216157
gym-e1-rv_momo_b.encounter,push-instrument,158,Defeat,5,0,5,40,4,0,1,180,-1,,0,6,0,1385245953
gym-e1-rv_momo_b.encounter,push-instrument,159,Defeat,5,0,5,40,4,0,2,200,-1,,0,6,0,1288387519
gym-e1-rv_momo_b.encounter,push-instrument,160,Victory,6,0,6,48,4,40,0,116,-1,,0,5,0,3063880411
gym-e1-rv_momo_b.encounter,push-instrument,161,Defeat,4,0,4,32,9,0,2,200,-1,,0,4,0,954760689
gym-e1-rv_momo_b.encounter,push-instrument,162,Victory,7,0,7,56,9,50,0,128,-1,,0,7,0,3167420235
gym-e1-rv_momo_b.encounter,push-instrument,163,Defeat,5,0,5,40,4,0,1,180,-1,,0,6,0,1385245953
gym-e1-rv_momo_b.encounter,push-instrument,164,Defeat,5,0,5,40,4,0,2,200,-1,,0,6,0,3440048191
gym-e1-rv_momo_b.encounter,push-instrument,165,Defeat,5,0,5,40,5,0,2,200,-1,,0,6,0,182892774
gym-e1-rv_momo_b.encounter,push-instrument,166,Defeat,6,0,6,48,6,0,1,133,-1,,0,7,0,78098249
gym-e1-rv_momo_b.encounter,push-instrument,167,Defeat,5,0,5,40,3,0,2,200,-1,,0,6,0,182892774
gym-e1-rv_momo_b.encounter,push-instrument,168,Defeat,5,0,5,40,4,0,2,200,-1,,0,6,0,1256305943
gym-e1-rv_momo_b.encounter,push-instrument,169,Defeat,6,0,6,48,5,0,1,133,-1,,0,5,0,2509000765
gym-e1-rv_momo_b.encounter,push-instrument,170,Victory,7,0,7,56,9,20,0,100,-1,,0,7,0,2231308125
gym-e1-rv_momo_b.encounter,push-instrument,171,Defeat,6,0,6,48,8,0,1,133,-1,,0,6,0,4170440458
gym-e1-rv_momo_b.encounter,push-instrument,172,Victory,7,0,7,56,3,60,0,114,-1,,0,6,0,1838973636
gym-e1-rv_momo_b.encounter,push-instrument,173,Defeat,6,0,6,48,7,0,1,150,-1,,0,6,0,1005097198
gym-e1-rv_momo_b.encounter,push-instrument,174,Victory,6,0,6,48,5,20,0,116,-1,,0,6,0,1106977203
gym-e1-rv_momo_b.encounter,push-instrument,175,Defeat,6,0,6,48,6,0,1,133,-1,,0,5,0,1144778303
gym-e1-rv_momo_b.encounter,push-instrument,176,Defeat,5,0,5,40,4,0,1,180,-1,,0,6,0,1385245953
gym-e1-rv_momo_b.encounter,push-instrument,177,Defeat,6,0,6,48,4,0,1,133,-1,,0,6,0,2509720231
gym-e1-rv_momo_b.encounter,push-instrument,178,Victory,7,0,7,56,6,30,0,128,-1,,0,7,0,1084619028
gym-e1-rv_momo_b.encounter,push-instrument,179,Defeat,5,0,5,40,4,0,2,200,-1,,0,6,0,1704988223
gym-e1-rv_momo_b.encounter,push-instrument,180,Victory,7,0,7,56,13,100,0,100,-1,,0,5,0,338227548
gym-e1-rv_momo_b.encounter,push-instrument,181,Defeat,5,0,5,40,2,0,1,180,-1,,0,6,0,1385245953
gym-e1-rv_momo_b.encounter,push-instrument,182,Defeat,5,0,5,40,5,0,1,160,-1,,0,5,0,2699331173
gym-e1-rv_momo_b.encounter,push-instrument,183,Defeat,5,0,5,40,4,0,1,180,-1,,0,6,0,3247332198
gym-e1-rv_momo_b.encounter,push-instrument,184,Defeat,5,0,5,40,4,0,2,200,-1,,0,6,0,1838373492
gym-e1-rv_momo_b.encounter,push-instrument,185,Defeat,4,0,4,32,6,0,2,200,-1,,0,4,0,887011127
gym-e1-rv_momo_b.encounter,push-instrument,186,Defeat,7,0,7,56,11,0,1,128,-1,,0,7,0,3012942065
gym-e1-rv_momo_b.encounter,push-instrument,187,Defeat,5,0,5,40,4,0,1,180,-1,,0,6,0,1385245953
gym-e1-rv_momo_b.encounter,push-instrument,188,Defeat,7,0,7,56,6,0,1,128,-1,,0,8,0,3595815435
gym-e1-rv_momo_b.encounter,push-instrument,189,Defeat,8,0,8,64,9,0,1,137,-1,,0,9,0,2069245350
gym-e1-rv_momo_b.encounter,push-instrument,190,Defeat,6,0,6,48,7,0,2,183,-1,,0,8,0,1664483464
gym-e1-rv_momo_b.encounter,push-instrument,191,Defeat,7,0,7,56,5,0,1,157,-1,,0,9,0,1840507428
gym-e1-rv_momo_b.encounter,push-instrument,192,Victory,6,0,6,48,1,100,0,116,-1,,0,5,0,1590335876
gym-e1-rv_momo_b.encounter,push-instrument,193,Defeat,6,0,6,48,4,0,1,183,-1,,0,8,0,219326156
gym-e1-rv_momo_b.encounter,push-instrument,194,Defeat,6,0,6,48,6,0,2,200,-1,,0,8,0,3941178571
gym-e1-rv_momo_b.encounter,push-instrument,195,Defeat,5,0,5,40,5,0,1,160,-1,,0,5,0,3135386358
gym-e1-rv_momo_b.encounter,push-instrument,196,Defeat,9,0,9,72,23,0,1,111,-1,,0,9,0,2974764045
gym-e1-rv_momo_b.encounter,push-instrument,197,Defeat,6,0,6,48,4,0,2,183,-1,,0,8,0,2910252741
gym-e1-rv_momo_b.encounter,push-instrument,198,Defeat,5,0,5,40,4,0,2,180,-1,,0,6,0,2394891941
gym-e1-rv_momo_b.encounter,push-instrument,199,Defeat,6,0,6,48,8,0,1,150,-1,,0,6,0,1248620004
gym-e1-rv_momo_b.encounter,push-instrument,200,Victory,7,0,7,56,5,20,0,100,-1,,0,6,0,767235482
gym-e1-rv_momo_b.encounter,slow-instrument,1,Victory,4,0,4,32,6,160,0,100,-1,,0,2,0,1671403845
gym-e1-rv_momo_b.encounter,slow-instrument,2,Victory,4,0,4,32,5,140,0,100,-1,,0,2,0,2746217800
gym-e1-rv_momo_b.encounter,slow-instrument,3,Victory,4,0,4,32,5,100,0,125,-1,,0,3,0,3723866084
gym-e1-rv_momo_b.encounter,slow-instrument,4,Defeat,6,0,6,48,20,0,1,183,-1,,0,8,0,43339241
gym-e1-rv_momo_b.encounter,slow-instrument,5,Victory,4,0,4,32,4,140,0,100,-1,,0,2,0,1348342558
gym-e1-rv_momo_b.encounter,slow-instrument,6,Victory,4,0,4,32,4,220,0,50,-1,,0,1,0,1953309695
gym-e1-rv_momo_b.encounter,slow-instrument,7,Victory,4,0,4,32,4,140,0,125,-1,,0,3,0,1723605292
gym-e1-rv_momo_b.encounter,slow-instrument,8,Victory,4,0,4,32,5,140,0,100,-1,,0,2,0,2746217800
gym-e1-rv_momo_b.encounter,slow-instrument,9,Victory,6,0,6,48,10,90,0,100,-1,,0,4,0,1050515918
gym-e1-rv_momo_b.encounter,slow-instrument,10,Victory,4,0,4,32,5,120,0,125,-1,,0,3,0,3342148395
gym-e1-rv_momo_b.encounter,slow-instrument,11,Victory,4,0,4,32,5,140,0,100,-1,,0,2,0,2746217800
gym-e1-rv_momo_b.encounter,slow-instrument,12,Victory,4,0,4,32,5,140,0,100,-1,,0,2,0,2746217800
gym-e1-rv_momo_b.encounter,slow-instrument,13,Victory,4,0,4,32,4,140,0,100,-1,,0,2,0,3879341225
gym-e1-rv_momo_b.encounter,slow-instrument,14,Defeat,5,0,5,40,18,0,1,180,-1,,0,6,0,706041504
gym-e1-rv_momo_b.encounter,slow-instrument,15,Victory,4,0,4,32,5,140,0,100,-1,,0,2,0,2746217800
gym-e1-rv_momo_b.encounter,slow-instrument,16,Victory,4,0,4,32,4,140,0,125,-1,,0,3,0,1723605292
gym-e1-rv_momo_b.encounter,slow-instrument,17,Victory,4,0,4,32,3,140,0,100,-1,,0,2,0,2746217800
gym-e1-rv_momo_b.encounter,slow-instrument,18,Victory,4,0,4,32,5,140,0,100,-1,,0,2,0,2746217800
gym-e1-rv_momo_b.encounter,slow-instrument,19,Victory,4,0,4,32,5,140,0,100,-1,,0,2,0,2746217800
gym-e1-rv_momo_b.encounter,slow-instrument,20,Victory,4,0,4,32,4,220,0,50,-1,,0,1,0,1953309695
gym-e1-rv_momo_b.encounter,slow-instrument,21,Victory,4,0,4,32,6,100,0,125,-1,,0,3,0,1170868433
gym-e1-rv_momo_b.encounter,slow-instrument,22,Victory,4,0,4,32,4,140,0,125,-1,,0,3,0,1723605292
gym-e1-rv_momo_b.encounter,slow-instrument,23,Victory,5,0,5,40,9,120,0,100,-1,,0,3,0,2724880449
gym-e1-rv_momo_b.encounter,slow-instrument,24,Victory,4,0,4,32,6,100,0,125,-1,,0,3,0,1170868433
gym-e1-rv_momo_b.encounter,slow-instrument,25,Victory,4,0,4,32,5,140,0,100,-1,,0,2,0,2746217800
gym-e1-rv_momo_b.encounter,slow-instrument,26,Victory,4,0,4,32,5,140,0,100,-1,,0,2,0,2746217800
gym-e1-rv_momo_b.encounter,slow-instrument,27,Victory,4,0,4,32,5,140,0,100,-1,,0,2,0,2746217800
gym-e1-rv_momo_b.encounter,slow-instrument,28,Victory,5,0,5,40,13,60,0,120,-1,,0,4,0,531788771
gym-e1-rv_momo_b.encounter,slow-instrument,29,Victory,4,0,4,32,6,140,0,100,-1,,0,2,0,2075032157
gym-e1-rv_momo_b.encounter,slow-instrument,30,Victory,4,0,4,32,4,160,0,100,-1,,0,2,0,4164383601
gym-e1-rv_momo_b.encounter,slow-instrument,31,Victory,4,0,4,32,6,160,0,100,-1,,0,3,0,2576775093
gym-e1-rv_momo_b.encounter,slow-instrument,32,Victory,6,0,6,48,11,50,0,133,-1,,0,6,0,3397145686
gym-e1-rv_momo_b.encounter,slow-instrument,33,Victory,4,0,4,32,5,140,0,100,-1,,0,2,0,2746217800
gym-e1-rv_momo_b.encounter,slow-instrument,34,Victory,4,0,4,32,5,120,0,125,-1,,0,3,0,3647600602
gym-e1-rv_momo_b.encounter,slow-instrument,35,Victory,4,0,4,32,5,140,0,100,-1,,0,2,0,2746217800
gym-e1-rv_momo_b.encounter,slow-instrument,36,Victory,4,0,4,32,5,140,0,100,-1,,0,2,0,2746217800
gym-e1-rv_momo_b.encounter,slow-instrument,37,Victory,4,0,4,32,5,140,0,100,-1,,0,2,0,2746217800
gym-e1-rv_momo_b.encounter,slow-instrument,38,Victory,5,0,5,40,5,80,0,140,-1,,0,5,0,3569088719
gym-e1-rv_momo_b.encounter,slow-instrument,39,Victory,5,0,5,40,6,140,0,100,-1,,0,3,0,2042785740
gym-e1-rv_momo_b.encounter,slow-instrument,40,Victory,4,0,4,32,3,140,0,100,-1,,0,2,0,2746217800
gym-e1-rv_momo_b.encounter,slow-instrument,41,Victory,4,0,4,32,4,140,0,100,-1,,0,2,0,2301883929
gym-e1-rv_momo_b.encounter,slow-instrument,42,Victory,4,0,4,32,5,140,0,100,-1,,0,2,0,2746217800
gym-e1-rv_momo_b.encounter,slow-instrument,43,Victory,4,0,4,32,4,160,0,100,-1,,0,2,0,1671403845
gym-e1-rv_momo_b.encounter,slow-instrument,44,Victory,5,0,5,40,5,40,0,160,-1,,0,6,0,245151971
gym-e1-rv_momo_b.encounter,slow-instrument,45,Victory,6,0,6,48,13,40,0,133,-1,,0,6,0,2416823849
gym-e1-rv_momo_b.encounter,slow-instrument,46,Victory,5,0,5,40,9,140,0,100,-1,,0,4,0,1992772005
gym-e1-rv_momo_b.encounter,slow-instrument,47,Victory,4,0,4,32,5,140,0,100,-1,,0,2,0,2746217800
gym-e1-rv_momo_b.encounter,slow-instrument,48,Victory,4,0,4,32,5,140,0,100,-1,,0,2,0,2746217800
gym-e1-rv_momo_b.encounter,slow-instrument,49,Victory,4,0,4,32,4,140,0,125,-1,,0,3,0,1723605292
gym-e1-rv_momo_b.encounter,slow-instrument,50,Victory,4,0,4,32,4,140,0,100,-1,,0,2,0,2171408302
gym-e1-rv_momo_b.encounter,slow-instrument,51,Victory,4,0,4,32,4,160,0,100,-1,,0,2,0,1490662050
gym-e1-rv_momo_b.encounter,slow-instrument,52,Victory,4,0,4,32,6,140,0,100,-1,,0,2,0,1882066669
gym-e1-rv_momo_b.encounter,slow-instrument,53,Victory,4,0,4,32,5,200,0,75,-1,,0,2,0,3053042142
gym-e1-rv_momo_b.encounter,slow-instrument,54,Victory,5,0,5,40,6,120,0,100,-1,,0,3,0,2093799205
gym-e1-rv_momo_b.encounter,slow-instrument,55,Victory,4,0,4,32,4,220,0,50,-1,,0,1,0,3319474517
gym-e1-rv_momo_b.encounter,slow-instrument,56,Victory,4,0,4,32,5,140,0,100,-1,,0,2,0,2746217800
gym-e1-rv_momo_b.encounter,slow-instrument,57,Victory,4,0,4,32,5,140,0,100,-1,,0,2,0,2746217800
gym-e1-rv_momo_b.encounter,slow-instrument,58,Victory,4,0,4,32,2,150,0,125,-1,,0,3,0,353911908
gym-e1-rv_momo_b.encounter,slow-instrument,59,Victory,4,0,4,32,6,60,0,150,-1,,0,4,0,1951074927
gym-e1-rv_momo_b.encounter,slow-instrument,60,Victory,5,0,5,40,9,100,0,120,-1,,0,4,0,2641176109
gym-e1-rv_momo_b.encounter,slow-instrument,61,Victory,5,0,5,40,8,120,0,100,-1,,0,3,0,1683150374
gym-e1-rv_momo_b.encounter,slow-instrument,62,Victory,6,0,6,48,15,120,0,100,-1,,0,4,0,3462295161
gym-e1-rv_momo_b.encounter,slow-instrument,63,Victory,4,0,4,32,7,100,0,125,-1,,0,3,0,3723866084
gym-e1-rv_momo_b.encounter,slow-instrument,64,Victory,5,0,5,40,9,120,0,100,-1,,0,3,0,165276371
gym-e1-rv_momo_b.encounter,slow-instrument,65,Victory,4,0,4,32,6,160,0,100,-1,,0,2,0,329757635
gym-e1-rv_momo_b.encounter,slow-instrument,66,Victory,4,0,4,32,5,140,0,100,-1,,0,2,0,2746217800
gym-e1-rv_momo_b.encounter,slow-instrument,67,Victory,4,0,4,32,5,140,0,100,-1,,0,2,0,2746217800
gym-e1-rv_momo_b.encounter,slow-instrument,68,Victory,7,0,7,56,15,50,0,100,-1,,0,5,0,1314689208
gym-e1-rv_momo_b.encounter,slow-instrument,69,Victory,6,0,6,48,11,60,0,116,-1,,0,5,0,3341392046
gym-e1-rv_momo_b.encounter,slow-instrument,70,Victory,4,0,4,32,5,140,0,100,-1,,0,2,0,2746217800
gym-e1-rv_momo_b.encounter,slow-instrument,71,Victory,4,0,4,32,3,160,0,125,-1,,0,3,0,100043955
gym-e1-rv_momo_b.encounter,slow-instrument,72,Victory,5,0,5,40,8,140,0,100,-1,,0,4,0,245619104
gym-e1-rv_momo_b.encounter,slow-instrument,73,Victory,4,0,4,32,5,140,0,100,-1,,0,2,0,2746217800
gym-e1-rv_momo_b.encounter,slow-instrument,74,Victory,5,0,5,40,6,140,0,100,-1,,0,3,0,1962328192
gym-e1-rv_momo_b.encounter,slow-instrument,75,Victory,4,0,4,32,5,140,0,100,-1,,0,2,0,2746217800
gym-e1-rv_momo_b.encounter,slow-instrument,76,Victory,5,0,5,40,8,120,0,120,-1,,0,4,0,954665008
gym-e1-rv_momo_b.encounter,slow-instrument,77,Victory,4,0,4,32,5,140,0,100,-1,,0,2,0,2746217800
gym-e1-rv_momo_b.encounter,slow-instrument,78,Victory,4,0,4,32,4,160,0,100,-1,,0,2,0,890699844
gym-e1-rv_momo_b.encounter,slow-instrument,79,Victory,5,0,5,40,9,80,0,140,-1,,0,5,0,1293920363
gym-e1-rv_momo_b.encounter,slow-instrument,80,Victory,5,0,5,40,5,160,0,100,-1,,0,3,0,1506473006
gym-e1-rv_momo_b.encounter,slow-instrument,81,Victory,6,0,6,48,10,70,0,116,-1,,0,5,0,1109443169
gym-e1-rv_momo_b.encounter,slow-instrument,82,Victory,4,0,4,32,5,140,0,100,-1,,0,2,0,2746217800
gym-e1-rv_momo_b.encounter,slow-instrument,83,Victory,6,0,6,48,11,100,0,100,-1,,0,4,0,458317041
gym-e1-rv_momo_b.encounter,slow-instrument,84,Victory,4,0,4,32,5,140,0,100,-1,,0,2,0,2746217800
gym-e1-rv_momo_b.encounter,slow-instrument,85,Victory,5,0,5,40,6,160,0,80,-1,,0,3,0,1962366932
gym-e1-rv_momo_b.encounter,slow-instrument,86,Victory,5,0,5,40,9,80,0,140,-1,,0,6,0,489473461
gym-e1-rv_momo_b.encounter,slow-instrument,87,Victory,5,0,5,40,8,120,0,100,-1,,0,3,0,2780305348
gym-e1-rv_momo_b.encounter,slow-instrument,88,Victory,5,0,5,40,5,100,0,120,-1,,0,4,0,3012403900
gym-e1-rv_momo_b.encounter,slow-instrument,89,Victory,5,0,5,40,12,130,0,100,-1,,0,3,0,582150600
gym-e1-rv_momo_b.encounter,slow-instrument,90,Victory,4,0,4,32,5,140,0,100,-1,,0,2,0,2746217800
gym-e1-rv_momo_b.encounter,slow-instrument,91,Victory,4,0,4,32,5,140,0,100,-1,,0,2,0,2746217800
gym-e1-rv_momo_b.encounter,slow-instrument,92,Victory,4,0,4,32,5,140,0,100,-1,,0,2,0,2746217800
gym-e1-rv_momo_b.encounter,slow-instrument,93,Victory,4,0,4,32,5,140,0,100,-1,,0,2,0,2746217800
gym-e1-rv_momo_b.encounter,slow-instrument,94,Victory,4,0,4,32,5,140,0,100,-1,,0,2,0,2746217800
gym-e1-rv_momo_b.encounter,slow-instrument,95,Victory,5,0,5,40,0,120,0,120,-1,,0,4,0,3833266278
gym-e1-rv_momo_b.encounter,slow-instrument,96,Victory,4,0,4,32,5,140,0,100,-1,,0,2,0,2746217800
gym-e1-rv_momo_b.encounter,slow-instrument,97,Victory,4,0,4,32,2,180,0,100,-1,,0,2,0,2870887792
gym-e1-rv_momo_b.encounter,slow-instrument,98,Victory,5,0,5,40,5,60,0,120,-1,,0,4,0,1770259411
gym-e1-rv_momo_b.encounter,slow-instrument,99,Victory,4,0,4,32,5,140,0,100,-1,,0,2,0,2746217800
gym-e1-rv_momo_b.encounter,slow-instrument,100,Victory,5,0,5,40,6,180,0,60,-1,,0,2,0,2603337112
gym-e1-rv_momo_b.encounter,slow-instrument,101,Victory,4,0,4,32,5,140,0,100,-1,,0,2,0,2746217800
gym-e1-rv_momo_b.encounter,slow-instrument,102,Victory,5,0,5,40,6,120,0,100,-1,,0,3,0,1392859542
gym-e1-rv_momo_b.encounter,slow-instrument,103,Victory,4,0,4,32,5,140,0,100,-1,,0,2,0,2746217800
gym-e1-rv_momo_b.encounter,slow-instrument,104,Victory,4,0,4,32,5,140,0,100,-1,,0,2,0,2746217800
gym-e1-rv_momo_b.encounter,slow-instrument,105,Victory,4,0,4,32,5,140,0,100,-1,,0,2,0,2746217800
gym-e1-rv_momo_b.encounter,slow-instrument,106,Victory,5,0,5,40,7,160,0,80,-1,,0,4,0,1118920990
gym-e1-rv_momo_b.encounter,slow-instrument,107,Victory,4,0,4,32,5,140,0,100,-1,,0,2,0,2339261320
gym-e1-rv_momo_b.encounter,slow-instrument,108,Victory,4,0,4,32,5,140,0,100,-1,,0,2,0,876714540
gym-e1-rv_momo_b.encounter,slow-instrument,109,Victory,5,0,5,40,6,120,0,100,-1,,0,3,0,1683150374
gym-e1-rv_momo_b.encounter,slow-instrument,110,Victory,4,0,4,32,5,140,0,100,-1,,0,2,0,2339261320
gym-e1-rv_momo_b.encounter,slow-instrument,111,Victory,5,0,5,40,4,110,0,120,-1,,0,4,0,205565172
gym-e1-rv_momo_b.encounter,slow-instrument,112,Victory,4,0,4,32,5,140,0,100,-1,,0,2,0,2746217800
gym-e1-rv_momo_b.encounter,slow-instrument,113,Victory,4,0,4,32,5,120,0,125,-1,,0,3,0,3342148395
gym-e1-rv_momo_b.encounter,slow-instrument,114,Victory,7,0,7,56,15,30,0,114,-1,,0,6,0,2190045123
gym-e1-rv_momo_b.encounter,slow-instrument,115,Victory,4,0,4,32,6,220,0,50,-1,,0,1,0,2010438307
gym-e1-rv_momo_b.encounter,slow-instrument,116,Victory,4,0,4,32,5,140,0,100,-1,,0,2,0,2746217800
gym-e1-rv_momo_b.encounter,slow-instrument,117,Victory,4,0,4,32,5,140,0,100,-1,,0,2,0,2746217800
gym-e1-rv_momo_b.encounter,slow-instrument,118,Victory,5,0,5,40,9,120,0,100,-1,,0,3,0,165276371
gym-e1-rv_momo_b.encounter,slow-instrument,119,Victory,5,0,5,40,9,120,0,100,-1,,0,3,0,165276371
gym-e1-rv_momo_b.encounter,slow-instrument,120,Victory,4,0,4,32,5,140,0,100,-1,,0,2,0,1668350908
gym-e1-rv_momo_b.encounter,slow-instrument,121,Victory,4,0,4,32,5,140,0,100,-1,,0,2,0,2746217800
gym-e1-rv_momo_b.encounter,slow-instrument,122,Victory,4,0,4,32,5,140,0,100,-1,,0,2,0,2746217800
gym-e1-rv_momo_b.encounter,slow-instrument,123,Victory,4,0,4,32,5,140,0,100,-1,,0,2,0,2746217800
gym-e1-rv_momo_b.encounter,slow-instrument,124,Victory,5,0,5,40,9,60,0,140,-1,,0,5,0,1888498241
gym-e1-rv_momo_b.encounter,slow-instrument,125,Victory,4,0,4,32,5,160,0,100,-1,,0,2,0,1837314887
gym-e1-rv_momo_b.encounter,slow-instrument,126,Victory,4,0,4,32,5,140,0,100,-1,,0,2,0,2746217800
gym-e1-rv_momo_b.encounter,slow-instrument,127,Victory,4,0,4,32,5,140,0,100,-1,,0,2,0,2746217800
gym-e1-rv_momo_b.encounter,slow-instrument,128,Victory,4,0,4,32,5,140,0,100,-1,,0,2,0,2746217800
gym-e1-rv_momo_b.encounter,slow-instrument,129,Victory,4,0,4,32,5,140,0,100,-1,,0,2,0,2746217800
gym-e1-rv_momo_b.encounter,slow-instrument,130,Victory,4,0,4,32,5,140,0,100,-1,,0,2,0,2746217800
gym-e1-rv_momo_b.encounter,slow-instrument,131,Victory,4,0,4,32,5,140,0,100,-1,,0,2,0,2746217800
gym-e1-rv_momo_b.encounter,slow-instrument,132,Victory,4,0,4,32,5,140,0,100,-1,,0,2,0,2746217800
gym-e1-rv_momo_b.encounter,slow-instrument,133,Victory,5,0,5,40,6,130,0,100,-1,,0,3,0,3199144121
gym-e1-rv_momo_b.encounter,slow-instrument,134,Victory,4,0,4,32,5,200,0,75,-1,,0,2,0,3487494312
gym-e1-rv_momo_b.encounter,slow-instrument,135,Victory,4,0,4,32,5,140,0,100,-1,,0,2,0,2746217800
gym-e1-rv_momo_b.encounter,slow-instrument,136,Victory,5,0,5,40,9,100,0,120,-1,,0,4,0,2869311067
gym-e1-rv_momo_b.encounter,slow-instrument,137,Victory,6,0,6,48,9,110,0,116,-1,,0,5,0,24465818
gym-e1-rv_momo_b.encounter,slow-instrument,138,Victory,4,0,4,32,5,140,0,100,-1,,0,2,0,2746217800
gym-e1-rv_momo_b.encounter,slow-instrument,139,Victory,4,0,4,32,5,140,0,100,-1,,0,2,0,2746217800
gym-e1-rv_momo_b.encounter,slow-instrument,140,Victory,4,0,4,32,5,130,0,125,-1,,0,3,0,4168617858
gym-e1-rv_momo_b.encounter,slow-instrument,141,Victory,4,0,4,32,6,140,0,100,-1,,0,2,0,1076619807
gym-e1-rv_momo_b.encounter,slow-instrument,142,Victory,6,0,6,48,7,160,0,100,-1,,0,4,0,4230023461
gym-e1-rv_momo_b.encounter,slow-instrument,143,Victory,4,0,4,32,2,180,0,100,-1,,0,2,0,2870887792
gym-e1-rv_momo_b.encounter,slow-instrument,144,Victory,4,0,4,32,5,140,0,100,-1,,0,2,0,2746217800
gym-e1-rv_momo_b.encounter,slow-instrument,145,Victory,4,0,4,32,5,140,0,100,-1,,0,2,0,2746217800
gym-e1-rv_momo_b.encounter,slow-instrument,146,Victory,4,0,4,32,10,140,0,100,-1,,0,2,0,2075032157
gym-e1-rv_momo_b.encounter,slow-instrument,147,Victory,4,0,4,32,5,140,0,100,-1,,0,2,0,2746217800
gym-e1-rv_momo_b.encounter,slow-instrument,148,Victory,5,0,5,40,8,100,0,100,-1,,0,4,0,62577695
gym-e1-rv_momo_b.encounter,slow-instrument,149,Victory,4,0,4,32,6,200,0,75,-1,,0,2,0,1697043766
gym-e1-rv_momo_b.encounter,slow-instrument,150,Victory,5,0,5,40,9,120,0,100,-1,,0,3,0,2543368485
gym-e1-rv_momo_b.encounter,slow-instrument,151,Victory,4,0,4,32,5,140,0,100,-1,,0,2,0,2746217800
gym-e1-rv_momo_b.encounter,slow-instrument,152,Victory,4,0,4,32,4,140,0,100,-1,,0,2,0,2301883929
gym-e1-rv_momo_b.encounter,slow-instrument,153,Victory,4,0,4,32,5,140,0,100,-1,,0,2,0,2746217800
gym-e1-rv_momo_b.encounter,slow-instrument,154,Victory,4,0,4,32,5,140,0,100,-1,,0,2,0,2746217800
gym-e1-rv_momo_b.encounter,slow-instrument,155,Victory,4,0,4,32,8,170,0,100,-1,,0,2,0,403539323
gym-e1-rv_momo_b.encounter,slow-instrument,156,Victory,5,0,5,40,9,120,0,100,-1,,0,3,0,2870720513
gym-e1-rv_momo_b.encounter,slow-instrument,157,Victory,4,0,4,32,4,100,0,125,-1,,0,3,0,1444309139
gym-e1-rv_momo_b.encounter,slow-instrument,158,Victory,4,0,4,32,5,140,0,100,-1,,0,2,0,2746217800
gym-e1-rv_momo_b.encounter,slow-instrument,159,Victory,4,0,4,32,5,140,0,100,-1,,0,2,0,2746217800
gym-e1-rv_momo_b.encounter,slow-instrument,160,Victory,4,0,4,32,6,120,0,125,-1,,0,3,0,2825790443
gym-e1-rv_momo_b.encounter,slow-instrument,161,Victory,5,0,5,40,6,100,0,120,-1,,0,4,0,1801076474
gym-e1-rv_momo_b.encounter,slow-instrument,162,Victory,4,0,4,32,4,190,0,100,-1,,0,2,0,1356154491
gym-e1-rv_momo_b.encounter,slow-instrument,163,Victory,4,0,4,32,5,140,0,100,-1,,0,2,0,2746217800
gym-e1-rv_momo_b.encounter,slow-instrument,164,Victory,4,0,4,32,4,140,0,100,-1,,0,2,0,535352446
gym-e1-rv_momo_b.encounter,slow-instrument,165,Victory,4,0,4,32,5,140,0,100,-1,,0,2,0,2746217800
gym-e1-rv_momo_b.encounter,slow-instrument,166,Victory,5,0,5,40,4,80,0,120,-1,,0,4,0,967304238
gym-e1-rv_momo_b.encounter,slow-instrument,167,Victory,4,0,4,32,4,160,0,100,-1,,0,2,0,3868001537
gym-e1-rv_momo_b.encounter,slow-instrument,168,Victory,4,0,4,32,4,140,0,100,-1,,0,2,0,377071996
gym-e1-rv_momo_b.encounter,slow-instrument,169,Victory,5,0,5,40,7,80,0,120,-1,,0,4,0,2402242460
gym-e1-rv_momo_b.encounter,slow-instrument,170,Victory,4,0,4,32,6,180,0,75,-1,,0,3,0,1718197205
gym-e1-rv_momo_b.encounter,slow-instrument,171,Victory,4,0,4,32,5,140,0,100,-1,,0,2,0,2746217800
gym-e1-rv_momo_b.encounter,slow-instrument,172,Victory,4,0,4,32,2,140,0,125,-1,,0,3,0,1723605292
gym-e1-rv_momo_b.encounter,slow-instrument,173,Victory,4,0,4,32,6,160,0,100,-1,,0,2,0,1671403845
gym-e1-rv_momo_b.encounter,slow-instrument,174,Victory,4,0,4,32,5,140,0,100,-1,,0,2,0,2746217800
gym-e1-rv_momo_b.encounter,slow-instrument,175,Victory,4,0,4,32,6,80,0,150,-1,,0,4,0,3096169891
gym-e1-rv_momo_b.encounter,slow-instrument,176,Victory,4,0,4,32,5,140,0,100,-1,,0,2,0,2746217800
gym-e1-rv_momo_b.encounter,slow-instrument,177,Victory,4,0,4,32,5,140,0,100,-1,,0,2,0,2746217800
gym-e1-rv_momo_b.encounter,slow-instrument,178,Victory,5,0,5,40,9,120,0,100,-1,,0,3,0,2543368485
gym-e1-rv_momo_b.encounter,slow-instrument,179,Victory,4,0,4,32,4,140,0,100,-1,,0,2,0,3879341225
gym-e1-rv_momo_b.encounter,slow-instrument,180,Victory,5,0,5,40,10,160,0,100,-1,,0,3,0,3825392170
gym-e1-rv_momo_b.encounter,slow-instrument,181,Victory,4,0,4,32,3,140,0,100,-1,,0,2,0,2746217800
gym-e1-rv_momo_b.encounter,slow-instrument,182,Victory,4,0,4,32,5,140,0,100,-1,,0,2,0,2746217800
gym-e1-rv_momo_b.encounter,slow-instrument,183,Victory,4,0,4,32,5,140,0,100,-1,,0,2,0,2746217800
gym-e1-rv_momo_b.encounter,slow-instrument,184,Victory,4,0,4,32,5,140,0,100,-1,,0,2,0,2746217800
gym-e1-rv_momo_b.encounter,slow-instrument,185,Victory,4,0,4,32,5,140,0,100,-1,,0,2,0,2746217800
gym-e1-rv_momo_b.encounter,slow-instrument,186,Victory,4,0,4,32,5,120,0,125,-1,,0,3,0,197773035
gym-e1-rv_momo_b.encounter,slow-instrument,187,Victory,4,0,4,32,5,140,0,100,-1,,0,2,0,2746217800
gym-e1-rv_momo_b.encounter,slow-instrument,188,Victory,5,0,5,40,9,120,0,100,-1,,0,3,0,3631488023
gym-e1-rv_momo_b.encounter,slow-instrument,189,Victory,5,0,5,40,10,160,0,100,-1,,0,4,0,3615734868
gym-e1-rv_momo_b.encounter,slow-instrument,190,Victory,4,0,4,32,5,140,0,100,-1,,0,2,0,2746217800
gym-e1-rv_momo_b.encounter,slow-instrument,191,Victory,5,0,5,40,6,140,0,100,-1,,0,3,0,980346244
gym-e1-rv_momo_b.encounter,slow-instrument,192,Victory,4,0,4,32,3,160,0,125,-1,,0,3,0,100043955
gym-e1-rv_momo_b.encounter,slow-instrument,193,Victory,4,0,4,32,5,140,0,100,-1,,0,2,0,2746217800
gym-e1-rv_momo_b.encounter,slow-instrument,194,Victory,5,0,5,40,8,90,0,140,-1,,0,5,0,50317138
gym-e1-rv_momo_b.encounter,slow-instrument,195,Victory,4,0,4,32,5,140,0,100,-1,,0,2,0,2746217800
gym-e1-rv_momo_b.encounter,slow-instrument,196,Victory,5,0,5,40,10,140,0,80,-1,,0,4,0,2361145536
gym-e1-rv_momo_b.encounter,slow-instrument,197,Victory,4,0,4,32,4,140,0,100,-1,,0,2,0,508758399
gym-e1-rv_momo_b.encounter,slow-instrument,198,Victory,4,0,4,32,4,100,0,125,-1,,0,3,0,500226037
gym-e1-rv_momo_b.encounter,slow-instrument,199,Victory,4,0,4,32,6,160,0,125,-1,,0,3,0,1273121921
gym-e1-rv_momo_b.encounter,slow-instrument,200,Victory,4,0,4,32,5,200,0,75,-1,,0,2,0,3287101420
gym-e1-rv_momo_b.encounter,taunt-instrument,1,Victory,4,0,4,32,6,160,0,100,-1,,0,2,0,1671403845
gym-e1-rv_momo_b.encounter,taunt-instrument,2,Victory,4,0,4,32,5,140,0,100,-1,,0,2,0,2746217800
gym-e1-rv_momo_b.encounter,taunt-instrument,3,Victory,4,0,4,32,5,100,0,125,-1,,0,3,0,3723866084
gym-e1-rv_momo_b.encounter,taunt-instrument,4,Defeat,6,0,6,48,20,0,1,183,-1,,0,8,0,43339241
gym-e1-rv_momo_b.encounter,taunt-instrument,5,Victory,4,0,4,32,4,140,0,100,-1,,0,2,0,1348342558
gym-e1-rv_momo_b.encounter,taunt-instrument,6,Victory,4,0,4,32,4,220,0,50,-1,,0,1,0,1953309695
gym-e1-rv_momo_b.encounter,taunt-instrument,7,Victory,4,0,4,32,4,140,0,125,-1,,0,3,0,1723605292
gym-e1-rv_momo_b.encounter,taunt-instrument,8,Victory,4,0,4,32,5,140,0,100,-1,,0,2,0,2746217800
gym-e1-rv_momo_b.encounter,taunt-instrument,9,Victory,6,0,6,48,10,90,0,100,-1,,0,4,0,1050515918
gym-e1-rv_momo_b.encounter,taunt-instrument,10,Victory,4,0,4,32,5,120,0,125,-1,,0,3,0,3342148395
gym-e1-rv_momo_b.encounter,taunt-instrument,11,Victory,4,0,4,32,5,140,0,100,-1,,0,2,0,2746217800
gym-e1-rv_momo_b.encounter,taunt-instrument,12,Victory,4,0,4,32,5,140,0,100,-1,,0,2,0,2746217800
gym-e1-rv_momo_b.encounter,taunt-instrument,13,Victory,4,0,4,32,4,140,0,100,-1,,0,2,0,3879341225
gym-e1-rv_momo_b.encounter,taunt-instrument,14,Defeat,5,0,5,40,18,0,1,180,-1,,0,6,0,706041504
gym-e1-rv_momo_b.encounter,taunt-instrument,15,Victory,4,0,4,32,5,140,0,100,-1,,0,2,0,2746217800
gym-e1-rv_momo_b.encounter,taunt-instrument,16,Victory,4,0,4,32,4,140,0,125,-1,,0,3,0,1723605292
gym-e1-rv_momo_b.encounter,taunt-instrument,17,Victory,4,0,4,32,3,140,0,100,-1,,0,2,0,2746217800
gym-e1-rv_momo_b.encounter,taunt-instrument,18,Victory,4,0,4,32,5,140,0,100,-1,,0,2,0,2746217800
gym-e1-rv_momo_b.encounter,taunt-instrument,19,Victory,4,0,4,32,5,140,0,100,-1,,0,2,0,2746217800
gym-e1-rv_momo_b.encounter,taunt-instrument,20,Victory,4,0,4,32,4,220,0,50,-1,,0,1,0,1953309695
gym-e1-rv_momo_b.encounter,taunt-instrument,21,Victory,4,0,4,32,6,100,0,125,-1,,0,3,0,1170868433
gym-e1-rv_momo_b.encounter,taunt-instrument,22,Victory,4,0,4,32,4,140,0,125,-1,,0,3,0,1723605292
gym-e1-rv_momo_b.encounter,taunt-instrument,23,Victory,5,0,5,40,9,120,0,100,-1,,0,3,0,2724880449
gym-e1-rv_momo_b.encounter,taunt-instrument,24,Victory,4,0,4,32,6,100,0,125,-1,,0,3,0,1170868433
gym-e1-rv_momo_b.encounter,taunt-instrument,25,Victory,4,0,4,32,5,140,0,100,-1,,0,2,0,2746217800
gym-e1-rv_momo_b.encounter,taunt-instrument,26,Victory,4,0,4,32,5,140,0,100,-1,,0,2,0,2746217800
gym-e1-rv_momo_b.encounter,taunt-instrument,27,Victory,4,0,4,32,5,140,0,100,-1,,0,2,0,2746217800
gym-e1-rv_momo_b.encounter,taunt-instrument,28,Victory,5,0,5,40,13,60,0,120,-1,,0,4,0,531788771
gym-e1-rv_momo_b.encounter,taunt-instrument,29,Victory,4,0,4,32,6,140,0,100,-1,,0,2,0,2075032157
gym-e1-rv_momo_b.encounter,taunt-instrument,30,Victory,4,0,4,32,4,160,0,100,-1,,0,2,0,4164383601
gym-e1-rv_momo_b.encounter,taunt-instrument,31,Victory,4,0,4,32,6,160,0,100,-1,,0,3,0,2576775093
gym-e1-rv_momo_b.encounter,taunt-instrument,32,Victory,6,0,6,48,11,50,0,133,-1,,0,6,0,3397145686
gym-e1-rv_momo_b.encounter,taunt-instrument,33,Victory,4,0,4,32,5,140,0,100,-1,,0,2,0,2746217800
gym-e1-rv_momo_b.encounter,taunt-instrument,34,Victory,4,0,4,32,5,120,0,125,-1,,0,3,0,3647600602
gym-e1-rv_momo_b.encounter,taunt-instrument,35,Victory,4,0,4,32,5,140,0,100,-1,,0,2,0,2746217800
gym-e1-rv_momo_b.encounter,taunt-instrument,36,Victory,4,0,4,32,5,140,0,100,-1,,0,2,0,2746217800
gym-e1-rv_momo_b.encounter,taunt-instrument,37,Victory,4,0,4,32,5,140,0,100,-1,,0,2,0,2746217800
gym-e1-rv_momo_b.encounter,taunt-instrument,38,Victory,5,0,5,40,5,80,0,140,-1,,0,5,0,3569088719
gym-e1-rv_momo_b.encounter,taunt-instrument,39,Victory,5,0,5,40,6,140,0,100,-1,,0,3,0,2042785740
gym-e1-rv_momo_b.encounter,taunt-instrument,40,Victory,4,0,4,32,3,140,0,100,-1,,0,2,0,2746217800
gym-e1-rv_momo_b.encounter,taunt-instrument,41,Victory,4,0,4,32,4,140,0,100,-1,,0,2,0,2301883929
gym-e1-rv_momo_b.encounter,taunt-instrument,42,Victory,4,0,4,32,5,140,0,100,-1,,0,2,0,2746217800
gym-e1-rv_momo_b.encounter,taunt-instrument,43,Victory,4,0,4,32,4,160,0,100,-1,,0,2,0,1671403845
gym-e1-rv_momo_b.encounter,taunt-instrument,44,Victory,5,0,5,40,5,40,0,160,-1,,0,6,0,245151971
gym-e1-rv_momo_b.encounter,taunt-instrument,45,Victory,6,0,6,48,13,40,0,133,-1,,0,6,0,2416823849
gym-e1-rv_momo_b.encounter,taunt-instrument,46,Victory,5,0,5,40,9,140,0,100,-1,,0,4,0,1992772005
gym-e1-rv_momo_b.encounter,taunt-instrument,47,Victory,4,0,4,32,5,140,0,100,-1,,0,2,0,2746217800
gym-e1-rv_momo_b.encounter,taunt-instrument,48,Victory,4,0,4,32,5,140,0,100,-1,,0,2,0,2746217800
gym-e1-rv_momo_b.encounter,taunt-instrument,49,Victory,4,0,4,32,4,140,0,125,-1,,0,3,0,1723605292
gym-e1-rv_momo_b.encounter,taunt-instrument,50,Victory,4,0,4,32,4,140,0,100,-1,,0,2,0,2171408302
gym-e1-rv_momo_b.encounter,taunt-instrument,51,Victory,4,0,4,32,4,160,0,100,-1,,0,2,0,1490662050
gym-e1-rv_momo_b.encounter,taunt-instrument,52,Victory,4,0,4,32,6,140,0,100,-1,,0,2,0,1882066669
gym-e1-rv_momo_b.encounter,taunt-instrument,53,Victory,4,0,4,32,5,200,0,75,-1,,0,2,0,3053042142
gym-e1-rv_momo_b.encounter,taunt-instrument,54,Victory,5,0,5,40,6,120,0,100,-1,,0,3,0,2093799205
gym-e1-rv_momo_b.encounter,taunt-instrument,55,Victory,4,0,4,32,4,220,0,50,-1,,0,1,0,3319474517
gym-e1-rv_momo_b.encounter,taunt-instrument,56,Victory,4,0,4,32,5,140,0,100,-1,,0,2,0,2746217800
gym-e1-rv_momo_b.encounter,taunt-instrument,57,Victory,4,0,4,32,5,140,0,100,-1,,0,2,0,2746217800
gym-e1-rv_momo_b.encounter,taunt-instrument,58,Victory,4,0,4,32,2,150,0,125,-1,,0,3,0,353911908
gym-e1-rv_momo_b.encounter,taunt-instrument,59,Victory,4,0,4,32,6,60,0,150,-1,,0,4,0,1951074927
gym-e1-rv_momo_b.encounter,taunt-instrument,60,Victory,5,0,5,40,9,100,0,120,-1,,0,4,0,2641176109
gym-e1-rv_momo_b.encounter,taunt-instrument,61,Victory,5,0,5,40,8,120,0,100,-1,,0,3,0,1683150374
gym-e1-rv_momo_b.encounter,taunt-instrument,62,Victory,6,0,6,48,15,120,0,100,-1,,0,4,0,3462295161
gym-e1-rv_momo_b.encounter,taunt-instrument,63,Victory,4,0,4,32,7,100,0,125,-1,,0,3,0,3723866084
gym-e1-rv_momo_b.encounter,taunt-instrument,64,Victory,5,0,5,40,9,120,0,100,-1,,0,3,0,165276371
gym-e1-rv_momo_b.encounter,taunt-instrument,65,Victory,4,0,4,32,6,160,0,100,-1,,0,2,0,329757635
gym-e1-rv_momo_b.encounter,taunt-instrument,66,Victory,4,0,4,32,5,140,0,100,-1,,0,2,0,2746217800
gym-e1-rv_momo_b.encounter,taunt-instrument,67,Victory,4,0,4,32,5,140,0,100,-1,,0,2,0,2746217800
gym-e1-rv_momo_b.encounter,taunt-instrument,68,Victory,7,0,7,56,15,50,0,100,-1,,0,5,0,1314689208
gym-e1-rv_momo_b.encounter,taunt-instrument,69,Victory,6,0,6,48,11,60,0,116,-1,,0,5,0,3341392046
gym-e1-rv_momo_b.encounter,taunt-instrument,70,Victory,4,0,4,32,5,140,0,100,-1,,0,2,0,2746217800
gym-e1-rv_momo_b.encounter,taunt-instrument,71,Victory,4,0,4,32,3,160,0,125,-1,,0,3,0,100043955
gym-e1-rv_momo_b.encounter,taunt-instrument,72,Victory,5,0,5,40,8,140,0,100,-1,,0,4,0,245619104
gym-e1-rv_momo_b.encounter,taunt-instrument,73,Victory,4,0,4,32,5,140,0,100,-1,,0,2,0,2746217800
gym-e1-rv_momo_b.encounter,taunt-instrument,74,Victory,5,0,5,40,6,140,0,100,-1,,0,3,0,1962328192
gym-e1-rv_momo_b.encounter,taunt-instrument,75,Victory,4,0,4,32,5,140,0,100,-1,,0,2,0,2746217800
gym-e1-rv_momo_b.encounter,taunt-instrument,76,Victory,5,0,5,40,8,120,0,120,-1,,0,4,0,954665008
gym-e1-rv_momo_b.encounter,taunt-instrument,77,Victory,4,0,4,32,5,140,0,100,-1,,0,2,0,2746217800
gym-e1-rv_momo_b.encounter,taunt-instrument,78,Victory,4,0,4,32,4,160,0,100,-1,,0,2,0,890699844
gym-e1-rv_momo_b.encounter,taunt-instrument,79,Victory,5,0,5,40,9,80,0,140,-1,,0,5,0,1293920363
gym-e1-rv_momo_b.encounter,taunt-instrument,80,Victory,5,0,5,40,5,160,0,100,-1,,0,3,0,1506473006
gym-e1-rv_momo_b.encounter,taunt-instrument,81,Victory,6,0,6,48,10,70,0,116,-1,,0,5,0,1109443169
gym-e1-rv_momo_b.encounter,taunt-instrument,82,Victory,4,0,4,32,5,140,0,100,-1,,0,2,0,2746217800
gym-e1-rv_momo_b.encounter,taunt-instrument,83,Victory,6,0,6,48,11,100,0,100,-1,,0,4,0,458317041
gym-e1-rv_momo_b.encounter,taunt-instrument,84,Victory,4,0,4,32,5,140,0,100,-1,,0,2,0,2746217800
gym-e1-rv_momo_b.encounter,taunt-instrument,85,Victory,5,0,5,40,6,160,0,80,-1,,0,3,0,1962366932
gym-e1-rv_momo_b.encounter,taunt-instrument,86,Victory,5,0,5,40,9,80,0,140,-1,,0,6,0,489473461
gym-e1-rv_momo_b.encounter,taunt-instrument,87,Victory,5,0,5,40,8,120,0,100,-1,,0,3,0,2780305348
gym-e1-rv_momo_b.encounter,taunt-instrument,88,Victory,5,0,5,40,5,100,0,120,-1,,0,4,0,3012403900
gym-e1-rv_momo_b.encounter,taunt-instrument,89,Victory,5,0,5,40,12,130,0,100,-1,,0,3,0,582150600
gym-e1-rv_momo_b.encounter,taunt-instrument,90,Victory,4,0,4,32,5,140,0,100,-1,,0,2,0,2746217800
gym-e1-rv_momo_b.encounter,taunt-instrument,91,Victory,4,0,4,32,5,140,0,100,-1,,0,2,0,2746217800
gym-e1-rv_momo_b.encounter,taunt-instrument,92,Victory,4,0,4,32,5,140,0,100,-1,,0,2,0,2746217800
gym-e1-rv_momo_b.encounter,taunt-instrument,93,Victory,4,0,4,32,5,140,0,100,-1,,0,2,0,2746217800
gym-e1-rv_momo_b.encounter,taunt-instrument,94,Victory,4,0,4,32,5,140,0,100,-1,,0,2,0,2746217800
gym-e1-rv_momo_b.encounter,taunt-instrument,95,Victory,5,0,5,40,0,120,0,120,-1,,0,4,0,3833266278
gym-e1-rv_momo_b.encounter,taunt-instrument,96,Victory,4,0,4,32,5,140,0,100,-1,,0,2,0,2746217800
gym-e1-rv_momo_b.encounter,taunt-instrument,97,Victory,4,0,4,32,2,180,0,100,-1,,0,2,0,2870887792
gym-e1-rv_momo_b.encounter,taunt-instrument,98,Victory,5,0,5,40,5,60,0,120,-1,,0,4,0,1770259411
gym-e1-rv_momo_b.encounter,taunt-instrument,99,Victory,4,0,4,32,5,140,0,100,-1,,0,2,0,2746217800
gym-e1-rv_momo_b.encounter,taunt-instrument,100,Victory,5,0,5,40,6,180,0,60,-1,,0,2,0,2603337112
gym-e1-rv_momo_b.encounter,taunt-instrument,101,Victory,4,0,4,32,5,140,0,100,-1,,0,2,0,2746217800
gym-e1-rv_momo_b.encounter,taunt-instrument,102,Victory,5,0,5,40,6,120,0,100,-1,,0,3,0,1392859542
gym-e1-rv_momo_b.encounter,taunt-instrument,103,Victory,4,0,4,32,5,140,0,100,-1,,0,2,0,2746217800
gym-e1-rv_momo_b.encounter,taunt-instrument,104,Victory,4,0,4,32,5,140,0,100,-1,,0,2,0,2746217800
gym-e1-rv_momo_b.encounter,taunt-instrument,105,Victory,4,0,4,32,5,140,0,100,-1,,0,2,0,2746217800
gym-e1-rv_momo_b.encounter,taunt-instrument,106,Victory,5,0,5,40,7,160,0,80,-1,,0,4,0,1118920990
gym-e1-rv_momo_b.encounter,taunt-instrument,107,Victory,4,0,4,32,5,140,0,100,-1,,0,2,0,2339261320
gym-e1-rv_momo_b.encounter,taunt-instrument,108,Victory,4,0,4,32,5,140,0,100,-1,,0,2,0,876714540
gym-e1-rv_momo_b.encounter,taunt-instrument,109,Victory,5,0,5,40,6,120,0,100,-1,,0,3,0,1683150374
gym-e1-rv_momo_b.encounter,taunt-instrument,110,Victory,4,0,4,32,5,140,0,100,-1,,0,2,0,2339261320
gym-e1-rv_momo_b.encounter,taunt-instrument,111,Victory,5,0,5,40,4,110,0,120,-1,,0,4,0,205565172
gym-e1-rv_momo_b.encounter,taunt-instrument,112,Victory,4,0,4,32,5,140,0,100,-1,,0,2,0,2746217800
gym-e1-rv_momo_b.encounter,taunt-instrument,113,Victory,4,0,4,32,5,120,0,125,-1,,0,3,0,3342148395
gym-e1-rv_momo_b.encounter,taunt-instrument,114,Victory,7,0,7,56,15,30,0,114,-1,,0,6,0,2190045123
gym-e1-rv_momo_b.encounter,taunt-instrument,115,Victory,4,0,4,32,6,220,0,50,-1,,0,1,0,2010438307
gym-e1-rv_momo_b.encounter,taunt-instrument,116,Victory,4,0,4,32,5,140,0,100,-1,,0,2,0,2746217800
gym-e1-rv_momo_b.encounter,taunt-instrument,117,Victory,4,0,4,32,5,140,0,100,-1,,0,2,0,2746217800
gym-e1-rv_momo_b.encounter,taunt-instrument,118,Victory,5,0,5,40,9,120,0,100,-1,,0,3,0,165276371
gym-e1-rv_momo_b.encounter,taunt-instrument,119,Victory,5,0,5,40,9,120,0,100,-1,,0,3,0,165276371
gym-e1-rv_momo_b.encounter,taunt-instrument,120,Victory,4,0,4,32,5,140,0,100,-1,,0,2,0,1668350908
gym-e1-rv_momo_b.encounter,taunt-instrument,121,Victory,4,0,4,32,5,140,0,100,-1,,0,2,0,2746217800
gym-e1-rv_momo_b.encounter,taunt-instrument,122,Victory,4,0,4,32,5,140,0,100,-1,,0,2,0,2746217800
gym-e1-rv_momo_b.encounter,taunt-instrument,123,Victory,4,0,4,32,5,140,0,100,-1,,0,2,0,2746217800
gym-e1-rv_momo_b.encounter,taunt-instrument,124,Victory,5,0,5,40,9,60,0,140,-1,,0,5,0,1888498241
gym-e1-rv_momo_b.encounter,taunt-instrument,125,Victory,4,0,4,32,5,160,0,100,-1,,0,2,0,1837314887
gym-e1-rv_momo_b.encounter,taunt-instrument,126,Victory,4,0,4,32,5,140,0,100,-1,,0,2,0,2746217800
gym-e1-rv_momo_b.encounter,taunt-instrument,127,Victory,4,0,4,32,5,140,0,100,-1,,0,2,0,2746217800
gym-e1-rv_momo_b.encounter,taunt-instrument,128,Victory,4,0,4,32,5,140,0,100,-1,,0,2,0,2746217800
gym-e1-rv_momo_b.encounter,taunt-instrument,129,Victory,4,0,4,32,5,140,0,100,-1,,0,2,0,2746217800
gym-e1-rv_momo_b.encounter,taunt-instrument,130,Victory,4,0,4,32,5,140,0,100,-1,,0,2,0,2746217800
gym-e1-rv_momo_b.encounter,taunt-instrument,131,Victory,4,0,4,32,5,140,0,100,-1,,0,2,0,2746217800
gym-e1-rv_momo_b.encounter,taunt-instrument,132,Victory,4,0,4,32,5,140,0,100,-1,,0,2,0,2746217800
gym-e1-rv_momo_b.encounter,taunt-instrument,133,Victory,5,0,5,40,6,130,0,100,-1,,0,3,0,3199144121
gym-e1-rv_momo_b.encounter,taunt-instrument,134,Victory,4,0,4,32,5,200,0,75,-1,,0,2,0,3487494312
gym-e1-rv_momo_b.encounter,taunt-instrument,135,Victory,4,0,4,32,5,140,0,100,-1,,0,2,0,2746217800
gym-e1-rv_momo_b.encounter,taunt-instrument,136,Victory,5,0,5,40,9,100,0,120,-1,,0,4,0,2869311067
gym-e1-rv_momo_b.encounter,taunt-instrument,137,Victory,6,0,6,48,9,110,0,116,-1,,0,5,0,24465818
gym-e1-rv_momo_b.encounter,taunt-instrument,138,Victory,4,0,4,32,5,140,0,100,-1,,0,2,0,2746217800
gym-e1-rv_momo_b.encounter,taunt-instrument,139,Victory,4,0,4,32,5,140,0,100,-1,,0,2,0,2746217800
gym-e1-rv_momo_b.encounter,taunt-instrument,140,Victory,4,0,4,32,5,130,0,125,-1,,0,3,0,4168617858
gym-e1-rv_momo_b.encounter,taunt-instrument,141,Victory,4,0,4,32,6,140,0,100,-1,,0,2,0,1076619807
gym-e1-rv_momo_b.encounter,taunt-instrument,142,Victory,6,0,6,48,7,160,0,100,-1,,0,4,0,4230023461
gym-e1-rv_momo_b.encounter,taunt-instrument,143,Victory,4,0,4,32,2,180,0,100,-1,,0,2,0,2870887792
gym-e1-rv_momo_b.encounter,taunt-instrument,144,Victory,4,0,4,32,5,140,0,100,-1,,0,2,0,2746217800
gym-e1-rv_momo_b.encounter,taunt-instrument,145,Victory,4,0,4,32,5,140,0,100,-1,,0,2,0,2746217800
gym-e1-rv_momo_b.encounter,taunt-instrument,146,Victory,4,0,4,32,10,140,0,100,-1,,0,2,0,2075032157
gym-e1-rv_momo_b.encounter,taunt-instrument,147,Victory,4,0,4,32,5,140,0,100,-1,,0,2,0,2746217800
gym-e1-rv_momo_b.encounter,taunt-instrument,148,Victory,5,0,5,40,8,100,0,100,-1,,0,4,0,62577695
gym-e1-rv_momo_b.encounter,taunt-instrument,149,Victory,4,0,4,32,6,200,0,75,-1,,0,2,0,1697043766
gym-e1-rv_momo_b.encounter,taunt-instrument,150,Victory,5,0,5,40,9,120,0,100,-1,,0,3,0,2543368485
gym-e1-rv_momo_b.encounter,taunt-instrument,151,Victory,4,0,4,32,5,140,0,100,-1,,0,2,0,2746217800
gym-e1-rv_momo_b.encounter,taunt-instrument,152,Victory,4,0,4,32,4,140,0,100,-1,,0,2,0,2301883929
gym-e1-rv_momo_b.encounter,taunt-instrument,153,Victory,4,0,4,32,5,140,0,100,-1,,0,2,0,2746217800
gym-e1-rv_momo_b.encounter,taunt-instrument,154,Victory,4,0,4,32,5,140,0,100,-1,,0,2,0,2746217800
gym-e1-rv_momo_b.encounter,taunt-instrument,155,Victory,4,0,4,32,8,170,0,100,-1,,0,2,0,403539323
gym-e1-rv_momo_b.encounter,taunt-instrument,156,Victory,5,0,5,40,9,120,0,100,-1,,0,3,0,2870720513
gym-e1-rv_momo_b.encounter,taunt-instrument,157,Victory,4,0,4,32,4,100,0,125,-1,,0,3,0,1444309139
gym-e1-rv_momo_b.encounter,taunt-instrument,158,Victory,4,0,4,32,5,140,0,100,-1,,0,2,0,2746217800
gym-e1-rv_momo_b.encounter,taunt-instrument,159,Victory,4,0,4,32,5,140,0,100,-1,,0,2,0,2746217800
gym-e1-rv_momo_b.encounter,taunt-instrument,160,Victory,4,0,4,32,6,120,0,125,-1,,0,3,0,2825790443
gym-e1-rv_momo_b.encounter,taunt-instrument,161,Victory,5,0,5,40,6,100,0,120,-1,,0,4,0,1801076474
gym-e1-rv_momo_b.encounter,taunt-instrument,162,Victory,4,0,4,32,4,190,0,100,-1,,0,2,0,1356154491
gym-e1-rv_momo_b.encounter,taunt-instrument,163,Victory,4,0,4,32,5,140,0,100,-1,,0,2,0,2746217800
gym-e1-rv_momo_b.encounter,taunt-instrument,164,Victory,4,0,4,32,4,140,0,100,-1,,0,2,0,535352446
gym-e1-rv_momo_b.encounter,taunt-instrument,165,Victory,4,0,4,32,5,140,0,100,-1,,0,2,0,2746217800
gym-e1-rv_momo_b.encounter,taunt-instrument,166,Victory,5,0,5,40,4,80,0,120,-1,,0,4,0,967304238
gym-e1-rv_momo_b.encounter,taunt-instrument,167,Victory,4,0,4,32,4,160,0,100,-1,,0,2,0,3868001537
gym-e1-rv_momo_b.encounter,taunt-instrument,168,Victory,4,0,4,32,4,140,0,100,-1,,0,2,0,377071996
gym-e1-rv_momo_b.encounter,taunt-instrument,169,Victory,5,0,5,40,7,80,0,120,-1,,0,4,0,2402242460
gym-e1-rv_momo_b.encounter,taunt-instrument,170,Victory,4,0,4,32,6,180,0,75,-1,,0,3,0,1718197205
gym-e1-rv_momo_b.encounter,taunt-instrument,171,Victory,4,0,4,32,5,140,0,100,-1,,0,2,0,2746217800
gym-e1-rv_momo_b.encounter,taunt-instrument,172,Victory,4,0,4,32,2,140,0,125,-1,,0,3,0,1723605292
gym-e1-rv_momo_b.encounter,taunt-instrument,173,Victory,4,0,4,32,6,160,0,100,-1,,0,2,0,1671403845
gym-e1-rv_momo_b.encounter,taunt-instrument,174,Victory,4,0,4,32,5,140,0,100,-1,,0,2,0,2746217800
gym-e1-rv_momo_b.encounter,taunt-instrument,175,Victory,4,0,4,32,6,80,0,150,-1,,0,4,0,3096169891
gym-e1-rv_momo_b.encounter,taunt-instrument,176,Victory,4,0,4,32,5,140,0,100,-1,,0,2,0,2746217800
gym-e1-rv_momo_b.encounter,taunt-instrument,177,Victory,4,0,4,32,5,140,0,100,-1,,0,2,0,2746217800
gym-e1-rv_momo_b.encounter,taunt-instrument,178,Victory,5,0,5,40,9,120,0,100,-1,,0,3,0,2543368485
gym-e1-rv_momo_b.encounter,taunt-instrument,179,Victory,4,0,4,32,4,140,0,100,-1,,0,2,0,3879341225
gym-e1-rv_momo_b.encounter,taunt-instrument,180,Victory,5,0,5,40,10,160,0,100,-1,,0,3,0,3825392170
gym-e1-rv_momo_b.encounter,taunt-instrument,181,Victory,4,0,4,32,3,140,0,100,-1,,0,2,0,2746217800
gym-e1-rv_momo_b.encounter,taunt-instrument,182,Victory,4,0,4,32,5,140,0,100,-1,,0,2,0,2746217800
gym-e1-rv_momo_b.encounter,taunt-instrument,183,Victory,4,0,4,32,5,140,0,100,-1,,0,2,0,2746217800
gym-e1-rv_momo_b.encounter,taunt-instrument,184,Victory,4,0,4,32,5,140,0,100,-1,,0,2,0,2746217800
gym-e1-rv_momo_b.encounter,taunt-instrument,185,Victory,4,0,4,32,5,140,0,100,-1,,0,2,0,2746217800
gym-e1-rv_momo_b.encounter,taunt-instrument,186,Victory,4,0,4,32,5,120,0,125,-1,,0,3,0,197773035
gym-e1-rv_momo_b.encounter,taunt-instrument,187,Victory,4,0,4,32,5,140,0,100,-1,,0,2,0,2746217800
gym-e1-rv_momo_b.encounter,taunt-instrument,188,Victory,5,0,5,40,9,120,0,100,-1,,0,3,0,3631488023
gym-e1-rv_momo_b.encounter,taunt-instrument,189,Victory,5,0,5,40,10,160,0,100,-1,,0,4,0,3615734868
gym-e1-rv_momo_b.encounter,taunt-instrument,190,Victory,4,0,4,32,5,140,0,100,-1,,0,2,0,2746217800
gym-e1-rv_momo_b.encounter,taunt-instrument,191,Victory,5,0,5,40,6,140,0,100,-1,,0,3,0,980346244
gym-e1-rv_momo_b.encounter,taunt-instrument,192,Victory,4,0,4,32,3,160,0,125,-1,,0,3,0,100043955
gym-e1-rv_momo_b.encounter,taunt-instrument,193,Victory,4,0,4,32,5,140,0,100,-1,,0,2,0,2746217800
gym-e1-rv_momo_b.encounter,taunt-instrument,194,Victory,5,0,5,40,8,90,0,140,-1,,0,5,0,50317138
gym-e1-rv_momo_b.encounter,taunt-instrument,195,Victory,4,0,4,32,5,140,0,100,-1,,0,2,0,2746217800
gym-e1-rv_momo_b.encounter,taunt-instrument,196,Victory,5,0,5,40,10,140,0,80,-1,,0,4,0,2361145536
gym-e1-rv_momo_b.encounter,taunt-instrument,197,Victory,4,0,4,32,4,140,0,100,-1,,0,2,0,508758399
gym-e1-rv_momo_b.encounter,taunt-instrument,198,Victory,4,0,4,32,4,100,0,125,-1,,0,3,0,500226037
gym-e1-rv_momo_b.encounter,taunt-instrument,199,Victory,4,0,4,32,6,160,0,125,-1,,0,3,0,1273121921
gym-e1-rv_momo_b.encounter,taunt-instrument,200,Victory,4,0,4,32,5,200,0,75,-1,,0,2,0,3287101420
gym-e1-rv_momo_b.encounter,counter-reserve,1,Victory,5,0,5,40,18,180,0,80,-1,,0,4,0,1776268298
gym-e1-rv_momo_b.encounter,counter-reserve,2,Victory,5,0,5,40,17,180,0,80,-1,,0,4,0,3100059821
gym-e1-rv_momo_b.encounter,counter-reserve,3,Victory,4,0,4,32,7,140,0,125,-1,,0,3,0,1541303743
gym-e1-rv_momo_b.encounter,counter-reserve,4,Defeat,9,0,9,72,33,0,1,133,-1,,0,13,0,3708232553
gym-e1-rv_momo_b.encounter,counter-reserve,5,Victory,5,0,5,40,16,200,0,80,-1,,0,4,0,1433722631
gym-e1-rv_momo_b.encounter,counter-reserve,6,Victory,4,0,4,32,8,270,0,50,-1,,0,1,0,3499225219
gym-e1-rv_momo_b.encounter,counter-reserve,7,Victory,6,0,6,48,21,120,0,100,-1,,0,6,0,259321641
gym-e1-rv_momo_b.encounter,counter-reserve,8,Victory,5,0,5,40,17,180,0,80,-1,,0,4,0,3100059821
gym-e1-rv_momo_b.encounter,counter-reserve,9,Victory,7,0,7,56,19,150,0,85,-1,,0,6,0,2807474719
gym-e1-rv_momo_b.encounter,counter-reserve,10,Victory,7,0,7,56,31,40,0,128,-1,,0,9,0,3679114691
gym-e1-rv_momo_b.encounter,counter-reserve,11,Victory,5,0,5,40,17,180,0,80,-1,,0,4,0,3100059821
gym-e1-rv_momo_b.encounter,counter-reserve,12,Victory,5,0,5,40,17,180,0,80,-1,,0,4,0,3100059821
gym-e1-rv_momo_b.encounter,counter-reserve,13,Victory,5,0,5,40,16,180,0,80,-1,,0,4,0,2630033965
gym-e1-rv_momo_b.encounter,counter-reserve,14,Victory,6,0,6,48,16,160,0,83,-1,,0,6,0,3126078177
gym-e1-rv_momo_b.encounter,counter-reserve,15,Victory,5,0,5,40,17,180,0,80,-1,,0,4,0,3100059821
gym-e1-rv_momo_b.encounter,counter-reserve,16,Victory,6,0,6,48,21,120,0,100,-1,,0,6,0,2857894991
gym-e1-rv_momo_b.encounter,counter-reserve,17,Victory,5,0,5,40,13,180,0,80,-1,,0,4,0,1227605385
gym-e1-rv_momo_b.encounter,counter-reserve,18,Victory,5,0,5,40,17,180,0,80,-1,,0,4,0,3100059821
gym-e1-rv_momo_b.encounter,counter-reserve,19,Victory,5,0,5,40,17,180,0,80,-1,,0,4,0,3100059821
gym-e1-rv_momo_b.encounter,counter-reserve,20,Victory,4,0,4,32,11,260,0,50,-1,,0,1,0,1730115645
gym-e1-rv_momo_b.encounter,counter-reserve,21,Victory,5,0,5,40,17,140,0,100,-1,,0,5,0,2597958023
gym-e1-rv_momo_b.encounter,counter-reserve,22,Victory,7,0,7,56,28,80,0,100,-1,,0,7,0,885755934
gym-e1-rv_momo_b.encounter,counter-reserve,23,Victory,6,0,6,48,23,140,0,83,-1,,0,5,0,1220725438
gym-e1-rv_momo_b.encounter,counter-reserve,24,Victory,6,0,6,48,22,120,0,100,-1,,0,6,0,3363979113
gym-e1-rv_momo_b.encounter,counter-reserve,25,Victory,5,0,5,40,17,180,0,80,-1,,0,4,0,3100059821
gym-e1-rv_momo_b.encounter,counter-reserve,26,Victory,5,0,5,40,17,180,0,80,-1,,0,4,0,3100059821
gym-e1-rv_momo_b.encounter,counter-reserve,27,Victory,5,0,5,40,17,180,0,80,-1,,0,4,0,3100059821
gym-e1-rv_momo_b.encounter,counter-reserve,28,Victory,7,0,7,56,24,60,0,114,-1,,0,9,0,217124272
gym-e1-rv_momo_b.encounter,counter-reserve,29,Victory,5,0,5,40,19,180,0,80,-1,,0,4,0,2716584664
gym-e1-rv_momo_b.encounter,counter-reserve,30,Victory,6,0,6,48,25,120,0,100,-1,,0,6,0,622660365
gym-e1-rv_momo_b.encounter,counter-reserve,31,Defeat,6,0,6,48,23,0,1,133,-1,,0,6,0,3033622401
gym-e1-rv_momo_b.encounter,counter-reserve,32,Victory,8,0,8,64,28,40,0,112,-1,,0,9,0,1234406723
gym-e1-rv_momo_b.encounter,counter-reserve,33,Victory,5,0,5,40,17,180,0,80,-1,,0,4,0,3100059821
gym-e1-rv_momo_b.encounter,counter-reserve,34,Defeat,8,0,8,64,43,0,1,112,-1,,0,8,0,415734285
gym-e1-rv_momo_b.encounter,counter-reserve,35,Victory,5,0,5,40,17,180,0,80,-1,,0,4,0,3100059821
gym-e1-rv_momo_b.encounter,counter-reserve,36,Victory,5,0,5,40,17,180,0,80,-1,,0,4,0,3100059821
gym-e1-rv_momo_b.encounter,counter-reserve,37,Victory,5,0,5,40,17,180,0,80,-1,,0,4,0,3100059821
gym-e1-rv_momo_b.encounter,counter-reserve,38,Victory,4,0,4,32,9,140,0,100,-1,,0,4,0,1302737678
gym-e1-rv_momo_b.encounter,counter-reserve,39,Victory,6,0,6,48,20,160,0,83,-1,,0,5,0,3760450893
gym-e1-rv_momo_b.encounter,counter-reserve,40,Victory,6,0,6,48,21,160,0,66,-1,,0,6,0,3844180637
gym-e1-rv_momo_b.encounter,counter-reserve,41,Victory,6,0,6,48,19,160,0,83,-1,,0,5,0,557616722
gym-e1-rv_momo_b.encounter,counter-reserve,42,Victory,5,0,5,40,17,180,0,80,-1,,0,4,0,3100059821
gym-e1-rv_momo_b.encounter,counter-reserve,43,Victory,5,0,5,40,16,140,0,80,-1,,0,4,0,2521607538
gym-e1-rv_momo_b.encounter,counter-reserve,44,Victory,6,0,6,48,23,60,0,116,-1,,0,7,0,1606771368
gym-e1-rv_momo_b.encounter,counter-reserve,45,Victory,6,0,6,48,23,120,0,116,-1,,0,7,0,390125213
gym-e1-rv_momo_b.encounter,counter-reserve,46,Victory,5,0,5,40,15,120,0,100,-1,,0,4,0,1104342704
gym-e1-rv_momo_b.encounter,counter-reserve,47,Victory,5,0,5,40,17,180,0,80,-1,,0,4,0,3100059821
gym-e1-rv_momo_b.encounter,counter-reserve,48,Victory,5,0,5,40,17,180,0,80,-1,,0,4,0,3100059821
gym-e1-rv_momo_b.encounter,counter-reserve,49,Victory,5,0,5,40,17,140,0,100,-1,,0,5,0,2597958023
gym-e1-rv_momo_b.encounter,counter-reserve,50,Victory,5,0,5,40,16,180,0,80,-1,,0,4,0,510793208
gym-e1-rv_momo_b.encounter,counter-reserve,51,Victory,7,0,7,56,25,120,0,114,-1,,0,8,0,2152250306
gym-e1-rv_momo_b.encounter,counter-reserve,52,Victory,5,0,5,40,18,180,0,80,-1,,0,4,0,1776268298
gym-e1-rv_momo_b.encounter,counter-reserve,53,Victory,6,0,6,48,22,180,0,83,-1,,0,4,0,999187571
gym-e1-rv_momo_b.encounter,counter-reserve,54,Victory,5,0,5,40,16,200,0,80,-1,,0,4,0,1517377735
gym-e1-rv_momo_b.encounter,counter-reserve,55,Victory,4,0,4,32,10,220,0,50,-1,,0,1,0,2374871477
gym-e1-rv_momo_b.encounter,counter-reserve,56,Victory,5,0,5,40,17,180,0,80,-1,,0,4,0,3100059821
gym-e1-rv_momo_b.encounter,counter-reserve,57,Victory,5,0,5,40,17,180,0,80,-1,,0,4,0,3100059821
gym-e1-rv_momo_b.encounter,counter-reserve,58,Victory,6,0,6,48,19,100,0,116,-1,,0,6,0,1558881286
gym-e1-rv_momo_b.encounter,counter-reserve,59,Victory,6,0,6,48,20,120,0,116,-1,,0,7,0,2460098622
gym-e1-rv_momo_b.encounter,counter-reserve,60,Victory,6,0,6,48,23,130,0,100,-1,,0,6,0,1756924354
gym-e1-rv_momo_b.encounter,counter-reserve,61,Victory,5,0,5,40,19,200,0,80,-1,,0,4,0,2078136148
gym-e1-rv_momo_b.encounter,counter-reserve,62,Victory,8,0,8,64,36,40,0,100,-1,,0,8,0,1493969925
gym-e1-rv_momo_b.encounter,counter-reserve,63,Victory,5,0,5,40,18,160,0,100,-1,,0,5,0,3908243480
gym-e1-rv_momo_b.encounter,counter-reserve,64,Victory,5,0,5,40,17,180,0,80,-1,,0,4,0,2613737135
gym-e1-rv_momo_b.encounter,counter-reserve,65,Victory,7,0,7,56,28,120,0,85,-1,,0,6,0,303415266
gym-e1-rv_momo_b.encounter,counter-reserve,66,Victory,5,0,5,40,17,180,0,80,-1,,0,4,0,3100059821
gym-e1-rv_momo_b.encounter,counter-reserve,67,Victory,5,0,5,40,17,180,0,80,-1,,0,4,0,3100059821
gym-e1-rv_momo_b.encounter,counter-reserve,68,Victory,5,0,5,40,16,180,0,80,-1,,0,4,0,510793208
gym-e1-rv_momo_b.encounter,counter-reserve,69,Victory,6,0,6,48,22,150,0,100,-1,,0,6,0,1189301184
gym-e1-rv_momo_b.encounter,counter-reserve,70,Victory,5,0,5,40,17,180,0,80,-1,,0,4,0,3100059821
gym-e1-rv_momo_b.encounter,counter-reserve,71,Victory,5,0,5,40,16,100,0,100,-1,,0,5,0,264510680
gym-e1-rv_momo_b.encounter,counter-reserve,72,Victory,6,0,6,48,18,120,0,100,-1,,0,5,0,98253673
gym-e1-rv_momo_b.encounter,counter-reserve,73,Victory,5,0,5,40,17,180,0,80,-1,,0,4,0,3100059821
gym-e1-rv_momo_b.encounter,counter-reserve,74,Victory,5,0,5,40,16,180,0,80,-1,,0,4,0,764456075
gym-e1-rv_momo_b.encounter,counter-reserve,75,Victory,5,0,5,40,15,100,0,120,-1,,0,4,0,221400808
gym-e1-rv_momo_b.encounter,counter-reserve,76,Victory,5,0,5,40,8,120,0,120,-1,,0,4,0,954665008
gym-e1-rv_momo_b.encounter,counter-reserve,77,Victory,5,0,5,40,17,180,0,80,-1,,0,4,0,3100059821
gym-e1-rv_momo_b.encounter,counter-reserve,78,Victory,5,0,5,40,16,180,0,80,-1,,0,4,0,4156957405
gym-e1-rv_momo_b.encounter,counter-reserve,79,Victory,6,0,6,48,23,160,0,116,-1,,0,7,0,2675907186
gym-e1-rv_momo_b.encounter,counter-reserve,80,Victory,5,0,5,40,17,140,0,80,-1,,0,4,0,3590110931
gym-e1-rv_momo_b.encounter,counter-reserve,81,Victory,5,0,5,40,17,180,0,80,-1,,0,4,0,3100059821
gym-e1-rv_momo_b.encounter,counter-reserve,82,Victory,5,0,5,40,17,180,0,80,-1,,0,4,0,3100059821
gym-e1-rv_momo_b.encounter,counter-reserve,83,Victory,5,0,5,40,16,180,0,80,-1,,0,4,0,484612603
gym-e1-rv_momo_b.encounter,counter-reserve,84,Victory,5,0,5,40,17,180,0,80,-1,,0,4,0,3100059821
gym-e1-rv_momo_b.encounter,counter-reserve,85,Victory,6,0,6,48,18,140,0,83,-1,,0,4,0,1599825955
gym-e1-rv_momo_b.encounter,counter-reserve,86,Victory,7,0,7,56,29,40,0,114,-1,,0,9,0,23582820
gym-e1-rv_momo_b.encounter,counter-reserve,87,Victory,5,0,5,40,21,180,0,80,-1,,0,4,0,1283418008
gym-e1-rv_momo_b.encounter,counter-reserve,88,Victory,7,0,7,56,25,90,0,100,-1,,0,7,0,4230031345
gym-e1-rv_momo_b.encounter,counter-reserve,89,Victory,5,0,5,40,12,160,0,80,-1,,0,4,0,1793725835
gym-e1-rv_momo_b.encounter,counter-reserve,90,Victory,5,0,5,40,17,180,0,80,-1,,0,4,0,3100059821
gym-e1-rv_momo_b.encounter,counter-reserve,91,Victory,5,0,5,40,17,180,0,80,-1,,0,4,0,3100059821
gym-e1-rv_momo_b.encounter,counter-reserve,92,Victory,5,0,5,40,17,180,0,80,-1,,0,4,0,3100059821
gym-e1-rv_momo_b.encounter,counter-reserve,93,Victory,5,0,5,40,16,140,0,100,-1,,0,5,0,1421238002
gym-e1-rv_momo_b.encounter,counter-reserve,94,Victory,5,0,5,40,17,180,0,80,-1,,0,4,0,3100059821
gym-e1-rv_momo_b.encounter,counter-reserve,95,Victory,6,0,6,48,17,120,0,83,-1,,0,6,0,116559530
gym-e1-rv_momo_b.encounter,counter-reserve,96,Victory,5,0,5,40,17,180,0,80,-1,,0,4,0,3100059821
gym-e1-rv_momo_b.encounter,counter-reserve,97,Victory,5,0,5,40,11,160,0,80,-1,,0,4,0,2921377209
gym-e1-rv_momo_b.encounter,counter-reserve,98,Victory,6,0,6,48,24,100,0,100,-1,,0,6,0,3678448369
gym-e1-rv_momo_b.encounter,counter-reserve,99,Victory,5,0,5,40,17,180,0,80,-1,,0,4,0,3100059821
gym-e1-rv_momo_b.encounter,counter-reserve,100,Victory,5,0,5,40,18,220,0,60,-1,,0,2,0,4243294051
gym-e1-rv_momo_b.encounter,counter-reserve,101,Victory,5,0,5,40,17,180,0,80,-1,,0,4,0,3100059821
gym-e1-rv_momo_b.encounter,counter-reserve,102,Victory,5,0,5,40,16,140,0,80,-1,,0,4,0,2521607538
gym-e1-rv_momo_b.encounter,counter-reserve,103,Victory,5,0,5,40,17,180,0,80,-1,,0,4,0,3100059821
gym-e1-rv_momo_b.encounter,counter-reserve,104,Victory,5,0,5,40,17,180,0,80,-1,,0,4,0,3100059821
gym-e1-rv_momo_b.encounter,counter-reserve,105,Victory,5,0,5,40,17,180,0,80,-1,,0,4,0,3100059821
gym-e1-rv_momo_b.encounter,counter-reserve,106,Victory,6,0,6,48,22,80,0,116,-1,,0,7,0,3888278342
gym-e1-rv_momo_b.encounter,counter-reserve,107,Victory,6,0,6,48,22,140,0,83,-1,,0,5,0,1850295742
gym-e1-rv_momo_b.encounter,counter-reserve,108,Victory,6,0,6,48,21,140,0,83,-1,,0,5,0,739935340
gym-e1-rv_momo_b.encounter,counter-reserve,109,Victory,5,0,5,40,19,200,0,80,-1,,0,4,0,2078136148
gym-e1-rv_momo_b.encounter,counter-reserve,110,Victory,8,0,8,64,33,80,0,87,-1,,0,7,0,3844412908
gym-e1-rv_momo_b.encounter,counter-reserve,111,Victory,6,0,6,48,21,120,0,116,-1,,0,7,0,3949957754
gym-e1-rv_momo_b.encounter,counter-reserve,112,Victory,5,0,5,40,17,180,0,80,-1,,0,4,0,3100059821
gym-e1-rv_momo_b.encounter,counter-reserve,113,Defeat,7,0,7,56,35,0,1,128,-1,,0,8,0,3554447336
gym-e1-rv_momo_b.encounter,counter-reserve,114,Victory,7,0,7,56,23,110,0,114,-1,,0,8,0,268740576
gym-e1-rv_momo_b.encounter,counter-reserve,115,Victory,4,0,4,32,7,220,0,50,-1,,0,1,0,3125216867
gym-e1-rv_momo_b.encounter,counter-reserve,116,Victory,5,0,5,40,17,180,0,80,-1,,0,4,0,3100059821
gym-e1-rv_momo_b.encounter,counter-reserve,117,Victory,5,0,5,40,17,180,0,80,-1,,0,4,0,3100059821
gym-e1-rv_momo_b.encounter,counter-reserve,118,Victory,5,0,5,40,17,180,0,80,-1,,0,4,0,2613737135
gym-e1-rv_momo_b.encounter,counter-reserve,119,Victory,5,0,5,40,17,180,0,80,-1,,0,4,0,2613737135
gym-e1-rv_momo_b.encounter,counter-reserve,120,Victory,7,0,7,56,29,120,0,85,-1,,0,6,0,2049762611
gym-e1-rv_momo_b.encounter,counter-reserve,121,Victory,6,0,6,48,21,120,0,100,-1,,0,6,0,200178541
gym-e1-rv_momo_b.encounter,counter-reserve,122,Victory,5,0,5,40,17,180,0,80,-1,,0,4,0,3100059821
gym-e1-rv_momo_b.encounter,counter-reserve,123,Victory,5,0,5,40,17,180,0,80,-1,,0,4,0,3100059821
gym-e1-rv_momo_b.encounter,counter-reserve,124,Victory,6,0,6,48,22,80,0,116,-1,,0,7,0,83622288
gym-e1-rv_momo_b.encounter,counter-reserve,125,Victory,4,0,4,32,7,220,0,75,-1,,0,2,0,890943244
gym-e1-rv_momo_b.encounter,counter-reserve,126,Victory,5,0,5,40,17,180,0,80,-1,,0,4,0,3100059821
gym-e1-rv_momo_b.encounter,counter-reserve,127,Victory,5,0,5,40,17,180,0,80,-1,,0,4,0,3100059821
gym-e1-rv_momo_b.encounter,counter-reserve,128,Victory,5,0,5,40,17,180,0,80,-1,,0,4,0,3100059821
gym-e1-rv_momo_b.encounter,counter-reserve,129,Victory,5,0,5,40,17,180,0,80,-1,,0,4,0,3100059821
gym-e1-rv_momo_b.encounter,counter-reserve,130,Victory,5,0,5,40,17,180,0,80,-1,,0,4,0,3100059821
gym-e1-rv_momo_b.encounter,counter-reserve,131,Victory,5,0,5,40,15,180,0,80,-1,,0,4,0,3100059821
gym-e1-rv_momo_b.encounter,counter-reserve,132,Victory,5,0,5,40,17,180,0,80,-1,,0,4,0,3100059821
gym-e1-rv_momo_b.encounter,counter-reserve,133,Victory,7,0,7,56,32,120,0,85,-1,,0,6,0,521442689
gym-e1-rv_momo_b.encounter,counter-reserve,134,Victory,4,0,4,32,11,220,0,75,-1,,0,2,0,2608830302
gym-e1-rv_momo_b.encounter,counter-reserve,135,Victory,5,0,5,40,17,180,0,80,-1,,0,4,0,3100059821
gym-e1-rv_momo_b.encounter,counter-reserve,136,Victory,6,0,6,48,23,130,0,100,-1,,0,6,0,1756924354
gym-e1-rv_momo_b.encounter,counter-reserve,137,Defeat,6,0,6,48,35,0,1,150,-1,,0,8,0,1713184265
gym-e1-rv_momo_b.encounter,counter-reserve,138,Victory,5,0,5,40,17,180,0,80,-1,,0,4,0,3100059821
gym-e1-rv_momo_b.encounter,counter-reserve,139,Victory,5,0,5,40,17,180,0,80,-1,,0,4,0,3100059821
gym-e1-rv_momo_b.encounter,counter-reserve,140,Victory,5,0,5,40,16,140,0,100,-1,,0,5,0,1421238002
gym-e1-rv_momo_b.encounter,counter-reserve,141,Victory,5,0,5,40,19,200,0,80,-1,,0,4,0,142149572
gym-e1-rv_momo_b.encounter,counter-reserve,142,Victory,7,0,7,56,28,60,0,100,-1,,0,9,0,2380092035
gym-e1-rv_momo_b.encounter,counter-reserve,143,Defeat,9,0,9,72,42,0,1,88,-1,,0,9,0,3150294448
gym-e1-rv_momo_b.encounter,counter-reserve,144,Victory,5,0,5,40,17,180,0,80,-1,,0,4,0,3100059821
gym-e1-rv_momo_b.encounter,counter-reserve,145,Victory,5,0,5,40,17,180,0,80,-1,,0,4,0,3100059821
gym-e1-rv_momo_b.encounter,counter-reserve,146,Victory,5,0,5,40,22,180,0,80,-1,,0,4,0,1898000088
gym-e1-rv_momo_b.encounter,counter-reserve,147,Victory,5,0,5,40,17,180,0,80,-1,,0,4,0,3100059821
gym-e1-rv_momo_b.encounter,counter-reserve,148,Victory,6,0,6,48,22,100,0,100,-1,,0,5,0,1824498533
gym-e1-rv_momo_b.encounter,counter-reserve,149,Victory,4,0,4,32,9,220,0,75,-1,,0,2,0,178511686
gym-e1-rv_momo_b.encounter,counter-reserve,150,Victory,6,0,6,48,22,160,0,83,-1,,0,5,0,2026505858
gym-e1-rv_momo_b.encounter,counter-reserve,151,Victory,5,0,5,40,17,180,0,80,-1,,0,4,0,3100059821
gym-e1-rv_momo_b.encounter,counter-reserve,152,Victory,5,0,5,40,16,180,0,80,-1,,0,4,0,1798689660
gym-e1-rv_momo_b.encounter,counter-reserve,153,Victory,5,0,5,40,17,180,0,80,-1,,0,4,0,3100059821
gym-e1-rv_momo_b.encounter,counter-reserve,154,Victory,5,0,5,40,17,180,0,80,-1,,0,4,0,3100059821
gym-e1-rv_momo_b.encounter,counter-reserve,155,Victory,5,0,5,40,20,210,0,80,-1,,0,4,0,1125426046
gym-e1-rv_momo_b.encounter,counter-reserve,156,Victory,7,0,7,56,29,120,0,85,-1,,0,6,0,1087953667
gym-e1-rv_momo_b.encounter,counter-reserve,157,Victory,6,0,6,48,27,100,0,100,-1,,0,6,0,1146141265
gym-e1-rv_momo_b.encounter,counter-reserve,158,Victory,5,0,5,40,17,180,0,80,-1,,0,4,0,3100059821
gym-e1-rv_momo_b.encounter,counter-reserve,159,Victory,5,0,5,40,17,180,0,80,-1,,0,4,0,3100059821
gym-e1-rv_momo_b.encounter,counter-reserve,160,Victory,5,0,5,40,16,140,0,80,-1,,0,4,0,2521607538
gym-e1-rv_momo_b.encounter,counter-reserve,161,Victory,7,0,7,56,27,100,0,114,-1,,0,8,0,3630177167
gym-e1-rv_momo_b.encounter,counter-reserve,162,Victory,5,0,5,40,18,180,0,80,-1,,0,4,0,2326795704
gym-e1-rv_momo_b.encounter,counter-reserve,163,Victory,5,0,5,40,17,180,0,80,-1,,0,4,0,3100059821
gym-e1-rv_momo_b.encounter,counter-reserve,164,Victory,6,0,6,48,18,140,0,83,-1,,0,5,0,2969522573
gym-e1-rv_momo_b.encounter,counter-reserve,165,Victory,5,0,5,40,17,180,0,80,-1,,0,4,0,3100059821
gym-e1-rv_momo_b.encounter,counter-reserve,166,Victory,9,0,9,72,46,20,0,100,-1,,0,9,0,2433371458
gym-e1-rv_momo_b.encounter,counter-reserve,167,Defeat,8,0,8,64,36,0,1,100,-1,,0,9,0,2434263978
gym-e1-rv_momo_b.encounter,counter-reserve,168,Victory,5,0,5,40,16,180,0,80,-1,,0,4,0,2304872761
gym-e1-rv_momo_b.encounter,counter-reserve,169,Defeat,6,0,6,48,25,0,1,133,-1,,0,5,0,865781459
gym-e1-rv_momo_b.encounter,counter-reserve,170,Victory,5,0,5,40,15,180,0,80,-1,,0,4,0,3100059821
gym-e1-rv_momo_b.encounter,counter-reserve,171,Victory,5,0,5,40,17,180,0,80,-1,,0,4,0,3100059821
gym-e1-rv_momo_b.encounter,counter-reserve,172,Defeat,8,0,8,64,41,0,1,100,-1,,0,9,0,3439622654
gym-e1-rv_momo_b.encounter,counter-reserve,173,Victory,5,0,5,40,21,180,0,80,-1,,0,4,0,795567432
gym-e1-rv_momo_b.encounter,counter-reserve,174,Victory,5,0,5,40,17,180,0,80,-1,,0,4,0,3100059821
gym-e1-rv_momo_b.encounter,counter-reserve,175,Victory,7,0,7,56,26,80,0,114,-1,,0,8,0,3138652937
gym-e1-rv_momo_b.encounter,counter-reserve,176,Victory,5,0,5,40,17,180,0,80,-1,,0,4,0,3100059821
gym-e1-rv_momo_b.encounter,counter-reserve,177,Victory,5,0,5,40,17,180,0,80,-1,,0,4,0,3100059821
gym-e1-rv_momo_b.encounter,counter-reserve,178,Victory,7,0,7,56,29,120,0,85,-1,,0,6,0,952424833
gym-e1-rv_momo_b.encounter,counter-reserve,179,Victory,6,0,6,48,26,160,0,83,-1,,0,5,0,368711943
gym-e1-rv_momo_b.encounter,counter-reserve,180,Victory,7,0,7,56,20,80,0,100,-1,,0,5,0,2431212586
gym-e1-rv_momo_b.encounter,counter-reserve,181,Victory,5,0,5,40,15,180,0,80,-1,,0,4,0,1686854201
gym-e1-rv_momo_b.encounter,counter-reserve,182,Victory,5,0,5,40,17,180,0,80,-1,,0,4,0,3100059821
gym-e1-rv_momo_b.encounter,counter-reserve,183,Victory,5,0,5,40,17,180,0,80,-1,,0,4,0,3100059821
gym-e1-rv_momo_b.encounter,counter-reserve,184,Victory,5,0,5,40,17,180,0,80,-1,,0,4,0,3100059821
gym-e1-rv_momo_b.encounter,counter-reserve,185,Victory,5,0,5,40,17,180,0,80,-1,,0,4,0,3100059821
gym-e1-rv_momo_b.encounter,counter-reserve,186,Victory,5,0,5,40,17,140,0,100,-1,,0,5,0,2597958023
gym-e1-rv_momo_b.encounter,counter-reserve,187,Victory,5,0,5,40,17,180,0,80,-1,,0,4,0,3100059821
gym-e1-rv_momo_b.encounter,counter-reserve,188,Victory,6,0,6,48,23,140,0,83,-1,,0,5,0,2825941626
gym-e1-rv_momo_b.encounter,counter-reserve,189,Victory,6,0,6,48,17,120,0,83,-1,,0,6,0,1816492427
gym-e1-rv_momo_b.encounter,counter-reserve,190,Victory,5,0,5,40,17,180,0,80,-1,,0,4,0,3100059821
gym-e1-rv_momo_b.encounter,counter-reserve,191,Defeat,6,0,6,48,30,0,2,150,-1,,0,8,0,3828626849
gym-e1-rv_momo_b.encounter,counter-reserve,192,Victory,7,0,7,56,27,90,0,114,-1,,0,8,0,1841230758
gym-e1-rv_momo_b.encounter,counter-reserve,193,Victory,5,0,5,40,17,180,0,80,-1,,0,4,0,3100059821
gym-e1-rv_momo_b.encounter,counter-reserve,194,Victory,6,0,6,48,22,140,0,100,-1,,0,6,0,3117295212
gym-e1-rv_momo_b.encounter,counter-reserve,195,Victory,5,0,5,40,17,180,0,80,-1,,0,4,0,3100059821
gym-e1-rv_momo_b.encounter,counter-reserve,196,Victory,6,0,6,48,21,120,0,100,-1,,0,6,0,488660204
gym-e1-rv_momo_b.encounter,counter-reserve,197,Victory,6,0,6,48,24,160,0,83,-1,,0,5,0,1737780198
gym-e1-rv_momo_b.encounter,counter-reserve,198,Victory,6,0,6,48,18,140,0,100,-1,,0,6,0,400299404
gym-e1-rv_momo_b.encounter,counter-reserve,199,Victory,4,0,4,32,6,200,0,75,-1,,0,2,0,2628807199
gym-e1-rv_momo_b.encounter,counter-reserve,200,Victory,4,0,4,32,5,200,0,75,-1,,0,2,0,3287101420
gym-e2-push.encounter,attack-only,1,Victory,6,0,6,48,9,120,0,100,-1,,0,4,0,3644750863
gym-e2-push.encounter,attack-only,2,Victory,6,0,6,48,7,100,0,100,-1,,0,3,0,1373299427
gym-e2-push.encounter,attack-only,3,Victory,7,0,7,56,8,80,0,100,-1,,0,5,0,2170399364
gym-e2-push.encounter,attack-only,4,Defeat,7,0,7,56,9,0,1,142,-1,,0,7,0,1156247642
gym-e2-push.encounter,attack-only,5,Victory,7,0,7,56,5,120,0,85,-1,,0,4,0,2068589444
gym-e2-push.encounter,attack-only,6,Victory,7,0,7,56,9,120,0,71,-1,,0,3,0,29188646
gym-e2-push.encounter,attack-only,7,Victory,7,0,7,56,8,100,0,85,-1,,0,4,0,1841071517
gym-e2-push.encounter,attack-only,8,Victory,5,0,5,40,4,140,0,100,-1,,0,2,0,2113329479
gym-e2-push.encounter,attack-only,9,Victory,8,0,8,64,17,90,0,100,-1,,0,7,0,563771900
gym-e2-push.encounter,attack-only,10,Victory,6,0,6,48,5,120,0,100,-1,,0,3,0,3537060331
gym-e2-push.encounter,attack-only,11,Victory,5,0,5,40,4,140,0,100,-1,,0,2,0,2113329479
gym-e2-push.encounter,attack-only,12,Victory,5,0,5,40,4,140,0,100,-1,,0,2,0,2113329479
gym-e2-push.encounter,attack-only,13,Victory,7,0,7,56,9,130,0,85,-1,,0,4,0,1918813717
gym-e2-push.encounter,attack-only,14,Victory,6,0,6,48,5,130,0,100,-1,,0,3,0,1778971434
gym-e2-push.encounter,attack-only,15,Victory,7,0,7,56,9,90,0,100,-1,,0,4,0,2437354190
gym-e2-push.encounter,attack-only,16,Victory,7,0,7,56,7,120,0,85,-1,,0,4,0,2729624336
gym-e2-push.encounter,attack-only,17,Victory,5,0,5,40,2,140,0,100,-1,,0,2,0,2113329479
gym-e2-push.encounter,attack-only,18,Victory,5,0,5,40,4,160,0,100,-1,,0,2,0,129804637
gym-e2-push.encounter,attack-only,19,Victory,5,0,5,40,4,140,0,100,-1,,0,2,0,2113329479
gym-e2-push.encounter,attack-only,20,Victory,6,0,6,48,8,140,0,66,-1,,0,2,0,1241969863
gym-e2-push.encounter,attack-only,21,Victory,6,0,6,48,5,120,0,100,-1,,0,3,0,4200957540
gym-e2-push.encounter,attack-only,22,Victory,6,0,6,48,4,100,0,100,-1,,0,3,0,1596907100
gym-e2-push.encounter,attack-only,23,Victory,7,0,7,56,6,120,0,85,-1,,0,4,0,635378686
gym-e2-push.encounter,attack-only,24,Victory,6,0,6,48,8,120,0,100,-1,,0,5,0,979541031
gym-e2-push.encounter,attack-only,25,Victory,6,0,6,48,7,100,0,100,-1,,0,3,0,1874557249
gym-e2-push.encounter,attack-only,26,Victory,6,0,6,48,4,160,0,83,-1,,0,3,0,931359699
gym-e2-push.encounter,attack-only,27,Victory,6,0,6,48,6,140,0,83,-1,,0,3,0,333211606
gym-e2-push.encounter,attack-only,28,Victory,6,0,6,48,10,100,0,100,-1,,0,3,0,2998892959
gym-e2-push.encounter,attack-only,29,Victory,7,0,7,56,8,100,0,85,-1,,0,4,0,3033805945
gym-e2-push.encounter,attack-only,30,Victory,6,0,6,48,7,160,0,66,-1,,0,4,0,4027248614
gym-e2-push.encounter,attack-only,31,Defeat,7,0,7,56,16,0,1,114,-1,,0,7,0,1413326308
gym-e2-push.encounter,attack-only,32,Victory,10,0,10,80,21,40,0,80,-1,,0,10,0,2027090339
gym-e2-push.encounter,attack-only,33,Victory,5,0,5,40,4,160,0,100,-1,,0,2,0,129804637
gym-e2-push.encounter,attack-only,34,Victory,6,0,6,48,4,120,0,100,-1,,0,5,0,1403059185
gym-e2-push.encounter,attack-only,35,Victory,5,0,5,40,4,160,0,100,-1,,0,2,0,1754846175
gym-e2-push.encounter,attack-only,36,Victory,6,0,6,48,4,150,0,100,-1,,0,3,0,272045289
gym-e2-push.encounter,attack-only,37,Victory,5,0,5,40,4,140,0,100,-1,,0,2,0,715700020
gym-e2-push.encounter,attack-only,38,Victory,6,0,6,48,2,140,0,100,-1,,0,3,0,1524219743
gym-e2-push.encounter,attack-only,39,Victory,6,0,6,48,4,100,0,100,-1,,0,5,0,3784146605
gym-e2-push.encounter,attack-only,40,Victory,5,0,5,40,2,140,0,100,-1,,0,2,0,2113329479
gym-e2-push.encounter,attack-only,41,Victory,9,0,9,72,14,40,0,88,-1,,0,7,0,389374410
gym-e2-push.encounter,attack-only,42,Victory,5,0,5,40,4,140,0,100,-1,,0,2,0,2113329479
gym-e2-push.encounter,attack-only,43,Victory,5,0,5,40,2,140,0,100,-1,,0,2,0,2113329479
gym-e2-push.encounter,attack-only,44,Victory,8,0,8,64,13,100,0,75,-1,,0,8,0,3499422456
gym-e2-push.encounter,attack-only,45,Victory,6,0,6,48,8,120,0,100,-1,,0,3,0,3378628054
gym-e2-push.encounter,attack-only,46,Victory,7,0,7,56,8,80,0,85,-1,,0,6,0,2895610150
gym-e2-push.encounter,attack-only,47,Victory,5,0,5,40,4,140,0,100,-1,,0,2,0,2113329479
gym-e2-push.encounter,attack-only,48,Victory,5,0,5,40,4,140,0,100,-1,,0,2,0,2113329479
gym-e2-push.encounter,attack-only,49,Victory,6,0,6,48,4,100,0,100,-1,,0,3,0,2116185512
gym-e2-push.encounter,attack-only,50,Victory,6,0,6,48,5,120,0,100,-1,,0,3,0,1985782461
gym-e2-push.encounter,attack-only,51,Victory,8,0,8,64,12,50,0,100,-1,,0,9,0,366778840
gym-e2-push.encounter,attack-only,52,Victory,6,0,6,48,4,100,0,100,-1,,0,3,0,4118306984
gym-e2-push.encounter,attack-only,53,Victory,7,0,7,56,4,120,0,71,-1,,0,6,0,2004010222
gym-e2-push.encounter,attack-only,54,Victory,8,0,8,64,9,100,0,87,-1,,0,6,0,2802073614
gym-e2-push.encounter,attack-only,55,Victory,6,0,6,48,8,140,0,66,-1,,0,2,0,1241969863
gym-e2-push.encounter,attack-only,56,Victory,7,0,7,56,7,60,0,100,-1,,0,4,0,4153911726
gym-e2-push.encounter,attack-only,57,Victory,5,0,5,40,4,140,0,100,-1,,0,2,0,3423912870
gym-e2-push.encounter,attack-only,58,Victory,7,0,7,56,0,120,0,71,-1,,0,4,0,1495375983
gym-e2-push.encounter,attack-only,59,Victory,7,0,7,56,8,40,0,114,-1,,0,7,0,4072934864
gym-e2-push.encounter,attack-only,60,Victory,6,0,6,48,8,120,0,100,-1,,0,4,0,722844725
gym-e2-push.encounter,attack-only,61,Victory,5,0,5,40,4,160,0,100,-1,,0,2,0,1754846175
gym-e2-push.encounter,attack-only,62,Victory,7,0,7,56,7,150,0,85,-1,,0,5,0,1524929243
gym-e2-push.encounter,attack-only,63,Victory,6,0,6,48,4,120,0,100,-1,,0,3,0,945584585
gym-e2-push.encounter,attack-only,64,Victory,7,0,7,56,7,100,0,85,-1,,0,4,0,3246763372
gym-e2-push.encounter,attack-only,65,Victory,8,0,8,64,9,20,0,100,-1,,0,8,0,808089787
gym-e2-push.encounter,attack-only,66,Victory,8,0,8,64,8,110,0,87,-1,,0,5,0,3283955981
gym-e2-push.encounter,attack-only,67,Victory,5,0,5,40,4,160,0,100,-1,,0,2,0,129804637
gym-e2-push.encounter,attack-only,68,Victory,7,0,7,56,6,110,0,100,-1,,0,4,0,960101128
gym-e2-push.encounter,attack-only,69,Victory,8,0,8,64,16,100,0,100,-1,,0,5,0,54928628
gym-e2-push.encounter,attack-only,70,Victory,7,0,7,56,8,130,0,85,-1,,0,4,0,1327178990
gym-e2-push.encounter,attack-only,71,Victory,7,0,7,56,2,120,0,100,-1,,0,5,0,4020087641
gym-e2-push.encounter,attack-only,72,Victory,8,0,8,64,11,80,0,62,-1,,0,6,0,2275466381
gym-e2-push.encounter,attack-only,73,Victory,6,0,6,48,6,170,0,83,-1,,0,3,0,4202659344
gym-e2-push.encounter,attack-only,74,Victory,6,0,6,48,4,100,0,100,-1,,0,3,0,822350456
gym-e2-push.encounter,attack-only,75,Victory,7,0,7,56,7,120,0,85,-1,,0,4,0,2055982132
gym-e2-push.encounter,attack-only,76,Victory,7,0,7,56,10,170,0,57,-1,,0,4,0,1018321890
gym-e2-push.encounter,attack-only,77,Victory,5,0,5,40,4,140,0,100,-1,,0,2,0,2113329479
gym-e2-push.encounter,attack-only,78,Victory,6,0,6,48,4,120,0,100,-1,,0,3,0,319647382
gym-e2-push.encounter,attack-only,79,Victory,6,0,6,48,4,100,0,100,-1,,0,3,0,2116185512
gym-e2-push.encounter,attack-only,80,Victory,5,0,5,40,1,180,0,100,-1,,0,2,0,2093414537
gym-e2-push.encounter,attack-only,81,Victory,8,0,8,64,12,100,0,100,-1,,0,6,0,1900068614
gym-e2-push.encounter,attack-only,82,Victory,5,0,5,40,4,140,0,100,-1,,0,2,0,2113329479
gym-e2-push.encounter,attack-only,83,Victory,8,0,8,64,4,130,0,87,-1,,0,5,0,2278335944
gym-e2-push.encounter,attack-only,84,Victory,6,0,6,48,4,120,0,100,-1,,0,3,0,2603067167
gym-e2-push.encounter,attack-only,85,Victory,8,0,8,64,9,20,0,112,-1,,0,9,0,3217463375
gym-e2-push.encounter,attack-only,86,Victory,7,0,7,56,7,110,0,100,-1,,0,4,0,1765971274
gym-e2-push.encounter,attack-only,87,Victory,5,0,5,40,4,160,0,100,-1,,0,2,0,1754846175
gym-e2-push.encounter,attack-only,88,Victory,7,0,7,56,8,40,0,114,-1,,0,7,0,2679602992
gym-e2-push.encounter,attack-only,89,Victory,7,0,7,56,12,80,0,100,-1,,0,4,0,3992805003
gym-e2-push.encounter,attack-only,90,Victory,5,0,5,40,4,140,0,100,-1,,0,2,0,2113329479
gym-e2-push.encounter,attack-only,91,Victory,5,0,5,40,4,140,0,100,-1,,0,2,0,2113329479
gym-e2-push.encounter,attack-only,92,Victory,5,0,5,40,4,140,0,100,-1,,0,2,0,2113329479
gym-e2-push.encounter,attack-only,93,Victory,7,0,7,56,5,60,0,100,-1,,0,4,0,1447289050
gym-e2-push.encounter,attack-only,94,Victory,5,0,5,40,4,140,0,100,-1,,0,2,0,2113329479
gym-e2-push.encounter,attack-only,95,Victory,6,0,6,48,0,160,0,100,-1,,0,3,0,1762099014
gym-e2-push.encounter,attack-only,96,Victory,5,0,5,40,4,160,0,100,-1,,0,2,0,4081168136
gym-e2-push.encounter,attack-only,97,Victory,7,0,7,56,3,120,0,85,-1,,0,4,0,3896804900
gym-e2-push.encounter,attack-only,98,Victory,6,0,6,48,4,120,0,100,-1,,0,3,0,1466806194
gym-e2-push.encounter,attack-only,99,Victory,5,0,5,40,4,140,0,100,-1,,0,2,0,1026390948
gym-e2-push.encounter,attack-only,100,Victory,8,0,8,64,8,130,0,75,-1,,0,6,0,2249355471
gym-e2-push.encounter,attack-only,101,Victory,7,0,7,56,7,120,0,85,-1,,0,4,0,1379961326
gym-e2-push.encounter,attack-only,102,Victory,6,0,6,48,10,100,0,100,-1,,0,3,0,4042779852
gym-e2-push.encounter,attack-only,103,Victory,5,0,5,40,4,140,0,100,-1,,0,2,0,2113329479
gym-e2-push.encounter,attack-only,104,Victory,5,0,5,40,4,160,0,100,-1,,0,2,0,129804637
gym-e2-push.encounter,attack-only,105,Victory,6,0,6,48,4,100,0,100,-1,,0,3,0,3129183114
gym-e2-push.encounter,attack-only,106,Victory,6,0,6,48,6,180,0,50,-1,,0,3,0,1184083178
gym-e2-push.encounter,attack-only,107,Victory,5,0,5,40,4,170,0,100,-1,,0,2,0,1245998481
gym-e2-push.encounter,attack-only,108,Victory,7,0,7,56,6,120,0,85,-1,,0,4,0,240065459
gym-e2-push.encounter,attack-only,109,Victory,6,0,6,48,6,140,0,83,-1,,0,4,0,2775419542
gym-e2-push.encounter,attack-only,110,Victory,7,0,7,56,10,120,0,85,-1,,0,4,0,706459410
gym-e2-push.encounter,attack-only,111,Victory,8,0,8,64,22,70,0,100,-1,,0,5,0,2059222449
gym-e2-push.encounter,attack-only,112,Victory,5,0,5,40,4,140,0,100,-1,,0,2,0,3924845829
gym-e2-push.encounter,attack-only,113,Victory,6,0,6,48,8,100,0,100,-1,,0,5,0,3601081416
gym-e2-push.encounter,attack-only,114,Victory,6,0,6,48,4,190,0,83,-1,,0,4,0,2419560300
gym-e2-push.encounter,attack-only,115,Victory,7,0,7,56,8,100,0,71,-1,,0,5,0,3260166947
gym-e2-push.encounter,attack-only,116,Victory,6,0,6,48,4,150,0,100,-1,,0,3,0,1985426929
gym-e2-push.encounter,attack-only,117,Victory,6,0,6,48,5,100,0,100,-1,,0,3,0,2084923955
gym-e2-push.encounter,attack-only,118,Victory,5,0,5,40,4,140,0,100,-1,,0,2,0,3614154901
gym-e2-push.encounter,attack-only,119,Victory,5,0,5,40,4,160,0,100,-1,,0,2,0,1276988426
gym-e2-push.encounter,attack-only,120,Victory,6,0,6,48,4,140,0,83,-1,,0,3,0,935878924
gym-e2-push.encounter,attack-only,121,Victory,6,0,6,48,5,120,0,100,-1,,0,3,0,2073175433
gym-e2-push.encounter,attack-only,122,Victory,5,0,5,40,4,140,0,100,-1,,0,2,0,3423912870
gym-e2-push.encounter,attack-only,123,Victory,5,0,5,40,4,140,0,100,-1,,0,2,0,2113329479
gym-e2-push.encounter,attack-only,124,Victory,7,0,7,56,12,100,0,100,-1,,0,6,0,2945055308
gym-e2-push.encounter,attack-only,125,Victory,6,0,6,48,4,140,0,83,-1,,0,5,0,641731367
gym-e2-push.encounter,attack-only,126,Victory,6,0,6,48,4,140,0,83,-1,,0,3,0,3290452260
gym-e2-push.encounter,attack-only,127,Victory,6,0,6,48,10,120,0,100,-1,,0,3,0,1496618308
gym-e2-push.encounter,attack-only,128,Victory,8,0,8,64,14,40,0,100,-1,,0,5,0,662778393
gym-e2-push.encounter,attack-only,129,Victory,5,0,5,40,4,140,0,100,-1,,0,2,0,2113329479
gym-e2-push.encounter,attack-only,130,Victory,5,0,5,40,4,140,0,100,-1,,0,2,0,2113329479
gym-e2-push.encounter,attack-only,131,Victory,5,0,5,40,4,140,0,100,-1,,0,2,0,2113329479
gym-e2-push.encounter,attack-only,132,Victory,6,0,6,48,4,100,0,100,-1,,0,3,0,2029494510
gym-e2-push.encounter,attack-only,133,Victory,6,0,6,48,8,100,0,100,-1,,0,3,0,4042779852
gym-e2-push.encounter,attack-only,134,Victory,6,0,6,48,5,140,0,66,-1,,0,3,0,579583273
gym-e2-push.encounter,attack-only,135,Victory,6,0,6,48,7,140,0,83,-1,,0,3,0,1815767361
gym-e2-push.encounter,attack-only,136,Victory,5,0,5,40,4,140,0,100,-1,,0,2,0,2113329479
gym-e2-push.encounter,attack-only,137,Victory,8,0,8,64,10,40,0,112,-1,,0,10,0,1063101279
gym-e2-push.encounter,attack-only,138,Victory,6,0,6,48,7,100,0,100,-1,,0,3,0,2402668243
gym-e2-push.encounter,attack-only,139,Victory,5,0,5,40,4,140,0,100,-1,,0,2,0,2113329479
gym-e2-push.encounter,attack-only,140,Victory,6,0,6,48,4,120,0,100,-1,,0,4,0,2691650021
gym-e2-push.encounter,attack-only,141,Victory,6,0,6,48,8,140,0,83,-1,,0,3,0,273570982
gym-e2-push.encounter,attack-only,142,Victory,6,0,6,48,2,120,0,100,-1,,0,3,0,357646969
gym-e2-push.encounter,attack-only,143,Victory,5,0,5,40,1,160,0,100,-1,,0,2,0,3693710475
gym-e2-push.encounter,attack-only,144,Victory,6,0,6,48,4,140,0,83,-1,,0,3,0,1254348666
gym-e2-push.encounter,attack-only,145,Victory,6,0,6,48,4,100,0,100,-1,,0,3,0,1472181546
gym-e2-push.encounter,attack-only,146,Victory,6,0,6,48,4,100,0,100,-1,,0,3,0,3855415544
gym-e2-push.encounter,attack-only,147,Victory,5,0,5,40,4,170,0,100,-1,,0,2,0,1245998481
gym-e2-push.encounter,attack-only,148,Victory,6,0,6,48,8,120,0,83,-1,,0,5,0,860448596
gym-e2-push.encounter,attack-only,149,Victory,7,0,7,56,8,100,0,85,-1,,0,5,0,711722158
gym-e2-push.encounter,attack-only,150,Victory,5,0,5,40,4,140,0,100,-1,,0,2,0,2196371957
gym-e2-push.encounter,attack-only,151,Victory,6,0,6,48,4,140,0,83,-1,,0,3,0,221063742
gym-e2-push.encounter,attack-only,152,Victory,6,0,6,48,4,120,0,100,-1,,0,3,0,200869041
gym-e2-push.encounter,attack-only,153,Victory,7,0,7,56,7,80,0,100,-1,,0,4,0,2582673066
gym-e2-push.encounter,attack-only,154,Victory,6,0,6,48,8,100,0,100,-1,,0,3,0,1651708794
gym-e2-push.encounter,attack-only,155,Victory,7,0,7,56,9,80,0,100,-1,,0,4,0,601887732
gym-e2-push.encounter,attack-only,156,Victory,7,0,7,56,7,150,0,85,-1,,0,4,0,378785116
gym-e2-push.encounter,attack-only,157,Victory,7,0,7,56,8,80,0,100,-1,,0,6,0,2011419869
gym-e2-push.encounter,attack-only,158,Victory,5,0,5,40,4,140,0,100,-1,,0,2,0,2113329479
gym-e2-push.encounter,attack-only,159,Victory,6,0,6,48,9,130,0,100,-1,,0,3,0,2541759761
gym-e2-push.encounter,attack-only,160,Victory,6,0,6,48,8,120,0,100,-1,,0,3,0,3378628054
gym-e2-push.encounter,attack-only,161,Victory,6,0,6,48,4,80,0,116,-1,,0,5,0,255381329
gym-e2-push.encounter,attack-only,162,Victory,7,0,7,56,8,170,0,71,-1,,0,5,0,1179915645
gym-e2-push.encounter,attack-only,163,Victory,5,0,5,40,4,140,0,100,-1,,0,2,0,2113329479
gym-e2-push.encounter,attack-only,164,Victory,7,0,7,56,4,100,0,85,-1,,0,5,0,2445347033
gym-e2-push.encounter,attack-only,165,Victory,5,0,5,40,4,140,0,100,-1,,0,2,0,2027400455
gym-e2-push.encounter,attack-only,166,Victory,7,0,7,56,3,40,0,114,-1,,0,7,0,426943015
gym-e2-push.encounter,attack-only,167,Victory,6,0,6,48,6,120,0,100,-1,,0,3,0,1466806194
gym-e2-push.encounter,attack-only,168,Victory,6,0,6,48,4,120,0,100,-1,,0,3,0,319647382
gym-e2-push.encounter,attack-only,169,Victory,6,0,6,48,8,140,0,83,-1,,0,5,0,718183037
gym-e2-push.encounter,attack-only,170,Victory,6,0,6,48,10,140,0,66,-1,,0,3,0,1595098486
gym-e2-push.encounter,attack-only,171,Victory,5,0,5,40,4,140,0,100,-1,,0,2,0,2113329479
gym-e2-push.encounter,attack-only,172,Victory,6,0,6,48,1,140,0,100,-1,,0,5,0,4136831479
gym-e2-push.encounter,attack-only,173,Victory,7,0,7,56,10,110,0,100,-1,,0,4,0,3796947756
gym-e2-push.encounter,attack-only,174,Victory,6,0,6,48,4,160,0,83,-1,,0,3,0,1490370194
gym-e2-push.encounter,attack-only,175,Defeat,7,0,7,56,16,0,1,128,-1,,0,7,0,630879001
gym-e2-push.encounter,attack-only,176,Victory,5,0,5,40,4,140,0,100,-1,,0,2,0,2113329479
gym-e2-push.encounter,attack-only,177,Victory,6,0,6,48,4,120,0,100,-1,,0,3,0,1107433154
gym-e2-push.encounter,attack-only,178,Victory,5,0,5,40,4,140,0,100,-1,,0,2,0,3924845829
gym-e2-push.encounter,attack-only,179,Victory,7,0,7,56,10,140,0,71,-1,,0,4,0,1127884763
gym-e2-push.encounter,attack-only,180,Victory,6,0,6,48,4,160,0,66,-1,,0,3,0,2357570508
gym-e2-push.encounter,attack-only,181,Victory,5,0,5,40,2,140,0,100,-1,,0,2,0,2113329479
gym-e2-push.encounter,attack-only,182,Victory,6,0,6,48,4,120,0,100,-1,,0,3,0,1107433154
gym-e2-push.encounter,attack-only,183,Victory,5,0,5,40,4,140,0,100,-1,,0,2,0,2113329479
gym-e2-push.encounter,attack-only,184,Victory,6,0,6,48,7,100,0,100,-1,,0,3,0,4166324257
gym-e2-push.encounter,attack-only,185,Victory,6,0,6,48,4,120,0,100,-1,,0,3,0,1107433154
gym-e2-push.encounter,attack-only,186,Victory,8,0,8,64,5,90,0,100,-1,,0,5,0,3761222115
gym-e2-push.encounter,attack-only,187,Victory,5,0,5,40,4,140,0,100,-1,,0,2,0,2113329479
gym-e2-push.encounter,attack-only,188,Victory,5,0,5,40,4,170,0,100,-1,,0,2,0,1245998481
gym-e2-push.encounter,attack-only,189,Victory,7,0,7,56,12,120,0,71,-1,,0,7,0,1120802252
gym-e2-push.encounter,attack-only,190,Victory,6,0,6,48,7,100,0,100,-1,,0,3,0,669796951
gym-e2-push.encounter,attack-only,191,Victory,7,0,7,56,8,110,0,100,-1,,0,6,0,4269069451
gym-e2-push.encounter,attack-only,192,Victory,7,0,7,56,5,80,0,100,-1,,0,6,0,1807030107
gym-e2-push.encounter,attack-only,193,Victory,8,0,8,64,13,90,0,87,-1,,0,5,0,2884712447
gym-e2-push.encounter,attack-only,194,Victory,7,0,7,56,6,110,0,100,-1,,0,6,0,1133985171
gym-e2-push.encounter,attack-only,195,Victory,7,0,7,56,6,140,0,85,-1,,0,4,0,2248297094
gym-e2-push.encounter,attack-only,196,Victory,7,0,7,56,15,140,0,57,-1,,0,4,0,947095470
gym-e2-push.encounter,attack-only,197,Victory,8,0,8,64,10,120,0,87,-1,,0,5,0,2193984761
gym-e2-push.encounter,attack-only,198,Victory,8,0,8,64,9,30,0,112,-1,,0,8,0,2304258304
gym-e2-push.encounter,attack-only,199,Victory,7,0,7,56,12,100,0,85,-1,,0,6,0,2186826078
gym-e2-push.encounter,attack-only,200,Victory,6,0,6,48,5,140,0,66,-1,,0,3,0,2318921884
gym-e2-push.encounter,push-instrument,1,Victory,6,0,6,48,9,120,0,100,-1,,0,4,0,3644750863
gym-e2-push.encounter,push-instrument,2,Victory,6,0,6,48,7,100,0,100,-1,,0,3,0,1373299427
gym-e2-push.encounter,push-instrument,3,Victory,7,0,7,56,8,80,0,100,-1,,0,5,0,2170399364
gym-e2-push.encounter,push-instrument,4,Defeat,7,0,7,56,9,0,1,142,-1,,0,7,0,1156247642
gym-e2-push.encounter,push-instrument,5,Victory,7,0,7,56,5,120,0,85,-1,,0,4,0,2068589444
gym-e2-push.encounter,push-instrument,6,Victory,7,0,7,56,9,120,0,71,-1,,0,3,0,29188646
gym-e2-push.encounter,push-instrument,7,Victory,7,0,7,56,8,100,0,85,-1,,0,4,0,1841071517
gym-e2-push.encounter,push-instrument,8,Victory,5,0,5,40,4,140,0,100,-1,,0,2,0,2113329479
gym-e2-push.encounter,push-instrument,9,Victory,8,0,8,64,17,90,0,100,-1,,0,7,0,563771900
gym-e2-push.encounter,push-instrument,10,Victory,6,0,6,48,5,120,0,100,-1,,0,3,0,3537060331
gym-e2-push.encounter,push-instrument,11,Victory,5,0,5,40,4,140,0,100,-1,,0,2,0,2113329479
gym-e2-push.encounter,push-instrument,12,Victory,5,0,5,40,4,140,0,100,-1,,0,2,0,2113329479
gym-e2-push.encounter,push-instrument,13,Victory,7,0,7,56,9,130,0,85,-1,,0,4,0,1918813717
gym-e2-push.encounter,push-instrument,14,Victory,6,0,6,48,5,130,0,100,-1,,0,3,0,1778971434
gym-e2-push.encounter,push-instrument,15,Victory,7,0,7,56,9,90,0,100,-1,,0,4,0,2437354190
gym-e2-push.encounter,push-instrument,16,Victory,7,0,7,56,7,120,0,85,-1,,0,4,0,2729624336
gym-e2-push.encounter,push-instrument,17,Victory,5,0,5,40,2,140,0,100,-1,,0,2,0,2113329479
gym-e2-push.encounter,push-instrument,18,Victory,5,0,5,40,4,160,0,100,-1,,0,2,0,129804637
gym-e2-push.encounter,push-instrument,19,Victory,5,0,5,40,4,140,0,100,-1,,0,2,0,2113329479
gym-e2-push.encounter,push-instrument,20,Victory,6,0,6,48,8,140,0,66,-1,,0,2,0,1241969863
gym-e2-push.encounter,push-instrument,21,Victory,6,0,6,48,5,120,0,100,-1,,0,3,0,4200957540
gym-e2-push.encounter,push-instrument,22,Victory,6,0,6,48,4,100,0,100,-1,,0,3,0,1596907100
gym-e2-push.encounter,push-instrument,23,Victory,7,0,7,56,6,120,0,85,-1,,0,4,0,635378686
gym-e2-push.encounter,push-instrument,24,Victory,6,0,6,48,8,120,0,100,-1,,0,5,0,979541031
gym-e2-push.encounter,push-instrument,25,Victory,6,0,6,48,7,100,0,100,-1,,0,3,0,1874557249
gym-e2-push.encounter,push-instrument,26,Victory,6,0,6,48,4,160,0,83,-1,,0,3,0,931359699
gym-e2-push.encounter,push-instrument,27,Victory,6,0,6,48,6,140,0,83,-1,,0,3,0,333211606
gym-e2-push.encounter,push-instrument,28,Victory,6,0,6,48,10,100,0,100,-1,,0,3,0,2998892959
gym-e2-push.encounter,push-instrument,29,Victory,7,0,7,56,8,100,0,85,-1,,0,4,0,3033805945
gym-e2-push.encounter,push-instrument,30,Victory,6,0,6,48,7,160,0,66,-1,,0,4,0,4027248614
gym-e2-push.encounter,push-instrument,31,Defeat,7,0,7,56,16,0,1,114,-1,,0,7,0,1413326308
gym-e2-push.encounter,push-instrument,32,Victory,10,0,10,80,21,40,0,80,-1,,0,10,0,2027090339
gym-e2-push.encounter,push-instrument,33,Victory,5,0,5,40,4,160,0,100,-1,,0,2,0,129804637
gym-e2-push.encounter,push-instrument,34,Victory,6,0,6,48,4,120,0,100,-1,,0,5,0,1403059185
gym-e2-push.encounter,push-instrument,35,Victory,5,0,5,40,4,160,0,100,-1,,0,2,0,1754846175
gym-e2-push.encounter,push-instrument,36,Victory,6,0,6,48,4,150,0,100,-1,,0,3,0,272045289
gym-e2-push.encounter,push-instrument,37,Victory,5,0,5,40,4,140,0,100,-1,,0,2,0,715700020
gym-e2-push.encounter,push-instrument,38,Victory,6,0,6,48,2,140,0,100,-1,,0,3,0,1524219743
gym-e2-push.encounter,push-instrument,39,Victory,6,0,6,48,4,100,0,100,-1,,0,5,0,3784146605
gym-e2-push.encounter,push-instrument,40,Victory,5,0,5,40,2,140,0,100,-1,,0,2,0,2113329479
gym-e2-push.encounter,push-instrument,41,Victory,9,0,9,72,14,40,0,88,-1,,0,7,0,389374410
gym-e2-push.encounter,push-instrument,42,Victory,5,0,5,40,4,140,0,100,-1,,0,2,0,2113329479
gym-e2-push.encounter,push-instrument,43,Victory,5,0,5,40,2,140,0,100,-1,,0,2,0,2113329479
gym-e2-push.encounter,push-instrument,44,Victory,8,0,8,64,13,100,0,75,-1,,0,8,0,3499422456
gym-e2-push.encounter,push-instrument,45,Victory,6,0,6,48,8,120,0,100,-1,,0,3,0,3378628054
gym-e2-push.encounter,push-instrument,46,Victory,7,0,7,56,8,80,0,85,-1,,0,6,0,2895610150
gym-e2-push.encounter,push-instrument,47,Victory,5,0,5,40,4,140,0,100,-1,,0,2,0,2113329479
gym-e2-push.encounter,push-instrument,48,Victory,5,0,5,40,4,140,0,100,-1,,0,2,0,2113329479
gym-e2-push.encounter,push-instrument,49,Victory,6,0,6,48,4,100,0,100,-1,,0,3,0,2116185512
gym-e2-push.encounter,push-instrument,50,Victory,6,0,6,48,5,120,0,100,-1,,0,3,0,1985782461
gym-e2-push.encounter,push-instrument,51,Victory,8,0,8,64,12,50,0,100,-1,,0,9,0,366778840
gym-e2-push.encounter,push-instrument,52,Victory,6,0,6,48,4,100,0,100,-1,,0,3,0,4118306984
gym-e2-push.encounter,push-instrument,53,Victory,7,0,7,56,4,120,0,71,-1,,0,6,0,2004010222
gym-e2-push.encounter,push-instrument,54,Victory,8,0,8,64,9,100,0,87,-1,,0,6,0,2802073614
gym-e2-push.encounter,push-instrument,55,Victory,6,0,6,48,8,140,0,66,-1,,0,2,0,1241969863
gym-e2-push.encounter,push-instrument,56,Victory,7,0,7,56,7,60,0,100,-1,,0,4,0,4153911726
gym-e2-push.encounter,push-instrument,57,Victory,5,0,5,40,4,140,0,100,-1,,0,2,0,3423912870
gym-e2-push.encounter,push-instrument,58,Victory,7,0,7,56,0,120,0,71,-1,,0,4,0,1495375983
gym-e2-push.encounter,push-instrument,59,Victory,7,0,7,56,8,40,0,114,-1,,0,7,0,4072934864
gym-e2-push.encounter,push-instrument,60,Victory,6,0,6,48,8,120,0,100,-1,,0,4,0,722844725
gym-e2-push.encounter,push-instrument,61,Victory,5,0,5,40,4,160,0,100,-1,,0,2,0,1754846175
gym-e2-push.encounter,push-instrument,62,Victory,7,0,7,56,7,150,0,85,-1,,0,5,0,1524929243
gym-e2-push.encounter,push-instrument,63,Victory,6,0,6,48,4,120,0,100,-1,,0,3,0,945584585
gym-e2-push.encounter,push-instrument,64,Victory,7,0,7,56,7,100,0,85,-1,,0,4,0,3246763372
gym-e2-push.encounter,push-instrument,65,Victory,8,0,8,64,9,20,0,100,-1,,0,8,0,808089787
gym-e2-push.encounter,push-instrument,66,Victory,8,0,8,64,8,110,0,87,-1,,0,5,0,3283955981
gym-e2-push.encounter,push-instrument,67,Victory,5,0,5,40,4,160,0,100,-1,,0,2,0,129804637
gym-e2-push.encounter,push-instrument,68,Victory,7,0,7,56,6,110,0,100,-1,,0,4,0,960101128
gym-e2-push.encounter,push-instrument,69,Victory,8,0,8,64,16,100,0,100,-1,,0,5,0,54928628
gym-e2-push.encounter,push-instrument,70,Victory,7,0,7,56,8,130,0,85,-1,,0,4,0,1327178990
gym-e2-push.encounter,push-instrument,71,Victory,7,0,7,56,2,120,0,100,-1,,0,5,0,4020087641
gym-e2-push.encounter,push-instrument,72,Victory,8,0,8,64,11,80,0,62,-1,,0,6,0,2275466381
gym-e2-push.encounter,push-instrument,73,Victory,6,0,6,48,6,170,0,83,-1,,0,3,0,4202659344
gym-e2-push.encounter,push-instrument,74,Victory,6,0,6,48,4,100,0,100,-1,,0,3,0,822350456
gym-e2-push.encounter,push-instrument,75,Victory,7,0,7,56,7,120,0,85,-1,,0,4,0,2055982132
gym-e2-push.encounter,push-instrument,76,Victory,7,0,7,56,10,170,0,57,-1,,0,4,0,1018321890
gym-e2-push.encounter,push-instrument,77,Victory,5,0,5,40,4,140,0,100,-1,,0,2,0,2113329479
gym-e2-push.encounter,push-instrument,78,Victory,6,0,6,48,4,120,0,100,-1,,0,3,0,319647382
gym-e2-push.encounter,push-instrument,79,Victory,6,0,6,48,4,100,0,100,-1,,0,3,0,2116185512
gym-e2-push.encounter,push-instrument,80,Victory,5,0,5,40,1,180,0,100,-1,,0,2,0,2093414537
gym-e2-push.encounter,push-instrument,81,Victory,8,0,8,64,12,100,0,100,-1,,0,6,0,1900068614
gym-e2-push.encounter,push-instrument,82,Victory,5,0,5,40,4,140,0,100,-1,,0,2,0,2113329479
gym-e2-push.encounter,push-instrument,83,Victory,8,0,8,64,4,130,0,87,-1,,0,5,0,2278335944
gym-e2-push.encounter,push-instrument,84,Victory,6,0,6,48,4,120,0,100,-1,,0,3,0,2603067167
gym-e2-push.encounter,push-instrument,85,Victory,8,0,8,64,9,20,0,112,-1,,0,9,0,3217463375
gym-e2-push.encounter,push-instrument,86,Victory,7,0,7,56,7,110,0,100,-1,,0,4,0,1765971274
gym-e2-push.encounter,push-instrument,87,Victory,5,0,5,40,4,160,0,100,-1,,0,2,0,1754846175
gym-e2-push.encounter,push-instrument,88,Victory,7,0,7,56,8,40,0,114,-1,,0,7,0,2679602992
gym-e2-push.encounter,push-instrument,89,Victory,7,0,7,56,12,80,0,100,-1,,0,4,0,3992805003
gym-e2-push.encounter,push-instrument,90,Victory,5,0,5,40,4,140,0,100,-1,,0,2,0,2113329479
gym-e2-push.encounter,push-instrument,91,Victory,5,0,5,40,4,140,0,100,-1,,0,2,0,2113329479
gym-e2-push.encounter,push-instrument,92,Victory,5,0,5,40,4,140,0,100,-1,,0,2,0,2113329479
gym-e2-push.encounter,push-instrument,93,Victory,7,0,7,56,5,60,0,100,-1,,0,4,0,1447289050
gym-e2-push.encounter,push-instrument,94,Victory,5,0,5,40,4,140,0,100,-1,,0,2,0,2113329479
gym-e2-push.encounter,push-instrument,95,Victory,6,0,6,48,0,160,0,100,-1,,0,3,0,1762099014
gym-e2-push.encounter,push-instrument,96,Victory,5,0,5,40,4,160,0,100,-1,,0,2,0,4081168136
gym-e2-push.encounter,push-instrument,97,Victory,7,0,7,56,3,120,0,85,-1,,0,4,0,3896804900
gym-e2-push.encounter,push-instrument,98,Victory,6,0,6,48,4,120,0,100,-1,,0,3,0,1466806194
gym-e2-push.encounter,push-instrument,99,Victory,5,0,5,40,4,140,0,100,-1,,0,2,0,1026390948
gym-e2-push.encounter,push-instrument,100,Victory,8,0,8,64,8,130,0,75,-1,,0,6,0,2249355471
gym-e2-push.encounter,push-instrument,101,Victory,7,0,7,56,7,120,0,85,-1,,0,4,0,1379961326
gym-e2-push.encounter,push-instrument,102,Victory,6,0,6,48,10,100,0,100,-1,,0,3,0,4042779852
gym-e2-push.encounter,push-instrument,103,Victory,5,0,5,40,4,140,0,100,-1,,0,2,0,2113329479
gym-e2-push.encounter,push-instrument,104,Victory,5,0,5,40,4,160,0,100,-1,,0,2,0,129804637
gym-e2-push.encounter,push-instrument,105,Victory,6,0,6,48,4,100,0,100,-1,,0,3,0,3129183114
gym-e2-push.encounter,push-instrument,106,Victory,6,0,6,48,6,180,0,50,-1,,0,3,0,1184083178
gym-e2-push.encounter,push-instrument,107,Victory,5,0,5,40,4,170,0,100,-1,,0,2,0,1245998481
gym-e2-push.encounter,push-instrument,108,Victory,7,0,7,56,6,120,0,85,-1,,0,4,0,240065459
gym-e2-push.encounter,push-instrument,109,Victory,6,0,6,48,6,140,0,83,-1,,0,4,0,2775419542
gym-e2-push.encounter,push-instrument,110,Victory,7,0,7,56,10,120,0,85,-1,,0,4,0,706459410
gym-e2-push.encounter,push-instrument,111,Victory,8,0,8,64,22,70,0,100,-1,,0,5,0,2059222449
gym-e2-push.encounter,push-instrument,112,Victory,5,0,5,40,4,140,0,100,-1,,0,2,0,3924845829
gym-e2-push.encounter,push-instrument,113,Victory,6,0,6,48,8,100,0,100,-1,,0,5,0,3601081416
gym-e2-push.encounter,push-instrument,114,Victory,6,0,6,48,4,190,0,83,-1,,0,4,0,2419560300
gym-e2-push.encounter,push-instrument,115,Victory,7,0,7,56,8,100,0,71,-1,,0,5,0,3260166947
gym-e2-push.encounter,push-instrument,116,Victory,6,0,6,48,4,150,0,100,-1,,0,3,0,1985426929
gym-e2-push.encounter,push-instrument,117,Victory,6,0,6,48,5,100,0,100,-1,,0,3,0,2084923955
gym-e2-push.encounter,push-instrument,118,Victory,5,0,5,40,4,140,0,100,-1,,0,2,0,3614154901
gym-e2-push.encounter,push-instrument,119,Victory,5,0,5,40,4,160,0,100,-1,,0,2,0,1276988426
gym-e2-push.encounter,push-instrument,120,Victory,6,0,6,48,4,140,0,83,-1,,0,3,0,935878924
gym-e2-push.encounter,push-instrument,121,Victory,6,0,6,48,5,120,0,100,-1,,0,3,0,2073175433
gym-e2-push.encounter,push-instrument,122,Victory,5,0,5,40,4,140,0,100,-1,,0,2,0,3423912870
gym-e2-push.encounter,push-instrument,123,Victory,5,0,5,40,4,140,0,100,-1,,0,2,0,2113329479
gym-e2-push.encounter,push-instrument,124,Victory,7,0,7,56,12,100,0,100,-1,,0,6,0,2945055308
gym-e2-push.encounter,push-instrument,125,Victory,6,0,6,48,4,140,0,83,-1,,0,5,0,641731367
gym-e2-push.encounter,push-instrument,126,Victory,6,0,6,48,4,140,0,83,-1,,0,3,0,3290452260
gym-e2-push.encounter,push-instrument,127,Victory,6,0,6,48,10,120,0,100,-1,,0,3,0,1496618308
gym-e2-push.encounter,push-instrument,128,Victory,8,0,8,64,14,40,0,100,-1,,0,5,0,662778393
gym-e2-push.encounter,push-instrument,129,Victory,5,0,5,40,4,140,0,100,-1,,0,2,0,2113329479
gym-e2-push.encounter,push-instrument,130,Victory,5,0,5,40,4,140,0,100,-1,,0,2,0,2113329479
gym-e2-push.encounter,push-instrument,131,Victory,5,0,5,40,4,140,0,100,-1,,0,2,0,2113329479
gym-e2-push.encounter,push-instrument,132,Victory,6,0,6,48,4,100,0,100,-1,,0,3,0,2029494510
gym-e2-push.encounter,push-instrument,133,Victory,6,0,6,48,8,100,0,100,-1,,0,3,0,4042779852
gym-e2-push.encounter,push-instrument,134,Victory,6,0,6,48,5,140,0,66,-1,,0,3,0,579583273
gym-e2-push.encounter,push-instrument,135,Victory,6,0,6,48,7,140,0,83,-1,,0,3,0,1815767361
gym-e2-push.encounter,push-instrument,136,Victory,5,0,5,40,4,140,0,100,-1,,0,2,0,2113329479
gym-e2-push.encounter,push-instrument,137,Victory,8,0,8,64,10,40,0,112,-1,,0,10,0,1063101279
gym-e2-push.encounter,push-instrument,138,Victory,6,0,6,48,7,100,0,100,-1,,0,3,0,2402668243
gym-e2-push.encounter,push-instrument,139,Victory,5,0,5,40,4,140,0,100,-1,,0,2,0,2113329479
gym-e2-push.encounter,push-instrument,140,Victory,6,0,6,48,4,120,0,100,-1,,0,4,0,2691650021
gym-e2-push.encounter,push-instrument,141,Victory,6,0,6,48,8,140,0,83,-1,,0,3,0,273570982
gym-e2-push.encounter,push-instrument,142,Victory,6,0,6,48,2,120,0,100,-1,,0,3,0,357646969
gym-e2-push.encounter,push-instrument,143,Victory,5,0,5,40,1,160,0,100,-1,,0,2,0,3693710475
gym-e2-push.encounter,push-instrument,144,Victory,6,0,6,48,4,140,0,83,-1,,0,3,0,1254348666
gym-e2-push.encounter,push-instrument,145,Victory,6,0,6,48,4,100,0,100,-1,,0,3,0,1472181546
gym-e2-push.encounter,push-instrument,146,Victory,6,0,6,48,4,100,0,100,-1,,0,3,0,3855415544
gym-e2-push.encounter,push-instrument,147,Victory,5,0,5,40,4,170,0,100,-1,,0,2,0,1245998481
gym-e2-push.encounter,push-instrument,148,Victory,6,0,6,48,8,120,0,83,-1,,0,5,0,860448596
gym-e2-push.encounter,push-instrument,149,Victory,7,0,7,56,8,100,0,85,-1,,0,5,0,711722158
gym-e2-push.encounter,push-instrument,150,Victory,5,0,5,40,4,140,0,100,-1,,0,2,0,2196371957
gym-e2-push.encounter,push-instrument,151,Victory,6,0,6,48,4,140,0,83,-1,,0,3,0,221063742
gym-e2-push.encounter,push-instrument,152,Victory,6,0,6,48,4,120,0,100,-1,,0,3,0,200869041
gym-e2-push.encounter,push-instrument,153,Victory,7,0,7,56,7,80,0,100,-1,,0,4,0,2582673066
gym-e2-push.encounter,push-instrument,154,Victory,6,0,6,48,8,100,0,100,-1,,0,3,0,1651708794
gym-e2-push.encounter,push-instrument,155,Victory,7,0,7,56,9,80,0,100,-1,,0,4,0,601887732
gym-e2-push.encounter,push-instrument,156,Victory,7,0,7,56,7,150,0,85,-1,,0,4,0,378785116
gym-e2-push.encounter,push-instrument,157,Victory,7,0,7,56,8,80,0,100,-1,,0,6,0,2011419869
gym-e2-push.encounter,push-instrument,158,Victory,5,0,5,40,4,140,0,100,-1,,0,2,0,2113329479
gym-e2-push.encounter,push-instrument,159,Victory,6,0,6,48,9,130,0,100,-1,,0,3,0,2541759761
gym-e2-push.encounter,push-instrument,160,Victory,6,0,6,48,8,120,0,100,-1,,0,3,0,3378628054
gym-e2-push.encounter,push-instrument,161,Victory,6,0,6,48,4,80,0,116,-1,,0,5,0,255381329
gym-e2-push.encounter,push-instrument,162,Victory,7,0,7,56,8,170,0,71,-1,,0,5,0,1179915645
gym-e2-push.encounter,push-instrument,163,Victory,5,0,5,40,4,140,0,100,-1,,0,2,0,2113329479
gym-e2-push.encounter,push-instrument,164,Victory,7,0,7,56,4,100,0,85,-1,,0,5,0,2445347033
gym-e2-push.encounter,push-instrument,165,Victory,5,0,5,40,4,140,0,100,-1,,0,2,0,2027400455
gym-e2-push.encounter,push-instrument,166,Victory,7,0,7,56,3,40,0,114,-1,,0,7,0,426943015
gym-e2-push.encounter,push-instrument,167,Victory,6,0,6,48,6,120,0,100,-1,,0,3,0,1466806194
gym-e2-push.encounter,push-instrument,168,Victory,6,0,6,48,4,120,0,100,-1,,0,3,0,319647382
gym-e2-push.encounter,push-instrument,169,Victory,6,0,6,48,8,140,0,83,-1,,0,5,0,718183037
gym-e2-push.encounter,push-instrument,170,Victory,6,0,6,48,10,140,0,66,-1,,0,3,0,1595098486
gym-e2-push.encounter,push-instrument,171,Victory,5,0,5,40,4,140,0,100,-1,,0,2,0,2113329479
gym-e2-push.encounter,push-instrument,172,Victory,6,0,6,48,1,140,0,100,-1,,0,5,0,4136831479
gym-e2-push.encounter,push-instrument,173,Victory,7,0,7,56,10,110,0,100,-1,,0,4,0,3796947756
gym-e2-push.encounter,push-instrument,174,Victory,6,0,6,48,4,160,0,83,-1,,0,3,0,1490370194
gym-e2-push.encounter,push-instrument,175,Defeat,7,0,7,56,16,0,1,128,-1,,0,7,0,630879001
gym-e2-push.encounter,push-instrument,176,Victory,5,0,5,40,4,140,0,100,-1,,0,2,0,2113329479
gym-e2-push.encounter,push-instrument,177,Victory,6,0,6,48,4,120,0,100,-1,,0,3,0,1107433154
gym-e2-push.encounter,push-instrument,178,Victory,5,0,5,40,4,140,0,100,-1,,0,2,0,3924845829
gym-e2-push.encounter,push-instrument,179,Victory,7,0,7,56,10,140,0,71,-1,,0,4,0,1127884763
gym-e2-push.encounter,push-instrument,180,Victory,6,0,6,48,4,160,0,66,-1,,0,3,0,2357570508
gym-e2-push.encounter,push-instrument,181,Victory,5,0,5,40,2,140,0,100,-1,,0,2,0,2113329479
gym-e2-push.encounter,push-instrument,182,Victory,6,0,6,48,4,120,0,100,-1,,0,3,0,1107433154
gym-e2-push.encounter,push-instrument,183,Victory,5,0,5,40,4,140,0,100,-1,,0,2,0,2113329479
gym-e2-push.encounter,push-instrument,184,Victory,6,0,6,48,7,100,0,100,-1,,0,3,0,4166324257
gym-e2-push.encounter,push-instrument,185,Victory,6,0,6,48,4,120,0,100,-1,,0,3,0,1107433154
gym-e2-push.encounter,push-instrument,186,Victory,8,0,8,64,5,90,0,100,-1,,0,5,0,3761222115
gym-e2-push.encounter,push-instrument,187,Victory,5,0,5,40,4,140,0,100,-1,,0,2,0,2113329479
gym-e2-push.encounter,push-instrument,188,Victory,5,0,5,40,4,170,0,100,-1,,0,2,0,1245998481
gym-e2-push.encounter,push-instrument,189,Victory,7,0,7,56,12,120,0,71,-1,,0,7,0,1120802252
gym-e2-push.encounter,push-instrument,190,Victory,6,0,6,48,7,100,0,100,-1,,0,3,0,669796951
gym-e2-push.encounter,push-instrument,191,Victory,7,0,7,56,8,110,0,100,-1,,0,6,0,4269069451
gym-e2-push.encounter,push-instrument,192,Victory,7,0,7,56,5,80,0,100,-1,,0,6,0,1807030107
gym-e2-push.encounter,push-instrument,193,Victory,8,0,8,64,13,90,0,87,-1,,0,5,0,2884712447
gym-e2-push.encounter,push-instrument,194,Victory,7,0,7,56,6,110,0,100,-1,,0,6,0,1133985171
gym-e2-push.encounter,push-instrument,195,Victory,7,0,7,56,6,140,0,85,-1,,0,4,0,2248297094
gym-e2-push.encounter,push-instrument,196,Victory,7,0,7,56,15,140,0,57,-1,,0,4,0,947095470
gym-e2-push.encounter,push-instrument,197,Victory,8,0,8,64,10,120,0,87,-1,,0,5,0,2193984761
gym-e2-push.encounter,push-instrument,198,Victory,8,0,8,64,9,30,0,112,-1,,0,8,0,2304258304
gym-e2-push.encounter,push-instrument,199,Victory,7,0,7,56,12,100,0,85,-1,,0,6,0,2186826078
gym-e2-push.encounter,push-instrument,200,Victory,6,0,6,48,5,140,0,66,-1,,0,3,0,2318921884
gym-e2-push.encounter,slow-instrument,1,Victory,6,0,6,48,9,120,0,100,-1,,0,4,0,3644750863
gym-e2-push.encounter,slow-instrument,2,Victory,6,0,6,48,7,100,0,100,-1,,0,3,0,1373299427
gym-e2-push.encounter,slow-instrument,3,Victory,7,0,7,56,8,80,0,100,-1,,0,5,0,2170399364
gym-e2-push.encounter,slow-instrument,4,Defeat,7,0,7,56,9,0,1,142,-1,,0,7,0,1156247642
gym-e2-push.encounter,slow-instrument,5,Victory,7,0,7,56,5,120,0,85,-1,,0,4,0,2068589444
gym-e2-push.encounter,slow-instrument,6,Victory,7,0,7,56,9,120,0,71,-1,,0,3,0,29188646
gym-e2-push.encounter,slow-instrument,7,Victory,7,0,7,56,8,100,0,85,-1,,0,4,0,1841071517
gym-e2-push.encounter,slow-instrument,8,Victory,5,0,5,40,4,140,0,100,-1,,0,2,0,2113329479
gym-e2-push.encounter,slow-instrument,9,Victory,8,0,8,64,17,90,0,100,-1,,0,7,0,563771900
gym-e2-push.encounter,slow-instrument,10,Victory,6,0,6,48,5,120,0,100,-1,,0,3,0,3537060331
gym-e2-push.encounter,slow-instrument,11,Victory,5,0,5,40,4,140,0,100,-1,,0,2,0,2113329479
gym-e2-push.encounter,slow-instrument,12,Victory,5,0,5,40,4,140,0,100,-1,,0,2,0,2113329479
gym-e2-push.encounter,slow-instrument,13,Victory,7,0,7,56,9,130,0,85,-1,,0,4,0,1918813717
gym-e2-push.encounter,slow-instrument,14,Victory,6,0,6,48,5,130,0,100,-1,,0,3,0,1778971434
gym-e2-push.encounter,slow-instrument,15,Victory,7,0,7,56,9,90,0,100,-1,,0,4,0,2437354190
gym-e2-push.encounter,slow-instrument,16,Victory,7,0,7,56,7,120,0,85,-1,,0,4,0,2729624336
gym-e2-push.encounter,slow-instrument,17,Victory,5,0,5,40,2,140,0,100,-1,,0,2,0,2113329479
gym-e2-push.encounter,slow-instrument,18,Victory,5,0,5,40,4,160,0,100,-1,,0,2,0,129804637
gym-e2-push.encounter,slow-instrument,19,Victory,5,0,5,40,4,140,0,100,-1,,0,2,0,2113329479
gym-e2-push.encounter,slow-instrument,20,Victory,6,0,6,48,8,140,0,66,-1,,0,2,0,1241969863
gym-e2-push.encounter,slow-instrument,21,Victory,6,0,6,48,5,120,0,100,-1,,0,3,0,4200957540
gym-e2-push.encounter,slow-instrument,22,Victory,6,0,6,48,4,100,0,100,-1,,0,3,0,1596907100
gym-e2-push.encounter,slow-instrument,23,Victory,7,0,7,56,6,120,0,85,-1,,0,4,0,635378686
gym-e2-push.encounter,slow-instrument,24,Victory,6,0,6,48,8,120,0,100,-1,,0,5,0,979541031
gym-e2-push.encounter,slow-instrument,25,Victory,6,0,6,48,7,100,0,100,-1,,0,3,0,1874557249
gym-e2-push.encounter,slow-instrument,26,Victory,6,0,6,48,4,160,0,83,-1,,0,3,0,931359699
gym-e2-push.encounter,slow-instrument,27,Victory,6,0,6,48,6,140,0,83,-1,,0,3,0,333211606
gym-e2-push.encounter,slow-instrument,28,Victory,6,0,6,48,10,100,0,100,-1,,0,3,0,2998892959
gym-e2-push.encounter,slow-instrument,29,Victory,7,0,7,56,8,100,0,85,-1,,0,4,0,3033805945
gym-e2-push.encounter,slow-instrument,30,Victory,6,0,6,48,7,160,0,66,-1,,0,4,0,4027248614
gym-e2-push.encounter,slow-instrument,31,Defeat,7,0,7,56,16,0,1,114,-1,,0,7,0,1413326308
gym-e2-push.encounter,slow-instrument,32,Victory,10,0,10,80,21,40,0,80,-1,,0,10,0,2027090339
gym-e2-push.encounter,slow-instrument,33,Victory,5,0,5,40,4,160,0,100,-1,,0,2,0,129804637
gym-e2-push.encounter,slow-instrument,34,Victory,6,0,6,48,4,120,0,100,-1,,0,5,0,1403059185
gym-e2-push.encounter,slow-instrument,35,Victory,5,0,5,40,4,160,0,100,-1,,0,2,0,1754846175
gym-e2-push.encounter,slow-instrument,36,Victory,6,0,6,48,4,150,0,100,-1,,0,3,0,272045289
gym-e2-push.encounter,slow-instrument,37,Victory,5,0,5,40,4,140,0,100,-1,,0,2,0,715700020
gym-e2-push.encounter,slow-instrument,38,Victory,6,0,6,48,2,140,0,100,-1,,0,3,0,1524219743
gym-e2-push.encounter,slow-instrument,39,Victory,6,0,6,48,4,100,0,100,-1,,0,5,0,3784146605
gym-e2-push.encounter,slow-instrument,40,Victory,5,0,5,40,2,140,0,100,-1,,0,2,0,2113329479
gym-e2-push.encounter,slow-instrument,41,Victory,9,0,9,72,14,40,0,88,-1,,0,7,0,389374410
gym-e2-push.encounter,slow-instrument,42,Victory,5,0,5,40,4,140,0,100,-1,,0,2,0,2113329479
gym-e2-push.encounter,slow-instrument,43,Victory,5,0,5,40,2,140,0,100,-1,,0,2,0,2113329479
gym-e2-push.encounter,slow-instrument,44,Victory,8,0,8,64,13,100,0,75,-1,,0,8,0,3499422456
gym-e2-push.encounter,slow-instrument,45,Victory,6,0,6,48,8,120,0,100,-1,,0,3,0,3378628054
gym-e2-push.encounter,slow-instrument,46,Victory,7,0,7,56,8,80,0,85,-1,,0,6,0,2895610150
gym-e2-push.encounter,slow-instrument,47,Victory,5,0,5,40,4,140,0,100,-1,,0,2,0,2113329479
gym-e2-push.encounter,slow-instrument,48,Victory,5,0,5,40,4,140,0,100,-1,,0,2,0,2113329479
gym-e2-push.encounter,slow-instrument,49,Victory,6,0,6,48,4,100,0,100,-1,,0,3,0,2116185512
gym-e2-push.encounter,slow-instrument,50,Victory,6,0,6,48,5,120,0,100,-1,,0,3,0,1985782461
gym-e2-push.encounter,slow-instrument,51,Victory,8,0,8,64,12,50,0,100,-1,,0,9,0,366778840
gym-e2-push.encounter,slow-instrument,52,Victory,6,0,6,48,4,100,0,100,-1,,0,3,0,4118306984
gym-e2-push.encounter,slow-instrument,53,Victory,7,0,7,56,4,120,0,71,-1,,0,6,0,2004010222
gym-e2-push.encounter,slow-instrument,54,Victory,8,0,8,64,9,100,0,87,-1,,0,6,0,2802073614
gym-e2-push.encounter,slow-instrument,55,Victory,6,0,6,48,8,140,0,66,-1,,0,2,0,1241969863
gym-e2-push.encounter,slow-instrument,56,Victory,7,0,7,56,7,60,0,100,-1,,0,4,0,4153911726
gym-e2-push.encounter,slow-instrument,57,Victory,5,0,5,40,4,140,0,100,-1,,0,2,0,3423912870
gym-e2-push.encounter,slow-instrument,58,Victory,7,0,7,56,0,120,0,71,-1,,0,4,0,1495375983
gym-e2-push.encounter,slow-instrument,59,Victory,7,0,7,56,8,40,0,114,-1,,0,7,0,4072934864
gym-e2-push.encounter,slow-instrument,60,Victory,6,0,6,48,8,120,0,100,-1,,0,4,0,722844725
gym-e2-push.encounter,slow-instrument,61,Victory,5,0,5,40,4,160,0,100,-1,,0,2,0,1754846175
gym-e2-push.encounter,slow-instrument,62,Victory,7,0,7,56,7,150,0,85,-1,,0,5,0,1524929243
gym-e2-push.encounter,slow-instrument,63,Victory,6,0,6,48,4,120,0,100,-1,,0,3,0,945584585
gym-e2-push.encounter,slow-instrument,64,Victory,7,0,7,56,7,100,0,85,-1,,0,4,0,3246763372
gym-e2-push.encounter,slow-instrument,65,Victory,8,0,8,64,9,20,0,100,-1,,0,8,0,808089787
gym-e2-push.encounter,slow-instrument,66,Victory,8,0,8,64,8,110,0,87,-1,,0,5,0,3283955981
gym-e2-push.encounter,slow-instrument,67,Victory,5,0,5,40,4,160,0,100,-1,,0,2,0,129804637
gym-e2-push.encounter,slow-instrument,68,Victory,7,0,7,56,6,110,0,100,-1,,0,4,0,960101128
gym-e2-push.encounter,slow-instrument,69,Victory,8,0,8,64,16,100,0,100,-1,,0,5,0,54928628
gym-e2-push.encounter,slow-instrument,70,Victory,7,0,7,56,8,130,0,85,-1,,0,4,0,1327178990
gym-e2-push.encounter,slow-instrument,71,Victory,7,0,7,56,2,120,0,100,-1,,0,5,0,4020087641
gym-e2-push.encounter,slow-instrument,72,Victory,8,0,8,64,11,80,0,62,-1,,0,6,0,2275466381
gym-e2-push.encounter,slow-instrument,73,Victory,6,0,6,48,6,170,0,83,-1,,0,3,0,4202659344
gym-e2-push.encounter,slow-instrument,74,Victory,6,0,6,48,4,100,0,100,-1,,0,3,0,822350456
gym-e2-push.encounter,slow-instrument,75,Victory,7,0,7,56,7,120,0,85,-1,,0,4,0,2055982132
gym-e2-push.encounter,slow-instrument,76,Victory,7,0,7,56,10,170,0,57,-1,,0,4,0,1018321890
gym-e2-push.encounter,slow-instrument,77,Victory,5,0,5,40,4,140,0,100,-1,,0,2,0,2113329479
gym-e2-push.encounter,slow-instrument,78,Victory,6,0,6,48,4,120,0,100,-1,,0,3,0,319647382
gym-e2-push.encounter,slow-instrument,79,Victory,6,0,6,48,4,100,0,100,-1,,0,3,0,2116185512
gym-e2-push.encounter,slow-instrument,80,Victory,5,0,5,40,1,180,0,100,-1,,0,2,0,2093414537
gym-e2-push.encounter,slow-instrument,81,Victory,8,0,8,64,12,100,0,100,-1,,0,6,0,1900068614
gym-e2-push.encounter,slow-instrument,82,Victory,5,0,5,40,4,140,0,100,-1,,0,2,0,2113329479
gym-e2-push.encounter,slow-instrument,83,Victory,8,0,8,64,4,130,0,87,-1,,0,5,0,2278335944
gym-e2-push.encounter,slow-instrument,84,Victory,6,0,6,48,4,120,0,100,-1,,0,3,0,2603067167
gym-e2-push.encounter,slow-instrument,85,Victory,8,0,8,64,9,20,0,112,-1,,0,9,0,3217463375
gym-e2-push.encounter,slow-instrument,86,Victory,7,0,7,56,7,110,0,100,-1,,0,4,0,1765971274
gym-e2-push.encounter,slow-instrument,87,Victory,5,0,5,40,4,160,0,100,-1,,0,2,0,1754846175
gym-e2-push.encounter,slow-instrument,88,Victory,7,0,7,56,8,40,0,114,-1,,0,7,0,2679602992
gym-e2-push.encounter,slow-instrument,89,Victory,7,0,7,56,12,80,0,100,-1,,0,4,0,3992805003
gym-e2-push.encounter,slow-instrument,90,Victory,5,0,5,40,4,140,0,100,-1,,0,2,0,2113329479
gym-e2-push.encounter,slow-instrument,91,Victory,5,0,5,40,4,140,0,100,-1,,0,2,0,2113329479
gym-e2-push.encounter,slow-instrument,92,Victory,5,0,5,40,4,140,0,100,-1,,0,2,0,2113329479
gym-e2-push.encounter,slow-instrument,93,Victory,7,0,7,56,5,60,0,100,-1,,0,4,0,1447289050
gym-e2-push.encounter,slow-instrument,94,Victory,5,0,5,40,4,140,0,100,-1,,0,2,0,2113329479
gym-e2-push.encounter,slow-instrument,95,Victory,6,0,6,48,0,160,0,100,-1,,0,3,0,1762099014
gym-e2-push.encounter,slow-instrument,96,Victory,5,0,5,40,4,160,0,100,-1,,0,2,0,4081168136
gym-e2-push.encounter,slow-instrument,97,Victory,7,0,7,56,3,120,0,85,-1,,0,4,0,3896804900
gym-e2-push.encounter,slow-instrument,98,Victory,6,0,6,48,4,120,0,100,-1,,0,3,0,1466806194
gym-e2-push.encounter,slow-instrument,99,Victory,5,0,5,40,4,140,0,100,-1,,0,2,0,1026390948
gym-e2-push.encounter,slow-instrument,100,Victory,8,0,8,64,8,130,0,75,-1,,0,6,0,2249355471
gym-e2-push.encounter,slow-instrument,101,Victory,7,0,7,56,7,120,0,85,-1,,0,4,0,1379961326
gym-e2-push.encounter,slow-instrument,102,Victory,6,0,6,48,10,100,0,100,-1,,0,3,0,4042779852
gym-e2-push.encounter,slow-instrument,103,Victory,5,0,5,40,4,140,0,100,-1,,0,2,0,2113329479
gym-e2-push.encounter,slow-instrument,104,Victory,5,0,5,40,4,160,0,100,-1,,0,2,0,129804637
gym-e2-push.encounter,slow-instrument,105,Victory,6,0,6,48,4,100,0,100,-1,,0,3,0,3129183114
gym-e2-push.encounter,slow-instrument,106,Victory,6,0,6,48,6,180,0,50,-1,,0,3,0,1184083178
gym-e2-push.encounter,slow-instrument,107,Victory,5,0,5,40,4,170,0,100,-1,,0,2,0,1245998481
gym-e2-push.encounter,slow-instrument,108,Victory,7,0,7,56,6,120,0,85,-1,,0,4,0,240065459
gym-e2-push.encounter,slow-instrument,109,Victory,6,0,6,48,6,140,0,83,-1,,0,4,0,2775419542
gym-e2-push.encounter,slow-instrument,110,Victory,7,0,7,56,10,120,0,85,-1,,0,4,0,706459410
gym-e2-push.encounter,slow-instrument,111,Victory,8,0,8,64,22,70,0,100,-1,,0,5,0,2059222449
gym-e2-push.encounter,slow-instrument,112,Victory,5,0,5,40,4,140,0,100,-1,,0,2,0,3924845829
gym-e2-push.encounter,slow-instrument,113,Victory,6,0,6,48,8,100,0,100,-1,,0,5,0,3601081416
gym-e2-push.encounter,slow-instrument,114,Victory,6,0,6,48,4,190,0,83,-1,,0,4,0,2419560300
gym-e2-push.encounter,slow-instrument,115,Victory,7,0,7,56,8,100,0,71,-1,,0,5,0,3260166947
gym-e2-push.encounter,slow-instrument,116,Victory,6,0,6,48,4,150,0,100,-1,,0,3,0,1985426929
gym-e2-push.encounter,slow-instrument,117,Victory,6,0,6,48,5,100,0,100,-1,,0,3,0,2084923955
gym-e2-push.encounter,slow-instrument,118,Victory,5,0,5,40,4,140,0,100,-1,,0,2,0,3614154901
gym-e2-push.encounter,slow-instrument,119,Victory,5,0,5,40,4,160,0,100,-1,,0,2,0,1276988426
gym-e2-push.encounter,slow-instrument,120,Victory,6,0,6,48,4,140,0,83,-1,,0,3,0,935878924
gym-e2-push.encounter,slow-instrument,121,Victory,6,0,6,48,5,120,0,100,-1,,0,3,0,2073175433
gym-e2-push.encounter,slow-instrument,122,Victory,5,0,5,40,4,140,0,100,-1,,0,2,0,3423912870
gym-e2-push.encounter,slow-instrument,123,Victory,5,0,5,40,4,140,0,100,-1,,0,2,0,2113329479
gym-e2-push.encounter,slow-instrument,124,Victory,7,0,7,56,12,100,0,100,-1,,0,6,0,2945055308
gym-e2-push.encounter,slow-instrument,125,Victory,6,0,6,48,4,140,0,83,-1,,0,5,0,641731367
gym-e2-push.encounter,slow-instrument,126,Victory,6,0,6,48,4,140,0,83,-1,,0,3,0,3290452260
gym-e2-push.encounter,slow-instrument,127,Victory,6,0,6,48,10,120,0,100,-1,,0,3,0,1496618308
gym-e2-push.encounter,slow-instrument,128,Victory,8,0,8,64,14,40,0,100,-1,,0,5,0,662778393
gym-e2-push.encounter,slow-instrument,129,Victory,5,0,5,40,4,140,0,100,-1,,0,2,0,2113329479
gym-e2-push.encounter,slow-instrument,130,Victory,5,0,5,40,4,140,0,100,-1,,0,2,0,2113329479
gym-e2-push.encounter,slow-instrument,131,Victory,5,0,5,40,4,140,0,100,-1,,0,2,0,2113329479
gym-e2-push.encounter,slow-instrument,132,Victory,6,0,6,48,4,100,0,100,-1,,0,3,0,2029494510
gym-e2-push.encounter,slow-instrument,133,Victory,6,0,6,48,8,100,0,100,-1,,0,3,0,4042779852
gym-e2-push.encounter,slow-instrument,134,Victory,6,0,6,48,5,140,0,66,-1,,0,3,0,579583273
gym-e2-push.encounter,slow-instrument,135,Victory,6,0,6,48,7,140,0,83,-1,,0,3,0,1815767361
gym-e2-push.encounter,slow-instrument,136,Victory,5,0,5,40,4,140,0,100,-1,,0,2,0,2113329479
gym-e2-push.encounter,slow-instrument,137,Victory,8,0,8,64,10,40,0,112,-1,,0,10,0,1063101279
gym-e2-push.encounter,slow-instrument,138,Victory,6,0,6,48,7,100,0,100,-1,,0,3,0,2402668243
gym-e2-push.encounter,slow-instrument,139,Victory,5,0,5,40,4,140,0,100,-1,,0,2,0,2113329479
gym-e2-push.encounter,slow-instrument,140,Victory,6,0,6,48,4,120,0,100,-1,,0,4,0,2691650021
gym-e2-push.encounter,slow-instrument,141,Victory,6,0,6,48,8,140,0,83,-1,,0,3,0,273570982
gym-e2-push.encounter,slow-instrument,142,Victory,6,0,6,48,2,120,0,100,-1,,0,3,0,357646969
gym-e2-push.encounter,slow-instrument,143,Victory,5,0,5,40,1,160,0,100,-1,,0,2,0,3693710475
gym-e2-push.encounter,slow-instrument,144,Victory,6,0,6,48,4,140,0,83,-1,,0,3,0,1254348666
gym-e2-push.encounter,slow-instrument,145,Victory,6,0,6,48,4,100,0,100,-1,,0,3,0,1472181546
gym-e2-push.encounter,slow-instrument,146,Victory,6,0,6,48,4,100,0,100,-1,,0,3,0,3855415544
gym-e2-push.encounter,slow-instrument,147,Victory,5,0,5,40,4,170,0,100,-1,,0,2,0,1245998481
gym-e2-push.encounter,slow-instrument,148,Victory,6,0,6,48,8,120,0,83,-1,,0,5,0,860448596
gym-e2-push.encounter,slow-instrument,149,Victory,7,0,7,56,8,100,0,85,-1,,0,5,0,711722158
gym-e2-push.encounter,slow-instrument,150,Victory,5,0,5,40,4,140,0,100,-1,,0,2,0,2196371957
gym-e2-push.encounter,slow-instrument,151,Victory,6,0,6,48,4,140,0,83,-1,,0,3,0,221063742
gym-e2-push.encounter,slow-instrument,152,Victory,6,0,6,48,4,120,0,100,-1,,0,3,0,200869041
gym-e2-push.encounter,slow-instrument,153,Victory,7,0,7,56,7,80,0,100,-1,,0,4,0,2582673066
gym-e2-push.encounter,slow-instrument,154,Victory,6,0,6,48,8,100,0,100,-1,,0,3,0,1651708794
gym-e2-push.encounter,slow-instrument,155,Victory,7,0,7,56,9,80,0,100,-1,,0,4,0,601887732
gym-e2-push.encounter,slow-instrument,156,Victory,7,0,7,56,7,150,0,85,-1,,0,4,0,378785116
gym-e2-push.encounter,slow-instrument,157,Victory,7,0,7,56,8,80,0,100,-1,,0,6,0,2011419869
gym-e2-push.encounter,slow-instrument,158,Victory,5,0,5,40,4,140,0,100,-1,,0,2,0,2113329479
gym-e2-push.encounter,slow-instrument,159,Victory,6,0,6,48,9,130,0,100,-1,,0,3,0,2541759761
gym-e2-push.encounter,slow-instrument,160,Victory,6,0,6,48,8,120,0,100,-1,,0,3,0,3378628054
gym-e2-push.encounter,slow-instrument,161,Victory,6,0,6,48,4,80,0,116,-1,,0,5,0,255381329
gym-e2-push.encounter,slow-instrument,162,Victory,7,0,7,56,8,170,0,71,-1,,0,5,0,1179915645
gym-e2-push.encounter,slow-instrument,163,Victory,5,0,5,40,4,140,0,100,-1,,0,2,0,2113329479
gym-e2-push.encounter,slow-instrument,164,Victory,7,0,7,56,4,100,0,85,-1,,0,5,0,2445347033
gym-e2-push.encounter,slow-instrument,165,Victory,5,0,5,40,4,140,0,100,-1,,0,2,0,2027400455
gym-e2-push.encounter,slow-instrument,166,Victory,7,0,7,56,3,40,0,114,-1,,0,7,0,426943015
gym-e2-push.encounter,slow-instrument,167,Victory,6,0,6,48,6,120,0,100,-1,,0,3,0,1466806194
gym-e2-push.encounter,slow-instrument,168,Victory,6,0,6,48,4,120,0,100,-1,,0,3,0,319647382
gym-e2-push.encounter,slow-instrument,169,Victory,6,0,6,48,8,140,0,83,-1,,0,5,0,718183037
gym-e2-push.encounter,slow-instrument,170,Victory,6,0,6,48,10,140,0,66,-1,,0,3,0,1595098486
gym-e2-push.encounter,slow-instrument,171,Victory,5,0,5,40,4,140,0,100,-1,,0,2,0,2113329479
gym-e2-push.encounter,slow-instrument,172,Victory,6,0,6,48,1,140,0,100,-1,,0,5,0,4136831479
gym-e2-push.encounter,slow-instrument,173,Victory,7,0,7,56,10,110,0,100,-1,,0,4,0,3796947756
gym-e2-push.encounter,slow-instrument,174,Victory,6,0,6,48,4,160,0,83,-1,,0,3,0,1490370194
gym-e2-push.encounter,slow-instrument,175,Defeat,7,0,7,56,16,0,1,128,-1,,0,7,0,630879001
gym-e2-push.encounter,slow-instrument,176,Victory,5,0,5,40,4,140,0,100,-1,,0,2,0,2113329479
gym-e2-push.encounter,slow-instrument,177,Victory,6,0,6,48,4,120,0,100,-1,,0,3,0,1107433154
gym-e2-push.encounter,slow-instrument,178,Victory,5,0,5,40,4,140,0,100,-1,,0,2,0,3924845829
gym-e2-push.encounter,slow-instrument,179,Victory,7,0,7,56,10,140,0,71,-1,,0,4,0,1127884763
gym-e2-push.encounter,slow-instrument,180,Victory,6,0,6,48,4,160,0,66,-1,,0,3,0,2357570508
gym-e2-push.encounter,slow-instrument,181,Victory,5,0,5,40,2,140,0,100,-1,,0,2,0,2113329479
gym-e2-push.encounter,slow-instrument,182,Victory,6,0,6,48,4,120,0,100,-1,,0,3,0,1107433154
gym-e2-push.encounter,slow-instrument,183,Victory,5,0,5,40,4,140,0,100,-1,,0,2,0,2113329479
gym-e2-push.encounter,slow-instrument,184,Victory,6,0,6,48,7,100,0,100,-1,,0,3,0,4166324257
gym-e2-push.encounter,slow-instrument,185,Victory,6,0,6,48,4,120,0,100,-1,,0,3,0,1107433154
gym-e2-push.encounter,slow-instrument,186,Victory,8,0,8,64,5,90,0,100,-1,,0,5,0,3761222115
gym-e2-push.encounter,slow-instrument,187,Victory,5,0,5,40,4,140,0,100,-1,,0,2,0,2113329479
gym-e2-push.encounter,slow-instrument,188,Victory,5,0,5,40,4,170,0,100,-1,,0,2,0,1245998481
gym-e2-push.encounter,slow-instrument,189,Victory,7,0,7,56,12,120,0,71,-1,,0,7,0,1120802252
gym-e2-push.encounter,slow-instrument,190,Victory,6,0,6,48,7,100,0,100,-1,,0,3,0,669796951
gym-e2-push.encounter,slow-instrument,191,Victory,7,0,7,56,8,110,0,100,-1,,0,6,0,4269069451
gym-e2-push.encounter,slow-instrument,192,Victory,7,0,7,56,5,80,0,100,-1,,0,6,0,1807030107
gym-e2-push.encounter,slow-instrument,193,Victory,8,0,8,64,13,90,0,87,-1,,0,5,0,2884712447
gym-e2-push.encounter,slow-instrument,194,Victory,7,0,7,56,6,110,0,100,-1,,0,6,0,1133985171
gym-e2-push.encounter,slow-instrument,195,Victory,7,0,7,56,6,140,0,85,-1,,0,4,0,2248297094
gym-e2-push.encounter,slow-instrument,196,Victory,7,0,7,56,15,140,0,57,-1,,0,4,0,947095470
gym-e2-push.encounter,slow-instrument,197,Victory,8,0,8,64,10,120,0,87,-1,,0,5,0,2193984761
gym-e2-push.encounter,slow-instrument,198,Victory,8,0,8,64,9,30,0,112,-1,,0,8,0,2304258304
gym-e2-push.encounter,slow-instrument,199,Victory,7,0,7,56,12,100,0,85,-1,,0,6,0,2186826078
gym-e2-push.encounter,slow-instrument,200,Victory,6,0,6,48,5,140,0,66,-1,,0,3,0,2318921884
gym-e2-push.encounter,taunt-instrument,1,Victory,6,0,6,48,9,120,0,100,-1,,0,4,0,3644750863
gym-e2-push.encounter,taunt-instrument,2,Victory,6,0,6,48,7,100,0,100,-1,,0,3,0,1373299427
gym-e2-push.encounter,taunt-instrument,3,Victory,7,0,7,56,8,80,0,100,-1,,0,5,0,2170399364
gym-e2-push.encounter,taunt-instrument,4,Defeat,7,0,7,56,9,0,1,142,-1,,0,7,0,1156247642
gym-e2-push.encounter,taunt-instrument,5,Victory,7,0,7,56,5,120,0,85,-1,,0,4,0,2068589444
gym-e2-push.encounter,taunt-instrument,6,Victory,7,0,7,56,9,120,0,71,-1,,0,3,0,29188646
gym-e2-push.encounter,taunt-instrument,7,Victory,7,0,7,56,8,100,0,85,-1,,0,4,0,1841071517
gym-e2-push.encounter,taunt-instrument,8,Victory,5,0,5,40,4,140,0,100,-1,,0,2,0,2113329479
gym-e2-push.encounter,taunt-instrument,9,Victory,8,0,8,64,17,90,0,100,-1,,0,7,0,563771900
gym-e2-push.encounter,taunt-instrument,10,Victory,6,0,6,48,5,120,0,100,-1,,0,3,0,3537060331
gym-e2-push.encounter,taunt-instrument,11,Victory,5,0,5,40,4,140,0,100,-1,,0,2,0,2113329479
gym-e2-push.encounter,taunt-instrument,12,Victory,5,0,5,40,4,140,0,100,-1,,0,2,0,2113329479
gym-e2-push.encounter,taunt-instrument,13,Victory,7,0,7,56,9,130,0,85,-1,,0,4,0,1918813717
gym-e2-push.encounter,taunt-instrument,14,Victory,6,0,6,48,5,130,0,100,-1,,0,3,0,1778971434
gym-e2-push.encounter,taunt-instrument,15,Victory,7,0,7,56,9,90,0,100,-1,,0,4,0,2437354190
gym-e2-push.encounter,taunt-instrument,16,Victory,7,0,7,56,7,120,0,85,-1,,0,4,0,2729624336
gym-e2-push.encounter,taunt-instrument,17,Victory,5,0,5,40,2,140,0,100,-1,,0,2,0,2113329479
gym-e2-push.encounter,taunt-instrument,18,Victory,5,0,5,40,4,160,0,100,-1,,0,2,0,129804637
gym-e2-push.encounter,taunt-instrument,19,Victory,5,0,5,40,4,140,0,100,-1,,0,2,0,2113329479
gym-e2-push.encounter,taunt-instrument,20,Victory,6,0,6,48,8,140,0,66,-1,,0,2,0,1241969863
gym-e2-push.encounter,taunt-instrument,21,Victory,6,0,6,48,5,120,0,100,-1,,0,3,0,4200957540
gym-e2-push.encounter,taunt-instrument,22,Victory,6,0,6,48,4,100,0,100,-1,,0,3,0,1596907100
gym-e2-push.encounter,taunt-instrument,23,Victory,7,0,7,56,6,120,0,85,-1,,0,4,0,635378686
gym-e2-push.encounter,taunt-instrument,24,Victory,6,0,6,48,8,120,0,100,-1,,0,5,0,979541031
gym-e2-push.encounter,taunt-instrument,25,Victory,6,0,6,48,7,100,0,100,-1,,0,3,0,1874557249
gym-e2-push.encounter,taunt-instrument,26,Victory,6,0,6,48,4,160,0,83,-1,,0,3,0,931359699
gym-e2-push.encounter,taunt-instrument,27,Victory,6,0,6,48,6,140,0,83,-1,,0,3,0,333211606
gym-e2-push.encounter,taunt-instrument,28,Victory,6,0,6,48,10,100,0,100,-1,,0,3,0,2998892959
gym-e2-push.encounter,taunt-instrument,29,Victory,7,0,7,56,8,100,0,85,-1,,0,4,0,3033805945
gym-e2-push.encounter,taunt-instrument,30,Victory,6,0,6,48,7,160,0,66,-1,,0,4,0,4027248614
gym-e2-push.encounter,taunt-instrument,31,Defeat,7,0,7,56,16,0,1,114,-1,,0,7,0,1413326308
gym-e2-push.encounter,taunt-instrument,32,Victory,10,0,10,80,21,40,0,80,-1,,0,10,0,2027090339
gym-e2-push.encounter,taunt-instrument,33,Victory,5,0,5,40,4,160,0,100,-1,,0,2,0,129804637
gym-e2-push.encounter,taunt-instrument,34,Victory,6,0,6,48,4,120,0,100,-1,,0,5,0,1403059185
gym-e2-push.encounter,taunt-instrument,35,Victory,5,0,5,40,4,160,0,100,-1,,0,2,0,1754846175
gym-e2-push.encounter,taunt-instrument,36,Victory,6,0,6,48,4,150,0,100,-1,,0,3,0,272045289
gym-e2-push.encounter,taunt-instrument,37,Victory,5,0,5,40,4,140,0,100,-1,,0,2,0,715700020
gym-e2-push.encounter,taunt-instrument,38,Victory,6,0,6,48,2,140,0,100,-1,,0,3,0,1524219743
gym-e2-push.encounter,taunt-instrument,39,Victory,6,0,6,48,4,100,0,100,-1,,0,5,0,3784146605
gym-e2-push.encounter,taunt-instrument,40,Victory,5,0,5,40,2,140,0,100,-1,,0,2,0,2113329479
gym-e2-push.encounter,taunt-instrument,41,Victory,9,0,9,72,14,40,0,88,-1,,0,7,0,389374410
gym-e2-push.encounter,taunt-instrument,42,Victory,5,0,5,40,4,140,0,100,-1,,0,2,0,2113329479
gym-e2-push.encounter,taunt-instrument,43,Victory,5,0,5,40,2,140,0,100,-1,,0,2,0,2113329479
gym-e2-push.encounter,taunt-instrument,44,Victory,8,0,8,64,13,100,0,75,-1,,0,8,0,3499422456
gym-e2-push.encounter,taunt-instrument,45,Victory,6,0,6,48,8,120,0,100,-1,,0,3,0,3378628054
gym-e2-push.encounter,taunt-instrument,46,Victory,7,0,7,56,8,80,0,85,-1,,0,6,0,2895610150
gym-e2-push.encounter,taunt-instrument,47,Victory,5,0,5,40,4,140,0,100,-1,,0,2,0,2113329479
gym-e2-push.encounter,taunt-instrument,48,Victory,5,0,5,40,4,140,0,100,-1,,0,2,0,2113329479
gym-e2-push.encounter,taunt-instrument,49,Victory,6,0,6,48,4,100,0,100,-1,,0,3,0,2116185512
gym-e2-push.encounter,taunt-instrument,50,Victory,6,0,6,48,5,120,0,100,-1,,0,3,0,1985782461
gym-e2-push.encounter,taunt-instrument,51,Victory,8,0,8,64,12,50,0,100,-1,,0,9,0,366778840
gym-e2-push.encounter,taunt-instrument,52,Victory,6,0,6,48,4,100,0,100,-1,,0,3,0,4118306984
gym-e2-push.encounter,taunt-instrument,53,Victory,7,0,7,56,4,120,0,71,-1,,0,6,0,2004010222
gym-e2-push.encounter,taunt-instrument,54,Victory,8,0,8,64,9,100,0,87,-1,,0,6,0,2802073614
gym-e2-push.encounter,taunt-instrument,55,Victory,6,0,6,48,8,140,0,66,-1,,0,2,0,1241969863
gym-e2-push.encounter,taunt-instrument,56,Victory,7,0,7,56,7,60,0,100,-1,,0,4,0,4153911726
gym-e2-push.encounter,taunt-instrument,57,Victory,5,0,5,40,4,140,0,100,-1,,0,2,0,3423912870
gym-e2-push.encounter,taunt-instrument,58,Victory,7,0,7,56,0,120,0,71,-1,,0,4,0,1495375983
gym-e2-push.encounter,taunt-instrument,59,Victory,7,0,7,56,8,40,0,114,-1,,0,7,0,4072934864
gym-e2-push.encounter,taunt-instrument,60,Victory,6,0,6,48,8,120,0,100,-1,,0,4,0,722844725
gym-e2-push.encounter,taunt-instrument,61,Victory,5,0,5,40,4,160,0,100,-1,,0,2,0,1754846175
gym-e2-push.encounter,taunt-instrument,62,Victory,7,0,7,56,7,150,0,85,-1,,0,5,0,1524929243
gym-e2-push.encounter,taunt-instrument,63,Victory,6,0,6,48,4,120,0,100,-1,,0,3,0,945584585
gym-e2-push.encounter,taunt-instrument,64,Victory,7,0,7,56,7,100,0,85,-1,,0,4,0,3246763372
gym-e2-push.encounter,taunt-instrument,65,Victory,8,0,8,64,9,20,0,100,-1,,0,8,0,808089787
gym-e2-push.encounter,taunt-instrument,66,Victory,8,0,8,64,8,110,0,87,-1,,0,5,0,3283955981
gym-e2-push.encounter,taunt-instrument,67,Victory,5,0,5,40,4,160,0,100,-1,,0,2,0,129804637
gym-e2-push.encounter,taunt-instrument,68,Victory,7,0,7,56,6,110,0,100,-1,,0,4,0,960101128
gym-e2-push.encounter,taunt-instrument,69,Victory,8,0,8,64,16,100,0,100,-1,,0,5,0,54928628
gym-e2-push.encounter,taunt-instrument,70,Victory,7,0,7,56,8,130,0,85,-1,,0,4,0,1327178990
gym-e2-push.encounter,taunt-instrument,71,Victory,7,0,7,56,2,120,0,100,-1,,0,5,0,4020087641
gym-e2-push.encounter,taunt-instrument,72,Victory,8,0,8,64,11,80,0,62,-1,,0,6,0,2275466381
gym-e2-push.encounter,taunt-instrument,73,Victory,6,0,6,48,6,170,0,83,-1,,0,3,0,4202659344
gym-e2-push.encounter,taunt-instrument,74,Victory,6,0,6,48,4,100,0,100,-1,,0,3,0,822350456
gym-e2-push.encounter,taunt-instrument,75,Victory,7,0,7,56,7,120,0,85,-1,,0,4,0,2055982132
gym-e2-push.encounter,taunt-instrument,76,Victory,7,0,7,56,10,170,0,57,-1,,0,4,0,1018321890
gym-e2-push.encounter,taunt-instrument,77,Victory,5,0,5,40,4,140,0,100,-1,,0,2,0,2113329479
gym-e2-push.encounter,taunt-instrument,78,Victory,6,0,6,48,4,120,0,100,-1,,0,3,0,319647382
gym-e2-push.encounter,taunt-instrument,79,Victory,6,0,6,48,4,100,0,100,-1,,0,3,0,2116185512
gym-e2-push.encounter,taunt-instrument,80,Victory,5,0,5,40,1,180,0,100,-1,,0,2,0,2093414537
gym-e2-push.encounter,taunt-instrument,81,Victory,8,0,8,64,12,100,0,100,-1,,0,6,0,1900068614
gym-e2-push.encounter,taunt-instrument,82,Victory,5,0,5,40,4,140,0,100,-1,,0,2,0,2113329479
gym-e2-push.encounter,taunt-instrument,83,Victory,8,0,8,64,4,130,0,87,-1,,0,5,0,2278335944
gym-e2-push.encounter,taunt-instrument,84,Victory,6,0,6,48,4,120,0,100,-1,,0,3,0,2603067167
gym-e2-push.encounter,taunt-instrument,85,Victory,8,0,8,64,9,20,0,112,-1,,0,9,0,3217463375
gym-e2-push.encounter,taunt-instrument,86,Victory,7,0,7,56,7,110,0,100,-1,,0,4,0,1765971274
gym-e2-push.encounter,taunt-instrument,87,Victory,5,0,5,40,4,160,0,100,-1,,0,2,0,1754846175
gym-e2-push.encounter,taunt-instrument,88,Victory,7,0,7,56,8,40,0,114,-1,,0,7,0,2679602992
gym-e2-push.encounter,taunt-instrument,89,Victory,7,0,7,56,12,80,0,100,-1,,0,4,0,3992805003
gym-e2-push.encounter,taunt-instrument,90,Victory,5,0,5,40,4,140,0,100,-1,,0,2,0,2113329479
gym-e2-push.encounter,taunt-instrument,91,Victory,5,0,5,40,4,140,0,100,-1,,0,2,0,2113329479
gym-e2-push.encounter,taunt-instrument,92,Victory,5,0,5,40,4,140,0,100,-1,,0,2,0,2113329479
gym-e2-push.encounter,taunt-instrument,93,Victory,7,0,7,56,5,60,0,100,-1,,0,4,0,1447289050
gym-e2-push.encounter,taunt-instrument,94,Victory,5,0,5,40,4,140,0,100,-1,,0,2,0,2113329479
gym-e2-push.encounter,taunt-instrument,95,Victory,6,0,6,48,0,160,0,100,-1,,0,3,0,1762099014
gym-e2-push.encounter,taunt-instrument,96,Victory,5,0,5,40,4,160,0,100,-1,,0,2,0,4081168136
gym-e2-push.encounter,taunt-instrument,97,Victory,7,0,7,56,3,120,0,85,-1,,0,4,0,3896804900
gym-e2-push.encounter,taunt-instrument,98,Victory,6,0,6,48,4,120,0,100,-1,,0,3,0,1466806194
gym-e2-push.encounter,taunt-instrument,99,Victory,5,0,5,40,4,140,0,100,-1,,0,2,0,1026390948
gym-e2-push.encounter,taunt-instrument,100,Victory,8,0,8,64,8,130,0,75,-1,,0,6,0,2249355471
gym-e2-push.encounter,taunt-instrument,101,Victory,7,0,7,56,7,120,0,85,-1,,0,4,0,1379961326
gym-e2-push.encounter,taunt-instrument,102,Victory,6,0,6,48,10,100,0,100,-1,,0,3,0,4042779852
gym-e2-push.encounter,taunt-instrument,103,Victory,5,0,5,40,4,140,0,100,-1,,0,2,0,2113329479
gym-e2-push.encounter,taunt-instrument,104,Victory,5,0,5,40,4,160,0,100,-1,,0,2,0,129804637
gym-e2-push.encounter,taunt-instrument,105,Victory,6,0,6,48,4,100,0,100,-1,,0,3,0,3129183114
gym-e2-push.encounter,taunt-instrument,106,Victory,6,0,6,48,6,180,0,50,-1,,0,3,0,1184083178
gym-e2-push.encounter,taunt-instrument,107,Victory,5,0,5,40,4,170,0,100,-1,,0,2,0,1245998481
gym-e2-push.encounter,taunt-instrument,108,Victory,7,0,7,56,6,120,0,85,-1,,0,4,0,240065459
gym-e2-push.encounter,taunt-instrument,109,Victory,6,0,6,48,6,140,0,83,-1,,0,4,0,2775419542
gym-e2-push.encounter,taunt-instrument,110,Victory,7,0,7,56,10,120,0,85,-1,,0,4,0,706459410
gym-e2-push.encounter,taunt-instrument,111,Victory,8,0,8,64,22,70,0,100,-1,,0,5,0,2059222449
gym-e2-push.encounter,taunt-instrument,112,Victory,5,0,5,40,4,140,0,100,-1,,0,2,0,3924845829
gym-e2-push.encounter,taunt-instrument,113,Victory,6,0,6,48,8,100,0,100,-1,,0,5,0,3601081416
gym-e2-push.encounter,taunt-instrument,114,Victory,6,0,6,48,4,190,0,83,-1,,0,4,0,2419560300
gym-e2-push.encounter,taunt-instrument,115,Victory,7,0,7,56,8,100,0,71,-1,,0,5,0,3260166947
gym-e2-push.encounter,taunt-instrument,116,Victory,6,0,6,48,4,150,0,100,-1,,0,3,0,1985426929
gym-e2-push.encounter,taunt-instrument,117,Victory,6,0,6,48,5,100,0,100,-1,,0,3,0,2084923955
gym-e2-push.encounter,taunt-instrument,118,Victory,5,0,5,40,4,140,0,100,-1,,0,2,0,3614154901
gym-e2-push.encounter,taunt-instrument,119,Victory,5,0,5,40,4,160,0,100,-1,,0,2,0,1276988426
gym-e2-push.encounter,taunt-instrument,120,Victory,6,0,6,48,4,140,0,83,-1,,0,3,0,935878924
gym-e2-push.encounter,taunt-instrument,121,Victory,6,0,6,48,5,120,0,100,-1,,0,3,0,2073175433
gym-e2-push.encounter,taunt-instrument,122,Victory,5,0,5,40,4,140,0,100,-1,,0,2,0,3423912870
gym-e2-push.encounter,taunt-instrument,123,Victory,5,0,5,40,4,140,0,100,-1,,0,2,0,2113329479
gym-e2-push.encounter,taunt-instrument,124,Victory,7,0,7,56,12,100,0,100,-1,,0,6,0,2945055308
gym-e2-push.encounter,taunt-instrument,125,Victory,6,0,6,48,4,140,0,83,-1,,0,5,0,641731367
gym-e2-push.encounter,taunt-instrument,126,Victory,6,0,6,48,4,140,0,83,-1,,0,3,0,3290452260
gym-e2-push.encounter,taunt-instrument,127,Victory,6,0,6,48,10,120,0,100,-1,,0,3,0,1496618308
gym-e2-push.encounter,taunt-instrument,128,Victory,8,0,8,64,14,40,0,100,-1,,0,5,0,662778393
gym-e2-push.encounter,taunt-instrument,129,Victory,5,0,5,40,4,140,0,100,-1,,0,2,0,2113329479
gym-e2-push.encounter,taunt-instrument,130,Victory,5,0,5,40,4,140,0,100,-1,,0,2,0,2113329479
gym-e2-push.encounter,taunt-instrument,131,Victory,5,0,5,40,4,140,0,100,-1,,0,2,0,2113329479
gym-e2-push.encounter,taunt-instrument,132,Victory,6,0,6,48,4,100,0,100,-1,,0,3,0,2029494510
gym-e2-push.encounter,taunt-instrument,133,Victory,6,0,6,48,8,100,0,100,-1,,0,3,0,4042779852
gym-e2-push.encounter,taunt-instrument,134,Victory,6,0,6,48,5,140,0,66,-1,,0,3,0,579583273
gym-e2-push.encounter,taunt-instrument,135,Victory,6,0,6,48,7,140,0,83,-1,,0,3,0,1815767361
gym-e2-push.encounter,taunt-instrument,136,Victory,5,0,5,40,4,140,0,100,-1,,0,2,0,2113329479
gym-e2-push.encounter,taunt-instrument,137,Victory,8,0,8,64,10,40,0,112,-1,,0,10,0,1063101279
gym-e2-push.encounter,taunt-instrument,138,Victory,6,0,6,48,7,100,0,100,-1,,0,3,0,2402668243
gym-e2-push.encounter,taunt-instrument,139,Victory,5,0,5,40,4,140,0,100,-1,,0,2,0,2113329479
gym-e2-push.encounter,taunt-instrument,140,Victory,6,0,6,48,4,120,0,100,-1,,0,4,0,2691650021
gym-e2-push.encounter,taunt-instrument,141,Victory,6,0,6,48,8,140,0,83,-1,,0,3,0,273570982
gym-e2-push.encounter,taunt-instrument,142,Victory,6,0,6,48,2,120,0,100,-1,,0,3,0,357646969
gym-e2-push.encounter,taunt-instrument,143,Victory,5,0,5,40,1,160,0,100,-1,,0,2,0,3693710475
gym-e2-push.encounter,taunt-instrument,144,Victory,6,0,6,48,4,140,0,83,-1,,0,3,0,1254348666
gym-e2-push.encounter,taunt-instrument,145,Victory,6,0,6,48,4,100,0,100,-1,,0,3,0,1472181546
gym-e2-push.encounter,taunt-instrument,146,Victory,6,0,6,48,4,100,0,100,-1,,0,3,0,3855415544
gym-e2-push.encounter,taunt-instrument,147,Victory,5,0,5,40,4,170,0,100,-1,,0,2,0,1245998481
gym-e2-push.encounter,taunt-instrument,148,Victory,6,0,6,48,8,120,0,83,-1,,0,5,0,860448596
gym-e2-push.encounter,taunt-instrument,149,Victory,7,0,7,56,8,100,0,85,-1,,0,5,0,711722158
gym-e2-push.encounter,taunt-instrument,150,Victory,5,0,5,40,4,140,0,100,-1,,0,2,0,2196371957
gym-e2-push.encounter,taunt-instrument,151,Victory,6,0,6,48,4,140,0,83,-1,,0,3,0,221063742
gym-e2-push.encounter,taunt-instrument,152,Victory,6,0,6,48,4,120,0,100,-1,,0,3,0,200869041
gym-e2-push.encounter,taunt-instrument,153,Victory,7,0,7,56,7,80,0,100,-1,,0,4,0,2582673066
gym-e2-push.encounter,taunt-instrument,154,Victory,6,0,6,48,8,100,0,100,-1,,0,3,0,1651708794
gym-e2-push.encounter,taunt-instrument,155,Victory,7,0,7,56,9,80,0,100,-1,,0,4,0,601887732
gym-e2-push.encounter,taunt-instrument,156,Victory,7,0,7,56,7,150,0,85,-1,,0,4,0,378785116
gym-e2-push.encounter,taunt-instrument,157,Victory,7,0,7,56,8,80,0,100,-1,,0,6,0,2011419869
gym-e2-push.encounter,taunt-instrument,158,Victory,5,0,5,40,4,140,0,100,-1,,0,2,0,2113329479
gym-e2-push.encounter,taunt-instrument,159,Victory,6,0,6,48,9,130,0,100,-1,,0,3,0,2541759761
gym-e2-push.encounter,taunt-instrument,160,Victory,6,0,6,48,8,120,0,100,-1,,0,3,0,3378628054
gym-e2-push.encounter,taunt-instrument,161,Victory,6,0,6,48,4,80,0,116,-1,,0,5,0,255381329
gym-e2-push.encounter,taunt-instrument,162,Victory,7,0,7,56,8,170,0,71,-1,,0,5,0,1179915645
gym-e2-push.encounter,taunt-instrument,163,Victory,5,0,5,40,4,140,0,100,-1,,0,2,0,2113329479
gym-e2-push.encounter,taunt-instrument,164,Victory,7,0,7,56,4,100,0,85,-1,,0,5,0,2445347033
gym-e2-push.encounter,taunt-instrument,165,Victory,5,0,5,40,4,140,0,100,-1,,0,2,0,2027400455
gym-e2-push.encounter,taunt-instrument,166,Victory,7,0,7,56,3,40,0,114,-1,,0,7,0,426943015
gym-e2-push.encounter,taunt-instrument,167,Victory,6,0,6,48,6,120,0,100,-1,,0,3,0,1466806194
gym-e2-push.encounter,taunt-instrument,168,Victory,6,0,6,48,4,120,0,100,-1,,0,3,0,319647382
gym-e2-push.encounter,taunt-instrument,169,Victory,6,0,6,48,8,140,0,83,-1,,0,5,0,718183037
gym-e2-push.encounter,taunt-instrument,170,Victory,6,0,6,48,10,140,0,66,-1,,0,3,0,1595098486
gym-e2-push.encounter,taunt-instrument,171,Victory,5,0,5,40,4,140,0,100,-1,,0,2,0,2113329479
gym-e2-push.encounter,taunt-instrument,172,Victory,6,0,6,48,1,140,0,100,-1,,0,5,0,4136831479
gym-e2-push.encounter,taunt-instrument,173,Victory,7,0,7,56,10,110,0,100,-1,,0,4,0,3796947756
gym-e2-push.encounter,taunt-instrument,174,Victory,6,0,6,48,4,160,0,83,-1,,0,3,0,1490370194
gym-e2-push.encounter,taunt-instrument,175,Defeat,7,0,7,56,16,0,1,128,-1,,0,7,0,630879001
gym-e2-push.encounter,taunt-instrument,176,Victory,5,0,5,40,4,140,0,100,-1,,0,2,0,2113329479
gym-e2-push.encounter,taunt-instrument,177,Victory,6,0,6,48,4,120,0,100,-1,,0,3,0,1107433154
gym-e2-push.encounter,taunt-instrument,178,Victory,5,0,5,40,4,140,0,100,-1,,0,2,0,3924845829
gym-e2-push.encounter,taunt-instrument,179,Victory,7,0,7,56,10,140,0,71,-1,,0,4,0,1127884763
gym-e2-push.encounter,taunt-instrument,180,Victory,6,0,6,48,4,160,0,66,-1,,0,3,0,2357570508
gym-e2-push.encounter,taunt-instrument,181,Victory,5,0,5,40,2,140,0,100,-1,,0,2,0,2113329479
gym-e2-push.encounter,taunt-instrument,182,Victory,6,0,6,48,4,120,0,100,-1,,0,3,0,1107433154
gym-e2-push.encounter,taunt-instrument,183,Victory,5,0,5,40,4,140,0,100,-1,,0,2,0,2113329479
gym-e2-push.encounter,taunt-instrument,184,Victory,6,0,6,48,7,100,0,100,-1,,0,3,0,4166324257
gym-e2-push.encounter,taunt-instrument,185,Victory,6,0,6,48,4,120,0,100,-1,,0,3,0,1107433154
gym-e2-push.encounter,taunt-instrument,186,Victory,8,0,8,64,5,90,0,100,-1,,0,5,0,3761222115
gym-e2-push.encounter,taunt-instrument,187,Victory,5,0,5,40,4,140,0,100,-1,,0,2,0,2113329479
gym-e2-push.encounter,taunt-instrument,188,Victory,5,0,5,40,4,170,0,100,-1,,0,2,0,1245998481
gym-e2-push.encounter,taunt-instrument,189,Victory,7,0,7,56,12,120,0,71,-1,,0,7,0,1120802252
gym-e2-push.encounter,taunt-instrument,190,Victory,6,0,6,48,7,100,0,100,-1,,0,3,0,669796951
gym-e2-push.encounter,taunt-instrument,191,Victory,7,0,7,56,8,110,0,100,-1,,0,6,0,4269069451
gym-e2-push.encounter,taunt-instrument,192,Victory,7,0,7,56,5,80,0,100,-1,,0,6,0,1807030107
gym-e2-push.encounter,taunt-instrument,193,Victory,8,0,8,64,13,90,0,87,-1,,0,5,0,2884712447
gym-e2-push.encounter,taunt-instrument,194,Victory,7,0,7,56,6,110,0,100,-1,,0,6,0,1133985171
gym-e2-push.encounter,taunt-instrument,195,Victory,7,0,7,56,6,140,0,85,-1,,0,4,0,2248297094
gym-e2-push.encounter,taunt-instrument,196,Victory,7,0,7,56,15,140,0,57,-1,,0,4,0,947095470
gym-e2-push.encounter,taunt-instrument,197,Victory,8,0,8,64,10,120,0,87,-1,,0,5,0,2193984761
gym-e2-push.encounter,taunt-instrument,198,Victory,8,0,8,64,9,30,0,112,-1,,0,8,0,2304258304
gym-e2-push.encounter,taunt-instrument,199,Victory,7,0,7,56,12,100,0,85,-1,,0,6,0,2186826078
gym-e2-push.encounter,taunt-instrument,200,Victory,6,0,6,48,5,140,0,66,-1,,0,3,0,2318921884
gym-e2-push.encounter,counter-reserve,1,Victory,8,0,8,64,25,100,0,100,-1,,0,8,0,3102467748
gym-e2-push.encounter,counter-reserve,2,Victory,9,0,9,72,29,80,0,77,-1,,0,8,0,2289316670
gym-e2-push.encounter,counter-reserve,3,Victory,8,0,8,64,24,60,0,100,-1,,0,5,0,2387497487
gym-e2-push.encounter,counter-reserve,4,Victory,9,0,9,72,26,80,0,88,-1,,0,11,0,547929095
gym-e2-push.encounter,counter-reserve,5,Victory,7,0,7,56,23,60,0,100,-1,,0,7,0,3835869320
gym-e2-push.encounter,counter-reserve,6,Victory,8,0,8,64,22,90,0,87,-1,,0,7,0,883540180
gym-e2-push.encounter,counter-reserve,7,Victory,8,0,8,64,22,70,0,100,-1,,0,8,0,3518569961
gym-e2-push.encounter,counter-reserve,8,Victory,7,0,7,56,16,100,0,85,-1,,0,6,0,2989501006
gym-e2-push.encounter,counter-reserve,9,Defeat,7,0,7,56,27,0,1,142,-1,,0,9,0,1158367927
gym-e2-push.encounter,counter-reserve,10,Defeat,7,0,7,56,21,0,1,128,-1,,0,9,0,2376994417
gym-e2-push.encounter,counter-reserve,11,Victory,6,0,6,48,16,140,0,83,-1,,0,5,0,569334849
gym-e2-push.encounter,counter-reserve,12,Victory,6,0,6,48,16,140,0,83,-1,,0,5,0,569334849
gym-e2-push.encounter,counter-reserve,13,Victory,6,0,6,48,16,140,0,83,-1,,0,5,0,3421037699
gym-e2-push.encounter,counter-reserve,14,Victory,7,0,7,56,20,80,0,85,-1,,0,7,0,931282288
gym-e2-push.encounter,counter-reserve,15,Victory,7,0,7,56,19,100,0,85,-1,,0,6,0,3812752342
gym-e2-push.encounter,counter-reserve,16,Victory,7,0,7,56,20,40,0,100,-1,,0,7,0,2765566949
gym-e2-push.encounter,counter-reserve,17,Victory,6,0,6,48,12,120,0,83,-1,,0,5,0,50342982
gym-e2-push.encounter,counter-reserve,18,Victory,6,0,6,48,16,140,0,83,-1,,0,5,0,569334849
gym-e2-push.encounter,counter-reserve,19,Victory,6,0,6,48,16,140,0,83,-1,,0,5,0,569334849
gym-e2-push.encounter,counter-reserve,20,Victory,7,0,7,56,21,140,0,71,-1,,0,5,0,193262569
gym-e2-push.encounter,counter-reserve,21,Victory,7,0,7,56,20,40,0,100,-1,,0,7,0,1851218421
gym-e2-push.encounter,counter-reserve,22,Victory,8,0,8,64,23,80,0,87,-1,,0,7,0,733149367
gym-e2-push.encounter,counter-reserve,23,Victory,6,0,6,48,16,140,0,83,-1,,0,5,0,60479825
gym-e2-push.encounter,counter-reserve,24,Victory,7,0,7,56,23,40,0,100,-1,,0,7,0,3993518558
gym-e2-push.encounter,counter-reserve,25,Victory,7,0,7,56,17,100,0,85,-1,,0,6,0,821920277
gym-e2-push.encounter,counter-reserve,26,Victory,7,0,7,56,18,100,0,85,-1,,0,6,0,2930100603
gym-e2-push.encounter,counter-reserve,27,Victory,7,0,7,56,16,100,0,85,-1,,0,6,0,1895413468
gym-e2-push.encounter,counter-reserve,28,Defeat,8,0,8,64,26,0,1,137,-1,,0,10,0,419538235
gym-e2-push.encounter,counter-reserve,29,Victory,7,0,7,56,23,80,0,100,-1,,0,7,0,316142266
gym-e2-push.encounter,counter-reserve,30,Victory,8,0,8,64,31,40,0,87,-1,,0,7,0,2117255761
gym-e2-push.encounter,counter-reserve,31,Defeat,7,0,7,56,24,0,2,114,-1,,0,8,0,460742433
gym-e2-push.encounter,counter-reserve,32,Victory,12,0,12,96,38,20,0,75,-1,,0,14,0,3845785889
gym-e2-push.encounter,counter-reserve,33,Victory,6,0,6,48,16,120,0,83,-1,,0,5,0,1871530596
gym-e2-push.encounter,counter-reserve,34,Victory,7,0,7,56,19,40,0,100,-1,,0,7,0,3950159546
gym-e2-push.encounter,counter-reserve,35,Victory,6,0,6,48,16,140,0,83,-1,,0,5,0,976966339
gym-e2-push.encounter,counter-reserve,36,Victory,6,0,6,48,16,140,0,83,-1,,0,5,0,569334849
gym-e2-push.encounter,counter-reserve,37,Victory,7,0,7,56,21,120,0,85,-1,,0,6,0,4143215244
gym-e2-push.encounter,counter-reserve,38,Victory,9,0,9,72,33,30,0,100,-1,,0,10,0,2045053497
gym-e2-push.encounter,counter-reserve,39,Victory,8,0,8,64,25,80,0,87,-1,,0,9,0,1952378501
gym-e2-push.encounter,counter-reserve,40,Victory,6,0,6,48,12,120,0,83,-1,,0,5,0,4252629732
gym-e2-push.encounter,counter-reserve,41,Victory,8,0,8,64,26,100,0,100,-1,,0,9,0,2255443914
gym-e2-push.encounter,counter-reserve,42,Victory,6,0,6,48,16,140,0,83,-1,,0,5,0,569334849
gym-e2-push.encounter,counter-reserve,43,Victory,6,0,6,48,13,100,0,83,-1,,0,5,0,877440492
gym-e2-push.encounter,counter-reserve,44,Defeat,8,0,8,64,33,0,1,112,-1,,0,8,0,1508055084
gym-e2-push.encounter,counter-reserve,45,Victory,9,0,9,72,35,60,0,77,-1,,0,11,0,1429703187
gym-e2-push.encounter,counter-reserve,46,Victory,8,0,8,64,27,60,0,75,-1,,0,9,0,350036580
gym-e2-push.encounter,counter-reserve,47,Victory,6,0,6,48,16,140,0,83,-1,,0,5,0,569334849
gym-e2-push.encounter,counter-reserve,48,Victory,6,0,6,48,16,140,0,83,-1,,0,5,0,569334849
gym-e2-push.encounter,counter-reserve,49,Victory,7,0,7,56,20,40,0,100,-1,,0,7,0,1851218421
gym-e2-push.encounter,counter-reserve,50,Victory,9,0,9,72,28,40,0,100,-1,,0,9,0,526759870
gym-e2-push.encounter,counter-reserve,51,Victory,8,0,8,64,25,20,0,100,-1,,0,8,0,669709180
gym-e2-push.encounter,counter-reserve,52,Victory,7,0,7,56,20,130,0,85,-1,,0,7,0,75767839
gym-e2-push.encounter,counter-reserve,53,Victory,8,0,8,64,24,60,0,100,-1,,0,8,0,447527761
gym-e2-push.encounter,counter-reserve,54,Victory,8,0,8,64,19,80,0,100,-1,,0,8,0,402224704
gym-e2-push.encounter,counter-reserve,55,Victory,8,0,8,64,26,40,0,87,-1,,0,7,0,2069459573
gym-e2-push.encounter,counter-reserve,56,Victory,7,0,7,56,17,100,0,85,-1,,0,6,0,601092519
gym-e2-push.encounter,counter-reserve,57,Victory,7,0,7,56,16,100,0,85,-1,,0,6,0,517623548
gym-e2-push.encounter,counter-reserve,58,Victory,9,0,9,72,27,40,0,77,-1,,0,8,0,3990121854
gym-e2-push.encounter,counter-reserve,59,Victory,7,0,7,56,16,80,0,100,-1,,0,7,0,112869650
gym-e2-push.encounter,counter-reserve,60,Victory,7,0,7,56,21,40,0,100,-1,,0,7,0,1500160110
gym-e2-push.encounter,counter-reserve,61,Victory,7,0,7,56,20,120,0,100,-1,,0,7,0,1697741467
gym-e2-push.encounter,counter-reserve,62,Victory,8,0,8,64,24,60,0,87,-1,,0,8,0,34440750
gym-e2-push.encounter,counter-reserve,63,Victory,7,0,7,56,17,60,0,100,-1,,0,7,0,990831319
gym-e2-push.encounter,counter-reserve,64,Victory,7,0,7,56,20,100,0,85,-1,,0,6,0,3999810826
gym-e2-push.encounter,counter-reserve,65,Victory,8,0,8,64,21,60,0,100,-1,,0,8,0,1724498054
gym-e2-push.encounter,counter-reserve,66,Victory,8,0,8,64,22,40,0,100,-1,,0,8,0,725902927
gym-e2-push.encounter,counter-reserve,67,Victory,6,0,6,48,16,140,0,83,-1,,0,5,0,569334849
gym-e2-push.encounter,counter-reserve,68,Victory,10,0,10,80,25,40,0,90,-1,,0,10,0,2367507581
gym-e2-push.encounter,counter-reserve,69,Defeat,8,0,8,64,22,0,1,125,-1,,0,9,0,496000295
gym-e2-push.encounter,counter-reserve,70,Victory,7,0,7,56,20,100,0,85,-1,,0,6,0,517623548
gym-e2-push.encounter,counter-reserve,71,Victory,8,0,8,64,22,100,0,75,-1,,0,7,0,3097506323
gym-e2-push.encounter,counter-reserve,72,Victory,7,0,7,56,12,160,0,85,-1,,0,6,0,167540616
gym-e2-push.encounter,counter-reserve,73,Victory,6,0,6,48,16,120,0,83,-1,,0,5,0,860448596
gym-e2-push.encounter,counter-reserve,74,Victory,8,0,8,64,21,80,0,100,-1,,0,9,0,1524295915
gym-e2-push.encounter,counter-reserve,75,Victory,10,0,10,80,32,100,0,60,-1,,0,7,0,3947593589
gym-e2-push.encounter,counter-reserve,76,Victory,8,0,8,64,19,80,0,75,-1,,0,7,0,2302354299
gym-e2-push.encounter,counter-reserve,77,Victory,6,0,6,48,16,140,0,83,-1,,0,5,0,569334849
gym-e2-push.encounter,counter-reserve,78,Victory,7,0,7,56,21,120,0,100,-1,,0,7,0,3867705552
gym-e2-push.encounter,counter-reserve,79,Victory,8,0,8,64,24,30,0,112,-1,,0,9,0,2794702097
gym-e2-push.encounter,counter-reserve,80,Victory,7,0,7,56,12,120,0,85,-1,,0,6,0,3627715853
gym-e2-push.encounter,counter-reserve,81,Victory,9,0,9,72,26,10,0,111,-1,,0,10,0,679439289
gym-e2-push.encounter,counter-reserve,82,Victory,6,0,6,48,16,140,0,83,-1,,0,5,0,569334849
gym-e2-push.encounter,counter-reserve,83,Defeat,8,0,8,64,27,0,1,112,-1,,0,9,0,2755193341
gym-e2-push.encounter,counter-reserve,84,Victory,7,0,7,56,19,100,0,85,-1,,0,6,0,2571989381
gym-e2-push.encounter,counter-reserve,85,Victory,9,0,9,72,34,30,0,88,-1,,0,8,0,2776685809
gym-e2-push.encounter,counter-reserve,86,Victory,10,0,10,80,32,40,0,90,-1,,0,11,0,1753515058
gym-e2-push.encounter,counter-reserve,87,Victory,6,0,6,48,16,140,0,83,-1,,0,5,0,2219594931
gym-e2-push.encounter,counter-reserve,88,Victory,8,0,8,64,25,50,0,100,-1,,0,8,0,3981776377
gym-e2-push.encounter,counter-reserve,89,Defeat,7,0,7,56,25,0,1,128,-1,,0,9,0,817391712
gym-e2-push.encounter,counter-reserve,90,Victory,6,0,6,48,16,140,0,83,-1,,0,5,0,569334849
gym-e2-push.encounter,counter-reserve,91,Victory,6,0,6,48,16,140,0,83,-1,,0,5,0,569334849
gym-e2-push.encounter,counter-reserve,92,Victory,6,0,6,48,16,140,0,83,-1,,0,5,0,569334849
gym-e2-push.encounter,counter-reserve,93,Victory,6,0,6,48,16,120,0,83,-1,,0,5,0,1871530596
gym-e2-push.encounter,counter-reserve,94,Victory,6,0,6,48,16,140,0,83,-1,,0,5,0,569334849
gym-e2-push.encounter,counter-reserve,95,Victory,7,0,7,56,16,40,0,100,-1,,0,7,0,1455719337
gym-e2-push.encounter,counter-reserve,96,Victory,6,0,6,48,16,140,0,83,-1,,0,5,0,2123931363
gym-e2-push.encounter,counter-reserve,97,Victory,9,0,9,72,28,40,0,77,-1,,0,9,0,163676919
gym-e2-push.encounter,counter-reserve,98,Defeat,7,0,7,56,27,0,1,128,-1,,0,8,0,208423426
gym-e2-push.encounter,counter-reserve,99,Victory,7,0,7,56,20,100,0,85,-1,,0,6,0,3999810826
gym-e2-push.encounter,counter-reserve,100,Victory,8,0,8,64,25,100,0,75,-1,,0,6,0,1388622003
gym-e2-push.encounter,counter-reserve,101,Victory,8,0,8,64,22,100,0,75,-1,,0,7,0,1853151169
gym-e2-push.encounter,counter-reserve,102,Defeat,7,0,7,56,26,0,1,114,-1,,0,8,0,1515108014
gym-e2-push.encounter,counter-reserve,103,Victory,6,0,6,48,16,140,0,83,-1,,0,5,0,569334849
gym-e2-push.encounter,counter-reserve,104,Victory,6,0,6,48,16,120,0,83,-1,,0,5,0,1871530596
gym-e2-push.encounter,counter-reserve,105,Victory,6,0,6,48,16,140,0,83,-1,,0,5,0,569334849
gym-e2-push.encounter,counter-reserve,106,Victory,8,0,8,64,20,80,0,75,-1,,0,7,0,3803227431
gym-e2-push.encounter,counter-reserve,107,Victory,6,0,6,48,16,100,0,100,-1,,0,6,0,2029741817
gym-e2-push.encounter,counter-reserve,108,Victory,7,0,7,56,16,120,0,85,-1,,0,6,0,2371030108
gym-e2-push.encounter,counter-reserve,109,Victory,8,0,8,64,21,40,0,87,-1,,0,8,0,3968651079
gym-e2-push.encounter,counter-reserve,110,Victory,7,0,7,56,20,120,0,85,-1,,0,6,0,4096813734
gym-e2-push.encounter,counter-reserve,111,Victory,8,0,8,64,19,50,0,100,-1,,0,8,0,1504133878
gym-e2-push.encounter,counter-reserve,112,Victory,7,0,7,56,22,100,0,85,-1,,0,6,0,2140550474
gym-e2-push.encounter,counter-reserve,113,Victory,7,0,7,56,22,60,0,100,-1,,0,7,0,1278624530
gym-e2-push.encounter,counter-reserve,114,Defeat,9,0,9,72,34,0,1,100,-1,,0,10,0,641060678
gym-e2-push.encounter,counter-reserve,115,Victory,8,0,8,64,23,20,0,100,-1,,0,8,0,3057831159
gym-e2-push.encounter,counter-reserve,116,Victory,8,0,8,64,23,100,0,87,-1,,0,7,0,2254055533
gym-e2-push.encounter,counter-reserve,117,Victory,6,0,6,48,16,140,0,83,-1,,0,5,0,569334849
gym-e2-push.encounter,counter-reserve,118,Victory,7,0,7,56,16,80,0,100,-1,,0,7,0,2831265818
gym-e2-push.encounter,counter-reserve,119,Victory,8,0,8,64,28,60,0,87,-1,,0,8,0,2093977458
gym-e2-push.encounter,counter-reserve,120,Victory,7,0,7,56,16,100,0,85,-1,,0,6,0,639412110
gym-e2-push.encounter,counter-reserve,121,Victory,6,0,6,48,16,120,0,83,-1,,0,5,0,1871530596
gym-e2-push.encounter,counter-reserve,122,Victory,7,0,7,56,24,100,0,85,-1,,0,6,0,3986131032
gym-e2-push.encounter,counter-reserve,123,Victory,6,0,6,48,16,140,0,83,-1,,0,5,0,569334849
gym-e2-push.encounter,counter-reserve,124,Defeat,6,0,6,48,20,0,1,133,-1,,0,7,0,43084310
gym-e2-push.encounter,counter-reserve,125,Victory,6,0,6,48,13,100,0,83,-1,,0,5,0,877440492
gym-e2-push.encounter,counter-reserve,126,Victory,10,0,10,80,32,90,0,80,-1,,0,9,0,177095957
gym-e2-push.encounter,counter-reserve,127,Victory,7,0,7,56,19,80,0,85,-1,,0,6,0,566475876
gym-e2-push.encounter,counter-reserve,128,Victory,9,0,9,72,29,60,0,88,-1,,0,8,0,362117062
gym-e2-push.encounter,counter-reserve,129,Victory,6,0,6,48,16,140,0,83,-1,,0,5,0,569334849
gym-e2-push.encounter,counter-reserve,130,Victory,6,0,6,48,16,140,0,83,-1,,0,5,0,569334849
gym-e2-push.encounter,counter-reserve,131,Victory,6,0,6,48,14,140,0,83,-1,,0,5,0,569334849
gym-e2-push.encounter,counter-reserve,132,Victory,6,0,6,48,16,140,0,83,-1,,0,5,0,4133093298
gym-e2-push.encounter,counter-reserve,133,Victory,8,0,8,64,29,60,0,112,-1,,0,9,0,3599569322
gym-e2-push.encounter,counter-reserve,134,Victory,7,0,7,56,21,60,0,85,-1,,0,6,0,3066734682
gym-e2-push.encounter,counter-reserve,135,Victory,8,0,8,64,24,100,0,75,-1,,0,7,0,3472470259
gym-e2-push.encounter,counter-reserve,136,Defeat,9,0,9,72,26,0,1,100,-1,,0,9,0,2864479558
gym-e2-push.encounter,counter-reserve,137,Defeat,7,0,7,56,15,0,1,114,-1,,0,7,0,3766974099
gym-e2-push.encounter,counter-reserve,138,Victory,8,0,8,64,22,130,0,75,-1,,0,7,0,4242979203
gym-e2-push.encounter,counter-reserve,139,Victory,6,0,6,48,16,140,0,83,-1,,0,5,0,569334849
gym-e2-push.encounter,counter-reserve,140,Victory,7,0,7,56,19,40,0,100,-1,,0,7,0,1874992046
gym-e2-push.encounter,counter-reserve,141,Victory,7,0,7,56,21,80,0,100,-1,,0,7,0,1136276549
gym-e2-push.encounter,counter-reserve,142,Victory,9,0,9,72,30,20,0,88,-1,,0,10,0,1143620850
gym-e2-push.encounter,counter-reserve,143,Defeat,8,0,8,64,36,0,1,100,-1,,0,9,0,229267306
gym-e2-push.encounter,counter-reserve,144,Victory,6,0,6,48,16,140,0,83,-1,,0,5,0,1854394531
gym-e2-push.encounter,counter-reserve,145,Victory,7,0,7,56,18,130,0,85,-1,,0,6,0,2872624522
gym-e2-push.encounter,counter-reserve,146,Defeat,8,0,8,64,25,0,1,112,-1,,0,8,0,3076155168
gym-e2-push.encounter,counter-reserve,147,Victory,6,0,6,48,16,160,0,83,-1,,0,5,0,600960943
gym-e2-push.encounter,counter-reserve,148,Victory,7,0,7,56,19,40,0,100,-1,,0,7,0,3621848523
gym-e2-push.encounter,counter-reserve,149,Victory,7,0,7,56,8,100,0,85,-1,,0,5,0,711722158
gym-e2-push.encounter,counter-reserve,150,Victory,7,0,7,56,16,120,0,85,-1,,0,6,0,1440817282
gym-e2-push.encounter,counter-reserve,151,Victory,6,0,6,48,16,140,0,83,-1,,0,5,0,569334849
gym-e2-push.encounter,counter-reserve,152,Victory,7,0,7,56,20,100,0,85,-1,,0,7,0,28914363
gym-e2-push.encounter,counter-reserve,153,Victory,7,0,7,56,17,120,0,85,-1,,0,6,0,4233842112
gym-e2-push.encounter,counter-reserve,154,Victory,8,0,8,64,24,140,0,62,-1,,0,7,0,2938778627
gym-e2-push.encounter,counter-reserve,155,Victory,6,0,6,48,16,100,0,100,-1,,0,6,0,606092761
gym-e2-push.encounter,counter-reserve,156,Victory,7,0,7,56,20,120,0,85,-1,,0,6,0,824492982
gym-e2-push.encounter,counter-reserve,157,Victory,8,0,8,64,23,40,0,100,-1,,0,8,0,1780919134
gym-e2-push.encounter,counter-reserve,158,Victory,6,0,6,48,16,140,0,83,-1,,0,5,0,569334849
gym-e2-push.encounter,counter-reserve,159,Victory,7,0,7,56,17,100,0,85,-1,,0,6,0,2218432692
gym-e2-push.encounter,counter-reserve,160,Victory,8,0,8,64,21,40,0,87,-1,,0,8,0,1659503506
gym-e2-push.encounter,counter-reserve,161,Defeat,7,0,7,56,21,0,1,128,-1,,0,8,0,2069640887
gym-e2-push.encounter,counter-reserve,162,Victory,9,0,9,72,28,110,0,77,-1,,0,10,0,2669765717
gym-e2-push.encounter,counter-reserve,163,Victory,6,0,6,48,16,140,0,83,-1,,0,5,0,569334849
gym-e2-push.encounter,counter-reserve,164,Victory,8,0,8,64,24,20,0,100,-1,,0,9,0,3069038135
gym-e2-push.encounter,counter-reserve,165,Victory,6,0,6,48,16,140,0,83,-1,,0,5,0,569334849
gym-e2-push.encounter,counter-reserve,166,Defeat,8,0,8,64,20,0,1,112,-1,,0,9,0,332452595
gym-e2-push.encounter,counter-reserve,167,Victory,8,0,8,64,25,70,0,87,-1,,0,8,0,2794476809
gym-e2-push.encounter,counter-reserve,168,Victory,7,0,7,56,18,90,0,100,-1,,0,7,0,653877810
gym-e2-push.encounter,counter-reserve,169,Victory,6,0,6,48,8,140,0,83,-1,,0,5,0,718183037
gym-e2-push.encounter,counter-reserve,170,Victory,7,0,7,56,15,120,0,85,-1,,0,6,0,532693482
gym-e2-push.encounter,counter-reserve,171,Victory,7,0,7,56,22,130,0,85,-1,,0,6,0,4268738734
gym-e2-push.encounter,counter-reserve,172,Victory,8,0,8,64,25,20,0,100,-1,,0,10,0,308362335
gym-e2-push.encounter,counter-reserve,173,Victory,9,0,9,72,32,60,0,88,-1,,0,9,0,941054862
gym-e2-push.encounter,counter-reserve,174,Victory,7,0,7,56,17,80,0,85,-1,,0,6,0,935146451
gym-e2-push.encounter,counter-reserve,175,Victory,8,0,8,64,21,60,0,100,-1,,0,9,0,326291691
gym-e2-push.encounter,counter-reserve,176,Victory,6,0,6,48,16,140,0,83,-1,,0,5,0,569334849
gym-e2-push.encounter,counter-reserve,177,Victory,8,0,8,64,27,80,0,75,-1,,0,7,0,1824734520
gym-e2-push.encounter,counter-reserve,178,Victory,6,0,6,48,16,140,0,83,-1,,0,5,0,3421037699
gym-e2-push.encounter,counter-reserve,179,Victory,6,0,6,48,16,140,0,83,-1,,0,5,0,569334849
gym-e2-push.encounter,counter-reserve,180,Victory,9,0,9,72,22,10,0,100,-1,,0,9,0,3142744920
gym-e2-push.encounter,counter-reserve,181,Victory,7,0,7,56,23,120,0,71,-1,,0,6,0,194045244
gym-e2-push.encounter,counter-reserve,182,Victory,7,0,7,56,16,100,0,85,-1,,0,6,0,3585451119
gym-e2-push.encounter,counter-reserve,183,Victory,6,0,6,48,16,140,0,83,-1,,0,5,0,569334849
gym-e2-push.encounter,counter-reserve,184,Victory,8,0,8,64,24,100,0,75,-1,,0,7,0,2242616688
gym-e2-push.encounter,counter-reserve,185,Victory,7,0,7,56,16,100,0,85,-1,,0,6,0,322377353
gym-e2-push.encounter,counter-reserve,186,Victory,10,0,10,80,36,60,0,70,-1,,0,11,0,1379804264
gym-e2-push.encounter,counter-reserve,187,Victory,6,0,6,48,16,140,0,83,-1,,0,5,0,569334849
gym-e2-push.encounter,counter-reserve,188,Victory,7,0,7,56,16,120,0,85,-1,,0,6,0,503012802
gym-e2-push.encounter,counter-reserve,189,Victory,7,0,7,56,15,80,0,85,-1,,0,7,0,3675160398
gym-e2-push.encounter,counter-reserve,190,Victory,9,0,9,72,28,100,0,66,-1,,0,8,0,981584784
gym-e2-push.encounter,counter-reserve,191,Victory,7,0,7,56,19,80,0,100,-1,,0,7,0,1797031812
gym-e2-push.encounter,counter-reserve,192,Victory,9,0,9,72,28,40,0,77,-1,,0,8,0,863139815
gym-e2-push.encounter,counter-reserve,193,Victory,6,0,6,48,16,140,0,83,-1,,0,5,0,2158942623
gym-e2-push.encounter,counter-reserve,194,Victory,8,0,8,64,26,150,0,75,-1,,0,9,0,2038241538
gym-e2-push.encounter,counter-reserve,195,Victory,7,0,7,56,16,120,0,85,-1,,0,6,0,1670785968
gym-e2-push.encounter,counter-reserve,196,Victory,8,0,8,64,22,60,0,100,-1,,0,8,0,2328125562
gym-e2-push.encounter,counter-reserve,197,Victory,8,0,8,64,20,70,0,100,-1,,0,8,0,1231044323
gym-e2-push.encounter,counter-reserve,198,Victory,7,0,7,56,20,100,0,100,-1,,0,7,0,2856825423
gym-e2-push.encounter,counter-reserve,199,Victory,7,0,7,56,16,20,0,100,-1,,0,7,0,817092637
gym-e2-push.encounter,counter-reserve,200,Victory,6,0,6,48,12,120,0,83,-1,,0,5,0,50342982
gym-e2-rv_momo_b.encounter,attack-only,1,Victory,7,0,7,56,8,80,0,100,-1,,0,5,0,1584198798
gym-e2-rv_momo_b.encounter,attack-only,2,Victory,7,0,7,56,7,80,0,100,-1,,0,4,0,3773647618
gym-e2-rv_momo_b.encounter,attack-only,3,Defeat,7,0,7,56,16,0,1,128,-1,,0,6,0,1844942871
gym-e2-rv_momo_b.encounter,attack-only,4,Victory,9,0,9,72,8,10,0,111,-1,,0,8,0,681986479
gym-e2-rv_momo_b.encounter,attack-only,5,Victory,8,0,8,64,10,80,0,87,-1,,0,6,0,1960210496
gym-e2-rv_momo_b.encounter,attack-only,6,Victory,8,0,8,64,14,20,0,100,-1,,0,7,0,1386868628
gym-e2-rv_momo_b.encounter,attack-only,7,Victory,7,0,7,56,7,80,0,100,-1,,0,4,0,2275417530
gym-e2-rv_momo_b.encounter,attack-only,8,Victory,7,0,7,56,6,90,0,100,-1,,0,4,0,2815156564
gym-e2-rv_momo_b.encounter,attack-only,9,Victory,10,0,10,80,18,30,0,100,-1,,0,9,0,780552166
gym-e2-rv_momo_b.encounter,attack-only,10,Victory,8,0,8,64,9,40,0,100,-1,,0,5,0,1994152224
gym-e2-rv_momo_b.encounter,attack-only,11,Victory,7,0,7,56,8,60,0,100,-1,,0,4,0,4089523202
gym-e2-rv_momo_b.encounter,attack-only,12,Victory,7,0,7,56,8,60,0,100,-1,,0,4,0,4089523202
gym-e2-rv_momo_b.encounter,attack-only,13,Victory,7,0,7,56,5,80,0,100,-1,,0,4,0,1908169185
gym-e2-rv_momo_b.encounter,attack-only,14,Victory,8,0,8,64,9,50,0,100,-1,,0,5,0,2685457875
gym-e2-rv_momo_b.encounter,attack-only,15,Victory,8,0,8,64,17,20,0,100,-1,,0,5,0,918843678
gym-e2-rv_momo_b.encounter,attack-only,16,Victory,9,0,9,72,15,20,0,88,-1,,0,6,0,4136560667
gym-e2-rv_momo_b.encounter,attack-only,17,Victory,7,0,7,56,6,60,0,100,-1,,0,4,0,2312005618
gym-e2-rv_momo_b.encounter,attack-only,18,Victory,7,0,7,56,8,60,0,100,-1,,0,4,0,4089523202
gym-e2-rv_momo_b.encounter,attack-only,19,Victory,7,0,7,56,7,60,0,100,-1,,0,4,0,3018748642
gym-e2-rv_momo_b.encounter,attack-only,20,Victory,8,0,8,64,12,60,0,75,-1,,0,4,0,3192543566
gym-e2-rv_momo_b.encounter,attack-only,21,Victory,7,0,7,56,5,80,0,100,-1,,0,4,0,2789852414
gym-e2-rv_momo_b.encounter,attack-only,22,Victory,8,0,8,64,8,20,0,100,-1,,0,5,0,1815573921
gym-e2-rv_momo_b.encounter,attack-only,23,Victory,9,0,9,72,12,40,0,88,-1,,0,7,0,3317146633
gym-e2-rv_momo_b.encounter,attack-only,24,Defeat,7,0,7,56,11,0,1,128,-1,,0,7,0,3434724373
gym-e2-rv_momo_b.encounter,attack-only,25,Victory,7,0,7,56,7,80,0,100,-1,,0,4,0,3068614066
gym-e2-rv_momo_b.encounter,attack-only,26,Victory,8,0,8,64,8,20,0,100,-1,,0,5,0,3108456755
gym-e2-rv_momo_b.encounter,attack-only,27,Victory,7,0,7,56,7,60,0,100,-1,,0,4,0,41297385
gym-e2-rv_momo_b.encounter,attack-only,28,Defeat,8,0,8,64,14,0,1,112,-1,,0,5,0,567381795
gym-e2-rv_momo_b.encounter,attack-only,29,Victory,7,0,7,56,9,80,0,100,-1,,0,5,0,810514998
gym-e2-rv_momo_b.encounter,attack-only,30,Victory,8,0,8,64,10,40,0,87,-1,,0,7,0,3551576522
gym-e2-rv_momo_b.encounter,attack-only,31,Defeat,6,0,6,48,10,0,2,133,-1,,0,6,0,416181431
gym-e2-rv_momo_b.encounter,attack-only,32,Defeat,7,0,7,56,15,0,2,142,-1,,0,8,0,2868062093
gym-e2-rv_momo_b.encounter,attack-only,33,Victory,8,0,8,64,14,20,0,100,-1,,0,5,0,1776019717
gym-e2-rv_momo_b.encounter,attack-only,34,Victory,8,0,8,64,8,40,0,100,-1,,0,7,0,4057723964
gym-e2-rv_momo_b.encounter,attack-only,35,Victory,7,0,7,56,9,60,0,100,-1,,0,4,0,2291629453
gym-e2-rv_momo_b.encounter,attack-only,36,Victory,8,0,8,64,11,60,0,87,-1,,0,5,0,3154859015
gym-e2-rv_momo_b.encounter,attack-only,37,Victory,7,0,7,56,8,100,0,85,-1,,0,4,0,1718801967
gym-e2-rv_momo_b.encounter,attack-only,38,Victory,8,0,8,64,6,80,0,100,-1,,0,5,0,1441858073
gym-e2-rv_momo_b.encounter,attack-only,39,Victory,7,0,7,56,7,80,0,114,-1,,0,6,0,1631461493
gym-e2-rv_momo_b.encounter,attack-only,40,Victory,7,0,7,56,6,60,0,100,-1,,0,4,0,4089523202
gym-e2-rv_momo_b.encounter,attack-only,41,Victory,8,0,8,64,13,70,0,100,-1,,0,5,0,1509526940
gym-e2-rv_momo_b.encounter,attack-only,42,Victory,7,0,7,56,8,60,0,100,-1,,0,4,0,4089523202
gym-e2-rv_momo_b.encounter,attack-only,43,Victory,7,0,7,56,6,60,0,100,-1,,0,4,0,4089523202
gym-e2-rv_momo_b.encounter,attack-only,44,Victory,9,0,9,72,13,10,0,88,-1,,0,8,0,3511205792
gym-e2-rv_momo_b.encounter,attack-only,45,Defeat,6,0,6,48,10,0,1,150,-1,,0,5,0,1261648618
gym-e2-rv_momo_b.encounter,attack-only,46,Victory,8,0,8,64,11,40,0,87,-1,,0,7,0,1161503695
gym-e2-rv_momo_b.encounter,attack-only,47,Victory,7,0,7,56,8,60,0,100,-1,,0,4,0,4089523202
gym-e2-rv_momo_b.encounter,attack-only,48,Victory,7,0,7,56,8,60,0,100,-1,,0,4,0,4089523202
gym-e2-rv_momo_b.encounter,attack-only,49,Victory,7,0,7,56,7,60,0,100,-1,,0,4,0,1501001693
gym-e2-rv_momo_b.encounter,attack-only,50,Victory,7,0,7,56,5,110,0,100,-1,,0,4,0,1921862676
gym-e2-rv_momo_b.encounter,attack-only,51,Defeat,8,0,8,64,14,0,1,112,-1,,0,9,0,3654857922
gym-e2-rv_momo_b.encounter,attack-only,52,Victory,7,0,7,56,8,90,0,100,-1,,0,4,0,1446821648
gym-e2-rv_momo_b.encounter,attack-only,53,Victory,8,0,8,64,6,60,0,75,-1,,0,7,0,3010704603
gym-e2-rv_momo_b.encounter,attack-only,54,Victory,9,0,9,72,6,50,0,100,-1,,0,6,0,1868528383
gym-e2-rv_momo_b.encounter,attack-only,55,Victory,8,0,8,64,9,100,0,62,-1,,0,4,0,2373292990
gym-e2-rv_momo_b.encounter,attack-only,56,Victory,8,0,8,64,14,60,0,87,-1,,0,5,0,2019752904
gym-e2-rv_momo_b.encounter,attack-only,57,Victory,7,0,7,56,9,60,0,100,-1,,0,4,0,815159295
gym-e2-rv_momo_b.encounter,attack-only,58,Victory,9,0,9,72,13,40,0,77,-1,,0,6,0,4048411228
gym-e2-rv_momo_b.encounter,attack-only,59,Defeat,6,0,6,48,10,0,1,150,-1,,0,7,0,1691885253
gym-e2-rv_momo_b.encounter,attack-only,60,Defeat,7,0,7,56,11,0,1,128,-1,,0,6,0,1767098085
gym-e2-rv_momo_b.encounter,attack-only,61,Victory,7,0,7,56,7,80,0,100,-1,,0,4,0,1636136711
gym-e2-rv_momo_b.encounter,attack-only,62,Victory,8,0,8,64,6,110,0,87,-1,,0,6,0,3911419848
gym-e2-rv_momo_b.encounter,attack-only,63,Victory,8,0,8,64,6,80,0,100,-1,,0,6,0,2820335774
gym-e2-rv_momo_b.encounter,attack-only,64,Victory,8,0,8,64,9,80,0,87,-1,,0,5,0,1120948858
gym-e2-rv_momo_b.encounter,attack-only,65,Victory,8,0,8,64,7,80,0,87,-1,,0,7,0,3364545108
gym-e2-rv_momo_b.encounter,attack-only,66,Victory,8,0,8,64,11,110,0,87,-1,,0,5,0,3421136050
gym-e2-rv_momo_b.encounter,attack-only,67,Victory,7,0,7,56,8,60,0,100,-1,,0,4,0,4089523202
gym-e2-rv_momo_b.encounter,attack-only,68,Defeat,10,0,10,80,15,0,1,100,-1,,0,7,0,1561202357
gym-e2-rv_momo_b.encounter,attack-only,69,Victory,9,0,9,72,13,70,0,88,-1,,0,6,0,2302530437
gym-e2-rv_momo_b.encounter,attack-only,70,Victory,7,0,7,56,6,90,0,100,-1,,0,4,0,2815156564
gym-e2-rv_momo_b.encounter,attack-only,71,Victory,7,0,7,56,3,120,0,100,-1,,0,5,0,2199377556
gym-e2-rv_momo_b.encounter,attack-only,72,Victory,8,0,8,64,7,60,0,75,-1,,0,6,0,813216694
gym-e2-rv_momo_b.encounter,attack-only,73,Victory,7,0,7,56,5,100,0,85,-1,,0,4,0,1676820132
gym-e2-rv_momo_b.encounter,attack-only,74,Victory,8,0,8,64,15,20,0,112,-1,,0,7,0,1250930994
gym-e2-rv_momo_b.encounter,attack-only,75,Victory,9,0,9,72,9,60,0,88,-1,,0,6,0,1292879236
gym-e2-rv_momo_b.encounter,attack-only,76,Victory,8,0,8,64,10,120,0,62,-1,,0,5,0,3092531565
gym-e2-rv_momo_b.encounter,attack-only,77,Victory,7,0,7,56,8,60,0,100,-1,,0,4,0,4089523202
gym-e2-rv_momo_b.encounter,attack-only,78,Victory,7,0,7,56,5,80,0,100,-1,,0,5,0,241288977
gym-e2-rv_momo_b.encounter,attack-only,79,Victory,7,0,7,56,7,60,0,100,-1,,0,4,0,1501001693
gym-e2-rv_momo_b.encounter,attack-only,80,Victory,8,0,8,64,5,60,0,100,-1,,0,5,0,394598036
gym-e2-rv_momo_b.encounter,attack-only,81,Victory,9,0,9,72,9,80,0,100,-1,,0,7,0,3557462399
gym-e2-rv_momo_b.encounter,attack-only,82,Victory,7,0,7,56,8,60,0,100,-1,,0,4,0,4089523202
gym-e2-rv_momo_b.encounter,attack-only,83,Victory,7,0,7,56,5,100,0,100,-1,,0,4,0,700052311
gym-e2-rv_momo_b.encounter,attack-only,84,Victory,7,0,7,56,7,80,0,100,-1,,0,4,0,2154990466
gym-e2-rv_momo_b.encounter,attack-only,85,Victory,8,0,8,64,10,20,0,100,-1,,0,7,0,1335624305
gym-e2-rv_momo_b.encounter,attack-only,86,Victory,9,0,9,72,13,20,0,100,-1,,0,6,0,1660652298
gym-e2-rv_momo_b.encounter,attack-only,87,Victory,7,0,7,56,7,80,0,100,-1,,0,4,0,1644733797
gym-e2-rv_momo_b.encounter,attack-only,88,Defeat,6,0,6,48,11,0,1,150,-1,,0,7,0,3222485864
gym-e2-rv_momo_b.encounter,attack-only,89,Victory,8,0,8,64,12,40,0,100,-1,,0,5,0,910577435
gym-e2-rv_momo_b.encounter,attack-only,90,Victory,7,0,7,56,7,60,0,100,-1,,0,4,0,442930971
gym-e2-rv_momo_b.encounter,attack-only,91,Victory,7,0,7,56,8,60,0,100,-1,,0,4,0,4089523202
gym-e2-rv_momo_b.encounter,attack-only,92,Victory,7,0,7,56,8,60,0,100,-1,,0,4,0,4089523202
gym-e2-rv_momo_b.encounter,attack-only,93,Victory,9,0,9,72,9,20,0,88,-1,,0,6,0,526364381
gym-e2-rv_momo_b.encounter,attack-only,94,Victory,8,0,8,64,12,20,0,100,-1,,0,5,0,1111435079
gym-e2-rv_momo_b.encounter,attack-only,95,Victory,7,0,7,56,2,100,0,100,-1,,0,4,0,2282770433
gym-e2-rv_momo_b.encounter,attack-only,96,Victory,8,0,8,64,14,50,0,100,-1,,0,5,0,3601122787
gym-e2-rv_momo_b.encounter,attack-only,97,Victory,9,0,9,72,11,60,0,88,-1,,0,6,0,607070528
gym-e2-rv_momo_b.encounter,attack-only,98,Victory,7,0,7,56,5,60,0,100,-1,,0,4,0,1501001693
gym-e2-rv_momo_b.encounter,attack-only,99,Victory,7,0,7,56,7,80,0,100,-1,,0,4,0,2582789128
gym-e2-rv_momo_b.encounter,attack-only,100,Defeat,6,0,6,48,9,0,1,133,-1,,0,5,0,623227636
gym-e2-rv_momo_b.encounter,attack-only,101,Victory,9,0,9,72,16,40,0,88,-1,,0,6,0,2095597192
gym-e2-rv_momo_b.encounter,attack-only,102,Victory,7,0,7,56,9,60,0,100,-1,,0,4,0,1501001693
gym-e2-rv_momo_b.encounter,attack-only,103,Victory,8,0,8,64,12,20,0,100,-1,,0,5,0,1606514289
gym-e2-rv_momo_b.encounter,attack-only,104,Victory,7,0,7,56,8,100,0,85,-1,,0,4,0,2951424397
gym-e2-rv_momo_b.encounter,attack-only,105,Victory,7,0,7,56,9,60,0,100,-1,,0,4,0,3608184125
gym-e2-rv_momo_b.encounter,attack-only,106,Victory,7,0,7,56,8,120,0,71,-1,,0,5,0,1773811015
gym-e2-rv_momo_b.encounter,attack-only,107,Victory,8,0,8,64,11,70,0,100,-1,,0,5,0,4196526216
gym-e2-rv_momo_b.encounter,attack-only,108,Victory,8,0,8,64,10,20,0,100,-1,,0,5,0,3651105909
gym-e2-rv_momo_b.encounter,attack-only,109,Victory,7,0,7,56,7,80,0,100,-1,,0,6,0,810514998
gym-e2-rv_momo_b.encounter,attack-only,110,Victory,8,0,8,64,8,40,0,100,-1,,0,5,0,3184826678
gym-e2-rv_momo_b.encounter,attack-only,111,Defeat,9,0,9,72,26,0,1,111,-1,,0,6,0,3153908796
gym-e2-rv_momo_b.encounter,attack-only,112,Victory,7,0,7,56,8,60,0,100,-1,,0,4,0,4089523202
gym-e2-rv_momo_b.encounter,attack-only,113,Defeat,7,0,7,56,11,0,1,128,-1,,0,7,0,1870830218
gym-e2-rv_momo_b.encounter,attack-only,114,Defeat,7,0,7,56,10,0,2,157,-1,,0,8,0,4273675960
gym-e2-rv_momo_b.encounter,attack-only,115,Victory,8,0,8,64,10,60,0,75,-1,,0,6,0,1920188257
gym-e2-rv_momo_b.encounter,attack-only,116,Victory,8,0,8,64,8,40,0,100,-1,,0,5,0,1232698361
gym-e2-rv_momo_b.encounter,attack-only,117,Victory,7,0,7,56,7,60,0,100,-1,,0,4,0,442930971
gym-e2-rv_momo_b.encounter,attack-only,118,Victory,7,0,7,56,7,60,0,100,-1,,0,4,0,1501001693
gym-e2-rv_momo_b.encounter,attack-only,119,Victory,8,0,8,64,16,20,0,100,-1,,0,5,0,2209863297
gym-e2-rv_momo_b.encounter,attack-only,120,Victory,9,0,9,72,13,20,0,88,-1,,0,6,0,1219673117
gym-e2-rv_momo_b.encounter,attack-only,121,Victory,8,0,8,64,13,50,0,100,-1,,0,5,0,3895209516
gym-e2-rv_momo_b.encounter,attack-only,122,Victory,7,0,7,56,9,60,0,100,-1,,0,4,0,2003758681
gym-e2-rv_momo_b.encounter,attack-only,123,Victory,7,0,7,56,8,60,0,100,-1,,0,4,0,4089523202
gym-e2-rv_momo_b.encounter,attack-only,124,Victory,8,0,8,64,14,20,0,112,-1,,0,8,0,3644417282
gym-e2-rv_momo_b.encounter,attack-only,125,Victory,7,0,7,56,7,100,0,85,-1,,0,6,0,2458574752
gym-e2-rv_momo_b.encounter,attack-only,126,Victory,9,0,9,72,13,60,0,100,-1,,0,6,0,4105072380
gym-e2-rv_momo_b.encounter,attack-only,127,Victory,7,0,7,56,8,60,0,100,-1,,0,4,0,4089523202
gym-e2-rv_momo_b.encounter,attack-only,128,Victory,7,0,7,56,7,80,0,100,-1,,0,4,0,364775552
gym-e2-rv_momo_b.encounter,attack-only,129,Victory,7,0,7,56,7,60,0,100,-1,,0,4,0,442930971
gym-e2-rv_momo_b.encounter,attack-only,130,Victory,10,0,10,80,20,20,0,80,-1,,0,7,0,4100066821
gym-e2-rv_momo_b.encounter,attack-only,131,Victory,7,0,7,56,8,60,0,100,-1,,0,4,0,4089523202
gym-e2-rv_momo_b.encounter,attack-only,132,Victory,8,0,8,64,11,40,0,100,-1,,0,5,0,4107407961
gym-e2-rv_momo_b.encounter,attack-only,133,Defeat,8,0,8,64,9,0,1,112,-1,,0,5,0,474968264
gym-e2-rv_momo_b.encounter,attack-only,134,Victory,7,0,7,56,5,100,0,71,-1,,0,4,0,2905291331
gym-e2-rv_momo_b.encounter,attack-only,135,Victory,7,0,7,56,8,60,0,100,-1,,0,4,0,4089523202
gym-e2-rv_momo_b.encounter,attack-only,136,Victory,8,0,8,64,9,40,0,100,-1,,0,5,0,3113652495
gym-e2-rv_momo_b.encounter,attack-only,137,Defeat,7,0,7,56,11,0,1,128,-1,,0,8,0,163144346
gym-e2-rv_momo_b.encounter,attack-only,138,Victory,7,0,7,56,7,60,0,100,-1,,0,4,0,41297385
gym-e2-rv_momo_b.encounter,attack-only,139,Victory,7,0,7,56,8,60,0,100,-1,,0,4,0,4089523202
gym-e2-rv_momo_b.encounter,attack-only,140,Victory,7,0,7,56,7,80,0,100,-1,,0,5,0,2233024390
gym-e2-rv_momo_b.encounter,attack-only,141,Victory,7,0,7,56,9,80,0,100,-1,,0,5,0,3479391252
gym-e2-rv_momo_b.encounter,attack-only,142,Victory,9,0,9,72,12,20,0,100,-1,,0,8,0,1085570156
gym-e2-rv_momo_b.encounter,attack-only,143,Victory,7,0,7,56,4,80,0,100,-1,,0,4,0,418961231
gym-e2-rv_momo_b.encounter,attack-only,144,Victory,7,0,7,56,8,90,0,100,-1,,0,4,0,1828953538
gym-e2-rv_momo_b.encounter,attack-only,145,Victory,7,0,7,56,8,60,0,100,-1,,0,4,0,4089523202
gym-e2-rv_momo_b.encounter,attack-only,146,Victory,8,0,8,64,14,80,0,100,-1,,0,5,0,3371035029
gym-e2-rv_momo_b.encounter,attack-only,147,Defeat,8,0,8,64,13,0,1,112,-1,,0,5,0,3433699229
gym-e2-rv_momo_b.encounter,attack-only,148,Victory,7,0,7,56,10,60,0,100,-1,,0,7,0,1204857473
gym-e2-rv_momo_b.encounter,attack-only,149,Victory,9,0,9,72,11,20,0,100,-1,,0,8,0,925752161
gym-e2-rv_momo_b.encounter,attack-only,150,Victory,10,0,10,80,14,30,0,90,-1,,0,8,0,3568667446
gym-e2-rv_momo_b.encounter,attack-only,151,Victory,8,0,8,64,11,60,0,87,-1,,0,5,0,910399185
gym-e2-rv_momo_b.encounter,attack-only,152,Victory,8,0,8,64,7,40,0,100,-1,,0,5,0,4246003186
gym-e2-rv_momo_b.encounter,attack-only,153,Victory,7,0,7,56,7,60,0,100,-1,,0,4,0,4039271103
gym-e2-rv_momo_b.encounter,attack-only,154,Victory,9,0,9,72,12,20,0,100,-1,,0,6,0,3428388065
gym-e2-rv_momo_b.encounter,attack-only,155,Victory,7,0,7,56,7,80,0,100,-1,,0,4,0,1644733797
gym-e2-rv_momo_b.encounter,attack-only,156,Victory,8,0,8,64,12,40,0,100,-1,,0,5,0,3184826678
gym-e2-rv_momo_b.encounter,attack-only,157,Defeat,8,0,8,64,12,0,1,112,-1,,0,7,0,3870870332
gym-e2-rv_momo_b.encounter,attack-only,158,Victory,7,0,7,56,8,60,0,100,-1,,0,4,0,4089523202
gym-e2-rv_momo_b.encounter,attack-only,159,Victory,7,0,7,56,8,60,0,100,-1,,0,4,0,4089523202
gym-e2-rv_momo_b.encounter,attack-only,160,Victory,8,0,8,64,11,40,0,100,-1,,0,5,0,199910130
gym-e2-rv_momo_b.encounter,attack-only,161,Defeat,7,0,7,56,7,0,1,128,-1,,0,6,0,1364232586
gym-e2-rv_momo_b.encounter,attack-only,162,Victory,7,0,7,56,7,110,0,100,-1,,0,6,0,2967835930
gym-e2-rv_momo_b.encounter,attack-only,163,Victory,7,0,7,56,8,60,0,100,-1,,0,4,0,4089523202
gym-e2-rv_momo_b.encounter,attack-only,164,Victory,8,0,8,64,6,40,0,112,-1,,0,7,0,3211648386
gym-e2-rv_momo_b.encounter,attack-only,165,Victory,7,0,7,56,8,60,0,100,-1,,0,4,0,4089523202
gym-e2-rv_momo_b.encounter,attack-only,166,Victory,8,0,8,64,4,60,0,112,-1,,0,8,0,3844863426
gym-e2-rv_momo_b.encounter,attack-only,167,Victory,7,0,7,56,5,80,0,100,-1,,0,4,0,1636136711
gym-e2-rv_momo_b.encounter,attack-only,168,Victory,8,0,8,64,10,50,0,100,-1,,0,5,0,795221943
gym-e2-rv_momo_b.encounter,attack-only,169,Victory,8,0,8,64,11,20,0,100,-1,,0,8,0,188350117
gym-e2-rv_momo_b.encounter,attack-only,170,Victory,7,0,7,56,7,100,0,71,-1,,0,4,0,1950932437
gym-e2-rv_momo_b.encounter,attack-only,171,Victory,8,0,8,64,9,60,0,87,-1,,0,5,0,2382907765
gym-e2-rv_momo_b.encounter,attack-only,172,Victory,7,0,7,56,3,100,0,100,-1,,0,6,0,2178982395
gym-e2-rv_momo_b.encounter,attack-only,173,Victory,7,0,7,56,9,90,0,100,-1,,0,4,0,2754934667
gym-e2-rv_momo_b.encounter,attack-only,174,Victory,7,0,7,56,9,60,0,100,-1,,0,4,0,3505701147
gym-e2-rv_momo_b.encounter,attack-only,175,Defeat,7,0,7,56,16,0,1,128,-1,,0,8,0,2089629934
gym-e2-rv_momo_b.encounter,attack-only,176,Victory,7,0,7,56,8,60,0,100,-1,,0,4,0,3502545858
gym-e2-rv_momo_b.encounter,attack-only,177,Victory,7,0,7,56,8,60,0,100,-1,,0,4,0,4089523202
gym-e2-rv_momo_b.encounter,attack-only,178,Defeat,8,0,8,64,13,0,1,112,-1,,0,5,0,3611698115
gym-e2-rv_momo_b.encounter,attack-only,179,Victory,9,0,9,72,15,40,0,88,-1,,0,7,0,308479689
gym-e2-rv_momo_b.encounter,attack-only,180,Defeat,8,0,8,64,11,0,1,112,-1,,0,8,0,31559744
gym-e2-rv_momo_b.encounter,attack-only,181,Victory,7,0,7,56,6,60,0,100,-1,,0,4,0,4089523202
gym-e2-rv_momo_b.encounter,attack-only,182,Victory,7,0,7,56,9,60,0,100,-1,,0,4,0,899938059
gym-e2-rv_momo_b.encounter,attack-only,183,Victory,7,0,7,56,8,60,0,100,-1,,0,4,0,3439676086
gym-e2-rv_momo_b.encounter,attack-only,184,Victory,7,0,7,56,6,90,0,100,-1,,0,4,0,2815156564
gym-e2-rv_momo_b.encounter,attack-only,185,Victory,8,0,8,64,11,60,0,87,-1,,0,5,0,3154859015
gym-e2-rv_momo_b.encounter,attack-only,186,Victory,9,0,9,72,15,70,0,88,-1,,0,6,0,844984498
gym-e2-rv_momo_b.encounter,attack-only,187,Victory,7,0,7,56,8,60,0,100,-1,,0,4,0,4089523202
gym-e2-rv_momo_b.encounter,attack-only,188,Victory,9,0,9,72,16,40,0,88,-1,,0,7,0,2285729986
gym-e2-rv_momo_b.encounter,attack-only,189,Defeat,8,0,8,64,14,0,1,100,-1,,0,9,0,3060214919
gym-e2-rv_momo_b.encounter,attack-only,190,Victory,7,0,7,56,7,80,0,100,-1,,0,4,0,2505597922
gym-e2-rv_momo_b.encounter,attack-only,191,Victory,9,0,9,72,7,50,0,100,-1,,0,8,0,282240380
gym-e2-rv_momo_b.encounter,attack-only,192,Defeat,7,0,7,56,8,0,1,128,-1,,0,7,0,1294911374
gym-e2-rv_momo_b.encounter,attack-only,193,Victory,10,0,10,80,21,10,0,90,-1,,0,7,0,3450114929
gym-e2-rv_momo_b.encounter,attack-only,194,Defeat,8,0,8,64,10,0,1,125,-1,,0,8,0,1568460543
gym-e2-rv_momo_b.encounter,attack-only,195,Victory,7,0,7,56,8,60,0,100,-1,,0,4,0,4089523202
gym-e2-rv_momo_b.encounter,attack-only,196,Victory,8,0,8,64,13,60,0,75,-1,,0,6,0,2734136407
gym-e2-rv_momo_b.encounter,attack-only,197,Victory,7,0,7,56,7,60,0,100,-1,,0,4,0,1501001693
gym-e2-rv_momo_b.encounter,attack-only,198,Defeat,7,0,7,56,9,0,1,128,-1,,0,7,0,3953907054
gym-e2-rv_momo_b.encounter,attack-only,199,Victory,8,0,8,64,18,20,0,100,-1,,0,8,0,699906452
gym-e2-rv_momo_b.encounter,attack-only,200,Victory,7,0,7,56,6,100,0,71,-1,,0,4,0,2824649422
gym-e2-rv_momo_b.encounter,push-instrument,1,Victory,7,0,7,56,8,80,0,100,-1,,0,5,0,1584198798
gym-e2-rv_momo_b.encounter,push-instrument,2,Victory,7,0,7,56,7,80,0,100,-1,,0,4,0,3773647618
gym-e2-rv_momo_b.encounter,push-instrument,3,Defeat,6,0,6,48,10,0,2,166,-1,,0,6,0,1347170635
gym-e2-rv_momo_b.encounter,push-instrument,4,Defeat,7,0,7,56,6,0,2,157,-1,,0,8,0,3192971741
gym-e2-rv_momo_b.encounter,push-instrument,5,Victory,8,0,8,64,10,80,0,87,-1,,0,6,0,1960210496
gym-e2-rv_momo_b.encounter,push-instrument,6,Defeat,7,0,7,56,12,0,2,142,-1,,0,7,0,205915732
gym-e2-rv_momo_b.encounter,push-instrument,7,Victory,7,0,7,56,7,80,0,100,-1,,0,4,0,2275417530
gym-e2-rv_momo_b.encounter,push-instrument,8,Victory,7,0,7,56,6,90,0,100,-1,,0,4,0,2815156564
gym-e2-rv_momo_b.encounter,push-instrument,9,Defeat,8,0,8,64,15,0,2,150,-1,,0,9,0,1029145150
gym-e2-rv_momo_b.encounter,push-instrument,10,Defeat,6,0,6,48,4,0,2,183,-1,,0,6,0,1194999046
gym-e2-rv_momo_b.encounter,push-instrument,11,Victory,7,0,7,56,8,60,0,100,-1,,0,4,0,4089523202
gym-e2-rv_momo_b.encounter,push-instrument,12,Victory,7,0,7,56,8,60,0,100,-1,,0,4,0,4089523202
gym-e2-rv_momo_b.encounter,push-instrument,13,Victory,7,0,7,56,5,80,0,100,-1,,0,4,0,1908169185
gym-e2-rv_momo_b.encounter,push-instrument,14,Victory,8,0,8,64,9,50,0,100,-1,,0,5,0,2685457875
gym-e2-rv_momo_b.encounter,push-instrument,15,Victory,8,0,8,64,17,20,0,100,-1,,0,5,0,918843678
gym-e2-rv_momo_b.encounter,push-instrument,16,Victory,9,0,9,72,15,20,0,88,-1,,0,6,0,4136560667
gym-e2-rv_momo_b.encounter,push-instrument,17,Victory,7,0,7,56,6,60,0,100,-1,,0,4,0,2312005618
gym-e2-rv_momo_b.encounter,push-instrument,18,Victory,7,0,7,56,8,60,0,100,-1,,0,4,0,4089523202
gym-e2-rv_momo_b.encounter,push-instrument,19,Victory,7,0,7,56,7,60,0,100,-1,,0,4,0,3018748642
gym-e2-rv_momo_b.encounter,push-instrument,20,Defeat,6,0,6,48,9,0,2,150,-1,,0,5,0,3913723433
gym-e2-rv_momo_b.encounter,push-instrument,21,Victory,7,0,7,56,5,80,0,100,-1,,0,4,0,2789852414
gym-e2-rv_momo_b.encounter,push-instrument,22,Victory,8,0,8,64,8,20,0,100,-1,,0,5,0,1815573921
gym-e2-rv_momo_b.encounter,push-instrument,23,Victory,9,0,9,72,12,40,0,88,-1,,0,7,0,3317146633
gym-e2-rv_momo_b.encounter,push-instrument,24,Defeat,6,0,6,48,10,0,2,166,-1,,0,7,0,3925009657
gym-e2-rv_momo_b.encounter,push-instrument,25,Victory,7,0,7,56,7,80,0,100,-1,,0,4,0,3068614066
gym-e2-rv_momo_b.encounter,push-instrument,26,Victory,8,0,8,64,8,20,0,100,-1,,0,5,0,3108456755
gym-e2-rv_momo_b.encounter,push-instrument,27,Victory,7,0,7,56,7,60,0,100,-1,,0,4,0,41297385
gym-e2-rv_momo_b.encounter,push-instrument,28,Defeat,8,0,8,64,14,0,1,112,-1,,0,5,0,567381795
gym-e2-rv_momo_b.encounter,push-instrument,29,Defeat,7,0,7,56,8,0,2,157,-1,,0,7,0,1628530648
gym-e2-rv_momo_b.encounter,push-instrument,30,Defeat,7,0,7,56,9,0,2,142,-1,,0,8,0,515041386
gym-e2-rv_momo_b.encounter,push-instrument,31,Defeat,6,0,6,48,8,0,2,133,-1,,0,6,0,3718473003
gym-e2-rv_momo_b.encounter,push-instrument,32,Defeat,8,0,8,64,15,0,2,137,-1,,0,10,0,3811516795
gym-e2-rv_momo_b.encounter,push-instrument,33,Victory,8,0,8,64,14,20,0,100,-1,,0,5,0,1776019717
gym-e2-rv_momo_b.encounter,push-instrument,34,Defeat,6,0,6,48,5,0,2,166,-1,,0,7,0,1918928563
gym-e2-rv_momo_b.encounter,push-instrument,35,Victory,7,0,7,56,9,60,0,100,-1,,0,4,0,2291629453
gym-e2-rv_momo_b.encounter,push-instrument,36,Victory,8,0,8,64,11,60,0,87,-1,,0,5,0,3154859015
gym-e2-rv_momo_b.encounter,push-instrument,37,Victory,7,0,7,56,8,100,0,85,-1,,0,4,0,1718801967
gym-e2-rv_momo_b.encounter,push-instrument,38,Defeat,7,0,7,56,2,0,2,185,-1,,0,8,0,3381762506
gym-e2-rv_momo_b.encounter,push-instrument,39,Defeat,6,0,6,48,6,0,2,166,-1,,0,6,0,3862161940
gym-e2-rv_momo_b.encounter,push-instrument,40,Victory,7,0,7,56,6,60,0,100,-1,,0,4,0,4089523202
gym-e2-rv_momo_b.encounter,push-instrument,41,Defeat,7,0,7,56,13,0,2,157,-1,,0,6,0,2915161676
gym-e2-rv_momo_b.encounter,push-instrument,42,Victory,7,0,7,56,8,60,0,100,-1,,0,4,0,4089523202
gym-e2-rv_momo_b.encounter,push-instrument,43,Victory,7,0,7,56,6,60,0,100,-1,,0,4,0,4089523202
gym-e2-rv_momo_b.encounter,push-instrument,44,Defeat,7,0,7,56,12,0,2,142,-1,,0,6,0,1455565627
gym-e2-rv_momo_b.encounter,push-instrument,45,Defeat,6,0,6,48,9,0,2,183,-1,,0,6,0,1648219276
gym-e2-rv_momo_b.encounter,push-instrument,46,Defeat,7,0,7,56,8,0,1,128,-1,,0,8,0,1030349098
gym-e2-rv_momo_b.encounter,push-instrument,47,Victory,7,0,7,56,8,60,0,100,-1,,0,4,0,4089523202
gym-e2-rv_momo_b.encounter,push-instrument,48,Victory,7,0,7,56,8,60,0,100,-1,,0,4,0,4089523202
gym-e2-rv_momo_b.encounter,push-instrument,49,Victory,7,0,7,56,7,60,0,100,-1,,0,4,0,1501001693
gym-e2-rv_momo_b.encounter,push-instrument,50,Victory,7,0,7,56,5,110,0,100,-1,,0,4,0,1921862676
gym-e2-rv_momo_b.encounter,push-instrument,51,Defeat,8,0,8,64,14,0,1,112,-1,,0,9,0,3654857922
gym-e2-rv_momo_b.encounter,push-instrument,52,Victory,7,0,7,56,8,90,0,100,-1,,0,4,0,1446821648
gym-e2-rv_momo_b.encounter,push-instrument,53,Defeat,7,0,7,56,4,0,2,142,-1,,0,6,0,49575106
gym-e2-rv_momo_b.encounter,push-instrument,54,Victory,9,0,9,72,6,50,0,100,-1,,0,6,0,1868528383
gym-e2-rv_momo_b.encounter,push-instrument,55,Defeat,6,0,6,48,9,0,2,150,-1,,0,5,0,2491311087
gym-e2-rv_momo_b.encounter,push-instrument,56,Victory,8,0,8,64,14,60,0,87,-1,,0,5,0,2019752904
gym-e2-rv_momo_b.encounter,push-instrument,57,Victory,7,0,7,56,9,60,0,100,-1,,0,4,0,815159295
gym-e2-rv_momo_b.encounter,push-instrument,58,Victory,9,0,9,72,13,40,0,77,-1,,0,6,0,4048411228
gym-e2-rv_momo_b.encounter,push-instrument,59,Defeat,6,0,6,48,8,0,1,150,-1,,0,7,0,1534225735
gym-e2-rv_momo_b.encounter,push-instrument,60,Defeat,6,0,6,48,10,0,2,166,-1,,0,6,0,2754363547
gym-e2-rv_momo_b.encounter,push-instrument,61,Victory,7,0,7,56,7,80,0,100,-1,,0,4,0,1636136711
gym-e2-rv_momo_b.encounter,push-instrument,62,Victory,8,0,8,64,6,110,0,87,-1,,0,6,0,3911419848
gym-e2-rv_momo_b.encounter,push-instrument,63,Victory,8,0,8,64,6,80,0,100,-1,,0,6,0,2820335774
gym-e2-rv_momo_b.encounter,push-instrument,64,Defeat,7,0,7,56,9,0,1,128,-1,,0,6,0,3141049864
gym-e2-rv_momo_b.encounter,push-instrument,65,Victory,8,0,8,64,7,80,0,87,-1,,0,7,0,3364545108
gym-e2-rv_momo_b.encounter,push-instrument,66,Victory,8,0,8,64,11,110,0,87,-1,,0,5,0,3421136050
gym-e2-rv_momo_b.encounter,push-instrument,67,Victory,7,0,7,56,8,60,0,100,-1,,0,4,0,4089523202
gym-e2-rv_momo_b.encounter,push-instrument,68,Defeat,10,0,10,80,15,0,1,100,-1,,0,7,0,1561202357
gym-e2-rv_momo_b.encounter,push-instrument,69,Victory,9,0,9,72,13,70,0,88,-1,,0,6,0,2302530437
gym-e2-rv_momo_b.encounter,push-instrument,70,Victory,7,0,7,56,6,90,0,100,-1,,0,4,0,2815156564
gym-e2-rv_momo_b.encounter,push-instrument,71,Defeat,6,0,6,48,2,0,2,166,-1,,0,6,0,777712092
gym-e2-rv_momo_b.encounter,push-instrument,72,Victory,8,0,8,64,7,60,0,75,-1,,0,6,0,813216694
gym-e2-rv_momo_b.encounter,push-instrument,73,Victory,7,0,7,56,5,100,0,85,-1,,0,4,0,1676820132
gym-e2-rv_momo_b.encounter,push-instrument,74,Defeat,7,0,7,56,10,0,2,171,-1,,0,8,0,1097325559
gym-e2-rv_momo_b.encounter,push-instrument,75,Victory,9,0,9,72,9,60,0,88,-1,,0,6,0,1292879236
gym-e2-rv_momo_b.encounter,push-instrument,76,Victory,8,0,8,64,10,120,0,62,-1,,0,5,0,3092531565
gym-e2-rv_momo_b.encounter,push-instrument,77,Victory,7,0,7,56,8,60,0,100,-1,,0,4,0,4089523202
gym-e2-rv_momo_b.encounter,push-instrument,78,Victory,7,0,7,56,5,80,0,100,-1,,0,5,0,241288977
gym-e2-rv_momo_b.encounter,push-instrument,79,Victory,7,0,7,56,7,60,0,100,-1,,0,4,0,1501001693
gym-e2-rv_momo_b.encounter,push-instrument,80,Victory,8,0,8,64,5,60,0,100,-1,,0,5,0,394598036
gym-e2-rv_momo_b.encounter,push-instrument,81,Victory,9,0,9,72,9,80,0,100,-1,,0,7,0,3557462399
gym-e2-rv_momo_b.encounter,push-instrument,82,Victory,7,0,7,56,8,60,0,100,-1,,0,4,0,4089523202
gym-e2-rv_momo_b.encounter,push-instrument,83,Victory,7,0,7,56,5,100,0,100,-1,,0,4,0,700052311
gym-e2-rv_momo_b.encounter,push-instrument,84,Victory,7,0,7,56,7,80,0,100,-1,,0,4,0,2154990466
gym-e2-rv_momo_b.encounter,push-instrument,85,Defeat,8,0,8,64,9,0,2,150,-1,,0,10,0,682637632
gym-e2-rv_momo_b.encounter,push-instrument,86,Victory,9,0,9,72,13,20,0,100,-1,,0,6,0,1660652298
gym-e2-rv_momo_b.encounter,push-instrument,87,Defeat,6,0,6,48,7,0,2,166,-1,,0,5,0,3827093551
gym-e2-rv_momo_b.encounter,push-instrument,88,Defeat,6,0,6,48,11,0,1,150,-1,,0,7,0,3222485864
gym-e2-rv_momo_b.encounter,push-instrument,89,Defeat,7,0,7,56,12,0,2,157,-1,,0,6,0,651596654
gym-e2-rv_momo_b.encounter,push-instrument,90,Victory,7,0,7,56,7,60,0,100,-1,,0,4,0,442930971
gym-e2-rv_momo_b.encounter,push-instrument,91,Victory,7,0,7,56,8,60,0,100,-1,,0,4,0,4089523202
gym-e2-rv_momo_b.encounter,push-instrument,92,Victory,7,0,7,56,8,60,0,100,-1,,0,4,0,4089523202
gym-e2-rv_momo_b.encounter,push-instrument,93,Victory,9,0,9,72,9,20,0,88,-1,,0,6,0,526364381
gym-e2-rv_momo_b.encounter,push-instrument,94,Victory,8,0,8,64,12,20,0,100,-1,,0,5,0,1111435079
gym-e2-rv_momo_b.encounter,push-instrument,95,Defeat,7,0,7,56,3,0,2,171,-1,,0,8,0,3066343312
gym-e2-rv_momo_b.encounter,push-instrument,96,Victory,8,0,8,64,14,50,0,100,-1,,0,5,0,3601122787
gym-e2-rv_momo_b.encounter,push-instrument,97,Victory,9,0,9,72,11,60,0,88,-1,,0,6,0,607070528
gym-e2-rv_momo_b.encounter,push-instrument,98,Victory,7,0,7,56,5,60,0,100,-1,,0,4,0,1501001693
gym-e2-rv_momo_b.encounter,push-instrument,99,Victory,7,0,7,56,7,80,0,100,-1,,0,4,0,2582789128
gym-e2-rv_momo_b.encounter,push-instrument,100,Defeat,7,0,7,56,10,0,2,128,-1,,0,7,0,2288904923
gym-e2-rv_momo_b.encounter,push-instrument,101,Victory,9,0,9,72,16,40,0,88,-1,,0,6,0,2095597192
gym-e2-rv_momo_b.encounter,push-instrument,102,Victory,7,0,7,56,9,60,0,100,-1,,0,4,0,1501001693
gym-e2-rv_momo_b.encounter,push-instrument,103,Victory,8,0,8,64,12,20,0,100,-1,,0,5,0,1606514289
gym-e2-rv_momo_b.encounter,push-instrument,104,Victory,7,0,7,56,8,100,0,85,-1,,0,4,0,2951424397
gym-e2-rv_momo_b.encounter,push-instrument,105,Victory,7,0,7,56,9,60,0,100,-1,,0,4,0,3608184125
gym-e2-rv_momo_b.encounter,push-instrument,106,Defeat,8,0,8,64,9,0,2,125,-1,,0,9,0,3604501329
gym-e2-rv_momo_b.encounter,push-instrument,107,Defeat,6,0,6,48,9,0,2,150,-1,,0,4,0,2437167761
gym-e2-rv_momo_b.encounter,push-instrument,108,Victory,8,0,8,64,10,20,0,100,-1,,0,5,0,3651105909
gym-e2-rv_momo_b.encounter,push-instrument,109,Defeat,6,0,6,48,6,0,2,150,-1,,0,6,0,596430132
gym-e2-rv_momo_b.encounter,push-instrument,110,Victory,8,0,8,64,8,40,0,100,-1,,0,5,0,3184826678
gym-e2-rv_momo_b.encounter,push-instrument,111,Defeat,9,0,9,72,26,0,1,111,-1,,0,6,0,3153908796
gym-e2-rv_momo_b.encounter,push-instrument,112,Victory,7,0,7,56,8,60,0,100,-1,,0,4,0,4089523202
gym-e2-rv_momo_b.encounter,push-instrument,113,Defeat,7,0,7,56,11,0,1,128,-1,,0,7,0,1870830218
gym-e2-rv_momo_b.encounter,push-instrument,114,Defeat,6,0,6,48,4,0,2,166,-1,,0,6,0,3333621367
gym-e2-rv_momo_b.encounter,push-instrument,115,Defeat,6,0,6,48,10,0,1,133,-1,,0,5,0,1885054718
gym-e2-rv_momo_b.encounter,push-instrument,116,Victory,8,0,8,64,8,40,0,100,-1,,0,5,0,1232698361
gym-e2-rv_momo_b.encounter,push-instrument,117,Victory,7,0,7,56,7,60,0,100,-1,,0,4,0,442930971
gym-e2-rv_momo_b.encounter,push-instrument,118,Victory,7,0,7,56,7,60,0,100,-1,,0,4,0,1501001693
gym-e2-rv_momo_b.encounter,push-instrument,119,Victory,8,0,8,64,16,20,0,100,-1,,0,5,0,2209863297
gym-e2-rv_momo_b.encounter,push-instrument,120,Victory,9,0,9,72,13,20,0,88,-1,,0,6,0,1219673117
gym-e2-rv_momo_b.encounter,push-instrument,121,Victory,8,0,8,64,13,50,0,100,-1,,0,5,0,3895209516
gym-e2-rv_momo_b.encounter,push-instrument,122,Victory,7,0,7,56,9,60,0,100,-1,,0,4,0,2003758681
gym-e2-rv_momo_b.encounter,push-instrument,123,Victory,7,0,7,56,8,60,0,100,-1,,0,4,0,4089523202
gym-e2-rv_momo_b.encounter,push-instrument,124,Defeat,7,0,7,56,12,0,2,157,-1,,0,8,0,2437775954
gym-e2-rv_momo_b.encounter,push-instrument,125,Defeat,6,0,6,48,6,0,2,150,-1,,0,7,0,1246584222
gym-e2-rv_momo_b.encounter,push-instrument,126,Victory,9,0,9,72,13,60,0,100,-1,,0,6,0,4105072380
gym-e2-rv_momo_b.encounter,push-instrument,127,Victory,7,0,7,56,8,60,0,100,-1,,0,4,0,4089523202
gym-e2-rv_momo_b.encounter,push-instrument,128,Victory,7,0,7,56,7,80,0,100,-1,,0,4,0,364775552
gym-e2-rv_momo_b.encounter,push-instrument,129,Victory,7,0,7,56,7,60,0,100,-1,,0,4,0,442930971
gym-e2-rv_momo_b.encounter,push-instrument,130,Victory,10,0,10,80,20,20,0,80,-1,,0,7,0,4100066821
gym-e2-rv_momo_b.encounter,push-instrument,131,Victory,7,0,7,56,8,60,0,100,-1,,0,4,0,4089523202
gym-e2-rv_momo_b.encounter,push-instrument,132,Victory,8,0,8,64,11,40,0,100,-1,,0,5,0,4107407961
gym-e2-rv_momo_b.encounter,push-instrument,133,Defeat,8,0,8,64,9,0,1,112,-1,,0,5,0,474968264
gym-e2-rv_momo_b.encounter,push-instrument,134,Victory,7,0,7,56,5,100,0,71,-1,,0,4,0,2905291331
gym-e2-rv_momo_b.encounter,push-instrument,135,Victory,7,0,7,56,8,60,0,100,-1,,0,4,0,4089523202
gym-e2-rv_momo_b.encounter,push-instrument,136,Victory,8,0,8,64,9,40,0,100,-1,,0,5,0,3113652495
gym-e2-rv_momo_b.encounter,push-instrument,137,Defeat,6,0,6,48,10,0,2,150,-1,,0,7,0,992565866
gym-e2-rv_momo_b.encounter,push-instrument,138,Victory,7,0,7,56,7,60,0,100,-1,,0,4,0,41297385
gym-e2-rv_momo_b.encounter,push-instrument,139,Victory,7,0,7,56,8,60,0,100,-1,,0,4,0,4089523202
gym-e2-rv_momo_b.encounter,push-instrument,140,Defeat,6,0,6,48,5,0,2,166,-1,,0,6,0,2595899425
gym-e2-rv_momo_b.encounter,push-instrument,141,Defeat,6,0,6,48,8,0,2,150,-1,,0,5,0,2623574422
gym-e2-rv_momo_b.encounter,push-instrument,142,Defeat,7,0,7,56,11,0,2,142,-1,,0,7,0,892608224
gym-e2-rv_momo_b.encounter,push-instrument,143,Victory,7,0,7,56,4,80,0,100,-1,,0,4,0,418961231
gym-e2-rv_momo_b.encounter,push-instrument,144,Victory,7,0,7,56,8,90,0,100,-1,,0,4,0,1828953538
gym-e2-rv_momo_b.encounter,push-instrument,145,Victory,7,0,7,56,8,60,0,100,-1,,0,4,0,4089523202
gym-e2-rv_momo_b.encounter,push-instrument,146,Victory,8,0,8,64,14,80,0,100,-1,,0,5,0,3371035029
gym-e2-rv_momo_b.encounter,push-instrument,147,Defeat,8,0,8,64,13,0,1,112,-1,,0,5,0,3433699229
gym-e2-rv_momo_b.encounter,push-instrument,148,Defeat,6,0,6,48,8,0,2,150,-1,,0,7,0,1223858350
gym-e2-rv_momo_b.encounter,push-instrument,149,Defeat,7,0,7,56,8,0,2,157,-1,,0,8,0,690221694
gym-e2-rv_momo_b.encounter,push-instrument,150,Victory,10,0,10,80,14,30,0,90,-1,,0,8,0,3568667446
gym-e2-rv_momo_b.encounter,push-instrument,151,Victory,8,0,8,64,11,60,0,87,-1,,0,5,0,910399185
gym-e2-rv_momo_b.encounter,push-instrument,152,Victory,8,0,8,64,7,40,0,100,-1,,0,5,0,4246003186
gym-e2-rv_momo_b.encounter,push-instrument,153,Victory,7,0,7,56,7,60,0,100,-1,,0,4,0,4039271103
gym-e2-rv_momo_b.encounter,push-instrument,154,Defeat,8,0,8,64,12,0,1,150,-1,,0,6,0,1549189577
gym-e2-rv_momo_b.encounter,push-instrument,155,Defeat,7,0,7,56,11,0,1,142,-1,,0,7,0,248962544
gym-e2-rv_momo_b.encounter,push-instrument,156,Victory,8,0,8,64,12,40,0,100,-1,,0,5,0,3184826678
gym-e2-rv_momo_b.encounter,push-instrument,157,Defeat,7,0,7,56,10,0,2,157,-1,,0,8,0,2107606690
gym-e2-rv_momo_b.encounter,push-instrument,158,Victory,7,0,7,56,8,60,0,100,-1,,0,4,0,4089523202
gym-e2-rv_momo_b.encounter,push-instrument,159,Victory,7,0,7,56,8,60,0,100,-1,,0,4,0,4089523202
gym-e2-rv_momo_b.encounter,push-instrument,160,Defeat,6,0,6,48,9,0,2,183,-1,,0,6,0,3168533790
gym-e2-rv_momo_b.encounter,push-instrument,161,Victory,8,0,8,64,7,20,0,112,-1,,0,7,0,2742389416
gym-e2-rv_momo_b.encounter,push-instrument,162,Defeat,7,0,7,56,6,0,2,157,-1,,0,8,0,1929735672
gym-e2-rv_momo_b.encounter,push-instrument,163,Victory,7,0,7,56,8,60,0,100,-1,,0,4,0,4089523202
gym-e2-rv_momo_b.encounter,push-instrument,164,Defeat,6,0,6,48,4,0,2,166,-1,,0,6,0,3846345352
gym-e2-rv_momo_b.encounter,push-instrument,165,Victory,7,0,7,56,8,60,0,100,-1,,0,4,0,4089523202
gym-e2-rv_momo_b.encounter,push-instrument,166,Defeat,6,0,6,48,4,0,2,166,-1,,0,7,0,2074674116
gym-e2-rv_momo_b.encounter,push-instrument,167,Victory,7,0,7,56,5,80,0,100,-1,,0,4,0,1636136711
gym-e2-rv_momo_b.encounter,push-instrument,168,Victory,8,0,8,64,10,50,0,100,-1,,0,5,0,795221943
gym-e2-rv_momo_b.encounter,push-instrument,169,Defeat,6,0,6,48,8,0,2,150,-1,,0,7,0,4010632657
gym-e2-rv_momo_b.encounter,push-instrument,170,Victory,7,0,7,56,7,100,0,71,-1,,0,4,0,1950932437
gym-e2-rv_momo_b.encounter,push-instrument,171,Victory,8,0,8,64,9,60,0,87,-1,,0,5,0,2382907765
gym-e2-rv_momo_b.encounter,push-instrument,172,Defeat,7,0,7,56,2,0,2,171,-1,,0,9,0,1322001075
gym-e2-rv_momo_b.encounter,push-instrument,173,Victory,7,0,7,56,9,90,0,100,-1,,0,4,0,2754934667
gym-e2-rv_momo_b.encounter,push-instrument,174,Victory,7,0,7,56,9,60,0,100,-1,,0,4,0,3505701147
gym-e2-rv_momo_b.encounter,push-instrument,175,Defeat,7,0,7,56,16,0,2,142,-1,,0,8,0,4220560937
gym-e2-rv_momo_b.encounter,push-instrument,176,Victory,7,0,7,56,8,60,0,100,-1,,0,4,0,3502545858
gym-e2-rv_momo_b.encounter,push-instrument,177,Victory,7,0,7,56,8,60,0,100,-1,,0,4,0,4089523202
gym-e2-rv_momo_b.encounter,push-instrument,178,Defeat,8,0,8,64,14,0,1,137,-1,,0,7,0,128453165
gym-e2-rv_momo_b.encounter,push-instrument,179,Defeat,7,0,7,56,8,0,2,157,-1,,0,7,0,864937283
gym-e2-rv_momo_b.encounter,push-instrument,180,Defeat,7,0,7,56,7,0,2,142,-1,,0,8,0,109211910
gym-e2-rv_momo_b.encounter,push-instrument,181,Victory,7,0,7,56,6,60,0,100,-1,,0,4,0,4089523202
gym-e2-rv_momo_b.encounter,push-instrument,182,Victory,7,0,7,56,9,60,0,100,-1,,0,4,0,899938059
gym-e2-rv_momo_b.encounter,push-instrument,183,Victory,7,0,7,56,8,60,0,100,-1,,0,4,0,3439676086
gym-e2-rv_momo_b.encounter,push-instrument,184,Victory,7,0,7,56,6,90,0,100,-1,,0,4,0,2815156564
gym-e2-rv_momo_b.encounter,push-instrument,185,Victory,8,0,8,64,11,60,0,87,-1,,0,5,0,3154859015
gym-e2-rv_momo_b.encounter,push-instrument,186,Victory,9,0,9,72,15,70,0,88,-1,,0,6,0,844984498
gym-e2-rv_momo_b.encounter,push-instrument,187,Victory,7,0,7,56,8,60,0,100,-1,,0,4,0,4089523202
gym-e2-rv_momo_b.encounter,push-instrument,188,Victory,9,0,9,72,16,40,0,88,-1,,0,7,0,2285729986
gym-e2-rv_momo_b.encounter,push-instrument,189,Defeat,8,0,8,64,11,0,1,112,-1,,0,10,0,3663940868
gym-e2-rv_momo_b.encounter,push-instrument,190,Victory,7,0,7,56,7,80,0,100,-1,,0,4,0,2505597922
gym-e2-rv_momo_b.encounter,push-instrument,191,Defeat,8,0,8,64,6,0,2,137,-1,,0,10,0,2774260924
gym-e2-rv_momo_b.encounter,push-instrument,192,Defeat,7,0,7,56,8,0,1,128,-1,,0,7,0,1294911374
gym-e2-rv_momo_b.encounter,push-instrument,193,Victory,10,0,10,80,21,10,0,90,-1,,0,7,0,3450114929
gym-e2-rv_momo_b.encounter,push-instrument,194,Defeat,8,0,8,64,10,0,1,125,-1,,0,8,0,1568460543
gym-e2-rv_momo_b.encounter,push-instrument,195,Victory,7,0,7,56,8,60,0,100,-1,,0,4,0,4089523202
gym-e2-rv_momo_b.encounter,push-instrument,196,Victory,8,0,8,64,13,60,0,75,-1,,0,6,0,2734136407
gym-e2-rv_momo_b.encounter,push-instrument,197,Victory,7,0,7,56,7,60,0,100,-1,,0,4,0,1501001693
gym-e2-rv_momo_b.encounter,push-instrument,198,Defeat,7,0,7,56,8,0,2,157,-1,,0,9,0,2048962193
gym-e2-rv_momo_b.encounter,push-instrument,199,Defeat,7,0,7,56,8,0,2,142,-1,,0,9,0,1214804769
gym-e2-rv_momo_b.encounter,push-instrument,200,Victory,7,0,7,56,6,100,0,71,-1,,0,4,0,2824649422
gym-e2-rv_momo_b.encounter,slow-instrument,1,Victory,7,0,7,56,8,80,0,100,-1,,0,5,0,1584198798
gym-e2-rv_momo_b.encounter,slow-instrument,2,Victory,7,0,7,56,7,80,0,100,-1,,0,4,0,3773647618
gym-e2-rv_momo_b.encounter,slow-instrument,3,Defeat,7,0,7,56,16,0,1,128,-1,,0,6,0,1844942871
gym-e2-rv_momo_b.encounter,slow-instrument,4,Victory,9,0,9,72,8,10,0,111,-1,,0,8,0,681986479
gym-e2-rv_momo_b.encounter,slow-instrument,5,Victory,8,0,8,64,10,80,0,87,-1,,0,6,0,1960210496
gym-e2-rv_momo_b.encounter,slow-instrument,6,Victory,8,0,8,64,14,20,0,100,-1,,0,7,0,1386868628
gym-e2-rv_momo_b.encounter,slow-instrument,7,Victory,7,0,7,56,7,80,0,100,-1,,0,4,0,2275417530
gym-e2-rv_momo_b.encounter,slow-instrument,8,Victory,7,0,7,56,6,90,0,100,-1,,0,4,0,2815156564
gym-e2-rv_momo_b.encounter,slow-instrument,9,Victory,10,0,10,80,18,30,0,100,-1,,0,9,0,780552166
gym-e2-rv_momo_b.encounter,slow-instrument,10,Victory,8,0,8,64,9,40,0,100,-1,,0,5,0,1994152224
gym-e2-rv_momo_b.encounter,slow-instrument,11,Victory,7,0,7,56,8,60,0,100,-1,,0,4,0,4089523202
gym-e2-rv_momo_b.encounter,slow-instrument,12,Victory,7,0,7,56,8,60,0,100,-1,,0,4,0,4089523202
gym-e2-rv_momo_b.encounter,slow-instrument,13,Victory,7,0,7,56,5,80,0,100,-1,,0,4,0,1908169185
gym-e2-rv_momo_b.encounter,slow-instrument,14,Victory,8,0,8,64,9,50,0,100,-1,,0,5,0,2685457875
gym-e2-rv_momo_b.encounter,slow-instrument,15,Victory,8,0,8,64,17,20,0,100,-1,,0,5,0,918843678
gym-e2-rv_momo_b.encounter,slow-instrument,16,Victory,9,0,9,72,15,20,0,88,-1,,0,6,0,4136560667
gym-e2-rv_momo_b.encounter,slow-instrument,17,Victory,7,0,7,56,6,60,0,100,-1,,0,4,0,2312005618
gym-e2-rv_momo_b.encounter,slow-instrument,18,Victory,7,0,7,56,8,60,0,100,-1,,0,4,0,4089523202
gym-e2-rv_momo_b.encounter,slow-instrument,19,Victory,7,0,7,56,7,60,0,100,-1,,0,4,0,3018748642
gym-e2-rv_momo_b.encounter,slow-instrument,20,Victory,8,0,8,64,12,60,0,75,-1,,0,4,0,3192543566
gym-e2-rv_momo_b.encounter,slow-instrument,21,Victory,7,0,7,56,5,80,0,100,-1,,0,4,0,2789852414
gym-e2-rv_momo_b.encounter,slow-instrument,22,Victory,8,0,8,64,8,20,0,100,-1,,0,5,0,1815573921
gym-e2-rv_momo_b.encounter,slow-instrument,23,Victory,9,0,9,72,12,40,0,88,-1,,0,7,0,3317146633
gym-e2-rv_momo_b.encounter,slow-instrument,24,Defeat,7,0,7,56,11,0,1,128,-1,,0,7,0,3434724373
gym-e2-rv_momo_b.encounter,slow-instrument,25,Victory,7,0,7,56,7,80,0,100,-1,,0,4,0,3068614066
gym-e2-rv_momo_b.encounter,slow-instrument,26,Victory,8,0,8,64,8,20,0,100,-1,,0,5,0,3108456755
gym-e2-rv_momo_b.encounter,slow-instrument,27,Victory,7,0,7,56,7,60,0,100,-1,,0,4,0,41297385
gym-e2-rv_momo_b.encounter,slow-instrument,28,Defeat,8,0,8,64,14,0,1,112,-1,,0,5,0,567381795
gym-e2-rv_momo_b.encounter,slow-instrument,29,Victory,7,0,7,56,9,80,0,100,-1,,0,5,0,810514998
gym-e2-rv_momo_b.encounter,slow-instrument,30,Victory,8,0,8,64,10,40,0,87,-1,,0,7,0,3551576522
gym-e2-rv_momo_b.encounter,slow-instrument,31,Defeat,6,0,6,48,10,0,2,133,-1,,0,6,0,416181431
gym-e2-rv_momo_b.encounter,slow-instrument,32,Defeat,7,0,7,56,15,0,2,142,-1,,0,8,0,2868062093
gym-e2-rv_momo_b.encounter,slow-instrument,33,Victory,8,0,8,64,14,20,0,100,-1,,0,5,0,1776019717
gym-e2-rv_momo_b.encounter,slow-instrument,34,Victory,8,0,8,64,8,40,0,100,-1,,0,7,0,4057723964
gym-e2-rv_momo_b.encounter,slow-instrument,35,Victory,7,0,7,56,9,60,0,100,-1,,0,4,0,2291629453
gym-e2-rv_momo_b.encounter,slow-instrument,36,Victory,8,0,8,64,11,60,0,87,-1,,0,5,0,3154859015
gym-e2-rv_momo_b.encounter,slow-instrument,37,Victory,7,0,7,56,8,100,0,85,-1,,0,4,0,1718801967
gym-e2-rv_momo_b.encounter,slow-instrument,38,Victory,8,0,8,64,6,80,0,100,-1,,0,5,0,1441858073
gym-e2-rv_momo_b.encounter,slow-instrument,39,Victory,7,0,7,56,7,80,0,114,-1,,0,6,0,1631461493
gym-e2-rv_momo_b.encounter,slow-instrument,40,Victory,7,0,7,56,6,60,0,100,-1,,0,4,0,4089523202
gym-e2-rv_momo_b.encounter,slow-instrument,41,Victory,8,0,8,64,13,70,0,100,-1,,0,5,0,1509526940
gym-e2-rv_momo_b.encounter,slow-instrument,42,Victory,7,0,7,56,8,60,0,100,-1,,0,4,0,4089523202
gym-e2-rv_momo_b.encounter,slow-instrument,43,Victory,7,0,7,56,6,60,0,100,-1,,0,4,0,4089523202
gym-e2-rv_momo_b.encounter,slow-instrument,44,Victory,9,0,9,72,13,10,0,88,-1,,0,8,0,3511205792
gym-e2-rv_momo_b.encounter,slow-instrument,45,Defeat,6,0,6,48,10,0,1,150,-1,,0,5,0,1261648618
gym-e2-rv_momo_b.encounter,slow-instrument,46,Victory,8,0,8,64,11,40,0,87,-1,,0,7,0,1161503695
gym-e2-rv_momo_b.encounter,slow-instrument,47,Victory,7,0,7,56,8,60,0,100,-1,,0,4,0,4089523202
gym-e2-rv_momo_b.encounter,slow-instrument,48,Victory,7,0,7,56,8,60,0,100,-1,,0,4,0,4089523202
gym-e2-rv_momo_b.encounter,slow-instrument,49,Victory,7,0,7,56,7,60,0,100,-1,,0,4,0,1501001693
gym-e2-rv_momo_b.encounter,slow-instrument,50,Victory,7,0,7,56,5,110,0,100,-1,,0,4,0,1921862676
gym-e2-rv_momo_b.encounter,slow-instrument,51,Defeat,8,0,8,64,14,0,1,112,-1,,0,9,0,3654857922
gym-e2-rv_momo_b.encounter,slow-instrument,52,Victory,7,0,7,56,8,90,0,100,-1,,0,4,0,1446821648
gym-e2-rv_momo_b.encounter,slow-instrument,53,Victory,8,0,8,64,6,60,0,75,-1,,0,7,0,3010704603
gym-e2-rv_momo_b.encounter,slow-instrument,54,Victory,9,0,9,72,6,50,0,100,-1,,0,6,0,1868528383
gym-e2-rv_momo_b.encounter,slow-instrument,55,Victory,8,0,8,64,9,100,0,62,-1,,0,4,0,2373292990
gym-e2-rv_momo_b.encounter,slow-instrument,56,Victory,8,0,8,64,14,60,0,87,-1,,0,5,0,2019752904
gym-e2-rv_momo_b.encounter,slow-instrument,57,Victory,7,0,7,56,9,60,0,100,-1,,0,4,0,815159295
gym-e2-rv_momo_b.encounter,slow-instrument,58,Victory,9,0,9,72,13,40,0,77,-1,,0,6,0,4048411228
gym-e2-rv_momo_b.encounter,slow-instrument,59,Defeat,6,0,6,48,10,0,1,150,-1,,0,7,0,1691885253
gym-e2-rv_momo_b.encounter,slow-instrument,60,Defeat,7,0,7,56,11,0,1,128,-1,,0,6,0,1767098085
gym-e2-rv_momo_b.encounter,slow-instrument,61,Victory,7,0,7,56,7,80,0,100,-1,,0,4,0,1636136711
gym-e2-rv_momo_b.encounter,slow-instrument,62,Victory,8,0,8,64,6,110,0,87,-1,,0,6,0,3911419848
gym-e2-rv_momo_b.encounter,slow-instrument,63,Victory,8,0,8,64,6,80,0,100,-1,,0,6,0,2820335774
gym-e2-rv_momo_b.encounter,slow-instrument,64,Victory,8,0,8,64,9,80,0,87,-1,,0,5,0,1120948858
gym-e2-rv_momo_b.encounter,slow-instrument,65,Victory,8,0,8,64,7,80,0,87,-1,,0,7,0,3364545108
gym-e2-rv_momo_b.encounter,slow-instrument,66,Victory,8,0,8,64,11,110,0,87,-1,,0,5,0,3421136050
gym-e2-rv_momo_b.encounter,slow-instrument,67,Victory,7,0,7,56,8,60,0,100,-1,,0,4,0,4089523202
gym-e2-rv_momo_b.encounter,slow-instrument,68,Defeat,10,0,10,80,15,0,1,100,-1,,0,7,0,1561202357
gym-e2-rv_momo_b.encounter,slow-instrument,69,Victory,9,0,9,72,13,70,0,88,-1,,0,6,0,2302530437
gym-e2-rv_momo_b.encounter,slow-instrument,70,Victory,7,0,7,56,6,90,0,100,-1,,0,4,0,2815156564
gym-e2-rv_momo_b.encounter,slow-instrument,71,Victory,7,0,7,56,3,120,0,100,-1,,0,5,0,2199377556
gym-e2-rv_momo_b.encounter,slow-instrument,72,Victory,8,0,8,64,7,60,0,75,-1,,0,6,0,813216694
gym-e2-rv_momo_b.encounter,slow-instrument,73,Victory,7,0,7,56,5,100,0,85,-1,,0,4,0,1676820132
gym-e2-rv_momo_b.encounter,slow-instrument,74,Victory,8,0,8,64,15,20,0,112,-1,,0,7,0,1250930994
gym-e2-rv_momo_b.encounter,slow-instrument,75,Victory,9,0,9,72,9,60,0,88,-1,,0,6,0,1292879236
gym-e2-rv_momo_b.encounter,slow-instrument,76,Victory,8,0,8,64,10,120,0,62,-1,,0,5,0,3092531565
gym-e2-rv_momo_b.encounter,slow-instrument,77,Victory,7,0,7,56,8,60,0,100,-1,,0,4,0,4089523202
gym-e2-rv_momo_b.encounter,slow-instrument,78,Victory,7,0,7,56,5,80,0,100,-1,,0,5,0,241288977
gym-e2-rv_momo_b.encounter,slow-instrument,79,Victory,7,0,7,56,7,60,0,100,-1,,0,4,0,1501001693
gym-e2-rv_momo_b.encounter,slow-instrument,80,Victory,8,0,8,64,5,60,0,100,-1,,0,5,0,394598036
gym-e2-rv_momo_b.encounter,slow-instrument,81,Victory,9,0,9,72,9,80,0,100,-1,,0,7,0,3557462399
gym-e2-rv_momo_b.encounter,slow-instrument,82,Victory,7,0,7,56,8,60,0,100,-1,,0,4,0,4089523202
gym-e2-rv_momo_b.encounter,slow-instrument,83,Victory,7,0,7,56,5,100,0,100,-1,,0,4,0,700052311
gym-e2-rv_momo_b.encounter,slow-instrument,84,Victory,7,0,7,56,7,80,0,100,-1,,0,4,0,2154990466
gym-e2-rv_momo_b.encounter,slow-instrument,85,Victory,8,0,8,64,10,20,0,100,-1,,0,7,0,1335624305
gym-e2-rv_momo_b.encounter,slow-instrument,86,Victory,9,0,9,72,13,20,0,100,-1,,0,6,0,1660652298
gym-e2-rv_momo_b.encounter,slow-instrument,87,Victory,7,0,7,56,7,80,0,100,-1,,0,4,0,1644733797
gym-e2-rv_momo_b.encounter,slow-instrument,88,Defeat,6,0,6,48,11,0,1,150,-1,,0,7,0,3222485864
gym-e2-rv_momo_b.encounter,slow-instrument,89,Victory,8,0,8,64,12,40,0,100,-1,,0,5,0,910577435
gym-e2-rv_momo_b.encounter,slow-instrument,90,Victory,7,0,7,56,7,60,0,100,-1,,0,4,0,442930971
gym-e2-rv_momo_b.encounter,slow-instrument,91,Victory,7,0,7,56,8,60,0,100,-1,,0,4,0,4089523202
gym-e2-rv_momo_b.encounter,slow-instrument,92,Victory,7,0,7,56,8,60,0,100,-1,,0,4,0,4089523202
gym-e2-rv_momo_b.encounter,slow-instrument,93,Victory,9,0,9,72,9,20,0,88,-1,,0,6,0,526364381
gym-e2-rv_momo_b.encounter,slow-instrument,94,Victory,8,0,8,64,12,20,0,100,-1,,0,5,0,1111435079
gym-e2-rv_momo_b.encounter,slow-instrument,95,Victory,7,0,7,56,2,100,0,100,-1,,0,4,0,2282770433
gym-e2-rv_momo_b.encounter,slow-instrument,96,Victory,8,0,8,64,14,50,0,100,-1,,0,5,0,3601122787
gym-e2-rv_momo_b.encounter,slow-instrument,97,Victory,9,0,9,72,11,60,0,88,-1,,0,6,0,607070528
gym-e2-rv_momo_b.encounter,slow-instrument,98,Victory,7,0,7,56,5,60,0,100,-1,,0,4,0,1501001693
gym-e2-rv_momo_b.encounter,slow-instrument,99,Victory,7,0,7,56,7,80,0,100,-1,,0,4,0,2582789128
gym-e2-rv_momo_b.encounter,slow-instrument,100,Defeat,6,0,6,48,9,0,1,133,-1,,0,5,0,623227636
gym-e2-rv_momo_b.encounter,slow-instrument,101,Victory,9,0,9,72,16,40,0,88,-1,,0,6,0,2095597192
gym-e2-rv_momo_b.encounter,slow-instrument,102,Victory,7,0,7,56,9,60,0,100,-1,,0,4,0,1501001693
gym-e2-rv_momo_b.encounter,slow-instrument,103,Victory,8,0,8,64,12,20,0,100,-1,,0,5,0,1606514289
gym-e2-rv_momo_b.encounter,slow-instrument,104,Victory,7,0,7,56,8,100,0,85,-1,,0,4,0,2951424397
gym-e2-rv_momo_b.encounter,slow-instrument,105,Victory,7,0,7,56,9,60,0,100,-1,,0,4,0,3608184125
gym-e2-rv_momo_b.encounter,slow-instrument,106,Victory,7,0,7,56,8,120,0,71,-1,,0,5,0,1773811015
gym-e2-rv_momo_b.encounter,slow-instrument,107,Victory,8,0,8,64,11,70,0,100,-1,,0,5,0,4196526216
gym-e2-rv_momo_b.encounter,slow-instrument,108,Victory,8,0,8,64,10,20,0,100,-1,,0,5,0,3651105909
gym-e2-rv_momo_b.encounter,slow-instrument,109,Victory,7,0,7,56,7,80,0,100,-1,,0,6,0,810514998
gym-e2-rv_momo_b.encounter,slow-instrument,110,Victory,8,0,8,64,8,40,0,100,-1,,0,5,0,3184826678
gym-e2-rv_momo_b.encounter,slow-instrument,111,Defeat,9,0,9,72,26,0,1,111,-1,,0,6,0,3153908796
gym-e2-rv_momo_b.encounter,slow-instrument,112,Victory,7,0,7,56,8,60,0,100,-1,,0,4,0,4089523202
gym-e2-rv_momo_b.encounter,slow-instrument,113,Defeat,7,0,7,56,11,0,1,128,-1,,0,7,0,1870830218
gym-e2-rv_momo_b.encounter,slow-instrument,114,Defeat,7,0,7,56,10,0,2,157,-1,,0,8,0,4273675960
gym-e2-rv_momo_b.encounter,slow-instrument,115,Victory,8,0,8,64,10,60,0,75,-1,,0,6,0,1920188257
gym-e2-rv_momo_b.encounter,slow-instrument,116,Victory,8,0,8,64,8,40,0,100,-1,,0,5,0,1232698361
gym-e2-rv_momo_b.encounter,slow-instrument,117,Victory,7,0,7,56,7,60,0,100,-1,,0,4,0,442930971
gym-e2-rv_momo_b.encounter,slow-instrument,118,Victory,7,0,7,56,7,60,0,100,-1,,0,4,0,1501001693
gym-e2-rv_momo_b.encounter,slow-instrument,119,Victory,8,0,8,64,16,20,0,100,-1,,0,5,0,2209863297
gym-e2-rv_momo_b.encounter,slow-instrument,120,Victory,9,0,9,72,13,20,0,88,-1,,0,6,0,1219673117
gym-e2-rv_momo_b.encounter,slow-instrument,121,Victory,8,0,8,64,13,50,0,100,-1,,0,5,0,3895209516
gym-e2-rv_momo_b.encounter,slow-instrument,122,Victory,7,0,7,56,9,60,0,100,-1,,0,4,0,2003758681
gym-e2-rv_momo_b.encounter,slow-instrument,123,Victory,7,0,7,56,8,60,0,100,-1,,0,4,0,4089523202
gym-e2-rv_momo_b.encounter,slow-instrument,124,Victory,8,0,8,64,14,20,0,112,-1,,0,8,0,3644417282
gym-e2-rv_momo_b.encounter,slow-instrument,125,Victory,7,0,7,56,7,100,0,85,-1,,0,6,0,2458574752
gym-e2-rv_momo_b.encounter,slow-instrument,126,Victory,9,0,9,72,13,60,0,100,-1,,0,6,0,4105072380
gym-e2-rv_momo_b.encounter,slow-instrument,127,Victory,7,0,7,56,8,60,0,100,-1,,0,4,0,4089523202
gym-e2-rv_momo_b.encounter,slow-instrument,128,Victory,7,0,7,56,7,80,0,100,-1,,0,4,0,364775552
gym-e2-rv_momo_b.encounter,slow-instrument,129,Victory,7,0,7,56,7,60,0,100,-1,,0,4,0,442930971
gym-e2-rv_momo_b.encounter,slow-instrument,130,Victory,10,0,10,80,20,20,0,80,-1,,0,7,0,4100066821
gym-e2-rv_momo_b.encounter,slow-instrument,131,Victory,7,0,7,56,8,60,0,100,-1,,0,4,0,4089523202
gym-e2-rv_momo_b.encounter,slow-instrument,132,Victory,8,0,8,64,11,40,0,100,-1,,0,5,0,4107407961
gym-e2-rv_momo_b.encounter,slow-instrument,133,Defeat,8,0,8,64,9,0,1,112,-1,,0,5,0,474968264
gym-e2-rv_momo_b.encounter,slow-instrument,134,Victory,7,0,7,56,5,100,0,71,-1,,0,4,0,2905291331
gym-e2-rv_momo_b.encounter,slow-instrument,135,Victory,7,0,7,56,8,60,0,100,-1,,0,4,0,4089523202
gym-e2-rv_momo_b.encounter,slow-instrument,136,Victory,8,0,8,64,9,40,0,100,-1,,0,5,0,3113652495
gym-e2-rv_momo_b.encounter,slow-instrument,137,Defeat,7,0,7,56,11,0,1,128,-1,,0,8,0,163144346
gym-e2-rv_momo_b.encounter,slow-instrument,138,Victory,7,0,7,56,7,60,0,100,-1,,0,4,0,41297385
gym-e2-rv_momo_b.encounter,slow-instrument,139,Victory,7,0,7,56,8,60,0,100,-1,,0,4,0,4089523202
gym-e2-rv_momo_b.encounter,slow-instrument,140,Victory,7,0,7,56,7,80,0,100,-1,,0,5,0,2233024390
gym-e2-rv_momo_b.encounter,slow-instrument,141,Victory,7,0,7,56,9,80,0,100,-1,,0,5,0,3479391252
gym-e2-rv_momo_b.encounter,slow-instrument,142,Victory,9,0,9,72,12,20,0,100,-1,,0,8,0,1085570156
gym-e2-rv_momo_b.encounter,slow-instrument,143,Victory,7,0,7,56,4,80,0,100,-1,,0,4,0,418961231
gym-e2-rv_momo_b.encounter,slow-instrument,144,Victory,7,0,7,56,8,90,0,100,-1,,0,4,0,1828953538
gym-e2-rv_momo_b.encounter,slow-instrument,145,Victory,7,0,7,56,8,60,0,100,-1,,0,4,0,4089523202
gym-e2-rv_momo_b.encounter,slow-instrument,146,Victory,8,0,8,64,14,80,0,100,-1,,0,5,0,3371035029
gym-e2-rv_momo_b.encounter,slow-instrument,147,Defeat,8,0,8,64,13,0,1,112,-1,,0,5,0,3433699229
gym-e2-rv_momo_b.encounter,slow-instrument,148,Victory,7,0,7,56,10,60,0,100,-1,,0,7,0,1204857473
gym-e2-rv_momo_b.encounter,slow-instrument,149,Victory,9,0,9,72,11,20,0,100,-1,,0,8,0,925752161
gym-e2-rv_momo_b.encounter,slow-instrument,150,Victory,10,0,10,80,14,30,0,90,-1,,0,8,0,3568667446
gym-e2-rv_momo_b.encounter,slow-instrument,151,Victory,8,0,8,64,11,60,0,87,-1,,0,5,0,910399185
gym-e2-rv_momo_b.encounter,slow-instrument,152,Victory,8,0,8,64,7,40,0,100,-1,,0,5,0,4246003186
gym-e2-rv_momo_b.encounter,slow-instrument,153,Victory,7,0,7,56,7,60,0,100,-1,,0,4,0,4039271103
gym-e2-rv_momo_b.encounter,slow-instrument,154,Victory,9,0,9,72,12,20,0,100,-1,,0,6,0,3428388065
gym-e2-rv_momo_b.encounter,slow-instrument,155,Victory,7,0,7,56,7,80,0,100,-1,,0,4,0,1644733797
gym-e2-rv_momo_b.encounter,slow-instrument,156,Victory,8,0,8,64,12,40,0,100,-1,,0,5,0,3184826678
gym-e2-rv_momo_b.encounter,slow-instrument,157,Defeat,8,0,8,64,12,0,1,112,-1,,0,7,0,3870870332
gym-e2-rv_momo_b.encounter,slow-instrument,158,Victory,7,0,7,56,8,60,0,100,-1,,0,4,0,4089523202
gym-e2-rv_momo_b.encounter,slow-instrument,159,Victory,7,0,7,56,8,60,0,100,-1,,0,4,0,4089523202
gym-e2-rv_momo_b.encounter,slow-instrument,160,Victory,8,0,8,64,11,40,0,100,-1,,0,5,0,199910130
gym-e2-rv_momo_b.encounter,slow-instrument,161,Defeat,7,0,7,56,7,0,1,128,-1,,0,6,0,1364232586
gym-e2-rv_momo_b.encounter,slow-instrument,162,Victory,7,0,7,56,7,110,0,100,-1,,0,6,0,2967835930
gym-e2-rv_momo_b.encounter,slow-instrument,163,Victory,7,0,7,56,8,60,0,100,-1,,0,4,0,4089523202
gym-e2-rv_momo_b.encounter,slow-instrument,164,Victory,8,0,8,64,6,40,0,112,-1,,0,7,0,3211648386
gym-e2-rv_momo_b.encounter,slow-instrument,165,Victory,7,0,7,56,8,60,0,100,-1,,0,4,0,4089523202
gym-e2-rv_momo_b.encounter,slow-instrument,166,Victory,8,0,8,64,4,60,0,112,-1,,0,8,0,3844863426
gym-e2-rv_momo_b.encounter,slow-instrument,167,Victory,7,0,7,56,5,80,0,100,-1,,0,4,0,1636136711
gym-e2-rv_momo_b.encounter,slow-instrument,168,Victory,8,0,8,64,10,50,0,100,-1,,0,5,0,795221943
gym-e2-rv_momo_b.encounter,slow-instrument,169,Victory,8,0,8,64,11,20,0,100,-1,,0,8,0,188350117
gym-e2-rv_momo_b.encounter,slow-instrument,170,Victory,7,0,7,56,7,100,0,71,-1,,0,4,0,1950932437
gym-e2-rv_momo_b.encounter,slow-instrument,171,Victory,8,0,8,64,9,60,0,87,-1,,0,5,0,2382907765
gym-e2-rv_momo_b.encounter,slow-instrument,172,Victory,7,0,7,56,3,100,0,100,-1,,0,6,0,2178982395
gym-e2-rv_momo_b.encounter,slow-instrument,173,Victory,7,0,7,56,9,90,0,100,-1,,0,4,0,2754934667
gym-e2-rv_momo_b.encounter,slow-instrument,174,Victory,7,0,7,56,9,60,0,100,-1,,0,4,0,3505701147
gym-e2-rv_momo_b.encounter,slow-instrument,175,Defeat,7,0,7,56,16,0,1,128,-1,,0,8,0,2089629934
gym-e2-rv_momo_b.encounter,slow-instrument,176,Victory,7,0,7,56,8,60,0,100,-1,,0,4,0,3502545858
gym-e2-rv_momo_b.encounter,slow-instrument,177,Victory,7,0,7,56,8,60,0,100,-1,,0,4,0,4089523202
gym-e2-rv_momo_b.encounter,slow-instrument,178,Defeat,8,0,8,64,13,0,1,112,-1,,0,5,0,3611698115
gym-e2-rv_momo_b.encounter,slow-instrument,179,Victory,9,0,9,72,15,40,0,88,-1,,0,7,0,308479689
gym-e2-rv_momo_b.encounter,slow-instrument,180,Defeat,8,0,8,64,11,0,1,112,-1,,0,8,0,31559744
gym-e2-rv_momo_b.encounter,slow-instrument,181,Victory,7,0,7,56,6,60,0,100,-1,,0,4,0,4089523202
gym-e2-rv_momo_b.encounter,slow-instrument,182,Victory,7,0,7,56,9,60,0,100,-1,,0,4,0,899938059
gym-e2-rv_momo_b.encounter,slow-instrument,183,Victory,7,0,7,56,8,60,0,100,-1,,0,4,0,3439676086
gym-e2-rv_momo_b.encounter,slow-instrument,184,Victory,7,0,7,56,6,90,0,100,-1,,0,4,0,2815156564
gym-e2-rv_momo_b.encounter,slow-instrument,185,Victory,8,0,8,64,11,60,0,87,-1,,0,5,0,3154859015
gym-e2-rv_momo_b.encounter,slow-instrument,186,Victory,9,0,9,72,15,70,0,88,-1,,0,6,0,844984498
gym-e2-rv_momo_b.encounter,slow-instrument,187,Victory,7,0,7,56,8,60,0,100,-1,,0,4,0,4089523202
gym-e2-rv_momo_b.encounter,slow-instrument,188,Victory,9,0,9,72,16,40,0,88,-1,,0,7,0,2285729986
gym-e2-rv_momo_b.encounter,slow-instrument,189,Defeat,8,0,8,64,14,0,1,100,-1,,0,9,0,3060214919
gym-e2-rv_momo_b.encounter,slow-instrument,190,Victory,7,0,7,56,7,80,0,100,-1,,0,4,0,2505597922
gym-e2-rv_momo_b.encounter,slow-instrument,191,Victory,9,0,9,72,7,50,0,100,-1,,0,8,0,282240380
gym-e2-rv_momo_b.encounter,slow-instrument,192,Defeat,7,0,7,56,8,0,1,128,-1,,0,7,0,1294911374
gym-e2-rv_momo_b.encounter,slow-instrument,193,Victory,10,0,10,80,21,10,0,90,-1,,0,7,0,3450114929
gym-e2-rv_momo_b.encounter,slow-instrument,194,Defeat,8,0,8,64,10,0,1,125,-1,,0,8,0,1568460543
gym-e2-rv_momo_b.encounter,slow-instrument,195,Victory,7,0,7,56,8,60,0,100,-1,,0,4,0,4089523202
gym-e2-rv_momo_b.encounter,slow-instrument,196,Victory,8,0,8,64,13,60,0,75,-1,,0,6,0,2734136407
gym-e2-rv_momo_b.encounter,slow-instrument,197,Victory,7,0,7,56,7,60,0,100,-1,,0,4,0,1501001693
gym-e2-rv_momo_b.encounter,slow-instrument,198,Defeat,7,0,7,56,9,0,1,128,-1,,0,7,0,3953907054
gym-e2-rv_momo_b.encounter,slow-instrument,199,Victory,8,0,8,64,18,20,0,100,-1,,0,8,0,699906452
gym-e2-rv_momo_b.encounter,slow-instrument,200,Victory,7,0,7,56,6,100,0,71,-1,,0,4,0,2824649422
gym-e2-rv_momo_b.encounter,taunt-instrument,1,Victory,7,0,7,56,8,80,0,100,-1,,0,5,0,1584198798
gym-e2-rv_momo_b.encounter,taunt-instrument,2,Victory,7,0,7,56,7,80,0,100,-1,,0,4,0,3773647618
gym-e2-rv_momo_b.encounter,taunt-instrument,3,Defeat,7,0,7,56,16,0,1,128,-1,,0,6,0,1844942871
gym-e2-rv_momo_b.encounter,taunt-instrument,4,Victory,9,0,9,72,8,10,0,111,-1,,0,8,0,681986479
gym-e2-rv_momo_b.encounter,taunt-instrument,5,Victory,8,0,8,64,10,80,0,87,-1,,0,6,0,1960210496
gym-e2-rv_momo_b.encounter,taunt-instrument,6,Victory,8,0,8,64,14,20,0,100,-1,,0,7,0,1386868628
gym-e2-rv_momo_b.encounter,taunt-instrument,7,Victory,7,0,7,56,7,80,0,100,-1,,0,4,0,2275417530
gym-e2-rv_momo_b.encounter,taunt-instrument,8,Victory,7,0,7,56,6,90,0,100,-1,,0,4,0,2815156564
gym-e2-rv_momo_b.encounter,taunt-instrument,9,Victory,10,0,10,80,18,30,0,100,-1,,0,9,0,780552166
gym-e2-rv_momo_b.encounter,taunt-instrument,10,Victory,8,0,8,64,9,40,0,100,-1,,0,5,0,1994152224
gym-e2-rv_momo_b.encounter,taunt-instrument,11,Victory,7,0,7,56,8,60,0,100,-1,,0,4,0,4089523202
gym-e2-rv_momo_b.encounter,taunt-instrument,12,Victory,7,0,7,56,8,60,0,100,-1,,0,4,0,4089523202
gym-e2-rv_momo_b.encounter,taunt-instrument,13,Victory,7,0,7,56,5,80,0,100,-1,,0,4,0,1908169185
gym-e2-rv_momo_b.encounter,taunt-instrument,14,Victory,8,0,8,64,9,50,0,100,-1,,0,5,0,2685457875
gym-e2-rv_momo_b.encounter,taunt-instrument,15,Victory,8,0,8,64,17,20,0,100,-1,,0,5,0,918843678
gym-e2-rv_momo_b.encounter,taunt-instrument,16,Victory,9,0,9,72,15,20,0,88,-1,,0,6,0,4136560667
gym-e2-rv_momo_b.encounter,taunt-instrument,17,Victory,7,0,7,56,6,60,0,100,-1,,0,4,0,2312005618
gym-e2-rv_momo_b.encounter,taunt-instrument,18,Victory,7,0,7,56,8,60,0,100,-1,,0,4,0,4089523202
gym-e2-rv_momo_b.encounter,taunt-instrument,19,Victory,7,0,7,56,7,60,0,100,-1,,0,4,0,3018748642
gym-e2-rv_momo_b.encounter,taunt-instrument,20,Victory,8,0,8,64,12,60,0,75,-1,,0,4,0,3192543566
gym-e2-rv_momo_b.encounter,taunt-instrument,21,Victory,7,0,7,56,5,80,0,100,-1,,0,4,0,2789852414
gym-e2-rv_momo_b.encounter,taunt-instrument,22,Victory,8,0,8,64,8,20,0,100,-1,,0,5,0,1815573921
gym-e2-rv_momo_b.encounter,taunt-instrument,23,Victory,9,0,9,72,12,40,0,88,-1,,0,7,0,3317146633
gym-e2-rv_momo_b.encounter,taunt-instrument,24,Defeat,7,0,7,56,11,0,1,128,-1,,0,7,0,3434724373
gym-e2-rv_momo_b.encounter,taunt-instrument,25,Victory,7,0,7,56,7,80,0,100,-1,,0,4,0,3068614066
gym-e2-rv_momo_b.encounter,taunt-instrument,26,Victory,8,0,8,64,8,20,0,100,-1,,0,5,0,3108456755
gym-e2-rv_momo_b.encounter,taunt-instrument,27,Victory,7,0,7,56,7,60,0,100,-1,,0,4,0,41297385
gym-e2-rv_momo_b.encounter,taunt-instrument,28,Defeat,8,0,8,64,14,0,1,112,-1,,0,5,0,567381795
gym-e2-rv_momo_b.encounter,taunt-instrument,29,Victory,7,0,7,56,9,80,0,100,-1,,0,5,0,810514998
gym-e2-rv_momo_b.encounter,taunt-instrument,30,Victory,8,0,8,64,10,40,0,87,-1,,0,7,0,3551576522
gym-e2-rv_momo_b.encounter,taunt-instrument,31,Defeat,6,0,6,48,10,0,2,133,-1,,0,6,0,416181431
gym-e2-rv_momo_b.encounter,taunt-instrument,32,Defeat,7,0,7,56,15,0,2,142,-1,,0,8,0,2868062093
gym-e2-rv_momo_b.encounter,taunt-instrument,33,Victory,8,0,8,64,14,20,0,100,-1,,0,5,0,1776019717
gym-e2-rv_momo_b.encounter,taunt-instrument,34,Victory,8,0,8,64,8,40,0,100,-1,,0,7,0,4057723964
gym-e2-rv_momo_b.encounter,taunt-instrument,35,Victory,7,0,7,56,9,60,0,100,-1,,0,4,0,2291629453
gym-e2-rv_momo_b.encounter,taunt-instrument,36,Victory,8,0,8,64,11,60,0,87,-1,,0,5,0,3154859015
gym-e2-rv_momo_b.encounter,taunt-instrument,37,Victory,7,0,7,56,8,100,0,85,-1,,0,4,0,1718801967
gym-e2-rv_momo_b.encounter,taunt-instrument,38,Victory,8,0,8,64,6,80,0,100,-1,,0,5,0,1441858073
gym-e2-rv_momo_b.encounter,taunt-instrument,39,Victory,7,0,7,56,7,80,0,114,-1,,0,6,0,1631461493
gym-e2-rv_momo_b.encounter,taunt-instrument,40,Victory,7,0,7,56,6,60,0,100,-1,,0,4,0,4089523202
gym-e2-rv_momo_b.encounter,taunt-instrument,41,Victory,8,0,8,64,13,70,0,100,-1,,0,5,0,1509526940
gym-e2-rv_momo_b.encounter,taunt-instrument,42,Victory,7,0,7,56,8,60,0,100,-1,,0,4,0,4089523202
gym-e2-rv_momo_b.encounter,taunt-instrument,43,Victory,7,0,7,56,6,60,0,100,-1,,0,4,0,4089523202
gym-e2-rv_momo_b.encounter,taunt-instrument,44,Victory,9,0,9,72,13,10,0,88,-1,,0,8,0,3511205792
gym-e2-rv_momo_b.encounter,taunt-instrument,45,Defeat,6,0,6,48,10,0,1,150,-1,,0,5,0,1261648618
gym-e2-rv_momo_b.encounter,taunt-instrument,46,Victory,8,0,8,64,11,40,0,87,-1,,0,7,0,1161503695
gym-e2-rv_momo_b.encounter,taunt-instrument,47,Victory,7,0,7,56,8,60,0,100,-1,,0,4,0,4089523202
gym-e2-rv_momo_b.encounter,taunt-instrument,48,Victory,7,0,7,56,8,60,0,100,-1,,0,4,0,4089523202
gym-e2-rv_momo_b.encounter,taunt-instrument,49,Victory,7,0,7,56,7,60,0,100,-1,,0,4,0,1501001693
gym-e2-rv_momo_b.encounter,taunt-instrument,50,Victory,7,0,7,56,5,110,0,100,-1,,0,4,0,1921862676
gym-e2-rv_momo_b.encounter,taunt-instrument,51,Defeat,8,0,8,64,14,0,1,112,-1,,0,9,0,3654857922
gym-e2-rv_momo_b.encounter,taunt-instrument,52,Victory,7,0,7,56,8,90,0,100,-1,,0,4,0,1446821648
gym-e2-rv_momo_b.encounter,taunt-instrument,53,Victory,8,0,8,64,6,60,0,75,-1,,0,7,0,3010704603
gym-e2-rv_momo_b.encounter,taunt-instrument,54,Victory,9,0,9,72,6,50,0,100,-1,,0,6,0,1868528383
gym-e2-rv_momo_b.encounter,taunt-instrument,55,Victory,8,0,8,64,9,100,0,62,-1,,0,4,0,2373292990
gym-e2-rv_momo_b.encounter,taunt-instrument,56,Victory,8,0,8,64,14,60,0,87,-1,,0,5,0,2019752904
gym-e2-rv_momo_b.encounter,taunt-instrument,57,Victory,7,0,7,56,9,60,0,100,-1,,0,4,0,815159295
gym-e2-rv_momo_b.encounter,taunt-instrument,58,Victory,9,0,9,72,13,40,0,77,-1,,0,6,0,4048411228
gym-e2-rv_momo_b.encounter,taunt-instrument,59,Defeat,6,0,6,48,10,0,1,150,-1,,0,7,0,1691885253
gym-e2-rv_momo_b.encounter,taunt-instrument,60,Defeat,7,0,7,56,11,0,1,128,-1,,0,6,0,1767098085
gym-e2-rv_momo_b.encounter,taunt-instrument,61,Victory,7,0,7,56,7,80,0,100,-1,,0,4,0,1636136711
gym-e2-rv_momo_b.encounter,taunt-instrument,62,Victory,8,0,8,64,6,110,0,87,-1,,0,6,0,3911419848
gym-e2-rv_momo_b.encounter,taunt-instrument,63,Victory,8,0,8,64,6,80,0,100,-1,,0,6,0,2820335774
gym-e2-rv_momo_b.encounter,taunt-instrument,64,Victory,8,0,8,64,9,80,0,87,-1,,0,5,0,1120948858
gym-e2-rv_momo_b.encounter,taunt-instrument,65,Victory,8,0,8,64,7,80,0,87,-1,,0,7,0,3364545108
gym-e2-rv_momo_b.encounter,taunt-instrument,66,Victory,8,0,8,64,11,110,0,87,-1,,0,5,0,3421136050
gym-e2-rv_momo_b.encounter,taunt-instrument,67,Victory,7,0,7,56,8,60,0,100,-1,,0,4,0,4089523202
gym-e2-rv_momo_b.encounter,taunt-instrument,68,Defeat,10,0,10,80,15,0,1,100,-1,,0,7,0,1561202357
gym-e2-rv_momo_b.encounter,taunt-instrument,69,Victory,9,0,9,72,13,70,0,88,-1,,0,6,0,2302530437
gym-e2-rv_momo_b.encounter,taunt-instrument,70,Victory,7,0,7,56,6,90,0,100,-1,,0,4,0,2815156564
gym-e2-rv_momo_b.encounter,taunt-instrument,71,Victory,7,0,7,56,3,120,0,100,-1,,0,5,0,2199377556
gym-e2-rv_momo_b.encounter,taunt-instrument,72,Victory,8,0,8,64,7,60,0,75,-1,,0,6,0,813216694
gym-e2-rv_momo_b.encounter,taunt-instrument,73,Victory,7,0,7,56,5,100,0,85,-1,,0,4,0,1676820132
gym-e2-rv_momo_b.encounter,taunt-instrument,74,Victory,8,0,8,64,15,20,0,112,-1,,0,7,0,1250930994
gym-e2-rv_momo_b.encounter,taunt-instrument,75,Victory,9,0,9,72,9,60,0,88,-1,,0,6,0,1292879236
gym-e2-rv_momo_b.encounter,taunt-instrument,76,Victory,8,0,8,64,10,120,0,62,-1,,0,5,0,3092531565
gym-e2-rv_momo_b.encounter,taunt-instrument,77,Victory,7,0,7,56,8,60,0,100,-1,,0,4,0,4089523202
gym-e2-rv_momo_b.encounter,taunt-instrument,78,Victory,7,0,7,56,5,80,0,100,-1,,0,5,0,241288977
gym-e2-rv_momo_b.encounter,taunt-instrument,79,Victory,7,0,7,56,7,60,0,100,-1,,0,4,0,1501001693
gym-e2-rv_momo_b.encounter,taunt-instrument,80,Victory,8,0,8,64,5,60,0,100,-1,,0,5,0,394598036
gym-e2-rv_momo_b.encounter,taunt-instrument,81,Victory,9,0,9,72,9,80,0,100,-1,,0,7,0,3557462399
gym-e2-rv_momo_b.encounter,taunt-instrument,82,Victory,7,0,7,56,8,60,0,100,-1,,0,4,0,4089523202
gym-e2-rv_momo_b.encounter,taunt-instrument,83,Victory,7,0,7,56,5,100,0,100,-1,,0,4,0,700052311
gym-e2-rv_momo_b.encounter,taunt-instrument,84,Victory,7,0,7,56,7,80,0,100,-1,,0,4,0,2154990466
gym-e2-rv_momo_b.encounter,taunt-instrument,85,Victory,8,0,8,64,10,20,0,100,-1,,0,7,0,1335624305
gym-e2-rv_momo_b.encounter,taunt-instrument,86,Victory,9,0,9,72,13,20,0,100,-1,,0,6,0,1660652298
gym-e2-rv_momo_b.encounter,taunt-instrument,87,Victory,7,0,7,56,7,80,0,100,-1,,0,4,0,1644733797
gym-e2-rv_momo_b.encounter,taunt-instrument,88,Defeat,6,0,6,48,11,0,1,150,-1,,0,7,0,3222485864
gym-e2-rv_momo_b.encounter,taunt-instrument,89,Victory,8,0,8,64,12,40,0,100,-1,,0,5,0,910577435
gym-e2-rv_momo_b.encounter,taunt-instrument,90,Victory,7,0,7,56,7,60,0,100,-1,,0,4,0,442930971
gym-e2-rv_momo_b.encounter,taunt-instrument,91,Victory,7,0,7,56,8,60,0,100,-1,,0,4,0,4089523202
gym-e2-rv_momo_b.encounter,taunt-instrument,92,Victory,7,0,7,56,8,60,0,100,-1,,0,4,0,4089523202
gym-e2-rv_momo_b.encounter,taunt-instrument,93,Victory,9,0,9,72,9,20,0,88,-1,,0,6,0,526364381
gym-e2-rv_momo_b.encounter,taunt-instrument,94,Victory,8,0,8,64,12,20,0,100,-1,,0,5,0,1111435079
gym-e2-rv_momo_b.encounter,taunt-instrument,95,Victory,7,0,7,56,2,100,0,100,-1,,0,4,0,2282770433
gym-e2-rv_momo_b.encounter,taunt-instrument,96,Victory,8,0,8,64,14,50,0,100,-1,,0,5,0,3601122787
gym-e2-rv_momo_b.encounter,taunt-instrument,97,Victory,9,0,9,72,11,60,0,88,-1,,0,6,0,607070528
gym-e2-rv_momo_b.encounter,taunt-instrument,98,Victory,7,0,7,56,5,60,0,100,-1,,0,4,0,1501001693
gym-e2-rv_momo_b.encounter,taunt-instrument,99,Victory,7,0,7,56,7,80,0,100,-1,,0,4,0,2582789128
gym-e2-rv_momo_b.encounter,taunt-instrument,100,Defeat,6,0,6,48,9,0,1,133,-1,,0,5,0,623227636
gym-e2-rv_momo_b.encounter,taunt-instrument,101,Victory,9,0,9,72,16,40,0,88,-1,,0,6,0,2095597192
gym-e2-rv_momo_b.encounter,taunt-instrument,102,Victory,7,0,7,56,9,60,0,100,-1,,0,4,0,1501001693
gym-e2-rv_momo_b.encounter,taunt-instrument,103,Victory,8,0,8,64,12,20,0,100,-1,,0,5,0,1606514289
gym-e2-rv_momo_b.encounter,taunt-instrument,104,Victory,7,0,7,56,8,100,0,85,-1,,0,4,0,2951424397
gym-e2-rv_momo_b.encounter,taunt-instrument,105,Victory,7,0,7,56,9,60,0,100,-1,,0,4,0,3608184125
gym-e2-rv_momo_b.encounter,taunt-instrument,106,Victory,7,0,7,56,8,120,0,71,-1,,0,5,0,1773811015
gym-e2-rv_momo_b.encounter,taunt-instrument,107,Victory,8,0,8,64,11,70,0,100,-1,,0,5,0,4196526216
gym-e2-rv_momo_b.encounter,taunt-instrument,108,Victory,8,0,8,64,10,20,0,100,-1,,0,5,0,3651105909
gym-e2-rv_momo_b.encounter,taunt-instrument,109,Victory,7,0,7,56,7,80,0,100,-1,,0,6,0,810514998
gym-e2-rv_momo_b.encounter,taunt-instrument,110,Victory,8,0,8,64,8,40,0,100,-1,,0,5,0,3184826678
gym-e2-rv_momo_b.encounter,taunt-instrument,111,Defeat,9,0,9,72,26,0,1,111,-1,,0,6,0,3153908796
gym-e2-rv_momo_b.encounter,taunt-instrument,112,Victory,7,0,7,56,8,60,0,100,-1,,0,4,0,4089523202
gym-e2-rv_momo_b.encounter,taunt-instrument,113,Defeat,7,0,7,56,11,0,1,128,-1,,0,7,0,1870830218
gym-e2-rv_momo_b.encounter,taunt-instrument,114,Defeat,7,0,7,56,10,0,2,157,-1,,0,8,0,4273675960
gym-e2-rv_momo_b.encounter,taunt-instrument,115,Victory,8,0,8,64,10,60,0,75,-1,,0,6,0,1920188257
gym-e2-rv_momo_b.encounter,taunt-instrument,116,Victory,8,0,8,64,8,40,0,100,-1,,0,5,0,1232698361
gym-e2-rv_momo_b.encounter,taunt-instrument,117,Victory,7,0,7,56,7,60,0,100,-1,,0,4,0,442930971
gym-e2-rv_momo_b.encounter,taunt-instrument,118,Victory,7,0,7,56,7,60,0,100,-1,,0,4,0,1501001693
gym-e2-rv_momo_b.encounter,taunt-instrument,119,Victory,8,0,8,64,16,20,0,100,-1,,0,5,0,2209863297
gym-e2-rv_momo_b.encounter,taunt-instrument,120,Victory,9,0,9,72,13,20,0,88,-1,,0,6,0,1219673117
gym-e2-rv_momo_b.encounter,taunt-instrument,121,Victory,8,0,8,64,13,50,0,100,-1,,0,5,0,3895209516
gym-e2-rv_momo_b.encounter,taunt-instrument,122,Victory,7,0,7,56,9,60,0,100,-1,,0,4,0,2003758681
gym-e2-rv_momo_b.encounter,taunt-instrument,123,Victory,7,0,7,56,8,60,0,100,-1,,0,4,0,4089523202
gym-e2-rv_momo_b.encounter,taunt-instrument,124,Victory,8,0,8,64,14,20,0,112,-1,,0,8,0,3644417282
gym-e2-rv_momo_b.encounter,taunt-instrument,125,Victory,7,0,7,56,7,100,0,85,-1,,0,6,0,2458574752
gym-e2-rv_momo_b.encounter,taunt-instrument,126,Victory,9,0,9,72,13,60,0,100,-1,,0,6,0,4105072380
gym-e2-rv_momo_b.encounter,taunt-instrument,127,Victory,7,0,7,56,8,60,0,100,-1,,0,4,0,4089523202
gym-e2-rv_momo_b.encounter,taunt-instrument,128,Victory,7,0,7,56,7,80,0,100,-1,,0,4,0,364775552
gym-e2-rv_momo_b.encounter,taunt-instrument,129,Victory,7,0,7,56,7,60,0,100,-1,,0,4,0,442930971
gym-e2-rv_momo_b.encounter,taunt-instrument,130,Victory,10,0,10,80,20,20,0,80,-1,,0,7,0,4100066821
gym-e2-rv_momo_b.encounter,taunt-instrument,131,Victory,7,0,7,56,8,60,0,100,-1,,0,4,0,4089523202
gym-e2-rv_momo_b.encounter,taunt-instrument,132,Victory,8,0,8,64,11,40,0,100,-1,,0,5,0,4107407961
gym-e2-rv_momo_b.encounter,taunt-instrument,133,Defeat,8,0,8,64,9,0,1,112,-1,,0,5,0,474968264
gym-e2-rv_momo_b.encounter,taunt-instrument,134,Victory,7,0,7,56,5,100,0,71,-1,,0,4,0,2905291331
gym-e2-rv_momo_b.encounter,taunt-instrument,135,Victory,7,0,7,56,8,60,0,100,-1,,0,4,0,4089523202
gym-e2-rv_momo_b.encounter,taunt-instrument,136,Victory,8,0,8,64,9,40,0,100,-1,,0,5,0,3113652495
gym-e2-rv_momo_b.encounter,taunt-instrument,137,Defeat,7,0,7,56,11,0,1,128,-1,,0,8,0,163144346
gym-e2-rv_momo_b.encounter,taunt-instrument,138,Victory,7,0,7,56,7,60,0,100,-1,,0,4,0,41297385
gym-e2-rv_momo_b.encounter,taunt-instrument,139,Victory,7,0,7,56,8,60,0,100,-1,,0,4,0,4089523202
gym-e2-rv_momo_b.encounter,taunt-instrument,140,Victory,7,0,7,56,7,80,0,100,-1,,0,5,0,2233024390
gym-e2-rv_momo_b.encounter,taunt-instrument,141,Victory,7,0,7,56,9,80,0,100,-1,,0,5,0,3479391252
gym-e2-rv_momo_b.encounter,taunt-instrument,142,Victory,9,0,9,72,12,20,0,100,-1,,0,8,0,1085570156
gym-e2-rv_momo_b.encounter,taunt-instrument,143,Victory,7,0,7,56,4,80,0,100,-1,,0,4,0,418961231
gym-e2-rv_momo_b.encounter,taunt-instrument,144,Victory,7,0,7,56,8,90,0,100,-1,,0,4,0,1828953538
gym-e2-rv_momo_b.encounter,taunt-instrument,145,Victory,7,0,7,56,8,60,0,100,-1,,0,4,0,4089523202
gym-e2-rv_momo_b.encounter,taunt-instrument,146,Victory,8,0,8,64,14,80,0,100,-1,,0,5,0,3371035029
gym-e2-rv_momo_b.encounter,taunt-instrument,147,Defeat,8,0,8,64,13,0,1,112,-1,,0,5,0,3433699229
gym-e2-rv_momo_b.encounter,taunt-instrument,148,Victory,7,0,7,56,10,60,0,100,-1,,0,7,0,1204857473
gym-e2-rv_momo_b.encounter,taunt-instrument,149,Victory,9,0,9,72,11,20,0,100,-1,,0,8,0,925752161
gym-e2-rv_momo_b.encounter,taunt-instrument,150,Victory,10,0,10,80,14,30,0,90,-1,,0,8,0,3568667446
gym-e2-rv_momo_b.encounter,taunt-instrument,151,Victory,8,0,8,64,11,60,0,87,-1,,0,5,0,910399185
gym-e2-rv_momo_b.encounter,taunt-instrument,152,Victory,8,0,8,64,7,40,0,100,-1,,0,5,0,4246003186
gym-e2-rv_momo_b.encounter,taunt-instrument,153,Victory,7,0,7,56,7,60,0,100,-1,,0,4,0,4039271103
gym-e2-rv_momo_b.encounter,taunt-instrument,154,Victory,9,0,9,72,12,20,0,100,-1,,0,6,0,3428388065
gym-e2-rv_momo_b.encounter,taunt-instrument,155,Victory,7,0,7,56,7,80,0,100,-1,,0,4,0,1644733797
gym-e2-rv_momo_b.encounter,taunt-instrument,156,Victory,8,0,8,64,12,40,0,100,-1,,0,5,0,3184826678
gym-e2-rv_momo_b.encounter,taunt-instrument,157,Defeat,8,0,8,64,12,0,1,112,-1,,0,7,0,3870870332
gym-e2-rv_momo_b.encounter,taunt-instrument,158,Victory,7,0,7,56,8,60,0,100,-1,,0,4,0,4089523202
gym-e2-rv_momo_b.encounter,taunt-instrument,159,Victory,7,0,7,56,8,60,0,100,-1,,0,4,0,4089523202
gym-e2-rv_momo_b.encounter,taunt-instrument,160,Victory,8,0,8,64,11,40,0,100,-1,,0,5,0,199910130
gym-e2-rv_momo_b.encounter,taunt-instrument,161,Defeat,7,0,7,56,7,0,1,128,-1,,0,6,0,1364232586
gym-e2-rv_momo_b.encounter,taunt-instrument,162,Victory,7,0,7,56,7,110,0,100,-1,,0,6,0,2967835930
gym-e2-rv_momo_b.encounter,taunt-instrument,163,Victory,7,0,7,56,8,60,0,100,-1,,0,4,0,4089523202
gym-e2-rv_momo_b.encounter,taunt-instrument,164,Victory,8,0,8,64,6,40,0,112,-1,,0,7,0,3211648386
gym-e2-rv_momo_b.encounter,taunt-instrument,165,Victory,7,0,7,56,8,60,0,100,-1,,0,4,0,4089523202
gym-e2-rv_momo_b.encounter,taunt-instrument,166,Victory,8,0,8,64,4,60,0,112,-1,,0,8,0,3844863426
gym-e2-rv_momo_b.encounter,taunt-instrument,167,Victory,7,0,7,56,5,80,0,100,-1,,0,4,0,1636136711
gym-e2-rv_momo_b.encounter,taunt-instrument,168,Victory,8,0,8,64,10,50,0,100,-1,,0,5,0,795221943
gym-e2-rv_momo_b.encounter,taunt-instrument,169,Victory,8,0,8,64,11,20,0,100,-1,,0,8,0,188350117
gym-e2-rv_momo_b.encounter,taunt-instrument,170,Victory,7,0,7,56,7,100,0,71,-1,,0,4,0,1950932437
gym-e2-rv_momo_b.encounter,taunt-instrument,171,Victory,8,0,8,64,9,60,0,87,-1,,0,5,0,2382907765
gym-e2-rv_momo_b.encounter,taunt-instrument,172,Victory,7,0,7,56,3,100,0,100,-1,,0,6,0,2178982395
gym-e2-rv_momo_b.encounter,taunt-instrument,173,Victory,7,0,7,56,9,90,0,100,-1,,0,4,0,2754934667
gym-e2-rv_momo_b.encounter,taunt-instrument,174,Victory,7,0,7,56,9,60,0,100,-1,,0,4,0,3505701147
gym-e2-rv_momo_b.encounter,taunt-instrument,175,Defeat,7,0,7,56,16,0,1,128,-1,,0,8,0,2089629934
gym-e2-rv_momo_b.encounter,taunt-instrument,176,Victory,7,0,7,56,8,60,0,100,-1,,0,4,0,3502545858
gym-e2-rv_momo_b.encounter,taunt-instrument,177,Victory,7,0,7,56,8,60,0,100,-1,,0,4,0,4089523202
gym-e2-rv_momo_b.encounter,taunt-instrument,178,Defeat,8,0,8,64,13,0,1,112,-1,,0,5,0,3611698115
gym-e2-rv_momo_b.encounter,taunt-instrument,179,Victory,9,0,9,72,15,40,0,88,-1,,0,7,0,308479689
gym-e2-rv_momo_b.encounter,taunt-instrument,180,Defeat,8,0,8,64,11,0,1,112,-1,,0,8,0,31559744
gym-e2-rv_momo_b.encounter,taunt-instrument,181,Victory,7,0,7,56,6,60,0,100,-1,,0,4,0,4089523202
gym-e2-rv_momo_b.encounter,taunt-instrument,182,Victory,7,0,7,56,9,60,0,100,-1,,0,4,0,899938059
gym-e2-rv_momo_b.encounter,taunt-instrument,183,Victory,7,0,7,56,8,60,0,100,-1,,0,4,0,3439676086
gym-e2-rv_momo_b.encounter,taunt-instrument,184,Victory,7,0,7,56,6,90,0,100,-1,,0,4,0,2815156564
gym-e2-rv_momo_b.encounter,taunt-instrument,185,Victory,8,0,8,64,11,60,0,87,-1,,0,5,0,3154859015
gym-e2-rv_momo_b.encounter,taunt-instrument,186,Victory,9,0,9,72,15,70,0,88,-1,,0,6,0,844984498
gym-e2-rv_momo_b.encounter,taunt-instrument,187,Victory,7,0,7,56,8,60,0,100,-1,,0,4,0,4089523202
gym-e2-rv_momo_b.encounter,taunt-instrument,188,Victory,9,0,9,72,16,40,0,88,-1,,0,7,0,2285729986
gym-e2-rv_momo_b.encounter,taunt-instrument,189,Defeat,8,0,8,64,14,0,1,100,-1,,0,9,0,3060214919
gym-e2-rv_momo_b.encounter,taunt-instrument,190,Victory,7,0,7,56,7,80,0,100,-1,,0,4,0,2505597922
gym-e2-rv_momo_b.encounter,taunt-instrument,191,Victory,9,0,9,72,7,50,0,100,-1,,0,8,0,282240380
gym-e2-rv_momo_b.encounter,taunt-instrument,192,Defeat,7,0,7,56,8,0,1,128,-1,,0,7,0,1294911374
gym-e2-rv_momo_b.encounter,taunt-instrument,193,Victory,10,0,10,80,21,10,0,90,-1,,0,7,0,3450114929
gym-e2-rv_momo_b.encounter,taunt-instrument,194,Defeat,8,0,8,64,10,0,1,125,-1,,0,8,0,1568460543
gym-e2-rv_momo_b.encounter,taunt-instrument,195,Victory,7,0,7,56,8,60,0,100,-1,,0,4,0,4089523202
gym-e2-rv_momo_b.encounter,taunt-instrument,196,Victory,8,0,8,64,13,60,0,75,-1,,0,6,0,2734136407
gym-e2-rv_momo_b.encounter,taunt-instrument,197,Victory,7,0,7,56,7,60,0,100,-1,,0,4,0,1501001693
gym-e2-rv_momo_b.encounter,taunt-instrument,198,Defeat,7,0,7,56,9,0,1,128,-1,,0,7,0,3953907054
gym-e2-rv_momo_b.encounter,taunt-instrument,199,Victory,8,0,8,64,18,20,0,100,-1,,0,8,0,699906452
gym-e2-rv_momo_b.encounter,taunt-instrument,200,Victory,7,0,7,56,6,100,0,71,-1,,0,4,0,2824649422
gym-e2-rv_momo_b.encounter,counter-reserve,1,Victory,8,0,8,64,17,50,0,100,-1,,0,8,0,705078329
gym-e2-rv_momo_b.encounter,counter-reserve,2,Defeat,9,0,9,72,27,0,1,100,-1,,0,9,0,759302747
gym-e2-rv_momo_b.encounter,counter-reserve,3,Victory,8,0,8,64,18,60,0,100,-1,,0,5,0,2306529470
gym-e2-rv_momo_b.encounter,counter-reserve,4,Defeat,9,0,9,72,28,0,1,111,-1,,0,12,0,3503948284
gym-e2-rv_momo_b.encounter,counter-reserve,5,Victory,8,0,8,64,18,40,0,100,-1,,0,8,0,1883542445
gym-e2-rv_momo_b.encounter,counter-reserve,6,Victory,9,0,9,72,23,50,0,88,-1,,0,8,0,195672805
gym-e2-rv_momo_b.encounter,counter-reserve,7,Defeat,10,0,10,80,33,0,1,100,-1,,0,10,0,2727398510
gym-e2-rv_momo_b.encounter,counter-reserve,8,Victory,7,0,7,56,18,60,0,100,-1,,0,7,0,1204857473
gym-e2-rv_momo_b.encounter,counter-reserve,9,Defeat,8,0,8,64,26,0,1,125,-1,,0,10,0,4068777738
gym-e2-rv_momo_b.encounter,counter-reserve,10,Defeat,6,0,6,48,21,0,2,150,-1,,0,7,0,1726301098
gym-e2-rv_momo_b.encounter,counter-reserve,11,Victory,7,0,7,56,18,60,0,100,-1,,0,7,0,1204857473
gym-e2-rv_momo_b.encounter,counter-reserve,12,Victory,7,0,7,56,18,60,0,100,-1,,0,7,0,1204857473
gym-e2-rv_momo_b.encounter,counter-reserve,13,Victory,8,0,8,64,17,20,0,100,-1,,0,8,0,731525796
gym-e2-rv_momo_b.encounter,counter-reserve,14,Defeat,7,0,7,56,21,0,1,114,-1,,0,8,0,318762560
gym-e2-rv_momo_b.encounter,counter-reserve,15,Victory,8,0,8,64,19,20,0,100,-1,,0,8,0,2269879931
gym-e2-rv_momo_b.encounter,counter-reserve,16,Defeat,6,0,6,48,21,0,1,133,-1,,0,7,0,33741871
gym-e2-rv_momo_b.encounter,counter-reserve,17,Victory,7,0,7,56,14,40,0,100,-1,,0,7,0,3113488486
gym-e2-rv_momo_b.encounter,counter-reserve,18,Victory,7,0,7,56,18,60,0,100,-1,,0,7,0,1204857473
gym-e2-rv_momo_b.encounter,counter-reserve,19,Victory,7,0,7,56,18,60,0,100,-1,,0,7,0,1204857473
gym-e2-rv_momo_b.encounter,counter-reserve,20,Victory,8,0,8,64,23,60,0,87,-1,,0,7,0,669241143
gym-e2-rv_momo_b.encounter,counter-reserve,21,Defeat,6,0,6,48,21,0,1,133,-1,,0,7,0,3902579583
gym-e2-rv_momo_b.encounter,counter-reserve,22,Victory,7,0,7,56,18,60,0,100,-1,,0,7,0,1204857473
gym-e2-rv_momo_b.encounter,counter-reserve,23,Defeat,7,0,7,56,25,0,1,128,-1,,0,8,0,477330792
gym-e2-rv_momo_b.encounter,counter-reserve,24,Defeat,6,0,6,48,24,0,1,133,-1,,0,7,0,737750628
gym-e2-rv_momo_b.encounter,counter-reserve,25,Victory,7,0,7,56,18,60,0,100,-1,,0,7,0,1204857473
gym-e2-rv_momo_b.encounter,counter-reserve,26,Victory,8,0,8,64,17,60,0,100,-1,,0,8,0,367810703
gym-e2-rv_momo_b.encounter,counter-reserve,27,Victory,8,0,8,64,19,20,0,100,-1,,0,8,0,2269879931
gym-e2-rv_momo_b.encounter,counter-reserve,28,Defeat,8,0,8,64,27,0,1,137,-1,,0,10,0,3494752089
gym-e2-rv_momo_b.encounter,counter-reserve,29,Victory,7,0,7,56,18,60,0,100,-1,,0,7,0,1204857473
gym-e2-rv_momo_b.encounter,counter-reserve,30,Defeat,9,0,9,72,29,0,1,100,-1,,0,8,0,3112686232
gym-e2-rv_momo_b.encounter,counter-reserve,31,Defeat,8,0,8,64,28,0,1,112,-1,,0,10,0,3130684132
gym-e2-rv_momo_b.encounter,counter-reserve,32,Defeat,6,0,6,48,18,0,2,150,-1,,0,7,0,3569458132
gym-e2-rv_momo_b.encounter,counter-reserve,33,Victory,7,0,7,56,18,60,0,100,-1,,0,7,0,1204857473
gym-e2-rv_momo_b.encounter,counter-reserve,34,Defeat,7,0,7,56,19,0,1,114,-1,,0,7,0,3859051870
gym-e2-rv_momo_b.encounter,counter-reserve,35,Victory,8,0,8,64,18,40,0,100,-1,,0,8,0,3883145799
gym-e2-rv_momo_b.encounter,counter-reserve,36,Victory,9,0,9,72,25,20,0,88,-1,,0,9,0,3373017146
gym-e2-rv_momo_b.encounter,counter-reserve,37,Victory,8,0,8,64,18,40,0,100,-1,,0,8,0,1883542445
gym-e2-rv_momo_b.encounter,counter-reserve,38,Defeat,7,0,7,56,29,0,1,128,-1,,0,9,0,2259063919
gym-e2-rv_momo_b.encounter,counter-reserve,39,Victory,8,0,8,64,20,20,0,112,-1,,0,9,0,1992407307
gym-e2-rv_momo_b.encounter,counter-reserve,40,Victory,7,0,7,56,14,40,0,100,-1,,0,7,0,1567080580
gym-e2-rv_momo_b.encounter,counter-reserve,41,Defeat,9,0,9,72,35,0,1,100,-1,,0,11,0,2991515198
gym-e2-rv_momo_b.encounter,counter-reserve,42,Victory,7,0,7,56,18,60,0,100,-1,,0,7,0,1204857473
gym-e2-rv_momo_b.encounter,counter-reserve,43,Defeat,6,0,6,48,14,0,1,116,-1,,0,6,0,3449573206
gym-e2-rv_momo_b.encounter,counter-reserve,44,Defeat,8,0,8,64,40,0,2,112,-1,,0,9,0,2232486186
gym-e2-rv_momo_b.encounter,counter-reserve,45,Defeat,9,0,9,72,36,0,1,100,-1,,0,12,0,1120173371
gym-e2-rv_momo_b.encounter,counter-reserve,46,Defeat,8,0,8,64,28,0,1,100,-1,,0,10,0,2082452668
gym-e2-rv_momo_b.encounter,counter-reserve,47,Victory,7,0,7,56,18,60,0,100,-1,,0,7,0,1204857473
gym-e2-rv_momo_b.encounter,counter-reserve,48,Victory,7,0,7,56,18,60,0,100,-1,,0,7,0,1204857473
gym-e2-rv_momo_b.encounter,counter-reserve,49,Defeat,6,0,6,48,21,0,1,133,-1,,0,7,0,3902579583
gym-e2-rv_momo_b.encounter,counter-reserve,50,Victory,10,0,10,80,27,40,0,90,-1,,0,10,0,1659516029
gym-e2-rv_momo_b.encounter,counter-reserve,51,Defeat,7,0,7,56,24,0,1,128,-1,,0,8,0,448154866
gym-e2-rv_momo_b.encounter,counter-reserve,52,Victory,9,0,9,72,24,60,0,100,-1,,0,9,0,2284370595
gym-e2-rv_momo_b.encounter,counter-reserve,53,Defeat,8,0,8,64,22,0,1,112,-1,,0,9,0,819940600
gym-e2-rv_momo_b.encounter,counter-reserve,54,Defeat,10,0,10,80,23,0,1,100,-1,,0,10,0,3256319865
gym-e2-rv_momo_b.encounter,counter-reserve,55,Defeat,7,0,7,56,22,0,1,114,-1,,0,7,0,3951512649
gym-e2-rv_momo_b.encounter,counter-reserve,56,Victory,7,0,7,56,18,60,0,100,-1,,0,7,0,1204857473
gym-e2-rv_momo_b.encounter,counter-reserve,57,Victory,8,0,8,64,18,20,0,100,-1,,0,8,0,3942590450
gym-e2-rv_momo_b.encounter,counter-reserve,58,Defeat,8,0,8,64,20,0,1,100,-1,,0,8,0,3339175562
gym-e2-rv_momo_b.encounter,counter-reserve,59,Victory,8,0,8,64,19,40,0,100,-1,,0,8,0,4009463867
gym-e2-rv_momo_b.encounter,counter-reserve,60,Defeat,6,0,6,48,22,0,1,133,-1,,0,7,0,3608766484
gym-e2-rv_momo_b.encounter,counter-reserve,61,Victory,8,0,8,64,19,20,0,100,-1,,0,8,0,1392287565
gym-e2-rv_momo_b.encounter,counter-reserve,62,Victory,8,0,8,64,17,70,0,100,-1,,0,8,0,4236193670
gym-e2-rv_momo_b.encounter,counter-reserve,63,Victory,9,0,9,72,19,10,0,100,-1,,0,9,0,1195056758
gym-e2-rv_momo_b.encounter,counter-reserve,64,Victory,8,0,8,64,23,40,0,100,-1,,0,8,0,172967472
gym-e2-rv_momo_b.encounter,counter-reserve,65,Victory,9,0,9,72,20,40,0,100,-1,,0,9,0,1955331373
gym-e2-rv_momo_b.encounter,counter-reserve,66,Victory,8,0,8,64,18,40,0,100,-1,,0,8,0,2962643688
gym-e2-rv_momo_b.encounter,counter-reserve,67,Victory,7,0,7,56,18,60,0,100,-1,,0,7,0,1204857473
gym-e2-rv_momo_b.encounter,counter-reserve,68,Victory,10,0,10,80,21,10,0,100,-1,,0,10,0,2877855520
gym-e2-rv_momo_b.encounter,counter-reserve,69,Defeat,6,0,6,48,23,0,2,150,-1,,0,7,0,13085872
gym-e2-rv_momo_b.encounter,counter-reserve,70,Victory,7,0,7,56,18,60,0,100,-1,,0,7,0,1204857473
gym-e2-rv_momo_b.encounter,counter-reserve,71,Victory,8,0,8,64,20,80,0,87,-1,,0,8,0,4080362877
gym-e2-rv_momo_b.encounter,counter-reserve,72,Defeat,7,0,7,56,18,0,1,128,-1,,0,8,0,1885894839
gym-e2-rv_momo_b.encounter,counter-reserve,73,Victory,9,0,9,72,25,20,0,88,-1,,0,9,0,2426101707
gym-e2-rv_momo_b.encounter,counter-reserve,74,Victory,8,0,8,64,17,40,0,100,-1,,0,8,0,2293108358
gym-e2-rv_momo_b.encounter,counter-reserve,75,Victory,12,0,12,96,39,20,0,66,-1,,0,9,0,3793247818
gym-e2-rv_momo_b.encounter,counter-reserve,76,Victory,10,0,10,80,27,50,0,70,-1,,0,8,0,4268611370
gym-e2-rv_momo_b.encounter,counter-reserve,77,Victory,7,0,7,56,18,60,0,100,-1,,0,7,0,1204857473
gym-e2-rv_momo_b.encounter,counter-reserve,78,Victory,8,0,8,64,19,20,0,100,-1,,0,8,0,2218917691
gym-e2-rv_momo_b.encounter,counter-reserve,79,Victory,10,0,10,80,30,30,0,90,-1,,0,12,0,2918972684
gym-e2-rv_momo_b.encounter,counter-reserve,80,Victory,9,0,9,72,18,50,0,77,-1,,0,6,0,1877784395
gym-e2-rv_momo_b.encounter,counter-reserve,81,Defeat,7,0,7,56,20,0,1,128,-1,,0,8,0,1794388179
gym-e2-rv_momo_b.encounter,counter-reserve,82,Victory,7,0,7,56,18,60,0,100,-1,,0,7,0,1204857473
gym-e2-rv_momo_b.encounter,counter-reserve,83,Defeat,7,0,7,56,22,0,1,128,-1,,0,8,0,3675033579
gym-e2-rv_momo_b.encounter,counter-reserve,84,Victory,7,0,7,56,18,60,0,100,-1,,0,7,0,1204857473
gym-e2-rv_momo_b.encounter,counter-reserve,85,Defeat,9,0,9,72,34,0,1,100,-1,,0,8,0,851414962
gym-e2-rv_momo_b.encounter,counter-reserve,86,Defeat,6,0,6,48,18,0,1,133,-1,,0,7,0,4071854132
gym-e2-rv_momo_b.encounter,counter-reserve,87,Victory,9,0,9,72,27,60,0,77,-1,,0,10,0,86871531
gym-e2-rv_momo_b.encounter,counter-reserve,88,Defeat,6,0,6,48,24,0,2,150,-1,,0,7,0,663609596
gym-e2-rv_momo_b.encounter,counter-reserve,89,Defeat,8,0,8,64,25,0,1,112,-1,,0,10,0,3587441055
gym-e2-rv_momo_b.encounter,counter-reserve,90,Victory,7,0,7,56,18,60,0,100,-1,,0,7,0,1204857473
gym-e2-rv_momo_b.encounter,counter-reserve,91,Victory,7,0,7,56,18,60,0,100,-1,,0,7,0,1204857473
gym-e2-rv_momo_b.encounter,counter-reserve,92,Victory,7,0,7,56,18,60,0,100,-1,,0,7,0,1204857473
gym-e2-rv_momo_b.encounter,counter-reserve,93,Defeat,8,0,8,64,25,0,1,100,-1,,0,8,0,3193659459
gym-e2-rv_momo_b.encounter,counter-reserve,94,Victory,7,0,7,56,18,60,0,100,-1,,0,7,0,1204857473
gym-e2-rv_momo_b.encounter,counter-reserve,95,Defeat,6,0,6,48,17,0,2,150,-1,,0,7,0,1764151200
gym-e2-rv_momo_b.encounter,counter-reserve,96,Defeat,7,0,7,56,22,0,1,128,-1,,0,8,0,459186613
gym-e2-rv_momo_b.encounter,counter-reserve,97,Defeat,7,0,7,56,26,0,2,114,-1,,0,8,0,2294224829
gym-e2-rv_momo_b.encounter,counter-reserve,98,Defeat,7,0,7,56,24,0,1,128,-1,,0,8,0,1402490920
gym-e2-rv_momo_b.encounter,counter-reserve,99,Victory,8,0,8,64,18,40,0,100,-1,,0,8,0,3883145799
gym-e2-rv_momo_b.encounter,counter-reserve,100,Victory,10,0,10,80,29,10,0,90,-1,,0,9,0,116405531
gym-e2-rv_momo_b.encounter,counter-reserve,101,Victory,8,0,8,64,21,50,0,100,-1,,0,8,0,565058411
gym-e2-rv_momo_b.encounter,counter-reserve,102,Defeat,7,0,7,56,24,0,1,114,-1,,0,8,0,1552459430
gym-e2-rv_momo_b.encounter,counter-reserve,103,Victory,7,0,7,56,18,60,0,100,-1,,0,7,0,1204857473
gym-e2-rv_momo_b.encounter,counter-reserve,104,Victory,8,0,8,64,18,40,0,100,-1,,0,8,0,3883145799
gym-e2-rv_momo_b.encounter,counter-reserve,105,Victory,9,0,9,72,25,20,0,88,-1,,0,9,0,219628156
gym-e2-rv_momo_b.encounter,counter-reserve,106,Defeat,7,0,7,56,22,0,1,128,-1,,0,8,0,2202710896
gym-e2-rv_momo_b.encounter,counter-reserve,107,Defeat,8,0,8,64,29,0,1,112,-1,,0,9,0,2172132914
gym-e2-rv_momo_b.encounter,counter-reserve,108,Victory,10,0,10,80,31,20,0,100,-1,,0,11,0,3325488256
gym-e2-rv_momo_b.encounter,counter-reserve,109,Defeat,8,0,8,64,24,0,1,100,-1,,0,8,0,2319992952
gym-e2-rv_momo_b.encounter,counter-reserve,110,Defeat,7,0,7,56,27,0,2,142,-1,,0,9,0,3321705864
gym-e2-rv_momo_b.encounter,counter-reserve,111,Victory,9,0,9,72,24,30,0,100,-1,,0,9,0,2512613236
gym-e2-rv_momo_b.encounter,counter-reserve,112,Victory,8,0,8,64,19,20,0,100,-1,,0,8,0,767937465
gym-e2-rv_momo_b.encounter,counter-reserve,113,Defeat,7,0,7,56,23,0,1,128,-1,,0,8,0,2979715866
gym-e2-rv_momo_b.encounter,counter-reserve,114,Defeat,8,0,8,64,22,0,1,112,-1,,0,9,0,159749216
gym-e2-rv_momo_b.encounter,counter-reserve,115,Defeat,8,0,8,64,22,0,1,112,-1,,0,8,0,1967395911
gym-e2-rv_momo_b.encounter,counter-reserve,116,Victory,9,0,9,72,27,20,0,88,-1,,0,9,0,736163409
gym-e2-rv_momo_b.encounter,counter-reserve,117,Victory,8,0,8,64,18,20,0,100,-1,,0,8,0,3601287744
gym-e2-rv_momo_b.encounter,counter-reserve,118,Victory,8,0,8,64,19,20,0,100,-1,,0,8,0,1022942607
gym-e2-rv_momo_b.encounter,counter-reserve,119,Victory,10,0,10,80,30,10,0,90,-1,,0,10,0,295507234
gym-e2-rv_momo_b.encounter,counter-reserve,120,Defeat,8,0,8,64,25,0,1,112,-1,,0,9,0,3339060489
gym-e2-rv_momo_b.encounter,counter-reserve,121,Defeat,7,0,7,56,20,0,1,128,-1,,0,8,0,3960815435
gym-e2-rv_momo_b.encounter,counter-reserve,122,Victory,7,0,7,56,18,60,0,100,-1,,0,7,0,1204857473
gym-e2-rv_momo_b.encounter,counter-reserve,123,Victory,7,0,7,56,18,60,0,100,-1,,0,7,0,1204857473
gym-e2-rv_momo_b.encounter,counter-reserve,124,Defeat,8,0,8,64,21,0,1,112,-1,,0,9,0,2634534867
gym-e2-rv_momo_b.encounter,counter-reserve,125,Defeat,6,0,6,48,14,0,1,116,-1,,0,6,0,3449573206
gym-e2-rv_momo_b.encounter,counter-reserve,126,Victory,10,0,10,80,27,50,0,90,-1,,0,10,0,3532734099
gym-e2-rv_momo_b.encounter,counter-reserve,127,Victory,7,0,7,56,18,60,0,100,-1,,0,7,0,1204857473
gym-e2-rv_momo_b.encounter,counter-reserve,128,Victory,9,0,9,72,23,20,0,100,-1,,0,9,0,3480981791
gym-e2-rv_momo_b.encounter,counter-reserve,129,Victory,7,0,7,56,18,60,0,100,-1,,0,7,0,1204857473
gym-e2-rv_momo_b.encounter,counter-reserve,130,Victory,7,0,7,56,18,60,0,100,-1,,0,7,0,1204857473
gym-e2-rv_momo_b.encounter,counter-reserve,131,Victory,7,0,7,56,16,60,0,100,-1,,0,7,0,1204857473
gym-e2-rv_momo_b.encounter,counter-reserve,132,Victory,8,0,8,64,19,20,0,100,-1,,0,8,0,1945543421
gym-e2-rv_momo_b.encounter,counter-reserve,133,Victory,8,0,8,64,22,20,0,100,-1,,0,9,0,3745574489
gym-e2-rv_momo_b.encounter,counter-reserve,134,Defeat,7,0,7,56,22,0,1,114,-1,,0,7,0,1281657394
gym-e2-rv_momo_b.encounter,counter-reserve,135,Victory,9,0,9,72,30,20,0,88,-1,,0,9,0,2989872183
gym-e2-rv_momo_b.encounter,counter-reserve,136,Defeat,6,0,6,48,22,0,1,133,-1,,0,7,0,3608766484
gym-e2-rv_momo_b.encounter,counter-reserve,137,Victory,8,0,8,64,13,70,0,100,-1,,0,9,0,184648077
gym-e2-rv_momo_b.encounter,counter-reserve,138,Victory,9,0,9,72,28,50,0,88,-1,,0,9,0,2359605543
gym-e2-rv_momo_b.encounter,counter-reserve,139,Victory,7,0,7,56,18,60,0,100,-1,,0,7,0,1204857473
gym-e2-rv_momo_b.encounter,counter-reserve,140,Defeat,7,0,7,56,17,0,1,114,-1,,0,7,0,264750316
gym-e2-rv_momo_b.encounter,counter-reserve,141,Victory,8,0,8,64,18,60,0,100,-1,,0,8,0,514291091
gym-e2-rv_momo_b.encounter,counter-reserve,142,Victory,10,0,10,80,30,10,0,90,-1,,0,11,0,1285044230
gym-e2-rv_momo_b.encounter,counter-reserve,143,Defeat,8,0,8,64,34,0,1,100,-1,,0,9,0,3572052296
gym-e2-rv_momo_b.encounter,counter-reserve,144,Victory,8,0,8,64,17,40,0,100,-1,,0,8,0,3934194631
gym-e2-rv_momo_b.encounter,counter-reserve,145,Victory,8,0,8,64,24,50,0,100,-1,,0,8,0,2759669728
gym-e2-rv_momo_b.encounter,counter-reserve,146,Victory,9,0,9,72,20,70,0,100,-1,,0,9,0,2926628850
gym-e2-rv_momo_b.encounter,counter-reserve,147,Victory,8,0,8,64,19,20,0,100,-1,,0,8,0,3606229325
gym-e2-rv_momo_b.encounter,counter-reserve,148,Defeat,6,0,6,48,20,0,1,133,-1,,0,7,0,218202339
gym-e2-rv_momo_b.encounter,counter-reserve,149,Victory,9,0,9,72,11,20,0,100,-1,,0,8,0,925752161
gym-e2-rv_momo_b.encounter,counter-reserve,150,Defeat,8,0,8,64,24,0,1,112,-1,,0,9,0,381315664
gym-e2-rv_momo_b.encounter,counter-reserve,151,Victory,8,0,8,64,18,20,0,100,-1,,0,8,0,753223088
gym-e2-rv_momo_b.encounter,counter-reserve,152,Defeat,9,0,9,72,24,0,1,111,-1,,0,9,0,2602360331
gym-e2-rv_momo_b.encounter,counter-reserve,153,Victory,8,0,8,64,18,40,0,100,-1,,0,8,0,1112430815
gym-e2-rv_momo_b.encounter,counter-reserve,154,Defeat,7,0,7,56,22,0,1,128,-1,,0,8,0,2265297550
gym-e2-rv_momo_b.encounter,counter-reserve,155,Defeat,7,0,7,56,17,0,1,128,-1,,0,8,0,2156096979
gym-e2-rv_momo_b.encounter,counter-reserve,156,Defeat,8,0,8,64,27,0,1,125,-1,,0,9,0,2938916196
gym-e2-rv_momo_b.encounter,counter-reserve,157,Defeat,6,0,6,48,24,0,1,133,-1,,0,7,0,1945929940
gym-e2-rv_momo_b.encounter,counter-reserve,158,Victory,7,0,7,56,18,60,0,100,-1,,0,7,0,1204857473
gym-e2-rv_momo_b.encounter,counter-reserve,159,Victory,8,0,8,64,23,20,0,100,-1,,0,8,0,2190529518
gym-e2-rv_momo_b.encounter,counter-reserve,160,Defeat,7,0,7,56,21,0,1,114,-1,,0,8,0,1381004284
gym-e2-rv_momo_b.encounter,counter-reserve,161,Defeat,8,0,8,64,22,0,1,125,-1,,0,9,0,2242611756
gym-e2-rv_momo_b.encounter,counter-reserve,162,Victory,8,0,8,64,19,60,0,87,-1,,0,8,0,2200851718
gym-e2-rv_momo_b.encounter,counter-reserve,163,Victory,7,0,7,56,18,60,0,100,-1,,0,7,0,1204857473
gym-e2-rv_momo_b.encounter,counter-reserve,164,Victory,8,0,8,64,20,40,0,112,-1,,0,9,0,1447255816
gym-e2-rv_momo_b.encounter,counter-reserve,165,Victory,7,0,7,56,18,60,0,100,-1,,0,7,0,1204857473
gym-e2-rv_momo_b.encounter,counter-reserve,166,Defeat,7,0,7,56,21,0,1,128,-1,,0,8,0,192781293
gym-e2-rv_momo_b.encounter,counter-reserve,167,Victory,9,0,9,72,26,30,0,88,-1,,0,9,0,867668184
gym-e2-rv_momo_b.encounter,counter-reserve,168,Victory,9,0,9,72,24,30,0,100,-1,,0,9,0,3922104601
gym-e2-rv_momo_b.encounter,counter-reserve,169,Victory,8,0,8,64,11,20,0,100,-1,,0,8,0,188350117
gym-e2-rv_momo_b.encounter,counter-reserve,170,Victory,7,0,7,56,16,60,0,100,-1,,0,7,0,1204857473
gym-e2-rv_momo_b.encounter,counter-reserve,171,Victory,8,0,8,64,19,50,0,100,-1,,0,8,0,3107098717
gym-e2-rv_momo_b.encounter,counter-reserve,172,Defeat,7,0,7,56,26,0,1,114,-1,,0,9,0,1691005691
gym-e2-rv_momo_b.encounter,counter-reserve,173,Victory,9,0,9,72,26,60,0,100,-1,,0,9,0,665574066
gym-e2-rv_momo_b.encounter,counter-reserve,174,Victory,7,0,7,56,18,60,0,100,-1,,0,7,0,1204857473
gym-e2-rv_momo_b.encounter,counter-reserve,175,Defeat,8,0,8,64,24,0,1,137,-1,,0,10,0,1973891949
gym-e2-rv_momo_b.encounter,counter-reserve,176,Victory,7,0,7,56,18,60,0,100,-1,,0,7,0,1204857473
gym-e2-rv_momo_b.encounter,counter-reserve,177,Victory,9,0,9,72,30,20,0,88,-1,,0,9,0,4113225077
gym-e2-rv_momo_b.encounter,counter-reserve,178,Victory,8,0,8,64,18,20,0,100,-1,,0,8,0,515467616
gym-e2-rv_momo_b.encounter,counter-reserve,179,Defeat,8,0,8,64,20,0,1,112,-1,,0,8,0,771049997
gym-e2-rv_momo_b.encounter,counter-reserve,180,Victory,8,0,8,64,15,110,0,75,-1,,0,6,0,528827345
gym-e2-rv_momo_b.encounter,counter-reserve,181,Victory,8,0,8,64,25,40,0,87,-1,,0,8,0,238258722
gym-e2-rv_momo_b.encounter,counter-reserve,182,Victory,8,0,8,64,18,40,0,100,-1,,0,8,0,3636071165
gym-e2-rv_momo_b.encounter,counter-reserve,183,Victory,7,0,7,56,18,60,0,100,-1,,0,7,0,1204857473
gym-e2-rv_momo_b.encounter,counter-reserve,184,Victory,7,0,7,56,18,60,0,100,-1,,0,7,0,1204857473
gym-e2-rv_momo_b.encounter,counter-reserve,185,Victory,7,0,7,56,18,60,0,100,-1,,0,7,0,1204857473
gym-e2-rv_momo_b.encounter,counter-reserve,186,Victory,11,0,11,88,30,20,0,81,-1,,0,12,0,2292302361
gym-e2-rv_momo_b.encounter,counter-reserve,187,Victory,7,0,7,56,18,60,0,100,-1,,0,7,0,1204857473
gym-e2-rv_momo_b.encounter,counter-reserve,188,Defeat,8,0,8,64,23,0,1,112,-1,,0,8,0,1747526722
gym-e2-rv_momo_b.encounter,counter-reserve,189,Defeat,8,0,8,64,16,0,1,112,-1,,0,9,0,1562747148
gym-e2-rv_momo_b.encounter,counter-reserve,190,Victory,10,0,10,80,34,20,0,80,-1,,0,10,0,1966717686
gym-e2-rv_momo_b.encounter,counter-reserve,191,Defeat,8,0,8,64,21,0,1,125,-1,,0,9,0,2996318374
gym-e2-rv_momo_b.encounter,counter-reserve,192,Defeat,7,0,7,56,18,0,1,114,-1,,0,7,0,2437539283
gym-e2-rv_momo_b.encounter,counter-reserve,193,Victory,8,0,8,64,20,40,0,100,-1,,0,8,0,2413930315
gym-e2-rv_momo_b.encounter,counter-reserve,194,Victory,10,0,10,80,31,20,0,90,-1,,0,12,0,132689977
gym-e2-rv_momo_b.encounter,counter-reserve,195,Victory,8,0,8,64,24,20,0,100,-1,,0,8,0,3705964486
gym-e2-rv_momo_b.encounter,counter-reserve,196,Defeat,7,0,7,56,30,0,1,142,-1,,0,9,0,3120725877
gym-e2-rv_momo_b.encounter,counter-reserve,197,Defeat,7,0,7,56,26,0,1,128,-1,,0,8,0,2236062870
gym-e2-rv_momo_b.encounter,counter-reserve,198,Defeat,6,0,6,48,21,0,1,133,-1,,0,7,0,3902579583
gym-e2-rv_momo_b.encounter,counter-reserve,199,Defeat,7,0,7,56,16,0,1,114,-1,,0,7,0,82270753
gym-e2-rv_momo_b.encounter,counter-reserve,200,Victory,8,0,8,64,15,20,0,100,-1,,0,8,0,3139091926
gym-e3-slow.encounter,attack-only,1,Victory,4,0,4,32,6,175,0,25,-1,,0,1,0,667592915
gym-e3-slow.encounter,attack-only,2,Victory,4,0,4,32,6,135,0,50,-1,,0,1,0,3953052719
gym-e3-slow.encounter,attack-only,3,Victory,5,0,5,40,9,115,0,60,-1,,0,3,0,605546025
gym-e3-slow.encounter,attack-only,4,Victory,6,0,6,48,7,65,0,83,-1,,0,5,0,1409220360
gym-e3-slow.encounter,attack-only,5,Victory,4,0,4,32,4,154,0,50,-1,,0,1,0,2301765778
gym-e3-slow.encounter,attack-only,6,Victory,4,0,4,32,6,175,0,25,-1,,0,1,0,2610974101
gym-e3-slow.encounter,attack-only,7,Victory,5,0,5,40,9,95,0,80,-1,,0,3,0,3118220995
gym-e3-slow.encounter,attack-only,8,Victory,4,0,4,32,6,135,0,50,-1,,0,1,0,3953052719
gym-e3-slow.encounter,attack-only,9,Victory,5,0,5,40,14,135,0,40,-1,,0,2,0,4267667062
gym-e3-slow.encounter,attack-only,10,Victory,5,0,5,40,5,75,0,80,-1,,0,3,0,1968586887
gym-e3-slow.encounter,attack-only,11,Victory,4,0,4,32,6,135,0,50,-1,,0,1,0,3953052719
gym-e3-slow.encounter,attack-only,12,Victory,4,0,4,32,6,135,0,50,-1,,0,1,0,3953052719
gym-e3-slow.encounter,attack-only,13,Victory,5,0,5,40,6,95,0,60,-1,,0,2,0,3337734936
gym-e3-slow.encounter,attack-only,14,Victory,5,0,5,40,14,55,0,100,-1,,0,4,0,3508434014
gym-e3-slow.encounter,attack-only,15,Victory,4,0,4,32,6,135,0,50,-1,,0,1,0,3953052719
gym-e3-slow.encounter,attack-only,16,Victory,5,0,5,40,9,95,0,80,-1,,0,3,0,3118220995
gym-e3-slow.encounter,attack-only,17,Victory,4,0,4,32,4,135,0,50,-1,,0,1,0,3953052719
gym-e3-slow.encounter,attack-only,18,Victory,4,0,4,32,6,135,0,50,-1,,0,1,0,3953052719
gym-e3-slow.encounter,attack-only,19,Victory,4,0,4,32,6,135,0,50,-1,,0,1,0,3953052719
gym-e3-slow.encounter,attack-only,20,Victory,4,0,4,32,4,155,0,25,-1,,0,1,0,2698459603
gym-e3-slow.encounter,attack-only,21,Victory,5,0,5,40,11,94,0,80,-1,,0,3,0,528443756
gym-e3-slow.encounter,attack-only,22,Victory,5,0,5,40,9,95,0,80,-1,,0,3,0,3547801010
gym-e3-slow.encounter,attack-only,23,Victory,5,0,5,40,7,95,0,60,-1,,0,2,0,275317100
gym-e3-slow.encounter,attack-only,24,Victory,5,0,5,40,11,94,0,80,-1,,0,3,0,528443756
gym-e3-slow.encounter,attack-only,25,Victory,4,0,4,32,6,135,0,50,-1,,0,1,0,3953052719
gym-e3-slow.encounter,attack-only,26,Victory,4,0,4,32,6,135,0,50,-1,,0,1,0,3953052719
gym-e3-slow.encounter,attack-only,27,Victory,4,0,4,32,6,135,0,50,-1,,0,1,0,3953052719
gym-e3-slow.encounter,attack-only,28,Victory,5,0,5,40,13,75,0,80,-1,,0,3,0,3322263769
gym-e3-slow.encounter,attack-only,29,Victory,4,0,4,32,6,175,0,25,-1,,0,1,0,577820741
gym-e3-slow.encounter,attack-only,30,Victory,4,0,4,32,4,175,0,25,-1,,0,1,0,1896858836
gym-e3-slow.encounter,attack-only,31,Victory,4,0,4,32,2,155,0,25,-1,,0,1,0,2698459603
gym-e3-slow.encounter,attack-only,32,Victory,6,0,6,48,9,85,0,83,-1,,0,4,0,1528551750
gym-e3-slow.encounter,attack-only,33,Victory,4,0,4,32,6,135,0,50,-1,,0,1,0,3953052719
gym-e3-slow.encounter,attack-only,34,Victory,5,0,5,40,7,55,0,80,-1,,0,3,0,1653563335
gym-e3-slow.encounter,attack-only,35,Victory,4,0,4,32,6,135,0,50,-1,,0,1,0,3953052719
gym-e3-slow.encounter,attack-only,36,Victory,4,0,4,32,6,135,0,50,-1,,0,1,0,3953052719
gym-e3-slow.encounter,attack-only,37,Victory,4,0,4,32,6,135,0,50,-1,,0,1,0,3953052719
gym-e3-slow.encounter,attack-only,38,Victory,5,0,5,40,4,65,0,80,-1,,0,3,0,3665594707
gym-e3-slow.encounter,attack-only,39,Victory,5,0,5,40,4,115,0,60,-1,,0,2,0,3119053809
gym-e3-slow.encounter,attack-only,40,Victory,4,0,4,32,4,135,0,50,-1,,0,1,0,3953052719
gym-e3-slow.encounter,attack-only,41,Victory,5,0,5,40,12,134,0,60,-1,,0,2,0,2101514901
gym-e3-slow.encounter,attack-only,42,Victory,4,0,4,32,6,135,0,50,-1,,0,1,0,3953052719
gym-e3-slow.encounter,attack-only,43,Victory,4,0,4,32,4,175,0,25,-1,,0,1,0,667592915
gym-e3-slow.encounter,attack-only,44,Victory,5,0,5,40,4,55,0,80,-1,,0,3,0,1038202838
gym-e3-slow.encounter,attack-only,45,Victory,5,0,5,40,5,75,0,80,-1,,0,3,0,1968586887
gym-e3-slow.encounter,attack-only,46,Victory,5,0,5,40,9,75,0,80,-1,,0,3,0,1284946273
gym-e3-slow.encounter,attack-only,47,Victory,4,0,4,32,6,135,0,50,-1,,0,1,0,3953052719
gym-e3-slow.encounter,attack-only,48,Victory,4,0,4,32,6,135,0,50,-1,,0,1,0,3953052719
gym-e3-slow.encounter,attack-only,49,Victory,5,0,5,40,9,95,0,80,-1,,0,3,0,3118220995
gym-e3-slow.encounter,attack-only,50,Victory,5,0,5,40,6,95,0,60,-1,,0,2,0,3337734936
gym-e3-slow.encounter,attack-only,51,Victory,4,0,4,32,6,155,0,50,-1,,0,1,0,922392917
gym-e3-slow.encounter,attack-only,52,Victory,4,0,4,32,6,155,0,50,-1,,0,1,0,3202784421
gym-e3-slow.encounter,attack-only,53,Victory,4,0,4,32,4,155,0,25,-1,,0,1,0,2940700992
gym-e3-slow.encounter,attack-only,54,Victory,4,0,4,32,4,154,0,50,-1,,0,1,0,2301765778
gym-e3-slow.encounter,attack-only,55,Victory,4,0,4,32,6,135,0,50,-1,,0,1,0,3953052719
gym-e3-slow.encounter,attack-only,56,Victory,4,0,4,32,6,135,0,50,-1,,0,1,0,3953052719
gym-e3-slow.encounter,attack-only,57,Victory,4,0,4,32,6,135,0,50,-1,,0,1,0,3953052719
gym-e3-slow.encounter,attack-only,58,Victory,5,0,5,40,5,75,0,80,-1,,0,3,0,1668882923
gym-e3-slow.encounter,attack-only,59,Victory,5,0,5,40,5,95,0,80,-1,,0,2,0,1448682383
gym-e3-slow.encounter,attack-only,60,Victory,5,0,5,40,5,75,0,80,-1,,0,3,0,1415268391
gym-e3-slow.encounter,attack-only,61,Victory,4,0,4,32,6,155,0,50,-1,,0,1,0,3166502117
gym-e3-slow.encounter,attack-only,62,Victory,5,0,5,40,7,145,0,60,-1,,0,2,0,4156363591
gym-e3-slow.encounter,attack-only,63,Victory,6,0,6,48,9,45,0,83,-1,,0,4,0,1094030149
gym-e3-slow.encounter,attack-only,64,Victory,5,0,5,40,6,95,0,60,-1,,0,2,0,612335384
gym-e3-slow.encounter,attack-only,65,Victory,5,0,5,40,6,115,0,60,-1,,0,2,0,617978390
gym-e3-slow.encounter,attack-only,66,Victory,4,0,4,32,6,135,0,50,-1,,0,1,0,3953052719
gym-e3-slow.encounter,attack-only,67,Victory,4,0,4,32,6,135,0,50,-1,,0,1,0,3953052719
gym-e3-slow.encounter,attack-only,68,Victory,5,0,5,40,4,95,0,60,-1,,0,2,0,2902212204
gym-e3-slow.encounter,attack-only,69,Victory,5,0,5,40,6,55,0,80,-1,,0,3,0,822271440
gym-e3-slow.encounter,attack-only,70,Victory,4,0,4,32,6,135,0,50,-1,,0,1,0,3953052719
gym-e3-slow.encounter,attack-only,71,Victory,4,0,4,32,1,125,0,75,-1,,0,2,0,2934971691
gym-e3-slow.encounter,attack-only,72,Victory,5,0,5,40,7,75,0,60,-1,,0,3,0,98856414
gym-e3-slow.encounter,attack-only,73,Victory,5,0,5,40,6,95,0,60,-1,,0,2,0,2991703512
gym-e3-slow.encounter,attack-only,74,Victory,5,0,5,40,7,135,0,60,-1,,0,2,0,3858591538
gym-e3-slow.encounter,attack-only,75,Victory,4,0,4,32,4,155,0,25,-1,,0,1,0,3053507235
gym-e3-slow.encounter,attack-only,76,Victory,5,0,5,40,5,75,0,60,-1,,0,3,0,3653172523
gym-e3-slow.encounter,attack-only,77,Victory,4,0,4,32,6,135,0,50,-1,,0,1,0,3953052719
gym-e3-slow.encounter,attack-only,78,Victory,4,0,4,32,6,135,0,50,-1,,0,1,0,3953052719
gym-e3-slow.encounter,attack-only,79,Victory,5,0,5,40,5,55,0,80,-1,,0,3,0,4133642021
gym-e3-slow.encounter,attack-only,80,Victory,4,0,4,32,3,165,0,50,-1,,0,1,0,228968745
gym-e3-slow.encounter,attack-only,81,Victory,5,0,5,40,6,115,0,80,-1,,0,2,0,3414204274
gym-e3-slow.encounter,attack-only,82,Victory,4,0,4,32,6,135,0,50,-1,,0,1,0,3953052719
gym-e3-slow.encounter,attack-only,83,Victory,7,0,7,56,8,74,0,71,-1,,0,4,0,2381231993
gym-e3-slow.encounter,attack-only,84,Victory,4,0,4,32,6,135,0,50,-1,,0,1,0,3953052719
gym-e3-slow.encounter,attack-only,85,Victory,4,0,4,32,4,155,0,25,-1,,0,1,0,322437214
gym-e3-slow.encounter,attack-only,86,Victory,5,0,5,40,5,55,0,80,-1,,0,3,0,4133642021
gym-e3-slow.encounter,attack-only,87,Victory,4,0,4,32,6,135,0,50,-1,,0,1,0,750973167
gym-e3-slow.encounter,attack-only,88,Victory,5,0,5,40,4,55,0,80,-1,,0,3,0,4114549719
gym-e3-slow.encounter,attack-only,89,Victory,4,0,4,32,4,155,0,50,-1,,0,1,0,3038611904
gym-e3-slow.encounter,attack-only,90,Victory,4,0,4,32,6,135,0,50,-1,,0,1,0,3953052719
gym-e3-slow.encounter,attack-only,91,Victory,4,0,4,32,6,135,0,50,-1,,0,1,0,3953052719
gym-e3-slow.encounter,attack-only,92,Victory,4,0,4,32,6,135,0,50,-1,,0,1,0,3953052719
gym-e3-slow.encounter,attack-only,93,Victory,4,0,4,32,6,135,0,50,-1,,0,1,0,3953052719
gym-e3-slow.encounter,attack-only,94,Victory,4,0,4,32,6,135,0,50,-1,,0,1,0,3953052719
gym-e3-slow.encounter,attack-only,95,Victory,5,0,5,40,0,85,0,80,-1,,0,3,0,1572051474
gym-e3-slow.encounter,attack-only,96,Victory,5,0,5,40,10,115,0,60,-1,,0,2,0,2264359712
gym-e3-slow.encounter,attack-only,97,Victory,4,0,4,32,3,145,0,50,-1,,0,1,0,2800700953
gym-e3-slow.encounter,attack-only,98,Victory,5,0,5,40,6,55,0,80,-1,,0,3,0,1658905351
gym-e3-slow.encounter,attack-only,99,Victory,4,0,4,32,6,135,0,50,-1,,0,1,0,3953052719
gym-e3-slow.encounter,attack-only,100,Victory,4,0,4,32,6,155,0,25,-1,,0,1,0,3370870823
gym-e3-slow.encounter,attack-only,101,Victory,4,0,4,32,6,135,0,50,-1,,0,1,0,3953052719
gym-e3-slow.encounter,attack-only,102,Victory,4,0,4,32,4,155,0,50,-1,,0,1,0,606523063
gym-e3-slow.encounter,attack-only,103,Victory,4,0,4,32,6,135,0,50,-1,,0,1,0,3953052719
gym-e3-slow.encounter,attack-only,104,Victory,4,0,4,32,6,135,0,50,-1,,0,1,0,3953052719
gym-e3-slow.encounter,attack-only,105,Victory,4,0,4,32,6,135,0,50,-1,,0,1,0,3953052719
gym-e3-slow.encounter,attack-only,106,Victory,5,0,5,40,14,55,0,80,-1,,0,4,0,2541088282
gym-e3-slow.encounter,attack-only,107,Victory,5,0,5,40,6,95,0,60,-1,,0,2,0,2081967980
gym-e3-slow.encounter,attack-only,108,Victory,5,0,5,40,6,95,0,60,-1,,0,2,0,2769450518
gym-e3-slow.encounter,attack-only,109,Victory,4,0,4,32,4,155,0,50,-1,,0,1,0,3166502117
gym-e3-slow.encounter,attack-only,110,Victory,5,0,5,40,6,95,0,60,-1,,0,2,0,3616150578
gym-e3-slow.encounter,attack-only,111,Victory,6,0,6,48,6,94,0,83,-1,,0,4,0,2745905355
gym-e3-slow.encounter,attack-only,112,Victory,5,0,5,40,6,95,0,60,-1,,0,2,0,709014026
gym-e3-slow.encounter,attack-only,113,Victory,6,0,6,48,11,35,0,83,-1,,0,4,0,3438844563
gym-e3-slow.encounter,attack-only,114,Victory,5,0,5,40,6,115,0,60,-1,,0,2,0,3705398342
gym-e3-slow.encounter,attack-only,115,Victory,5,0,5,40,4,115,0,40,-1,,0,4,0,4200972624
gym-e3-slow.encounter,attack-only,116,Victory,4,0,4,32,6,135,0,50,-1,,0,1,0,3953052719
gym-e3-slow.encounter,attack-only,117,Victory,4,0,4,32,6,135,0,50,-1,,0,1,0,3953052719
gym-e3-slow.encounter,attack-only,118,Victory,5,0,5,40,6,95,0,60,-1,,0,2,0,3090400650
gym-e3-slow.encounter,attack-only,119,Victory,5,0,5,40,7,95,0,60,-1,,0,2,0,3416402459
gym-e3-slow.encounter,attack-only,120,Victory,5,0,5,40,6,115,0,60,-1,,0,2,0,835002615
gym-e3-slow.encounter,attack-only,121,Victory,5,0,5,40,6,115,0,60,-1,,0,2,0,1572167524
gym-e3-slow.encounter,attack-only,122,Victory,4,0,4,32,6,135,0,50,-1,,0,1,0,3953052719
gym-e3-slow.encounter,attack-only,123,Victory,4,0,4,32,6,135,0,50,-1,,0,1,0,3953052719
gym-e3-slow.encounter,attack-only,124,Victory,4,0,4,32,4,115,0,75,-1,,0,2,0,360107731
gym-e3-slow.encounter,attack-only,125,Victory,4,0,4,32,4,155,0,25,-1,,0,1,0,3811566405
gym-e3-slow.encounter,attack-only,126,Victory,5,0,5,40,6,115,0,60,-1,,0,2,0,60546946
gym-e3-slow.encounter,attack-only,127,Victory,4,0,4,32,6,135,0,50,-1,,0,1,0,3953052719
gym-e3-slow.encounter,attack-only,128,Victory,5,0,5,40,6,95,0,60,-1,,0,2,0,548652168
gym-e3-slow.encounter,attack-only,129,Victory,4,0,4,32,6,135,0,50,-1,,0,1,0,3953052719
gym-e3-slow.encounter,attack-only,130,Victory,4,0,4,32,6,135,0,50,-1,,0,1,0,3953052719
gym-e3-slow.encounter,attack-only,131,Victory,4,0,4,32,3,145,0,50,-1,,0,1,0,2800700953
gym-e3-slow.encounter,attack-only,132,Victory,4,0,4,32,6,135,0,50,-1,,0,1,0,3953052719
gym-e3-slow.encounter,attack-only,133,Victory,5,0,5,40,6,95,0,60,-1,,0,2,0,2535984826
gym-e3-slow.encounter,attack-only,134,Victory,4,0,4,32,6,135,0,50,-1,,0,1,0,3953052719
gym-e3-slow.encounter,attack-only,135,Victory,4,0,4,32,6,135,0,50,-1,,0,1,0,3953052719
gym-e3-slow.encounter,attack-only,136,Victory,5,0,5,40,5,55,0,80,-1,,0,3,0,48095607
gym-e3-slow.encounter,attack-only,137,Victory,5,0,5,40,2,114,0,80,-1,,0,2,0,1947551165
gym-e3-slow.encounter,attack-only,138,Victory,4,0,4,32,6,135,0,50,-1,,0,1,0,3953052719
gym-e3-slow.encounter,attack-only,139,Victory,4,0,4,32,6,135,0,50,-1,,0,1,0,3953052719
gym-e3-slow.encounter,attack-only,140,Victory,5,0,5,40,6,75,0,80,-1,,0,3,0,1562027801
gym-e3-slow.encounter,attack-only,141,Victory,4,0,4,32,6,135,0,50,-1,,0,1,0,750973167
gym-e3-slow.encounter,attack-only,142,Victory,5,0,5,40,3,145,0,60,-1,,0,2,0,424222086
gym-e3-slow.encounter,attack-only,143,Victory,5,0,5,40,3,105,0,60,-1,,0,2,0,60634446
gym-e3-slow.encounter,attack-only,144,Victory,4,0,4,32,6,135,0,50,-1,,0,1,0,3953052719
gym-e3-slow.encounter,attack-only,145,Victory,4,0,4,32,6,135,0,50,-1,,0,1,0,3953052719
gym-e3-slow.encounter,attack-only,146,Victory,4,0,4,32,10,155,0,50,-1,,0,1,0,745426167
gym-e3-slow.encounter,attack-only,147,Victory,4,0,4,32,6,135,0,50,-1,,0,1,0,3953052719
gym-e3-slow.encounter,attack-only,148,Victory,5,0,5,40,6,75,0,80,-1,,0,4,0,2058517701
gym-e3-slow.encounter,attack-only,149,Victory,4,0,4,32,6,135,0,50,-1,,0,1,0,3953052719
gym-e3-slow.encounter,attack-only,150,Victory,5,0,5,40,12,114,0,60,-1,,0,2,0,3127021411
gym-e3-slow.encounter,attack-only,151,Victory,4,0,4,32,6,135,0,50,-1,,0,1,0,3953052719
gym-e3-slow.encounter,attack-only,152,Victory,5,0,5,40,6,95,0,60,-1,,0,2,0,3337734936
gym-e3-slow.encounter,attack-only,153,Victory,4,0,4,32,6,135,0,50,-1,,0,1,0,3953052719
gym-e3-slow.encounter,attack-only,154,Victory,5,0,5,40,10,115,0,60,-1,,0,2,0,3255943110
gym-e3-slow.encounter,attack-only,155,Victory,5,0,5,40,6,115,0,60,-1,,0,2,0,835002615
gym-e3-slow.encounter,attack-only,156,Victory,4,0,4,32,6,135,0,50,-1,,0,1,0,3953052719
gym-e3-slow.encounter,attack-only,157,Victory,5,0,5,40,6,95,0,60,-1,,0,2,0,2026756504
gym-e3-slow.encounter,attack-only,158,Victory,4,0,4,32,6,135,0,50,-1,,0,1,0,3953052719
gym-e3-slow.encounter,attack-only,159,Victory,4,0,4,32,6,135,0,50,-1,,0,1,0,3953052719
gym-e3-slow.encounter,attack-only,160,Victory,5,0,5,40,9,75,0,80,-1,,0,3,0,2144565473
gym-e3-slow.encounter,attack-only,161,Victory,5,0,5,40,4,95,0,80,-1,,0,3,0,3277418816
gym-e3-slow.encounter,attack-only,162,Victory,4,0,4,32,4,194,0,25,-1,,0,1,0,1713679390
gym-e3-slow.encounter,attack-only,163,Victory,4,0,4,32,6,135,0,50,-1,,0,1,0,3953052719
gym-e3-slow.encounter,attack-only,164,Victory,5,0,5,40,4,114,0,60,-1,,0,2,0,1948260181
gym-e3-slow.encounter,attack-only,165,Victory,4,0,4,32,6,135,0,50,-1,,0,1,0,3953052719
gym-e3-slow.encounter,attack-only,166,Victory,4,0,4,32,2,115,0,75,-1,,0,2,0,559527589
gym-e3-slow.encounter,attack-only,167,Victory,4,0,4,32,4,135,0,50,-1,,0,1,0,3751155837
gym-e3-slow.encounter,attack-only,168,Victory,5,0,5,40,6,95,0,60,-1,,0,2,0,3337734936
gym-e3-slow.encounter,attack-only,169,Victory,4,0,4,32,1,155,0,25,-1,,0,1,0,2222664757
gym-e3-slow.encounter,attack-only,170,Victory,4,0,4,32,4,155,0,25,-1,,0,1,0,280359154
gym-e3-slow.encounter,attack-only,171,Victory,4,0,4,32,6,135,0,50,-1,,0,1,0,3953052719
gym-e3-slow.encounter,attack-only,172,Victory,5,0,5,40,2,65,0,80,-1,,0,2,0,1803548849
gym-e3-slow.encounter,attack-only,173,Victory,4,0,4,32,6,175,0,25,-1,,0,1,0,667592915
gym-e3-slow.encounter,attack-only,174,Victory,4,0,4,32,6,135,0,50,-1,,0,1,0,3953052719
gym-e3-slow.encounter,attack-only,175,Victory,5,0,5,40,4,75,0,80,-1,,0,3,0,1953102799
gym-e3-slow.encounter,attack-only,176,Victory,4,0,4,32,6,135,0,50,-1,,0,1,0,3953052719
gym-e3-slow.encounter,attack-only,177,Victory,4,0,4,32,6,135,0,50,-1,,0,1,0,3953052719
gym-e3-slow.encounter,attack-only,178,Victory,5,0,5,40,6,95,0,60,-1,,0,2,0,2081967980
gym-e3-slow.encounter,attack-only,179,Victory,4,0,4,32,6,155,0,50,-1,,0,1,0,745426167
gym-e3-slow.encounter,attack-only,180,Victory,5,0,5,40,4,115,0,60,-1,,0,2,0,835002615
gym-e3-slow.encounter,attack-only,181,Victory,4,0,4,32,4,135,0,50,-1,,0,1,0,3953052719
gym-e3-slow.encounter,attack-only,182,Victory,4,0,4,32,6,135,0,50,-1,,0,1,0,3953052719
gym-e3-slow.encounter,attack-only,183,Victory,4,0,4,32,6,135,0,50,-1,,0,1,0,3953052719
gym-e3-slow.encounter,attack-only,184,Victory,4,0,4,32,6,135,0,50,-1,,0,1,0,3953052719
gym-e3-slow.encounter,attack-only,185,Victory,4,0,4,32,6,135,0,50,-1,,0,1,0,3953052719
gym-e3-slow.encounter,attack-only,186,Victory,4,0,4,32,6,95,0,100,-1,,0,2,0,2950090347
gym-e3-slow.encounter,attack-only,187,Victory,4,0,4,32,6,135,0,50,-1,,0,1,0,3953052719
gym-e3-slow.encounter,attack-only,188,Victory,5,0,5,40,6,95,0,60,-1,,0,2,0,709014026
gym-e3-slow.encounter,attack-only,189,Victory,5,0,5,40,11,75,0,60,-1,,0,3,0,54294662
gym-e3-slow.encounter,attack-only,190,Victory,4,0,4,32,6,135,0,50,-1,,0,1,0,3953052719
gym-e3-slow.encounter,attack-only,191,Victory,5,0,5,40,6,115,0,60,-1,,0,2,0,358928466
gym-e3-slow.encounter,attack-only,192,Victory,5,0,5,40,1,65,0,80,-1,,0,3,0,2950590387
gym-e3-slow.encounter,attack-only,193,Victory,4,0,4,32,6,135,0,50,-1,,0,1,0,3953052719
gym-e3-slow.encounter,attack-only,194,Victory,5,0,5,40,5,115,0,60,-1,,0,2,0,3859696096
gym-e3-slow.encounter,attack-only,195,Victory,4,0,4,32,6,135,0,50,-1,,0,1,0,3953052719
gym-e3-slow.encounter,attack-only,196,Victory,5,0,5,40,5,75,0,60,-1,,0,3,0,4079097509
gym-e3-slow.encounter,attack-only,197,Victory,5,0,5,40,9,134,0,60,-1,,0,2,0,4120895440
gym-e3-slow.encounter,attack-only,198,Victory,5,0,5,40,6,75,0,80,-1,,0,3,0,1559235609
gym-e3-slow.encounter,attack-only,199,Victory,5,0,5,40,5,75,0,60,-1,,0,3,0,3386179157
gym-e3-slow.encounter,attack-only,200,Victory,4,0,4,32,4,155,0,25,-1,,0,1,0,3053507235
gym-e3-slow.encounter,push-instrument,1,Victory,4,0,4,32,6,175,0,25,-1,,0,1,0,667592915
gym-e3-slow.encounter,push-instrument,2,Victory,4,0,4,32,6,135,0,50,-1,,0,1,0,3953052719
gym-e3-slow.encounter,push-instrument,3,Victory,5,0,5,40,9,115,0,60,-1,,0,3,0,605546025
gym-e3-slow.encounter,push-instrument,4,Victory,6,0,6,48,7,65,0,83,-1,,0,5,0,1409220360
gym-e3-slow.encounter,push-instrument,5,Victory,4,0,4,32,4,154,0,50,-1,,0,1,0,2301765778
gym-e3-slow.encounter,push-instrument,6,Victory,4,0,4,32,6,175,0,25,-1,,0,1,0,2610974101
gym-e3-slow.encounter,push-instrument,7,Victory,5,0,5,40,9,95,0,80,-1,,0,3,0,3118220995
gym-e3-slow.encounter,push-instrument,8,Victory,4,0,4,32,6,135,0,50,-1,,0,1,0,3953052719
gym-e3-slow.encounter,push-instrument,9,Victory,5,0,5,40,14,135,0,40,-1,,0,2,0,4267667062
gym-e3-slow.encounter,push-instrument,10,Victory,5,0,5,40,5,75,0,80,-1,,0,3,0,1968586887
gym-e3-slow.encounter,push-instrument,11,Victory,4,0,4,32,6,135,0,50,-1,,0,1,0,3953052719
gym-e3-slow.encounter,push-instrument,12,Victory,4,0,4,32,6,135,0,50,-1,,0,1,0,3953052719
gym-e3-slow.encounter,push-instrument,13,Victory,5,0,5,40,6,95,0,60,-1,,0,2,0,3337734936
gym-e3-slow.encounter,push-instrument,14,Victory,5,0,5,40,14,55,0,100,-1,,0,4,0,3508434014
gym-e3-slow.encounter,push-instrument,15,Victory,4,0,4,32,6,135,0,50,-1,,0,1,0,3953052719
gym-e3-slow.encounter,push-instrument,16,Victory,5,0,5,40,9,95,0,80,-1,,0,3,0,3118220995
gym-e3-slow.encounter,push-instrument,17,Victory,4,0,4,32,4,135,0,50,-1,,0,1,0,3953052719
gym-e3-slow.encounter,push-instrument,18,Victory,4,0,4,32,6,135,0,50,-1,,0,1,0,3953052719
gym-e3-slow.encounter,push-instrument,19,Victory,4,0,4,32,6,135,0,50,-1,,0,1,0,3953052719
gym-e3-slow.encounter,push-instrument,20,Victory,4,0,4,32,4,155,0,25,-1,,0,1,0,2698459603
gym-e3-slow.encounter,push-instrument,21,Victory,5,0,5,40,11,94,0,80,-1,,0,3,0,528443756
gym-e3-slow.encounter,push-instrument,22,Victory,5,0,5,40,9,95,0,80,-1,,0,3,0,3547801010
gym-e3-slow.encounter,push-instrument,23,Victory,5,0,5,40,7,95,0,60,-1,,0,2,0,275317100
gym-e3-slow.encounter,push-instrument,24,Victory,5,0,5,40,11,94,0,80,-1,,0,3,0,528443756
gym-e3-slow.encounter,push-instrument,25,Victory,4,0,4,32,6,135,0,50,-1,,0,1,0,3953052719
gym-e3-slow.encounter,push-instrument,26,Victory,4,0,4,32,6,135,0,50,-1,,0,1,0,3953052719
gym-e3-slow.encounter,push-instrument,27,Victory,4,0,4,32,6,135,0,50,-1,,0,1,0,3953052719
gym-e3-slow.encounter,push-instrument,28,Victory,5,0,5,40,13,75,0,80,-1,,0,3,0,3322263769
gym-e3-slow.encounter,push-instrument,29,Victory,4,0,4,32,6,175,0,25,-1,,0,1,0,577820741
gym-e3-slow.encounter,push-instrument,30,Victory,4,0,4,32,4,175,0,25,-1,,0,1,0,1896858836
gym-e3-slow.encounter,push-instrument,31,Victory,4,0,4,32,2,155,0,25,-1,,0,1,0,2698459603
gym-e3-slow.encounter,push-instrument,32,Victory,6,0,6,48,9,85,0,83,-1,,0,4,0,1528551750
gym-e3-slow.encounter,push-instrument,33,Victory,4,0,4,32,6,135,0,50,-1,,0,1,0,3953052719
gym-e3-slow.encounter,push-instrument,34,Victory,5,0,5,40,7,55,0,80,-1,,0,3,0,1653563335
gym-e3-slow.encounter,push-instrument,35,Victory,4,0,4,32,6,135,0,50,-1,,0,1,0,3953052719
gym-e3-slow.encounter,push-instrument,36,Victory,4,0,4,32,6,135,0,50,-1,,0,1,0,3953052719
gym-e3-slow.encounter,push-instrument,37,Victory,4,0,4,32,6,135,0,50,-1,,0,1,0,3953052719
gym-e3-slow.encounter,push-instrument,38,Victory,5,0,5,40,4,65,0,80,-1,,0,3,0,3665594707
gym-e3-slow.encounter,push-instrument,39,Victory,5,0,5,40,4,115,0,60,-1,,0,2,0,3119053809
gym-e3-slow.encounter,push-instrument,40,Victory,4,0,4,32,4,135,0,50,-1,,0,1,0,3953052719
gym-e3-slow.encounter,push-instrument,41,Victory,5,0,5,40,12,134,0,60,-1,,0,2,0,2101514901
gym-e3-slow.encounter,push-instrument,42,Victory,4,0,4,32,6,135,0,50,-1,,0,1,0,3953052719
gym-e3-slow.encounter,push-instrument,43,Victory,4,0,4,32,4,175,0,25,-1,,0,1,0,667592915
gym-e3-slow.encounter,push-instrument,44,Victory,5,0,5,40,4,55,0,80,-1,,0,3,0,1038202838
gym-e3-slow.encounter,push-instrument,45,Victory,5,0,5,40,5,75,0,80,-1,,0,3,0,1968586887
gym-e3-slow.encounter,push-instrument,46,Victory,5,0,5,40,9,75,0,80,-1,,0,3,0,1284946273
gym-e3-slow.encounter,push-instrument,47,Victory,4,0,4,32,6,135,0,50,-1,,0,1,0,3953052719
gym-e3-slow.encounter,push-instrument,48,Victory,4,0,4,32,6,135,0,50,-1,,0,1,0,3953052719
gym-e3-slow.encounter,push-instrument,49,Victory,5,0,5,40,9,95,0,80,-1,,0,3,0,3118220995
gym-e3-slow.encounter,push-instrument,50,Victory,5,0,5,40,6,95,0,60,-1,,0,2,0,3337734936
gym-e3-slow.encounter,push-instrument,51,Victory,4,0,4,32,6,155,0,50,-1,,0,1,0,922392917
gym-e3-slow.encounter,push-instrument,52,Victory,4,0,4,32,6,155,0,50,-1,,0,1,0,3202784421
gym-e3-slow.encounter,push-instrument,53,Victory,4,0,4,32,4,155,0,25,-1,,0,1,0,2940700992
gym-e3-slow.encounter,push-instrument,54,Victory,4,0,4,32,4,154,0,50,-1,,0,1,0,2301765778
gym-e3-slow.encounter,push-instrument,55,Victory,4,0,4,32,6,135,0,50,-1,,0,1,0,3953052719
gym-e3-slow.encounter,push-instrument,56,Victory,4,0,4,32,6,135,0,50,-1,,0,1,0,3953052719
gym-e3-slow.encounter,push-instrument,57,Victory,4,0,4,32,6,135,0,50,-1,,0,1,0,3953052719
gym-e3-slow.encounter,push-instrument,58,Victory,5,0,5,40,5,75,0,80,-1,,0,3,0,1668882923
gym-e3-slow.encounter,push-instrument,59,Victory,5,0,5,40,5,95,0,80,-1,,0,2,0,1448682383
gym-e3-slow.encounter,push-instrument,60,Victory,5,0,5,40,5,75,0,80,-1,,0,3,0,1415268391
gym-e3-slow.encounter,push-instrument,61,Victory,4,0,4,32,6,155,0,50,-1,,0,1,0,3166502117
gym-e3-slow.encounter,push-instrument,62,Victory,5,0,5,40,7,145,0,60,-1,,0,2,0,4156363591
gym-e3-slow.encounter,push-instrument,63,Victory,6,0,6,48,9,45,0,83,-1,,0,4,0,1094030149
gym-e3-slow.encounter,push-instrument,64,Victory,5,0,5,40,6,95,0,60,-1,,0,2,0,612335384
gym-e3-slow.encounter,push-instrument,65,Victory,5,0,5,40,6,115,0,60,-1,,0,2,0,617978390
gym-e3-slow.encounter,push-instrument,66,Victory,4,0,4,32,6,135,0,50,-1,,0,1,0,3953052719
gym-e3-slow.encounter,push-instrument,67,Victory,4,0,4,32,6,135,0,50,-1,,0,1,0,3953052719
gym-e3-slow.encounter,push-instrument,68,Victory,5,0,5,40,4,95,0,60,-1,,0,2,0,2902212204
gym-e3-slow.encounter,push-instrument,69,Victory,5,0,5,40,6,55,0,80,-1,,0,3,0,822271440
gym-e3-slow.encounter,push-instrument,70,Victory,4,0,4,32,6,135,0,50,-1,,0,1,0,3953052719
gym-e3-slow.encounter,push-instrument,71,Victory,4,0,4,32,1,125,0,75,-1,,0,2,0,2934971691
gym-e3-slow.encounter,push-instrument,72,Victory,5,0,5,40,7,75,0,60,-1,,0,3,0,98856414
gym-e3-slow.encounter,push-instrument,73,Victory,5,0,5,40,6,95,0,60,-1,,0,2,0,2991703512
gym-e3-slow.encounter,push-instrument,74,Victory,5,0,5,40,7,135,0,60,-1,,0,2,0,3858591538
gym-e3-slow.encounter,push-instrument,75,Victory,4,0,4,32,4,155,0,25,-1,,0,1,0,3053507235
gym-e3-slow.encounter,push-instrument,76,Victory,5,0,5,40,5,75,0,60,-1,,0,3,0,3653172523
gym-e3-slow.encounter,push-instrument,77,Victory,4,0,4,32,6,135,0,50,-1,,0,1,0,3953052719
gym-e3-slow.encounter,push-instrument,78,Victory,4,0,4,32,6,135,0,50,-1,,0,1,0,3953052719
gym-e3-slow.encounter,push-instrument,79,Victory,5,0,5,40,5,55,0,80,-1,,0,3,0,4133642021
gym-e3-slow.encounter,push-instrument,80,Victory,4,0,4,32,3,165,0,50,-1,,0,1,0,228968745
gym-e3-slow.encounter,push-instrument,81,Victory,5,0,5,40,6,115,0,80,-1,,0,2,0,3414204274
gym-e3-slow.encounter,push-instrument,82,Victory,4,0,4,32,6,135,0,50,-1,,0,1,0,3953052719
gym-e3-slow.encounter,push-instrument,83,Victory,7,0,7,56,8,74,0,71,-1,,0,4,0,2381231993
gym-e3-slow.encounter,push-instrument,84,Victory,4,0,4,32,6,135,0,50,-1,,0,1,0,3953052719
gym-e3-slow.encounter,push-instrument,85,Victory,4,0,4,32,4,155,0,25,-1,,0,1,0,322437214
gym-e3-slow.encounter,push-instrument,86,Victory,5,0,5,40,5,55,0,80,-1,,0,3,0,4133642021
gym-e3-slow.encounter,push-instrument,87,Victory,4,0,4,32,6,135,0,50,-1,,0,1,0,750973167
gym-e3-slow.encounter,push-instrument,88,Victory,5,0,5,40,4,55,0,80,-1,,0,3,0,4114549719
gym-e3-slow.encounter,push-instrument,89,Victory,4,0,4,32,4,155,0,50,-1,,0,1,0,3038611904
gym-e3-slow.encounter,push-instrument,90,Victory,4,0,4,32,6,135,0,50,-1,,0,1,0,3953052719
gym-e3-slow.encounter,push-instrument,91,Victory,4,0,4,32,6,135,0,50,-1,,0,1,0,3953052719
gym-e3-slow.encounter,push-instrument,92,Victory,4,0,4,32,6,135,0,50,-1,,0,1,0,3953052719
gym-e3-slow.encounter,push-instrument,93,Victory,4,0,4,32,6,135,0,50,-1,,0,1,0,3953052719
gym-e3-slow.encounter,push-instrument,94,Victory,4,0,4,32,6,135,0,50,-1,,0,1,0,3953052719
gym-e3-slow.encounter,push-instrument,95,Victory,5,0,5,40,0,85,0,80,-1,,0,3,0,1572051474
gym-e3-slow.encounter,push-instrument,96,Victory,5,0,5,40,10,115,0,60,-1,,0,2,0,2264359712
gym-e3-slow.encounter,push-instrument,97,Victory,4,0,4,32,3,145,0,50,-1,,0,1,0,2800700953
gym-e3-slow.encounter,push-instrument,98,Victory,5,0,5,40,6,55,0,80,-1,,0,3,0,1658905351
gym-e3-slow.encounter,push-instrument,99,Victory,4,0,4,32,6,135,0,50,-1,,0,1,0,3953052719
gym-e3-slow.encounter,push-instrument,100,Victory,4,0,4,32,6,155,0,25,-1,,0,1,0,3370870823
gym-e3-slow.encounter,push-instrument,101,Victory,4,0,4,32,6,135,0,50,-1,,0,1,0,3953052719
gym-e3-slow.encounter,push-instrument,102,Victory,4,0,4,32,4,155,0,50,-1,,0,1,0,606523063
gym-e3-slow.encounter,push-instrument,103,Victory,4,0,4,32,6,135,0,50,-1,,0,1,0,3953052719
gym-e3-slow.encounter,push-instrument,104,Victory,4,0,4,32,6,135,0,50,-1,,0,1,0,3953052719
gym-e3-slow.encounter,push-instrument,105,Victory,4,0,4,32,6,135,0,50,-1,,0,1,0,3953052719
gym-e3-slow.encounter,push-instrument,106,Victory,5,0,5,40,14,55,0,80,-1,,0,4,0,2541088282
gym-e3-slow.encounter,push-instrument,107,Victory,5,0,5,40,6,95,0,60,-1,,0,2,0,2081967980
gym-e3-slow.encounter,push-instrument,108,Victory,5,0,5,40,6,95,0,60,-1,,0,2,0,2769450518
gym-e3-slow.encounter,push-instrument,109,Victory,4,0,4,32,4,155,0,50,-1,,0,1,0,3166502117
gym-e3-slow.encounter,push-instrument,110,Victory,5,0,5,40,6,95,0,60,-1,,0,2,0,3616150578
gym-e3-slow.encounter,push-instrument,111,Victory,6,0,6,48,6,94,0,83,-1,,0,4,0,2745905355
gym-e3-slow.encounter,push-instrument,112,Victory,5,0,5,40,6,95,0,60,-1,,0,2,0,709014026
gym-e3-slow.encounter,push-instrument,113,Victory,6,0,6,48,11,35,0,83,-1,,0,4,0,3438844563
gym-e3-slow.encounter,push-instrument,114,Victory,5,0,5,40,6,115,0,60,-1,,0,2,0,3705398342
gym-e3-slow.encounter,push-instrument,115,Victory,5,0,5,40,4,115,0,40,-1,,0,4,0,4200972624
gym-e3-slow.encounter,push-instrument,116,Victory,4,0,4,32,6,135,0,50,-1,,0,1,0,3953052719
gym-e3-slow.encounter,push-instrument,117,Victory,4,0,4,32,6,135,0,50,-1,,0,1,0,3953052719
gym-e3-slow.encounter,push-instrument,118,Victory,5,0,5,40,6,95,0,60,-1,,0,2,0,3090400650
gym-e3-slow.encounter,push-instrument,119,Victory,5,0,5,40,7,95,0,60,-1,,0,2,0,3416402459
gym-e3-slow.encounter,push-instrument,120,Victory,5,0,5,40,6,115,0,60,-1,,0,2,0,835002615
gym-e3-slow.encounter,push-instrument,121,Victory,5,0,5,40,6,115,0,60,-1,,0,2,0,1572167524
gym-e3-slow.encounter,push-instrument,122,Victory,4,0,4,32,6,135,0,50,-1,,0,1,0,3953052719
gym-e3-slow.encounter,push-instrument,123,Victory,4,0,4,32,6,135,0,50,-1,,0,1,0,3953052719
gym-e3-slow.encounter,push-instrument,124,Victory,4,0,4,32,4,115,0,75,-1,,0,2,0,360107731
gym-e3-slow.encounter,push-instrument,125,Victory,4,0,4,32,4,155,0,25,-1,,0,1,0,3811566405
gym-e3-slow.encounter,push-instrument,126,Victory,5,0,5,40,6,115,0,60,-1,,0,2,0,60546946
gym-e3-slow.encounter,push-instrument,127,Victory,4,0,4,32,6,135,0,50,-1,,0,1,0,3953052719
gym-e3-slow.encounter,push-instrument,128,Victory,5,0,5,40,6,95,0,60,-1,,0,2,0,548652168
gym-e3-slow.encounter,push-instrument,129,Victory,4,0,4,32,6,135,0,50,-1,,0,1,0,3953052719
gym-e3-slow.encounter,push-instrument,130,Victory,4,0,4,32,6,135,0,50,-1,,0,1,0,3953052719
gym-e3-slow.encounter,push-instrument,131,Victory,4,0,4,32,3,145,0,50,-1,,0,1,0,2800700953
gym-e3-slow.encounter,push-instrument,132,Victory,4,0,4,32,6,135,0,50,-1,,0,1,0,3953052719
gym-e3-slow.encounter,push-instrument,133,Victory,5,0,5,40,6,95,0,60,-1,,0,2,0,2535984826
gym-e3-slow.encounter,push-instrument,134,Victory,4,0,4,32,6,135,0,50,-1,,0,1,0,3953052719
gym-e3-slow.encounter,push-instrument,135,Victory,4,0,4,32,6,135,0,50,-1,,0,1,0,3953052719
gym-e3-slow.encounter,push-instrument,136,Victory,5,0,5,40,5,55,0,80,-1,,0,3,0,48095607
gym-e3-slow.encounter,push-instrument,137,Victory,5,0,5,40,2,114,0,80,-1,,0,2,0,1947551165
gym-e3-slow.encounter,push-instrument,138,Victory,4,0,4,32,6,135,0,50,-1,,0,1,0,3953052719
gym-e3-slow.encounter,push-instrument,139,Victory,4,0,4,32,6,135,0,50,-1,,0,1,0,3953052719
gym-e3-slow.encounter,push-instrument,140,Victory,5,0,5,40,6,75,0,80,-1,,0,3,0,1562027801
gym-e3-slow.encounter,push-instrument,141,Victory,4,0,4,32,6,135,0,50,-1,,0,1,0,750973167
gym-e3-slow.encounter,push-instrument,142,Victory,5,0,5,40,3,145,0,60,-1,,0,2,0,424222086
gym-e3-slow.encounter,push-instrument,143,Victory,5,0,5,40,3,105,0,60,-1,,0,2,0,60634446
gym-e3-slow.encounter,push-instrument,144,Victory,4,0,4,32,6,135,0,50,-1,,0,1,0,3953052719
gym-e3-slow.encounter,push-instrument,145,Victory,4,0,4,32,6,135,0,50,-1,,0,1,0,3953052719
gym-e3-slow.encounter,push-instrument,146,Victory,4,0,4,32,10,155,0,50,-1,,0,1,0,745426167
gym-e3-slow.encounter,push-instrument,147,Victory,4,0,4,32,6,135,0,50,-1,,0,1,0,3953052719
gym-e3-slow.encounter,push-instrument,148,Victory,5,0,5,40,6,75,0,80,-1,,0,4,0,2058517701
gym-e3-slow.encounter,push-instrument,149,Victory,4,0,4,32,6,135,0,50,-1,,0,1,0,3953052719
gym-e3-slow.encounter,push-instrument,150,Victory,5,0,5,40,12,114,0,60,-1,,0,2,0,3127021411
gym-e3-slow.encounter,push-instrument,151,Victory,4,0,4,32,6,135,0,50,-1,,0,1,0,3953052719
gym-e3-slow.encounter,push-instrument,152,Victory,5,0,5,40,6,95,0,60,-1,,0,2,0,3337734936
gym-e3-slow.encounter,push-instrument,153,Victory,4,0,4,32,6,135,0,50,-1,,0,1,0,3953052719
gym-e3-slow.encounter,push-instrument,154,Victory,5,0,5,40,10,115,0,60,-1,,0,2,0,3255943110
gym-e3-slow.encounter,push-instrument,155,Victory,5,0,5,40,6,115,0,60,-1,,0,2,0,835002615
gym-e3-slow.encounter,push-instrument,156,Victory,4,0,4,32,6,135,0,50,-1,,0,1,0,3953052719
gym-e3-slow.encounter,push-instrument,157,Victory,5,0,5,40,6,95,0,60,-1,,0,2,0,2026756504
gym-e3-slow.encounter,push-instrument,158,Victory,4,0,4,32,6,135,0,50,-1,,0,1,0,3953052719
gym-e3-slow.encounter,push-instrument,159,Victory,4,0,4,32,6,135,0,50,-1,,0,1,0,3953052719
gym-e3-slow.encounter,push-instrument,160,Victory,5,0,5,40,9,75,0,80,-1,,0,3,0,2144565473
gym-e3-slow.encounter,push-instrument,161,Victory,5,0,5,40,4,95,0,80,-1,,0,3,0,3277418816
gym-e3-slow.encounter,push-instrument,162,Victory,4,0,4,32,4,194,0,25,-1,,0,1,0,1713679390
gym-e3-slow.encounter,push-instrument,163,Victory,4,0,4,32,6,135,0,50,-1,,0,1,0,3953052719
gym-e3-slow.encounter,push-instrument,164,Victory,5,0,5,40,4,114,0,60,-1,,0,2,0,1948260181
gym-e3-slow.encounter,push-instrument,165,Victory,4,0,4,32,6,135,0,50,-1,,0,1,0,3953052719
gym-e3-slow.encounter,push-instrument,166,Victory,4,0,4,32,2,115,0,75,-1,,0,2,0,559527589
gym-e3-slow.encounter,push-instrument,167,Victory,4,0,4,32,4,135,0,50,-1,,0,1,0,3751155837
gym-e3-slow.encounter,push-instrument,168,Victory,5,0,5,40,6,95,0,60,-1,,0,2,0,3337734936
gym-e3-slow.encounter,push-instrument,169,Victory,4,0,4,32,1,155,0,25,-1,,0,1,0,2222664757
gym-e3-slow.encounter,push-instrument,170,Victory,4,0,4,32,4,155,0,25,-1,,0,1,0,280359154
gym-e3-slow.encounter,push-instrument,171,Victory,4,0,4,32,6,135,0,50,-1,,0,1,0,3953052719
gym-e3-slow.encounter,push-instrument,172,Victory,5,0,5,40,2,65,0,80,-1,,0,2,0,1803548849
gym-e3-slow.encounter,push-instrument,173,Victory,4,0,4,32,6,175,0,25,-1,,0,1,0,667592915
gym-e3-slow.encounter,push-instrument,174,Victory,4,0,4,32,6,135,0,50,-1,,0,1,0,3953052719
gym-e3-slow.encounter,push-instrument,175,Victory,5,0,5,40,4,75,0,80,-1,,0,3,0,1953102799
gym-e3-slow.encounter,push-instrument,176,Victory,4,0,4,32,6,135,0,50,-1,,0,1,0,3953052719
gym-e3-slow.encounter,push-instrument,177,Victory,4,0,4,32,6,135,0,50,-1,,0,1,0,3953052719
gym-e3-slow.encounter,push-instrument,178,Victory,5,0,5,40,6,95,0,60,-1,,0,2,0,2081967980
gym-e3-slow.encounter,push-instrument,179,Victory,4,0,4,32,6,155,0,50,-1,,0,1,0,745426167
gym-e3-slow.encounter,push-instrument,180,Victory,5,0,5,40,4,115,0,60,-1,,0,2,0,835002615
gym-e3-slow.encounter,push-instrument,181,Victory,4,0,4,32,4,135,0,50,-1,,0,1,0,3953052719
gym-e3-slow.encounter,push-instrument,182,Victory,4,0,4,32,6,135,0,50,-1,,0,1,0,3953052719
gym-e3-slow.encounter,push-instrument,183,Victory,4,0,4,32,6,135,0,50,-1,,0,1,0,3953052719
gym-e3-slow.encounter,push-instrument,184,Victory,4,0,4,32,6,135,0,50,-1,,0,1,0,3953052719
gym-e3-slow.encounter,push-instrument,185,Victory,4,0,4,32,6,135,0,50,-1,,0,1,0,3953052719
gym-e3-slow.encounter,push-instrument,186,Victory,4,0,4,32,6,95,0,100,-1,,0,2,0,2950090347
gym-e3-slow.encounter,push-instrument,187,Victory,4,0,4,32,6,135,0,50,-1,,0,1,0,3953052719
gym-e3-slow.encounter,push-instrument,188,Victory,5,0,5,40,6,95,0,60,-1,,0,2,0,709014026
gym-e3-slow.encounter,push-instrument,189,Victory,5,0,5,40,11,75,0,60,-1,,0,3,0,54294662
gym-e3-slow.encounter,push-instrument,190,Victory,4,0,4,32,6,135,0,50,-1,,0,1,0,3953052719
gym-e3-slow.encounter,push-instrument,191,Victory,5,0,5,40,6,115,0,60,-1,,0,2,0,358928466
gym-e3-slow.encounter,push-instrument,192,Victory,5,0,5,40,1,65,0,80,-1,,0,3,0,2950590387
gym-e3-slow.encounter,push-instrument,193,Victory,4,0,4,32,6,135,0,50,-1,,0,1,0,3953052719
gym-e3-slow.encounter,push-instrument,194,Victory,5,0,5,40,5,115,0,60,-1,,0,2,0,3859696096
gym-e3-slow.encounter,push-instrument,195,Victory,4,0,4,32,6,135,0,50,-1,,0,1,0,3953052719
gym-e3-slow.encounter,push-instrument,196,Victory,5,0,5,40,5,75,0,60,-1,,0,3,0,4079097509
gym-e3-slow.encounter,push-instrument,197,Victory,5,0,5,40,9,134,0,60,-1,,0,2,0,4120895440
gym-e3-slow.encounter,push-instrument,198,Victory,5,0,5,40,6,75,0,80,-1,,0,3,0,1559235609
gym-e3-slow.encounter,push-instrument,199,Victory,5,0,5,40,5,75,0,60,-1,,0,3,0,3386179157
gym-e3-slow.encounter,push-instrument,200,Victory,4,0,4,32,4,155,0,25,-1,,0,1,0,3053507235
gym-e3-slow.encounter,slow-instrument,1,Defeat,6,0,6,48,5,0,2,150,-1,,0,7,0,1054683586
gym-e3-slow.encounter,slow-instrument,2,Victory,6,0,6,48,4,55,0,83,-1,,0,4,0,2821809849
gym-e3-slow.encounter,slow-instrument,3,Defeat,6,0,6,48,10,0,2,150,-1,,0,7,0,1357617099
gym-e3-slow.encounter,slow-instrument,4,Defeat,6,0,6,48,4,0,2,150,-1,,0,7,0,3895898493
gym-e3-slow.encounter,slow-instrument,5,Defeat,5,0,5,40,7,0,2,160,-1,,0,5,0,117836065
gym-e3-slow.encounter,slow-instrument,6,Victory,5,0,5,40,4,95,0,60,-1,,0,3,0,1139681118
gym-e3-slow.encounter,slow-instrument,7,Defeat,5,0,5,40,10,0,1,140,-1,,0,5,0,2720182000
gym-e3-slow.encounter,slow-instrument,8,Victory,6,0,6,48,4,35,0,83,-1,,0,4,0,966966910
gym-e3-slow.encounter,slow-instrument,9,Defeat,6,0,6,48,5,0,2,166,-1,,0,7,0,3548449907
gym-e3-slow.encounter,slow-instrument,10,Victory,6,0,6,48,5,35,0,83,-1,,0,4,0,3798976058
gym-e3-slow.encounter,slow-instrument,11,Victory,5,0,5,40,4,55,0,80,-1,,0,3,0,1533064884
gym-e3-slow.encounter,slow-instrument,12,Victory,5,0,5,40,4,55,0,80,-1,,0,3,0,1533064884
gym-e3-slow.encounter,slow-instrument,13,Defeat,5,0,5,40,7,0,2,140,-1,,0,5,0,2369530873
gym-e3-slow.encounter,slow-instrument,14,Defeat,5,0,5,40,15,0,2,160,-1,,0,5,0,2410714730
gym-e3-slow.encounter,slow-instrument,15,Victory,7,0,7,56,6,15,0,85,-1,,0,5,0,2796473871
gym-e3-slow.encounter,slow-instrument,16,Defeat,5,0,5,40,10,0,2,160,-1,,0,5,0,2178045140
gym-e3-slow.encounter,slow-instrument,17,Victory,5,0,5,40,2,55,0,80,-1,,0,3,0,1533064884
gym-e3-slow.encounter,slow-instrument,18,Victory,5,0,5,40,4,55,0,80,-1,,0,3,0,1533064884
gym-e3-slow.encounter,slow-instrument,19,Victory,5,0,5,40,4,55,0,80,-1,,0,3,0,1533064884
gym-e3-slow.encounter,slow-instrument,20,Victory,5,0,5,40,4,95,0,60,-1,,0,3,0,4167825196
gym-e3-slow.encounter,slow-instrument,21,Defeat,5,0,5,40,12,0,2,160,-1,,0,5,0,1566549214
gym-e3-slow.encounter,slow-instrument,22,Defeat,5,0,5,40,8,0,2,160,-1,,0,5,0,423140791
gym-e3-slow.encounter,slow-instrument,23,Victory,7,0,7,56,5,14,0,85,-1,,0,5,0,1999988829
gym-e3-slow.encounter,slow-instrument,24,Defeat,5,0,5,40,12,0,2,160,-1,,0,5,0,1566549214
gym-e3-slow.encounter,slow-instrument,25,Victory,6,0,6,48,4,35,0,83,-1,,0,4,0,2430100747
gym-e3-slow.encounter,slow-instrument,26,Victory,7,0,7,56,5,35,0,85,-1,,0,5,0,3020654050
gym-e3-slow.encounter,slow-instrument,27,Victory,7,0,7,56,6,34,0,85,-1,,0,5,0,2414477521
gym-e3-slow.encounter,slow-instrument,28,Defeat,5,0,5,40,12,0,2,160,-1,,0,5,0,3628545781
gym-e3-slow.encounter,slow-instrument,29,Defeat,5,0,5,40,7,0,2,160,-1,,0,5,0,29453186
gym-e3-slow.encounter,slow-instrument,30,Defeat,5,0,5,40,4,0,2,140,-1,,0,5,0,398752380
gym-e3-slow.encounter,slow-instrument,31,Victory,7,0,7,56,4,65,0,71,-1,,0,5,0,1151864290
gym-e3-slow.encounter,slow-instrument,32,Defeat,6,0,6,48,4,0,2,166,-1,,0,7,0,1796956009
gym-e3-slow.encounter,slow-instrument,33,Defeat,5,0,5,40,6,0,2,160,-1,,0,5,0,514670181
gym-e3-slow.encounter,slow-instrument,34,Defeat,5,0,5,40,7,0,2,160,-1,,0,5,0,894711842
gym-e3-slow.encounter,slow-instrument,35,Victory,5,0,5,40,4,75,0,80,-1,,0,3,0,1545433658
gym-e3-slow.encounter,slow-instrument,36,Victory,6,0,6,48,4,35,0,83,-1,,0,4,0,1820745819
gym-e3-slow.encounter,slow-instrument,37,Victory,5,0,5,40,4,55,0,80,-1,,0,3,0,1533064884
gym-e3-slow.encounter,slow-instrument,38,Defeat,5,0,5,40,4,0,2,140,-1,,0,4,0,2475644521
gym-e3-slow.encounter,slow-instrument,39,Victory,5,0,5,40,4,75,0,80,-1,,0,3,0,1545433658
gym-e3-slow.encounter,slow-instrument,40,Victory,5,0,5,40,2,55,0,80,-1,,0,3,0,1533064884
gym-e3-slow.encounter,slow-instrument,41,Defeat,4,0,4,32,5,0,2,150,-1,,0,3,0,1490185710
gym-e3-slow.encounter,slow-instrument,42,Victory,5,0,5,40,4,55,0,80,-1,,0,3,0,1533064884
gym-e3-slow.encounter,slow-instrument,43,Victory,5,0,5,40,2,75,0,80,-1,,0,3,0,2225231096
gym-e3-slow.encounter,slow-instrument,44,Defeat,5,0,5,40,5,0,2,160,-1,,0,5,0,225854218
gym-e3-slow.encounter,slow-instrument,45,Defeat,5,0,5,40,4,0,2,160,-1,,0,5,0,755034308
gym-e3-slow.encounter,slow-instrument,46,Defeat,4,0,4,32,10,0,2,150,-1,,0,3,0,867000452
gym-e3-slow.encounter,slow-instrument,47,Victory,5,0,5,40,4,55,0,80,-1,,0,3,0,1533064884
gym-e3-slow.encounter,slow-instrument,48,Victory,5,0,5,40,4,55,0,80,-1,,0,3,0,1533064884
gym-e3-slow.encounter,slow-instrument,49,Defeat,5,0,5,40,10,0,2,160,-1,,0,5,0,2178045140
gym-e3-slow.encounter,slow-instrument,50,Victory,5,0,5,40,4,75,0,80,-1,,0,3,0,535707064
gym-e3-slow.encounter,slow-instrument,51,Victory,5,0,5,40,4,75,0,80,-1,,0,3,0,660288746
gym-e3-slow.encounter,slow-instrument,52,Defeat,4,0,4,32,5,0,2,150,-1,,0,3,0,1926381790
gym-e3-slow.encounter,slow-instrument,53,Defeat,5,0,5,40,4,0,2,140,-1,,0,5,0,2348353021
gym-e3-slow.encounter,slow-instrument,54,Defeat,5,0,5,40,5,0,2,140,-1,,0,5,0,4101980182
gym-e3-slow.encounter,slow-instrument,55,Victory,6,0,6,48,4,15,0,83,-1,,0,4,0,1074395029
gym-e3-slow.encounter,slow-instrument,56,Defeat,7,0,7,56,7,0,1,100,-1,,0,5,0,560702098
gym-e3-slow.encounter,slow-instrument,57,Victory,6,0,6,48,10,15,0,83,-1,,0,4,0,3683242566
gym-e3-slow.encounter,slow-instrument,58,Victory,7,0,7,56,6,55,0,85,-1,,0,5,0,1651564848
gym-e3-slow.encounter,slow-instrument,59,Defeat,5,0,5,40,7,0,2,140,-1,,0,4,0,2136923565
gym-e3-slow.encounter,slow-instrument,60,Defeat,5,0,5,40,7,0,2,160,-1,,0,5,0,894711842
gym-e3-slow.encounter,slow-instrument,61,Defeat,5,0,5,40,7,0,2,160,-1,,0,5,0,1566549214
gym-e3-slow.encounter,slow-instrument,62,Defeat,5,0,5,40,3,0,2,160,-1,,0,5,0,3113046885
gym-e3-slow.encounter,slow-instrument,63,Defeat,5,0,5,40,7,0,2,160,-1,,0,5,0,984847341
gym-e3-slow.encounter,slow-instrument,64,Victory,6,0,6,48,5,35,0,83,-1,,0,4,0,2201224042
gym-e3-slow.encounter,slow-instrument,65,Defeat,6,0,6,48,5,0,1,100,-1,,0,4,0,2358415464
gym-e3-slow.encounter,slow-instrument,66,Defeat,5,0,5,40,9,0,2,160,-1,,0,5,0,3782876875
gym-e3-slow.encounter,slow-instrument,67,Victory,5,0,5,40,4,55,0,80,-1,,0,3,0,1533064884
gym-e3-slow.encounter,slow-instrument,68,Victory,7,0,7,56,7,14,0,85,-1,,0,5,0,2910741727
gym-e3-slow.encounter,slow-instrument,69,Victory,5,0,5,40,4,94,0,80,-1,,0,3,0,2458438975
gym-e3-slow.encounter,slow-instrument,70,Victory,6,0,6,48,10,15,0,83,-1,,0,4,0,3683242566
gym-e3-slow.encounter,slow-instrument,71,Defeat,6,0,6,48,8,0,2,150,-1,,0,6,0,4222411207
gym-e3-slow.encounter,slow-instrument,72,Victory,6,0,6,48,0,75,0,66,-1,,0,4,0,3232880052
gym-e3-slow.encounter,slow-instrument,73,Defeat,5,0,5,40,5,0,2,160,-1,,0,5,0,4057100596
gym-e3-slow.encounter,slow-instrument,74,Victory,5,0,5,40,4,75,0,80,-1,,0,3,0,1545433658
gym-e3-slow.encounter,slow-instrument,75,Victory,7,0,7,56,5,35,0,71,-1,,0,5,0,1591614192
gym-e3-slow.encounter,slow-instrument,76,Defeat,5,0,5,40,4,0,2,140,-1,,0,5,0,1233200517
gym-e3-slow.encounter,slow-instrument,77,Victory,5,0,5,40,4,55,0,80,-1,,0,3,0,1533064884
gym-e3-slow.encounter,slow-instrument,78,Defeat,5,0,5,40,7,0,2,160,-1,,0,5,0,3043934560
gym-e3-slow.encounter,slow-instrument,79,Defeat,5,0,5,40,9,0,2,160,-1,,0,5,0,1985616504
gym-e3-slow.encounter,slow-instrument,80,Defeat,5,0,5,40,3,0,2,160,-1,,0,5,0,66123669
gym-e3-slow.encounter,slow-instrument,81,Defeat,5,0,5,40,4,0,2,140,-1,,0,4,0,4178482861
gym-e3-slow.encounter,slow-instrument,82,Victory,5,0,5,40,4,55,0,80,-1,,0,3,0,1533064884
gym-e3-slow.encounter,slow-instrument,83,Defeat,5,0,5,40,4,0,2,160,-1,,0,5,0,267003332
gym-e3-slow.encounter,slow-instrument,84,Victory,6,0,6,48,6,35,0,83,-1,,0,4,0,1082962938
gym-e3-slow.encounter,slow-instrument,85,Defeat,6,0,6,48,5,0,2,150,-1,,0,7,0,3540952273
gym-e3-slow.encounter,slow-instrument,86,Defeat,5,0,5,40,13,0,2,180,-1,,0,5,0,3289822521
gym-e3-slow.encounter,slow-instrument,87,Victory,5,0,5,40,4,95,0,80,-1,,0,3,0,3011663280
gym-e3-slow.encounter,slow-instrument,88,Defeat,5,0,5,40,5,0,2,160,-1,,0,5,0,4244914241
gym-e3-slow.encounter,slow-instrument,89,Defeat,5,0,5,40,12,0,2,160,-1,,0,5,0,1625713414
gym-e3-slow.encounter,slow-instrument,90,Victory,5,0,5,40,4,55,0,80,-1,,0,3,0,1533064884
gym-e3-slow.encounter,slow-instrument,91,Victory,5,0,5,40,4,55,0,80,-1,,0,3,0,1533064884
gym-e3-slow.encounter,slow-instrument,92,Victory,5,0,5,40,4,55,0,80,-1,,0,3,0,1533064884
gym-e3-slow.encounter,slow-instrument,93,Victory,5,0,5,40,4,55,0,80,-1,,0,3,0,1533064884
gym-e3-slow.encounter,slow-instrument,94,Victory,5,0,5,40,4,55,0,80,-1,,0,3,0,1533064884
gym-e3-slow.encounter,slow-instrument,95,Victory,6,0,6,48,0,65,0,83,-1,,0,4,0,1886513671
gym-e3-slow.encounter,slow-instrument,96,Victory,5,0,5,40,4,94,0,80,-1,,0,3,0,2458438975
gym-e3-slow.encounter,slow-instrument,97,Victory,6,0,6,48,1,45,0,83,-1,,0,4,0,1939637095
gym-e3-slow.encounter,slow-instrument,98,Victory,5,0,5,40,4,75,0,80,-1,,0,3,0,1545433658
gym-e3-slow.encounter,slow-instrument,99,Victory,5,0,5,40,4,55,0,80,-1,,0,3,0,1533064884
gym-e3-slow.encounter,slow-instrument,100,Victory,6,0,6,48,4,75,0,66,-1,,0,4,0,646227287
gym-e3-slow.encounter,slow-instrument,101,Defeat,6,0,6,48,7,0,1,100,-1,,0,4,0,696435897
gym-e3-slow.encounter,slow-instrument,102,Defeat,4,0,4,32,3,0,2,150,-1,,0,3,0,1926381790
gym-e3-slow.encounter,slow-instrument,103,Victory,5,0,5,40,4,55,0,80,-1,,0,3,0,1533064884
gym-e3-slow.encounter,slow-instrument,104,Defeat,5,0,5,40,4,0,2,160,-1,,0,5,0,2802739296
gym-e3-slow.encounter,slow-instrument,105,Victory,6,0,6,48,4,35,0,83,-1,,0,4,0,1820745819
gym-e3-slow.encounter,slow-instrument,106,Defeat,6,0,6,48,12,0,2,150,-1,,0,7,0,323208546
gym-e3-slow.encounter,slow-instrument,107,Defeat,5,0,5,40,4,0,2,140,-1,,0,5,0,52705766
gym-e3-slow.encounter,slow-instrument,108,Victory,6,0,6,48,4,75,0,83,-1,,0,4,0,944131413
gym-e3-slow.encounter,slow-instrument,109,Defeat,5,0,5,40,5,0,2,140,-1,,0,5,0,2985155321
gym-e3-slow.encounter,slow-instrument,110,Victory,6,0,6,48,4,35,0,83,-1,,0,4,0,4079521111
gym-e3-slow.encounter,slow-instrument,111,Defeat,6,0,6,48,10,0,2,150,-1,,0,7,0,3069044198
gym-e3-slow.encounter,slow-instrument,112,Victory,5,0,5,40,4,55,0,80,-1,,0,3,0,1533064884
gym-e3-slow.encounter,slow-instrument,113,Defeat,5,0,5,40,10,0,2,140,-1,,0,4,0,2998343650
gym-e3-slow.encounter,slow-instrument,114,Defeat,5,0,5,40,5,0,2,160,-1,,0,5,0,3290367659
gym-e3-slow.encounter,slow-instrument,115,Defeat,5,0,5,40,8,0,2,120,-1,,0,6,0,3356013877
gym-e3-slow.encounter,slow-instrument,116,Victory,7,0,7,56,6,34,0,85,-1,,0,5,0,18213109
gym-e3-slow.encounter,slow-instrument,117,Victory,6,0,6,48,4,15,0,83,-1,,0,4,0,1074395029
gym-e3-slow.encounter,slow-instrument,118,Defeat,5,0,5,40,5,0,2,160,-1,,0,5,0,1615551234
gym-e3-slow.encounter,slow-instrument,119,Victory,5,0,5,40,4,75,0,80,-1,,0,3,0,1640601288
gym-e3-slow.encounter,slow-instrument,120,Victory,7,0,7,56,4,34,0,85,-1,,0,5,0,736366083
gym-e3-slow.encounter,slow-instrument,121,Victory,5,0,5,40,4,55,0,80,-1,,0,3,0,1533064884
gym-e3-slow.encounter,slow-instrument,122,Victory,5,0,5,40,4,55,0,80,-1,,0,3,0,1533064884
gym-e3-slow.encounter,slow-instrument,123,Victory,5,0,5,40,4,55,0,80,-1,,0,3,0,1533064884
gym-e3-slow.encounter,slow-instrument,124,Defeat,5,0,5,40,7,0,2,160,-1,,0,5,0,1829275103
gym-e3-slow.encounter,slow-instrument,125,Victory,5,0,5,40,4,95,0,60,-1,,0,3,0,4167825196
gym-e3-slow.encounter,slow-instrument,126,Victory,6,0,6,48,4,45,0,83,-1,,0,4,0,1219869637
gym-e3-slow.encounter,slow-instrument,127,Defeat,5,0,5,40,5,0,2,160,-1,,0,5,0,3324524323
gym-e3-slow.encounter,slow-instrument,128,Victory,5,0,5,40,4,55,0,80,-1,,0,3,0,1533064884
gym-e3-slow.encounter,slow-instrument,129,Victory,5,0,5,40,4,55,0,80,-1,,0,3,0,1533064884
gym-e3-slow.encounter,slow-instrument,130,Victory,5,0,5,40,4,55,0,80,-1,,0,3,0,1533064884
gym-e3-slow.encounter,slow-instrument,131,Victory,5,0,5,40,1,65,0,80,-1,,0,3,0,499868002
gym-e3-slow.encounter,slow-instrument,132,Victory,6,0,6,48,4,35,0,83,-1,,0,4,0,2242028683
gym-e3-slow.encounter,slow-instrument,133,Victory,5,0,5,40,4,75,0,80,-1,,0,3,0,1640601288
gym-e3-slow.encounter,slow-instrument,134,Victory,5,0,5,40,4,55,0,80,-1,,0,3,0,1533064884
gym-e3-slow.encounter,slow-instrument,135,Victory,6,0,6,48,4,15,0,83,-1,,0,4,0,1481048711
gym-e3-slow.encounter,slow-instrument,136,Victory,5,0,5,40,4,95,0,80,-1,,0,3,0,3011663280
gym-e3-slow.encounter,slow-instrument,137,Defeat,6,0,6,48,4,0,2,150,-1,,0,6,0,932704563
gym-e3-slow.encounter,slow-instrument,138,Victory,6,0,6,48,6,35,0,83,-1,,0,4,0,1387916988
gym-e3-slow.encounter,slow-instrument,139,Victory,5,0,5,40,4,55,0,80,-1,,0,3,0,1533064884
gym-e3-slow.encounter,slow-instrument,140,Defeat,5,0,5,40,9,0,2,160,-1,,0,5,0,1921156200
gym-e3-slow.encounter,slow-instrument,141,Defeat,5,0,5,40,12,0,2,160,-1,,0,5,0,1566549214
gym-e3-slow.encounter,slow-instrument,142,Defeat,5,0,5,40,5,0,2,160,-1,,0,5,0,2225968625
gym-e3-slow.encounter,slow-instrument,143,Victory,5,0,5,40,1,65,0,80,-1,,0,3,0,499868002
gym-e3-slow.encounter,slow-instrument,144,Victory,5,0,5,40,4,55,0,80,-1,,0,3,0,1533064884
gym-e3-slow.encounter,slow-instrument,145,Victory,5,0,5,40,4,55,0,80,-1,,0,3,0,1533064884
gym-e3-slow.encounter,slow-instrument,146,Defeat,5,0,5,40,7,0,2,140,-1,,0,5,0,2985155321
gym-e3-slow.encounter,slow-instrument,147,Victory,5,0,5,40,4,94,0,80,-1,,0,3,0,2458438975
gym-e3-slow.encounter,slow-instrument,148,Defeat,5,0,5,40,7,0,2,140,-1,,0,5,0,599917102
gym-e3-slow.encounter,slow-instrument,149,Victory,5,0,5,40,4,55,0,80,-1,,0,3,0,1533064884
gym-e3-slow.encounter,slow-instrument,150,Defeat,6,0,6,48,4,0,1,100,-1,,0,4,0,3490107919
gym-e3-slow.encounter,slow-instrument,151,Victory,6,0,6,48,4,55,0,83,-1,,0,4,0,4211976041
gym-e3-slow.encounter,slow-instrument,152,Defeat,5,0,5,40,7,0,2,140,-1,,0,5,0,2985155321
gym-e3-slow.encounter,slow-instrument,153,Victory,7,0,7,56,9,14,0,85,-1,,0,5,0,35827627
gym-e3-slow.encounter,slow-instrument,154,Victory,6,0,6,48,10,35,0,83,-1,,0,4,0,3747224971
gym-e3-slow.encounter,slow-instrument,155,Victory,5,0,5,40,4,75,0,80,-1,,0,3,0,660288746
gym-e3-slow.encounter,slow-instrument,156,Victory,7,0,7,56,4,54,0,85,-1,,0,5,0,2371635493
gym-e3-slow.encounter,slow-instrument,157,Defeat,5,0,5,40,6,0,2,140,-1,,0,4,0,2526224795
gym-e3-slow.encounter,slow-instrument,158,Victory,5,0,5,40,4,55,0,80,-1,,0,3,0,1533064884
gym-e3-slow.encounter,slow-instrument,159,Defeat,6,0,6,48,4,0,1,100,-1,,0,4,0,431500233
gym-e3-slow.encounter,slow-instrument,160,Defeat,5,0,5,40,12,0,2,160,-1,,0,5,0,985968712
gym-e3-slow.encounter,slow-instrument,161,Defeat,5,0,5,40,5,0,2,160,-1,,0,5,0,3686042807
gym-e3-slow.encounter,slow-instrument,162,Defeat,5,0,5,40,8,0,2,160,-1,,0,5,0,4057100596
gym-e3-slow.encounter,slow-instrument,163,Victory,5,0,5,40,4,55,0,80,-1,,0,3,0,1533064884
gym-e3-slow.encounter,slow-instrument,164,Defeat,7,0,7,56,6,0,1,142,-1,,0,9,0,3337701722
gym-e3-slow.encounter,slow-instrument,165,Victory,5,0,5,40,4,55,0,80,-1,,0,3,0,1533064884
gym-e3-slow.encounter,slow-instrument,166,Defeat,5,0,5,40,11,0,2,160,-1,,0,5,0,2894483822
gym-e3-slow.encounter,slow-instrument,167,Defeat,4,0,4,32,10,0,2,150,-1,,0,3,0,276307538
gym-e3-slow.encounter,slow-instrument,168,Defeat,5,0,5,40,9,0,2,160,-1,,0,5,0,1566549214
gym-e3-slow.encounter,slow-instrument,169,Victory,5,0,5,40,1,95,0,60,-1,,0,3,0,1139681118
gym-e3-slow.encounter,slow-instrument,170,Victory,5,0,5,40,4,95,0,60,-1,,0,3,0,4167825196
gym-e3-slow.encounter,slow-instrument,171,Victory,5,0,5,40,4,55,0,80,-1,,0,3,0,1533064884
gym-e3-slow.encounter,slow-instrument,172,Victory,6,0,6,48,1,45,0,83,-1,,0,4,0,740014442
gym-e3-slow.encounter,slow-instrument,173,Victory,6,0,6,48,4,35,0,83,-1,,0,4,0,4079521111
gym-e3-slow.encounter,slow-instrument,174,Victory,5,0,5,40,4,75,0,80,-1,,0,3,0,160779480
gym-e3-slow.encounter,slow-instrument,175,Defeat,4,0,4,32,5,0,2,150,-1,,0,3,0,1926182505
gym-e3-slow.encounter,slow-instrument,176,Victory,5,0,5,40,4,55,0,80,-1,,0,3,0,1533064884
gym-e3-slow.encounter,slow-instrument,177,Victory,6,0,6,48,5,55,0,83,-1,,0,4,0,247872048
gym-e3-slow.encounter,slow-instrument,178,Victory,7,0,7,56,9,14,0,85,-1,,0,5,0,4129081487
gym-e3-slow.encounter,slow-instrument,179,Defeat,5,0,5,40,7,0,2,140,-1,,0,5,0,2372679994
gym-e3-slow.encounter,slow-instrument,180,Defeat,5,0,5,40,4,0,2,160,-1,,0,5,0,239904859
gym-e3-slow.encounter,slow-instrument,181,Victory,5,0,5,40,2,55,0,80,-1,,0,3,0,1533064884
gym-e3-slow.encounter,slow-instrument,182,Victory,6,0,6,48,4,35,0,83,-1,,0,4,0,4190593787
gym-e3-slow.encounter,slow-instrument,183,Victory,5,0,5,40,4,55,0,80,-1,,0,3,0,1533064884
gym-e3-slow.encounter,slow-instrument,184,Victory,6,0,6,48,4,35,0,83,-1,,0,4,0,840591978
gym-e3-slow.encounter,slow-instrument,185,Victory,5,0,5,40,4,75,0,80,-1,,0,3,0,160779480
gym-e3-slow.encounter,slow-instrument,186,Defeat,6,0,6,48,8,0,2,150,-1,,0,6,0,3836088145
gym-e3-slow.encounter,slow-instrument,187,Victory,5,0,5,40,4,55,0,80,-1,,0,3,0,1533064884
gym-e3-slow.encounter,slow-instrument,188,Victory,6,0,6,48,4,55,0,83,-1,,0,4,0,1404897645
gym-e3-slow.encounter,slow-instrument,189,Defeat,5,0,5,40,12,0,2,140,-1,,0,5,0,810428010
gym-e3-slow.encounter,slow-instrument,190,Victory,7,0,7,56,7,15,0,85,-1,,0,5,0,748307950
gym-e3-slow.encounter,slow-instrument,191,Defeat,5,0,5,40,6,0,2,160,-1,,0,5,0,2460911175
gym-e3-slow.encounter,slow-instrument,192,Defeat,5,0,5,40,2,0,2,160,-1,,0,5,0,1338885652
gym-e3-slow.encounter,slow-instrument,193,Defeat,6,0,6,48,4,0,1,100,-1,,0,4,0,2047462845
gym-e3-slow.encounter,slow-instrument,194,Defeat,6,0,6,48,7,0,2,150,-1,,0,6,0,2652790057
gym-e3-slow.encounter,slow-instrument,195,Victory,6,0,6,48,4,94,0,83,-1,,0,4,0,3333759826
gym-e3-slow.encounter,slow-instrument,196,Defeat,5,0,5,40,9,0,2,140,-1,,0,5,0,2310940621
gym-e3-slow.encounter,slow-instrument,197,Defeat,5,0,5,40,5,0,2,160,-1,,0,5,0,714038644
gym-e3-slow.encounter,slow-instrument,198,Victory,5,0,5,40,4,75,0,80,-1,,0,3,0,660288746
gym-e3-slow.encounter,slow-instrument,199,Defeat,5,0,5,40,7,0,2,140,-1,,0,5,0,2783442828
gym-e3-slow.encounter,slow-instrument,200,Victory,5,0,5,40,4,95,0,60,-1,,0,3,0,1139681118
gym-e3-slow.encounter,taunt-instrument,1,Victory,4,0,4,32,6,175,0,25,-1,,0,1,0,667592915
gym-e3-slow.encounter,taunt-instrument,2,Victory,4,0,4,32,6,135,0,50,-1,,0,1,0,3953052719
gym-e3-slow.encounter,taunt-instrument,3,Victory,5,0,5,40,9,115,0,60,-1,,0,3,0,605546025
gym-e3-slow.encounter,taunt-instrument,4,Victory,6,0,6,48,7,65,0,83,-1,,0,5,0,1409220360
gym-e3-slow.encounter,taunt-instrument,5,Victory,4,0,4,32,4,154,0,50,-1,,0,1,0,2301765778
gym-e3-slow.encounter,taunt-instrument,6,Victory,4,0,4,32,6,175,0,25,-1,,0,1,0,2610974101
gym-e3-slow.encounter,taunt-instrument,7,Victory,5,0,5,40,9,95,0,80,-1,,0,3,0,3118220995
gym-e3-slow.encounter,taunt-instrument,8,Victory,4,0,4,32,6,135,0,50,-1,,0,1,0,3953052719
gym-e3-slow.encounter,taunt-instrument,9,Victory,5,0,5,40,14,135,0,40,-1,,0,2,0,4267667062
gym-e3-slow.encounter,taunt-instrument,10,Victory,5,0,5,40,5,75,0,80,-1,,0,3,0,1968586887
gym-e3-slow.encounter,taunt-instrument,11,Victory,4,0,4,32,6,135,0,50,-1,,0,1,0,3953052719
gym-e3-slow.encounter,taunt-instrument,12,Victory,4,0,4,32,6,135,0,50,-1,,0,1,0,3953052719
gym-e3-slow.encounter,taunt-instrument,13,Victory,5,0,5,40,6,95,0,60,-1,,0,2,0,3337734936
gym-e3-slow.encounter,taunt-instrument,14,Victory,5,0,5,40,14,55,0,100,-1,,0,4,0,3508434014
gym-e3-slow.encounter,taunt-instrument,15,Victory,4,0,4,32,6,135,0,50,-1,,0,1,0,3953052719
gym-e3-slow.encounter,taunt-instrument,16,Victory,5,0,5,40,9,95,0,80,-1,,0,3,0,3118220995
gym-e3-slow.encounter,taunt-instrument,17,Victory,4,0,4,32,4,135,0,50,-1,,0,1,0,3953052719
gym-e3-slow.encounter,taunt-instrument,18,Victory,4,0,4,32,6,135,0,50,-1,,0,1,0,3953052719
gym-e3-slow.encounter,taunt-instrument,19,Victory,4,0,4,32,6,135,0,50,-1,,0,1,0,3953052719
gym-e3-slow.encounter,taunt-instrument,20,Victory,4,0,4,32,4,155,0,25,-1,,0,1,0,2698459603
gym-e3-slow.encounter,taunt-instrument,21,Victory,5,0,5,40,11,94,0,80,-1,,0,3,0,528443756
gym-e3-slow.encounter,taunt-instrument,22,Victory,5,0,5,40,9,95,0,80,-1,,0,3,0,3547801010
gym-e3-slow.encounter,taunt-instrument,23,Victory,5,0,5,40,7,95,0,60,-1,,0,2,0,275317100
gym-e3-slow.encounter,taunt-instrument,24,Victory,5,0,5,40,11,94,0,80,-1,,0,3,0,528443756
gym-e3-slow.encounter,taunt-instrument,25,Victory,4,0,4,32,6,135,0,50,-1,,0,1,0,3953052719
gym-e3-slow.encounter,taunt-instrument,26,Victory,4,0,4,32,6,135,0,50,-1,,0,1,0,3953052719
gym-e3-slow.encounter,taunt-instrument,27,Victory,4,0,4,32,6,135,0,50,-1,,0,1,0,3953052719
gym-e3-slow.encounter,taunt-instrument,28,Victory,5,0,5,40,13,75,0,80,-1,,0,3,0,3322263769
gym-e3-slow.encounter,taunt-instrument,29,Victory,4,0,4,32,6,175,0,25,-1,,0,1,0,577820741
gym-e3-slow.encounter,taunt-instrument,30,Victory,4,0,4,32,4,175,0,25,-1,,0,1,0,1896858836
gym-e3-slow.encounter,taunt-instrument,31,Victory,4,0,4,32,2,155,0,25,-1,,0,1,0,2698459603
gym-e3-slow.encounter,taunt-instrument,32,Victory,6,0,6,48,9,85,0,83,-1,,0,4,0,1528551750
gym-e3-slow.encounter,taunt-instrument,33,Victory,4,0,4,32,6,135,0,50,-1,,0,1,0,3953052719
gym-e3-slow.encounter,taunt-instrument,34,Victory,5,0,5,40,7,55,0,80,-1,,0,3,0,1653563335
gym-e3-slow.encounter,taunt-instrument,35,Victory,4,0,4,32,6,135,0,50,-1,,0,1,0,3953052719
gym-e3-slow.encounter,taunt-instrument,36,Victory,4,0,4,32,6,135,0,50,-1,,0,1,0,3953052719
gym-e3-slow.encounter,taunt-instrument,37,Victory,4,0,4,32,6,135,0,50,-1,,0,1,0,3953052719
gym-e3-slow.encounter,taunt-instrument,38,Victory,5,0,5,40,4,65,0,80,-1,,0,3,0,3665594707
gym-e3-slow.encounter,taunt-instrument,39,Victory,5,0,5,40,4,115,0,60,-1,,0,2,0,3119053809
gym-e3-slow.encounter,taunt-instrument,40,Victory,4,0,4,32,4,135,0,50,-1,,0,1,0,3953052719
gym-e3-slow.encounter,taunt-instrument,41,Victory,5,0,5,40,12,134,0,60,-1,,0,2,0,2101514901
gym-e3-slow.encounter,taunt-instrument,42,Victory,4,0,4,32,6,135,0,50,-1,,0,1,0,3953052719
gym-e3-slow.encounter,taunt-instrument,43,Victory,4,0,4,32,4,175,0,25,-1,,0,1,0,667592915
gym-e3-slow.encounter,taunt-instrument,44,Victory,5,0,5,40,4,55,0,80,-1,,0,3,0,1038202838
gym-e3-slow.encounter,taunt-instrument,45,Victory,5,0,5,40,5,75,0,80,-1,,0,3,0,1968586887
gym-e3-slow.encounter,taunt-instrument,46,Victory,5,0,5,40,9,75,0,80,-1,,0,3,0,1284946273
gym-e3-slow.encounter,taunt-instrument,47,Victory,4,0,4,32,6,135,0,50,-1,,0,1,0,3953052719
gym-e3-slow.encounter,taunt-instrument,48,Victory,4,0,4,32,6,135,0,50,-1,,0,1,0,3953052719
gym-e3-slow.encounter,taunt-instrument,49,Victory,5,0,5,40,9,95,0,80,-1,,0,3,0,3118220995
gym-e3-slow.encounter,taunt-instrument,50,Victory,5,0,5,40,6,95,0,60,-1,,0,2,0,3337734936
gym-e3-slow.encounter,taunt-instrument,51,Victory,4,0,4,32,6,155,0,50,-1,,0,1,0,922392917
gym-e3-slow.encounter,taunt-instrument,52,Victory,4,0,4,32,6,155,0,50,-1,,0,1,0,3202784421
gym-e3-slow.encounter,taunt-instrument,53,Victory,4,0,4,32,4,155,0,25,-1,,0,1,0,2940700992
gym-e3-slow.encounter,taunt-instrument,54,Victory,4,0,4,32,4,154,0,50,-1,,0,1,0,2301765778
gym-e3-slow.encounter,taunt-instrument,55,Victory,4,0,4,32,6,135,0,50,-1,,0,1,0,3953052719
gym-e3-slow.encounter,taunt-instrument,56,Victory,4,0,4,32,6,135,0,50,-1,,0,1,0,3953052719
gym-e3-slow.encounter,taunt-instrument,57,Victory,4,0,4,32,6,135,0,50,-1,,0,1,0,3953052719
gym-e3-slow.encounter,taunt-instrument,58,Victory,5,0,5,40,5,75,0,80,-1,,0,3,0,1668882923
gym-e3-slow.encounter,taunt-instrument,59,Victory,5,0,5,40,5,95,0,80,-1,,0,2,0,1448682383
gym-e3-slow.encounter,taunt-instrument,60,Victory,5,0,5,40,5,75,0,80,-1,,0,3,0,1415268391
gym-e3-slow.encounter,taunt-instrument,61,Victory,4,0,4,32,6,155,0,50,-1,,0,1,0,3166502117
gym-e3-slow.encounter,taunt-instrument,62,Victory,5,0,5,40,7,145,0,60,-1,,0,2,0,4156363591
gym-e3-slow.encounter,taunt-instrument,63,Victory,6,0,6,48,9,45,0,83,-1,,0,4,0,1094030149
gym-e3-slow.encounter,taunt-instrument,64,Victory,5,0,5,40,6,95,0,60,-1,,0,2,0,612335384
gym-e3-slow.encounter,taunt-instrument,65,Victory,5,0,5,40,6,115,0,60,-1,,0,2,0,617978390
gym-e3-slow.encounter,taunt-instrument,66,Victory,4,0,4,32,6,135,0,50,-1,,0,1,0,3953052719
gym-e3-slow.encounter,taunt-instrument,67,Victory,4,0,4,32,6,135,0,50,-1,,0,1,0,3953052719
gym-e3-slow.encounter,taunt-instrument,68,Victory,5,0,5,40,4,95,0,60,-1,,0,2,0,2902212204
gym-e3-slow.encounter,taunt-instrument,69,Victory,5,0,5,40,6,55,0,80,-1,,0,3,0,822271440
gym-e3-slow.encounter,taunt-instrument,70,Victory,4,0,4,32,6,135,0,50,-1,,0,1,0,3953052719
gym-e3-slow.encounter,taunt-instrument,71,Victory,4,0,4,32,1,125,0,75,-1,,0,2,0,2934971691
gym-e3-slow.encounter,taunt-instrument,72,Victory,5,0,5,40,7,75,0,60,-1,,0,3,0,98856414
gym-e3-slow.encounter,taunt-instrument,73,Victory,5,0,5,40,6,95,0,60,-1,,0,2,0,2991703512
gym-e3-slow.encounter,taunt-instrument,74,Victory,5,0,5,40,7,135,0,60,-1,,0,2,0,3858591538
gym-e3-slow.encounter,taunt-instrument,75,Victory,4,0,4,32,4,155,0,25,-1,,0,1,0,3053507235
gym-e3-slow.encounter,taunt-instrument,76,Victory,5,0,5,40,5,75,0,60,-1,,0,3,0,3653172523
gym-e3-slow.encounter,taunt-instrument,77,Victory,4,0,4,32,6,135,0,50,-1,,0,1,0,3953052719
gym-e3-slow.encounter,taunt-instrument,78,Victory,4,0,4,32,6,135,0,50,-1,,0,1,0,3953052719
gym-e3-slow.encounter,taunt-instrument,79,Victory,5,0,5,40,5,55,0,80,-1,,0,3,0,4133642021
gym-e3-slow.encounter,taunt-instrument,80,Victory,4,0,4,32,3,165,0,50,-1,,0,1,0,228968745
gym-e3-slow.encounter,taunt-instrument,81,Victory,5,0,5,40,6,115,0,80,-1,,0,2,0,3414204274
gym-e3-slow.encounter,taunt-instrument,82,Victory,4,0,4,32,6,135,0,50,-1,,0,1,0,3953052719
gym-e3-slow.encounter,taunt-instrument,83,Victory,7,0,7,56,8,74,0,71,-1,,0,4,0,2381231993
gym-e3-slow.encounter,taunt-instrument,84,Victory,4,0,4,32,6,135,0,50,-1,,0,1,0,3953052719
gym-e3-slow.encounter,taunt-instrument,85,Victory,4,0,4,32,4,155,0,25,-1,,0,1,0,322437214
gym-e3-slow.encounter,taunt-instrument,86,Victory,5,0,5,40,5,55,0,80,-1,,0,3,0,4133642021
gym-e3-slow.encounter,taunt-instrument,87,Victory,4,0,4,32,6,135,0,50,-1,,0,1,0,750973167
gym-e3-slow.encounter,taunt-instrument,88,Victory,5,0,5,40,4,55,0,80,-1,,0,3,0,4114549719
gym-e3-slow.encounter,taunt-instrument,89,Victory,4,0,4,32,4,155,0,50,-1,,0,1,0,3038611904
gym-e3-slow.encounter,taunt-instrument,90,Victory,4,0,4,32,6,135,0,50,-1,,0,1,0,3953052719
gym-e3-slow.encounter,taunt-instrument,91,Victory,4,0,4,32,6,135,0,50,-1,,0,1,0,3953052719
gym-e3-slow.encounter,taunt-instrument,92,Victory,4,0,4,32,6,135,0,50,-1,,0,1,0,3953052719
gym-e3-slow.encounter,taunt-instrument,93,Victory,4,0,4,32,6,135,0,50,-1,,0,1,0,3953052719
gym-e3-slow.encounter,taunt-instrument,94,Victory,4,0,4,32,6,135,0,50,-1,,0,1,0,3953052719
gym-e3-slow.encounter,taunt-instrument,95,Victory,5,0,5,40,0,85,0,80,-1,,0,3,0,1572051474
gym-e3-slow.encounter,taunt-instrument,96,Victory,5,0,5,40,10,115,0,60,-1,,0,2,0,2264359712
gym-e3-slow.encounter,taunt-instrument,97,Victory,4,0,4,32,3,145,0,50,-1,,0,1,0,2800700953
gym-e3-slow.encounter,taunt-instrument,98,Victory,5,0,5,40,6,55,0,80,-1,,0,3,0,1658905351
gym-e3-slow.encounter,taunt-instrument,99,Victory,4,0,4,32,6,135,0,50,-1,,0,1,0,3953052719
gym-e3-slow.encounter,taunt-instrument,100,Victory,4,0,4,32,6,155,0,25,-1,,0,1,0,3370870823
gym-e3-slow.encounter,taunt-instrument,101,Victory,4,0,4,32,6,135,0,50,-1,,0,1,0,3953052719
gym-e3-slow.encounter,taunt-instrument,102,Victory,4,0,4,32,4,155,0,50,-1,,0,1,0,606523063
gym-e3-slow.encounter,taunt-instrument,103,Victory,4,0,4,32,6,135,0,50,-1,,0,1,0,3953052719
gym-e3-slow.encounter,taunt-instrument,104,Victory,4,0,4,32,6,135,0,50,-1,,0,1,0,3953052719
gym-e3-slow.encounter,taunt-instrument,105,Victory,4,0,4,32,6,135,0,50,-1,,0,1,0,3953052719
gym-e3-slow.encounter,taunt-instrument,106,Victory,5,0,5,40,14,55,0,80,-1,,0,4,0,2541088282
gym-e3-slow.encounter,taunt-instrument,107,Victory,5,0,5,40,6,95,0,60,-1,,0,2,0,2081967980
gym-e3-slow.encounter,taunt-instrument,108,Victory,5,0,5,40,6,95,0,60,-1,,0,2,0,2769450518
gym-e3-slow.encounter,taunt-instrument,109,Victory,4,0,4,32,4,155,0,50,-1,,0,1,0,3166502117
gym-e3-slow.encounter,taunt-instrument,110,Victory,5,0,5,40,6,95,0,60,-1,,0,2,0,3616150578
gym-e3-slow.encounter,taunt-instrument,111,Victory,6,0,6,48,6,94,0,83,-1,,0,4,0,2745905355
gym-e3-slow.encounter,taunt-instrument,112,Victory,5,0,5,40,6,95,0,60,-1,,0,2,0,709014026
gym-e3-slow.encounter,taunt-instrument,113,Victory,6,0,6,48,11,35,0,83,-1,,0,4,0,3438844563
gym-e3-slow.encounter,taunt-instrument,114,Victory,5,0,5,40,6,115,0,60,-1,,0,2,0,3705398342
gym-e3-slow.encounter,taunt-instrument,115,Victory,5,0,5,40,4,115,0,40,-1,,0,4,0,4200972624
gym-e3-slow.encounter,taunt-instrument,116,Victory,4,0,4,32,6,135,0,50,-1,,0,1,0,3953052719
gym-e3-slow.encounter,taunt-instrument,117,Victory,4,0,4,32,6,135,0,50,-1,,0,1,0,3953052719
gym-e3-slow.encounter,taunt-instrument,118,Victory,5,0,5,40,6,95,0,60,-1,,0,2,0,3090400650
gym-e3-slow.encounter,taunt-instrument,119,Victory,5,0,5,40,7,95,0,60,-1,,0,2,0,3416402459
gym-e3-slow.encounter,taunt-instrument,120,Victory,5,0,5,40,6,115,0,60,-1,,0,2,0,835002615
gym-e3-slow.encounter,taunt-instrument,121,Victory,5,0,5,40,6,115,0,60,-1,,0,2,0,1572167524
gym-e3-slow.encounter,taunt-instrument,122,Victory,4,0,4,32,6,135,0,50,-1,,0,1,0,3953052719
gym-e3-slow.encounter,taunt-instrument,123,Victory,4,0,4,32,6,135,0,50,-1,,0,1,0,3953052719
gym-e3-slow.encounter,taunt-instrument,124,Victory,4,0,4,32,4,115,0,75,-1,,0,2,0,360107731
gym-e3-slow.encounter,taunt-instrument,125,Victory,4,0,4,32,4,155,0,25,-1,,0,1,0,3811566405
gym-e3-slow.encounter,taunt-instrument,126,Victory,5,0,5,40,6,115,0,60,-1,,0,2,0,60546946
gym-e3-slow.encounter,taunt-instrument,127,Victory,4,0,4,32,6,135,0,50,-1,,0,1,0,3953052719
gym-e3-slow.encounter,taunt-instrument,128,Victory,5,0,5,40,6,95,0,60,-1,,0,2,0,548652168
gym-e3-slow.encounter,taunt-instrument,129,Victory,4,0,4,32,6,135,0,50,-1,,0,1,0,3953052719
gym-e3-slow.encounter,taunt-instrument,130,Victory,4,0,4,32,6,135,0,50,-1,,0,1,0,3953052719
gym-e3-slow.encounter,taunt-instrument,131,Victory,4,0,4,32,3,145,0,50,-1,,0,1,0,2800700953
gym-e3-slow.encounter,taunt-instrument,132,Victory,4,0,4,32,6,135,0,50,-1,,0,1,0,3953052719
gym-e3-slow.encounter,taunt-instrument,133,Victory,5,0,5,40,6,95,0,60,-1,,0,2,0,2535984826
gym-e3-slow.encounter,taunt-instrument,134,Victory,4,0,4,32,6,135,0,50,-1,,0,1,0,3953052719
gym-e3-slow.encounter,taunt-instrument,135,Victory,4,0,4,32,6,135,0,50,-1,,0,1,0,3953052719
gym-e3-slow.encounter,taunt-instrument,136,Victory,5,0,5,40,5,55,0,80,-1,,0,3,0,48095607
gym-e3-slow.encounter,taunt-instrument,137,Victory,5,0,5,40,2,114,0,80,-1,,0,2,0,1947551165
gym-e3-slow.encounter,taunt-instrument,138,Victory,4,0,4,32,6,135,0,50,-1,,0,1,0,3953052719
gym-e3-slow.encounter,taunt-instrument,139,Victory,4,0,4,32,6,135,0,50,-1,,0,1,0,3953052719
gym-e3-slow.encounter,taunt-instrument,140,Victory,5,0,5,40,6,75,0,80,-1,,0,3,0,1562027801
gym-e3-slow.encounter,taunt-instrument,141,Victory,4,0,4,32,6,135,0,50,-1,,0,1,0,750973167
gym-e3-slow.encounter,taunt-instrument,142,Victory,5,0,5,40,3,145,0,60,-1,,0,2,0,424222086
gym-e3-slow.encounter,taunt-instrument,143,Victory,5,0,5,40,3,105,0,60,-1,,0,2,0,60634446
gym-e3-slow.encounter,taunt-instrument,144,Victory,4,0,4,32,6,135,0,50,-1,,0,1,0,3953052719
gym-e3-slow.encounter,taunt-instrument,145,Victory,4,0,4,32,6,135,0,50,-1,,0,1,0,3953052719
gym-e3-slow.encounter,taunt-instrument,146,Victory,4,0,4,32,10,155,0,50,-1,,0,1,0,745426167
gym-e3-slow.encounter,taunt-instrument,147,Victory,4,0,4,32,6,135,0,50,-1,,0,1,0,3953052719
gym-e3-slow.encounter,taunt-instrument,148,Victory,5,0,5,40,6,75,0,80,-1,,0,4,0,2058517701
gym-e3-slow.encounter,taunt-instrument,149,Victory,4,0,4,32,6,135,0,50,-1,,0,1,0,3953052719
gym-e3-slow.encounter,taunt-instrument,150,Victory,5,0,5,40,12,114,0,60,-1,,0,2,0,3127021411
gym-e3-slow.encounter,taunt-instrument,151,Victory,4,0,4,32,6,135,0,50,-1,,0,1,0,3953052719
gym-e3-slow.encounter,taunt-instrument,152,Victory,5,0,5,40,6,95,0,60,-1,,0,2,0,3337734936
gym-e3-slow.encounter,taunt-instrument,153,Victory,4,0,4,32,6,135,0,50,-1,,0,1,0,3953052719
gym-e3-slow.encounter,taunt-instrument,154,Victory,5,0,5,40,10,115,0,60,-1,,0,2,0,3255943110
gym-e3-slow.encounter,taunt-instrument,155,Victory,5,0,5,40,6,115,0,60,-1,,0,2,0,835002615
gym-e3-slow.encounter,taunt-instrument,156,Victory,4,0,4,32,6,135,0,50,-1,,0,1,0,3953052719
gym-e3-slow.encounter,taunt-instrument,157,Victory,5,0,5,40,6,95,0,60,-1,,0,2,0,2026756504
gym-e3-slow.encounter,taunt-instrument,158,Victory,4,0,4,32,6,135,0,50,-1,,0,1,0,3953052719
gym-e3-slow.encounter,taunt-instrument,159,Victory,4,0,4,32,6,135,0,50,-1,,0,1,0,3953052719
gym-e3-slow.encounter,taunt-instrument,160,Victory,5,0,5,40,9,75,0,80,-1,,0,3,0,2144565473
gym-e3-slow.encounter,taunt-instrument,161,Victory,5,0,5,40,4,95,0,80,-1,,0,3,0,3277418816
gym-e3-slow.encounter,taunt-instrument,162,Victory,4,0,4,32,4,194,0,25,-1,,0,1,0,1713679390
gym-e3-slow.encounter,taunt-instrument,163,Victory,4,0,4,32,6,135,0,50,-1,,0,1,0,3953052719
gym-e3-slow.encounter,taunt-instrument,164,Victory,5,0,5,40,4,114,0,60,-1,,0,2,0,1948260181
gym-e3-slow.encounter,taunt-instrument,165,Victory,4,0,4,32,6,135,0,50,-1,,0,1,0,3953052719
gym-e3-slow.encounter,taunt-instrument,166,Victory,4,0,4,32,2,115,0,75,-1,,0,2,0,559527589
gym-e3-slow.encounter,taunt-instrument,167,Victory,4,0,4,32,4,135,0,50,-1,,0,1,0,3751155837
gym-e3-slow.encounter,taunt-instrument,168,Victory,5,0,5,40,6,95,0,60,-1,,0,2,0,3337734936
gym-e3-slow.encounter,taunt-instrument,169,Victory,4,0,4,32,1,155,0,25,-1,,0,1,0,2222664757
gym-e3-slow.encounter,taunt-instrument,170,Victory,4,0,4,32,4,155,0,25,-1,,0,1,0,280359154
gym-e3-slow.encounter,taunt-instrument,171,Victory,4,0,4,32,6,135,0,50,-1,,0,1,0,3953052719
gym-e3-slow.encounter,taunt-instrument,172,Victory,5,0,5,40,2,65,0,80,-1,,0,2,0,1803548849
gym-e3-slow.encounter,taunt-instrument,173,Victory,4,0,4,32,6,175,0,25,-1,,0,1,0,667592915
gym-e3-slow.encounter,taunt-instrument,174,Victory,4,0,4,32,6,135,0,50,-1,,0,1,0,3953052719
gym-e3-slow.encounter,taunt-instrument,175,Victory,5,0,5,40,4,75,0,80,-1,,0,3,0,1953102799
gym-e3-slow.encounter,taunt-instrument,176,Victory,4,0,4,32,6,135,0,50,-1,,0,1,0,3953052719
gym-e3-slow.encounter,taunt-instrument,177,Victory,4,0,4,32,6,135,0,50,-1,,0,1,0,3953052719
gym-e3-slow.encounter,taunt-instrument,178,Victory,5,0,5,40,6,95,0,60,-1,,0,2,0,2081967980
gym-e3-slow.encounter,taunt-instrument,179,Victory,4,0,4,32,6,155,0,50,-1,,0,1,0,745426167
gym-e3-slow.encounter,taunt-instrument,180,Victory,5,0,5,40,4,115,0,60,-1,,0,2,0,835002615
gym-e3-slow.encounter,taunt-instrument,181,Victory,4,0,4,32,4,135,0,50,-1,,0,1,0,3953052719
gym-e3-slow.encounter,taunt-instrument,182,Victory,4,0,4,32,6,135,0,50,-1,,0,1,0,3953052719
gym-e3-slow.encounter,taunt-instrument,183,Victory,4,0,4,32,6,135,0,50,-1,,0,1,0,3953052719
gym-e3-slow.encounter,taunt-instrument,184,Victory,4,0,4,32,6,135,0,50,-1,,0,1,0,3953052719
gym-e3-slow.encounter,taunt-instrument,185,Victory,4,0,4,32,6,135,0,50,-1,,0,1,0,3953052719
gym-e3-slow.encounter,taunt-instrument,186,Victory,4,0,4,32,6,95,0,100,-1,,0,2,0,2950090347
gym-e3-slow.encounter,taunt-instrument,187,Victory,4,0,4,32,6,135,0,50,-1,,0,1,0,3953052719
gym-e3-slow.encounter,taunt-instrument,188,Victory,5,0,5,40,6,95,0,60,-1,,0,2,0,709014026
gym-e3-slow.encounter,taunt-instrument,189,Victory,5,0,5,40,11,75,0,60,-1,,0,3,0,54294662
gym-e3-slow.encounter,taunt-instrument,190,Victory,4,0,4,32,6,135,0,50,-1,,0,1,0,3953052719
gym-e3-slow.encounter,taunt-instrument,191,Victory,5,0,5,40,6,115,0,60,-1,,0,2,0,358928466
gym-e3-slow.encounter,taunt-instrument,192,Victory,5,0,5,40,1,65,0,80,-1,,0,3,0,2950590387
gym-e3-slow.encounter,taunt-instrument,193,Victory,4,0,4,32,6,135,0,50,-1,,0,1,0,3953052719
gym-e3-slow.encounter,taunt-instrument,194,Victory,5,0,5,40,5,115,0,60,-1,,0,2,0,3859696096
gym-e3-slow.encounter,taunt-instrument,195,Victory,4,0,4,32,6,135,0,50,-1,,0,1,0,3953052719
gym-e3-slow.encounter,taunt-instrument,196,Victory,5,0,5,40,5,75,0,60,-1,,0,3,0,4079097509
gym-e3-slow.encounter,taunt-instrument,197,Victory,5,0,5,40,9,134,0,60,-1,,0,2,0,4120895440
gym-e3-slow.encounter,taunt-instrument,198,Victory,5,0,5,40,6,75,0,80,-1,,0,3,0,1559235609
gym-e3-slow.encounter,taunt-instrument,199,Victory,5,0,5,40,5,75,0,60,-1,,0,3,0,3386179157
gym-e3-slow.encounter,taunt-instrument,200,Victory,4,0,4,32,4,155,0,25,-1,,0,1,0,3053507235
gym-e3-slow.encounter,counter-reserve,1,Victory,5,0,5,40,19,95,0,80,-1,,0,4,0,3351812944
gym-e3-slow.encounter,counter-reserve,2,Victory,5,0,5,40,17,75,0,80,-1,,0,4,0,3891464615
gym-e3-slow.encounter,counter-reserve,3,Victory,5,0,5,40,16,55,0,100,-1,,0,5,0,3590478347
gym-e3-slow.encounter,counter-reserve,4,Defeat,6,0,6,48,17,0,1,133,-1,,0,7,0,428286811
gym-e3-slow.encounter,counter-reserve,5,Victory,5,0,5,40,16,95,0,80,-1,,0,4,0,3939441604
gym-e3-slow.encounter,counter-reserve,6,Victory,4,0,4,32,7,175,0,25,-1,,0,1,0,270024513
gym-e3-slow.encounter,counter-reserve,7,Victory,5,0,5,40,18,35,0,120,-1,,0,6,0,2198299454
gym-e3-slow.encounter,counter-reserve,8,Victory,5,0,5,40,17,75,0,80,-1,,0,4,0,3891464615
gym-e3-slow.encounter,counter-reserve,9,Victory,5,0,5,40,16,75,0,80,-1,,0,4,0,1651109473
gym-e3-slow.encounter,counter-reserve,10,Victory,5,0,5,40,17,55,0,100,-1,,0,5,0,4073775789
gym-e3-slow.encounter,counter-reserve,11,Victory,5,0,5,40,17,75,0,80,-1,,0,4,0,3891464615
gym-e3-slow.encounter,counter-reserve,12,Victory,5,0,5,40,17,75,0,80,-1,,0,4,0,3891464615
gym-e3-slow.encounter,counter-reserve,13,Victory,5,0,5,40,16,75,0,80,-1,,0,4,0,1301856133
gym-e3-slow.encounter,counter-reserve,14,Victory,5,0,5,40,13,75,0,80,-1,,0,4,0,3048534165
gym-e3-slow.encounter,counter-reserve,15,Victory,5,0,5,40,17,75,0,80,-1,,0,4,0,3891464615
gym-e3-slow.encounter,counter-reserve,16,Victory,5,0,5,40,18,55,0,100,-1,,0,5,0,1923896508
gym-e3-slow.encounter,counter-reserve,17,Victory,4,0,4,32,10,135,0,50,-1,,0,3,0,138690689
gym-e3-slow.encounter,counter-reserve,18,Victory,5,0,5,40,17,75,0,80,-1,,0,4,0,3891464615
gym-e3-slow.encounter,counter-reserve,19,Victory,5,0,5,40,17,75,0,80,-1,,0,4,0,3891464615
gym-e3-slow.encounter,counter-reserve,20,Victory,5,0,5,40,15,75,0,80,-1,,0,4,0,3048534165
gym-e3-slow.encounter,counter-reserve,21,Victory,5,0,5,40,17,35,0,100,-1,,0,5,0,2816675627
gym-e3-slow.encounter,counter-reserve,22,Victory,5,0,5,40,16,75,0,100,-1,,0,5,0,1151139630
gym-e3-slow.encounter,counter-reserve,23,Victory,5,0,5,40,17,75,0,80,-1,,0,4,0,1331954099
gym-e3-slow.encounter,counter-reserve,24,Victory,5,0,5,40,16,75,0,100,-1,,0,5,0,824846917
gym-e3-slow.encounter,counter-reserve,25,Victory,5,0,5,40,17,75,0,80,-1,,0,4,0,3891464615
gym-e3-slow.encounter,counter-reserve,26,Victory,5,0,5,40,17,75,0,80,-1,,0,4,0,3891464615
gym-e3-slow.encounter,counter-reserve,27,Victory,5,0,5,40,17,75,0,80,-1,,0,4,0,3891464615
gym-e3-slow.encounter,counter-reserve,28,Defeat,5,0,5,40,22,0,1,140,-1,,0,6,0,2847265205
gym-e3-slow.encounter,counter-reserve,29,Victory,5,0,5,40,22,75,0,80,-1,,0,4,0,3975206626
gym-e3-slow.encounter,counter-reserve,30,Victory,5,0,5,40,14,95,0,80,-1,,0,4,0,438446211
gym-e3-slow.encounter,counter-reserve,31,Victory,5,0,5,40,13,75,0,80,-1,,0,4,0,3846495413
gym-e3-slow.encounter,counter-reserve,32,Victory,6,0,6,48,22,15,0,116,-1,,0,7,0,3898036965
gym-e3-slow.encounter,counter-reserve,33,Victory,5,0,5,40,17,75,0,80,-1,,0,4,0,3891464615
gym-e3-slow.encounter,counter-reserve,34,Victory,5,0,5,40,17,55,0,100,-1,,0,5,0,2690439433
gym-e3-slow.encounter,counter-reserve,35,Victory,5,0,5,40,17,75,0,80,-1,,0,4,0,3891464615
gym-e3-slow.encounter,counter-reserve,36,Victory,5,0,5,40,17,75,0,80,-1,,0,4,0,3891464615
gym-e3-slow.encounter,counter-reserve,37,Victory,5,0,5,40,17,75,0,80,-1,,0,4,0,3891464615
gym-e3-slow.encounter,counter-reserve,38,Victory,5,0,5,40,13,55,0,100,-1,,0,5,0,1234833387
gym-e3-slow.encounter,counter-reserve,39,Victory,5,0,5,40,16,95,0,80,-1,,0,4,0,1189487426
gym-e3-slow.encounter,counter-reserve,40,Victory,4,0,4,32,11,135,0,50,-1,,0,3,0,2139942174
gym-e3-slow.encounter,counter-reserve,41,Victory,6,0,6,48,21,54,0,83,-1,,0,5,0,3798133989
gym-e3-slow.encounter,counter-reserve,42,Victory,5,0,5,40,17,75,0,80,-1,,0,4,0,3891464615
gym-e3-slow.encounter,counter-reserve,43,Victory,5,0,5,40,16,95,0,60,-1,,0,4,0,4179191755
gym-e3-slow.encounter,counter-reserve,44,Victory,5,0,5,40,11,155,0,40,-1,,0,2,0,1890055482
gym-e3-slow.encounter,counter-reserve,45,Victory,6,0,6,48,22,15,0,116,-1,,0,7,0,66857557
gym-e3-slow.encounter,counter-reserve,46,Victory,5,0,5,40,17,35,0,100,-1,,0,5,0,788007058
gym-e3-slow.encounter,counter-reserve,47,Victory,5,0,5,40,17,75,0,80,-1,,0,4,0,3891464615
gym-e3-slow.encounter,counter-reserve,48,Victory,5,0,5,40,17,75,0,80,-1,,0,4,0,3891464615
gym-e3-slow.encounter,counter-reserve,49,Victory,5,0,5,40,17,35,0,100,-1,,0,5,0,2816675627
gym-e3-slow.encounter,counter-reserve,50,Victory,5,0,5,40,16,95,0,80,-1,,0,4,0,1517912118
gym-e3-slow.encounter,counter-reserve,51,Defeat,5,0,5,40,21,0,1,140,-1,,0,6,0,3643663803
gym-e3-slow.encounter,counter-reserve,52,Victory,5,0,5,40,20,94,0,80,-1,,0,4,0,2411838695
gym-e3-slow.encounter,counter-reserve,53,Victory,6,0,6,48,18,75,0,66,-1,,0,4,0,653483422
gym-e3-slow.encounter,counter-reserve,54,Victory,5,0,5,40,16,95,0,80,-1,,0,4,0,4190431729
gym-e3-slow.encounter,counter-reserve,55,Victory,4,0,4,32,10,155,0,50,-1,,0,1,0,745426167
gym-e3-slow.encounter,counter-reserve,56,Victory,5,0,5,40,17,75,0,80,-1,,0,4,0,3891464615
gym-e3-slow.encounter,counter-reserve,57,Victory,5,0,5,40,17,75,0,80,-1,,0,4,0,3891464615
gym-e3-slow.encounter,counter-reserve,58,Victory,4,0,4,32,6,135,0,75,-1,,0,2,0,2225760719
gym-e3-slow.encounter,counter-reserve,59,Victory,5,0,5,40,18,35,0,100,-1,,0,5,0,2244490430
gym-e3-slow.encounter,counter-reserve,60,Victory,6,0,6,48,21,35,0,100,-1,,0,6,0,3319677760
gym-e3-slow.encounter,counter-reserve,61,Victory,5,0,5,40,16,75,0,80,-1,,0,4,0,1301856133
gym-e3-slow.encounter,counter-reserve,62,Victory,6,0,6,48,15,114,0,66,-1,,0,5,0,779582581
gym-e3-slow.encounter,counter-reserve,63,Victory,5,0,5,40,16,75,0,100,-1,,0,5,0,1151139630
gym-e3-slow.encounter,counter-reserve,64,Victory,5,0,5,40,17,75,0,80,-1,,0,4,0,107739430
gym-e3-slow.encounter,counter-reserve,65,Victory,5,0,5,40,19,95,0,80,-1,,0,4,0,1341834578
gym-e3-slow.encounter,counter-reserve,66,Victory,5,0,5,40,16,75,0,80,-1,,0,4,0,3700875154
gym-e3-slow.encounter,counter-reserve,67,Victory,5,0,5,40,17,75,0,80,-1,,0,4,0,3891464615
gym-e3-slow.encounter,counter-reserve,68,Victory,5,0,5,40,16,75,0,80,-1,,0,4,0,1301856133
gym-e3-slow.encounter,counter-reserve,69,Victory,5,0,5,40,17,35,0,100,-1,,0,5,0,3916042025
gym-e3-slow.encounter,counter-reserve,70,Victory,5,0,5,40,17,75,0,80,-1,,0,4,0,3891464615
gym-e3-slow.encounter,counter-reserve,71,Victory,5,0,5,40,11,75,0,80,-1,,0,5,0,1563699835
gym-e3-slow.encounter,counter-reserve,72,Victory,4,0,4,32,2,115,0,50,-1,,0,2,0,267582502
gym-e3-slow.encounter,counter-reserve,73,Victory,5,0,5,40,17,75,0,80,-1,,0,4,0,3891464615
gym-e3-slow.encounter,counter-reserve,74,Victory,6,0,6,48,18,75,0,83,-1,,0,5,0,3672791325
gym-e3-slow.encounter,counter-reserve,75,Victory,4,0,4,32,5,155,0,25,-1,,0,1,0,3242757136
gym-e3-slow.encounter,counter-reserve,76,Victory,4,0,4,32,5,115,0,50,-1,,0,2,0,389565968
gym-e3-slow.encounter,counter-reserve,77,Victory,5,0,5,40,17,75,0,80,-1,,0,4,0,3891464615
gym-e3-slow.encounter,counter-reserve,78,Victory,5,0,5,40,16,75,0,80,-1,,0,4,0,3184449616
gym-e3-slow.encounter,counter-reserve,79,Victory,5,0,5,40,16,75,0,100,-1,,0,5,0,4286473771
gym-e3-slow.encounter,counter-reserve,80,Victory,5,0,5,40,12,95,0,60,-1,,0,4,0,907353180
gym-e3-slow.encounter,counter-reserve,81,Victory,5,0,5,40,17,75,0,80,-1,,0,4,0,3891464615
gym-e3-slow.encounter,counter-reserve,82,Victory,5,0,5,40,17,75,0,80,-1,,0,4,0,3891464615
gym-e3-slow.encounter,counter-reserve,83,Victory,6,0,6,48,22,35,0,83,-1,,0,5,0,65554640
gym-e3-slow.encounter,counter-reserve,84,Victory,5,0,5,40,17,75,0,80,-1,,0,4,0,3891464615
gym-e3-slow.encounter,counter-reserve,85,Victory,6,0,6,48,19,75,0,66,-1,,0,4,0,245949598
gym-e3-slow.encounter,counter-reserve,86,Defeat,5,0,5,40,24,0,1,140,-1,,0,6,0,2732493346
gym-e3-slow.encounter,counter-reserve,87,Victory,5,0,5,40,18,95,0,80,-1,,0,4,0,76861072
gym-e3-slow.encounter,counter-reserve,88,Victory,5,0,5,40,18,55,0,100,-1,,0,5,0,1923896508
gym-e3-slow.encounter,counter-reserve,89,Victory,5,0,5,40,8,95,0,80,-1,,0,5,0,1550486080
gym-e3-slow.encounter,counter-reserve,90,Victory,5,0,5,40,17,75,0,80,-1,,0,4,0,3891464615
gym-e3-slow.encounter,counter-reserve,91,Victory,5,0,5,40,17,75,0,80,-1,,0,4,0,3891464615
gym-e3-slow.encounter,counter-reserve,92,Victory,5,0,5,40,17,75,0,80,-1,,0,4,0,3891464615
gym-e3-slow.encounter,counter-reserve,93,Victory,5,0,5,40,17,55,0,100,-1,,0,5,0,4073775789
gym-e3-slow.encounter,counter-reserve,94,Victory,5,0,5,40,17,75,0,80,-1,,0,4,0,3891464615
gym-e3-slow.encounter,counter-reserve,95,Victory,5,0,5,40,9,95,0,60,-1,,0,5,0,3542476626
gym-e3-slow.encounter,counter-reserve,96,Victory,5,0,5,40,17,75,0,80,-1,,0,4,0,2945059283
gym-e3-slow.encounter,counter-reserve,97,Victory,4,0,4,32,7,135,0,50,-1,,0,3,0,138690689
gym-e3-slow.encounter,counter-reserve,98,Victory,5,0,5,40,18,55,0,100,-1,,0,5,0,608896406
gym-e3-slow.encounter,counter-reserve,99,Victory,5,0,5,40,17,75,0,80,-1,,0,4,0,3891464615
gym-e3-slow.encounter,counter-reserve,100,Victory,5,0,5,40,14,75,0,80,-1,,0,4,0,2084265539
gym-e3-slow.encounter,counter-reserve,101,Victory,5,0,5,40,17,75,0,80,-1,,0,4,0,3891464615
gym-e3-slow.encounter,counter-reserve,102,Victory,5,0,5,40,16,95,0,60,-1,,0,4,0,4179191755
gym-e3-slow.encounter,counter-reserve,103,Victory,5,0,5,40,17,75,0,80,-1,,0,4,0,3891464615
gym-e3-slow.encounter,counter-reserve,104,Victory,5,0,5,40,17,75,0,80,-1,,0,4,0,3891464615
gym-e3-slow.encounter,counter-reserve,105,Victory,5,0,5,40,17,75,0,80,-1,,0,4,0,3891464615
gym-e3-slow.encounter,counter-reserve,106,Victory,5,0,5,40,14,95,0,80,-1,,0,4,0,2744721016
gym-e3-slow.encounter,counter-reserve,107,Victory,6,0,6,48,22,55,0,83,-1,,0,5,0,3089688596
gym-e3-slow.encounter,counter-reserve,108,Victory,5,0,5,40,17,75,0,80,-1,,0,4,0,3891464615
gym-e3-slow.encounter,counter-reserve,109,Victory,5,0,5,40,15,75,0,80,-1,,0,4,0,1284946273
gym-e3-slow.encounter,counter-reserve,110,Victory,8,0,8,64,29,15,0,87,-1,,0,7,0,3843614802
gym-e3-slow.encounter,counter-reserve,111,Victory,5,0,5,40,18,95,0,80,-1,,0,4,0,76861072
gym-e3-slow.encounter,counter-reserve,112,Victory,5,0,5,40,17,75,0,80,-1,,0,4,0,3891464615
gym-e3-slow.encounter,counter-reserve,113,Victory,6,0,6,48,21,35,0,100,-1,,0,6,0,693427074
gym-e3-slow.encounter,counter-reserve,114,Victory,6,0,6,48,19,55,0,83,-1,,0,5,0,3845588038
gym-e3-slow.encounter,counter-reserve,115,Victory,5,0,5,40,13,75,0,80,-1,,0,4,0,3681656277
gym-e3-slow.encounter,counter-reserve,116,Victory,5,0,5,40,17,75,0,80,-1,,0,4,0,3891464615
gym-e3-slow.encounter,counter-reserve,117,Victory,5,0,5,40,17,75,0,80,-1,,0,4,0,3891464615
gym-e3-slow.encounter,counter-reserve,118,Victory,5,0,5,40,17,75,0,80,-1,,0,4,0,3891464615
gym-e3-slow.encounter,counter-reserve,119,Victory,6,0,6,48,21,55,0,83,-1,,0,5,0,2125392812
gym-e3-slow.encounter,counter-reserve,120,Victory,6,0,6,48,22,55,0,83,-1,,0,5,0,3846897892
gym-e3-slow.encounter,counter-reserve,121,Victory,6,0,6,48,18,35,0,100,-1,,0,6,0,2585313750
gym-e3-slow.encounter,counter-reserve,122,Victory,5,0,5,40,17,75,0,80,-1,,0,4,0,3891464615
gym-e3-slow.encounter,counter-reserve,123,Victory,5,0,5,40,17,75,0,80,-1,,0,4,0,3891464615
gym-e3-slow.encounter,counter-reserve,124,Victory,5,0,5,40,18,75,0,100,-1,,0,5,0,3144846788
gym-e3-slow.encounter,counter-reserve,125,Victory,5,0,5,40,14,95,0,60,-1,,0,3,0,3040681693
gym-e3-slow.encounter,counter-reserve,126,Victory,5,0,5,40,17,75,0,80,-1,,0,4,0,3891464615
gym-e3-slow.encounter,counter-reserve,127,Victory,5,0,5,40,17,75,0,80,-1,,0,4,0,3891464615
gym-e3-slow.encounter,counter-reserve,128,Victory,5,0,5,40,17,75,0,80,-1,,0,4,0,3891464615
gym-e3-slow.encounter,counter-reserve,129,Victory,5,0,5,40,17,75,0,80,-1,,0,4,0,3891464615
gym-e3-slow.encounter,counter-reserve,130,Victory,5,0,5,40,17,75,0,80,-1,,0,4,0,3891464615
gym-e3-slow.encounter,counter-reserve,131,Victory,5,0,5,40,11,75,0,80,-1,,0,4,0,3228182381
gym-e3-slow.encounter,counter-reserve,132,Victory,5,0,5,40,17,75,0,80,-1,,0,4,0,3891464615
gym-e3-slow.encounter,counter-reserve,133,Victory,6,0,6,48,23,75,0,83,-1,,0,5,0,913240865
gym-e3-slow.encounter,counter-reserve,134,Victory,5,0,5,40,16,95,0,60,-1,,0,3,0,4179191755
gym-e3-slow.encounter,counter-reserve,135,Victory,5,0,5,40,17,75,0,80,-1,,0,4,0,3891464615
gym-e3-slow.encounter,counter-reserve,136,Victory,6,0,6,48,21,35,0,100,-1,,0,6,0,3319677760
gym-e3-slow.encounter,counter-reserve,137,Defeat,5,0,5,40,16,0,1,140,-1,,0,6,0,3942384344
gym-e3-slow.encounter,counter-reserve,138,Victory,5,0,5,40,17,75,0,80,-1,,0,4,0,3891464615
gym-e3-slow.encounter,counter-reserve,139,Victory,5,0,5,40,17,75,0,80,-1,,0,4,0,3891464615
gym-e3-slow.encounter,counter-reserve,140,Victory,5,0,5,40,17,55,0,100,-1,,0,5,0,4073775789
gym-e3-slow.encounter,counter-reserve,141,Victory,5,0,5,40,16,95,0,80,-1,,0,4,0,3939441604
gym-e3-slow.encounter,counter-reserve,142,Victory,4,0,4,32,9,115,0,50,-1,,0,3,0,3556566272
gym-e3-slow.encounter,counter-reserve,143,Victory,6,0,6,48,15,75,0,83,-1,,0,5,0,376427068
gym-e3-slow.encounter,counter-reserve,144,Victory,5,0,5,40,17,75,0,80,-1,,0,4,0,3891464615
gym-e3-slow.encounter,counter-reserve,145,Victory,5,0,5,40,17,75,0,80,-1,,0,4,0,3891464615
gym-e3-slow.encounter,counter-reserve,146,Victory,5,0,5,40,16,95,0,80,-1,,0,4,0,4199635681
gym-e3-slow.encounter,counter-reserve,147,Victory,5,0,5,40,17,75,0,80,-1,,0,4,0,3891464615
gym-e3-slow.encounter,counter-reserve,148,Victory,5,0,5,40,19,75,0,100,-1,,0,5,0,1487354864
gym-e3-slow.encounter,counter-reserve,149,Victory,5,0,5,40,11,75,0,80,-1,,0,3,0,3685002853
gym-e3-slow.encounter,counter-reserve,150,Victory,6,0,6,48,21,55,0,83,-1,,0,5,0,3732254674
gym-e3-slow.encounter,counter-reserve,151,Victory,5,0,5,40,17,75,0,80,-1,,0,4,0,3891464615
gym-e3-slow.encounter,counter-reserve,152,Victory,5,0,5,40,16,95,0,80,-1,,0,4,0,156332274
gym-e3-slow.encounter,counter-reserve,153,Victory,5,0,5,40,17,75,0,80,-1,,0,4,0,3891464615
gym-e3-slow.encounter,counter-reserve,154,Victory,6,0,6,48,25,35,0,83,-1,,0,5,0,3476613844
gym-e3-slow.encounter,counter-reserve,155,Victory,5,0,5,40,18,95,0,80,-1,,0,4,0,2919425664
gym-e3-slow.encounter,counter-reserve,156,Victory,5,0,5,40,17,75,0,80,-1,,0,4,0,107739430
gym-e3-slow.encounter,counter-reserve,157,Victory,6,0,6,48,21,35,0,100,-1,,0,6,0,3315460112
gym-e3-slow.encounter,counter-reserve,158,Victory,5,0,5,40,17,75,0,80,-1,,0,4,0,3891464615
gym-e3-slow.encounter,counter-reserve,159,Victory,5,0,5,40,17,75,0,80,-1,,0,4,0,3891464615
gym-e3-slow.encounter,counter-reserve,160,Victory,5,0,5,40,14,95,0,60,-1,,0,4,0,2252636867
gym-e3-slow.encounter,counter-reserve,161,Victory,5,0,5,40,18,35,0,100,-1,,0,5,0,2244490430
gym-e3-slow.encounter,counter-reserve,162,Victory,5,0,5,40,18,95,0,80,-1,,0,4,0,2919425664
gym-e3-slow.encounter,counter-reserve,163,Victory,5,0,5,40,17,75,0,80,-1,,0,4,0,3891464615
gym-e3-slow.encounter,counter-reserve,164,Victory,6,0,6,48,18,55,0,83,-1,,0,5,0,975276068
gym-e3-slow.encounter,counter-reserve,165,Victory,5,0,5,40,17,75,0,80,-1,,0,4,0,3891464615
gym-e3-slow.encounter,counter-reserve,166,Victory,5,0,5,40,15,35,0,100,-1,,0,5,0,2816675627
gym-e3-slow.encounter,counter-reserve,167,Victory,4,0,4,32,11,135,0,50,-1,,0,3,0,2139942174
gym-e3-slow.encounter,counter-reserve,168,Victory,5,0,5,40,16,95,0,80,-1,,0,4,0,653336273
gym-e3-slow.encounter,counter-reserve,169,Victory,4,0,4,32,7,115,0,50,-1,,0,2,0,3241440530
gym-e3-slow.encounter,counter-reserve,170,Victory,5,0,5,40,14,95,0,60,-1,,0,3,0,3040681693
gym-e3-slow.encounter,counter-reserve,171,Victory,5,0,5,40,17,75,0,80,-1,,0,4,0,3891464615
gym-e3-slow.encounter,counter-reserve,172,Victory,4,0,4,32,9,95,0,75,-1,,0,4,0,233176454
gym-e3-slow.encounter,counter-reserve,173,Victory,5,0,5,40,18,95,0,80,-1,,0,4,0,3809275140
gym-e3-slow.encounter,counter-reserve,174,Victory,5,0,5,40,17,75,0,80,-1,,0,4,0,3891464615
gym-e3-slow.encounter,counter-reserve,175,Victory,5,0,5,40,19,55,0,100,-1,,0,5,0,2817977969
gym-e3-slow.encounter,counter-reserve,176,Victory,5,0,5,40,17,75,0,80,-1,,0,4,0,3891464615
gym-e3-slow.encounter,counter-reserve,177,Victory,5,0,5,40,17,75,0,80,-1,,0,4,0,3891464615
gym-e3-slow.encounter,counter-reserve,178,Victory,6,0,6,48,22,55,0,83,-1,,0,5,0,3846897892
gym-e3-slow.encounter,counter-reserve,179,Victory,5,0,5,40,16,75,0,80,-1,,0,4,0,1301856133
gym-e3-slow.encounter,counter-reserve,180,Victory,5,0,5,40,12,165,0,40,-1,,0,2,0,974825750
gym-e3-slow.encounter,counter-reserve,181,Victory,5,0,5,40,15,75,0,80,-1,,0,4,0,1836355009
gym-e3-slow.encounter,counter-reserve,182,Victory,5,0,5,40,17,75,0,80,-1,,0,4,0,3891464615
gym-e3-slow.encounter,counter-reserve,183,Victory,5,0,5,40,17,75,0,80,-1,,0,4,0,3891464615
gym-e3-slow.encounter,counter-reserve,184,Victory,5,0,5,40,17,75,0,80,-1,,0,4,0,3891464615
gym-e3-slow.encounter,counter-reserve,185,Victory,5,0,5,40,17,75,0,80,-1,,0,4,0,3891464615
gym-e3-slow.encounter,counter-reserve,186,Victory,5,0,5,40,17,55,0,100,-1,,0,5,0,2690439433
gym-e3-slow.encounter,counter-reserve,187,Victory,5,0,5,40,17,75,0,80,-1,,0,4,0,3891464615
gym-e3-slow.encounter,counter-reserve,188,Victory,6,0,6,48,25,35,0,83,-1,,0,5,0,3476613844
gym-e3-slow.encounter,counter-reserve,189,Victory,5,0,5,40,10,95,0,80,-1,,0,3,0,3229906996
gym-e3-slow.encounter,counter-reserve,190,Victory,5,0,5,40,17,75,0,80,-1,,0,4,0,3891464615
gym-e3-slow.encounter,counter-reserve,191,Victory,6,0,6,48,17,35,0,100,-1,,0,6,0,1960947942
gym-e3-slow.encounter,counter-reserve,192,Victory,6,0,6,48,21,15,0,100,-1,,0,6,0,3218750174
gym-e3-slow.encounter,counter-reserve,193,Victory,5,0,5,40,17,75,0,80,-1,,0,4,0,3891464615
gym-e3-slow.encounter,counter-reserve,194,Victory,6,0,6,48,21,34,0,100,-1,,0,6,0,438512599
gym-e3-slow.encounter,counter-reserve,195,Victory,5,0,5,40,17,75,0,80,-1,,0,4,0,3891464615
gym-e3-slow.encounter,counter-reserve,196,Victory,4,0,4,32,6,135,0,50,-1,,0,2,0,2163486045
gym-e3-slow.encounter,counter-reserve,197,Victory,6,0,6,48,19,55,0,83,-1,,0,5,0,1698592327
gym-e3-slow.encounter,counter-reserve,198,Victory,6,0,6,48,18,55,0,100,-1,,0,6,0,87985504
gym-e3-slow.encounter,counter-reserve,199,Victory,5,0,5,40,17,75,0,100,-1,,0,5,0,2166852465
gym-e3-slow.encounter,counter-reserve,200,Victory,4,0,4,32,5,155,0,25,-1,,0,1,0,2101100674
gym-e3-rv_kage_b.encounter,attack-only,1,Victory,4,0,4,32,3,135,0,50,-1,,0,1,0,1679551450
gym-e3-rv_kage_b.encounter,attack-only,2,Victory,4,0,4,32,3,135,0,50,-1,,0,1,0,1679551450
gym-e3-rv_kage_b.encounter,attack-only,3,Victory,4,0,4,32,3,95,0,75,-1,,0,1,0,455474107
gym-e3-rv_kage_b.encounter,attack-only,4,Victory,5,0,5,40,6,135,0,80,-1,,0,2,0,3762264788
gym-e3-rv_kage_b.encounter,attack-only,5,Victory,4,0,4,32,4,155,0,50,-1,,0,1,0,458115493
gym-e3-rv_kage_b.encounter,attack-only,6,Victory,4,0,4,32,4,135,0,50,-1,,0,0,0,730321341
gym-e3-rv_kage_b.encounter,attack-only,7,Victory,4,0,4,32,6,95,0,75,-1,,0,2,0,2110230371
gym-e3-rv_kage_b.encounter,attack-only,8,Victory,4,0,4,32,3,135,0,50,-1,,0,1,0,1679551450
gym-e3-rv_kage_b.encounter,attack-only,9,Victory,6,0,6,48,10,75,0,66,-1,,0,3,0,2725011459
gym-e3-rv_kage_b.encounter,attack-only,10,Victory,5,0,5,40,6,95,0,100,-1,,0,4,0,1026076882
gym-e3-rv_kage_b.encounter,attack-only,11,Victory,4,0,4,32,3,135,0,50,-1,,0,1,0,1679551450
gym-e3-rv_kage_b.encounter,attack-only,12,Victory,4,0,4,32,3,135,0,50,-1,,0,1,0,1679551450
gym-e3-rv_kage_b.encounter,attack-only,13,Victory,4,0,4,32,4,135,0,50,-1,,0,1,0,3011141455
gym-e3-rv_kage_b.encounter,attack-only,14,Victory,4,0,4,32,6,115,0,75,-1,,0,1,0,3334226553
gym-e3-rv_kage_b.encounter,attack-only,15,Victory,4,0,4,32,3,135,0,50,-1,,0,1,0,786437260
gym-e3-rv_kage_b.encounter,attack-only,16,Victory,4,0,4,32,6,115,0,75,-1,,0,2,0,1721308379
gym-e3-rv_kage_b.encounter,attack-only,17,Victory,4,0,4,32,1,135,0,50,-1,,0,1,0,1679551450
gym-e3-rv_kage_b.encounter,attack-only,18,Victory,4,0,4,32,4,135,0,50,-1,,0,1,0,1487164765
gym-e3-rv_kage_b.encounter,attack-only,19,Victory,4,0,4,32,3,135,0,50,-1,,0,1,0,1679551450
gym-e3-rv_kage_b.encounter,attack-only,20,Victory,4,0,4,32,3,155,0,25,-1,,0,1,0,3340802601
gym-e3-rv_kage_b.encounter,attack-only,21,Victory,4,0,4,32,6,115,0,75,-1,,0,1,0,4082633865
gym-e3-rv_kage_b.encounter,attack-only,22,Victory,5,0,5,40,6,95,0,80,-1,,0,3,0,1053090852
gym-e3-rv_kage_b.encounter,attack-only,23,Victory,5,0,5,40,4,115,0,60,-1,,0,2,0,2953837445
gym-e3-rv_kage_b.encounter,attack-only,24,Victory,4,0,4,32,3,135,0,50,-1,,0,1,0,1679551450
gym-e3-rv_kage_b.encounter,attack-only,25,Victory,5,0,5,40,5,115,0,60,-1,,0,2,0,2981689330
gym-e3-rv_kage_b.encounter,attack-only,26,Victory,4,0,4,32,4,135,0,50,-1,,0,1,0,1487164765
gym-e3-rv_kage_b.encounter,attack-only,27,Victory,4,0,4,32,4,135,0,50,-1,,0,1,0,1487164765
gym-e3-rv_kage_b.encounter,attack-only,28,Victory,4,0,4,32,3,95,0,75,-1,,0,2,0,1089032674
gym-e3-rv_kage_b.encounter,attack-only,29,Victory,4,0,4,32,3,135,0,50,-1,,0,1,0,1679551450
gym-e3-rv_kage_b.encounter,attack-only,30,Victory,4,0,4,32,3,155,0,25,-1,,0,1,0,3340802601
gym-e3-rv_kage_b.encounter,attack-only,31,Victory,5,0,5,40,1,114,0,60,-1,,0,2,0,2790816839
gym-e3-rv_kage_b.encounter,attack-only,32,Victory,5,0,5,40,7,105,0,100,-1,,0,4,0,2712167219
gym-e3-rv_kage_b.encounter,attack-only,33,Victory,4,0,4,32,3,135,0,50,-1,,0,1,0,1679551450
gym-e3-rv_kage_b.encounter,attack-only,34,Victory,4,0,4,32,3,135,0,75,-1,,0,1,0,2170035959
gym-e3-rv_kage_b.encounter,attack-only,35,Victory,4,0,4,32,3,135,0,50,-1,,0,1,0,1679551450
gym-e3-rv_kage_b.encounter,attack-only,36,Victory,4,0,4,32,3,135,0,50,-1,,0,1,0,1679551450
gym-e3-rv_kage_b.encounter,attack-only,37,Victory,4,0,4,32,3,135,0,50,-1,,0,1,0,1679551450
gym-e3-rv_kage_b.encounter,attack-only,38,Victory,4,0,4,32,1,125,0,75,-1,,0,2,0,2505583865
gym-e3-rv_kage_b.encounter,attack-only,39,Victory,5,0,5,40,7,155,0,40,-1,,0,2,0,1020673256
gym-e3-rv_kage_b.encounter,attack-only,40,Victory,4,0,4,32,1,135,0,50,-1,,0,1,0,1679551450
gym-e3-rv_kage_b.encounter,attack-only,41,Victory,4,0,4,32,3,135,0,50,-1,,0,1,0,1679551450
gym-e3-rv_kage_b.encounter,attack-only,42,Victory,4,0,4,32,3,135,0,50,-1,,0,1,0,1679551450
gym-e3-rv_kage_b.encounter,attack-only,43,Victory,4,0,4,32,1,135,0,50,-1,,0,1,0,1679551450
gym-e3-rv_kage_b.encounter,attack-only,44,Victory,4,0,4,32,6,115,0,50,-1,,0,2,0,3124813454
gym-e3-rv_kage_b.encounter,attack-only,45,Victory,5,0,5,40,6,55,0,80,-1,,0,4,0,3141759664
gym-e3-rv_kage_b.encounter,attack-only,46,Victory,4,0,4,32,6,115,0,75,-1,,0,2,0,4226990600
gym-e3-rv_kage_b.encounter,attack-only,47,Victory,4,0,4,32,3,135,0,50,-1,,0,1,0,1679551450
gym-e3-rv_kage_b.encounter,attack-only,48,Victory,4,0,4,32,3,135,0,50,-1,,0,1,0,1679551450
gym-e3-rv_kage_b.encounter,attack-only,49,Victory,4,0,4,32,6,115,0,75,-1,,0,1,0,3334226553
gym-e3-rv_kage_b.encounter,attack-only,50,Victory,4,0,4,32,4,155,0,50,-1,,0,1,0,186898709
gym-e3-rv_kage_b.encounter,attack-only,51,Victory,5,0,5,40,9,95,0,80,-1,,0,4,0,1643793547
gym-e3-rv_kage_b.encounter,attack-only,52,Victory,4,0,4,32,3,135,0,50,-1,,0,1,0,1679551450
gym-e3-rv_kage_b.encounter,attack-only,53,Victory,4,0,4,32,3,135,0,50,-1,,0,2,0,3862631498
gym-e3-rv_kage_b.encounter,attack-only,54,Victory,5,0,5,40,4,135,0,60,-1,,0,2,0,409873201
gym-e3-rv_kage_b.encounter,attack-only,55,Victory,4,0,4,32,1,155,0,25,-1,,0,1,0,3952905870
gym-e3-rv_kage_b.encounter,attack-only,56,Victory,5,0,5,40,5,95,0,60,-1,,0,2,0,2261822732
gym-e3-rv_kage_b.encounter,attack-only,57,Victory,4,0,4,32,3,135,0,50,-1,,0,1,0,1679551450
gym-e3-rv_kage_b.encounter,attack-only,58,Victory,4,0,4,32,1,145,0,50,-1,,0,1,0,2830761035
gym-e3-rv_kage_b.encounter,attack-only,59,Victory,4,0,4,32,6,95,0,75,-1,,0,2,0,2110230371
gym-e3-rv_kage_b.encounter,attack-only,60,Victory,4,0,4,32,6,115,0,75,-1,,0,2,0,3125228023
gym-e3-rv_kage_b.encounter,attack-only,61,Victory,4,0,4,32,4,135,0,50,-1,,0,0,0,730321341
gym-e3-rv_kage_b.encounter,attack-only,62,Victory,4,0,4,32,0,155,0,50,-1,,0,1,0,1382877266
gym-e3-rv_kage_b.encounter,attack-only,63,Victory,6,0,6,48,9,55,0,83,-1,,0,4,0,4021456324
gym-e3-rv_kage_b.encounter,attack-only,64,Victory,4,0,4,32,6,135,0,50,-1,,0,1,0,1487164765
gym-e3-rv_kage_b.encounter,attack-only,65,Victory,5,0,5,40,5,95,0,60,-1,,0,2,0,2853053642
gym-e3-rv_kage_b.encounter,attack-only,66,Victory,4,0,4,32,4,135,0,50,-1,,0,1,0,3171595087
gym-e3-rv_kage_b.encounter,attack-only,67,Victory,4,0,4,32,4,135,0,50,-1,,0,1,0,1487164765
gym-e3-rv_kage_b.encounter,attack-only,68,Victory,7,0,7,56,12,74,0,71,-1,,0,4,0,1459908488
gym-e3-rv_kage_b.encounter,attack-only,69,Victory,5,0,5,40,5,95,0,80,-1,,0,2,0,1621594497
gym-e3-rv_kage_b.encounter,attack-only,70,Victory,5,0,5,40,5,115,0,60,-1,,0,2,0,4249148628
gym-e3-rv_kage_b.encounter,attack-only,71,Victory,4,0,4,32,0,125,0,75,-1,,0,2,0,148069786
gym-e3-rv_kage_b.encounter,attack-only,72,Victory,4,0,4,32,1,135,0,50,-1,,0,2,0,3404687673
gym-e3-rv_kage_b.encounter,attack-only,73,Victory,4,0,4,32,4,135,0,50,-1,,0,1,0,730321341
gym-e3-rv_kage_b.encounter,attack-only,74,Victory,5,0,5,40,7,155,0,40,-1,,0,2,0,1098122072
gym-e3-rv_kage_b.encounter,attack-only,75,Victory,4,0,4,32,8,115,0,50,-1,,0,3,0,2702715974
gym-e3-rv_kage_b.encounter,attack-only,76,Victory,4,0,4,32,4,115,0,50,-1,,0,2,0,645658530
gym-e3-rv_kage_b.encounter,attack-only,77,Victory,4,0,4,32,3,135,0,50,-1,,0,1,0,1679551450
gym-e3-rv_kage_b.encounter,attack-only,78,Victory,4,0,4,32,4,135,0,50,-1,,0,1,0,730321341
gym-e3-rv_kage_b.encounter,attack-only,79,Victory,4,0,4,32,3,95,0,75,-1,,0,2,0,1089032674
gym-e3-rv_kage_b.encounter,attack-only,80,Victory,4,0,4,32,1,145,0,50,-1,,0,1,0,2830761035
gym-e3-rv_kage_b.encounter,attack-only,81,Victory,5,0,5,40,4,115,0,80,-1,,0,2,0,2816755527
gym-e3-rv_kage_b.encounter,attack-only,82,Victory,4,0,4,32,3,135,0,50,-1,,0,1,0,1679551450
gym-e3-rv_kage_b.encounter,attack-only,83,Victory,5,0,5,40,3,135,0,60,-1,,0,2,0,3418895459
gym-e3-rv_kage_b.encounter,attack-only,84,Victory,4,0,4,32,3,135,0,50,-1,,0,1,0,1536207614
gym-e3-rv_kage_b.encounter,attack-only,85,Victory,5,0,5,40,4,145,0,40,-1,,0,2,0,1978097381
gym-e3-rv_kage_b.encounter,attack-only,86,Victory,4,0,4,32,3,95,0,75,-1,,0,2,0,3408586971
gym-e3-rv_kage_b.encounter,attack-only,87,Victory,4,0,4,32,4,135,0,50,-1,,0,0,0,730321341
gym-e3-rv_kage_b.encounter,attack-only,88,Victory,5,0,5,40,6,95,0,80,-1,,0,2,0,3551398437
gym-e3-rv_kage_b.encounter,attack-only,89,Victory,4,0,4,32,4,135,0,50,-1,,0,1,0,1487164765
gym-e3-rv_kage_b.encounter,attack-only,90,Victory,4,0,4,32,3,135,0,50,-1,,0,1,0,1679551450
gym-e3-rv_kage_b.encounter,attack-only,91,Victory,4,0,4,32,3,135,0,50,-1,,0,1,0,1679551450
gym-e3-rv_kage_b.encounter,attack-only,92,Victory,4,0,4,32,3,135,0,50,-1,,0,1,0,1679551450
gym-e3-rv_kage_b.encounter,attack-only,93,Victory,4,0,4,32,3,95,0,75,-1,,0,1,0,455474107
gym-e3-rv_kage_b.encounter,attack-only,94,Victory,4,0,4,32,3,135,0,50,-1,,0,1,0,1679551450
gym-e3-rv_kage_b.encounter,attack-only,95,Victory,5,0,5,40,0,85,0,80,-1,,0,3,0,1739187819
gym-e3-rv_kage_b.encounter,attack-only,96,Victory,4,0,4,32,4,154,0,50,-1,,0,1,0,2262284288
gym-e3-rv_kage_b.encounter,attack-only,97,Victory,4,0,4,32,1,135,0,50,-1,,0,1,0,1679551450
gym-e3-rv_kage_b.encounter,attack-only,98,Victory,4,0,4,32,3,115,0,75,-1,,0,1,0,3995538259
gym-e3-rv_kage_b.encounter,attack-only,99,Victory,4,0,4,32,3,135,0,50,-1,,0,1,0,1679551450
gym-e3-rv_kage_b.encounter,attack-only,100,Victory,5,0,5,40,7,115,0,40,-1,,0,2,0,3811756743
gym-e3-rv_kage_b.encounter,attack-only,101,Victory,4,0,4,32,3,135,0,50,-1,,0,1,0,1679551450
gym-e3-rv_kage_b.encounter,attack-only,102,Victory,4,0,4,32,1,135,0,50,-1,,0,1,0,1679551450
gym-e3-rv_kage_b.encounter,attack-only,103,Victory,4,0,4,32,3,135,0,50,-1,,0,1,0,1679551450
gym-e3-rv_kage_b.encounter,attack-only,104,Victory,4,0,4,32,4,135,0,50,-1,,0,1,0,1487164765
gym-e3-rv_kage_b.encounter,attack-only,105,Victory,4,0,4,32,3,135,0,50,-1,,0,1,0,1679551450
gym-e3-rv_kage_b.encounter,attack-only,106,Victory,4,0,4,32,6,115,0,50,-1,,0,2,0,645658530
gym-e3-rv_kage_b.encounter,attack-only,107,Victory,5,0,5,40,4,114,0,60,-1,,0,2,0,4110460357
gym-e3-rv_kage_b.encounter,attack-only,108,Victory,4,0,4,32,3,135,0,50,-1,,0,1,0,1679551450
gym-e3-rv_kage_b.encounter,attack-only,109,Victory,4,0,4,32,1,135,0,50,-1,,0,1,0,1679551450
gym-e3-rv_kage_b.encounter,attack-only,110,Victory,4,0,4,32,3,135,0,50,-1,,0,1,0,386293772
gym-e3-rv_kage_b.encounter,attack-only,111,Victory,4,0,4,32,3,95,0,100,-1,,0,2,0,1585131896
gym-e3-rv_kage_b.encounter,attack-only,112,Victory,4,0,4,32,3,135,0,50,-1,,0,1,0,1654567627
gym-e3-rv_kage_b.encounter,attack-only,113,Victory,4,0,4,32,3,135,0,75,-1,,0,1,0,368494677
gym-e3-rv_kage_b.encounter,attack-only,114,Defeat,5,0,5,40,8,0,1,140,-1,,0,5,0,1782224155
gym-e3-rv_kage_b.encounter,attack-only,115,Victory,4,0,4,32,6,135,0,50,-1,,0,3,0,2440851841
gym-e3-rv_kage_b.encounter,attack-only,116,Victory,4,0,4,32,4,135,0,50,-1,,0,0,0,730321341
gym-e3-rv_kage_b.encounter,attack-only,117,Victory,4,0,4,32,3,135,0,50,-1,,0,1,0,1679551450
gym-e3-rv_kage_b.encounter,attack-only,118,Victory,4,0,4,32,4,155,0,50,-1,,0,1,0,186898709
gym-e3-rv_kage_b.encounter,attack-only,119,Victory,4,0,4,32,6,135,0,50,-1,,0,1,0,1487164765
gym-e3-rv_kage_b.encounter,attack-only,120,Victory,4,0,4,32,4,135,0,50,-1,,0,1,0,38303629
gym-e3-rv_kage_b.encounter,attack-only,121,Victory,4,0,4,32,6,115,0,75,-1,,0,2,0,1721308379
gym-e3-rv_kage_b.encounter,attack-only,122,Victory,4,0,4,32,3,135,0,50,-1,,0,1,0,1679551450
gym-e3-rv_kage_b.encounter,attack-only,123,Victory,4,0,4,32,3,135,0,50,-1,,0,1,0,1679551450
gym-e3-rv_kage_b.encounter,attack-only,124,Victory,5,0,5,40,9,55,0,100,-1,,0,3,0,3281894321
gym-e3-rv_kage_b.encounter,attack-only,125,Victory,4,0,4,32,3,135,0,50,-1,,0,1,0,1679551450
gym-e3-rv_kage_b.encounter,attack-only,126,Victory,4,0,4,32,3,135,0,50,-1,,0,1,0,4123595039
gym-e3-rv_kage_b.encounter,attack-only,127,Victory,4,0,4,32,3,135,0,50,-1,,0,1,0,4122989978
gym-e3-rv_kage_b.encounter,attack-only,128,Victory,4,0,4,32,3,135,0,50,-1,,0,1,0,1654567627
gym-e3-rv_kage_b.encounter,attack-only,129,Victory,4,0,4,32,3,135,0,50,-1,,0,1,0,1679551450
gym-e3-rv_kage_b.encounter,attack-only,130,Victory,4,0,4,32,3,135,0,50,-1,,0,1,0,1679551450
gym-e3-rv_kage_b.encounter,attack-only,131,Victory,4,0,4,32,3,135,0,50,-1,,0,1,0,1679551450
gym-e3-rv_kage_b.encounter,attack-only,132,Victory,4,0,4,32,3,135,0,50,-1,,0,1,0,1679551450
gym-e3-rv_kage_b.encounter,attack-only,133,Victory,4,0,4,32,6,135,0,50,-1,,0,1,0,1487164765
gym-e3-rv_kage_b.encounter,attack-only,134,Victory,4,0,4,32,3,155,0,25,-1,,0,1,0,3340802601
gym-e3-rv_kage_b.encounter,attack-only,135,Victory,4,0,4,32,3,135,0,50,-1,,0,1,0,1679551450
gym-e3-rv_kage_b.encounter,attack-only,136,Defeat,8,0,8,64,15,0,1,87,-1,,0,5,0,3518275208
gym-e3-rv_kage_b.encounter,attack-only,137,Victory,6,0,6,48,7,95,0,83,-1,,0,3,0,1421793254
gym-e3-rv_kage_b.encounter,attack-only,138,Victory,4,0,4,32,3,135,0,50,-1,,0,1,0,1679551450
gym-e3-rv_kage_b.encounter,attack-only,139,Victory,4,0,4,32,3,135,0,50,-1,,0,1,0,1679551450
gym-e3-rv_kage_b.encounter,attack-only,140,Victory,4,0,4,32,3,95,0,75,-1,,0,2,0,3408586971
gym-e3-rv_kage_b.encounter,attack-only,141,Victory,4,0,4,32,3,135,0,50,-1,,0,1,0,1679551450
gym-e3-rv_kage_b.encounter,attack-only,142,Victory,4,0,4,32,0,145,0,50,-1,,0,1,0,1342499293
gym-e3-rv_kage_b.encounter,attack-only,143,Victory,4,0,4,32,0,145,0,50,-1,,0,1,0,178114697
gym-e3-rv_kage_b.encounter,attack-only,144,Victory,4,0,4,32,3,135,0,50,-1,,0,1,0,1679551450
gym-e3-rv_kage_b.encounter,attack-only,145,Victory,4,0,4,32,3,135,0,50,-1,,0,1,0,1679551450
gym-e3-rv_kage_b.encounter,attack-only,146,Victory,4,0,4,32,3,135,0,50,-1,,0,1,0,1679551450
gym-e3-rv_kage_b.encounter,attack-only,147,Victory,4,0,4,32,4,154,0,50,-1,,0,1,0,2262284288
gym-e3-rv_kage_b.encounter,attack-only,148,Victory,5,0,5,40,6,55,0,80,-1,,0,4,0,2704110359
gym-e3-rv_kage_b.encounter,attack-only,149,Victory,4,0,4,32,3,135,0,50,-1,,0,1,0,1679551450
gym-e3-rv_kage_b.encounter,attack-only,150,Victory,4,0,4,32,4,135,0,50,-1,,0,1,0,1487164765
gym-e3-rv_kage_b.encounter,attack-only,151,Victory,4,0,4,32,3,135,0,50,-1,,0,1,0,1679551450
gym-e3-rv_kage_b.encounter,attack-only,152,Victory,4,0,4,32,4,155,0,50,-1,,0,1,0,480974807
gym-e3-rv_kage_b.encounter,attack-only,153,Victory,5,0,5,40,5,115,0,60,-1,,0,2,0,4160603526
gym-e3-rv_kage_b.encounter,attack-only,154,Victory,4,0,4,32,4,135,0,50,-1,,0,1,0,38303629
gym-e3-rv_kage_b.encounter,attack-only,155,Victory,4,0,4,32,3,135,0,50,-1,,0,1,0,1679551450
gym-e3-rv_kage_b.encounter,attack-only,156,Victory,4,0,4,32,3,154,0,50,-1,,0,0,0,3522496771
gym-e3-rv_kage_b.encounter,attack-only,157,Victory,5,0,5,40,6,115,0,60,-1,,0,2,0,3888377472
gym-e3-rv_kage_b.encounter,attack-only,158,Victory,4,0,4,32,3,135,0,50,-1,,0,1,0,1679551450
gym-e3-rv_kage_b.encounter,attack-only,159,Victory,4,0,4,32,3,135,0,50,-1,,0,1,0,1679551450
gym-e3-rv_kage_b.encounter,attack-only,160,Victory,4,0,4,32,9,134,0,75,-1,,0,2,0,1685270147
gym-e3-rv_kage_b.encounter,attack-only,161,Victory,5,0,5,40,4,75,0,80,-1,,0,3,0,2787910793
gym-e3-rv_kage_b.encounter,attack-only,162,Victory,4,0,4,32,4,135,0,50,-1,,0,1,0,730321341
gym-e3-rv_kage_b.encounter,attack-only,163,Victory,4,0,4,32,3,135,0,50,-1,,0,1,0,1679551450
gym-e3-rv_kage_b.encounter,attack-only,164,Victory,4,0,4,32,3,165,0,50,-1,,0,1,0,779154267
gym-e3-rv_kage_b.encounter,attack-only,165,Victory,4,0,4,32,4,135,0,50,-1,,0,1,0,1487164765
gym-e3-rv_kage_b.encounter,attack-only,166,Victory,5,0,5,40,1,95,0,80,-1,,0,3,0,725556901
gym-e3-rv_kage_b.encounter,attack-only,167,Victory,4,0,4,32,1,135,0,50,-1,,0,1,0,1679551450
gym-e3-rv_kage_b.encounter,attack-only,168,Victory,4,0,4,32,4,135,0,50,-1,,0,1,0,1487164765
gym-e3-rv_kage_b.encounter,attack-only,169,Victory,5,0,5,40,4,95,0,60,-1,,0,3,0,1635620205
gym-e3-rv_kage_b.encounter,attack-only,170,Victory,4,0,4,32,4,155,0,25,-1,,0,1,0,3952905870
gym-e3-rv_kage_b.encounter,attack-only,171,Victory,4,0,4,32,3,135,0,50,-1,,0,1,0,1679551450
gym-e3-rv_kage_b.encounter,attack-only,172,Victory,4,0,4,32,1,125,0,75,-1,,0,2,0,4000171499
gym-e3-rv_kage_b.encounter,attack-only,173,Victory,4,0,4,32,3,135,0,50,-1,,0,1,0,1679551450
gym-e3-rv_kage_b.encounter,attack-only,174,Victory,4,0,4,32,4,135,0,50,-1,,0,0,0,730321341
gym-e3-rv_kage_b.encounter,attack-only,175,Victory,5,0,5,40,6,75,0,80,-1,,0,3,0,2730106214
gym-e3-rv_kage_b.encounter,attack-only,176,Victory,4,0,4,32,3,135,0,50,-1,,0,1,0,1679551450
gym-e3-rv_kage_b.encounter,attack-only,177,Victory,4,0,4,32,4,135,0,50,-1,,0,0,0,730321341
gym-e3-rv_kage_b.encounter,attack-only,178,Victory,4,0,4,32,4,135,0,50,-1,,0,1,0,730321341
gym-e3-rv_kage_b.encounter,attack-only,179,Victory,4,0,4,32,3,135,0,50,-1,,0,1,0,1679551450
gym-e3-rv_kage_b.encounter,attack-only,180,Victory,4,0,4,32,3,115,0,50,-1,,0,2,0,920327715
gym-e3-rv_kage_b.encounter,attack-only,181,Victory,4,0,4,32,1,135,0,50,-1,,0,1,0,1679551450
gym-e3-rv_kage_b.encounter,attack-only,182,Victory,4,0,4,32,4,135,0,50,-1,,0,0,0,730321341
gym-e3-rv_kage_b.encounter,attack-only,183,Victory,4,0,4,32,3,135,0,50,-1,,0,1,0,1679551450
gym-e3-rv_kage_b.encounter,attack-only,184,Victory,4,0,4,32,3,135,0,50,-1,,0,1,0,1536207614
gym-e3-rv_kage_b.encounter,attack-only,185,Victory,4,0,4,32,4,135,0,50,-1,,0,0,0,730321341
gym-e3-rv_kage_b.encounter,attack-only,186,Victory,4,0,4,32,3,95,0,75,-1,,0,2,0,3408586971
gym-e3-rv_kage_b.encounter,attack-only,187,Victory,4,0,4,32,3,135,0,50,-1,,0,1,0,1679551450
gym-e3-rv_kage_b.encounter,attack-only,188,Victory,5,0,5,40,3,135,0,60,-1,,0,2,0,3260535877
gym-e3-rv_kage_b.encounter,attack-only,189,Victory,4,0,4,32,4,135,0,50,-1,,0,1,0,1487164765
gym-e3-rv_kage_b.encounter,attack-only,190,Victory,4,0,4,32,3,135,0,50,-1,,0,1,0,1679551450
gym-e3-rv_kage_b.encounter,attack-only,191,Victory,5,0,5,40,3,115,0,60,-1,,0,2,0,2555559894
gym-e3-rv_kage_b.encounter,attack-only,192,Victory,4,0,4,32,3,105,0,75,-1,,0,2,0,1742409109
gym-e3-rv_kage_b.encounter,attack-only,193,Victory,4,0,4,32,3,135,0,50,-1,,0,1,0,1679551450
gym-e3-rv_kage_b.encounter,attack-only,194,Victory,4,0,4,32,3,135,0,75,-1,,0,1,0,2033382253
gym-e3-rv_kage_b.encounter,attack-only,195,Victory,4,0,4,32,3,135,0,50,-1,,0,1,0,1679551450
gym-e3-rv_kage_b.encounter,attack-only,196,Victory,4,0,4,32,1,155,0,25,-1,,0,1,0,1387689840
gym-e3-rv_kage_b.encounter,attack-only,197,Victory,4,0,4,32,4,174,0,50,-1,,0,1,0,2418180610
gym-e3-rv_kage_b.encounter,attack-only,198,Victory,5,0,5,40,6,115,0,60,-1,,0,2,0,4173689378
gym-e3-rv_kage_b.encounter,attack-only,199,Victory,4,0,4,32,10,115,0,50,-1,,0,2,0,3458515780
gym-e3-rv_kage_b.encounter,attack-only,200,Victory,4,0,4,32,3,135,0,50,-1,,0,1,0,1679551450
gym-e3-rv_kage_b.encounter,push-instrument,1,Victory,4,0,4,32,3,135,0,50,-1,,0,1,0,1679551450
gym-e3-rv_kage_b.encounter,push-instrument,2,Victory,4,0,4,32,3,135,0,50,-1,,0,1,0,1679551450
gym-e3-rv_kage_b.encounter,push-instrument,3,Victory,4,0,4,32,3,95,0,75,-1,,0,1,0,455474107
gym-e3-rv_kage_b.encounter,push-instrument,4,Victory,5,0,5,40,6,135,0,80,-1,,0,2,0,3762264788
gym-e3-rv_kage_b.encounter,push-instrument,5,Victory,4,0,4,32,4,155,0,50,-1,,0,1,0,458115493
gym-e3-rv_kage_b.encounter,push-instrument,6,Victory,4,0,4,32,4,135,0,50,-1,,0,0,0,730321341
gym-e3-rv_kage_b.encounter,push-instrument,7,Victory,4,0,4,32,6,95,0,75,-1,,0,2,0,2110230371
gym-e3-rv_kage_b.encounter,push-instrument,8,Victory,4,0,4,32,3,135,0,50,-1,,0,1,0,1679551450
gym-e3-rv_kage_b.encounter,push-instrument,9,Victory,6,0,6,48,10,75,0,66,-1,,0,3,0,2725011459
gym-e3-rv_kage_b.encounter,push-instrument,10,Victory,5,0,5,40,6,95,0,100,-1,,0,4,0,1026076882
gym-e3-rv_kage_b.encounter,push-instrument,11,Victory,4,0,4,32,3,135,0,50,-1,,0,1,0,1679551450
gym-e3-rv_kage_b.encounter,push-instrument,12,Victory,4,0,4,32,3,135,0,50,-1,,0,1,0,1679551450
gym-e3-rv_kage_b.encounter,push-instrument,13,Victory,4,0,4,32,4,135,0,50,-1,,0,1,0,3011141455
gym-e3-rv_kage_b.encounter,push-instrument,14,Victory,4,0,4,32,6,115,0,75,-1,,0,1,0,3334226553
gym-e3-rv_kage_b.encounter,push-instrument,15,Victory,4,0,4,32,3,135,0,50,-1,,0,1,0,786437260
gym-e3-rv_kage_b.encounter,push-instrument,16,Victory,4,0,4,32,6,115,0,75,-1,,0,2,0,1721308379
gym-e3-rv_kage_b.encounter,push-instrument,17,Victory,4,0,4,32,1,135,0,50,-1,,0,1,0,1679551450
gym-e3-rv_kage_b.encounter,push-instrument,18,Victory,4,0,4,32,4,135,0,50,-1,,0,1,0,1487164765
gym-e3-rv_kage_b.encounter,push-instrument,19,Victory,4,0,4,32,3,135,0,50,-1,,0,1,0,1679551450
gym-e3-rv_kage_b.encounter,push-instrument,20,Victory,4,0,4,32,3,155,0,25,-1,,0,1,0,3340802601
gym-e3-rv_kage_b.encounter,push-instrument,21,Victory,4,0,4,32,6,115,0,75,-1,,0,1,0,4082633865
gym-e3-rv_kage_b.encounter,push-instrument,22,Victory,5,0,5,40,6,95,0,80,-1,,0,3,0,1053090852
gym-e3-rv_kage_b.encounter,push-instrument,23,Victory,5,0,5,40,4,115,0,60,-1,,0,2,0,2953837445
gym-e3-rv_kage_b.encounter,push-instrument,24,Victory,4,0,4,32,3,135,0,50,-1,,0,1,0,1679551450
gym-e3-rv_kage_b.encounter,push-instrument,25,Victory,5,0,5,40,5,115,0,60,-1,,0,2,0,2981689330
gym-e3-rv_kage_b.encounter,push-instrument,26,Victory,4,0,4,32,4,135,0,50,-1,,0,1,0,1487164765
gym-e3-rv_kage_b.encounter,push-instrument,27,Victory,4,0,4,32,4,135,0,50,-1,,0,1,0,1487164765
gym-e3-rv_kage_b.encounter,push-instrument,28,Victory,4,0,4,32,3,95,0,75,-1,,0,2,0,1089032674
gym-e3-rv_kage_b.encounter,push-instrument,29,Victory,4,0,4,32,3,135,0,50,-1,,0,1,0,1679551450
gym-e3-rv_kage_b.encounter,push-instrument,30,Victory,4,0,4,32,3,155,0,25,-1,,0,1,0,3340802601
gym-e3-rv_kage_b.encounter,push-instrument,31,Victory,5,0,5,40,1,114,0,60,-1,,0,2,0,2790816839
gym-e3-rv_kage_b.encounter,push-instrument,32,Victory,5,0,5,40,7,105,0,100,-1,,0,4,0,2712167219
gym-e3-rv_kage_b.encounter,push-instrument,33,Victory,4,0,4,32,3,135,0,50,-1,,0,1,0,1679551450
gym-e3-rv_kage_b.encounter,push-instrument,34,Victory,4,0,4,32,3,135,0,75,-1,,0,1,0,2170035959
gym-e3-rv_kage_b.encounter,push-instrument,35,Victory,4,0,4,32,3,135,0,50,-1,,0,1,0,1679551450
gym-e3-rv_kage_b.encounter,push-instrument,36,Victory,4,0,4,32,3,135,0,50,-1,,0,1,0,1679551450
gym-e3-rv_kage_b.encounter,push-instrument,37,Victory,4,0,4,32,3,135,0,50,-1,,0,1,0,1679551450
gym-e3-rv_kage_b.encounter,push-instrument,38,Victory,4,0,4,32,1,125,0,75,-1,,0,2,0,2505583865
gym-e3-rv_kage_b.encounter,push-instrument,39,Victory,5,0,5,40,7,155,0,40,-1,,0,2,0,1020673256
gym-e3-rv_kage_b.encounter,push-instrument,40,Victory,4,0,4,32,1,135,0,50,-1,,0,1,0,1679551450
gym-e3-rv_kage_b.encounter,push-instrument,41,Victory,4,0,4,32,3,135,0,50,-1,,0,1,0,1679551450
gym-e3-rv_kage_b.encounter,push-instrument,42,Victory,4,0,4,32,3,135,0,50,-1,,0,1,0,1679551450
gym-e3-rv_kage_b.encounter,push-instrument,43,Victory,4,0,4,32,1,135,0,50,-1,,0,1,0,1679551450
gym-e3-rv_kage_b.encounter,push-instrument,44,Victory,4,0,4,32,6,115,0,50,-1,,0,2,0,3124813454
gym-e3-rv_kage_b.encounter,push-instrument,45,Victory,5,0,5,40,6,55,0,80,-1,,0,4,0,3141759664
gym-e3-rv_kage_b.encounter,push-instrument,46,Victory,4,0,4,32,6,115,0,75,-1,,0,2,0,4226990600
gym-e3-rv_kage_b.encounter,push-instrument,47,Victory,4,0,4,32,3,135,0,50,-1,,0,1,0,1679551450
gym-e3-rv_kage_b.encounter,push-instrument,48,Victory,4,0,4,32,3,135,0,50,-1,,0,1,0,1679551450
gym-e3-rv_kage_b.encounter,push-instrument,49,Victory,4,0,4,32,6,115,0,75,-1,,0,1,0,3334226553
gym-e3-rv_kage_b.encounter,push-instrument,50,Victory,4,0,4,32,4,155,0,50,-1,,0,1,0,186898709
gym-e3-rv_kage_b.encounter,push-instrument,51,Victory,5,0,5,40,9,95,0,80,-1,,0,4,0,1643793547
gym-e3-rv_kage_b.encounter,push-instrument,52,Victory,4,0,4,32,3,135,0,50,-1,,0,1,0,1679551450
gym-e3-rv_kage_b.encounter,push-instrument,53,Victory,4,0,4,32,3,135,0,50,-1,,0,2,0,3862631498
gym-e3-rv_kage_b.encounter,push-instrument,54,Victory,5,0,5,40,4,135,0,60,-1,,0,2,0,409873201
gym-e3-rv_kage_b.encounter,push-instrument,55,Victory,4,0,4,32,1,155,0,25,-1,,0,1,0,3952905870
gym-e3-rv_kage_b.encounter,push-instrument,56,Victory,5,0,5,40,5,95,0,60,-1,,0,2,0,2261822732
gym-e3-rv_kage_b.encounter,push-instrument,57,Victory,4,0,4,32,3,135,0,50,-1,,0,1,0,1679551450
gym-e3-rv_kage_b.encounter,push-instrument,58,Victory,4,0,4,32,1,145,0,50,-1,,0,1,0,2830761035
gym-e3-rv_kage_b.encounter,push-instrument,59,Victory,4,0,4,32,6,95,0,75,-1,,0,2,0,2110230371
gym-e3-rv_kage_b.encounter,push-instrument,60,Victory,4,0,4,32,6,115,0,75,-1,,0,2,0,3125228023
gym-e3-rv_kage_b.encounter,push-instrument,61,Victory,4,0,4,32,4,135,0,50,-1,,0,0,0,730321341
gym-e3-rv_kage_b.encounter,push-instrument,62,Victory,4,0,4,32,0,155,0,50,-1,,0,1,0,1382877266
gym-e3-rv_kage_b.encounter,push-instrument,63,Victory,6,0,6,48,9,55,0,83,-1,,0,4,0,4021456324
gym-e3-rv_kage_b.encounter,push-instrument,64,Victory,4,0,4,32,6,135,0,50,-1,,0,1,0,1487164765
gym-e3-rv_kage_b.encounter,push-instrument,65,Victory,5,0,5,40,5,95,0,60,-1,,0,2,0,2853053642
gym-e3-rv_kage_b.encounter,push-instrument,66,Victory,4,0,4,32,4,135,0,50,-1,,0,1,0,3171595087
gym-e3-rv_kage_b.encounter,push-instrument,67,Victory,4,0,4,32,4,135,0,50,-1,,0,1,0,1487164765
gym-e3-rv_kage_b.encounter,push-instrument,68,Victory,7,0,7,56,12,74,0,71,-1,,0,4,0,1459908488
gym-e3-rv_kage_b.encounter,push-instrument,69,Victory,5,0,5,40,5,95,0,80,-1,,0,2,0,1621594497
gym-e3-rv_kage_b.encounter,push-instrument,70,Victory,5,0,5,40,5,115,0,60,-1,,0,2,0,4249148628
gym-e3-rv_kage_b.encounter,push-instrument,71,Victory,4,0,4,32,0,125,0,75,-1,,0,2,0,148069786
gym-e3-rv_kage_b.encounter,push-instrument,72,Victory,4,0,4,32,1,135,0,50,-1,,0,2,0,3404687673
gym-e3-rv_kage_b.encounter,push-instrument,73,Victory,4,0,4,32,4,135,0,50,-1,,0,1,0,730321341
gym-e3-rv_kage_b.encounter,push-instrument,74,Victory,5,0,5,40,7,155,0,40,-1,,0,2,0,1098122072
gym-e3-rv_kage_b.encounter,push-instrument,75,Victory,4,0,4,32,8,115,0,50,-1,,0,3,0,2702715974
gym-e3-rv_kage_b.encounter,push-instrument,76,Victory,4,0,4,32,4,115,0,50,-1,,0,2,0,645658530
gym-e3-rv_kage_b.encounter,push-instrument,77,Victory,4,0,4,32,3,135,0,50,-1,,0,1,0,1679551450
gym-e3-rv_kage_b.encounter,push-instrument,78,Victory,4,0,4,32,4,135,0,50,-1,,0,1,0,730321341
gym-e3-rv_kage_b.encounter,push-instrument,79,Victory,4,0,4,32,3,95,0,75,-1,,0,2,0,1089032674
gym-e3-rv_kage_b.encounter,push-instrument,80,Victory,4,0,4,32,1,145,0,50,-1,,0,1,0,2830761035
gym-e3-rv_kage_b.encounter,push-instrument,81,Victory,5,0,5,40,4,115,0,80,-1,,0,2,0,2816755527
gym-e3-rv_kage_b.encounter,push-instrument,82,Victory,4,0,4,32,3,135,0,50,-1,,0,1,0,1679551450
gym-e3-rv_kage_b.encounter,push-instrument,83,Victory,5,0,5,40,3,135,0,60,-1,,0,2,0,3418895459
gym-e3-rv_kage_b.encounter,push-instrument,84,Victory,4,0,4,32,3,135,0,50,-1,,0,1,0,1536207614
gym-e3-rv_kage_b.encounter,push-instrument,85,Victory,5,0,5,40,4,145,0,40,-1,,0,2,0,1978097381
gym-e3-rv_kage_b.encounter,push-instrument,86,Victory,4,0,4,32,3,95,0,75,-1,,0,2,0,3408586971
gym-e3-rv_kage_b.encounter,push-instrument,87,Victory,4,0,4,32,4,135,0,50,-1,,0,0,0,730321341
gym-e3-rv_kage_b.encounter,push-instrument,88,Victory,5,0,5,40,6,95,0,80,-1,,0,2,0,3551398437
gym-e3-rv_kage_b.encounter,push-instrument,89,Victory,4,0,4,32,4,135,0,50,-1,,0,1,0,1487164765
gym-e3-rv_kage_b.encounter,push-instrument,90,Victory,4,0,4,32,3,135,0,50,-1,,0,1,0,1679551450
gym-e3-rv_kage_b.encounter,push-instrument,91,Victory,4,0,4,32,3,135,0,50,-1,,0,1,0,1679551450
gym-e3-rv_kage_b.encounter,push-instrument,92,Victory,4,0,4,32,3,135,0,50,-1,,0,1,0,1679551450
gym-e3-rv_kage_b.encounter,push-instrument,93,Victory,4,0,4,32,3,95,0,75,-1,,0,1,0,455474107
gym-e3-rv_kage_b.encounter,push-instrument,94,Victory,4,0,4,32,3,135,0,50,-1,,0,1,0,1679551450
gym-e3-rv_kage_b.encounter,push-instrument,95,Victory,5,0,5,40,0,85,0,80,-1,,0,3,0,1739187819
gym-e3-rv_kage_b.encounter,push-instrument,96,Victory,4,0,4,32,4,154,0,50,-1,,0,1,0,2262284288
gym-e3-rv_kage_b.encounter,push-instrument,97,Victory,4,0,4,32,1,135,0,50,-1,,0,1,0,1679551450
gym-e3-rv_kage_b.encounter,push-instrument,98,Victory,4,0,4,32,3,115,0,75,-1,,0,1,0,3995538259
gym-e3-rv_kage_b.encounter,push-instrument,99,Victory,4,0,4,32,3,135,0,50,-1,,0,1,0,1679551450
gym-e3-rv_kage_b.encounter,push-instrument,100,Victory,5,0,5,40,7,115,0,40,-1,,0,2,0,3811756743
gym-e3-rv_kage_b.encounter,push-instrument,101,Victory,4,0,4,32,3,135,0,50,-1,,0,1,0,1679551450
gym-e3-rv_kage_b.encounter,push-instrument,102,Victory,4,0,4,32,1,135,0,50,-1,,0,1,0,1679551450
gym-e3-rv_kage_b.encounter,push-instrument,103,Victory,4,0,4,32,3,135,0,50,-1,,0,1,0,1679551450
gym-e3-rv_kage_b.encounter,push-instrument,104,Victory,4,0,4,32,4,135,0,50,-1,,0,1,0,1487164765
gym-e3-rv_kage_b.encounter,push-instrument,105,Victory,4,0,4,32,3,135,0,50,-1,,0,1,0,1679551450
gym-e3-rv_kage_b.encounter,push-instrument,106,Victory,4,0,4,32,6,115,0,50,-1,,0,2,0,645658530
gym-e3-rv_kage_b.encounter,push-instrument,107,Victory,5,0,5,40,4,114,0,60,-1,,0,2,0,4110460357
gym-e3-rv_kage_b.encounter,push-instrument,108,Victory,4,0,4,32,3,135,0,50,-1,,0,1,0,1679551450
gym-e3-rv_kage_b.encounter,push-instrument,109,Victory,4,0,4,32,1,135,0,50,-1,,0,1,0,1679551450
gym-e3-rv_kage_b.encounter,push-instrument,110,Victory,4,0,4,32,3,135,0,50,-1,,0,1,0,386293772
gym-e3-rv_kage_b.encounter,push-instrument,111,Victory,4,0,4,32,3,95,0,100,-1,,0,2,0,1585131896
gym-e3-rv_kage_b.encounter,push-instrument,112,Victory,4,0,4,32,3,135,0,50,-1,,0,1,0,1654567627
gym-e3-rv_kage_b.encounter,push-instrument,113,Victory,4,0,4,32,3,135,0,75,-1,,0,1,0,368494677
gym-e3-rv_kage_b.encounter,push-instrument,114,Defeat,5,0,5,40,8,0,1,140,-1,,0,5,0,1782224155
gym-e3-rv_kage_b.encounter,push-instrument,115,Victory,4,0,4,32,6,135,0,50,-1,,0,3,0,2440851841
gym-e3-rv_kage_b.encounter,push-instrument,116,Victory,4,0,4,32,4,135,0,50,-1,,0,0,0,730321341
gym-e3-rv_kage_b.encounter,push-instrument,117,Victory,4,0,4,32,3,135,0,50,-1,,0,1,0,1679551450
gym-e3-rv_kage_b.encounter,push-instrument,118,Victory,4,0,4,32,4,155,0,50,-1,,0,1,0,186898709
gym-e3-rv_kage_b.encounter,push-instrument,119,Victory,4,0,4,32,6,135,0,50,-1,,0,1,0,1487164765
gym-e3-rv_kage_b.encounter,push-instrument,120,Victory,4,0,4,32,4,135,0,50,-1,,0,1,0,38303629
gym-e3-rv_kage_b.encounter,push-instrument,121,Victory,4,0,4,32,6,115,0,75,-1,,0,2,0,1721308379
gym-e3-rv_kage_b.encounter,push-instrument,122,Victory,4,0,4,32,3,135,0,50,-1,,0,1,0,1679551450
gym-e3-rv_kage_b.encounter,push-instrument,123,Victory,4,0,4,32,3,135,0,50,-1,,0,1,0,1679551450
gym-e3-rv_kage_b.encounter,push-instrument,124,Victory,5,0,5,40,9,55,0,100,-1,,0,3,0,3281894321
gym-e3-rv_kage_b.encounter,push-instrument,125,Victory,4,0,4,32,3,135,0,50,-1,,0,1,0,1679551450
gym-e3-rv_kage_b.encounter,push-instrument,126,Victory,4,0,4,32,3,135,0,50,-1,,0,1,0,4123595039
gym-e3-rv_kage_b.encounter,push-instrument,127,Victory,4,0,4,32,3,135,0,50,-1,,0,1,0,4122989978
gym-e3-rv_kage_b.encounter,push-instrument,128,Victory,4,0,4,32,3,135,0,50,-1,,0,1,0,1654567627
gym-e3-rv_kage_b.encounter,push-instrument,129,Victory,4,0,4,32,3,135,0,50,-1,,0,1,0,1679551450
gym-e3-rv_kage_b.encounter,push-instrument,130,Victory,4,0,4,32,3,135,0,50,-1,,0,1,0,1679551450
gym-e3-rv_kage_b.encounter,push-instrument,131,Victory,4,0,4,32,3,135,0,50,-1,,0,1,0,1679551450
gym-e3-rv_kage_b.encounter,push-instrument,132,Victory,4,0,4,32,3,135,0,50,-1,,0,1,0,1679551450
gym-e3-rv_kage_b.encounter,push-instrument,133,Victory,4,0,4,32,6,135,0,50,-1,,0,1,0,1487164765
gym-e3-rv_kage_b.encounter,push-instrument,134,Victory,4,0,4,32,3,155,0,25,-1,,0,1,0,3340802601
gym-e3-rv_kage_b.encounter,push-instrument,135,Victory,4,0,4,32,3,135,0,50,-1,,0,1,0,1679551450
gym-e3-rv_kage_b.encounter,push-instrument,136,Defeat,8,0,8,64,15,0,1,87,-1,,0,5,0,3518275208
gym-e3-rv_kage_b.encounter,push-instrument,137,Victory,6,0,6,48,7,95,0,83,-1,,0,3,0,1421793254
gym-e3-rv_kage_b.encounter,push-instrument,138,Victory,4,0,4,32,3,135,0,50,-1,,0,1,0,1679551450
gym-e3-rv_kage_b.encounter,push-instrument,139,Victory,4,0,4,32,3,135,0,50,-1,,0,1,0,1679551450
gym-e3-rv_kage_b.encounter,push-instrument,140,Victory,4,0,4,32,3,95,0,75,-1,,0,2,0,3408586971
gym-e3-rv_kage_b.encounter,push-instrument,141,Victory,4,0,4,32,3,135,0,50,-1,,0,1,0,1679551450
gym-e3-rv_kage_b.encounter,push-instrument,142,Victory,4,0,4,32,0,145,0,50,-1,,0,1,0,1342499293
gym-e3-rv_kage_b.encounter,push-instrument,143,Victory,4,0,4,32,0,145,0,50,-1,,0,1,0,178114697
gym-e3-rv_kage_b.encounter,push-instrument,144,Victory,4,0,4,32,3,135,0,50,-1,,0,1,0,1679551450
gym-e3-rv_kage_b.encounter,push-instrument,145,Victory,4,0,4,32,3,135,0,50,-1,,0,1,0,1679551450
gym-e3-rv_kage_b.encounter,push-instrument,146,Victory,4,0,4,32,3,135,0,50,-1,,0,1,0,1679551450
gym-e3-rv_kage_b.encounter,push-instrument,147,Victory,4,0,4,32,4,154,0,50,-1,,0,1,0,2262284288
gym-e3-rv_kage_b.encounter,push-instrument,148,Victory,5,0,5,40,6,55,0,80,-1,,0,4,0,2704110359
gym-e3-rv_kage_b.encounter,push-instrument,149,Victory,4,0,4,32,3,135,0,50,-1,,0,1,0,1679551450
gym-e3-rv_kage_b.encounter,push-instrument,150,Victory,4,0,4,32,4,135,0,50,-1,,0,1,0,1487164765
gym-e3-rv_kage_b.encounter,push-instrument,151,Victory,4,0,4,32,3,135,0,50,-1,,0,1,0,1679551450
gym-e3-rv_kage_b.encounter,push-instrument,152,Victory,4,0,4,32,4,155,0,50,-1,,0,1,0,480974807
gym-e3-rv_kage_b.encounter,push-instrument,153,Victory,5,0,5,40,5,115,0,60,-1,,0,2,0,4160603526
gym-e3-rv_kage_b.encounter,push-instrument,154,Victory,4,0,4,32,4,135,0,50,-1,,0,1,0,38303629
gym-e3-rv_kage_b.encounter,push-instrument,155,Victory,4,0,4,32,3,135,0,50,-1,,0,1,0,1679551450
gym-e3-rv_kage_b.encounter,push-instrument,156,Victory,4,0,4,32,3,154,0,50,-1,,0,0,0,3522496771
gym-e3-rv_kage_b.encounter,push-instrument,157,Victory,5,0,5,40,6,115,0,60,-1,,0,2,0,3888377472
gym-e3-rv_kage_b.encounter,push-instrument,158,Victory,4,0,4,32,3,135,0,50,-1,,0,1,0,1679551450
gym-e3-rv_kage_b.encounter,push-instrument,159,Victory,4,0,4,32,3,135,0,50,-1,,0,1,0,1679551450
gym-e3-rv_kage_b.encounter,push-instrument,160,Victory,4,0,4,32,9,134,0,75,-1,,0,2,0,1685270147
gym-e3-rv_kage_b.encounter,push-instrument,161,Victory,5,0,5,40,4,75,0,80,-1,,0,3,0,2787910793
gym-e3-rv_kage_b.encounter,push-instrument,162,Victory,4,0,4,32,4,135,0,50,-1,,0,1,0,730321341
gym-e3-rv_kage_b.encounter,push-instrument,163,Victory,4,0,4,32,3,135,0,50,-1,,0,1,0,1679551450
gym-e3-rv_kage_b.encounter,push-instrument,164,Victory,4,0,4,32,3,165,0,50,-1,,0,1,0,779154267
gym-e3-rv_kage_b.encounter,push-instrument,165,Victory,4,0,4,32,4,135,0,50,-1,,0,1,0,1487164765
gym-e3-rv_kage_b.encounter,push-instrument,166,Victory,5,0,5,40,1,95,0,80,-1,,0,3,0,725556901
gym-e3-rv_kage_b.encounter,push-instrument,167,Victory,4,0,4,32,1,135,0,50,-1,,0,1,0,1679551450
gym-e3-rv_kage_b.encounter,push-instrument,168,Victory,4,0,4,32,4,135,0,50,-1,,0,1,0,1487164765
gym-e3-rv_kage_b.encounter,push-instrument,169,Victory,5,0,5,40,4,95,0,60,-1,,0,3,0,1635620205
gym-e3-rv_kage_b.encounter,push-instrument,170,Victory,4,0,4,32,4,155,0,25,-1,,0,1,0,3952905870
gym-e3-rv_kage_b.encounter,push-instrument,171,Victory,4,0,4,32,3,135,0,50,-1,,0,1,0,1679551450
gym-e3-rv_kage_b.encounter,push-instrument,172,Victory,4,0,4,32,1,125,0,75,-1,,0,2,0,4000171499
gym-e3-rv_kage_b.encounter,push-instrument,173,Victory,4,0,4,32,3,135,0,50,-1,,0,1,0,1679551450
gym-e3-rv_kage_b.encounter,push-instrument,174,Victory,4,0,4,32,4,135,0,50,-1,,0,0,0,730321341
gym-e3-rv_kage_b.encounter,push-instrument,175,Victory,5,0,5,40,6,75,0,80,-1,,0,3,0,2730106214
gym-e3-rv_kage_b.encounter,push-instrument,176,Victory,4,0,4,32,3,135,0,50,-1,,0,1,0,1679551450
gym-e3-rv_kage_b.encounter,push-instrument,177,Victory,4,0,4,32,4,135,0,50,-1,,0,0,0,730321341
gym-e3-rv_kage_b.encounter,push-instrument,178,Victory,4,0,4,32,4,135,0,50,-1,,0,1,0,730321341
gym-e3-rv_kage_b.encounter,push-instrument,179,Victory,4,0,4,32,3,135,0,50,-1,,0,1,0,1679551450
gym-e3-rv_kage_b.encounter,push-instrument,180,Victory,4,0,4,32,3,115,0,50,-1,,0,2,0,920327715
gym-e3-rv_kage_b.encounter,push-instrument,181,Victory,4,0,4,32,1,135,0,50,-1,,0,1,0,1679551450
gym-e3-rv_kage_b.encounter,push-instrument,182,Victory,4,0,4,32,4,135,0,50,-1,,0,0,0,730321341
gym-e3-rv_kage_b.encounter,push-instrument,183,Victory,4,0,4,32,3,135,0,50,-1,,0,1,0,1679551450
gym-e3-rv_kage_b.encounter,push-instrument,184,Victory,4,0,4,32,3,135,0,50,-1,,0,1,0,1536207614
gym-e3-rv_kage_b.encounter,push-instrument,185,Victory,4,0,4,32,4,135,0,50,-1,,0,0,0,730321341
gym-e3-rv_kage_b.encounter,push-instrument,186,Victory,4,0,4,32,3,95,0,75,-1,,0,2,0,3408586971
gym-e3-rv_kage_b.encounter,push-instrument,187,Victory,4,0,4,32,3,135,0,50,-1,,0,1,0,1679551450
gym-e3-rv_kage_b.encounter,push-instrument,188,Victory,5,0,5,40,3,135,0,60,-1,,0,2,0,3260535877
gym-e3-rv_kage_b.encounter,push-instrument,189,Victory,4,0,4,32,4,135,0,50,-1,,0,1,0,1487164765
gym-e3-rv_kage_b.encounter,push-instrument,190,Victory,4,0,4,32,3,135,0,50,-1,,0,1,0,1679551450
gym-e3-rv_kage_b.encounter,push-instrument,191,Victory,5,0,5,40,3,115,0,60,-1,,0,2,0,2555559894
gym-e3-rv_kage_b.encounter,push-instrument,192,Victory,4,0,4,32,3,105,0,75,-1,,0,2,0,1742409109
gym-e3-rv_kage_b.encounter,push-instrument,193,Victory,4,0,4,32,3,135,0,50,-1,,0,1,0,1679551450
gym-e3-rv_kage_b.encounter,push-instrument,194,Victory,4,0,4,32,3,135,0,75,-1,,0,1,0,2033382253
gym-e3-rv_kage_b.encounter,push-instrument,195,Victory,4,0,4,32,3,135,0,50,-1,,0,1,0,1679551450
gym-e3-rv_kage_b.encounter,push-instrument,196,Victory,4,0,4,32,1,155,0,25,-1,,0,1,0,1387689840
gym-e3-rv_kage_b.encounter,push-instrument,197,Victory,4,0,4,32,4,174,0,50,-1,,0,1,0,2418180610
gym-e3-rv_kage_b.encounter,push-instrument,198,Victory,5,0,5,40,6,115,0,60,-1,,0,2,0,4173689378
gym-e3-rv_kage_b.encounter,push-instrument,199,Victory,4,0,4,32,10,115,0,50,-1,,0,2,0,3458515780
gym-e3-rv_kage_b.encounter,push-instrument,200,Victory,4,0,4,32,3,135,0,50,-1,,0,1,0,1679551450
gym-e3-rv_kage_b.encounter,slow-instrument,1,Victory,4,0,4,32,3,135,0,50,-1,,0,1,0,1679551450
gym-e3-rv_kage_b.encounter,slow-instrument,2,Victory,4,0,4,32,3,135,0,50,-1,,0,1,0,1679551450
gym-e3-rv_kage_b.encounter,slow-instrument,3,Victory,4,0,4,32,3,95,0,75,-1,,0,1,0,455474107
gym-e3-rv_kage_b.encounter,slow-instrument,4,Victory,5,0,5,40,6,135,0,80,-1,,0,2,0,3762264788
gym-e3-rv_kage_b.encounter,slow-instrument,5,Victory,4,0,4,32,4,155,0,50,-1,,0,1,0,458115493
gym-e3-rv_kage_b.encounter,slow-instrument,6,Victory,4,0,4,32,4,135,0,50,-1,,0,0,0,730321341
gym-e3-rv_kage_b.encounter,slow-instrument,7,Victory,4,0,4,32,6,95,0,75,-1,,0,2,0,2110230371
gym-e3-rv_kage_b.encounter,slow-instrument,8,Victory,4,0,4,32,3,135,0,50,-1,,0,1,0,1679551450
gym-e3-rv_kage_b.encounter,slow-instrument,9,Victory,6,0,6,48,10,75,0,66,-1,,0,3,0,2725011459
gym-e3-rv_kage_b.encounter,slow-instrument,10,Victory,5,0,5,40,6,95,0,100,-1,,0,4,0,1026076882
gym-e3-rv_kage_b.encounter,slow-instrument,11,Victory,4,0,4,32,3,135,0,50,-1,,0,1,0,1679551450
gym-e3-rv_kage_b.encounter,slow-instrument,12,Victory,4,0,4,32,3,135,0,50,-1,,0,1,0,1679551450
gym-e3-rv_kage_b.encounter,slow-instrument,13,Victory,4,0,4,32,4,135,0,50,-1,,0,1,0,3011141455
gym-e3-rv_kage_b.encounter,slow-instrument,14,Victory,4,0,4,32,6,115,0,75,-1,,0,1,0,3334226553
gym-e3-rv_kage_b.encounter,slow-instrument,15,Victory,4,0,4,32,3,135,0,50,-1,,0,1,0,786437260
gym-e3-rv_kage_b.encounter,slow-instrument,16,Victory,4,0,4,32,6,115,0,75,-1,,0,2,0,1721308379
gym-e3-rv_kage_b.encounter,slow-instrument,17,Victory,4,0,4,32,1,135,0,50,-1,,0,1,0,1679551450
gym-e3-rv_kage_b.encounter,slow-instrument,18,Victory,4,0,4,32,4,135,0,50,-1,,0,1,0,1487164765
gym-e3-rv_kage_b.encounter,slow-instrument,19,Victory,4,0,4,32,3,135,0,50,-1,,0,1,0,1679551450
gym-e3-rv_kage_b.encounter,slow-instrument,20,Victory,4,0,4,32,3,155,0,25,-1,,0,1,0,3340802601
gym-e3-rv_kage_b.encounter,slow-instrument,21,Victory,4,0,4,32,6,115,0,75,-1,,0,1,0,4082633865
gym-e3-rv_kage_b.encounter,slow-instrument,22,Victory,5,0,5,40,6,95,0,80,-1,,0,3,0,1053090852
gym-e3-rv_kage_b.encounter,slow-instrument,23,Victory,5,0,5,40,4,115,0,60,-1,,0,2,0,2953837445
gym-e3-rv_kage_b.encounter,slow-instrument,24,Victory,4,0,4,32,3,135,0,50,-1,,0,1,0,1679551450
gym-e3-rv_kage_b.encounter,slow-instrument,25,Victory,5,0,5,40,5,115,0,60,-1,,0,2,0,2981689330
gym-e3-rv_kage_b.encounter,slow-instrument,26,Victory,4,0,4,32,4,135,0,50,-1,,0,1,0,1487164765
gym-e3-rv_kage_b.encounter,slow-instrument,27,Victory,4,0,4,32,4,135,0,50,-1,,0,1,0,1487164765
gym-e3-rv_kage_b.encounter,slow-instrument,28,Victory,4,0,4,32,3,95,0,75,-1,,0,2,0,1089032674
gym-e3-rv_kage_b.encounter,slow-instrument,29,Victory,4,0,4,32,3,135,0,50,-1,,0,1,0,1679551450
gym-e3-rv_kage_b.encounter,slow-instrument,30,Victory,4,0,4,32,3,155,0,25,-1,,0,1,0,3340802601
gym-e3-rv_kage_b.encounter,slow-instrument,31,Victory,5,0,5,40,1,114,0,60,-1,,0,2,0,2790816839
gym-e3-rv_kage_b.encounter,slow-instrument,32,Victory,5,0,5,40,7,105,0,100,-1,,0,4,0,2712167219
gym-e3-rv_kage_b.encounter,slow-instrument,33,Victory,4,0,4,32,3,135,0,50,-1,,0,1,0,1679551450
gym-e3-rv_kage_b.encounter,slow-instrument,34,Victory,4,0,4,32,3,135,0,75,-1,,0,1,0,2170035959
gym-e3-rv_kage_b.encounter,slow-instrument,35,Victory,4,0,4,32,3,135,0,50,-1,,0,1,0,1679551450
gym-e3-rv_kage_b.encounter,slow-instrument,36,Victory,4,0,4,32,3,135,0,50,-1,,0,1,0,1679551450
gym-e3-rv_kage_b.encounter,slow-instrument,37,Victory,4,0,4,32,3,135,0,50,-1,,0,1,0,1679551450
gym-e3-rv_kage_b.encounter,slow-instrument,38,Victory,4,0,4,32,1,125,0,75,-1,,0,2,0,2505583865
gym-e3-rv_kage_b.encounter,slow-instrument,39,Victory,5,0,5,40,7,155,0,40,-1,,0,2,0,1020673256
gym-e3-rv_kage_b.encounter,slow-instrument,40,Victory,4,0,4,32,1,135,0,50,-1,,0,1,0,1679551450
gym-e3-rv_kage_b.encounter,slow-instrument,41,Victory,4,0,4,32,3,135,0,50,-1,,0,1,0,1679551450
gym-e3-rv_kage_b.encounter,slow-instrument,42,Victory,4,0,4,32,3,135,0,50,-1,,0,1,0,1679551450
gym-e3-rv_kage_b.encounter,slow-instrument,43,Victory,4,0,4,32,1,135,0,50,-1,,0,1,0,1679551450
gym-e3-rv_kage_b.encounter,slow-instrument,44,Victory,4,0,4,32,6,115,0,50,-1,,0,2,0,3124813454
gym-e3-rv_kage_b.encounter,slow-instrument,45,Victory,5,0,5,40,6,55,0,80,-1,,0,4,0,3141759664
gym-e3-rv_kage_b.encounter,slow-instrument,46,Victory,4,0,4,32,6,115,0,75,-1,,0,2,0,4226990600
gym-e3-rv_kage_b.encounter,slow-instrument,47,Victory,4,0,4,32,3,135,0,50,-1,,0,1,0,1679551450
gym-e3-rv_kage_b.encounter,slow-instrument,48,Victory,4,0,4,32,3,135,0,50,-1,,0,1,0,1679551450
gym-e3-rv_kage_b.encounter,slow-instrument,49,Victory,4,0,4,32,6,115,0,75,-1,,0,1,0,3334226553
gym-e3-rv_kage_b.encounter,slow-instrument,50,Victory,4,0,4,32,4,155,0,50,-1,,0,1,0,186898709
gym-e3-rv_kage_b.encounter,slow-instrument,51,Victory,5,0,5,40,9,95,0,80,-1,,0,4,0,1643793547
gym-e3-rv_kage_b.encounter,slow-instrument,52,Victory,4,0,4,32,3,135,0,50,-1,,0,1,0,1679551450
gym-e3-rv_kage_b.encounter,slow-instrument,53,Victory,4,0,4,32,3,135,0,50,-1,,0,2,0,3862631498
gym-e3-rv_kage_b.encounter,slow-instrument,54,Victory,5,0,5,40,4,135,0,60,-1,,0,2,0,409873201
gym-e3-rv_kage_b.encounter,slow-instrument,55,Victory,4,0,4,32,1,155,0,25,-1,,0,1,0,3952905870
gym-e3-rv_kage_b.encounter,slow-instrument,56,Victory,5,0,5,40,5,95,0,60,-1,,0,2,0,2261822732
gym-e3-rv_kage_b.encounter,slow-instrument,57,Victory,4,0,4,32,3,135,0,50,-1,,0,1,0,1679551450
gym-e3-rv_kage_b.encounter,slow-instrument,58,Victory,4,0,4,32,1,145,0,50,-1,,0,1,0,2830761035
gym-e3-rv_kage_b.encounter,slow-instrument,59,Victory,4,0,4,32,6,95,0,75,-1,,0,2,0,2110230371
gym-e3-rv_kage_b.encounter,slow-instrument,60,Victory,4,0,4,32,6,115,0,75,-1,,0,2,0,3125228023
gym-e3-rv_kage_b.encounter,slow-instrument,61,Victory,4,0,4,32,4,135,0,50,-1,,0,0,0,730321341
gym-e3-rv_kage_b.encounter,slow-instrument,62,Victory,4,0,4,32,0,155,0,50,-1,,0,1,0,1382877266
gym-e3-rv_kage_b.encounter,slow-instrument,63,Victory,6,0,6,48,9,55,0,83,-1,,0,4,0,4021456324
gym-e3-rv_kage_b.encounter,slow-instrument,64,Victory,4,0,4,32,6,135,0,50,-1,,0,1,0,1487164765
gym-e3-rv_kage_b.encounter,slow-instrument,65,Victory,5,0,5,40,5,95,0,60,-1,,0,2,0,2853053642
gym-e3-rv_kage_b.encounter,slow-instrument,66,Victory,4,0,4,32,4,135,0,50,-1,,0,1,0,3171595087
gym-e3-rv_kage_b.encounter,slow-instrument,67,Victory,4,0,4,32,4,135,0,50,-1,,0,1,0,1487164765
gym-e3-rv_kage_b.encounter,slow-instrument,68,Victory,7,0,7,56,12,74,0,71,-1,,0,4,0,1459908488
gym-e3-rv_kage_b.encounter,slow-instrument,69,Victory,5,0,5,40,5,95,0,80,-1,,0,2,0,1621594497
gym-e3-rv_kage_b.encounter,slow-instrument,70,Victory,5,0,5,40,5,115,0,60,-1,,0,2,0,4249148628
gym-e3-rv_kage_b.encounter,slow-instrument,71,Victory,4,0,4,32,0,125,0,75,-1,,0,2,0,148069786
gym-e3-rv_kage_b.encounter,slow-instrument,72,Victory,4,0,4,32,1,135,0,50,-1,,0,2,0,3404687673
gym-e3-rv_kage_b.encounter,slow-instrument,73,Victory,4,0,4,32,4,135,0,50,-1,,0,1,0,730321341
gym-e3-rv_kage_b.encounter,slow-instrument,74,Victory,5,0,5,40,7,155,0,40,-1,,0,2,0,1098122072
gym-e3-rv_kage_b.encounter,slow-instrument,75,Victory,4,0,4,32,8,115,0,50,-1,,0,3,0,2702715974
gym-e3-rv_kage_b.encounter,slow-instrument,76,Victory,4,0,4,32,4,115,0,50,-1,,0,2,0,645658530
gym-e3-rv_kage_b.encounter,slow-instrument,77,Victory,4,0,4,32,3,135,0,50,-1,,0,1,0,1679551450
gym-e3-rv_kage_b.encounter,slow-instrument,78,Victory,4,0,4,32,4,135,0,50,-1,,0,1,0,730321341
gym-e3-rv_kage_b.encounter,slow-instrument,79,Victory,4,0,4,32,3,95,0,75,-1,,0,2,0,1089032674
gym-e3-rv_kage_b.encounter,slow-instrument,80,Victory,4,0,4,32,1,145,0,50,-1,,0,1,0,2830761035
gym-e3-rv_kage_b.encounter,slow-instrument,81,Victory,5,0,5,40,4,115,0,80,-1,,0,2,0,2816755527
gym-e3-rv_kage_b.encounter,slow-instrument,82,Victory,4,0,4,32,3,135,0,50,-1,,0,1,0,1679551450
gym-e3-rv_kage_b.encounter,slow-instrument,83,Victory,5,0,5,40,3,135,0,60,-1,,0,2,0,3418895459
gym-e3-rv_kage_b.encounter,slow-instrument,84,Victory,4,0,4,32,3,135,0,50,-1,,0,1,0,1536207614
gym-e3-rv_kage_b.encounter,slow-instrument,85,Victory,5,0,5,40,4,145,0,40,-1,,0,2,0,1978097381
gym-e3-rv_kage_b.encounter,slow-instrument,86,Victory,4,0,4,32,3,95,0,75,-1,,0,2,0,3408586971
gym-e3-rv_kage_b.encounter,slow-instrument,87,Victory,4,0,4,32,4,135,0,50,-1,,0,0,0,730321341
gym-e3-rv_kage_b.encounter,slow-instrument,88,Victory,5,0,5,40,6,95,0,80,-1,,0,2,0,3551398437
gym-e3-rv_kage_b.encounter,slow-instrument,89,Victory,4,0,4,32,4,135,0,50,-1,,0,1,0,1487164765
gym-e3-rv_kage_b.encounter,slow-instrument,90,Victory,4,0,4,32,3,135,0,50,-1,,0,1,0,1679551450
gym-e3-rv_kage_b.encounter,slow-instrument,91,Victory,4,0,4,32,3,135,0,50,-1,,0,1,0,1679551450
gym-e3-rv_kage_b.encounter,slow-instrument,92,Victory,4,0,4,32,3,135,0,50,-1,,0,1,0,1679551450
gym-e3-rv_kage_b.encounter,slow-instrument,93,Victory,4,0,4,32,3,95,0,75,-1,,0,1,0,455474107
gym-e3-rv_kage_b.encounter,slow-instrument,94,Victory,4,0,4,32,3,135,0,50,-1,,0,1,0,1679551450
gym-e3-rv_kage_b.encounter,slow-instrument,95,Victory,5,0,5,40,0,85,0,80,-1,,0,3,0,1739187819
gym-e3-rv_kage_b.encounter,slow-instrument,96,Victory,4,0,4,32,4,154,0,50,-1,,0,1,0,2262284288
gym-e3-rv_kage_b.encounter,slow-instrument,97,Victory,4,0,4,32,1,135,0,50,-1,,0,1,0,1679551450
gym-e3-rv_kage_b.encounter,slow-instrument,98,Victory,4,0,4,32,3,115,0,75,-1,,0,1,0,3995538259
gym-e3-rv_kage_b.encounter,slow-instrument,99,Victory,4,0,4,32,3,135,0,50,-1,,0,1,0,1679551450
gym-e3-rv_kage_b.encounter,slow-instrument,100,Victory,5,0,5,40,7,115,0,40,-1,,0,2,0,3811756743
gym-e3-rv_kage_b.encounter,slow-instrument,101,Victory,4,0,4,32,3,135,0,50,-1,,0,1,0,1679551450
gym-e3-rv_kage_b.encounter,slow-instrument,102,Victory,4,0,4,32,1,135,0,50,-1,,0,1,0,1679551450
gym-e3-rv_kage_b.encounter,slow-instrument,103,Victory,4,0,4,32,3,135,0,50,-1,,0,1,0,1679551450
gym-e3-rv_kage_b.encounter,slow-instrument,104,Victory,4,0,4,32,4,135,0,50,-1,,0,1,0,1487164765
gym-e3-rv_kage_b.encounter,slow-instrument,105,Victory,4,0,4,32,3,135,0,50,-1,,0,1,0,1679551450
gym-e3-rv_kage_b.encounter,slow-instrument,106,Victory,4,0,4,32,6,115,0,50,-1,,0,2,0,645658530
gym-e3-rv_kage_b.encounter,slow-instrument,107,Victory,5,0,5,40,4,114,0,60,-1,,0,2,0,4110460357
gym-e3-rv_kage_b.encounter,slow-instrument,108,Victory,4,0,4,32,3,135,0,50,-1,,0,1,0,1679551450
gym-e3-rv_kage_b.encounter,slow-instrument,109,Victory,4,0,4,32,1,135,0,50,-1,,0,1,0,1679551450
gym-e3-rv_kage_b.encounter,slow-instrument,110,Victory,4,0,4,32,3,135,0,50,-1,,0,1,0,386293772
gym-e3-rv_kage_b.encounter,slow-instrument,111,Victory,4,0,4,32,3,95,0,100,-1,,0,2,0,1585131896
gym-e3-rv_kage_b.encounter,slow-instrument,112,Victory,4,0,4,32,3,135,0,50,-1,,0,1,0,1654567627
gym-e3-rv_kage_b.encounter,slow-instrument,113,Victory,4,0,4,32,3,135,0,75,-1,,0,1,0,368494677
gym-e3-rv_kage_b.encounter,slow-instrument,114,Defeat,5,0,5,40,8,0,1,140,-1,,0,5,0,1782224155
gym-e3-rv_kage_b.encounter,slow-instrument,115,Victory,4,0,4,32,6,135,0,50,-1,,0,3,0,2440851841
gym-e3-rv_kage_b.encounter,slow-instrument,116,Victory,4,0,4,32,4,135,0,50,-1,,0,0,0,730321341
gym-e3-rv_kage_b.encounter,slow-instrument,117,Victory,4,0,4,32,3,135,0,50,-1,,0,1,0,1679551450
gym-e3-rv_kage_b.encounter,slow-instrument,118,Victory,4,0,4,32,4,155,0,50,-1,,0,1,0,186898709
gym-e3-rv_kage_b.encounter,slow-instrument,119,Victory,4,0,4,32,6,135,0,50,-1,,0,1,0,1487164765
gym-e3-rv_kage_b.encounter,slow-instrument,120,Victory,4,0,4,32,4,135,0,50,-1,,0,1,0,38303629
gym-e3-rv_kage_b.encounter,slow-instrument,121,Victory,4,0,4,32,6,115,0,75,-1,,0,2,0,1721308379
gym-e3-rv_kage_b.encounter,slow-instrument,122,Victory,4,0,4,32,3,135,0,50,-1,,0,1,0,1679551450
gym-e3-rv_kage_b.encounter,slow-instrument,123,Victory,4,0,4,32,3,135,0,50,-1,,0,1,0,1679551450
gym-e3-rv_kage_b.encounter,slow-instrument,124,Victory,5,0,5,40,9,55,0,100,-1,,0,3,0,3281894321
gym-e3-rv_kage_b.encounter,slow-instrument,125,Victory,4,0,4,32,3,135,0,50,-1,,0,1,0,1679551450
gym-e3-rv_kage_b.encounter,slow-instrument,126,Victory,4,0,4,32,3,135,0,50,-1,,0,1,0,4123595039
gym-e3-rv_kage_b.encounter,slow-instrument,127,Victory,4,0,4,32,3,135,0,50,-1,,0,1,0,4122989978
gym-e3-rv_kage_b.encounter,slow-instrument,128,Victory,4,0,4,32,3,135,0,50,-1,,0,1,0,1654567627
gym-e3-rv_kage_b.encounter,slow-instrument,129,Victory,4,0,4,32,3,135,0,50,-1,,0,1,0,1679551450
gym-e3-rv_kage_b.encounter,slow-instrument,130,Victory,4,0,4,32,3,135,0,50,-1,,0,1,0,1679551450
gym-e3-rv_kage_b.encounter,slow-instrument,131,Victory,4,0,4,32,3,135,0,50,-1,,0,1,0,1679551450
gym-e3-rv_kage_b.encounter,slow-instrument,132,Victory,4,0,4,32,3,135,0,50,-1,,0,1,0,1679551450
gym-e3-rv_kage_b.encounter,slow-instrument,133,Victory,4,0,4,32,6,135,0,50,-1,,0,1,0,1487164765
gym-e3-rv_kage_b.encounter,slow-instrument,134,Victory,4,0,4,32,3,155,0,25,-1,,0,1,0,3340802601
gym-e3-rv_kage_b.encounter,slow-instrument,135,Victory,4,0,4,32,3,135,0,50,-1,,0,1,0,1679551450
gym-e3-rv_kage_b.encounter,slow-instrument,136,Defeat,8,0,8,64,15,0,1,87,-1,,0,5,0,3518275208
gym-e3-rv_kage_b.encounter,slow-instrument,137,Victory,6,0,6,48,7,95,0,83,-1,,0,3,0,1421793254
gym-e3-rv_kage_b.encounter,slow-instrument,138,Victory,4,0,4,32,3,135,0,50,-1,,0,1,0,1679551450
gym-e3-rv_kage_b.encounter,slow-instrument,139,Victory,4,0,4,32,3,135,0,50,-1,,0,1,0,1679551450
gym-e3-rv_kage_b.encounter,slow-instrument,140,Victory,4,0,4,32,3,95,0,75,-1,,0,2,0,3408586971
gym-e3-rv_kage_b.encounter,slow-instrument,141,Victory,4,0,4,32,3,135,0,50,-1,,0,1,0,1679551450
gym-e3-rv_kage_b.encounter,slow-instrument,142,Victory,4,0,4,32,0,145,0,50,-1,,0,1,0,1342499293
gym-e3-rv_kage_b.encounter,slow-instrument,143,Victory,4,0,4,32,0,145,0,50,-1,,0,1,0,178114697
gym-e3-rv_kage_b.encounter,slow-instrument,144,Victory,4,0,4,32,3,135,0,50,-1,,0,1,0,1679551450
gym-e3-rv_kage_b.encounter,slow-instrument,145,Victory,4,0,4,32,3,135,0,50,-1,,0,1,0,1679551450
gym-e3-rv_kage_b.encounter,slow-instrument,146,Victory,4,0,4,32,3,135,0,50,-1,,0,1,0,1679551450
gym-e3-rv_kage_b.encounter,slow-instrument,147,Victory,4,0,4,32,4,154,0,50,-1,,0,1,0,2262284288
gym-e3-rv_kage_b.encounter,slow-instrument,148,Victory,5,0,5,40,6,55,0,80,-1,,0,4,0,2704110359
gym-e3-rv_kage_b.encounter,slow-instrument,149,Victory,4,0,4,32,3,135,0,50,-1,,0,1,0,1679551450
gym-e3-rv_kage_b.encounter,slow-instrument,150,Victory,4,0,4,32,4,135,0,50,-1,,0,1,0,1487164765
gym-e3-rv_kage_b.encounter,slow-instrument,151,Victory,4,0,4,32,3,135,0,50,-1,,0,1,0,1679551450
gym-e3-rv_kage_b.encounter,slow-instrument,152,Victory,4,0,4,32,4,155,0,50,-1,,0,1,0,480974807
gym-e3-rv_kage_b.encounter,slow-instrument,153,Victory,5,0,5,40,5,115,0,60,-1,,0,2,0,4160603526
gym-e3-rv_kage_b.encounter,slow-instrument,154,Victory,4,0,4,32,4,135,0,50,-1,,0,1,0,38303629
gym-e3-rv_kage_b.encounter,slow-instrument,155,Victory,4,0,4,32,3,135,0,50,-1,,0,1,0,1679551450
gym-e3-rv_kage_b.encounter,slow-instrument,156,Victory,4,0,4,32,3,154,0,50,-1,,0,0,0,3522496771
gym-e3-rv_kage_b.encounter,slow-instrument,157,Victory,5,0,5,40,6,115,0,60,-1,,0,2,0,3888377472
gym-e3-rv_kage_b.encounter,slow-instrument,158,Victory,4,0,4,32,3,135,0,50,-1,,0,1,0,1679551450
gym-e3-rv_kage_b.encounter,slow-instrument,159,Victory,4,0,4,32,3,135,0,50,-1,,0,1,0,1679551450
gym-e3-rv_kage_b.encounter,slow-instrument,160,Victory,4,0,4,32,9,134,0,75,-1,,0,2,0,1685270147
gym-e3-rv_kage_b.encounter,slow-instrument,161,Victory,5,0,5,40,4,75,0,80,-1,,0,3,0,2787910793
gym-e3-rv_kage_b.encounter,slow-instrument,162,Victory,4,0,4,32,4,135,0,50,-1,,0,1,0,730321341
gym-e3-rv_kage_b.encounter,slow-instrument,163,Victory,4,0,4,32,3,135,0,50,-1,,0,1,0,1679551450
gym-e3-rv_kage_b.encounter,slow-instrument,164,Victory,4,0,4,32,3,165,0,50,-1,,0,1,0,779154267
gym-e3-rv_kage_b.encounter,slow-instrument,165,Victory,4,0,4,32,4,135,0,50,-1,,0,1,0,1487164765
gym-e3-rv_kage_b.encounter,slow-instrument,166,Victory,5,0,5,40,1,95,0,80,-1,,0,3,0,725556901
gym-e3-rv_kage_b.encounter,slow-instrument,167,Victory,4,0,4,32,1,135,0,50,-1,,0,1,0,1679551450
gym-e3-rv_kage_b.encounter,slow-instrument,168,Victory,4,0,4,32,4,135,0,50,-1,,0,1,0,1487164765
gym-e3-rv_kage_b.encounter,slow-instrument,169,Victory,5,0,5,40,4,95,0,60,-1,,0,3,0,1635620205
gym-e3-rv_kage_b.encounter,slow-instrument,170,Victory,4,0,4,32,4,155,0,25,-1,,0,1,0,3952905870
gym-e3-rv_kage_b.encounter,slow-instrument,171,Victory,4,0,4,32,3,135,0,50,-1,,0,1,0,1679551450
gym-e3-rv_kage_b.encounter,slow-instrument,172,Victory,4,0,4,32,1,125,0,75,-1,,0,2,0,4000171499
gym-e3-rv_kage_b.encounter,slow-instrument,173,Victory,4,0,4,32,3,135,0,50,-1,,0,1,0,1679551450
gym-e3-rv_kage_b.encounter,slow-instrument,174,Victory,4,0,4,32,4,135,0,50,-1,,0,0,0,730321341
gym-e3-rv_kage_b.encounter,slow-instrument,175,Victory,5,0,5,40,6,75,0,80,-1,,0,3,0,2730106214
gym-e3-rv_kage_b.encounter,slow-instrument,176,Victory,4,0,4,32,3,135,0,50,-1,,0,1,0,1679551450
gym-e3-rv_kage_b.encounter,slow-instrument,177,Victory,4,0,4,32,4,135,0,50,-1,,0,0,0,730321341
gym-e3-rv_kage_b.encounter,slow-instrument,178,Victory,4,0,4,32,4,135,0,50,-1,,0,1,0,730321341
gym-e3-rv_kage_b.encounter,slow-instrument,179,Victory,4,0,4,32,3,135,0,50,-1,,0,1,0,1679551450
gym-e3-rv_kage_b.encounter,slow-instrument,180,Victory,4,0,4,32,3,115,0,50,-1,,0,2,0,920327715
gym-e3-rv_kage_b.encounter,slow-instrument,181,Victory,4,0,4,32,1,135,0,50,-1,,0,1,0,1679551450
gym-e3-rv_kage_b.encounter,slow-instrument,182,Victory,4,0,4,32,4,135,0,50,-1,,0,0,0,730321341
gym-e3-rv_kage_b.encounter,slow-instrument,183,Victory,4,0,4,32,3,135,0,50,-1,,0,1,0,1679551450
gym-e3-rv_kage_b.encounter,slow-instrument,184,Victory,4,0,4,32,3,135,0,50,-1,,0,1,0,1536207614
gym-e3-rv_kage_b.encounter,slow-instrument,185,Victory,4,0,4,32,4,135,0,50,-1,,0,0,0,730321341
gym-e3-rv_kage_b.encounter,slow-instrument,186,Victory,4,0,4,32,3,95,0,75,-1,,0,2,0,3408586971
gym-e3-rv_kage_b.encounter,slow-instrument,187,Victory,4,0,4,32,3,135,0,50,-1,,0,1,0,1679551450
gym-e3-rv_kage_b.encounter,slow-instrument,188,Victory,5,0,5,40,3,135,0,60,-1,,0,2,0,3260535877
gym-e3-rv_kage_b.encounter,slow-instrument,189,Victory,4,0,4,32,4,135,0,50,-1,,0,1,0,1487164765
gym-e3-rv_kage_b.encounter,slow-instrument,190,Victory,4,0,4,32,3,135,0,50,-1,,0,1,0,1679551450
gym-e3-rv_kage_b.encounter,slow-instrument,191,Victory,5,0,5,40,3,115,0,60,-1,,0,2,0,2555559894
gym-e3-rv_kage_b.encounter,slow-instrument,192,Victory,4,0,4,32,3,105,0,75,-1,,0,2,0,1742409109
gym-e3-rv_kage_b.encounter,slow-instrument,193,Victory,4,0,4,32,3,135,0,50,-1,,0,1,0,1679551450
gym-e3-rv_kage_b.encounter,slow-instrument,194,Victory,4,0,4,32,3,135,0,75,-1,,0,1,0,2033382253
gym-e3-rv_kage_b.encounter,slow-instrument,195,Victory,4,0,4,32,3,135,0,50,-1,,0,1,0,1679551450
gym-e3-rv_kage_b.encounter,slow-instrument,196,Victory,4,0,4,32,1,155,0,25,-1,,0,1,0,1387689840
gym-e3-rv_kage_b.encounter,slow-instrument,197,Victory,4,0,4,32,4,174,0,50,-1,,0,1,0,2418180610
gym-e3-rv_kage_b.encounter,slow-instrument,198,Victory,5,0,5,40,6,115,0,60,-1,,0,2,0,4173689378
gym-e3-rv_kage_b.encounter,slow-instrument,199,Victory,4,0,4,32,10,115,0,50,-1,,0,2,0,3458515780
gym-e3-rv_kage_b.encounter,slow-instrument,200,Victory,4,0,4,32,3,135,0,50,-1,,0,1,0,1679551450
gym-e3-rv_kage_b.encounter,taunt-instrument,1,Victory,4,0,4,32,3,135,0,50,-1,,0,1,0,1679551450
gym-e3-rv_kage_b.encounter,taunt-instrument,2,Victory,4,0,4,32,3,135,0,50,-1,,0,1,0,1679551450
gym-e3-rv_kage_b.encounter,taunt-instrument,3,Victory,4,0,4,32,3,95,0,75,-1,,0,1,0,455474107
gym-e3-rv_kage_b.encounter,taunt-instrument,4,Victory,5,0,5,40,6,135,0,80,-1,,0,2,0,3762264788
gym-e3-rv_kage_b.encounter,taunt-instrument,5,Victory,4,0,4,32,4,155,0,50,-1,,0,1,0,458115493
gym-e3-rv_kage_b.encounter,taunt-instrument,6,Victory,4,0,4,32,4,135,0,50,-1,,0,0,0,730321341
gym-e3-rv_kage_b.encounter,taunt-instrument,7,Victory,4,0,4,32,6,95,0,75,-1,,0,2,0,2110230371
gym-e3-rv_kage_b.encounter,taunt-instrument,8,Victory,4,0,4,32,3,135,0,50,-1,,0,1,0,1679551450
gym-e3-rv_kage_b.encounter,taunt-instrument,9,Victory,6,0,6,48,10,75,0,66,-1,,0,3,0,2725011459
gym-e3-rv_kage_b.encounter,taunt-instrument,10,Victory,5,0,5,40,6,95,0,100,-1,,0,4,0,1026076882
gym-e3-rv_kage_b.encounter,taunt-instrument,11,Victory,4,0,4,32,3,135,0,50,-1,,0,1,0,1679551450
gym-e3-rv_kage_b.encounter,taunt-instrument,12,Victory,4,0,4,32,3,135,0,50,-1,,0,1,0,1679551450
gym-e3-rv_kage_b.encounter,taunt-instrument,13,Victory,4,0,4,32,4,135,0,50,-1,,0,1,0,3011141455
gym-e3-rv_kage_b.encounter,taunt-instrument,14,Victory,4,0,4,32,6,115,0,75,-1,,0,1,0,3334226553
gym-e3-rv_kage_b.encounter,taunt-instrument,15,Victory,4,0,4,32,3,135,0,50,-1,,0,1,0,786437260
gym-e3-rv_kage_b.encounter,taunt-instrument,16,Victory,4,0,4,32,6,115,0,75,-1,,0,2,0,1721308379
gym-e3-rv_kage_b.encounter,taunt-instrument,17,Victory,4,0,4,32,1,135,0,50,-1,,0,1,0,1679551450
gym-e3-rv_kage_b.encounter,taunt-instrument,18,Victory,4,0,4,32,4,135,0,50,-1,,0,1,0,1487164765
gym-e3-rv_kage_b.encounter,taunt-instrument,19,Victory,4,0,4,32,3,135,0,50,-1,,0,1,0,1679551450
gym-e3-rv_kage_b.encounter,taunt-instrument,20,Victory,4,0,4,32,3,155,0,25,-1,,0,1,0,3340802601
gym-e3-rv_kage_b.encounter,taunt-instrument,21,Victory,4,0,4,32,6,115,0,75,-1,,0,1,0,4082633865
gym-e3-rv_kage_b.encounter,taunt-instrument,22,Victory,5,0,5,40,6,95,0,80,-1,,0,3,0,1053090852
gym-e3-rv_kage_b.encounter,taunt-instrument,23,Victory,5,0,5,40,4,115,0,60,-1,,0,2,0,2953837445
gym-e3-rv_kage_b.encounter,taunt-instrument,24,Victory,4,0,4,32,3,135,0,50,-1,,0,1,0,1679551450
gym-e3-rv_kage_b.encounter,taunt-instrument,25,Victory,5,0,5,40,5,115,0,60,-1,,0,2,0,2981689330
gym-e3-rv_kage_b.encounter,taunt-instrument,26,Victory,4,0,4,32,4,135,0,50,-1,,0,1,0,1487164765
gym-e3-rv_kage_b.encounter,taunt-instrument,27,Victory,4,0,4,32,4,135,0,50,-1,,0,1,0,1487164765
gym-e3-rv_kage_b.encounter,taunt-instrument,28,Victory,4,0,4,32,3,95,0,75,-1,,0,2,0,1089032674
gym-e3-rv_kage_b.encounter,taunt-instrument,29,Victory,4,0,4,32,3,135,0,50,-1,,0,1,0,1679551450
gym-e3-rv_kage_b.encounter,taunt-instrument,30,Victory,4,0,4,32,3,155,0,25,-1,,0,1,0,3340802601
gym-e3-rv_kage_b.encounter,taunt-instrument,31,Victory,5,0,5,40,1,114,0,60,-1,,0,2,0,2790816839
gym-e3-rv_kage_b.encounter,taunt-instrument,32,Victory,5,0,5,40,7,105,0,100,-1,,0,4,0,2712167219
gym-e3-rv_kage_b.encounter,taunt-instrument,33,Victory,4,0,4,32,3,135,0,50,-1,,0,1,0,1679551450
gym-e3-rv_kage_b.encounter,taunt-instrument,34,Victory,4,0,4,32,3,135,0,75,-1,,0,1,0,2170035959
gym-e3-rv_kage_b.encounter,taunt-instrument,35,Victory,4,0,4,32,3,135,0,50,-1,,0,1,0,1679551450
gym-e3-rv_kage_b.encounter,taunt-instrument,36,Victory,4,0,4,32,3,135,0,50,-1,,0,1,0,1679551450
gym-e3-rv_kage_b.encounter,taunt-instrument,37,Victory,4,0,4,32,3,135,0,50,-1,,0,1,0,1679551450
gym-e3-rv_kage_b.encounter,taunt-instrument,38,Victory,4,0,4,32,1,125,0,75,-1,,0,2,0,2505583865
gym-e3-rv_kage_b.encounter,taunt-instrument,39,Victory,5,0,5,40,7,155,0,40,-1,,0,2,0,1020673256
gym-e3-rv_kage_b.encounter,taunt-instrument,40,Victory,4,0,4,32,1,135,0,50,-1,,0,1,0,1679551450
gym-e3-rv_kage_b.encounter,taunt-instrument,41,Victory,4,0,4,32,3,135,0,50,-1,,0,1,0,1679551450
gym-e3-rv_kage_b.encounter,taunt-instrument,42,Victory,4,0,4,32,3,135,0,50,-1,,0,1,0,1679551450
gym-e3-rv_kage_b.encounter,taunt-instrument,43,Victory,4,0,4,32,1,135,0,50,-1,,0,1,0,1679551450
gym-e3-rv_kage_b.encounter,taunt-instrument,44,Victory,4,0,4,32,6,115,0,50,-1,,0,2,0,3124813454
gym-e3-rv_kage_b.encounter,taunt-instrument,45,Victory,5,0,5,40,6,55,0,80,-1,,0,4,0,3141759664
gym-e3-rv_kage_b.encounter,taunt-instrument,46,Victory,4,0,4,32,6,115,0,75,-1,,0,2,0,4226990600
gym-e3-rv_kage_b.encounter,taunt-instrument,47,Victory,4,0,4,32,3,135,0,50,-1,,0,1,0,1679551450
gym-e3-rv_kage_b.encounter,taunt-instrument,48,Victory,4,0,4,32,3,135,0,50,-1,,0,1,0,1679551450
gym-e3-rv_kage_b.encounter,taunt-instrument,49,Victory,4,0,4,32,6,115,0,75,-1,,0,1,0,3334226553
gym-e3-rv_kage_b.encounter,taunt-instrument,50,Victory,4,0,4,32,4,155,0,50,-1,,0,1,0,186898709
gym-e3-rv_kage_b.encounter,taunt-instrument,51,Victory,5,0,5,40,9,95,0,80,-1,,0,4,0,1643793547
gym-e3-rv_kage_b.encounter,taunt-instrument,52,Victory,4,0,4,32,3,135,0,50,-1,,0,1,0,1679551450
gym-e3-rv_kage_b.encounter,taunt-instrument,53,Victory,4,0,4,32,3,135,0,50,-1,,0,2,0,3862631498
gym-e3-rv_kage_b.encounter,taunt-instrument,54,Victory,5,0,5,40,4,135,0,60,-1,,0,2,0,409873201
gym-e3-rv_kage_b.encounter,taunt-instrument,55,Victory,4,0,4,32,1,155,0,25,-1,,0,1,0,3952905870
gym-e3-rv_kage_b.encounter,taunt-instrument,56,Victory,5,0,5,40,5,95,0,60,-1,,0,2,0,2261822732
gym-e3-rv_kage_b.encounter,taunt-instrument,57,Victory,4,0,4,32,3,135,0,50,-1,,0,1,0,1679551450
gym-e3-rv_kage_b.encounter,taunt-instrument,58,Victory,4,0,4,32,1,145,0,50,-1,,0,1,0,2830761035
gym-e3-rv_kage_b.encounter,taunt-instrument,59,Victory,4,0,4,32,6,95,0,75,-1,,0,2,0,2110230371
gym-e3-rv_kage_b.encounter,taunt-instrument,60,Victory,4,0,4,32,6,115,0,75,-1,,0,2,0,3125228023
gym-e3-rv_kage_b.encounter,taunt-instrument,61,Victory,4,0,4,32,4,135,0,50,-1,,0,0,0,730321341
gym-e3-rv_kage_b.encounter,taunt-instrument,62,Victory,4,0,4,32,0,155,0,50,-1,,0,1,0,1382877266
gym-e3-rv_kage_b.encounter,taunt-instrument,63,Victory,6,0,6,48,9,55,0,83,-1,,0,4,0,4021456324
gym-e3-rv_kage_b.encounter,taunt-instrument,64,Victory,4,0,4,32,6,135,0,50,-1,,0,1,0,1487164765
gym-e3-rv_kage_b.encounter,taunt-instrument,65,Victory,5,0,5,40,5,95,0,60,-1,,0,2,0,2853053642
gym-e3-rv_kage_b.encounter,taunt-instrument,66,Victory,4,0,4,32,4,135,0,50,-1,,0,1,0,3171595087
gym-e3-rv_kage_b.encounter,taunt-instrument,67,Victory,4,0,4,32,4,135,0,50,-1,,0,1,0,1487164765
gym-e3-rv_kage_b.encounter,taunt-instrument,68,Victory,7,0,7,56,12,74,0,71,-1,,0,4,0,1459908488
gym-e3-rv_kage_b.encounter,taunt-instrument,69,Victory,5,0,5,40,5,95,0,80,-1,,0,2,0,1621594497
gym-e3-rv_kage_b.encounter,taunt-instrument,70,Victory,5,0,5,40,5,115,0,60,-1,,0,2,0,4249148628
gym-e3-rv_kage_b.encounter,taunt-instrument,71,Victory,4,0,4,32,0,125,0,75,-1,,0,2,0,148069786
gym-e3-rv_kage_b.encounter,taunt-instrument,72,Victory,4,0,4,32,1,135,0,50,-1,,0,2,0,3404687673
gym-e3-rv_kage_b.encounter,taunt-instrument,73,Victory,4,0,4,32,4,135,0,50,-1,,0,1,0,730321341
gym-e3-rv_kage_b.encounter,taunt-instrument,74,Victory,5,0,5,40,7,155,0,40,-1,,0,2,0,1098122072
gym-e3-rv_kage_b.encounter,taunt-instrument,75,Victory,4,0,4,32,8,115,0,50,-1,,0,3,0,2702715974
gym-e3-rv_kage_b.encounter,taunt-instrument,76,Victory,4,0,4,32,4,115,0,50,-1,,0,2,0,645658530
gym-e3-rv_kage_b.encounter,taunt-instrument,77,Victory,4,0,4,32,3,135,0,50,-1,,0,1,0,1679551450
gym-e3-rv_kage_b.encounter,taunt-instrument,78,Victory,4,0,4,32,4,135,0,50,-1,,0,1,0,730321341
gym-e3-rv_kage_b.encounter,taunt-instrument,79,Victory,4,0,4,32,3,95,0,75,-1,,0,2,0,1089032674
gym-e3-rv_kage_b.encounter,taunt-instrument,80,Victory,4,0,4,32,1,145,0,50,-1,,0,1,0,2830761035
gym-e3-rv_kage_b.encounter,taunt-instrument,81,Victory,5,0,5,40,4,115,0,80,-1,,0,2,0,2816755527
gym-e3-rv_kage_b.encounter,taunt-instrument,82,Victory,4,0,4,32,3,135,0,50,-1,,0,1,0,1679551450
gym-e3-rv_kage_b.encounter,taunt-instrument,83,Victory,5,0,5,40,3,135,0,60,-1,,0,2,0,3418895459
gym-e3-rv_kage_b.encounter,taunt-instrument,84,Victory,4,0,4,32,3,135,0,50,-1,,0,1,0,1536207614
gym-e3-rv_kage_b.encounter,taunt-instrument,85,Victory,5,0,5,40,4,145,0,40,-1,,0,2,0,1978097381
gym-e3-rv_kage_b.encounter,taunt-instrument,86,Victory,4,0,4,32,3,95,0,75,-1,,0,2,0,3408586971
gym-e3-rv_kage_b.encounter,taunt-instrument,87,Victory,4,0,4,32,4,135,0,50,-1,,0,0,0,730321341
gym-e3-rv_kage_b.encounter,taunt-instrument,88,Victory,5,0,5,40,6,95,0,80,-1,,0,2,0,3551398437
gym-e3-rv_kage_b.encounter,taunt-instrument,89,Victory,4,0,4,32,4,135,0,50,-1,,0,1,0,1487164765
gym-e3-rv_kage_b.encounter,taunt-instrument,90,Victory,4,0,4,32,3,135,0,50,-1,,0,1,0,1679551450
gym-e3-rv_kage_b.encounter,taunt-instrument,91,Victory,4,0,4,32,3,135,0,50,-1,,0,1,0,1679551450
gym-e3-rv_kage_b.encounter,taunt-instrument,92,Victory,4,0,4,32,3,135,0,50,-1,,0,1,0,1679551450
gym-e3-rv_kage_b.encounter,taunt-instrument,93,Victory,4,0,4,32,3,95,0,75,-1,,0,1,0,455474107
gym-e3-rv_kage_b.encounter,taunt-instrument,94,Victory,4,0,4,32,3,135,0,50,-1,,0,1,0,1679551450
gym-e3-rv_kage_b.encounter,taunt-instrument,95,Victory,5,0,5,40,0,85,0,80,-1,,0,3,0,1739187819
gym-e3-rv_kage_b.encounter,taunt-instrument,96,Victory,4,0,4,32,4,154,0,50,-1,,0,1,0,2262284288
gym-e3-rv_kage_b.encounter,taunt-instrument,97,Victory,4,0,4,32,1,135,0,50,-1,,0,1,0,1679551450
gym-e3-rv_kage_b.encounter,taunt-instrument,98,Victory,4,0,4,32,3,115,0,75,-1,,0,1,0,3995538259
gym-e3-rv_kage_b.encounter,taunt-instrument,99,Victory,4,0,4,32,3,135,0,50,-1,,0,1,0,1679551450
gym-e3-rv_kage_b.encounter,taunt-instrument,100,Victory,5,0,5,40,7,115,0,40,-1,,0,2,0,3811756743
gym-e3-rv_kage_b.encounter,taunt-instrument,101,Victory,4,0,4,32,3,135,0,50,-1,,0,1,0,1679551450
gym-e3-rv_kage_b.encounter,taunt-instrument,102,Victory,4,0,4,32,1,135,0,50,-1,,0,1,0,1679551450
gym-e3-rv_kage_b.encounter,taunt-instrument,103,Victory,4,0,4,32,3,135,0,50,-1,,0,1,0,1679551450
gym-e3-rv_kage_b.encounter,taunt-instrument,104,Victory,4,0,4,32,4,135,0,50,-1,,0,1,0,1487164765
gym-e3-rv_kage_b.encounter,taunt-instrument,105,Victory,4,0,4,32,3,135,0,50,-1,,0,1,0,1679551450
gym-e3-rv_kage_b.encounter,taunt-instrument,106,Victory,4,0,4,32,6,115,0,50,-1,,0,2,0,645658530
gym-e3-rv_kage_b.encounter,taunt-instrument,107,Victory,5,0,5,40,4,114,0,60,-1,,0,2,0,4110460357
gym-e3-rv_kage_b.encounter,taunt-instrument,108,Victory,4,0,4,32,3,135,0,50,-1,,0,1,0,1679551450
gym-e3-rv_kage_b.encounter,taunt-instrument,109,Victory,4,0,4,32,1,135,0,50,-1,,0,1,0,1679551450
gym-e3-rv_kage_b.encounter,taunt-instrument,110,Victory,4,0,4,32,3,135,0,50,-1,,0,1,0,386293772
gym-e3-rv_kage_b.encounter,taunt-instrument,111,Victory,4,0,4,32,3,95,0,100,-1,,0,2,0,1585131896
gym-e3-rv_kage_b.encounter,taunt-instrument,112,Victory,4,0,4,32,3,135,0,50,-1,,0,1,0,1654567627
gym-e3-rv_kage_b.encounter,taunt-instrument,113,Victory,4,0,4,32,3,135,0,75,-1,,0,1,0,368494677
gym-e3-rv_kage_b.encounter,taunt-instrument,114,Defeat,5,0,5,40,8,0,1,140,-1,,0,5,0,1782224155
gym-e3-rv_kage_b.encounter,taunt-instrument,115,Victory,4,0,4,32,6,135,0,50,-1,,0,3,0,2440851841
gym-e3-rv_kage_b.encounter,taunt-instrument,116,Victory,4,0,4,32,4,135,0,50,-1,,0,0,0,730321341
gym-e3-rv_kage_b.encounter,taunt-instrument,117,Victory,4,0,4,32,3,135,0,50,-1,,0,1,0,1679551450
gym-e3-rv_kage_b.encounter,taunt-instrument,118,Victory,4,0,4,32,4,155,0,50,-1,,0,1,0,186898709
gym-e3-rv_kage_b.encounter,taunt-instrument,119,Victory,4,0,4,32,6,135,0,50,-1,,0,1,0,1487164765
gym-e3-rv_kage_b.encounter,taunt-instrument,120,Victory,4,0,4,32,4,135,0,50,-1,,0,1,0,38303629
gym-e3-rv_kage_b.encounter,taunt-instrument,121,Victory,4,0,4,32,6,115,0,75,-1,,0,2,0,1721308379
gym-e3-rv_kage_b.encounter,taunt-instrument,122,Victory,4,0,4,32,3,135,0,50,-1,,0,1,0,1679551450
gym-e3-rv_kage_b.encounter,taunt-instrument,123,Victory,4,0,4,32,3,135,0,50,-1,,0,1,0,1679551450
gym-e3-rv_kage_b.encounter,taunt-instrument,124,Victory,5,0,5,40,9,55,0,100,-1,,0,3,0,3281894321
gym-e3-rv_kage_b.encounter,taunt-instrument,125,Victory,4,0,4,32,3,135,0,50,-1,,0,1,0,1679551450
gym-e3-rv_kage_b.encounter,taunt-instrument,126,Victory,4,0,4,32,3,135,0,50,-1,,0,1,0,4123595039
gym-e3-rv_kage_b.encounter,taunt-instrument,127,Victory,4,0,4,32,3,135,0,50,-1,,0,1,0,4122989978
gym-e3-rv_kage_b.encounter,taunt-instrument,128,Victory,4,0,4,32,3,135,0,50,-1,,0,1,0,1654567627
gym-e3-rv_kage_b.encounter,taunt-instrument,129,Victory,4,0,4,32,3,135,0,50,-1,,0,1,0,1679551450
gym-e3-rv_kage_b.encounter,taunt-instrument,130,Victory,4,0,4,32,3,135,0,50,-1,,0,1,0,1679551450
gym-e3-rv_kage_b.encounter,taunt-instrument,131,Victory,4,0,4,32,3,135,0,50,-1,,0,1,0,1679551450
gym-e3-rv_kage_b.encounter,taunt-instrument,132,Victory,4,0,4,32,3,135,0,50,-1,,0,1,0,1679551450
gym-e3-rv_kage_b.encounter,taunt-instrument,133,Victory,4,0,4,32,6,135,0,50,-1,,0,1,0,1487164765
gym-e3-rv_kage_b.encounter,taunt-instrument,134,Victory,4,0,4,32,3,155,0,25,-1,,0,1,0,3340802601
gym-e3-rv_kage_b.encounter,taunt-instrument,135,Victory,4,0,4,32,3,135,0,50,-1,,0,1,0,1679551450
gym-e3-rv_kage_b.encounter,taunt-instrument,136,Defeat,8,0,8,64,15,0,1,87,-1,,0,5,0,3518275208
gym-e3-rv_kage_b.encounter,taunt-instrument,137,Victory,6,0,6,48,7,95,0,83,-1,,0,3,0,1421793254
gym-e3-rv_kage_b.encounter,taunt-instrument,138,Victory,4,0,4,32,3,135,0,50,-1,,0,1,0,1679551450
gym-e3-rv_kage_b.encounter,taunt-instrument,139,Victory,4,0,4,32,3,135,0,50,-1,,0,1,0,1679551450
gym-e3-rv_kage_b.encounter,taunt-instrument,140,Victory,4,0,4,32,3,95,0,75,-1,,0,2,0,3408586971
gym-e3-rv_kage_b.encounter,taunt-instrument,141,Victory,4,0,4,32,3,135,0,50,-1,,0,1,0,1679551450
gym-e3-rv_kage_b.encounter,taunt-instrument,142,Victory,4,0,4,32,0,145,0,50,-1,,0,1,0,1342499293
gym-e3-rv_kage_b.encounter,taunt-instrument,143,Victory,4,0,4,32,0,145,0,50,-1,,0,1,0,178114697
gym-e3-rv_kage_b.encounter,taunt-instrument,144,Victory,4,0,4,32,3,135,0,50,-1,,0,1,0,1679551450
gym-e3-rv_kage_b.encounter,taunt-instrument,145,Victory,4,0,4,32,3,135,0,50,-1,,0,1,0,1679551450
gym-e3-rv_kage_b.encounter,taunt-instrument,146,Victory,4,0,4,32,3,135,0,50,-1,,0,1,0,1679551450
gym-e3-rv_kage_b.encounter,taunt-instrument,147,Victory,4,0,4,32,4,154,0,50,-1,,0,1,0,2262284288
gym-e3-rv_kage_b.encounter,taunt-instrument,148,Victory,5,0,5,40,6,55,0,80,-1,,0,4,0,2704110359
gym-e3-rv_kage_b.encounter,taunt-instrument,149,Victory,4,0,4,32,3,135,0,50,-1,,0,1,0,1679551450
gym-e3-rv_kage_b.encounter,taunt-instrument,150,Victory,4,0,4,32,4,135,0,50,-1,,0,1,0,1487164765
gym-e3-rv_kage_b.encounter,taunt-instrument,151,Victory,4,0,4,32,3,135,0,50,-1,,0,1,0,1679551450
gym-e3-rv_kage_b.encounter,taunt-instrument,152,Victory,4,0,4,32,4,155,0,50,-1,,0,1,0,480974807
gym-e3-rv_kage_b.encounter,taunt-instrument,153,Victory,5,0,5,40,5,115,0,60,-1,,0,2,0,4160603526
gym-e3-rv_kage_b.encounter,taunt-instrument,154,Victory,4,0,4,32,4,135,0,50,-1,,0,1,0,38303629
gym-e3-rv_kage_b.encounter,taunt-instrument,155,Victory,4,0,4,32,3,135,0,50,-1,,0,1,0,1679551450
gym-e3-rv_kage_b.encounter,taunt-instrument,156,Victory,4,0,4,32,3,154,0,50,-1,,0,0,0,3522496771
gym-e3-rv_kage_b.encounter,taunt-instrument,157,Victory,5,0,5,40,6,115,0,60,-1,,0,2,0,3888377472
gym-e3-rv_kage_b.encounter,taunt-instrument,158,Victory,4,0,4,32,3,135,0,50,-1,,0,1,0,1679551450
gym-e3-rv_kage_b.encounter,taunt-instrument,159,Victory,4,0,4,32,3,135,0,50,-1,,0,1,0,1679551450
gym-e3-rv_kage_b.encounter,taunt-instrument,160,Victory,4,0,4,32,9,134,0,75,-1,,0,2,0,1685270147
gym-e3-rv_kage_b.encounter,taunt-instrument,161,Victory,5,0,5,40,4,75,0,80,-1,,0,3,0,2787910793
gym-e3-rv_kage_b.encounter,taunt-instrument,162,Victory,4,0,4,32,4,135,0,50,-1,,0,1,0,730321341
gym-e3-rv_kage_b.encounter,taunt-instrument,163,Victory,4,0,4,32,3,135,0,50,-1,,0,1,0,1679551450
gym-e3-rv_kage_b.encounter,taunt-instrument,164,Victory,4,0,4,32,3,165,0,50,-1,,0,1,0,779154267
gym-e3-rv_kage_b.encounter,taunt-instrument,165,Victory,4,0,4,32,4,135,0,50,-1,,0,1,0,1487164765
gym-e3-rv_kage_b.encounter,taunt-instrument,166,Victory,5,0,5,40,1,95,0,80,-1,,0,3,0,725556901
gym-e3-rv_kage_b.encounter,taunt-instrument,167,Victory,4,0,4,32,1,135,0,50,-1,,0,1,0,1679551450
gym-e3-rv_kage_b.encounter,taunt-instrument,168,Victory,4,0,4,32,4,135,0,50,-1,,0,1,0,1487164765
gym-e3-rv_kage_b.encounter,taunt-instrument,169,Victory,5,0,5,40,4,95,0,60,-1,,0,3,0,1635620205
gym-e3-rv_kage_b.encounter,taunt-instrument,170,Victory,4,0,4,32,4,155,0,25,-1,,0,1,0,3952905870
gym-e3-rv_kage_b.encounter,taunt-instrument,171,Victory,4,0,4,32,3,135,0,50,-1,,0,1,0,1679551450
gym-e3-rv_kage_b.encounter,taunt-instrument,172,Victory,4,0,4,32,1,125,0,75,-1,,0,2,0,4000171499
gym-e3-rv_kage_b.encounter,taunt-instrument,173,Victory,4,0,4,32,3,135,0,50,-1,,0,1,0,1679551450
gym-e3-rv_kage_b.encounter,taunt-instrument,174,Victory,4,0,4,32,4,135,0,50,-1,,0,0,0,730321341
gym-e3-rv_kage_b.encounter,taunt-instrument,175,Victory,5,0,5,40,6,75,0,80,-1,,0,3,0,2730106214
gym-e3-rv_kage_b.encounter,taunt-instrument,176,Victory,4,0,4,32,3,135,0,50,-1,,0,1,0,1679551450
gym-e3-rv_kage_b.encounter,taunt-instrument,177,Victory,4,0,4,32,4,135,0,50,-1,,0,0,0,730321341
gym-e3-rv_kage_b.encounter,taunt-instrument,178,Victory,4,0,4,32,4,135,0,50,-1,,0,1,0,730321341
gym-e3-rv_kage_b.encounter,taunt-instrument,179,Victory,4,0,4,32,3,135,0,50,-1,,0,1,0,1679551450
gym-e3-rv_kage_b.encounter,taunt-instrument,180,Victory,4,0,4,32,3,115,0,50,-1,,0,2,0,920327715
gym-e3-rv_kage_b.encounter,taunt-instrument,181,Victory,4,0,4,32,1,135,0,50,-1,,0,1,0,1679551450
gym-e3-rv_kage_b.encounter,taunt-instrument,182,Victory,4,0,4,32,4,135,0,50,-1,,0,0,0,730321341
gym-e3-rv_kage_b.encounter,taunt-instrument,183,Victory,4,0,4,32,3,135,0,50,-1,,0,1,0,1679551450
gym-e3-rv_kage_b.encounter,taunt-instrument,184,Victory,4,0,4,32,3,135,0,50,-1,,0,1,0,1536207614
gym-e3-rv_kage_b.encounter,taunt-instrument,185,Victory,4,0,4,32,4,135,0,50,-1,,0,0,0,730321341
gym-e3-rv_kage_b.encounter,taunt-instrument,186,Victory,4,0,4,32,3,95,0,75,-1,,0,2,0,3408586971
gym-e3-rv_kage_b.encounter,taunt-instrument,187,Victory,4,0,4,32,3,135,0,50,-1,,0,1,0,1679551450
gym-e3-rv_kage_b.encounter,taunt-instrument,188,Victory,5,0,5,40,3,135,0,60,-1,,0,2,0,3260535877
gym-e3-rv_kage_b.encounter,taunt-instrument,189,Victory,4,0,4,32,4,135,0,50,-1,,0,1,0,1487164765
gym-e3-rv_kage_b.encounter,taunt-instrument,190,Victory,4,0,4,32,3,135,0,50,-1,,0,1,0,1679551450
gym-e3-rv_kage_b.encounter,taunt-instrument,191,Victory,5,0,5,40,3,115,0,60,-1,,0,2,0,2555559894
gym-e3-rv_kage_b.encounter,taunt-instrument,192,Victory,4,0,4,32,3,105,0,75,-1,,0,2,0,1742409109
gym-e3-rv_kage_b.encounter,taunt-instrument,193,Victory,4,0,4,32,3,135,0,50,-1,,0,1,0,1679551450
gym-e3-rv_kage_b.encounter,taunt-instrument,194,Victory,4,0,4,32,3,135,0,75,-1,,0,1,0,2033382253
gym-e3-rv_kage_b.encounter,taunt-instrument,195,Victory,4,0,4,32,3,135,0,50,-1,,0,1,0,1679551450
gym-e3-rv_kage_b.encounter,taunt-instrument,196,Victory,4,0,4,32,1,155,0,25,-1,,0,1,0,1387689840
gym-e3-rv_kage_b.encounter,taunt-instrument,197,Victory,4,0,4,32,4,174,0,50,-1,,0,1,0,2418180610
gym-e3-rv_kage_b.encounter,taunt-instrument,198,Victory,5,0,5,40,6,115,0,60,-1,,0,2,0,4173689378
gym-e3-rv_kage_b.encounter,taunt-instrument,199,Victory,4,0,4,32,10,115,0,50,-1,,0,2,0,3458515780
gym-e3-rv_kage_b.encounter,taunt-instrument,200,Victory,4,0,4,32,3,135,0,50,-1,,0,1,0,1679551450
gym-e3-rv_kage_b.encounter,counter-reserve,1,Victory,5,0,5,40,19,115,0,80,-1,,0,4,0,2933940115
gym-e3-rv_kage_b.encounter,counter-reserve,2,Victory,4,0,4,32,16,115,0,75,-1,,0,3,0,3144665946
gym-e3-rv_kage_b.encounter,counter-reserve,3,Victory,5,0,5,40,17,115,0,60,-1,,0,2,0,1373314118
gym-e3-rv_kage_b.encounter,counter-reserve,4,Defeat,5,0,5,40,28,0,2,160,-1,,0,6,0,2135962158
gym-e3-rv_kage_b.encounter,counter-reserve,5,Victory,5,0,5,40,19,95,0,80,-1,,0,4,0,66266809
gym-e3-rv_kage_b.encounter,counter-reserve,6,Victory,4,0,4,32,10,135,0,50,-1,,0,1,0,3323509696
gym-e3-rv_kage_b.encounter,counter-reserve,7,Victory,5,0,5,40,19,55,0,100,-1,,0,5,0,551273576
gym-e3-rv_kage_b.encounter,counter-reserve,8,Victory,4,0,4,32,16,115,0,75,-1,,0,3,0,3144665946
gym-e3-rv_kage_b.encounter,counter-reserve,9,Victory,7,0,7,56,27,35,0,85,-1,,0,6,0,3593506756
gym-e3-rv_kage_b.encounter,counter-reserve,10,Victory,5,0,5,40,22,74,0,100,-1,,0,5,0,2959396122
gym-e3-rv_kage_b.encounter,counter-reserve,11,Victory,4,0,4,32,16,115,0,75,-1,,0,3,0,3144665946
gym-e3-rv_kage_b.encounter,counter-reserve,12,Victory,4,0,4,32,16,115,0,75,-1,,0,3,0,3144665946
gym-e3-rv_kage_b.encounter,counter-reserve,13,Victory,5,0,5,40,16,95,0,80,-1,,0,4,0,866923017
gym-e3-rv_kage_b.encounter,counter-reserve,14,Victory,5,0,5,40,17,55,0,80,-1,,0,5,0,1988946614
gym-e3-rv_kage_b.encounter,counter-reserve,15,Victory,4,0,4,32,16,115,0,75,-1,,0,3,0,3144665946
gym-e3-rv_kage_b.encounter,counter-reserve,16,Victory,5,0,5,40,19,95,0,100,-1,,0,5,0,81713888
gym-e3-rv_kage_b.encounter,counter-reserve,17,Victory,4,0,4,32,13,135,0,50,-1,,0,3,0,2190185877
gym-e3-rv_kage_b.encounter,counter-reserve,18,Victory,4,0,4,32,16,115,0,75,-1,,0,3,0,2387964524
gym-e3-rv_kage_b.encounter,counter-reserve,19,Victory,4,0,4,32,16,115,0,75,-1,,0,3,0,3144665946
gym-e3-rv_kage_b.encounter,counter-reserve,20,Victory,4,0,4,32,14,115,0,75,-1,,0,3,0,3972688780
gym-e3-rv_kage_b.encounter,counter-reserve,21,Victory,5,0,5,40,21,55,0,100,-1,,0,5,0,485005261
gym-e3-rv_kage_b.encounter,counter-reserve,22,Victory,5,0,5,40,20,75,0,100,-1,,0,5,0,687665519
gym-e3-rv_kage_b.encounter,counter-reserve,23,Victory,4,0,4,32,16,115,0,75,-1,,0,3,0,3144665946
gym-e3-rv_kage_b.encounter,counter-reserve,24,Victory,5,0,5,40,19,75,0,100,-1,,0,5,0,1394755814
gym-e3-rv_kage_b.encounter,counter-reserve,25,Victory,4,0,4,32,16,115,0,75,-1,,0,3,0,3144665946
gym-e3-rv_kage_b.encounter,counter-reserve,26,Victory,4,0,4,32,16,135,0,75,-1,,0,3,0,343438858
gym-e3-rv_kage_b.encounter,counter-reserve,27,Victory,4,0,4,32,16,135,0,75,-1,,0,3,0,1968108968
gym-e3-rv_kage_b.encounter,counter-reserve,28,Victory,7,0,7,56,24,15,0,128,-1,,0,9,0,2893031874
gym-e3-rv_kage_b.encounter,counter-reserve,29,Victory,5,0,5,40,23,95,0,80,-1,,0,4,0,1568912235
gym-e3-rv_kage_b.encounter,counter-reserve,30,Victory,5,0,5,40,12,115,0,60,-1,,0,3,0,2438176840
gym-e3-rv_kage_b.encounter,counter-reserve,31,Victory,4,0,4,32,9,115,0,75,-1,,0,2,0,3326757922
gym-e3-rv_kage_b.encounter,counter-reserve,32,Defeat,6,0,6,48,24,0,1,133,-1,,0,7,0,2467783102
gym-e3-rv_kage_b.encounter,counter-reserve,33,Victory,4,0,4,32,16,135,0,75,-1,,0,3,0,1585122265
gym-e3-rv_kage_b.encounter,counter-reserve,34,Victory,5,0,5,40,17,75,0,100,-1,,0,5,0,2854865493
gym-e3-rv_kage_b.encounter,counter-reserve,35,Victory,4,0,4,32,16,115,0,75,-1,,0,3,0,3144665946
gym-e3-rv_kage_b.encounter,counter-reserve,36,Victory,4,0,4,32,16,115,0,75,-1,,0,3,0,3144665946
gym-e3-rv_kage_b.encounter,counter-reserve,37,Victory,4,0,4,32,16,115,0,75,-1,,0,3,0,3144665946
gym-e3-rv_kage_b.encounter,counter-reserve,38,Victory,5,0,5,40,17,95,0,60,-1,,0,5,0,650215962
gym-e3-rv_kage_b.encounter,counter-reserve,39,Victory,6,0,6,48,22,75,0,83,-1,,0,5,0,956359780
gym-e3-rv_kage_b.encounter,counter-reserve,40,Victory,4,0,4,32,11,135,0,50,-1,,0,3,0,2036302013
gym-e3-rv_kage_b.encounter,counter-reserve,41,Victory,6,0,6,48,20,75,0,83,-1,,0,5,0,546893812
gym-e3-rv_kage_b.encounter,counter-reserve,42,Victory,4,0,4,32,16,115,0,75,-1,,0,3,0,3144665946
gym-e3-rv_kage_b.encounter,counter-reserve,43,Victory,4,0,4,32,10,115,0,50,-1,,0,3,0,3388844200
gym-e3-rv_kage_b.encounter,counter-reserve,44,Defeat,6,0,6,48,22,0,1,100,-1,,0,5,0,787374476
gym-e3-rv_kage_b.encounter,counter-reserve,45,Victory,6,0,6,48,22,15,0,116,-1,,0,7,0,446470022
gym-e3-rv_kage_b.encounter,counter-reserve,46,Victory,5,0,5,40,20,75,0,100,-1,,0,5,0,1731776928
gym-e3-rv_kage_b.encounter,counter-reserve,47,Victory,4,0,4,32,16,115,0,75,-1,,0,3,0,3144665946
gym-e3-rv_kage_b.encounter,counter-reserve,48,Victory,4,0,4,32,16,115,0,75,-1,,0,3,0,3144665946
gym-e3-rv_kage_b.encounter,counter-reserve,49,Victory,5,0,5,40,19,75,0,100,-1,,0,5,0,1394755814
gym-e3-rv_kage_b.encounter,counter-reserve,50,Victory,5,0,5,40,16,115,0,80,-1,,0,4,0,1696440500
gym-e3-rv_kage_b.encounter,counter-reserve,51,Victory,6,0,6,48,23,35,0,116,-1,,0,7,0,3192868444
gym-e3-rv_kage_b.encounter,counter-reserve,52,Victory,4,0,4,32,16,115,0,75,-1,,0,3,0,1843663502
gym-e3-rv_kage_b.encounter,counter-reserve,53,Victory,5,0,5,40,14,95,0,80,-1,,0,4,0,2436498130
gym-e3-rv_kage_b.encounter,counter-reserve,54,Victory,5,0,5,40,16,115,0,80,-1,,0,4,0,2187561178
gym-e3-rv_kage_b.encounter,counter-reserve,55,Victory,4,0,4,32,10,135,0,50,-1,,0,2,0,1943453139
gym-e3-rv_kage_b.encounter,counter-reserve,56,Victory,4,0,4,32,16,115,0,75,-1,,0,3,0,3144665946
gym-e3-rv_kage_b.encounter,counter-reserve,57,Victory,4,0,4,32,16,115,0,75,-1,,0,3,0,3144665946
gym-e3-rv_kage_b.encounter,counter-reserve,58,Victory,4,0,4,32,10,115,0,50,-1,,0,2,0,2271217436
gym-e3-rv_kage_b.encounter,counter-reserve,59,Victory,6,0,6,48,24,15,0,116,-1,,0,7,0,4257357916
gym-e3-rv_kage_b.encounter,counter-reserve,60,Victory,5,0,5,40,23,55,0,100,-1,,0,5,0,247367948
gym-e3-rv_kage_b.encounter,counter-reserve,61,Victory,4,0,4,32,16,135,0,75,-1,,0,3,0,4190899692
gym-e3-rv_kage_b.encounter,counter-reserve,62,Victory,6,0,6,48,16,94,0,83,-1,,0,5,0,1122637897
gym-e3-rv_kage_b.encounter,counter-reserve,63,Victory,5,0,5,40,16,75,0,100,-1,,0,5,0,478853071
gym-e3-rv_kage_b.encounter,counter-reserve,64,Victory,4,0,4,32,16,115,0,75,-1,,0,3,0,3144665946
gym-e3-rv_kage_b.encounter,counter-reserve,65,Victory,5,0,5,40,21,95,0,80,-1,,0,4,0,2719451739
gym-e3-rv_kage_b.encounter,counter-reserve,66,Victory,5,0,5,40,17,95,0,80,-1,,0,4,0,1369922319
gym-e3-rv_kage_b.encounter,counter-reserve,67,Victory,4,0,4,32,16,135,0,75,-1,,0,3,0,1585122265
gym-e3-rv_kage_b.encounter,counter-reserve,68,Victory,5,0,5,40,16,95,0,80,-1,,0,4,0,1701706393
gym-e3-rv_kage_b.encounter,counter-reserve,69,Victory,7,0,7,56,28,15,0,100,-1,,0,7,0,1970077484
gym-e3-rv_kage_b.encounter,counter-reserve,70,Victory,4,0,4,32,16,115,0,75,-1,,0,3,0,3144665946
gym-e3-rv_kage_b.encounter,counter-reserve,71,Victory,5,0,5,40,14,74,0,100,-1,,0,5,0,312103902
gym-e3-rv_kage_b.encounter,counter-reserve,72,Victory,5,0,5,40,11,95,0,80,-1,,0,4,0,1890094133
gym-e3-rv_kage_b.encounter,counter-reserve,73,Victory,4,0,4,32,16,134,0,75,-1,,0,3,0,3306529181
gym-e3-rv_kage_b.encounter,counter-reserve,74,Victory,5,0,5,40,16,95,0,80,-1,,0,4,0,1212903903
gym-e3-rv_kage_b.encounter,counter-reserve,75,Victory,4,0,4,32,16,115,0,75,-1,,0,3,0,3144665946
gym-e3-rv_kage_b.encounter,counter-reserve,76,Victory,6,0,6,48,15,55,0,83,-1,,0,5,0,1843336091
gym-e3-rv_kage_b.encounter,counter-reserve,77,Victory,4,0,4,32,16,115,0,75,-1,,0,3,0,3144665946
gym-e3-rv_kage_b.encounter,counter-reserve,78,Victory,5,0,5,40,16,95,0,80,-1,,0,4,0,3141379389
gym-e3-rv_kage_b.encounter,counter-reserve,79,Defeat,5,0,5,40,26,0,1,140,-1,,0,6,0,1620667342
gym-e3-rv_kage_b.encounter,counter-reserve,80,Victory,5,0,5,40,13,95,0,80,-1,,0,5,0,685315315
gym-e3-rv_kage_b.encounter,counter-reserve,81,Victory,6,0,6,48,17,74,0,100,-1,,0,6,0,376200199
gym-e3-rv_kage_b.encounter,counter-reserve,82,Victory,4,0,4,32,16,115,0,75,-1,,0,3,0,3144665946
gym-e3-rv_kage_b.encounter,counter-reserve,83,Victory,7,0,7,56,25,55,0,85,-1,,0,6,0,3399044437
gym-e3-rv_kage_b.encounter,counter-reserve,84,Victory,4,0,4,32,16,115,0,75,-1,,0,3,0,3144665946
gym-e3-rv_kage_b.encounter,counter-reserve,85,Victory,4,0,4,32,12,115,0,50,-1,,0,2,0,2271217436
gym-e3-rv_kage_b.encounter,counter-reserve,86,Victory,6,0,6,48,20,35,0,133,-1,,0,8,0,2863120268
gym-e3-rv_kage_b.encounter,counter-reserve,87,Victory,5,0,5,40,17,114,0,80,-1,,0,4,0,2395304502
gym-e3-rv_kage_b.encounter,counter-reserve,88,Victory,5,0,5,40,24,35,0,100,-1,,0,5,0,2936169895
gym-e3-rv_kage_b.encounter,counter-reserve,89,Victory,4,0,4,32,14,115,0,75,-1,,0,3,0,2978550780
gym-e3-rv_kage_b.encounter,counter-reserve,90,Victory,4,0,4,32,16,115,0,75,-1,,0,3,0,3144665946
gym-e3-rv_kage_b.encounter,counter-reserve,91,Victory,4,0,4,32,16,134,0,75,-1,,0,3,0,3306529181
gym-e3-rv_kage_b.encounter,counter-reserve,92,Victory,4,0,4,32,16,115,0,75,-1,,0,3,0,3144665946
gym-e3-rv_kage_b.encounter,counter-reserve,93,Victory,5,0,5,40,22,55,0,100,-1,,0,5,0,1446318695
gym-e3-rv_kage_b.encounter,counter-reserve,94,Victory,4,0,4,32,16,115,0,75,-1,,0,3,0,3144665946
gym-e3-rv_kage_b.encounter,counter-reserve,95,Victory,5,0,5,40,16,75,0,80,-1,,0,5,0,2210582457
gym-e3-rv_kage_b.encounter,counter-reserve,96,Victory,4,0,4,32,16,115,0,75,-1,,0,3,0,3144665946
gym-e3-rv_kage_b.encounter,counter-reserve,97,Victory,4,0,4,32,9,115,0,75,-1,,0,2,0,3333664871
gym-e3-rv_kage_b.encounter,counter-reserve,98,Victory,6,0,6,48,29,15,0,100,-1,,0,6,0,1189849924
gym-e3-rv_kage_b.encounter,counter-reserve,99,Victory,4,0,4,32,16,115,0,75,-1,,0,3,0,3144665946
gym-e3-rv_kage_b.encounter,counter-reserve,100,Victory,5,0,5,40,18,75,0,80,-1,,0,4,0,571637721
gym-e3-rv_kage_b.encounter,counter-reserve,101,Victory,4,0,4,32,16,115,0,75,-1,,0,3,0,3144665946
gym-e3-rv_kage_b.encounter,counter-reserve,102,Victory,4,0,4,32,13,135,0,50,-1,,0,3,0,1658780650
gym-e3-rv_kage_b.encounter,counter-reserve,103,Victory,4,0,4,32,16,115,0,75,-1,,0,3,0,3144665946
gym-e3-rv_kage_b.encounter,counter-reserve,104,Victory,4,0,4,32,16,135,0,75,-1,,0,3,0,343438858
gym-e3-rv_kage_b.encounter,counter-reserve,105,Victory,4,0,4,32,16,115,0,75,-1,,0,3,0,3144665946
gym-e3-rv_kage_b.encounter,counter-reserve,106,Victory,5,0,5,40,16,95,0,80,-1,,0,4,0,436630937
gym-e3-rv_kage_b.encounter,counter-reserve,107,Victory,5,0,5,40,17,95,0,80,-1,,0,4,0,2587365053
gym-e3-rv_kage_b.encounter,counter-reserve,108,Victory,4,0,4,32,16,115,0,75,-1,,0,3,0,3144665946
gym-e3-rv_kage_b.encounter,counter-reserve,109,Victory,4,0,4,32,14,115,0,75,-1,,0,3,0,2803866110
gym-e3-rv_kage_b.encounter,counter-reserve,110,Victory,4,0,4,32,16,115,0,75,-1,,0,3,0,3144665946
gym-e3-rv_kage_b.encounter,counter-reserve,111,Victory,6,0,6,48,17,74,0,116,-1,,0,7,0,505457286
gym-e3-rv_kage_b.encounter,counter-reserve,112,Victory,4,0,4,32,16,115,0,75,-1,,0,3,0,3144665946
gym-e3-rv_kage_b.encounter,counter-reserve,113,Defeat,5,0,5,40,27,0,1,140,-1,,0,6,0,2020701973
gym-e3-rv_kage_b.encounter,counter-reserve,114,Victory,4,0,4,32,16,134,0,75,-1,,0,3,0,3306529181
gym-e3-rv_kage_b.encounter,counter-reserve,115,Victory,5,0,5,40,21,95,0,80,-1,,0,4,0,2028741821
gym-e3-rv_kage_b.encounter,counter-reserve,116,Victory,4,0,4,32,16,135,0,75,-1,,0,3,0,2185716777
gym-e3-rv_kage_b.encounter,counter-reserve,117,Victory,4,0,4,32,16,115,0,75,-1,,0,3,0,3144665946
gym-e3-rv_kage_b.encounter,counter-reserve,118,Victory,5,0,5,40,16,95,0,80,-1,,0,4,0,1912566495
gym-e3-rv_kage_b.encounter,counter-reserve,119,Victory,5,0,5,40,15,115,0,60,-1,,0,4,0,3622952325
gym-e3-rv_kage_b.encounter,counter-reserve,120,Victory,4,0,4,32,16,115,0,75,-1,,0,3,0,3144665946
gym-e3-rv_kage_b.encounter,counter-reserve,121,Victory,6,0,6,48,20,35,0,100,-1,,0,6,0,2160073050
gym-e3-rv_kage_b.encounter,counter-reserve,122,Victory,4,0,4,32,16,115,0,75,-1,,0,3,0,3144665946
gym-e3-rv_kage_b.encounter,counter-reserve,123,Victory,4,0,4,32,16,115,0,75,-1,,0,3,0,3144665946
gym-e3-rv_kage_b.encounter,counter-reserve,124,Victory,6,0,6,48,20,15,0,116,-1,,0,7,0,1040503090
gym-e3-rv_kage_b.encounter,counter-reserve,125,Victory,4,0,4,32,15,135,0,50,-1,,0,2,0,3043404998
gym-e3-rv_kage_b.encounter,counter-reserve,126,Victory,4,0,4,32,16,115,0,75,-1,,0,3,0,3144665946
gym-e3-rv_kage_b.encounter,counter-reserve,127,Victory,4,0,4,32,16,135,0,75,-1,,0,3,0,1968108968
gym-e3-rv_kage_b.encounter,counter-reserve,128,Victory,4,0,4,32,16,115,0,75,-1,,0,3,0,3144665946
gym-e3-rv_kage_b.encounter,counter-reserve,129,Victory,4,0,4,32,16,115,0,75,-1,,0,3,0,3144665946
gym-e3-rv_kage_b.encounter,counter-reserve,130,Victory,4,0,4,32,16,115,0,75,-1,,0,3,0,3144665946
gym-e3-rv_kage_b.encounter,counter-reserve,131,Victory,4,0,4,32,8,115,0,75,-1,,0,2,0,3062265098
gym-e3-rv_kage_b.encounter,counter-reserve,132,Victory,4,0,4,32,16,115,0,75,-1,,0,3,0,3144665946
gym-e3-rv_kage_b.encounter,counter-reserve,133,Victory,6,0,6,48,26,75,0,83,-1,,0,5,0,4197917415
gym-e3-rv_kage_b.encounter,counter-reserve,134,Victory,4,0,4,32,12,115,0,50,-1,,0,2,0,125022698
gym-e3-rv_kage_b.encounter,counter-reserve,135,Victory,4,0,4,32,16,115,0,75,-1,,0,3,0,3144665946
gym-e3-rv_kage_b.encounter,counter-reserve,136,Victory,5,0,5,40,22,55,0,100,-1,,0,5,0,4130127957
gym-e3-rv_kage_b.encounter,counter-reserve,137,Victory,6,0,6,48,17,35,0,100,-1,,0,6,0,2064096017
gym-e3-rv_kage_b.encounter,counter-reserve,138,Victory,4,0,4,32,16,115,0,75,-1,,0,3,0,3144665946
gym-e3-rv_kage_b.encounter,counter-reserve,139,Victory,4,0,4,32,16,115,0,75,-1,,0,3,0,3144665946
gym-e3-rv_kage_b.encounter,counter-reserve,140,Victory,4,0,4,32,16,75,0,100,-1,,0,4,0,1166281216
gym-e3-rv_kage_b.encounter,counter-reserve,141,Victory,5,0,5,40,20,95,0,80,-1,,0,4,0,876193081
gym-e3-rv_kage_b.encounter,counter-reserve,142,Victory,6,0,6,48,23,55,0,83,-1,,0,5,0,3580515539
gym-e3-rv_kage_b.encounter,counter-reserve,143,Victory,4,0,4,32,8,155,0,50,-1,,0,3,0,1654261123
gym-e3-rv_kage_b.encounter,counter-reserve,144,Victory,4,0,4,32,16,115,0,75,-1,,0,3,0,3144665946
gym-e3-rv_kage_b.encounter,counter-reserve,145,Victory,4,0,4,32,16,115,0,75,-1,,0,3,0,3144665946
gym-e3-rv_kage_b.encounter,counter-reserve,146,Victory,5,0,5,40,20,95,0,80,-1,,0,4,0,876193081
gym-e3-rv_kage_b.encounter,counter-reserve,147,Victory,4,0,4,32,16,115,0,75,-1,,0,3,0,2387964524
gym-e3-rv_kage_b.encounter,counter-reserve,148,Victory,5,0,5,40,19,75,0,100,-1,,0,5,0,3843867601
gym-e3-rv_kage_b.encounter,counter-reserve,149,Victory,4,0,4,32,7,115,0,75,-1,,0,2,0,3333664871
gym-e3-rv_kage_b.encounter,counter-reserve,150,Victory,4,0,4,32,16,115,0,75,-1,,0,3,0,3144665946
gym-e3-rv_kage_b.encounter,counter-reserve,151,Victory,4,0,4,32,16,115,0,75,-1,,0,3,0,3144665946
gym-e3-rv_kage_b.encounter,counter-reserve,152,Victory,5,0,5,40,17,95,0,80,-1,,0,4,0,3323152201
gym-e3-rv_kage_b.encounter,counter-reserve,153,Victory,4,0,4,32,16,115,0,75,-1,,0,3,0,3144665946
gym-e3-rv_kage_b.encounter,counter-reserve,154,Victory,4,0,4,32,16,115,0,75,-1,,0,3,0,3144665946
gym-e3-rv_kage_b.encounter,counter-reserve,155,Victory,5,0,5,40,19,115,0,80,-1,,0,4,0,2656726749
gym-e3-rv_kage_b.encounter,counter-reserve,156,Victory,5,0,5,40,16,95,0,80,-1,,0,4,0,3476940447
gym-e3-rv_kage_b.encounter,counter-reserve,157,Victory,5,0,5,40,19,95,0,100,-1,,0,5,0,195571286
gym-e3-rv_kage_b.encounter,counter-reserve,158,Victory,4,0,4,32,16,115,0,75,-1,,0,3,0,3144665946
gym-e3-rv_kage_b.encounter,counter-reserve,159,Victory,4,0,4,32,16,115,0,75,-1,,0,3,0,3144665946
gym-e3-rv_kage_b.encounter,counter-reserve,160,Victory,4,0,4,32,11,135,0,50,-1,,0,3,0,601239711
gym-e3-rv_kage_b.encounter,counter-reserve,161,Victory,5,0,5,40,16,55,0,100,-1,,0,5,0,1903622879
gym-e3-rv_kage_b.encounter,counter-reserve,162,Victory,5,0,5,40,17,95,0,80,-1,,0,4,0,1897339183
gym-e3-rv_kage_b.encounter,counter-reserve,163,Victory,4,0,4,32,16,115,0,75,-1,,0,3,0,3144665946
gym-e3-rv_kage_b.encounter,counter-reserve,164,Victory,5,0,5,40,16,114,0,80,-1,,0,4,0,892076759
gym-e3-rv_kage_b.encounter,counter-reserve,165,Victory,4,0,4,32,16,135,0,75,-1,,0,3,0,343438858
gym-e3-rv_kage_b.encounter,counter-reserve,166,Victory,6,0,6,48,16,55,0,83,-1,,0,6,0,2705450245
gym-e3-rv_kage_b.encounter,counter-reserve,167,Victory,4,0,4,32,11,135,0,50,-1,,0,3,0,814157615
gym-e3-rv_kage_b.encounter,counter-reserve,168,Victory,5,0,5,40,16,115,0,80,-1,,0,4,0,1696440500
gym-e3-rv_kage_b.encounter,counter-reserve,169,Victory,4,0,4,32,10,135,0,50,-1,,0,3,0,3830112188
gym-e3-rv_kage_b.encounter,counter-reserve,170,Victory,4,0,4,32,14,115,0,75,-1,,0,3,0,2687886076
gym-e3-rv_kage_b.encounter,counter-reserve,171,Victory,4,0,4,32,16,135,0,75,-1,,0,3,0,200818927
gym-e3-rv_kage_b.encounter,counter-reserve,172,Victory,5,0,5,40,15,95,0,80,-1,,0,5,0,1032289890
gym-e3-rv_kage_b.encounter,counter-reserve,173,Victory,5,0,5,40,23,95,0,80,-1,,0,4,0,3270739067
gym-e3-rv_kage_b.encounter,counter-reserve,174,Victory,4,0,4,32,16,135,0,75,-1,,0,3,0,200818927
gym-e3-rv_kage_b.encounter,counter-reserve,175,Victory,5,0,5,40,23,15,0,120,-1,,0,6,0,3813685268
gym-e3-rv_kage_b.encounter,counter-reserve,176,Victory,4,0,4,32,16,115,0,75,-1,,0,3,0,3144665946
gym-e3-rv_kage_b.encounter,counter-reserve,177,Victory,4,0,4,32,16,135,0,75,-1,,0,3,0,307211354
gym-e3-rv_kage_b.encounter,counter-reserve,178,Victory,4,0,4,32,16,115,0,75,-1,,0,3,0,3144665946
gym-e3-rv_kage_b.encounter,counter-reserve,179,Victory,5,0,5,40,19,95,0,80,-1,,0,4,0,1785392889
gym-e3-rv_kage_b.encounter,counter-reserve,180,Victory,6,0,6,48,15,94,0,66,-1,,0,4,0,204410172
gym-e3-rv_kage_b.encounter,counter-reserve,181,Victory,4,0,4,32,12,115,0,50,-1,,0,3,0,3246796544
gym-e3-rv_kage_b.encounter,counter-reserve,182,Victory,4,0,4,32,16,115,0,75,-1,,0,3,0,181399598
gym-e3-rv_kage_b.encounter,counter-reserve,183,Victory,4,0,4,32,16,115,0,75,-1,,0,3,0,3144665946
gym-e3-rv_kage_b.encounter,counter-reserve,184,Victory,4,0,4,32,16,115,0,75,-1,,0,3,0,3144665946
gym-e3-rv_kage_b.encounter,counter-reserve,185,Victory,4,0,4,32,16,135,0,75,-1,,0,3,0,1968108968
gym-e3-rv_kage_b.encounter,counter-reserve,186,Victory,5,0,5,40,16,95,0,100,-1,,0,5,0,1806363915
gym-e3-rv_kage_b.encounter,counter-reserve,187,Victory,4,0,4,32,16,115,0,75,-1,,0,3,0,3144665946
gym-e3-rv_kage_b.encounter,counter-reserve,188,Victory,4,0,4,32,16,115,0,75,-1,,0,3,0,3144665946
gym-e3-rv_kage_b.encounter,counter-reserve,189,Victory,5,0,5,40,10,95,0,80,-1,,0,3,0,1135830025
gym-e3-rv_kage_b.encounter,counter-reserve,190,Victory,4,0,4,32,16,115,0,75,-1,,0,3,0,3144665946
gym-e3-rv_kage_b.encounter,counter-reserve,191,Victory,6,0,6,48,20,35,0,116,-1,,0,7,0,4182417984
gym-e3-rv_kage_b.encounter,counter-reserve,192,Victory,5,0,5,40,15,55,0,100,-1,,0,5,0,3398975059
gym-e3-rv_kage_b.encounter,counter-reserve,193,Victory,4,0,4,32,16,115,0,75,-1,,0,3,0,3144665946
gym-e3-rv_kage_b.encounter,counter-reserve,194,Victory,5,0,5,40,17,94,0,100,-1,,0,5,0,4267595556
gym-e3-rv_kage_b.encounter,counter-reserve,195,Victory,4,0,4,32,16,134,0,75,-1,,0,3,0,3306529181
gym-e3-rv_kage_b.encounter,counter-reserve,196,Victory,5,0,5,40,11,115,0,60,-1,,0,3,0,2493298168
gym-e3-rv_kage_b.encounter,counter-reserve,197,Victory,6,0,6,48,23,93,0,83,-1,,0,5,0,2301722918
gym-e3-rv_kage_b.encounter,counter-reserve,198,Victory,5,0,5,40,21,75,0,100,-1,,0,5,0,1651930405
gym-e3-rv_kage_b.encounter,counter-reserve,199,Victory,4,0,4,32,15,95,0,100,-1,,0,4,0,2565751703
gym-e3-rv_kage_b.encounter,counter-reserve,200,Victory,4,0,4,32,14,115,0,50,-1,,0,2,0,6218986
gym-e4-protect.encounter,attack-only,1,Defeat,5,0,5,56,3,0,2,214,-1,,1,9,0,1477383455
gym-e4-protect.encounter,attack-only,2,Defeat,6,0,6,64,0,0,1,187,-1,,1,10,0,3479090845
gym-e4-protect.encounter,attack-only,3,Defeat,4,0,4,40,9,0,3,240,-1,,1,7,0,290135549
gym-e4-protect.encounter,attack-only,4,Defeat,4,0,4,48,10,0,3,233,-1,,1,7,0,2550855111
gym-e4-protect.encounter,attack-only,5,Defeat,5,0,5,56,2,0,2,214,-1,,1,10,0,3828403395
gym-e4-protect.encounter,attack-only,6,Defeat,4,0,4,48,5,0,3,216,-1,,1,7,0,3839894741
gym-e4-protect.encounter,attack-only,7,Defeat,4,0,4,48,0,0,3,233,-1,,1,7,0,355917706
gym-e4-protect.encounter,attack-only,8,Defeat,6,0,6,64,0,0,1,162,-1,,1,8,0,1730827052
gym-e4-protect.encounter,attack-only,9,Victory,9,0,9,96,7,45,0,125,-1,,1,11,0,1804530495
gym-e4-protect.encounter,attack-only,10,Defeat,6,0,6,64,9,0,3,225,-1,,1,13,0,2102154588
gym-e4-protect.encounter,attack-only,11,Defeat,6,0,6,64,0,0,1,162,-1,,1,8,0,1916819917
gym-e4-protect.encounter,attack-only,12,Defeat,6,0,6,64,0,0,1,162,-1,,1,8,0,1916819917
gym-e4-protect.encounter,attack-only,13,Defeat,8,0,8,80,0,0,1,150,-1,,1,10,0,2877285179
gym-e4-protect.encounter,attack-only,14,Defeat,4,0,4,48,8,0,3,250,-1,,1,7,0,3929193216
gym-e4-protect.encounter,attack-only,15,Defeat,7,0,7,72,6,0,1,188,-1,,1,13,0,4164861175
gym-e4-protect.encounter,attack-only,16,Defeat,4,0,4,40,1,0,3,260,-1,,1,7,0,3173859125
gym-e4-protect.encounter,attack-only,17,Defeat,5,0,5,48,5,0,2,183,-1,,1,7,1,1621735619
gym-e4-protect.encounter,attack-only,18,Defeat,7,0,7,72,10,0,2,188,-1,,1,12,0,3355879549
gym-e4-protect.encounter,attack-only,19,Defeat,7,0,7,72,3,0,1,188,-1,,1,12,0,1701626817
gym-e4-protect.encounter,attack-only,20,Defeat,5,0,5,48,5,0,3,216,-1,,1,9,0,1560088281
gym-e4-protect.encounter,attack-only,21,Defeat,5,0,5,48,1,0,2,183,-1,,1,7,1,3983616126
gym-e4-protect.encounter,attack-only,22,Defeat,6,0,6,64,9,0,3,250,-1,,1,13,0,4013677032
gym-e4-protect.encounter,attack-only,23,Defeat,6,0,6,64,5,0,1,187,-1,,1,10,0,470949438
gym-e4-protect.encounter,attack-only,24,Defeat,6,0,6,64,0,0,1,162,-1,,1,8,0,1916819917
gym-e4-protect.encounter,attack-only,25,Defeat,5,0,5,56,0,0,2,228,-1,,1,9,0,2294666912
gym-e4-protect.encounter,attack-only,26,Defeat,5,0,5,48,0,0,2,216,-1,,1,10,0,2504558864
gym-e4-protect.encounter,attack-only,27,Defeat,5,0,5,48,3,0,3,216,-1,,1,10,0,1474610169
gym-e4-protect.encounter,attack-only,28,Defeat,4,0,4,48,7,0,2,216,-1,,1,7,0,2335692731
gym-e4-protect.encounter,attack-only,29,Defeat,6,0,6,64,5,0,2,187,-1,,1,12,0,76617114
gym-e4-protect.encounter,attack-only,30,Defeat,5,0,5,48,8,0,3,233,-1,,1,9,0,512554471
gym-e4-protect.encounter,attack-only,31,Defeat,5,0,5,48,7,0,3,200,-1,,1,9,0,4254436818
gym-e4-protect.encounter,attack-only,32,Defeat,6,0,6,64,10,0,3,225,-1,,1,13,0,2051819458
gym-e4-protect.encounter,attack-only,33,Defeat,4,0,4,48,7,0,3,233,-1,,1,7,0,2251486911
gym-e4-protect.encounter,attack-only,34,Defeat,6,0,6,64,0,0,1,162,-1,,1,8,0,1916819917
gym-e4-protect.encounter,attack-only,35,Defeat,5,0,5,56,5,0,2,228,-1,,1,8,0,650924554
gym-e4-protect.encounter,attack-only,36,Defeat,5,0,5,56,0,0,1,185,-1,,1,8,0,2226636534
gym-e4-protect.encounter,attack-only,37,Defeat,7,0,7,72,0,0,1,155,-1,,1,9,0,744042332
gym-e4-protect.encounter,attack-only,38,Defeat,6,0,6,64,5,0,2,187,-1,,1,12,0,2507232057
gym-e4-protect.encounter,attack-only,39,Defeat,5,0,5,48,0,0,2,200,-1,,1,10,0,2243754901
gym-e4-protect.encounter,attack-only,40,Defeat,5,0,5,48,5,0,2,183,-1,,1,7,1,1621735619
gym-e4-protect.encounter,attack-only,41,Defeat,4,0,4,48,7,0,2,250,-1,,1,7,0,3917490827
gym-e4-protect.encounter,attack-only,42,Defeat,6,0,6,64,0,0,1,162,-1,,1,8,0,1916819917
gym-e4-protect.encounter,attack-only,43,Defeat,4,0,4,48,5,0,3,216,-1,,1,7,0,1355346854
gym-e4-protect.encounter,attack-only,44,Defeat,4,0,4,40,5,0,3,260,-1,,1,7,0,345908262
gym-e4-protect.encounter,attack-only,45,Defeat,5,0,5,56,2,0,2,214,-1,,1,10,0,3419973183
gym-e4-protect.encounter,attack-only,46,Defeat,5,0,5,48,5,0,3,216,-1,,1,10,0,1332393553
gym-e4-protect.encounter,attack-only,47,Defeat,6,0,6,64,0,0,1,162,-1,,1,8,0,899124374
gym-e4-protect.encounter,attack-only,48,Defeat,6,0,6,64,0,0,1,162,-1,,1,8,0,451100210
gym-e4-protect.encounter,attack-only,49,Defeat,5,0,5,48,1,0,2,183,-1,,1,7,1,1964344014
gym-e4-protect.encounter,attack-only,50,Defeat,4,0,4,48,0,0,2,216,-1,,1,7,0,1651198961
gym-e4-protect.encounter,attack-only,51,Defeat,4,0,4,48,4,0,3,250,-1,,1,7,0,2405160067
gym-e4-protect.encounter,attack-only,52,Defeat,4,0,4,48,0,0,2,216,-1,,1,7,0,2156190976
gym-e4-protect.encounter,attack-only,53,Defeat,6,0,6,56,16,0,3,228,-1,,1,10,0,2907143376
gym-e4-protect.encounter,attack-only,54,Defeat,6,0,6,64,3,0,1,212,-1,,1,11,0,691498761
gym-e4-protect.encounter,attack-only,55,Defeat,4,0,4,40,13,0,3,240,-1,,1,6,0,3875172825
gym-e4-protect.encounter,attack-only,56,Defeat,6,0,6,64,4,0,1,212,-1,,1,12,0,1198555552
gym-e4-protect.encounter,attack-only,57,Defeat,6,0,6,64,3,0,2,225,-1,,1,13,0,2276030657
gym-e4-protect.encounter,attack-only,58,Defeat,6,0,6,56,4,0,2,214,-1,,1,11,0,3485320260
gym-e4-protect.encounter,attack-only,59,Defeat,5,0,5,48,0,0,2,200,-1,,1,10,0,1195537285
gym-e4-protect.encounter,attack-only,60,Defeat,6,0,6,64,0,0,1,162,-1,,1,8,0,1916819917
gym-e4-protect.encounter,attack-only,61,Defeat,5,0,5,48,0,0,2,200,-1,,1,10,0,2929050728
gym-e4-protect.encounter,attack-only,62,Defeat,5,0,5,56,15,0,2,171,-1,,1,9,0,1126458722
gym-e4-protect.encounter,attack-only,63,Defeat,7,0,7,72,4,0,1,177,-1,,1,11,0,3692661981
gym-e4-protect.encounter,attack-only,64,Defeat,4,0,4,48,0,0,2,216,-1,,1,7,0,2272743724
gym-e4-protect.encounter,attack-only,65,Defeat,4,0,4,48,5,0,3,250,-1,,1,7,0,2847302107
gym-e4-protect.encounter,attack-only,66,Defeat,6,0,6,64,2,0,1,200,-1,,1,11,0,2119364876
gym-e4-protect.encounter,attack-only,67,Defeat,6,0,6,64,5,0,1,175,-1,,1,10,0,3976993811
gym-e4-protect.encounter,attack-only,68,Defeat,5,0,5,48,13,0,3,216,-1,,1,10,0,3491305634
gym-e4-protect.encounter,attack-only,69,Defeat,4,0,4,40,7,0,3,260,-1,,1,7,0,2855767488
gym-e4-protect.encounter,attack-only,70,Defeat,7,0,7,72,4,0,1,177,-1,,1,11,0,2630652317
gym-e4-protect.encounter,attack-only,71,Defeat,5,0,5,56,7,0,2,185,-1,,1,8,0,3272194213
gym-e4-protect.encounter,attack-only,72,Defeat,6,0,6,56,15,0,3,242,-1,,1,13,0,37162080
gym-e4-protect.encounter,attack-only,73,Defeat,5,0,5,56,5,0,2,214,-1,,1,10,0,529103070
gym-e4-protect.encounter,attack-only,74,Defeat,5,0,5,48,3,0,3,233,-1,,1,10,0,719403951
gym-e4-protect.encounter,attack-only,75,Defeat,6,0,6,64,1,0,1,187,-1,,1,10,0,2286640283
gym-e4-protect.encounter,attack-only,76,Defeat,5,0,5,48,0,0,2,200,-1,,1,8,0,1035346560
gym-e4-protect.encounter,attack-only,77,Defeat,7,0,7,72,3,0,1,155,-1,,1,9,0,1027544700
gym-e4-protect.encounter,attack-only,78,Defeat,5,0,5,56,1,0,2,228,-1,,1,8,0,1144979282
gym-e4-protect.encounter,attack-only,79,Defeat,5,0,5,56,5,0,2,228,-1,,1,8,0,3832210154
gym-e4-protect.encounter,attack-only,80,Defeat,5,0,5,56,11,0,3,228,-1,,1,10,0,967515891
gym-e4-protect.encounter,attack-only,81,Defeat,4,0,4,48,0,0,2,233,-1,,1,7,0,3601582192
gym-e4-protect.encounter,attack-only,82,Defeat,6,0,6,64,0,0,1,175,-1,,1,9,0,2075737554
gym-e4-protect.encounter,attack-only,83,Defeat,4,0,4,48,5,0,3,233,-1,,1,7,0,3220898384
gym-e4-protect.encounter,attack-only,84,Defeat,6,0,6,64,0,0,1,200,-1,,1,10,0,2258319239
gym-e4-protect.encounter,attack-only,85,Defeat,5,0,5,48,8,0,3,183,-1,,1,7,1,1785142897
gym-e4-protect.encounter,attack-only,86,Defeat,5,0,5,56,6,0,2,200,-1,,1,8,0,308587931
gym-e4-protect.encounter,attack-only,87,Defeat,4,0,4,48,6,0,2,216,-1,,1,7,0,3491812498
gym-e4-protect.encounter,attack-only,88,Defeat,4,0,4,40,1,0,3,240,-1,,1,6,0,2515937019
gym-e4-protect.encounter,attack-only,89,Defeat,5,0,5,56,6,0,2,228,-1,,1,10,0,4029707895
gym-e4-protect.encounter,attack-only,90,Defeat,6,0,6,64,8,0,1,200,-1,,1,11,0,1401591984
gym-e4-protect.encounter,attack-only,91,Defeat,5,0,5,56,8,0,2,185,-1,,1,8,0,936552406
gym-e4-protect.encounter,attack-only,92,Defeat,6,0,6,64,0,0,1,162,-1,,1,8,0,1916819917
gym-e4-protect.encounter,attack-only,93,Defeat,4,0,4,40,2,0,3,260,-1,,1,7,0,1477540376
gym-e4-protect.encounter,attack-only,94,Defeat,6,0,6,64,1,0,1,187,-1,,1,10,0,2704542014
gym-e4-protect.encounter,attack-only,95,Defeat,4,0,4,48,10,0,3,183,-1,,1,7,0,2092508131
gym-e4-protect.encounter,attack-only,96,Defeat,6,0,6,64,0,0,1,162,-1,,1,8,0,561040778
gym-e4-protect.encounter,attack-only,97,Defeat,4,0,4,40,3,0,3,260,-1,,1,7,0,1618459860
gym-e4-protect.encounter,attack-only,98,Defeat,5,0,5,56,9,0,3,185,-1,,1,10,0,1632530828
gym-e4-protect.encounter,attack-only,99,Defeat,6,0,6,64,0,0,1,175,-1,,1,10,0,436306955
gym-e4-protect.encounter,attack-only,100,Defeat,4,0,4,40,6,0,3,220,-1,,1,6,0,1057604685
gym-e4-protect.encounter,attack-only,101,Defeat,7,0,7,72,0,0,1,155,-1,,1,9,0,1452224857
gym-e4-protect.encounter,attack-only,102,Defeat,4,0,4,48,6,0,2,200,-1,,1,6,0,1855663456
gym-e4-protect.encounter,attack-only,103,Defeat,4,0,4,48,0,0,2,216,-1,,1,7,0,648325282
gym-e4-protect.encounter,attack-only,104,Defeat,6,0,6,64,0,0,1,162,-1,,1,8,0,221035307
gym-e4-protect.encounter,attack-only,105,Defeat,6,0,6,64,3,0,1,162,-1,,1,8,0,2990822898
gym-e4-protect.encounter,attack-only,106,Defeat,6,0,6,64,18,0,3,162,-1,,1,13,0,1216784529
gym-e4-protect.encounter,attack-only,107,Defeat,5,0,5,48,0,0,2,216,-1,,1,10,0,3652789451
gym-e4-protect.encounter,attack-only,108,Defeat,6,0,6,64,3,0,1,187,-1,,1,10,0,2855652438
gym-e4-protect.encounter,attack-only,109,Defeat,5,0,5,56,0,0,1,185,-1,,1,8,0,2950459968
gym-e4-protect.encounter,attack-only,110,Defeat,4,0,4,48,0,0,3,233,-1,,1,7,0,182869393
gym-e4-protect.encounter,attack-only,111,Defeat,7,0,7,80,6,0,1,180,-1,,1,14,0,3274479036
gym-e4-protect.encounter,attack-only,112,Victory,9,0,9,88,3,15,0,145,-1,,1,13,0,3410174299
gym-e4-protect.encounter,attack-only,113,Defeat,7,0,7,72,6,0,2,188,-1,,1,12,0,1355331297
gym-e4-protect.encounter,attack-only,114,Defeat,6,0,6,72,17,0,2,177,-1,,1,11,0,1517322784
gym-e4-protect.encounter,attack-only,115,Defeat,5,0,5,48,5,0,3,233,-1,,1,9,0,2843803707
gym-e4-protect.encounter,attack-only,116,Defeat,6,0,6,64,3,0,3,212,-1,,1,13,0,2902405801
gym-e4-protect.encounter,attack-only,117,Defeat,6,0,6,64,0,0,1,162,-1,,1,8,0,1916819917
gym-e4-protect.encounter,attack-only,118,Defeat,6,0,6,64,5,0,2,187,-1,,1,12,0,4197318985
gym-e4-protect.encounter,attack-only,119,Defeat,6,0,6,64,8,0,1,212,-1,,1,11,0,507711417
gym-e4-protect.encounter,attack-only,120,Defeat,5,0,5,56,0,0,2,214,-1,,1,10,0,1253655768
gym-e4-protect.encounter,attack-only,121,Defeat,4,0,4,40,2,0,3,260,-1,,1,7,0,3723003294
gym-e4-protect.encounter,attack-only,122,Defeat,7,0,7,72,5,0,1,177,-1,,1,13,0,1014905529
gym-e4-protect.encounter,attack-only,123,Defeat,7,0,7,72,0,0,1,155,-1,,1,9,0,3737250619
gym-e4-protect.encounter,attack-only,124,Defeat,8,0,8,80,1,0,1,140,-1,,1,11,0,2583270378
gym-e4-protect.encounter,attack-only,125,Defeat,5,0,5,56,6,0,2,200,-1,,1,8,0,3791041407
gym-e4-protect.encounter,attack-only,126,Defeat,5,0,5,56,3,0,3,228,-1,,1,10,0,2247043630
gym-e4-protect.encounter,attack-only,127,Defeat,6,0,6,64,1,0,1,200,-1,,1,11,0,4100059721
gym-e4-protect.encounter,attack-only,128,Defeat,5,0,5,56,8,0,3,257,-1,,1,10,0,2994933369
gym-e4-protect.encounter,attack-only,129,Defeat,5,0,5,56,3,0,2,214,-1,,1,9,0,760453035
gym-e4-protect.encounter,attack-only,130,Defeat,5,0,5,56,0,0,1,200,-1,,1,9,0,630011252
gym-e4-protect.encounter,attack-only,131,Defeat,5,0,5,56,15,0,3,200,-1,,1,9,0,1302397
gym-e4-protect.encounter,attack-only,132,Defeat,7,0,7,72,5,0,1,177,-1,,1,11,0,2361903201
gym-e4-protect.encounter,attack-only,133,Defeat,6,0,6,64,8,0,2,225,-1,,1,11,0,3684080176
gym-e4-protect.encounter,attack-only,134,Defeat,5,0,5,48,5,0,2,183,-1,,1,7,1,1621735619
gym-e4-protect.encounter,attack-only,135,Defeat,4,0,4,48,0,0,2,216,-1,,1,7,0,1497277588
gym-e4-protect.encounter,attack-only,136,Defeat,4,0,4,48,2,0,3,233,-1,,1,7,0,4665122
gym-e4-protect.encounter,attack-only,137,Defeat,5,0,5,48,8,0,3,216,-1,,1,10,0,3611619455
gym-e4-protect.encounter,attack-only,138,Defeat,6,0,6,64,0,0,1,175,-1,,1,10,0,1911008555
gym-e4-protect.encounter,attack-only,139,Defeat,6,0,6,64,0,0,1,162,-1,,1,8,0,1916819917
gym-e4-protect.encounter,attack-only,140,Defeat,6,0,6,64,0,0,1,175,-1,,1,10,0,1752014572
gym-e4-protect.encounter,attack-only,141,Defeat,5,0,5,56,5,0,2,228,-1,,1,8,0,650924554
gym-e4-protect.encounter,attack-only,142,Defeat,5,0,5,56,8,0,2,228,-1,,1,10,0,131550417
gym-e4-protect.encounter,attack-only,143,Defeat,4,0,4,40,10,0,3,260,-1,,1,7,0,3908803855
gym-e4-protect.encounter,attack-only,144,Defeat,4,0,4,48,0,0,2,216,-1,,1,7,0,2681775197
gym-e4-protect.encounter,attack-only,145,Defeat,4,0,4,48,0,0,2,216,-1,,1,7,0,1274017411
gym-e4-protect.encounter,attack-only,146,Defeat,5,0,5,56,6,0,2,257,-1,,1,10,0,937187448
gym-e4-protect.encounter,attack-only,147,Defeat,6,0,6,56,11,0,3,200,-1,,1,13,0,1167693644
gym-e4-protect.encounter,attack-only,148,Defeat,5,0,5,56,10,0,2,200,-1,,1,10,0,3618846005
gym-e4-protect.encounter,attack-only,149,Defeat,5,0,5,48,5,0,2,183,-1,,1,7,0,3597336310
gym-e4-protect.encounter,attack-only,150,Defeat,6,0,6,64,0,0,1,175,-1,,1,9,0,928312953
gym-e4-protect.encounter,attack-only,151,Defeat,6,0,6,64,0,0,1,175,-1,,1,9,0,3246829921
gym-e4-protect.encounter,attack-only,152,Defeat,6,0,6,64,8,0,1,187,-1,,1,10,0,2210791577
gym-e4-protect.encounter,attack-only,153,Defeat,6,0,6,64,0,0,1,200,-1,,1,10,0,2098683319
gym-e4-protect.encounter,attack-only,154,Defeat,8,0,8,80,0,0,1,170,-1,,1,12,0,1992756570
gym-e4-protect.encounter,attack-only,155,Defeat,5,0,5,56,5,0,2,228,-1,,1,8,0,650924554
gym-e4-protect.encounter,attack-only,156,Defeat,7,0,7,72,6,0,1,166,-1,,1,11,0,364923859
gym-e4-protect.encounter,attack-only,157,Defeat,5,0,5,48,1,0,2,183,-1,,1,7,1,435011132
gym-e4-protect.encounter,attack-only,158,Defeat,5,0,5,56,0,0,1,185,-1,,1,8,0,2959246860
gym-e4-protect.encounter,attack-only,159,Defeat,5,0,5,56,3,0,2,228,-1,,1,10,0,2447325163
gym-e4-protect.encounter,attack-only,160,Defeat,4,0,4,48,0,0,2,216,-1,,1,7,0,1590599580
gym-e4-protect.encounter,attack-only,161,Defeat,5,0,5,56,8,0,2,185,-1,,1,8,0,936552406
gym-e4-protect.encounter,attack-only,162,Defeat,6,0,6,64,1,0,1,212,-1,,1,10,0,2480371529
gym-e4-protect.encounter,attack-only,163,Defeat,6,0,6,64,3,0,1,175,-1,,1,9,0,3423210491
gym-e4-protect.encounter,attack-only,164,Defeat,6,0,6,64,2,0,1,200,-1,,1,10,0,2515142456
gym-e4-protect.encounter,attack-only,165,Defeat,5,0,5,56,8,0,2,185,-1,,1,8,0,936552406
gym-e4-protect.encounter,attack-only,166,Defeat,7,0,7,72,5,0,1,188,-1,,1,14,0,2477480509
gym-e4-protect.encounter,attack-only,167,Defeat,5,0,5,56,17,0,3,185,-1,,1,10,0,1279434506
gym-e4-protect.encounter,attack-only,168,Defeat,4,0,4,48,2,0,2,216,-1,,1,7,0,1849319255
gym-e4-protect.encounter,attack-only,169,Defeat,5,0,5,48,5,0,3,216,-1,,1,9,0,1090784339
gym-e4-protect.encounter,attack-only,170,Defeat,4,0,4,40,8,0,3,200,-1,,1,5,0,1585556439
gym-e4-protect.encounter,attack-only,171,Defeat,5,0,5,56,5,0,2,214,-1,,1,10,0,2952862333
gym-e4-protect.encounter,attack-only,172,Defeat,5,0,5,56,4,0,1,185,-1,,1,8,0,4237322578
gym-e4-protect.encounter,attack-only,173,Defeat,5,0,5,48,0,0,2,200,-1,,1,10,0,2929050728
gym-e4-protect.encounter,attack-only,174,Defeat,5,0,5,56,5,0,2,242,-1,,1,9,0,3262853728
gym-e4-protect.encounter,attack-only,175,Defeat,5,0,5,48,2,0,2,200,-1,,1,8,0,1995556887
gym-e4-protect.encounter,attack-only,176,Defeat,6,0,6,64,0,0,1,187,-1,,1,10,0,2687841763
gym-e4-protect.encounter,attack-only,177,Defeat,7,0,7,72,5,0,1,166,-1,,1,11,0,566216770
gym-e4-protect.encounter,attack-only,178,Defeat,6,0,6,64,0,0,1,187,-1,,1,10,0,4236221535
gym-e4-protect.encounter,attack-only,179,Defeat,5,0,5,48,0,0,2,200,-1,,1,10,0,2929050728
gym-e4-protect.encounter,attack-only,180,Defeat,5,0,5,48,11,0,3,266,-1,,1,10,0,946950564
gym-e4-protect.encounter,attack-only,181,Defeat,5,0,5,56,4,0,1,185,-1,,1,8,0,262047648
gym-e4-protect.encounter,attack-only,182,Defeat,4,0,4,48,6,0,3,200,-1,,1,7,0,4088505151
gym-e4-protect.encounter,attack-only,183,Defeat,6,0,6,64,0,0,1,187,-1,,1,10,0,1825908777
gym-e4-protect.encounter,attack-only,184,Defeat,6,0,6,64,0,0,1,187,-1,,1,10,0,1558732232
gym-e4-protect.encounter,attack-only,185,Defeat,6,0,6,64,5,0,1,225,-1,,1,11,0,2284411589
gym-e4-protect.encounter,attack-only,186,Defeat,7,0,7,72,7,0,1,177,-1,,1,11,0,4114415998
gym-e4-protect.encounter,attack-only,187,Defeat,6,0,6,64,0,0,1,162,-1,,1,8,0,1916819917
gym-e4-protect.encounter,attack-only,188,Defeat,6,0,6,64,0,0,1,162,-1,,1,8,0,1916819917
gym-e4-protect.encounter,attack-only,189,Defeat,5,0,5,56,8,0,2,214,-1,,1,9,0,810554045
gym-e4-protect.encounter,attack-only,190,Defeat,6,0,6,64,0,0,1,187,-1,,1,11,0,3901879080
gym-e4-protect.encounter,attack-only,191,Defeat,5,0,5,56,5,0,3,242,-1,,1,10,0,2484852919
gym-e4-protect.encounter,attack-only,192,Defeat,5,0,5,56,8,0,2,200,-1,,1,9,0,3231011210
gym-e4-protect.encounter,attack-only,193,Defeat,5,0,5,56,0,0,1,185,-1,,1,8,0,721661811
gym-e4-protect.encounter,attack-only,194,Defeat,5,0,5,48,2,0,2,200,-1,,1,10,0,1755175460
gym-e4-protect.encounter,attack-only,195,Defeat,6,0,6,56,3,0,2,200,-1,,1,13,0,3791776648
gym-e4-protect.encounter,attack-only,196,Defeat,5,0,5,56,5,0,2,200,-1,,1,9,0,2832491295
gym-e4-protect.encounter,attack-only,197,Defeat,6,0,6,64,11,0,3,250,-1,,1,13,0,3507201386
gym-e4-protect.encounter,attack-only,198,Defeat,6,0,6,56,6,0,2,185,-1,,1,9,1,2076364195
gym-e4-protect.encounter,attack-only,199,Defeat,4,0,4,40,5,0,3,260,-1,,1,7,0,3540852866
gym-e4-protect.encounter,attack-only,200,Defeat,6,0,6,56,10,0,2,185,-1,,1,9,0,2824091347
gym-e4-protect.encounter,push-instrument,1,Defeat,5,0,5,56,3,0,2,214,-1,,1,9,0,1477383455
gym-e4-protect.encounter,push-instrument,2,Defeat,6,0,6,64,0,0,1,187,-1,,1,10,0,3479090845
gym-e4-protect.encounter,push-instrument,3,Defeat,4,0,4,40,9,0,3,240,-1,,1,7,0,290135549
gym-e4-protect.encounter,push-instrument,4,Defeat,4,0,4,48,10,0,3,233,-1,,1,7,0,2550855111
gym-e4-protect.encounter,push-instrument,5,Defeat,5,0,5,56,2,0,2,214,-1,,1,10,0,3828403395
gym-e4-protect.encounter,push-instrument,6,Defeat,4,0,4,48,5,0,3,216,-1,,1,7,0,3839894741
gym-e4-protect.encounter,push-instrument,7,Defeat,4,0,4,48,0,0,3,233,-1,,1,7,0,355917706
gym-e4-protect.encounter,push-instrument,8,Defeat,6,0,6,64,0,0,1,162,-1,,1,8,0,1730827052
gym-e4-protect.encounter,push-instrument,9,Victory,9,0,9,96,7,45,0,125,-1,,1,11,0,1804530495
gym-e4-protect.encounter,push-instrument,10,Defeat,6,0,6,64,9,0,3,225,-1,,1,13,0,2102154588
gym-e4-protect.encounter,push-instrument,11,Defeat,6,0,6,64,0,0,1,162,-1,,1,8,0,1916819917
gym-e4-protect.encounter,push-instrument,12,Defeat,6,0,6,64,0,0,1,162,-1,,1,8,0,1916819917
gym-e4-protect.encounter,push-instrument,13,Defeat,8,0,8,80,0,0,1,150,-1,,1,10,0,2877285179
gym-e4-protect.encounter,push-instrument,14,Defeat,4,0,4,48,8,0,3,250,-1,,1,7,0,3929193216
gym-e4-protect.encounter,push-instrument,15,Defeat,7,0,7,72,6,0,1,188,-1,,1,13,0,4164861175
gym-e4-protect.encounter,push-instrument,16,Defeat,4,0,4,40,1,0,3,260,-1,,1,7,0,3173859125
gym-e4-protect.encounter,push-instrument,17,Defeat,5,0,5,48,5,0,2,183,-1,,1,7,1,1621735619
gym-e4-protect.encounter,push-instrument,18,Defeat,7,0,7,72,10,0,2,188,-1,,1,12,0,3355879549
gym-e4-protect.encounter,push-instrument,19,Defeat,7,0,7,72,3,0,1,188,-1,,1,12,0,1701626817
gym-e4-protect.encounter,push-instrument,20,Defeat,5,0,5,48,5,0,3,216,-1,,1,9,0,1560088281
gym-e4-protect.encounter,push-instrument,21,Defeat,5,0,5,48,1,0,2,183,-1,,1,7,1,3983616126
gym-e4-protect.encounter,push-instrument,22,Defeat,6,0,6,64,9,0,3,250,-1,,1,13,0,4013677032
gym-e4-protect.encounter,push-instrument,23,Defeat,6,0,6,64,5,0,1,187,-1,,1,10,0,470949438
gym-e4-protect.encounter,push-instrument,24,Defeat,6,0,6,64,0,0,1,162,-1,,1,8,0,1916819917
gym-e4-protect.encounter,push-instrument,25,Defeat,5,0,5,56,0,0,2,228,-1,,1,9,0,2294666912
gym-e4-protect.encounter,push-instrument,26,Defeat,5,0,5,48,0,0,2,216,-1,,1,10,0,2504558864
gym-e4-protect.encounter,push-instrument,27,Defeat,5,0,5,48,3,0,3,216,-1,,1,10,0,1474610169
gym-e4-protect.encounter,push-instrument,28,Defeat,4,0,4,48,7,0,2,216,-1,,1,7,0,2335692731
gym-e4-protect.encounter,push-instrument,29,Defeat,6,0,6,64,5,0,2,187,-1,,1,12,0,76617114
gym-e4-protect.encounter,push-instrument,30,Defeat,5,0,5,48,8,0,3,233,-1,,1,9,0,512554471
gym-e4-protect.encounter,push-instrument,31,Defeat,5,0,5,48,7,0,3,200,-1,,1,9,0,4254436818
gym-e4-protect.encounter,push-instrument,32,Defeat,6,0,6,64,10,0,3,225,-1,,1,13,0,2051819458
gym-e4-protect.encounter,push-instrument,33,Defeat,4,0,4,48,7,0,3,233,-1,,1,7,0,2251486911
gym-e4-protect.encounter,push-instrument,34,Defeat,6,0,6,64,0,0,1,162,-1,,1,8,0,1916819917
gym-e4-protect.encounter,push-instrument,35,Defeat,5,0,5,56,5,0,2,228,-1,,1,8,0,650924554
gym-e4-protect.encounter,push-instrument,36,Defeat,5,0,5,56,0,0,1,185,-1,,1,8,0,2226636534
gym-e4-protect.encounter,push-instrument,37,Defeat,7,0,7,72,0,0,1,155,-1,,1,9,0,744042332
gym-e4-protect.encounter,push-instrument,38,Defeat,6,0,6,64,5,0,2,187,-1,,1,12,0,2507232057
gym-e4-protect.encounter,push-instrument,39,Defeat,5,0,5,48,0,0,2,200,-1,,1,10,0,2243754901
gym-e4-protect.encounter,push-instrument,40,Defeat,5,0,5,48,5,0,2,183,-1,,1,7,1,1621735619
gym-e4-protect.encounter,push-instrument,41,Defeat,4,0,4,48,7,0,2,250,-1,,1,7,0,3917490827
gym-e4-protect.encounter,push-instrument,42,Defeat,6,0,6,64,0,0,1,162,-1,,1,8,0,1916819917
gym-e4-protect.encounter,push-instrument,43,Defeat,4,0,4,48,5,0,3,216,-1,,1,7,0,1355346854
gym-e4-protect.encounter,push-instrument,44,Defeat,4,0,4,40,5,0,3,260,-1,,1,7,0,345908262
gym-e4-protect.encounter,push-instrument,45,Defeat,5,0,5,56,2,0,2,214,-1,,1,10,0,3419973183
gym-e4-protect.encounter,push-instrument,46,Defeat,5,0,5,48,5,0,3,216,-1,,1,10,0,1332393553
gym-e4-protect.encounter,push-instrument,47,Defeat,6,0,6,64,0,0,1,162,-1,,1,8,0,899124374
gym-e4-protect.encounter,push-instrument,48,Defeat,6,0,6,64,0,0,1,162,-1,,1,8,0,451100210
gym-e4-protect.encounter,push-instrument,49,Defeat,5,0,5,48,1,0,2,183,-1,,1,7,1,1964344014
gym-e4-protect.encounter,push-instrument,50,Defeat,4,0,4,48,0,0,2,216,-1,,1,7,0,1651198961
gym-e4-protect.encounter,push-instrument,51,Defeat,4,0,4,48,4,0,3,250,-1,,1,7,0,2405160067
gym-e4-protect.encounter,push-instrument,52,Defeat,4,0,4,48,0,0,2,216,-1,,1,7,0,2156190976
gym-e4-protect.encounter,push-instrument,53,Defeat,6,0,6,56,16,0,3,228,-1,,1,10,0,2907143376
gym-e4-protect.encounter,push-instrument,54,Defeat,6,0,6,64,3,0,1,212,-1,,1,11,0,691498761
gym-e4-protect.encounter,push-instrument,55,Defeat,4,0,4,40,13,0,3,240,-1,,1,6,0,3875172825
gym-e4-protect.encounter,push-instrument,56,Defeat,6,0,6,64,4,0,1,212,-1,,1,12,0,1198555552
gym-e4-protect.encounter,push-instrument,57,Defeat,6,0,6,64,3,0,2,225,-1,,1,13,0,2276030657
gym-e4-protect.encounter,push-instrument,58,Defeat,6,0,6,56,4,0,2,214,-1,,1,11,0,3485320260
gym-e4-protect.encounter,push-instrument,59,Defeat,5,0,5,48,0,0,2,200,-1,,1,10,0,1195537285
gym-e4-protect.encounter,push-instrument,60,Defeat,6,0,6,64,0,0,1,162,-1,,1,8,0,1916819917
gym-e4-protect.encounter,push-instrument,61,Defeat,5,0,5,48,0,0,2,200,-1,,1,10,0,2929050728
gym-e4-protect.encounter,push-instrument,62,Defeat,5,0,5,56,15,0,2,171,-1,,1,9,0,1126458722
gym-e4-protect.encounter,push-instrument,63,Defeat,7,0,7,72,4,0,1,177,-1,,1,11,0,3692661981
gym-e4-protect.encounter,push-instrument,64,Defeat,4,0,4,48,0,0,2,216,-1,,1,7,0,2272743724
gym-e4-protect.encounter,push-instrument,65,Defeat,4,0,4,48,5,0,3,250,-1,,1,7,0,2847302107
gym-e4-protect.encounter,push-instrument,66,Defeat,6,0,6,64,2,0,1,200,-1,,1,11,0,2119364876
gym-e4-protect.encounter,push-instrument,67,Defeat,6,0,6,64,5,0,1,175,-1,,1,10,0,3976993811
gym-e4-protect.encounter,push-instrument,68,Defeat,5,0,5,48,13,0,3,216,-1,,1,10,0,3491305634
gym-e4-protect.encounter,push-instrument,69,Defeat,4,0,4,40,7,0,3,260,-1,,1,7,0,2855767488
gym-e4-protect.encounter,push-instrument,70,Defeat,7,0,7,72,4,0,1,177,-1,,1,11,0,2630652317
gym-e4-protect.encounter,push-instrument,71,Defeat,5,0,5,56,7,0,2,185,-1,,1,8,0,3272194213
gym-e4-protect.encounter,push-instrument,72,Defeat,6,0,6,56,15,0,3,242,-1,,1,13,0,37162080
gym-e4-protect.encounter,push-instrument,73,Defeat,5,0,5,56,5,0,2,214,-1,,1,10,0,529103070
gym-e4-protect.encounter,push-instrument,74,Defeat,5,0,5,48,3,0,3,233,-1,,1,10,0,719403951
gym-e4-protect.encounter,push-instrument,75,Defeat,6,0,6,64,1,0,1,187,-1,,1,10,0,2286640283
gym-e4-protect.encounter,push-instrument,76,Defeat,5,0,5,48,0,0,2,200,-1,,1,8,0,1035346560
gym-e4-protect.encounter,push-instrument,77,Defeat,7,0,7,72,3,0,1,155,-1,,1,9,0,1027544700
gym-e4-protect.encounter,push-instrument,78,Defeat,5,0,5,56,1,0,2,228,-1,,1,8,0,1144979282
gym-e4-protect.encounter,push-instrument,79,Defeat,5,0,5,56,5,0,2,228,-1,,1,8,0,3832210154
gym-e4-protect.encounter,push-instrument,80,Defeat,5,0,5,56,11,0,3,228,-1,,1,10,0,967515891
gym-e4-protect.encounter,push-instrument,81,Defeat,4,0,4,48,0,0,2,233,-1,,1,7,0,3601582192
gym-e4-protect.encounter,push-instrument,82,Defeat,6,0,6,64,0,0,1,175,-1,,1,9,0,2075737554
gym-e4-protect.encounter,push-instrument,83,Defeat,4,0,4,48,5,0,3,233,-1,,1,7,0,3220898384
gym-e4-protect.encounter,push-instrument,84,Defeat,6,0,6,64,0,0,1,200,-1,,1,10,0,2258319239
gym-e4-protect.encounter,push-instrument,85,Defeat,5,0,5,48,8,0,3,183,-1,,1,7,1,1785142897
gym-e4-protect.encounter,push-instrument,86,Defeat,5,0,5,56,6,0,2,200,-1,,1,8,0,308587931
gym-e4-protect.encounter,push-instrument,87,Defeat,4,0,4,48,6,0,2,216,-1,,1,7,0,3491812498
gym-e4-protect.encounter,push-instrument,88,Defeat,4,0,4,40,1,0,3,240,-1,,1,6,0,2515937019
gym-e4-protect.encounter,push-instrument,89,Defeat,5,0,5,56,6,0,2,228,-1,,1,10,0,4029707895
gym-e4-protect.encounter,push-instrument,90,Defeat,6,0,6,64,8,0,1,200,-1,,1,11,0,1401591984
gym-e4-protect.encounter,push-instrument,91,Defeat,5,0,5,56,8,0,2,185,-1,,1,8,0,936552406
gym-e4-protect.encounter,push-instrument,92,Defeat,6,0,6,64,0,0,1,162,-1,,1,8,0,1916819917
gym-e4-protect.encounter,push-instrument,93,Defeat,4,0,4,40,2,0,3,260,-1,,1,7,0,1477540376
gym-e4-protect.encounter,push-instrument,94,Defeat,6,0,6,64,1,0,1,187,-1,,1,10,0,2704542014
gym-e4-protect.encounter,push-instrument,95,Defeat,4,0,4,48,10,0,3,183,-1,,1,7,0,2092508131
gym-e4-protect.encounter,push-instrument,96,Defeat,6,0,6,64,0,0,1,162,-1,,1,8,0,561040778
gym-e4-protect.encounter,push-instrument,97,Defeat,4,0,4,40,3,0,3,260,-1,,1,7,0,1618459860
gym-e4-protect.encounter,push-instrument,98,Defeat,5,0,5,56,9,0,3,185,-1,,1,10,0,1632530828
gym-e4-protect.encounter,push-instrument,99,Defeat,6,0,6,64,0,0,1,175,-1,,1,10,0,436306955
gym-e4-protect.encounter,push-instrument,100,Defeat,4,0,4,40,6,0,3,220,-1,,1,6,0,1057604685
gym-e4-protect.encounter,push-instrument,101,Defeat,7,0,7,72,0,0,1,155,-1,,1,9,0,1452224857
gym-e4-protect.encounter,push-instrument,102,Defeat,4,0,4,48,6,0,2,200,-1,,1,6,0,1855663456
gym-e4-protect.encounter,push-instrument,103,Defeat,4,0,4,48,0,0,2,216,-1,,1,7,0,648325282
gym-e4-protect.encounter,push-instrument,104,Defeat,6,0,6,64,0,0,1,162,-1,,1,8,0,221035307
gym-e4-protect.encounter,push-instrument,105,Defeat,6,0,6,64,3,0,1,162,-1,,1,8,0,2990822898
gym-e4-protect.encounter,push-instrument,106,Defeat,6,0,6,64,18,0,3,162,-1,,1,13,0,1216784529
gym-e4-protect.encounter,push-instrument,107,Defeat,5,0,5,48,0,0,2,216,-1,,1,10,0,3652789451
gym-e4-protect.encounter,push-instrument,108,Defeat,6,0,6,64,3,0,1,187,-1,,1,10,0,2855652438
gym-e4-protect.encounter,push-instrument,109,Defeat,5,0,5,56,0,0,1,185,-1,,1,8,0,2950459968
gym-e4-protect.encounter,push-instrument,110,Defeat,4,0,4,48,0,0,3,233,-1,,1,7,0,182869393
gym-e4-protect.encounter,push-instrument,111,Defeat,7,0,7,80,6,0,1,180,-1,,1,14,0,3274479036
gym-e4-protect.encounter,push-instrument,112,Victory,9,0,9,88,3,15,0,145,-1,,1,13,0,3410174299
gym-e4-protect.encounter,push-instrument,113,Defeat,7,0,7,72,6,0,2,188,-1,,1,12,0,1355331297
gym-e4-protect.encounter,push-instrument,114,Defeat,6,0,6,72,17,0,2,177,-1,,1,11,0,1517322784
gym-e4-protect.encounter,push-instrument,115,Defeat,5,0,5,48,5,0,3,233,-1,,1,9,0,2843803707
gym-e4-protect.encounter,push-instrument,116,Defeat,6,0,6,64,3,0,3,212,-1,,1,13,0,2902405801
gym-e4-protect.encounter,push-instrument,117,Defeat,6,0,6,64,0,0,1,162,-1,,1,8,0,1916819917
gym-e4-protect.encounter,push-instrument,118,Defeat,6,0,6,64,5,0,2,187,-1,,1,12,0,4197318985
gym-e4-protect.encounter,push-instrument,119,Defeat,6,0,6,64,8,0,1,212,-1,,1,11,0,507711417
gym-e4-protect.encounter,push-instrument,120,Defeat,5,0,5,56,0,0,2,214,-1,,1,10,0,1253655768
gym-e4-protect.encounter,push-instrument,121,Defeat,4,0,4,40,2,0,3,260,-1,,1,7,0,3723003294
gym-e4-protect.encounter,push-instrument,122,Defeat,7,0,7,72,5,0,1,177,-1,,1,13,0,1014905529
gym-e4-protect.encounter,push-instrument,123,Defeat,7,0,7,72,0,0,1,155,-1,,1,9,0,3737250619
gym-e4-protect.encounter,push-instrument,124,Defeat,8,0,8,80,1,0,1,140,-1,,1,11,0,2583270378
gym-e4-protect.encounter,push-instrument,125,Defeat,5,0,5,56,6,0,2,200,-1,,1,8,0,3791041407
gym-e4-protect.encounter,push-instrument,126,Defeat,5,0,5,56,3,0,3,228,-1,,1,10,0,2247043630
gym-e4-protect.encounter,push-instrument,127,Defeat,6,0,6,64,1,0,1,200,-1,,1,11,0,4100059721
gym-e4-protect.encounter,push-instrument,128,Defeat,5,0,5,56,8,0,3,257,-1,,1,10,0,2994933369
gym-e4-protect.encounter,push-instrument,129,Defeat,5,0,5,56,3,0,2,214,-1,,1,9,0,760453035
gym-e4-protect.encounter,push-instrument,130,Defeat,5,0,5,56,0,0,1,200,-1,,1,9,0,630011252
gym-e4-protect.encounter,push-instrument,131,Defeat,5,0,5,56,15,0,3,200,-1,,1,9,0,1302397
gym-e4-protect.encounter,push-instrument,132,Defeat,7,0,7,72,5,0,1,177,-1,,1,11,0,2361903201
gym-e4-protect.encounter,push-instrument,133,Defeat,6,0,6,64,8,0,2,225,-1,,1,11,0,3684080176
gym-e4-protect.encounter,push-instrument,134,Defeat,5,0,5,48,5,0,2,183,-1,,1,7,1,1621735619
gym-e4-protect.encounter,push-instrument,135,Defeat,4,0,4,48,0,0,2,216,-1,,1,7,0,1497277588
gym-e4-protect.encounter,push-instrument,136,Defeat,4,0,4,48,2,0,3,233,-1,,1,7,0,4665122
gym-e4-protect.encounter,push-instrument,137,Defeat,5,0,5,48,8,0,3,216,-1,,1,10,0,3611619455
gym-e4-protect.encounter,push-instrument,138,Defeat,6,0,6,64,0,0,1,175,-1,,1,10,0,1911008555
gym-e4-protect.encounter,push-instrument,139,Defeat,6,0,6,64,0,0,1,162,-1,,1,8,0,1916819917
gym-e4-protect.encounter,push-instrument,140,Defeat,6,0,6,64,0,0,1,175,-1,,1,10,0,1752014572
gym-e4-protect.encounter,push-instrument,141,Defeat,5,0,5,56,5,0,2,228,-1,,1,8,0,650924554
gym-e4-protect.encounter,push-instrument,142,Defeat,5,0,5,56,8,0,2,228,-1,,1,10,0,131550417
gym-e4-protect.encounter,push-instrument,143,Defeat,4,0,4,40,10,0,3,260,-1,,1,7,0,3908803855
gym-e4-protect.encounter,push-instrument,144,Defeat,4,0,4,48,0,0,2,216,-1,,1,7,0,2681775197
gym-e4-protect.encounter,push-instrument,145,Defeat,4,0,4,48,0,0,2,216,-1,,1,7,0,1274017411
gym-e4-protect.encounter,push-instrument,146,Defeat,5,0,5,56,6,0,2,257,-1,,1,10,0,937187448
gym-e4-protect.encounter,push-instrument,147,Defeat,6,0,6,56,11,0,3,200,-1,,1,13,0,1167693644
gym-e4-protect.encounter,push-instrument,148,Defeat,5,0,5,56,10,0,2,200,-1,,1,10,0,3618846005
gym-e4-protect.encounter,push-instrument,149,Defeat,5,0,5,48,5,0,2,183,-1,,1,7,0,3597336310
gym-e4-protect.encounter,push-instrument,150,Defeat,6,0,6,64,0,0,1,175,-1,,1,9,0,928312953
gym-e4-protect.encounter,push-instrument,151,Defeat,6,0,6,64,0,0,1,175,-1,,1,9,0,3246829921
gym-e4-protect.encounter,push-instrument,152,Defeat,6,0,6,64,8,0,1,187,-1,,1,10,0,2210791577
gym-e4-protect.encounter,push-instrument,153,Defeat,6,0,6,64,0,0,1,200,-1,,1,10,0,2098683319
gym-e4-protect.encounter,push-instrument,154,Defeat,8,0,8,80,0,0,1,170,-1,,1,12,0,1992756570
gym-e4-protect.encounter,push-instrument,155,Defeat,5,0,5,56,5,0,2,228,-1,,1,8,0,650924554
gym-e4-protect.encounter,push-instrument,156,Defeat,7,0,7,72,6,0,1,166,-1,,1,11,0,364923859
gym-e4-protect.encounter,push-instrument,157,Defeat,5,0,5,48,1,0,2,183,-1,,1,7,1,435011132
gym-e4-protect.encounter,push-instrument,158,Defeat,5,0,5,56,0,0,1,185,-1,,1,8,0,2959246860
gym-e4-protect.encounter,push-instrument,159,Defeat,5,0,5,56,3,0,2,228,-1,,1,10,0,2447325163
gym-e4-protect.encounter,push-instrument,160,Defeat,4,0,4,48,0,0,2,216,-1,,1,7,0,1590599580
gym-e4-protect.encounter,push-instrument,161,Defeat,5,0,5,56,8,0,2,185,-1,,1,8,0,936552406
gym-e4-protect.encounter,push-instrument,162,Defeat,6,0,6,64,1,0,1,212,-1,,1,10,0,2480371529
gym-e4-protect.encounter,push-instrument,163,Defeat,6,0,6,64,3,0,1,175,-1,,1,9,0,3423210491
gym-e4-protect.encounter,push-instrument,164,Defeat,6,0,6,64,2,0,1,200,-1,,1,10,0,2515142456
gym-e4-protect.encounter,push-instrument,165,Defeat,5,0,5,56,8,0,2,185,-1,,1,8,0,936552406
gym-e4-protect.encounter,push-instrument,166,Defeat,7,0,7,72,5,0,1,188,-1,,1,14,0,2477480509
gym-e4-protect.encounter,push-instrument,167,Defeat,5,0,5,56,17,0,3,185,-1,,1,10,0,1279434506
gym-e4-protect.encounter,push-instrument,168,Defeat,4,0,4,48,2,0,2,216,-1,,1,7,0,1849319255
gym-e4-protect.encounter,push-instrument,169,Defeat,5,0,5,48,5,0,3,216,-1,,1,9,0,1090784339
gym-e4-protect.encounter,push-instrument,170,Defeat,4,0,4,40,8,0,3,200,-1,,1,5,0,1585556439
gym-e4-protect.encounter,push-instrument,171,Defeat,5,0,5,56,5,0,2,214,-1,,1,10,0,2952862333
gym-e4-protect.encounter,push-instrument,172,Defeat,5,0,5,56,4,0,1,185,-1,,1,8,0,4237322578
gym-e4-protect.encounter,push-instrument,173,Defeat,5,0,5,48,0,0,2,200,-1,,1,10,0,2929050728
gym-e4-protect.encounter,push-instrument,174,Defeat,5,0,5,56,5,0,2,242,-1,,1,9,0,3262853728
gym-e4-protect.encounter,push-instrument,175,Defeat,5,0,5,48,2,0,2,200,-1,,1,8,0,1995556887
gym-e4-protect.encounter,push-instrument,176,Defeat,6,0,6,64,0,0,1,187,-1,,1,10,0,2687841763
gym-e4-protect.encounter,push-instrument,177,Defeat,7,0,7,72,5,0,1,166,-1,,1,11,0,566216770
gym-e4-protect.encounter,push-instrument,178,Defeat,6,0,6,64,0,0,1,187,-1,,1,10,0,4236221535
gym-e4-protect.encounter,push-instrument,179,Defeat,5,0,5,48,0,0,2,200,-1,,1,10,0,2929050728
gym-e4-protect.encounter,push-instrument,180,Defeat,5,0,5,48,11,0,3,266,-1,,1,10,0,946950564
gym-e4-protect.encounter,push-instrument,181,Defeat,5,0,5,56,4,0,1,185,-1,,1,8,0,262047648
gym-e4-protect.encounter,push-instrument,182,Defeat,4,0,4,48,6,0,3,200,-1,,1,7,0,4088505151
gym-e4-protect.encounter,push-instrument,183,Defeat,6,0,6,64,0,0,1,187,-1,,1,10,0,1825908777
gym-e4-protect.encounter,push-instrument,184,Defeat,6,0,6,64,0,0,1,187,-1,,1,10,0,1558732232
gym-e4-protect.encounter,push-instrument,185,Defeat,6,0,6,64,5,0,1,225,-1,,1,11,0,2284411589
gym-e4-protect.encounter,push-instrument,186,Defeat,7,0,7,72,7,0,1,177,-1,,1,11,0,4114415998
gym-e4-protect.encounter,push-instrument,187,Defeat,6,0,6,64,0,0,1,162,-1,,1,8,0,1916819917
gym-e4-protect.encounter,push-instrument,188,Defeat,6,0,6,64,0,0,1,162,-1,,1,8,0,1916819917
gym-e4-protect.encounter,push-instrument,189,Defeat,5,0,5,56,8,0,2,214,-1,,1,9,0,810554045
gym-e4-protect.encounter,push-instrument,190,Defeat,6,0,6,64,0,0,1,187,-1,,1,11,0,3901879080
gym-e4-protect.encounter,push-instrument,191,Defeat,5,0,5,56,5,0,3,242,-1,,1,10,0,2484852919
gym-e4-protect.encounter,push-instrument,192,Defeat,5,0,5,56,8,0,2,200,-1,,1,9,0,3231011210
gym-e4-protect.encounter,push-instrument,193,Defeat,5,0,5,56,0,0,1,185,-1,,1,8,0,721661811
gym-e4-protect.encounter,push-instrument,194,Defeat,5,0,5,48,2,0,2,200,-1,,1,10,0,1755175460
gym-e4-protect.encounter,push-instrument,195,Defeat,6,0,6,56,3,0,2,200,-1,,1,13,0,3791776648
gym-e4-protect.encounter,push-instrument,196,Defeat,5,0,5,56,5,0,2,200,-1,,1,9,0,2832491295
gym-e4-protect.encounter,push-instrument,197,Defeat,6,0,6,64,11,0,3,250,-1,,1,13,0,3507201386
gym-e4-protect.encounter,push-instrument,198,Defeat,6,0,6,56,6,0,2,185,-1,,1,9,1,2076364195
gym-e4-protect.encounter,push-instrument,199,Defeat,4,0,4,40,5,0,3,260,-1,,1,7,0,3540852866
gym-e4-protect.encounter,push-instrument,200,Defeat,6,0,6,56,10,0,2,185,-1,,1,9,0,2824091347
gym-e4-protect.encounter,slow-instrument,1,Defeat,5,0,5,56,3,0,2,214,-1,,1,9,0,1477383455
gym-e4-protect.encounter,slow-instrument,2,Defeat,6,0,6,64,0,0,1,187,-1,,1,10,0,3479090845
gym-e4-protect.encounter,slow-instrument,3,Defeat,4,0,4,40,9,0,3,240,-1,,1,7,0,290135549
gym-e4-protect.encounter,slow-instrument,4,Defeat,4,0,4,48,10,0,3,233,-1,,1,7,0,2550855111
gym-e4-protect.encounter,slow-instrument,5,Defeat,5,0,5,56,2,0,2,214,-1,,1,10,0,3828403395
gym-e4-protect.encounter,slow-instrument,6,Defeat,4,0,4,48,5,0,3,216,-1,,1,7,0,3839894741
gym-e4-protect.encounter,slow-instrument,7,Defeat,4,0,4,48,0,0,3,233,-1,,1,7,0,355917706
gym-e4-protect.encounter,slow-instrument,8,Defeat,6,0,6,64,0,0,1,162,-1,,1,8,0,1730827052
gym-e4-protect.encounter,slow-instrument,9,Victory,9,0,9,96,7,45,0,125,-1,,1,11,0,1804530495
gym-e4-protect.encounter,slow-instrument,10,Defeat,6,0,6,64,9,0,3,225,-1,,1,13,0,2102154588
gym-e4-protect.encounter,slow-instrument,11,Defeat,6,0,6,64,0,0,1,162,-1,,1,8,0,1916819917
gym-e4-protect.encounter,slow-instrument,12,Defeat,6,0,6,64,0,0,1,162,-1,,1,8,0,1916819917
gym-e4-protect.encounter,slow-instrument,13,Defeat,8,0,8,80,0,0,1,150,-1,,1,10,0,2877285179
gym-e4-protect.encounter,slow-instrument,14,Defeat,4,0,4,48,8,0,3,250,-1,,1,7,0,3929193216
gym-e4-protect.encounter,slow-instrument,15,Defeat,7,0,7,72,6,0,1,188,-1,,1,13,0,4164861175
gym-e4-protect.encounter,slow-instrument,16,Defeat,4,0,4,40,1,0,3,260,-1,,1,7,0,3173859125
gym-e4-protect.encounter,slow-instrument,17,Defeat,5,0,5,48,5,0,2,183,-1,,1,7,1,1621735619
gym-e4-protect.encounter,slow-instrument,18,Defeat,7,0,7,72,10,0,2,188,-1,,1,12,0,3355879549
gym-e4-protect.encounter,slow-instrument,19,Defeat,7,0,7,72,3,0,1,188,-1,,1,12,0,1701626817
gym-e4-protect.encounter,slow-instrument,20,Defeat,5,0,5,48,5,0,3,216,-1,,1,9,0,1560088281
gym-e4-protect.encounter,slow-instrument,21,Defeat,5,0,5,48,1,0,2,183,-1,,1,7,1,3983616126
gym-e4-protect.encounter,slow-instrument,22,Defeat,6,0,6,64,9,0,3,250,-1,,1,13,0,4013677032
gym-e4-protect.encounter,slow-instrument,23,Defeat,6,0,6,64,5,0,1,187,-1,,1,10,0,470949438
gym-e4-protect.encounter,slow-instrument,24,Defeat,6,0,6,64,0,0,1,162,-1,,1,8,0,1916819917
gym-e4-protect.encounter,slow-instrument,25,Defeat,5,0,5,56,0,0,2,228,-1,,1,9,0,2294666912
gym-e4-protect.encounter,slow-instrument,26,Defeat,5,0,5,48,0,0,2,216,-1,,1,10,0,2504558864
gym-e4-protect.encounter,slow-instrument,27,Defeat,5,0,5,48,3,0,3,216,-1,,1,10,0,1474610169
gym-e4-protect.encounter,slow-instrument,28,Defeat,4,0,4,48,7,0,2,216,-1,,1,7,0,2335692731
gym-e4-protect.encounter,slow-instrument,29,Defeat,6,0,6,64,5,0,2,187,-1,,1,12,0,76617114
gym-e4-protect.encounter,slow-instrument,30,Defeat,5,0,5,48,8,0,3,233,-1,,1,9,0,512554471
gym-e4-protect.encounter,slow-instrument,31,Defeat,5,0,5,48,7,0,3,200,-1,,1,9,0,4254436818
gym-e4-protect.encounter,slow-instrument,32,Defeat,6,0,6,64,10,0,3,225,-1,,1,13,0,2051819458
gym-e4-protect.encounter,slow-instrument,33,Defeat,4,0,4,48,7,0,3,233,-1,,1,7,0,2251486911
gym-e4-protect.encounter,slow-instrument,34,Defeat,6,0,6,64,0,0,1,162,-1,,1,8,0,1916819917
gym-e4-protect.encounter,slow-instrument,35,Defeat,5,0,5,56,5,0,2,228,-1,,1,8,0,650924554
gym-e4-protect.encounter,slow-instrument,36,Defeat,5,0,5,56,0,0,1,185,-1,,1,8,0,2226636534
gym-e4-protect.encounter,slow-instrument,37,Defeat,7,0,7,72,0,0,1,155,-1,,1,9,0,744042332
gym-e4-protect.encounter,slow-instrument,38,Defeat,6,0,6,64,5,0,2,187,-1,,1,12,0,2507232057
gym-e4-protect.encounter,slow-instrument,39,Defeat,5,0,5,48,0,0,2,200,-1,,1,10,0,2243754901
gym-e4-protect.encounter,slow-instrument,40,Defeat,5,0,5,48,5,0,2,183,-1,,1,7,1,1621735619
gym-e4-protect.encounter,slow-instrument,41,Defeat,4,0,4,48,7,0,2,250,-1,,1,7,0,3917490827
gym-e4-protect.encounter,slow-instrument,42,Defeat,6,0,6,64,0,0,1,162,-1,,1,8,0,1916819917
gym-e4-protect.encounter,slow-instrument,43,Defeat,4,0,4,48,5,0,3,216,-1,,1,7,0,1355346854
gym-e4-protect.encounter,slow-instrument,44,Defeat,4,0,4,40,5,0,3,260,-1,,1,7,0,345908262
gym-e4-protect.encounter,slow-instrument,45,Defeat,5,0,5,56,2,0,2,214,-1,,1,10,0,3419973183
gym-e4-protect.encounter,slow-instrument,46,Defeat,5,0,5,48,5,0,3,216,-1,,1,10,0,1332393553
gym-e4-protect.encounter,slow-instrument,47,Defeat,6,0,6,64,0,0,1,162,-1,,1,8,0,899124374
gym-e4-protect.encounter,slow-instrument,48,Defeat,6,0,6,64,0,0,1,162,-1,,1,8,0,451100210
gym-e4-protect.encounter,slow-instrument,49,Defeat,5,0,5,48,1,0,2,183,-1,,1,7,1,1964344014
gym-e4-protect.encounter,slow-instrument,50,Defeat,4,0,4,48,0,0,2,216,-1,,1,7,0,1651198961
gym-e4-protect.encounter,slow-instrument,51,Defeat,4,0,4,48,4,0,3,250,-1,,1,7,0,2405160067
gym-e4-protect.encounter,slow-instrument,52,Defeat,4,0,4,48,0,0,2,216,-1,,1,7,0,2156190976
gym-e4-protect.encounter,slow-instrument,53,Defeat,6,0,6,56,16,0,3,228,-1,,1,10,0,2907143376
gym-e4-protect.encounter,slow-instrument,54,Defeat,6,0,6,64,3,0,1,212,-1,,1,11,0,691498761
gym-e4-protect.encounter,slow-instrument,55,Defeat,4,0,4,40,13,0,3,240,-1,,1,6,0,3875172825
gym-e4-protect.encounter,slow-instrument,56,Defeat,6,0,6,64,4,0,1,212,-1,,1,12,0,1198555552
gym-e4-protect.encounter,slow-instrument,57,Defeat,6,0,6,64,3,0,2,225,-1,,1,13,0,2276030657
gym-e4-protect.encounter,slow-instrument,58,Defeat,6,0,6,56,4,0,2,214,-1,,1,11,0,3485320260
gym-e4-protect.encounter,slow-instrument,59,Defeat,5,0,5,48,0,0,2,200,-1,,1,10,0,1195537285
gym-e4-protect.encounter,slow-instrument,60,Defeat,6,0,6,64,0,0,1,162,-1,,1,8,0,1916819917
gym-e4-protect.encounter,slow-instrument,61,Defeat,5,0,5,48,0,0,2,200,-1,,1,10,0,2929050728
gym-e4-protect.encounter,slow-instrument,62,Defeat,5,0,5,56,15,0,2,171,-1,,1,9,0,1126458722
gym-e4-protect.encounter,slow-instrument,63,Defeat,7,0,7,72,4,0,1,177,-1,,1,11,0,3692661981
gym-e4-protect.encounter,slow-instrument,64,Defeat,4,0,4,48,0,0,2,216,-1,,1,7,0,2272743724
gym-e4-protect.encounter,slow-instrument,65,Defeat,4,0,4,48,5,0,3,250,-1,,1,7,0,2847302107
gym-e4-protect.encounter,slow-instrument,66,Defeat,6,0,6,64,2,0,1,200,-1,,1,11,0,2119364876
gym-e4-protect.encounter,slow-instrument,67,Defeat,6,0,6,64,5,0,1,175,-1,,1,10,0,3976993811
gym-e4-protect.encounter,slow-instrument,68,Defeat,5,0,5,48,13,0,3,216,-1,,1,10,0,3491305634
gym-e4-protect.encounter,slow-instrument,69,Defeat,4,0,4,40,7,0,3,260,-1,,1,7,0,2855767488
gym-e4-protect.encounter,slow-instrument,70,Defeat,7,0,7,72,4,0,1,177,-1,,1,11,0,2630652317
gym-e4-protect.encounter,slow-instrument,71,Defeat,5,0,5,56,7,0,2,185,-1,,1,8,0,3272194213
gym-e4-protect.encounter,slow-instrument,72,Defeat,6,0,6,56,15,0,3,242,-1,,1,13,0,37162080
gym-e4-protect.encounter,slow-instrument,73,Defeat,5,0,5,56,5,0,2,214,-1,,1,10,0,529103070
gym-e4-protect.encounter,slow-instrument,74,Defeat,5,0,5,48,3,0,3,233,-1,,1,10,0,719403951
gym-e4-protect.encounter,slow-instrument,75,Defeat,6,0,6,64,1,0,1,187,-1,,1,10,0,2286640283
gym-e4-protect.encounter,slow-instrument,76,Defeat,5,0,5,48,0,0,2,200,-1,,1,8,0,1035346560
gym-e4-protect.encounter,slow-instrument,77,Defeat,7,0,7,72,3,0,1,155,-1,,1,9,0,1027544700
gym-e4-protect.encounter,slow-instrument,78,Defeat,5,0,5,56,1,0,2,228,-1,,1,8,0,1144979282
gym-e4-protect.encounter,slow-instrument,79,Defeat,5,0,5,56,5,0,2,228,-1,,1,8,0,3832210154
gym-e4-protect.encounter,slow-instrument,80,Defeat,5,0,5,56,11,0,3,228,-1,,1,10,0,967515891
gym-e4-protect.encounter,slow-instrument,81,Defeat,4,0,4,48,0,0,2,233,-1,,1,7,0,3601582192
gym-e4-protect.encounter,slow-instrument,82,Defeat,6,0,6,64,0,0,1,175,-1,,1,9,0,2075737554
gym-e4-protect.encounter,slow-instrument,83,Defeat,4,0,4,48,5,0,3,233,-1,,1,7,0,3220898384
gym-e4-protect.encounter,slow-instrument,84,Defeat,6,0,6,64,0,0,1,200,-1,,1,10,0,2258319239
gym-e4-protect.encounter,slow-instrument,85,Defeat,5,0,5,48,8,0,3,183,-1,,1,7,1,1785142897
gym-e4-protect.encounter,slow-instrument,86,Defeat,5,0,5,56,6,0,2,200,-1,,1,8,0,308587931
gym-e4-protect.encounter,slow-instrument,87,Defeat,4,0,4,48,6,0,2,216,-1,,1,7,0,3491812498
gym-e4-protect.encounter,slow-instrument,88,Defeat,4,0,4,40,1,0,3,240,-1,,1,6,0,2515937019
gym-e4-protect.encounter,slow-instrument,89,Defeat,5,0,5,56,6,0,2,228,-1,,1,10,0,4029707895
gym-e4-protect.encounter,slow-instrument,90,Defeat,6,0,6,64,8,0,1,200,-1,,1,11,0,1401591984
gym-e4-protect.encounter,slow-instrument,91,Defeat,5,0,5,56,8,0,2,185,-1,,1,8,0,936552406
gym-e4-protect.encounter,slow-instrument,92,Defeat,6,0,6,64,0,0,1,162,-1,,1,8,0,1916819917
gym-e4-protect.encounter,slow-instrument,93,Defeat,4,0,4,40,2,0,3,260,-1,,1,7,0,1477540376
gym-e4-protect.encounter,slow-instrument,94,Defeat,6,0,6,64,1,0,1,187,-1,,1,10,0,2704542014
gym-e4-protect.encounter,slow-instrument,95,Defeat,4,0,4,48,10,0,3,183,-1,,1,7,0,2092508131
gym-e4-protect.encounter,slow-instrument,96,Defeat,6,0,6,64,0,0,1,162,-1,,1,8,0,561040778
gym-e4-protect.encounter,slow-instrument,97,Defeat,4,0,4,40,3,0,3,260,-1,,1,7,0,1618459860
gym-e4-protect.encounter,slow-instrument,98,Defeat,5,0,5,56,9,0,3,185,-1,,1,10,0,1632530828
gym-e4-protect.encounter,slow-instrument,99,Defeat,6,0,6,64,0,0,1,175,-1,,1,10,0,436306955
gym-e4-protect.encounter,slow-instrument,100,Defeat,4,0,4,40,6,0,3,220,-1,,1,6,0,1057604685
gym-e4-protect.encounter,slow-instrument,101,Defeat,7,0,7,72,0,0,1,155,-1,,1,9,0,1452224857
gym-e4-protect.encounter,slow-instrument,102,Defeat,4,0,4,48,6,0,2,200,-1,,1,6,0,1855663456
gym-e4-protect.encounter,slow-instrument,103,Defeat,4,0,4,48,0,0,2,216,-1,,1,7,0,648325282
gym-e4-protect.encounter,slow-instrument,104,Defeat,6,0,6,64,0,0,1,162,-1,,1,8,0,221035307
gym-e4-protect.encounter,slow-instrument,105,Defeat,6,0,6,64,3,0,1,162,-1,,1,8,0,2990822898
gym-e4-protect.encounter,slow-instrument,106,Defeat,6,0,6,64,18,0,3,162,-1,,1,13,0,1216784529
gym-e4-protect.encounter,slow-instrument,107,Defeat,5,0,5,48,0,0,2,216,-1,,1,10,0,3652789451
gym-e4-protect.encounter,slow-instrument,108,Defeat,6,0,6,64,3,0,1,187,-1,,1,10,0,2855652438
gym-e4-protect.encounter,slow-instrument,109,Defeat,5,0,5,56,0,0,1,185,-1,,1,8,0,2950459968
gym-e4-protect.encounter,slow-instrument,110,Defeat,4,0,4,48,0,0,3,233,-1,,1,7,0,182869393
gym-e4-protect.encounter,slow-instrument,111,Defeat,7,0,7,80,6,0,1,180,-1,,1,14,0,3274479036
gym-e4-protect.encounter,slow-instrument,112,Victory,9,0,9,88,3,15,0,145,-1,,1,13,0,3410174299
gym-e4-protect.encounter,slow-instrument,113,Defeat,7,0,7,72,6,0,2,188,-1,,1,12,0,1355331297
gym-e4-protect.encounter,slow-instrument,114,Defeat,6,0,6,72,17,0,2,177,-1,,1,11,0,1517322784
gym-e4-protect.encounter,slow-instrument,115,Defeat,5,0,5,48,5,0,3,233,-1,,1,9,0,2843803707
gym-e4-protect.encounter,slow-instrument,116,Defeat,6,0,6,64,3,0,3,212,-1,,1,13,0,2902405801
gym-e4-protect.encounter,slow-instrument,117,Defeat,6,0,6,64,0,0,1,162,-1,,1,8,0,1916819917
gym-e4-protect.encounter,slow-instrument,118,Defeat,6,0,6,64,5,0,2,187,-1,,1,12,0,4197318985
gym-e4-protect.encounter,slow-instrument,119,Defeat,6,0,6,64,8,0,1,212,-1,,1,11,0,507711417
gym-e4-protect.encounter,slow-instrument,120,Defeat,5,0,5,56,0,0,2,214,-1,,1,10,0,1253655768
gym-e4-protect.encounter,slow-instrument,121,Defeat,4,0,4,40,2,0,3,260,-1,,1,7,0,3723003294
gym-e4-protect.encounter,slow-instrument,122,Defeat,7,0,7,72,5,0,1,177,-1,,1,13,0,1014905529
gym-e4-protect.encounter,slow-instrument,123,Defeat,7,0,7,72,0,0,1,155,-1,,1,9,0,3737250619
gym-e4-protect.encounter,slow-instrument,124,Defeat,8,0,8,80,1,0,1,140,-1,,1,11,0,2583270378
gym-e4-protect.encounter,slow-instrument,125,Defeat,5,0,5,56,6,0,2,200,-1,,1,8,0,3791041407
gym-e4-protect.encounter,slow-instrument,126,Defeat,5,0,5,56,3,0,3,228,-1,,1,10,0,2247043630
gym-e4-protect.encounter,slow-instrument,127,Defeat,6,0,6,64,1,0,1,200,-1,,1,11,0,4100059721
gym-e4-protect.encounter,slow-instrument,128,Defeat,5,0,5,56,8,0,3,257,-1,,1,10,0,2994933369
gym-e4-protect.encounter,slow-instrument,129,Defeat,5,0,5,56,3,0,2,214,-1,,1,9,0,760453035
gym-e4-protect.encounter,slow-instrument,130,Defeat,5,0,5,56,0,0,1,200,-1,,1,9,0,630011252
gym-e4-protect.encounter,slow-instrument,131,Defeat,5,0,5,56,15,0,3,200,-1,,1,9,0,1302397
gym-e4-protect.encounter,slow-instrument,132,Defeat,7,0,7,72,5,0,1,177,-1,,1,11,0,2361903201
gym-e4-protect.encounter,slow-instrument,133,Defeat,6,0,6,64,8,0,2,225,-1,,1,11,0,3684080176
gym-e4-protect.encounter,slow-instrument,134,Defeat,5,0,5,48,5,0,2,183,-1,,1,7,1,1621735619
gym-e4-protect.encounter,slow-instrument,135,Defeat,4,0,4,48,0,0,2,216,-1,,1,7,0,1497277588
gym-e4-protect.encounter,slow-instrument,136,Defeat,4,0,4,48,2,0,3,233,-1,,1,7,0,4665122
gym-e4-protect.encounter,slow-instrument,137,Defeat,5,0,5,48,8,0,3,216,-1,,1,10,0,3611619455
gym-e4-protect.encounter,slow-instrument,138,Defeat,6,0,6,64,0,0,1,175,-1,,1,10,0,1911008555
gym-e4-protect.encounter,slow-instrument,139,Defeat,6,0,6,64,0,0,1,162,-1,,1,8,0,1916819917
gym-e4-protect.encounter,slow-instrument,140,Defeat,6,0,6,64,0,0,1,175,-1,,1,10,0,1752014572
gym-e4-protect.encounter,slow-instrument,141,Defeat,5,0,5,56,5,0,2,228,-1,,1,8,0,650924554
gym-e4-protect.encounter,slow-instrument,142,Defeat,5,0,5,56,8,0,2,228,-1,,1,10,0,131550417
gym-e4-protect.encounter,slow-instrument,143,Defeat,4,0,4,40,10,0,3,260,-1,,1,7,0,3908803855
gym-e4-protect.encounter,slow-instrument,144,Defeat,4,0,4,48,0,0,2,216,-1,,1,7,0,2681775197
gym-e4-protect.encounter,slow-instrument,145,Defeat,4,0,4,48,0,0,2,216,-1,,1,7,0,1274017411
gym-e4-protect.encounter,slow-instrument,146,Defeat,5,0,5,56,6,0,2,257,-1,,1,10,0,937187448
gym-e4-protect.encounter,slow-instrument,147,Defeat,6,0,6,56,11,0,3,200,-1,,1,13,0,1167693644
gym-e4-protect.encounter,slow-instrument,148,Defeat,5,0,5,56,10,0,2,200,-1,,1,10,0,3618846005
gym-e4-protect.encounter,slow-instrument,149,Defeat,5,0,5,48,5,0,2,183,-1,,1,7,0,3597336310
gym-e4-protect.encounter,slow-instrument,150,Defeat,6,0,6,64,0,0,1,175,-1,,1,9,0,928312953
gym-e4-protect.encounter,slow-instrument,151,Defeat,6,0,6,64,0,0,1,175,-1,,1,9,0,3246829921
gym-e4-protect.encounter,slow-instrument,152,Defeat,6,0,6,64,8,0,1,187,-1,,1,10,0,2210791577
gym-e4-protect.encounter,slow-instrument,153,Defeat,6,0,6,64,0,0,1,200,-1,,1,10,0,2098683319
gym-e4-protect.encounter,slow-instrument,154,Defeat,8,0,8,80,0,0,1,170,-1,,1,12,0,1992756570
gym-e4-protect.encounter,slow-instrument,155,Defeat,5,0,5,56,5,0,2,228,-1,,1,8,0,650924554
gym-e4-protect.encounter,slow-instrument,156,Defeat,7,0,7,72,6,0,1,166,-1,,1,11,0,364923859
gym-e4-protect.encounter,slow-instrument,157,Defeat,5,0,5,48,1,0,2,183,-1,,1,7,1,435011132
gym-e4-protect.encounter,slow-instrument,158,Defeat,5,0,5,56,0,0,1,185,-1,,1,8,0,2959246860
gym-e4-protect.encounter,slow-instrument,159,Defeat,5,0,5,56,3,0,2,228,-1,,1,10,0,2447325163
gym-e4-protect.encounter,slow-instrument,160,Defeat,4,0,4,48,0,0,2,216,-1,,1,7,0,1590599580
gym-e4-protect.encounter,slow-instrument,161,Defeat,5,0,5,56,8,0,2,185,-1,,1,8,0,936552406
gym-e4-protect.encounter,slow-instrument,162,Defeat,6,0,6,64,1,0,1,212,-1,,1,10,0,2480371529
gym-e4-protect.encounter,slow-instrument,163,Defeat,6,0,6,64,3,0,1,175,-1,,1,9,0,3423210491
gym-e4-protect.encounter,slow-instrument,164,Defeat,6,0,6,64,2,0,1,200,-1,,1,10,0,2515142456
gym-e4-protect.encounter,slow-instrument,165,Defeat,5,0,5,56,8,0,2,185,-1,,1,8,0,936552406
gym-e4-protect.encounter,slow-instrument,166,Defeat,7,0,7,72,5,0,1,188,-1,,1,14,0,2477480509
gym-e4-protect.encounter,slow-instrument,167,Defeat,5,0,5,56,17,0,3,185,-1,,1,10,0,1279434506
gym-e4-protect.encounter,slow-instrument,168,Defeat,4,0,4,48,2,0,2,216,-1,,1,7,0,1849319255
gym-e4-protect.encounter,slow-instrument,169,Defeat,5,0,5,48,5,0,3,216,-1,,1,9,0,1090784339
gym-e4-protect.encounter,slow-instrument,170,Defeat,4,0,4,40,8,0,3,200,-1,,1,5,0,1585556439
gym-e4-protect.encounter,slow-instrument,171,Defeat,5,0,5,56,5,0,2,214,-1,,1,10,0,2952862333
gym-e4-protect.encounter,slow-instrument,172,Defeat,5,0,5,56,4,0,1,185,-1,,1,8,0,4237322578
gym-e4-protect.encounter,slow-instrument,173,Defeat,5,0,5,48,0,0,2,200,-1,,1,10,0,2929050728
gym-e4-protect.encounter,slow-instrument,174,Defeat,5,0,5,56,5,0,2,242,-1,,1,9,0,3262853728
gym-e4-protect.encounter,slow-instrument,175,Defeat,5,0,5,48,2,0,2,200,-1,,1,8,0,1995556887
gym-e4-protect.encounter,slow-instrument,176,Defeat,6,0,6,64,0,0,1,187,-1,,1,10,0,2687841763
gym-e4-protect.encounter,slow-instrument,177,Defeat,7,0,7,72,5,0,1,166,-1,,1,11,0,566216770
gym-e4-protect.encounter,slow-instrument,178,Defeat,6,0,6,64,0,0,1,187,-1,,1,10,0,4236221535
gym-e4-protect.encounter,slow-instrument,179,Defeat,5,0,5,48,0,0,2,200,-1,,1,10,0,2929050728
gym-e4-protect.encounter,slow-instrument,180,Defeat,5,0,5,48,11,0,3,266,-1,,1,10,0,946950564
gym-e4-protect.encounter,slow-instrument,181,Defeat,5,0,5,56,4,0,1,185,-1,,1,8,0,262047648
gym-e4-protect.encounter,slow-instrument,182,Defeat,4,0,4,48,6,0,3,200,-1,,1,7,0,4088505151
gym-e4-protect.encounter,slow-instrument,183,Defeat,6,0,6,64,0,0,1,187,-1,,1,10,0,1825908777
gym-e4-protect.encounter,slow-instrument,184,Defeat,6,0,6,64,0,0,1,187,-1,,1,10,0,1558732232
gym-e4-protect.encounter,slow-instrument,185,Defeat,6,0,6,64,5,0,1,225,-1,,1,11,0,2284411589
gym-e4-protect.encounter,slow-instrument,186,Defeat,7,0,7,72,7,0,1,177,-1,,1,11,0,4114415998
gym-e4-protect.encounter,slow-instrument,187,Defeat,6,0,6,64,0,0,1,162,-1,,1,8,0,1916819917
gym-e4-protect.encounter,slow-instrument,188,Defeat,6,0,6,64,0,0,1,162,-1,,1,8,0,1916819917
gym-e4-protect.encounter,slow-instrument,189,Defeat,5,0,5,56,8,0,2,214,-1,,1,9,0,810554045
gym-e4-protect.encounter,slow-instrument,190,Defeat,6,0,6,64,0,0,1,187,-1,,1,11,0,3901879080
gym-e4-protect.encounter,slow-instrument,191,Defeat,5,0,5,56,5,0,3,242,-1,,1,10,0,2484852919
gym-e4-protect.encounter,slow-instrument,192,Defeat,5,0,5,56,8,0,2,200,-1,,1,9,0,3231011210
gym-e4-protect.encounter,slow-instrument,193,Defeat,5,0,5,56,0,0,1,185,-1,,1,8,0,721661811
gym-e4-protect.encounter,slow-instrument,194,Defeat,5,0,5,48,2,0,2,200,-1,,1,10,0,1755175460
gym-e4-protect.encounter,slow-instrument,195,Defeat,6,0,6,56,3,0,2,200,-1,,1,13,0,3791776648
gym-e4-protect.encounter,slow-instrument,196,Defeat,5,0,5,56,5,0,2,200,-1,,1,9,0,2832491295
gym-e4-protect.encounter,slow-instrument,197,Defeat,6,0,6,64,11,0,3,250,-1,,1,13,0,3507201386
gym-e4-protect.encounter,slow-instrument,198,Defeat,6,0,6,56,6,0,2,185,-1,,1,9,1,2076364195
gym-e4-protect.encounter,slow-instrument,199,Defeat,4,0,4,40,5,0,3,260,-1,,1,7,0,3540852866
gym-e4-protect.encounter,slow-instrument,200,Defeat,6,0,6,56,10,0,2,185,-1,,1,9,0,2824091347
gym-e4-protect.encounter,taunt-instrument,1,Defeat,5,0,5,72,5,0,1,166,-1,,1,8,0,2119291166
gym-e4-protect.encounter,taunt-instrument,2,Defeat,4,0,4,56,8,0,3,214,-1,,1,7,0,747763778
gym-e4-protect.encounter,taunt-instrument,3,Defeat,4,0,4,40,8,0,3,240,-1,,1,7,0,1747550835
gym-e4-protect.encounter,taunt-instrument,4,Victory,6,0,6,88,3,120,0,172,-1,,1,9,0,2584705636
gym-e4-protect.encounter,taunt-instrument,5,Defeat,4,0,4,56,4,0,3,200,-1,,1,7,0,2288412190
gym-e4-protect.encounter,taunt-instrument,6,Defeat,5,0,5,72,7,0,1,155,-1,,1,8,0,2155520910
gym-e4-protect.encounter,taunt-instrument,7,Defeat,7,0,7,96,12,0,1,141,-1,,1,9,0,4285629879
gym-e4-protect.encounter,taunt-instrument,8,Defeat,5,0,5,80,3,0,2,190,-1,,1,8,0,3054979135
gym-e4-protect.encounter,taunt-instrument,9,Defeat,5,0,5,72,5,0,1,177,-1,,1,9,0,2155520910
gym-e4-protect.encounter,taunt-instrument,10,Defeat,5,0,5,72,6,0,2,188,-1,,1,8,0,136995880
gym-e4-protect.encounter,taunt-instrument,11,Victory,5,0,5,72,1,120,0,155,-1,,1,7,0,4064892327
gym-e4-protect.encounter,taunt-instrument,12,Victory,5,0,5,72,1,120,0,155,-1,,1,7,0,4064892327
gym-e4-protect.encounter,taunt-instrument,13,Defeat,8,0,8,112,17,0,1,114,-1,,1,10,0,1665002121
gym-e4-protect.encounter,taunt-instrument,14,Defeat,4,0,4,40,0,0,3,220,-1,,1,6,0,2642618338
gym-e4-protect.encounter,taunt-instrument,15,Victory,6,0,6,96,1,178,0,133,-1,,1,8,0,698792949
gym-e4-protect.encounter,taunt-instrument,16,Defeat,5,0,5,64,11,0,2,200,-1,,1,8,0,3241858848
gym-e4-protect.encounter,taunt-instrument,17,Victory,7,0,7,112,7,238,0,114,-1,,1,9,0,413724226
gym-e4-protect.encounter,taunt-instrument,18,Defeat,4,0,4,56,5,0,2,214,-1,,1,7,0,3224714307
gym-e4-protect.encounter,taunt-instrument,19,Defeat,4,0,4,56,0,0,3,214,-1,,1,7,0,1248704331
gym-e4-protect.encounter,taunt-instrument,20,Defeat,5,0,5,48,5,0,3,216,-1,,1,9,0,785279061
gym-e4-protect.encounter,taunt-instrument,21,Defeat,5,0,5,72,1,0,1,166,-1,,1,7,0,1910949127
gym-e4-protect.encounter,taunt-instrument,22,Victory,6,0,6,96,3,150,0,166,-1,,1,11,0,1991693684
gym-e4-protect.encounter,taunt-instrument,23,Defeat,5,0,5,72,6,0,1,177,-1,,1,8,0,3117856969
gym-e4-protect.encounter,taunt-instrument,24,Defeat,5,0,5,72,11,0,3,222,-1,,1,10,0,2051133519
gym-e4-protect.encounter,taunt-instrument,25,Defeat,10,0,10,120,7,0,1,153,-1,,1,13,0,1168062873
gym-e4-protect.encounter,taunt-instrument,26,Defeat,4,0,4,64,9,0,3,200,-1,,1,7,0,1740499927
gym-e4-protect.encounter,taunt-instrument,27,Defeat,4,0,4,56,8,0,2,185,-1,,1,7,0,1806209758
gym-e4-protect.encounter,taunt-instrument,28,Defeat,6,0,6,64,12,0,2,187,-1,,1,13,0,2120675712
gym-e4-protect.encounter,taunt-instrument,29,Defeat,6,0,6,80,14,0,2,170,-1,,1,10,0,3827100749
gym-e4-protect.encounter,taunt-instrument,30,Defeat,4,0,4,40,8,0,3,200,-1,,1,6,0,3274326278
gym-e4-protect.encounter,taunt-instrument,31,Defeat,5,0,5,48,1,0,3,250,-1,,1,9,0,3326563864
gym-e4-protect.encounter,taunt-instrument,32,Defeat,5,0,5,64,8,0,3,237,-1,,1,10,0,3221707926
gym-e4-protect.encounter,taunt-instrument,33,Defeat,5,0,5,72,13,0,2,166,-1,,1,9,0,2159986966
gym-e4-protect.encounter,taunt-instrument,34,Defeat,6,0,6,72,1,0,2,177,-1,,1,10,0,3519255444
gym-e4-protect.encounter,taunt-instrument,35,Defeat,5,0,5,72,7,0,2,200,-1,,1,8,0,3700204416
gym-e4-protect.encounter,taunt-instrument,36,Victory,6,0,6,88,1,120,0,145,-1,,1,8,0,3618032359
gym-e4-protect.encounter,taunt-instrument,37,Defeat,4,0,4,56,0,0,2,200,-1,,1,7,0,1916882670
gym-e4-protect.encounter,taunt-instrument,38,Defeat,5,0,5,72,8,0,2,222,-1,,1,8,0,1923925121
gym-e4-protect.encounter,taunt-instrument,39,Defeat,4,0,4,48,1,0,3,233,-1,,1,7,0,1071917283
gym-e4-protect.encounter,taunt-instrument,40,Defeat,5,0,5,48,5,0,3,216,-1,,1,9,0,785279061
gym-e4-protect.encounter,taunt-instrument,41,Defeat,5,0,5,56,7,0,3,271,-1,,1,10,0,1536779420
gym-e4-protect.encounter,taunt-instrument,42,Victory,5,0,5,72,1,120,0,155,-1,,1,7,0,4064892327
gym-e4-protect.encounter,taunt-instrument,43,Defeat,7,0,7,96,14,0,2,166,-1,,1,12,0,3752138883
gym-e4-protect.encounter,taunt-instrument,44,Victory,6,0,6,96,4,225,0,141,-1,,1,8,0,3221056513
gym-e4-protect.encounter,taunt-instrument,45,Defeat,5,0,5,72,8,0,2,155,-1,,1,8,0,4041121953
gym-e4-protect.encounter,taunt-instrument,46,Victory,6,0,6,96,5,285,0,116,-1,,1,8,0,1488285438
gym-e4-protect.encounter,taunt-instrument,47,Defeat,5,0,5,72,1,0,1,166,-1,,1,7,0,671701896
gym-e4-protect.encounter,taunt-instrument,48,Defeat,6,0,6,80,9,0,1,160,-1,,1,8,0,1834791875
gym-e4-protect.encounter,taunt-instrument,49,Defeat,5,0,5,72,12,0,2,200,-1,,1,9,0,756126017
gym-e4-protect.encounter,taunt-instrument,50,Defeat,4,0,4,56,5,0,2,200,-1,,1,7,0,1585562653
gym-e4-protect.encounter,taunt-instrument,51,Defeat,4,0,4,64,6,0,2,162,-1,,1,6,0,3040677157
gym-e4-protect.encounter,taunt-instrument,52,Defeat,5,0,5,72,1,0,1,166,-1,,1,7,0,340556968
gym-e4-protect.encounter,taunt-instrument,53,Defeat,5,0,5,48,3,0,3,216,-1,,1,8,0,889340211
gym-e4-protect.encounter,taunt-instrument,54,Defeat,5,0,5,72,1,0,2,222,-1,,1,9,0,2709831339
gym-e4-protect.encounter,taunt-instrument,55,Defeat,5,0,5,48,2,0,3,216,-1,,1,8,0,3137336400
gym-e4-protect.encounter,taunt-instrument,56,Defeat,5,0,5,80,5,0,2,230,-1,,1,9,0,881376830
gym-e4-protect.encounter,taunt-instrument,57,Defeat,6,0,6,80,1,0,1,160,-1,,1,8,0,1176907084
gym-e4-protect.encounter,taunt-instrument,58,Defeat,5,0,5,48,6,0,3,216,-1,,1,9,0,4284362290
gym-e4-protect.encounter,taunt-instrument,59,Defeat,6,0,6,88,7,0,1,163,-1,,1,9,0,1754806465
gym-e4-protect.encounter,taunt-instrument,60,Defeat,4,0,4,56,5,0,3,214,-1,,1,7,0,374624235
gym-e4-protect.encounter,taunt-instrument,61,Victory,6,0,6,88,6,120,0,145,-1,,1,10,0,1055971022
gym-e4-protect.encounter,taunt-instrument,62,Defeat,5,0,5,48,6,0,3,233,-1,,1,8,0,2455760302
gym-e4-protect.encounter,taunt-instrument,63,Defeat,5,0,5,80,8,0,2,190,-1,,1,9,0,2345335369
gym-e4-protect.encounter,taunt-instrument,64,Defeat,4,0,4,56,0,0,2,214,-1,,1,7,0,2171803314
gym-e4-protect.encounter,taunt-instrument,65,Defeat,5,0,5,72,5,0,1,177,-1,,1,8,0,704319241
gym-e4-protect.encounter,taunt-instrument,66,Defeat,5,0,5,72,3,0,1,155,-1,,1,7,0,2176415638
gym-e4-protect.encounter,taunt-instrument,67,Defeat,4,0,4,64,6,0,2,187,-1,,1,6,0,680796186
gym-e4-protect.encounter,taunt-instrument,68,Defeat,5,0,5,64,15,0,3,225,-1,,1,10,0,1276896899
gym-e4-protect.encounter,taunt-instrument,69,Defeat,5,0,5,56,3,0,3,228,-1,,1,10,0,3795882958
gym-e4-protect.encounter,taunt-instrument,70,Defeat,6,0,6,72,4,0,2,200,-1,,1,10,0,2079879862
gym-e4-protect.encounter,taunt-instrument,71,Defeat,5,0,5,48,6,0,3,250,-1,,1,9,0,2214630127
gym-e4-protect.encounter,taunt-instrument,72,Defeat,6,0,6,56,8,0,3,214,-1,,1,13,0,2818304054
gym-e4-protect.encounter,taunt-instrument,73,Defeat,4,0,4,48,5,0,3,200,-1,,1,7,0,674202114
gym-e4-protect.encounter,taunt-instrument,74,Defeat,5,0,5,72,3,0,2,211,-1,,1,10,0,1376855636
gym-e4-protect.encounter,taunt-instrument,75,Victory,7,0,7,96,0,40,0,141,-1,,1,10,0,3241528933
gym-e4-protect.encounter,taunt-instrument,76,Defeat,7,0,7,96,9,0,1,150,-1,,1,11,0,1973696332
gym-e4-protect.encounter,taunt-instrument,77,Defeat,6,0,6,88,3,0,1,154,-1,,1,8,0,102222870
gym-e4-protect.encounter,taunt-instrument,78,Defeat,5,0,5,72,2,0,1,188,-1,,1,8,0,4061487995
gym-e4-protect.encounter,taunt-instrument,79,Defeat,4,0,4,56,5,0,3,228,-1,,1,7,0,3256807980
gym-e4-protect.encounter,taunt-instrument,80,Defeat,4,0,4,40,4,0,3,260,-1,,1,7,0,3100535842
gym-e4-protect.encounter,taunt-instrument,81,Defeat,8,0,8,88,7,0,2,163,-1,,1,14,0,280723255
gym-e4-protect.encounter,taunt-instrument,82,Defeat,5,0,5,72,1,0,1,155,-1,,1,7,0,2517595751
gym-e4-protect.encounter,taunt-instrument,83,Defeat,7,0,7,80,7,0,2,210,-1,,1,15,0,3330132612
gym-e4-protect.encounter,taunt-instrument,84,Defeat,4,0,4,56,0,0,2,214,-1,,1,7,0,1941821651
gym-e4-protect.encounter,taunt-instrument,85,Victory,7,0,7,112,12,178,0,128,-1,,1,10,0,3474331130
gym-e4-protect.encounter,taunt-instrument,86,Defeat,4,0,4,48,3,0,3,250,-1,,1,7,0,3498299370
gym-e4-protect.encounter,taunt-instrument,87,Defeat,5,0,5,72,10,0,2,200,-1,,1,9,0,2971306350
gym-e4-protect.encounter,taunt-instrument,88,Defeat,5,0,5,80,0,0,2,190,-1,,1,8,0,2782633046
gym-e4-protect.encounter,taunt-instrument,89,Defeat,4,0,4,40,2,0,3,220,-1,,1,6,0,3634075744
gym-e4-protect.encounter,taunt-instrument,90,Defeat,6,0,6,72,7,0,2,200,-1,,1,10,0,2766503652
gym-e4-protect.encounter,taunt-instrument,91,Defeat,5,0,5,72,10,0,2,177,-1,,1,8,0,2517932661
gym-e4-protect.encounter,taunt-instrument,92,Defeat,6,0,6,80,1,0,1,160,-1,,1,8,0,3382054703
gym-e4-protect.encounter,taunt-instrument,93,Defeat,8,0,8,120,11,0,1,166,-1,,1,13,0,3751338194
gym-e4-protect.encounter,taunt-instrument,94,Defeat,4,0,4,56,0,0,2,214,-1,,1,7,0,4096915365
gym-e4-protect.encounter,taunt-instrument,95,Defeat,4,0,4,40,4,0,3,240,-1,,1,6,0,218269351
gym-e4-protect.encounter,taunt-instrument,96,Defeat,6,0,6,88,6,0,1,145,-1,,1,8,0,127108992
gym-e4-protect.encounter,taunt-instrument,97,Defeat,4,0,4,56,9,0,2,214,-1,,1,7,0,3071860026
gym-e4-protect.encounter,taunt-instrument,98,Victory,6,0,6,88,3,40,0,145,-1,,1,8,0,2027145473
gym-e4-protect.encounter,taunt-instrument,99,Defeat,4,0,4,56,3,0,2,200,-1,,1,7,0,472665325
gym-e4-protect.encounter,taunt-instrument,100,Defeat,5,0,5,48,5,0,3,200,-1,,1,8,0,1787811731
gym-e4-protect.encounter,taunt-instrument,101,Defeat,6,0,6,88,1,0,1,154,-1,,1,8,0,337773701
gym-e4-protect.encounter,taunt-instrument,102,Defeat,4,0,4,40,4,0,3,260,-1,,1,7,0,2118806047
gym-e4-protect.encounter,taunt-instrument,103,Victory,6,0,6,96,1,135,0,133,-1,,1,8,0,2763381433
gym-e4-protect.encounter,taunt-instrument,104,Victory,6,0,6,96,4,165,0,108,-1,,1,8,0,3427886053
gym-e4-protect.encounter,taunt-instrument,105,Victory,6,0,6,96,1,148,0,133,-1,,1,8,0,2541315429
gym-e4-protect.encounter,taunt-instrument,106,Defeat,4,0,4,40,2,0,3,260,-1,,1,7,0,2869894058
gym-e4-protect.encounter,taunt-instrument,107,Defeat,4,0,4,48,7,0,3,200,-1,,1,7,0,3813862755
gym-e4-protect.encounter,taunt-instrument,108,Defeat,5,0,5,72,7,0,2,188,-1,,1,9,0,3221433842
gym-e4-protect.encounter,taunt-instrument,109,Victory,7,0,7,112,10,165,0,114,-1,,1,9,0,129752982
gym-e4-protect.encounter,taunt-instrument,110,Defeat,4,0,4,56,3,0,2,200,-1,,1,7,0,1576258029
gym-e4-protect.encounter,taunt-instrument,111,Defeat,5,0,5,72,11,0,2,188,-1,,1,10,0,3039203055
gym-e4-protect.encounter,taunt-instrument,112,Defeat,4,0,4,56,0,0,3,214,-1,,1,7,0,438814223
gym-e4-protect.encounter,taunt-instrument,113,Defeat,4,0,4,64,6,0,2,225,-1,,1,7,0,4147563575
gym-e4-protect.encounter,taunt-instrument,114,Defeat,5,0,5,72,10,0,3,233,-1,,1,10,0,98946378
gym-e4-protect.encounter,taunt-instrument,115,Defeat,5,0,5,48,5,0,3,233,-1,,1,9,0,193320505
gym-e4-protect.encounter,taunt-instrument,116,Victory,7,0,7,96,2,40,0,175,-1,,1,13,0,98564832
gym-e4-protect.encounter,taunt-instrument,117,Defeat,5,0,5,72,1,0,1,166,-1,,1,7,0,3100785729
gym-e4-protect.encounter,taunt-instrument,118,Defeat,4,0,4,48,10,0,3,200,-1,,1,7,0,2039452982
gym-e4-protect.encounter,taunt-instrument,119,Defeat,6,0,6,88,21,0,1,181,-1,,1,13,0,4293854716
gym-e4-protect.encounter,taunt-instrument,120,Defeat,5,0,5,72,0,0,1,200,-1,,1,9,0,125605519
gym-e4-protect.encounter,taunt-instrument,121,Defeat,7,0,7,88,3,0,2,200,-1,,1,12,0,3050336120
gym-e4-protect.encounter,taunt-instrument,122,Defeat,5,0,5,72,3,0,1,188,-1,,1,9,0,2259998532
gym-e4-protect.encounter,taunt-instrument,123,Defeat,5,0,5,72,1,0,1,166,-1,,1,7,0,1101159883
gym-e4-protect.encounter,taunt-instrument,124,Defeat,6,0,6,88,7,0,1,163,-1,,1,9,0,1204708648
gym-e4-protect.encounter,taunt-instrument,125,Defeat,5,0,5,72,9,0,1,166,-1,,1,8,0,2155520910
gym-e4-protect.encounter,taunt-instrument,126,Defeat,5,0,5,72,0,0,2,211,-1,,1,10,0,866808568
gym-e4-protect.encounter,taunt-instrument,127,Victory,6,0,6,88,5,120,0,145,-1,,1,8,0,3621401119
gym-e4-protect.encounter,taunt-instrument,128,Defeat,4,0,4,48,1,0,3,233,-1,,1,7,0,794296428
gym-e4-protect.encounter,taunt-instrument,129,Victory,6,0,6,88,7,40,0,145,-1,,1,8,0,2027145473
gym-e4-protect.encounter,taunt-instrument,130,Victory,6,0,6,88,8,40,0,145,-1,,1,8,0,3650264005
gym-e4-protect.encounter,taunt-instrument,131,Defeat,4,0,4,40,2,0,3,220,-1,,1,6,0,1159832027
gym-e4-protect.encounter,taunt-instrument,132,Defeat,6,0,6,88,4,0,1,163,-1,,1,10,0,2439980903
gym-e4-protect.encounter,taunt-instrument,133,Defeat,4,0,4,48,7,0,3,250,-1,,1,7,0,4292475672
gym-e4-protect.encounter,taunt-instrument,134,Victory,7,0,7,112,7,195,0,114,-1,,1,10,0,1548519653
gym-e4-protect.encounter,taunt-instrument,135,Defeat,5,0,5,72,1,0,1,155,-1,,1,7,0,2820324153
gym-e4-protect.encounter,taunt-instrument,136,Defeat,5,0,5,80,9,0,2,210,-1,,1,10,0,2511634825
gym-e4-protect.encounter,taunt-instrument,137,Defeat,5,0,5,72,14,0,2,211,-1,,1,9,0,1413022251
gym-e4-protect.encounter,taunt-instrument,138,Defeat,5,0,5,72,1,0,1,166,-1,,1,7,0,3082490376
gym-e4-protect.encounter,taunt-instrument,139,Victory,6,0,6,80,1,40,0,150,-1,,1,8,0,2925980464
gym-e4-protect.encounter,taunt-instrument,140,Defeat,9,0,9,112,16,0,1,128,-1,,1,11,0,1903019215
gym-e4-protect.encounter,taunt-instrument,141,Defeat,5,0,5,72,10,0,1,188,-1,,1,8,0,3320675050
gym-e4-protect.encounter,taunt-instrument,142,Victory,7,0,7,104,9,120,0,153,-1,,1,12,0,127402861
gym-e4-protect.encounter,taunt-instrument,143,Defeat,5,0,5,48,1,0,3,183,-1,,1,7,1,818791455
gym-e4-protect.encounter,taunt-instrument,144,Defeat,5,0,5,72,5,0,1,188,-1,,1,9,0,1596617429
gym-e4-protect.encounter,taunt-instrument,145,Defeat,4,0,4,56,6,0,3,214,-1,,1,7,0,3122563460
gym-e4-protect.encounter,taunt-instrument,146,Defeat,5,0,5,64,6,0,2,212,-1,,1,8,0,154884065
gym-e4-protect.encounter,taunt-instrument,147,Defeat,5,0,5,64,13,0,2,200,-1,,1,10,0,780528655
gym-e4-protect.encounter,taunt-instrument,148,Defeat,4,0,4,64,3,0,2,225,-1,,1,7,0,227592532
gym-e4-protect.encounter,taunt-instrument,149,Victory,7,0,7,104,7,40,0,138,-1,,1,11,0,568845033
gym-e4-protect.encounter,taunt-instrument,150,Defeat,5,0,5,64,3,0,2,187,-1,,1,10,0,3806237903
gym-e4-protect.encounter,taunt-instrument,151,Defeat,4,0,4,64,1,0,2,187,-1,,1,6,0,1989891997
gym-e4-protect.encounter,taunt-instrument,152,Defeat,4,0,4,64,3,0,2,200,-1,,1,7,0,3126920072
gym-e4-protect.encounter,taunt-instrument,153,Victory,6,0,6,96,4,135,0,158,-1,,1,9,0,3964719594
gym-e4-protect.encounter,taunt-instrument,154,Defeat,5,0,5,64,2,0,3,200,-1,,1,10,0,1789134232
gym-e4-protect.encounter,taunt-instrument,155,Defeat,4,0,4,64,5,0,2,212,-1,,1,6,0,811498859
gym-e4-protect.encounter,taunt-instrument,156,Victory,7,0,7,104,5,40,0,138,-1,,1,10,0,2405529833
gym-e4-protect.encounter,taunt-instrument,157,Defeat,5,0,5,72,4,0,1,200,-1,,1,8,0,2650484997
gym-e4-protect.encounter,taunt-instrument,158,Defeat,5,0,5,72,1,0,1,166,-1,,1,7,0,3082490376
gym-e4-protect.encounter,taunt-instrument,159,Defeat,4,0,4,56,0,0,2,214,-1,,1,7,0,2512257358
gym-e4-protect.encounter,taunt-instrument,160,Defeat,4,0,4,40,3,0,3,220,-1,,1,5,0,194139455
gym-e4-protect.encounter,taunt-instrument,161,Defeat,5,0,5,72,10,0,1,155,-1,,1,8,0,1561958756
gym-e4-protect.encounter,taunt-instrument,162,Defeat,5,0,5,72,2,0,1,166,-1,,1,7,0,981427685
gym-e4-protect.encounter,taunt-instrument,163,Defeat,5,0,5,72,1,0,1,155,-1,,1,7,0,2526605332
gym-e4-protect.encounter,taunt-instrument,164,Victory,6,0,6,96,6,165,0,133,-1,,1,8,0,2092655664
gym-e4-protect.encounter,taunt-instrument,165,Defeat,5,0,5,72,10,0,1,155,-1,,1,8,0,1561958756
gym-e4-protect.encounter,taunt-instrument,166,Defeat,5,0,5,72,13,0,3,200,-1,,1,10,0,4137512461
gym-e4-protect.encounter,taunt-instrument,167,Victory,6,0,6,96,4,225,0,116,-1,,1,8,0,3068170408
gym-e4-protect.encounter,taunt-instrument,168,Defeat,5,0,5,64,3,0,2,200,-1,,1,8,0,2251289995
gym-e4-protect.encounter,taunt-instrument,169,Defeat,4,0,4,40,0,0,3,220,-1,,1,6,0,2642618338
gym-e4-protect.encounter,taunt-instrument,170,Defeat,5,0,5,48,12,0,3,216,-1,,1,8,0,284657
gym-e4-protect.encounter,taunt-instrument,171,Defeat,4,0,4,56,5,0,3,200,-1,,1,7,0,2578677431
gym-e4-protect.encounter,taunt-instrument,172,Defeat,5,0,5,48,5,0,3,233,-1,,1,9,0,1619430069
gym-e4-protect.encounter,taunt-instrument,173,Victory,6,0,6,88,9,40,0,172,-1,,1,10,0,1298990468
gym-e4-protect.encounter,taunt-instrument,174,Defeat,5,0,5,64,8,0,2,212,-1,,1,8,0,984700735
gym-e4-protect.encounter,taunt-instrument,175,Defeat,5,0,5,72,5,0,1,166,-1,,1,8,0,1561958756
gym-e4-protect.encounter,taunt-instrument,176,Defeat,4,0,4,56,0,0,2,200,-1,,1,7,0,2498818153
gym-e4-protect.encounter,taunt-instrument,177,Defeat,4,0,4,56,5,0,2,214,-1,,1,7,0,3224714307
gym-e4-protect.encounter,taunt-instrument,178,Defeat,4,0,4,64,0,0,3,225,-1,,1,7,0,4110631783
gym-e4-protect.encounter,taunt-instrument,179,Victory,7,0,7,104,8,120,0,146,-1,,1,12,0,136094654
gym-e4-protect.encounter,taunt-instrument,180,Defeat,5,0,5,48,6,0,3,216,-1,,1,10,0,2262776081
gym-e4-protect.encounter,taunt-instrument,181,Defeat,5,0,5,48,5,0,3,233,-1,,1,9,0,3399970081
gym-e4-protect.encounter,taunt-instrument,182,Defeat,5,0,5,56,8,0,3,200,-1,,1,10,0,2274489792
gym-e4-protect.encounter,taunt-instrument,183,Victory,6,0,6,80,1,40,0,150,-1,,1,8,0,1354404688
gym-e4-protect.encounter,taunt-instrument,184,Victory,7,0,7,104,6,40,0,153,-1,,1,10,0,130360683
gym-e4-protect.encounter,taunt-instrument,185,Victory,7,0,7,104,7,120,0,138,-1,,1,9,0,3917344091
gym-e4-protect.encounter,taunt-instrument,186,Defeat,4,0,4,56,7,0,3,242,-1,,1,7,0,3012053191
gym-e4-protect.encounter,taunt-instrument,187,Victory,5,0,5,72,1,120,0,155,-1,,1,7,0,4064892327
gym-e4-protect.encounter,taunt-instrument,188,Victory,5,0,5,80,0,148,0,140,-1,,1,7,0,3757083945
gym-e4-protect.encounter,taunt-instrument,189,Defeat,7,0,7,104,8,0,1,161,-1,,1,12,0,927845795
gym-e4-protect.encounter,taunt-instrument,190,Defeat,8,0,8,120,20,0,1,120,-1,,1,12,0,2455248176
gym-e4-protect.encounter,taunt-instrument,191,Victory,7,0,7,96,6,40,0,150,-1,,1,11,0,1158192454
gym-e4-protect.encounter,taunt-instrument,192,Victory,7,0,7,112,14,195,0,92,-1,,1,9,0,991141248
gym-e4-protect.encounter,taunt-instrument,193,Defeat,5,0,5,64,2,0,2,187,-1,,1,8,0,2059754768
gym-e4-protect.encounter,taunt-instrument,194,Victory,7,0,7,112,5,150,0,128,-1,,1,10,0,3655849559
gym-e4-protect.encounter,taunt-instrument,195,Defeat,4,0,4,56,10,0,2,200,-1,,1,7,0,3815042252
gym-e4-protect.encounter,taunt-instrument,196,Defeat,6,0,6,80,6,0,2,200,-1,,1,10,0,2962849104
gym-e4-protect.encounter,taunt-instrument,197,Defeat,5,0,5,64,6,0,3,212,-1,,1,10,0,1733910937
gym-e4-protect.encounter,taunt-instrument,198,Defeat,4,0,4,64,5,0,2,237,-1,,1,7,0,4210000768
gym-e4-protect.encounter,taunt-instrument,199,Defeat,4,0,4,48,9,0,3,216,-1,,1,7,0,696161482
gym-e4-protect.encounter,taunt-instrument,200,Victory,6,0,6,96,4,255,0,108,-1,,1,8,0,3271855180
gym-e4-protect.encounter,counter-reserve,1,Defeat,7,0,7,80,29,0,2,180,-1,,1,15,0,4049069513
gym-e4-protect.encounter,counter-reserve,2,Defeat,5,0,5,56,17,0,3,200,-1,,1,10,0,821586109
gym-e4-protect.encounter,counter-reserve,3,Defeat,5,0,5,56,26,0,3,200,-1,,1,10,0,2341065277
gym-e4-protect.encounter,counter-reserve,4,Defeat,5,0,5,64,24,0,3,212,-1,,1,10,0,810411445
gym-e4-protect.encounter,counter-reserve,5,Defeat,5,0,5,56,17,0,3,200,-1,,1,10,0,2231859573
gym-e4-protect.encounter,counter-reserve,6,Defeat,6,0,6,64,13,0,2,162,-1,,1,10,0,1204298571
gym-e4-protect.encounter,counter-reserve,7,Defeat,6,0,6,64,21,0,2,175,-1,,1,12,0,226542773
gym-e4-protect.encounter,counter-reserve,8,Defeat,6,0,6,64,17,0,2,175,-1,,1,11,0,1136104982
gym-e4-protect.encounter,counter-reserve,9,Defeat,6,0,6,64,25,0,3,187,-1,,1,13,0,3946996620
gym-e4-protect.encounter,counter-reserve,10,Defeat,5,0,5,56,16,0,3,214,-1,,1,10,0,3398172598
gym-e4-protect.encounter,counter-reserve,11,Defeat,5,0,5,56,16,0,3,214,-1,,1,10,0,3192780068
gym-e4-protect.encounter,counter-reserve,12,Defeat,5,0,5,56,16,0,3,214,-1,,1,10,0,3192780068
gym-e4-protect.encounter,counter-reserve,13,Defeat,5,0,5,56,23,0,3,214,-1,,1,10,0,169363107
gym-e4-protect.encounter,counter-reserve,14,Defeat,5,0,5,56,15,0,3,214,-1,,1,10,0,2642111679
gym-e4-protect.encounter,counter-reserve,15,Defeat,6,0,6,64,17,0,3,200,-1,,1,13,0,1395618736
gym-e4-protect.encounter,counter-reserve,16,Defeat,5,0,5,56,22,0,3,200,-1,,1,10,0,978701829
gym-e4-protect.encounter,counter-reserve,17,Defeat,5,0,5,56,22,0,2,214,-1,,1,10,0,668598700
gym-e4-protect.encounter,counter-reserve,18,Defeat,5,0,5,56,16,0,3,214,-1,,1,10,0,3398172598
gym-e4-protect.encounter,counter-reserve,19,Defeat,5,0,5,56,16,0,3,214,-1,,1,10,0,3488011932
gym-e4-protect.encounter,counter-reserve,20,Defeat,6,0,6,64,21,0,2,162,-1,,1,10,0,1437446036
gym-e4-protect.encounter,counter-reserve,21,Defeat,5,0,5,56,22,0,3,214,-1,,1,10,0,3631746530
gym-e4-protect.encounter,counter-reserve,22,Defeat,5,0,5,56,16,0,3,214,-1,,1,10,0,365512738
gym-e4-protect.encounter,counter-reserve,23,Defeat,5,0,5,56,16,0,3,214,-1,,1,10,0,2447916821
gym-e4-protect.encounter,counter-reserve,24,Defeat,6,0,6,64,21,0,2,175,-1,,1,13,0,3577608082
gym-e4-protect.encounter,counter-reserve,25,Defeat,5,0,5,56,17,0,3,214,-1,,1,10,0,141264885
gym-e4-protect.encounter,counter-reserve,26,Defeat,6,0,6,64,16,0,3,212,-1,,1,13,0,2140001337
gym-e4-protect.encounter,counter-reserve,27,Defeat,5,0,5,56,16,0,3,214,-1,,1,10,0,254578080
gym-e4-protect.encounter,counter-reserve,28,Defeat,4,0,4,48,16,0,3,200,-1,,1,7,0,751814953
gym-e4-protect.encounter,counter-reserve,29,Defeat,5,0,5,56,16,0,3,214,-1,,1,10,0,2391604280
gym-e4-protect.encounter,counter-reserve,30,Defeat,7,0,7,72,22,0,2,144,-1,,1,13,0,179301447
gym-e4-protect.encounter,counter-reserve,31,Defeat,5,0,5,48,14,0,3,183,-1,,1,8,0,4153896858
gym-e4-protect.encounter,counter-reserve,32,Defeat,6,0,6,64,22,0,3,200,-1,,1,13,0,2182287578
gym-e4-protect.encounter,counter-reserve,33,Defeat,5,0,5,56,16,0,3,214,-1,,1,10,0,877229277
gym-e4-protect.encounter,counter-reserve,34,Defeat,8,0,8,88,28,0,1,145,-1,,1,14,0,3175839818
gym-e4-protect.encounter,counter-reserve,35,Defeat,5,0,5,56,23,0,3,200,-1,,1,10,0,3070590639
gym-e4-protect.encounter,counter-reserve,36,Defeat,5,0,5,56,16,0,3,214,-1,,1,10,0,2984851794
gym-e4-protect.encounter,counter-reserve,37,Defeat,5,0,5,56,21,0,3,200,-1,,1,10,0,1167071730
gym-e4-protect.encounter,counter-reserve,38,Defeat,5,0,5,56,21,0,3,200,-1,,1,10,0,2145027564
gym-e4-protect.encounter,counter-reserve,39,Defeat,5,0,5,56,16,0,3,200,-1,,1,10,0,689879576
gym-e4-protect.encounter,counter-reserve,40,Defeat,5,0,5,56,16,0,3,214,-1,,1,10,0,3192780068
gym-e4-protect.encounter,counter-reserve,41,Defeat,4,0,4,48,24,0,3,183,-1,,1,7,0,2796454322
gym-e4-protect.encounter,counter-reserve,42,Defeat,5,0,5,56,16,0,3,214,-1,,1,10,0,3192780068
gym-e4-protect.encounter,counter-reserve,43,Defeat,5,0,5,56,22,0,3,185,-1,,1,10,0,213317004
gym-e4-protect.encounter,counter-reserve,44,Defeat,5,0,5,56,25,0,3,228,-1,,1,10,0,2482059394
gym-e4-protect.encounter,counter-reserve,45,Defeat,5,0,5,56,23,0,3,214,-1,,1,10,0,444870714
gym-e4-protect.encounter,counter-reserve,46,Defeat,5,0,5,56,20,0,3,228,-1,,1,10,0,2983646576
gym-e4-protect.encounter,counter-reserve,47,Defeat,5,0,5,56,16,0,3,214,-1,,1,10,0,3192780068
gym-e4-protect.encounter,counter-reserve,48,Defeat,5,0,5,56,16,0,3,214,-1,,1,10,0,3192780068
gym-e4-protect.encounter,counter-reserve,49,Defeat,5,0,5,56,21,0,3,200,-1,,1,10,0,2182562877
gym-e4-protect.encounter,counter-reserve,50,Defeat,5,0,5,56,21,0,3,200,-1,,1,10,0,12945282
gym-e4-protect.encounter,counter-reserve,51,Defeat,5,0,5,56,21,0,3,200,-1,,1,10,0,3304828846
gym-e4-protect.encounter,counter-reserve,52,Defeat,5,0,5,56,16,0,3,214,-1,,1,10,0,3649305374
gym-e4-protect.encounter,counter-reserve,53,Defeat,6,0,6,64,32,0,3,212,-1,,1,12,0,3862353012
gym-e4-protect.encounter,counter-reserve,54,Defeat,6,0,6,72,18,0,3,233,-1,,1,13,0,1315118563
gym-e4-protect.encounter,counter-reserve,55,Defeat,5,0,5,56,22,0,3,214,-1,,1,9,0,3039335621
gym-e4-protect.encounter,counter-reserve,56,Defeat,5,0,5,56,18,0,3,214,-1,,1,10,0,2700695127
gym-e4-protect.encounter,counter-reserve,57,Defeat,5,0,5,56,18,0,3,214,-1,,1,10,0,3305280466
gym-e4-protect.encounter,counter-reserve,58,Defeat,5,0,5,48,14,0,3,216,-1,,1,8,0,2394550019
gym-e4-protect.encounter,counter-reserve,59,Defeat,6,0,6,64,22,0,2,175,-1,,1,12,0,1849518587
gym-e4-protect.encounter,counter-reserve,60,Defeat,5,0,5,56,17,0,3,214,-1,,1,10,0,2192400433
gym-e4-protect.encounter,counter-reserve,61,Defeat,8,0,8,88,19,0,2,145,-1,,1,14,0,2888918327
gym-e4-protect.encounter,counter-reserve,62,Defeat,5,0,5,56,23,0,2,200,-1,,1,10,0,2391458393
gym-e4-protect.encounter,counter-reserve,63,Defeat,6,0,6,64,16,0,2,175,-1,,1,11,0,2263025228
gym-e4-protect.encounter,counter-reserve,64,Defeat,5,0,5,56,17,0,3,214,-1,,1,10,0,3170884004
gym-e4-protect.encounter,counter-reserve,65,Defeat,5,0,5,56,16,0,3,214,-1,,1,10,0,799137239
gym-e4-protect.encounter,counter-reserve,66,Defeat,5,0,5,56,18,0,3,214,-1,,1,10,0,3724278171
gym-e4-protect.encounter,counter-reserve,67,Defeat,5,0,5,56,16,0,3,214,-1,,1,10,0,3398172598
gym-e4-protect.encounter,counter-reserve,68,Defeat,5,0,5,56,18,0,3,185,-1,,1,10,0,1276664336
gym-e4-protect.encounter,counter-reserve,69,Defeat,7,0,7,80,23,0,2,190,-1,,1,14,0,929089737
gym-e4-protect.encounter,counter-reserve,70,Defeat,5,0,5,56,16,0,3,214,-1,,1,10,0,3166924156
gym-e4-protect.encounter,counter-reserve,71,Defeat,7,0,7,80,42,0,3,190,-1,,1,16,0,2044726875
gym-e4-protect.encounter,counter-reserve,72,Defeat,6,0,6,56,15,0,3,242,-1,,1,13,0,37162080
gym-e4-protect.encounter,counter-reserve,73,Defeat,6,0,6,64,16,0,2,200,-1,,1,13,0,3464734933
gym-e4-protect.encounter,counter-reserve,74,Victory,11,0,11,112,21,71,0,128,-1,,1,14,0,3282248689
gym-e4-protect.encounter,counter-reserve,75,Defeat,7,0,7,72,17,0,3,200,-1,,1,16,0,2658385408
gym-e4-protect.encounter,counter-reserve,76,Defeat,5,0,5,56,14,0,3,242,-1,,1,10,0,3303128239
gym-e4-protect.encounter,counter-reserve,77,Defeat,5,0,5,56,16,0,3,214,-1,,1,10,0,3192780068
gym-e4-protect.encounter,counter-reserve,78,Defeat,4,0,4,48,16,0,3,183,-1,,1,7,0,3827368504
gym-e4-protect.encounter,counter-reserve,79,Defeat,5,0,5,56,17,0,3,185,-1,,1,10,0,300001243
gym-e4-protect.encounter,counter-reserve,80,Defeat,5,0,5,56,13,0,3,200,-1,,1,10,0,1170056183
gym-e4-protect.encounter,counter-reserve,81,Defeat,7,0,7,80,22,0,2,190,-1,,1,16,0,1629217201
gym-e4-protect.encounter,counter-reserve,82,Defeat,5,0,5,56,16,0,3,214,-1,,1,10,0,3192780068
gym-e4-protect.encounter,counter-reserve,83,Defeat,6,0,6,64,23,0,3,200,-1,,1,13,0,2049180505
gym-e4-protect.encounter,counter-reserve,84,Defeat,6,0,6,64,17,0,3,200,-1,,1,13,0,2371793853
gym-e4-protect.encounter,counter-reserve,85,Defeat,7,0,7,72,14,0,2,200,-1,,1,14,0,3580880873
gym-e4-protect.encounter,counter-reserve,86,Defeat,5,0,5,56,17,0,3,214,-1,,1,10,0,15290988
gym-e4-protect.encounter,counter-reserve,87,Defeat,8,0,8,88,22,0,1,145,-1,,1,14,0,931120393
gym-e4-protect.encounter,counter-reserve,88,Defeat,6,0,6,64,30,0,3,212,-1,,1,13,0,3067093431
gym-e4-protect.encounter,counter-reserve,89,Defeat,4,0,4,40,8,0,3,220,-1,,1,7,0,1785025571
gym-e4-protect.encounter,counter-reserve,90,Defeat,5,0,5,56,16,0,3,214,-1,,1,10,0,3649305374
gym-e4-protect.encounter,counter-reserve,91,Defeat,5,0,5,56,16,0,3,214,-1,,1,10,0,3192780068
gym-e4-protect.encounter,counter-reserve,92,Defeat,5,0,5,56,16,0,3,214,-1,,1,10,0,3192780068
gym-e4-protect.encounter,counter-reserve,93,Defeat,5,0,5,56,22,0,3,200,-1,,1,10,0,3157838172
gym-e4-protect.encounter,counter-reserve,94,Defeat,5,0,5,56,16,0,3,214,-1,,1,10,0,3073826527
gym-e4-protect.encounter,counter-reserve,95,Defeat,6,0,6,64,17,0,3,187,-1,,1,13,0,879626222
gym-e4-protect.encounter,counter-reserve,96,Defeat,5,0,5,56,16,0,3,214,-1,,1,10,0,3192780068
gym-e4-protect.encounter,counter-reserve,97,Defeat,6,0,6,64,26,0,3,212,-1,,1,13,0,2772330968
gym-e4-protect.encounter,counter-reserve,98,Defeat,6,0,6,72,20,0,2,166,-1,,1,11,0,643873905
gym-e4-protect.encounter,counter-reserve,99,Defeat,5,0,5,56,22,0,3,214,-1,,1,10,0,1289880291
gym-e4-protect.encounter,counter-reserve,100,Defeat,5,0,5,56,21,0,3,200,-1,,1,8,0,4150017508
gym-e4-protect.encounter,counter-reserve,101,Defeat,5,0,5,56,16,0,3,214,-1,,1,10,0,1373240761
gym-e4-protect.encounter,counter-reserve,102,Defeat,4,0,4,40,8,0,3,240,-1,,1,7,0,121179153
gym-e4-protect.encounter,counter-reserve,103,Defeat,5,0,5,56,16,0,3,214,-1,,1,10,0,3192780068
gym-e4-protect.encounter,counter-reserve,104,Defeat,5,0,5,56,16,0,3,200,-1,,1,10,0,3936426042
gym-e4-protect.encounter,counter-reserve,105,Defeat,5,0,5,56,16,0,3,214,-1,,1,10,0,995850806
gym-e4-protect.encounter,counter-reserve,106,Defeat,6,0,6,64,28,0,3,162,-1,,1,13,0,2392401726
gym-e4-protect.encounter,counter-reserve,107,Defeat,6,0,6,64,16,0,2,175,-1,,1,10,0,3932361176
gym-e4-protect.encounter,counter-reserve,108,Defeat,5,0,5,56,16,0,3,214,-1,,1,10,0,236478168
gym-e4-protect.encounter,counter-reserve,109,Defeat,5,0,5,56,22,0,3,228,-1,,1,10,0,856987788
gym-e4-protect.encounter,counter-reserve,110,Defeat,5,0,5,56,16,0,3,200,-1,,1,10,0,4028894186
gym-e4-protect.encounter,counter-reserve,111,Defeat,6,0,6,72,31,0,2,177,-1,,1,13,0,1867741220
gym-e4-protect.encounter,counter-reserve,112,Defeat,5,0,5,56,22,0,3,214,-1,,1,10,0,2260577263
gym-e4-protect.encounter,counter-reserve,113,Defeat,8,0,8,88,32,0,2,145,-1,,1,19,0,3945325401
gym-e4-protect.encounter,counter-reserve,114,Defeat,6,0,6,72,26,0,2,188,-1,,1,13,0,2249152227
gym-e4-protect.encounter,counter-reserve,115,Defeat,5,0,5,56,22,0,3,185,-1,,1,10,0,4215362390
gym-e4-protect.encounter,counter-reserve,116,Defeat,6,0,6,64,16,0,2,175,-1,,1,10,0,3797922369
gym-e4-protect.encounter,counter-reserve,117,Defeat,5,0,5,56,16,0,3,200,-1,,1,10,0,2432933781
gym-e4-protect.encounter,counter-reserve,118,Defeat,5,0,5,56,16,0,2,157,-1,,1,9,0,2964422053
gym-e4-protect.encounter,counter-reserve,119,Defeat,6,0,6,64,17,0,2,175,-1,,1,10,0,3958617944
gym-e4-protect.encounter,counter-reserve,120,Defeat,9,0,9,96,19,0,1,158,-1,,1,14,0,3931988988
gym-e4-protect.encounter,counter-reserve,121,Defeat,5,0,5,56,23,0,3,200,-1,,1,10,0,3652001444
gym-e4-protect.encounter,counter-reserve,122,Defeat,5,0,5,56,24,0,3,214,-1,,1,10,0,1778745774
gym-e4-protect.encounter,counter-reserve,123,Defeat,5,0,5,56,16,0,3,214,-1,,1,10,0,3192780068
gym-e4-protect.encounter,counter-reserve,124,Defeat,5,0,5,56,17,0,2,200,-1,,1,10,0,1134370696
gym-e4-protect.encounter,counter-reserve,125,Defeat,5,0,5,56,13,0,3,214,-1,,1,10,0,3192780068
gym-e4-protect.encounter,counter-reserve,126,Defeat,6,0,6,64,24,0,2,175,-1,,1,11,0,1116594506
gym-e4-protect.encounter,counter-reserve,127,Defeat,8,0,8,88,23,0,2,154,-1,,1,14,0,777547582
gym-e4-protect.encounter,counter-reserve,128,Defeat,5,0,5,56,16,0,3,214,-1,,1,10,0,3314765284
gym-e4-protect.encounter,counter-reserve,129,Defeat,5,0,5,56,16,0,3,214,-1,,1,10,0,929686022
gym-e4-protect.encounter,counter-reserve,130,Defeat,5,0,5,56,16,0,3,214,-1,,1,10,0,445300769
gym-e4-protect.encounter,counter-reserve,131,Defeat,5,0,5,56,18,0,3,171,-1,,1,9,0,1171681173
gym-e4-protect.encounter,counter-reserve,132,Defeat,5,0,5,56,16,0,3,214,-1,,1,10,0,2447916821
gym-e4-protect.encounter,counter-reserve,133,Defeat,7,0,7,80,31,0,2,170,-1,,1,12,0,13376611
gym-e4-protect.encounter,counter-reserve,134,Defeat,5,0,5,56,14,0,2,214,-1,,1,10,0,2955135511
gym-e4-protect.encounter,counter-reserve,135,Defeat,5,0,5,56,17,0,3,214,-1,,1,10,0,3920046367
gym-e4-protect.encounter,counter-reserve,136,Defeat,6,0,6,64,24,0,3,212,-1,,1,13,0,887019061
gym-e4-protect.encounter,counter-reserve,137,Defeat,6,0,6,64,24,0,3,212,-1,,1,13,0,908885913
gym-e4-protect.encounter,counter-reserve,138,Defeat,5,0,5,56,17,0,3,214,-1,,1,10,0,2767541468
gym-e4-protect.encounter,counter-reserve,139,Defeat,5,0,5,56,16,0,3,214,-1,,1,10,0,3192780068
gym-e4-protect.encounter,counter-reserve,140,Defeat,5,0,5,56,17,0,3,214,-1,,1,10,0,1989704383
gym-e4-protect.encounter,counter-reserve,141,Defeat,6,0,6,72,29,0,2,177,-1,,1,13,0,439273914
gym-e4-protect.encounter,counter-reserve,142,Defeat,5,0,5,56,26,0,3,214,-1,,1,10,0,3888346930
gym-e4-protect.encounter,counter-reserve,143,Defeat,5,0,5,56,21,0,2,200,-1,,1,9,0,1563483048
gym-e4-protect.encounter,counter-reserve,144,Defeat,5,0,5,56,16,0,3,214,-1,,1,10,0,2976848406
gym-e4-protect.encounter,counter-reserve,145,Defeat,5,0,5,56,17,0,3,214,-1,,1,10,0,1806277397
gym-e4-protect.encounter,counter-reserve,146,Defeat,5,0,5,64,21,0,3,212,-1,,1,10,0,2316426862
gym-e4-protect.encounter,counter-reserve,147,Defeat,5,0,5,56,16,0,3,214,-1,,1,10,0,323449238
gym-e4-protect.encounter,counter-reserve,148,Defeat,5,0,5,56,15,0,3,214,-1,,1,10,0,1808026634
gym-e4-protect.encounter,counter-reserve,149,Defeat,6,0,6,56,13,0,3,200,-1,,1,13,0,3286015087
gym-e4-protect.encounter,counter-reserve,150,Defeat,5,0,5,56,16,0,3,200,-1,,1,10,0,2432933781
gym-e4-protect.encounter,counter-reserve,151,Defeat,5,0,5,56,16,0,3,214,-1,,1,10,0,1373240761
gym-e4-protect.encounter,counter-reserve,152,Defeat,4,0,4,48,16,0,3,200,-1,,1,7,0,1550843162
gym-e4-protect.encounter,counter-reserve,153,Defeat,5,0,5,56,17,0,3,200,-1,,1,10,0,139758216
gym-e4-protect.encounter,counter-reserve,154,Defeat,6,0,6,64,23,0,3,212,-1,,1,13,0,561039111
gym-e4-protect.encounter,counter-reserve,155,Defeat,5,0,5,56,16,0,2,171,-1,,1,9,0,2340585901
gym-e4-protect.encounter,counter-reserve,156,Defeat,5,0,5,56,16,0,3,214,-1,,1,10,0,1955170625
gym-e4-protect.encounter,counter-reserve,157,Defeat,5,0,5,56,17,0,3,214,-1,,1,10,0,3402765761
gym-e4-protect.encounter,counter-reserve,158,Defeat,5,0,5,56,16,0,3,214,-1,,1,10,0,3192780068
gym-e4-protect.encounter,counter-reserve,159,Defeat,5,0,5,56,16,0,3,214,-1,,1,10,0,2880362145
gym-e4-protect.encounter,counter-reserve,160,Defeat,5,0,5,56,28,0,3,228,-1,,1,10,0,2777239978
gym-e4-protect.encounter,counter-reserve,161,Defeat,5,0,5,56,26,0,3,200,-1,,1,10,0,663692317
gym-e4-protect.encounter,counter-reserve,162,Defeat,6,0,6,72,31,0,3,188,-1,,1,13,0,740499720
gym-e4-protect.encounter,counter-reserve,163,Defeat,5,0,5,56,16,0,3,214,-1,,1,10,0,3192780068
gym-e4-protect.encounter,counter-reserve,164,Defeat,5,0,5,56,22,0,3,214,-1,,1,10,0,2936155699
gym-e4-protect.encounter,counter-reserve,165,Defeat,5,0,5,56,16,0,3,200,-1,,1,10,0,3936426042
gym-e4-protect.encounter,counter-reserve,166,Defeat,6,0,6,64,22,0,3,187,-1,,1,13,0,3442892739
gym-e4-protect.encounter,counter-reserve,167,Defeat,5,0,5,56,22,0,2,214,-1,,1,10,0,17942541
gym-e4-protect.encounter,counter-reserve,168,Defeat,6,0,6,72,25,0,2,177,-1,,1,13,0,674844846
gym-e4-protect.encounter,counter-reserve,169,Defeat,5,0,5,48,13,0,3,166,-1,,1,7,0,221783239
gym-e4-protect.encounter,counter-reserve,170,Defeat,6,0,6,64,21,0,3,175,-1,,1,12,0,258263430
gym-e4-protect.encounter,counter-reserve,171,Defeat,9,0,9,104,39,0,2,138,-1,,1,16,0,1249670268
gym-e4-protect.encounter,counter-reserve,172,Defeat,5,0,5,48,22,0,3,233,-1,,1,10,0,2182198589
gym-e4-protect.encounter,counter-reserve,173,Defeat,5,0,5,56,16,0,3,214,-1,,1,10,0,571647233
gym-e4-protect.encounter,counter-reserve,174,Defeat,7,0,7,80,25,0,2,150,-1,,1,12,0,2648908035
gym-e4-protect.encounter,counter-reserve,175,Defeat,6,0,6,64,28,0,3,212,-1,,1,13,0,236447776
gym-e4-protect.encounter,counter-reserve,176,Defeat,5,0,5,56,16,0,3,214,-1,,1,10,0,3073826527
gym-e4-protect.encounter,counter-reserve,177,Defeat,6,0,6,64,17,0,2,175,-1,,1,10,0,1672498069
gym-e4-protect.encounter,counter-reserve,178,Defeat,7,0,7,72,16,0,1,166,-1,,1,12,0,3786059605
gym-e4-protect.encounter,counter-reserve,179,Defeat,5,0,5,64,30,0,3,200,-1,,1,10,0,3327754272
gym-e4-protect.encounter,counter-reserve,180,Defeat,6,0,6,64,26,0,3,212,-1,,1,13,0,1769444744
gym-e4-protect.encounter,counter-reserve,181,Defeat,6,0,6,64,23,0,3,175,-1,,1,13,0,3313931990
gym-e4-protect.encounter,counter-reserve,182,Defeat,5,0,5,56,19,0,2,171,-1,,1,8,0,480484403
gym-e4-protect.encounter,counter-reserve,183,Defeat,5,0,5,56,16,0,3,214,-1,,1,10,0,477653837
gym-e4-protect.encounter,counter-reserve,184,Defeat,5,0,5,56,17,0,3,214,-1,,1,10,0,141264885
gym-e4-protect.encounter,counter-reserve,185,Defeat,7,0,7,80,22,0,2,150,-1,,1,12,0,4072048816
gym-e4-protect.encounter,counter-reserve,186,Defeat,6,0,6,64,22,0,3,212,-1,,1,13,0,3838269022
gym-e4-protect.encounter,counter-reserve,187,Defeat,5,0,5,56,16,0,3,214,-1,,1,10,0,3192780068
gym-e4-protect.encounter,counter-reserve,188,Defeat,8,0,8,88,18,0,1,154,-1,,1,14,0,438992691
gym-e4-protect.encounter,counter-reserve,189,Defeat,5,0,5,56,20,0,3,200,-1,,1,10,0,2009161307
gym-e4-protect.encounter,counter-reserve,190,Defeat,6,0,6,64,19,0,3,212,-1,,1,13,0,2733499802
gym-e4-protect.encounter,counter-reserve,191,Defeat,5,0,5,56,22,0,3,214,-1,,1,10,0,110380553
gym-e4-protect.encounter,counter-reserve,192,Defeat,6,0,6,72,30,0,2,188,-1,,1,13,0,2129065288
gym-e4-protect.encounter,counter-reserve,193,Defeat,5,0,5,56,16,0,3,214,-1,,1,10,0,3329003860
gym-e4-protect.encounter,counter-reserve,194,Defeat,6,0,6,72,21,0,2,188,-1,,1,13,0,3008662605
gym-e4-protect.encounter,counter-reserve,195,Defeat,5,0,5,56,22,0,3,200,-1,,1,10,0,231241890
gym-e4-protect.encounter,counter-reserve,196,Defeat,6,0,6,64,26,0,3,237,-1,,1,13,0,612085007
gym-e4-protect.encounter,counter-reserve,197,Defeat,6,0,6,64,19,0,3,200,-1,,1,13,0,3032672613
gym-e4-protect.encounter,counter-reserve,198,Defeat,6,0,6,64,22,0,3,212,-1,,1,13,0,3527249115
gym-e4-protect.encounter,counter-reserve,199,Defeat,6,0,6,64,19,0,2,175,-1,,1,11,0,2478245708
gym-e4-protect.encounter,counter-reserve,200,Defeat,4,0,4,48,21,0,3,233,-1,,1,7,0,3031569281
gym-e4-rv_masa_b.encounter,attack-only,1,Defeat,3,0,3,40,3,0,3,220,-1,,1,4,0,3055437648
gym-e4-rv_masa_b.encounter,attack-only,2,Defeat,4,0,4,48,0,0,2,216,-1,,1,7,0,2487283337
gym-e4-rv_masa_b.encounter,attack-only,3,Defeat,3,0,3,32,2,0,3,250,-1,,1,4,0,2100987149
gym-e4-rv_masa_b.encounter,attack-only,4,Defeat,3,0,3,32,0,0,3,250,-1,,1,4,0,4087812493
gym-e4-rv_masa_b.encounter,attack-only,5,Defeat,4,0,4,48,2,0,3,216,-1,,1,7,0,924744840
gym-e4-rv_masa_b.encounter,attack-only,6,Defeat,4,0,4,40,5,0,3,180,-1,,1,5,1,2803289408
gym-e4-rv_masa_b.encounter,attack-only,7,Defeat,3,0,3,40,0,0,3,220,-1,,1,4,0,3627432612
gym-e4-rv_masa_b.encounter,attack-only,8,Defeat,4,0,4,48,0,0,2,216,-1,,1,7,0,1648434273
gym-e4-rv_masa_b.encounter,attack-only,9,Defeat,4,0,4,48,1,0,2,183,-1,,1,6,0,87146525
gym-e4-rv_masa_b.encounter,attack-only,10,Defeat,3,0,3,40,5,0,3,200,-1,,1,4,0,1983488002
gym-e4-rv_masa_b.encounter,attack-only,11,Defeat,3,0,3,40,0,0,2,200,-1,,1,4,0,584372173
gym-e4-rv_masa_b.encounter,attack-only,12,Defeat,3,0,3,40,0,0,2,200,-1,,1,4,0,584372173
gym-e4-rv_masa_b.encounter,attack-only,13,Defeat,4,0,4,48,0,0,2,183,-1,,1,5,0,806973475
gym-e4-rv_masa_b.encounter,attack-only,14,Defeat,4,0,4,48,7,0,2,183,-1,,1,6,0,2551679556
gym-e4-rv_masa_b.encounter,attack-only,15,Defeat,3,0,3,40,0,0,2,220,-1,,1,4,0,2481503767
gym-e4-rv_masa_b.encounter,attack-only,16,Defeat,3,0,3,40,0,0,3,220,-1,,1,4,0,2135237219
gym-e4-rv_masa_b.encounter,attack-only,17,Defeat,4,0,4,48,12,0,2,183,-1,,1,6,0,47450749
gym-e4-rv_masa_b.encounter,attack-only,18,Defeat,5,0,5,56,5,0,2,185,-1,,1,8,0,921618779
gym-e4-rv_masa_b.encounter,attack-only,19,Defeat,3,0,3,40,0,0,3,220,-1,,1,4,0,1955615281
gym-e4-rv_masa_b.encounter,attack-only,20,Defeat,3,0,3,32,5,0,3,200,-1,,1,3,0,2028604137
gym-e4-rv_masa_b.encounter,attack-only,21,Defeat,3,0,3,40,0,0,2,200,-1,,1,4,0,584372173
gym-e4-rv_masa_b.encounter,attack-only,22,Defeat,5,0,5,56,2,0,2,214,-1,,1,9,0,625552825
gym-e4-rv_masa_b.encounter,attack-only,23,Defeat,3,0,3,40,0,0,2,200,-1,,1,4,0,584372173
gym-e4-rv_masa_b.encounter,attack-only,24,Defeat,3,0,3,32,1,0,3,175,-1,,1,3,1,2525625653
gym-e4-rv_masa_b.encounter,attack-only,25,Defeat,5,0,5,56,0,0,2,214,-1,,1,9,0,927169105
gym-e4-rv_masa_b.encounter,attack-only,26,Defeat,4,0,4,40,0,0,3,220,-1,,1,7,0,2492728115
gym-e4-rv_masa_b.encounter,attack-only,27,Defeat,3,0,3,32,0,0,3,200,-1,,1,4,0,3740576690
gym-e4-rv_masa_b.encounter,attack-only,28,Defeat,3,0,3,32,1,0,3,225,-1,,1,3,0,745658052
gym-e4-rv_masa_b.encounter,attack-only,29,Defeat,4,0,4,48,5,0,3,183,-1,,1,7,0,3907912367
gym-e4-rv_masa_b.encounter,attack-only,30,Defeat,3,0,3,32,5,0,3,175,-1,,1,3,0,2915867230
gym-e4-rv_masa_b.encounter,attack-only,31,Defeat,4,0,4,48,2,0,3,233,-1,,1,7,0,3210331296
gym-e4-rv_masa_b.encounter,attack-only,32,Defeat,3,0,3,32,1,0,3,200,-1,,1,4,0,4229463807
gym-e4-rv_masa_b.encounter,attack-only,33,Defeat,4,0,4,48,5,0,3,216,-1,,1,7,0,2340747304
gym-e4-rv_masa_b.encounter,attack-only,34,Defeat,3,0,3,40,0,0,2,200,-1,,1,4,0,584372173
gym-e4-rv_masa_b.encounter,attack-only,35,Defeat,3,0,3,40,5,0,2,240,-1,,1,4,0,306747542
gym-e4-rv_masa_b.encounter,attack-only,36,Defeat,3,0,3,40,0,0,3,220,-1,,1,4,0,2599793489
gym-e4-rv_masa_b.encounter,attack-only,37,Defeat,4,0,4,48,0,0,2,183,-1,,1,5,0,806973475
gym-e4-rv_masa_b.encounter,attack-only,38,Defeat,3,0,3,40,7,0,2,240,-1,,1,4,0,2965156030
gym-e4-rv_masa_b.encounter,attack-only,39,Defeat,3,0,3,32,1,0,3,200,-1,,1,4,0,3843009573
gym-e4-rv_masa_b.encounter,attack-only,40,Defeat,3,0,3,40,6,0,2,200,-1,,1,4,0,1032432985
gym-e4-rv_masa_b.encounter,attack-only,41,Defeat,4,0,4,48,5,0,2,233,-1,,1,7,0,1141468180
gym-e4-rv_masa_b.encounter,attack-only,42,Defeat,3,0,3,40,0,0,2,200,-1,,1,4,0,584372173
gym-e4-rv_masa_b.encounter,attack-only,43,Defeat,3,0,3,32,0,0,3,200,-1,,1,4,0,4289706222
gym-e4-rv_masa_b.encounter,attack-only,44,Defeat,4,0,4,40,5,0,3,200,-1,,1,5,0,2608656847
gym-e4-rv_masa_b.encounter,attack-only,45,Defeat,3,0,3,40,1,0,3,200,-1,,1,4,0,1003577781
gym-e4-rv_masa_b.encounter,attack-only,46,Defeat,3,0,3,32,2,0,3,200,-1,,1,3,1,2972546328
gym-e4-rv_masa_b.encounter,attack-only,47,Defeat,3,0,3,40,0,0,2,200,-1,,1,4,0,584372173
gym-e4-rv_masa_b.encounter,attack-only,48,Defeat,3,0,3,40,0,0,2,200,-1,,1,4,0,584372173
gym-e4-rv_masa_b.encounter,attack-only,49,Defeat,4,0,4,48,8,0,2,183,-1,,1,6,0,1093719575
gym-e4-rv_masa_b.encounter,attack-only,50,Defeat,3,0,3,40,0,0,3,220,-1,,1,4,0,283418287
gym-e4-rv_masa_b.encounter,attack-only,51,Defeat,5,0,5,56,3,0,2,157,-1,,1,10,0,207299987
gym-e4-rv_masa_b.encounter,attack-only,52,Defeat,3,0,3,40,0,0,3,220,-1,,1,4,0,2426994718
gym-e4-rv_masa_b.encounter,attack-only,53,Defeat,4,0,4,40,3,0,3,200,-1,,1,7,0,2378785802
gym-e4-rv_masa_b.encounter,attack-only,54,Defeat,3,0,3,40,1,0,3,240,-1,,1,4,0,3899677775
gym-e4-rv_masa_b.encounter,attack-only,55,Defeat,3,0,3,32,1,0,3,225,-1,,1,4,0,1877745178
gym-e4-rv_masa_b.encounter,attack-only,56,Defeat,4,0,4,48,0,0,2,233,-1,,1,7,0,1218641410
gym-e4-rv_masa_b.encounter,attack-only,57,Defeat,4,0,4,48,0,0,3,216,-1,,1,7,0,3236490303
gym-e4-rv_masa_b.encounter,attack-only,58,Defeat,3,0,3,32,0,0,3,200,-1,,1,3,0,2678989432
gym-e4-rv_masa_b.encounter,attack-only,59,Defeat,3,0,3,40,5,0,2,240,-1,,1,4,0,3553072554
gym-e4-rv_masa_b.encounter,attack-only,60,Defeat,3,0,3,40,0,0,2,200,-1,,1,4,0,4164968602
gym-e4-rv_masa_b.encounter,attack-only,61,Defeat,3,0,3,32,0,0,3,200,-1,,1,4,0,3740576690
gym-e4-rv_masa_b.encounter,attack-only,62,Defeat,4,0,4,48,12,0,3,166,-1,,1,7,0,859684433
gym-e4-rv_masa_b.encounter,attack-only,63,Defeat,3,0,3,40,0,0,2,200,-1,,1,4,0,3740234793
gym-e4-rv_masa_b.encounter,attack-only,64,Defeat,3,0,3,40,0,0,3,220,-1,,1,4,0,945655509
gym-e4-rv_masa_b.encounter,attack-only,65,Defeat,3,0,3,40,5,0,3,240,-1,,1,4,0,2463565979
gym-e4-rv_masa_b.encounter,attack-only,66,Defeat,3,0,3,40,2,0,3,220,-1,,1,4,0,3542391101
gym-e4-rv_masa_b.encounter,attack-only,67,Defeat,4,0,4,48,5,0,2,183,-1,,1,6,0,3293872185
gym-e4-rv_masa_b.encounter,attack-only,68,Defeat,5,0,5,48,0,0,3,250,-1,,1,10,0,3269052034
gym-e4-rv_masa_b.encounter,attack-only,69,Defeat,4,0,4,40,3,0,3,200,-1,,1,5,0,3466631933
gym-e4-rv_masa_b.encounter,attack-only,70,Defeat,4,0,4,48,0,0,2,216,-1,,1,7,0,2433009860
gym-e4-rv_masa_b.encounter,attack-only,71,Defeat,3,0,3,32,2,0,3,250,-1,,1,4,0,2100987149
gym-e4-rv_masa_b.encounter,attack-only,72,Defeat,3,0,3,32,0,0,3,200,-1,,1,3,0,2028604137
gym-e4-rv_masa_b.encounter,attack-only,73,Defeat,3,0,3,40,5,0,3,180,-1,,1,4,0,1925739939
gym-e4-rv_masa_b.encounter,attack-only,74,Defeat,4,0,4,40,0,0,3,240,-1,,1,7,0,3761028271
gym-e4-rv_masa_b.encounter,attack-only,75,Defeat,3,0,3,32,5,0,3,225,-1,,1,3,0,4102670695
gym-e4-rv_masa_b.encounter,attack-only,76,Defeat,5,0,5,56,10,0,2,157,-1,,1,10,0,1271718753
gym-e4-rv_masa_b.encounter,attack-only,77,Defeat,3,0,3,40,0,0,2,200,-1,,1,4,0,584372173
gym-e4-rv_masa_b.encounter,attack-only,78,Defeat,3,0,3,40,1,0,2,240,-1,,1,4,0,942768770
gym-e4-rv_masa_b.encounter,attack-only,79,Defeat,3,0,3,40,5,0,2,240,-1,,1,4,0,306747542
gym-e4-rv_masa_b.encounter,attack-only,80,Defeat,3,0,3,40,10,0,3,220,-1,,1,4,0,3083072638
gym-e4-rv_masa_b.encounter,attack-only,81,Defeat,4,0,4,48,0,0,2,233,-1,,1,7,0,3807349376
gym-e4-rv_masa_b.encounter,attack-only,82,Defeat,3,0,3,40,0,0,2,200,-1,,1,4,0,584372173
gym-e4-rv_masa_b.encounter,attack-only,83,Defeat,5,0,5,56,8,0,3,171,-1,,1,10,0,2352951061
gym-e4-rv_masa_b.encounter,attack-only,84,Defeat,5,0,5,56,0,0,1,185,-1,,1,9,0,3393701986
gym-e4-rv_masa_b.encounter,attack-only,85,Defeat,3,0,3,32,5,0,3,175,-1,,1,3,0,489324277
gym-e4-rv_masa_b.encounter,attack-only,86,Defeat,3,0,3,40,6,0,2,200,-1,,1,4,0,338704647
gym-e4-rv_masa_b.encounter,attack-only,87,Defeat,3,0,3,40,5,0,3,220,-1,,1,4,0,1669340568
gym-e4-rv_masa_b.encounter,attack-only,88,Defeat,4,0,4,48,0,0,2,216,-1,,1,7,0,2916539318
gym-e4-rv_masa_b.encounter,attack-only,89,Defeat,4,0,4,48,5,0,2,216,-1,,1,7,0,1118736358
gym-e4-rv_masa_b.encounter,attack-only,90,Defeat,3,0,3,40,0,0,3,220,-1,,1,4,0,654275560
gym-e4-rv_masa_b.encounter,attack-only,91,Defeat,3,0,3,40,8,0,2,180,-1,,1,4,0,874357923
gym-e4-rv_masa_b.encounter,attack-only,92,Defeat,3,0,3,40,0,0,2,200,-1,,1,4,0,584372173
gym-e4-rv_masa_b.encounter,attack-only,93,Defeat,4,0,4,40,1,0,3,200,-1,,1,5,0,3645018879
gym-e4-rv_masa_b.encounter,attack-only,94,Defeat,4,0,4,48,0,0,2,200,-1,,1,7,0,1818478045
gym-e4-rv_masa_b.encounter,attack-only,95,Defeat,5,0,5,56,10,0,3,171,-1,,1,10,0,4206245554
gym-e4-rv_masa_b.encounter,attack-only,96,Defeat,3,0,3,40,0,0,2,200,-1,,1,4,0,584372173
gym-e4-rv_masa_b.encounter,attack-only,97,Defeat,2,0,2,24,0,0,3,233,-1,,1,1,0,2129182441
gym-e4-rv_masa_b.encounter,attack-only,98,Defeat,3,0,3,40,0,0,2,200,-1,,1,4,0,1327054097
gym-e4-rv_masa_b.encounter,attack-only,99,Defeat,4,0,4,48,0,0,2,200,-1,,1,7,0,2147433983
gym-e4-rv_masa_b.encounter,attack-only,100,Defeat,4,0,4,40,2,0,3,200,-1,,1,6,0,261933339
gym-e4-rv_masa_b.encounter,attack-only,101,Defeat,3,0,3,40,0,0,2,200,-1,,1,4,0,584372173
gym-e4-rv_masa_b.encounter,attack-only,102,Defeat,3,0,3,40,6,0,2,200,-1,,1,4,0,338704647
gym-e4-rv_masa_b.encounter,attack-only,103,Defeat,3,0,3,40,0,0,2,200,-1,,1,4,0,584372173
gym-e4-rv_masa_b.encounter,attack-only,104,Defeat,4,0,4,48,0,0,2,183,-1,,1,5,0,834875820
gym-e4-rv_masa_b.encounter,attack-only,105,Defeat,3,0,3,40,0,0,2,200,-1,,1,4,0,584372173
gym-e4-rv_masa_b.encounter,attack-only,106,Defeat,3,0,3,32,2,0,3,200,-1,,1,3,0,3256833207
gym-e4-rv_masa_b.encounter,attack-only,107,Defeat,4,0,4,40,0,0,3,220,-1,,1,7,0,2157811801
gym-e4-rv_masa_b.encounter,attack-only,108,Defeat,4,0,4,48,0,0,2,216,-1,,1,7,0,2966810033
gym-e4-rv_masa_b.encounter,attack-only,109,Defeat,3,0,3,40,0,0,2,200,-1,,1,4,0,3991052868
gym-e4-rv_masa_b.encounter,attack-only,110,Defeat,4,0,4,48,1,0,2,166,-1,,1,5,0,4126514459
gym-e4-rv_masa_b.encounter,attack-only,111,Defeat,5,0,5,64,6,0,2,187,-1,,1,10,0,1534929859
gym-e4-rv_masa_b.encounter,attack-only,112,Defeat,5,0,5,56,3,0,2,200,-1,,1,9,0,2780613775
gym-e4-rv_masa_b.encounter,attack-only,113,Defeat,4,0,4,48,5,0,2,183,-1,,1,6,0,1011697955
gym-e4-rv_masa_b.encounter,attack-only,114,Defeat,5,0,5,64,13,0,2,175,-1,,1,10,0,1111134370
gym-e4-rv_masa_b.encounter,attack-only,115,Defeat,3,0,3,32,7,0,3,175,-1,,1,3,1,2133643736
gym-e4-rv_masa_b.encounter,attack-only,116,Defeat,5,0,5,56,0,0,2,185,-1,,1,9,0,4117806089
gym-e4-rv_masa_b.encounter,attack-only,117,Defeat,3,0,3,40,0,0,2,200,-1,,1,4,0,584372173
gym-e4-rv_masa_b.encounter,attack-only,118,Defeat,4,0,4,48,5,0,3,183,-1,,1,7,0,66913954
gym-e4-rv_masa_b.encounter,attack-only,119,Defeat,4,0,4,48,6,0,3,216,-1,,1,7,0,3993521185
gym-e4-rv_masa_b.encounter,attack-only,120,Defeat,4,0,4,48,0,0,3,216,-1,,1,7,0,1140086146
gym-e4-rv_masa_b.encounter,attack-only,121,Defeat,3,0,3,40,0,0,3,240,-1,,1,4,0,933793671
gym-e4-rv_masa_b.encounter,attack-only,122,Defeat,4,0,4,48,0,0,2,216,-1,,1,7,0,2706214574
gym-e4-rv_masa_b.encounter,attack-only,123,Defeat,3,0,3,40,0,0,2,200,-1,,1,4,0,584372173
gym-e4-rv_masa_b.encounter,attack-only,124,Defeat,3,0,3,40,5,0,2,240,-1,,1,4,0,306747542
gym-e4-rv_masa_b.encounter,attack-only,125,Defeat,3,0,3,32,2,0,3,250,-1,,1,4,0,1419907357
gym-e4-rv_masa_b.encounter,attack-only,126,Defeat,5,0,5,64,5,0,2,162,-1,,1,7,0,3608574438
gym-e4-rv_masa_b.encounter,attack-only,127,Defeat,3,0,3,40,0,0,2,200,-1,,1,4,0,325226484
gym-e4-rv_masa_b.encounter,attack-only,128,Defeat,3,0,3,40,1,0,3,220,-1,,1,4,0,913888611
gym-e4-rv_masa_b.encounter,attack-only,129,Defeat,3,0,3,40,0,0,3,220,-1,,1,4,0,2173877640
gym-e4-rv_masa_b.encounter,attack-only,130,Defeat,3,0,3,40,0,0,3,220,-1,,1,4,0,3111095649
gym-e4-rv_masa_b.encounter,attack-only,131,Defeat,3,0,3,40,10,0,3,200,-1,,1,3,0,2833135073
gym-e4-rv_masa_b.encounter,attack-only,132,Defeat,3,0,3,40,0,0,2,200,-1,,1,4,0,584372173
gym-e4-rv_masa_b.encounter,attack-only,133,Defeat,4,0,4,48,8,0,2,233,-1,,1,7,0,1578847961
gym-e4-rv_masa_b.encounter,attack-only,134,Defeat,3,0,3,40,0,0,2,200,-1,,1,4,0,584372173
gym-e4-rv_masa_b.encounter,attack-only,135,Defeat,3,0,3,40,0,0,3,220,-1,,1,4,0,3429445994
gym-e4-rv_masa_b.encounter,attack-only,136,Defeat,4,0,4,48,0,0,2,200,-1,,1,7,0,1717620653
gym-e4-rv_masa_b.encounter,attack-only,137,Defeat,4,0,4,40,5,0,3,200,-1,,1,5,0,1176472889
gym-e4-rv_masa_b.encounter,attack-only,138,Defeat,4,0,4,48,0,0,2,200,-1,,1,7,0,3806683103
gym-e4-rv_masa_b.encounter,attack-only,139,Defeat,3,0,3,40,0,0,2,200,-1,,1,4,0,584372173
gym-e4-rv_masa_b.encounter,attack-only,140,Defeat,4,0,4,48,0,0,2,200,-1,,1,7,0,2147433983
gym-e4-rv_masa_b.encounter,attack-only,141,Defeat,3,0,3,40,5,0,2,240,-1,,1,4,0,306747542
gym-e4-rv_masa_b.encounter,attack-only,142,Defeat,5,0,5,56,0,0,1,171,-1,,1,8,0,3929011331
gym-e4-rv_masa_b.encounter,attack-only,143,Defeat,3,0,3,32,0,0,3,250,-1,,1,4,0,3486755285
gym-e4-rv_masa_b.encounter,attack-only,144,Defeat,4,0,4,48,0,0,2,216,-1,,1,7,0,1067893384
gym-e4-rv_masa_b.encounter,attack-only,145,Defeat,3,0,3,40,0,0,3,220,-1,,1,4,0,3484331659
gym-e4-rv_masa_b.encounter,attack-only,146,Defeat,3,0,3,40,5,0,3,260,-1,,1,4,0,3852102536
gym-e4-rv_masa_b.encounter,attack-only,147,Defeat,4,0,4,40,0,0,3,200,-1,,1,7,0,2631507476
gym-e4-rv_masa_b.encounter,attack-only,148,Defeat,4,0,4,40,7,0,3,220,-1,,1,7,0,3513803046
gym-e4-rv_masa_b.encounter,attack-only,149,Defeat,4,0,4,40,5,0,3,160,-1,,1,5,1,392483375
gym-e4-rv_masa_b.encounter,attack-only,150,Defeat,3,0,3,40,0,0,2,200,-1,,1,4,0,584372173
gym-e4-rv_masa_b.encounter,attack-only,151,Defeat,3,0,3,40,0,0,2,200,-1,,1,4,0,584372173
gym-e4-rv_masa_b.encounter,attack-only,152,Defeat,3,0,3,40,0,0,3,220,-1,,1,4,0,3111095649
gym-e4-rv_masa_b.encounter,attack-only,153,Defeat,3,0,3,40,0,0,3,240,-1,,1,4,0,2164833036
gym-e4-rv_masa_b.encounter,attack-only,154,Defeat,4,0,4,48,0,0,2,200,-1,,1,7,0,2529727066
gym-e4-rv_masa_b.encounter,attack-only,155,Defeat,3,0,3,40,5,0,2,240,-1,,1,4,0,306747542
gym-e4-rv_masa_b.encounter,attack-only,156,Defeat,4,0,4,48,0,0,2,166,-1,,1,5,0,1830642738
gym-e4-rv_masa_b.encounter,attack-only,157,Defeat,3,0,3,40,1,0,3,260,-1,,1,4,0,1597153975
gym-e4-rv_masa_b.encounter,attack-only,158,Defeat,3,0,3,40,0,0,2,200,-1,,1,4,0,584372173
gym-e4-rv_masa_b.encounter,attack-only,159,Defeat,3,0,3,40,0,0,3,220,-1,,1,4,0,2426994718
gym-e4-rv_masa_b.encounter,attack-only,160,Defeat,4,0,4,40,5,0,3,180,-1,,1,5,1,1850758304
gym-e4-rv_masa_b.encounter,attack-only,161,Defeat,3,0,3,40,8,0,2,180,-1,,1,4,0,874357923
gym-e4-rv_masa_b.encounter,attack-only,162,Defeat,3,0,3,40,1,0,3,260,-1,,1,4,0,2833820695
gym-e4-rv_masa_b.encounter,attack-only,163,Defeat,3,0,3,40,0,0,2,200,-1,,1,4,0,584372173
gym-e4-rv_masa_b.encounter,attack-only,164,Defeat,4,0,4,48,0,0,2,216,-1,,1,7,0,3758337892
gym-e4-rv_masa_b.encounter,attack-only,165,Defeat,3,0,3,40,8,0,2,180,-1,,1,4,0,874357923
gym-e4-rv_masa_b.encounter,attack-only,166,Defeat,3,0,3,40,4,0,3,220,-1,,1,4,0,210825032
gym-e4-rv_masa_b.encounter,attack-only,167,Defeat,4,0,4,48,12,0,2,150,-1,,1,6,0,3724508113
gym-e4-rv_masa_b.encounter,attack-only,168,Defeat,3,0,3,40,0,0,2,200,-1,,1,4,0,461904272
gym-e4-rv_masa_b.encounter,attack-only,169,Defeat,3,0,3,32,2,0,3,200,-1,,1,3,0,2110583111
gym-e4-rv_masa_b.encounter,attack-only,170,Defeat,3,0,3,32,5,0,3,175,-1,,1,3,0,1918093608
gym-e4-rv_masa_b.encounter,attack-only,171,Defeat,4,0,4,48,5,0,3,216,-1,,1,7,0,3519976329
gym-e4-rv_masa_b.encounter,attack-only,172,Defeat,3,0,3,32,5,0,3,175,-1,,1,3,1,2382831318
gym-e4-rv_masa_b.encounter,attack-only,173,Defeat,3,0,3,32,0,0,3,200,-1,,1,4,0,3740576690
gym-e4-rv_masa_b.encounter,attack-only,174,Defeat,3,0,3,40,5,0,2,240,-1,,1,4,0,306747542
gym-e4-rv_masa_b.encounter,attack-only,175,Defeat,3,0,3,40,2,0,3,220,-1,,1,4,0,1887580894
gym-e4-rv_masa_b.encounter,attack-only,176,Defeat,5,0,5,56,0,0,1,185,-1,,1,9,0,276389924
gym-e4-rv_masa_b.encounter,attack-only,177,Defeat,4,0,4,48,5,0,2,183,-1,,1,6,0,3293872185
gym-e4-rv_masa_b.encounter,attack-only,178,Defeat,3,0,3,40,0,0,3,220,-1,,1,4,0,2934851284
gym-e4-rv_masa_b.encounter,attack-only,179,Defeat,3,0,3,32,0,0,3,200,-1,,1,4,0,3740576690
gym-e4-rv_masa_b.encounter,attack-only,180,Defeat,3,0,3,32,5,0,3,175,-1,,1,3,1,3496258768
gym-e4-rv_masa_b.encounter,attack-only,181,Defeat,2,0,2,24,2,0,3,233,-1,,1,1,0,2129182441
gym-e4-rv_masa_b.encounter,attack-only,182,Defeat,3,0,3,40,5,0,3,180,-1,,1,4,0,2304670436
gym-e4-rv_masa_b.encounter,attack-only,183,Defeat,3,0,3,40,0,0,3,220,-1,,1,4,0,2604797777
gym-e4-rv_masa_b.encounter,attack-only,184,Defeat,4,0,4,48,0,0,2,216,-1,,1,7,0,1648434273
gym-e4-rv_masa_b.encounter,attack-only,185,Defeat,3,0,3,40,5,0,2,240,-1,,1,4,0,306747542
gym-e4-rv_masa_b.encounter,attack-only,186,Defeat,4,0,4,48,0,0,3,216,-1,,1,7,0,3765396770
gym-e4-rv_masa_b.encounter,attack-only,187,Defeat,3,0,3,40,0,0,2,200,-1,,1,4,0,584372173
gym-e4-rv_masa_b.encounter,attack-only,188,Defeat,3,0,3,40,0,0,2,200,-1,,1,4,0,584372173
gym-e4-rv_masa_b.encounter,attack-only,189,Defeat,4,0,4,48,13,0,3,233,-1,,1,7,0,2115797580
gym-e4-rv_masa_b.encounter,attack-only,190,Defeat,4,0,4,48,0,0,2,200,-1,,1,7,0,2950684300
gym-e4-rv_masa_b.encounter,attack-only,191,Defeat,4,0,4,48,2,0,2,200,-1,,1,6,0,1871134902
gym-e4-rv_masa_b.encounter,attack-only,192,Defeat,4,0,4,48,10,0,3,200,-1,,1,7,0,2769367584
gym-e4-rv_masa_b.encounter,attack-only,193,Defeat,3,0,3,40,0,0,2,200,-1,,1,4,0,584372173
gym-e4-rv_masa_b.encounter,attack-only,194,Defeat,3,0,3,32,0,0,3,175,-1,,1,3,1,950064030
gym-e4-rv_masa_b.encounter,attack-only,195,Defeat,3,0,3,32,0,0,3,200,-1,,1,4,0,3740576690
gym-e4-rv_masa_b.encounter,attack-only,196,Defeat,4,0,4,40,5,0,3,180,-1,,1,5,0,3128725232
gym-e4-rv_masa_b.encounter,attack-only,197,Defeat,4,0,4,48,2,0,3,233,-1,,1,7,0,3556978341
gym-e4-rv_masa_b.encounter,attack-only,198,Defeat,2,0,2,24,0,0,3,233,-1,,1,1,0,3032393318
gym-e4-rv_masa_b.encounter,attack-only,199,Defeat,3,0,3,32,5,0,3,200,-1,,1,4,0,485139281
gym-e4-rv_masa_b.encounter,attack-only,200,Defeat,3,0,3,40,0,0,2,200,-1,,1,4,0,584372173
gym-e4-rv_masa_b.encounter,push-instrument,1,Defeat,3,0,3,40,3,0,3,220,-1,,1,4,0,3055437648
gym-e4-rv_masa_b.encounter,push-instrument,2,Defeat,4,0,4,48,0,0,2,216,-1,,1,7,0,2487283337
gym-e4-rv_masa_b.encounter,push-instrument,3,Defeat,3,0,3,32,2,0,3,250,-1,,1,4,0,2100987149
gym-e4-rv_masa_b.encounter,push-instrument,4,Defeat,3,0,3,32,0,0,3,250,-1,,1,4,0,4087812493
gym-e4-rv_masa_b.encounter,push-instrument,5,Defeat,4,0,4,48,2,0,3,216,-1,,1,7,0,924744840
gym-e4-rv_masa_b.encounter,push-instrument,6,Defeat,4,0,4,40,5,0,3,180,-1,,1,5,1,2803289408
gym-e4-rv_masa_b.encounter,push-instrument,7,Defeat,3,0,3,40,0,0,3,220,-1,,1,4,0,3627432612
gym-e4-rv_masa_b.encounter,push-instrument,8,Defeat,4,0,4,48,0,0,2,216,-1,,1,7,0,1648434273
gym-e4-rv_masa_b.encounter,push-instrument,9,Defeat,4,0,4,48,1,0,2,183,-1,,1,6,0,87146525
gym-e4-rv_masa_b.encounter,push-instrument,10,Defeat,3,0,3,40,5,0,3,200,-1,,1,4,0,1983488002
gym-e4-rv_masa_b.encounter,push-instrument,11,Defeat,3,0,3,40,0,0,2,200,-1,,1,4,0,584372173
gym-e4-rv_masa_b.encounter,push-instrument,12,Defeat,3,0,3,40,0,0,2,200,-1,,1,4,0,584372173
gym-e4-rv_masa_b.encounter,push-instrument,13,Defeat,4,0,4,48,0,0,2,183,-1,,1,5,0,806973475
gym-e4-rv_masa_b.encounter,push-instrument,14,Defeat,4,0,4,48,7,0,2,183,-1,,1,6,0,2551679556
gym-e4-rv_masa_b.encounter,push-instrument,15,Defeat,3,0,3,40,0,0,2,220,-1,,1,4,0,2481503767
gym-e4-rv_masa_b.encounter,push-instrument,16,Defeat,3,0,3,40,0,0,3,220,-1,,1,4,0,2135237219
gym-e4-rv_masa_b.encounter,push-instrument,17,Defeat,4,0,4,48,12,0,2,183,-1,,1,6,0,47450749
gym-e4-rv_masa_b.encounter,push-instrument,18,Defeat,5,0,5,56,5,0,2,185,-1,,1,8,0,921618779
gym-e4-rv_masa_b.encounter,push-instrument,19,Defeat,3,0,3,40,0,0,3,220,-1,,1,4,0,1955615281
gym-e4-rv_masa_b.encounter,push-instrument,20,Defeat,3,0,3,32,5,0,3,200,-1,,1,3,0,2028604137
gym-e4-rv_masa_b.encounter,push-instrument,21,Defeat,3,0,3,40,0,0,2,200,-1,,1,4,0,584372173
gym-e4-rv_masa_b.encounter,push-instrument,22,Defeat,5,0,5,56,2,0,2,214,-1,,1,9,0,625552825
gym-e4-rv_masa_b.encounter,push-instrument,23,Defeat,3,0,3,40,0,0,2,200,-1,,1,4,0,584372173
gym-e4-rv_masa_b.encounter,push-instrument,24,Defeat,3,0,3,32,1,0,3,175,-1,,1,3,1,2525625653
gym-e4-rv_masa_b.encounter,push-instrument,25,Defeat,5,0,5,56,0,0,2,214,-1,,1,9,0,927169105
gym-e4-rv_masa_b.encounter,push-instrument,26,Defeat,4,0,4,40,0,0,3,220,-1,,1,7,0,2492728115
gym-e4-rv_masa_b.encounter,push-instrument,27,Defeat,3,0,3,32,0,0,3,200,-1,,1,4,0,3740576690
gym-e4-rv_masa_b.encounter,push-instrument,28,Defeat,3,0,3,32,1,0,3,225,-1,,1,3,0,745658052
gym-e4-rv_masa_b.encounter,push-instrument,29,Defeat,4,0,4,48,5,0,3,183,-1,,1,7,0,3907912367
gym-e4-rv_masa_b.encounter,push-instrument,30,Defeat,3,0,3,32,5,0,3,175,-1,,1,3,0,2915867230
gym-e4-rv_masa_b.encounter,push-instrument,31,Defeat,4,0,4,48,2,0,3,233,-1,,1,7,0,3210331296
gym-e4-rv_masa_b.encounter,push-instrument,32,Defeat,3,0,3,32,1,0,3,200,-1,,1,4,0,4229463807
gym-e4-rv_masa_b.encounter,push-instrument,33,Defeat,4,0,4,48,5,0,3,216,-1,,1,7,0,2340747304
gym-e4-rv_masa_b.encounter,push-instrument,34,Defeat,3,0,3,40,0,0,2,200,-1,,1,4,0,584372173
gym-e4-rv_masa_b.encounter,push-instrument,35,Defeat,3,0,3,40,5,0,2,240,-1,,1,4,0,306747542
gym-e4-rv_masa_b.encounter,push-instrument,36,Defeat,3,0,3,40,0,0,3,220,-1,,1,4,0,2599793489
gym-e4-rv_masa_b.encounter,push-instrument,37,Defeat,4,0,4,48,0,0,2,183,-1,,1,5,0,806973475
gym-e4-rv_masa_b.encounter,push-instrument,38,Defeat,3,0,3,40,7,0,2,240,-1,,1,4,0,2965156030
gym-e4-rv_masa_b.encounter,push-instrument,39,Defeat,3,0,3,32,1,0,3,200,-1,,1,4,0,3843009573
gym-e4-rv_masa_b.encounter,push-instrument,40,Defeat,3,0,3,40,6,0,2,200,-1,,1,4,0,1032432985
gym-e4-rv_masa_b.encounter,push-instrument,41,Defeat,4,0,4,48,5,0,2,233,-1,,1,7,0,1141468180
gym-e4-rv_masa_b.encounter,push-instrument,42,Defeat,3,0,3,40,0,0,2,200,-1,,1,4,0,584372173
gym-e4-rv_masa_b.encounter,push-instrument,43,Defeat,3,0,3,32,0,0,3,200,-1,,1,4,0,4289706222
gym-e4-rv_masa_b.encounter,push-instrument,44,Defeat,4,0,4,40,5,0,3,200,-1,,1,5,0,2608656847
gym-e4-rv_masa_b.encounter,push-instrument,45,Defeat,3,0,3,40,1,0,3,200,-1,,1,4,0,1003577781
gym-e4-rv_masa_b.encounter,push-instrument,46,Defeat,3,0,3,32,2,0,3,200,-1,,1,3,1,2972546328
gym-e4-rv_masa_b.encounter,push-instrument,47,Defeat,3,0,3,40,0,0,2,200,-1,,1,4,0,584372173
gym-e4-rv_masa_b.encounter,push-instrument,48,Defeat,3,0,3,40,0,0,2,200,-1,,1,4,0,584372173
gym-e4-rv_masa_b.encounter,push-instrument,49,Defeat,4,0,4,48,8,0,2,183,-1,,1,6,0,1093719575
gym-e4-rv_masa_b.encounter,push-instrument,50,Defeat,3,0,3,40,0,0,3,220,-1,,1,4,0,283418287
gym-e4-rv_masa_b.encounter,push-instrument,51,Defeat,5,0,5,56,3,0,2,157,-1,,1,10,0,207299987
gym-e4-rv_masa_b.encounter,push-instrument,52,Defeat,3,0,3,40,0,0,3,220,-1,,1,4,0,2426994718
gym-e4-rv_masa_b.encounter,push-instrument,53,Defeat,4,0,4,40,3,0,3,200,-1,,1,7,0,2378785802
gym-e4-rv_masa_b.encounter,push-instrument,54,Defeat,3,0,3,40,1,0,3,240,-1,,1,4,0,3899677775
gym-e4-rv_masa_b.encounter,push-instrument,55,Defeat,3,0,3,32,1,0,3,225,-1,,1,4,0,1877745178
gym-e4-rv_masa_b.encounter,push-instrument,56,Defeat,4,0,4,48,0,0,2,233,-1,,1,7,0,1218641410
gym-e4-rv_masa_b.encounter,push-instrument,57,Defeat,4,0,4,48,0,0,3,216,-1,,1,7,0,3236490303
gym-e4-rv_masa_b.encounter,push-instrument,58,Defeat,3,0,3,32,0,0,3,200,-1,,1,3,0,2678989432
gym-e4-rv_masa_b.encounter,push-instrument,59,Defeat,3,0,3,40,5,0,2,240,-1,,1,4,0,3553072554
gym-e4-rv_masa_b.encounter,push-instrument,60,Defeat,3,0,3,40,0,0,2,200,-1,,1,4,0,4164968602
gym-e4-rv_masa_b.encounter,push-instrument,61,Defeat,3,0,3,32,0,0,3,200,-1,,1,4,0,3740576690
gym-e4-rv_masa_b.encounter,push-instrument,62,Defeat,4,0,4,48,12,0,3,166,-1,,1,7,0,859684433
gym-e4-rv_masa_b.encounter,push-instrument,63,Defeat,3,0,3,40,0,0,2,200,-1,,1,4,0,3740234793
gym-e4-rv_masa_b.encounter,push-instrument,64,Defeat,3,0,3,40,0,0,3,220,-1,,1,4,0,945655509
gym-e4-rv_masa_b.encounter,push-instrument,65,Defeat,3,0,3,40,5,0,3,240,-1,,1,4,0,2463565979
gym-e4-rv_masa_b.encounter,push-instrument,66,Defeat,3,0,3,40,2,0,3,220,-1,,1,4,0,3542391101
gym-e4-rv_masa_b.encounter,push-instrument,67,Defeat,4,0,4,48,5,0,2,183,-1,,1,6,0,3293872185
gym-e4-rv_masa_b.encounter,push-instrument,68,Defeat,5,0,5,48,0,0,3,250,-1,,1,10,0,3269052034
gym-e4-rv_masa_b.encounter,push-instrument,69,Defeat,4,0,4,40,3,0,3,200,-1,,1,5,0,3466631933
gym-e4-rv_masa_b.encounter,push-instrument,70,Defeat,4,0,4,48,0,0,2,216,-1,,1,7,0,2433009860
gym-e4-rv_masa_b.encounter,push-instrument,71,Defeat,3,0,3,32,2,0,3,250,-1,,1,4,0,2100987149
gym-e4-rv_masa_b.encounter,push-instrument,72,Defeat,3,0,3,32,0,0,3,200,-1,,1,3,0,2028604137
gym-e4-rv_masa_b.encounter,push-instrument,73,Defeat,3,0,3,40,5,0,3,180,-1,,1,4,0,1925739939
gym-e4-rv_masa_b.encounter,push-instrument,74,Defeat,4,0,4,40,0,0,3,240,-1,,1,7,0,3761028271
gym-e4-rv_masa_b.encounter,push-instrument,75,Defeat,3,0,3,32,5,0,3,225,-1,,1,3,0,4102670695
gym-e4-rv_masa_b.encounter,push-instrument,76,Defeat,5,0,5,56,10,0,2,157,-1,,1,10,0,1271718753
gym-e4-rv_masa_b.encounter,push-instrument,77,Defeat,3,0,3,40,0,0,2,200,-1,,1,4,0,584372173
gym-e4-rv_masa_b.encounter,push-instrument,78,Defeat,3,0,3,40,1,0,2,240,-1,,1,4,0,942768770
gym-e4-rv_masa_b.encounter,push-instrument,79,Defeat,3,0,3,40,5,0,2,240,-1,,1,4,0,306747542
gym-e4-rv_masa_b.encounter,push-instrument,80,Defeat,3,0,3,40,10,0,3,220,-1,,1,4,0,3083072638
gym-e4-rv_masa_b.encounter,push-instrument,81,Defeat,4,0,4,48,0,0,2,233,-1,,1,7,0,3807349376
gym-e4-rv_masa_b.encounter,push-instrument,82,Defeat,3,0,3,40,0,0,2,200,-1,,1,4,0,584372173
gym-e4-rv_masa_b.encounter,push-instrument,83,Defeat,5,0,5,56,8,0,3,171,-1,,1,10,0,2352951061
gym-e4-rv_masa_b.encounter,push-instrument,84,Defeat,5,0,5,56,0,0,1,185,-1,,1,9,0,3393701986
gym-e4-rv_masa_b.encounter,push-instrument,85,Defeat,3,0,3,32,5,0,3,175,-1,,1,3,0,489324277
gym-e4-rv_masa_b.encounter,push-instrument,86,Defeat,3,0,3,40,6,0,2,200,-1,,1,4,0,338704647
gym-e4-rv_masa_b.encounter,push-instrument,87,Defeat,3,0,3,40,5,0,3,220,-1,,1,4,0,1669340568
gym-e4-rv_masa_b.encounter,push-instrument,88,Defeat,4,0,4,48,0,0,2,216,-1,,1,7,0,2916539318
gym-e4-rv_masa_b.encounter,push-instrument,89,Defeat,4,0,4,48,5,0,2,216,-1,,1,7,0,1118736358
gym-e4-rv_masa_b.encounter,push-instrument,90,Defeat,3,0,3,40,0,0,3,220,-1,,1,4,0,654275560
gym-e4-rv_masa_b.encounter,push-instrument,91,Defeat,3,0,3,40,8,0,2,180,-1,,1,4,0,874357923
gym-e4-rv_masa_b.encounter,push-instrument,92,Defeat,3,0,3,40,0,0,2,200,-1,,1,4,0,584372173
gym-e4-rv_masa_b.encounter,push-instrument,93,Defeat,4,0,4,40,1,0,3,200,-1,,1,5,0,3645018879
gym-e4-rv_masa_b.encounter,push-instrument,94,Defeat,4,0,4,48,0,0,2,200,-1,,1,7,0,1818478045
gym-e4-rv_masa_b.encounter,push-instrument,95,Defeat,5,0,5,56,10,0,3,171,-1,,1,10,0,4206245554
gym-e4-rv_masa_b.encounter,push-instrument,96,Defeat,3,0,3,40,0,0,2,200,-1,,1,4,0,584372173
gym-e4-rv_masa_b.encounter,push-instrument,97,Defeat,2,0,2,24,0,0,3,233,-1,,1,1,0,2129182441
gym-e4-rv_masa_b.encounter,push-instrument,98,Defeat,3,0,3,40,0,0,2,200,-1,,1,4,0,1327054097
gym-e4-rv_masa_b.encounter,push-instrument,99,Defeat,4,0,4,48,0,0,2,200,-1,,1,7,0,2147433983
gym-e4-rv_masa_b.encounter,push-instrument,100,Defeat,4,0,4,40,2,0,3,200,-1,,1,6,0,261933339
gym-e4-rv_masa_b.encounter,push-instrument,101,Defeat,3,0,3,40,0,0,2,200,-1,,1,4,0,584372173
gym-e4-rv_masa_b.encounter,push-instrument,102,Defeat,3,0,3,40,6,0,2,200,-1,,1,4,0,338704647
gym-e4-rv_masa_b.encounter,push-instrument,103,Defeat,3,0,3,40,0,0,2,200,-1,,1,4,0,584372173
gym-e4-rv_masa_b.encounter,push-instrument,104,Defeat,4,0,4,48,0,0,2,183,-1,,1,5,0,834875820
gym-e4-rv_masa_b.encounter,push-instrument,105,Defeat,3,0,3,40,0,0,2,200,-1,,1,4,0,584372173
gym-e4-rv_masa_b.encounter,push-instrument,106,Defeat,3,0,3,32,2,0,3,200,-1,,1,3,0,3256833207
gym-e4-rv_masa_b.encounter,push-instrument,107,Defeat,4,0,4,40,0,0,3,220,-1,,1,7,0,2157811801
gym-e4-rv_masa_b.encounter,push-instrument,108,Defeat,4,0,4,48,0,0,2,216,-1,,1,7,0,2966810033
gym-e4-rv_masa_b.encounter,push-instrument,109,Defeat,3,0,3,40,0,0,2,200,-1,,1,4,0,3991052868
gym-e4-rv_masa_b.encounter,push-instrument,110,Defeat,4,0,4,48,1,0,2,166,-1,,1,5,0,4126514459
gym-e4-rv_masa_b.encounter,push-instrument,111,Defeat,5,0,5,64,6,0,2,187,-1,,1,10,0,1534929859
gym-e4-rv_masa_b.encounter,push-instrument,112,Defeat,5,0,5,56,3,0,2,200,-1,,1,9,0,2780613775
gym-e4-rv_masa_b.encounter,push-instrument,113,Defeat,4,0,4,48,5,0,2,183,-1,,1,6,0,1011697955
gym-e4-rv_masa_b.encounter,push-instrument,114,Defeat,5,0,5,64,13,0,2,175,-1,,1,10,0,1111134370
gym-e4-rv_masa_b.encounter,push-instrument,115,Defeat,3,0,3,32,7,0,3,175,-1,,1,3,1,2133643736
gym-e4-rv_masa_b.encounter,push-instrument,116,Defeat,5,0,5,56,0,0,2,185,-1,,1,9,0,4117806089
gym-e4-rv_masa_b.encounter,push-instrument,117,Defeat,3,0,3,40,0,0,2,200,-1,,1,4,0,584372173
gym-e4-rv_masa_b.encounter,push-instrument,118,Defeat,4,0,4,48,5,0,3,183,-1,,1,7,0,66913954
gym-e4-rv_masa_b.encounter,push-instrument,119,Defeat,4,0,4,48,6,0,3,216,-1,,1,7,0,3993521185
gym-e4-rv_masa_b.encounter,push-instrument,120,Defeat,4,0,4,48,0,0,3,216,-1,,1,7,0,1140086146
gym-e4-rv_masa_b.encounter,push-instrument,121,Defeat,3,0,3,40,0,0,3,240,-1,,1,4,0,933793671
gym-e4-rv_masa_b.encounter,push-instrument,122,Defeat,4,0,4,48,0,0,2,216,-1,,1,7,0,2706214574
gym-e4-rv_masa_b.encounter,push-instrument,123,Defeat,3,0,3,40,0,0,2,200,-1,,1,4,0,584372173
gym-e4-rv_masa_b.encounter,push-instrument,124,Defeat,3,0,3,40,5,0,2,240,-1,,1,4,0,306747542
gym-e4-rv_masa_b.encounter,push-instrument,125,Defeat,3,0,3,32,2,0,3,250,-1,,1,4,0,1419907357
gym-e4-rv_masa_b.encounter,push-instrument,126,Defeat,5,0,5,64,5,0,2,162,-1,,1,7,0,3608574438
gym-e4-rv_masa_b.encounter,push-instrument,127,Defeat,3,0,3,40,0,0,2,200,-1,,1,4,0,325226484
gym-e4-rv_masa_b.encounter,push-instrument,128,Defeat,3,0,3,40,1,0,3,220,-1,,1,4,0,913888611
gym-e4-rv_masa_b.encounter,push-instrument,129,Defeat,3,0,3,40,0,0,3,220,-1,,1,4,0,2173877640
gym-e4-rv_masa_b.encounter,push-instrument,130,Defeat,3,0,3,40,0,0,3,220,-1,,1,4,0,3111095649
gym-e4-rv_masa_b.encounter,push-instrument,131,Defeat,3,0,3,40,10,0,3,200,-1,,1,3,0,2833135073
gym-e4-rv_masa_b.encounter,push-instrument,132,Defeat,3,0,3,40,0,0,2,200,-1,,1,4,0,584372173
gym-e4-rv_masa_b.encounter,push-instrument,133,Defeat,4,0,4,48,8,0,2,233,-1,,1,7,0,1578847961
gym-e4-rv_masa_b.encounter,push-instrument,134,Defeat,3,0,3,40,0,0,2,200,-1,,1,4,0,584372173
gym-e4-rv_masa_b.encounter,push-instrument,135,Defeat,3,0,3,40,0,0,3,220,-1,,1,4,0,3429445994
gym-e4-rv_masa_b.encounter,push-instrument,136,Defeat,4,0,4,48,0,0,2,200,-1,,1,7,0,1717620653
gym-e4-rv_masa_b.encounter,push-instrument,137,Defeat,4,0,4,40,5,0,3,200,-1,,1,5,0,1176472889
gym-e4-rv_masa_b.encounter,push-instrument,138,Defeat,4,0,4,48,0,0,2,200,-1,,1,7,0,3806683103
gym-e4-rv_masa_b.encounter,push-instrument,139,Defeat,3,0,3,40,0,0,2,200,-1,,1,4,0,584372173
gym-e4-rv_masa_b.encounter,push-instrument,140,Defeat,4,0,4,48,0,0,2,200,-1,,1,7,0,2147433983
gym-e4-rv_masa_b.encounter,push-instrument,141,Defeat,3,0,3,40,5,0,2,240,-1,,1,4,0,306747542
gym-e4-rv_masa_b.encounter,push-instrument,142,Defeat,5,0,5,56,0,0,1,171,-1,,1,8,0,3929011331
gym-e4-rv_masa_b.encounter,push-instrument,143,Defeat,3,0,3,32,0,0,3,250,-1,,1,4,0,3486755285
gym-e4-rv_masa_b.encounter,push-instrument,144,Defeat,4,0,4,48,0,0,2,216,-1,,1,7,0,1067893384
gym-e4-rv_masa_b.encounter,push-instrument,145,Defeat,3,0,3,40,0,0,3,220,-1,,1,4,0,3484331659
gym-e4-rv_masa_b.encounter,push-instrument,146,Defeat,3,0,3,40,5,0,3,260,-1,,1,4,0,3852102536
gym-e4-rv_masa_b.encounter,push-instrument,147,Defeat,4,0,4,40,0,0,3,200,-1,,1,7,0,2631507476
gym-e4-rv_masa_b.encounter,push-instrument,148,Defeat,4,0,4,40,7,0,3,220,-1,,1,7,0,3513803046
gym-e4-rv_masa_b.encounter,push-instrument,149,Defeat,4,0,4,40,5,0,3,160,-1,,1,5,1,392483375
gym-e4-rv_masa_b.encounter,push-instrument,150,Defeat,3,0,3,40,0,0,2,200,-1,,1,4,0,584372173
gym-e4-rv_masa_b.encounter,push-instrument,151,Defeat,3,0,3,40,0,0,2,200,-1,,1,4,0,584372173
gym-e4-rv_masa_b.encounter,push-instrument,152,Defeat,3,0,3,40,0,0,3,220,-1,,1,4,0,3111095649
gym-e4-rv_masa_b.encounter,push-instrument,153,Defeat,3,0,3,40,0,0,3,240,-1,,1,4,0,2164833036
gym-e4-rv_masa_b.encounter,push-instrument,154,Defeat,4,0,4,48,0,0,2,200,-1,,1,7,0,2529727066
gym-e4-rv_masa_b.encounter,push-instrument,155,Defeat,3,0,3,40,5,0,2,240,-1,,1,4,0,306747542
gym-e4-rv_masa_b.encounter,push-instrument,156,Defeat,4,0,4,48,0,0,2,166,-1,,1,5,0,1830642738
gym-e4-rv_masa_b.encounter,push-instrument,157,Defeat,3,0,3,40,1,0,3,260,-1,,1,4,0,1597153975
gym-e4-rv_masa_b.encounter,push-instrument,158,Defeat,3,0,3,40,0,0,2,200,-1,,1,4,0,584372173
gym-e4-rv_masa_b.encounter,push-instrument,159,Defeat,3,0,3,40,0,0,3,220,-1,,1,4,0,2426994718
gym-e4-rv_masa_b.encounter,push-instrument,160,Defeat,4,0,4,40,5,0,3,180,-1,,1,5,1,1850758304
gym-e4-rv_masa_b.encounter,push-instrument,161,Defeat,3,0,3,40,8,0,2,180,-1,,1,4,0,874357923
gym-e4-rv_masa_b.encounter,push-instrument,162,Defeat,3,0,3,40,1,0,3,260,-1,,1,4,0,2833820695
gym-e4-rv_masa_b.encounter,push-instrument,163,Defeat,3,0,3,40,0,0,2,200,-1,,1,4,0,584372173
gym-e4-rv_masa_b.encounter,push-instrument,164,Defeat,4,0,4,48,0,0,2,216,-1,,1,7,0,3758337892
gym-e4-rv_masa_b.encounter,push-instrument,165,Defeat,3,0,3,40,8,0,2,180,-1,,1,4,0,874357923
gym-e4-rv_masa_b.encounter,push-instrument,166,Defeat,3,0,3,40,4,0,3,220,-1,,1,4,0,210825032
gym-e4-rv_masa_b.encounter,push-instrument,167,Defeat,4,0,4,48,12,0,2,150,-1,,1,6,0,3724508113
gym-e4-rv_masa_b.encounter,push-instrument,168,Defeat,3,0,3,40,0,0,2,200,-1,,1,4,0,461904272
gym-e4-rv_masa_b.encounter,push-instrument,169,Defeat,3,0,3,32,2,0,3,200,-1,,1,3,0,2110583111
gym-e4-rv_masa_b.encounter,push-instrument,170,Defeat,3,0,3,32,5,0,3,175,-1,,1,3,0,1918093608
gym-e4-rv_masa_b.encounter,push-instrument,171,Defeat,4,0,4,48,5,0,3,216,-1,,1,7,0,3519976329
gym-e4-rv_masa_b.encounter,push-instrument,172,Defeat,3,0,3,32,5,0,3,175,-1,,1,3,1,2382831318
gym-e4-rv_masa_b.encounter,push-instrument,173,Defeat,3,0,3,32,0,0,3,200,-1,,1,4,0,3740576690
gym-e4-rv_masa_b.encounter,push-instrument,174,Defeat,3,0,3,40,5,0,2,240,-1,,1,4,0,306747542
gym-e4-rv_masa_b.encounter,push-instrument,175,Defeat,3,0,3,40,2,0,3,220,-1,,1,4,0,1887580894
gym-e4-rv_masa_b.encounter,push-instrument,176,Defeat,5,0,5,56,0,0,1,185,-1,,1,9,0,276389924
gym-e4-rv_masa_b.encounter,push-instrument,177,Defeat,4,0,4,48,5,0,2,183,-1,,1,6,0,3293872185
gym-e4-rv_masa_b.encounter,push-instrument,178,Defeat,3,0,3,40,0,0,3,220,-1,,1,4,0,2934851284
gym-e4-rv_masa_b.encounter,push-instrument,179,Defeat,3,0,3,32,0,0,3,200,-1,,1,4,0,3740576690
gym-e4-rv_masa_b.encounter,push-instrument,180,Defeat,3,0,3,32,5,0,3,175,-1,,1,3,1,3496258768
gym-e4-rv_masa_b.encounter,push-instrument,181,Defeat,2,0,2,24,2,0,3,233,-1,,1,1,0,2129182441
gym-e4-rv_masa_b.encounter,push-instrument,182,Defeat,3,0,3,40,5,0,3,180,-1,,1,4,0,2304670436
gym-e4-rv_masa_b.encounter,push-instrument,183,Defeat,3,0,3,40,0,0,3,220,-1,,1,4,0,2604797777
gym-e4-rv_masa_b.encounter,push-instrument,184,Defeat,4,0,4,48,0,0,2,216,-1,,1,7,0,1648434273
gym-e4-rv_masa_b.encounter,push-instrument,185,Defeat,3,0,3,40,5,0,2,240,-1,,1,4,0,306747542
gym-e4-rv_masa_b.encounter,push-instrument,186,Defeat,4,0,4,48,0,0,3,216,-1,,1,7,0,3765396770
gym-e4-rv_masa_b.encounter,push-instrument,187,Defeat,3,0,3,40,0,0,2,200,-1,,1,4,0,584372173
gym-e4-rv_masa_b.encounter,push-instrument,188,Defeat,3,0,3,40,0,0,2,200,-1,,1,4,0,584372173
gym-e4-rv_masa_b.encounter,push-instrument,189,Defeat,4,0,4,48,13,0,3,233,-1,,1,7,0,2115797580
gym-e4-rv_masa_b.encounter,push-instrument,190,Defeat,4,0,4,48,0,0,2,200,-1,,1,7,0,2950684300
gym-e4-rv_masa_b.encounter,push-instrument,191,Defeat,4,0,4,48,2,0,2,200,-1,,1,6,0,1871134902
gym-e4-rv_masa_b.encounter,push-instrument,192,Defeat,4,0,4,48,10,0,3,200,-1,,1,7,0,2769367584
gym-e4-rv_masa_b.encounter,push-instrument,193,Defeat,3,0,3,40,0,0,2,200,-1,,1,4,0,584372173
gym-e4-rv_masa_b.encounter,push-instrument,194,Defeat,3,0,3,32,0,0,3,175,-1,,1,3,1,950064030
gym-e4-rv_masa_b.encounter,push-instrument,195,Defeat,3,0,3,32,0,0,3,200,-1,,1,4,0,3740576690
gym-e4-rv_masa_b.encounter,push-instrument,196,Defeat,4,0,4,40,5,0,3,180,-1,,1,5,0,3128725232
gym-e4-rv_masa_b.encounter,push-instrument,197,Defeat,4,0,4,48,2,0,3,233,-1,,1,7,0,3556978341
gym-e4-rv_masa_b.encounter,push-instrument,198,Defeat,2,0,2,24,0,0,3,233,-1,,1,1,0,3032393318
gym-e4-rv_masa_b.encounter,push-instrument,199,Defeat,3,0,3,32,5,0,3,200,-1,,1,4,0,485139281
gym-e4-rv_masa_b.encounter,push-instrument,200,Defeat,3,0,3,40,0,0,2,200,-1,,1,4,0,584372173
gym-e4-rv_masa_b.encounter,slow-instrument,1,Defeat,3,0,3,40,3,0,3,220,-1,,1,4,0,3055437648
gym-e4-rv_masa_b.encounter,slow-instrument,2,Defeat,4,0,4,48,0,0,2,216,-1,,1,7,0,2487283337
gym-e4-rv_masa_b.encounter,slow-instrument,3,Defeat,3,0,3,32,2,0,3,250,-1,,1,4,0,2100987149
gym-e4-rv_masa_b.encounter,slow-instrument,4,Defeat,3,0,3,32,0,0,3,250,-1,,1,4,0,4087812493
gym-e4-rv_masa_b.encounter,slow-instrument,5,Defeat,4,0,4,48,2,0,3,216,-1,,1,7,0,924744840
gym-e4-rv_masa_b.encounter,slow-instrument,6,Defeat,4,0,4,40,5,0,3,180,-1,,1,5,1,2803289408
gym-e4-rv_masa_b.encounter,slow-instrument,7,Defeat,3,0,3,40,0,0,3,220,-1,,1,4,0,3627432612
gym-e4-rv_masa_b.encounter,slow-instrument,8,Defeat,4,0,4,48,0,0,2,216,-1,,1,7,0,1648434273
gym-e4-rv_masa_b.encounter,slow-instrument,9,Defeat,4,0,4,48,1,0,2,183,-1,,1,6,0,87146525
gym-e4-rv_masa_b.encounter,slow-instrument,10,Defeat,3,0,3,40,5,0,3,200,-1,,1,4,0,1983488002
gym-e4-rv_masa_b.encounter,slow-instrument,11,Defeat,3,0,3,40,0,0,2,200,-1,,1,4,0,584372173
gym-e4-rv_masa_b.encounter,slow-instrument,12,Defeat,3,0,3,40,0,0,2,200,-1,,1,4,0,584372173
gym-e4-rv_masa_b.encounter,slow-instrument,13,Defeat,4,0,4,48,0,0,2,183,-1,,1,5,0,806973475
gym-e4-rv_masa_b.encounter,slow-instrument,14,Defeat,4,0,4,48,7,0,2,183,-1,,1,6,0,2551679556
gym-e4-rv_masa_b.encounter,slow-instrument,15,Defeat,3,0,3,40,0,0,2,220,-1,,1,4,0,2481503767
gym-e4-rv_masa_b.encounter,slow-instrument,16,Defeat,3,0,3,40,0,0,3,220,-1,,1,4,0,2135237219
gym-e4-rv_masa_b.encounter,slow-instrument,17,Defeat,4,0,4,48,12,0,2,183,-1,,1,6,0,47450749
gym-e4-rv_masa_b.encounter,slow-instrument,18,Defeat,5,0,5,56,5,0,2,185,-1,,1,8,0,921618779
gym-e4-rv_masa_b.encounter,slow-instrument,19,Defeat,3,0,3,40,0,0,3,220,-1,,1,4,0,1955615281
gym-e4-rv_masa_b.encounter,slow-instrument,20,Defeat,3,0,3,32,5,0,3,200,-1,,1,3,0,2028604137
gym-e4-rv_masa_b.encounter,slow-instrument,21,Defeat,3,0,3,40,0,0,2,200,-1,,1,4,0,584372173
gym-e4-rv_masa_b.encounter,slow-instrument,22,Defeat,5,0,5,56,2,0,2,214,-1,,1,9,0,625552825
gym-e4-rv_masa_b.encounter,slow-instrument,23,Defeat,3,0,3,40,0,0,2,200,-1,,1,4,0,584372173
gym-e4-rv_masa_b.encounter,slow-instrument,24,Defeat,3,0,3,32,1,0,3,175,-1,,1,3,1,2525625653
gym-e4-rv_masa_b.encounter,slow-instrument,25,Defeat,5,0,5,56,0,0,2,214,-1,,1,9,0,927169105
gym-e4-rv_masa_b.encounter,slow-instrument,26,Defeat,4,0,4,40,0,0,3,220,-1,,1,7,0,2492728115
gym-e4-rv_masa_b.encounter,slow-instrument,27,Defeat,3,0,3,32,0,0,3,200,-1,,1,4,0,3740576690
gym-e4-rv_masa_b.encounter,slow-instrument,28,Defeat,3,0,3,32,1,0,3,225,-1,,1,3,0,745658052
gym-e4-rv_masa_b.encounter,slow-instrument,29,Defeat,4,0,4,48,5,0,3,183,-1,,1,7,0,3907912367
gym-e4-rv_masa_b.encounter,slow-instrument,30,Defeat,3,0,3,32,5,0,3,175,-1,,1,3,0,2915867230
gym-e4-rv_masa_b.encounter,slow-instrument,31,Defeat,4,0,4,48,2,0,3,233,-1,,1,7,0,3210331296
gym-e4-rv_masa_b.encounter,slow-instrument,32,Defeat,3,0,3,32,1,0,3,200,-1,,1,4,0,4229463807
gym-e4-rv_masa_b.encounter,slow-instrument,33,Defeat,4,0,4,48,5,0,3,216,-1,,1,7,0,2340747304
gym-e4-rv_masa_b.encounter,slow-instrument,34,Defeat,3,0,3,40,0,0,2,200,-1,,1,4,0,584372173
gym-e4-rv_masa_b.encounter,slow-instrument,35,Defeat,3,0,3,40,5,0,2,240,-1,,1,4,0,306747542
gym-e4-rv_masa_b.encounter,slow-instrument,36,Defeat,3,0,3,40,0,0,3,220,-1,,1,4,0,2599793489
gym-e4-rv_masa_b.encounter,slow-instrument,37,Defeat,4,0,4,48,0,0,2,183,-1,,1,5,0,806973475
gym-e4-rv_masa_b.encounter,slow-instrument,38,Defeat,3,0,3,40,7,0,2,240,-1,,1,4,0,2965156030
gym-e4-rv_masa_b.encounter,slow-instrument,39,Defeat,3,0,3,32,1,0,3,200,-1,,1,4,0,3843009573
gym-e4-rv_masa_b.encounter,slow-instrument,40,Defeat,3,0,3,40,6,0,2,200,-1,,1,4,0,1032432985
gym-e4-rv_masa_b.encounter,slow-instrument,41,Defeat,4,0,4,48,5,0,2,233,-1,,1,7,0,1141468180
gym-e4-rv_masa_b.encounter,slow-instrument,42,Defeat,3,0,3,40,0,0,2,200,-1,,1,4,0,584372173
gym-e4-rv_masa_b.encounter,slow-instrument,43,Defeat,3,0,3,32,0,0,3,200,-1,,1,4,0,4289706222
gym-e4-rv_masa_b.encounter,slow-instrument,44,Defeat,4,0,4,40,5,0,3,200,-1,,1,5,0,2608656847
gym-e4-rv_masa_b.encounter,slow-instrument,45,Defeat,3,0,3,40,1,0,3,200,-1,,1,4,0,1003577781
gym-e4-rv_masa_b.encounter,slow-instrument,46,Defeat,3,0,3,32,2,0,3,200,-1,,1,3,1,2972546328
gym-e4-rv_masa_b.encounter,slow-instrument,47,Defeat,3,0,3,40,0,0,2,200,-1,,1,4,0,584372173
gym-e4-rv_masa_b.encounter,slow-instrument,48,Defeat,3,0,3,40,0,0,2,200,-1,,1,4,0,584372173
gym-e4-rv_masa_b.encounter,slow-instrument,49,Defeat,4,0,4,48,8,0,2,183,-1,,1,6,0,1093719575
gym-e4-rv_masa_b.encounter,slow-instrument,50,Defeat,3,0,3,40,0,0,3,220,-1,,1,4,0,283418287
gym-e4-rv_masa_b.encounter,slow-instrument,51,Defeat,5,0,5,56,3,0,2,157,-1,,1,10,0,207299987
gym-e4-rv_masa_b.encounter,slow-instrument,52,Defeat,3,0,3,40,0,0,3,220,-1,,1,4,0,2426994718
gym-e4-rv_masa_b.encounter,slow-instrument,53,Defeat,4,0,4,40,3,0,3,200,-1,,1,7,0,2378785802
gym-e4-rv_masa_b.encounter,slow-instrument,54,Defeat,3,0,3,40,1,0,3,240,-1,,1,4,0,3899677775
gym-e4-rv_masa_b.encounter,slow-instrument,55,Defeat,3,0,3,32,1,0,3,225,-1,,1,4,0,1877745178
gym-e4-rv_masa_b.encounter,slow-instrument,56,Defeat,4,0,4,48,0,0,2,233,-1,,1,7,0,1218641410
gym-e4-rv_masa_b.encounter,slow-instrument,57,Defeat,4,0,4,48,0,0,3,216,-1,,1,7,0,3236490303
gym-e4-rv_masa_b.encounter,slow-instrument,58,Defeat,3,0,3,32,0,0,3,200,-1,,1,3,0,2678989432
gym-e4-rv_masa_b.encounter,slow-instrument,59,Defeat,3,0,3,40,5,0,2,240,-1,,1,4,0,3553072554
gym-e4-rv_masa_b.encounter,slow-instrument,60,Defeat,3,0,3,40,0,0,2,200,-1,,1,4,0,4164968602
gym-e4-rv_masa_b.encounter,slow-instrument,61,Defeat,3,0,3,32,0,0,3,200,-1,,1,4,0,3740576690
gym-e4-rv_masa_b.encounter,slow-instrument,62,Defeat,4,0,4,48,12,0,3,166,-1,,1,7,0,859684433
gym-e4-rv_masa_b.encounter,slow-instrument,63,Defeat,3,0,3,40,0,0,2,200,-1,,1,4,0,3740234793
gym-e4-rv_masa_b.encounter,slow-instrument,64,Defeat,3,0,3,40,0,0,3,220,-1,,1,4,0,945655509
gym-e4-rv_masa_b.encounter,slow-instrument,65,Defeat,3,0,3,40,5,0,3,240,-1,,1,4,0,2463565979
gym-e4-rv_masa_b.encounter,slow-instrument,66,Defeat,3,0,3,40,2,0,3,220,-1,,1,4,0,3542391101
gym-e4-rv_masa_b.encounter,slow-instrument,67,Defeat,4,0,4,48,5,0,2,183,-1,,1,6,0,3293872185
gym-e4-rv_masa_b.encounter,slow-instrument,68,Defeat,5,0,5,48,0,0,3,250,-1,,1,10,0,3269052034
gym-e4-rv_masa_b.encounter,slow-instrument,69,Defeat,4,0,4,40,3,0,3,200,-1,,1,5,0,3466631933
gym-e4-rv_masa_b.encounter,slow-instrument,70,Defeat,4,0,4,48,0,0,2,216,-1,,1,7,0,2433009860
gym-e4-rv_masa_b.encounter,slow-instrument,71,Defeat,3,0,3,32,2,0,3,250,-1,,1,4,0,2100987149
gym-e4-rv_masa_b.encounter,slow-instrument,72,Defeat,3,0,3,32,0,0,3,200,-1,,1,3,0,2028604137
gym-e4-rv_masa_b.encounter,slow-instrument,73,Defeat,3,0,3,40,5,0,3,180,-1,,1,4,0,1925739939
gym-e4-rv_masa_b.encounter,slow-instrument,74,Defeat,4,0,4,40,0,0,3,240,-1,,1,7,0,3761028271
gym-e4-rv_masa_b.encounter,slow-instrument,75,Defeat,3,0,3,32,5,0,3,225,-1,,1,3,0,4102670695
gym-e4-rv_masa_b.encounter,slow-instrument,76,Defeat,5,0,5,56,10,0,2,157,-1,,1,10,0,1271718753
gym-e4-rv_masa_b.encounter,slow-instrument,77,Defeat,3,0,3,40,0,0,2,200,-1,,1,4,0,584372173
gym-e4-rv_masa_b.encounter,slow-instrument,78,Defeat,3,0,3,40,1,0,2,240,-1,,1,4,0,942768770
gym-e4-rv_masa_b.encounter,slow-instrument,79,Defeat,3,0,3,40,5,0,2,240,-1,,1,4,0,306747542
gym-e4-rv_masa_b.encounter,slow-instrument,80,Defeat,3,0,3,40,10,0,3,220,-1,,1,4,0,3083072638
gym-e4-rv_masa_b.encounter,slow-instrument,81,Defeat,4,0,4,48,0,0,2,233,-1,,1,7,0,3807349376
gym-e4-rv_masa_b.encounter,slow-instrument,82,Defeat,3,0,3,40,0,0,2,200,-1,,1,4,0,584372173
gym-e4-rv_masa_b.encounter,slow-instrument,83,Defeat,5,0,5,56,8,0,3,171,-1,,1,10,0,2352951061
gym-e4-rv_masa_b.encounter,slow-instrument,84,Defeat,5,0,5,56,0,0,1,185,-1,,1,9,0,3393701986
gym-e4-rv_masa_b.encounter,slow-instrument,85,Defeat,3,0,3,32,5,0,3,175,-1,,1,3,0,489324277
gym-e4-rv_masa_b.encounter,slow-instrument,86,Defeat,3,0,3,40,6,0,2,200,-1,,1,4,0,338704647
gym-e4-rv_masa_b.encounter,slow-instrument,87,Defeat,3,0,3,40,5,0,3,220,-1,,1,4,0,1669340568
gym-e4-rv_masa_b.encounter,slow-instrument,88,Defeat,4,0,4,48,0,0,2,216,-1,,1,7,0,2916539318
gym-e4-rv_masa_b.encounter,slow-instrument,89,Defeat,4,0,4,48,5,0,2,216,-1,,1,7,0,1118736358
gym-e4-rv_masa_b.encounter,slow-instrument,90,Defeat,3,0,3,40,0,0,3,220,-1,,1,4,0,654275560
gym-e4-rv_masa_b.encounter,slow-instrument,91,Defeat,3,0,3,40,8,0,2,180,-1,,1,4,0,874357923
gym-e4-rv_masa_b.encounter,slow-instrument,92,Defeat,3,0,3,40,0,0,2,200,-1,,1,4,0,584372173
gym-e4-rv_masa_b.encounter,slow-instrument,93,Defeat,4,0,4,40,1,0,3,200,-1,,1,5,0,3645018879
gym-e4-rv_masa_b.encounter,slow-instrument,94,Defeat,4,0,4,48,0,0,2,200,-1,,1,7,0,1818478045
gym-e4-rv_masa_b.encounter,slow-instrument,95,Defeat,5,0,5,56,10,0,3,171,-1,,1,10,0,4206245554
gym-e4-rv_masa_b.encounter,slow-instrument,96,Defeat,3,0,3,40,0,0,2,200,-1,,1,4,0,584372173
gym-e4-rv_masa_b.encounter,slow-instrument,97,Defeat,2,0,2,24,0,0,3,233,-1,,1,1,0,2129182441
gym-e4-rv_masa_b.encounter,slow-instrument,98,Defeat,3,0,3,40,0,0,2,200,-1,,1,4,0,1327054097
gym-e4-rv_masa_b.encounter,slow-instrument,99,Defeat,4,0,4,48,0,0,2,200,-1,,1,7,0,2147433983
gym-e4-rv_masa_b.encounter,slow-instrument,100,Defeat,4,0,4,40,2,0,3,200,-1,,1,6,0,261933339
gym-e4-rv_masa_b.encounter,slow-instrument,101,Defeat,3,0,3,40,0,0,2,200,-1,,1,4,0,584372173
gym-e4-rv_masa_b.encounter,slow-instrument,102,Defeat,3,0,3,40,6,0,2,200,-1,,1,4,0,338704647
gym-e4-rv_masa_b.encounter,slow-instrument,103,Defeat,3,0,3,40,0,0,2,200,-1,,1,4,0,584372173
gym-e4-rv_masa_b.encounter,slow-instrument,104,Defeat,4,0,4,48,0,0,2,183,-1,,1,5,0,834875820
gym-e4-rv_masa_b.encounter,slow-instrument,105,Defeat,3,0,3,40,0,0,2,200,-1,,1,4,0,584372173
gym-e4-rv_masa_b.encounter,slow-instrument,106,Defeat,3,0,3,32,2,0,3,200,-1,,1,3,0,3256833207
gym-e4-rv_masa_b.encounter,slow-instrument,107,Defeat,4,0,4,40,0,0,3,220,-1,,1,7,0,2157811801
gym-e4-rv_masa_b.encounter,slow-instrument,108,Defeat,4,0,4,48,0,0,2,216,-1,,1,7,0,2966810033
gym-e4-rv_masa_b.encounter,slow-instrument,109,Defeat,3,0,3,40,0,0,2,200,-1,,1,4,0,3991052868
gym-e4-rv_masa_b.encounter,slow-instrument,110,Defeat,4,0,4,48,1,0,2,166,-1,,1,5,0,4126514459
gym-e4-rv_masa_b.encounter,slow-instrument,111,Defeat,5,0,5,64,6,0,2,187,-1,,1,10,0,1534929859
gym-e4-rv_masa_b.encounter,slow-instrument,112,Defeat,5,0,5,56,3,0,2,200,-1,,1,9,0,2780613775
gym-e4-rv_masa_b.encounter,slow-instrument,113,Defeat,4,0,4,48,5,0,2,183,-1,,1,6,0,1011697955
gym-e4-rv_masa_b.encounter,slow-instrument,114,Defeat,5,0,5,64,13,0,2,175,-1,,1,10,0,1111134370
gym-e4-rv_masa_b.encounter,slow-instrument,115,Defeat,3,0,3,32,7,0,3,175,-1,,1,3,1,2133643736
gym-e4-rv_masa_b.encounter,slow-instrument,116,Defeat,5,0,5,56,0,0,2,185,-1,,1,9,0,4117806089
gym-e4-rv_masa_b.encounter,slow-instrument,117,Defeat,3,0,3,40,0,0,2,200,-1,,1,4,0,584372173
gym-e4-rv_masa_b.encounter,slow-instrument,118,Defeat,4,0,4,48,5,0,3,183,-1,,1,7,0,66913954
gym-e4-rv_masa_b.encounter,slow-instrument,119,Defeat,4,0,4,48,6,0,3,216,-1,,1,7,0,3993521185
gym-e4-rv_masa_b.encounter,slow-instrument,120,Defeat,4,0,4,48,0,0,3,216,-1,,1,7,0,1140086146
gym-e4-rv_masa_b.encounter,slow-instrument,121,Defeat,3,0,3,40,0,0,3,240,-1,,1,4,0,933793671
gym-e4-rv_masa_b.encounter,slow-instrument,122,Defeat,4,0,4,48,0,0,2,216,-1,,1,7,0,2706214574
gym-e4-rv_masa_b.encounter,slow-instrument,123,Defeat,3,0,3,40,0,0,2,200,-1,,1,4,0,584372173
gym-e4-rv_masa_b.encounter,slow-instrument,124,Defeat,3,0,3,40,5,0,2,240,-1,,1,4,0,306747542
gym-e4-rv_masa_b.encounter,slow-instrument,125,Defeat,3,0,3,32,2,0,3,250,-1,,1,4,0,1419907357
gym-e4-rv_masa_b.encounter,slow-instrument,126,Defeat,5,0,5,64,5,0,2,162,-1,,1,7,0,3608574438
gym-e4-rv_masa_b.encounter,slow-instrument,127,Defeat,3,0,3,40,0,0,2,200,-1,,1,4,0,325226484
gym-e4-rv_masa_b.encounter,slow-instrument,128,Defeat,3,0,3,40,1,0,3,220,-1,,1,4,0,913888611
gym-e4-rv_masa_b.encounter,slow-instrument,129,Defeat,3,0,3,40,0,0,3,220,-1,,1,4,0,2173877640
gym-e4-rv_masa_b.encounter,slow-instrument,130,Defeat,3,0,3,40,0,0,3,220,-1,,1,4,0,3111095649
gym-e4-rv_masa_b.encounter,slow-instrument,131,Defeat,3,0,3,40,10,0,3,200,-1,,1,3,0,2833135073
gym-e4-rv_masa_b.encounter,slow-instrument,132,Defeat,3,0,3,40,0,0,2,200,-1,,1,4,0,584372173
gym-e4-rv_masa_b.encounter,slow-instrument,133,Defeat,4,0,4,48,8,0,2,233,-1,,1,7,0,1578847961
gym-e4-rv_masa_b.encounter,slow-instrument,134,Defeat,3,0,3,40,0,0,2,200,-1,,1,4,0,584372173
gym-e4-rv_masa_b.encounter,slow-instrument,135,Defeat,3,0,3,40,0,0,3,220,-1,,1,4,0,3429445994
gym-e4-rv_masa_b.encounter,slow-instrument,136,Defeat,4,0,4,48,0,0,2,200,-1,,1,7,0,1717620653
gym-e4-rv_masa_b.encounter,slow-instrument,137,Defeat,4,0,4,40,5,0,3,200,-1,,1,5,0,1176472889
gym-e4-rv_masa_b.encounter,slow-instrument,138,Defeat,4,0,4,48,0,0,2,200,-1,,1,7,0,3806683103
gym-e4-rv_masa_b.encounter,slow-instrument,139,Defeat,3,0,3,40,0,0,2,200,-1,,1,4,0,584372173
gym-e4-rv_masa_b.encounter,slow-instrument,140,Defeat,4,0,4,48,0,0,2,200,-1,,1,7,0,2147433983
gym-e4-rv_masa_b.encounter,slow-instrument,141,Defeat,3,0,3,40,5,0,2,240,-1,,1,4,0,306747542
gym-e4-rv_masa_b.encounter,slow-instrument,142,Defeat,5,0,5,56,0,0,1,171,-1,,1,8,0,3929011331
gym-e4-rv_masa_b.encounter,slow-instrument,143,Defeat,3,0,3,32,0,0,3,250,-1,,1,4,0,3486755285
gym-e4-rv_masa_b.encounter,slow-instrument,144,Defeat,4,0,4,48,0,0,2,216,-1,,1,7,0,1067893384
gym-e4-rv_masa_b.encounter,slow-instrument,145,Defeat,3,0,3,40,0,0,3,220,-1,,1,4,0,3484331659
gym-e4-rv_masa_b.encounter,slow-instrument,146,Defeat,3,0,3,40,5,0,3,260,-1,,1,4,0,3852102536
gym-e4-rv_masa_b.encounter,slow-instrument,147,Defeat,4,0,4,40,0,0,3,200,-1,,1,7,0,2631507476
gym-e4-rv_masa_b.encounter,slow-instrument,148,Defeat,4,0,4,40,7,0,3,220,-1,,1,7,0,3513803046
gym-e4-rv_masa_b.encounter,slow-instrument,149,Defeat,4,0,4,40,5,0,3,160,-1,,1,5,1,392483375
gym-e4-rv_masa_b.encounter,slow-instrument,150,Defeat,3,0,3,40,0,0,2,200,-1,,1,4,0,584372173
gym-e4-rv_masa_b.encounter,slow-instrument,151,Defeat,3,0,3,40,0,0,2,200,-1,,1,4,0,584372173
gym-e4-rv_masa_b.encounter,slow-instrument,152,Defeat,3,0,3,40,0,0,3,220,-1,,1,4,0,3111095649
gym-e4-rv_masa_b.encounter,slow-instrument,153,Defeat,3,0,3,40,0,0,3,240,-1,,1,4,0,2164833036
gym-e4-rv_masa_b.encounter,slow-instrument,154,Defeat,4,0,4,48,0,0,2,200,-1,,1,7,0,2529727066
gym-e4-rv_masa_b.encounter,slow-instrument,155,Defeat,3,0,3,40,5,0,2,240,-1,,1,4,0,306747542
gym-e4-rv_masa_b.encounter,slow-instrument,156,Defeat,4,0,4,48,0,0,2,166,-1,,1,5,0,1830642738
gym-e4-rv_masa_b.encounter,slow-instrument,157,Defeat,3,0,3,40,1,0,3,260,-1,,1,4,0,1597153975
gym-e4-rv_masa_b.encounter,slow-instrument,158,Defeat,3,0,3,40,0,0,2,200,-1,,1,4,0,584372173
gym-e4-rv_masa_b.encounter,slow-instrument,159,Defeat,3,0,3,40,0,0,3,220,-1,,1,4,0,2426994718
gym-e4-rv_masa_b.encounter,slow-instrument,160,Defeat,4,0,4,40,5,0,3,180,-1,,1,5,1,1850758304
gym-e4-rv_masa_b.encounter,slow-instrument,161,Defeat,3,0,3,40,8,0,2,180,-1,,1,4,0,874357923
gym-e4-rv_masa_b.encounter,slow-instrument,162,Defeat,3,0,3,40,1,0,3,260,-1,,1,4,0,2833820695
gym-e4-rv_masa_b.encounter,slow-instrument,163,Defeat,3,0,3,40,0,0,2,200,-1,,1,4,0,584372173
gym-e4-rv_masa_b.encounter,slow-instrument,164,Defeat,4,0,4,48,0,0,2,216,-1,,1,7,0,3758337892
gym-e4-rv_masa_b.encounter,slow-instrument,165,Defeat,3,0,3,40,8,0,2,180,-1,,1,4,0,874357923
gym-e4-rv_masa_b.encounter,slow-instrument,166,Defeat,3,0,3,40,4,0,3,220,-1,,1,4,0,210825032
gym-e4-rv_masa_b.encounter,slow-instrument,167,Defeat,4,0,4,48,12,0,2,150,-1,,1,6,0,3724508113
gym-e4-rv_masa_b.encounter,slow-instrument,168,Defeat,3,0,3,40,0,0,2,200,-1,,1,4,0,461904272
gym-e4-rv_masa_b.encounter,slow-instrument,169,Defeat,3,0,3,32,2,0,3,200,-1,,1,3,0,2110583111
gym-e4-rv_masa_b.encounter,slow-instrument,170,Defeat,3,0,3,32,5,0,3,175,-1,,1,3,0,1918093608
gym-e4-rv_masa_b.encounter,slow-instrument,171,Defeat,4,0,4,48,5,0,3,216,-1,,1,7,0,3519976329
gym-e4-rv_masa_b.encounter,slow-instrument,172,Defeat,3,0,3,32,5,0,3,175,-1,,1,3,1,2382831318
gym-e4-rv_masa_b.encounter,slow-instrument,173,Defeat,3,0,3,32,0,0,3,200,-1,,1,4,0,3740576690
gym-e4-rv_masa_b.encounter,slow-instrument,174,Defeat,3,0,3,40,5,0,2,240,-1,,1,4,0,306747542
gym-e4-rv_masa_b.encounter,slow-instrument,175,Defeat,3,0,3,40,2,0,3,220,-1,,1,4,0,1887580894
gym-e4-rv_masa_b.encounter,slow-instrument,176,Defeat,5,0,5,56,0,0,1,185,-1,,1,9,0,276389924
gym-e4-rv_masa_b.encounter,slow-instrument,177,Defeat,4,0,4,48,5,0,2,183,-1,,1,6,0,3293872185
gym-e4-rv_masa_b.encounter,slow-instrument,178,Defeat,3,0,3,40,0,0,3,220,-1,,1,4,0,2934851284
gym-e4-rv_masa_b.encounter,slow-instrument,179,Defeat,3,0,3,32,0,0,3,200,-1,,1,4,0,3740576690
gym-e4-rv_masa_b.encounter,slow-instrument,180,Defeat,3,0,3,32,5,0,3,175,-1,,1,3,1,3496258768
gym-e4-rv_masa_b.encounter,slow-instrument,181,Defeat,2,0,2,24,2,0,3,233,-1,,1,1,0,2129182441
gym-e4-rv_masa_b.encounter,slow-instrument,182,Defeat,3,0,3,40,5,0,3,180,-1,,1,4,0,2304670436
gym-e4-rv_masa_b.encounter,slow-instrument,183,Defeat,3,0,3,40,0,0,3,220,-1,,1,4,0,2604797777
gym-e4-rv_masa_b.encounter,slow-instrument,184,Defeat,4,0,4,48,0,0,2,216,-1,,1,7,0,1648434273
gym-e4-rv_masa_b.encounter,slow-instrument,185,Defeat,3,0,3,40,5,0,2,240,-1,,1,4,0,306747542
gym-e4-rv_masa_b.encounter,slow-instrument,186,Defeat,4,0,4,48,0,0,3,216,-1,,1,7,0,3765396770
gym-e4-rv_masa_b.encounter,slow-instrument,187,Defeat,3,0,3,40,0,0,2,200,-1,,1,4,0,584372173
gym-e4-rv_masa_b.encounter,slow-instrument,188,Defeat,3,0,3,40,0,0,2,200,-1,,1,4,0,584372173
gym-e4-rv_masa_b.encounter,slow-instrument,189,Defeat,4,0,4,48,13,0,3,233,-1,,1,7,0,2115797580
gym-e4-rv_masa_b.encounter,slow-instrument,190,Defeat,4,0,4,48,0,0,2,200,-1,,1,7,0,2950684300
gym-e4-rv_masa_b.encounter,slow-instrument,191,Defeat,4,0,4,48,2,0,2,200,-1,,1,6,0,1871134902
gym-e4-rv_masa_b.encounter,slow-instrument,192,Defeat,4,0,4,48,10,0,3,200,-1,,1,7,0,2769367584
gym-e4-rv_masa_b.encounter,slow-instrument,193,Defeat,3,0,3,40,0,0,2,200,-1,,1,4,0,584372173
gym-e4-rv_masa_b.encounter,slow-instrument,194,Defeat,3,0,3,32,0,0,3,175,-1,,1,3,1,950064030
gym-e4-rv_masa_b.encounter,slow-instrument,195,Defeat,3,0,3,32,0,0,3,200,-1,,1,4,0,3740576690
gym-e4-rv_masa_b.encounter,slow-instrument,196,Defeat,4,0,4,40,5,0,3,180,-1,,1,5,0,3128725232
gym-e4-rv_masa_b.encounter,slow-instrument,197,Defeat,4,0,4,48,2,0,3,233,-1,,1,7,0,3556978341
gym-e4-rv_masa_b.encounter,slow-instrument,198,Defeat,2,0,2,24,0,0,3,233,-1,,1,1,0,3032393318
gym-e4-rv_masa_b.encounter,slow-instrument,199,Defeat,3,0,3,32,5,0,3,200,-1,,1,4,0,485139281
gym-e4-rv_masa_b.encounter,slow-instrument,200,Defeat,3,0,3,40,0,0,2,200,-1,,1,4,0,584372173
gym-e4-rv_masa_b.encounter,taunt-instrument,1,Defeat,3,0,3,40,3,0,3,220,-1,,1,4,0,3055437648
gym-e4-rv_masa_b.encounter,taunt-instrument,2,Defeat,4,0,4,48,0,0,2,216,-1,,1,7,0,2487283337
gym-e4-rv_masa_b.encounter,taunt-instrument,3,Defeat,3,0,3,32,2,0,3,250,-1,,1,4,0,2100987149
gym-e4-rv_masa_b.encounter,taunt-instrument,4,Defeat,3,0,3,32,0,0,3,250,-1,,1,4,0,4087812493
gym-e4-rv_masa_b.encounter,taunt-instrument,5,Defeat,4,0,4,48,2,0,3,216,-1,,1,7,0,924744840
gym-e4-rv_masa_b.encounter,taunt-instrument,6,Defeat,4,0,4,40,5,0,3,180,-1,,1,5,1,2803289408
gym-e4-rv_masa_b.encounter,taunt-instrument,7,Defeat,3,0,3,40,0,0,3,220,-1,,1,4,0,3627432612
gym-e4-rv_masa_b.encounter,taunt-instrument,8,Defeat,4,0,4,48,0,0,2,216,-1,,1,7,0,1648434273
gym-e4-rv_masa_b.encounter,taunt-instrument,9,Defeat,4,0,4,48,1,0,2,183,-1,,1,6,0,87146525
gym-e4-rv_masa_b.encounter,taunt-instrument,10,Defeat,3,0,3,40,5,0,3,200,-1,,1,4,0,1983488002
gym-e4-rv_masa_b.encounter,taunt-instrument,11,Defeat,3,0,3,40,0,0,2,200,-1,,1,4,0,584372173
gym-e4-rv_masa_b.encounter,taunt-instrument,12,Defeat,3,0,3,40,0,0,2,200,-1,,1,4,0,584372173
gym-e4-rv_masa_b.encounter,taunt-instrument,13,Defeat,4,0,4,48,0,0,2,183,-1,,1,5,0,806973475
gym-e4-rv_masa_b.encounter,taunt-instrument,14,Defeat,4,0,4,48,7,0,2,183,-1,,1,6,0,2551679556
gym-e4-rv_masa_b.encounter,taunt-instrument,15,Defeat,3,0,3,40,0,0,2,220,-1,,1,4,0,2481503767
gym-e4-rv_masa_b.encounter,taunt-instrument,16,Defeat,3,0,3,40,0,0,3,220,-1,,1,4,0,2135237219
gym-e4-rv_masa_b.encounter,taunt-instrument,17,Defeat,4,0,4,48,12,0,2,183,-1,,1,6,0,47450749
gym-e4-rv_masa_b.encounter,taunt-instrument,18,Defeat,5,0,5,56,5,0,2,185,-1,,1,8,0,921618779
gym-e4-rv_masa_b.encounter,taunt-instrument,19,Defeat,3,0,3,40,0,0,3,220,-1,,1,4,0,1955615281
gym-e4-rv_masa_b.encounter,taunt-instrument,20,Defeat,3,0,3,32,5,0,3,200,-1,,1,3,0,2028604137
gym-e4-rv_masa_b.encounter,taunt-instrument,21,Defeat,3,0,3,40,0,0,2,200,-1,,1,4,0,584372173
gym-e4-rv_masa_b.encounter,taunt-instrument,22,Defeat,5,0,5,56,2,0,2,214,-1,,1,9,0,625552825
gym-e4-rv_masa_b.encounter,taunt-instrument,23,Defeat,3,0,3,40,0,0,2,200,-1,,1,4,0,584372173
gym-e4-rv_masa_b.encounter,taunt-instrument,24,Defeat,3,0,3,32,1,0,3,175,-1,,1,3,1,2525625653
gym-e4-rv_masa_b.encounter,taunt-instrument,25,Defeat,5,0,5,56,0,0,2,214,-1,,1,9,0,927169105
gym-e4-rv_masa_b.encounter,taunt-instrument,26,Defeat,4,0,4,40,0,0,3,220,-1,,1,7,0,2492728115
gym-e4-rv_masa_b.encounter,taunt-instrument,27,Defeat,3,0,3,32,0,0,3,200,-1,,1,4,0,3740576690
gym-e4-rv_masa_b.encounter,taunt-instrument,28,Defeat,3,0,3,32,1,0,3,225,-1,,1,3,0,745658052
gym-e4-rv_masa_b.encounter,taunt-instrument,29,Defeat,4,0,4,48,5,0,3,183,-1,,1,7,0,3907912367
gym-e4-rv_masa_b.encounter,taunt-instrument,30,Defeat,3,0,3,32,5,0,3,175,-1,,1,3,0,2915867230
gym-e4-rv_masa_b.encounter,taunt-instrument,31,Defeat,4,0,4,48,2,0,3,233,-1,,1,7,0,3210331296
gym-e4-rv_masa_b.encounter,taunt-instrument,32,Defeat,3,0,3,32,1,0,3,200,-1,,1,4,0,4229463807
gym-e4-rv_masa_b.encounter,taunt-instrument,33,Defeat,4,0,4,48,5,0,3,216,-1,,1,7,0,2340747304
gym-e4-rv_masa_b.encounter,taunt-instrument,34,Defeat,3,0,3,40,0,0,2,200,-1,,1,4,0,584372173
gym-e4-rv_masa_b.encounter,taunt-instrument,35,Defeat,3,0,3,40,5,0,2,240,-1,,1,4,0,306747542
gym-e4-rv_masa_b.encounter,taunt-instrument,36,Defeat,3,0,3,40,0,0,3,220,-1,,1,4,0,2599793489
gym-e4-rv_masa_b.encounter,taunt-instrument,37,Defeat,4,0,4,48,0,0,2,183,-1,,1,5,0,806973475
gym-e4-rv_masa_b.encounter,taunt-instrument,38,Defeat,3,0,3,40,7,0,2,240,-1,,1,4,0,2965156030
gym-e4-rv_masa_b.encounter,taunt-instrument,39,Defeat,3,0,3,32,1,0,3,200,-1,,1,4,0,3843009573
gym-e4-rv_masa_b.encounter,taunt-instrument,40,Defeat,3,0,3,40,6,0,2,200,-1,,1,4,0,1032432985
gym-e4-rv_masa_b.encounter,taunt-instrument,41,Defeat,4,0,4,48,5,0,2,233,-1,,1,7,0,1141468180
gym-e4-rv_masa_b.encounter,taunt-instrument,42,Defeat,3,0,3,40,0,0,2,200,-1,,1,4,0,584372173
gym-e4-rv_masa_b.encounter,taunt-instrument,43,Defeat,3,0,3,32,0,0,3,200,-1,,1,4,0,4289706222
gym-e4-rv_masa_b.encounter,taunt-instrument,44,Defeat,4,0,4,40,5,0,3,200,-1,,1,5,0,2608656847
gym-e4-rv_masa_b.encounter,taunt-instrument,45,Defeat,3,0,3,40,1,0,3,200,-1,,1,4,0,1003577781
gym-e4-rv_masa_b.encounter,taunt-instrument,46,Defeat,3,0,3,32,2,0,3,200,-1,,1,3,1,2972546328
gym-e4-rv_masa_b.encounter,taunt-instrument,47,Defeat,3,0,3,40,0,0,2,200,-1,,1,4,0,584372173
gym-e4-rv_masa_b.encounter,taunt-instrument,48,Defeat,3,0,3,40,0,0,2,200,-1,,1,4,0,584372173
gym-e4-rv_masa_b.encounter,taunt-instrument,49,Defeat,4,0,4,48,8,0,2,183,-1,,1,6,0,1093719575
gym-e4-rv_masa_b.encounter,taunt-instrument,50,Defeat,3,0,3,40,0,0,3,220,-1,,1,4,0,283418287
gym-e4-rv_masa_b.encounter,taunt-instrument,51,Defeat,5,0,5,56,3,0,2,157,-1,,1,10,0,207299987
gym-e4-rv_masa_b.encounter,taunt-instrument,52,Defeat,3,0,3,40,0,0,3,220,-1,,1,4,0,2426994718
gym-e4-rv_masa_b.encounter,taunt-instrument,53,Defeat,4,0,4,40,3,0,3,200,-1,,1,7,0,2378785802
gym-e4-rv_masa_b.encounter,taunt-instrument,54,Defeat,3,0,3,40,1,0,3,240,-1,,1,4,0,3899677775
gym-e4-rv_masa_b.encounter,taunt-instrument,55,Defeat,3,0,3,32,1,0,3,225,-1,,1,4,0,1877745178
gym-e4-rv_masa_b.encounter,taunt-instrument,56,Defeat,4,0,4,48,0,0,2,233,-1,,1,7,0,1218641410
gym-e4-rv_masa_b.encounter,taunt-instrument,57,Defeat,4,0,4,48,0,0,3,216,-1,,1,7,0,3236490303
gym-e4-rv_masa_b.encounter,taunt-instrument,58,Defeat,3,0,3,32,0,0,3,200,-1,,1,3,0,2678989432
gym-e4-rv_masa_b.encounter,taunt-instrument,59,Defeat,3,0,3,40,5,0,2,240,-1,,1,4,0,3553072554
gym-e4-rv_masa_b.encounter,taunt-instrument,60,Defeat,3,0,3,40,0,0,2,200,-1,,1,4,0,4164968602
gym-e4-rv_masa_b.encounter,taunt-instrument,61,Defeat,3,0,3,32,0,0,3,200,-1,,1,4,0,3740576690
gym-e4-rv_masa_b.encounter,taunt-instrument,62,Defeat,4,0,4,48,12,0,3,166,-1,,1,7,0,859684433
gym-e4-rv_masa_b.encounter,taunt-instrument,63,Defeat,3,0,3,40,0,0,2,200,-1,,1,4,0,3740234793
gym-e4-rv_masa_b.encounter,taunt-instrument,64,Defeat,3,0,3,40,0,0,3,220,-1,,1,4,0,945655509
gym-e4-rv_masa_b.encounter,taunt-instrument,65,Defeat,3,0,3,40,5,0,3,240,-1,,1,4,0,2463565979
gym-e4-rv_masa_b.encounter,taunt-instrument,66,Defeat,3,0,3,40,2,0,3,220,-1,,1,4,0,3542391101
gym-e4-rv_masa_b.encounter,taunt-instrument,67,Defeat,4,0,4,48,5,0,2,183,-1,,1,6,0,3293872185
gym-e4-rv_masa_b.encounter,taunt-instrument,68,Defeat,5,0,5,48,0,0,3,250,-1,,1,10,0,3269052034
gym-e4-rv_masa_b.encounter,taunt-instrument,69,Defeat,4,0,4,40,3,0,3,200,-1,,1,5,0,3466631933
gym-e4-rv_masa_b.encounter,taunt-instrument,70,Defeat,4,0,4,48,0,0,2,216,-1,,1,7,0,2433009860
gym-e4-rv_masa_b.encounter,taunt-instrument,71,Defeat,3,0,3,32,2,0,3,250,-1,,1,4,0,2100987149
gym-e4-rv_masa_b.encounter,taunt-instrument,72,Defeat,3,0,3,32,0,0,3,200,-1,,1,3,0,2028604137
gym-e4-rv_masa_b.encounter,taunt-instrument,73,Defeat,3,0,3,40,5,0,3,180,-1,,1,4,0,1925739939
gym-e4-rv_masa_b.encounter,taunt-instrument,74,Defeat,4,0,4,40,0,0,3,240,-1,,1,7,0,3761028271
gym-e4-rv_masa_b.encounter,taunt-instrument,75,Defeat,3,0,3,32,5,0,3,225,-1,,1,3,0,4102670695
gym-e4-rv_masa_b.encounter,taunt-instrument,76,Defeat,5,0,5,56,10,0,2,157,-1,,1,10,0,1271718753
gym-e4-rv_masa_b.encounter,taunt-instrument,77,Defeat,3,0,3,40,0,0,2,200,-1,,1,4,0,584372173
gym-e4-rv_masa_b.encounter,taunt-instrument,78,Defeat,3,0,3,40,1,0,2,240,-1,,1,4,0,942768770
gym-e4-rv_masa_b.encounter,taunt-instrument,79,Defeat,3,0,3,40,5,0,2,240,-1,,1,4,0,306747542
gym-e4-rv_masa_b.encounter,taunt-instrument,80,Defeat,3,0,3,40,10,0,3,220,-1,,1,4,0,3083072638
gym-e4-rv_masa_b.encounter,taunt-instrument,81,Defeat,4,0,4,48,0,0,2,233,-1,,1,7,0,3807349376
gym-e4-rv_masa_b.encounter,taunt-instrument,82,Defeat,3,0,3,40,0,0,2,200,-1,,1,4,0,584372173
gym-e4-rv_masa_b.encounter,taunt-instrument,83,Defeat,5,0,5,56,8,0,3,171,-1,,1,10,0,2352951061
gym-e4-rv_masa_b.encounter,taunt-instrument,84,Defeat,5,0,5,56,0,0,1,185,-1,,1,9,0,3393701986
gym-e4-rv_masa_b.encounter,taunt-instrument,85,Defeat,3,0,3,32,5,0,3,175,-1,,1,3,0,489324277
gym-e4-rv_masa_b.encounter,taunt-instrument,86,Defeat,3,0,3,40,6,0,2,200,-1,,1,4,0,338704647
gym-e4-rv_masa_b.encounter,taunt-instrument,87,Defeat,3,0,3,40,5,0,3,220,-1,,1,4,0,1669340568
gym-e4-rv_masa_b.encounter,taunt-instrument,88,Defeat,4,0,4,48,0,0,2,216,-1,,1,7,0,2916539318
gym-e4-rv_masa_b.encounter,taunt-instrument,89,Defeat,4,0,4,48,5,0,2,216,-1,,1,7,0,1118736358
gym-e4-rv_masa_b.encounter,taunt-instrument,90,Defeat,3,0,3,40,0,0,3,220,-1,,1,4,0,654275560
gym-e4-rv_masa_b.encounter,taunt-instrument,91,Defeat,3,0,3,40,8,0,2,180,-1,,1,4,0,874357923
gym-e4-rv_masa_b.encounter,taunt-instrument,92,Defeat,3,0,3,40,0,0,2,200,-1,,1,4,0,584372173
gym-e4-rv_masa_b.encounter,taunt-instrument,93,Defeat,4,0,4,40,1,0,3,200,-1,,1,5,0,3645018879
gym-e4-rv_masa_b.encounter,taunt-instrument,94,Defeat,4,0,4,48,0,0,2,200,-1,,1,7,0,1818478045
gym-e4-rv_masa_b.encounter,taunt-instrument,95,Defeat,5,0,5,56,10,0,3,171,-1,,1,10,0,4206245554
gym-e4-rv_masa_b.encounter,taunt-instrument,96,Defeat,3,0,3,40,0,0,2,200,-1,,1,4,0,584372173
gym-e4-rv_masa_b.encounter,taunt-instrument,97,Defeat,2,0,2,24,0,0,3,233,-1,,1,1,0,2129182441
gym-e4-rv_masa_b.encounter,taunt-instrument,98,Defeat,3,0,3,40,0,0,2,200,-1,,1,4,0,1327054097
gym-e4-rv_masa_b.encounter,taunt-instrument,99,Defeat,4,0,4,48,0,0,2,200,-1,,1,7,0,2147433983
gym-e4-rv_masa_b.encounter,taunt-instrument,100,Defeat,4,0,4,40,2,0,3,200,-1,,1,6,0,261933339
gym-e4-rv_masa_b.encounter,taunt-instrument,101,Defeat,3,0,3,40,0,0,2,200,-1,,1,4,0,584372173
gym-e4-rv_masa_b.encounter,taunt-instrument,102,Defeat,3,0,3,40,6,0,2,200,-1,,1,4,0,338704647
gym-e4-rv_masa_b.encounter,taunt-instrument,103,Defeat,3,0,3,40,0,0,2,200,-1,,1,4,0,584372173
gym-e4-rv_masa_b.encounter,taunt-instrument,104,Defeat,4,0,4,48,0,0,2,183,-1,,1,5,0,834875820
gym-e4-rv_masa_b.encounter,taunt-instrument,105,Defeat,3,0,3,40,0,0,2,200,-1,,1,4,0,584372173
gym-e4-rv_masa_b.encounter,taunt-instrument,106,Defeat,3,0,3,32,2,0,3,200,-1,,1,3,0,3256833207
gym-e4-rv_masa_b.encounter,taunt-instrument,107,Defeat,4,0,4,40,0,0,3,220,-1,,1,7,0,2157811801
gym-e4-rv_masa_b.encounter,taunt-instrument,108,Defeat,4,0,4,48,0,0,2,216,-1,,1,7,0,2966810033
gym-e4-rv_masa_b.encounter,taunt-instrument,109,Defeat,3,0,3,40,0,0,2,200,-1,,1,4,0,3991052868
gym-e4-rv_masa_b.encounter,taunt-instrument,110,Defeat,4,0,4,48,1,0,2,166,-1,,1,5,0,4126514459
gym-e4-rv_masa_b.encounter,taunt-instrument,111,Defeat,5,0,5,64,6,0,2,187,-1,,1,10,0,1534929859
gym-e4-rv_masa_b.encounter,taunt-instrument,112,Defeat,5,0,5,56,3,0,2,200,-1,,1,9,0,2780613775
gym-e4-rv_masa_b.encounter,taunt-instrument,113,Defeat,4,0,4,48,5,0,2,183,-1,,1,6,0,1011697955
gym-e4-rv_masa_b.encounter,taunt-instrument,114,Defeat,5,0,5,64,13,0,2,175,-1,,1,10,0,1111134370
gym-e4-rv_masa_b.encounter,taunt-instrument,115,Defeat,3,0,3,32,7,0,3,175,-1,,1,3,1,2133643736
gym-e4-rv_masa_b.encounter,taunt-instrument,116,Defeat,5,0,5,56,0,0,2,185,-1,,1,9,0,4117806089
gym-e4-rv_masa_b.encounter,taunt-instrument,117,Defeat,3,0,3,40,0,0,2,200,-1,,1,4,0,584372173
gym-e4-rv_masa_b.encounter,taunt-instrument,118,Defeat,4,0,4,48,5,0,3,183,-1,,1,7,0,66913954
gym-e4-rv_masa_b.encounter,taunt-instrument,119,Defeat,4,0,4,48,6,0,3,216,-1,,1,7,0,3993521185
gym-e4-rv_masa_b.encounter,taunt-instrument,120,Defeat,4,0,4,48,0,0,3,216,-1,,1,7,0,1140086146
gym-e4-rv_masa_b.encounter,taunt-instrument,121,Defeat,3,0,3,40,0,0,3,240,-1,,1,4,0,933793671
gym-e4-rv_masa_b.encounter,taunt-instrument,122,Defeat,4,0,4,48,0,0,2,216,-1,,1,7,0,2706214574
gym-e4-rv_masa_b.encounter,taunt-instrument,123,Defeat,3,0,3,40,0,0,2,200,-1,,1,4,0,584372173
gym-e4-rv_masa_b.encounter,taunt-instrument,124,Defeat,3,0,3,40,5,0,2,240,-1,,1,4,0,306747542
gym-e4-rv_masa_b.encounter,taunt-instrument,125,Defeat,3,0,3,32,2,0,3,250,-1,,1,4,0,1419907357
gym-e4-rv_masa_b.encounter,taunt-instrument,126,Defeat,5,0,5,64,5,0,2,162,-1,,1,7,0,3608574438
gym-e4-rv_masa_b.encounter,taunt-instrument,127,Defeat,3,0,3,40,0,0,2,200,-1,,1,4,0,325226484
gym-e4-rv_masa_b.encounter,taunt-instrument,128,Defeat,3,0,3,40,1,0,3,220,-1,,1,4,0,913888611
gym-e4-rv_masa_b.encounter,taunt-instrument,129,Defeat,3,0,3,40,0,0,3,220,-1,,1,4,0,2173877640
gym-e4-rv_masa_b.encounter,taunt-instrument,130,Defeat,3,0,3,40,0,0,3,220,-1,,1,4,0,3111095649
gym-e4-rv_masa_b.encounter,taunt-instrument,131,Defeat,3,0,3,40,10,0,3,200,-1,,1,3,0,2833135073
gym-e4-rv_masa_b.encounter,taunt-instrument,132,Defeat,3,0,3,40,0,0,2,200,-1,,1,4,0,584372173
gym-e4-rv_masa_b.encounter,taunt-instrument,133,Defeat,4,0,4,48,8,0,2,233,-1,,1,7,0,1578847961
gym-e4-rv_masa_b.encounter,taunt-instrument,134,Defeat,3,0,3,40,0,0,2,200,-1,,1,4,0,584372173
gym-e4-rv_masa_b.encounter,taunt-instrument,135,Defeat,3,0,3,40,0,0,3,220,-1,,1,4,0,3429445994
gym-e4-rv_masa_b.encounter,taunt-instrument,136,Defeat,4,0,4,48,0,0,2,200,-1,,1,7,0,1717620653
gym-e4-rv_masa_b.encounter,taunt-instrument,137,Defeat,4,0,4,40,5,0,3,200,-1,,1,5,0,1176472889
gym-e4-rv_masa_b.encounter,taunt-instrument,138,Defeat,4,0,4,48,0,0,2,200,-1,,1,7,0,3806683103
gym-e4-rv_masa_b.encounter,taunt-instrument,139,Defeat,3,0,3,40,0,0,2,200,-1,,1,4,0,584372173
gym-e4-rv_masa_b.encounter,taunt-instrument,140,Defeat,4,0,4,48,0,0,2,200,-1,,1,7,0,2147433983
gym-e4-rv_masa_b.encounter,taunt-instrument,141,Defeat,3,0,3,40,5,0,2,240,-1,,1,4,0,306747542
gym-e4-rv_masa_b.encounter,taunt-instrument,142,Defeat,5,0,5,56,0,0,1,171,-1,,1,8,0,3929011331
gym-e4-rv_masa_b.encounter,taunt-instrument,143,Defeat,3,0,3,32,0,0,3,250,-1,,1,4,0,3486755285
gym-e4-rv_masa_b.encounter,taunt-instrument,144,Defeat,4,0,4,48,0,0,2,216,-1,,1,7,0,1067893384
gym-e4-rv_masa_b.encounter,taunt-instrument,145,Defeat,3,0,3,40,0,0,3,220,-1,,1,4,0,3484331659
gym-e4-rv_masa_b.encounter,taunt-instrument,146,Defeat,3,0,3,40,5,0,3,260,-1,,1,4,0,3852102536
gym-e4-rv_masa_b.encounter,taunt-instrument,147,Defeat,4,0,4,40,0,0,3,200,-1,,1,7,0,2631507476
gym-e4-rv_masa_b.encounter,taunt-instrument,148,Defeat,4,0,4,40,7,0,3,220,-1,,1,7,0,3513803046
gym-e4-rv_masa_b.encounter,taunt-instrument,149,Defeat,4,0,4,40,5,0,3,160,-1,,1,5,1,392483375
gym-e4-rv_masa_b.encounter,taunt-instrument,150,Defeat,3,0,3,40,0,0,2,200,-1,,1,4,0,584372173
gym-e4-rv_masa_b.encounter,taunt-instrument,151,Defeat,3,0,3,40,0,0,2,200,-1,,1,4,0,584372173
gym-e4-rv_masa_b.encounter,taunt-instrument,152,Defeat,3,0,3,40,0,0,3,220,-1,,1,4,0,3111095649
gym-e4-rv_masa_b.encounter,taunt-instrument,153,Defeat,3,0,3,40,0,0,3,240,-1,,1,4,0,2164833036
gym-e4-rv_masa_b.encounter,taunt-instrument,154,Defeat,4,0,4,48,0,0,2,200,-1,,1,7,0,2529727066
gym-e4-rv_masa_b.encounter,taunt-instrument,155,Defeat,3,0,3,40,5,0,2,240,-1,,1,4,0,306747542
gym-e4-rv_masa_b.encounter,taunt-instrument,156,Defeat,4,0,4,48,0,0,2,166,-1,,1,5,0,1830642738
gym-e4-rv_masa_b.encounter,taunt-instrument,157,Defeat,3,0,3,40,1,0,3,260,-1,,1,4,0,1597153975
gym-e4-rv_masa_b.encounter,taunt-instrument,158,Defeat,3,0,3,40,0,0,2,200,-1,,1,4,0,584372173
gym-e4-rv_masa_b.encounter,taunt-instrument,159,Defeat,3,0,3,40,0,0,3,220,-1,,1,4,0,2426994718
gym-e4-rv_masa_b.encounter,taunt-instrument,160,Defeat,4,0,4,40,5,0,3,180,-1,,1,5,1,1850758304
gym-e4-rv_masa_b.encounter,taunt-instrument,161,Defeat,3,0,3,40,8,0,2,180,-1,,1,4,0,874357923
gym-e4-rv_masa_b.encounter,taunt-instrument,162,Defeat,3,0,3,40,1,0,3,260,-1,,1,4,0,2833820695
gym-e4-rv_masa_b.encounter,taunt-instrument,163,Defeat,3,0,3,40,0,0,2,200,-1,,1,4,0,584372173
gym-e4-rv_masa_b.encounter,taunt-instrument,164,Defeat,4,0,4,48,0,0,2,216,-1,,1,7,0,3758337892
gym-e4-rv_masa_b.encounter,taunt-instrument,165,Defeat,3,0,3,40,8,0,2,180,-1,,1,4,0,874357923
gym-e4-rv_masa_b.encounter,taunt-instrument,166,Defeat,3,0,3,40,4,0,3,220,-1,,1,4,0,210825032
gym-e4-rv_masa_b.encounter,taunt-instrument,167,Defeat,4,0,4,48,12,0,2,150,-1,,1,6,0,3724508113
gym-e4-rv_masa_b.encounter,taunt-instrument,168,Defeat,3,0,3,40,0,0,2,200,-1,,1,4,0,461904272
gym-e4-rv_masa_b.encounter,taunt-instrument,169,Defeat,3,0,3,32,2,0,3,200,-1,,1,3,0,2110583111
gym-e4-rv_masa_b.encounter,taunt-instrument,170,Defeat,3,0,3,32,5,0,3,175,-1,,1,3,0,1918093608
gym-e4-rv_masa_b.encounter,taunt-instrument,171,Defeat,4,0,4,48,5,0,3,216,-1,,1,7,0,3519976329
gym-e4-rv_masa_b.encounter,taunt-instrument,172,Defeat,3,0,3,32,5,0,3,175,-1,,1,3,1,2382831318
gym-e4-rv_masa_b.encounter,taunt-instrument,173,Defeat,3,0,3,32,0,0,3,200,-1,,1,4,0,3740576690
gym-e4-rv_masa_b.encounter,taunt-instrument,174,Defeat,3,0,3,40,5,0,2,240,-1,,1,4,0,306747542
gym-e4-rv_masa_b.encounter,taunt-instrument,175,Defeat,3,0,3,40,2,0,3,220,-1,,1,4,0,1887580894
gym-e4-rv_masa_b.encounter,taunt-instrument,176,Defeat,5,0,5,56,0,0,1,185,-1,,1,9,0,276389924
gym-e4-rv_masa_b.encounter,taunt-instrument,177,Defeat,4,0,4,48,5,0,2,183,-1,,1,6,0,3293872185
gym-e4-rv_masa_b.encounter,taunt-instrument,178,Defeat,3,0,3,40,0,0,3,220,-1,,1,4,0,2934851284
gym-e4-rv_masa_b.encounter,taunt-instrument,179,Defeat,3,0,3,32,0,0,3,200,-1,,1,4,0,3740576690
gym-e4-rv_masa_b.encounter,taunt-instrument,180,Defeat,3,0,3,32,5,0,3,175,-1,,1,3,1,3496258768
gym-e4-rv_masa_b.encounter,taunt-instrument,181,Defeat,2,0,2,24,2,0,3,233,-1,,1,1,0,2129182441
gym-e4-rv_masa_b.encounter,taunt-instrument,182,Defeat,3,0,3,40,5,0,3,180,-1,,1,4,0,2304670436
gym-e4-rv_masa_b.encounter,taunt-instrument,183,Defeat,3,0,3,40,0,0,3,220,-1,,1,4,0,2604797777
gym-e4-rv_masa_b.encounter,taunt-instrument,184,Defeat,4,0,4,48,0,0,2,216,-1,,1,7,0,1648434273
gym-e4-rv_masa_b.encounter,taunt-instrument,185,Defeat,3,0,3,40,5,0,2,240,-1,,1,4,0,306747542
gym-e4-rv_masa_b.encounter,taunt-instrument,186,Defeat,4,0,4,48,0,0,3,216,-1,,1,7,0,3765396770
gym-e4-rv_masa_b.encounter,taunt-instrument,187,Defeat,3,0,3,40,0,0,2,200,-1,,1,4,0,584372173
gym-e4-rv_masa_b.encounter,taunt-instrument,188,Defeat,3,0,3,40,0,0,2,200,-1,,1,4,0,584372173
gym-e4-rv_masa_b.encounter,taunt-instrument,189,Defeat,4,0,4,48,13,0,3,233,-1,,1,7,0,2115797580
gym-e4-rv_masa_b.encounter,taunt-instrument,190,Defeat,4,0,4,48,0,0,2,200,-1,,1,7,0,2950684300
gym-e4-rv_masa_b.encounter,taunt-instrument,191,Defeat,4,0,4,48,2,0,2,200,-1,,1,6,0,1871134902
gym-e4-rv_masa_b.encounter,taunt-instrument,192,Defeat,4,0,4,48,10,0,3,200,-1,,1,7,0,2769367584
gym-e4-rv_masa_b.encounter,taunt-instrument,193,Defeat,3,0,3,40,0,0,2,200,-1,,1,4,0,584372173
gym-e4-rv_masa_b.encounter,taunt-instrument,194,Defeat,3,0,3,32,0,0,3,175,-1,,1,3,1,950064030
gym-e4-rv_masa_b.encounter,taunt-instrument,195,Defeat,3,0,3,32,0,0,3,200,-1,,1,4,0,3740576690
gym-e4-rv_masa_b.encounter,taunt-instrument,196,Defeat,4,0,4,40,5,0,3,180,-1,,1,5,0,3128725232
gym-e4-rv_masa_b.encounter,taunt-instrument,197,Defeat,4,0,4,48,2,0,3,233,-1,,1,7,0,3556978341
gym-e4-rv_masa_b.encounter,taunt-instrument,198,Defeat,2,0,2,24,0,0,3,233,-1,,1,1,0,3032393318
gym-e4-rv_masa_b.encounter,taunt-instrument,199,Defeat,3,0,3,32,5,0,3,200,-1,,1,4,0,485139281
gym-e4-rv_masa_b.encounter,taunt-instrument,200,Defeat,3,0,3,40,0,0,2,200,-1,,1,4,0,584372173
gym-e4-rv_masa_b.encounter,counter-reserve,1,Defeat,5,0,5,64,27,0,3,175,-1,,1,10,0,83506095
gym-e4-rv_masa_b.encounter,counter-reserve,2,Defeat,4,0,4,48,18,0,3,200,-1,,1,7,0,734527801
gym-e4-rv_masa_b.encounter,counter-reserve,3,Defeat,4,0,4,48,17,0,3,200,-1,,1,7,0,2806719591
gym-e4-rv_masa_b.encounter,counter-reserve,4,Defeat,5,0,5,64,26,0,3,175,-1,,1,10,0,2331820049
gym-e4-rv_masa_b.encounter,counter-reserve,5,Defeat,3,0,3,40,17,0,3,160,-1,,1,4,0,1326378875
gym-e4-rv_masa_b.encounter,counter-reserve,6,Defeat,4,0,4,48,26,0,3,166,-1,,1,6,0,1552002276
gym-e4-rv_masa_b.encounter,counter-reserve,7,Defeat,4,0,4,48,16,0,3,200,-1,,1,7,0,2425052911
gym-e4-rv_masa_b.encounter,counter-reserve,8,Defeat,4,0,4,48,18,0,3,200,-1,,1,7,0,734527801
gym-e4-rv_masa_b.encounter,counter-reserve,9,Defeat,4,0,4,48,22,0,3,200,-1,,1,7,0,171612920
gym-e4-rv_masa_b.encounter,counter-reserve,10,Defeat,3,0,3,40,18,0,3,160,-1,,1,4,0,1591257229
gym-e4-rv_masa_b.encounter,counter-reserve,11,Defeat,4,0,4,48,18,0,3,200,-1,,1,7,0,734527801
gym-e4-rv_masa_b.encounter,counter-reserve,12,Defeat,4,0,4,48,18,0,3,200,-1,,1,7,0,734527801
gym-e4-rv_masa_b.encounter,counter-reserve,13,Defeat,5,0,5,64,26,0,2,162,-1,,1,8,0,2204326004
gym-e4-rv_masa_b.encounter,counter-reserve,14,Defeat,4,0,4,48,19,0,3,216,-1,,1,7,0,1050951106
gym-e4-rv_masa_b.encounter,counter-reserve,15,Defeat,4,0,4,48,18,0,3,200,-1,,1,7,0,1624271520
gym-e4-rv_masa_b.encounter,counter-reserve,16,Defeat,4,0,4,48,19,0,3,183,-1,,1,7,0,3398894188
gym-e4-rv_masa_b.encounter,counter-reserve,17,Defeat,3,0,3,40,19,0,3,200,-1,,1,4,0,2138294360
gym-e4-rv_masa_b.encounter,counter-reserve,18,Defeat,4,0,4,48,18,0,3,200,-1,,1,7,0,2603606128
gym-e4-rv_masa_b.encounter,counter-reserve,19,Defeat,4,0,4,48,18,0,3,200,-1,,1,7,0,734527801
gym-e4-rv_masa_b.encounter,counter-reserve,20,Defeat,4,0,4,48,19,0,2,133,-1,,1,6,0,2207578855
gym-e4-rv_masa_b.encounter,counter-reserve,21,Defeat,4,0,4,48,20,0,3,183,-1,,1,7,0,2219343652
gym-e4-rv_masa_b.encounter,counter-reserve,22,Defeat,3,0,3,40,20,0,3,180,-1,,1,4,0,524880645
gym-e4-rv_masa_b.encounter,counter-reserve,23,Defeat,4,0,4,48,22,0,3,200,-1,,1,7,0,1131775564
gym-e4-rv_masa_b.encounter,counter-reserve,24,Defeat,4,0,4,48,16,0,3,200,-1,,1,7,0,2996066393
gym-e4-rv_masa_b.encounter,counter-reserve,25,Defeat,4,0,4,48,18,0,3,200,-1,,1,7,0,2034420602
gym-e4-rv_masa_b.encounter,counter-reserve,26,Defeat,3,0,3,40,17,0,3,160,-1,,1,4,0,261219666
gym-e4-rv_masa_b.encounter,counter-reserve,27,Defeat,3,0,3,40,17,0,3,160,-1,,1,4,0,261219666
gym-e4-rv_masa_b.encounter,counter-reserve,28,Defeat,4,0,4,48,19,0,3,200,-1,,1,7,0,2332438521
gym-e4-rv_masa_b.encounter,counter-reserve,29,Defeat,4,0,4,48,18,0,3,200,-1,,1,7,0,755358088
gym-e4-rv_masa_b.encounter,counter-reserve,30,Defeat,4,0,4,48,18,0,3,166,-1,,1,5,0,4002734449
gym-e4-rv_masa_b.encounter,counter-reserve,31,Defeat,4,0,4,48,12,0,3,216,-1,,1,7,0,3439467520
gym-e4-rv_masa_b.encounter,counter-reserve,32,Defeat,4,0,4,48,26,0,3,150,-1,,1,7,0,607305175
gym-e4-rv_masa_b.encounter,counter-reserve,33,Defeat,3,0,3,40,17,0,3,180,-1,,1,4,0,823120600
gym-e4-rv_masa_b.encounter,counter-reserve,34,Defeat,5,0,5,64,27,0,2,137,-1,,1,8,0,2815929119
gym-e4-rv_masa_b.encounter,counter-reserve,35,Defeat,5,0,5,64,33,0,3,175,-1,,1,10,0,3955953465
gym-e4-rv_masa_b.encounter,counter-reserve,36,Defeat,4,0,4,48,18,0,3,200,-1,,1,7,0,734527801
gym-e4-rv_masa_b.encounter,counter-reserve,37,Defeat,4,0,4,48,18,0,3,200,-1,,1,7,0,734527801
gym-e4-rv_masa_b.encounter,counter-reserve,38,Defeat,4,0,4,48,19,0,3,183,-1,,1,7,0,473242181
gym-e4-rv_masa_b.encounter,counter-reserve,39,Defeat,3,0,3,40,17,0,3,160,-1,,1,4,0,1326378875
gym-e4-rv_masa_b.encounter,counter-reserve,40,Defeat,4,0,4,48,18,0,3,200,-1,,1,7,0,734527801
gym-e4-rv_masa_b.encounter,counter-reserve,41,Defeat,4,0,4,48,17,0,3,166,-1,,1,7,0,2422026816
gym-e4-rv_masa_b.encounter,counter-reserve,42,Defeat,4,0,4,48,18,0,3,200,-1,,1,7,0,734527801
gym-e4-rv_masa_b.encounter,counter-reserve,43,Defeat,4,0,4,48,20,0,3,166,-1,,1,7,0,677566357
gym-e4-rv_masa_b.encounter,counter-reserve,44,Defeat,4,0,4,48,18,0,3,166,-1,,1,5,0,3463407362
gym-e4-rv_masa_b.encounter,counter-reserve,45,Defeat,4,0,4,48,24,0,3,183,-1,,1,7,0,194087695
gym-e4-rv_masa_b.encounter,counter-reserve,46,Defeat,3,0,3,40,14,0,3,160,-1,,1,4,0,4024345518
gym-e4-rv_masa_b.encounter,counter-reserve,47,Defeat,4,0,4,48,18,0,3,200,-1,,1,7,0,734527801
gym-e4-rv_masa_b.encounter,counter-reserve,48,Defeat,4,0,4,48,18,0,3,200,-1,,1,7,0,734527801
gym-e4-rv_masa_b.encounter,counter-reserve,49,Defeat,3,0,3,40,20,0,3,180,-1,,1,4,0,524880645
gym-e4-rv_masa_b.encounter,counter-reserve,50,Defeat,3,0,3,40,17,0,3,180,-1,,1,4,0,1712479336
gym-e4-rv_masa_b.encounter,counter-reserve,51,Defeat,5,0,5,56,20,0,2,171,-1,,1,9,0,1573777393
gym-e4-rv_masa_b.encounter,counter-reserve,52,Defeat,4,0,4,48,18,0,3,200,-1,,1,7,0,734527801
gym-e4-rv_masa_b.encounter,counter-reserve,53,Defeat,4,0,4,48,15,0,3,183,-1,,1,7,0,607379192
gym-e4-rv_masa_b.encounter,counter-reserve,54,Defeat,4,0,4,48,18,0,3,200,-1,,1,7,0,4284207907
gym-e4-rv_masa_b.encounter,counter-reserve,55,Defeat,3,0,3,40,17,0,3,200,-1,,1,4,0,1087230382
gym-e4-rv_masa_b.encounter,counter-reserve,56,Defeat,4,0,4,48,18,0,3,200,-1,,1,7,0,693437449
gym-e4-rv_masa_b.encounter,counter-reserve,57,Defeat,4,0,4,48,18,0,3,200,-1,,1,7,0,734527801
gym-e4-rv_masa_b.encounter,counter-reserve,58,Defeat,4,0,4,48,14,0,3,133,-1,,1,7,0,2787478794
gym-e4-rv_masa_b.encounter,counter-reserve,59,Defeat,4,0,4,48,16,0,3,183,-1,,1,7,0,3868646139
gym-e4-rv_masa_b.encounter,counter-reserve,60,Defeat,4,0,4,48,22,0,3,200,-1,,1,7,0,1598883802
gym-e4-rv_masa_b.encounter,counter-reserve,61,Defeat,3,0,3,40,17,0,3,180,-1,,1,4,0,2678879344
gym-e4-rv_masa_b.encounter,counter-reserve,62,Defeat,4,0,4,48,19,0,2,200,-1,,1,7,0,1057762323
gym-e4-rv_masa_b.encounter,counter-reserve,63,Defeat,4,0,4,48,16,0,3,166,-1,,1,7,0,3629291771
gym-e4-rv_masa_b.encounter,counter-reserve,64,Defeat,4,0,4,48,17,0,2,166,-1,,1,7,0,2785199710
gym-e4-rv_masa_b.encounter,counter-reserve,65,Defeat,4,0,4,48,18,0,3,200,-1,,1,7,0,3179243939
gym-e4-rv_masa_b.encounter,counter-reserve,66,Defeat,3,0,3,40,17,0,3,160,-1,,1,4,0,3027558365
gym-e4-rv_masa_b.encounter,counter-reserve,67,Defeat,4,0,4,48,18,0,3,200,-1,,1,7,0,2603606128
gym-e4-rv_masa_b.encounter,counter-reserve,68,Defeat,4,0,4,48,17,0,3,200,-1,,1,7,0,3270906277
gym-e4-rv_masa_b.encounter,counter-reserve,69,Defeat,4,0,4,48,21,0,3,183,-1,,1,7,0,1699640803
gym-e4-rv_masa_b.encounter,counter-reserve,70,Defeat,4,0,4,48,18,0,3,200,-1,,1,7,0,3453243241
gym-e4-rv_masa_b.encounter,counter-reserve,71,Defeat,6,0,6,72,38,0,3,188,-1,,1,13,0,2186282000
gym-e4-rv_masa_b.encounter,counter-reserve,72,Defeat,4,0,4,48,13,0,2,133,-1,,1,6,0,4132283011
gym-e4-rv_masa_b.encounter,counter-reserve,73,Defeat,5,0,5,64,31,0,3,187,-1,,1,10,0,3474692923
gym-e4-rv_masa_b.encounter,counter-reserve,74,Defeat,6,0,6,72,22,0,2,144,-1,,1,10,0,4067790246
gym-e4-rv_masa_b.encounter,counter-reserve,75,Defeat,3,0,3,40,18,0,3,200,-1,,1,3,0,58490916
gym-e4-rv_masa_b.encounter,counter-reserve,76,Defeat,5,0,5,56,24,0,3,185,-1,,1,10,0,3074558742
gym-e4-rv_masa_b.encounter,counter-reserve,77,Defeat,4,0,4,48,18,0,3,200,-1,,1,7,0,734527801
gym-e4-rv_masa_b.encounter,counter-reserve,78,Defeat,3,0,3,40,17,0,3,180,-1,,1,4,0,1712479336
gym-e4-rv_masa_b.encounter,counter-reserve,79,Defeat,4,0,4,48,18,0,3,183,-1,,1,7,0,2709911230
gym-e4-rv_masa_b.encounter,counter-reserve,80,Defeat,5,0,5,64,18,0,2,162,-1,,1,9,0,3646160966
gym-e4-rv_masa_b.encounter,counter-reserve,81,Defeat,6,0,6,72,25,0,2,144,-1,,1,10,0,1530699906
gym-e4-rv_masa_b.encounter,counter-reserve,82,Defeat,4,0,4,48,18,0,3,200,-1,,1,7,0,734527801
gym-e4-rv_masa_b.encounter,counter-reserve,83,Defeat,5,0,5,56,17,0,3,200,-1,,1,10,0,3214639024
gym-e4-rv_masa_b.encounter,counter-reserve,84,Defeat,4,0,4,48,18,0,3,200,-1,,1,7,0,232648292
gym-e4-rv_masa_b.encounter,counter-reserve,85,Defeat,4,0,4,48,18,0,3,166,-1,,1,5,0,142798158
gym-e4-rv_masa_b.encounter,counter-reserve,86,Defeat,4,0,4,48,22,0,3,166,-1,,1,7,0,2006580582
gym-e4-rv_masa_b.encounter,counter-reserve,87,Defeat,3,0,3,40,17,0,3,160,-1,,1,4,0,3550432371
gym-e4-rv_masa_b.encounter,counter-reserve,88,Defeat,5,0,5,56,23,0,3,171,-1,,1,10,0,1483892860
gym-e4-rv_masa_b.encounter,counter-reserve,89,Defeat,3,0,3,32,6,0,3,225,-1,,1,4,0,3540005403
gym-e4-rv_masa_b.encounter,counter-reserve,90,Defeat,4,0,4,48,18,0,3,200,-1,,1,7,0,734527801
gym-e4-rv_masa_b.encounter,counter-reserve,91,Defeat,4,0,4,48,18,0,3,200,-1,,1,7,0,2312714761
gym-e4-rv_masa_b.encounter,counter-reserve,92,Defeat,4,0,4,48,18,0,3,200,-1,,1,7,0,734527801
gym-e4-rv_masa_b.encounter,counter-reserve,93,Defeat,4,0,4,48,22,0,3,150,-1,,1,7,0,1162376000
gym-e4-rv_masa_b.encounter,counter-reserve,94,Defeat,4,0,4,48,18,0,3,200,-1,,1,7,0,734527801
gym-e4-rv_masa_b.encounter,counter-reserve,95,Defeat,4,0,4,48,24,0,3,150,-1,,1,7,0,662678158
gym-e4-rv_masa_b.encounter,counter-reserve,96,Defeat,4,0,4,48,19,0,3,183,-1,,1,7,0,3864596566
gym-e4-rv_masa_b.encounter,counter-reserve,97,Defeat,3,0,3,32,7,0,3,200,-1,,1,4,0,1441062559
gym-e4-rv_masa_b.encounter,counter-reserve,98,Defeat,5,0,5,56,27,0,3,185,-1,,1,10,0,269385194
gym-e4-rv_masa_b.encounter,counter-reserve,99,Defeat,4,0,4,48,18,0,3,200,-1,,1,7,0,734527801
gym-e4-rv_masa_b.encounter,counter-reserve,100,Defeat,4,0,4,48,19,0,3,183,-1,,1,6,0,2165709076
gym-e4-rv_masa_b.encounter,counter-reserve,101,Defeat,4,0,4,48,18,0,3,200,-1,,1,7,0,3650314434
gym-e4-rv_masa_b.encounter,counter-reserve,102,Defeat,3,0,3,32,6,0,3,225,-1,,1,4,0,2087890431
gym-e4-rv_masa_b.encounter,counter-reserve,103,Defeat,4,0,4,48,18,0,3,200,-1,,1,7,0,734527801
gym-e4-rv_masa_b.encounter,counter-reserve,104,Defeat,4,0,4,48,18,0,3,200,-1,,1,7,0,734527801
gym-e4-rv_masa_b.encounter,counter-reserve,105,Defeat,4,0,4,48,18,0,3,200,-1,,1,7,0,734527801
gym-e4-rv_masa_b.encounter,counter-reserve,106,Defeat,5,0,5,56,25,0,2,142,-1,,1,9,0,3141810246
gym-e4-rv_masa_b.encounter,counter-reserve,107,Defeat,5,0,5,64,21,0,2,187,-1,,1,10,0,2471987191
gym-e4-rv_masa_b.encounter,counter-reserve,108,Defeat,5,0,5,56,19,0,3,185,-1,,1,10,0,1197027472
gym-e4-rv_masa_b.encounter,counter-reserve,109,Defeat,4,0,4,48,20,0,3,216,-1,,1,7,0,1426771910
gym-e4-rv_masa_b.encounter,counter-reserve,110,Defeat,5,0,5,56,21,0,3,185,-1,,1,10,0,3923814372
gym-e4-rv_masa_b.encounter,counter-reserve,111,Defeat,4,0,4,48,20,0,3,150,-1,,1,7,0,1802891290
gym-e4-rv_masa_b.encounter,counter-reserve,112,Defeat,4,0,4,48,18,0,3,200,-1,,1,7,0,734527801
gym-e4-rv_masa_b.encounter,counter-reserve,113,Defeat,4,0,4,48,20,0,2,150,-1,,1,7,0,3246969438
gym-e4-rv_masa_b.encounter,counter-reserve,114,Defeat,4,0,4,48,17,0,3,183,-1,,1,7,0,582226773
gym-e4-rv_masa_b.encounter,counter-reserve,115,Defeat,3,0,3,40,18,0,3,240,-1,,1,4,0,949841932
gym-e4-rv_masa_b.encounter,counter-reserve,116,Defeat,4,0,4,48,18,0,3,200,-1,,1,7,0,2312714761
gym-e4-rv_masa_b.encounter,counter-reserve,117,Defeat,4,0,4,48,18,0,3,200,-1,,1,7,0,734527801
gym-e4-rv_masa_b.encounter,counter-reserve,118,Defeat,4,0,4,56,21,0,3,171,-1,,1,7,0,219958406
gym-e4-rv_masa_b.encounter,counter-reserve,119,Defeat,4,0,4,48,18,0,3,200,-1,,1,7,0,734527801
gym-e4-rv_masa_b.encounter,counter-reserve,120,Defeat,4,0,4,48,19,0,3,183,-1,,1,7,0,828392548
gym-e4-rv_masa_b.encounter,counter-reserve,121,Defeat,4,0,4,48,20,0,2,166,-1,,1,7,0,3147650094
gym-e4-rv_masa_b.encounter,counter-reserve,122,Defeat,4,0,4,48,18,0,3,200,-1,,1,7,0,734527801
gym-e4-rv_masa_b.encounter,counter-reserve,123,Defeat,4,0,4,48,18,0,3,200,-1,,1,7,0,734527801
gym-e4-rv_masa_b.encounter,counter-reserve,124,Defeat,3,0,3,40,17,0,3,160,-1,,1,4,0,4247085842
gym-e4-rv_masa_b.encounter,counter-reserve,125,Defeat,3,0,3,40,18,0,3,200,-1,,1,4,0,3728168281
gym-e4-rv_masa_b.encounter,counter-reserve,126,Defeat,4,0,4,48,17,0,3,200,-1,,1,7,0,4207464364
gym-e4-rv_masa_b.encounter,counter-reserve,127,Defeat,3,0,3,40,17,0,3,180,-1,,1,4,0,4073582172
gym-e4-rv_masa_b.encounter,counter-reserve,128,Defeat,4,0,4,48,17,0,3,183,-1,,1,7,0,567775495
gym-e4-rv_masa_b.encounter,counter-reserve,129,Defeat,4,0,4,48,18,0,3,200,-1,,1,7,0,734527801
gym-e4-rv_masa_b.encounter,counter-reserve,130,Defeat,4,0,4,48,18,0,3,200,-1,,1,7,0,734527801
gym-e4-rv_masa_b.encounter,counter-reserve,131,Defeat,4,0,4,48,13,0,3,183,-1,,1,6,0,699688006
gym-e4-rv_masa_b.encounter,counter-reserve,132,Defeat,4,0,4,48,18,0,3,200,-1,,1,7,0,526161139
gym-e4-rv_masa_b.encounter,counter-reserve,133,Defeat,4,0,4,56,23,0,3,200,-1,,1,7,0,2170536208
gym-e4-rv_masa_b.encounter,counter-reserve,134,Defeat,4,0,4,48,12,0,3,216,-1,,1,7,0,3609727137
gym-e4-rv_masa_b.encounter,counter-reserve,135,Defeat,4,0,4,48,18,0,3,200,-1,,1,7,0,734527801
gym-e4-rv_masa_b.encounter,counter-reserve,136,Defeat,5,0,5,56,23,0,3,171,-1,,1,10,0,4041950427
gym-e4-rv_masa_b.encounter,counter-reserve,137,Defeat,4,0,4,48,14,0,3,216,-1,,1,7,0,1084518918
gym-e4-rv_masa_b.encounter,counter-reserve,138,Defeat,4,0,4,48,18,0,3,200,-1,,1,7,0,734527801
gym-e4-rv_masa_b.encounter,counter-reserve,139,Defeat,4,0,4,48,18,0,3,200,-1,,1,7,0,734527801
gym-e4-rv_masa_b.encounter,counter-reserve,140,Defeat,3,0,3,40,16,0,3,180,-1,,1,4,0,2279480906
gym-e4-rv_masa_b.encounter,counter-reserve,141,Defeat,5,0,5,64,27,0,3,175,-1,,1,10,0,78501807
gym-e4-rv_masa_b.encounter,counter-reserve,142,Defeat,4,0,4,48,19,0,3,200,-1,,1,7,0,347841193
gym-e4-rv_masa_b.encounter,counter-reserve,143,Defeat,3,0,3,40,18,0,3,200,-1,,1,4,0,1293047397
gym-e4-rv_masa_b.encounter,counter-reserve,144,Defeat,4,0,4,48,18,0,3,200,-1,,1,7,0,734527801
gym-e4-rv_masa_b.encounter,counter-reserve,145,Defeat,4,0,4,48,18,0,3,200,-1,,1,7,0,734527801
gym-e4-rv_masa_b.encounter,counter-reserve,146,Defeat,4,0,4,56,22,0,3,200,-1,,1,7,0,4255408546
gym-e4-rv_masa_b.encounter,counter-reserve,147,Defeat,4,0,4,56,22,0,3,200,-1,,1,7,0,4255408546
gym-e4-rv_masa_b.encounter,counter-reserve,148,Defeat,3,0,3,40,16,0,3,160,-1,,1,4,0,1326378875
gym-e4-rv_masa_b.encounter,counter-reserve,149,Defeat,4,0,4,40,11,0,3,160,-1,,1,5,0,2454523645
gym-e4-rv_masa_b.encounter,counter-reserve,150,Defeat,4,0,4,48,17,0,3,200,-1,,1,7,0,4251253912
gym-e4-rv_masa_b.encounter,counter-reserve,151,Defeat,4,0,4,48,18,0,3,200,-1,,1,7,0,734527801
gym-e4-rv_masa_b.encounter,counter-reserve,152,Defeat,5,0,5,64,26,0,2,162,-1,,1,8,0,4175237972
gym-e4-rv_masa_b.encounter,counter-reserve,153,Defeat,4,0,4,48,18,0,3,200,-1,,1,7,0,2635103617
gym-e4-rv_masa_b.encounter,counter-reserve,154,Defeat,4,0,4,48,20,0,3,200,-1,,1,7,0,2626278150
gym-e4-rv_masa_b.encounter,counter-reserve,155,Defeat,3,0,3,40,17,0,3,160,-1,,1,4,0,3550432371
gym-e4-rv_masa_b.encounter,counter-reserve,156,Defeat,4,0,4,48,18,0,3,200,-1,,1,7,0,309799267
gym-e4-rv_masa_b.encounter,counter-reserve,157,Defeat,4,0,4,48,27,0,3,183,-1,,1,7,0,3602264122
gym-e4-rv_masa_b.encounter,counter-reserve,158,Defeat,4,0,4,48,18,0,3,200,-1,,1,7,0,734527801
gym-e4-rv_masa_b.encounter,counter-reserve,159,Defeat,4,0,4,48,18,0,3,200,-1,,1,7,0,734527801
gym-e4-rv_masa_b.encounter,counter-reserve,160,Defeat,3,0,3,40,19,0,3,200,-1,,1,4,0,2138294360
gym-e4-rv_masa_b.encounter,counter-reserve,161,Defeat,4,0,4,48,17,0,2,166,-1,,1,7,0,4104626560
gym-e4-rv_masa_b.encounter,counter-reserve,162,Defeat,5,0,5,64,30,0,3,175,-1,,1,10,0,1688299019
gym-e4-rv_masa_b.encounter,counter-reserve,163,Defeat,4,0,4,48,18,0,3,200,-1,,1,7,0,734527801
gym-e4-rv_masa_b.encounter,counter-reserve,164,Defeat,3,0,3,40,17,0,3,160,-1,,1,4,0,1326378875
gym-e4-rv_masa_b.encounter,counter-reserve,165,Defeat,4,0,4,48,18,0,3,200,-1,,1,7,0,1814291993
gym-e4-rv_masa_b.encounter,counter-reserve,166,Defeat,4,0,4,48,13,0,3,150,-1,,1,7,0,1406560039
gym-e4-rv_masa_b.encounter,counter-reserve,167,Defeat,4,0,4,48,20,0,3,216,-1,,1,7,0,216538936
gym-e4-rv_masa_b.encounter,counter-reserve,168,Defeat,3,0,3,40,17,0,3,180,-1,,1,4,0,1712479336
gym-e4-rv_masa_b.encounter,counter-reserve,169,Defeat,4,0,4,48,20,0,2,150,-1,,1,7,0,1332676312
gym-e4-rv_masa_b.encounter,counter-reserve,170,Defeat,4,0,4,48,20,0,3,150,-1,,1,7,0,298753379
gym-e4-rv_masa_b.encounter,counter-reserve,171,Defeat,4,0,4,48,18,0,3,200,-1,,1,7,0,1450055597
gym-e4-rv_masa_b.encounter,counter-reserve,172,Defeat,3,0,3,32,13,0,3,200,-1,,1,4,0,1280767549
gym-e4-rv_masa_b.encounter,counter-reserve,173,Defeat,4,0,4,48,18,0,3,200,-1,,1,7,0,4248315981
gym-e4-rv_masa_b.encounter,counter-reserve,174,Defeat,4,0,4,48,18,0,3,200,-1,,1,7,0,734527801
gym-e4-rv_masa_b.encounter,counter-reserve,175,Defeat,4,0,4,48,22,0,3,183,-1,,1,7,0,2817856350
gym-e4-rv_masa_b.encounter,counter-reserve,176,Defeat,4,0,4,48,18,0,3,200,-1,,1,7,0,734527801
gym-e4-rv_masa_b.encounter,counter-reserve,177,Defeat,3,0,3,40,17,0,3,180,-1,,1,4,0,823120600
gym-e4-rv_masa_b.encounter,counter-reserve,178,Defeat,4,0,4,48,20,0,3,200,-1,,1,7,0,2626278150
gym-e4-rv_masa_b.encounter,counter-reserve,179,Defeat,5,0,5,64,28,0,2,175,-1,,1,8,0,3717475248
gym-e4-rv_masa_b.encounter,counter-reserve,180,Defeat,4,0,4,48,15,0,3,233,-1,,1,7,0,3062011515
gym-e4-rv_masa_b.encounter,counter-reserve,181,Defeat,4,0,4,48,24,0,3,166,-1,,1,7,0,3432768461
gym-e4-rv_masa_b.encounter,counter-reserve,182,Defeat,3,0,3,40,17,0,3,180,-1,,1,4,0,823120600
gym-e4-rv_masa_b.encounter,counter-reserve,183,Defeat,4,0,4,48,18,0,3,200,-1,,1,7,0,734527801
gym-e4-rv_masa_b.encounter,counter-reserve,184,Defeat,4,0,4,48,18,0,3,200,-1,,1,7,0,2034420602
gym-e4-rv_masa_b.encounter,counter-reserve,185,Defeat,4,0,4,56,21,0,3,171,-1,,1,7,0,3396609761
gym-e4-rv_masa_b.encounter,counter-reserve,186,Defeat,5,0,5,56,16,0,3,200,-1,,1,10,0,2661942226
gym-e4-rv_masa_b.encounter,counter-reserve,187,Defeat,4,0,4,48,18,0,3,200,-1,,1,7,0,734527801
gym-e4-rv_masa_b.encounter,counter-reserve,188,Defeat,4,0,4,48,17,0,3,200,-1,,1,7,0,3057875422
gym-e4-rv_masa_b.encounter,counter-reserve,189,Defeat,5,0,5,64,17,0,3,200,-1,,1,10,0,1497607190
gym-e4-rv_masa_b.encounter,counter-reserve,190,Defeat,4,0,4,48,18,0,3,200,-1,,1,7,0,734527801
gym-e4-rv_masa_b.encounter,counter-reserve,191,Defeat,4,0,4,48,16,0,3,183,-1,,1,7,0,2507320757
gym-e4-rv_masa_b.encounter,counter-reserve,192,Defeat,5,0,5,64,22,0,2,187,-1,,1,9,0,2357105244
gym-e4-rv_masa_b.encounter,counter-reserve,193,Defeat,4,0,4,48,18,0,3,200,-1,,1,7,0,3270041451
gym-e4-rv_masa_b.encounter,counter-reserve,194,Defeat,3,0,3,40,18,0,3,180,-1,,1,4,0,524880645
gym-e4-rv_masa_b.encounter,counter-reserve,195,Defeat,5,0,5,64,34,0,3,175,-1,,1,10,0,2542514009
gym-e4-rv_masa_b.encounter,counter-reserve,196,Defeat,3,0,3,32,10,0,3,150,-1,,1,3,1,259822088
gym-e4-rv_masa_b.encounter,counter-reserve,197,Defeat,5,0,5,64,27,0,3,200,-1,,1,10,0,2641505565
gym-e4-rv_masa_b.encounter,counter-reserve,198,Defeat,4,0,4,48,20,0,3,183,-1,,1,7,0,2615052767
gym-e4-rv_masa_b.encounter,counter-reserve,199,Defeat,4,0,4,48,18,0,3,200,-1,,1,7,0,1450055597
gym-e4-rv_masa_b.encounter,counter-reserve,200,Defeat,4,0,4,56,32,0,3,185,-1,,1,7,0,187264935
