map,strategy,seed,outcome,turns,hit_round_cap,player_turns,ap_granted,ap_unused,final_player_hp,enemies_remaining,mean_exposure_x100,first_crossing_x,unit_crossings,contact_round1,contact_turns,never_in_contact,state_hash
gym-d1-routes.encounter,corridor-hold,1,Victory,10,0,10,160,24,350,0,25,7,1:7,0,11,0,3377116958
gym-d1-routes.encounter,corridor-hold,2,Victory,15,0,15,160,46,180,0,30,7,1:7,0,20,0,3083523520
gym-d1-routes.encounter,corridor-hold,3,Victory,9,0,9,144,27,453,0,16,-1,,0,9,0,2917563322
gym-d1-routes.encounter,corridor-hold,4,Victory,6,0,6,96,10,425,0,41,-1,,0,5,0,187487968
gym-d1-routes.encounter,corridor-hold,5,Victory,7,0,7,112,25,325,0,42,-1,,0,7,0,1199031591
gym-d1-routes.encounter,corridor-hold,6,Victory,7,0,7,96,22,280,0,41,-1,,0,4,0,2261977794
gym-d1-routes.encounter,corridor-hold,7,Victory,17,0,17,176,39,210,0,36,7,1:7,0,20,0,2133996069
gym-d1-routes.encounter,corridor-hold,8,Victory,21,0,21,200,33,230,0,28,7,1:7,0,28,0,3402305112
gym-d1-routes.encounter,corridor-hold,9,Victory,12,0,12,128,24,270,0,43,-1,,0,10,0,3199755213
gym-d1-routes.encounter,corridor-hold,10,Victory,14,0,14,152,30,280,0,21,7,1:7,0,12,0,796491681
gym-d1-routes.encounter,corridor-hold,11,Victory,19,0,19,192,39,250,0,25,7,1:7,0,25,0,1716126818
gym-d1-routes.encounter,corridor-hold,12,Victory,20,0,20,200,45,240,0,20,10,1:10,0,31,0,1744482865
gym-d1-routes.encounter,corridor-hold,13,Victory,9,0,9,144,19,435,0,11,2,1:2|2:5,0,6,0,3845934745
gym-d1-routes.encounter,corridor-hold,14,Victory,5,0,5,80,15,465,0,30,-1,,0,4,0,93527247
gym-d1-routes.encounter,corridor-hold,15,Victory,9,0,9,144,21,415,0,5,-1,,0,5,1,1356820641
gym-d1-routes.encounter,corridor-hold,16,Victory,13,0,13,152,37,260,0,26,7,1:7,0,11,0,2535033134
gym-d1-routes.encounter,corridor-hold,17,Victory,8,0,8,104,29,260,0,38,-1,,0,8,0,4226999018
gym-d1-routes.encounter,corridor-hold,18,Victory,8,0,8,128,17,465,0,12,2,1:2,0,5,1,1022621448
gym-d1-routes.encounter,corridor-hold,19,Victory,9,0,9,144,25,415,0,16,7,1:7,0,8,0,874763392
gym-d1-routes.encounter,corridor-hold,20,Victory,11,0,11,176,33,390,0,27,10,1:10|2:7,0,9,0,2218296326
gym-d1-routes.encounter,corridor-hold,21,Victory,7,0,7,112,21,325,0,35,-1,,0,5,0,269122300
gym-d1-routes.encounter,corridor-hold,22,Victory,16,0,16,168,38,220,0,23,7,1:7,0,24,0,3304539873
gym-d1-routes.encounter,corridor-hold,23,Victory,14,0,14,152,22,280,0,31,7,1:7,0,12,0,693258303
gym-d1-routes.encounter,corridor-hold,24,Victory,18,0,18,184,35,230,0,39,10,1:10,0,22,0,2708981912
gym-d1-routes.encounter,corridor-hold,25,Victory,6,0,6,96,9,384,0,33,2,1:2,0,4,0,901227334
gym-d1-routes.encounter,corridor-hold,26,Victory,10,0,10,160,31,387,0,15,6,2:6,0,8,0,1244232421
gym-d1-routes.encounter,corridor-hold,27,Victory,8,0,8,96,15,270,0,41,-1,,0,8,1,2169423289
gym-d1-routes.encounter,corridor-hold,28,Victory,19,0,19,184,31,260,0,30,2,2:2|1:7,0,30,0,3092685956
gym-d1-routes.encounter,corridor-hold,29,Victory,8,0,8,112,27,300,0,28,-1,,0,6,0,3606170463
gym-d1-routes.encounter,corridor-hold,30,Victory,7,0,7,112,15,365,0,28,-1,,0,4,0,3453460325
gym-d1-routes.encounter,corridor-hold,31,Victory,9,0,9,104,17,300,0,23,-1,,0,7,0,3983960801
gym-d1-routes.encounter,corridor-hold,32,Victory,8,0,8,128,6,465,0,12,-1,,0,6,0,86621161
gym-d1-routes.encounter,corridor-hold,33,Victory,26,0,26,248,63,220,0,19,7,1:7,0,36,0,3042051737
gym-d1-routes.encounter,corridor-hold,34,Victory,15,0,15,160,38,210,0,40,7,1:7,0,20,0,1583169650
gym-d1-routes.encounter,corridor-hold,35,Victory,14,0,14,168,39,280,0,38,7,1:7,0,14,0,1574084671
gym-d1-routes.encounter,corridor-hold,36,Victory,15,0,15,176,44,230,0,36,7,1:7,0,16,0,1941910861
gym-d1-routes.encounter,corridor-hold,37,Victory,6,0,6,96,22,365,0,41,-1,,0,5,0,2863794820
gym-d1-routes.encounter,corridor-hold,38,Victory,15,0,15,168,45,210,0,33,7,1:7,0,22,0,1577674602
gym-d1-routes.encounter,corridor-hold,39,Victory,7,0,7,112,24,355,0,21,-1,,0,3,0,4033979091
gym-d1-routes.encounter,corridor-hold,40,Victory,11,0,11,136,31,290,0,29,2,2:2,0,11,0,2939077634
gym-d1-routes.encounter,corridor-hold,41,Victory,7,0,7,112,15,395,0,35,-1,,0,3,0,381551700
gym-d1-routes.encounter,corridor-hold,42,Victory,8,0,8,96,21,260,0,33,-1,,0,9,0,3342155484
gym-d1-routes.encounter,corridor-hold,43,Victory,7,0,7,112,27,415,0,21,-1,,0,5,0,3667583506
gym-d1-routes.encounter,corridor-hold,44,Victory,24,0,24,232,48,270,0,20,7,1:7,0,31,0,2779306482
gym-d1-routes.encounter,corridor-hold,45,Victory,11,0,11,136,36,260,0,23,7,1:7,0,9,0,2772068126
gym-d1-routes.encounter,corridor-hold,46,Victory,6,0,6,96,12,405,0,41,-1,,0,4,0,4003851989
gym-d1-routes.encounter,corridor-hold,47,Victory,23,0,23,224,48,230,0,21,7,1:7,0,33,0,3351909442
gym-d1-routes.encounter,corridor-hold,48,Victory,10,0,10,128,24,280,0,37,7,1:7,0,9,0,2794104982
gym-d1-routes.encounter,corridor-hold,49,Victory,9,0,9,144,36,394,0,16,-1,,0,8,0,3807321568
gym-d1-routes.encounter,corridor-hold,50,Victory,6,0,6,96,13,455,0,8,2,1:2|2:5,0,2,0,2629067703
gym-d1-routes.encounter,corridor-hold,51,Victory,6,0,6,96,16,455,0,8,2,1:2|2:5,0,2,0,2743830427
gym-d1-routes.encounter,corridor-hold,52,Victory,15,0,15,160,31,250,0,25,-1,,0,18,0,2704518855
gym-d1-routes.encounter,corridor-hold,53,Victory,5,0,5,80,11,445,0,30,-1,,0,2,0,4194907011
gym-d1-routes.encounter,corridor-hold,54,Victory,7,0,7,112,14,364,0,35,2,1:2|2:5,0,5,0,3675028584
gym-d1-routes.encounter,corridor-hold,55,Victory,6,0,6,96,11,425,0,41,-1,,0,4,0,382174283
gym-d1-routes.encounter,corridor-hold,56,Victory,13,0,13,152,22,260,0,36,7,1:7,0,14,0,1022812495
gym-d1-routes.encounter,corridor-hold,57,Victory,9,0,9,144,31,435,0,11,2,1:2,0,7,0,663945276
gym-d1-routes.encounter,corridor-hold,58,Victory,7,0,7,96,16,290,0,50,-1,,0,5,0,3237225639
gym-d1-routes.encounter,corridor-hold,59,Victory,14,0,14,152,38,280,0,26,7,1:7,0,15,0,3027277573
gym-d1-routes.encounter,corridor-hold,60,Victory,6,0,6,96,10,444,0,16,-1,,0,4,0,2835929989
gym-d1-routes.encounter,corridor-hold,61,Victory,14,0,14,168,32,270,0,28,7,1:7,0,12,0,1336662766
gym-d1-routes.encounter,corridor-hold,62,Victory,5,0,5,80,13,345,0,50,5,1:5,0,4,0,1766116761
gym-d1-routes.encounter,corridor-hold,63,Victory,6,0,6,96,15,335,0,25,-1,,0,4,1,1271217949
gym-d1-routes.encounter,corridor-hold,64,Victory,6,0,6,96,11,475,0,16,-1,,0,2,0,466758680
gym-d1-routes.encounter,corridor-hold,65,Victory,6,0,6,96,10,375,0,16,-1,,0,2,0,1006892642
gym-d1-routes.encounter,corridor-hold,66,Victory,7,0,7,112,19,335,0,28,-1,,0,3,0,4087566007
gym-d1-routes.encounter,corridor-hold,67,Victory,6,0,6,96,18,315,0,41,-1,,0,5,0,1201060802
gym-d1-routes.encounter,corridor-hold,68,Victory,7,0,7,112,13,384,0,21,-1,,0,5,0,4002551146
gym-d1-routes.encounter,corridor-hold,69,Victory,10,0,10,112,19,240,0,57,5,2:5,0,10,0,3761129547
gym-d1-routes.encounter,corridor-hold,70,Victory,14,0,14,152,25,270,0,31,2,2:2|1:7,0,12,0,3546731984
gym-d1-routes.encounter,corridor-hold,71,Victory,8,0,8,128,23,335,0,12,-1,,0,6,1,1534156008
gym-d1-routes.encounter,corridor-hold,72,Victory,16,0,16,160,32,240,0,55,10,1:10,0,27,0,1788664243
gym-d1-routes.encounter,corridor-hold,73,Victory,6,0,6,96,15,354,0,33,-1,,0,3,0,3409295968
gym-d1-routes.encounter,corridor-hold,74,Victory,6,0,6,96,13,405,0,25,2,1:2,0,3,0,1135160484
gym-d1-routes.encounter,corridor-hold,75,Victory,7,0,7,112,20,345,0,42,-1,,0,4,0,2484866897
gym-d1-routes.encounter,corridor-hold,76,Victory,6,0,6,96,18,344,0,25,-1,,0,4,1,3590055654
gym-d1-routes.encounter,corridor-hold,77,Victory,6,0,6,96,18,315,0,41,-1,,0,5,0,3368474104
gym-d1-routes.encounter,corridor-hold,78,Victory,7,0,7,112,17,415,0,28,-1,,0,6,0,3033178765
gym-d1-routes.encounter,corridor-hold,79,Victory,28,0,28,264,62,220,0,21,7,1:7,0,49,0,2217897422
gym-d1-routes.encounter,corridor-hold,80,Victory,7,0,7,112,19,425,0,35,-1,,0,4,0,658560084
gym-d1-routes.encounter,corridor-hold,81,Victory,9,0,9,104,22,240,0,38,2,2:2,0,11,0,2597824746
gym-d1-routes.encounter,corridor-hold,82,Victory,19,0,19,208,43,300,0,23,7,1:7,0,18,0,1215039904
gym-d1-routes.encounter,corridor-hold,83,Victory,14,0,14,152,31,260,0,36,10,1:10,0,16,1,334190671
gym-d1-routes.encounter,corridor-hold,84,Victory,9,0,9,120,32,300,0,20,-1,,0,8,0,351021828
gym-d1-routes.encounter,corridor-hold,85,Victory,5,0,5,80,10,435,0,20,-1,,0,4,0,766602805
gym-d1-routes.encounter,corridor-hold,86,Victory,7,0,7,112,20,415,0,28,-1,,0,5,0,3873048828
gym-d1-routes.encounter,corridor-hold,87,Victory,10,0,10,128,30,280,0,43,5,1:5,0,10,0,1490037141
gym-d1-routes.encounter,corridor-hold,88,Victory,20,0,20,200,52,230,0,24,7,1:7,0,27,0,3725045965
gym-d1-routes.encounter,corridor-hold,89,Victory,6,0,6,96,24,445,0,16,2,1:2,0,4,0,2593601410
gym-d1-routes.encounter,corridor-hold,90,Victory,18,0,18,184,43,240,0,21,10,1:10,0,26,0,1009966672
gym-d1-routes.encounter,corridor-hold,91,Victory,10,0,10,136,36,200,0,41,-1,,0,14,0,1523288135
gym-d1-routes.encounter,corridor-hold,92,Victory,10,0,10,120,26,280,0,33,7,1:7,0,9,0,3906726943
gym-d1-routes.encounter,corridor-hold,93,Victory,6,0,6,96,17,445,0,25,-1,,0,3,0,713405115
gym-d1-routes.encounter,corridor-hold,94,Victory,11,0,11,136,23,280,0,29,7,1:7,0,10,0,258249039
gym-d1-routes.encounter,corridor-hold,95,Victory,8,0,8,104,28,260,0,53,-1,,0,9,0,3369574260
gym-d1-routes.encounter,corridor-hold,96,Defeat,28,0,28,264,50,0,1,54,7,1:7,0,39,0,3625684168
gym-d1-routes.encounter,corridor-hold,97,Victory,7,0,7,112,17,490,0,7,-1,,0,5,0,3417489279
gym-d1-routes.encounter,corridor-hold,98,Victory,7,0,7,112,17,375,0,35,-1,,0,3,0,140532345
gym-d1-routes.encounter,corridor-hold,99,Victory,15,0,15,160,42,130,0,35,2,1:2,0,22,0,1509614130
gym-d1-routes.encounter,corridor-hold,100,Victory,10,0,10,120,23,260,0,33,-1,,0,11,0,717342742
gym-d1-routes.encounter,corridor-hold,101,Victory,9,0,9,144,23,355,0,22,-1,,0,11,0,1856053752
gym-d1-routes.encounter,corridor-hold,102,Victory,7,0,7,112,24,415,0,42,-1,,0,3,0,2346625550
gym-d1-routes.encounter,corridor-hold,103,Victory,19,0,19,192,48,220,0,33,7,1:7,0,24,0,2189861511
gym-d1-routes.encounter,corridor-hold,104,Victory,14,0,14,160,44,260,0,25,7,1:7,0,13,0,4188088540
gym-d1-routes.encounter,corridor-hold,105,Victory,7,0,7,112,15,455,0,28,-1,,0,6,0,17881736
gym-d1-routes.encounter,corridor-hold,106,Victory,6,0,6,96,16,255,0,41,-1,,0,6,0,3229592035
gym-d1-routes.encounter,corridor-hold,107,Victory,9,0,9,144,26,410,0,38,-1,,0,9,0,105496020
gym-d1-routes.encounter,corridor-hold,108,Victory,8,0,8,112,26,300,0,35,-1,,0,7,0,3408981627
gym-d1-routes.encounter,corridor-hold,109,Victory,6,0,6,96,20,415,0,16,-1,,0,2,0,1534420493
gym-d1-routes.encounter,corridor-hold,110,Victory,7,0,7,112,19,365,0,35,-1,,0,3,0,653079307
gym-d1-routes.encounter,corridor-hold,111,Victory,10,0,10,128,25,240,0,37,-1,,0,12,0,3807123835
gym-d1-routes.encounter,corridor-hold,112,Victory,7,0,7,112,17,365,0,35,-1,,0,3,0,2345785597
gym-d1-routes.encounter,corridor-hold,113,Victory,6,0,6,96,18,465,0,16,2,1:2,0,3,0,2906002833
gym-d1-routes.encounter,corridor-hold,114,Victory,14,0,14,152,27,270,0,42,7,1:7,0,12,0,2558593895
gym-d1-routes.encounter,corridor-hold,115,Victory,6,0,6,96,18,435,0,41,-1,,0,3,0,2585902819
gym-d1-routes.encounter,corridor-hold,116,Victory,8,0,8,128,26,385,0,25,-1,,0,9,0,1386171507
gym-d1-routes.encounter,corridor-hold,117,Victory,25,0,25,240,46,200,0,36,7,1:7,0,38,0,2938675756
gym-d1-routes.encounter,corridor-hold,118,Victory,27,0,27,256,61,260,0,18,7,1:7,0,38,0,2933308396
gym-d1-routes.encounter,corridor-hold,119,Victory,8,0,8,128,27,354,0,31,-1,,0,8,0,3299770943
gym-d1-routes.encounter,corridor-hold,120,Victory,8,0,8,128,21,425,0,31,-1,,0,6,0,3184141398
gym-d1-routes.encounter,corridor-hold,121,Defeat,28,0,28,272,56,0,2,70,7,1:7,0,58,0,2066133747
gym-d1-routes.encounter,corridor-hold,122,Victory,11,0,11,176,37,435,0,13,7,2:7,0,8,0,2135040086
gym-d1-routes.encounter,corridor-hold,123,Victory,14,0,14,152,33,280,0,42,2,1:2,0,15,0,4158144451
gym-d1-routes.encounter,corridor-hold,124,Victory,21,0,21,216,44,280,0,22,7,1:7,0,21,0,753656620
gym-d1-routes.encounter,corridor-hold,125,Victory,14,0,14,152,43,200,0,26,7,1:7,0,16,0,351532530
gym-d1-routes.encounter,corridor-hold,126,Victory,8,0,8,104,13,275,0,61,2,1:2,0,7,0,3609255616
gym-d1-routes.encounter,corridor-hold,127,Victory,10,0,10,112,20,230,0,42,-1,,0,13,0,2940106358
gym-d1-routes.encounter,corridor-hold,128,Victory,6,0,6,96,21,375,0,16,-1,,0,3,0,2269304913
gym-d1-routes.encounter,corridor-hold,129,Victory,15,0,15,160,34,240,0,25,10,1:10,0,22,0,314516534
gym-d1-routes.encounter,corridor-hold,130,Victory,7,0,7,96,18,280,0,33,-1,,0,5,0,276406930
gym-d1-routes.encounter,corridor-hold,131,Victory,5,0,5,80,13,315,0,40,-1,,0,3,0,198734589
gym-d1-routes.encounter,corridor-hold,132,Victory,9,0,9,144,23,465,0,33,7,1:7,0,7,0,377112505
gym-d1-routes.encounter,corridor-hold,133,Victory,9,0,9,128,29,290,0,31,-1,,0,8,0,246737190
gym-d1-routes.encounter,corridor-hold,134,Victory,5,0,5,80,12,465,0,30,-1,,0,4,0,266396330
gym-d1-routes.encounter,corridor-hold,135,Victory,38,0,38,344,66,210,0,20,7,1:7,0,66,0,3018788305
gym-d1-routes.encounter,corridor-hold,136,Victory,7,0,7,112,22,305,0,50,2,1:2|2:2,0,6,0,1440315826
gym-d1-routes.encounter,corridor-hold,137,Victory,6,0,6,96,20,435,0,16,-1,,0,4,0,629702292
gym-d1-routes.encounter,corridor-hold,138,Victory,10,0,10,120,26,260,0,26,-1,,0,12,0,3432948551
gym-d1-routes.encounter,corridor-hold,139,Victory,25,0,25,240,51,210,0,30,5,1:5,0,28,0,571556561
gym-d1-routes.encounter,corridor-hold,140,Victory,6,0,6,96,26,435,0,16,-1,,0,4,0,2340544295
gym-d1-routes.encounter,corridor-hold,141,Victory,10,0,10,120,27,260,0,40,-1,,0,12,0,1007053313
gym-d1-routes.encounter,corridor-hold,142,Victory,7,0,7,96,9,280,0,41,-1,,0,4,0,961175632
gym-d1-routes.encounter,corridor-hold,143,Victory,25,0,25,240,58,200,0,26,7,1:7,0,32,0,1458966733
gym-d1-routes.encounter,corridor-hold,144,Victory,9,0,9,144,30,370,0,16,-1,,0,7,0,4135260662
gym-d1-routes.encounter,corridor-hold,145,Victory,10,0,10,160,31,433,0,15,-1,,0,9,0,1653142643
gym-d1-routes.encounter,corridor-hold,146,Victory,12,0,12,160,35,260,0,20,7,1:7,0,12,0,4210964487
gym-d1-routes.encounter,corridor-hold,147,Victory,7,0,7,112,21,355,0,42,2,1:2,0,5,0,2030150175
gym-d1-routes.encounter,corridor-hold,148,Victory,7,0,7,112,15,448,0,21,-1,,0,5,0,2374928125
gym-d1-routes.encounter,corridor-hold,149,Victory,8,0,8,128,19,373,0,18,7,1:7,0,5,0,3914137564
gym-d1-routes.encounter,corridor-hold,150,Victory,14,0,14,160,29,280,0,25,7,1:7,0,11,0,998707412
gym-d1-routes.encounter,corridor-hold,151,Victory,8,0,8,112,24,300,0,28,-1,,0,6,0,1523876667
gym-d1-routes.encounter,corridor-hold,152,Victory,8,0,8,128,30,435,0,12,-1,,0,6,0,3948162005
gym-d1-routes.encounter,corridor-hold,153,Victory,39,0,39,352,72,250,0,31,7,1:7,0,50,0,3872931475
gym-d1-routes.encounter,corridor-hold,154,Victory,7,0,7,112,15,415,0,7,-1,,0,5,0,3973491486
gym-d1-routes.encounter,corridor-hold,155,Victory,13,0,13,168,40,220,0,33,7,1:7,0,17,0,2565416808
gym-d1-routes.encounter,corridor-hold,156,Victory,8,0,8,128,29,395,0,31,-1,,0,6,0,2951310323
gym-d1-routes.encounter,corridor-hold,157,Victory,7,0,7,112,23,385,0,21,2,1:2,0,5,0,241605175
gym-d1-routes.encounter,corridor-hold,158,Victory,7,0,7,112,23,315,0,28,-1,,0,5,0,1155852206
gym-d1-routes.encounter,corridor-hold,159,Victory,10,0,10,160,26,395,0,25,7,1:7,0,8,0,719073604
gym-d1-routes.encounter,corridor-hold,160,Victory,6,0,6,96,21,315,0,41,-1,,0,5,0,1201060802
gym-d1-routes.encounter,corridor-hold,161,Victory,7,0,7,96,14,260,0,50,-1,,0,6,0,4097758276
gym-d1-routes.encounter,corridor-hold,162,Victory,17,0,17,176,39,200,0,22,7,1:7,0,24,0,3352327304
gym-d1-routes.encounter,corridor-hold,163,Victory,6,0,6,96,15,475,0,16,-1,,0,3,0,2521355704
gym-d1-routes.encounter,corridor-hold,164,Victory,9,0,9,112,21,290,0,35,2,2:2,0,7,1,336632172
gym-d1-routes.encounter,corridor-hold,165,Victory,18,0,18,184,38,240,0,34,10,1:10,0,26,0,26614307
gym-d1-routes.encounter,corridor-hold,166,Victory,6,0,6,96,24,440,0,25,-1,,0,4,0,4259125377
gym-d1-routes.encounter,corridor-hold,167,Victory,6,0,6,96,12,455,0,8,2,1:2,0,2,0,3967873483
gym-d1-routes.encounter,corridor-hold,168,Victory,8,0,8,128,25,335,0,25,-1,,0,6,0,3915233354
gym-d1-routes.encounter,corridor-hold,169,Victory,5,0,5,80,10,445,0,30,-1,,0,4,0,4172427804
gym-d1-routes.encounter,corridor-hold,170,Victory,24,0,24,232,51,240,0,20,7,1:7,0,36,0,622601532
gym-d1-routes.encounter,corridor-hold,171,Victory,6,0,6,96,20,455,0,33,-1,,0,4,0,1453236838
gym-d1-routes.encounter,corridor-hold,172,Victory,12,0,12,192,47,325,0,16,7,1:7,0,9,0,2965683277
gym-d1-routes.encounter,corridor-hold,173,Victory,19,0,19,192,47,200,0,29,7,1:7,0,25,0,2268388793
gym-d1-routes.encounter,corridor-hold,174,Victory,24,0,24,232,48,150,0,34,7,1:7,0,35,0,3906291909
gym-d1-routes.encounter,corridor-hold,175,Victory,14,0,14,152,32,240,0,26,7,1:7,0,15,0,691533077
gym-d1-routes.encounter,corridor-hold,176,Victory,10,0,10,120,33,200,0,53,-1,,0,13,0,4120662218
gym-d1-routes.encounter,corridor-hold,177,Victory,20,0,20,200,43,230,0,24,7,1:7,0,27,0,1584594243
gym-d1-routes.encounter,corridor-hold,178,Victory,13,0,13,144,36,240,0,27,7,1:7,0,17,0,2854057350
gym-d1-routes.encounter,corridor-hold,179,Victory,9,0,9,120,21,300,0,20,-1,,0,7,0,2164272756
gym-d1-routes.encounter,corridor-hold,180,Victory,7,0,7,112,22,383,0,28,-1,,0,3,0,250585301
gym-d1-routes.encounter,corridor-hold,181,Victory,15,0,15,160,35,260,0,25,7,1:7,0,22,0,166921344
gym-d1-routes.encounter,corridor-hold,182,Victory,15,0,15,176,34,220,0,50,7,1:7,0,21,0,3015062778
gym-d1-routes.encounter,corridor-hold,183,Victory,11,0,11,176,41,406,0,13,-1,,0,9,0,957220902
gym-d1-routes.encounter,corridor-hold,184,Victory,7,0,7,112,13,334,0,42,2,2:2,0,5,0,4156533642
gym-d1-routes.encounter,corridor-hold,185,Victory,7,0,7,112,24,335,0,14,-1,,0,5,1,3296102737
gym-d1-routes.encounter,corridor-hold,186,Victory,16,0,16,160,23,200,0,65,2,1:2,0,21,0,3462664210
gym-d1-routes.encounter,corridor-hold,187,Victory,20,0,20,200,41,180,0,32,7,1:7,0,26,0,2542458588
gym-d1-routes.encounter,corridor-hold,188,Victory,7,0,7,80,12,240,0,70,5,2:5,0,8,0,3544424580
gym-d1-routes.encounter,corridor-hold,189,Victory,6,0,6,96,7,375,0,33,-1,,0,4,0,2536020747
gym-d1-routes.encounter,corridor-hold,190,Victory,6,0,6,96,21,415,0,8,-1,,0,3,0,20349159
gym-d1-routes.encounter,corridor-hold,191,Victory,6,0,6,96,12,365,0,66,5,1:5,0,6,0,115588235
gym-d1-routes.encounter,corridor-hold,192,Victory,7,0,7,112,18,430,0,21,-1,,0,5,0,1110132404
gym-d1-routes.encounter,corridor-hold,193,Victory,12,0,12,136,26,280,0,29,7,1:7,0,11,0,248274807
gym-d1-routes.encounter,corridor-hold,194,Victory,6,0,6,96,20,295,0,25,-1,,0,6,0,1053952753
gym-d1-routes.encounter,corridor-hold,195,Victory,21,0,21,208,49,230,0,23,7,1:7,0,26,0,3204204587
gym-d1-routes.encounter,corridor-hold,196,Victory,9,0,9,144,21,315,0,27,-1,,0,8,0,1032850680
gym-d1-routes.encounter,corridor-hold,197,Victory,14,0,14,152,46,230,0,31,10,1:10,0,12,0,2263379298
gym-d1-routes.encounter,corridor-hold,198,Victory,9,0,9,120,22,300,0,26,-1,,0,7,0,3462958037
gym-d1-routes.encounter,corridor-hold,199,Victory,6,0,6,96,13,424,0,16,-1,,0,4,0,3567370848
gym-d1-routes.encounter,corridor-hold,200,Victory,5,0,5,80,11,315,0,40,-1,,0,3,0,198734589
gym-d1-routes.encounter,tpa-order,1,Victory,10,0,10,160,24,350,0,25,7,1:7,0,11,0,3377116958
gym-d1-routes.encounter,tpa-order,2,Victory,15,0,15,160,46,180,0,30,7,1:7,0,20,0,3083523520
gym-d1-routes.encounter,tpa-order,3,Victory,9,0,9,144,27,453,0,16,-1,,0,9,0,2917563322
gym-d1-routes.encounter,tpa-order,4,Victory,6,0,6,96,10,425,0,41,-1,,0,5,0,187487968
gym-d1-routes.encounter,tpa-order,5,Victory,7,0,7,112,25,325,0,42,-1,,0,7,0,1199031591
gym-d1-routes.encounter,tpa-order,6,Victory,7,0,7,96,19,290,0,41,-1,,0,4,0,2535550681
gym-d1-routes.encounter,tpa-order,7,Victory,17,0,17,176,39,210,0,36,7,1:7,0,20,0,2133996069
gym-d1-routes.encounter,tpa-order,8,Victory,21,0,21,200,33,230,0,28,7,1:7,0,28,0,3402305112
gym-d1-routes.encounter,tpa-order,9,Victory,8,0,8,104,14,280,0,38,-1,,0,6,0,2186712833
gym-d1-routes.encounter,tpa-order,10,Victory,15,0,15,168,35,280,0,23,7,1:7,0,13,0,4103140653
gym-d1-routes.encounter,tpa-order,11,Victory,19,0,19,192,39,250,0,25,7,1:7,0,25,0,1716126818
gym-d1-routes.encounter,tpa-order,12,Victory,20,0,20,200,45,240,0,20,10,1:10,0,31,0,1744482865
gym-d1-routes.encounter,tpa-order,13,Victory,9,0,9,144,19,435,0,11,2,1:2|2:5,0,6,0,3845934745
gym-d1-routes.encounter,tpa-order,14,Victory,5,0,5,80,15,465,0,30,-1,,0,4,0,93527247
gym-d1-routes.encounter,tpa-order,15,Victory,9,0,9,144,21,415,0,5,-1,,0,5,1,1356820641
gym-d1-routes.encounter,tpa-order,16,Victory,13,0,13,152,37,260,0,26,7,1:7,0,11,0,2535033134
gym-d1-routes.encounter,tpa-order,17,Victory,8,0,8,104,29,260,0,38,-1,,0,8,0,4226999018
gym-d1-routes.encounter,tpa-order,18,Victory,8,0,8,128,17,465,0,12,2,1:2,0,5,1,1022621448
gym-d1-routes.encounter,tpa-order,19,Victory,18,0,18,200,45,300,0,20,7,1:7,0,17,0,3999024411
gym-d1-routes.encounter,tpa-order,20,Victory,11,0,11,176,33,410,0,27,10,1:10|2:7,0,9,0,1365652841
gym-d1-routes.encounter,tpa-order,21,Victory,7,0,7,112,21,325,0,35,-1,,0,5,0,269122300
gym-d1-routes.encounter,tpa-order,22,Victory,16,0,16,168,38,220,0,23,7,1:7,0,24,0,3304539873
gym-d1-routes.encounter,tpa-order,23,Victory,15,0,15,168,28,250,0,33,10,1:10,0,13,0,356758077
gym-d1-routes.encounter,tpa-order,24,Victory,9,0,9,120,24,300,0,40,-1,,0,9,0,1139873010
gym-d1-routes.encounter,tpa-order,25,Victory,8,0,8,96,14,270,0,50,2,2:2,0,9,0,2223641720
gym-d1-routes.encounter,tpa-order,26,Victory,10,0,10,160,31,387,0,15,6,2:6,0,8,0,1244232421
gym-d1-routes.encounter,tpa-order,27,Victory,8,0,8,96,15,270,0,41,-1,,0,8,1,2169423289
gym-d1-routes.encounter,tpa-order,28,Victory,19,0,19,184,31,260,0,30,2,2:2|1:7,0,30,0,3092685956
gym-d1-routes.encounter,tpa-order,29,Victory,8,0,8,112,27,300,0,28,-1,,0,6,0,3606170463
gym-d1-routes.encounter,tpa-order,30,Victory,7,0,7,112,15,365,0,28,-1,,0,4,0,3453460325
gym-d1-routes.encounter,tpa-order,31,Victory,6,0,6,96,8,305,0,50,-1,,0,4,0,1846042815
gym-d1-routes.encounter,tpa-order,32,Victory,8,0,8,128,6,465,0,12,-1,,0,6,0,86621161
gym-d1-routes.encounter,tpa-order,33,Victory,26,0,26,248,63,220,0,19,7,1:7,0,36,0,3042051737
gym-d1-routes.encounter,tpa-order,34,Victory,15,0,15,160,38,210,0,40,7,1:7,0,20,0,1583169650
gym-d1-routes.encounter,tpa-order,35,Victory,14,0,14,168,39,280,0,38,7,1:7,0,14,0,1574084671
gym-d1-routes.encounter,tpa-order,36,Victory,15,0,15,176,44,230,0,36,7,1:7,0,16,0,1941910861
gym-d1-routes.encounter,tpa-order,37,Victory,6,0,6,96,22,365,0,41,-1,,0,5,0,2863794820
gym-d1-routes.encounter,tpa-order,38,Victory,15,0,15,168,45,210,0,33,7,1:7,0,22,0,1577674602
gym-d1-routes.encounter,tpa-order,39,Victory,7,0,7,112,24,355,0,21,-1,,0,3,0,4033979091
gym-d1-routes.encounter,tpa-order,40,Victory,11,0,11,136,31,290,0,29,2,2:2,0,11,0,2939077634
gym-d1-routes.encounter,tpa-order,41,Victory,7,0,7,112,15,395,0,35,-1,,0,3,0,381551700
gym-d1-routes.encounter,tpa-order,42,Victory,8,0,8,96,21,260,0,33,-1,,0,9,0,3342155484
gym-d1-routes.encounter,tpa-order,43,Victory,7,0,7,112,27,415,0,21,-1,,0,5,0,3667583506
gym-d1-routes.encounter,tpa-order,44,Victory,24,0,24,232,48,270,0,20,7,1:7,0,31,0,2779306482
gym-d1-routes.encounter,tpa-order,45,Victory,11,0,11,136,36,260,0,23,7,1:7,0,9,0,2772068126
gym-d1-routes.encounter,tpa-order,46,Victory,6,0,6,96,12,405,0,41,-1,,0,4,0,4003851989
gym-d1-routes.encounter,tpa-order,47,Victory,23,0,23,224,48,230,0,21,7,1:7,0,33,0,3351909442
gym-d1-routes.encounter,tpa-order,48,Victory,10,0,10,128,24,280,0,37,7,1:7,0,9,0,2794104982
gym-d1-routes.encounter,tpa-order,49,Victory,9,0,9,144,36,394,0,16,-1,,0,8,0,3807321568
gym-d1-routes.encounter,tpa-order,50,Victory,6,0,6,96,13,455,0,8,2,1:2|2:5,0,2,0,2629067703
gym-d1-routes.encounter,tpa-order,51,Victory,6,0,6,96,16,455,0,8,2,1:2|2:5,0,2,0,2743830427
gym-d1-routes.encounter,tpa-order,52,Victory,15,0,15,160,31,250,0,25,-1,,0,18,0,2704518855
gym-d1-routes.encounter,tpa-order,53,Victory,5,0,5,80,11,445,0,30,-1,,0,2,0,4194907011
gym-d1-routes.encounter,tpa-order,54,Victory,7,0,7,112,14,364,0,35,2,1:2|2:5,0,5,0,3675028584
gym-d1-routes.encounter,tpa-order,55,Victory,6,0,6,96,11,425,0,41,-1,,0,4,0,382174283
gym-d1-routes.encounter,tpa-order,56,Victory,13,0,13,152,22,260,0,36,7,1:7,0,14,0,1022812495
gym-d1-routes.encounter,tpa-order,57,Victory,9,0,9,144,31,435,0,11,2,1:2,0,7,0,663945276
gym-d1-routes.encounter,tpa-order,58,Victory,8,0,8,128,22,343,0,37,2,2:2,0,6,0,1329463745
gym-d1-routes.encounter,tpa-order,59,Victory,14,0,14,152,38,280,0,26,7,1:7,0,15,0,3027277573
gym-d1-routes.encounter,tpa-order,60,Victory,6,0,6,96,10,444,0,16,-1,,0,4,0,2835929989
gym-d1-routes.encounter,tpa-order,61,Victory,14,0,14,168,32,270,0,28,7,1:7,0,12,0,1336662766
gym-d1-routes.encounter,tpa-order,62,Victory,5,0,5,80,13,345,0,50,5,1:5,0,4,0,1766116761
gym-d1-routes.encounter,tpa-order,63,Victory,6,0,6,96,15,335,0,25,-1,,0,4,1,1271217949
gym-d1-routes.encounter,tpa-order,64,Victory,6,0,6,96,11,475,0,16,-1,,0,2,0,466758680
gym-d1-routes.encounter,tpa-order,65,Victory,6,0,6,96,10,375,0,16,-1,,0,2,0,1006892642
gym-d1-routes.encounter,tpa-order,66,Victory,7,0,7,112,19,335,0,28,-1,,0,3,0,4087566007
gym-d1-routes.encounter,tpa-order,67,Victory,6,0,6,96,18,315,0,41,-1,,0,5,0,1201060802
gym-d1-routes.encounter,tpa-order,68,Victory,7,0,7,112,13,384,0,21,-1,,0,5,0,4002551146
gym-d1-routes.encounter,tpa-order,69,Victory,10,0,10,112,19,240,0,57,5,2:5,0,10,0,3761129547
gym-d1-routes.encounter,tpa-order,70,Victory,14,0,14,152,25,270,0,31,2,2:2|1:7,0,12,0,3546731984
gym-d1-routes.encounter,tpa-order,71,Victory,8,0,8,128,23,335,0,12,-1,,0,6,1,1534156008
gym-d1-routes.encounter,tpa-order,72,Victory,16,0,16,160,32,240,0,55,10,1:10,0,27,0,1788664243
gym-d1-routes.encounter,tpa-order,73,Victory,6,0,6,88,12,290,0,36,-1,,0,4,0,1359596804
gym-d1-routes.encounter,tpa-order,74,Victory,6,0,6,96,13,405,0,25,2,1:2,0,3,0,1135160484
gym-d1-routes.encounter,tpa-order,75,Victory,7,0,7,112,20,345,0,42,-1,,0,4,0,2484866897
gym-d1-routes.encounter,tpa-order,76,Victory,6,0,6,96,18,344,0,25,-1,,0,4,1,3590055654
gym-d1-routes.encounter,tpa-order,77,Victory,6,0,6,96,18,315,0,41,-1,,0,5,0,3368474104
gym-d1-routes.encounter,tpa-order,78,Victory,7,0,7,112,17,415,0,28,-1,,0,6,0,3033178765
gym-d1-routes.encounter,tpa-order,79,Victory,28,0,28,264,62,220,0,21,7,1:7,0,49,0,2217897422
gym-d1-routes.encounter,tpa-order,80,Victory,7,0,7,112,19,425,0,35,-1,,0,4,0,658560084
gym-d1-routes.encounter,tpa-order,81,Victory,9,0,9,104,22,240,0,38,2,2:2,0,11,0,2597824746
gym-d1-routes.encounter,tpa-order,82,Victory,19,0,19,208,43,300,0,23,7,1:7,0,18,0,1215039904
gym-d1-routes.encounter,tpa-order,83,Victory,14,0,14,152,31,260,0,36,10,1:10,0,16,1,334190671
gym-d1-routes.encounter,tpa-order,84,Victory,9,0,9,120,32,300,0,20,-1,,0,8,0,351021828
gym-d1-routes.encounter,tpa-order,85,Victory,5,0,5,80,10,435,0,20,-1,,0,4,0,766602805
gym-d1-routes.encounter,tpa-order,86,Victory,7,0,7,112,20,415,0,28,-1,,0,5,0,3873048828
gym-d1-routes.encounter,tpa-order,87,Victory,10,0,10,128,30,280,0,43,5,1:5,0,10,0,1490037141
gym-d1-routes.encounter,tpa-order,88,Victory,20,0,20,200,52,230,0,24,7,1:7,0,27,0,3725045965
gym-d1-routes.encounter,tpa-order,89,Victory,6,0,6,96,24,445,0,16,2,1:2,0,4,0,2593601410
gym-d1-routes.encounter,tpa-order,90,Victory,18,0,18,184,43,240,0,21,10,1:10,0,26,0,1009966672
gym-d1-routes.encounter,tpa-order,91,Victory,10,0,10,136,36,200,0,41,-1,,0,14,0,1523288135
gym-d1-routes.encounter,tpa-order,92,Victory,10,0,10,120,26,280,0,33,7,1:7,0,9,0,3906726943
gym-d1-routes.encounter,tpa-order,93,Victory,6,0,6,96,17,445,0,25,-1,,0,3,0,713405115
gym-d1-routes.encounter,tpa-order,94,Victory,11,0,11,136,23,280,0,29,7,1:7,0,10,0,258249039
gym-d1-routes.encounter,tpa-order,95,Victory,8,0,8,104,28,260,0,53,-1,,0,9,0,3369574260
gym-d1-routes.encounter,tpa-order,96,Defeat,28,0,28,264,50,0,1,54,7,1:7,0,39,0,3625684168
gym-d1-routes.encounter,tpa-order,97,Victory,7,0,7,112,17,490,0,7,-1,,0,5,0,3417489279
gym-d1-routes.encounter,tpa-order,98,Victory,7,0,7,112,17,375,0,35,-1,,0,3,0,140532345
gym-d1-routes.encounter,tpa-order,99,Victory,15,0,15,160,42,130,0,35,2,1:2,0,22,0,1509614130
gym-d1-routes.encounter,tpa-order,100,Victory,10,0,10,120,23,260,0,33,-1,,0,11,0,717342742
gym-d1-routes.encounter,tpa-order,101,Victory,9,0,9,144,23,355,0,22,-1,,0,11,0,1856053752
gym-d1-routes.encounter,tpa-order,102,Victory,7,0,7,112,24,415,0,42,-1,,0,3,0,2346625550
gym-d1-routes.encounter,tpa-order,103,Victory,19,0,19,192,48,220,0,33,7,1:7,0,24,0,2189861511
gym-d1-routes.encounter,tpa-order,104,Victory,14,0,14,160,44,260,0,25,7,1:7,0,13,0,4188088540
gym-d1-routes.encounter,tpa-order,105,Victory,7,0,7,112,15,455,0,28,-1,,0,6,0,17881736
gym-d1-routes.encounter,tpa-order,106,Victory,6,0,6,96,16,275,0,33,-1,,0,6,0,1262995221
gym-d1-routes.encounter,tpa-order,107,Victory,9,0,9,144,26,410,0,38,-1,,0,9,0,105496020
gym-d1-routes.encounter,tpa-order,108,Victory,8,0,8,112,26,300,0,35,-1,,0,7,0,3408981627
gym-d1-routes.encounter,tpa-order,109,Victory,6,0,6,96,20,415,0,16,-1,,0,2,0,1534420493
gym-d1-routes.encounter,tpa-order,110,Victory,7,0,7,112,19,365,0,35,-1,,0,3,0,653079307
gym-d1-routes.encounter,tpa-order,111,Victory,10,0,10,128,25,240,0,37,-1,,0,12,0,3807123835
gym-d1-routes.encounter,tpa-order,112,Victory,7,0,7,112,17,365,0,35,-1,,0,3,0,2345785597
gym-d1-routes.encounter,tpa-order,113,Victory,6,0,6,96,18,465,0,16,2,1:2,0,3,0,2906002833
gym-d1-routes.encounter,tpa-order,114,Victory,9,0,9,112,19,300,0,42,-1,,0,7,0,723951149
gym-d1-routes.encounter,tpa-order,115,Victory,6,0,6,96,18,435,0,41,-1,,0,3,0,2585902819
gym-d1-routes.encounter,tpa-order,116,Victory,8,0,8,128,26,385,0,25,-1,,0,9,0,1386171507
gym-d1-routes.encounter,tpa-order,117,Victory,25,0,25,240,46,200,0,36,7,1:7,0,38,0,2938675756
gym-d1-routes.encounter,tpa-order,118,Victory,27,0,27,256,61,260,0,18,7,1:7,0,38,0,2933308396
gym-d1-routes.encounter,tpa-order,119,Victory,8,0,8,128,27,354,0,31,-1,,0,8,0,3299770943
gym-d1-routes.encounter,tpa-order,120,Victory,8,0,8,128,21,425,0,31,-1,,0,6,0,3184141398
gym-d1-routes.encounter,tpa-order,121,Defeat,28,0,28,272,56,0,2,70,7,1:7,0,58,0,1145165876
gym-d1-routes.encounter,tpa-order,122,Victory,11,0,11,176,37,435,0,13,7,2:7,0,8,0,2135040086
gym-d1-routes.encounter,tpa-order,123,Victory,14,0,14,152,33,280,0,42,2,1:2,0,15,0,4158144451
gym-d1-routes.encounter,tpa-order,124,Victory,21,0,21,216,44,280,0,22,7,1:7,0,21,0,753656620
gym-d1-routes.encounter,tpa-order,125,Victory,14,0,14,152,43,200,0,26,7,1:7,0,16,0,351532530
gym-d1-routes.encounter,tpa-order,126,Victory,8,0,8,104,13,275,0,61,2,1:2,0,7,0,3609255616
gym-d1-routes.encounter,tpa-order,127,Victory,7,0,7,96,12,300,0,33,2,2:2,0,6,0,1560667115
gym-d1-routes.encounter,tpa-order,128,Victory,6,0,6,96,21,375,0,16,-1,,0,3,0,2269304913
gym-d1-routes.encounter,tpa-order,129,Victory,15,0,15,160,34,240,0,25,10,1:10,0,22,0,314516534
gym-d1-routes.encounter,tpa-order,130,Victory,12,0,12,136,21,260,0,35,10,1:10,0,10,0,1423558114
gym-d1-routes.encounter,tpa-order,131,Victory,5,0,5,80,13,335,0,40,-1,,0,3,0,3034893943
gym-d1-routes.encounter,tpa-order,132,Victory,7,0,7,112,23,455,0,7,-1,,0,6,0,129562475
gym-d1-routes.encounter,tpa-order,133,Victory,9,0,9,128,29,290,0,31,-1,,0,8,0,246737190
gym-d1-routes.encounter,tpa-order,134,Victory,5,0,5,80,12,465,0,30,-1,,0,4,0,266396330
gym-d1-routes.encounter,tpa-order,135,Victory,38,0,38,344,66,210,0,20,7,1:7,0,66,0,3018788305
gym-d1-routes.encounter,tpa-order,136,Victory,7,0,7,112,22,305,0,50,2,1:2|2:2,0,6,0,1440315826
gym-d1-routes.encounter,tpa-order,137,Victory,6,0,6,96,20,435,0,16,-1,,0,4,0,629702292
gym-d1-routes.encounter,tpa-order,138,Victory,10,0,10,120,26,260,0,26,-1,,0,12,0,3432948551
gym-d1-routes.encounter,tpa-order,139,Victory,25,0,25,240,51,210,0,30,5,1:5,0,28,0,571556561
gym-d1-routes.encounter,tpa-order,140,Victory,6,0,6,96,26,435,0,16,-1,,0,4,0,2340544295
gym-d1-routes.encounter,tpa-order,141,Victory,10,0,10,120,27,260,0,40,-1,,0,12,0,1007053313
gym-d1-routes.encounter,tpa-order,142,Victory,7,0,7,96,9,280,0,41,-1,,0,4,0,961175632
gym-d1-routes.encounter,tpa-order,143,Victory,25,0,25,240,58,200,0,26,7,1:7,0,32,0,1458966733
gym-d1-routes.encounter,tpa-order,144,Victory,9,0,9,144,30,370,0,16,-1,,0,7,0,4135260662
gym-d1-routes.encounter,tpa-order,145,Victory,10,0,10,160,31,433,0,15,-1,,0,9,0,1653142643
gym-d1-routes.encounter,tpa-order,146,Victory,12,0,12,160,35,260,0,20,7,1:7,0,12,0,4210964487
gym-d1-routes.encounter,tpa-order,147,Victory,7,0,7,112,21,355,0,42,2,1:2,0,5,0,2030150175
gym-d1-routes.encounter,tpa-order,148,Victory,7,0,7,112,15,448,0,21,-1,,0,5,0,2374928125
gym-d1-routes.encounter,tpa-order,149,Victory,8,0,8,128,19,373,0,18,7,1:7,0,5,0,3914137564
gym-d1-routes.encounter,tpa-order,150,Victory,14,0,14,160,29,280,0,25,7,1:7,0,11,0,998707412
gym-d1-routes.encounter,tpa-order,151,Victory,8,0,8,112,24,300,0,28,-1,,0,6,0,1523876667
gym-d1-routes.encounter,tpa-order,152,Victory,8,0,8,128,30,435,0,12,-1,,0,6,0,3948162005
gym-d1-routes.encounter,tpa-order,153,Victory,39,0,39,352,72,250,0,31,7,1:7,0,50,0,3872931475
gym-d1-routes.encounter,tpa-order,154,Victory,7,0,7,112,15,415,0,7,-1,,0,5,0,3973491486
gym-d1-routes.encounter,tpa-order,155,Victory,13,0,13,168,40,220,0,33,7,1:7,0,17,0,2565416808
gym-d1-routes.encounter,tpa-order,156,Victory,8,0,8,128,29,395,0,31,-1,,0,6,0,2951310323
gym-d1-routes.encounter,tpa-order,157,Victory,7,0,7,112,23,385,0,21,2,1:2,0,5,0,241605175
gym-d1-routes.encounter,tpa-order,158,Victory,7,0,7,112,23,315,0,28,-1,,0,5,0,1155852206
gym-d1-routes.encounter,tpa-order,159,Victory,10,0,10,160,26,395,0,25,7,1:7,0,8,0,719073604
gym-d1-routes.encounter,tpa-order,160,Victory,6,0,6,96,21,315,0,41,-1,,0,5,0,1201060802
gym-d1-routes.encounter,tpa-order,161,Victory,7,0,7,96,14,260,0,50,-1,,0,6,0,4097758276
gym-d1-routes.encounter,tpa-order,162,Victory,17,0,17,176,39,200,0,22,7,1:7,0,24,0,3352327304
gym-d1-routes.encounter,tpa-order,163,Victory,6,0,6,96,15,475,0,16,-1,,0,3,0,2521355704
gym-d1-routes.encounter,tpa-order,164,Victory,9,0,9,112,21,290,0,35,2,2:2,0,7,1,336632172
gym-d1-routes.encounter,tpa-order,165,Victory,18,0,18,184,38,240,0,34,10,1:10,0,26,0,26614307
gym-d1-routes.encounter,tpa-order,166,Victory,6,0,6,96,24,440,0,25,-1,,0,4,0,4259125377
gym-d1-routes.encounter,tpa-order,167,Victory,6,0,6,96,12,455,0,8,2,1:2,0,2,0,3967873483
gym-d1-routes.encounter,tpa-order,168,Victory,8,0,8,128,25,335,0,25,-1,,0,6,0,3915233354
gym-d1-routes.encounter,tpa-order,169,Victory,5,0,5,80,10,445,0,30,-1,,0,4,0,4172427804
gym-d1-routes.encounter,tpa-order,170,Victory,24,0,24,232,51,240,0,20,7,1:7,0,36,0,622601532
gym-d1-routes.encounter,tpa-order,171,Victory,6,0,6,96,20,455,0,33,-1,,0,4,0,1453236838
gym-d1-routes.encounter,tpa-order,172,Victory,12,0,12,192,46,335,0,12,7,1:7,0,10,0,1647463233
gym-d1-routes.encounter,tpa-order,173,Victory,19,0,19,192,47,200,0,29,7,1:7,0,25,0,2268388793
gym-d1-routes.encounter,tpa-order,174,Victory,24,0,24,232,48,150,0,34,7,1:7,0,35,0,3906291909
gym-d1-routes.encounter,tpa-order,175,Victory,14,0,14,152,32,240,0,26,7,1:7,0,15,0,691533077
gym-d1-routes.encounter,tpa-order,176,Victory,10,0,10,120,33,200,0,53,-1,,0,13,0,4120662218
gym-d1-routes.encounter,tpa-order,177,Victory,20,0,20,200,43,230,0,24,7,1:7,0,27,0,1584594243
gym-d1-routes.encounter,tpa-order,178,Victory,13,0,13,144,36,240,0,27,7,1:7,0,17,0,2854057350
gym-d1-routes.encounter,tpa-order,179,Victory,9,0,9,120,21,300,0,20,-1,,0,7,0,2164272756
gym-d1-routes.encounter,tpa-order,180,Victory,7,0,7,112,22,383,0,28,-1,,0,3,0,250585301
gym-d1-routes.encounter,tpa-order,181,Victory,15,0,15,160,35,260,0,25,7,1:7,0,22,0,166921344
gym-d1-routes.encounter,tpa-order,182,Victory,15,0,15,176,34,220,0,50,7,1:7,0,21,0,3015062778
gym-d1-routes.encounter,tpa-order,183,Victory,11,0,11,176,41,406,0,13,-1,,0,9,0,957220902
gym-d1-routes.encounter,tpa-order,184,Victory,6,0,6,88,11,290,0,36,2,2:2,0,4,0,1359596804
gym-d1-routes.encounter,tpa-order,185,Victory,7,0,7,112,24,335,0,14,-1,,0,5,1,3296102737
gym-d1-routes.encounter,tpa-order,186,Victory,16,0,16,160,23,200,0,65,2,1:2,0,21,0,3462664210
gym-d1-routes.encounter,tpa-order,187,Victory,20,0,20,200,41,180,0,32,7,1:7,0,26,0,2542458588
gym-d1-routes.encounter,tpa-order,188,Victory,7,0,7,80,12,240,0,70,5,2:5,0,8,0,3544424580
gym-d1-routes.encounter,tpa-order,189,Victory,6,0,6,96,7,375,0,33,-1,,0,4,0,2536020747
gym-d1-routes.encounter,tpa-order,190,Victory,6,0,6,96,21,415,0,8,-1,,0,3,0,20349159
gym-d1-routes.encounter,tpa-order,191,Victory,6,0,6,96,19,385,0,58,5,1:5,0,5,0,243105813
gym-d1-routes.encounter,tpa-order,192,Victory,7,0,7,112,18,430,0,21,-1,,0,5,0,1110132404
gym-d1-routes.encounter,tpa-order,193,Victory,9,0,9,112,21,300,0,28,-1,,0,8,0,2031900346
gym-d1-routes.encounter,tpa-order,194,Victory,6,0,6,96,20,315,0,25,-1,,0,6,0,3594596787
gym-d1-routes.encounter,tpa-order,195,Victory,21,0,21,208,49,230,0,23,7,1:7,0,26,0,3204204587
gym-d1-routes.encounter,tpa-order,196,Victory,9,0,9,144,21,315,0,27,-1,,0,8,0,1032850680
gym-d1-routes.encounter,tpa-order,197,Victory,17,0,17,184,47,270,0,30,7,1:7,0,15,0,309073701
gym-d1-routes.encounter,tpa-order,198,Victory,9,0,9,120,22,300,0,26,-1,,0,7,0,3462958037
gym-d1-routes.encounter,tpa-order,199,Victory,6,0,6,96,13,424,0,16,-1,,0,4,0,3567370848
gym-d1-routes.encounter,tpa-order,200,Victory,5,0,5,80,11,335,0,40,-1,,0,3,0,3034893943
gym-d1-routes.encounter,charge,1,Victory,4,0,4,64,14,455,0,25,2,1:2,0,1,0,2417024071
gym-d1-routes.encounter,charge,2,Victory,5,0,5,80,28,395,0,30,2,1:2,0,2,0,1454873016
gym-d1-routes.encounter,charge,3,Victory,4,0,4,64,6,315,0,50,10,1:10,0,3,0,3868723808
gym-d1-routes.encounter,charge,4,Victory,5,0,5,80,20,335,0,50,7,1:7,0,4,0,374824969
gym-d1-routes.encounter,charge,5,Victory,5,0,5,80,22,415,0,20,2,1:2,0,2,0,546056340
gym-d1-routes.encounter,charge,6,Victory,5,0,5,72,25,300,0,55,2,2:2,0,2,0,901500106
gym-d1-routes.encounter,charge,7,Victory,7,0,7,96,31,280,0,33,2,1:2|2:5,0,4,0,17954809
gym-d1-routes.encounter,charge,8,Victory,4,0,4,64,16,495,0,0,2,1:2|2:2,0,0,0,1340708890
gym-d1-routes.encounter,charge,9,Victory,5,0,5,80,24,385,0,40,2,1:2,0,3,0,3737381031
gym-d1-routes.encounter,charge,10,Victory,5,0,5,80,22,405,0,50,2,1:2,0,3,0,2545993434
gym-d1-routes.encounter,charge,11,Victory,4,0,4,64,16,495,0,0,2,1:2,0,0,0,1976304411
gym-d1-routes.encounter,charge,12,Victory,4,0,4,64,16,495,0,0,2,1:2,0,0,0,1976304411
gym-d1-routes.encounter,charge,13,Victory,4,0,4,64,18,485,0,12,2,1:2|2:2,0,1,0,1743699525
gym-d1-routes.encounter,charge,14,Victory,4,0,4,64,12,335,0,50,2,1:2,0,2,1,4280991212
gym-d1-routes.encounter,charge,15,Victory,5,0,5,80,22,455,0,20,2,1:2,0,1,0,2081245864
gym-d1-routes.encounter,charge,16,Victory,6,0,6,88,26,300,0,36,2,1:2|2:5,0,3,0,3567001112
gym-d1-routes.encounter,charge,17,Victory,4,0,4,64,14,495,0,0,2,1:2|2:2,0,0,0,539365240
gym-d1-routes.encounter,charge,18,Victory,5,0,5,80,24,455,0,10,2,1:2,0,1,0,559954254
gym-d1-routes.encounter,charge,19,Victory,4,0,4,64,16,495,0,0,2,1:2,0,0,0,1976304411
gym-d1-routes.encounter,charge,20,Victory,5,0,5,80,28,295,0,50,-1,,0,2,0,1016209210
gym-d1-routes.encounter,charge,21,Victory,4,0,4,64,16,495,0,0,2,1:2|2:2,0,0,0,539365240
gym-d1-routes.encounter,charge,22,Victory,4,0,4,64,9,345,0,62,2,1:2,0,3,0,3066206419
gym-d1-routes.encounter,charge,23,Victory,4,0,4,64,16,495,0,0,2,1:2|2:2,0,0,0,119029351
gym-d1-routes.encounter,charge,24,Victory,4,0,4,64,9,374,0,37,2,1:2,0,2,0,2048540882
gym-d1-routes.encounter,charge,25,Victory,4,0,4,64,16,495,0,0,2,1:2,0,0,0,3299788905
gym-d1-routes.encounter,charge,26,Victory,5,0,5,80,26,325,0,70,2,1:2,0,3,0,3777733112
gym-d1-routes.encounter,charge,27,Victory,5,0,5,80,20,335,0,60,2,1:2|2:2,0,3,0,1763923904
gym-d1-routes.encounter,charge,28,Victory,4,0,4,64,16,294,0,50,2,1:2,0,3,0,334168876
gym-d1-routes.encounter,charge,29,Victory,4,0,4,64,17,465,0,37,2,1:2|2:2,0,2,0,1338659295
gym-d1-routes.encounter,charge,30,Victory,4,0,4,64,20,375,0,50,-1,,0,2,0,1601389776
gym-d1-routes.encounter,charge,31,Victory,5,0,5,80,25,445,0,30,2,1:2,0,2,0,139563522
gym-d1-routes.encounter,charge,32,Victory,5,0,5,80,16,415,0,40,2,1:2,0,2,0,3367006437
gym-d1-routes.encounter,charge,33,Victory,5,0,5,80,17,475,0,20,2,1:2|2:2,0,1,0,1143043200
gym-d1-routes.encounter,charge,34,Victory,4,0,4,64,14,495,0,0,2,1:2,0,0,0,1976304411
gym-d1-routes.encounter,charge,35,Victory,6,0,6,80,24,260,0,60,-1,,0,4,0,776769853
gym-d1-routes.encounter,charge,36,Victory,5,0,5,80,22,415,0,10,2,1:2|2:5,0,1,0,3366698266
gym-d1-routes.encounter,charge,37,Victory,5,0,5,80,22,415,0,10,2,1:2|2:5,0,1,0,2036795938
gym-d1-routes.encounter,charge,38,Victory,4,0,4,64,11,495,0,0,2,1:2,0,0,0,1976304411
gym-d1-routes.encounter,charge,39,Victory,4,0,4,64,11,455,0,25,2,1:2,0,1,0,1867387957
gym-d1-routes.encounter,charge,40,Victory,4,0,4,64,14,495,0,0,2,1:2,0,0,0,1976304411
gym-d1-routes.encounter,charge,41,Victory,4,0,4,64,16,455,0,25,2,1:2,0,1,0,1867387957
gym-d1-routes.encounter,charge,42,Victory,4,0,4,64,16,495,0,0,2,1:2,0,0,0,1976304411
gym-d1-routes.encounter,charge,43,Victory,4,0,4,64,14,495,0,0,2,1:2,0,0,0,1976304411
gym-d1-routes.encounter,charge,44,Victory,4,0,4,64,5,455,0,12,2,1:2|2:2,0,0,0,3009805027
gym-d1-routes.encounter,charge,45,Victory,5,0,5,80,16,315,0,60,-1,,0,2,0,905458519
gym-d1-routes.encounter,charge,46,Victory,5,0,5,80,28,295,0,50,-1,,0,2,0,450636667
gym-d1-routes.encounter,charge,47,Victory,4,0,4,64,16,495,0,0,2,1:2,0,0,0,1976304411
gym-d1-routes.encounter,charge,48,Victory,4,0,4,64,16,495,0,0,2,1:2,0,0,0,1976304411
gym-d1-routes.encounter,charge,49,Victory,4,0,4,64,16,495,0,0,2,1:2,0,0,0,1976304411
gym-d1-routes.encounter,charge,50,Victory,5,0,5,80,18,455,0,30,2,1:2|2:2,0,2,0,4002147309
gym-d1-routes.encounter,charge,51,Victory,4,0,4,64,12,455,0,12,2,1:2|2:2,0,0,0,3009805027
gym-d1-routes.encounter,charge,52,Victory,4,0,4,64,14,455,0,25,2,1:2,0,1,0,363538455
gym-d1-routes.encounter,charge,53,Victory,5,0,5,72,19,290,0,55,-1,,0,2,0,134316250
gym-d1-routes.encounter,charge,54,Victory,6,0,6,96,25,485,0,33,2,1:2,0,2,0,1937212648
gym-d1-routes.encounter,charge,55,Victory,4,0,4,64,12,375,0,50,-1,,0,1,0,1214277335
gym-d1-routes.encounter,charge,56,Victory,4,0,4,64,16,495,0,0,2,1:2,0,0,0,1976304411
gym-d1-routes.encounter,charge,57,Victory,4,0,4,64,16,495,0,0,2,1:2,0,0,0,1976304411
gym-d1-routes.encounter,charge,58,Victory,5,0,5,80,10,335,0,40,2,2:2,0,3,0,76628342
gym-d1-routes.encounter,charge,59,Victory,4,0,4,64,16,495,0,0,2,1:2,0,0,0,1976304411
gym-d1-routes.encounter,charge,60,Victory,4,0,4,64,9,355,0,50,2,1:2,0,2,0,2257336349
gym-d1-routes.encounter,charge,61,Victory,5,0,5,80,21,325,0,30,6,2:6,0,3,0,3788979837
gym-d1-routes.encounter,charge,62,Victory,5,0,5,80,11,415,0,20,2,1:2,0,2,0,3829914280
gym-d1-routes.encounter,charge,63,Victory,4,0,4,64,12,465,0,50,2,1:2|2:2,0,2,0,3805635964
gym-d1-routes.encounter,charge,64,Victory,5,0,5,80,22,304,0,40,2,1:2,0,3,0,4131505117
gym-d1-routes.encounter,charge,65,Victory,5,0,5,80,20,395,0,60,2,1:2|2:2,0,3,0,2543941740
gym-d1-routes.encounter,charge,66,Victory,4,0,4,64,16,495,0,0,2,1:2,0,0,0,2084513081
gym-d1-routes.encounter,charge,67,Victory,4,0,4,64,16,495,0,0,2,1:2,0,0,0,1976304411
gym-d1-routes.encounter,charge,68,Victory,6,0,6,96,30,405,0,41,2,1:2,0,3,0,1073952403
gym-d1-routes.encounter,charge,69,Victory,4,0,4,64,12,325,0,50,2,1:2,0,3,0,1710926311
gym-d1-routes.encounter,charge,70,Victory,4,0,4,64,16,495,0,0,2,1:2|2:2,0,0,0,738543192
gym-d1-routes.encounter,charge,71,Victory,5,0,5,80,19,325,0,60,2,1:2,0,3,0,3777733112
gym-d1-routes.encounter,charge,72,Victory,5,0,5,80,23,435,0,40,2,1:2,0,2,0,3345396169
gym-d1-routes.encounter,charge,73,Victory,5,0,5,80,27,315,0,50,-1,,0,4,0,2484528176
gym-d1-routes.encounter,charge,74,Victory,5,0,5,80,28,455,0,20,2,1:2,0,1,0,1522219596
gym-d1-routes.encounter,charge,75,Victory,5,0,5,80,22,254,0,70,5,1:5,0,4,0,1032335244
gym-d1-routes.encounter,charge,76,Victory,4,0,4,64,17,295,0,37,-1,,0,2,0,2169790430
gym-d1-routes.encounter,charge,77,Victory,4,0,4,64,16,495,0,0,2,1:2,0,0,0,1976304411
gym-d1-routes.encounter,charge,78,Victory,4,0,4,64,16,495,0,0,2,1:2,0,0,0,1976304411
gym-d1-routes.encounter,charge,79,Victory,5,0,5,80,25,275,0,60,-1,,0,4,0,2930614181
gym-d1-routes.encounter,charge,80,Victory,5,0,5,80,19,435,0,40,-1,,0,2,0,438421938
gym-d1-routes.encounter,charge,81,Victory,5,0,5,80,13,395,0,40,2,1:2|2:5,0,3,0,3590886917
gym-d1-routes.encounter,charge,82,Victory,4,0,4,64,16,495,0,0,2,1:2,0,0,0,1976304411
gym-d1-routes.encounter,charge,83,Victory,5,0,5,80,22,405,0,40,2,1:2,0,3,0,1802592
gym-d1-routes.encounter,charge,84,Victory,4,0,4,64,16,495,0,0,2,1:2,0,0,0,1976304411
gym-d1-routes.encounter,charge,85,Victory,5,0,5,72,10,270,0,77,10,1:10,0,4,0,1921734833
gym-d1-routes.encounter,charge,86,Victory,4,0,4,64,16,455,0,25,2,1:2,0,1,0,2417024071
gym-d1-routes.encounter,charge,87,Victory,5,0,5,80,18,335,0,60,-1,,0,3,0,2300105851
gym-d1-routes.encounter,charge,88,Victory,4,0,4,64,10,285,0,50,2,1:2,0,3,0,1179965711
gym-d1-routes.encounter,charge,89,Victory,4,0,4,64,14,455,0,25,2,1:2|2:2,0,1,0,1914337746
gym-d1-routes.encounter,charge,90,Victory,4,0,4,64,16,495,0,0,2,1:2,0,0,0,1976304411
gym-d1-routes.encounter,charge,91,Victory,6,0,6,80,31,260,0,60,2,2:2,0,4,0,1499031845
gym-d1-routes.encounter,charge,92,Victory,4,0,4,64,16,495,0,0,2,1:2,0,0,0,1976304411
gym-d1-routes.encounter,charge,93,Victory,5,0,5,80,19,335,0,40,2,1:2,0,3,0,4144808347
gym-d1-routes.encounter,charge,94,Victory,5,0,5,80,28,455,0,20,2,1:2,0,1,0,3581942921
gym-d1-routes.encounter,charge,95,Victory,4,0,4,64,9,495,0,0,2,1:2,0,0,0,1976304411
gym-d1-routes.encounter,charge,96,Victory,5,0,5,80,16,395,0,40,2,1:2|2:5,0,3,0,2143076065
gym-d1-routes.encounter,charge,97,Victory,4,0,4,64,8,374,0,37,10,1:10,0,2,0,1059298634
gym-d1-routes.encounter,charge,98,Victory,4,0,4,64,18,415,0,37,2,1:2,0,2,0,116921572
gym-d1-routes.encounter,charge,99,Victory,6,0,6,88,27,300,0,36,2,1:2|2:5,0,3,0,3934149635
gym-d1-routes.encounter,charge,100,Victory,5,0,5,80,18,395,0,50,2,1:2,0,4,0,2818320496
gym-d1-routes.encounter,charge,101,Victory,4,0,4,64,12,455,0,12,2,1:2,0,0,0,954457377
gym-d1-routes.encounter,charge,102,Victory,4,0,4,64,14,455,0,25,2,1:2,0,1,0,1867387957
gym-d1-routes.encounter,charge,103,Victory,4,0,4,64,16,495,0,0,2,1:2|2:2,0,0,0,2701296780
gym-d1-routes.encounter,charge,104,Victory,6,0,6,80,27,260,0,80,2,2:2|1:2,0,5,0,3249232161
gym-d1-routes.encounter,charge,105,Victory,4,0,4,64,16,495,0,0,2,1:2,0,0,0,2084513081
gym-d1-routes.encounter,charge,106,Victory,4,0,4,64,3,355,0,50,2,1:2,0,2,0,1012514849
gym-d1-routes.encounter,charge,107,Victory,4,0,4,64,13,495,0,0,2,1:2,0,0,0,1976304411
gym-d1-routes.encounter,charge,108,Victory,5,0,5,80,13,355,0,30,2,1:2|2:5,0,3,0,458580250
gym-d1-routes.encounter,charge,109,Victory,4,0,4,64,14,495,0,0,2,1:2,0,0,0,1976304411
gym-d1-routes.encounter,charge,110,Victory,5,0,5,80,16,345,0,60,2,1:2|2:2,0,4,0,1758244541
gym-d1-routes.encounter,charge,111,Victory,5,0,5,80,17,485,0,20,2,1:2|2:2,0,1,0,900343475
gym-d1-routes.encounter,charge,112,Victory,4,0,4,64,13,455,0,25,2,1:2,0,1,0,1867387957
gym-d1-routes.encounter,charge,113,Victory,4,0,4,64,14,315,0,62,2,1:2,0,3,0,2559391089
gym-d1-routes.encounter,charge,114,Victory,6,0,6,88,21,260,0,45,2,1:2|2:5,0,4,0,2301726054
gym-d1-routes.encounter,charge,115,Victory,5,0,5,80,28,295,0,50,-1,,0,2,0,1016209210
gym-d1-routes.encounter,charge,116,Victory,6,0,6,96,26,265,0,75,2,1:2,0,5,0,17002371
gym-d1-routes.encounter,charge,117,Victory,4,0,4,64,16,495,0,0,2,1:2,0,0,0,1161796583
gym-d1-routes.encounter,charge,118,Victory,4,0,4,64,16,475,0,12,-1,,0,1,1,2420110939
gym-d1-routes.encounter,charge,119,Victory,6,0,6,96,21,335,0,41,2,1:2|2:5,0,4,0,2820805877
gym-d1-routes.encounter,charge,120,Victory,5,0,5,80,24,455,0,20,2,1:2|2:2,0,2,0,2890310904
gym-d1-routes.encounter,charge,121,Victory,5,0,5,80,15,324,0,70,2,1:2,0,4,0,1524617524
gym-d1-routes.encounter,charge,122,Victory,5,0,5,80,22,445,0,20,2,1:2,0,2,0,3337439744
gym-d1-routes.encounter,charge,123,Victory,4,0,4,64,16,495,0,0,2,1:2,0,0,0,1976304411
gym-d1-routes.encounter,charge,124,Victory,4,0,4,64,13,475,0,25,2,1:2,0,1,0,3558064273
gym-d1-routes.encounter,charge,125,Victory,5,0,5,72,28,300,0,55,2,2:2,0,3,0,901500106
gym-d1-routes.encounter,charge,126,Victory,4,0,4,64,14,455,0,25,2,1:2|2:2,0,1,0,1914337746
gym-d1-routes.encounter,charge,127,Victory,4,0,4,64,16,495,0,0,2,1:2,0,0,0,1976304411
gym-d1-routes.encounter,charge,128,Victory,5,0,5,80,28,415,0,40,2,1:2,0,2,0,3367006437
gym-d1-routes.encounter,charge,129,Victory,5,0,5,80,32,455,0,20,2,1:2,0,1,0,1522219596
gym-d1-routes.encounter,charge,130,Victory,5,0,5,80,22,455,0,20,2,1:2|2:2,0,1,0,1061832494
gym-d1-routes.encounter,charge,131,Victory,5,0,5,80,28,295,0,50,-1,,0,2,0,1016209210
gym-d1-routes.encounter,charge,132,Victory,5,0,5,80,17,465,0,20,2,1:2|2:2,0,1,0,1770844931
gym-d1-routes.encounter,charge,133,Victory,4,0,4,64,16,455,0,25,2,1:2,0,1,0,1867387957
gym-d1-routes.encounter,charge,134,Victory,4,0,4,64,8,355,0,50,10,1:10,0,2,0,2567618942
gym-d1-routes.encounter,charge,135,Victory,4,0,4,64,16,495,0,0,2,1:2,0,0,0,1976304411
gym-d1-routes.encounter,charge,136,Victory,5,0,5,80,18,264,0,60,2,1:2,0,4,0,1776063195
gym-d1-routes.encounter,charge,137,Victory,4,0,4,64,8,315,0,50,2,1:2,0,3,0,1404682749
gym-d1-routes.encounter,charge,138,Victory,5,0,5,80,22,415,0,10,2,1:2|2:5,0,1,0,3366698266
gym-d1-routes.encounter,charge,139,Victory,4,0,4,64,16,495,0,0,2,1:2,0,0,0,1976304411
gym-d1-routes.encounter,charge,140,Victory,5,0,5,80,18,445,0,20,2,1:2,0,2,0,3337439744
gym-d1-routes.encounter,charge,141,Victory,4,0,4,64,16,455,0,25,2,1:2,0,1,0,1867387957
gym-d1-routes.encounter,charge,142,Victory,6,0,6,88,23,260,0,54,2,1:2|2:5,0,4,0,2301726054
gym-d1-routes.encounter,charge,143,Victory,4,0,4,64,13,455,0,25,2,1:2,0,1,0,1867387957
gym-d1-routes.encounter,charge,144,Victory,5,0,5,80,30,385,0,30,2,1:2,0,3,0,257245061
gym-d1-routes.encounter,charge,145,Victory,5,0,5,80,22,385,0,30,2,1:2|2:5,0,2,0,3373543492
gym-d1-routes.encounter,charge,146,Victory,5,0,5,80,24,445,0,30,2,1:2|2:5,0,2,0,2103202599
gym-d1-routes.encounter,charge,147,Victory,4,0,4,64,10,475,0,25,2,1:2|2:2,0,1,0,1079376246
gym-d1-routes.encounter,charge,148,Victory,4,0,4,64,10,335,0,37,-1,,0,1,0,3999121023
gym-d1-routes.encounter,charge,149,Victory,4,0,4,64,12,335,0,50,5,1:5,0,2,0,3621465656
gym-d1-routes.encounter,charge,150,Victory,5,0,5,80,20,415,0,10,2,1:2|2:5,0,1,0,976412345
gym-d1-routes.encounter,charge,151,Victory,4,0,4,64,16,495,0,0,2,1:2|2:2,0,0,0,738543192
gym-d1-routes.encounter,charge,152,Victory,5,0,5,80,18,455,0,10,2,1:2|2:2,0,1,0,1935127749
gym-d1-routes.encounter,charge,153,Victory,4,0,4,64,16,495,0,0,2,1:2,0,0,0,3299788905
gym-d1-routes.encounter,charge,154,Victory,5,0,5,72,30,260,0,66,2,1:2,0,5,0,3810410670
gym-d1-routes.encounter,charge,155,Victory,4,0,4,64,13,475,0,25,2,1:2,0,1,0,3558064273
gym-d1-routes.encounter,charge,156,Victory,4,0,4,64,18,455,0,12,2,1:2|2:2,0,1,1,3809111524
gym-d1-routes.encounter,charge,157,Victory,4,0,4,64,18,415,0,37,2,1:2,0,2,0,116921572
gym-d1-routes.encounter,charge,158,Victory,4,0,4,64,16,495,0,0,2,1:2,0,0,0,1976304411
gym-d1-routes.encounter,charge,159,Victory,6,0,6,88,35,300,0,36,2,1:2,0,4,0,2560697242
gym-d1-routes.encounter,charge,160,Victory,4,0,4,64,12,455,0,12,2,1:2|2:2,0,0,0,3009805027
gym-d1-routes.encounter,charge,161,Victory,4,0,4,64,13,495,0,0,2,1:2,0,0,0,1976304411
gym-d1-routes.encounter,charge,162,Victory,4,0,4,64,16,495,0,0,2,1:2,0,0,0,1976304411
gym-d1-routes.encounter,charge,163,Victory,4,0,4,64,16,495,0,0,2,1:2,0,0,0,1976304411
gym-d1-routes.encounter,charge,164,Victory,6,0,6,88,25,260,0,45,2,1:2|2:5,0,4,0,2301726054
gym-d1-routes.encounter,charge,165,Victory,5,0,5,72,28,300,0,55,2,2:2,0,3,0,901500106
gym-d1-routes.encounter,charge,166,Victory,5,0,5,80,22,455,0,20,2,1:2,0,1,0,1522219596
gym-d1-routes.encounter,charge,167,Victory,4,0,4,64,12,455,0,25,2,1:2,0,1,0,1867387957
gym-d1-routes.encounter,charge,168,Victory,4,0,4,64,14,495,0,0,2,1:2|2:2,0,0,0,2701296780
gym-d1-routes.encounter,charge,169,Victory,4,0,4,64,9,275,0,50,10,1:10,0,3,0,2036787826
gym-d1-routes.encounter,charge,170,Victory,4,0,4,64,13,455,0,25,2,1:2,0,1,0,1867387957
gym-d1-routes.encounter,charge,171,Victory,4,0,4,64,12,374,0,37,5,1:5,0,2,0,4187222233
gym-d1-routes.encounter,charge,172,Victory,4,0,4,64,10,495,0,0,2,1:2,0,0,0,3299788905
gym-d1-routes.encounter,charge,173,Victory,5,0,5,80,18,375,0,30,2,1:2|2:5,0,2,0,1544755748
gym-d1-routes.encounter,charge,174,Victory,5,0,5,80,17,425,0,40,2,1:2,0,3,0,3201033386
gym-d1-routes.encounter,charge,175,Victory,4,0,4,64,16,355,0,25,-1,,0,2,0,1419946388
gym-d1-routes.encounter,charge,176,Victory,6,0,6,96,34,445,0,33,2,1:2,0,2,0,308656104
gym-d1-routes.encounter,charge,177,Victory,5,0,5,80,18,295,0,40,5,2:5|1:5,0,3,0,2317395829
gym-d1-routes.encounter,charge,178,Victory,5,0,5,80,20,395,0,40,2,1:2|2:2,0,3,0,3178902258
gym-d1-routes.encounter,charge,179,Victory,5,0,5,80,28,455,0,20,2,1:2,0,1,0,1522219596
gym-d1-routes.encounter,charge,180,Victory,5,0,5,80,20,295,0,50,5,1:5,0,2,0,4053858050
gym-d1-routes.encounter,charge,181,Victory,4,0,4,64,14,495,0,0,2,1:2,0,0,0,1976304411
gym-d1-routes.encounter,charge,182,Victory,5,0,5,80,20,335,0,40,2,1:2,0,3,0,1989151780
gym-d1-routes.encounter,charge,183,Victory,5,0,5,80,20,455,0,10,2,1:2,0,1,0,2507571040
gym-d1-routes.encounter,charge,184,Victory,4,0,4,64,16,495,0,0,2,1:2,0,0,0,3299788905
gym-d1-routes.encounter,charge,185,Victory,5,0,5,72,28,300,0,55,2,2:2,0,3,0,901500106
gym-d1-routes.encounter,charge,186,Victory,6,0,6,96,25,365,0,33,2,1:2,0,3,0,1650692892
gym-d1-routes.encounter,charge,187,Victory,4,0,4,64,16,495,0,0,2,1:2,0,0,0,1976304411
gym-d1-routes.encounter,charge,188,Victory,5,0,5,80,16,375,0,50,2,1:2|2:2,0,3,0,697857065
gym-d1-routes.encounter,charge,189,Victory,5,0,5,80,22,405,0,60,-1,,0,2,0,2447849929
gym-d1-routes.encounter,charge,190,Victory,6,0,6,88,26,300,0,36,2,1:2|2:5,0,3,0,3567001112
gym-d1-routes.encounter,charge,191,Victory,5,0,5,80,11,355,0,60,7,1:7,0,3,0,2426750165
gym-d1-routes.encounter,charge,192,Victory,4,0,4,64,6,355,0,37,2,1:2,0,2,0,3581055093
gym-d1-routes.encounter,charge,193,Victory,4,0,4,64,14,495,0,0,2,1:2|2:2,0,0,0,2505011982
gym-d1-routes.encounter,charge,194,Victory,4,0,4,64,14,334,0,62,2,1:2,0,3,0,884523836
gym-d1-routes.encounter,charge,195,Victory,5,0,5,80,20,365,0,60,2,1:2|2:2,0,3,0,3098154340
gym-d1-routes.encounter,charge,196,Victory,5,0,5,80,15,395,0,40,2,1:2,0,3,0,2189116053
gym-d1-routes.encounter,charge,197,Victory,6,0,6,80,28,260,0,70,-1,,0,5,0,247655592
gym-d1-routes.encounter,charge,198,Victory,4,0,4,64,9,314,0,50,2,1:2,0,3,0,3859977695
gym-d1-routes.encounter,charge,199,Victory,4,0,4,64,16,495,0,0,2,1:2|2:2,0,0,0,539365240
gym-d1-routes.encounter,charge,200,Victory,5,0,5,80,20,295,0,50,5,1:5,0,2,0,3668109346
gym-d1-flat.encounter,corridor-hold,1,Victory,9,0,9,144,24,430,0,22,10,1:10,0,10,0,957942687
gym-d1-flat.encounter,corridor-hold,2,Victory,15,0,15,160,47,200,0,25,6,1:6,0,22,0,2008129080
gym-d1-flat.encounter,corridor-hold,3,Victory,7,0,7,112,19,455,0,35,-1,,0,6,0,2640238972
gym-d1-flat.encounter,corridor-hold,4,Victory,8,0,8,128,18,425,0,31,10,1:10,0,7,0,3264425034
gym-d1-flat.encounter,corridor-hold,5,Victory,8,0,8,128,28,425,0,18,-1,,0,7,0,3862184069
gym-d1-flat.encounter,corridor-hold,6,Victory,7,0,7,96,22,280,0,41,-1,,0,4,0,2261977794
gym-d1-flat.encounter,corridor-hold,7,Victory,15,0,15,160,42,190,0,50,6,1:6,0,22,0,3153950416
gym-d1-flat.encounter,corridor-hold,8,Victory,22,0,22,208,38,220,0,26,6,1:6,0,23,0,710893205
gym-d1-flat.encounter,corridor-hold,9,Victory,12,0,12,128,21,240,0,43,-1,,0,10,0,532012316
gym-d1-flat.encounter,corridor-hold,10,Victory,22,0,22,216,43,260,0,18,6,1:6,0,20,0,3367984711
gym-d1-flat.encounter,corridor-hold,11,Victory,18,0,18,184,57,120,0,34,6,1:6,0,26,0,2475249876
gym-d1-flat.encounter,corridor-hold,12,Victory,15,0,15,160,38,200,0,30,10,1:10,0,21,0,168067441
gym-d1-flat.encounter,corridor-hold,13,Victory,6,0,6,96,11,375,0,16,2,1:2|2:6,0,3,0,2999773697
gym-d1-flat.encounter,corridor-hold,14,Victory,5,0,5,80,15,465,0,30,-1,,0,4,0,93527247
gym-d1-flat.encounter,corridor-hold,15,Victory,9,0,9,144,21,415,0,5,-1,,0,5,1,1356820641
gym-d1-flat.encounter,corridor-hold,16,Victory,15,0,15,168,38,270,0,28,6,1:6,0,13,0,3429396510
gym-d1-flat.encounter,corridor-hold,17,Victory,8,0,8,104,29,260,0,38,-1,,0,8,0,4226999018
gym-d1-flat.encounter,corridor-hold,18,Victory,8,0,8,128,17,395,0,12,-1,,0,6,1,2984599945
gym-d1-flat.encounter,corridor-hold,19,Victory,9,0,9,144,24,415,0,16,-1,,0,8,0,3338784560
gym-d1-flat.encounter,corridor-hold,20,Victory,10,0,10,160,24,391,0,25,10,1:10|2:6,0,8,0,4184817181
gym-d1-flat.encounter,corridor-hold,21,Victory,7,0,7,112,21,325,0,35,-1,,0,5,0,269122300
gym-d1-flat.encounter,corridor-hold,22,Victory,20,0,20,200,43,240,0,20,6,1:6,0,24,0,194505565
gym-d1-flat.encounter,corridor-hold,23,Victory,21,0,21,208,39,260,0,26,6,1:6,0,19,0,856457500
gym-d1-flat.encounter,corridor-hold,24,Victory,19,0,19,192,45,200,0,41,10,1:10,0,23,0,3128345806
gym-d1-flat.encounter,corridor-hold,25,Victory,6,0,6,96,9,374,0,41,-1,,0,3,0,477371579
gym-d1-flat.encounter,corridor-hold,26,Victory,10,0,10,160,31,387,0,15,6,2:6,0,8,0,1244232421
gym-d1-flat.encounter,corridor-hold,27,Victory,8,0,8,96,15,270,0,41,-1,,0,8,1,2169423289
gym-d1-flat.encounter,corridor-hold,28,Victory,21,0,21,200,37,230,0,28,2,2:2|1:6,0,31,0,2241491280
gym-d1-flat.encounter,corridor-hold,29,Victory,8,0,8,112,27,300,0,28,-1,,0,6,0,3606170463
gym-d1-flat.encounter,corridor-hold,30,Victory,7,0,7,112,15,365,0,28,-1,,0,4,0,3453460325
gym-d1-flat.encounter,corridor-hold,31,Victory,25,0,25,232,54,250,0,20,10,1:10,0,23,0,2644930124
gym-d1-flat.encounter,corridor-hold,32,Victory,7,0,7,112,6,395,0,14,-1,,0,5,0,1699536324
gym-d1-flat.encounter,corridor-hold,33,Victory,42,0,42,376,83,270,0,23,6,1:6,0,65,0,1875241272
gym-d1-flat.encounter,corridor-hold,34,Victory,13,0,13,144,37,240,0,27,6,1:6,0,16,0,3741210733
gym-d1-flat.encounter,corridor-hold,35,Victory,24,0,24,248,58,250,0,29,6,1:6,0,24,0,2146357806
gym-d1-flat.encounter,corridor-hold,36,Victory,12,0,12,152,37,270,0,31,10,1:10,0,13,0,1837010921
gym-d1-flat.encounter,corridor-hold,37,Victory,5,0,5,80,14,405,0,40,-1,,0,4,0,1548382641
gym-d1-flat.encounter,corridor-hold,38,Victory,14,0,14,160,39,200,0,35,6,1:6,0,18,0,3123742484
gym-d1-flat.encounter,corridor-hold,39,Victory,7,0,7,112,24,355,0,21,-1,,0,3,0,4033979091
gym-d1-flat.encounter,corridor-hold,40,Victory,11,0,11,136,31,290,0,29,2,2:2,0,11,0,2939077634
gym-d1-flat.encounter,corridor-hold,41,Victory,8,0,8,128,22,415,0,18,-1,,0,5,0,3385929913
gym-d1-flat.encounter,corridor-hold,42,Victory,8,0,8,96,21,260,0,33,-1,,0,9,0,3342155484
gym-d1-flat.encounter,corridor-hold,43,Victory,7,0,7,112,27,415,0,21,-1,,0,5,0,3667583506
gym-d1-flat.encounter,corridor-hold,44,Victory,14,0,14,152,32,240,0,26,6,1:6,0,19,0,4023200767
gym-d1-flat.encounter,corridor-hold,45,Victory,11,0,11,136,36,260,0,23,6,1:6,0,9,0,2447239316
gym-d1-flat.encounter,corridor-hold,46,Victory,6,0,6,96,12,405,0,41,-1,,0,4,0,4003851989
gym-d1-flat.encounter,corridor-hold,47,Victory,39,0,39,352,77,230,0,25,6,1:6,0,46,0,584233250
gym-d1-flat.encounter,corridor-hold,48,Victory,11,0,11,136,30,240,0,41,-1,,0,10,0,380269756
gym-d1-flat.encounter,corridor-hold,49,Victory,9,0,9,144,36,394,0,16,-1,,0,8,0,3807321568
gym-d1-flat.encounter,corridor-hold,50,Victory,6,0,6,96,13,455,0,8,2,1:2,0,2,0,3515884903
gym-d1-flat.encounter,corridor-hold,51,Victory,6,0,6,96,16,455,0,8,2,1:2,0,2,0,3967873483
gym-d1-flat.encounter,corridor-hold,52,Victory,19,0,19,192,37,220,0,29,10,1:10,0,29,0,32910988
gym-d1-flat.encounter,corridor-hold,53,Victory,5,0,5,80,11,445,0,30,-1,,0,2,0,4194907011
gym-d1-flat.encounter,corridor-hold,54,Victory,8,0,8,128,17,374,0,25,2,1:2,0,6,0,2045868049
gym-d1-flat.encounter,corridor-hold,55,Victory,6,0,6,96,11,425,0,41,-1,,0,4,0,382174283
gym-d1-flat.encounter,corridor-hold,56,Victory,14,0,14,160,31,240,0,35,6,1:6,0,15,0,2175313295
gym-d1-flat.encounter,corridor-hold,57,Victory,9,0,9,144,29,435,0,11,2,1:2|2:2,0,7,0,3512867000
gym-d1-flat.encounter,corridor-hold,58,Victory,11,0,11,144,24,250,0,66,2,1:2,0,11,0,945406668
gym-d1-flat.encounter,corridor-hold,59,Victory,14,0,14,152,38,280,0,26,6,1:6,0,15,0,3027277573
gym-d1-flat.encounter,corridor-hold,60,Victory,6,0,6,96,10,444,0,16,-1,,0,4,0,2835929989
gym-d1-flat.encounter,corridor-hold,61,Victory,16,0,16,184,41,220,0,34,6,1:6,0,14,0,435389913
gym-d1-flat.encounter,corridor-hold,62,Victory,5,0,5,80,13,345,0,50,-1,,0,4,0,864808603
gym-d1-flat.encounter,corridor-hold,63,Victory,6,0,6,96,15,335,0,25,-1,,0,4,1,1271217949
gym-d1-flat.encounter,corridor-hold,64,Victory,6,0,6,96,11,475,0,16,-1,,0,2,0,466758680
gym-d1-flat.encounter,corridor-hold,65,Victory,13,0,13,208,35,445,0,7,6,2:6|1:6,0,9,0,687617864
gym-d1-flat.encounter,corridor-hold,66,Victory,10,0,10,160,31,425,0,15,-1,,0,7,0,3563700183
gym-d1-flat.encounter,corridor-hold,67,Victory,6,0,6,96,18,315,0,41,-1,,0,5,0,1201060802
gym-d1-flat.encounter,corridor-hold,68,Victory,10,0,10,136,20,250,0,35,2,1:2,0,8,0,1473595341
gym-d1-flat.encounter,corridor-hold,69,Victory,10,0,10,112,19,240,0,57,-1,,0,10,0,2842760059
gym-d1-flat.encounter,corridor-hold,70,Victory,14,0,14,152,27,280,0,26,2,2:2|1:6,0,12,0,1112243552
gym-d1-flat.encounter,corridor-hold,71,Victory,31,0,31,304,65,270,0,15,10,1:10,0,29,1,487117033
gym-d1-flat.encounter,corridor-hold,72,Victory,17,0,17,168,39,220,0,52,10,1:10,0,29,0,2048804950
gym-d1-flat.encounter,corridor-hold,73,Victory,7,0,7,112,16,304,0,35,-1,,0,4,0,161510138
gym-d1-flat.encounter,corridor-hold,74,Victory,7,0,7,112,15,384,0,28,2,1:2,0,4,0,2385151767
gym-d1-flat.encounter,corridor-hold,75,Victory,6,0,6,96,19,404,0,25,-1,,0,4,0,3161109322
gym-d1-flat.encounter,corridor-hold,76,Victory,5,0,5,80,16,365,0,30,10,1:10,0,2,0,1859997608
gym-d1-flat.encounter,corridor-hold,77,Victory,6,0,6,96,18,315,0,41,-1,,0,5,0,3368474104
gym-d1-flat.encounter,corridor-hold,78,Victory,8,0,8,128,23,375,0,43,10,1:10,0,7,0,2658865998
gym-d1-flat.encounter,corridor-hold,79,Victory,14,0,14,152,31,200,0,36,6,1:6,0,18,0,1228491988
gym-d1-flat.encounter,corridor-hold,80,Victory,7,0,7,112,19,425,0,35,-1,,0,4,0,658560084
gym-d1-flat.encounter,corridor-hold,81,Victory,35,0,35,312,77,160,0,30,6,1:6,0,57,0,3946463911
gym-d1-flat.encounter,corridor-hold,82,Victory,18,0,18,200,48,250,0,32,6,1:6,0,17,0,1584340748
gym-d1-flat.encounter,corridor-hold,83,Victory,14,0,14,152,33,260,0,36,10,1:10,0,16,1,334190671
gym-d1-flat.encounter,corridor-hold,84,Victory,9,0,9,120,32,300,0,20,-1,,0,8,0,351021828
gym-d1-flat.encounter,corridor-hold,85,Victory,5,0,5,80,10,435,0,20,-1,,0,4,0,766602805
gym-d1-flat.encounter,corridor-hold,86,Victory,4,0,4,64,11,435,0,37,-1,,0,3,0,4095651191
gym-d1-flat.encounter,corridor-hold,87,Victory,12,0,12,144,22,280,0,33,6,1:6,0,12,0,461706087
gym-d1-flat.encounter,corridor-hold,88,Victory,19,0,19,192,46,240,0,20,6,1:6,0,26,0,2537534344
gym-d1-flat.encounter,corridor-hold,89,Victory,6,0,6,96,24,405,0,25,2,1:2,0,4,0,672082783
gym-d1-flat.encounter,corridor-hold,90,Victory,27,0,27,256,65,220,0,25,10,1:10,0,37,0,3601574787
gym-d1-flat.encounter,corridor-hold,91,Victory,10,0,10,136,36,200,0,41,-1,,0,14,0,1523288135
gym-d1-flat.encounter,corridor-hold,92,Victory,20,0,20,200,44,270,0,24,6,1:6,0,19,0,1461768569
gym-d1-flat.encounter,corridor-hold,93,Victory,6,0,6,96,17,445,0,25,-1,,0,3,0,713405115
gym-d1-flat.encounter,corridor-hold,94,Victory,21,0,21,216,47,260,0,25,6,1:6,0,20,0,3114941958
gym-d1-flat.encounter,corridor-hold,95,Victory,8,0,8,104,28,260,0,53,-1,,0,9,0,3369574260
gym-d1-flat.encounter,corridor-hold,96,Victory,17,0,17,176,50,190,0,31,6,1:6,0,25,0,1817275983
gym-d1-flat.encounter,corridor-hold,97,Victory,7,0,7,112,17,490,0,7,-1,,0,5,0,3417489279
gym-d1-flat.encounter,corridor-hold,98,Victory,8,0,8,128,21,475,0,25,-1,,0,5,0,3935380821
gym-d1-flat.encounter,corridor-hold,99,Victory,14,0,14,152,42,210,0,31,6,1:6,0,20,0,2277673548
gym-d1-flat.encounter,corridor-hold,100,Victory,10,0,10,120,29,240,0,33,-1,,0,12,0,4146672705
gym-d1-flat.encounter,corridor-hold,101,Victory,9,0,9,144,23,355,0,22,-1,,0,11,0,1856053752
gym-d1-flat.encounter,corridor-hold,102,Victory,7,0,7,112,24,415,0,42,-1,,0,3,0,2346625550
gym-d1-flat.encounter,corridor-hold,103,Victory,13,0,13,144,34,210,0,38,6,1:6,0,18,0,3139369964
gym-d1-flat.encounter,corridor-hold,104,Victory,13,0,13,152,38,280,0,21,6,1:6,0,12,0,3100122393
gym-d1-flat.encounter,corridor-hold,105,Victory,7,0,7,112,15,455,0,28,-1,,0,6,0,17881736
gym-d1-flat.encounter,corridor-hold,106,Victory,6,0,6,96,19,435,0,33,-1,,0,4,0,4012136780
gym-d1-flat.encounter,corridor-hold,107,Victory,8,0,8,128,19,374,0,43,-1,,0,7,0,2016471072
gym-d1-flat.encounter,corridor-hold,108,Victory,8,0,8,112,26,300,0,35,-1,,0,7,0,3408981627
gym-d1-flat.encounter,corridor-hold,109,Victory,6,0,6,96,20,415,0,16,-1,,0,2,0,1534420493
gym-d1-flat.encounter,corridor-hold,110,Victory,9,0,9,144,30,325,0,22,-1,,0,6,0,1523411312
gym-d1-flat.encounter,corridor-hold,111,Victory,7,0,7,112,16,325,0,28,-1,,0,7,0,3404299965
gym-d1-flat.encounter,corridor-hold,112,Victory,8,0,8,128,20,475,0,25,-1,,0,5,0,3364625135
gym-d1-flat.encounter,corridor-hold,113,Victory,6,0,6,96,18,465,0,16,2,1:2,0,3,0,2906002833
gym-d1-flat.encounter,corridor-hold,114,Victory,18,0,18,184,34,260,0,39,6,1:6,0,16,0,1969735245
gym-d1-flat.encounter,corridor-hold,115,Victory,6,0,6,96,17,435,0,33,-1,,0,4,0,2617891277
gym-d1-flat.encounter,corridor-hold,116,Victory,8,0,8,128,26,385,0,25,10,1:10,0,9,0,3241697751
gym-d1-flat.encounter,corridor-hold,117,Victory,21,0,21,208,49,230,0,34,6,1:6,0,35,0,670102810
gym-d1-flat.encounter,corridor-hold,118,Victory,17,0,17,176,41,250,0,22,2,1:2,0,26,0,4286728432
gym-d1-flat.encounter,corridor-hold,119,Victory,8,0,8,128,27,354,0,31,-1,,0,8,0,3299770943
gym-d1-flat.encounter,corridor-hold,120,Victory,8,0,8,128,21,425,0,31,-1,,0,6,0,3184141398
gym-d1-flat.encounter,corridor-hold,121,Victory,33,0,33,312,68,170,0,58,10,1:10,0,68,0,2144329049
gym-d1-flat.encounter,corridor-hold,122,Victory,11,0,11,176,38,435,0,13,-1,,0,8,0,1853703313
gym-d1-flat.encounter,corridor-hold,123,Victory,14,0,14,152,33,280,0,42,2,1:2,0,15,0,4158144451
gym-d1-flat.encounter,corridor-hold,124,Victory,11,0,11,136,26,280,0,35,-1,,0,11,0,1454819378
gym-d1-flat.encounter,corridor-hold,125,Victory,12,0,12,136,39,210,0,29,10,1:10,0,14,0,1487930470
gym-d1-flat.encounter,corridor-hold,126,Victory,7,0,7,96,11,275,0,66,2,1:2,0,6,0,961829085
gym-d1-flat.encounter,corridor-hold,127,Victory,13,0,13,144,31,260,0,33,10,1:10,0,12,0,3707648642
gym-d1-flat.encounter,corridor-hold,128,Victory,6,0,6,96,21,375,0,16,-1,,0,3,0,2269304913
gym-d1-flat.encounter,corridor-hold,129,Victory,15,0,15,160,36,240,0,25,10,1:10,0,22,0,314516534
gym-d1-flat.encounter,corridor-hold,130,Victory,7,0,7,96,18,280,0,33,-1,,0,5,0,276406930
gym-d1-flat.encounter,corridor-hold,131,Victory,5,0,5,80,13,315,0,40,-1,,0,3,0,198734589
gym-d1-flat.encounter,corridor-hold,132,Victory,8,0,8,128,23,465,0,37,10,1:10,0,6,0,538202278
gym-d1-flat.encounter,corridor-hold,133,Victory,9,0,9,128,29,290,0,31,-1,,0,8,0,246737190
gym-d1-flat.encounter,corridor-hold,134,Victory,5,0,5,80,12,465,0,30,-1,,0,4,0,266396330
gym-d1-flat.encounter,corridor-hold,135,Victory,16,0,16,168,46,140,0,28,6,1:6,0,24,0,2839647723
gym-d1-flat.encounter,corridor-hold,136,Victory,16,0,16,176,39,300,0,31,10,1:10,0,15,0,207718440
gym-d1-flat.encounter,corridor-hold,137,Victory,9,0,9,144,31,412,0,27,10,1:10|2:6,0,8,0,794228707
gym-d1-flat.encounter,corridor-hold,138,Victory,14,0,14,152,33,240,0,26,10,1:10,0,16,0,1174847886
gym-d1-flat.encounter,corridor-hold,139,Victory,23,0,23,224,43,50,0,60,10,1:10,0,30,0,358300404
gym-d1-flat.encounter,corridor-hold,140,Victory,6,0,6,96,16,375,0,33,-1,,0,5,0,2559654691
gym-d1-flat.encounter,corridor-hold,141,Victory,11,0,11,128,32,190,0,56,-1,,0,14,0,5974527
gym-d1-flat.encounter,corridor-hold,142,Victory,8,0,8,128,15,404,0,25,-1,,0,5,0,3191605136
gym-d1-flat.encounter,corridor-hold,143,Victory,31,0,31,288,74,240,0,19,6,1:6,0,38,0,419136117
gym-d1-flat.encounter,corridor-hold,144,Victory,9,0,9,144,30,370,0,16,-1,,0,7,0,4135260662
gym-d1-flat.encounter,corridor-hold,145,Victory,10,0,10,160,31,433,0,15,-1,,0,9,0,1653142643
gym-d1-flat.encounter,corridor-hold,146,Victory,13,0,13,168,31,280,0,19,6,1:6,0,13,0,3141470199
gym-d1-flat.encounter,corridor-hold,147,Victory,7,0,7,112,21,355,0,42,2,1:2,0,5,0,2030150175
gym-d1-flat.encounter,corridor-hold,148,Victory,5,0,5,80,14,345,0,40,10,1:10,0,3,0,1689663437
gym-d1-flat.encounter,corridor-hold,149,Victory,8,0,8,128,20,373,0,18,6,1:6,0,5,0,1593036087
gym-d1-flat.encounter,corridor-hold,150,Victory,25,0,25,248,52,260,0,22,6,1:6,0,22,0,187200695
gym-d1-flat.encounter,corridor-hold,151,Victory,8,0,8,112,24,300,0,28,-1,,0,6,0,1523876667
gym-d1-flat.encounter,corridor-hold,152,Victory,8,0,8,128,30,435,0,12,-1,,0,6,0,3948162005
gym-d1-flat.encounter,corridor-hold,153,Victory,11,0,11,128,31,270,0,37,6,1:6,0,14,0,246319558
gym-d1-flat.encounter,corridor-hold,154,Victory,7,0,7,112,15,405,0,14,-1,,0,5,0,2192702441
gym-d1-flat.encounter,corridor-hold,155,Victory,14,0,14,184,49,240,0,34,10,1:10,0,15,0,532941618
gym-d1-flat.encounter,corridor-hold,156,Victory,7,0,7,112,16,495,0,14,-1,,0,5,0,791224024
gym-d1-flat.encounter,corridor-hold,157,Victory,14,0,14,224,44,495,0,14,2,1:2|2:2,0,12,0,2173823285
gym-d1-flat.encounter,corridor-hold,158,Victory,7,0,7,112,23,315,0,28,-1,,0,5,0,1155852206
gym-d1-flat.encounter,corridor-hold,159,Victory,10,0,10,160,26,375,0,25,10,1:10,0,8,0,3271637065
gym-d1-flat.encounter,corridor-hold,160,Victory,6,0,6,96,21,315,0,41,-1,,0,5,0,1201060802
gym-d1-flat.encounter,corridor-hold,161,Victory,7,0,7,96,14,260,0,50,-1,,0,6,0,4097758276
gym-d1-flat.encounter,corridor-hold,162,Victory,17,0,17,176,39,200,0,22,6,1:6,0,24,0,3352327304
gym-d1-flat.encounter,corridor-hold,163,Victory,6,0,6,96,15,475,0,16,-1,,0,3,0,2521355704
gym-d1-flat.encounter,corridor-hold,164,Victory,9,0,9,112,21,290,0,35,2,2:2,0,7,1,336632172
gym-d1-flat.encounter,corridor-hold,165,Victory,18,0,18,184,40,240,0,34,10,1:10,0,26,0,26614307
gym-d1-flat.encounter,corridor-hold,166,Victory,6,0,6,96,24,440,0,25,-1,,0,4,0,4259125377
gym-d1-flat.encounter,corridor-hold,167,Victory,6,0,6,96,12,415,0,8,2,1:2,0,2,0,240883927
gym-d1-flat.encounter,corridor-hold,168,Victory,8,0,8,128,25,335,0,25,-1,,0,6,0,3915233354
gym-d1-flat.encounter,corridor-hold,169,Victory,5,0,5,80,10,445,0,30,-1,,0,4,0,4172427804
gym-d1-flat.encounter,corridor-hold,170,Victory,16,0,16,168,37,230,0,33,6,1:6,0,23,0,3810926710
gym-d1-flat.encounter,corridor-hold,171,Victory,6,0,6,96,20,455,0,33,-1,,0,4,0,1453236838
gym-d1-flat.encounter,corridor-hold,172,Victory,11,0,11,176,40,405,0,13,10,1:10,0,8,0,2237612464
gym-d1-flat.encounter,corridor-hold,173,Victory,28,0,28,264,63,230,0,24,6,1:6,0,47,0,2170861302
gym-d1-flat.encounter,corridor-hold,174,Victory,20,0,20,200,43,240,0,20,6,1:6,0,27,0,3229093923
gym-d1-flat.encounter,corridor-hold,175,Victory,7,0,7,112,14,315,0,21,-1,,0,6,0,1577460620
gym-d1-flat.encounter,corridor-hold,176,Victory,10,0,10,120,33,200,0,53,-1,,0,13,0,4120662218
gym-d1-flat.encounter,corridor-hold,177,Victory,17,0,17,176,38,260,0,18,6,1:6,0,24,0,2504608359
gym-d1-flat.encounter,corridor-hold,178,Victory,14,0,14,152,42,240,0,26,6,1:6,0,20,0,450717555
gym-d1-flat.encounter,corridor-hold,179,Victory,6,0,6,96,10,355,0,25,-1,,0,4,0,2835138630
gym-d1-flat.encounter,corridor-hold,180,Victory,6,0,6,96,18,384,0,25,-1,,0,3,0,1077559772
gym-d1-flat.encounter,corridor-hold,181,Victory,20,0,20,200,45,270,0,20,6,1:6,0,27,0,1645138693
gym-d1-flat.encounter,corridor-hold,182,Victory,22,0,22,232,50,180,0,37,6,1:6,0,36,0,2252758834
gym-d1-flat.encounter,corridor-hold,183,Victory,11,0,11,176,41,406,0,13,-1,,0,9,0,957220902
gym-d1-flat.encounter,corridor-hold,184,Victory,6,0,6,96,15,394,0,33,-1,,0,3,0,3409514898
gym-d1-flat.encounter,corridor-hold,185,Victory,7,0,7,112,24,335,0,14,-1,,0,5,1,3296102737
gym-d1-flat.encounter,corridor-hold,186,Victory,12,0,12,128,21,240,0,75,-1,,0,17,0,1890789320
gym-d1-flat.encounter,corridor-hold,187,Victory,21,0,21,208,55,140,0,34,6,1:6,0,35,0,1109218920
gym-d1-flat.encounter,corridor-hold,188,Victory,7,0,7,80,12,240,0,70,-1,,0,8,0,650348148
gym-d1-flat.encounter,corridor-hold,189,Victory,6,0,6,96,7,375,0,33,-1,,0,4,0,2536020747
gym-d1-flat.encounter,corridor-hold,190,Victory,6,0,6,96,21,415,0,8,-1,,0,3,0,20349159
gym-d1-flat.encounter,corridor-hold,191,Victory,9,0,9,144,26,474,0,16,6,1:6|2:2,0,9,0,1319356705
gym-d1-flat.encounter,corridor-hold,192,Victory,7,0,7,112,20,435,0,14,-1,,0,5,0,1969700796
gym-d1-flat.encounter,corridor-hold,193,Victory,11,0,11,128,29,260,0,31,6,1:6,0,10,0,2028182838
gym-d1-flat.encounter,corridor-hold,194,Victory,6,0,6,96,14,435,0,33,-1,,0,5,0,304715444
gym-d1-flat.encounter,corridor-hold,195,Victory,18,0,18,184,43,260,0,21,10,1:10,0,28,0,1772161908
gym-d1-flat.encounter,corridor-hold,196,Victory,9,0,9,144,21,315,0,27,-1,,0,8,0,1032850680
gym-d1-flat.encounter,corridor-hold,197,Victory,11,0,11,128,31,260,0,31,-1,,0,9,0,2841788510
gym-d1-flat.encounter,corridor-hold,198,Victory,9,0,9,120,22,300,0,26,-1,,0,7,0,3462958037
gym-d1-flat.encounter,corridor-hold,199,Victory,6,0,6,96,12,385,0,33,-1,,0,5,0,3420245865
gym-d1-flat.encounter,corridor-hold,200,Victory,5,0,5,80,11,315,0,40,-1,,0,3,0,198734589
gym-d1-flat.encounter,tpa-order,1,Victory,9,0,9,144,24,430,0,22,10,1:10,0,10,0,957942687
gym-d1-flat.encounter,tpa-order,2,Victory,15,0,15,160,47,200,0,25,6,1:6,0,22,0,2008129080
gym-d1-flat.encounter,tpa-order,3,Victory,7,0,7,112,19,455,0,35,-1,,0,6,0,2640238972
gym-d1-flat.encounter,tpa-order,4,Victory,8,0,8,128,18,425,0,31,10,1:10,0,7,0,3264425034
gym-d1-flat.encounter,tpa-order,5,Victory,8,0,8,128,28,425,0,18,-1,,0,7,0,3862184069
gym-d1-flat.encounter,tpa-order,6,Victory,7,0,7,96,19,290,0,41,-1,,0,4,0,2535550681
gym-d1-flat.encounter,tpa-order,7,Victory,15,0,15,160,42,190,0,50,6,1:6,0,22,0,3153950416
gym-d1-flat.encounter,tpa-order,8,Victory,22,0,22,208,38,220,0,26,6,1:6,0,23,0,710893205
gym-d1-flat.encounter,tpa-order,9,Victory,8,0,8,104,14,280,0,38,-1,,0,6,0,2186712833
gym-d1-flat.encounter,tpa-order,10,Victory,20,0,20,208,46,300,0,15,6,1:6,0,18,0,1219768052
gym-d1-flat.encounter,tpa-order,11,Victory,18,0,18,184,57,120,0,34,6,1:6,0,26,0,2475249876
gym-d1-flat.encounter,tpa-order,12,Victory,15,0,15,160,38,200,0,30,10,1:10,0,21,0,168067441
gym-d1-flat.encounter,tpa-order,13,Victory,6,0,6,96,11,375,0,16,2,1:2|2:6,0,3,0,2999773697
gym-d1-flat.encounter,tpa-order,14,Victory,5,0,5,80,15,465,0,30,-1,,0,4,0,93527247
gym-d1-flat.encounter,tpa-order,15,Victory,9,0,9,144,21,415,0,5,-1,,0,5,1,1356820641
gym-d1-flat.encounter,tpa-order,16,Victory,15,0,15,168,38,270,0,28,6,1:6,0,13,0,3429396510
gym-d1-flat.encounter,tpa-order,17,Victory,8,0,8,104,29,260,0,38,-1,,0,8,0,4226999018
gym-d1-flat.encounter,tpa-order,18,Victory,8,0,8,128,17,395,0,12,-1,,0,6,1,2984599945
gym-d1-flat.encounter,tpa-order,19,Victory,18,0,18,200,45,300,0,20,6,1:6,0,17,0,3999024411
gym-d1-flat.encounter,tpa-order,20,Victory,10,0,10,160,24,411,0,25,10,1:10|2:6,0,8,0,398525002
gym-d1-flat.encounter,tpa-order,21,Victory,7,0,7,112,21,325,0,35,-1,,0,5,0,269122300
gym-d1-flat.encounter,tpa-order,22,Victory,20,0,20,200,43,240,0,20,6,1:6,0,24,0,194505565
gym-d1-flat.encounter,tpa-order,23,Victory,15,0,15,168,30,250,0,33,10,1:10,0,13,0,356758077
gym-d1-flat.encounter,tpa-order,24,Victory,9,0,9,120,24,300,0,40,-1,,0,9,0,1139873010
gym-d1-flat.encounter,tpa-order,25,Victory,8,0,8,96,14,270,0,50,2,2:2,0,9,0,2223641720
gym-d1-flat.encounter,tpa-order,26,Victory,10,0,10,160,31,387,0,15,6,2:6,0,8,0,1244232421
gym-d1-flat.encounter,tpa-order,27,Victory,8,0,8,96,15,270,0,41,-1,,0,8,1,2169423289
gym-d1-flat.encounter,tpa-order,28,Victory,21,0,21,200,37,230,0,28,2,2:2|1:6,0,31,0,2241491280
gym-d1-flat.encounter,tpa-order,29,Victory,8,0,8,112,27,300,0,28,-1,,0,6,0,3606170463
gym-d1-flat.encounter,tpa-order,30,Victory,7,0,7,112,15,365,0,28,-1,,0,4,0,3453460325
gym-d1-flat.encounter,tpa-order,31,Victory,6,0,6,96,8,305,0,50,-1,,0,4,0,1846042815
gym-d1-flat.encounter,tpa-order,32,Victory,7,0,7,112,6,395,0,14,-1,,0,5,0,1699536324
gym-d1-flat.encounter,tpa-order,33,Victory,42,0,42,376,83,270,0,23,6,1:6,0,65,0,1875241272
gym-d1-flat.encounter,tpa-order,34,Victory,13,0,13,144,37,240,0,27,6,1:6,0,16,0,3741210733
gym-d1-flat.encounter,tpa-order,35,Victory,24,0,24,248,58,250,0,29,6,1:6,0,24,0,2146357806
gym-d1-flat.encounter,tpa-order,36,Victory,12,0,12,152,37,270,0,31,10,1:10,0,13,0,1837010921
gym-d1-flat.encounter,tpa-order,37,Victory,5,0,5,80,14,405,0,40,-1,,0,4,0,1548382641
gym-d1-flat.encounter,tpa-order,38,Victory,14,0,14,160,39,200,0,35,6,1:6,0,18,0,3123742484
gym-d1-flat.encounter,tpa-order,39,Victory,7,0,7,112,24,355,0,21,-1,,0,3,0,4033979091
gym-d1-flat.encounter,tpa-order,40,Victory,11,0,11,136,31,290,0,29,2,2:2,0,11,0,2939077634
gym-d1-flat.encounter,tpa-order,41,Victory,8,0,8,128,22,415,0,18,-1,,0,5,0,3385929913
gym-d1-flat.encounter,tpa-order,42,Victory,8,0,8,96,21,260,0,33,-1,,0,9,0,3342155484
gym-d1-flat.encounter,tpa-order,43,Victory,7,0,7,112,27,415,0,21,-1,,0,5,0,3667583506
gym-d1-flat.encounter,tpa-order,44,Victory,14,0,14,152,32,240,0,26,6,1:6,0,19,0,4023200767
gym-d1-flat.encounter,tpa-order,45,Victory,11,0,11,136,36,260,0,23,6,1:6,0,9,0,2447239316
gym-d1-flat.encounter,tpa-order,46,Victory,6,0,6,96,12,405,0,41,-1,,0,4,0,4003851989
gym-d1-flat.encounter,tpa-order,47,Victory,39,0,39,352,77,230,0,25,6,1:6,0,46,0,584233250
gym-d1-flat.encounter,tpa-order,48,Victory,11,0,11,136,30,240,0,41,-1,,0,10,0,380269756
gym-d1-flat.encounter,tpa-order,49,Victory,9,0,9,144,36,394,0,16,-1,,0,8,0,3807321568
gym-d1-flat.encounter,tpa-order,50,Victory,6,0,6,96,13,455,0,8,2,1:2,0,2,0,3515884903
gym-d1-flat.encounter,tpa-order,51,Victory,6,0,6,96,16,455,0,8,2,1:2,0,2,0,3967873483
gym-d1-flat.encounter,tpa-order,52,Victory,19,0,19,192,37,220,0,29,10,1:10,0,29,0,32910988
gym-d1-flat.encounter,tpa-order,53,Victory,5,0,5,80,11,445,0,30,-1,,0,2,0,4194907011
gym-d1-flat.encounter,tpa-order,54,Victory,8,0,8,128,17,374,0,25,2,1:2,0,6,0,2045868049
gym-d1-flat.encounter,tpa-order,55,Victory,6,0,6,96,11,425,0,41,-1,,0,4,0,382174283
gym-d1-flat.encounter,tpa-order,56,Victory,14,0,14,160,31,240,0,35,6,1:6,0,15,0,2175313295
gym-d1-flat.encounter,tpa-order,57,Victory,9,0,9,144,29,435,0,11,2,1:2|2:2,0,7,0,3512867000
gym-d1-flat.encounter,tpa-order,58,Victory,8,0,8,128,18,300,0,50,2,1:2,0,7,0,2720977659
gym-d1-flat.encounter,tpa-order,59,Victory,14,0,14,152,38,280,0,26,6,1:6,0,15,0,3027277573
gym-d1-flat.encounter,tpa-order,60,Victory,6,0,6,96,10,444,0,16,-1,,0,4,0,2835929989
gym-d1-flat.encounter,tpa-order,61,Victory,16,0,16,184,41,220,0,34,6,1:6,0,14,0,435389913
gym-d1-flat.encounter,tpa-order,62,Victory,5,0,5,80,13,345,0,50,-1,,0,4,0,864808603
gym-d1-flat.encounter,tpa-order,63,Victory,6,0,6,96,15,335,0,25,-1,,0,4,1,1271217949
gym-d1-flat.encounter,tpa-order,64,Victory,6,0,6,96,11,475,0,16,-1,,0,2,0,466758680
gym-d1-flat.encounter,tpa-order,65,Victory,13,0,13,208,35,445,0,7,6,2:6|1:6,0,9,0,687617864
gym-d1-flat.encounter,tpa-order,66,Victory,10,0,10,160,31,425,0,15,-1,,0,7,0,3563700183
gym-d1-flat.encounter,tpa-order,67,Victory,6,0,6,96,18,315,0,41,-1,,0,5,0,1201060802
gym-d1-flat.encounter,tpa-order,68,Victory,10,0,10,136,20,250,0,35,2,1:2,0,8,0,1473595341
gym-d1-flat.encounter,tpa-order,69,Victory,10,0,10,112,19,240,0,57,-1,,0,10,0,2842760059
gym-d1-flat.encounter,tpa-order,70,Victory,14,0,14,152,27,280,0,26,2,2:2|1:6,0,12,0,1112243552
gym-d1-flat.encounter,tpa-order,71,Victory,31,0,31,304,65,270,0,15,10,1:10,0,29,1,487117033
gym-d1-flat.encounter,tpa-order,72,Victory,17,0,17,168,39,220,0,52,10,1:10,0,29,0,2048804950
gym-d1-flat.encounter,tpa-order,73,Victory,6,0,6,88,12,290,0,36,-1,,0,4,0,1359596804
gym-d1-flat.encounter,tpa-order,74,Victory,7,0,7,112,15,384,0,28,2,1:2,0,4,0,2385151767
gym-d1-flat.encounter,tpa-order,75,Victory,6,0,6,96,19,404,0,25,-1,,0,4,0,3161109322
gym-d1-flat.encounter,tpa-order,76,Victory,5,0,5,80,16,365,0,30,10,1:10,0,2,0,1859997608
gym-d1-flat.encounter,tpa-order,77,Victory,6,0,6,96,18,315,0,41,-1,,0,5,0,3368474104
gym-d1-flat.encounter,tpa-order,78,Victory,8,0,8,128,23,375,0,43,10,1:10,0,7,0,2658865998
gym-d1-flat.encounter,tpa-order,79,Victory,14,0,14,152,31,200,0,36,6,1:6,0,18,0,1228491988
gym-d1-flat.encounter,tpa-order,80,Victory,7,0,7,112,19,425,0,35,-1,,0,4,0,658560084
gym-d1-flat.encounter,tpa-order,81,Victory,35,0,35,312,77,160,0,30,6,1:6,0,57,0,3946463911
gym-d1-flat.encounter,tpa-order,82,Victory,18,0,18,200,48,250,0,32,6,1:6,0,17,0,1584340748
gym-d1-flat.encounter,tpa-order,83,Victory,14,0,14,152,33,260,0,36,10,1:10,0,16,1,334190671
gym-d1-flat.encounter,tpa-order,84,Victory,9,0,9,120,32,300,0,20,-1,,0,8,0,351021828
gym-d1-flat.encounter,tpa-order,85,Victory,5,0,5,80,10,435,0,20,-1,,0,4,0,766602805
gym-d1-flat.encounter,tpa-order,86,Victory,4,0,4,64,11,435,0,37,-1,,0,3,0,4095651191
gym-d1-flat.encounter,tpa-order,87,Victory,12,0,12,144,22,280,0,33,6,1:6,0,12,0,461706087
gym-d1-flat.encounter,tpa-order,88,Victory,19,0,19,192,46,240,0,20,6,1:6,0,26,0,2537534344
gym-d1-flat.encounter,tpa-order,89,Victory,6,0,6,96,24,405,0,25,2,1:2,0,4,0,672082783
gym-d1-flat.encounter,tpa-order,90,Victory,27,0,27,256,65,220,0,25,10,1:10,0,37,0,3601574787
gym-d1-flat.encounter,tpa-order,91,Victory,10,0,10,136,36,200,0,41,-1,,0,14,0,1523288135
gym-d1-flat.encounter,tpa-order,92,Victory,20,0,20,200,44,270,0,24,6,1:6,0,19,0,1461768569
gym-d1-flat.encounter,tpa-order,93,Victory,6,0,6,96,17,445,0,25,-1,,0,3,0,713405115
gym-d1-flat.encounter,tpa-order,94,Victory,21,0,21,216,47,260,0,25,6,1:6,0,20,0,3114941958
gym-d1-flat.encounter,tpa-order,95,Victory,8,0,8,104,28,260,0,53,-1,,0,9,0,3369574260
gym-d1-flat.encounter,tpa-order,96,Victory,17,0,17,176,50,190,0,31,6,1:6,0,25,0,1817275983
gym-d1-flat.encounter,tpa-order,97,Victory,7,0,7,112,17,490,0,7,-1,,0,5,0,3417489279
gym-d1-flat.encounter,tpa-order,98,Victory,8,0,8,128,21,475,0,25,-1,,0,5,0,3935380821
gym-d1-flat.encounter,tpa-order,99,Victory,14,0,14,152,42,210,0,31,6,1:6,0,20,0,2277673548
gym-d1-flat.encounter,tpa-order,100,Victory,10,0,10,120,29,240,0,33,-1,,0,12,0,4146672705
gym-d1-flat.encounter,tpa-order,101,Victory,9,0,9,144,23,355,0,22,-1,,0,11,0,1856053752
gym-d1-flat.encounter,tpa-order,102,Victory,7,0,7,112,24,415,0,42,-1,,0,3,0,2346625550
gym-d1-flat.encounter,tpa-order,103,Victory,13,0,13,144,34,210,0,38,6,1:6,0,18,0,3139369964
gym-d1-flat.encounter,tpa-order,104,Victory,13,0,13,152,38,280,0,21,6,1:6,0,12,0,3100122393
gym-d1-flat.encounter,tpa-order,105,Victory,7,0,7,112,15,455,0,28,-1,,0,6,0,17881736
gym-d1-flat.encounter,tpa-order,106,Victory,6,0,6,96,19,435,0,33,-1,,0,4,0,4012136780
gym-d1-flat.encounter,tpa-order,107,Victory,8,0,8,128,19,374,0,43,-1,,0,7,0,2016471072
gym-d1-flat.encounter,tpa-order,108,Victory,8,0,8,112,26,300,0,35,-1,,0,7,0,3408981627
gym-d1-flat.encounter,tpa-order,109,Victory,6,0,6,96,20,415,0,16,-1,,0,2,0,1534420493
gym-d1-flat.encounter,tpa-order,110,Victory,9,0,9,144,30,325,0,22,-1,,0,6,0,1523411312
gym-d1-flat.encounter,tpa-order,111,Victory,7,0,7,112,16,325,0,28,-1,,0,7,0,3404299965
gym-d1-flat.encounter,tpa-order,112,Victory,8,0,8,128,20,475,0,25,-1,,0,5,0,3364625135
gym-d1-flat.encounter,tpa-order,113,Victory,6,0,6,96,18,465,0,16,2,1:2,0,3,0,2906002833
gym-d1-flat.encounter,tpa-order,114,Victory,9,0,9,112,19,300,0,42,-1,,0,7,0,723951149
gym-d1-flat.encounter,tpa-order,115,Victory,6,0,6,96,17,435,0,33,-1,,0,4,0,2617891277
gym-d1-flat.encounter,tpa-order,116,Victory,8,0,8,128,26,385,0,25,10,1:10,0,9,0,3241697751
gym-d1-flat.encounter,tpa-order,117,Victory,21,0,21,208,49,230,0,34,6,1:6,0,35,0,670102810
gym-d1-flat.encounter,tpa-order,118,Victory,17,0,17,176,41,250,0,22,2,1:2,0,26,0,4286728432
gym-d1-flat.encounter,tpa-order,119,Victory,8,0,8,128,27,354,0,31,-1,,0,8,0,3299770943
gym-d1-flat.encounter,tpa-order,120,Victory,8,0,8,128,21,425,0,31,-1,,0,6,0,3184141398
gym-d1-flat.encounter,tpa-order,121,Victory,33,0,33,312,68,170,0,58,10,1:10,0,68,0,2144329049
gym-d1-flat.encounter,tpa-order,122,Victory,11,0,11,176,38,435,0,13,-1,,0,8,0,1853703313
gym-d1-flat.encounter,tpa-order,123,Victory,14,0,14,152,33,280,0,42,2,1:2,0,15,0,4158144451
gym-d1-flat.encounter,tpa-order,124,Victory,11,0,11,136,26,280,0,35,-1,,0,11,0,1454819378
gym-d1-flat.encounter,tpa-order,125,Victory,12,0,12,136,39,210,0,29,10,1:10,0,14,0,1487930470
gym-d1-flat.encounter,tpa-order,126,Victory,7,0,7,96,11,275,0,66,2,1:2,0,6,0,961829085
gym-d1-flat.encounter,tpa-order,127,Victory,7,0,7,96,12,300,0,33,2,2:2,0,6,0,1560667115
gym-d1-flat.encounter,tpa-order,128,Victory,6,0,6,96,21,375,0,16,-1,,0,3,0,2269304913
gym-d1-flat.encounter,tpa-order,129,Victory,15,0,15,160,36,240,0,25,10,1:10,0,22,0,314516534
gym-d1-flat.encounter,tpa-order,130,Victory,9,0,9,112,18,280,0,35,-1,,0,7,0,1638379674
gym-d1-flat.encounter,tpa-order,131,Victory,5,0,5,80,13,335,0,40,-1,,0,3,0,3034893943
gym-d1-flat.encounter,tpa-order,132,Victory,7,0,7,112,23,455,0,7,-1,,0,6,0,129562475
gym-d1-flat.encounter,tpa-order,133,Victory,9,0,9,128,29,290,0,31,-1,,0,8,0,246737190
gym-d1-flat.encounter,tpa-order,134,Victory,5,0,5,80,12,465,0,30,-1,,0,4,0,266396330
gym-d1-flat.encounter,tpa-order,135,Victory,16,0,16,168,46,140,0,28,6,1:6,0,24,0,2839647723
gym-d1-flat.encounter,tpa-order,136,Victory,16,0,16,176,39,300,0,31,10,1:10,0,15,0,207718440
gym-d1-flat.encounter,tpa-order,137,Victory,7,0,7,112,21,353,0,21,10,1:10,0,6,0,1868251518
gym-d1-flat.encounter,tpa-order,138,Victory,14,0,14,152,33,240,0,26,10,1:10,0,16,0,1174847886
gym-d1-flat.encounter,tpa-order,139,Victory,23,0,23,224,43,50,0,60,10,1:10,0,30,0,358300404
gym-d1-flat.encounter,tpa-order,140,Victory,6,0,6,96,16,375,0,33,-1,,0,5,0,2559654691
gym-d1-flat.encounter,tpa-order,141,Victory,11,0,11,128,32,190,0,56,-1,,0,14,0,5974527
gym-d1-flat.encounter,tpa-order,142,Victory,8,0,8,128,15,404,0,25,-1,,0,5,0,3191605136
gym-d1-flat.encounter,tpa-order,143,Victory,31,0,31,288,74,240,0,19,6,1:6,0,38,0,419136117
gym-d1-flat.encounter,tpa-order,144,Victory,9,0,9,144,30,370,0,16,-1,,0,7,0,4135260662
gym-d1-flat.encounter,tpa-order,145,Victory,10,0,10,160,31,433,0,15,-1,,0,9,0,1653142643
gym-d1-flat.encounter,tpa-order,146,Victory,13,0,13,168,31,280,0,19,6,1:6,0,13,0,3141470199
gym-d1-flat.encounter,tpa-order,147,Victory,7,0,7,112,21,355,0,42,2,1:2,0,5,0,2030150175
gym-d1-flat.encounter,tpa-order,148,Victory,5,0,5,80,14,345,0,40,10,1:10,0,3,0,1689663437
gym-d1-flat.encounter,tpa-order,149,Victory,8,0,8,128,20,373,0,18,6,1:6,0,5,0,1593036087
gym-d1-flat.encounter,tpa-order,150,Victory,25,0,25,248,52,260,0,22,6,1:6,0,22,0,187200695
gym-d1-flat.encounter,tpa-order,151,Victory,8,0,8,112,24,300,0,28,-1,,0,6,0,1523876667
gym-d1-flat.encounter,tpa-order,152,Victory,8,0,8,128,30,435,0,12,-1,,0,6,0,3948162005
gym-d1-flat.encounter,tpa-order,153,Victory,11,0,11,128,31,270,0,37,6,1:6,0,14,0,246319558
gym-d1-flat.encounter,tpa-order,154,Victory,7,0,7,112,15,405,0,14,-1,,0,5,0,2192702441
gym-d1-flat.encounter,tpa-order,155,Victory,14,0,14,184,49,240,0,34,10,1:10,0,15,0,532941618
gym-d1-flat.encounter,tpa-order,156,Victory,7,0,7,112,16,495,0,14,-1,,0,5,0,791224024
gym-d1-flat.encounter,tpa-order,157,Victory,14,0,14,224,44,495,0,14,2,1:2|2:2,0,12,0,2173823285
gym-d1-flat.encounter,tpa-order,158,Victory,7,0,7,112,23,315,0,28,-1,,0,5,0,1155852206
gym-d1-flat.encounter,tpa-order,159,Victory,10,0,10,160,26,375,0,25,10,1:10,0,8,0,3271637065
gym-d1-flat.encounter,tpa-order,160,Victory,6,0,6,96,21,315,0,41,-1,,0,5,0,1201060802
gym-d1-flat.encounter,tpa-order,161,Victory,7,0,7,96,14,260,0,50,-1,,0,6,0,4097758276
gym-d1-flat.encounter,tpa-order,162,Victory,17,0,17,176,39,200,0,22,6,1:6,0,24,0,3352327304
gym-d1-flat.encounter,tpa-order,163,Victory,6,0,6,96,15,475,0,16,-1,,0,3,0,2521355704
gym-d1-flat.encounter,tpa-order,164,Victory,9,0,9,112,21,290,0,35,2,2:2,0,7,1,336632172
gym-d1-flat.encounter,tpa-order,165,Victory,18,0,18,184,40,240,0,34,10,1:10,0,26,0,26614307
gym-d1-flat.encounter,tpa-order,166,Victory,6,0,6,96,24,440,0,25,-1,,0,4,0,4259125377
gym-d1-flat.encounter,tpa-order,167,Victory,6,0,6,96,12,415,0,8,2,1:2,0,2,0,240883927
gym-d1-flat.encounter,tpa-order,168,Victory,8,0,8,128,25,335,0,25,-1,,0,6,0,3915233354
gym-d1-flat.encounter,tpa-order,169,Victory,5,0,5,80,10,445,0,30,-1,,0,4,0,4172427804
gym-d1-flat.encounter,tpa-order,170,Victory,16,0,16,168,37,230,0,33,6,1:6,0,23,0,3810926710
gym-d1-flat.encounter,tpa-order,171,Victory,6,0,6,96,20,455,0,33,-1,,0,4,0,1453236838
gym-d1-flat.encounter,tpa-order,172,Victory,11,0,11,176,39,415,0,9,10,1:10,0,9,0,879177604
gym-d1-flat.encounter,tpa-order,173,Victory,28,0,28,264,63,230,0,24,6,1:6,0,47,0,2170861302
gym-d1-flat.encounter,tpa-order,174,Victory,20,0,20,200,43,240,0,20,6,1:6,0,27,0,3229093923
gym-d1-flat.encounter,tpa-order,175,Victory,7,0,7,112,14,315,0,21,-1,,0,6,0,1577460620
gym-d1-flat.encounter,tpa-order,176,Victory,10,0,10,120,33,200,0,53,-1,,0,13,0,4120662218
gym-d1-flat.encounter,tpa-order,177,Victory,17,0,17,176,38,260,0,18,6,1:6,0,24,0,2504608359
gym-d1-flat.encounter,tpa-order,178,Victory,14,0,14,152,42,240,0,26,6,1:6,0,20,0,450717555
gym-d1-flat.encounter,tpa-order,179,Victory,6,0,6,96,10,355,0,25,-1,,0,4,0,2835138630
gym-d1-flat.encounter,tpa-order,180,Victory,6,0,6,96,18,384,0,25,-1,,0,3,0,1077559772
gym-d1-flat.encounter,tpa-order,181,Victory,20,0,20,200,45,270,0,20,6,1:6,0,27,0,1645138693
gym-d1-flat.encounter,tpa-order,182,Victory,22,0,22,232,50,180,0,37,6,1:6,0,36,0,2252758834
gym-d1-flat.encounter,tpa-order,183,Victory,11,0,11,176,41,406,0,13,-1,,0,9,0,957220902
gym-d1-flat.encounter,tpa-order,184,Victory,6,0,6,88,11,290,0,36,2,2:2,0,4,0,1359596804
gym-d1-flat.encounter,tpa-order,185,Victory,7,0,7,112,24,335,0,14,-1,,0,5,1,3296102737
gym-d1-flat.encounter,tpa-order,186,Victory,12,0,12,128,21,240,0,75,-1,,0,17,0,1890789320
gym-d1-flat.encounter,tpa-order,187,Victory,21,0,21,208,55,140,0,34,6,1:6,0,35,0,1109218920
gym-d1-flat.encounter,tpa-order,188,Victory,7,0,7,80,12,240,0,70,-1,,0,8,0,650348148
gym-d1-flat.encounter,tpa-order,189,Victory,6,0,6,96,7,375,0,33,-1,,0,4,0,2536020747
gym-d1-flat.encounter,tpa-order,190,Victory,6,0,6,96,21,415,0,8,-1,,0,3,0,20349159
gym-d1-flat.encounter,tpa-order,191,Victory,9,0,9,144,26,474,0,16,6,1:6|2:2,0,9,0,1319356705
gym-d1-flat.encounter,tpa-order,192,Victory,7,0,7,112,20,435,0,14,-1,,0,5,0,1969700796
gym-d1-flat.encounter,tpa-order,193,Victory,26,0,26,248,45,300,0,16,10,1:10,0,25,0,3381462219
gym-d1-flat.encounter,tpa-order,194,Victory,6,0,6,96,14,435,0,33,-1,,0,5,0,304715444
gym-d1-flat.encounter,tpa-order,195,Victory,18,0,18,184,43,260,0,21,10,1:10,0,28,0,1772161908
gym-d1-flat.encounter,tpa-order,196,Victory,9,0,9,144,21,315,0,27,-1,,0,8,0,1032850680
gym-d1-flat.encounter,tpa-order,197,Victory,27,0,27,264,70,280,0,18,6,1:6,0,25,0,1161355067
gym-d1-flat.encounter,tpa-order,198,Victory,9,0,9,120,22,300,0,26,-1,,0,7,0,3462958037
gym-d1-flat.encounter,tpa-order,199,Victory,6,0,6,96,12,385,0,33,-1,,0,5,0,3420245865
gym-d1-flat.encounter,tpa-order,200,Victory,5,0,5,80,11,335,0,40,-1,,0,3,0,3034893943
gym-d1-flat.encounter,charge,1,Victory,4,0,4,64,14,455,0,25,2,1:2,0,1,0,2417024071
gym-d1-flat.encounter,charge,2,Victory,5,0,5,80,28,395,0,30,2,1:2,0,2,0,1454873016
gym-d1-flat.encounter,charge,3,Victory,4,0,4,64,7,315,0,50,10,1:10,0,3,0,3482106888
gym-d1-flat.encounter,charge,4,Victory,4,0,4,64,17,395,0,62,-1,,0,3,0,1614871021
gym-d1-flat.encounter,charge,5,Victory,4,0,4,64,16,435,0,12,2,1:2,0,1,0,25316778
gym-d1-flat.encounter,charge,6,Victory,5,0,5,72,25,300,0,55,2,2:2,0,2,0,901500106
gym-d1-flat.encounter,charge,7,Victory,4,0,4,64,16,435,0,12,2,1:2,0,1,0,25316778
gym-d1-flat.encounter,charge,8,Victory,4,0,4,64,16,495,0,0,2,1:2|2:2,0,0,0,1340708890
gym-d1-flat.encounter,charge,9,Victory,5,0,5,80,24,385,0,40,2,1:2,0,3,0,3737381031
gym-d1-flat.encounter,charge,10,Victory,5,0,5,80,22,405,0,50,2,1:2,0,3,0,2545993434
gym-d1-flat.encounter,charge,11,Victory,4,0,4,64,16,495,0,0,2,1:2,0,0,0,1976304411
gym-d1-flat.encounter,charge,12,Victory,4,0,4,64,16,495,0,0,2,1:2,0,0,0,1976304411
gym-d1-flat.encounter,charge,13,Victory,4,0,4,64,18,485,0,12,2,1:2|2:2,0,1,0,1743699525
gym-d1-flat.encounter,charge,14,Victory,4,0,4,64,13,315,0,62,2,1:2,0,3,0,1913913645
gym-d1-flat.encounter,charge,15,Victory,5,0,5,80,22,455,0,20,2,1:2,0,1,0,2081245864
gym-d1-flat.encounter,charge,16,Victory,5,0,5,80,24,415,0,20,2,1:2,0,2,0,875293774
gym-d1-flat.encounter,charge,17,Victory,4,0,4,64,14,495,0,0,2,1:2|2:2,0,0,0,539365240
gym-d1-flat.encounter,charge,18,Victory,5,0,5,80,23,455,0,10,2,1:2,0,1,0,3357338971
gym-d1-flat.encounter,charge,19,Victory,4,0,4,64,16,495,0,0,2,1:2,0,0,0,1976304411
gym-d1-flat.encounter,charge,20,Victory,5,0,5,80,28,295,0,50,-1,,0,2,0,1016209210
gym-d1-flat.encounter,charge,21,Victory,4,0,4,64,16,495,0,0,2,1:2|2:2,0,0,0,539365240
gym-d1-flat.encounter,charge,22,Victory,4,0,4,64,9,355,0,37,2,1:2,0,2,0,2543565086
gym-d1-flat.encounter,charge,23,Victory,4,0,4,64,16,495,0,0,2,1:2|2:2,0,0,0,119029351
gym-d1-flat.encounter,charge,24,Victory,4,0,4,64,9,374,0,37,2,1:2,0,2,0,860734723
gym-d1-flat.encounter,charge,25,Victory,4,0,4,64,16,495,0,0,2,1:2,0,0,0,3299788905
gym-d1-flat.encounter,charge,26,Victory,5,0,5,80,26,325,0,70,2,1:2,0,3,0,3777733112
gym-d1-flat.encounter,charge,27,Victory,5,0,5,80,24,354,0,50,2,1:2,0,3,0,90524329
gym-d1-flat.encounter,charge,28,Victory,4,0,4,64,16,294,0,50,2,1:2,0,3,0,3023917501
gym-d1-flat.encounter,charge,29,Victory,4,0,4,64,17,465,0,37,2,1:2|2:2,0,2,0,1338659295
gym-d1-flat.encounter,charge,30,Victory,4,0,4,64,20,355,0,50,-1,,0,2,0,531594536
gym-d1-flat.encounter,charge,31,Victory,5,0,5,80,25,445,0,30,2,1:2,0,2,0,139563522
gym-d1-flat.encounter,charge,32,Victory,5,0,5,80,16,415,0,40,2,1:2,0,2,0,3367006437
gym-d1-flat.encounter,charge,33,Victory,5,0,5,80,17,475,0,20,2,1:2|2:2,0,1,0,1143043200
gym-d1-flat.encounter,charge,34,Victory,4,0,4,64,14,495,0,0,2,1:2,0,0,0,1976304411
gym-d1-flat.encounter,charge,35,Victory,6,0,6,80,24,260,0,60,-1,,0,4,0,369504621
gym-d1-flat.encounter,charge,36,Victory,4,0,4,64,16,495,0,0,2,1:2,0,0,0,4093356831
gym-d1-flat.encounter,charge,37,Victory,4,0,4,64,16,495,0,0,2,1:2,0,0,0,4093356831
gym-d1-flat.encounter,charge,38,Victory,4,0,4,64,11,495,0,0,2,1:2,0,0,0,1976304411
gym-d1-flat.encounter,charge,39,Victory,4,0,4,64,11,455,0,25,2,1:2,0,1,0,1867387957
gym-d1-flat.encounter,charge,40,Victory,4,0,4,64,14,495,0,0,2,1:2,0,0,0,1976304411
gym-d1-flat.encounter,charge,41,Victory,4,0,4,64,16,455,0,25,2,1:2,0,1,0,1867387957
gym-d1-flat.encounter,charge,42,Victory,4,0,4,64,16,495,0,0,2,1:2,0,0,0,1976304411
gym-d1-flat.encounter,charge,43,Victory,4,0,4,64,14,495,0,0,2,1:2,0,0,0,1976304411
gym-d1-flat.encounter,charge,44,Victory,4,0,4,64,5,455,0,12,2,1:2|2:2,0,0,0,3009805027
gym-d1-flat.encounter,charge,45,Victory,4,0,4,64,14,315,0,37,-1,,0,2,0,3402014035
gym-d1-flat.encounter,charge,46,Victory,5,0,5,80,28,295,0,50,-1,,0,2,0,2055855338
gym-d1-flat.encounter,charge,47,Victory,4,0,4,64,16,495,0,0,2,1:2,0,0,0,1976304411
gym-d1-flat.encounter,charge,48,Victory,4,0,4,64,16,495,0,0,2,1:2,0,0,0,1976304411
gym-d1-flat.encounter,charge,49,Victory,4,0,4,64,16,495,0,0,2,1:2,0,0,0,1976304411
gym-d1-flat.encounter,charge,50,Victory,5,0,5,80,18,455,0,30,2,1:2|2:2,0,2,0,4002147309
gym-d1-flat.encounter,charge,51,Victory,4,0,4,64,12,455,0,12,2,1:2|2:2,0,0,0,3009805027
gym-d1-flat.encounter,charge,52,Victory,4,0,4,64,14,455,0,25,2,1:2,0,1,0,363538455
gym-d1-flat.encounter,charge,53,Victory,5,0,5,72,19,290,0,55,-1,,0,2,0,134316250
gym-d1-flat.encounter,charge,54,Victory,6,0,6,96,25,485,0,33,2,1:2,0,2,0,1937212648
gym-d1-flat.encounter,charge,55,Victory,4,0,4,64,12,355,0,50,-1,,0,1,0,2067313063
gym-d1-flat.encounter,charge,56,Victory,4,0,4,64,16,495,0,0,2,1:2,0,0,0,1976304411
gym-d1-flat.encounter,charge,57,Victory,4,0,4,64,16,495,0,0,2,1:2,0,0,0,1976304411
gym-d1-flat.encounter,charge,58,Victory,5,0,5,80,10,335,0,40,2,2:2,0,3,0,772691284
gym-d1-flat.encounter,charge,59,Victory,4,0,4,64,16,495,0,0,2,1:2,0,0,0,1976304411
gym-d1-flat.encounter,charge,60,Victory,4,0,4,64,9,355,0,50,2,1:2,0,2,0,3445142508
gym-d1-flat.encounter,charge,61,Victory,6,0,6,96,25,304,0,41,-1,,0,4,0,4054672764
gym-d1-flat.encounter,charge,62,Victory,5,0,5,80,11,415,0,20,2,1:2,0,2,0,3829914280
gym-d1-flat.encounter,charge,63,Victory,4,0,4,64,12,465,0,50,2,1:2|2:2,0,2,0,3805635964
gym-d1-flat.encounter,charge,64,Victory,5,0,5,80,22,304,0,40,2,1:2,0,3,0,1612265421
gym-d1-flat.encounter,charge,65,Victory,5,0,5,80,20,395,0,60,2,1:2|2:2,0,3,0,2543941740
gym-d1-flat.encounter,charge,66,Victory,4,0,4,64,16,495,0,0,2,1:2,0,0,0,2084513081
gym-d1-flat.encounter,charge,67,Victory,4,0,4,64,16,495,0,0,2,1:2,0,0,0,1976304411
gym-d1-flat.encounter,charge,68,Victory,5,0,5,80,22,445,0,30,2,1:2,0,2,0,3273417441
gym-d1-flat.encounter,charge,69,Victory,4,0,4,64,12,325,0,50,2,1:2,0,3,0,1710926311
gym-d1-flat.encounter,charge,70,Victory,4,0,4,64,16,495,0,0,2,1:2|2:2,0,0,0,738543192
gym-d1-flat.encounter,charge,71,Victory,5,0,5,80,19,325,0,60,2,1:2,0,3,0,3777733112
gym-d1-flat.encounter,charge,72,Victory,5,0,5,80,23,435,0,40,2,1:2,0,2,0,3345396169
gym-d1-flat.encounter,charge,73,Victory,5,0,5,80,27,315,0,50,-1,,0,4,0,792579727
gym-d1-flat.encounter,charge,74,Victory,5,0,5,80,28,455,0,20,2,1:2,0,1,0,1522219596
gym-d1-flat.encounter,charge,75,Victory,5,0,5,72,16,290,0,66,-1,,0,4,0,3467421100
gym-d1-flat.encounter,charge,76,Victory,4,0,4,64,17,295,0,37,-1,,0,2,0,2169790430
gym-d1-flat.encounter,charge,77,Victory,4,0,4,64,16,495,0,0,2,1:2,0,0,0,1976304411
gym-d1-flat.encounter,charge,78,Victory,4,0,4,64,16,495,0,0,2,1:2,0,0,0,1976304411
gym-d1-flat.encounter,charge,79,Victory,5,0,5,80,25,315,0,50,-1,,0,3,0,2149468366
gym-d1-flat.encounter,charge,80,Victory,5,0,5,80,19,435,0,40,-1,,0,2,0,438421938
gym-d1-flat.encounter,charge,81,Victory,6,0,6,96,21,275,0,41,2,1:2|2:2,0,4,0,965083989
gym-d1-flat.encounter,charge,82,Victory,4,0,4,64,16,495,0,0,2,1:2,0,0,0,1976304411
gym-d1-flat.encounter,charge,83,Victory,5,0,5,80,22,405,0,40,2,1:2,0,3,0,1802592
gym-d1-flat.encounter,charge,84,Victory,4,0,4,64,16,495,0,0,2,1:2,0,0,0,1976304411
gym-d1-flat.encounter,charge,85,Victory,4,0,4,64,10,285,0,50,10,1:10,0,3,0,119192010
gym-d1-flat.encounter,charge,86,Victory,4,0,4,64,16,455,0,25,2,1:2,0,1,0,2417024071
gym-d1-flat.encounter,charge,87,Victory,5,0,5,80,18,335,0,60,-1,,0,3,0,1267890347
gym-d1-flat.encounter,charge,88,Victory,4,0,4,64,10,285,0,50,2,1:2,0,3,0,2785184382
gym-d1-flat.encounter,charge,89,Victory,4,0,4,64,14,455,0,25,2,1:2|2:2,0,1,0,1914337746
gym-d1-flat.encounter,charge,90,Victory,4,0,4,64,16,495,0,0,2,1:2,0,0,0,1976304411
gym-d1-flat.encounter,charge,91,Victory,6,0,6,80,31,260,0,60,2,2:2,0,4,0,1499031845
gym-d1-flat.encounter,charge,92,Victory,4,0,4,64,16,495,0,0,2,1:2,0,0,0,1976304411
gym-d1-flat.encounter,charge,93,Victory,5,0,5,80,25,405,0,40,2,1:2,0,3,0,3644093319
gym-d1-flat.encounter,charge,94,Victory,5,0,5,80,28,455,0,20,2,1:2,0,1,0,3581942921
gym-d1-flat.encounter,charge,95,Victory,4,0,4,64,9,495,0,0,2,1:2,0,0,0,1976304411
gym-d1-flat.encounter,charge,96,Victory,5,0,5,80,18,355,0,30,2,1:2|2:2,0,3,0,842621562
gym-d1-flat.encounter,charge,97,Victory,4,0,4,64,8,374,0,37,10,1:10,0,2,0,1957835345
gym-d1-flat.encounter,charge,98,Victory,4,0,4,64,18,415,0,37,2,1:2,0,2,0,116921572
gym-d1-flat.encounter,charge,99,Victory,5,0,5,80,22,394,0,20,2,1:2,0,2,0,3657972976
gym-d1-flat.encounter,charge,100,Victory,5,0,5,80,18,395,0,50,2,1:2,0,4,0,2818320496
gym-d1-flat.encounter,charge,101,Victory,4,0,4,64,12,455,0,12,2,1:2,0,0,0,954457377
gym-d1-flat.encounter,charge,102,Victory,4,0,4,64,14,455,0,25,2,1:2,0,1,0,1867387957
gym-d1-flat.encounter,charge,103,Victory,4,0,4,64,16,495,0,0,2,1:2|2:2,0,0,0,2701296780
gym-d1-flat.encounter,charge,104,Victory,6,0,6,80,27,260,0,80,2,2:2|1:2,0,5,0,3249232161
gym-d1-flat.encounter,charge,105,Victory,4,0,4,64,16,495,0,0,2,1:2,0,0,0,2084513081
gym-d1-flat.encounter,charge,106,Victory,4,0,4,64,3,355,0,50,2,1:2,0,2,0,2200321008
gym-d1-flat.encounter,charge,107,Victory,4,0,4,64,13,495,0,0,2,1:2,0,0,0,1976304411
gym-d1-flat.encounter,charge,108,Victory,5,0,5,80,20,415,0,40,2,1:2,0,2,0,3663213507
gym-d1-flat.encounter,charge,109,Victory,4,0,4,64,14,495,0,0,2,1:2,0,0,0,1976304411
gym-d1-flat.encounter,charge,110,Victory,5,0,5,80,20,305,0,50,2,1:2,0,4,0,2063324015
gym-d1-flat.encounter,charge,111,Victory,5,0,5,80,17,485,0,20,2,1:2|2:2,0,1,0,900343475
gym-d1-flat.encounter,charge,112,Victory,4,0,4,64,13,455,0,25,2,1:2,0,1,0,1867387957
gym-d1-flat.encounter,charge,113,Victory,4,0,4,64,14,315,0,62,2,1:2,0,3,0,3088880213
gym-d1-flat.encounter,charge,114,Victory,4,0,4,64,9,395,0,25,2,1:2,0,2,0,2849744372
gym-d1-flat.encounter,charge,115,Victory,7,0,7,88,31,220,0,63,6,1:6,0,4,1,2550305674
gym-d1-flat.encounter,charge,116,Victory,6,0,6,96,26,265,0,75,2,1:2,0,5,0,17002371
gym-d1-flat.encounter,charge,117,Victory,4,0,4,64,16,495,0,0,2,1:2,0,0,0,1161796583
gym-d1-flat.encounter,charge,118,Victory,4,0,4,64,16,475,0,12,-1,,0,1,1,4195838539
gym-d1-flat.encounter,charge,119,Victory,7,0,7,104,32,240,0,46,2,1:2|2:2,0,5,0,680997474
gym-d1-flat.encounter,charge,120,Victory,5,0,5,80,24,455,0,20,2,1:2|2:2,0,2,0,2890310904
gym-d1-flat.encounter,charge,121,Victory,5,0,5,80,15,324,0,70,2,1:2,0,4,0,1524617524
gym-d1-flat.encounter,charge,122,Victory,5,0,5,80,22,445,0,20,2,1:2,0,2,0,3337439744
gym-d1-flat.encounter,charge,123,Victory,4,0,4,64,16,495,0,0,2,1:2,0,0,0,1976304411
gym-d1-flat.encounter,charge,124,Victory,4,0,4,64,13,475,0,25,2,1:2,0,1,0,3558064273
gym-d1-flat.encounter,charge,125,Victory,5,0,5,72,28,300,0,55,2,2:2,0,3,0,901500106
gym-d1-flat.encounter,charge,126,Victory,4,0,4,64,14,455,0,25,2,1:2|2:2,0,1,0,1914337746
gym-d1-flat.encounter,charge,127,Victory,4,0,4,64,16,495,0,0,2,1:2,0,0,0,1976304411
gym-d1-flat.encounter,charge,128,Victory,5,0,5,80,28,415,0,40,2,1:2,0,2,0,3367006437
gym-d1-flat.encounter,charge,129,Victory,5,0,5,80,32,455,0,20,2,1:2,0,1,0,1522219596
gym-d1-flat.encounter,charge,130,Victory,5,0,5,80,22,455,0,20,2,1:2|2:2,0,1,0,1061832494
gym-d1-flat.encounter,charge,131,Victory,5,0,5,80,28,295,0,50,-1,,0,2,0,1016209210
gym-d1-flat.encounter,charge,132,Victory,5,0,5,80,17,465,0,20,2,1:2|2:2,0,1,0,1770844931
gym-d1-flat.encounter,charge,133,Victory,4,0,4,64,16,455,0,25,2,1:2,0,1,0,1867387957
gym-d1-flat.encounter,charge,134,Victory,4,0,4,64,9,355,0,50,10,1:10,0,2,0,2567618942
gym-d1-flat.encounter,charge,135,Victory,4,0,4,64,16,495,0,0,2,1:2,0,0,0,1976304411
gym-d1-flat.encounter,charge,136,Victory,5,0,5,80,18,264,0,60,2,1:2,0,4,0,2963869354
gym-d1-flat.encounter,charge,137,Victory,4,0,4,64,8,315,0,50,2,1:2,0,3,0,3009901420
gym-d1-flat.encounter,charge,138,Victory,4,0,4,64,16,495,0,0,2,1:2,0,0,0,4093356831
gym-d1-flat.encounter,charge,139,Victory,4,0,4,64,16,495,0,0,2,1:2,0,0,0,1976304411
gym-d1-flat.encounter,charge,140,Victory,5,0,5,80,18,445,0,20,2,1:2,0,2,0,3337439744
gym-d1-flat.encounter,charge,141,Victory,4,0,4,64,16,455,0,25,2,1:2,0,1,0,1867387957
gym-d1-flat.encounter,charge,142,Victory,4,0,4,64,11,395,0,37,2,1:2,0,2,0,2849744372
gym-d1-flat.encounter,charge,143,Victory,4,0,4,64,13,455,0,25,2,1:2,0,1,0,1867387957
gym-d1-flat.encounter,charge,144,Victory,5,0,5,80,30,385,0,30,2,1:2,0,3,0,257245061
gym-d1-flat.encounter,charge,145,Victory,4,0,4,64,16,465,0,12,2,1:2,0,1,0,4106883795
gym-d1-flat.encounter,charge,146,Victory,5,0,5,80,26,445,0,40,2,1:2,0,2,0,1500968787
gym-d1-flat.encounter,charge,147,Victory,4,0,4,64,10,475,0,25,2,1:2|2:2,0,1,0,1079376246
gym-d1-flat.encounter,charge,148,Victory,4,0,4,64,10,385,0,50,-1,,0,1,0,897727353
gym-d1-flat.encounter,charge,149,Victory,4,0,4,64,12,315,0,50,-1,,0,2,0,1632622120
gym-d1-flat.encounter,charge,150,Victory,4,0,4,64,16,495,0,0,2,1:2|2:2,0,0,0,457451806
gym-d1-flat.encounter,charge,151,Victory,4,0,4,64,16,495,0,0,2,1:2|2:2,0,0,0,738543192
gym-d1-flat.encounter,charge,152,Victory,5,0,5,80,18,455,0,10,2,1:2|2:2,0,1,0,1935127749
gym-d1-flat.encounter,charge,153,Victory,4,0,4,64,16,495,0,0,2,1:2,0,0,0,3299788905
gym-d1-flat.encounter,charge,154,Victory,5,0,5,72,30,260,0,66,2,1:2,0,5,0,2034683070
gym-d1-flat.encounter,charge,155,Victory,4,0,4,64,13,475,0,25,2,1:2,0,1,0,3558064273
gym-d1-flat.encounter,charge,156,Victory,4,0,4,64,18,455,0,12,2,1:2|2:2,0,1,1,3809111524
gym-d1-flat.encounter,charge,157,Victory,4,0,4,64,18,415,0,37,2,1:2,0,2,0,116921572
gym-d1-flat.encounter,charge,158,Victory,4,0,4,64,16,495,0,0,2,1:2,0,0,0,1976304411
gym-d1-flat.encounter,charge,159,Victory,5,0,5,80,20,425,0,20,2,1:2,0,2,0,2375143181
gym-d1-flat.encounter,charge,160,Victory,4,0,4,64,12,455,0,12,2,1:2|2:2,0,0,0,3009805027
gym-d1-flat.encounter,charge,161,Victory,4,0,4,64,13,495,0,0,2,1:2,0,0,0,1976304411
gym-d1-flat.encounter,charge,162,Victory,4,0,4,64,16,495,0,0,2,1:2,0,0,0,1976304411
gym-d1-flat.encounter,charge,163,Victory,4,0,4,64,16,495,0,0,2,1:2,0,0,0,1976304411
gym-d1-flat.encounter,charge,164,Victory,5,0,5,80,23,375,0,40,2,1:2,0,3,0,2360960970
gym-d1-flat.encounter,charge,165,Victory,5,0,5,72,28,300,0,55,2,2:2,0,3,0,901500106
gym-d1-flat.encounter,charge,166,Victory,5,0,5,80,22,455,0,20,2,1:2,0,1,0,1522219596
gym-d1-flat.encounter,charge,167,Victory,4,0,4,64,12,455,0,25,2,1:2,0,1,0,1867387957
gym-d1-flat.encounter,charge,168,Victory,4,0,4,64,14,495,0,0,2,1:2|2:2,0,0,0,2701296780
gym-d1-flat.encounter,charge,169,Victory,4,0,4,64,10,275,0,50,10,1:10,0,3,0,2036787826
gym-d1-flat.encounter,charge,170,Victory,4,0,4,64,13,455,0,25,2,1:2,0,1,0,1867387957
gym-d1-flat.encounter,charge,171,Victory,4,0,4,64,12,414,0,25,-1,,0,2,0,2284716618
gym-d1-flat.encounter,charge,172,Victory,4,0,4,64,10,495,0,0,2,1:2,0,0,0,3299788905
gym-d1-flat.encounter,charge,173,Victory,5,0,5,80,22,415,0,40,2,1:2,0,2,0,3367006437
gym-d1-flat.encounter,charge,174,Victory,5,0,5,80,17,425,0,40,2,1:2,0,3,0,3201033386
gym-d1-flat.encounter,charge,175,Victory,4,0,4,64,16,335,0,25,-1,,0,3,0,3790521126
gym-d1-flat.encounter,charge,176,Victory,6,0,6,96,34,445,0,33,2,1:2,0,2,0,308656104
gym-d1-flat.encounter,charge,177,Victory,5,0,5,80,18,335,0,40,2,1:2,0,3,0,1989151780
gym-d1-flat.encounter,charge,178,Victory,5,0,5,80,20,395,0,40,2,1:2|2:2,0,3,0,3178902258
gym-d1-flat.encounter,charge,179,Victory,5,0,5,80,28,455,0,20,2,1:2,0,1,0,1522219596
gym-d1-flat.encounter,charge,180,Victory,5,0,5,72,16,280,0,77,-1,,0,3,0,4210207299
gym-d1-flat.encounter,charge,181,Victory,4,0,4,64,14,495,0,0,2,1:2,0,0,0,1976304411
gym-d1-flat.encounter,charge,182,Victory,5,0,5,80,20,335,0,40,2,1:2,0,3,0,1989151780
gym-d1-flat.encounter,charge,183,Victory,5,0,5,80,20,455,0,10,2,1:2,0,1,0,657158940
gym-d1-flat.encounter,charge,184,Victory,4,0,4,64,16,495,0,0,2,1:2,0,0,0,3299788905
gym-d1-flat.encounter,charge,185,Victory,5,0,5,72,28,300,0,55,2,2:2,0,3,0,901500106
gym-d1-flat.encounter,charge,186,Victory,6,0,6,96,25,365,0,33,2,1:2,0,3,0,3239730124
gym-d1-flat.encounter,charge,187,Victory,4,0,4,64,16,495,0,0,2,1:2,0,0,0,1976304411
gym-d1-flat.encounter,charge,188,Victory,5,0,5,80,16,375,0,50,2,1:2|2:2,0,3,0,697857065
gym-d1-flat.encounter,charge,189,Victory,5,0,5,80,28,405,0,60,-1,,0,2,0,4108176829
gym-d1-flat.encounter,charge,190,Victory,5,0,5,80,16,415,0,30,2,1:2|2:2,0,2,0,1523580811
gym-d1-flat.encounter,charge,191,Victory,5,0,5,80,16,395,0,50,2,2:2,0,3,0,853991674
gym-d1-flat.encounter,charge,192,Victory,4,0,4,64,6,315,0,37,2,1:2,0,2,0,1033065438
gym-d1-flat.encounter,charge,193,Victory,5,0,5,80,18,455,0,10,2,1:2,0,1,0,1128668856
gym-d1-flat.encounter,charge,194,Victory,4,0,4,64,8,275,0,50,2,1:2,0,3,0,4234232015
gym-d1-flat.encounter,charge,195,Victory,5,0,5,80,20,365,0,60,2,1:2|2:2,0,3,0,3098154340
gym-d1-flat.encounter,charge,196,Victory,5,0,5,80,17,435,0,20,2,1:2,0,3,0,709719574
gym-d1-flat.encounter,charge,197,Victory,6,0,6,88,28,240,0,54,-1,,0,5,0,3470269427
gym-d1-flat.encounter,charge,198,Victory,4,0,4,64,9,354,0,50,2,1:2,0,3,0,4038610485
gym-d1-flat.encounter,charge,199,Victory,4,0,4,64,16,495,0,0,2,1:2|2:2,0,0,0,539365240
gym-d1-flat.encounter,charge,200,Victory,5,0,5,72,24,300,0,44,-1,,0,2,0,3224184012
