map,strategy,seed,outcome,turns,hit_round_cap,player_turns,ap_granted,ap_unused,final_player_hp,enemies_remaining,mean_exposure_x100,first_crossing_x,unit_crossings,contact_round1,contact_turns,never_in_contact,state_hash
gym-opening,corridor-hold,1,Defeat,21,0,20,560,144,622,1,22,13,4:13|1:2|3:12|2:2,0,31,1,840736733
gym-opening,corridor-hold,2,Defeat,21,0,20,544,156,703,1,17,8,3:8|2:8,0,34,0,2929877382
gym-opening,corridor-hold,3,Defeat,21,0,20,416,109,620,1,38,-1,,0,21,1,2797063665
gym-opening,corridor-hold,4,Victory,18,0,18,472,148,642,0,30,7,3:7|2:2|1:7,0,15,0,2738572902
gym-opening,corridor-hold,5,Defeat,21,0,20,408,109,665,1,17,12,3:12|2:2,0,17,1,2717460631
gym-opening,corridor-hold,6,Victory,14,0,14,368,93,660,0,28,8,3:8,0,10,0,3577211665
gym-opening,corridor-hold,7,Defeat,21,0,20,392,120,650,1,24,-1,,0,8,1,4224376613
gym-opening,corridor-hold,8,Victory,14,0,14,448,127,907,0,19,7,2:7,0,13,0,1185668121
gym-opening,corridor-hold,9,Victory,20,0,20,520,136,670,0,26,12,3:12|4:8,0,16,0,1247636100
gym-opening,corridor-hold,10,Defeat,21,0,20,424,121,580,2,22,2,2:2|3:8,0,27,0,1084049513
gym-opening,corridor-hold,11,Defeat,21,0,20,400,99,430,2,38,8,3:8|1:7,0,33,0,569339189
gym-opening,corridor-hold,12,Defeat,21,0,20,296,67,220,1,75,7,3:7,0,34,0,632848754
gym-opening,corridor-hold,13,Defeat,21,0,20,320,56,307,1,45,2,1:2|2:12,0,36,0,3549537633
gym-opening,corridor-hold,14,Defeat,21,0,20,328,68,210,3,58,12,3:12,0,42,1,1306002299
gym-opening,corridor-hold,15,Victory,17,0,17,456,132,723,0,31,12,3:12|1:8,0,14,0,363970096
gym-opening,corridor-hold,16,Defeat,21,0,20,440,148,301,1,45,7,3:7,0,34,0,3222066913
gym-opening,corridor-hold,17,Defeat,21,0,20,440,109,586,1,34,12,3:12,0,31,1,2137384311
gym-opening,corridor-hold,18,Victory,18,0,18,512,151,554,0,29,7,3:7|1:7,0,22,0,2381996664
gym-opening,corridor-hold,19,Victory,13,0,13,376,72,460,0,51,8,1:8,0,20,0,4168826865
gym-opening,corridor-hold,20,Defeat,21,0,20,416,136,460,1,32,-1,,0,24,1,877718269
gym-opening,corridor-hold,21,Defeat,21,0,20,328,61,230,2,60,7,3:7,0,50,0,144979527
gym-opening,corridor-hold,22,Defeat,21,0,20,400,135,595,1,30,13,3:13|2:8,0,20,0,3790199941
gym-opening,corridor-hold,23,Victory,12,0,12,336,82,648,0,28,7,2:7|3:7,0,10,0,900109356
gym-opening,corridor-hold,24,Victory,19,0,19,608,202,899,0,15,8,3:8|4:8|2:8,0,11,0,403974734
gym-opening,corridor-hold,25,Defeat,21,0,20,328,67,235,3,53,13,3:13,0,59,0,2404713906
gym-opening,corridor-hold,26,Victory,18,0,18,576,179,851,0,23,13,1:13|3:12,0,16,0,758977218
gym-opening,corridor-hold,27,Defeat,13,0,13,224,38,0,3,89,-1,,0,20,1,1181791321
gym-opening,corridor-hold,28,Defeat,21,0,20,312,80,403,1,41,7,2:7,0,16,1,3732004939
gym-opening,corridor-hold,29,Defeat,21,0,20,512,161,765,1,26,8,1:8,0,18,0,2545038323
gym-opening,corridor-hold,30,Defeat,21,0,20,464,114,665,2,29,12,4:12|2:2,0,38,0,2562134794
gym-opening,corridor-hold,31,Defeat,21,0,20,520,194,764,1,21,-1,,0,11,1,731279123
gym-opening,corridor-hold,32,Victory,12,0,12,328,76,705,0,29,7,1:7,0,10,0,3261716074
gym-opening,corridor-hold,33,Defeat,21,0,20,408,139,555,1,33,2,3:2,0,17,0,2619782890
gym-opening,corridor-hold,34,Defeat,21,0,20,424,108,457,1,49,2,3:2,0,34,1,3920820170
gym-opening,corridor-hold,35,Victory,12,0,12,384,68,836,0,31,12,3:12|1:13|2:8,0,19,0,3124657897
gym-opening,corridor-hold,36,Victory,16,0,16,368,74,200,0,67,12,4:12|3:7,0,27,0,2380004145
gym-opening,corridor-hold,37,Defeat,21,0,20,416,122,512,1,40,2,2:2,0,19,1,2858648833
gym-opening,corridor-hold,38,Defeat,21,0,20,360,83,200,2,60,2,3:2,0,44,1,2064978993
gym-opening,corridor-hold,39,Victory,15,0,15,480,137,846,0,23,8,4:8|1:8,0,12,0,2770847470
gym-opening,corridor-hold,40,Victory,19,0,19,504,144,692,0,31,2,2:2|3:7,0,17,0,3122660273
gym-opening,corridor-hold,41,Defeat,21,0,20,512,173,702,1,29,8,3:8|2:8,0,18,0,2042987010
gym-opening,corridor-hold,42,Defeat,21,0,20,432,131,641,1,31,7,2:7|3:7,0,23,0,2005447774
gym-opening,corridor-hold,43,Victory,12,0,12,360,59,580,0,42,8,3:8,0,19,0,2054021240
gym-opening,corridor-hold,44,Defeat,21,0,20,496,151,777,1,22,2,1:2|2:12,0,16,1,3279218963
gym-opening,corridor-hold,45,Defeat,21,0,20,440,111,300,2,29,12,1:12|2:2|3:12,0,35,0,46936772
gym-opening,corridor-hold,46,Defeat,21,0,20,344,89,210,2,65,12,3:12,0,31,1,1832789200
gym-opening,corridor-hold,47,Victory,12,0,12,320,49,648,0,42,7,3:7,0,11,0,258912256
gym-opening,corridor-hold,48,Defeat,21,0,20,536,179,544,1,29,12,1:12|4:8,0,22,0,3311526785
gym-opening,corridor-hold,49,Defeat,21,0,20,424,121,495,1,26,8,3:8,0,17,1,661840628
gym-opening,corridor-hold,50,Defeat,21,0,20,520,203,835,1,15,7,1:7,0,10,1,2314294707
gym-opening,corridor-hold,51,Defeat,21,0,20,536,191,652,1,31,2,4:2|3:8,0,19,1,4147289606
gym-opening,corridor-hold,52,Victory,11,0,11,312,59,757,0,28,8,1:8,0,8,0,1036329101
gym-opening,corridor-hold,53,Defeat,21,0,20,400,129,635,1,28,2,3:2,0,11,0,3999914212
gym-opening,corridor-hold,54,Defeat,21,0,20,520,161,739,1,16,2,2:2|3:7,0,18,1,2797008047
gym-opening,corridor-hold,55,Victory,16,0,16,352,92,575,0,34,12,3:12|2:8,0,19,0,83509961
gym-opening,corridor-hold,56,Victory,20,0,20,640,197,891,0,18,13,1:13|4:7|2:12|3:7,0,28,0,4207288630
gym-opening,corridor-hold,57,Defeat,21,0,20,400,126,680,1,32,-1,,0,12,1,842172339
gym-opening,corridor-hold,58,Defeat,21,0,20,392,96,210,1,71,2,3:2|1:7,0,41,0,2457081513
gym-opening,corridor-hold,59,Defeat,21,0,20,440,133,371,1,30,-1,,0,13,1,3960854324
gym-opening,corridor-hold,60,Victory,20,0,20,448,139,475,0,25,8,4:8|2:7,0,11,0,4274946020
gym-opening,corridor-hold,61,Victory,16,0,16,464,105,543,0,31,7,1:7,0,18,0,2195190382
gym-opening,corridor-hold,62,Defeat,21,0,20,520,197,832,1,13,2,1:2|2:7,0,11,0,4084961838
gym-opening,corridor-hold,63,Victory,20,0,20,448,98,488,0,25,2,3:2|1:2|2:7,0,26,0,1015658085
gym-opening,corridor-hold,64,Defeat,21,0,20,432,112,486,1,37,8,2:8,0,18,0,707994828
gym-opening,corridor-hold,65,Victory,13,0,13,352,61,701,0,36,8,1:8,0,11,0,2836415275
gym-opening,corridor-hold,66,Defeat,21,0,20,408,130,612,1,37,-1,,0,16,1,2733874067
gym-opening,corridor-hold,67,Defeat,21,0,20,528,170,613,1,31,12,4:12,0,23,1,487840292
gym-opening,corridor-hold,68,Defeat,21,0,20,384,94,155,1,56,2,1:2|3:8,0,38,0,2725175623
gym-opening,corridor-hold,69,Defeat,21,0,20,640,195,793,1,23,12,4:12|3:8,0,13,0,83824841
gym-opening,corridor-hold,70,Victory,18,0,18,456,116,622,0,22,7,2:7|3:8,0,16,0,3395901647
gym-opening,corridor-hold,71,Defeat,21,0,20,528,154,811,1,19,12,3:12,0,11,1,3812637409
gym-opening,corridor-hold,72,Defeat,21,0,20,520,144,825,2,15,7,3:7|1:2,0,32,0,1745749660
gym-opening,corridor-hold,73,Defeat,21,0,20,448,103,665,1,19,12,3:12|2:8,0,22,0,4208336946
gym-opening,corridor-hold,74,Defeat,21,0,20,416,116,501,2,25,13,1:13|2:2,0,27,1,2044912666
gym-opening,corridor-hold,75,Defeat,15,0,15,224,36,0,3,85,13,3:13,0,40,1,562732049
gym-opening,corridor-hold,76,Defeat,21,0,20,400,117,615,1,32,8,3:8|2:8,0,19,0,284428801
gym-opening,corridor-hold,77,Victory,13,0,13,352,52,845,0,34,8,2:8,0,10,0,3749028174
gym-opening,corridor-hold,78,Defeat,21,0,20,408,93,300,1,41,12,1:12,0,24,0,3907138671
gym-opening,corridor-hold,79,Defeat,21,0,20,640,197,938,1,17,12,4:12|3:7|2:7,0,12,1,1165016181
gym-opening,corridor-hold,80,Defeat,21,0,20,464,127,468,1,29,-1,,0,20,1,3175903554
gym-opening,corridor-hold,81,Defeat,21,0,20,432,120,445,1,31,12,3:12,0,14,1,382323700
gym-opening,corridor-hold,82,Defeat,21,0,20,440,131,645,1,16,7,3:7|2:13,0,23,0,1674872763
gym-opening,corridor-hold,83,Victory,20,0,20,528,133,638,0,36,2,1:2|2:7,0,18,0,2220733977
gym-opening,corridor-hold,84,Victory,17,0,17,456,122,787,0,19,12,2:12|3:8|1:7,0,7,0,1208404077
gym-opening,corridor-hold,85,Defeat,16,0,16,352,76,0,2,75,13,1:13|3:7,0,39,0,382162173
gym-opening,corridor-hold,86,Defeat,21,0,20,424,130,630,1,32,8,3:8,0,11,1,503175799
gym-opening,corridor-hold,87,Victory,16,0,16,424,91,714,0,32,7,2:7|1:7,0,15,0,1177523976
gym-opening,corridor-hold,88,Defeat,21,0,20,520,187,754,1,32,7,2:7|3:7,0,13,0,1398947802
gym-opening,corridor-hold,89,Victory,10,0,10,320,63,900,0,32,8,4:8,0,8,0,396419329
gym-opening,corridor-hold,90,Defeat,21,0,20,520,177,785,1,15,12,3:12|4:8,0,9,1,325782659
gym-opening,corridor-hold,91,Defeat,21,0,20,336,82,210,1,52,13,3:13,0,22,1,1965984892
gym-opening,corridor-hold,92,Defeat,12,0,12,216,37,0,3,92,13,3:13,0,27,1,2419206482
gym-opening,corridor-hold,93,Defeat,15,0,15,288,51,0,2,63,12,4:12|3:2,0,37,1,3263592482
gym-opening,corridor-hold,94,Defeat,21,0,20,416,101,450,1,44,12,3:12|1:2,0,26,1,681794262
gym-opening,corridor-hold,95,Defeat,21,0,20,408,129,420,1,52,-1,,0,21,1,1319505274
gym-opening,corridor-hold,96,Defeat,21,0,20,400,114,591,1,28,12,1:12,0,16,1,1536197755
gym-opening,corridor-hold,97,Defeat,21,0,20,320,84,200,2,60,-1,,0,26,1,1282507709
gym-opening,corridor-hold,98,Defeat,21,0,20,408,93,449,1,45,7,3:7|2:7,0,20,0,635928181
gym-opening,corridor-hold,99,Victory,20,0,20,424,102,354,0,35,7,1:7,0,23,0,2982308934
gym-opening,corridor-hold,100,Defeat,21,0,20,288,46,100,1,61,12,3:12,0,25,1,2831917619
gym-opening,corridor-hold,101,Defeat,21,0,20,384,110,411,1,37,8,3:8|1:13,0,39,0,2375436358
gym-opening,corridor-hold,102,Defeat,21,0,20,432,114,417,1,44,12,1:12|3:13,0,22,1,1776330706
gym-opening,corridor-hold,103,Victory,14,0,14,376,92,659,0,40,12,1:12|2:7,0,12,0,526716017
gym-opening,corridor-hold,104,Defeat,16,0,16,240,61,0,5,60,12,2:12,0,42,0,3459508349
gym-opening,corridor-hold,105,Victory,18,0,18,432,104,366,0,50,7,1:7|3:12,0,27,0,752116817
gym-opening,corridor-hold,106,Defeat,21,0,20,512,187,792,1,20,7,1:7,0,14,0,3623530624
gym-opening,corridor-hold,107,Defeat,21,0,20,400,115,591,1,46,2,2:2,0,20,0,1996241676
gym-opening,corridor-hold,108,Defeat,21,0,20,328,71,235,1,51,12,3:12,0,25,1,1225701315
gym-opening,corridor-hold,109,Defeat,21,0,20,512,167,562,1,26,8,4:8|2:7,0,18,0,3182821678
gym-opening,corridor-hold,110,Defeat,17,0,17,352,93,0,2,63,13,1:13|3:7,0,34,0,3872591177
gym-opening,corridor-hold,111,Defeat,21,0,20,456,132,655,3,19,8,3:8|1:13|2:2,0,44,0,3954006259
gym-opening,corridor-hold,112,Victory,18,0,18,368,94,240,0,50,7,3:7,0,35,0,2853543962
gym-opening,corridor-hold,113,Defeat,21,0,20,448,124,541,1,35,8,4:8|3:13,0,20,0,121587503
gym-opening,corridor-hold,114,Defeat,21,0,20,512,185,789,1,21,7,2:7,0,37,0,2632904691
gym-opening,corridor-hold,115,Victory,15,0,15,464,122,782,0,27,8,3:8|1:2|4:8,0,12,0,3017783242
gym-opening,corridor-hold,116,Victory,19,0,19,608,178,961,0,17,12,4:12|3:12|2:7|1:8,0,14,0,288248068
gym-opening,corridor-hold,117,Victory,15,0,15,336,74,307,0,45,13,1:13|3:2,0,24,0,184038618
gym-opening,corridor-hold,118,Victory,18,0,18,576,160,741,0,25,8,1:8|3:12,0,23,0,341982644
gym-opening,corridor-hold,119,Defeat,21,0,20,384,106,568,1,37,-1,,0,19,1,438949792
gym-opening,corridor-hold,120,Victory,19,0,19,504,186,730,0,33,12,3:12|2:2,0,11,0,3206002877
gym-opening,corridor-hold,121,Defeat,21,0,20,544,185,556,1,32,7,3:7,0,22,0,2870184542
gym-opening,corridor-hold,122,Defeat,21,0,20,312,64,160,4,64,2,3:2,0,64,0,1614411733
gym-opening,corridor-hold,123,Defeat,21,0,20,512,188,750,1,15,12,1:12,0,10,1,2225412490
gym-opening,corridor-hold,124,Defeat,21,0,20,520,177,739,1,32,2,3:2|1:2|2:7,0,18,0,2456297027
gym-opening,corridor-hold,125,Defeat,21,0,20,456,97,406,1,38,-1,,0,27,1,1877969747
gym-opening,corridor-hold,126,Defeat,21,0,20,512,171,717,1,26,8,3:8|1:8,0,17,0,2957047609
gym-opening,corridor-hold,127,Defeat,21,0,20,312,86,215,1,43,2,3:2,0,23,1,2901087716
gym-opening,corridor-hold,128,Victory,16,0,16,376,74,495,0,42,8,3:8,0,25,0,4164056852
gym-opening,corridor-hold,129,Defeat,21,0,20,344,82,285,3,67,2,3:2,0,48,0,194345661
gym-opening,corridor-hold,130,Defeat,21,0,20,448,107,324,1,44,13,1:13|3:2,0,34,0,1596278401
gym-opening,corridor-hold,131,Defeat,21,0,20,440,116,576,1,25,8,3:8,0,18,0,3251922305
gym-opening,corridor-hold,132,Defeat,13,0,13,256,31,0,1,75,8,3:8,0,27,0,413393095
gym-opening,corridor-hold,133,Defeat,21,0,20,408,119,646,1,35,2,2:2,0,18,1,2488275348
gym-opening,corridor-hold,134,Victory,10,0,10,248,30,685,0,38,8,3:8,0,6,0,2281188903
gym-opening,corridor-hold,135,Defeat,21,0,20,504,192,804,1,36,13,1:13|3:7,0,25,0,1575041427
gym-opening,corridor-hold,136,Defeat,21,0,20,416,109,609,1,36,2,3:2,0,20,1,4217100907
gym-opening,corridor-hold,137,Defeat,21,0,20,608,212,733,1,17,2,3:2|4:2|2:8,0,8,0,4250413874
gym-opening,corridor-hold,138,Victory,20,0,20,424,116,563,0,28,13,3:13|2:8,0,16,0,107902504
gym-opening,corridor-hold,139,Victory,18,0,18,456,137,673,0,38,8,3:8|1:7,0,15,0,3571450350
gym-opening,corridor-hold,140,Defeat,21,0,20,392,134,523,1,28,2,3:2|2:13,0,18,1,3744261719
gym-opening,corridor-hold,141,Defeat,21,0,20,416,133,626,1,30,-1,,0,11,1,356523665
gym-opening,corridor-hold,142,Defeat,21,0,20,432,110,663,1,24,-1,,0,16,1,1255245954
gym-opening,corridor-hold,143,Defeat,21,0,20,504,142,381,1,36,13,4:13|1:12|3:7,0,32,0,484722657
gym-opening,corridor-hold,144,Defeat,21,0,20,392,122,611,2,20,2,3:2|2:12,0,24,1,2520409028
gym-opening,corridor-hold,145,Defeat,21,0,20,360,97,345,1,31,2,3:2|2:12,0,28,0,853083394
gym-opening,corridor-hold,146,Victory,20,0,20,528,146,734,0,24,7,1:7,0,25,0,3414679984
gym-opening,corridor-hold,147,Defeat,21,0,20,624,220,790,1,25,8,3:8|4:8,0,20,0,4147985041
gym-opening,corridor-hold,148,Victory,19,0,19,552,170,813,0,18,12,4:12|2:2|3:8,0,22,0,294056372
gym-opening,corridor-hold,149,Defeat,21,0,20,424,106,533,1,45,8,3:8,0,21,0,1875364592
gym-opening,corridor-hold,150,Defeat,21,0,20,528,154,852,1,21,12,3:12,0,13,0,3303740603
gym-opening,corridor-hold,151,Defeat,21,0,20,568,151,603,1,26,12,4:12|1:2|3:2,0,31,1,1021749149
gym-opening,corridor-hold,152,Defeat,21,0,20,408,103,506,1,35,12,3:12|2:13,0,32,0,3463798989
gym-opening,corridor-hold,153,Victory,18,0,18,480,145,376,0,41,7,4:7|1:7,0,25,0,2921288011
gym-opening,corridor-hold,154,Defeat,21,0,20,360,73,255,2,62,7,3:7,0,34,0,24185172
gym-opening,corridor-hold,155,Victory,19,0,19,608,217,843,0,21,12,4:12|1:7|2:7|3:8,0,12,0,2248945969
gym-opening,corridor-hold,156,Victory,17,0,17,344,93,554,0,41,7,3:7|2:8,0,11,0,3347326267
gym-opening,corridor-hold,157,Defeat,21,0,20,312,85,225,1,82,13,3:13,0,31,1,3175832087
gym-opening,corridor-hold,158,Defeat,17,0,17,320,67,0,3,62,12,3:12|1:13,0,26,0,626137847
gym-opening,corridor-hold,159,Defeat,21,0,20,512,185,875,1,15,12,4:12,0,8,1,3707412554
gym-opening,corridor-hold,160,Defeat,21,0,20,456,118,549,1,26,12,3:12|2:7,0,25,0,656639096
gym-opening,corridor-hold,161,Defeat,21,0,20,640,237,815,1,17,2,2:2|4:2|3:12|1:7,0,13,0,2699295440
gym-opening,corridor-hold,162,Victory,20,0,20,640,226,733,0,25,12,4:12|1:2|2:7,0,15,0,2865676145
gym-opening,corridor-hold,163,Victory,14,0,14,312,55,411,0,35,2,2:2|3:12,0,19,0,2110842680
gym-opening,corridor-hold,164,Defeat,21,0,20,408,125,458,1,35,13,1:13|3:7,0,22,1,648456236
gym-opening,corridor-hold,165,Defeat,21,0,20,416,110,584,1,46,7,2:7,0,25,0,1503877724
gym-opening,corridor-hold,166,Defeat,21,0,20,416,114,472,1,48,12,1:12|2:7,0,23,0,2552476376
gym-opening,corridor-hold,167,Defeat,21,0,20,520,159,855,1,27,13,3:13,0,13,1,15079335
gym-opening,corridor-hold,168,Victory,19,0,19,512,177,823,0,23,7,2:7,0,8,0,2231636795
gym-opening,corridor-hold,169,Defeat,21,0,20,392,93,482,1,40,2,3:2|2:7,0,28,0,3325748030
gym-opening,corridor-hold,170,Defeat,21,0,20,528,193,834,1,16,12,3:12,0,13,1,3109770295
gym-opening,corridor-hold,171,Defeat,21,0,20,344,90,290,2,53,13,3:13,0,43,1,259318484
gym-opening,corridor-hold,172,Defeat,21,0,20,312,64,70,2,61,2,3:2,0,52,0,3751742002
gym-opening,corridor-hold,173,Defeat,21,0,20,440,122,286,1,40,2,3:2,0,33,0,2123958836
gym-opening,corridor-hold,174,Defeat,21,0,20,480,139,613,1,26,2,3:2|2:12,0,24,0,2669841999
gym-opening,corridor-hold,175,Defeat,21,0,20,544,197,590,1,23,13,3:13,0,18,1,945341393
gym-opening,corridor-hold,176,Defeat,21,0,20,304,81,225,1,52,7,3:7,0,17,1,4190361282
gym-opening,corridor-hold,177,Defeat,21,0,20,520,188,738,1,23,2,2:2|1:2,0,15,1,2695347742
gym-opening,corridor-hold,178,Victory,20,0,20,600,166,823,0,32,7,4:7|3:12,0,27,0,3000675797
gym-opening,corridor-hold,179,Victory,15,0,15,480,136,810,0,18,2,2:2|1:2|3:7|4:7,0,13,0,1573308858
gym-opening,corridor-hold,180,Defeat,14,0,14,272,59,0,3,73,2,3:2,0,26,0,523912040
gym-opening,corridor-hold,181,Defeat,21,0,20,528,182,809,1,22,7,3:7,0,20,0,3018078630
gym-opening,corridor-hold,182,Defeat,21,0,20,640,243,882,1,31,12,4:12|2:8|3:7,0,18,0,1398917565
gym-opening,corridor-hold,183,Defeat,21,0,20,336,89,300,1,47,13,3:13,0,24,1,1104976621
gym-opening,corridor-hold,184,Defeat,21,0,20,512,138,630,1,39,2,2:2|3:12|1:2,0,25,0,2485448111
gym-opening,corridor-hold,185,Defeat,21,0,20,464,119,435,2,25,13,1:13|3:7|2:12,0,23,0,3040533779
gym-opening,corridor-hold,186,Victory,20,0,20,544,115,845,0,13,2,1:2|3:2,0,34,0,2206357909
gym-opening,corridor-hold,187,Defeat,21,0,20,424,143,408,1,43,-1,,0,26,0,3205133145
gym-opening,corridor-hold,188,Defeat,21,0,20,552,173,703,1,28,12,1:12|3:2|2:2,0,23,0,1445758865
gym-opening,corridor-hold,189,Defeat,21,0,20,520,179,735,1,26,12,1:12|2:7,0,15,0,2650434957
gym-opening,corridor-hold,190,Victory,13,0,13,416,104,848,0,36,7,1:7|3:8,0,11,0,1549939383
gym-opening,corridor-hold,191,Defeat,21,0,20,640,217,729,1,20,12,4:12|3:2|1:13|2:12,0,36,0,1637638707
gym-opening,corridor-hold,192,Defeat,21,0,20,416,120,488,1,36,7,2:7,0,16,0,68074284
gym-opening,corridor-hold,193,Victory,11,0,11,296,63,756,0,45,8,3:8,0,11,0,3304337813
gym-opening,corridor-hold,194,Victory,11,0,11,352,66,847,0,27,12,3:12|1:8|2:13,0,9,0,1169102084
gym-opening,corridor-hold,195,Defeat,21,0,20,360,79,161,1,40,2,2:2,0,32,0,1829525333
gym-opening,corridor-hold,196,Defeat,20,0,20,352,73,0,1,54,7,1:7|3:8|2:12,0,35,0,2354697046
gym-opening,corridor-hold,197,Defeat,21,0,20,400,114,601,1,26,2,2:2|3:13,0,17,1,2713161340
gym-opening,corridor-hold,198,Defeat,21,0,20,424,147,705,1,20,2,2:2,0,10,1,317951695
gym-opening,corridor-hold,199,Defeat,21,0,20,512,171,758,1,23,8,3:8|1:12,0,35,0,3403105433
gym-opening,corridor-hold,200,Victory,17,0,17,544,151,997,0,16,2,1:2,0,13,0,2746916750
gym-opening,tpa-order,1,Defeat,21,0,20,560,144,622,1,22,13,4:13|1:2|3:12|2:2,0,31,1,840736733
gym-opening,tpa-order,2,Defeat,21,0,20,544,156,703,1,17,8,3:8|2:8,0,34,0,2929877382
gym-opening,tpa-order,3,Defeat,21,0,20,416,109,620,1,38,-1,,0,21,1,2797063665
gym-opening,tpa-order,4,Defeat,21,0,20,424,136,646,1,33,2,3:2,0,18,1,1459258183
gym-opening,tpa-order,5,Defeat,21,0,20,408,109,665,1,17,12,3:12|2:2,0,17,1,2717460631
gym-opening,tpa-order,6,Victory,14,0,14,368,93,660,0,28,8,3:8,0,10,0,3577211665
gym-opening,tpa-order,7,Defeat,21,0,20,328,52,300,1,63,12,3:12,0,31,1,499801915
gym-opening,tpa-order,8,Victory,14,0,14,448,127,907,0,19,7,2:7,0,13,0,1185668121
gym-opening,tpa-order,9,Victory,20,0,20,520,136,670,0,26,12,3:12|4:8,0,16,0,1247636100
gym-opening,tpa-order,10,Defeat,21,0,20,424,121,580,2,22,2,2:2|3:8,0,27,0,1084049513
gym-opening,tpa-order,11,Defeat,21,0,20,416,144,510,1,32,-1,,0,11,1,1020513303
gym-opening,tpa-order,12,Defeat,21,0,20,320,66,280,2,62,7,3:7,0,36,0,1551862555
gym-opening,tpa-order,13,Defeat,21,0,20,384,137,455,1,25,2,1:2,0,8,0,3256868337
gym-opening,tpa-order,14,Victory,19,0,19,336,67,105,0,57,12,3:12,0,34,0,2712609999
gym-opening,tpa-order,15,Victory,17,0,17,456,132,723,0,31,12,3:12|1:8,0,14,0,363970096
gym-opening,tpa-order,16,Defeat,21,0,20,440,148,301,1,45,7,3:7,0,34,0,3222066913
gym-opening,tpa-order,17,Defeat,21,0,20,440,109,586,1,34,12,3:12,0,31,1,2137384311
gym-opening,tpa-order,18,Victory,18,0,18,512,151,554,0,29,7,3:7|1:7,0,22,0,2381996664
gym-opening,tpa-order,19,Defeat,21,0,20,600,210,814,1,29,7,4:7|2:7,0,15,0,1106463885
gym-opening,tpa-order,20,Defeat,21,0,20,424,125,403,1,33,7,3:7|1:12,0,28,0,2087024891
gym-opening,tpa-order,21,Defeat,21,0,20,416,121,459,1,44,13,3:13|1:12,0,21,1,3763549830
gym-opening,tpa-order,22,Defeat,21,0,20,360,99,225,1,44,-1,,0,23,1,4178164531
gym-opening,tpa-order,23,Victory,12,0,12,336,82,648,0,28,7,2:7|3:7,0,10,0,900109356
gym-opening,tpa-order,24,Victory,19,0,19,608,202,899,0,15,8,3:8|4:8|2:8,0,11,0,403974734
gym-opening,tpa-order,25,Defeat,21,0,20,328,67,235,3,53,13,3:13,0,59,0,2748841398
gym-opening,tpa-order,26,Victory,18,0,18,576,179,851,0,23,13,1:13|3:12,0,16,0,758977218
gym-opening,tpa-order,27,Defeat,14,0,14,232,38,0,2,82,-1,,0,20,1,2765596442
gym-opening,tpa-order,28,Victory,18,0,18,464,141,697,0,20,8,1:8|4:7,0,9,0,1678253698
gym-opening,tpa-order,29,Defeat,21,0,20,512,161,765,1,26,8,1:8,0,18,0,2545038323
gym-opening,tpa-order,30,Defeat,21,0,20,464,114,665,2,29,12,4:12|2:2,0,38,0,2562134794
gym-opening,tpa-order,31,Defeat,21,0,20,520,194,764,1,21,-1,,0,11,1,731279123
gym-opening,tpa-order,32,Victory,13,0,13,352,71,672,0,31,7,1:7|3:12,0,16,0,3706607508
gym-opening,tpa-order,33,Defeat,21,0,20,408,139,555,1,33,2,3:2,0,17,0,2619782890
gym-opening,tpa-order,34,Defeat,21,0,20,336,72,275,1,57,2,3:2,0,19,1,1993841929
gym-opening,tpa-order,35,Victory,12,0,12,384,68,836,0,31,12,3:12|1:13|2:8,0,19,0,3124657897
gym-opening,tpa-order,36,Defeat,21,0,20,424,105,300,1,54,13,4:13|3:7,0,25,0,2655768595
gym-opening,tpa-order,37,Victory,16,0,16,432,114,582,0,27,8,2:8,0,11,0,2554781097
gym-opening,tpa-order,38,Defeat,21,0,20,416,114,368,1,48,12,1:12,0,33,1,1062804662
gym-opening,tpa-order,39,Victory,20,0,20,488,151,458,0,32,2,3:2|1:8,0,20,0,3549711341
gym-opening,tpa-order,40,Victory,19,0,19,504,144,692,0,31,2,2:2|3:7,0,17,0,3122660273
gym-opening,tpa-order,41,Defeat,21,0,20,512,173,702,1,29,8,3:8|2:8,0,18,0,2042987010
gym-opening,tpa-order,42,Defeat,21,0,20,432,131,641,1,31,7,2:7|3:7,0,23,0,2005447774
gym-opening,tpa-order,43,Victory,13,0,13,400,67,567,0,38,8,3:8|4:8|1:13,0,18,0,3494294104
gym-opening,tpa-order,44,Defeat,21,0,20,496,151,777,1,22,2,1:2|2:12,0,16,1,3279218963
gym-opening,tpa-order,45,Defeat,21,0,20,440,111,300,2,29,12,1:12|2:2|3:12,0,35,0,2074845532
gym-opening,tpa-order,46,Defeat,21,0,20,344,89,210,2,65,12,3:12,0,31,1,1832789200
gym-opening,tpa-order,47,Victory,12,0,12,320,49,648,0,42,7,3:7,0,11,0,258912256
gym-opening,tpa-order,48,Defeat,21,0,20,544,188,578,1,27,12,1:12|3:12,0,14,0,191366377
gym-opening,tpa-order,49,Defeat,21,0,20,432,143,495,1,25,8,3:8,0,13,1,157351054
gym-opening,tpa-order,50,Defeat,21,0,20,456,119,250,1,31,2,1:2,0,24,0,3584623038
gym-opening,tpa-order,51,Victory,20,0,20,528,182,673,0,25,13,2:13,0,12,0,207554349
gym-opening,tpa-order,52,Victory,11,0,11,312,65,780,0,28,8,1:8,0,8,0,618364318
gym-opening,tpa-order,53,Victory,17,0,17,416,101,519,0,42,7,4:7|3:7|2:8,0,16,0,1572990018
gym-opening,tpa-order,54,Defeat,21,0,20,520,161,739,1,16,2,2:2|3:7,0,18,1,2797008047
gym-opening,tpa-order,55,Victory,16,0,16,352,92,575,0,34,12,3:12|2:8,0,19,0,83509961
gym-opening,tpa-order,56,Victory,20,0,20,640,197,891,0,18,13,1:13|4:7|2:12|3:7,0,28,0,4207288630
gym-opening,tpa-order,57,Defeat,21,0,20,328,78,280,1,46,-1,,0,16,1,503741012
gym-opening,tpa-order,58,Defeat,21,0,20,392,97,210,1,71,2,3:2|1:7,0,41,0,2457081513
gym-opening,tpa-order,59,Defeat,21,0,20,440,133,371,1,30,-1,,0,13,1,3960854324
gym-opening,tpa-order,60,Victory,20,0,20,448,139,475,0,25,8,4:8|2:7,0,11,0,4274946020
gym-opening,tpa-order,61,Victory,16,0,16,464,105,543,0,31,7,1:7,0,18,0,2195190382
gym-opening,tpa-order,62,Defeat,21,0,20,520,197,832,1,13,2,1:2|2:7,0,11,0,4084961838
gym-opening,tpa-order,63,Victory,20,0,20,448,98,488,0,25,2,3:2|1:2|2:7,0,26,0,1015658085
gym-opening,tpa-order,64,Defeat,21,0,20,432,112,486,1,37,8,2:8,0,18,0,707994828
gym-opening,tpa-order,65,Victory,13,0,13,352,61,701,0,36,8,1:8,0,11,0,2836415275
gym-opening,tpa-order,66,Defeat,21,0,20,520,181,735,1,20,2,2:2,0,9,1,3781571968
gym-opening,tpa-order,67,Defeat,21,0,20,496,135,414,1,32,13,4:13|1:8,0,18,1,2146909654
gym-opening,tpa-order,68,Defeat,21,0,20,384,94,225,1,54,2,1:2|3:8,0,38,0,1162113313
gym-opening,tpa-order,69,Defeat,21,0,20,640,199,965,1,20,12,4:12|3:8,0,11,1,3161829773
gym-opening,tpa-order,70,Victory,18,0,18,456,116,622,0,22,7,2:7|3:8,0,16,0,3395901647
gym-opening,tpa-order,71,Defeat,21,0,20,528,154,811,1,19,12,3:12,0,11,1,3812637409
gym-opening,tpa-order,72,Defeat,21,0,20,520,144,825,2,15,7,3:7|1:2,0,32,0,1745749660
gym-opening,tpa-order,73,Defeat,21,0,20,448,103,665,1,19,12,3:12|2:8,0,22,0,4208336946
gym-opening,tpa-order,74,Victory,16,0,16,360,98,499,0,28,2,2:2|1:8,0,11,0,3511098900
gym-opening,tpa-order,75,Defeat,21,0,20,272,53,200,1,61,12,3:12,0,29,1,2333477340
gym-opening,tpa-order,76,Defeat,21,0,20,400,117,615,1,32,8,3:8|2:8,0,19,0,284428801
gym-opening,tpa-order,77,Victory,20,0,20,520,158,590,0,29,12,3:12|1:8,0,17,0,1251914079
gym-opening,tpa-order,78,Defeat,21,0,20,432,123,485,1,35,-1,,0,17,1,3565373872
gym-opening,tpa-order,79,Victory,18,0,18,576,173,921,0,20,7,2:7|4:7|1:8,0,17,0,1544813455
gym-opening,tpa-order,80,Defeat,21,0,20,448,131,210,1,35,7,4:7,0,21,0,409767477
gym-opening,tpa-order,81,Defeat,21,0,20,432,120,445,1,31,12,3:12,0,14,1,382323700
gym-opening,tpa-order,82,Defeat,21,0,20,440,131,645,1,16,7,3:7|2:13,0,23,0,1674872763
gym-opening,tpa-order,83,Victory,20,0,20,528,133,638,0,36,2,1:2|2:7,0,18,0,2220733977
gym-opening,tpa-order,84,Victory,19,0,19,608,200,885,0,15,12,2:12|4:12|3:8|1:8,0,13,0,3556794450
gym-opening,tpa-order,85,Defeat,16,0,16,312,63,0,2,76,13,1:13,0,39,0,2505232434
gym-opening,tpa-order,86,Defeat,21,0,20,528,181,914,1,18,12,3:12,0,7,1,891536535
gym-opening,tpa-order,87,Victory,16,0,16,424,91,714,0,32,7,2:7|1:7,0,15,0,1177523976
gym-opening,tpa-order,88,Defeat,21,0,20,520,187,754,1,32,7,2:7|3:7,0,13,0,1398947802
gym-opening,tpa-order,89,Victory,10,0,10,320,63,900,0,32,8,4:8,0,8,0,396419329
gym-opening,tpa-order,90,Defeat,21,0,20,520,177,785,1,15,12,3:12|4:8,0,9,1,325782659
gym-opening,tpa-order,91,Defeat,21,0,20,336,82,210,1,52,13,3:13,0,22,1,1965984892
gym-opening,tpa-order,92,Defeat,21,0,20,288,72,300,1,44,7,3:7,0,13,1,1554721288
gym-opening,tpa-order,93,Defeat,15,0,15,296,49,0,2,62,12,4:12|3:2,0,34,1,2164303713
gym-opening,tpa-order,94,Defeat,21,0,20,456,135,467,1,52,2,1:2,0,22,1,328662675
gym-opening,tpa-order,95,Defeat,21,0,20,424,123,368,1,45,8,3:8,0,19,0,1273825967
gym-opening,tpa-order,96,Defeat,21,0,20,400,114,591,1,28,12,1:12,0,16,1,1536197755
gym-opening,tpa-order,97,Defeat,21,0,20,328,79,275,1,58,2,3:2,0,23,1,467357477
gym-opening,tpa-order,98,Defeat,21,0,20,408,99,569,1,39,7,3:7|2:8,0,24,0,491325094
gym-opening,tpa-order,99,Defeat,21,0,20,424,90,250,2,43,13,1:13|3:12,0,46,0,1844631306
gym-opening,tpa-order,100,Defeat,21,0,20,288,47,100,1,61,12,3:12,0,25,1,2831917619
gym-opening,tpa-order,101,Victory,17,0,17,344,67,280,0,44,8,3:8|1:13,0,32,0,894711541
gym-opening,tpa-order,102,Defeat,21,0,20,432,114,393,1,48,7,3:7,0,21,0,365473363
gym-opening,tpa-order,103,Victory,14,0,14,376,92,659,0,40,12,1:12|2:7,0,12,0,526716017
gym-opening,tpa-order,104,Defeat,21,0,20,312,59,270,2,35,2,2:2,0,26,1,4001930865
gym-opening,tpa-order,105,Victory,17,0,17,544,155,781,0,30,7,3:7|4:8,0,14,0,3433044020
gym-opening,tpa-order,106,Defeat,21,0,20,512,187,792,1,20,7,1:7,0,14,0,3623530624
gym-opening,tpa-order,107,Defeat,21,0,20,400,115,591,1,46,2,2:2,0,20,0,1996241676
gym-opening,tpa-order,108,Victory,19,0,19,392,102,605,0,22,12,3:12,0,14,0,1796665935
gym-opening,tpa-order,109,Defeat,21,0,20,512,167,562,1,26,8,4:8|2:7,0,18,0,3182821678
gym-opening,tpa-order,110,Defeat,21,0,20,368,89,60,1,56,12,3:12|1:13,0,33,1,448745011
gym-opening,tpa-order,111,Defeat,21,0,20,448,152,655,1,16,12,1:12|3:7|2:8,0,20,0,423424651
gym-opening,tpa-order,112,Defeat,21,0,20,408,93,283,1,45,7,3:7,0,34,0,1134658412
gym-opening,tpa-order,113,Victory,18,0,18,480,146,668,0,31,7,2:7|4:8,0,12,0,3405844652
gym-opening,tpa-order,114,Defeat,21,0,20,512,185,789,1,21,7,2:7,0,37,0,2632904691
gym-opening,tpa-order,115,Victory,15,0,15,464,122,782,0,27,8,3:8|1:2|4:8,0,12,0,3017783242
gym-opening,tpa-order,116,Defeat,21,0,20,640,223,955,1,15,7,1:7|3:7,0,13,0,440980624
gym-opening,tpa-order,117,Defeat,21,0,20,352,94,160,1,47,13,1:13|3:7,0,24,1,2141875871
gym-opening,tpa-order,118,Victory,18,0,18,576,160,741,0,25,8,1:8|3:12,0,23,0,341982644
gym-opening,tpa-order,119,Defeat,21,0,20,384,112,569,1,39,13,3:13,0,25,1,602090906
gym-opening,tpa-order,120,Victory,19,0,19,504,186,730,0,33,12,3:12|2:2,0,11,0,3206002877
gym-opening,tpa-order,121,Defeat,21,0,20,464,140,423,1,34,7,3:7,0,19,1,527554775
gym-opening,tpa-order,122,Defeat,15,0,15,272,56,0,4,79,-1,,0,36,1,3225796127
gym-opening,tpa-order,123,Defeat,21,0,20,512,188,780,1,15,-1,,0,10,1,742289317
gym-opening,tpa-order,124,Defeat,21,0,20,520,177,739,1,32,2,3:2|1:2|2:7,0,18,0,2456297027
gym-opening,tpa-order,125,Defeat,21,0,20,456,110,478,3,36,2,1:2,0,38,1,3278990060
gym-opening,tpa-order,126,Defeat,21,0,20,512,171,717,1,26,8,3:8|1:8,0,17,0,2957047609
gym-opening,tpa-order,127,Defeat,21,0,20,312,86,215,1,43,2,3:2,0,23,1,2901087716
gym-opening,tpa-order,128,Victory,16,0,16,376,74,495,0,42,8,3:8,0,25,0,4164056852
gym-opening,tpa-order,129,Defeat,21,0,20,344,89,190,1,65,2,3:2|2:2,0,42,0,2665752557
gym-opening,tpa-order,130,Defeat,21,0,20,448,106,324,1,44,13,1:13|3:2,0,34,0,1596278401
gym-opening,tpa-order,131,Defeat,21,0,20,440,116,576,1,25,8,3:8,0,18,0,3251922305
gym-opening,tpa-order,132,Defeat,13,0,13,256,31,0,1,75,8,3:8,0,27,0,2600751775
gym-opening,tpa-order,133,Victory,15,0,15,400,131,689,0,26,2,2:2|1:7,0,10,0,144060196
gym-opening,tpa-order,134,Victory,10,0,10,248,30,685,0,38,8,3:8,0,6,0,2281188903
gym-opening,tpa-order,135,Defeat,21,0,20,504,192,804,1,36,13,1:13|3:7,0,25,0,1575041427
gym-opening,tpa-order,136,Defeat,21,0,20,416,109,609,1,36,2,3:2,0,20,1,4217100907
gym-opening,tpa-order,137,Defeat,21,0,20,608,212,733,1,17,2,3:2|4:2|2:8,0,8,0,4250413874
gym-opening,tpa-order,138,Victory,20,0,20,424,116,563,0,28,13,3:13|2:8,0,16,0,107902504
gym-opening,tpa-order,139,Victory,18,0,18,456,137,673,0,38,8,3:8|1:7,0,15,0,3571450350
gym-opening,tpa-order,140,Defeat,21,0,20,392,134,523,1,28,2,3:2|2:13,0,18,1,3744261719
gym-opening,tpa-order,141,Defeat,21,0,20,416,133,626,1,30,-1,,0,11,1,356523665
gym-opening,tpa-order,142,Victory,16,0,16,352,69,368,0,56,2,1:2|2:13,0,26,0,3005976073
gym-opening,tpa-order,143,Defeat,21,0,20,504,142,381,1,36,13,4:13|1:12|3:7,0,32,0,484722657
gym-opening,tpa-order,144,Defeat,21,0,20,392,122,611,2,20,2,3:2|2:12,0,24,1,2520409028
gym-opening,tpa-order,145,Defeat,21,0,20,360,97,345,1,31,2,3:2|2:12,0,28,0,853083394
gym-opening,tpa-order,146,Defeat,21,0,20,528,181,831,1,18,8,1:8|3:2,0,26,0,395863024
gym-opening,tpa-order,147,Defeat,21,0,20,624,220,790,1,25,8,3:8|4:8,0,20,0,4147985041
gym-opening,tpa-order,148,Victory,19,0,19,552,170,813,0,18,12,4:12|2:2|3:8,0,22,0,294056372
gym-opening,tpa-order,149,Defeat,21,0,20,640,214,887,1,21,7,3:7,0,18,0,2553552964
gym-opening,tpa-order,150,Defeat,21,0,20,528,154,852,1,21,12,3:12,0,13,0,3303740603
gym-opening,tpa-order,151,Defeat,21,0,20,568,151,603,1,26,12,4:12|1:2|3:2,0,31,1,1021749149
gym-opening,tpa-order,152,Defeat,21,0,20,408,103,506,1,35,12,3:12|2:13,0,32,0,3463798989
gym-opening,tpa-order,153,Victory,18,0,18,480,145,376,0,41,7,4:7|1:7,0,25,0,2921288011
gym-opening,tpa-order,154,Defeat,21,0,20,528,182,793,1,21,7,3:7,0,9,1,2640083543
gym-opening,tpa-order,155,Victory,19,0,19,608,217,843,0,21,12,4:12|1:7|2:7|3:8,0,12,0,2248945969
gym-opening,tpa-order,156,Defeat,21,0,20,392,125,613,1,42,12,3:12|2:7,0,15,0,2172937289
gym-opening,tpa-order,157,Defeat,16,0,16,352,80,0,3,75,12,2:12|3:7,0,33,0,1990105458
gym-opening,tpa-order,158,Defeat,17,0,17,320,67,0,3,62,12,3:12|1:13,0,26,0,626137847
gym-opening,tpa-order,159,Defeat,21,0,20,512,185,875,1,15,12,4:12,0,8,1,3707412554
gym-opening,tpa-order,160,Defeat,21,0,20,456,111,270,1,31,12,3:12|2:7,0,28,0,1210891986
gym-opening,tpa-order,161,Defeat,21,0,20,640,237,815,1,17,2,2:2|4:2|3:12|1:7,0,13,0,2699295440
gym-opening,tpa-order,162,Victory,20,0,20,640,226,733,0,25,12,4:12|1:2|2:7,0,15,0,2865676145
gym-opening,tpa-order,163,Defeat,21,0,20,416,118,543,1,28,2,2:2,0,19,1,1662559530
gym-opening,tpa-order,164,Defeat,21,0,20,400,123,300,2,34,13,1:13,0,40,0,2645439326
gym-opening,tpa-order,165,Defeat,21,0,20,416,110,584,1,46,7,2:7,0,25,0,1503877724
gym-opening,tpa-order,166,Defeat,21,0,20,416,110,594,1,44,12,1:12|2:7|3:2,0,24,0,3827773353
gym-opening,tpa-order,167,Defeat,21,0,20,520,159,855,1,27,13,3:13,0,13,1,15079335
gym-opening,tpa-order,168,Victory,19,0,19,512,177,823,0,23,7,2:7,0,8,0,2231636795
gym-opening,tpa-order,169,Defeat,21,0,20,400,102,510,1,26,13,1:13|2:2,0,21,0,729469804
gym-opening,tpa-order,170,Defeat,21,0,20,528,193,834,1,16,12,3:12,0,13,1,3109770295
gym-opening,tpa-order,171,Defeat,21,0,20,344,90,290,2,53,13,3:13,0,43,1,259318484
gym-opening,tpa-order,172,Victory,19,0,19,360,72,60,0,53,12,1:12,0,39,0,279122764
gym-opening,tpa-order,173,Defeat,21,0,20,440,122,286,1,40,2,3:2,0,33,0,2123958836
gym-opening,tpa-order,174,Defeat,21,0,20,480,139,613,1,26,2,3:2|2:12,0,24,0,2669841999
gym-opening,tpa-order,175,Victory,13,0,13,392,80,423,0,34,13,3:13,0,15,0,2947048950
gym-opening,tpa-order,176,Victory,19,0,19,392,101,402,0,36,13,1:13|3:7,0,24,0,1832693760
gym-opening,tpa-order,177,Victory,15,0,15,400,91,736,0,30,7,1:7|3:13|2:2,0,20,0,1744087142
gym-opening,tpa-order,178,Defeat,21,0,20,600,165,768,1,26,7,4:7|2:2|1:8|3:12,0,25,0,225236764
gym-opening,tpa-order,179,Victory,15,0,15,480,133,809,0,16,2,2:2|1:2|3:7,0,12,0,2354488898
gym-opening,tpa-order,180,Defeat,14,0,14,272,59,0,3,73,2,3:2,0,26,0,523912040
gym-opening,tpa-order,181,Defeat,21,0,20,528,182,809,1,22,7,3:7,0,20,0,3018078630
gym-opening,tpa-order,182,Defeat,21,0,20,640,243,882,1,31,12,4:12|2:8|3:7,0,18,0,1398917565
gym-opening,tpa-order,183,Defeat,21,0,20,440,132,520,1,29,7,1:7,0,16,1,4203227471
gym-opening,tpa-order,184,Defeat,21,0,20,512,138,630,1,39,2,2:2|3:12|1:2,0,25,0,2485448111
gym-opening,tpa-order,185,Defeat,21,0,20,464,119,435,2,25,13,1:13|3:7|2:12,0,23,0,3040533779
gym-opening,tpa-order,186,Victory,20,0,20,544,115,845,0,13,2,1:2|3:2,0,34,0,2206357909
gym-opening,tpa-order,187,Defeat,21,0,20,344,80,230,1,62,8,2:8,0,33,0,354055849
gym-opening,tpa-order,188,Defeat,21,0,20,552,173,703,1,28,12,1:12|3:2|2:2,0,23,0,1445758865
gym-opening,tpa-order,189,Defeat,21,0,20,520,179,735,1,26,12,1:12|2:7,0,15,0,2650434957
gym-opening,tpa-order,190,Victory,14,0,14,448,136,891,0,32,7,1:7,0,11,0,1222674291
gym-opening,tpa-order,191,Defeat,21,0,20,640,217,729,1,20,12,4:12|3:2|1:13|2:12,0,36,0,1637638707
gym-opening,tpa-order,192,Defeat,21,0,20,416,120,488,1,36,7,2:7,0,16,0,68074284
gym-opening,tpa-order,193,Victory,11,0,11,296,63,756,0,45,8,3:8,0,11,0,3304337813
gym-opening,tpa-order,194,Victory,11,0,11,352,66,847,0,27,12,3:12|1:8|2:13,0,9,0,1169102084
gym-opening,tpa-order,195,Defeat,21,0,20,360,89,28,2,42,2,2:2,0,34,0,1438271794
gym-opening,tpa-order,196,Victory,19,0,19,344,70,238,0,44,7,1:7|3:8|2:12,0,27,0,708257201
gym-opening,tpa-order,197,Defeat,21,0,20,400,114,601,1,26,2,2:2|3:13,0,17,1,2713161340
gym-opening,tpa-order,198,Defeat,21,0,20,424,147,705,1,20,2,2:2,0,10,1,317951695
gym-opening,tpa-order,199,Defeat,21,0,20,512,174,728,1,25,8,3:8|1:12,0,36,0,643412649
gym-opening,tpa-order,200,Victory,17,0,17,544,151,997,0,16,2,1:2,0,13,0,2746916750
gym-opening,control-hold,1,Defeat,14,0,14,272,57,0,2,82,-1,,0,34,1,2317315013
gym-opening,control-hold,2,Defeat,21,0,20,464,145,591,1,25,13,1:13|3:12,0,36,0,526002823
gym-opening,control-hold,3,Defeat,21,0,20,448,112,324,3,44,12,1:12,0,42,1,2088732812
gym-opening,control-hold,4,Defeat,21,0,20,512,184,701,1,26,8,3:8,0,15,0,1589758402
gym-opening,control-hold,5,Victory,15,0,15,376,80,424,0,51,8,4:8|2:2,0,20,0,825119183
gym-opening,control-hold,6,Defeat,21,0,20,480,127,482,1,35,12,2:12|3:2|1:2,0,29,0,4067250490
gym-opening,control-hold,7,Defeat,21,0,20,432,114,338,1,59,7,3:7,0,19,1,4067013334
gym-opening,control-hold,8,Defeat,17,0,17,304,45,0,2,92,2,3:2,0,44,0,4074295506
gym-opening,control-hold,9,Defeat,15,0,15,296,45,0,3,78,12,3:12,0,34,1,3154491820
gym-opening,control-hold,10,Victory,10,0,10,320,68,881,0,32,12,2:12|3:7,0,7,0,3177443854
gym-opening,control-hold,11,Defeat,21,0,20,544,204,595,1,23,7,1:7|3:12,0,19,0,3489207701
gym-opening,control-hold,12,Defeat,21,0,20,368,71,230,2,56,2,2:2|3:2,0,51,0,2910959455
gym-opening,control-hold,13,Defeat,21,0,20,384,86,300,3,39,2,2:2,0,34,1,2776329812
gym-opening,control-hold,14,Victory,12,0,12,312,62,695,0,38,8,1:8,0,9,0,690795216
gym-opening,control-hold,15,Victory,17,0,17,472,126,536,0,45,2,1:2|3:8|4:7,0,30,0,160303150
gym-opening,control-hold,16,Defeat,21,0,20,472,135,605,1,27,12,4:12|3:7,0,35,0,1613642777
gym-opening,control-hold,17,Defeat,13,0,13,248,34,0,3,93,7,3:7,0,31,0,398511022
gym-opening,control-hold,18,Defeat,21,0,20,400,100,537,1,46,7,3:7,0,24,0,1649511450
gym-opening,control-hold,19,Defeat,21,0,20,488,137,520,2,31,13,1:13,0,29,1,1839525979
gym-opening,control-hold,20,Victory,20,0,20,640,189,936,0,13,12,4:12|1:8,0,10,0,2998402098
gym-opening,control-hold,21,Victory,20,0,20,632,159,780,0,31,2,1:2|4:7|3:7,0,20,0,1458929572
gym-opening,control-hold,22,Defeat,21,0,20,616,190,739,1,57,7,2:7|3:7|4:7,0,27,0,741552102
gym-opening,control-hold,23,Defeat,21,0,20,416,86,235,1,40,13,1:13,0,44,0,2318566897
gym-opening,control-hold,24,Defeat,21,0,20,312,76,170,1,76,13,1:13,0,38,1,721396854
gym-opening,control-hold,25,Defeat,21,0,20,408,120,650,1,23,-1,,0,22,1,1021595905
gym-opening,control-hold,26,Defeat,21,0,20,424,118,360,1,45,12,3:12|1:7,0,17,0,4020278795
gym-opening,control-hold,27,Victory,16,0,16,344,62,453,0,39,2,3:2|2:8,0,17,0,3154995940
gym-opening,control-hold,28,Defeat,17,0,17,320,54,0,2,85,7,3:7|1:13,0,46,0,2602669033
gym-opening,control-hold,29,Defeat,21,0,20,408,81,237,2,62,12,3:12|2:2,0,28,0,3325123627
gym-opening,control-hold,30,Victory,12,0,12,312,57,576,0,33,7,3:7,0,17,0,1327998751
gym-opening,control-hold,31,Defeat,21,0,20,640,222,872,1,25,8,2:8,0,15,0,2391574410
gym-opening,control-hold,32,Defeat,21,0,20,392,113,501,1,28,12,3:12|2:2,0,23,1,3604105456
gym-opening,control-hold,33,Defeat,14,0,14,240,53,0,4,80,13,3:13,0,43,0,156079347
gym-opening,control-hold,34,Defeat,21,0,20,392,74,552,1,44,8,3:8|2:2,0,23,0,263937904
gym-opening,control-hold,35,Defeat,21,0,20,528,134,788,1,25,7,4:7,0,20,1,2024902820
gym-opening,control-hold,36,Defeat,21,0,20,488,155,519,1,31,12,3:12|4:7,0,22,0,3741171094
gym-opening,control-hold,37,Defeat,21,0,20,400,95,532,1,32,2,3:2,0,21,1,3930995836
gym-opening,control-hold,38,Defeat,21,0,20,344,54,215,3,53,2,2:2,0,52,0,2972581840
gym-opening,control-hold,39,Defeat,21,0,20,416,83,385,3,46,2,3:2|1:2,0,48,0,1491595007
gym-opening,control-hold,40,Victory,19,0,19,456,77,329,0,54,12,3:12|1:12,0,24,0,3230176128
gym-opening,control-hold,41,Victory,19,0,19,392,114,327,0,48,12,3:12|1:8,0,19,0,1093308046
gym-opening,control-hold,42,Defeat,17,0,17,288,51,0,3,88,-1,,0,33,1,678256423
gym-opening,control-hold,43,Defeat,21,0,20,400,85,567,1,32,-1,,0,26,1,3501086343
gym-opening,control-hold,44,Defeat,21,0,20,512,169,767,1,20,-1,,0,9,1,3581493245
gym-opening,control-hold,45,Defeat,21,0,20,640,226,1014,1,12,2,2:2|1:2|4:12|3:7,0,16,0,541356817
gym-opening,control-hold,46,Defeat,21,0,20,392,104,486,1,30,13,3:13|2:2,0,22,1,2742332104
gym-opening,control-hold,47,Defeat,20,0,20,296,54,0,2,67,-1,,0,32,1,825218503
gym-opening,control-hold,48,Defeat,21,0,20,504,170,804,1,33,2,1:2|3:7,0,19,0,4177936278
gym-opening,control-hold,49,Defeat,21,0,20,512,164,708,1,26,7,3:7|1:8,0,16,0,4272510523
gym-opening,control-hold,50,Defeat,21,0,20,520,202,801,1,21,12,3:12,0,12,1,3935138269
gym-opening,control-hold,51,Defeat,21,0,20,408,99,357,1,56,7,3:7,0,25,1,3621785603
gym-opening,control-hold,52,Defeat,21,0,20,536,166,465,1,41,7,3:7|4:8,0,24,0,488700850
gym-opening,control-hold,53,Defeat,21,0,20,560,164,552,1,28,2,1:2|4:13|3:7,0,32,0,3304144800
gym-opening,control-hold,54,Defeat,21,0,20,408,120,503,1,49,-1,,0,19,1,1791529765
gym-opening,control-hold,55,Defeat,21,0,20,568,161,534,1,46,13,1:13|3:8,0,27,0,2946096265
gym-opening,control-hold,56,Defeat,20,0,20,304,64,0,3,84,2,2:2,0,51,0,1545251059
gym-opening,control-hold,57,Defeat,21,0,20,408,103,458,1,43,2,3:2|1:7,0,23,0,2636237024
gym-opening,control-hold,58,Defeat,21,0,20,320,66,255,4,72,2,3:2,0,68,1,4020675521
gym-opening,control-hold,59,Defeat,21,0,20,416,118,574,1,44,12,2:12,0,15,1,2934383641
gym-opening,control-hold,60,Defeat,21,0,20,344,78,230,2,62,2,3:2,0,48,0,2390363374
gym-opening,control-hold,61,Defeat,21,0,20,368,64,250,2,52,12,3:12,0,30,1,3652608986
gym-opening,control-hold,62,Defeat,21,0,20,640,250,1062,1,11,12,4:12,0,5,1,3425863231
gym-opening,control-hold,63,Defeat,20,0,20,312,46,0,2,89,12,2:12,0,40,0,3880045225
gym-opening,control-hold,64,Defeat,21,0,20,512,149,732,1,28,12,3:12|2:8,0,26,0,1543256059
gym-opening,control-hold,65,Defeat,21,0,20,408,115,388,1,33,13,1:13|3:2,0,24,1,97821980
gym-opening,control-hold,66,Victory,15,0,15,328,57,351,0,39,7,3:7,0,21,0,1535088694
gym-opening,control-hold,67,Defeat,21,0,20,432,94,215,2,55,12,4:12|3:13,0,50,0,2577315408
gym-opening,control-hold,68,Defeat,21,0,20,376,117,158,2,57,13,3:13|1:2,0,33,1,220824797
gym-opening,control-hold,69,Victory,13,0,13,336,45,358,0,64,7,3:7,0,24,0,982578051
gym-opening,control-hold,70,Defeat,21,0,20,384,92,504,1,37,2,2:2|3:2,0,25,1,3970067024
gym-opening,control-hold,71,Defeat,21,0,20,416,109,655,2,19,12,3:12|2:2,0,23,0,201674783
gym-opening,control-hold,72,Defeat,21,0,20,456,100,501,1,31,12,2:12|1:13,0,36,0,2236436500
gym-opening,control-hold,73,Defeat,21,0,20,368,71,200,3,58,12,4:12|3:8,0,41,1,2726382016
gym-opening,control-hold,74,Defeat,15,0,15,256,51,0,2,81,2,2:2,0,26,1,2967208505
gym-opening,control-hold,75,Defeat,17,0,17,304,43,0,1,89,7,1:7|3:2,0,34,0,1256826675
gym-opening,control-hold,76,Defeat,21,0,20,568,168,808,1,33,7,3:7,0,23,0,2486842555
gym-opening,control-hold,77,Defeat,21,0,20,304,48,90,2,73,2,3:2,0,34,0,2446716509
gym-opening,control-hold,78,Victory,15,0,15,400,103,568,0,46,8,3:8|2:8,0,15,0,2955151832
gym-opening,control-hold,79,Defeat,21,0,20,408,90,260,3,68,2,3:2|1:13,0,49,0,1490470720
gym-opening,control-hold,80,Victory,16,0,16,440,123,468,0,36,13,3:13|4:8,0,19,0,3844072525
gym-opening,control-hold,81,Defeat,16,0,16,328,45,0,2,73,13,3:13|1:2,0,41,1,2698286647
gym-opening,control-hold,82,Defeat,21,0,20,640,194,827,1,20,12,3:12|4:13,0,8,0,1026521929
gym-opening,control-hold,83,Victory,19,0,19,384,92,383,0,47,13,3:13|2:7,0,21,0,383934640
gym-opening,control-hold,84,Defeat,10,0,10,240,33,0,4,123,7,1:7,0,29,0,2904598349
gym-opening,control-hold,85,Defeat,20,0,20,336,35,0,2,78,12,3:12,0,40,1,1254716074
gym-opening,control-hold,86,Defeat,21,0,20,392,95,80,2,44,2,3:2,0,42,0,208985733
gym-opening,control-hold,87,Defeat,21,0,20,336,81,35,2,64,2,2:2|3:2,0,43,0,3020780422
gym-opening,control-hold,88,Defeat,21,0,20,384,84,148,1,58,13,1:13|3:2,0,53,0,34234998
gym-opening,control-hold,89,Defeat,21,0,20,424,92,305,1,54,13,3:13|1:7,0,24,1,2572146159
gym-opening,control-hold,90,Defeat,11,0,11,240,41,0,6,106,13,3:13,0,38,1,3229660205
gym-opening,control-hold,91,Defeat,21,0,20,344,80,230,4,60,2,3:2,0,56,1,3164461357
gym-opening,control-hold,92,Defeat,21,0,20,360,66,210,3,55,2,3:2,0,50,0,3226139201
gym-opening,control-hold,93,Defeat,21,0,20,416,105,472,1,46,-1,,0,21,1,2711985275
gym-opening,control-hold,94,Defeat,21,0,20,416,92,436,1,55,2,2:2|3:2,0,29,0,2801974454
gym-opening,control-hold,95,Victory,17,0,17,408,79,435,0,43,13,1:13|3:13,0,32,0,841595955
gym-opening,control-hold,96,Defeat,21,0,20,304,68,74,2,60,8,1:8,0,42,0,1398298746
gym-opening,control-hold,97,Defeat,21,0,20,360,78,120,2,51,2,2:2|3:13,0,48,0,2772075326
gym-opening,control-hold,98,Defeat,21,0,20,528,141,768,1,34,8,3:8,0,20,0,127846318
gym-opening,control-hold,99,Defeat,21,0,20,416,105,347,1,57,2,3:2|1:8,0,36,0,3483652137
gym-opening,control-hold,100,Defeat,18,0,18,296,45,0,3,89,2,2:2,0,53,0,192427366
gym-opening,control-hold,101,Defeat,21,0,20,472,108,280,2,38,13,1:13|2:2,0,35,0,1360216822
gym-opening,control-hold,102,Defeat,21,0,20,400,84,411,1,56,13,3:13|2:7,0,29,0,2998666015
gym-opening,control-hold,103,Defeat,21,0,20,504,146,776,1,25,7,3:7|2:7,0,17,0,1520346667
gym-opening,control-hold,104,Defeat,21,0,20,448,128,499,1,41,8,2:8,0,22,0,4080682783
gym-opening,control-hold,105,Defeat,15,0,15,296,69,0,3,67,-1,,0,28,1,1592294206
gym-opening,control-hold,106,Defeat,21,0,20,432,102,420,1,44,12,3:12,0,38,0,3042132937
gym-opening,control-hold,107,Defeat,21,0,20,416,100,550,1,36,7,1:7|3:2,0,18,0,4239103125
gym-opening,control-hold,108,Defeat,21,0,20,400,95,104,3,68,12,1:12,0,50,1,180698515
gym-opening,control-hold,109,Defeat,21,0,20,400,77,255,2,58,-1,,0,37,1,2285231432
gym-opening,control-hold,110,Victory,16,0,16,400,81,362,0,64,13,3:13|1:7,0,33,0,3241897977
gym-opening,control-hold,111,Defeat,21,0,20,488,142,634,1,31,2,2:2|4:8,0,21,0,191418607
gym-opening,control-hold,112,Defeat,18,0,18,328,61,0,1,65,8,3:8|1:12,0,49,0,500750240
gym-opening,control-hold,113,Victory,18,0,18,480,135,555,0,38,2,2:2,0,14,0,825478307
gym-opening,control-hold,114,Victory,17,0,17,432,114,395,0,38,8,2:8|1:7,0,16,0,2259952438
gym-opening,control-hold,115,Defeat,21,0,20,424,98,387,1,58,13,1:13|3:2,0,42,0,1069389975
gym-opening,control-hold,116,Victory,20,0,20,488,116,560,0,32,13,1:13|2:8|3:8,0,23,0,2096673813
gym-opening,control-hold,117,Victory,18,0,18,472,123,763,0,27,2,1:2|2:13|3:7,0,25,0,313045833
gym-opening,control-hold,118,Defeat,21,0,20,496,173,601,1,30,12,3:12|1:7,0,35,0,4033163912
gym-opening,control-hold,119,Defeat,21,0,20,504,163,666,1,38,12,2:12|3:7,0,27,0,1434093805
gym-opening,control-hold,120,Victory,14,0,14,448,132,878,0,39,2,2:2|1:7,0,12,0,2538771095
gym-opening,control-hold,121,Defeat,21,0,20,504,140,582,1,41,2,3:2|2:2|1:13,0,33,0,1546080642
gym-opening,control-hold,122,Defeat,21,0,20,296,48,260,3,56,13,3:13,0,51,0,3313474582
gym-opening,control-hold,123,Defeat,21,0,20,416,117,395,1,50,13,3:13,0,26,0,1170742542
gym-opening,control-hold,124,Defeat,14,0,14,256,48,0,3,71,2,3:2,0,34,0,1841648632
gym-opening,control-hold,125,Defeat,21,0,20,504,132,709,1,31,13,3:13|1:7,0,31,0,3203857268
gym-opening,control-hold,126,Defeat,21,0,20,512,171,717,1,23,8,3:8|1:8,0,17,0,3461764258
gym-opening,control-hold,127,Defeat,21,0,20,400,111,415,2,46,13,1:13|3:2,0,36,0,2487528442
gym-opening,control-hold,128,Defeat,21,0,20,544,180,765,1,27,8,3:8|2:2|4:7,0,29,0,581207115
gym-opening,control-hold,129,Defeat,21,0,20,400,136,646,1,42,7,3:7|2:8,0,14,1,1959969646
gym-opening,control-hold,130,Defeat,15,0,15,264,49,0,1,81,2,3:2,0,36,0,2529641073
gym-opening,control-hold,131,Victory,17,0,17,464,107,668,0,22,2,3:2|2:7|1:7,0,16,0,2319988413
gym-opening,control-hold,132,Defeat,21,0,20,544,164,773,1,23,12,3:12,0,11,0,1852455411
gym-opening,control-hold,133,Defeat,21,0,20,360,79,100,2,46,7,3:7,0,34,1,972848278
gym-opening,control-hold,134,Defeat,21,0,20,464,150,639,1,20,2,3:2,0,15,0,1416237085
gym-opening,control-hold,135,Defeat,21,0,20,512,167,697,1,37,7,1:7,0,26,0,2090191099
gym-opening,control-hold,136,Defeat,21,0,20,424,95,633,1,39,12,3:12|2:2,0,27,1,3174392058
gym-opening,control-hold,137,Defeat,21,0,20,432,97,443,2,38,2,2:2|3:7,0,42,0,832588758
gym-opening,control-hold,138,Defeat,21,0,20,536,141,470,1,38,7,4:7,0,19,0,2170105281
gym-opening,control-hold,139,Defeat,21,0,20,456,111,393,1,43,12,3:12,0,31,1,1073032365
gym-opening,control-hold,140,Defeat,21,0,20,512,156,635,1,21,2,3:2|2:8|4:8,0,17,0,2702604866
gym-opening,control-hold,141,Defeat,21,0,20,424,135,398,1,50,2,1:2|3:7,0,23,0,2190892347
gym-opening,control-hold,142,Defeat,15,0,15,360,65,0,3,84,13,4:13,0,31,0,3438253461
gym-opening,control-hold,143,Victory,16,0,16,408,114,659,0,33,2,3:2|1:2|2:7,0,22,0,2255320011
gym-opening,control-hold,144,Defeat,21,0,20,504,155,709,2,15,12,1:12|3:12,0,30,1,2897119086
gym-opening,control-hold,145,Victory,20,0,20,496,101,277,0,59,2,1:2|3:13,0,36,0,232259712
gym-opening,control-hold,146,Defeat,21,0,20,408,119,603,1,31,2,3:2,0,26,0,2137964196
gym-opening,control-hold,147,Victory,20,0,20,456,80,360,0,40,12,3:12|1:13,0,38,1,1500915185
gym-opening,control-hold,148,Defeat,20,0,20,336,61,0,1,61,12,3:12,0,34,1,2402864903
gym-opening,control-hold,149,Victory,11,0,11,352,56,673,0,52,8,1:8,0,11,0,3158694134
gym-opening,control-hold,150,Defeat,21,0,20,616,194,828,1,22,12,3:12|1:13|2:8|4:13,0,22,0,3376468844
gym-opening,control-hold,151,Victory,13,0,13,336,53,470,0,45,2,1:2,0,22,0,1031509446
gym-opening,control-hold,152,Defeat,21,0,20,544,154,780,1,41,2,3:2|2:7,0,21,0,1636620863
gym-opening,control-hold,153,Victory,20,0,20,408,98,319,0,49,7,3:7|1:2,0,24,0,76357932
gym-opening,control-hold,154,Defeat,21,0,20,392,116,633,1,53,2,3:2,0,16,1,3817183785
gym-opening,control-hold,155,Defeat,21,0,20,400,81,302,2,48,8,3:8|2:12,0,28,0,1690513917
gym-opening,control-hold,156,Defeat,21,0,20,544,182,721,1,41,7,3:7,0,20,0,1205493675
gym-opening,control-hold,157,Defeat,21,0,20,464,102,556,1,34,13,3:13|1:2,0,25,0,2049034567
gym-opening,control-hold,158,Defeat,21,0,20,536,161,684,1,40,8,2:8|1:7|3:12,0,21,0,3997022279
gym-opening,control-hold,159,Defeat,20,0,20,312,65,0,3,84,12,3:12,0,51,0,4094721940
gym-opening,control-hold,160,Victory,17,0,17,472,142,531,0,44,8,3:8|1:7,0,25,0,762012322
gym-opening,control-hold,161,Defeat,12,0,12,232,40,0,3,82,2,1:2,0,26,1,1602380690
gym-opening,control-hold,162,Defeat,21,0,20,400,84,599,1,36,-1,,0,23,1,174122050
gym-opening,control-hold,163,Defeat,21,0,20,392,125,596,1,30,7,3:7,0,15,1,3548951886
gym-opening,control-hold,164,Defeat,11,0,11,224,35,0,3,96,-1,,0,26,1,2037625869
gym-opening,control-hold,165,Defeat,21,0,20,336,62,309,1,52,2,1:2,0,28,1,1283763876
gym-opening,control-hold,166,Victory,17,0,17,376,74,484,0,48,12,3:12|2:7,0,17,0,3049555371
gym-opening,control-hold,167,Defeat,21,0,20,344,59,160,1,48,12,3:12|2:13,0,29,0,2795584989
gym-opening,control-hold,168,Defeat,18,0,18,376,72,0,2,76,8,3:8,0,42,0,1211367606
gym-opening,control-hold,169,Defeat,12,0,12,208,47,0,6,96,2,2:2,0,42,1,32253775
gym-opening,control-hold,170,Defeat,21,0,20,360,61,100,3,86,13,1:13|3:7,0,66,0,922217410
gym-opening,control-hold,171,Victory,14,0,14,448,109,836,0,42,8,4:8|1:2|3:2|2:2,0,23,0,2529751433
gym-opening,control-hold,172,Defeat,21,0,20,456,112,400,1,35,7,3:7,0,19,0,2889244444
gym-opening,control-hold,173,Defeat,21,0,20,400,103,459,1,38,2,1:2,0,25,1,1275576073
gym-opening,control-hold,174,Defeat,21,0,20,320,58,100,3,57,12,3:12,0,36,1,1106781845
gym-opening,control-hold,175,Defeat,21,0,20,424,104,407,1,58,2,1:2|3:8,0,22,0,640461602
gym-opening,control-hold,176,Defeat,21,0,20,408,66,156,2,56,13,1:13,0,45,1,1684630808
gym-opening,control-hold,177,Defeat,21,0,20,456,108,450,2,45,12,1:12,0,37,1,2086869689
gym-opening,control-hold,178,Defeat,21,0,20,416,123,575,1,28,7,2:7,0,24,0,2217295583
gym-opening,control-hold,179,Victory,17,0,17,432,121,723,0,38,2,3:2|1:2|2:2,0,16,0,3712447318
gym-opening,control-hold,180,Defeat,21,0,20,408,100,418,1,39,-1,,0,23,1,1616572399
gym-opening,control-hold,181,Defeat,21,0,20,432,112,393,1,42,7,3:7|1:12,0,33,0,518309145
gym-opening,control-hold,182,Defeat,21,0,20,440,118,481,1,40,2,2:2|3:7,0,33,1,2671214574
gym-opening,control-hold,183,Victory,18,0,18,336,65,6,0,71,13,1:13,0,39,0,351292340
gym-opening,control-hold,184,Defeat,21,0,20,512,150,579,2,40,13,1:13|3:13|2:2,0,38,0,883438578
gym-opening,control-hold,185,Defeat,21,0,20,304,59,230,3,57,2,2:2,0,45,1,2156655612
gym-opening,control-hold,186,Defeat,13,0,13,288,54,0,4,94,-1,,0,35,1,506478902
gym-opening,control-hold,187,Defeat,21,0,20,456,126,470,1,47,2,3:2,0,29,1,3824981445
gym-opening,control-hold,188,Defeat,21,0,20,368,70,225,2,56,2,1:2|3:2,0,45,0,3715869516
gym-opening,control-hold,189,Defeat,13,0,13,272,49,0,3,79,-1,,0,28,1,423450525
gym-opening,control-hold,190,Defeat,21,0,20,560,195,587,1,32,8,3:8,0,25,0,2408897885
gym-opening,control-hold,191,Defeat,21,0,20,592,147,400,2,31,12,4:12|3:2|1:13,0,52,0,493114793
gym-opening,control-hold,192,Defeat,21,0,20,384,91,100,1,47,7,3:7,0,30,0,2096859923
gym-opening,control-hold,193,Defeat,21,0,20,408,106,410,2,43,7,3:7,0,39,0,2970664454
gym-opening,control-hold,194,Defeat,12,0,12,288,64,0,3,61,-1,,0,24,1,2839972665
gym-opening,control-hold,195,Defeat,20,0,20,336,69,0,3,50,2,3:2|2:12,0,34,1,3459192776
gym-opening,control-hold,196,Defeat,18,0,18,312,41,0,1,64,12,1:12|3:7,0,36,0,3466050391
gym-opening,control-hold,197,Defeat,21,0,20,416,104,74,1,55,13,3:13|1:2,0,57,0,2300383163
gym-opening,control-hold,198,Defeat,21,0,20,488,128,408,1,36,12,3:12|1:2,0,31,1,1455799675
gym-opening,control-hold,199,Defeat,21,0,20,312,51,250,2,53,2,3:2,0,37,0,887417176
gym-opening,control-hold,200,Defeat,21,0,20,320,54,165,3,72,13,3:13,0,43,1,960101094
gym-opening,sustain-hold,1,Defeat,21,0,20,456,96,515,3,35,12,1:12|3:7|2:13,0,39,0,65311564
gym-opening,sustain-hold,2,Defeat,15,0,15,288,48,0,3,102,-1,,0,35,1,3137351360
gym-opening,sustain-hold,3,Defeat,21,0,20,376,93,435,3,42,2,3:2|2:12,0,36,1,454327675
gym-opening,sustain-hold,4,Defeat,21,0,20,640,157,942,1,26,2,1:2|2:8|4:12|3:7,0,17,0,977188749
gym-opening,sustain-hold,5,Defeat,21,0,20,528,147,761,1,19,12,3:12,0,21,1,2979598796
gym-opening,sustain-hold,6,Defeat,21,0,20,416,90,538,1,50,2,3:2|2:2,0,29,1,3600784889
gym-opening,sustain-hold,7,Defeat,14,0,14,256,29,0,3,137,-1,,0,32,1,2861087570
gym-opening,sustain-hold,8,Defeat,21,0,20,488,111,300,2,54,12,4:12|3:7,0,33,0,2909751322
gym-opening,sustain-hold,9,Defeat,21,0,20,320,45,235,4,100,12,3:12,0,74,0,3846481234
gym-opening,sustain-hold,10,Defeat,21,0,20,352,73,266,1,70,2,2:2,0,26,1,3993226823
gym-opening,sustain-hold,11,Defeat,21,0,20,640,195,744,1,48,7,2:7|4:13|3:12,0,22,0,1740107982
gym-opening,sustain-hold,12,Defeat,21,0,20,448,107,544,2,48,7,2:7|3:8,0,40,0,320869854
gym-opening,sustain-hold,13,Defeat,21,0,20,512,103,412,2,54,2,3:2|1:2,0,47,0,4108437523
gym-opening,sustain-hold,14,Defeat,21,0,20,512,134,423,1,43,12,4:12|1:12,0,36,0,2830113656
gym-opening,sustain-hold,15,Defeat,21,0,20,640,165,799,2,26,12,3:12|2:2,0,30,0,3012872256
gym-opening,sustain-hold,16,Defeat,21,0,20,464,114,275,4,68,2,1:2|3:12,0,62,1,1731616121
gym-opening,sustain-hold,17,Defeat,21,0,20,520,165,696,1,55,8,4:8,0,25,0,2690989530
gym-opening,sustain-hold,18,Defeat,21,0,20,520,150,753,1,67,2,1:2,0,26,1,3953599788
gym-opening,sustain-hold,19,Defeat,21,0,20,536,139,848,1,31,7,2:7,0,19,0,767176046
gym-opening,sustain-hold,20,Defeat,21,0,20,408,131,575,1,39,-1,,0,19,1,2285963069
gym-opening,sustain-hold,21,Victory,16,0,16,424,83,665,0,47,13,3:13|1:7,0,25,0,279842413
gym-opening,sustain-hold,22,Defeat,21,0,20,528,117,648,2,39,13,3:13|1:2,0,39,0,1275529648
gym-opening,sustain-hold,23,Defeat,17,0,17,360,62,0,3,80,12,1:12,0,44,1,1193178032
gym-opening,sustain-hold,24,Defeat,21,0,20,528,142,780,1,39,13,3:13,0,20,1,483639982
gym-opening,sustain-hold,25,Defeat,21,0,20,464,99,383,1,55,12,2:12|1:8,0,23,0,1106618164
gym-opening,sustain-hold,26,Defeat,20,0,20,344,66,0,3,93,13,3:13,0,55,0,1467240125
gym-opening,sustain-hold,27,Defeat,20,0,20,352,79,0,2,86,2,3:2,0,49,0,3784327807
gym-opening,sustain-hold,28,Defeat,21,0,20,448,101,392,1,67,2,3:2|1:2,0,43,0,2476410886
gym-opening,sustain-hold,29,Defeat,21,0,20,560,171,629,1,38,-1,,0,21,1,1521418997
gym-opening,sustain-hold,30,Defeat,21,0,20,536,125,656,1,44,8,4:8|3:12,0,41,0,221944536
gym-opening,sustain-hold,31,Defeat,21,0,20,480,90,210,1,68,7,4:7|2:7,0,33,0,2291508146
gym-opening,sustain-hold,32,Defeat,21,0,20,344,71,210,3,62,12,3:12,0,39,1,2226775307
gym-opening,sustain-hold,33,Defeat,21,0,20,528,123,672,2,51,2,3:2|1:12,0,32,1,2658755828
gym-opening,sustain-hold,34,Defeat,21,0,20,640,176,910,1,32,8,4:8,0,19,0,2311739238
gym-opening,sustain-hold,35,Defeat,21,0,20,376,53,43,2,87,13,2:13|3:13,0,34,1,2268028310
gym-opening,sustain-hold,36,Defeat,21,0,20,632,174,644,2,29,8,3:8|2:12,0,27,1,3804907093
gym-opening,sustain-hold,37,Defeat,21,0,20,512,137,678,1,42,2,2:2,0,26,0,985438639
gym-opening,sustain-hold,38,Defeat,21,0,20,400,59,300,3,58,2,2:2|3:2,0,57,0,180484800
gym-opening,sustain-hold,39,Defeat,21,0,20,448,104,571,1,60,12,2:12,0,23,0,2344373780
gym-opening,sustain-hold,40,Defeat,21,0,20,432,81,82,3,75,2,1:2,0,51,1,366289632
gym-opening,sustain-hold,41,Defeat,21,0,20,368,85,114,1,86,2,1:2,0,30,1,2395524978
gym-opening,sustain-hold,42,Defeat,21,0,20,392,102,250,3,57,12,3:12,0,40,1,1942323225
gym-opening,sustain-hold,43,Victory,19,0,19,432,75,293,0,61,13,3:13|2:2,0,31,0,478342998
gym-opening,sustain-hold,44,Defeat,21,0,20,384,64,250,3,68,8,2:8|3:2,0,58,0,2925784478
gym-opening,sustain-hold,45,Defeat,21,0,20,552,173,856,1,42,12,2:12,0,16,1,3764003505
gym-opening,sustain-hold,46,Defeat,16,0,16,328,47,0,2,100,13,3:13,0,38,0,1230796243
gym-opening,sustain-hold,47,Defeat,21,0,20,464,131,150,3,63,7,3:7|1:7,0,51,0,3082582593
gym-opening,sustain-hold,48,Defeat,15,0,15,328,75,0,5,100,13,3:13,0,45,1,1018098689
gym-opening,sustain-hold,49,Defeat,21,0,20,480,88,319,1,61,12,1:12|3:13,0,45,0,1839717361
gym-opening,sustain-hold,50,Victory,19,0,19,480,96,332,0,56,8,3:8|1:8,0,37,0,122261408
gym-opening,sustain-hold,51,Defeat,21,0,20,568,168,752,1,50,12,3:12,0,19,1,1075978018
gym-opening,sustain-hold,52,Victory,12,0,12,352,61,726,0,38,8,3:8|4:2,0,12,0,228047854
gym-opening,sustain-hold,53,Defeat,16,0,16,272,39,0,4,105,-1,,0,38,1,2321761711
gym-opening,sustain-hold,54,Defeat,21,0,20,552,104,290,3,50,2,1:2|3:7,0,39,1,2032289481
gym-opening,sustain-hold,55,Defeat,21,0,20,400,71,135,2,80,13,3:13,0,43,0,2700431036
gym-opening,sustain-hold,56,Defeat,21,0,20,456,123,397,1,63,-1,,0,37,0,3297264481
gym-opening,sustain-hold,57,Defeat,17,0,17,320,70,0,3,95,-1,,0,40,1,3473423745
gym-opening,sustain-hold,58,Defeat,21,0,20,408,81,504,1,72,2,3:2,0,36,1,3578530488
gym-opening,sustain-hold,59,Defeat,21,0,20,432,85,330,1,57,2,4:2|2:13,0,31,0,2605693539
gym-opening,sustain-hold,60,Defeat,21,0,20,632,136,805,1,29,2,3:2|2:12|4:12|1:12,0,39,0,21254540
gym-opening,sustain-hold,61,Defeat,21,0,20,360,63,300,2,51,13,3:13,0,44,0,3023205017
gym-opening,sustain-hold,62,Defeat,21,0,20,408,83,250,3,64,7,2:7|3:12,0,50,0,644787364
gym-opening,sustain-hold,63,Defeat,21,0,20,416,87,265,2,51,12,2:12,0,31,1,2717408167
gym-opening,sustain-hold,64,Defeat,21,0,20,512,115,357,1,43,13,4:13,0,35,0,3170282296
gym-opening,sustain-hold,65,Defeat,21,0,20,520,108,678,1,52,8,3:8|1:2|2:7,0,33,0,1637777267
gym-opening,sustain-hold,66,Defeat,21,0,20,456,105,389,1,63,8,3:8|1:13,0,35,0,615035688
gym-opening,sustain-hold,67,Defeat,21,0,20,400,71,150,1,76,13,3:13|1:13,0,41,0,1700061371
gym-opening,sustain-hold,68,Victory,17,0,17,448,90,369,0,76,13,1:13,0,35,0,993954477
gym-opening,sustain-hold,69,Victory,15,0,15,368,53,238,0,73,12,3:12|1:13,0,37,0,1634041246
gym-opening,sustain-hold,70,Defeat,21,0,20,424,98,220,3,60,13,4:13|1:2|3:12,0,53,1,27474670
gym-opening,sustain-hold,71,Defeat,21,0,20,448,105,555,1,46,7,3:7|2:12,0,27,0,761062656
gym-opening,sustain-hold,72,Defeat,21,0,20,536,109,524,2,41,13,1:13|2:2,0,29,1,4227369527
gym-opening,sustain-hold,73,Defeat,21,0,20,368,57,58,4,84,13,3:13|2:2,0,50,1,1906335308
gym-opening,sustain-hold,74,Victory,14,0,14,344,68,555,0,53,12,3:12|2:12,0,17,0,676041900
gym-opening,sustain-hold,75,Defeat,16,0,16,320,45,0,3,125,-1,,0,35,1,954544370
gym-opening,sustain-hold,76,Defeat,21,0,20,360,56,270,4,75,12,2:12|3:13,0,64,0,3858658382
gym-opening,sustain-hold,77,Defeat,21,0,20,480,116,225,1,43,12,1:12,0,39,1,1899789688
gym-opening,sustain-hold,78,Defeat,21,0,20,576,165,628,1,47,-1,,0,24,1,2847707298
gym-opening,sustain-hold,79,Defeat,13,0,13,264,60,0,5,115,-1,,0,38,1,1064452038
gym-opening,sustain-hold,80,Victory,20,0,20,568,142,677,0,36,12,2:12|3:8,0,25,0,742874122
gym-opening,sustain-hold,81,Defeat,20,0,20,352,33,0,3,111,12,3:12|2:2,0,54,0,2789466718
gym-opening,sustain-hold,82,Defeat,21,0,20,504,113,225,1,50,13,3:13,0,42,0,2547782220
gym-opening,sustain-hold,83,Defeat,21,0,20,416,94,530,1,50,12,3:12,0,32,0,2639158932
gym-opening,sustain-hold,84,Defeat,21,0,20,424,87,650,2,43,2,2:2,0,26,1,867725767
gym-opening,sustain-hold,85,Defeat,17,0,17,336,46,0,2,90,13,3:13|2:2,0,47,0,3848864498
gym-opening,sustain-hold,86,Victory,15,0,15,464,102,637,0,51,7,1:7|3:2,0,25,0,2104587577
gym-opening,sustain-hold,87,Defeat,21,0,20,392,82,449,1,69,-1,,0,23,1,2936991164
gym-opening,sustain-hold,88,Defeat,21,0,20,536,132,646,1,53,13,3:13|4:2|2:2,0,28,0,3283302984
gym-opening,sustain-hold,89,Defeat,21,0,20,472,97,250,4,71,7,3:7|1:13|2:12,0,51,1,3385364085
gym-opening,sustain-hold,90,Defeat,21,0,20,584,174,620,1,36,12,4:12,0,26,0,311482996
gym-opening,sustain-hold,91,Defeat,21,0,20,416,70,285,1,57,13,2:13,0,38,1,2056507417
gym-opening,sustain-hold,92,Defeat,21,0,20,448,112,400,1,62,8,3:8|1:13,0,37,0,3173053557
gym-opening,sustain-hold,93,Defeat,14,0,14,272,42,0,3,114,-1,,0,34,1,2964753208
gym-opening,sustain-hold,94,Defeat,21,0,20,408,111,565,1,43,2,3:2|2:7,0,19,0,498912102
gym-opening,sustain-hold,95,Defeat,21,0,20,640,249,879,1,27,8,3:8|4:8|1:7,0,17,0,3905381293
gym-opening,sustain-hold,96,Defeat,21,0,20,544,140,576,2,41,12,3:12,0,51,0,805048493
gym-opening,sustain-hold,97,Defeat,21,0,20,368,106,125,3,76,12,3:12,0,45,1,877633417
gym-opening,sustain-hold,98,Defeat,21,0,20,624,151,829,1,33,12,3:12|4:8,0,16,1,2023145448
gym-opening,sustain-hold,99,Defeat,21,0,20,448,89,180,1,67,12,1:12,0,46,0,168291778
gym-opening,sustain-hold,100,Defeat,21,0,20,368,66,300,3,76,7,2:7|3:2,0,58,0,4020032269
gym-opening,sustain-hold,101,Defeat,21,0,20,480,117,509,1,51,2,3:2|1:7,0,31,0,2368406717
gym-opening,sustain-hold,102,Defeat,21,0,20,536,164,862,1,35,7,3:7,0,20,0,4159739584
gym-opening,sustain-hold,103,Defeat,21,0,20,536,156,791,1,34,13,3:13|2:7,0,21,0,1981368549
gym-opening,sustain-hold,104,Defeat,21,0,20,416,42,225,1,69,8,3:8,0,29,0,3927402648
gym-opening,sustain-hold,105,Defeat,21,0,20,344,57,155,1,93,7,3:7,0,37,1,2947809886
gym-opening,sustain-hold,106,Defeat,21,0,20,352,54,170,1,97,8,2:8,0,35,0,458827264
gym-opening,sustain-hold,107,Defeat,21,0,20,376,63,265,1,80,7,1:7|3:2,0,42,0,4004254902
gym-opening,sustain-hold,108,Defeat,15,0,15,296,43,0,3,121,13,3:13,0,46,0,1902339461
gym-opening,sustain-hold,109,Victory,19,0,19,608,149,865,0,30,12,1:12|2:7,0,14,0,922752198
gym-opening,sustain-hold,110,Defeat,21,0,20,368,78,330,4,73,12,2:12,0,52,1,2979549177
gym-opening,sustain-hold,111,Defeat,21,0,20,464,89,537,1,46,12,3:12|4:2,0,42,0,3193849019
gym-opening,sustain-hold,112,Defeat,21,0,20,408,90,454,1,60,2,1:2|2:2,0,29,1,659268001
gym-opening,sustain-hold,113,Victory,19,0,19,432,93,420,0,64,12,1:12|3:7,0,34,0,3446157741
gym-opening,sustain-hold,114,Defeat,21,0,20,432,78,305,1,66,2,2:2|3:2,0,41,1,1774657134
gym-opening,sustain-hold,115,Defeat,21,0,20,456,115,651,1,45,8,4:8,0,32,0,4166676868
gym-opening,sustain-hold,116,Victory,15,0,15,480,108,884,0,35,12,4:12|2:7|1:8|3:8,0,13,0,4288006672
gym-opening,sustain-hold,117,Defeat,21,0,20,448,98,625,1,50,2,2:2|3:2,0,28,1,1021162361
gym-opening,sustain-hold,118,Defeat,21,0,20,584,145,440,1,54,12,1:12|4:7,0,26,0,2896057541
gym-opening,sustain-hold,119,Defeat,21,0,20,320,47,103,1,80,12,3:12,0,44,1,1593581287
gym-opening,sustain-hold,120,Defeat,21,0,20,456,109,416,1,54,12,1:12,0,42,1,613067167
gym-opening,sustain-hold,121,Defeat,21,0,20,464,100,317,1,77,2,3:2|1:13,0,61,0,3622302323
gym-opening,sustain-hold,122,Defeat,18,0,18,352,80,0,3,100,7,3:7,0,45,0,901571656
gym-opening,sustain-hold,123,Defeat,21,0,20,432,117,633,1,37,-1,,0,13,1,2537982594
gym-opening,sustain-hold,124,Defeat,21,0,20,480,109,369,1,50,2,2:2|3:7|4:2,0,46,0,568366989
gym-opening,sustain-hold,125,Defeat,21,0,20,416,97,550,1,55,7,3:7,0,23,0,870603552
gym-opening,sustain-hold,126,Defeat,21,0,20,408,73,358,3,56,2,2:2,0,49,0,1975628191
gym-opening,sustain-hold,127,Defeat,21,0,20,440,90,586,1,38,13,2:13|3:2,0,34,0,3416928219
gym-opening,sustain-hold,128,Victory,20,0,20,504,133,498,0,39,8,3:8|4:7|2:7,0,21,0,1041895820
gym-opening,sustain-hold,129,Defeat,21,0,20,376,89,270,1,68,12,3:12,0,34,1,4229144917
gym-opening,sustain-hold,130,Defeat,21,0,20,408,85,130,2,72,12,3:12,0,44,0,3758049348
gym-opening,sustain-hold,131,Defeat,20,0,20,352,52,0,3,109,12,3:12,0,69,0,2782476280
gym-opening,sustain-hold,132,Defeat,21,0,20,528,155,671,1,33,12,1:12|3:8,0,30,0,910791937
gym-opening,sustain-hold,133,Defeat,21,0,20,312,56,45,1,87,2,2:2,0,46,1,3578719141
gym-opening,sustain-hold,134,Defeat,21,0,20,472,98,447,1,71,-1,,0,28,1,549161230
gym-opening,sustain-hold,135,Defeat,21,0,20,376,66,230,1,70,7,3:7,0,35,0,443643623
gym-opening,sustain-hold,136,Defeat,21,0,20,480,76,450,1,58,7,1:7|3:2,0,39,0,3796223755
gym-opening,sustain-hold,137,Defeat,16,0,16,328,73,0,2,82,-1,,0,29,1,2866021734
gym-opening,sustain-hold,138,Defeat,21,0,20,424,81,519,1,54,13,3:13,0,42,0,1351429424
gym-opening,sustain-hold,139,Defeat,21,0,20,384,73,180,2,85,7,3:7,0,29,0,507511208
gym-opening,sustain-hold,140,Defeat,21,0,20,416,74,373,1,59,-1,,0,30,1,2323933856
gym-opening,sustain-hold,141,Defeat,21,0,20,408,103,55,2,68,12,3:12,0,46,0,3734593332
gym-opening,sustain-hold,142,Defeat,21,0,20,360,56,13,2,106,8,3:8,0,47,0,4136558341
gym-opening,sustain-hold,143,Defeat,16,0,16,304,52,0,4,84,-1,,0,44,1,2394507989
gym-opening,sustain-hold,144,Defeat,21,0,20,360,84,300,2,53,12,2:12,0,24,1,1326709882
gym-opening,sustain-hold,145,Defeat,21,0,20,368,81,405,2,47,13,3:13|2:13,0,33,0,1937454668
gym-opening,sustain-hold,146,Defeat,21,0,20,416,88,449,1,51,12,2:12,0,26,1,424173387
gym-opening,sustain-hold,147,Defeat,21,0,20,528,133,672,1,37,2,1:2|2:2,0,24,0,4129343956
gym-opening,sustain-hold,148,Defeat,21,0,20,440,107,570,1,45,-1,,0,25,1,3572649453
gym-opening,sustain-hold,149,Defeat,21,0,20,568,119,747,1,33,2,2:2|4:8|3:12,0,26,0,3994261313
gym-opening,sustain-hold,150,Defeat,21,0,20,640,206,906,1,45,-1,,0,31,1,3690227850
gym-opening,sustain-hold,151,Defeat,17,0,17,320,51,0,3,95,-1,,0,39,0,1691480186
gym-opening,sustain-hold,152,Defeat,21,0,20,416,94,250,2,63,7,1:7,0,45,0,3334900647
gym-opening,sustain-hold,153,Defeat,21,0,20,432,81,90,2,87,13,1:13|3:7,0,57,0,1893351210
gym-opening,sustain-hold,154,Defeat,21,0,20,464,111,352,1,55,13,4:13|3:13|1:2,0,37,1,747443198
gym-opening,sustain-hold,155,Defeat,21,0,20,328,71,140,3,109,2,3:2,0,57,1,1232962332
gym-opening,sustain-hold,156,Defeat,12,0,12,208,31,0,3,126,-1,,0,34,1,3560000934
gym-opening,sustain-hold,157,Defeat,21,0,20,488,135,488,4,59,13,1:13|2:2|3:13,0,51,1,1714871813
gym-opening,sustain-hold,158,Defeat,21,0,20,464,94,528,1,48,2,3:2|2:7,0,23,0,2263286969
gym-opening,sustain-hold,159,Defeat,18,0,18,336,73,0,4,78,12,3:12,0,46,1,2073146285
gym-opening,sustain-hold,160,Victory,20,0,20,640,170,996,0,20,12,3:12|4:8|1:7,0,18,0,2340809437
gym-opening,sustain-hold,161,Defeat,21,0,20,432,89,180,3,72,7,3:7|2:2,0,57,0,648909562
gym-opening,sustain-hold,162,Victory,16,0,16,456,88,481,0,64,7,1:7,0,26,0,2629296236
gym-opening,sustain-hold,163,Defeat,21,0,20,456,89,186,3,52,12,4:12|1:2|3:7,0,46,0,3564268337
gym-opening,sustain-hold,164,Defeat,21,0,20,344,67,115,1,81,2,3:2,0,43,1,1231230616
gym-opening,sustain-hold,165,Defeat,19,0,19,368,79,0,3,84,12,3:12,0,53,0,3418200902
gym-opening,sustain-hold,166,Defeat,21,0,20,520,141,722,1,41,2,2:2|3:2|1:8,0,31,0,1422422707
gym-opening,sustain-hold,167,Defeat,21,0,20,440,79,60,4,89,7,2:7|3:13,0,60,0,1358543364
gym-opening,sustain-hold,168,Defeat,21,0,20,504,118,215,3,55,13,1:13|3:7,0,64,0,2902868765
gym-opening,sustain-hold,169,Defeat,21,0,20,336,58,133,5,69,13,3:13|2:2,0,68,0,4250266326
gym-opening,sustain-hold,170,Defeat,21,0,20,536,164,762,1,32,13,3:13,0,24,1,2370508590
gym-opening,sustain-hold,171,Defeat,21,0,20,472,130,496,1,44,7,2:7|1:13,0,33,0,3996801451
gym-opening,sustain-hold,172,Defeat,19,0,19,408,78,0,4,84,12,4:12|3:13,0,62,0,999429879
gym-opening,sustain-hold,173,Defeat,21,0,20,376,83,125,3,72,-1,,0,46,1,849580385
gym-opening,sustain-hold,174,Defeat,21,0,20,440,115,571,1,38,7,1:7,0,23,0,3081579412
gym-opening,sustain-hold,175,Victory,20,0,20,544,145,716,0,39,2,2:2|1:7|3:7,0,29,0,872683480
gym-opening,sustain-hold,176,Defeat,21,0,20,392,74,25,2,67,2,2:2|3:12,0,52,1,2377061636
gym-opening,sustain-hold,177,Victory,17,0,17,464,100,640,0,37,8,3:8,0,18,0,994002050
gym-opening,sustain-hold,178,Defeat,21,0,20,432,101,428,1,50,2,1:2|3:12|2:2,0,23,0,3550977773
gym-opening,sustain-hold,179,Defeat,21,0,20,432,101,420,1,70,2,3:2|1:2,0,30,1,3744035895
gym-opening,sustain-hold,180,Defeat,21,0,20,336,57,95,4,104,7,3:7,0,54,1,148171395
gym-opening,sustain-hold,181,Defeat,21,0,20,360,63,25,4,95,13,2:13|3:2,0,63,1,4084895359
gym-opening,sustain-hold,182,Defeat,12,0,12,264,36,0,4,139,-1,,0,33,1,1948239861
gym-opening,sustain-hold,183,Defeat,21,0,20,408,111,550,1,52,2,3:2,0,22,1,1797142007
gym-opening,sustain-hold,184,Defeat,21,0,20,432,85,35,3,74,13,3:13|1:13,0,48,0,918899032
gym-opening,sustain-hold,185,Victory,20,0,20,488,122,218,0,52,12,1:12|3:8,0,30,0,2621523571
gym-opening,sustain-hold,186,Defeat,21,0,20,416,76,105,2,48,8,4:8|2:13,0,35,0,784940982
gym-opening,sustain-hold,187,Defeat,21,0,20,544,142,709,1,38,13,2:13|4:8,0,26,0,3320372402
gym-opening,sustain-hold,188,Defeat,21,0,20,368,65,250,3,60,12,3:12,0,46,1,858759008
gym-opening,sustain-hold,189,Defeat,21,0,20,384,80,328,1,60,13,2:13|3:13,0,26,1,702492914
gym-opening,sustain-hold,190,Defeat,21,0,20,368,76,15,3,71,13,2:13,0,36,1,3733656247
gym-opening,sustain-hold,191,Victory,20,0,20,536,147,729,0,26,12,1:12|3:2|2:7,0,29,0,1057819583
gym-opening,sustain-hold,192,Defeat,13,0,13,256,53,0,4,100,-1,,0,31,1,183554857
gym-opening,sustain-hold,193,Defeat,21,0,20,384,43,198,2,72,12,3:12|2:2,0,37,0,1399898340
gym-opening,sustain-hold,194,Defeat,21,0,20,456,87,55,2,66,2,3:2|1:2|4:7,0,66,0,2545129012
gym-opening,sustain-hold,195,Victory,19,0,19,416,54,388,0,59,12,3:12|2:7|1:2,0,25,0,656584281
gym-opening,sustain-hold,196,Defeat,20,0,20,344,49,0,2,104,-1,,0,41,1,1624422515
gym-opening,sustain-hold,197,Defeat,21,0,20,584,174,564,1,57,12,3:12,0,34,1,2623387306
gym-opening,sustain-hold,198,Defeat,21,0,20,464,130,615,1,27,2,2:2,0,20,0,2261509971
gym-opening,sustain-hold,199,Defeat,21,0,20,448,124,555,1,37,13,3:13,0,28,1,2030781638
gym-opening,sustain-hold,200,Defeat,21,0,20,432,114,398,2,48,2,2:2|3:7,0,32,1,1971749744
gym-opening,shield-wall,1,Defeat,21,0,20,424,129,210,1,50,13,3:13|4:12,0,47,0,2774654830
gym-opening,shield-wall,2,Defeat,21,0,20,424,124,376,1,50,12,3:12,0,27,0,2604909288
gym-opening,shield-wall,3,Victory,18,0,18,432,99,273,0,44,8,3:8|1:13,0,37,0,490738111
gym-opening,shield-wall,4,Defeat,21,0,20,448,99,333,2,39,13,1:13|2:2,0,38,1,2554748940
gym-opening,shield-wall,5,Victory,17,0,17,376,88,438,0,55,7,2:7|3:2,0,31,0,3765037402
gym-opening,shield-wall,6,Defeat,21,0,20,552,197,842,1,20,8,4:8|1:13,0,22,0,4125143935
gym-opening,shield-wall,7,Defeat,21,0,20,336,94,114,1,61,2,1:2,0,29,1,2889390320
gym-opening,shield-wall,8,Defeat,21,0,20,512,172,772,1,34,7,2:7,0,23,1,836905817
gym-opening,shield-wall,9,Defeat,21,0,20,464,146,375,1,34,-1,,0,31,0,994274641
gym-opening,shield-wall,10,Defeat,21,0,20,512,145,720,1,32,13,1:13|3:13|2:7,0,38,0,2737784554
gym-opening,shield-wall,11,Defeat,21,0,20,416,118,388,1,44,13,3:13|1:12,0,24,1,2052504084
gym-opening,shield-wall,12,Defeat,16,0,16,336,88,0,3,78,12,3:12,0,46,1,2961776826
gym-opening,shield-wall,13,Defeat,21,0,20,456,141,633,1,40,12,2:12|3:12,0,23,1,3740483234
gym-opening,shield-wall,14,Defeat,21,0,20,480,167,645,1,23,12,2:12,0,15,0,3473934990
gym-opening,shield-wall,15,Defeat,21,0,20,440,131,458,2,56,12,1:12,0,42,1,2860493995
gym-opening,shield-wall,16,Defeat,21,0,20,544,185,947,1,16,-1,,0,12,1,1906327117
gym-opening,shield-wall,17,Victory,16,0,16,400,73,290,0,54,8,3:8|1:13,0,34,0,2728938999
gym-opening,shield-wall,18,Defeat,21,0,20,352,72,220,1,86,13,1:13|3:2,0,30,1,2048977795
gym-opening,shield-wall,19,Defeat,21,0,20,528,174,595,1,30,12,3:12|4:12,0,26,1,635844849
gym-opening,shield-wall,20,Defeat,21,0,20,536,170,808,1,28,2,3:2|4:12,0,22,1,2093594359
gym-opening,shield-wall,21,Defeat,21,0,20,640,231,802,1,22,13,3:13|1:12|2:7,0,10,0,1785283264
gym-opening,shield-wall,22,Defeat,21,0,20,496,131,341,1,45,12,4:12|1:13|3:13,0,32,0,3152326400
gym-opening,shield-wall,23,Defeat,21,0,20,408,125,383,1,54,13,1:13,0,29,1,3229447433
gym-opening,shield-wall,24,Defeat,21,0,20,392,96,168,2,55,13,1:13|2:2,0,47,0,1572567475
gym-opening,shield-wall,25,Defeat,21,0,20,560,195,647,1,30,12,1:12,0,17,1,2138673362
gym-opening,shield-wall,26,Defeat,21,0,20,544,177,548,1,44,12,1:12|3:2|4:13,0,32,0,3977982446
gym-opening,shield-wall,27,Defeat,21,0,20,312,76,230,1,69,13,3:13,0,34,0,3603800841
gym-opening,shield-wall,28,Defeat,21,0,20,360,92,210,1,44,7,3:7,0,31,1,3026538246
gym-opening,shield-wall,29,Defeat,21,0,20,448,121,418,1,46,12,1:12|3:2,0,32,0,124790824
gym-opening,shield-wall,30,Defeat,21,0,20,344,70,148,1,69,12,1:12,0,40,0,728497632
gym-opening,shield-wall,31,Defeat,21,0,20,480,122,450,2,30,2,4:2|2:8|3:12,0,33,0,2150177671
gym-opening,shield-wall,32,Defeat,21,0,20,512,202,774,1,32,2,1:2|2:7,0,25,0,714189775
gym-opening,shield-wall,33,Defeat,17,0,17,328,75,0,3,80,12,1:12,0,45,0,2076306683
gym-opening,shield-wall,34,Defeat,21,0,20,504,185,640,1,42,7,3:7,0,26,0,2799476895
gym-opening,shield-wall,35,Defeat,21,0,20,544,182,712,1,26,-1,,0,13,1,2770574861
gym-opening,shield-wall,36,Defeat,21,0,20,416,132,460,1,40,2,1:2|3:13,0,40,0,993016673
gym-opening,shield-wall,37,Defeat,21,0,20,640,256,726,1,30,12,1:12,0,23,1,4011337176
gym-opening,shield-wall,38,Defeat,21,0,20,400,89,300,2,66,12,2:12,0,31,1,1469716584
gym-opening,shield-wall,39,Defeat,21,0,20,560,176,539,1,40,12,1:12|3:13,0,24,0,3540509331
gym-opening,shield-wall,40,Defeat,21,0,20,528,115,752,1,24,12,1:12|3:13,0,21,1,1336979399
gym-opening,shield-wall,41,Defeat,15,0,15,296,85,0,3,81,13,1:13,0,40,1,3607149804
gym-opening,shield-wall,42,Defeat,21,0,20,320,62,160,1,85,13,3:13,0,49,0,3606699441
gym-opening,shield-wall,43,Defeat,21,0,20,560,169,428,1,40,12,3:12|4:13|1:12,0,24,0,3230467347
gym-opening,shield-wall,44,Defeat,21,0,20,536,186,830,1,22,-1,,0,11,1,4229512925
gym-opening,shield-wall,45,Defeat,21,0,20,640,204,996,3,18,13,4:13,0,44,0,1930875607
gym-opening,shield-wall,46,Defeat,21,0,20,360,83,225,1,68,13,1:13|3:7,0,43,1,3097645677
gym-opening,shield-wall,47,Defeat,21,0,20,640,218,861,1,37,8,3:8|2:8,0,28,0,3915271298
gym-opening,shield-wall,48,Defeat,21,0,20,400,117,340,4,58,12,1:12|3:7,0,55,1,1497589915
gym-opening,shield-wall,49,Defeat,21,0,20,408,127,363,1,47,12,3:12|1:2,0,33,1,4024162812
gym-opening,shield-wall,50,Defeat,21,0,20,336,92,158,1,76,13,1:13,0,31,1,363073140
gym-opening,shield-wall,51,Defeat,21,0,20,536,185,568,1,35,-1,,0,18,1,1408060922
gym-opening,shield-wall,52,Defeat,21,0,20,432,92,388,2,50,2,3:2,0,28,1,2268169008
gym-opening,shield-wall,53,Defeat,21,0,20,384,96,150,2,54,2,3:2,0,34,1,3296712354
gym-opening,shield-wall,54,Defeat,15,0,15,296,77,0,3,89,12,3:12,0,39,0,1556284108
gym-opening,shield-wall,55,Defeat,12,0,12,224,50,0,4,96,2,3:2,0,34,1,3262170629
gym-opening,shield-wall,56,Defeat,21,0,20,440,156,460,1,36,2,1:2,0,15,1,3906611477
gym-opening,shield-wall,57,Defeat,21,0,20,424,116,250,3,50,12,3:12,0,42,0,666217468
gym-opening,shield-wall,58,Defeat,21,0,20,432,106,419,1,50,7,3:7,0,15,0,2815583242
gym-opening,shield-wall,59,Defeat,21,0,20,448,133,415,1,51,12,4:12|3:8,0,40,1,1215364845
gym-opening,shield-wall,60,Defeat,21,0,20,512,157,450,1,39,12,4:12|3:2,0,32,0,2230454379
gym-opening,shield-wall,61,Defeat,21,0,20,464,126,330,2,41,2,3:2,0,34,0,4133975661
gym-opening,shield-wall,62,Defeat,21,0,20,640,231,988,1,12,13,3:13|1:2,0,12,1,632168324
gym-opening,shield-wall,63,Defeat,21,0,20,432,135,420,1,64,2,1:2|3:7,0,28,0,1585782048
gym-opening,shield-wall,64,Defeat,21,0,20,456,123,611,1,28,7,2:7,0,16,0,2006299458
gym-opening,shield-wall,65,Defeat,21,0,20,448,142,460,1,39,12,1:12,0,21,0,431769664
gym-opening,shield-wall,66,Defeat,21,0,20,496,133,445,2,32,12,1:12|3:12,0,29,1,2958890208
gym-opening,shield-wall,67,Defeat,21,0,20,504,142,455,1,33,12,1:12,0,29,1,3857776032
gym-opening,shield-wall,68,Defeat,21,0,20,296,54,175,1,62,12,3:12,0,45,1,3880055642
gym-opening,shield-wall,69,Defeat,21,0,20,432,120,590,1,44,13,3:13|2:13,0,17,1,2261869619
gym-opening,shield-wall,70,Defeat,21,0,20,392,110,413,2,55,7,3:7|1:2,0,33,1,2721593439
gym-opening,shield-wall,71,Victory,19,0,19,400,89,280,0,52,12,1:12|3:8,0,24,0,727994351
gym-opening,shield-wall,72,Defeat,21,0,20,408,124,495,1,41,12,3:12,0,22,1,632445818
gym-opening,shield-wall,73,Defeat,21,0,20,320,55,225,2,62,12,3:12,0,40,0,3425834850
gym-opening,shield-wall,74,Defeat,15,0,15,240,55,0,3,86,2,3:2,0,41,0,3996057958
gym-opening,shield-wall,75,Defeat,21,0,20,448,115,626,1,23,8,2:8|3:2,0,28,0,932042973
gym-opening,shield-wall,76,Defeat,21,0,20,512,182,885,1,21,2,1:2,0,11,1,3357684857
gym-opening,shield-wall,77,Defeat,21,0,20,448,128,652,1,64,7,2:7,0,23,1,272315802
gym-opening,shield-wall,78,Defeat,21,0,20,512,159,849,1,25,13,1:13|3:13|2:2,0,24,1,2768321456
gym-opening,shield-wall,79,Defeat,21,0,20,520,164,664,1,35,13,3:13|2:7|1:13,0,35,0,572228032
gym-opening,shield-wall,80,Defeat,21,0,20,424,135,442,1,33,2,3:2,0,24,0,2828486427
gym-opening,shield-wall,81,Defeat,21,0,20,576,176,761,1,34,12,3:12|4:12|2:12,0,23,1,3896881794
gym-opening,shield-wall,82,Defeat,21,0,20,440,127,339,1,58,13,1:13|3:7,0,32,1,4059435057
gym-opening,shield-wall,83,Defeat,21,0,20,304,66,200,1,68,12,3:12,0,34,1,631759217
gym-opening,shield-wall,84,Defeat,21,0,20,392,110,275,2,51,12,3:12|2:2,0,35,1,1775267452
gym-opening,shield-wall,85,Defeat,21,0,20,472,142,348,1,45,7,3:7,0,22,0,2944385944
gym-opening,shield-wall,86,Victory,16,0,16,400,99,399,0,40,8,2:8|4:12|3:13,0,19,0,4185943686
gym-opening,shield-wall,87,Defeat,21,0,20,544,176,586,1,29,12,1:12|3:12,0,17,1,151437331
gym-opening,shield-wall,88,Defeat,21,0,20,328,64,250,3,51,13,2:13|3:2,0,43,1,1624481920
gym-opening,shield-wall,89,Defeat,21,0,20,352,72,200,2,52,2,3:2,0,42,0,3450014415
gym-opening,shield-wall,90,Victory,20,0,20,560,158,436,0,34,12,3:12|4:13|1:2,0,41,0,141389707
gym-opening,shield-wall,91,Defeat,11,0,11,232,56,0,4,86,13,1:13,0,36,1,3644137988
gym-opening,shield-wall,92,Victory,13,0,13,368,86,598,0,45,12,1:12|3:13,0,19,0,4147811706
gym-opening,shield-wall,93,Victory,18,0,18,376,72,473,0,42,2,1:2|3:12|2:7,0,24,0,2835058210
gym-opening,shield-wall,94,Defeat,21,0,20,440,124,302,1,43,13,1:13|3:2,0,31,0,2354236636
gym-opening,shield-wall,95,Defeat,21,0,20,528,169,807,1,31,2,1:2|2:2|3:12,0,27,0,1578524020
gym-opening,shield-wall,96,Defeat,21,0,20,464,118,456,1,41,12,1:12|3:13,0,29,0,898061472
gym-opening,shield-wall,97,Defeat,21,0,20,440,102,300,1,60,13,3:13,0,27,0,109985581
gym-opening,shield-wall,98,Defeat,21,0,20,600,192,680,1,34,12,4:12|2:12,0,27,1,792035623
gym-opening,shield-wall,99,Defeat,21,0,20,480,130,390,1,48,12,4:12|3:13|1:12,0,29,1,2380722533
gym-opening,shield-wall,100,Defeat,21,0,20,344,53,200,1,60,13,3:13|1:13,0,48,0,2049600166
gym-opening,shield-wall,101,Defeat,21,0,20,536,166,643,1,37,12,3:12|4:12|1:12,0,32,0,1906083054
gym-opening,shield-wall,102,Defeat,21,0,20,384,80,360,1,39,-1,,0,22,1,895367854
gym-opening,shield-wall,103,Defeat,21,0,20,536,157,840,1,23,12,3:12,0,15,1,2973122665
gym-opening,shield-wall,104,Defeat,21,0,20,544,170,733,1,32,13,3:13|1:12|2:12,0,23,0,2367267657
gym-opening,shield-wall,105,Defeat,21,0,20,408,117,250,2,47,12,1:12|3:8,0,33,1,3713630844
gym-opening,shield-wall,106,Victory,14,0,14,448,127,640,0,33,2,3:2,0,17,0,865754465
gym-opening,shield-wall,107,Defeat,21,0,20,504,179,796,1,23,2,3:2,0,19,0,3875645035
gym-opening,shield-wall,108,Defeat,21,0,20,424,124,309,1,54,13,4:13|1:2,0,32,0,281713599
gym-opening,shield-wall,109,Defeat,21,0,20,552,184,548,1,39,7,4:7,0,23,0,983958538
gym-opening,shield-wall,110,Defeat,21,0,20,512,160,791,1,29,12,1:12|3:13,0,26,1,1101254080
gym-opening,shield-wall,111,Defeat,21,0,20,408,137,400,1,39,7,3:7,0,18,1,3718029316
gym-opening,shield-wall,112,Defeat,21,0,20,464,117,433,1,46,12,1:12|3:13|4:13,0,34,0,1666711919
gym-opening,shield-wall,113,Defeat,21,0,20,536,165,581,1,28,2,1:2|4:13|3:13,0,25,1,482706425
gym-opening,shield-wall,114,Defeat,21,0,20,368,80,235,1,80,12,1:12|3:7,0,44,1,1049060426
gym-opening,shield-wall,115,Defeat,21,0,20,544,215,795,1,20,2,3:2|2:7,0,12,0,738013234
gym-opening,shield-wall,116,Defeat,21,0,20,456,112,437,1,50,12,3:12|1:13,0,23,1,435673914
gym-opening,shield-wall,117,Defeat,21,0,20,456,121,408,1,47,8,2:8|3:8,0,37,0,1013536160
gym-opening,shield-wall,118,Defeat,21,0,20,424,108,614,1,39,2,1:2|2:2,0,28,1,1158972755
gym-opening,shield-wall,119,Defeat,21,0,20,448,131,330,2,48,13,1:13|3:13,0,32,1,918746022
gym-opening,shield-wall,120,Defeat,21,0,20,360,91,150,1,66,-1,,0,26,1,2495255826
gym-opening,shield-wall,121,Defeat,21,0,20,504,149,720,2,28,2,1:2|3:12,0,38,0,1043527610
gym-opening,shield-wall,122,Defeat,21,0,20,392,115,588,1,34,12,3:12,0,25,1,1451608277
gym-opening,shield-wall,123,Defeat,21,0,20,416,122,608,1,23,13,3:13|2:2,0,28,0,1223864258
gym-opening,shield-wall,124,Victory,19,0,19,456,122,268,0,38,13,1:13|3:12,0,36,0,470246595
gym-opening,shield-wall,125,Defeat,21,0,20,512,168,438,1,35,12,3:12|4:8,0,21,0,3909484021
gym-opening,shield-wall,126,Defeat,21,0,20,536,156,732,1,34,2,3:2,0,22,1,2629065538
gym-opening,shield-wall,127,Defeat,21,0,20,400,128,435,1,44,2,1:2,0,26,1,1331940712
gym-opening,shield-wall,128,Defeat,21,0,20,552,188,715,1,27,7,3:7,0,13,1,2231311092
gym-opening,shield-wall,129,Defeat,21,0,20,392,70,250,2,61,2,1:2|3:2,0,32,0,4186448044
gym-opening,shield-wall,130,Defeat,20,0,20,312,81,0,2,82,2,3:2,0,44,0,3324582554
gym-opening,shield-wall,131,Defeat,21,0,20,560,173,590,1,28,2,3:2|4:12,0,16,1,274616004
gym-opening,shield-wall,132,Defeat,21,0,20,456,123,330,2,52,12,3:12|1:2,0,35,0,3577144228
gym-opening,shield-wall,133,Defeat,21,0,20,424,118,615,2,37,2,3:2|2:2,0,30,1,3452420990
gym-opening,shield-wall,134,Defeat,21,0,20,544,171,761,1,42,2,1:2|2:2,0,26,1,1534772967
gym-opening,shield-wall,135,Defeat,21,0,20,416,120,168,1,61,12,4:12|1:13,0,33,1,4259727440
gym-opening,shield-wall,136,Defeat,21,0,20,520,190,775,1,27,2,1:2|2:2,0,19,1,364490857
gym-opening,shield-wall,137,Defeat,21,0,20,376,93,275,1,55,-1,,0,25,1,2187786939
gym-opening,shield-wall,138,Defeat,21,0,20,440,126,130,1,43,12,4:12|3:12,0,29,1,3255939211
gym-opening,shield-wall,139,Defeat,21,0,20,456,136,443,1,38,13,1:13,0,21,1,1099651198
gym-opening,shield-wall,140,Defeat,21,0,20,472,142,410,2,42,12,4:12|3:13,0,53,0,2207658241
gym-opening,shield-wall,141,Defeat,21,0,20,416,110,336,1,50,12,1:12,0,32,0,2465609080
gym-opening,shield-wall,142,Defeat,21,0,20,416,100,435,1,36,13,3:13|1:12,0,38,0,3551133501
gym-opening,shield-wall,143,Defeat,21,0,20,472,125,418,1,37,13,1:13|3:13,0,24,0,1216128723
gym-opening,shield-wall,144,Defeat,21,0,20,432,128,488,1,59,12,1:12,0,22,1,3484719339
gym-opening,shield-wall,145,Defeat,21,0,20,304,54,230,2,60,13,3:13,0,38,0,1089283392
gym-opening,shield-wall,146,Defeat,21,0,20,528,166,836,1,31,7,2:7|3:2,0,22,0,2527446164
gym-opening,shield-wall,147,Victory,19,0,19,512,141,580,0,35,12,3:12|4:12|1:12,0,18,1,4213186931
gym-opening,shield-wall,148,Defeat,21,0,20,440,124,435,2,36,2,2:2|3:2,0,33,0,3441414069
gym-opening,shield-wall,149,Defeat,21,0,20,544,155,380,1,33,2,2:2|4:13,0,30,0,1232997977
gym-opening,shield-wall,150,Defeat,21,0,20,384,94,170,1,58,13,3:13|1:13,0,49,0,1018229442
gym-opening,shield-wall,151,Defeat,14,0,14,248,47,0,4,96,2,3:2,0,33,1,3987529332
gym-opening,shield-wall,152,Defeat,21,0,20,440,126,436,1,30,2,1:2|2:2,0,29,1,2111124842
gym-opening,shield-wall,153,Defeat,21,0,20,520,151,767,1,33,2,1:2|2:7|3:12,0,16,0,2549744861
gym-opening,shield-wall,154,Defeat,21,0,20,536,168,845,1,20,13,1:13|2:13|3:12,0,15,0,2465443554
gym-opening,shield-wall,155,Defeat,21,0,20,520,176,766,1,33,12,1:12|2:7,0,13,0,3832316911
gym-opening,shield-wall,156,Defeat,18,0,18,256,62,0,3,84,12,3:12,0,48,0,130427802
gym-opening,shield-wall,157,Defeat,21,0,20,504,198,766,1,25,-1,,0,14,1,2791758859
gym-opening,shield-wall,158,Defeat,21,0,20,488,107,428,1,55,12,1:12|3:8,0,28,0,3578979450
gym-opening,shield-wall,159,Defeat,21,0,20,432,127,438,1,44,12,3:12|1:12,0,26,1,1032378785
gym-opening,shield-wall,160,Defeat,21,0,20,440,98,550,2,36,-1,,0,32,1,4153418795
gym-opening,shield-wall,161,Defeat,21,0,20,272,57,225,1,55,13,3:13,0,31,1,1826818835
gym-opening,shield-wall,162,Defeat,21,0,20,416,115,550,1,44,13,3:13|2:2,0,27,1,3669555475
gym-opening,shield-wall,163,Defeat,21,0,20,512,142,783,1,31,2,1:2|2:2,0,29,1,3031071273
gym-opening,shield-wall,164,Victory,19,0,19,312,65,180,0,53,7,3:7,0,35,0,465089476
gym-opening,shield-wall,165,Defeat,21,0,20,416,97,495,1,63,2,2:2,0,23,0,1695687740
gym-opening,shield-wall,166,Defeat,12,0,12,272,45,0,2,88,12,1:12|3:13,0,35,0,1996533178
gym-opening,shield-wall,167,Defeat,21,0,20,528,178,610,1,25,12,1:12,0,21,1,1148371540
gym-opening,shield-wall,168,Defeat,21,0,20,640,244,855,1,26,13,3:13|2:2,0,19,0,72443194
gym-opening,shield-wall,169,Defeat,21,0,20,360,87,134,1,48,2,1:2,0,36,1,512419315
gym-opening,shield-wall,170,Defeat,21,0,20,480,151,357,1,40,13,1:13|4:12,0,31,1,2899063179
gym-opening,shield-wall,171,Defeat,21,0,20,512,166,835,1,29,2,1:2,0,15,1,1503297340
gym-opening,shield-wall,172,Defeat,21,0,20,448,123,388,1,46,13,3:13|1:2,0,43,0,3589912821
gym-opening,shield-wall,173,Defeat,21,0,20,344,73,275,1,53,2,3:2,0,23,1,1641080948
gym-opening,shield-wall,174,Defeat,21,0,20,640,211,818,1,31,13,3:13|2:8,0,16,0,284075671
gym-opening,shield-wall,175,Defeat,21,0,20,456,117,297,2,57,12,1:12,0,55,0,1440308728
gym-opening,shield-wall,176,Defeat,21,0,20,552,196,529,1,39,8,3:8,0,20,1,3043187104
gym-opening,shield-wall,177,Defeat,21,0,20,536,180,619,1,32,12,4:12|2:8,0,26,0,729075966
gym-opening,shield-wall,178,Defeat,21,0,20,448,103,588,1,41,12,3:12|1:12|2:2,0,21,1,1954907677
gym-opening,shield-wall,179,Defeat,21,0,20,528,163,714,1,28,13,1:13|2:8|3:12,0,21,0,2830511679
gym-opening,shield-wall,180,Defeat,21,0,20,392,102,657,1,48,12,3:12,0,25,1,1592621037
gym-opening,shield-wall,181,Defeat,21,0,20,536,200,549,1,38,12,1:12|4:13|3:8,0,27,0,4070979722
gym-opening,shield-wall,182,Defeat,16,0,16,336,86,0,2,66,13,1:13,0,35,1,3187091954
gym-opening,shield-wall,183,Defeat,21,0,20,528,196,743,1,25,12,2:12|4:12,0,12,1,2927125972
gym-opening,shield-wall,184,Defeat,21,0,20,528,136,595,1,42,13,1:13|2:2,0,32,0,2040526919
gym-opening,shield-wall,185,Defeat,21,0,20,536,153,812,1,23,13,1:13|3:7|2:8,0,13,1,51400005
gym-opening,shield-wall,186,Defeat,21,0,20,312,72,300,2,66,-1,,0,33,1,2858636946
gym-opening,shield-wall,187,Defeat,21,0,20,432,141,408,1,51,-1,,0,34,1,1253834431
gym-opening,shield-wall,188,Defeat,21,0,20,512,130,627,1,31,13,1:13|3:12,0,29,0,1784149131
gym-opening,shield-wall,189,Defeat,21,0,20,448,126,440,1,46,13,1:13|3:13,0,35,0,2680281650
gym-opening,shield-wall,190,Defeat,21,0,20,416,106,568,1,38,12,3:12,0,29,1,4013098170
gym-opening,shield-wall,191,Defeat,21,0,20,536,175,606,1,29,12,1:12|3:7,0,27,0,3748634585
gym-opening,shield-wall,192,Defeat,21,0,20,480,178,237,1,60,2,1:2|3:13|4:12,0,38,0,2556788053
gym-opening,shield-wall,193,Defeat,21,0,20,520,221,821,1,26,2,1:2,0,19,0,2208955173
gym-opening,shield-wall,194,Defeat,21,0,20,464,111,445,1,31,12,3:12|4:13,0,19,0,3741590311
gym-opening,shield-wall,195,Defeat,21,0,20,504,163,792,1,30,12,1:12|2:7,0,22,0,2921694635
gym-opening,shield-wall,196,Defeat,21,0,20,344,61,140,1,58,2,1:2|3:2,0,52,0,4022590833
gym-opening,shield-wall,197,Defeat,21,0,20,480,126,300,4,45,13,3:13|1:2|2:12,0,45,1,30590904
gym-opening,shield-wall,198,Defeat,21,0,20,536,174,533,1,38,2,1:2|3:7,0,38,0,2600400602
gym-opening,shield-wall,199,Defeat,21,0,20,448,152,406,1,37,13,1:13,0,21,0,2912590933
gym-opening,shield-wall,200,Defeat,21,0,20,448,153,469,1,41,13,3:13,0,19,1,2901249569
gym-opening,charge,1,Victory,11,0,11,216,24,88,0,92,13,4:13|3:8,0,13,0,4252357321
gym-opening,charge,2,Victory,8,0,8,176,24,385,0,77,12,4:12|3:8,0,8,0,3351979241
gym-opening,charge,3,Victory,13,0,13,256,49,298,0,62,12,4:12|2:12|3:8,0,7,0,4131317222
gym-opening,charge,4,Defeat,11,0,11,192,54,0,2,91,8,2:8,0,9,0,3084978430
gym-opening,charge,5,Defeat,12,0,12,224,72,0,2,117,8,3:8,0,15,1,2433813886
gym-opening,charge,6,Victory,10,0,10,248,44,398,0,64,7,2:7|4:8|3:7,0,9,0,2623550960
gym-opening,charge,7,Defeat,9,0,9,160,40,0,3,115,13,4:13,0,12,1,552706054
gym-opening,charge,8,Defeat,8,0,8,136,26,0,5,147,12,4:12,0,19,1,1136675042
gym-opening,charge,9,Victory,8,0,8,232,62,490,0,68,12,4:12|2:7|3:8,0,10,0,800576431
gym-opening,charge,10,Victory,10,0,10,192,24,135,0,79,12,4:12|3:8|2:2,0,11,0,1471603664
gym-opening,charge,11,Victory,10,0,10,208,38,355,0,76,12,4:12|3:8,0,10,0,991594920
gym-opening,charge,12,Defeat,9,0,9,168,38,0,2,104,8,3:8,0,14,0,360026880
gym-opening,charge,13,Victory,10,0,10,320,127,560,0,32,7,2:7|3:7|4:7,0,4,0,3680601231
gym-opening,charge,14,Defeat,14,0,14,216,45,0,1,81,12,4:12|3:8|2:7,0,15,0,1583288368
gym-opening,charge,15,Defeat,8,0,8,136,24,0,4,152,-1,,0,15,1,956298600
gym-opening,charge,16,Defeat,8,0,8,144,26,0,3,133,8,3:8,0,13,0,981276196
gym-opening,charge,17,Defeat,9,0,9,160,25,0,2,105,-1,,0,15,1,633459781
gym-opening,charge,18,Defeat,12,0,12,208,61,0,1,76,7,3:7,0,18,1,1574760009
gym-opening,charge,19,Victory,9,0,9,256,77,368,0,71,12,4:12|3:8|2:7,0,9,0,2105315791
gym-opening,charge,20,Victory,8,0,8,200,35,245,0,80,12,4:12|3:8,0,9,0,2466259928
gym-opening,charge,21,Victory,12,0,12,312,87,459,0,46,8,2:8|3:8,0,6,0,2760730939
gym-opening,charge,22,Defeat,8,0,8,152,29,0,3,115,12,4:12,0,11,1,3756446140
gym-opening,charge,23,Defeat,15,0,15,256,68,0,1,93,7,3:7|2:2,0,21,0,259748579
gym-opening,charge,24,Defeat,11,0,11,184,47,0,3,95,-1,,0,19,1,3636994080
gym-opening,charge,25,Victory,15,0,15,224,48,11,0,85,7,2:7,0,13,0,3652226011
gym-opening,charge,26,Defeat,12,0,12,184,36,0,1,95,8,3:8|2:7,0,11,0,514169948
gym-opening,charge,27,Defeat,11,0,11,184,49,0,3,104,-1,,0,20,1,863033554
gym-opening,charge,28,Victory,13,0,13,296,119,300,0,56,2,1:2|3:7,0,18,0,4135739416
gym-opening,charge,29,Defeat,15,0,15,296,96,0,1,110,12,4:12|3:8|2:7,0,18,0,506437577
gym-opening,charge,30,Victory,7,0,7,184,44,555,0,56,7,2:7|3:8,0,3,0,502805504
gym-opening,charge,31,Defeat,9,0,9,168,38,0,3,95,-1,,0,16,1,3900368790
gym-opening,charge,32,Defeat,10,0,10,200,44,0,2,116,-1,,0,14,1,876058330
gym-opening,charge,33,Defeat,13,0,13,224,80,0,2,67,-1,,0,21,1,4286314287
gym-opening,charge,34,Defeat,9,0,9,160,20,0,3,120,-1,,0,11,1,3300633843
gym-opening,charge,35,Defeat,13,0,13,280,131,0,2,85,-1,,0,28,1,710255560
gym-opening,charge,36,Victory,12,0,12,200,38,15,0,88,8,3:8,0,10,0,4237313998
gym-opening,charge,37,Defeat,12,0,12,224,59,0,1,107,12,4:12|3:8|2:7,0,13,0,2532508914
gym-opening,charge,38,Victory,12,0,12,288,121,326,0,75,12,4:12|1:7|3:7,0,20,1,901248233
gym-opening,charge,39,Defeat,8,0,8,152,22,0,2,94,8,3:8|2:7,0,8,0,861387234
gym-opening,charge,40,Defeat,12,0,12,184,25,0,1,91,12,4:12|2:7,0,14,0,2110315799
gym-opening,charge,41,Victory,9,0,9,224,50,285,0,75,12,4:12|3:8|1:7|2:7,0,11,0,4011347998
gym-opening,charge,42,Defeat,17,0,17,264,63,0,1,81,8,3:8|4:8|2:2,0,24,0,628305381
gym-opening,charge,43,Victory,10,0,10,200,40,150,0,92,8,3:8,0,12,0,130606659
gym-opening,charge,44,Victory,10,0,10,208,36,205,0,73,12,4:12|3:7,0,9,0,2384875659
gym-opening,charge,45,Victory,10,0,10,200,33,195,0,80,8,3:8|4:8|2:7,0,12,0,3248368617
gym-opening,charge,46,Victory,11,0,11,232,93,150,0,82,7,3:7,0,12,0,565520328
gym-opening,charge,47,Defeat,11,0,11,192,35,0,1,104,12,4:12|3:7|2:8,0,16,0,1686039120
gym-opening,charge,48,Victory,9,0,9,224,61,325,0,71,12,4:12|1:7|2:7|3:8,0,6,0,2103921233
gym-opening,charge,49,Victory,11,0,11,200,28,135,0,80,8,3:8,0,12,0,2391878704
gym-opening,charge,50,Victory,8,0,8,232,74,335,0,51,8,3:8|2:7|4:7,0,4,0,4106419918
gym-opening,charge,51,Defeat,12,0,12,224,55,0,1,100,8,3:8|2:7,0,14,0,1000652881
gym-opening,charge,52,Victory,15,0,15,264,54,28,0,90,7,2:7,0,13,0,3962454377
gym-opening,charge,53,Victory,9,0,9,256,65,302,0,59,8,4:8|2:7|1:7,0,9,0,1280678138
gym-opening,charge,54,Victory,15,0,15,264,71,15,0,72,7,3:7|2:7,0,10,0,3741556067
gym-opening,charge,55,Defeat,10,0,10,192,50,0,2,87,-1,,0,14,1,2421742962
gym-opening,charge,56,Defeat,10,0,10,176,41,0,2,109,-1,,0,14,1,3245443412
gym-opening,charge,57,Victory,9,0,9,248,79,297,0,77,8,3:8|2:7,0,11,0,600660088
gym-opening,charge,58,Victory,11,0,11,256,48,188,0,93,2,1:2|3:8|2:7,0,21,0,920372521
gym-opening,charge,59,Defeat,8,0,8,160,24,0,2,110,12,3:12|2:7,0,13,0,2377295729
gym-opening,charge,60,Defeat,12,0,12,248,68,0,1,74,8,3:8|1:2|2:7,0,15,0,2505513476
gym-opening,charge,61,Victory,9,0,9,216,58,225,0,81,8,3:8|2:7|1:7,0,10,0,4257155611
gym-opening,charge,62,Victory,12,0,12,224,38,45,0,96,7,2:7,0,11,0,1852227457
gym-opening,charge,63,Defeat,9,0,9,152,17,0,4,110,12,4:12,0,19,1,2682849721
gym-opening,charge,64,Defeat,9,0,9,168,29,0,3,142,8,3:8,0,16,0,4151590695
gym-opening,charge,65,Defeat,12,0,12,232,54,0,1,82,8,3:8|2:7,0,16,1,4155846945
gym-opening,charge,66,Victory,13,0,13,200,41,75,0,80,7,2:7,0,8,0,404382652
gym-opening,charge,67,Defeat,12,0,12,216,74,0,1,77,7,2:7|3:8,0,17,0,2123380006
gym-opening,charge,68,Victory,9,0,9,216,46,315,0,59,12,4:12|3:8,0,6,0,4020519078
gym-opening,charge,69,Victory,10,0,10,208,42,200,0,76,12,4:12|3:8,0,11,0,3006605855
gym-opening,charge,70,Defeat,9,0,9,168,29,0,3,109,-1,,0,14,1,2773069474
gym-opening,charge,71,Victory,14,0,14,288,139,26,0,83,7,3:7|1:7,0,22,0,1234513679
gym-opening,charge,72,Defeat,9,0,9,192,73,0,3,104,-1,,0,15,1,2294950095
gym-opening,charge,73,Victory,11,0,11,200,44,50,0,92,7,3:7,0,22,0,2371223157
gym-opening,charge,74,Defeat,9,0,9,208,54,0,3,115,12,3:12|4:8,0,15,0,943320474
gym-opening,charge,75,Defeat,9,0,9,152,35,0,4,131,12,3:12|2:2,0,25,1,3570341558
gym-opening,charge,76,Victory,10,0,10,272,74,466,0,76,8,2:8|4:8,0,11,0,1268838584
gym-opening,charge,77,Defeat,9,0,9,184,38,0,2,117,8,3:8,0,14,0,1224166303
gym-opening,charge,78,Victory,8,0,8,208,41,510,0,65,8,3:8|4:8,0,7,0,885500514
gym-opening,charge,79,Victory,10,0,10,208,32,245,0,88,12,4:12|3:8,0,11,0,2999244568
gym-opening,charge,80,Victory,11,0,11,272,91,171,0,70,8,3:8|2:7|1:7,0,12,0,3675558681
gym-opening,charge,81,Victory,8,0,8,248,52,435,0,61,8,3:8|4:8|2:7,0,8,0,579228388
gym-opening,charge,82,Victory,10,0,10,280,85,277,0,68,7,3:7|2:7|1:7,0,10,0,3667548693
gym-opening,charge,83,Defeat,15,0,15,264,66,0,1,106,8,3:8|2:7,0,27,0,4066960826
gym-opening,charge,84,Victory,10,0,10,208,29,50,0,100,12,4:12|3:8,0,13,0,793415528
gym-opening,charge,85,Defeat,16,0,16,224,52,0,1,75,12,4:12|2:7,0,13,0,3713604673
gym-opening,charge,86,Victory,10,0,10,192,21,210,0,87,12,4:12|3:8,0,11,0,488412276
gym-opening,charge,87,Victory,10,0,10,216,58,255,0,59,8,3:8|2:12,0,8,0,159658653
gym-opening,charge,88,Victory,8,0,8,184,37,445,0,65,12,4:12|3:8|2:7,0,4,0,1345428917
gym-opening,charge,89,Defeat,12,0,12,208,34,0,1,119,8,3:8,0,16,0,2450926907
gym-opening,charge,90,Victory,9,0,9,184,23,255,0,78,13,4:13|3:8,0,10,0,57847814
gym-opening,charge,91,Victory,13,0,13,208,44,135,0,76,7,3:7|2:7,0,12,0,4119515442
gym-opening,charge,92,Defeat,8,0,8,160,25,0,2,115,13,4:13|3:8|2:7,0,11,0,256396180
gym-opening,charge,93,Victory,11,0,11,224,30,165,0,82,8,3:8|2:8,0,14,0,405650095
gym-opening,charge,94,Defeat,9,0,9,200,39,0,2,100,8,4:8|3:12,0,12,0,2808895605
gym-opening,charge,95,Victory,14,0,14,328,90,100,0,78,13,4:13|2:7|1:7|3:8,0,14,0,556511178
gym-opening,charge,96,Victory,10,0,10,256,70,185,0,96,8,3:8|2:7,0,13,0,902355782
gym-opening,charge,97,Victory,8,0,8,192,59,465,0,58,12,4:12|2:7|1:8,0,7,0,1319392230
gym-opening,charge,98,Victory,11,0,11,224,50,65,0,78,12,4:12|3:8,0,10,0,340413285
gym-opening,charge,99,Victory,8,0,8,224,28,320,0,75,8,3:8,0,7,0,89537733
gym-opening,charge,100,Victory,9,0,9,224,39,335,0,60,12,4:12|3:12,0,6,0,3806174749
gym-opening,charge,101,Defeat,14,0,14,224,42,0,1,85,8,4:8|2:7,0,10,0,2878019307
gym-opening,charge,102,Victory,9,0,9,208,29,328,0,80,8,3:8|4:8,0,10,0,2160010181
gym-opening,charge,103,Defeat,8,0,8,152,24,0,2,115,8,3:8|2:7,0,11,0,2583607734
gym-opening,charge,104,Defeat,9,0,9,176,61,0,3,118,-1,,0,11,1,1119301413
gym-opening,charge,105,Defeat,11,0,11,208,48,0,2,96,12,4:12|2:2,0,19,0,1903636033
gym-opening,charge,106,Defeat,13,0,13,296,150,0,1,48,7,1:7,0,12,1,599922107
gym-opening,charge,107,Defeat,10,0,10,168,28,0,3,104,-1,,0,17,1,1049824672
gym-opening,charge,108,Defeat,11,0,11,192,47,0,2,95,12,4:12|2:7,0,15,0,3101476458
gym-opening,charge,109,Victory,10,0,10,208,26,348,0,76,8,3:8|2:7,0,12,0,1739753765
gym-opening,charge,110,Defeat,10,0,10,208,49,0,2,103,12,4:12|3:8,0,18,0,1628877905
gym-opening,charge,111,Defeat,20,0,20,296,106,0,1,78,7,2:7,0,15,0,414556354
gym-opening,charge,112,Victory,10,0,10,192,33,135,0,83,12,4:12|3:8,0,11,0,3868613212
gym-opening,charge,113,Defeat,16,0,16,248,53,0,1,67,2,1:2|3:8|2:8,0,8,0,3987527988
gym-opening,charge,114,Victory,8,0,8,200,33,345,0,72,8,4:8|3:8,0,5,0,2383074363
gym-opening,charge,115,Victory,7,0,7,200,62,510,0,52,7,1:7|2:7,0,4,0,3233121997
gym-opening,charge,116,Defeat,17,0,17,248,58,0,1,87,7,2:7,0,15,1,4230016250
gym-opening,charge,117,Victory,10,0,10,208,35,130,0,100,12,4:12|3:8,0,13,0,1672457691
gym-opening,charge,118,Victory,13,0,13,224,78,50,0,67,7,3:7,0,18,0,1187432537
gym-opening,charge,119,Victory,6,0,6,192,34,566,0,45,8,3:8|2:7,0,3,0,3577796992
gym-opening,charge,120,Victory,11,0,11,272,67,150,0,102,13,3:13,0,15,0,3758049796
gym-opening,charge,121,Victory,13,0,13,240,40,15,0,80,8,2:8|4:7,0,9,0,2381820541
gym-opening,charge,122,Defeat,14,0,14,248,37,0,1,83,7,2:7,0,16,0,590749944
gym-opening,charge,123,Defeat,9,0,9,184,38,0,1,91,12,4:12|3:8,0,11,0,3574435436
gym-opening,charge,124,Defeat,13,0,13,224,88,0,1,71,7,3:7,0,20,1,2787586356
gym-opening,charge,125,Victory,9,0,9,192,38,405,0,79,12,4:12|2:8|3:8,0,6,0,4192568601
gym-opening,charge,126,Defeat,11,0,11,208,32,0,1,111,8,3:8|2:7,0,16,0,2054921095
gym-opening,charge,127,Victory,13,0,13,256,90,165,0,71,2,1:2|3:7|2:8,0,20,0,246380292
gym-opening,charge,128,Defeat,9,0,9,160,22,0,2,120,8,3:8,0,14,0,1381367516
gym-opening,charge,129,Victory,7,0,7,184,29,455,0,73,8,3:8|4:8|2:7,0,6,0,3829400412
gym-opening,charge,130,Defeat,9,0,9,160,30,0,2,100,12,3:12|2:7,0,14,0,2465690861
gym-opening,charge,131,Victory,8,0,8,176,28,285,0,77,12,4:12|3:8,0,6,0,160711817
gym-opening,charge,132,Defeat,9,0,9,192,49,0,2,100,8,3:8|2:7,0,14,0,2342000401
gym-opening,charge,133,Defeat,9,0,9,176,45,0,2,109,8,3:8,0,13,0,3037545300
gym-opening,charge,134,Victory,11,0,11,208,31,45,0,92,12,4:12|3:8|2:7,0,15,0,262259957
gym-opening,charge,135,Victory,16,0,16,248,49,15,0,74,8,4:8|3:8|2:8,0,12,0,1179326295
gym-opening,charge,136,Victory,14,0,14,216,47,45,0,66,12,4:12|3:8|2:7,0,9,0,1304871651
gym-opening,charge,137,Victory,10,0,10,208,29,285,0,84,7,3:7,0,9,0,934454898
gym-opening,charge,138,Victory,11,0,11,232,52,135,0,100,12,4:12|2:7|3:8,0,13,0,3408990012
gym-opening,charge,139,Victory,11,0,11,216,51,200,0,81,12,4:12|3:8,0,11,0,2910489365
gym-opening,charge,140,Defeat,11,0,11,216,59,0,2,122,12,4:12|3:8,0,22,0,2414606014
gym-opening,charge,141,Victory,7,0,7,224,32,385,0,64,7,2:7|4:8|1:7|3:8,0,5,0,227749198
gym-opening,charge,142,Victory,10,0,10,208,29,155,0,80,12,4:12|3:8,0,9,0,3252269339
gym-opening,charge,143,Victory,9,0,9,216,53,255,0,100,12,4:12|3:12|2:7,0,10,0,3256810429
gym-opening,charge,144,Victory,9,0,9,192,38,295,0,83,7,3:7,0,9,0,1793650967
gym-opening,charge,145,Victory,10,0,10,192,31,195,0,83,12,4:12|3:8,0,11,0,110407164
gym-opening,charge,146,Victory,11,0,11,224,30,135,0,89,12,4:12|3:8|2:7,0,11,0,2060364457
gym-opening,charge,147,Defeat,15,0,15,240,63,0,1,70,12,4:12|1:7|2:7,0,16,0,382504186
gym-opening,charge,148,Victory,11,0,11,248,78,90,0,80,7,2:7|1:7,0,15,0,4286134644
gym-opening,charge,149,Defeat,13,0,13,200,42,0,1,84,12,4:12|2:8,0,15,0,3145321223
gym-opening,charge,150,Victory,9,0,9,192,39,278,0,75,12,4:12|3:8,0,10,0,186452523
gym-opening,charge,151,Victory,9,0,9,192,35,333,0,91,12,4:12|3:8|2:2,0,9,0,368798453
gym-opening,charge,152,Defeat,11,0,11,232,34,0,1,110,8,3:8,0,14,0,2698618539
gym-opening,charge,153,Victory,10,0,10,200,38,185,0,64,12,4:12|3:8,0,9,0,4159746186
gym-opening,charge,154,Victory,8,0,8,240,67,420,0,60,8,4:8|3:8|2:7,0,7,0,3905503299
gym-opening,charge,155,Defeat,10,0,10,168,25,0,1,104,7,2:7,0,15,1,1239738773
gym-opening,charge,156,Victory,14,0,14,288,59,300,0,77,12,4:12|1:2|2:7|3:2,0,13,0,745947304
gym-opening,charge,157,Defeat,16,0,16,216,37,0,1,77,12,4:12|2:2,0,20,0,1323372832
gym-opening,charge,158,Victory,10,0,10,208,45,275,0,65,12,4:12|3:8|2:7,0,8,0,3456221552
gym-opening,charge,159,Defeat,8,0,8,152,22,0,2,126,8,3:8,0,13,0,3712042301
gym-opening,charge,160,Victory,8,0,8,216,55,595,0,62,8,2:8|4:8,0,5,0,3803045998
gym-opening,charge,161,Defeat,10,0,10,192,27,0,2,112,8,3:8|2:7,0,12,0,2720471810
gym-opening,charge,162,Defeat,12,0,12,208,33,0,1,88,8,3:8|2:7,0,12,0,2004280311
gym-opening,charge,163,Victory,9,0,9,192,24,385,0,75,12,4:12|3:8,0,10,0,2107919046
gym-opening,charge,164,Victory,6,0,6,168,20,560,0,61,8,3:8|4:8,0,4,0,601583951
gym-opening,charge,165,Defeat,13,0,13,232,74,0,1,58,7,3:7,0,20,1,4002896107
gym-opening,charge,166,Victory,8,0,8,216,32,442,0,77,8,3:8|2:7,0,8,0,3104760233
gym-opening,charge,167,Defeat,13,0,13,208,33,0,1,96,12,4:12|3:8|2:7,0,16,0,1873999673
gym-opening,charge,168,Victory,9,0,9,232,49,305,0,79,12,3:12|4:8|2:7,0,10,0,1760411298
gym-opening,charge,169,Victory,11,0,11,248,72,105,0,109,12,4:12|3:8|2:7,0,13,0,1373609149
gym-opening,charge,170,Victory,8,0,8,216,57,408,0,59,7,1:7|2:7|3:13,0,5,0,605474652
gym-opening,charge,171,Victory,11,0,11,224,32,75,0,96,8,3:8,0,16,0,1877609871
gym-opening,charge,172,Victory,9,0,9,224,59,441,0,60,8,3:8|2:7|1:7,0,7,0,1824438700
gym-opening,charge,173,Defeat,12,0,12,168,39,0,3,85,12,3:12,0,22,1,30707764
gym-opening,charge,174,Victory,9,0,9,176,22,195,0,90,12,4:12|3:8,0,10,0,4264835498
gym-opening,charge,175,Defeat,12,0,12,224,71,0,1,82,7,2:7|3:7,0,19,0,366274948
gym-opening,charge,176,Defeat,13,0,13,256,73,0,1,109,8,3:8|2:7,0,18,0,1307400610
gym-opening,charge,177,Victory,14,0,14,288,103,50,0,75,7,3:7,0,21,0,1674638712
gym-opening,charge,178,Victory,7,0,7,200,46,555,0,68,12,4:12|3:8|1:7|2:7,0,7,0,4279537028
gym-opening,charge,179,Defeat,12,0,12,184,30,0,1,104,7,2:7,0,18,0,181752090
gym-opening,charge,180,Victory,13,0,13,272,111,30,0,64,7,3:7,0,16,0,1468066835
gym-opening,charge,181,Defeat,8,0,8,160,27,0,2,110,12,4:12,0,14,0,1083363238
gym-opening,charge,182,Victory,16,0,16,240,45,86,0,83,8,3:8|2:7,0,12,0,1153095688
gym-opening,charge,183,Victory,11,0,11,216,27,75,0,92,8,3:8|4:7|2:7,0,14,0,1678376
gym-opening,charge,184,Defeat,10,0,10,152,22,0,4,121,12,4:12,0,22,1,4138309248
gym-opening,charge,185,Victory,10,0,10,248,91,135,0,87,8,3:8|2:7|1:7,0,12,0,3017895035
gym-opening,charge,186,Victory,12,0,12,232,52,145,0,89,7,3:7|2:7,0,12,0,3219251999
gym-opening,charge,187,Victory,10,0,10,192,33,130,0,83,12,4:12|3:8,0,12,0,1184626452
gym-opening,charge,188,Defeat,13,0,13,224,48,0,1,107,12,4:12|3:8|2:7,0,17,0,3042692400
gym-opening,charge,189,Victory,10,0,10,208,39,258,0,88,12,4:12|3:8,0,12,0,1551114118
gym-opening,charge,190,Victory,12,0,12,216,36,131,0,85,12,4:12|3:8|2:7,0,15,0,866672043
gym-opening,charge,191,Victory,9,0,9,200,40,305,0,84,8,2:8|4:8,0,5,0,3697511616
gym-opening,charge,192,Defeat,8,0,8,152,25,0,4,121,-1,,0,13,1,1909148811
gym-opening,charge,193,Defeat,14,0,14,232,50,0,1,86,8,3:8|2:8,0,15,0,254463888
gym-opening,charge,194,Victory,9,0,9,240,68,528,0,66,12,4:12|3:7|2:8,0,7,0,3447672839
gym-opening,charge,195,Defeat,13,0,13,264,119,0,1,87,8,3:8|1:7,0,15,1,2937258903
gym-opening,charge,196,Defeat,12,0,12,216,46,0,1,85,7,2:7,0,16,0,2733878898
gym-opening,charge,197,Defeat,14,0,14,232,74,0,1,58,7,3:7,0,18,0,2895862862
gym-opening,charge,198,Victory,9,0,9,280,78,515,0,54,7,4:7|2:7|3:8,0,6,0,269986904
gym-opening,charge,199,Victory,9,0,9,216,57,325,0,85,12,4:12|2:7|3:8|1:8,0,9,0,2265121311
gym-opening,charge,200,Victory,12,0,12,256,83,90,0,75,8,3:8|2:7|1:7,0,14,0,1803945301
gym-opening-ranged4,corridor-hold,1,Defeat,21,0,20,528,133,711,1,22,13,1:13|3:8,0,28,0,911824096
gym-opening-ranged4,corridor-hold,2,Defeat,21,0,20,400,127,441,1,30,7,2:7|3:7,0,19,0,1123993165
gym-opening-ranged4,corridor-hold,3,Defeat,21,0,20,584,188,798,1,23,8,4:8|3:12,0,16,0,793833997
gym-opening-ranged4,corridor-hold,4,Defeat,21,0,20,512,177,707,1,14,2,3:2|2:8,0,10,0,1965386544
gym-opening-ranged4,corridor-hold,5,Defeat,21,0,20,408,124,538,1,41,8,3:8|2:7,0,15,0,1242334675
gym-opening-ranged4,corridor-hold,6,Defeat,21,0,20,528,190,728,1,25,7,3:7,0,16,0,3905773670
gym-opening-ranged4,corridor-hold,7,Victory,17,0,17,432,118,552,0,37,2,1:2|3:2|2:7,0,15,0,1631397760
gym-opening-ranged4,corridor-hold,8,Defeat,21,0,20,312,82,230,1,51,-1,,0,31,1,3656225067
gym-opening-ranged4,corridor-hold,9,Defeat,14,0,14,240,44,0,2,80,7,3:7,0,30,0,1812416187
gym-opening-ranged4,corridor-hold,10,Defeat,21,0,20,352,91,275,1,34,12,3:12,0,23,1,1359592823
gym-opening-ranged4,corridor-hold,11,Defeat,21,0,20,408,150,472,1,19,-1,,0,21,1,3881513922
gym-opening-ranged4,corridor-hold,12,Defeat,21,0,20,520,152,773,1,23,2,1:2,0,14,1,1558117274
gym-opening-ranged4,corridor-hold,13,Victory,18,0,18,576,207,856,0,15,2,1:2|4:8|3:7,0,11,0,3717282750
gym-opening-ranged4,corridor-hold,14,Defeat,21,0,20,424,123,388,1,32,2,1:2|3:7,0,21,0,1927158114
gym-opening-ranged4,corridor-hold,15,Defeat,21,0,20,544,209,742,1,16,7,3:7|1:7,0,12,0,2268922095
gym-opening-ranged4,corridor-hold,16,Defeat,21,0,20,408,110,591,1,31,13,2:13|3:2,0,24,0,3760462383
gym-opening-ranged4,corridor-hold,17,Victory,18,0,18,392,99,585,0,30,12,3:12|2:8,0,16,0,1415990978
gym-opening-ranged4,corridor-hold,18,Defeat,21,0,20,512,169,659,1,25,2,1:2|3:7,0,22,0,898332388
gym-opening-ranged4,corridor-hold,19,Defeat,21,0,20,456,133,160,2,35,2,2:2|3:8,0,26,0,2128212980
gym-opening-ranged4,corridor-hold,20,Victory,14,0,14,304,69,638,0,36,7,3:7,0,9,0,3174178790
gym-opening-ranged4,corridor-hold,21,Defeat,21,0,20,464,130,560,1,36,2,1:2,0,27,1,2204025707
gym-opening-ranged4,corridor-hold,22,Defeat,21,0,20,456,125,520,1,31,2,2:2|3:2|1:2,0,20,1,1149898480
gym-opening-ranged4,corridor-hold,23,Defeat,13,0,13,224,51,0,3,64,-1,,0,26,1,1217552738
gym-opening-ranged4,corridor-hold,24,Victory,16,0,16,416,127,722,0,17,7,2:7|1:2,0,21,0,889877235
gym-opening-ranged4,corridor-hold,25,Victory,16,0,16,440,120,748,0,25,12,4:12|3:7,0,16,0,441735850
gym-opening-ranged4,corridor-hold,26,Defeat,21,0,20,416,116,210,2,42,7,3:7,0,33,0,2019630200
gym-opening-ranged4,corridor-hold,27,Defeat,21,0,20,528,187,704,1,13,7,2:7|4:13,0,14,0,1454107074
gym-opening-ranged4,corridor-hold,28,Defeat,21,0,20,544,168,858,1,11,12,1:12|3:8,0,9,0,1081787302
gym-opening-ranged4,corridor-hold,29,Defeat,21,0,20,536,174,558,1,22,2,3:2|4:7,0,21,0,295697315
gym-opening-ranged4,corridor-hold,30,Defeat,21,0,20,392,80,178,2,38,12,1:12|3:2,0,41,0,1457333976
gym-opening-ranged4,corridor-hold,31,Defeat,21,0,20,512,182,777,1,15,7,3:7|1:7,0,17,0,99820691
gym-opening-ranged4,corridor-hold,32,Victory,15,0,15,480,132,923,0,20,13,4:13|1:8,0,11,0,3044523127
gym-opening-ranged4,corridor-hold,33,Defeat,21,0,20,416,137,502,1,32,12,3:12,0,21,1,4264061353
gym-opening-ranged4,corridor-hold,34,Defeat,16,0,16,280,69,0,4,65,13,3:13,0,36,0,1286462163
gym-opening-ranged4,corridor-hold,35,Defeat,21,0,20,392,102,544,1,32,2,2:2,0,18,1,3979563845
gym-opening-ranged4,corridor-hold,36,Defeat,21,0,20,392,104,186,2,42,12,2:12,0,40,0,2107372151
gym-opening-ranged4,corridor-hold,37,Defeat,13,0,13,256,57,0,4,62,-1,,0,29,1,2192894380
gym-opening-ranged4,corridor-hold,38,Defeat,21,0,20,400,72,300,1,40,2,3:2|2:7,0,30,0,1050126558
gym-opening-ranged4,corridor-hold,39,Victory,16,0,16,432,120,783,0,14,8,2:8|1:7,0,13,0,3044615841
gym-opening-ranged4,corridor-hold,40,Defeat,21,0,20,408,104,685,1,17,12,2:12|3:8,0,16,0,3125057503
gym-opening-ranged4,corridor-hold,41,Victory,15,0,15,464,134,756,0,25,13,3:13|4:8|2:8,0,11,0,1769730525
gym-opening-ranged4,corridor-hold,42,Defeat,21,0,20,400,119,628,1,18,2,3:2,0,16,1,3037703732
gym-opening-ranged4,corridor-hold,43,Victory,20,0,20,464,116,380,0,34,12,4:12|1:2|3:7,0,25,0,548288632
gym-opening-ranged4,corridor-hold,44,Victory,18,0,18,576,166,915,0,23,7,3:7|4:12|1:7,0,10,0,3044103089
gym-opening-ranged4,corridor-hold,45,Victory,16,0,16,352,95,525,0,27,8,3:8|2:12,0,18,0,1875443571
gym-opening-ranged4,corridor-hold,46,Defeat,21,0,20,352,62,300,2,50,7,3:7,0,36,1,2742062064
gym-opening-ranged4,corridor-hold,47,Defeat,21,0,20,408,129,571,1,19,7,3:7|2:8,0,19,0,4003346821
gym-opening-ranged4,corridor-hold,48,Defeat,21,0,20,456,122,626,2,31,13,4:13|2:12|3:7,0,34,0,3634319326
gym-opening-ranged4,corridor-hold,49,Victory,16,0,16,360,73,480,0,28,8,3:8,0,22,0,2610489549
gym-opening-ranged4,corridor-hold,50,Defeat,21,0,20,400,134,556,1,38,12,3:12,0,21,0,2177795345
gym-opening-ranged4,corridor-hold,51,Defeat,21,0,20,424,100,250,1,41,8,1:8|3:8,0,28,0,3167516557
gym-opening-ranged4,corridor-hold,52,Defeat,17,0,17,312,59,0,1,56,8,2:8|3:7,0,35,0,450330156
gym-opening-ranged4,corridor-hold,53,Defeat,21,0,20,512,177,609,1,35,13,3:13|2:7,0,21,0,1143687955
gym-opening-ranged4,corridor-hold,54,Victory,18,0,18,576,192,878,0,26,12,4:12|1:8,0,11,0,4197416614
gym-opening-ranged4,corridor-hold,55,Defeat,21,0,20,528,194,829,1,24,2,1:2,0,17,1,1612484248
gym-opening-ranged4,corridor-hold,56,Defeat,21,0,20,472,159,663,1,22,7,3:7|4:8,0,14,0,1414018632
gym-opening-ranged4,corridor-hold,57,Victory,13,0,13,360,82,752,0,33,2,2:2|3:7,0,16,0,2498981495
gym-opening-ranged4,corridor-hold,58,Victory,19,0,19,536,159,827,0,25,7,4:7|3:7|1:8,0,17,0,1757591483
gym-opening-ranged4,corridor-hold,59,Victory,20,0,20,528,158,659,0,25,12,4:12|2:12|3:8,0,17,0,2422983512
gym-opening-ranged4,corridor-hold,60,Victory,13,0,13,336,84,513,0,45,8,3:8,0,13,0,3419610763
gym-opening-ranged4,corridor-hold,61,Defeat,21,0,20,552,149,776,2,20,2,3:2|1:2,0,28,0,3372387434
gym-opening-ranged4,corridor-hold,62,Defeat,21,0,20,296,87,330,1,40,2,2:2,0,20,1,849271889
gym-opening-ranged4,corridor-hold,63,Defeat,15,0,15,240,46,0,4,90,12,3:12,0,37,0,1974667723
gym-opening-ranged4,corridor-hold,64,Defeat,21,0,20,472,148,513,2,27,2,3:2,0,26,1,3488370795
gym-opening-ranged4,corridor-hold,65,Defeat,21,0,20,432,134,532,1,29,7,3:7|2:7,0,24,0,3173189680
gym-opening-ranged4,corridor-hold,66,Defeat,21,0,20,360,99,195,1,53,13,3:13|1:12,0,44,0,4162795251
gym-opening-ranged4,corridor-hold,67,Victory,13,0,13,368,108,843,0,26,8,3:8,0,8,0,782559974
gym-opening-ranged4,corridor-hold,68,Defeat,21,0,20,336,84,180,1,69,12,3:12,0,37,1,517208557
gym-opening-ranged4,corridor-hold,69,Defeat,21,0,20,520,169,696,1,24,2,1:2|2:2,0,16,0,2145323621
gym-opening-ranged4,corridor-hold,70,Victory,11,0,11,296,54,641,0,40,2,1:2|2:8|3:7,0,14,0,3749088906
gym-opening-ranged4,corridor-hold,71,Defeat,21,0,20,512,147,772,1,18,13,2:13|1:2,0,29,0,2464588811
gym-opening-ranged4,corridor-hold,72,Defeat,16,0,16,224,46,0,3,85,13,3:13,0,50,0,1050217118
gym-opening-ranged4,corridor-hold,73,Victory,17,0,17,432,135,695,0,27,2,3:2|1:2|2:2,0,18,0,1003403817
gym-opening-ranged4,corridor-hold,74,Defeat,21,0,20,424,132,514,1,41,2,2:2|1:7,0,17,1,3937146826
gym-opening-ranged4,corridor-hold,75,Defeat,21,0,20,512,180,743,1,17,7,3:7,0,16,0,646544723
gym-opening-ranged4,corridor-hold,76,Victory,15,0,15,344,77,620,0,30,12,1:12|3:7|2:13,0,20,0,2111598089
gym-opening-ranged4,corridor-hold,77,Victory,18,0,18,480,111,602,0,30,2,1:2|2:7,0,21,0,2946932542
gym-opening-ranged4,corridor-hold,78,Defeat,21,0,20,408,91,362,1,50,7,2:7|1:8,0,23,0,2052262122
gym-opening-ranged4,corridor-hold,79,Victory,13,0,13,344,85,623,0,30,13,4:13|1:7,0,13,1,2409351564
gym-opening-ranged4,corridor-hold,80,Defeat,21,0,20,320,83,210,1,45,-1,,0,22,1,2862108713
gym-opening-ranged4,corridor-hold,81,Defeat,21,0,20,352,77,178,1,68,2,1:2|3:12,0,46,0,1219015099
gym-opening-ranged4,corridor-hold,82,Defeat,21,0,20,520,174,831,1,13,8,2:8|3:13|1:8,0,24,0,304673076
gym-opening-ranged4,corridor-hold,83,Defeat,12,0,12,200,23,0,2,92,-1,,0,17,1,1869539131
gym-opening-ranged4,corridor-hold,84,Defeat,21,0,20,504,179,775,1,31,2,1:2,0,20,1,698355791
gym-opening-ranged4,corridor-hold,85,Defeat,21,0,20,400,98,543,1,50,2,3:2|2:12,0,33,1,1667091770
gym-opening-ranged4,corridor-hold,86,Defeat,21,0,20,520,215,811,1,13,8,3:8,0,8,0,2451029145
gym-opening-ranged4,corridor-hold,87,Defeat,21,0,20,480,129,681,1,30,2,2:2|4:8|3:12,0,25,0,506054533
gym-opening-ranged4,corridor-hold,88,Defeat,21,0,20,376,133,645,1,29,8,3:8,0,14,0,1591422845
gym-opening-ranged4,corridor-hold,89,Victory,12,0,12,344,75,665,0,34,7,1:7,0,8,0,1337093952
gym-opening-ranged4,corridor-hold,90,Defeat,21,0,20,448,134,407,1,32,2,3:2,0,25,0,2893830692
gym-opening-ranged4,corridor-hold,91,Victory,16,0,16,424,128,753,0,20,12,2:12|3:8,0,11,0,2148459356
gym-opening-ranged4,corridor-hold,92,Defeat,21,0,20,512,178,740,1,15,7,1:7|3:7,0,16,0,116122185
gym-opening-ranged4,corridor-hold,93,Defeat,21,0,20,432,123,631,1,22,7,3:7,0,20,1,1065059862
gym-opening-ranged4,corridor-hold,94,Victory,19,0,19,392,92,627,0,28,12,2:12|3:2,0,23,0,2584262528
gym-opening-ranged4,corridor-hold,95,Defeat,17,0,17,328,71,0,2,80,13,3:13,0,41,0,447803193
gym-opening-ranged4,corridor-hold,96,Defeat,21,0,20,424,144,431,1,32,2,3:2|1:2,0,27,1,3625871150
gym-opening-ranged4,corridor-hold,97,Victory,20,0,20,520,168,639,0,20,2,2:2|1:2,0,13,0,7571833
gym-opening-ranged4,corridor-hold,98,Victory,16,0,16,424,116,663,0,33,7,3:7|1:2|2:8,0,18,0,86925960
gym-opening-ranged4,corridor-hold,99,Victory,18,0,18,472,128,815,0,11,12,3:12|4:7|2:2,0,10,0,2977238776
gym-opening-ranged4,corridor-hold,100,Defeat,21,0,20,560,165,562,1,27,12,3:12|1:12,0,23,0,2521633465
gym-opening-ranged4,corridor-hold,101,Defeat,12,0,12,248,60,0,3,90,-1,,0,29,1,1296689365
gym-opening-ranged4,corridor-hold,102,Victory,12,0,12,328,78,759,0,19,7,3:7|1:8,0,7,0,3422032093
gym-opening-ranged4,corridor-hold,103,Victory,14,0,14,368,98,638,0,21,7,3:7|1:7,0,13,0,3955872802
gym-opening-ranged4,corridor-hold,104,Defeat,21,0,20,456,154,364,1,35,-1,,0,26,0,4041502894
gym-opening-ranged4,corridor-hold,105,Defeat,21,0,20,400,90,495,1,34,12,3:12|2:12,0,27,0,1981775551
gym-opening-ranged4,corridor-hold,106,Victory,13,0,13,368,86,631,0,41,8,3:8,0,15,0,4101985630
gym-opening-ranged4,corridor-hold,107,Victory,20,0,20,512,151,795,0,25,8,3:8|1:7|2:8,0,16,0,115436636
gym-opening-ranged4,corridor-hold,108,Defeat,21,0,20,408,114,529,1,23,13,4:13,0,12,1,1069959131
gym-opening-ranged4,corridor-hold,109,Victory,19,0,19,432,101,400,0,46,7,3:7|4:12,0,35,0,2586400661
gym-opening-ranged4,corridor-hold,110,Victory,11,0,11,264,44,595,0,42,7,3:7,0,10,0,3473943104
gym-opening-ranged4,corridor-hold,111,Victory,20,0,20,504,158,826,0,23,13,3:13|1:7,0,15,0,1344782123
gym-opening-ranged4,corridor-hold,112,Victory,14,0,14,448,130,753,0,21,2,3:2|4:7|2:8,0,9,0,2777090961
gym-opening-ranged4,corridor-hold,113,Defeat,21,0,20,640,223,1007,1,10,12,3:12,0,13,0,3987532236
gym-opening-ranged4,corridor-hold,114,Victory,15,0,15,480,124,886,0,28,12,3:12|4:12|1:8,0,18,0,882941942
gym-opening-ranged4,corridor-hold,115,Victory,15,0,15,392,134,790,0,16,7,1:7,0,12,0,1847865468
gym-opening-ranged4,corridor-hold,116,Victory,15,0,15,416,106,793,0,26,12,4:12|3:12,0,10,0,3383419246
gym-opening-ranged4,corridor-hold,117,Defeat,21,0,20,416,133,430,1,40,-1,,0,25,0,3857693015
gym-opening-ranged4,corridor-hold,118,Defeat,21,0,20,408,100,657,1,31,7,3:7|2:12,0,22,0,2812247108
gym-opening-ranged4,corridor-hold,119,Defeat,21,0,20,640,226,920,1,17,12,1:12|3:7,0,15,0,4065356949
gym-opening-ranged4,corridor-hold,120,Victory,18,0,18,488,143,702,0,22,12,3:12|1:8,0,10,0,1021117068
gym-opening-ranged4,corridor-hold,121,Defeat,21,0,20,528,179,848,1,24,7,3:7|1:13|2:2,0,14,1,1215972121
gym-opening-ranged4,corridor-hold,122,Defeat,21,0,20,432,99,493,1,24,12,2:12|3:12,0,27,0,2499932651
gym-opening-ranged4,corridor-hold,123,Victory,15,0,15,400,91,508,0,34,2,1:2|2:8,0,17,0,4068956926
gym-opening-ranged4,corridor-hold,124,Defeat,21,0,20,512,179,767,1,12,2,1:2|3:7,0,15,0,2930293310
gym-opening-ranged4,corridor-hold,125,Victory,18,0,18,464,133,677,0,20,13,2:13|1:2|3:7,0,19,0,3479246351
gym-opening-ranged4,corridor-hold,126,Victory,14,0,14,448,98,878,0,26,2,1:2|2:7|3:12,0,12,0,3749370473
gym-opening-ranged4,corridor-hold,127,Victory,13,0,13,352,72,565,0,38,2,1:2|3:8,0,27,0,2070752300
gym-opening-ranged4,corridor-hold,128,Defeat,21,0,20,544,182,866,1,14,12,4:12|2:12|1:7,0,24,0,1098396824
gym-opening-ranged4,corridor-hold,129,Defeat,17,0,17,280,54,0,3,77,2,2:2,0,30,1,3641392776
gym-opening-ranged4,corridor-hold,130,Defeat,21,0,20,400,123,525,1,40,13,3:13,0,28,0,1899107908
gym-opening-ranged4,corridor-hold,131,Defeat,21,0,20,408,118,650,1,29,7,3:7,0,15,1,537131099
gym-opening-ranged4,corridor-hold,132,Defeat,21,0,20,528,199,835,1,25,7,3:7|1:12,0,20,1,1862547918
gym-opening-ranged4,corridor-hold,133,Victory,17,0,17,456,113,423,0,36,12,3:12|1:2,0,33,0,3457632757
gym-opening-ranged4,corridor-hold,134,Defeat,21,0,20,520,152,587,1,29,13,3:13|2:7,0,35,0,2317000496
gym-opening-ranged4,corridor-hold,135,Victory,17,0,17,456,115,719,0,24,12,2:12|4:12|3:2,0,16,0,1339728119
gym-opening-ranged4,corridor-hold,136,Defeat,21,0,20,544,190,573,1,30,7,3:7,0,30,1,2525556767
gym-opening-ranged4,corridor-hold,137,Defeat,21,0,20,384,116,501,1,41,2,1:2|2:2,0,19,1,491463895
gym-opening-ranged4,corridor-hold,138,Defeat,21,0,20,352,89,405,1,38,8,2:8,0,20,1,4076089976
gym-opening-ranged4,corridor-hold,139,Victory,14,0,14,368,114,633,0,23,2,3:2|1:7,0,14,0,3301550082
gym-opening-ranged4,corridor-hold,140,Defeat,21,0,20,336,74,275,2,52,-1,,0,27,1,3755716399
gym-opening-ranged4,corridor-hold,141,Defeat,21,0,20,448,131,300,3,33,12,3:12|4:12,0,41,1,43931969
gym-opening-ranged4,corridor-hold,142,Defeat,21,0,20,408,98,477,1,37,2,3:2,0,33,1,3102749180
gym-opening-ranged4,corridor-hold,143,Victory,12,0,12,320,68,788,0,20,7,3:7,0,10,0,3046911766
gym-opening-ranged4,corridor-hold,144,Defeat,21,0,20,480,166,595,1,18,8,4:8|3:12,0,13,0,2982272343
gym-opening-ranged4,corridor-hold,145,Defeat,21,0,20,536,196,782,1,14,12,3:12|1:2,0,14,1,2488716801
gym-opening-ranged4,corridor-hold,146,Defeat,21,0,20,416,116,591,1,21,13,3:13,0,11,1,1684599614
gym-opening-ranged4,corridor-hold,147,Defeat,21,0,20,512,164,747,1,31,12,1:12,0,23,0,314320223
gym-opening-ranged4,corridor-hold,148,Defeat,21,0,20,528,166,784,1,31,2,1:2|2:2,0,19,0,2458720418
gym-opening-ranged4,corridor-hold,149,Defeat,21,0,20,528,175,725,1,21,2,1:2|2:12|3:8,0,29,0,2103267522
gym-opening-ranged4,corridor-hold,150,Victory,19,0,19,416,103,585,0,28,2,2:2|3:2,0,13,0,107869424
gym-opening-ranged4,corridor-hold,151,Defeat,21,0,20,416,118,533,2,38,-1,,0,23,1,4137955751
gym-opening-ranged4,corridor-hold,152,Defeat,21,0,20,528,175,739,1,22,8,3:8|1:2|2:8,0,22,0,2662556560
gym-opening-ranged4,corridor-hold,153,Defeat,21,0,20,400,136,579,1,28,2,2:2,0,15,0,4280325114
gym-opening-ranged4,corridor-hold,154,Defeat,21,0,20,304,80,180,1,60,2,3:2,0,25,1,174540660
gym-opening-ranged4,corridor-hold,155,Defeat,21,0,20,448,124,727,1,17,8,1:8|3:7|2:13,0,28,0,3901385804
gym-opening-ranged4,corridor-hold,156,Defeat,21,0,20,448,122,595,1,32,2,2:2|3:12,0,28,0,659037897
gym-opening-ranged4,corridor-hold,157,Defeat,21,0,20,432,98,478,2,40,2,3:2|2:13,0,28,1,1400761987
gym-opening-ranged4,corridor-hold,158,Defeat,21,0,20,432,138,496,1,40,2,1:2,0,17,1,1197783351
gym-opening-ranged4,corridor-hold,159,Victory,15,0,15,392,102,745,0,30,8,3:8,0,15,0,992808385
gym-opening-ranged4,corridor-hold,160,Defeat,21,0,20,472,124,382,1,35,2,1:2|3:8,0,23,0,2583039057
gym-opening-ranged4,corridor-hold,161,Defeat,9,0,9,176,31,0,3,95,12,3:12,0,22,1,1239863379
gym-opening-ranged4,corridor-hold,162,Defeat,21,0,20,528,178,779,1,22,2,2:2|3:7,0,18,1,1191878735
gym-opening-ranged4,corridor-hold,163,Defeat,21,0,20,408,137,630,1,17,7,3:7,0,21,1,2712687454
gym-opening-ranged4,corridor-hold,164,Victory,15,0,15,384,111,741,0,22,13,1:13|2:2,0,16,0,3600951887
gym-opening-ranged4,corridor-hold,165,Victory,18,0,18,488,130,798,0,22,12,3:12|1:7,0,16,0,4102547334
gym-opening-ranged4,corridor-hold,166,Defeat,21,0,20,528,152,759,1,22,8,3:8,0,24,0,2276701706
gym-opening-ranged4,corridor-hold,167,Defeat,21,0,20,440,129,589,1,32,13,2:13|3:7,0,16,1,1381237374
gym-opening-ranged4,corridor-hold,168,Defeat,21,0,20,344,79,235,1,55,12,3:12,0,40,0,22725324
gym-opening-ranged4,corridor-hold,169,Victory,15,0,15,304,63,615,0,31,7,3:7,0,9,0,3204413436
gym-opening-ranged4,corridor-hold,170,Defeat,21,0,20,416,121,225,2,48,12,1:12|4:8|3:12,0,42,0,2372783496
gym-opening-ranged4,corridor-hold,171,Defeat,21,0,20,520,184,567,1,23,7,1:7|3:7|2:8,0,18,0,1222908692
gym-opening-ranged4,corridor-hold,172,Victory,20,0,20,528,144,617,0,27,12,1:12|3:8,0,28,0,4060799496
gym-opening-ranged4,corridor-hold,173,Victory,11,0,11,264,48,665,0,36,7,3:7,0,11,0,277378875
gym-opening-ranged4,corridor-hold,174,Victory,17,0,17,360,94,608,0,17,2,3:2|2:7,0,20,0,560071609
gym-opening-ranged4,corridor-hold,175,Victory,20,0,20,400,90,540,0,30,2,2:2|3:7,0,16,0,1806579503
gym-opening-ranged4,corridor-hold,176,Victory,13,0,13,384,97,393,0,43,2,2:2|4:12|3:12|1:2,0,23,0,707821820
gym-opening-ranged4,corridor-hold,177,Defeat,21,0,20,544,209,824,1,20,-1,,0,19,1,4074076754
gym-opening-ranged4,corridor-hold,178,Defeat,21,0,20,536,166,594,1,29,12,1:12|3:7|2:12,0,28,0,2149766031
gym-opening-ranged4,corridor-hold,179,Defeat,21,0,20,512,162,665,1,18,13,2:13|3:2|1:7,0,22,0,4199044734
gym-opening-ranged4,corridor-hold,180,Defeat,21,0,20,320,68,311,1,52,2,1:2|2:2,0,19,1,3834972943
gym-opening-ranged4,corridor-hold,181,Defeat,21,0,20,400,120,633,1,22,13,3:13,0,15,1,2475648800
gym-opening-ranged4,corridor-hold,182,Defeat,21,0,20,320,81,28,1,45,8,4:8|2:7,0,45,0,492153138
gym-opening-ranged4,corridor-hold,183,Defeat,21,0,20,456,149,366,1,36,12,1:12|3:7,0,24,0,3327399152
gym-opening-ranged4,corridor-hold,184,Defeat,21,0,20,416,125,380,1,40,2,1:2|3:2,0,21,1,2284687174
gym-opening-ranged4,corridor-hold,185,Victory,18,0,18,464,154,773,0,18,7,3:7|1:7,0,11,0,3290481423
gym-opening-ranged4,corridor-hold,186,Defeat,21,0,20,384,107,593,1,20,2,2:2|3:8,0,17,1,976897499
gym-opening-ranged4,corridor-hold,187,Defeat,21,0,20,512,176,697,1,21,8,2:8|1:2,0,19,0,3184362815
gym-opening-ranged4,corridor-hold,188,Defeat,21,0,20,424,146,623,1,16,-1,,0,8,1,1384533952
gym-opening-ranged4,corridor-hold,189,Victory,14,0,14,360,68,601,0,46,2,1:2|2:2,0,15,0,1542594641
gym-opening-ranged4,corridor-hold,190,Victory,20,0,20,496,147,665,0,20,2,2:2|3:7,0,22,0,3458618790
gym-opening-ranged4,corridor-hold,191,Defeat,21,0,20,512,180,784,1,28,13,1:13|3:7,0,16,1,1172117711
gym-opening-ranged4,corridor-hold,192,Victory,19,0,19,432,104,135,0,51,13,1:13|3:7|4:12,0,33,0,4158757341
gym-opening-ranged4,corridor-hold,193,Victory,19,0,19,432,153,503,0,29,8,4:8|2:7,0,17,0,2829949760
gym-opening-ranged4,corridor-hold,194,Defeat,14,0,14,240,54,0,3,96,2,2:2,0,32,0,1068157397
gym-opening-ranged4,corridor-hold,195,Defeat,21,0,20,472,136,631,1,33,2,3:2,0,22,0,450394363
gym-opening-ranged4,corridor-hold,196,Defeat,21,0,20,400,110,663,1,28,12,3:12,0,11,1,806693921
gym-opening-ranged4,corridor-hold,197,Victory,11,0,11,304,55,752,0,36,2,2:2|3:7,0,7,0,2825070478
gym-opening-ranged4,corridor-hold,198,Defeat,21,0,20,624,249,691,1,20,13,3:13|4:8|1:8,0,14,0,2865888306
gym-opening-ranged4,corridor-hold,199,Defeat,21,0,20,520,196,827,1,12,2,1:2,0,15,1,1638597135
gym-opening-ranged4,corridor-hold,200,Defeat,21,0,20,528,195,841,1,10,2,1:2|3:12,0,13,1,1183840173
gym-opening-ranged4,tpa-order,1,Defeat,21,0,20,640,199,1008,1,11,12,2:12|3:2,0,13,1,2914380876
gym-opening-ranged4,tpa-order,2,Defeat,21,0,20,400,127,441,1,30,7,2:7|3:7,0,19,0,1123993165
gym-opening-ranged4,tpa-order,3,Defeat,21,0,20,584,188,798,1,23,8,4:8|3:12,0,16,0,793833997
gym-opening-ranged4,tpa-order,4,Defeat,21,0,20,512,191,860,1,14,8,2:8|3:2,0,18,0,3302264967
gym-opening-ranged4,tpa-order,5,Defeat,21,0,20,408,111,616,1,39,8,3:8,0,15,1,3934216638
gym-opening-ranged4,tpa-order,6,Defeat,21,0,20,528,190,728,1,25,7,3:7,0,16,0,3905773670
gym-opening-ranged4,tpa-order,7,Victory,17,0,17,432,118,552,0,37,2,1:2|3:2|2:7,0,15,0,1631397760
gym-opening-ranged4,tpa-order,8,Defeat,21,0,20,312,82,230,1,51,-1,,0,31,1,3656225067
gym-opening-ranged4,tpa-order,9,Victory,20,0,20,288,48,35,0,72,7,3:7,0,44,0,2104357748
gym-opening-ranged4,tpa-order,10,Defeat,21,0,20,352,91,275,1,34,12,3:12,0,23,1,1359592823
gym-opening-ranged4,tpa-order,11,Defeat,21,0,20,408,150,472,1,19,-1,,0,21,1,3881513922
gym-opening-ranged4,tpa-order,12,Defeat,21,0,20,520,152,773,1,23,2,1:2,0,14,1,1558117274
gym-opening-ranged4,tpa-order,13,Victory,18,0,18,576,207,856,0,15,2,1:2|4:8|3:7,0,11,0,3717282750
gym-opening-ranged4,tpa-order,14,Defeat,21,0,20,432,127,450,2,27,2,1:2|3:7,0,23,0,1228387729
gym-opening-ranged4,tpa-order,15,Defeat,21,0,20,544,209,742,1,16,7,3:7|1:7,0,12,0,2268922095
gym-opening-ranged4,tpa-order,16,Defeat,21,0,20,512,174,554,1,28,8,2:8,0,17,0,3265871623
gym-opening-ranged4,tpa-order,17,Victory,18,0,18,392,99,585,0,30,12,3:12|2:8,0,16,0,1415990978
gym-opening-ranged4,tpa-order,18,Defeat,21,0,20,512,169,659,1,25,2,1:2|3:7,0,22,0,898332388
gym-opening-ranged4,tpa-order,19,Victory,15,0,15,400,124,745,0,18,8,1:8,0,8,0,1360309326
gym-opening-ranged4,tpa-order,20,Victory,14,0,14,304,69,638,0,36,7,3:7,0,9,0,3174178790
gym-opening-ranged4,tpa-order,21,Defeat,21,0,20,464,130,560,1,36,2,1:2,0,27,1,2204025707
gym-opening-ranged4,tpa-order,22,Defeat,21,0,20,456,125,520,1,31,2,2:2|3:2|1:2,0,20,1,1149898480
gym-opening-ranged4,tpa-order,23,Defeat,13,0,13,224,51,0,3,64,-1,,0,26,1,1217552738
gym-opening-ranged4,tpa-order,24,Victory,16,0,16,416,127,722,0,17,7,2:7|1:2,0,21,0,889877235
gym-opening-ranged4,tpa-order,25,Victory,16,0,16,440,120,748,0,25,12,4:12|3:7,0,16,0,441735850
gym-opening-ranged4,tpa-order,26,Defeat,21,0,20,416,116,210,2,42,7,3:7,0,33,0,2019630200
gym-opening-ranged4,tpa-order,27,Defeat,21,0,20,528,187,704,1,13,7,2:7|4:13,0,14,0,1454107074
gym-opening-ranged4,tpa-order,28,Defeat,21,0,20,544,168,858,1,11,12,1:12|3:8,0,9,0,1081787302
gym-opening-ranged4,tpa-order,29,Defeat,21,0,20,536,174,558,1,22,2,3:2|4:7,0,21,0,295697315
gym-opening-ranged4,tpa-order,30,Victory,18,0,18,400,90,256,0,30,12,1:12|3:2,0,27,0,2263651458
gym-opening-ranged4,tpa-order,31,Defeat,21,0,20,512,182,777,1,15,7,3:7|1:7,0,17,0,99820691
gym-opening-ranged4,tpa-order,32,Victory,15,0,15,480,132,923,0,20,13,4:13|1:8,0,11,0,3044523127
gym-opening-ranged4,tpa-order,33,Defeat,21,0,20,520,192,844,1,24,7,1:7,0,13,1,3881151240
gym-opening-ranged4,tpa-order,34,Defeat,16,0,16,280,69,0,4,65,13,3:13,0,36,0,1286462163
gym-opening-ranged4,tpa-order,35,Defeat,21,0,20,392,102,544,1,32,2,2:2,0,18,1,3979563845
gym-opening-ranged4,tpa-order,36,Defeat,21,0,20,392,104,186,2,42,12,2:12,0,40,0,2107372151
gym-opening-ranged4,tpa-order,37,Defeat,13,0,13,256,57,0,4,62,-1,,0,29,1,2192894380
gym-opening-ranged4,tpa-order,38,Defeat,21,0,20,432,110,599,1,31,2,3:2|2:7,0,26,0,2676433644
gym-opening-ranged4,tpa-order,39,Victory,16,0,16,432,120,783,0,14,8,2:8|1:7,0,13,0,3044615841
gym-opening-ranged4,tpa-order,40,Defeat,21,0,20,408,104,685,1,17,12,2:12|3:8,0,16,0,3125057503
gym-opening-ranged4,tpa-order,41,Victory,15,0,15,464,134,756,0,25,13,3:13|4:8|2:8,0,11,0,1769730525
gym-opening-ranged4,tpa-order,42,Defeat,21,0,20,400,119,628,1,18,2,3:2,0,16,1,3037703732
gym-opening-ranged4,tpa-order,43,Defeat,21,0,20,480,123,470,2,33,12,4:12|1:2|2:8|3:12,0,34,0,2088476846
gym-opening-ranged4,tpa-order,44,Victory,18,0,18,576,166,915,0,23,7,3:7|4:12|1:7,0,10,0,3044103089
gym-opening-ranged4,tpa-order,45,Victory,19,0,19,496,197,709,0,16,2,1:2|3:8|2:8,0,14,0,3115889903
gym-opening-ranged4,tpa-order,46,Defeat,21,0,20,352,62,300,2,50,7,3:7,0,36,1,2742062064
gym-opening-ranged4,tpa-order,47,Defeat,21,0,20,408,129,571,1,19,7,3:7|2:8,0,19,0,4003346821
gym-opening-ranged4,tpa-order,48,Defeat,21,0,20,456,122,626,2,31,13,4:13|2:12|3:7,0,34,0,3634319326
gym-opening-ranged4,tpa-order,49,Victory,12,0,12,328,74,693,0,19,8,3:8,0,13,0,4103510259
gym-opening-ranged4,tpa-order,50,Defeat,21,0,20,400,134,511,1,40,12,3:12|2:8,0,22,0,4149458222
gym-opening-ranged4,tpa-order,51,Defeat,21,0,20,424,100,250,1,41,8,1:8|3:8,0,28,0,3167516557
gym-opening-ranged4,tpa-order,52,Defeat,17,0,17,312,59,0,1,56,8,2:8|3:7,0,35,0,450330156
gym-opening-ranged4,tpa-order,53,Defeat,21,0,20,512,177,609,1,35,13,3:13|2:7,0,21,0,1143687955
gym-opening-ranged4,tpa-order,54,Victory,18,0,18,576,192,878,0,26,12,4:12|1:8,0,11,0,4197416614
gym-opening-ranged4,tpa-order,55,Defeat,21,0,20,528,176,745,1,28,7,2:7,0,18,0,2414666453
gym-opening-ranged4,tpa-order,56,Defeat,21,0,20,472,173,660,1,18,2,3:2|4:7,0,10,0,4128268442
gym-opening-ranged4,tpa-order,57,Victory,13,0,13,360,82,752,0,33,2,2:2|3:7,0,16,0,2498981495
gym-opening-ranged4,tpa-order,58,Victory,19,0,19,536,159,827,0,25,7,4:7|3:7|1:8,0,17,0,1757591483
gym-opening-ranged4,tpa-order,59,Victory,20,0,20,528,158,659,0,25,12,4:12|2:12|3:8,0,17,0,2422983512
gym-opening-ranged4,tpa-order,60,Victory,13,0,13,336,84,513,0,45,8,3:8,0,13,0,3419610763
gym-opening-ranged4,tpa-order,61,Defeat,21,0,20,552,149,776,2,20,2,3:2|1:2,0,28,0,3372387434
gym-opening-ranged4,tpa-order,62,Defeat,21,0,20,296,87,330,1,40,2,2:2,0,20,1,849271889
gym-opening-ranged4,tpa-order,63,Defeat,15,0,15,240,46,0,4,90,12,3:12,0,37,0,1974667723
gym-opening-ranged4,tpa-order,64,Defeat,21,0,20,472,148,513,2,27,2,3:2,0,26,1,3488370795
gym-opening-ranged4,tpa-order,65,Defeat,21,0,20,432,134,532,1,29,7,3:7|2:7,0,24,0,3173189680
gym-opening-ranged4,tpa-order,66,Defeat,21,0,20,424,117,385,1,35,13,3:13,0,30,1,1346412365
gym-opening-ranged4,tpa-order,67,Victory,13,0,13,368,108,843,0,26,8,3:8,0,8,0,782559974
gym-opening-ranged4,tpa-order,68,Defeat,21,0,20,328,99,220,1,60,13,1:13,0,27,1,4149298851
gym-opening-ranged4,tpa-order,69,Defeat,21,0,20,520,169,696,1,24,2,1:2|2:2,0,16,0,2145323621
gym-opening-ranged4,tpa-order,70,Victory,11,0,11,296,54,641,0,40,2,1:2|2:8|3:7,0,14,0,3749088906
gym-opening-ranged4,tpa-order,71,Defeat,21,0,20,512,147,772,1,18,13,2:13|1:2,0,29,0,2464588811
gym-opening-ranged4,tpa-order,72,Defeat,16,0,16,224,46,0,3,85,13,3:13,0,50,0,1405006006
gym-opening-ranged4,tpa-order,73,Victory,17,0,17,432,135,695,0,27,2,3:2|1:2|2:2,0,18,0,1003403817
gym-opening-ranged4,tpa-order,74,Defeat,21,0,20,424,132,514,1,41,2,2:2|1:7,0,17,1,3937146826
gym-opening-ranged4,tpa-order,75,Defeat,21,0,20,512,180,743,1,17,7,3:7,0,16,0,646544723
gym-opening-ranged4,tpa-order,76,Victory,15,0,15,344,77,620,0,30,12,1:12|3:7|2:13,0,20,0,2111598089
gym-opening-ranged4,tpa-order,77,Victory,18,0,18,480,111,602,0,30,2,1:2|2:7,0,21,0,2946932542
gym-opening-ranged4,tpa-order,78,Defeat,21,0,20,408,91,362,1,50,7,2:7|1:8,0,23,0,2052262122
gym-opening-ranged4,tpa-order,79,Victory,13,0,13,344,85,623,0,30,13,4:13|1:7,0,13,1,2409351564
gym-opening-ranged4,tpa-order,80,Defeat,21,0,20,320,83,210,1,45,-1,,0,22,1,2862108713
gym-opening-ranged4,tpa-order,81,Victory,17,0,17,368,73,266,0,56,2,1:2,0,34,0,2767066185
gym-opening-ranged4,tpa-order,82,Defeat,21,0,20,520,174,831,1,13,8,2:8|3:13|1:8,0,24,0,304673076
gym-opening-ranged4,tpa-order,83,Defeat,21,0,20,264,63,346,1,63,-1,,0,16,1,639975878
gym-opening-ranged4,tpa-order,84,Defeat,21,0,20,504,179,775,1,31,2,1:2,0,20,1,698355791
gym-opening-ranged4,tpa-order,85,Defeat,19,0,19,304,46,0,2,71,13,2:13,0,32,1,3680758709
gym-opening-ranged4,tpa-order,86,Defeat,21,0,20,520,219,758,1,16,7,2:7|3:12|1:8,0,12,0,1674615219
gym-opening-ranged4,tpa-order,87,Victory,15,0,15,400,96,688,0,32,2,2:2|4:8|3:12,0,18,0,2025276620
gym-opening-ranged4,tpa-order,88,Defeat,21,0,20,376,133,645,1,29,8,3:8,0,14,0,1591422845
gym-opening-ranged4,tpa-order,89,Victory,12,0,12,344,75,665,0,34,7,1:7,0,8,0,1337093952
gym-opening-ranged4,tpa-order,90,Defeat,21,0,20,448,134,407,1,32,2,3:2,0,25,0,2893830692
gym-opening-ranged4,tpa-order,91,Victory,16,0,16,424,128,753,0,20,12,2:12|3:8,0,11,0,2148459356
gym-opening-ranged4,tpa-order,92,Defeat,21,0,20,512,178,740,1,15,7,1:7|3:7,0,16,0,116122185
gym-opening-ranged4,tpa-order,93,Defeat,21,0,20,432,123,631,1,22,7,3:7,0,20,1,1065059862
gym-opening-ranged4,tpa-order,94,Victory,19,0,19,392,92,627,0,28,12,2:12|3:2,0,23,0,2584262528
gym-opening-ranged4,tpa-order,95,Defeat,21,0,20,360,102,230,1,71,-1,,0,26,1,911680025
gym-opening-ranged4,tpa-order,96,Defeat,21,0,20,424,141,339,1,37,2,3:2|1:2,0,32,0,3449948802
gym-opening-ranged4,tpa-order,97,Victory,20,0,20,520,168,639,0,20,2,2:2|1:2,0,13,0,7571833
gym-opening-ranged4,tpa-order,98,Victory,16,0,16,424,116,663,0,33,7,3:7|1:2|2:8,0,18,0,86925960
gym-opening-ranged4,tpa-order,99,Victory,18,0,18,472,128,815,0,11,12,3:12|4:7|2:2,0,10,0,2977238776
gym-opening-ranged4,tpa-order,100,Defeat,21,0,20,560,165,562,1,27,12,3:12|1:12,0,23,0,2521633465
gym-opening-ranged4,tpa-order,101,Defeat,13,0,13,256,60,0,2,90,-1,,0,31,1,3107282079
gym-opening-ranged4,tpa-order,102,Defeat,21,0,20,520,198,843,1,12,12,1:12|3:7,0,8,0,2539441172
gym-opening-ranged4,tpa-order,103,Victory,14,0,14,368,98,638,0,21,7,3:7|1:7,0,13,0,3955872802
gym-opening-ranged4,tpa-order,104,Victory,20,0,20,472,152,256,0,37,8,3:8|1:7,0,19,0,406815601
gym-opening-ranged4,tpa-order,105,Defeat,21,0,20,400,90,495,1,34,12,3:12|2:12,0,27,0,1981775551
gym-opening-ranged4,tpa-order,106,Defeat,21,0,20,536,197,719,1,26,12,3:12|4:7,0,15,1,648832145
gym-opening-ranged4,tpa-order,107,Victory,20,0,20,512,151,795,0,25,8,3:8|1:7|2:8,0,16,0,115436636
gym-opening-ranged4,tpa-order,108,Defeat,21,0,20,408,114,529,1,23,13,4:13,0,12,1,1069959131
gym-opening-ranged4,tpa-order,109,Victory,19,0,19,432,101,400,0,46,7,3:7|4:12,0,35,0,2586400661
gym-opening-ranged4,tpa-order,110,Victory,11,0,11,264,44,595,0,42,7,3:7,0,10,0,3473943104
gym-opening-ranged4,tpa-order,111,Victory,20,0,20,504,158,826,0,23,13,3:13|1:7,0,15,0,1344782123
gym-opening-ranged4,tpa-order,112,Victory,14,0,14,448,130,753,0,21,2,3:2|4:7|2:8,0,9,0,2777090961
gym-opening-ranged4,tpa-order,113,Defeat,21,0,20,640,223,1007,1,10,12,3:12,0,13,0,3987532236
gym-opening-ranged4,tpa-order,114,Victory,15,0,15,480,124,886,0,28,12,3:12|4:12|1:8,0,18,0,882941942
gym-opening-ranged4,tpa-order,115,Victory,15,0,15,392,134,790,0,16,7,1:7,0,12,0,1847865468
gym-opening-ranged4,tpa-order,116,Victory,12,0,12,344,55,627,0,39,12,4:12|2:7|3:12,0,12,0,2443783481
gym-opening-ranged4,tpa-order,117,Defeat,21,0,20,440,129,294,1,40,7,1:7|3:7,0,17,0,746610808
gym-opening-ranged4,tpa-order,118,Defeat,21,0,20,408,100,657,1,31,7,3:7|2:12,0,22,0,2812247108
gym-opening-ranged4,tpa-order,119,Defeat,21,0,20,608,215,730,1,18,7,3:7|4:7,0,15,0,626358014
gym-opening-ranged4,tpa-order,120,Victory,18,0,18,488,143,702,0,22,12,3:12|1:8,0,10,0,1021117068
gym-opening-ranged4,tpa-order,121,Victory,19,0,19,504,151,720,0,28,7,3:7|1:13|2:2,0,15,0,2017113592
gym-opening-ranged4,tpa-order,122,Defeat,21,0,20,432,99,493,1,24,12,2:12|3:12,0,27,0,2499932651
gym-opening-ranged4,tpa-order,123,Defeat,21,0,20,440,138,416,1,36,2,3:2|1:7,0,23,0,3054014861
gym-opening-ranged4,tpa-order,124,Defeat,21,0,20,512,179,767,1,12,2,1:2|3:7,0,15,0,2930293310
gym-opening-ranged4,tpa-order,125,Victory,18,0,18,464,133,677,0,20,13,2:13|1:2|3:7,0,19,0,3479246351
gym-opening-ranged4,tpa-order,126,Victory,14,0,14,448,98,878,0,26,2,1:2|2:7|3:12,0,12,0,3749370473
gym-opening-ranged4,tpa-order,127,Victory,13,0,13,352,72,565,0,38,2,1:2|3:8,0,27,0,2070752300
gym-opening-ranged4,tpa-order,128,Defeat,21,0,20,544,182,866,1,14,12,4:12|2:12|1:7,0,24,0,1098396824
gym-opening-ranged4,tpa-order,129,Defeat,21,0,20,304,64,101,1,60,2,2:2,0,28,1,3701334441
gym-opening-ranged4,tpa-order,130,Defeat,21,0,20,400,123,525,1,40,13,3:13,0,28,0,1899107908
gym-opening-ranged4,tpa-order,131,Defeat,21,0,20,408,118,650,1,29,7,3:7,0,15,1,537131099
gym-opening-ranged4,tpa-order,132,Defeat,21,0,20,528,199,835,1,25,7,3:7|1:12,0,20,1,1862547918
gym-opening-ranged4,tpa-order,133,Victory,17,0,17,464,112,406,0,36,12,3:12|1:2,0,33,0,862802922
gym-opening-ranged4,tpa-order,134,Defeat,21,0,20,520,152,587,1,29,13,3:13|2:7,0,35,0,2317000496
gym-opening-ranged4,tpa-order,135,Victory,17,0,17,456,115,719,0,24,12,2:12|4:12|3:2,0,16,0,1339728119
gym-opening-ranged4,tpa-order,136,Defeat,21,0,20,544,190,573,1,30,7,3:7,0,30,1,2525556767
gym-opening-ranged4,tpa-order,137,Defeat,21,0,20,384,116,501,1,41,2,1:2|2:2,0,19,1,491463895
gym-opening-ranged4,tpa-order,138,Defeat,21,0,20,352,89,405,1,38,8,2:8,0,20,1,4076089976
gym-opening-ranged4,tpa-order,139,Victory,14,0,14,368,114,633,0,23,2,3:2|1:7,0,14,0,3301550082
gym-opening-ranged4,tpa-order,140,Defeat,21,0,20,512,202,641,1,20,2,1:2|3:8,0,22,0,763523381
gym-opening-ranged4,tpa-order,141,Defeat,21,0,20,448,131,300,2,32,12,3:12|4:12,0,40,1,4016081270
gym-opening-ranged4,tpa-order,142,Defeat,21,0,20,408,98,477,1,37,2,3:2,0,33,1,3102749180
gym-opening-ranged4,tpa-order,143,Victory,12,0,12,320,68,788,0,20,7,3:7,0,10,0,3046911766
gym-opening-ranged4,tpa-order,144,Defeat,21,0,20,480,166,595,1,18,8,4:8|3:12,0,13,0,2982272343
gym-opening-ranged4,tpa-order,145,Defeat,21,0,20,536,196,782,1,14,12,3:12|1:2,0,14,1,2488716801
gym-opening-ranged4,tpa-order,146,Defeat,21,0,20,416,116,591,1,21,13,3:13,0,11,1,1684599614
gym-opening-ranged4,tpa-order,147,Defeat,21,0,20,512,176,696,1,23,7,2:7|3:7,0,14,0,3998628550
gym-opening-ranged4,tpa-order,148,Defeat,21,0,20,528,166,784,1,31,2,1:2|2:2,0,19,0,2458720418
gym-opening-ranged4,tpa-order,149,Defeat,21,0,20,528,175,725,1,21,2,1:2|2:12|3:8,0,29,0,2103267522
gym-opening-ranged4,tpa-order,150,Victory,19,0,19,416,103,585,0,28,2,2:2|3:2,0,13,0,107869424
gym-opening-ranged4,tpa-order,151,Defeat,21,0,20,416,126,580,1,28,8,3:8,0,14,0,2034168732
gym-opening-ranged4,tpa-order,152,Victory,18,0,18,480,138,717,0,21,2,1:2,0,14,0,3944295441
gym-opening-ranged4,tpa-order,153,Defeat,21,0,20,400,136,579,1,28,2,2:2,0,15,0,4280325114
gym-opening-ranged4,tpa-order,154,Defeat,21,0,20,304,80,180,1,60,2,3:2,0,25,1,1515071028
gym-opening-ranged4,tpa-order,155,Defeat,21,0,20,448,124,727,1,17,8,1:8|3:7|2:13,0,28,0,3901385804
gym-opening-ranged4,tpa-order,156,Victory,19,0,19,504,152,793,0,22,2,2:2|1:2|3:7,0,22,0,3061097139
gym-opening-ranged4,tpa-order,157,Defeat,21,0,20,432,98,478,2,40,2,3:2|2:13,0,28,1,1400761987
gym-opening-ranged4,tpa-order,158,Defeat,21,0,20,432,138,496,1,40,2,1:2,0,17,1,1197783351
gym-opening-ranged4,tpa-order,159,Victory,15,0,15,392,102,745,0,30,8,3:8,0,15,0,992808385
gym-opening-ranged4,tpa-order,160,Defeat,21,0,20,472,130,470,1,32,8,3:8,0,18,0,4174360122
gym-opening-ranged4,tpa-order,161,Victory,19,0,19,264,45,50,0,69,13,3:13,0,38,0,3786932560
gym-opening-ranged4,tpa-order,162,Defeat,21,0,20,528,178,779,1,22,2,2:2|3:7,0,18,1,1191878735
gym-opening-ranged4,tpa-order,163,Defeat,21,0,20,408,137,630,1,17,7,3:7,0,21,1,2712687454
gym-opening-ranged4,tpa-order,164,Victory,15,0,15,384,111,741,0,22,13,1:13|2:2,0,16,0,3600951887
gym-opening-ranged4,tpa-order,165,Victory,18,0,18,488,130,798,0,22,12,3:12|1:7,0,16,0,4102547334
gym-opening-ranged4,tpa-order,166,Defeat,21,0,20,528,152,759,1,22,8,3:8,0,24,0,2276701706
gym-opening-ranged4,tpa-order,167,Defeat,21,0,20,440,129,589,1,32,13,2:13|3:7,0,16,1,1381237374
gym-opening-ranged4,tpa-order,168,Defeat,21,0,20,344,79,235,1,55,12,3:12,0,40,0,22725324
gym-opening-ranged4,tpa-order,169,Victory,15,0,15,304,63,615,0,31,7,3:7,0,9,0,3204413436
gym-opening-ranged4,tpa-order,170,Defeat,21,0,20,472,159,456,1,35,12,1:12|4:8|3:8,0,34,0,3555256015
gym-opening-ranged4,tpa-order,171,Defeat,21,0,20,520,184,567,1,23,7,1:7|3:7|2:8,0,18,0,1222908692
gym-opening-ranged4,tpa-order,172,Victory,20,0,20,528,144,617,0,27,12,1:12|3:8,0,28,0,4060799496
gym-opening-ranged4,tpa-order,173,Victory,11,0,11,264,48,665,0,36,7,3:7,0,11,0,277378875
gym-opening-ranged4,tpa-order,174,Victory,17,0,17,360,94,608,0,17,2,3:2|2:7,0,20,0,560071609
gym-opening-ranged4,tpa-order,175,Victory,20,0,20,400,90,540,0,30,2,2:2|3:7,0,16,0,1806579503
gym-opening-ranged4,tpa-order,176,Victory,13,0,13,384,97,393,0,43,2,2:2|4:12|3:12|1:2,0,23,0,707821820
gym-opening-ranged4,tpa-order,177,Defeat,21,0,20,544,209,824,1,20,-1,,0,19,1,4074076754
gym-opening-ranged4,tpa-order,178,Defeat,21,0,20,536,166,594,1,29,12,1:12|3:7|2:12,0,28,0,2149766031
gym-opening-ranged4,tpa-order,179,Defeat,21,0,20,512,162,665,1,18,13,2:13|3:2|1:7,0,22,0,4199044734
gym-opening-ranged4,tpa-order,180,Defeat,21,0,20,320,68,311,1,52,2,1:2|2:2,0,19,1,3834972943
gym-opening-ranged4,tpa-order,181,Defeat,21,0,20,400,120,633,1,22,13,3:13,0,15,1,2475648800
gym-opening-ranged4,tpa-order,182,Defeat,21,0,20,320,81,28,1,45,8,4:8|2:7,0,45,0,492153138
gym-opening-ranged4,tpa-order,183,Defeat,21,0,20,520,208,828,1,16,12,2:12|3:12,0,15,0,1217506683
gym-opening-ranged4,tpa-order,184,Defeat,21,0,20,416,125,380,1,40,2,1:2|3:2,0,21,1,2284687174
gym-opening-ranged4,tpa-order,185,Victory,18,0,18,464,154,773,0,18,7,3:7|1:7,0,11,0,3290481423
gym-opening-ranged4,tpa-order,186,Defeat,21,0,20,384,107,593,1,20,2,2:2|3:8,0,17,1,976897499
gym-opening-ranged4,tpa-order,187,Defeat,21,0,20,512,176,697,1,21,8,2:8|1:2,0,19,0,3184362815
gym-opening-ranged4,tpa-order,188,Defeat,21,0,20,520,202,608,1,20,7,2:7|3:13|1:8,0,20,0,3218772131
gym-opening-ranged4,tpa-order,189,Victory,14,0,14,360,68,601,0,46,2,1:2|2:2,0,15,0,1542594641
gym-opening-ranged4,tpa-order,190,Victory,20,0,20,496,147,665,0,20,2,2:2|3:7,0,22,0,3458618790
gym-opening-ranged4,tpa-order,191,Defeat,21,0,20,408,130,318,1,43,13,1:13|3:7,0,34,0,1124534560
gym-opening-ranged4,tpa-order,192,Defeat,21,0,20,432,98,200,2,50,13,1:13|3:7|4:12,0,40,0,1526656744
gym-opening-ranged4,tpa-order,193,Victory,19,0,19,432,153,503,0,29,8,4:8|2:7,0,17,0,2829949760
gym-opening-ranged4,tpa-order,194,Defeat,21,0,20,392,139,574,1,36,2,1:2|2:7,0,18,0,3568265065
gym-opening-ranged4,tpa-order,195,Defeat,21,0,20,512,173,777,1,31,8,1:8|2:8|3:7,0,18,0,2509911637
gym-opening-ranged4,tpa-order,196,Defeat,21,0,20,400,110,663,1,28,12,3:12,0,11,1,806693921
gym-opening-ranged4,tpa-order,197,Victory,11,0,11,304,55,752,0,36,2,2:2|3:7,0,7,0,2825070478
gym-opening-ranged4,tpa-order,198,Defeat,21,0,20,640,262,1019,1,18,13,3:13,0,13,1,1265712443
gym-opening-ranged4,tpa-order,199,Defeat,21,0,20,520,196,827,1,12,2,1:2,0,15,1,1638597135
gym-opening-ranged4,tpa-order,200,Defeat,21,0,20,528,195,841,1,10,2,1:2|3:12,0,13,1,1183840173
gym-opening-ranged4,control-hold,1,Defeat,21,0,20,392,80,175,2,51,12,2:12|3:12,0,34,0,1818378230
gym-opening-ranged4,control-hold,2,Defeat,21,0,20,392,101,525,2,24,2,2:2,0,20,1,3788948780
gym-opening-ranged4,control-hold,3,Victory,14,0,14,448,113,797,0,28,2,1:2|3:8,0,11,0,1795168653
gym-opening-ranged4,control-hold,4,Defeat,21,0,20,432,121,451,1,40,12,1:12|2:7,0,29,0,2749008964
gym-opening-ranged4,control-hold,5,Defeat,21,0,20,520,178,589,1,27,7,2:7|4:13,0,19,0,3481728164
gym-opening-ranged4,control-hold,6,Victory,18,0,18,352,100,447,0,40,7,1:7,0,24,0,2435616621
gym-opening-ranged4,control-hold,7,Defeat,14,0,14,240,61,0,5,90,-1,,0,42,1,1387398331
gym-opening-ranged4,control-hold,8,Defeat,21,0,20,320,72,300,2,52,-1,,0,33,1,4075175604
gym-opening-ranged4,control-hold,9,Defeat,21,0,20,296,61,260,4,86,12,3:12,0,62,0,3020583054
gym-opening-ranged4,control-hold,10,Defeat,21,0,20,352,69,230,1,43,12,3:12,0,28,0,2581182005
gym-opening-ranged4,control-hold,11,Defeat,21,0,20,400,127,605,1,30,-1,,0,16,1,954705360
gym-opening-ranged4,control-hold,12,Victory,14,0,14,360,89,562,0,37,7,1:7|3:8,0,15,0,3618175087
gym-opening-ranged4,control-hold,13,Defeat,21,0,20,640,220,981,1,12,2,1:2|4:12,0,19,0,2061534503
gym-opening-ranged4,control-hold,14,Defeat,21,0,20,432,148,725,1,33,-1,,0,13,1,1387596516
gym-opening-ranged4,control-hold,15,Defeat,21,0,20,544,165,463,1,26,12,3:12|1:7|4:12,0,28,0,454106921
gym-opening-ranged4,control-hold,16,Defeat,21,0,20,616,223,741,1,33,7,3:7|4:7,0,19,0,1272922192
gym-opening-ranged4,control-hold,17,Victory,18,0,18,488,105,373,0,37,8,4:8|1:13|3:12,0,32,0,2774953806
gym-opening-ranged4,control-hold,18,Defeat,21,0,20,456,102,314,1,42,8,3:8|2:7,0,40,0,624924462
gym-opening-ranged4,control-hold,19,Victory,14,0,14,384,117,660,0,25,7,4:7|3:8,0,15,0,3475379733
gym-opening-ranged4,control-hold,20,Defeat,21,0,20,384,104,413,1,33,7,3:7|2:2,0,17,1,2944920935
gym-opening-ranged4,control-hold,21,Defeat,21,0,20,464,130,560,1,36,2,1:2,0,27,1,2204025707
gym-opening-ranged4,control-hold,22,Defeat,21,0,20,336,62,220,2,64,2,2:2|3:2,0,40,1,3701147820
gym-opening-ranged4,control-hold,23,Defeat,15,0,15,248,44,0,4,80,13,3:13,0,33,1,1217327945
gym-opening-ranged4,control-hold,24,Defeat,21,0,20,448,157,572,1,23,7,4:7|2:2,0,19,1,1149947057
gym-opening-ranged4,control-hold,25,Victory,17,0,17,336,71,411,0,38,12,4:12|3:12,0,24,0,3353430453
gym-opening-ranged4,control-hold,26,Defeat,21,0,20,416,105,528,2,30,-1,,0,21,1,1384963097
gym-opening-ranged4,control-hold,27,Defeat,21,0,20,448,123,570,1,25,12,4:12,0,23,1,2558643279
gym-opening-ranged4,control-hold,28,Victory,19,0,19,520,122,726,0,18,7,3:7|2:8,0,12,0,2113918388
gym-opening-ranged4,control-hold,29,Victory,17,0,17,448,130,657,0,17,2,1:2|4:7|2:8,0,12,0,2465699761
gym-opening-ranged4,control-hold,30,Defeat,21,0,20,456,120,456,1,33,13,1:13|3:2,0,30,0,282761460
gym-opening-ranged4,control-hold,31,Defeat,21,0,20,320,49,225,2,62,2,3:2,0,27,1,3898326760
gym-opening-ranged4,control-hold,32,Victory,19,0,19,608,151,805,0,28,13,3:13|1:12|2:12|4:12,0,16,0,1833100456
gym-opening-ranged4,control-hold,33,Defeat,21,0,20,528,172,873,1,19,2,1:2|3:2,0,10,1,1575390378
gym-opening-ranged4,control-hold,34,Defeat,21,0,20,376,111,548,1,34,7,2:7|1:7,0,18,0,1677116675
gym-opening-ranged4,control-hold,35,Victory,18,0,18,456,135,750,0,24,2,1:2|2:7|3:7,0,18,0,2396321853
gym-opening-ranged4,control-hold,36,Defeat,21,0,20,376,79,230,3,42,12,2:12,0,35,1,2763738468
gym-opening-ranged4,control-hold,37,Defeat,21,0,20,328,61,210,2,65,12,3:12,0,32,1,2704793259
gym-opening-ranged4,control-hold,38,Defeat,21,0,20,640,162,709,1,25,12,3:12|2:2,0,22,0,1028059610
gym-opening-ranged4,control-hold,39,Defeat,21,0,20,464,103,388,1,50,2,3:2|2:7|1:2,0,41,0,871909585
gym-opening-ranged4,control-hold,40,Defeat,21,0,20,360,90,250,2,48,2,1:2|3:13,0,26,1,3855328329
gym-opening-ranged4,control-hold,41,Victory,18,0,18,408,94,256,0,45,13,3:13|1:2,0,36,0,3574392003
gym-opening-ranged4,control-hold,42,Victory,15,0,15,384,93,500,0,54,7,3:7,0,23,0,2086579491
gym-opening-ranged4,control-hold,43,Defeat,21,0,20,488,94,520,1,39,2,1:2|3:2,0,25,1,1330055605
gym-opening-ranged4,control-hold,44,Defeat,21,0,20,576,141,653,1,29,2,1:2,0,15,1,4148660354
gym-opening-ranged4,control-hold,45,Defeat,21,0,20,424,120,629,1,32,12,3:12,0,23,1,1096432132
gym-opening-ranged4,control-hold,46,Defeat,21,0,20,432,114,458,1,44,2,1:2|3:2,0,29,0,1796575701
gym-opening-ranged4,control-hold,47,Defeat,21,0,20,384,102,580,2,25,2,3:2|2:8,0,22,0,1638948152
gym-opening-ranged4,control-hold,48,Defeat,21,0,20,400,118,594,1,36,12,2:12,0,19,1,175062865
gym-opening-ranged4,control-hold,49,Defeat,21,0,20,424,123,665,2,30,13,2:13,0,37,1,2008581304
gym-opening-ranged4,control-hold,50,Defeat,18,0,18,328,84,0,3,63,13,3:13|1:13,0,49,0,1840692729
gym-opening-ranged4,control-hold,51,Victory,16,0,16,360,93,420,0,44,8,3:8,0,20,0,3310715119
gym-opening-ranged4,control-hold,52,Defeat,16,0,16,296,69,0,3,67,-1,,0,35,1,2616857236
gym-opening-ranged4,control-hold,53,Defeat,21,0,20,640,198,916,1,33,7,4:7,0,19,1,2901872382
gym-opening-ranged4,control-hold,54,Defeat,21,0,20,608,181,555,1,32,12,2:12|3:13|1:7|4:7,0,27,0,3850791180
gym-opening-ranged4,control-hold,55,Defeat,21,0,20,448,113,376,2,62,12,3:12|1:7,0,35,0,4213732409
gym-opening-ranged4,control-hold,56,Victory,19,0,19,408,86,391,0,43,2,1:2|3:2,0,27,0,822193849
gym-opening-ranged4,control-hold,57,Defeat,21,0,20,312,63,230,2,51,2,3:2,0,28,1,1528227936
gym-opening-ranged4,control-hold,58,Defeat,21,0,20,424,72,120,1,52,12,2:12|3:13,0,36,0,718349798
gym-opening-ranged4,control-hold,59,Defeat,21,0,20,432,125,524,1,42,12,3:12|2:7,0,25,0,3498277160
gym-opening-ranged4,control-hold,60,Victory,16,0,16,408,109,552,0,39,7,3:7|1:7|2:2,0,19,0,363336848
gym-opening-ranged4,control-hold,61,Defeat,21,0,20,480,142,408,1,36,12,3:12|1:7,0,24,0,3746275490
gym-opening-ranged4,control-hold,62,Defeat,21,0,20,384,105,411,1,43,2,2:2|3:7,0,35,0,3147755065
gym-opening-ranged4,control-hold,63,Defeat,16,0,16,248,49,0,2,93,2,3:2,0,41,0,1896859283
gym-opening-ranged4,control-hold,64,Defeat,21,0,20,640,209,1047,1,11,12,4:12,0,23,0,3392002846
gym-opening-ranged4,control-hold,65,Defeat,21,0,20,344,78,235,1,46,2,3:2,0,30,1,181964742
gym-opening-ranged4,control-hold,66,Defeat,19,0,19,368,71,0,2,54,13,3:13|1:12,0,51,0,2993526611
gym-opening-ranged4,control-hold,67,Victory,15,0,15,424,121,811,0,24,8,3:8,0,8,0,2229933926
gym-opening-ranged4,control-hold,68,Defeat,21,0,20,400,154,428,1,48,12,1:12,0,20,1,2980141407
gym-opening-ranged4,control-hold,69,Defeat,21,0,20,424,109,547,1,33,7,3:7|2:2,0,30,1,3809614939
gym-opening-ranged4,control-hold,70,Victory,18,0,18,464,138,667,0,32,7,1:7,0,16,0,2552443598
gym-opening-ranged4,control-hold,71,Victory,20,0,20,568,137,622,0,25,12,4:12|3:7,0,16,0,1016249883
gym-opening-ranged4,control-hold,72,Defeat,21,0,20,304,66,125,4,63,12,3:12,0,54,0,2407358900
gym-opening-ranged4,control-hold,73,Victory,20,0,20,584,163,706,0,31,2,3:2|4:12,0,27,0,35552983
gym-opening-ranged4,control-hold,74,Defeat,21,0,20,384,95,240,2,58,2,1:2|3:2,0,37,1,933775793
gym-opening-ranged4,control-hold,75,Defeat,21,0,20,440,89,318,2,49,2,3:2|2:12|4:7,0,37,0,1998459319
gym-opening-ranged4,control-hold,76,Defeat,16,0,16,328,58,0,2,63,7,2:7,0,31,0,4155483777
gym-opening-ranged4,control-hold,77,Defeat,21,0,20,352,79,45,2,56,13,3:13|2:12,0,39,0,4010936369
gym-opening-ranged4,control-hold,78,Defeat,15,0,15,280,52,0,3,82,7,2:7,0,31,0,2268161346
gym-opening-ranged4,control-hold,79,Defeat,21,0,20,640,231,995,1,13,2,4:2|3:7,0,12,0,4050910873
gym-opening-ranged4,control-hold,80,Defeat,21,0,20,328,98,220,1,58,2,1:2|3:12,0,29,1,158808288
gym-opening-ranged4,control-hold,81,Defeat,21,0,20,400,83,135,1,60,2,1:2|3:13,0,44,0,355581386
gym-opening-ranged4,control-hold,82,Defeat,21,0,20,440,125,458,1,30,2,1:2,0,23,1,4078049464
gym-opening-ranged4,control-hold,83,Defeat,21,0,20,392,75,230,1,53,2,1:2|3:8,0,23,0,2229741483
gym-opening-ranged4,control-hold,84,Defeat,21,0,20,528,174,853,1,15,7,3:7|1:2,0,21,0,820320591
gym-opening-ranged4,control-hold,85,Defeat,21,0,20,640,190,879,1,23,2,4:2|3:2|1:7,0,16,0,200642459
gym-opening-ranged4,control-hold,86,Defeat,21,0,20,520,182,768,1,23,2,1:2|3:12,0,21,0,600096572
gym-opening-ranged4,control-hold,87,Defeat,21,0,20,472,150,645,1,25,2,1:2|3:7|2:8,0,14,0,1927519379
gym-opening-ranged4,control-hold,88,Defeat,21,0,20,416,105,482,2,51,7,2:7,0,44,0,457723548
gym-opening-ranged4,control-hold,89,Defeat,21,0,20,640,238,1003,1,20,7,3:7|2:8,0,12,0,3800765716
gym-opening-ranged4,control-hold,90,Victory,17,0,17,392,82,292,0,40,2,3:2|1:7,0,20,0,139748774
gym-opening-ranged4,control-hold,91,Defeat,21,0,20,416,115,436,1,28,2,1:2|3:7,0,28,1,2208807251
gym-opening-ranged4,control-hold,92,Defeat,21,0,20,416,111,437,1,40,2,1:2|2:7,0,17,0,1385234405
gym-opening-ranged4,control-hold,93,Defeat,21,0,20,528,184,840,1,19,7,2:7|4:12,0,11,1,2884722326
gym-opening-ranged4,control-hold,94,Defeat,21,0,20,504,195,829,1,14,7,3:7,0,14,0,2163176419
gym-opening-ranged4,control-hold,95,Defeat,19,0,19,416,86,0,1,63,13,3:13|2:13,0,37,0,2098867989
gym-opening-ranged4,control-hold,96,Victory,15,0,15,344,80,391,0,41,2,3:2|1:2,0,28,0,653517298
gym-opening-ranged4,control-hold,97,Victory,20,0,20,528,176,809,0,15,2,2:2|3:12|1:7,0,17,0,2559815888
gym-opening-ranged4,control-hold,98,Defeat,21,0,20,504,163,798,1,22,7,3:7|2:8,0,25,0,1033922011
gym-opening-ranged4,control-hold,99,Defeat,21,0,20,432,109,561,1,25,12,3:12,0,17,1,3047600494
gym-opening-ranged4,control-hold,100,Defeat,11,0,11,200,27,0,4,104,-1,,0,28,1,4211555822
gym-opening-ranged4,control-hold,101,Defeat,19,0,19,336,64,0,3,78,12,2:12|3:2,0,49,1,2753324882
gym-opening-ranged4,control-hold,102,Victory,16,0,16,344,63,320,0,48,2,3:2,0,23,0,2489415296
gym-opening-ranged4,control-hold,103,Defeat,21,0,20,408,103,244,1,60,-1,,0,27,1,2704087473
gym-opening-ranged4,control-hold,104,Defeat,19,0,19,328,89,0,2,63,13,3:13,0,39,0,2668615489
gym-opening-ranged4,control-hold,105,Defeat,21,0,20,456,99,505,2,38,-1,,0,26,1,4260210367
gym-opening-ranged4,control-hold,106,Defeat,21,0,20,416,110,509,1,44,12,3:12,0,35,0,3043994040
gym-opening-ranged4,control-hold,107,Defeat,21,0,20,504,168,802,1,31,2,2:2|1:7,0,17,1,3057032506
gym-opening-ranged4,control-hold,108,Defeat,21,0,20,496,151,779,1,30,2,1:2|3:7,0,24,0,861525681
gym-opening-ranged4,control-hold,109,Defeat,21,0,20,440,106,373,2,47,2,3:2,0,31,1,775282970
gym-opening-ranged4,control-hold,110,Victory,15,0,15,376,87,561,0,38,2,1:2|3:7,0,16,0,1182854435
gym-opening-ranged4,control-hold,111,Victory,15,0,15,384,78,594,0,43,7,3:7,0,20,0,974025009
gym-opening-ranged4,control-hold,112,Victory,14,0,14,448,137,878,0,21,2,3:2|1:2,0,8,0,1772773590
gym-opening-ranged4,control-hold,113,Victory,20,0,20,528,152,722,0,22,7,1:7,0,19,0,118013585
gym-opening-ranged4,control-hold,114,Defeat,21,0,20,392,81,105,2,67,12,3:12|1:13,0,46,0,3394703408
gym-opening-ranged4,control-hold,115,Defeat,21,0,20,320,64,275,3,50,-1,,0,35,1,109113285
gym-opening-ranged4,control-hold,116,Defeat,21,0,20,464,125,530,1,22,12,3:12,0,32,0,1382311953
gym-opening-ranged4,control-hold,117,Victory,18,0,18,464,143,665,0,31,8,2:8|3:7|1:7,0,18,0,3256718324
gym-opening-ranged4,control-hold,118,Defeat,21,0,20,448,123,606,2,28,7,2:7|3:13,0,31,0,3654011943
gym-opening-ranged4,control-hold,119,Defeat,16,0,16,320,52,0,1,70,2,3:2,0,35,0,1210939304
gym-opening-ranged4,control-hold,120,Defeat,21,0,20,640,214,874,1,21,12,3:12|2:2|1:7,0,16,0,1611154691
gym-opening-ranged4,control-hold,121,Defeat,21,0,20,416,120,301,1,55,7,3:7|1:13,0,42,0,3732415622
gym-opening-ranged4,control-hold,122,Defeat,21,0,20,440,106,591,1,20,12,3:12,0,22,0,1159655845
gym-opening-ranged4,control-hold,123,Defeat,21,0,20,504,136,563,1,38,2,1:2|3:2,0,32,1,2892872130
gym-opening-ranged4,control-hold,124,Defeat,21,0,20,504,179,755,1,30,7,3:7,0,17,0,135667642
gym-opening-ranged4,control-hold,125,Defeat,21,0,20,312,72,10,3,56,12,3:12,0,46,1,1863649127
gym-opening-ranged4,control-hold,126,Victory,16,0,16,424,93,298,0,47,12,3:12|4:12|1:12,0,34,0,1949267707
gym-opening-ranged4,control-hold,127,Defeat,21,0,20,496,129,430,1,27,13,4:13|1:7,0,29,1,1942331619
gym-opening-ranged4,control-hold,128,Victory,11,0,11,352,85,1007,0,9,12,4:12|3:8,0,8,1,3674999511
gym-opening-ranged4,control-hold,129,Defeat,21,0,20,520,162,874,1,9,2,3:2|2:7|1:12,0,8,1,836851954
gym-opening-ranged4,control-hold,130,Defeat,21,0,20,440,121,480,2,29,2,3:2,0,32,0,1341603616
gym-opening-ranged4,control-hold,131,Defeat,21,0,20,400,77,550,3,36,12,2:12|3:13,0,40,1,1195938542
gym-opening-ranged4,control-hold,132,Defeat,21,0,20,544,174,597,1,39,12,1:12|3:13|4:7,0,24,0,548600947
gym-opening-ranged4,control-hold,133,Defeat,21,0,20,544,165,549,1,32,12,3:12|1:7|4:12,0,36,0,3014786655
gym-opening-ranged4,control-hold,134,Victory,19,0,19,464,99,275,0,39,12,3:12|1:7,0,30,0,2702536272
gym-opening-ranged4,control-hold,135,Defeat,21,0,20,640,231,1019,1,16,12,4:12|1:8,0,13,0,2678633236
gym-opening-ranged4,control-hold,136,Defeat,21,0,20,504,176,726,1,20,12,3:12|2:12,0,15,0,2779193815
gym-opening-ranged4,control-hold,137,Defeat,21,0,20,408,104,407,1,52,2,1:2|3:7,0,21,0,378346510
gym-opening-ranged4,control-hold,138,Defeat,21,0,20,504,130,713,1,31,12,1:12|3:7|2:12,0,33,1,2820896732
gym-opening-ranged4,control-hold,139,Defeat,21,0,20,504,177,737,1,22,7,3:7|2:8,0,19,0,606449856
gym-opening-ranged4,control-hold,140,Defeat,21,0,20,408,143,621,1,31,7,2:7,0,18,0,84557820
gym-opening-ranged4,control-hold,141,Defeat,21,0,20,416,99,205,2,44,12,3:12|2:12,0,36,0,894048522
gym-opening-ranged4,control-hold,142,Defeat,21,0,20,408,92,411,2,37,2,3:2,0,39,1,597352704
gym-opening-ranged4,control-hold,143,Victory,18,0,18,384,85,302,0,47,2,3:2|1:12,0,40,0,3671242732
gym-opening-ranged4,control-hold,144,Defeat,21,0,20,504,152,591,1,22,8,4:8|2:8,0,14,0,3817936872
gym-opening-ranged4,control-hold,145,Defeat,21,0,20,536,193,797,1,14,12,3:12|1:2,0,14,1,2107543017
gym-opening-ranged4,control-hold,146,Defeat,21,0,20,504,170,360,1,33,8,2:8|3:12,0,22,0,2215914547
gym-opening-ranged4,control-hold,147,Victory,16,0,16,400,82,349,0,72,2,1:2|3:2,0,33,0,3999797020
gym-opening-ranged4,control-hold,148,Victory,17,0,17,368,79,433,0,32,2,3:2|2:7,0,11,0,977157828
gym-opening-ranged4,control-hold,149,Defeat,21,0,20,504,138,713,1,30,12,4:12,0,27,0,201005860
gym-opening-ranged4,control-hold,150,Victory,15,0,15,408,105,662,0,31,7,2:7,0,9,0,1451973920
gym-opening-ranged4,control-hold,151,Victory,13,0,13,336,68,425,0,52,2,1:2|2:13,0,19,0,3437624508
gym-opening-ranged4,control-hold,152,Victory,14,0,14,376,109,758,0,21,7,2:7|3:8,0,8,0,3332219231
gym-opening-ranged4,control-hold,153,Defeat,21,0,20,504,153,822,1,28,8,3:8,0,19,1,1244325723
gym-opening-ranged4,control-hold,154,Defeat,21,0,20,424,119,584,1,45,7,3:7,0,27,1,525184769
gym-opening-ranged4,control-hold,155,Defeat,21,0,20,400,96,505,1,36,7,2:7,0,18,0,3550408060
gym-opening-ranged4,control-hold,156,Defeat,21,0,20,528,160,855,1,19,2,2:2,0,24,0,1802850072
gym-opening-ranged4,control-hold,157,Defeat,21,0,20,392,143,496,1,34,2,1:2,0,17,1,4210424611
gym-opening-ranged4,control-hold,158,Defeat,21,0,20,432,134,368,1,38,8,3:8,0,23,0,3317408929
gym-opening-ranged4,control-hold,159,Defeat,21,0,20,504,177,759,1,33,12,2:12,0,19,1,1401881492
gym-opening-ranged4,control-hold,160,Victory,17,0,17,384,87,545,0,31,7,3:7|2:13,0,17,0,63260
gym-opening-ranged4,control-hold,161,Defeat,21,0,20,384,103,638,2,25,12,3:12|2:2,0,26,1,3171660884
gym-opening-ranged4,control-hold,162,Defeat,21,0,20,520,168,871,1,15,2,3:2|1:2,0,25,1,1498310458
gym-opening-ranged4,control-hold,163,Victory,15,0,15,384,136,781,0,20,7,3:7,0,8,0,3560128644
gym-opening-ranged4,control-hold,164,Victory,19,0,19,376,98,398,0,38,12,1:12,0,21,0,277707205
gym-opening-ranged4,control-hold,165,Victory,20,0,20,392,65,419,0,44,13,3:13,0,32,0,975944677
gym-opening-ranged4,control-hold,166,Defeat,21,0,20,488,132,276,2,37,2,1:2|2:12|3:13,0,31,0,2713879234
gym-opening-ranged4,control-hold,167,Defeat,21,0,20,464,147,520,1,36,12,1:12|3:8,0,15,1,3992239618
gym-opening-ranged4,control-hold,168,Defeat,21,0,20,344,64,215,3,69,13,2:13,0,48,0,2664971062
gym-opening-ranged4,control-hold,169,Defeat,21,0,20,408,104,230,2,41,2,2:2|3:7,0,46,0,2457395814
gym-opening-ranged4,control-hold,170,Defeat,21,0,20,480,129,393,2,36,12,1:12|3:2,0,45,1,3279143715
gym-opening-ranged4,control-hold,171,Defeat,21,0,20,360,84,240,1,44,13,3:13,0,23,1,676977656
gym-opening-ranged4,control-hold,172,Defeat,21,0,20,544,141,796,1,23,12,4:12|3:7,0,14,0,2690478435
gym-opening-ranged4,control-hold,173,Defeat,21,0,20,280,64,288,1,65,-1,,0,19,1,1677072784
gym-opening-ranged4,control-hold,174,Defeat,21,0,20,480,141,420,1,36,7,1:7,0,34,0,838220076
gym-opening-ranged4,control-hold,175,Defeat,21,0,20,464,95,300,1,50,7,1:7|3:2|4:12,0,45,0,348854487
gym-opening-ranged4,control-hold,176,Defeat,21,0,20,416,100,538,2,38,2,2:2,0,35,1,2458714760
gym-opening-ranged4,control-hold,177,Defeat,21,0,20,448,144,609,1,26,12,3:12,0,20,1,1712526297
gym-opening-ranged4,control-hold,178,Victory,19,0,19,608,185,840,0,26,7,2:7|3:8,0,9,0,246142188
gym-opening-ranged4,control-hold,179,Defeat,9,0,9,216,56,0,4,103,-1,,0,24,1,2780646215
gym-opening-ranged4,control-hold,180,Defeat,21,0,20,504,158,763,1,25,2,2:2,0,20,1,1233374688
gym-opening-ranged4,control-hold,181,Defeat,21,0,20,416,128,409,1,36,2,3:2|1:13,0,26,0,1467590231
gym-opening-ranged4,control-hold,182,Defeat,18,0,18,296,77,0,3,48,8,4:8,0,48,0,1644025106
gym-opening-ranged4,control-hold,183,Defeat,21,0,20,528,182,884,1,12,2,3:2,0,13,1,3040410208
gym-opening-ranged4,control-hold,184,Defeat,21,0,20,400,99,200,4,56,2,1:2|3:12,0,54,0,4161187074
gym-opening-ranged4,control-hold,185,Defeat,21,0,20,504,164,781,1,25,8,2:8|1:7,0,18,0,3143508136
gym-opening-ranged4,control-hold,186,Victory,18,0,18,440,106,340,0,40,13,1:13|3:7,0,32,0,3754163416
gym-opening-ranged4,control-hold,187,Defeat,21,0,20,336,69,250,2,59,13,3:13,0,35,0,3329960527
gym-opening-ranged4,control-hold,188,Defeat,21,0,20,592,187,670,1,16,-1,,0,21,1,3368478382
gym-opening-ranged4,control-hold,189,Defeat,21,0,20,536,132,790,1,22,12,1:12|3:7|2:7,0,26,0,292934547
gym-opening-ranged4,control-hold,190,Defeat,21,0,20,504,168,762,1,30,2,3:2,0,17,0,1443345930
gym-opening-ranged4,control-hold,191,Defeat,13,0,13,240,52,0,4,86,13,3:13,0,36,1,2632140648
gym-opening-ranged4,control-hold,192,Defeat,21,0,20,432,122,205,1,46,12,1:12,0,38,0,2108686136
gym-opening-ranged4,control-hold,193,Defeat,21,0,20,384,100,230,3,56,12,2:12,0,36,1,2419747326
gym-opening-ranged4,control-hold,194,Victory,16,0,16,328,67,212,0,56,2,1:2|3:8,0,25,0,3253270844
gym-opening-ranged4,control-hold,195,Defeat,21,0,20,400,117,660,1,22,12,2:12|3:7,0,25,0,3858543516
gym-opening-ranged4,control-hold,196,Defeat,21,0,20,336,59,100,3,57,8,2:8,0,39,0,1384980160
gym-opening-ranged4,control-hold,197,Defeat,21,0,20,520,161,685,1,33,7,3:7|2:7|1:7,0,18,0,1239095151
gym-opening-ranged4,control-hold,198,Defeat,21,0,20,640,242,823,1,22,13,2:13|4:7,0,15,0,2080467771
gym-opening-ranged4,control-hold,199,Defeat,21,0,20,536,152,732,1,26,12,1:12|3:7|2:8,0,22,0,3088576644
gym-opening-ranged4,control-hold,200,Victory,17,0,17,432,90,400,0,38,13,1:13|3:13,0,30,0,97667482
gym-opening-ranged4,sustain-hold,1,Defeat,21,0,20,432,85,394,1,50,7,3:7,0,30,1,283223739
gym-opening-ranged4,sustain-hold,2,Defeat,21,0,20,520,153,712,1,41,-1,,0,24,1,1441192293
gym-opening-ranged4,sustain-hold,3,Defeat,16,0,16,304,53,0,3,102,12,3:12,0,38,1,4138075855
gym-opening-ranged4,sustain-hold,4,Defeat,21,0,20,408,88,368,1,62,2,1:2,0,35,1,3326619113
gym-opening-ranged4,sustain-hold,5,Defeat,21,0,20,320,63,60,3,85,2,2:2,0,51,0,655467678
gym-opening-ranged4,sustain-hold,6,Defeat,21,0,20,424,119,650,1,28,12,3:12,0,20,1,3207229576
gym-opening-ranged4,sustain-hold,7,Defeat,21,0,20,384,90,300,2,54,2,3:2,0,31,1,1701344680
gym-opening-ranged4,sustain-hold,8,Defeat,20,0,20,384,90,0,5,85,2,1:2|3:2,0,66,1,572158453
gym-opening-ranged4,sustain-hold,9,Defeat,21,0,20,352,60,150,2,77,13,3:13,0,55,0,2953359856
gym-opening-ranged4,sustain-hold,10,Defeat,21,0,20,560,135,453,1,40,13,4:13|1:7|3:12,0,35,0,3666844503
gym-opening-ranged4,sustain-hold,11,Defeat,21,0,20,520,143,427,1,43,13,2:13|4:8|1:7,0,20,0,3194054118
gym-opening-ranged4,sustain-hold,12,Defeat,21,0,20,376,93,280,4,72,7,3:7,0,49,1,1118700313
gym-opening-ranged4,sustain-hold,13,Defeat,21,0,20,472,88,655,1,47,7,1:7|3:12|2:2,0,41,0,3966909983
gym-opening-ranged4,sustain-hold,14,Defeat,21,0,20,520,141,525,1,32,12,2:12|4:7|3:8,0,15,0,2235937763
gym-opening-ranged4,sustain-hold,15,Victory,20,0,20,520,123,566,0,36,2,1:2|4:2,0,20,0,129577578
gym-opening-ranged4,sustain-hold,16,Defeat,21,0,20,368,67,205,1,69,2,3:2|2:2,0,31,1,2675511624
gym-opening-ranged4,sustain-hold,17,Defeat,21,0,20,560,152,830,1,34,13,3:13|2:13|1:13,0,24,0,4211577614
gym-opening-ranged4,sustain-hold,18,Defeat,21,0,20,496,133,379,2,46,12,3:12|1:2,0,30,1,3943226000
gym-opening-ranged4,sustain-hold,19,Defeat,21,0,20,528,137,515,2,43,2,2:2|3:7|4:2,0,29,0,2948142562
gym-opening-ranged4,sustain-hold,20,Defeat,21,0,20,416,55,537,1,42,2,3:2|2:13,0,31,0,490219890
gym-opening-ranged4,sustain-hold,21,Defeat,21,0,20,448,88,250,2,55,12,3:12,0,32,1,1097789335
gym-opening-ranged4,sustain-hold,22,Defeat,21,0,20,512,153,762,1,34,2,2:2|3:2|1:2,0,19,1,3338303325
gym-opening-ranged4,sustain-hold,23,Defeat,21,0,20,408,83,250,2,70,12,3:12,0,40,1,3246740483
gym-opening-ranged4,sustain-hold,24,Defeat,21,0,20,528,168,774,1,24,7,3:7,0,20,0,2019970043
gym-opening-ranged4,sustain-hold,25,Defeat,18,0,18,304,68,0,3,92,2,3:2,0,44,1,2445648453
gym-opening-ranged4,sustain-hold,26,Defeat,21,0,20,528,144,624,2,25,2,1:2|4:12,0,24,0,3181871265
gym-opening-ranged4,sustain-hold,27,Defeat,21,0,20,448,119,136,4,67,7,1:7|3:12,0,57,0,1746492160
gym-opening-ranged4,sustain-hold,28,Defeat,21,0,20,432,90,529,1,53,2,3:2,0,34,1,873314688
gym-opening-ranged4,sustain-hold,29,Defeat,21,0,20,400,80,140,3,82,13,3:13,0,50,0,2636022707
gym-opening-ranged4,sustain-hold,30,Defeat,21,0,20,640,208,993,1,21,2,1:2|2:2,0,15,1,4068454053
gym-opening-ranged4,sustain-hold,31,Defeat,21,0,20,536,119,825,1,28,-1,,0,24,1,11165178
gym-opening-ranged4,sustain-hold,32,Defeat,21,0,20,552,133,667,1,40,2,2:2,0,23,1,2976268850
gym-opening-ranged4,sustain-hold,33,Defeat,21,0,20,496,161,500,3,46,7,3:7,0,39,1,616452228
gym-opening-ranged4,sustain-hold,34,Defeat,21,0,20,640,197,970,1,25,2,2:2,0,19,1,447689377
gym-opening-ranged4,sustain-hold,35,Defeat,21,0,20,472,112,476,1,33,12,3:12,0,36,1,3391610684
gym-opening-ranged4,sustain-hold,36,Defeat,21,0,20,488,132,300,2,49,2,1:2,0,39,0,203711929
gym-opening-ranged4,sustain-hold,37,Defeat,21,0,20,536,155,681,1,25,12,3:12|2:12,0,27,1,1870465763
gym-opening-ranged4,sustain-hold,38,Defeat,21,0,20,536,148,785,1,41,2,3:2,0,25,1,3933607891
gym-opening-ranged4,sustain-hold,39,Defeat,21,0,20,528,148,618,1,39,12,2:12,0,25,1,1509607073
gym-opening-ranged4,sustain-hold,40,Defeat,21,0,20,512,122,705,1,42,7,2:7|3:8,0,30,0,15166829
gym-opening-ranged4,sustain-hold,41,Defeat,21,0,20,504,130,583,1,38,13,4:13|3:13|2:13,0,24,0,779313634
gym-opening-ranged4,sustain-hold,42,Defeat,17,0,17,376,64,0,3,89,13,4:13|1:2,0,50,1,2917686553
gym-opening-ranged4,sustain-hold,43,Defeat,21,0,20,464,93,605,2,39,12,4:12|2:7|3:2,0,33,0,1259321250
gym-opening-ranged4,sustain-hold,44,Defeat,21,0,20,384,69,275,3,66,-1,,0,36,1,46042893
gym-opening-ranged4,sustain-hold,45,Defeat,21,0,20,544,178,696,1,32,12,4:12|3:7,0,31,0,1229993306
gym-opening-ranged4,sustain-hold,46,Defeat,21,0,20,536,129,388,2,55,13,3:13|1:13,0,40,0,781898598
gym-opening-ranged4,sustain-hold,47,Defeat,21,0,20,544,152,748,1,27,12,4:12|2:12|3:8,0,29,0,4253382978
gym-opening-ranged4,sustain-hold,48,Defeat,21,0,20,360,88,160,1,82,13,3:13,0,47,1,1923667762
gym-opening-ranged4,sustain-hold,49,Defeat,21,0,20,520,149,742,1,44,-1,,0,22,1,3236126454
gym-opening-ranged4,sustain-hold,50,Defeat,17,0,17,328,80,0,2,87,13,3:13,0,52,0,553797669
gym-opening-ranged4,sustain-hold,51,Defeat,19,0,19,368,80,0,3,80,12,3:12,0,47,0,3455539494
gym-opening-ranged4,sustain-hold,52,Defeat,21,0,20,336,63,193,2,64,2,2:2,0,29,0,2669388235
gym-opening-ranged4,sustain-hold,53,Defeat,21,0,20,488,105,272,1,80,13,1:13|3:2,0,57,0,741211938
gym-opening-ranged4,sustain-hold,54,Defeat,21,0,20,464,80,466,1,75,12,3:12|2:13,0,33,0,1682809340
gym-opening-ranged4,sustain-hold,55,Defeat,21,0,20,448,105,515,2,51,2,2:2|3:13,0,34,0,393515847
gym-opening-ranged4,sustain-hold,56,Defeat,21,0,20,640,232,845,1,28,2,3:2|4:13|2:7,0,31,0,2908846597
gym-opening-ranged4,sustain-hold,57,Defeat,21,0,20,328,62,190,1,102,2,3:2,0,34,1,1294058273
gym-opening-ranged4,sustain-hold,58,Defeat,21,0,20,392,62,293,1,61,13,2:13|3:2,0,40,0,1168089605
gym-opening-ranged4,sustain-hold,59,Defeat,21,0,20,416,96,270,1,51,13,3:13|2:13,0,30,0,4014437942
gym-opening-ranged4,sustain-hold,60,Defeat,18,0,18,280,46,0,2,114,8,2:8,0,45,0,2449959266
gym-opening-ranged4,sustain-hold,61,Victory,20,0,20,448,68,451,0,55,8,3:8,0,24,0,3601583749
gym-opening-ranged4,sustain-hold,62,Defeat,21,0,20,568,164,855,1,28,2,1:2|3:8|2:7,0,25,0,1721355548
gym-opening-ranged4,sustain-hold,63,Defeat,21,0,20,360,91,220,3,77,13,2:13|3:2,0,42,1,1009103400
gym-opening-ranged4,sustain-hold,64,Defeat,21,0,20,392,98,375,2,48,8,1:8|3:12,0,34,1,2533454804
gym-opening-ranged4,sustain-hold,65,Defeat,21,0,20,512,165,455,2,48,-1,,0,32,1,416589783
gym-opening-ranged4,sustain-hold,66,Defeat,21,0,20,440,102,496,1,40,2,1:2|2:7,0,20,0,1395758996
gym-opening-ranged4,sustain-hold,67,Defeat,21,0,20,552,168,758,1,26,2,1:2|2:8,0,30,0,2207106869
gym-opening-ranged4,sustain-hold,68,Defeat,20,0,20,344,83,0,3,81,7,3:7,0,41,1,3748957065
gym-opening-ranged4,sustain-hold,69,Defeat,21,0,20,536,132,654,1,34,8,3:8|2:13|4:8,0,35,0,4007678753
gym-opening-ranged4,sustain-hold,70,Defeat,21,0,20,424,69,566,1,49,13,3:13,0,25,1,3144619081
gym-opening-ranged4,sustain-hold,71,Victory,20,0,20,600,177,715,0,36,7,3:7|4:7|1:7,0,27,0,1307015745
gym-opening-ranged4,sustain-hold,72,Victory,20,0,20,504,143,659,0,41,7,1:7|2:7,0,18,0,1849007862
gym-opening-ranged4,sustain-hold,73,Defeat,21,0,20,408,88,300,4,82,2,1:2|3:12,0,61,1,102773317
gym-opening-ranged4,sustain-hold,74,Defeat,21,0,20,464,117,136,2,87,7,3:7|1:7,0,44,0,4211307841
gym-opening-ranged4,sustain-hold,75,Defeat,21,0,20,448,86,260,2,60,8,3:8,0,38,0,2101931558
gym-opening-ranged4,sustain-hold,76,Defeat,21,0,20,400,67,315,1,64,8,3:8,0,34,0,273957235
gym-opening-ranged4,sustain-hold,77,Defeat,21,0,20,464,68,449,1,63,12,3:12|2:12,0,42,0,2033478215
gym-opening-ranged4,sustain-hold,78,Defeat,16,0,16,296,59,0,3,137,13,3:13,0,45,1,1389441438
gym-opening-ranged4,sustain-hold,79,Defeat,16,0,16,344,66,0,2,93,-1,,0,48,1,1517885678
gym-opening-ranged4,sustain-hold,80,Defeat,21,0,20,336,69,150,4,92,-1,,0,62,1,1557019162
gym-opening-ranged4,sustain-hold,81,Defeat,21,0,20,432,101,650,1,44,-1,,0,14,1,2580377127
gym-opening-ranged4,sustain-hold,82,Defeat,21,0,20,520,120,593,1,49,12,4:12,0,30,1,1820339977
gym-opening-ranged4,sustain-hold,83,Defeat,16,0,16,288,32,0,4,119,-1,,0,41,1,309257320
gym-opening-ranged4,sustain-hold,84,Defeat,21,0,20,424,79,494,1,54,13,3:13|2:2,0,28,1,1908727428
gym-opening-ranged4,sustain-hold,85,Defeat,21,0,20,432,64,296,1,72,2,1:2|3:13,0,43,0,4150155381
gym-opening-ranged4,sustain-hold,86,Victory,19,0,19,608,143,767,0,32,2,4:2|1:7,0,26,0,939492627
gym-opening-ranged4,sustain-hold,87,Defeat,21,0,20,408,90,80,2,78,2,3:2|1:2,0,61,1,794228985
gym-opening-ranged4,sustain-hold,88,Defeat,21,0,20,376,84,235,2,72,7,3:7|2:2,0,43,0,632912562
gym-opening-ranged4,sustain-hold,89,Defeat,21,0,20,384,97,225,2,66,-1,,0,36,1,461388970
gym-opening-ranged4,sustain-hold,90,Defeat,21,0,20,432,109,393,1,46,2,3:2|1:2,0,49,0,1969556002
gym-opening-ranged4,sustain-hold,91,Defeat,21,0,20,440,88,225,2,65,12,3:12,0,32,1,3522496784
gym-opening-ranged4,sustain-hold,92,Defeat,21,0,20,464,95,525,1,31,7,3:7|4:12,0,31,0,1613672606
gym-opening-ranged4,sustain-hold,93,Defeat,21,0,20,480,99,230,3,63,12,1:12|3:13,0,50,0,908433052
gym-opening-ranged4,sustain-hold,94,Defeat,16,0,16,328,62,0,3,70,12,2:12,0,33,0,261348574
gym-opening-ranged4,sustain-hold,95,Defeat,21,0,20,352,58,115,1,95,12,3:12,0,46,1,1453562773
gym-opening-ranged4,sustain-hold,96,Defeat,21,0,20,456,115,220,2,64,12,4:12,0,35,1,2820493059
gym-opening-ranged4,sustain-hold,97,Defeat,15,0,15,360,89,0,3,68,-1,,0,41,0,1486284679
gym-opening-ranged4,sustain-hold,98,Defeat,21,0,20,480,102,130,1,58,12,3:12|4:13,0,46,0,2535642281
gym-opening-ranged4,sustain-hold,99,Defeat,21,0,20,432,78,384,1,61,8,3:8,0,26,0,2439695647
gym-opening-ranged4,sustain-hold,100,Defeat,16,0,16,376,76,0,2,76,12,4:12|1:13|3:12,0,37,0,470748811
gym-opening-ranged4,sustain-hold,101,Defeat,15,0,15,264,48,0,4,139,7,3:7,0,47,0,3036943166
gym-opening-ranged4,sustain-hold,102,Defeat,21,0,20,368,62,90,2,84,12,2:12,0,33,1,399291310
gym-opening-ranged4,sustain-hold,103,Defeat,21,0,20,472,102,505,1,37,12,4:12|2:7|3:8,0,27,0,3225857306
gym-opening-ranged4,sustain-hold,104,Defeat,21,0,20,536,145,421,1,53,7,4:7|1:12|3:12,0,33,0,343764903
gym-opening-ranged4,sustain-hold,105,Defeat,21,0,20,640,171,547,1,26,2,1:2|3:13|4:7,0,34,0,3428513638
gym-opening-ranged4,sustain-hold,106,Defeat,21,0,20,432,99,307,2,59,7,3:7|4:13|2:2,0,53,0,1871727389
gym-opening-ranged4,sustain-hold,107,Defeat,16,0,16,320,54,0,4,92,2,2:2,0,37,0,3731031756
gym-opening-ranged4,sustain-hold,108,Defeat,21,0,20,384,51,155,1,79,2,3:2,0,44,1,2816701998
gym-opening-ranged4,sustain-hold,109,Defeat,21,0,20,520,112,689,1,33,12,3:12,0,21,1,1128884852
gym-opening-ranged4,sustain-hold,110,Defeat,21,0,20,544,125,496,1,52,7,2:7,0,22,0,742016532
gym-opening-ranged4,sustain-hold,111,Defeat,21,0,20,392,95,545,1,53,7,2:7,0,24,0,3950223167
gym-opening-ranged4,sustain-hold,112,Defeat,21,0,20,416,106,569,1,40,8,3:8|2:7,0,24,0,1369499673
gym-opening-ranged4,sustain-hold,113,Defeat,20,0,20,400,79,0,1,98,2,3:2|1:2,0,64,0,3673957662
gym-opening-ranged4,sustain-hold,114,Defeat,21,0,20,448,127,178,3,62,13,1:13|3:2,0,57,0,2677655288
gym-opening-ranged4,sustain-hold,115,Defeat,21,0,20,528,151,735,1,30,8,4:8|2:12,0,31,0,771186927
gym-opening-ranged4,sustain-hold,116,Defeat,21,0,20,416,56,405,2,65,12,2:12|3:13,0,34,0,1865583586
gym-opening-ranged4,sustain-hold,117,Defeat,21,0,20,408,102,606,1,49,2,3:2|2:7,0,22,0,3498818525
gym-opening-ranged4,sustain-hold,118,Defeat,21,0,20,472,102,499,1,50,12,4:12|3:7,0,35,0,426268873
gym-opening-ranged4,sustain-hold,119,Defeat,20,0,20,304,51,0,3,89,13,2:13,0,43,0,3998703494
gym-opening-ranged4,sustain-hold,120,Defeat,21,0,20,448,120,478,1,46,7,3:7|2:8,0,22,0,2858815662
gym-opening-ranged4,sustain-hold,121,Defeat,21,0,20,640,190,768,1,52,12,4:12|1:12,0,25,0,2512569496
gym-opening-ranged4,sustain-hold,122,Defeat,21,0,20,536,130,704,1,43,13,3:13,0,26,1,2715229529
gym-opening-ranged4,sustain-hold,123,Defeat,21,0,20,480,76,485,1,53,12,2:12|3:13,0,36,0,375651730
gym-opening-ranged4,sustain-hold,124,Defeat,21,0,20,464,121,349,1,72,-1,,0,35,1,4041706886
gym-opening-ranged4,sustain-hold,125,Defeat,21,0,20,528,137,719,1,39,13,3:13,0,21,1,1585428138
gym-opening-ranged4,sustain-hold,126,Defeat,21,0,20,448,127,507,1,60,-1,,0,23,1,1260582331
gym-opening-ranged4,sustain-hold,127,Defeat,21,0,20,368,76,230,2,69,7,3:7,0,46,1,756747265
gym-opening-ranged4,sustain-hold,128,Defeat,21,0,20,496,148,346,3,46,12,4:12|1:2|3:7,0,39,1,4267200951
gym-opening-ranged4,sustain-hold,129,Victory,18,0,18,408,111,578,0,41,7,2:7|1:7,0,25,0,3405674085
gym-opening-ranged4,sustain-hold,130,Defeat,21,0,20,640,180,766,1,28,12,2:12|4:13,0,15,0,2155380540
gym-opening-ranged4,sustain-hold,131,Defeat,18,0,18,368,98,0,3,67,8,3:8,0,38,0,580609942
gym-opening-ranged4,sustain-hold,132,Defeat,21,0,20,552,115,548,1,56,13,3:13|1:8|4:8,0,56,0,3109819743
gym-opening-ranged4,sustain-hold,133,Defeat,21,0,20,416,104,185,2,92,12,3:12,0,56,0,4171515119
gym-opening-ranged4,sustain-hold,134,Defeat,21,0,20,464,110,651,1,43,-1,,0,16,1,3052546948
gym-opening-ranged4,sustain-hold,135,Defeat,21,0,20,528,200,814,1,25,8,4:8,0,27,0,3045588794
gym-opening-ranged4,sustain-hold,136,Defeat,21,0,20,640,190,609,1,40,7,2:7|1:2,0,35,0,3786802942
gym-opening-ranged4,sustain-hold,137,Defeat,21,0,20,512,137,615,1,42,7,4:7,0,29,0,1695909871
gym-opening-ranged4,sustain-hold,138,Defeat,21,0,20,560,140,718,1,28,2,1:2|3:8,0,30,0,552494781
gym-opening-ranged4,sustain-hold,139,Defeat,21,0,20,456,107,413,2,49,2,1:2|3:12,0,42,0,4074737111
gym-opening-ranged4,sustain-hold,140,Defeat,21,0,20,560,174,593,1,44,12,3:12|1:2,0,27,1,120858489
gym-opening-ranged4,sustain-hold,141,Defeat,21,0,20,480,96,485,2,36,7,2:7|4:12|3:7,0,36,0,3063536932
gym-opening-ranged4,sustain-hold,142,Defeat,21,0,20,568,125,746,1,43,12,3:12|4:13|1:12,0,19,0,2187352663
gym-opening-ranged4,sustain-hold,143,Victory,19,0,19,504,135,448,0,39,12,3:12|4:12,0,24,0,1456976355
gym-opening-ranged4,sustain-hold,144,Defeat,21,0,20,424,85,345,2,64,-1,,0,36,1,2600041527
gym-opening-ranged4,sustain-hold,145,Defeat,21,0,20,416,99,543,1,50,7,3:7|2:8,0,23,0,2058121072
gym-opening-ranged4,sustain-hold,146,Defeat,21,0,20,344,50,99,3,95,-1,,0,49,1,652421773
gym-opening-ranged4,sustain-hold,147,Defeat,21,0,20,520,115,666,1,50,-1,,0,24,1,687113126
gym-opening-ranged4,sustain-hold,148,Defeat,21,0,20,432,115,615,1,29,2,2:2|3:12,0,19,1,1365111970
gym-opening-ranged4,sustain-hold,149,Defeat,21,0,20,328,59,150,3,60,12,3:12|2:7,0,44,0,217824744
gym-opening-ranged4,sustain-hold,150,Defeat,21,0,20,432,78,588,1,44,12,3:12,0,25,1,3901349437
gym-opening-ranged4,sustain-hold,151,Defeat,21,0,20,464,128,558,1,44,13,3:13,0,20,1,3847894253
gym-opening-ranged4,sustain-hold,152,Defeat,21,0,20,472,108,545,1,44,13,3:13|2:7,0,36,0,3429023873
gym-opening-ranged4,sustain-hold,153,Defeat,21,0,20,400,86,150,3,72,-1,,0,38,1,1966900499
gym-opening-ranged4,sustain-hold,154,Defeat,21,0,20,480,146,607,1,35,8,4:8|1:7,0,31,0,3688982714
gym-opening-ranged4,sustain-hold,155,Defeat,21,0,20,472,119,532,1,42,12,3:12|2:12,0,20,1,119885367
gym-opening-ranged4,sustain-hold,156,Defeat,21,0,20,448,83,422,1,69,7,2:7|3:8,0,26,0,3873107881
gym-opening-ranged4,sustain-hold,157,Defeat,21,0,20,360,72,55,1,84,2,3:2,0,37,0,694768707
gym-opening-ranged4,sustain-hold,158,Defeat,21,0,20,480,127,355,1,53,8,3:8,0,29,0,2047114496
gym-opening-ranged4,sustain-hold,159,Defeat,21,0,20,448,103,641,1,33,13,3:13,0,26,1,1578775205
gym-opening-ranged4,sustain-hold,160,Defeat,19,0,19,368,70,0,3,104,13,3:13,0,44,1,49102152
gym-opening-ranged4,sustain-hold,161,Defeat,21,0,20,480,141,508,1,33,12,1:12|4:7,0,27,1,1491566271
gym-opening-ranged4,sustain-hold,162,Defeat,21,0,20,448,101,290,2,66,2,3:2|2:7|1:2,0,34,1,1522222953
gym-opening-ranged4,sustain-hold,163,Defeat,18,0,18,328,66,0,2,100,12,2:12,0,42,1,3004889430
gym-opening-ranged4,sustain-hold,164,Defeat,21,0,20,320,68,418,1,57,-1,,0,18,1,2619141440
gym-opening-ranged4,sustain-hold,165,Defeat,21,0,20,424,118,368,1,54,2,1:2|3:7,0,31,0,1989956976
gym-opening-ranged4,sustain-hold,166,Defeat,21,0,20,472,78,126,2,69,8,4:8|1:13,0,46,0,4057004197
gym-opening-ranged4,sustain-hold,167,Defeat,21,0,20,544,135,728,1,41,13,1:13|2:2,0,27,1,842412343
gym-opening-ranged4,sustain-hold,168,Defeat,21,0,20,424,102,521,2,67,13,2:13|3:7,0,37,1,756233373
gym-opening-ranged4,sustain-hold,169,Defeat,21,0,20,328,60,225,2,87,2,3:2,0,52,0,3678571194
gym-opening-ranged4,sustain-hold,170,Defeat,21,0,20,480,102,475,1,60,8,3:8|4:12,0,47,0,1304561444
gym-opening-ranged4,sustain-hold,171,Defeat,21,0,20,408,63,215,2,64,2,2:2|3:12,0,37,0,3789065286
gym-opening-ranged4,sustain-hold,172,Defeat,21,0,20,440,101,555,1,45,12,2:12,0,20,1,2841407902
gym-opening-ranged4,sustain-hold,173,Defeat,21,0,20,392,58,230,2,73,2,3:2|2:13,0,47,0,988632039
gym-opening-ranged4,sustain-hold,174,Defeat,21,0,20,576,163,728,1,38,8,4:8|3:7,0,35,0,2390897239
gym-opening-ranged4,sustain-hold,175,Defeat,21,0,20,528,110,700,1,36,12,3:12|1:2|2:8,0,30,0,286443784
gym-opening-ranged4,sustain-hold,176,Defeat,20,0,20,360,64,0,2,82,12,4:12,0,45,1,4158104569
gym-opening-ranged4,sustain-hold,177,Defeat,21,0,20,376,75,85,2,93,12,3:12,0,50,1,3619785264
gym-opening-ranged4,sustain-hold,178,Defeat,21,0,20,456,86,428,2,54,7,3:7,0,30,1,1282412042
gym-opening-ranged4,sustain-hold,179,Victory,20,0,20,592,170,516,0,39,2,1:2|4:13|3:12,0,44,0,3009413916
gym-opening-ranged4,sustain-hold,180,Defeat,21,0,20,344,72,300,3,72,-1,,0,39,1,2414536447
gym-opening-ranged4,sustain-hold,181,Defeat,21,0,20,424,123,668,1,37,12,3:12|2:2,0,25,0,3962058472
gym-opening-ranged4,sustain-hold,182,Defeat,21,0,20,312,68,251,1,79,12,3:12,0,27,1,1376557388
gym-opening-ranged4,sustain-hold,183,Defeat,21,0,20,536,159,720,1,32,2,1:2|3:8,0,21,0,4259882725
gym-opening-ranged4,sustain-hold,184,Defeat,21,0,20,320,56,120,4,82,13,2:13,0,58,0,2619621233
gym-opening-ranged4,sustain-hold,185,Defeat,21,0,20,344,66,225,1,69,7,3:7,0,40,1,1707933419
gym-opening-ranged4,sustain-hold,186,Defeat,21,0,20,464,103,435,2,39,-1,,0,25,1,891925951
gym-opening-ranged4,sustain-hold,187,Defeat,21,0,20,600,154,672,1,30,2,1:2|4:12|3:7,0,31,0,2521465300
gym-opening-ranged4,sustain-hold,188,Defeat,21,0,20,536,146,737,1,29,2,1:2|3:2,0,23,1,707803658
gym-opening-ranged4,sustain-hold,189,Defeat,21,0,20,480,106,420,1,58,7,3:7|1:12,0,44,0,2381894740
gym-opening-ranged4,sustain-hold,190,Defeat,21,0,20,528,135,764,1,46,12,3:12|1:2,0,30,1,1443786838
gym-opening-ranged4,sustain-hold,191,Defeat,21,0,20,456,113,670,1,43,12,4:12,0,24,1,215896745
gym-opening-ranged4,sustain-hold,192,Defeat,21,0,20,504,105,584,3,46,8,3:8|1:13,0,56,0,2083057499
gym-opening-ranged4,sustain-hold,193,Defeat,12,0,12,296,68,0,4,108,-1,,0,35,1,4086313506
gym-opening-ranged4,sustain-hold,194,Defeat,19,0,19,360,54,0,2,104,7,1:7|2:2,0,63,0,587300149
gym-opening-ranged4,sustain-hold,195,Defeat,17,0,17,328,73,0,2,75,2,1:2,0,39,0,3148328583
gym-opening-ranged4,sustain-hold,196,Victory,18,0,18,496,100,325,0,46,13,1:13|3:2,0,36,0,3209783228
gym-opening-ranged4,sustain-hold,197,Defeat,20,0,20,368,84,0,3,91,7,2:7,0,46,0,806689405
gym-opening-ranged4,sustain-hold,198,Victory,17,0,17,456,118,669,0,31,7,1:7,0,16,0,3768954860
gym-opening-ranged4,sustain-hold,199,Defeat,21,0,20,568,170,685,1,23,12,4:12|1:2|3:13,0,22,1,2266841667
gym-opening-ranged4,sustain-hold,200,Defeat,21,0,20,568,159,735,1,28,7,4:7|1:7|3:8|2:12,0,30,0,2863702257
gym-opening-ranged4,shield-wall,1,Defeat,21,0,20,376,88,175,2,57,2,1:2|3:2,0,49,0,3432424262
gym-opening-ranged4,shield-wall,2,Defeat,21,0,20,424,139,602,1,43,13,1:13|3:12,0,17,1,3700734760
gym-opening-ranged4,shield-wall,3,Defeat,21,0,20,352,77,200,2,72,2,3:2,0,43,0,3802023805
gym-opening-ranged4,shield-wall,4,Defeat,21,0,20,392,102,250,2,40,12,2:12,0,30,1,1838119743
gym-opening-ranged4,shield-wall,5,Defeat,21,0,20,336,93,255,1,61,-1,,0,25,1,3850769491
gym-opening-ranged4,shield-wall,6,Defeat,21,0,20,512,168,722,1,25,2,3:2|1:13|2:13,0,21,1,2010374013
gym-opening-ranged4,shield-wall,7,Defeat,21,0,20,528,182,658,2,28,12,4:12|2:7|3:12,0,23,1,3194661989
gym-opening-ranged4,shield-wall,8,Defeat,21,0,20,344,80,225,1,58,13,4:13,0,31,1,2610074043
gym-opening-ranged4,shield-wall,9,Defeat,21,0,20,544,167,552,1,26,12,1:12|3:7,0,19,0,491224730
gym-opening-ranged4,shield-wall,10,Victory,19,0,19,504,135,504,0,41,2,3:2|2:7,0,19,0,1093444814
gym-opening-ranged4,shield-wall,11,Defeat,21,0,20,520,183,610,1,36,13,3:13|2:7|1:12,0,17,0,1077668978
gym-opening-ranged4,shield-wall,12,Defeat,21,0,20,536,207,569,1,38,7,1:7,0,25,1,92053624
gym-opening-ranged4,shield-wall,13,Victory,19,0,19,496,152,568,0,35,12,1:12|2:7,0,22,0,615273778
gym-opening-ranged4,shield-wall,14,Defeat,21,0,20,560,175,733,1,20,12,3:12|1:13,0,19,0,3517339998
gym-opening-ranged4,shield-wall,15,Defeat,21,0,20,456,153,444,1,38,12,3:12|4:12|1:13,0,28,1,3692785497
gym-opening-ranged4,shield-wall,16,Defeat,21,0,20,464,154,425,1,39,12,4:12|3:8,0,28,0,2242331493
gym-opening-ranged4,shield-wall,17,Defeat,21,0,20,456,140,440,1,49,12,4:12|3:12,0,32,0,2423179904
gym-opening-ranged4,shield-wall,18,Defeat,21,0,20,528,178,776,1,27,2,1:2,0,14,1,2166283213
gym-opening-ranged4,shield-wall,19,Victory,19,0,19,448,126,439,0,33,12,1:12|3:7,0,17,0,830529626
gym-opening-ranged4,shield-wall,20,Defeat,21,0,20,528,177,821,1,24,-1,,0,15,1,2715870244
gym-opening-ranged4,shield-wall,21,Defeat,21,0,20,336,88,335,1,78,-1,,0,22,1,2702297703
gym-opening-ranged4,shield-wall,22,Defeat,21,0,20,448,118,442,1,37,2,1:2|3:2,0,24,1,821488601
gym-opening-ranged4,shield-wall,23,Defeat,21,0,20,320,87,210,1,62,12,3:12,0,39,1,675600553
gym-opening-ranged4,shield-wall,24,Defeat,21,0,20,528,159,576,2,40,13,3:13|1:2|2:7,0,34,1,1714597341
gym-opening-ranged4,shield-wall,25,Defeat,21,0,20,512,161,802,1,26,12,2:12,0,16,0,888994696
gym-opening-ranged4,shield-wall,26,Defeat,21,0,20,448,144,520,2,39,2,3:2|1:2,0,29,1,2111140535
gym-opening-ranged4,shield-wall,27,Defeat,21,0,20,640,238,968,1,22,13,1:13,0,12,1,3176170
gym-opening-ranged4,shield-wall,28,Defeat,10,0,10,240,56,0,4,113,-1,,0,25,1,937625818
gym-opening-ranged4,shield-wall,29,Defeat,21,0,20,400,94,220,1,66,2,3:2|4:12,0,46,0,3596170702
gym-opening-ranged4,shield-wall,30,Defeat,21,0,20,472,149,458,1,37,12,1:12,0,26,1,1754008194
gym-opening-ranged4,shield-wall,31,Defeat,21,0,20,640,222,1016,1,13,2,3:2|4:12,0,8,1,805840769
gym-opening-ranged4,shield-wall,32,Victory,16,0,16,432,90,593,0,42,2,1:2|2:7|3:2,0,24,0,2919035921
gym-opening-ranged4,shield-wall,33,Defeat,21,0,20,640,224,1093,1,11,13,2:13|4:13|3:13|1:2,0,14,1,2151935770
gym-opening-ranged4,shield-wall,34,Defeat,21,0,20,512,178,873,1,25,2,1:2|3:2,0,13,1,356267016
gym-opening-ranged4,shield-wall,35,Defeat,21,0,20,448,120,458,1,37,12,1:12|3:2,0,30,0,3485806004
gym-opening-ranged4,shield-wall,36,Defeat,21,0,20,528,161,558,1,31,13,3:13|2:2|1:12,0,29,0,3898898250
gym-opening-ranged4,shield-wall,37,Defeat,21,0,20,448,128,426,1,58,2,1:2,0,37,1,1960693997
gym-opening-ranged4,shield-wall,38,Defeat,21,0,20,552,167,654,1,30,13,1:13|3:12,0,26,1,1808257525
gym-opening-ranged4,shield-wall,39,Defeat,21,0,20,528,162,832,1,21,13,2:13|3:2,0,21,1,3662298241
gym-opening-ranged4,shield-wall,40,Defeat,21,0,20,640,192,894,1,21,13,1:13|2:13,0,19,0,2175610030
gym-opening-ranged4,shield-wall,41,Defeat,21,0,20,544,173,610,2,35,12,1:12|4:2|3:2,0,34,1,1657861532
gym-opening-ranged4,shield-wall,42,Defeat,21,0,20,480,150,381,1,48,12,4:12|3:13|1:13,0,43,0,3700591632
gym-opening-ranged4,shield-wall,43,Defeat,21,0,20,440,125,609,1,52,12,4:12|3:2,0,24,1,304880833
gym-opening-ranged4,shield-wall,44,Defeat,21,0,20,560,177,628,1,30,2,1:2|3:12,0,16,0,1021788977
gym-opening-ranged4,shield-wall,45,Defeat,21,0,20,536,168,635,1,29,12,4:12|3:13|1:13,0,31,0,1267456926
gym-opening-ranged4,shield-wall,46,Defeat,21,0,20,560,175,609,1,34,-1,,0,21,1,103585696
gym-opening-ranged4,shield-wall,47,Defeat,21,0,20,424,139,620,1,43,13,3:13|2:7,0,18,1,1296796190
gym-opening-ranged4,shield-wall,48,Defeat,21,0,20,448,108,411,1,50,12,3:12|1:13,0,41,0,1367882208
gym-opening-ranged4,shield-wall,49,Defeat,21,0,20,328,78,168,1,75,8,3:8,0,49,0,189676727
gym-opening-ranged4,shield-wall,50,Defeat,21,0,20,512,169,742,1,28,8,2:8|3:12,0,25,0,3495453280
gym-opening-ranged4,shield-wall,51,Defeat,21,0,20,536,157,746,1,38,13,1:13,0,18,1,2817621332
gym-opening-ranged4,shield-wall,52,Victory,19,0,19,512,144,467,0,50,7,3:7|4:12,0,24,0,867742177
gym-opening-ranged4,shield-wall,53,Defeat,12,0,12,280,54,0,5,88,12,4:12,0,34,1,4191598504
gym-opening-ranged4,shield-wall,54,Defeat,21,0,20,480,148,470,2,41,7,3:7|1:2,0,37,0,3514130272
gym-opening-ranged4,shield-wall,55,Victory,19,0,19,512,125,418,0,40,12,3:12|4:13|1:2,0,29,0,2912785304
gym-opening-ranged4,shield-wall,56,Defeat,21,0,20,472,143,580,1,37,13,4:13|2:2|3:13,0,26,1,2230347037
gym-opening-ranged4,shield-wall,57,Victory,20,0,20,480,110,330,0,50,12,1:12|3:12,0,39,0,3088982558
gym-opening-ranged4,shield-wall,58,Defeat,21,0,20,416,119,478,1,61,8,2:8,0,25,0,2234208920
gym-opening-ranged4,shield-wall,59,Defeat,21,0,20,568,208,609,1,30,2,1:2|3:12,0,15,1,4199787426
gym-opening-ranged4,shield-wall,60,Defeat,21,0,20,536,192,637,1,35,12,1:12,0,21,1,2409619259
gym-opening-ranged4,shield-wall,61,Defeat,21,0,20,400,86,220,2,64,2,1:2|2:8,0,44,0,1501094374
gym-opening-ranged4,shield-wall,62,Defeat,21,0,20,552,168,645,1,33,13,1:13|3:13,0,17,1,2043842735
gym-opening-ranged4,shield-wall,63,Defeat,21,0,20,296,83,185,2,70,12,3:12,0,45,0,3142550564
gym-opening-ranged4,shield-wall,64,Defeat,21,0,20,416,99,125,1,44,12,4:12|3:12,0,36,1,2713158304
gym-opening-ranged4,shield-wall,65,Defeat,21,0,20,368,100,30,2,58,8,3:8,0,46,0,863696008
gym-opening-ranged4,shield-wall,66,Victory,18,0,18,384,82,235,0,52,13,3:13|1:12,0,39,0,3353346272
gym-opening-ranged4,shield-wall,67,Defeat,21,0,20,512,110,768,1,21,2,1:2|2:8|3:12,0,27,0,940419160
gym-opening-ranged4,shield-wall,68,Defeat,15,0,15,296,70,0,3,91,2,1:2,0,41,1,904585999
gym-opening-ranged4,shield-wall,69,Defeat,21,0,20,464,128,440,1,46,13,1:13,0,27,1,1720481759
gym-opening-ranged4,shield-wall,70,Defeat,21,0,20,552,167,604,1,37,2,2:2|3:7,0,37,0,4012546134
gym-opening-ranged4,shield-wall,71,Defeat,21,0,20,520,201,780,1,15,7,2:7,0,11,0,2887883230
gym-opening-ranged4,shield-wall,72,Defeat,21,0,20,528,179,792,1,24,12,3:12|1:2,0,27,0,1607687567
gym-opening-ranged4,shield-wall,73,Defeat,21,0,20,520,154,863,2,27,2,1:2|3:12|2:2,0,23,1,142443875
gym-opening-ranged4,shield-wall,74,Defeat,21,0,20,408,100,550,1,37,2,3:2,0,21,1,205032217
gym-opening-ranged4,shield-wall,75,Defeat,21,0,20,424,121,699,1,49,12,3:12,0,17,1,2108373646
gym-opening-ranged4,shield-wall,76,Defeat,21,0,20,544,174,808,1,25,2,3:2,0,15,1,1669215884
gym-opening-ranged4,shield-wall,77,Defeat,21,0,20,408,98,665,1,50,7,3:7|2:7,0,21,0,4012713012
gym-opening-ranged4,shield-wall,78,Defeat,21,0,20,528,172,823,1,21,12,3:12,0,19,0,4203274068
gym-opening-ranged4,shield-wall,79,Defeat,21,0,20,440,111,235,1,67,7,3:7|1:13,0,53,0,589844091
gym-opening-ranged4,shield-wall,80,Defeat,21,0,20,528,192,700,1,19,2,1:2|2:7,0,9,0,873102336
gym-opening-ranged4,shield-wall,81,Defeat,21,0,20,544,159,572,1,41,2,1:2|3:7,0,38,0,3804673632
gym-opening-ranged4,shield-wall,82,Defeat,21,0,20,640,251,913,1,16,2,2:2|4:2,0,9,0,2089809785
gym-opening-ranged4,shield-wall,83,Defeat,21,0,20,416,121,567,1,44,13,3:13,0,20,1,1825701930
gym-opening-ranged4,shield-wall,84,Defeat,21,0,20,536,189,603,1,32,12,1:12,0,26,1,3069903999
gym-opening-ranged4,shield-wall,85,Defeat,12,0,12,232,44,0,5,110,12,3:12,0,34,0,1800637766
gym-opening-ranged4,shield-wall,86,Defeat,21,0,20,640,226,904,1,15,2,3:2|1:8,0,20,0,1702522655
gym-opening-ranged4,shield-wall,87,Defeat,21,0,20,448,125,364,1,44,13,1:13|4:13,0,28,1,1138708501
gym-opening-ranged4,shield-wall,88,Defeat,21,0,20,520,142,604,2,41,2,1:2,0,24,1,929864199
gym-opening-ranged4,shield-wall,89,Defeat,21,0,20,416,101,439,1,44,12,2:12,0,21,1,2364185840
gym-opening-ranged4,shield-wall,90,Defeat,13,0,13,256,61,0,3,71,2,1:2,0,28,1,2585524996
gym-opening-ranged4,shield-wall,91,Defeat,20,0,20,336,80,0,1,76,12,1:12|3:2,0,38,0,2932403312
gym-opening-ranged4,shield-wall,92,Defeat,21,0,20,424,141,534,1,35,2,2:2,0,23,1,1369816633
gym-opening-ranged4,shield-wall,93,Defeat,12,0,12,272,54,0,4,102,12,3:12|1:12,0,35,0,1659079720
gym-opening-ranged4,shield-wall,94,Defeat,21,0,20,440,120,424,1,40,12,3:12|4:12,0,29,1,484656520
gym-opening-ranged4,shield-wall,95,Defeat,21,0,20,448,104,235,2,60,7,4:7|1:13|3:12,0,47,0,859979992
gym-opening-ranged4,shield-wall,96,Defeat,21,0,20,528,175,802,1,25,13,4:13,0,20,1,262592464
gym-opening-ranged4,shield-wall,97,Defeat,21,0,20,432,129,545,1,48,2,2:2|3:2,0,32,0,1479765428
gym-opening-ranged4,shield-wall,98,Defeat,21,0,20,528,167,823,1,31,7,2:7,0,20,0,3109577747
gym-opening-ranged4,shield-wall,99,Defeat,21,0,20,304,62,170,2,92,2,1:2,0,46,1,640948383
gym-opening-ranged4,shield-wall,100,Defeat,21,0,20,424,95,235,2,50,12,1:12|3:2,0,41,0,2387214478
gym-opening-ranged4,shield-wall,101,Defeat,13,0,13,256,65,0,4,75,2,3:2,0,33,1,1510721677
gym-opening-ranged4,shield-wall,102,Defeat,21,0,20,376,89,250,2,55,13,3:13,0,31,1,2652435740
gym-opening-ranged4,shield-wall,103,Defeat,21,0,20,544,159,782,1,17,13,4:13|1:2|2:2|3:12,0,30,1,1227194411
gym-opening-ranged4,shield-wall,104,Defeat,21,0,20,456,161,438,1,47,2,1:2|3:12,0,22,0,1475879702
gym-opening-ranged4,shield-wall,105,Defeat,21,0,20,336,83,363,2,71,2,3:2,0,39,1,1036128343
gym-opening-ranged4,shield-wall,106,Defeat,21,0,20,456,118,306,2,50,12,1:12|3:2,0,37,1,1998005108
gym-opening-ranged4,shield-wall,107,Defeat,21,0,20,336,70,10,1,90,2,3:2,0,49,0,2625230452
gym-opening-ranged4,shield-wall,108,Defeat,21,0,20,536,169,537,1,40,13,4:13,0,40,0,4000633731
gym-opening-ranged4,shield-wall,109,Defeat,21,0,20,640,199,926,1,21,13,2:13|1:13,0,16,0,3892098344
gym-opening-ranged4,shield-wall,110,Defeat,8,0,8,160,35,0,5,140,-1,,0,20,1,543790437
gym-opening-ranged4,shield-wall,111,Defeat,21,0,20,440,140,457,1,36,13,3:13|1:12,0,22,1,1426996564
gym-opening-ranged4,shield-wall,112,Defeat,21,0,20,360,93,235,1,53,12,3:12|2:2,0,30,0,2960756457
gym-opening-ranged4,shield-wall,113,Defeat,21,0,20,312,71,160,2,82,2,1:2,0,59,0,1012173733
gym-opening-ranged4,shield-wall,114,Defeat,14,0,14,288,55,0,3,97,2,2:2|3:13,0,39,0,2232424782
gym-opening-ranged4,shield-wall,115,Defeat,21,0,20,440,142,578,1,38,2,1:2|3:2|2:13,0,22,1,4210457341
gym-opening-ranged4,shield-wall,116,Victory,15,0,15,432,87,395,0,53,12,1:12|3:12,0,28,0,1316097291
gym-opening-ranged4,shield-wall,117,Defeat,15,0,15,344,111,0,4,90,12,3:12|1:13,0,47,1,3084393807
gym-opening-ranged4,shield-wall,118,Victory,17,0,17,416,116,212,0,59,2,1:2,0,33,0,4269284018
gym-opening-ranged4,shield-wall,119,Defeat,21,0,20,424,117,275,2,43,2,1:2,0,34,1,1377366136
gym-opening-ranged4,shield-wall,120,Defeat,14,0,14,328,75,0,2,78,12,4:12,0,32,0,2859624116
gym-opening-ranged4,shield-wall,121,Defeat,21,0,20,400,107,156,1,52,12,1:12|3:8,0,47,0,1955437609
gym-opening-ranged4,shield-wall,122,Defeat,21,0,20,400,117,388,1,60,12,3:12|1:12,0,32,1,3495581375
gym-opening-ranged4,shield-wall,123,Defeat,13,0,13,232,50,0,2,117,2,3:2,0,33,1,2114250985
gym-opening-ranged4,shield-wall,124,Defeat,21,0,20,424,144,325,1,58,7,3:7|1:12,0,53,0,2702068510
gym-opening-ranged4,shield-wall,125,Defeat,21,0,20,416,114,160,3,63,2,1:2|3:13,0,51,1,3088146797
gym-opening-ranged4,shield-wall,126,Defeat,21,0,20,360,86,81,1,75,13,1:13,0,39,0,4188659377
gym-opening-ranged4,shield-wall,127,Defeat,21,0,20,416,124,608,1,34,7,2:7,0,20,0,3011294943
gym-opening-ranged4,shield-wall,128,Defeat,21,0,20,408,100,516,1,49,-1,,0,21,1,3316573814
gym-opening-ranged4,shield-wall,129,Defeat,21,0,20,368,87,190,1,60,2,1:2,0,25,1,3133581442
gym-opening-ranged4,shield-wall,130,Victory,19,0,19,424,104,348,0,62,13,1:13|3:8,0,24,0,729255492
gym-opening-ranged4,shield-wall,131,Defeat,21,0,20,536,150,818,1,26,12,1:12|2:12|3:12,0,21,0,414271551
gym-opening-ranged4,shield-wall,132,Defeat,17,0,17,320,86,0,3,75,7,3:7,0,53,0,4208207698
gym-opening-ranged4,shield-wall,133,Defeat,21,0,20,520,192,732,1,23,13,3:13|4:12,0,15,1,901715864
gym-opening-ranged4,shield-wall,134,Defeat,21,0,20,544,169,659,1,32,12,1:12,0,18,1,4123643336
gym-opening-ranged4,shield-wall,135,Defeat,12,0,12,296,51,0,2,86,-1,,0,28,1,2571581722
gym-opening-ranged4,shield-wall,136,Defeat,21,0,20,312,74,210,1,71,12,3:12,0,35,1,326641143
gym-opening-ranged4,shield-wall,137,Defeat,21,0,20,512,159,721,1,31,-1,,0,19,1,3309927978
gym-opening-ranged4,shield-wall,138,Defeat,17,0,17,328,82,0,2,75,2,1:2|3:12,0,43,0,242497560
gym-opening-ranged4,shield-wall,139,Defeat,21,0,20,464,126,567,1,44,12,1:12,0,27,1,1629391965
gym-opening-ranged4,shield-wall,140,Defeat,21,0,20,360,77,140,1,64,12,3:12|1:12,0,49,0,2397451131
gym-opening-ranged4,shield-wall,141,Defeat,21,0,20,640,242,1043,1,17,7,2:7,0,15,0,832242964
gym-opening-ranged4,shield-wall,142,Defeat,21,0,20,440,111,445,1,43,2,1:2|3:2,0,28,1,919309244
gym-opening-ranged4,shield-wall,143,Defeat,21,0,20,536,176,829,1,19,2,2:2,0,14,1,2926614199
gym-opening-ranged4,shield-wall,144,Victory,16,0,16,432,128,600,0,37,8,2:8,0,12,0,2431157920
gym-opening-ranged4,shield-wall,145,Defeat,21,0,20,640,218,901,1,30,2,2:2|4:2,0,17,0,1921587787
gym-opening-ranged4,shield-wall,146,Victory,20,0,20,360,78,10,0,80,13,3:13|1:13,0,42,0,2299711423
gym-opening-ranged4,shield-wall,147,Defeat,21,0,20,448,71,428,2,64,12,1:12|3:13,0,52,0,813278208
gym-opening-ranged4,shield-wall,148,Defeat,21,0,20,536,172,805,1,20,12,3:12|2:8,0,15,0,1499233195
gym-opening-ranged4,shield-wall,149,Defeat,21,0,20,392,135,615,1,40,2,3:2,0,13,1,1988010890
gym-opening-ranged4,shield-wall,150,Defeat,21,0,20,328,70,139,1,97,2,1:2,0,41,1,4225264481
gym-opening-ranged4,shield-wall,151,Defeat,21,0,20,408,119,492,1,35,2,1:2,0,20,1,3109293924
gym-opening-ranged4,shield-wall,152,Defeat,14,0,14,288,63,0,2,83,2,3:2,0,44,0,4043572192
gym-opening-ranged4,shield-wall,153,Defeat,21,0,20,504,150,649,1,38,2,2:2|3:12,0,31,0,2437230110
gym-opening-ranged4,shield-wall,154,Defeat,21,0,20,456,134,583,1,45,2,3:2|2:2,0,31,1,880539584
gym-opening-ranged4,shield-wall,155,Defeat,21,0,20,536,157,676,1,32,2,2:2|3:13|1:12,0,16,0,3786670123
gym-opening-ranged4,shield-wall,156,Defeat,15,0,15,288,60,0,3,108,-1,,0,42,1,1830312621
gym-opening-ranged4,shield-wall,157,Defeat,21,0,20,424,90,529,2,50,12,3:12|2:2,0,36,0,25719675
gym-opening-ranged4,shield-wall,158,Defeat,21,0,20,512,170,741,1,43,12,1:12|2:12|3:12,0,20,0,1978909199
gym-opening-ranged4,shield-wall,159,Defeat,21,0,20,520,180,747,1,26,13,3:13|1:2,0,26,1,355870713
gym-opening-ranged4,shield-wall,160,Defeat,21,0,20,528,169,904,1,31,2,1:2|2:2,0,15,1,3231496913
gym-opening-ranged4,shield-wall,161,Defeat,21,0,20,376,68,230,1,68,13,1:13|3:7,0,33,0,3465427405
gym-opening-ranged4,shield-wall,162,Defeat,21,0,20,416,102,365,2,44,2,3:2,0,33,1,3240438980
gym-opening-ranged4,shield-wall,163,Victory,14,0,14,392,85,449,0,51,13,1:13|3:13|4:12,0,29,0,2823599572
gym-opening-ranged4,shield-wall,164,Defeat,21,0,20,416,143,351,1,42,13,3:13,0,30,1,3542091313
gym-opening-ranged4,shield-wall,165,Defeat,21,0,20,560,172,756,1,40,2,1:2|2:7|4:2|3:12,0,21,0,4294408458
gym-opening-ranged4,shield-wall,166,Defeat,21,0,20,416,131,534,1,38,2,2:2,0,20,1,2076949504
gym-opening-ranged4,shield-wall,167,Defeat,21,0,20,528,181,734,1,37,12,1:12,0,26,1,1227872367
gym-opening-ranged4,shield-wall,168,Defeat,19,0,19,368,70,0,2,63,12,3:12,0,49,0,1339176304
gym-opening-ranged4,shield-wall,169,Defeat,15,0,15,232,37,0,3,93,13,3:13,0,42,0,2789175029
gym-opening-ranged4,shield-wall,170,Defeat,21,0,20,416,103,225,1,44,12,3:12,0,26,1,60551432
gym-opening-ranged4,shield-wall,171,Defeat,21,0,20,536,175,877,1,26,12,1:12,0,17,1,2901668493
gym-opening-ranged4,shield-wall,172,Defeat,21,0,20,472,114,300,1,52,13,3:13|1:2,0,43,1,1293617253
gym-opening-ranged4,shield-wall,173,Defeat,21,0,20,408,98,420,1,64,13,1:13,0,40,0,1762954210
gym-opening-ranged4,shield-wall,174,Defeat,21,0,20,360,97,116,1,60,-1,,0,36,1,1024850649
gym-opening-ranged4,shield-wall,175,Defeat,21,0,20,352,87,210,2,70,12,3:12|1:2,0,42,0,1553977533
gym-opening-ranged4,shield-wall,176,Defeat,21,0,20,408,128,663,1,39,2,2:2,0,17,1,644061908
gym-opening-ranged4,shield-wall,177,Defeat,21,0,20,552,212,676,1,27,-1,,0,13,1,924614621
gym-opening-ranged4,shield-wall,178,Defeat,21,0,20,640,201,945,1,21,12,1:12|4:2|3:2,0,16,1,58223183
gym-opening-ranged4,shield-wall,179,Defeat,19,0,19,328,66,0,2,63,2,1:2|3:12,0,49,0,277077338
gym-opening-ranged4,shield-wall,180,Defeat,21,0,20,344,73,230,2,60,2,3:2,0,40,0,345655560
gym-opening-ranged4,shield-wall,181,Defeat,21,0,20,480,131,648,2,18,12,3:12|2:2,0,24,0,310329288
gym-opening-ranged4,shield-wall,182,Defeat,21,0,20,544,175,734,1,38,12,1:12|3:12,0,23,1,2147396681
gym-opening-ranged4,shield-wall,183,Defeat,21,0,20,376,63,235,2,72,13,3:13|2:2,0,36,0,3017302555
gym-opening-ranged4,shield-wall,184,Defeat,21,0,20,352,67,75,2,72,12,1:12|3:2,0,40,1,1881237640
gym-opening-ranged4,shield-wall,185,Defeat,21,0,20,640,207,878,1,26,7,3:7|2:7,0,10,0,2701005178
gym-opening-ranged4,shield-wall,186,Victory,20,0,20,328,68,220,0,75,2,3:2,0,45,0,2916405981
gym-opening-ranged4,shield-wall,187,Defeat,21,0,20,432,116,508,1,48,7,2:7|1:2,0,32,0,3937354967
gym-opening-ranged4,shield-wall,188,Defeat,21,0,20,488,130,558,2,40,2,3:2,0,36,0,2272399028
gym-opening-ranged4,shield-wall,189,Defeat,21,0,20,560,155,794,1,34,-1,,0,23,1,4223237286
gym-opening-ranged4,shield-wall,190,Defeat,21,0,20,304,67,250,3,86,13,3:13,0,54,0,1987481507
gym-opening-ranged4,shield-wall,191,Defeat,21,0,20,528,215,744,1,33,12,4:12|2:7,0,16,0,1633108457
gym-opening-ranged4,shield-wall,192,Defeat,21,0,20,384,105,140,4,62,12,4:12,0,58,0,2326581215
gym-opening-ranged4,shield-wall,193,Defeat,21,0,20,360,67,230,2,62,12,3:12|2:2,0,36,1,2413030867
gym-opening-ranged4,shield-wall,194,Defeat,21,0,20,416,100,358,1,57,2,1:2|2:7,0,19,0,1361242422
gym-opening-ranged4,shield-wall,195,Defeat,21,0,20,504,162,689,1,26,2,1:2|2:2,0,19,0,3640830295
gym-opening-ranged4,shield-wall,196,Defeat,21,0,20,640,204,1038,1,35,2,1:2|2:7,0,17,0,1053184408
gym-opening-ranged4,shield-wall,197,Defeat,21,0,20,560,195,649,1,31,2,1:2|3:2,0,14,1,174657429
gym-opening-ranged4,shield-wall,198,Defeat,21,0,20,520,205,754,1,30,12,4:12,0,11,1,3673384812
gym-opening-ranged4,shield-wall,199,Defeat,21,0,20,472,168,419,1,30,2,2:2,0,22,1,3438026040
gym-opening-ranged4,shield-wall,200,Defeat,21,0,20,464,119,453,1,44,2,1:2,0,29,1,3377421766
gym-opening-ranged4,charge,1,Victory,8,0,8,216,35,529,0,62,8,3:8|4:8,0,8,0,4002781486
gym-opening-ranged4,charge,2,Defeat,12,0,12,232,48,0,1,100,12,4:12|3:8|2:8,0,15,0,2672650437
gym-opening-ranged4,charge,3,Victory,15,0,15,224,51,75,0,67,13,3:13|4:12|2:8,0,9,0,129514137
gym-opening-ranged4,charge,4,Defeat,11,0,11,192,54,0,2,91,8,2:8,0,9,0,1696238238
gym-opening-ranged4,charge,5,Victory,8,0,8,192,44,275,0,75,8,3:8,0,7,0,3778021888
gym-opening-ranged4,charge,6,Victory,9,0,9,224,54,335,0,89,8,3:8,0,10,0,2457519508
gym-opening-ranged4,charge,7,Victory,8,0,8,192,44,395,0,75,8,3:8|2:7,0,7,0,393322668
gym-opening-ranged4,charge,8,Defeat,8,0,8,152,25,0,4,121,13,4:13,0,15,1,2634391491
gym-opening-ranged4,charge,9,Victory,12,0,12,280,88,50,0,88,12,3:12|1:7,0,13,0,2644696364
gym-opening-ranged4,charge,10,Victory,10,0,10,240,69,208,0,80,12,4:12|3:8|2:7|1:7,0,11,0,309467250
gym-opening-ranged4,charge,11,Victory,8,0,8,208,56,355,0,92,12,4:12|3:8|2:7,0,9,0,68432481
gym-opening-ranged4,charge,12,Victory,10,0,10,256,82,208,0,78,7,2:7|3:8|1:7,0,11,0,2477258362
gym-opening-ranged4,charge,13,Victory,10,0,10,320,127,560,0,35,7,2:7|3:7|4:7,0,4,0,2706862127
gym-opening-ranged4,charge,14,Victory,9,0,9,184,30,195,0,82,12,4:12|3:8,0,8,0,4224097049
gym-opening-ranged4,charge,15,Defeat,10,0,10,160,33,0,4,120,13,3:13,0,21,1,2594847546
gym-opening-ranged4,charge,16,Defeat,8,0,8,168,36,0,3,114,8,3:8,0,12,0,2573867558
gym-opening-ranged4,charge,17,Defeat,8,0,8,176,44,0,3,113,8,3:8,0,11,1,1916557709
gym-opening-ranged4,charge,18,Defeat,10,0,10,224,82,0,1,85,7,1:7,0,15,1,2753479539
gym-opening-ranged4,charge,19,Defeat,12,0,12,224,47,0,1,100,12,4:12|3:8|2:7,0,14,0,1473692040
gym-opening-ranged4,charge,20,Victory,12,0,12,216,32,15,0,85,13,3:13|2:7,0,13,0,3002640183
gym-opening-ranged4,charge,21,Victory,14,0,14,240,44,75,0,80,12,4:12|2:12|3:8,0,9,0,3774853808
gym-opening-ranged4,charge,22,Victory,8,0,8,256,57,535,0,56,7,3:7|4:8,0,5,0,3772981299
gym-opening-ranged4,charge,23,Victory,7,0,7,224,63,483,0,53,8,3:8,0,5,0,1298145975
gym-opening-ranged4,charge,24,Victory,9,0,9,232,63,455,0,55,12,2:12|3:8|4:8,0,2,0,2293249790
gym-opening-ranged4,charge,25,Defeat,10,0,10,168,37,0,2,119,-1,,0,13,1,1051094181
gym-opening-ranged4,charge,26,Defeat,15,0,15,192,29,0,1,83,7,2:7,0,12,0,985781310
gym-opening-ranged4,charge,27,Defeat,12,0,12,272,105,0,2,100,2,3:2,0,17,0,829426418
gym-opening-ranged4,charge,28,Defeat,10,0,10,176,60,0,3,118,2,3:2,0,16,1,286416123
gym-opening-ranged4,charge,29,Defeat,11,0,11,216,41,0,1,88,12,4:12|1:2|3:8|2:7,0,16,0,747659493
gym-opening-ranged4,charge,30,Victory,13,0,13,264,64,125,0,69,8,2:8|3:8,0,11,0,3356605670
gym-opening-ranged4,charge,31,Defeat,8,0,8,128,27,0,4,131,12,3:12,0,15,2,3002811088
gym-opening-ranged4,charge,32,Defeat,16,0,16,240,60,0,1,66,13,4:13|3:8|2:8,0,12,1,323984790
gym-opening-ranged4,charge,33,Victory,13,0,13,296,128,125,0,86,7,3:7|1:7,0,17,0,2439064322
gym-opening-ranged4,charge,34,Defeat,8,0,8,168,53,0,3,147,-1,,0,16,1,3162454219
gym-opening-ranged4,charge,35,Defeat,9,0,9,168,59,0,2,123,-1,,0,14,1,24451159
gym-opening-ranged4,charge,36,Victory,9,0,9,200,37,355,0,64,12,4:12|2:7|3:7,0,6,0,3923037730
gym-opening-ranged4,charge,37,Victory,8,0,8,248,69,474,0,51,7,2:7|3:8|4:8|1:7,0,5,0,1851381013
gym-opening-ranged4,charge,38,Victory,12,0,12,248,70,48,0,77,13,4:13|2:7|1:7,0,12,0,4184424973
gym-opening-ranged4,charge,39,Defeat,8,0,8,152,22,0,2,94,8,3:8|2:7,0,8,0,1780256962
gym-opening-ranged4,charge,40,Defeat,15,0,15,224,47,0,1,85,12,4:12|2:7,0,22,0,112492430
gym-opening-ranged4,charge,41,Victory,10,0,10,240,69,195,0,66,8,3:8,0,10,0,75332221
gym-opening-ranged4,charge,42,Defeat,11,0,11,232,58,0,2,100,12,3:12,0,14,1,3592537600
gym-opening-ranged4,charge,43,Defeat,11,0,11,216,44,0,1,107,8,3:8|2:7,0,11,0,2857498589
gym-opening-ranged4,charge,44,Victory,13,0,13,208,46,135,0,65,2,2:2,0,8,0,22912518
gym-opening-ranged4,charge,45,Victory,9,0,9,248,76,255,0,61,7,2:7|4:8|1:7,0,7,0,1836022990
gym-opening-ranged4,charge,46,Victory,11,0,11,232,93,150,0,82,7,3:7,0,12,0,2140171882
gym-opening-ranged4,charge,47,Defeat,11,0,11,224,50,0,1,107,12,4:12|3:8|2:8,0,14,0,2884897637
gym-opening-ranged4,charge,48,Defeat,15,0,15,232,48,0,1,79,12,4:12|2:7,0,13,0,2115341432
gym-opening-ranged4,charge,49,Defeat,10,0,10,224,56,0,1,117,8,3:8,0,17,0,2549738604
gym-opening-ranged4,charge,50,Victory,8,0,8,232,74,335,0,55,8,3:8|2:7|4:7,0,4,0,2254775726
gym-opening-ranged4,charge,51,Defeat,11,0,11,208,80,0,1,103,7,1:7,0,18,1,1432805283
gym-opening-ranged4,charge,52,Victory,9,0,9,208,38,268,0,80,8,3:8|2:7,0,10,0,587012941
gym-opening-ranged4,charge,53,Victory,9,0,9,256,65,302,0,59,8,4:8|2:7|1:7,0,9,0,4257696378
gym-opening-ranged4,charge,54,Defeat,9,0,9,160,43,0,4,105,-1,,0,17,1,3333083042
gym-opening-ranged4,charge,55,Victory,9,0,9,240,65,195,0,56,8,1:8|3:7,0,7,0,2147149328
gym-opening-ranged4,charge,56,Defeat,14,0,14,224,59,0,1,82,7,2:7,0,11,0,1216100305
gym-opening-ranged4,charge,57,Victory,12,0,12,280,90,47,0,68,7,3:7|2:2|1:7,0,12,0,2681294500
gym-opening-ranged4,charge,58,Defeat,11,0,11,200,30,0,1,104,8,3:8|2:7,0,13,1,3951911947
gym-opening-ranged4,charge,59,Defeat,9,0,9,216,56,0,1,100,13,3:13|1:7,0,14,0,3590841090
gym-opening-ranged4,charge,60,Victory,10,0,10,208,39,148,0,107,8,3:8,0,13,0,1124669711
gym-opening-ranged4,charge,61,Victory,8,0,8,200,37,305,0,84,13,3:13|4:12|2:7,0,8,0,649743377
gym-opening-ranged4,charge,62,Victory,9,0,9,216,49,161,0,96,8,3:8|2:8|1:7,0,11,0,3056161650
gym-opening-ranged4,charge,63,Defeat,8,0,8,160,19,0,3,110,12,4:12|3:7,0,13,0,609261294
gym-opening-ranged4,charge,64,Victory,9,0,9,248,62,285,0,61,7,2:7|4:8|1:7,0,7,0,321848987
gym-opening-ranged4,charge,65,Defeat,10,0,10,192,50,0,1,104,7,3:7,0,10,0,3938328257
gym-opening-ranged4,charge,66,Victory,13,0,13,200,41,75,0,84,7,2:7,0,8,0,1034791036
gym-opening-ranged4,charge,67,Defeat,12,0,12,272,125,0,2,102,7,3:7,0,17,0,1833671558
gym-opening-ranged4,charge,68,Defeat,10,0,10,200,42,0,1,100,8,3:8,0,12,0,2462615917
gym-opening-ranged4,charge,69,Victory,10,0,10,240,68,165,0,80,7,3:7|2:7|1:7,0,9,0,2152988588
gym-opening-ranged4,charge,70,Defeat,9,0,9,152,31,0,4,110,-1,,0,13,1,1481922761
gym-opening-ranged4,charge,71,Victory,14,0,14,320,150,126,0,95,7,3:7|1:8,0,19,0,4082780757
gym-opening-ranged4,charge,72,Defeat,12,0,12,216,72,0,2,92,-1,,0,16,1,2624785916
gym-opening-ranged4,charge,73,Defeat,9,0,9,176,57,0,4,109,2,1:2,0,17,1,738110510
gym-opening-ranged4,charge,74,Defeat,9,0,9,208,54,0,3,115,12,3:12|4:8,0,15,0,1574677818
gym-opening-ranged4,charge,75,Defeat,9,0,9,152,33,0,4,131,13,4:13,0,19,1,1903820456
gym-opening-ranged4,charge,76,Defeat,9,0,9,176,52,0,1,109,8,3:8,0,11,1,3629482504
gym-opening-ranged4,charge,77,Victory,8,0,8,192,39,245,0,79,12,4:12|1:2|3:8|2:7,0,9,0,1071936115
gym-opening-ranged4,charge,78,Victory,8,0,8,208,41,510,0,65,8,3:8|4:8,0,7,0,2930576706
gym-opening-ranged4,charge,79,Victory,8,0,8,216,58,355,0,77,12,4:12|3:8|2:7,0,9,0,841932305
gym-opening-ranged4,charge,80,Victory,9,0,9,216,53,335,0,74,7,3:7|1:7|2:7,0,9,0,189850488
gym-opening-ranged4,charge,81,Defeat,9,0,9,184,53,0,1,121,7,1:7,0,14,1,1842223485
gym-opening-ranged4,charge,82,Defeat,13,0,13,232,46,0,1,103,8,3:8|2:7,0,18,0,1040794334
gym-opening-ranged4,charge,83,Defeat,12,0,12,248,74,0,1,77,8,3:8|1:7,0,17,0,1151866807
gym-opening-ranged4,charge,84,Victory,13,0,13,208,39,71,0,80,8,3:8|2:7,0,9,0,3197569685
gym-opening-ranged4,charge,85,Victory,13,0,13,216,42,45,0,92,12,4:12|2:8|3:8,0,15,0,2755962144
gym-opening-ranged4,charge,86,Defeat,12,0,12,224,53,0,1,107,8,3:8|2:7,0,17,0,4060562356
gym-opening-ranged4,charge,87,Victory,10,0,10,216,58,255,0,62,8,3:8|2:12,0,8,0,3369649085
gym-opening-ranged4,charge,88,Victory,8,0,8,184,37,495,0,60,12,4:12|2:2|3:8,0,4,0,3826439501
gym-opening-ranged4,charge,89,Victory,9,0,9,264,70,299,0,57,7,2:7|4:8|1:7,0,7,0,489768171
gym-opening-ranged4,charge,90,Victory,8,0,8,256,67,462,0,46,7,2:7|3:8|4:12,0,5,0,318971704
gym-opening-ranged4,charge,91,Defeat,10,0,10,168,39,0,2,100,-1,,0,12,1,1334030840
gym-opening-ranged4,charge,92,Defeat,14,0,14,248,59,0,1,96,12,4:12|3:13|2:2,0,14,0,2622424282
gym-opening-ranged4,charge,93,Victory,9,0,9,232,59,315,0,65,13,3:13|2:7|1:7,0,8,0,3444914523
gym-opening-ranged4,charge,94,Defeat,10,0,10,184,55,0,2,134,-1,,0,21,1,567732261
gym-opening-ranged4,charge,95,Defeat,8,0,8,176,46,0,2,86,-1,,0,6,1,3450181476
gym-opening-ranged4,charge,96,Victory,9,0,9,232,39,190,0,72,8,3:8|4:8,0,9,0,3147593806
gym-opening-ranged4,charge,97,Defeat,9,0,9,200,70,0,3,96,-1,,0,15,1,4011179211
gym-opening-ranged4,charge,98,Victory,10,0,10,192,45,80,0,100,8,3:8,0,10,0,2154703320
gym-opening-ranged4,charge,99,Defeat,12,0,12,296,95,0,1,70,8,3:8|2:7|1:7,0,13,0,2042724967
gym-opening-ranged4,charge,100,Defeat,9,0,9,200,46,0,2,108,13,4:13|2:8,0,11,0,1614890755
gym-opening-ranged4,charge,101,Defeat,9,0,9,160,30,0,3,90,-1,,0,11,1,1879952958
gym-opening-ranged4,charge,102,Victory,8,0,8,208,43,398,0,92,12,4:12|3:8|2:7,0,9,0,32209629
gym-opening-ranged4,charge,103,Victory,9,0,9,208,54,455,0,61,8,3:8,0,9,0,3770841813
gym-opening-ranged4,charge,104,Victory,10,0,10,224,62,358,0,75,8,2:8|3:8,0,8,0,1854121224
gym-opening-ranged4,charge,105,Victory,7,0,7,192,45,527,0,45,12,4:12|2:7|1:7,0,4,0,1722677294
gym-opening-ranged4,charge,106,Victory,13,0,13,296,134,140,0,62,7,3:7|1:7,0,21,0,1062477140
gym-opening-ranged4,charge,107,Defeat,13,0,13,216,37,0,1,81,7,2:7,0,13,0,1258981919
gym-opening-ranged4,charge,108,Victory,13,0,13,216,39,195,0,62,12,4:12|3:8|2:8,0,10,0,4190166241
gym-opening-ranged4,charge,109,Victory,10,0,10,256,71,187,0,78,7,2:7|3:8|1:7,0,12,0,2913837608
gym-opening-ranged4,charge,110,Defeat,10,0,10,216,44,0,2,88,12,4:12|3:8,0,16,0,4034302498
gym-opening-ranged4,charge,111,Defeat,15,0,15,304,130,0,1,65,7,3:7,0,17,1,3052910912
gym-opening-ranged4,charge,112,Victory,11,0,11,264,100,165,0,81,7,3:7|2:7|1:7,0,16,0,1614508971
gym-opening-ranged4,charge,113,Defeat,12,0,12,240,50,0,1,93,7,3:7|1:8|2:8,0,12,0,1693664695
gym-opening-ranged4,charge,114,Defeat,13,0,13,224,40,0,1,82,13,3:13|2:7,0,9,0,394796604
gym-opening-ranged4,charge,115,Victory,9,0,9,192,41,445,0,70,12,4:12|2:7,0,8,0,457518794
gym-opening-ranged4,charge,116,Victory,13,0,13,240,66,45,0,83,7,3:7|2:8,0,10,0,165640596
gym-opening-ranged4,charge,117,Victory,11,0,11,288,81,241,0,61,12,4:12|2:7|3:7,0,11,0,4114726163
gym-opening-ranged4,charge,118,Defeat,13,0,13,288,141,0,1,83,7,3:7|1:7,0,17,1,4067033616
gym-opening-ranged4,charge,119,Victory,7,0,7,216,63,590,0,55,8,1:8|2:7|3:8,0,3,0,3222894790
gym-opening-ranged4,charge,120,Defeat,9,0,9,176,32,0,3,122,-1,,0,13,1,3669079288
gym-opening-ranged4,charge,121,Defeat,11,0,11,248,78,0,1,77,8,3:8|1:7,0,15,0,1262952542
gym-opening-ranged4,charge,122,Victory,10,0,10,256,67,50,0,78,8,3:8|1:7,0,11,0,1132642459
gym-opening-ranged4,charge,123,Victory,9,0,9,256,83,308,0,78,8,3:8|2:7,0,11,0,2893583633
gym-opening-ranged4,charge,124,Defeat,9,0,9,176,63,0,3,127,-1,,0,14,1,452892773
gym-opening-ranged4,charge,125,Defeat,9,0,9,160,37,0,2,115,-1,,0,15,0,2026010886
gym-opening-ranged4,charge,126,Victory,12,0,12,264,66,112,0,66,8,3:8|2:7|1:7,0,14,0,2716715510
gym-opening-ranged4,charge,127,Victory,14,0,14,216,64,131,0,74,7,2:7,0,12,0,2071878523
gym-opening-ranged4,charge,128,Victory,9,0,9,184,35,315,0,86,8,3:8|2:7,0,7,0,121845663
gym-opening-ranged4,charge,129,Victory,10,0,10,240,55,157,0,80,8,3:8|2:7|1:7,0,9,0,1845575899
gym-opening-ranged4,charge,130,Defeat,8,0,8,184,48,0,3,134,8,3:8|2:8,0,12,0,3537997045
gym-opening-ranged4,charge,131,Victory,10,0,10,208,36,188,0,76,12,4:12|3:7,0,10,0,3271125936
gym-opening-ranged4,charge,132,Victory,9,0,9,248,67,377,0,77,8,3:8,0,7,0,3696196384
gym-opening-ranged4,charge,133,Victory,8,0,8,248,68,422,0,51,7,2:7|3:8|4:8|1:7,0,5,0,615205191
gym-opening-ranged4,charge,134,Victory,9,0,9,240,57,415,0,50,12,4:12|1:7|2:7|3:8,0,8,0,4072084426
gym-opening-ranged4,charge,135,Victory,11,0,11,264,82,25,0,72,8,3:8|2:7|1:7,0,13,0,3383695791
gym-opening-ranged4,charge,136,Defeat,12,0,12,192,25,0,1,87,12,4:12|2:7,0,9,0,2595360696
gym-opening-ranged4,charge,137,Defeat,16,0,16,232,55,0,1,89,8,2:8,0,14,0,3515964995
gym-opening-ranged4,charge,138,Victory,12,0,12,224,45,58,0,85,7,2:7,0,13,0,2600663004
gym-opening-ranged4,charge,139,Victory,13,0,13,304,112,112,0,89,12,4:12|3:8|2:7|1:8,0,21,0,330092342
gym-opening-ranged4,charge,140,Defeat,13,0,13,200,38,0,1,80,12,4:12|2:7,0,11,0,1408863946
gym-opening-ranged4,charge,141,Victory,9,0,9,200,32,345,0,72,12,4:12|3:8,0,9,0,1530977124
gym-opening-ranged4,charge,142,Victory,9,0,9,208,45,355,0,65,7,3:7|2:7,0,4,0,1312442865
gym-opening-ranged4,charge,143,Defeat,12,0,12,232,59,0,1,100,12,4:12|2:7,0,16,0,1206779311
gym-opening-ranged4,charge,144,Defeat,10,0,10,192,61,0,3,100,-1,,0,19,1,2644137222
gym-opening-ranged4,charge,145,Victory,11,0,11,280,91,148,0,68,8,3:8|4:8|2:7|1:7,0,12,0,1742678320
gym-opening-ranged4,charge,146,Victory,10,0,10,216,31,495,0,59,12,4:12|3:2|2:7,0,7,0,1963474819
gym-opening-ranged4,charge,147,Victory,9,0,9,232,62,423,0,68,13,3:13|1:7,0,7,0,4084550872
gym-opening-ranged4,charge,148,Victory,10,0,10,264,72,320,0,57,7,2:7|1:7|3:8,0,9,0,910541125
gym-opening-ranged4,charge,149,Victory,12,0,12,224,61,255,0,64,12,4:12|3:12|2:8,0,11,0,2586865456
gym-opening-ranged4,charge,150,Defeat,12,0,12,232,57,0,1,89,7,2:7,0,16,1,1466370269
gym-opening-ranged4,charge,151,Defeat,9,0,9,168,43,0,4,100,-1,,0,15,1,3211159320
gym-opening-ranged4,charge,152,Defeat,8,0,8,176,47,0,2,131,-1,,0,15,1,2370605500
gym-opening-ranged4,charge,153,Defeat,10,0,10,168,32,0,3,104,12,4:12,0,19,1,2590043400
gym-opening-ranged4,charge,154,Defeat,8,0,8,168,44,0,3,119,-1,,0,14,0,2389858616
gym-opening-ranged4,charge,155,Victory,12,0,12,256,71,53,0,84,8,3:8|1:2|2:7,0,16,0,467985839
gym-opening-ranged4,charge,156,Victory,11,0,11,296,86,295,0,67,7,3:7|2:8,0,10,0,107618792
gym-opening-ranged4,charge,157,Victory,8,0,8,200,49,475,0,52,12,4:12|1:7|2:7,0,4,0,2709774038
gym-opening-ranged4,charge,158,Victory,14,0,14,264,61,58,0,66,8,3:8|2:7,0,14,0,595543739
gym-opening-ranged4,charge,159,Defeat,15,0,15,248,65,0,1,100,8,3:8|1:2|2:2,0,21,0,770962193
gym-opening-ranged4,charge,160,Victory,8,0,8,216,54,465,0,70,8,2:8|4:8|3:8,0,7,0,2280538848
gym-opening-ranged4,charge,161,Victory,8,0,8,224,53,425,0,60,13,3:13|2:7,0,7,0,2328291294
gym-opening-ranged4,charge,162,Defeat,13,0,13,232,48,0,1,96,8,3:8|2:7,0,13,0,1452259800
gym-opening-ranged4,charge,163,Victory,8,0,8,200,40,385,0,88,12,4:12|3:8|2:7,0,9,0,3653258070
gym-opening-ranged4,charge,164,Victory,6,0,6,168,20,560,0,61,8,3:8|4:8,0,4,0,3996918191
gym-opening-ranged4,charge,165,Defeat,11,0,11,232,75,0,1,86,7,3:7,0,13,1,2183531978
gym-opening-ranged4,charge,166,Victory,11,0,11,288,85,262,0,69,7,2:7|3:8,0,13,0,3529116522
gym-opening-ranged4,charge,167,Victory,11,0,11,256,69,239,0,81,8,3:8|2:7|1:7,0,12,0,3432533780
gym-opening-ranged4,charge,168,Victory,9,0,9,232,49,305,0,79,12,3:12|4:8|2:7,0,10,0,1502600066
gym-opening-ranged4,charge,169,Victory,10,0,10,232,76,156,0,96,12,4:12|3:12,0,14,0,2865098111
gym-opening-ranged4,charge,170,Victory,9,0,9,256,66,565,0,50,7,2:7|1:7,0,4,0,1381568579
gym-opening-ranged4,charge,171,Victory,17,0,17,344,124,112,0,60,8,3:8|2:7|1:7,0,21,0,3511780376
gym-opening-ranged4,charge,172,Victory,10,0,10,264,75,204,0,72,8,3:8|4:8|2:7|1:7,0,10,0,1422794393
gym-opening-ranged4,charge,173,Victory,7,0,7,184,42,485,0,47,13,3:13|4:12|1:7|2:7,0,3,0,4292488508
gym-opening-ranged4,charge,174,Victory,12,0,12,224,40,15,0,92,8,3:8|2:7,0,14,0,2598345215
gym-opening-ranged4,charge,175,Defeat,11,0,11,264,109,0,2,103,2,3:2,0,16,0,771581521
gym-opening-ranged4,charge,176,Defeat,11,0,11,224,62,0,2,125,8,2:8,0,16,0,2773112702
gym-opening-ranged4,charge,177,Defeat,10,0,10,176,51,0,3,104,-1,,0,15,1,2352580350
gym-opening-ranged4,charge,178,Victory,9,0,9,256,63,360,0,59,8,4:8|3:7|2:7,0,6,0,446877480
gym-opening-ranged4,charge,179,Defeat,9,0,9,160,50,0,3,130,-1,,0,11,1,1929519559
gym-opening-ranged4,charge,180,Victory,13,0,13,288,118,48,0,72,7,3:7|1:7,0,16,0,4095266124
gym-opening-ranged4,charge,181,Victory,9,0,9,216,44,255,0,88,12,4:12|3:8,0,10,0,2999463112
gym-opening-ranged4,charge,182,Defeat,9,0,9,160,53,0,4,115,-1,,0,17,1,3131046879
gym-opening-ranged4,charge,183,Defeat,10,0,10,200,74,0,2,120,8,3:8,0,13,1,1309540584
gym-opening-ranged4,charge,184,Defeat,8,0,8,136,21,0,4,117,12,4:12,0,16,1,2215426883
gym-opening-ranged4,charge,185,Victory,8,0,8,208,57,265,0,92,8,3:8,0,9,0,702251447
gym-opening-ranged4,charge,186,Victory,6,0,6,192,31,571,0,58,8,3:8,0,5,0,1873374800
gym-opening-ranged4,charge,187,Victory,11,0,11,264,83,225,0,81,12,4:12|3:7,0,11,0,1842409603
gym-opening-ranged4,charge,188,Victory,10,0,10,240,66,247,0,73,8,3:8|2:7|1:7,0,8,0,1318711177
gym-opening-ranged4,charge,189,Defeat,11,0,11,192,45,0,2,100,-1,,0,12,1,1245388024
gym-opening-ranged4,charge,190,Victory,9,0,9,240,51,290,0,63,12,4:12|3:8|2:7|1:7,0,9,0,2276473433
gym-opening-ranged4,charge,191,Victory,9,0,9,200,40,305,0,84,8,2:8|4:8,0,5,0,3648568608
gym-opening-ranged4,charge,192,Victory,15,0,15,224,48,71,0,78,8,3:8|2:7,0,12,0,2565216033
gym-opening-ranged4,charge,193,Defeat,12,0,12,272,103,0,1,79,8,3:8|2:7|1:7,0,16,0,867941977
gym-opening-ranged4,charge,194,Victory,7,0,7,192,39,583,0,62,12,4:12|3:8|2:7,0,5,0,2675768014
gym-opening-ranged4,charge,195,Victory,13,0,13,296,136,225,0,81,7,3:7,0,17,0,2612837063
gym-opening-ranged4,charge,196,Defeat,13,0,13,224,50,0,1,78,7,2:7,0,9,0,2500189704
gym-opening-ranged4,charge,197,Defeat,10,0,10,184,67,0,3,117,-1,,0,16,1,270528568
gym-opening-ranged4,charge,198,Victory,12,0,12,256,69,220,0,84,8,3:8|2:7|1:7,0,14,0,3064015981
gym-opening-ranged4,charge,199,Victory,8,0,8,216,52,485,0,55,12,4:12|3:8,0,8,0,4165240930
gym-opening-ranged4,charge,200,Victory,12,0,12,256,88,90,0,81,8,3:8|2:7|1:7,0,14,0,773984262
gym-opening-hunter,corridor-hold,1,Victory,19,0,19,432,99,685,0,18,2,1:2|2:2,0,23,0,910002776
gym-opening-hunter,corridor-hold,2,Defeat,21,0,20,448,115,705,2,21,2,1:2|3:2|2:7,0,29,0,4268910613
gym-opening-hunter,corridor-hold,3,Defeat,21,0,20,424,115,735,2,28,8,3:8|2:7,0,29,0,2225414516
gym-opening-hunter,corridor-hold,4,Defeat,21,0,20,496,140,735,2,20,2,1:2|2:2|3:12,0,33,0,337131267
gym-opening-hunter,corridor-hold,5,Defeat,19,0,19,336,87,0,3,61,2,2:2,0,47,0,1452838211
gym-opening-hunter,corridor-hold,6,Defeat,21,0,20,472,129,345,2,37,2,1:2|2:7,0,36,0,2100419418
gym-opening-hunter,corridor-hold,7,Defeat,18,0,18,296,57,0,3,67,12,2:12,0,39,1,1725892524
gym-opening-hunter,corridor-hold,8,Defeat,15,0,15,264,52,0,4,72,8,3:8,0,43,0,129686260
gym-opening-hunter,corridor-hold,9,Defeat,21,0,20,416,94,635,1,40,2,3:2|2:2,0,26,0,2567972765
gym-opening-hunter,corridor-hold,10,Defeat,21,0,20,528,167,845,1,18,7,1:7|2:2|3:7,0,31,0,3746469307
gym-opening-hunter,corridor-hold,11,Victory,19,0,19,464,116,735,0,27,2,1:2|3:13|2:2,0,25,0,1089338403
gym-opening-hunter,corridor-hold,12,Defeat,21,0,20,416,112,575,2,30,2,2:2|3:12,0,35,0,1842053987
gym-opening-hunter,corridor-hold,13,Defeat,21,0,20,328,77,435,3,31,2,3:2,0,41,1,1018171551
gym-opening-hunter,corridor-hold,14,Defeat,21,0,20,424,115,665,1,24,7,3:7|2:7,0,27,0,3304507915
gym-opening-hunter,corridor-hold,15,Defeat,21,0,20,448,135,735,1,14,12,3:12,0,31,0,1833506283
gym-opening-hunter,corridor-hold,16,Victory,18,0,18,400,96,645,0,34,7,3:7|2:7,0,29,0,3397830222
gym-opening-hunter,corridor-hold,17,Defeat,21,0,20,376,104,435,3,36,2,2:2|3:13,0,48,0,2830341633
gym-opening-hunter,corridor-hold,18,Defeat,21,0,20,504,146,735,2,33,2,1:2|2:2|3:12,0,26,1,3561567806
gym-opening-hunter,corridor-hold,19,Victory,18,0,18,488,107,754,0,22,13,1:13|2:7|3:8,0,24,0,2396337017
gym-opening-hunter,corridor-hold,20,Defeat,21,0,20,528,155,913,1,12,2,1:2|3:2|2:2,0,22,0,4042117896
gym-opening-hunter,corridor-hold,21,Defeat,21,0,20,408,117,435,2,35,2,2:2|3:12,0,41,0,3732636551
gym-opening-hunter,corridor-hold,22,Defeat,21,0,20,328,79,345,2,43,13,3:13|2:2,0,34,0,2809246416
gym-opening-hunter,corridor-hold,23,Victory,18,0,18,456,164,765,0,17,2,2:2|1:2,0,14,0,4106333377
gym-opening-hunter,corridor-hold,24,Defeat,21,0,20,472,152,735,1,22,7,1:7,0,14,0,4244164938
gym-opening-hunter,corridor-hold,25,Defeat,21,0,20,448,161,695,1,16,7,1:7,0,15,1,4154567446
gym-opening-hunter,corridor-hold,26,Defeat,21,0,20,504,155,852,1,15,7,3:7|1:7,0,16,1,4075908706
gym-opening-hunter,corridor-hold,27,Defeat,21,0,20,528,164,913,1,22,2,3:2|1:2|2:7,0,15,0,4255651499
gym-opening-hunter,corridor-hold,28,Defeat,21,0,20,408,129,655,1,31,-1,,0,31,1,1297944241
gym-opening-hunter,corridor-hold,29,Victory,19,0,19,464,124,460,0,31,2,1:2|3:12|2:7,0,40,0,171079584
gym-opening-hunter,corridor-hold,30,Victory,18,0,18,392,86,565,0,34,13,1:13|3:7|2:8,0,36,0,2154649617
gym-opening-hunter,corridor-hold,31,Defeat,21,0,20,408,96,660,1,41,8,3:8|2:7,0,31,0,4240113306
gym-opening-hunter,corridor-hold,32,Defeat,21,0,20,432,123,735,1,14,7,2:7,0,20,1,2859215754
gym-opening-hunter,corridor-hold,33,Defeat,21,0,20,520,150,735,1,15,7,2:7|1:2|3:7,0,18,1,3319302701
gym-opening-hunter,corridor-hold,34,Defeat,21,0,20,448,131,620,1,30,2,1:2|3:8,0,35,0,417737637
gym-opening-hunter,corridor-hold,35,Defeat,21,0,20,528,162,903,1,19,2,1:2|2:7,0,27,0,4191279449
gym-opening-hunter,corridor-hold,36,Victory,17,0,17,424,93,735,0,22,2,1:2|3:7|2:8,0,28,0,2840585512
gym-opening-hunter,corridor-hold,37,Defeat,21,0,20,344,103,405,4,44,12,3:12|2:7,0,61,0,3177479511
gym-opening-hunter,corridor-hold,38,Defeat,21,0,20,528,137,870,1,22,2,1:2|3:12,0,25,0,1547872795
gym-opening-hunter,corridor-hold,39,Victory,20,0,20,504,118,735,0,26,2,1:2|2:2,0,24,0,3414621662
gym-opening-hunter,corridor-hold,40,Defeat,20,0,20,336,64,0,2,61,12,3:12|2:2,0,46,0,1118590901
gym-opening-hunter,corridor-hold,41,Defeat,21,0,20,528,195,893,1,13,2,1:2|3:8,0,15,1,3654201908
gym-opening-hunter,corridor-hold,42,Defeat,21,0,20,384,94,208,1,43,13,3:13|2:2,0,34,0,240895533
gym-opening-hunter,corridor-hold,43,Defeat,21,0,20,504,128,735,2,22,12,3:12|1:2|2:8,0,51,0,459891585
gym-opening-hunter,corridor-hold,44,Defeat,21,0,20,344,73,165,3,53,8,3:8|2:8,0,47,0,3551903029
gym-opening-hunter,corridor-hold,45,Defeat,21,0,20,480,121,635,1,23,2,1:2|2:8|3:2,0,32,0,845014922
gym-opening-hunter,corridor-hold,46,Defeat,21,0,20,512,183,904,1,14,7,2:7,0,16,0,1360713977
gym-opening-hunter,corridor-hold,47,Defeat,21,0,20,376,108,435,3,36,2,2:2|3:12,0,45,1,3498541292
gym-opening-hunter,corridor-hold,48,Defeat,21,0,20,440,130,490,3,36,2,2:2|3:12,0,51,1,686648161
gym-opening-hunter,corridor-hold,49,Defeat,21,0,20,432,150,670,1,20,2,2:2|1:7|3:2,0,26,0,2192713227
gym-opening-hunter,corridor-hold,50,Victory,16,0,16,448,152,881,0,19,2,1:2,0,18,0,1232185313
gym-opening-hunter,corridor-hold,51,Defeat,21,0,20,424,97,710,1,33,12,1:12|2:7|3:2,0,47,0,3275003678
gym-opening-hunter,corridor-hold,52,Defeat,21,0,20,392,95,405,4,40,12,3:12,0,51,1,1452869193
gym-opening-hunter,corridor-hold,53,Defeat,21,0,20,440,138,595,1,32,8,3:8|2:7,0,21,0,1165005523
gym-opening-hunter,corridor-hold,54,Defeat,21,0,20,416,121,655,1,51,2,2:2|3:12,0,45,0,1859057238
gym-opening-hunter,corridor-hold,55,Victory,16,0,16,352,82,575,0,34,7,3:7|2:8,0,20,0,1446046902
gym-opening-hunter,corridor-hold,56,Defeat,21,0,20,520,209,955,1,10,2,2:2|1:12,0,6,0,2833804087
gym-opening-hunter,corridor-hold,57,Defeat,21,0,20,432,135,630,1,29,7,2:7|3:7,0,17,0,2211161671
gym-opening-hunter,corridor-hold,58,Defeat,21,0,20,328,85,345,2,39,12,3:12,0,40,1,1781282550
gym-opening-hunter,corridor-hold,59,Defeat,21,0,20,480,127,710,1,21,2,1:2|2:2,0,25,1,488889697
gym-opening-hunter,corridor-hold,60,Defeat,21,0,20,416,89,645,2,25,12,3:12,0,45,0,501463997
gym-opening-hunter,corridor-hold,61,Victory,19,0,19,496,152,876,0,20,7,2:7,0,11,0,667226157
gym-opening-hunter,corridor-hold,62,Defeat,21,0,20,520,196,891,1,16,2,1:2|2:2|3:7,0,17,0,2252370773
gym-opening-hunter,corridor-hold,63,Defeat,21,0,20,640,263,1150,1,11,12,2:12|4:12|3:7,0,9,1,1812035351
gym-opening-hunter,corridor-hold,64,Defeat,21,0,20,472,135,665,1,20,13,1:13|2:13,0,20,1,898756907
gym-opening-hunter,corridor-hold,65,Defeat,21,0,20,408,104,645,1,37,-1,,0,25,0,631775470
gym-opening-hunter,corridor-hold,66,Defeat,21,0,20,384,116,525,1,35,-1,,0,34,1,1178837809
gym-opening-hunter,corridor-hold,67,Defeat,21,0,20,432,125,690,1,22,12,3:12,0,26,0,1111707902
gym-opening-hunter,corridor-hold,68,Victory,15,0,15,328,77,710,0,31,2,2:2|3:12,0,21,0,3503128268
gym-opening-hunter,corridor-hold,69,Defeat,21,0,20,424,114,600,1,41,2,3:2,0,33,1,1613411458
gym-opening-hunter,corridor-hold,70,Defeat,21,0,20,504,141,844,1,26,2,2:2|3:7,0,22,0,2993506216
gym-opening-hunter,corridor-hold,71,Defeat,21,0,20,408,94,615,1,25,2,3:2,0,29,1,1167473832
gym-opening-hunter,corridor-hold,72,Defeat,21,0,20,528,215,892,1,16,2,2:2|3:7,0,10,1,1819019102
gym-opening-hunter,corridor-hold,73,Defeat,21,0,20,400,91,645,1,30,13,3:13,0,22,1,386023743
gym-opening-hunter,corridor-hold,74,Defeat,21,0,20,392,125,660,1,28,-1,,0,22,1,867631401
gym-opening-hunter,corridor-hold,75,Defeat,21,0,20,416,136,105,3,36,13,1:13,0,50,0,3443709156
gym-opening-hunter,corridor-hold,76,Defeat,21,0,20,512,169,904,1,25,2,2:2|1:2|3:7,0,15,0,653773408
gym-opening-hunter,corridor-hold,77,Defeat,18,0,18,336,98,0,2,47,7,2:7,0,28,0,2371436999
gym-opening-hunter,corridor-hold,78,Defeat,21,0,20,408,83,698,1,37,-1,,0,29,1,2925466446
gym-opening-hunter,corridor-hold,79,Victory,20,0,20,440,116,685,0,41,7,2:7|3:8,0,18,0,1662976144
gym-opening-hunter,corridor-hold,80,Defeat,21,0,20,384,102,240,2,33,12,3:12,0,38,1,2619080806
gym-opening-hunter,corridor-hold,81,Victory,17,0,17,456,116,891,0,28,2,1:2|3:2,0,20,0,2167094179
gym-opening-hunter,corridor-hold,82,Defeat,21,0,20,528,165,894,1,27,2,1:2|3:8,0,30,0,3731738926
gym-opening-hunter,corridor-hold,83,Defeat,21,0,20,424,101,635,1,32,7,3:7|2:2,0,22,0,271775358
gym-opening-hunter,corridor-hold,84,Defeat,17,0,17,272,72,0,4,76,12,3:12|2:2,0,36,1,3355039804
gym-opening-hunter,corridor-hold,85,Defeat,21,0,20,424,120,610,2,28,8,3:8|2:7,0,50,0,3197049884
gym-opening-hunter,corridor-hold,86,Defeat,21,0,20,408,117,435,2,19,13,3:13,0,38,0,4166777757
gym-opening-hunter,corridor-hold,87,Defeat,21,0,20,416,95,580,1,34,2,2:2|3:8,0,16,0,3051909455
gym-opening-hunter,corridor-hold,88,Defeat,21,0,20,512,191,851,1,14,13,3:13|1:8,0,7,1,1281743216
gym-opening-hunter,corridor-hold,89,Defeat,21,0,20,320,87,435,2,27,13,3:13|2:2,0,23,1,241084269
gym-opening-hunter,corridor-hold,90,Defeat,21,0,20,528,186,904,1,16,2,1:2|3:7,0,14,0,1054157715
gym-opening-hunter,corridor-hold,91,Victory,17,0,17,384,86,585,0,50,13,3:13|2:12,0,29,0,3626676676
gym-opening-hunter,corridor-hold,92,Defeat,21,0,20,424,127,460,2,26,13,3:13|2:7,0,30,0,783428401
gym-opening-hunter,corridor-hold,93,Defeat,21,0,20,440,124,545,1,34,2,3:2,0,39,1,1833711794
gym-opening-hunter,corridor-hold,94,Defeat,21,0,20,528,196,891,1,10,2,3:2|1:2,0,21,1,2251379199
gym-opening-hunter,corridor-hold,95,Victory,11,0,11,304,59,891,0,26,7,2:7|1:2,0,11,0,1788805290
gym-opening-hunter,corridor-hold,96,Defeat,21,0,20,456,142,735,2,21,2,1:2|3:13,0,30,1,578059524
gym-opening-hunter,corridor-hold,97,Defeat,21,0,20,528,182,827,1,12,-1,,0,22,1,1098929752
gym-opening-hunter,corridor-hold,98,Victory,19,0,19,480,115,685,0,30,2,2:2|1:2|3:7,0,41,0,1189928586
gym-opening-hunter,corridor-hold,99,Defeat,21,0,20,464,120,675,1,25,2,2:2|3:8|1:12,0,34,0,142405105
gym-opening-hunter,corridor-hold,100,Defeat,21,0,20,392,92,665,3,40,8,3:8|2:2,0,58,0,1885574480
gym-opening-hunter,corridor-hold,101,Defeat,21,0,20,384,91,605,1,33,7,3:7|2:2,0,37,0,3218856799
gym-opening-hunter,corridor-hold,102,Defeat,21,0,20,456,87,625,1,33,2,3:2|2:7,0,25,0,1594573582
gym-opening-hunter,corridor-hold,103,Victory,19,0,19,488,111,735,0,31,7,2:7|1:2|3:8,0,37,0,4069540619
gym-opening-hunter,corridor-hold,104,Defeat,21,0,20,360,80,45,2,55,2,2:2,0,40,0,3859769696
gym-opening-hunter,corridor-hold,105,Victory,17,0,17,432,90,865,0,31,7,3:7|1:2|2:7,0,26,0,2985183243
gym-opening-hunter,corridor-hold,106,Defeat,21,0,20,528,121,923,2,39,2,1:2|2:7|3:8,0,45,0,3225798824
gym-opening-hunter,corridor-hold,107,Defeat,21,0,20,528,165,893,1,24,7,1:7|3:8,0,30,0,3304016634
gym-opening-hunter,corridor-hold,108,Defeat,21,0,20,312,59,330,3,64,2,2:2,0,43,0,3410541831
gym-opening-hunter,corridor-hold,109,Victory,18,0,18,368,94,615,0,36,8,2:8|3:7,0,15,0,4029113647
gym-opening-hunter,corridor-hold,110,Defeat,21,0,20,456,126,635,2,26,13,1:13|2:2|3:12,0,27,1,3480446763
gym-opening-hunter,corridor-hold,111,Defeat,21,0,20,528,206,807,1,15,7,3:7|1:2|2:8,0,20,0,4257494785
gym-opening-hunter,corridor-hold,112,Defeat,21,0,20,296,82,135,2,56,2,3:2|2:7,0,33,0,3693649597
gym-opening-hunter,corridor-hold,113,Defeat,21,0,20,432,128,665,1,48,12,3:12,0,38,1,3741148630
gym-opening-hunter,corridor-hold,114,Defeat,21,0,20,408,139,615,1,25,2,3:2|2:8,0,24,0,353697327
gym-opening-hunter,corridor-hold,115,Defeat,21,0,20,408,117,645,1,23,12,3:12|2:2,0,26,0,581178529
gym-opening-hunter,corridor-hold,116,Victory,19,0,19,480,134,841,0,26,12,1:12,0,21,0,3533394564
gym-opening-hunter,corridor-hold,117,Defeat,21,0,20,456,120,695,1,36,2,3:2|2:7,0,21,0,54576314
gym-opening-hunter,corridor-hold,118,Victory,20,0,20,528,146,826,0,25,7,2:7|1:2|3:8,0,25,0,49670825
gym-opening-hunter,corridor-hold,119,Defeat,18,0,18,296,74,0,4,78,13,3:13|2:2,0,49,1,2929502765
gym-opening-hunter,corridor-hold,120,Defeat,21,0,20,528,203,893,1,21,8,1:8|2:7,0,13,0,3094920840
gym-opening-hunter,corridor-hold,121,Defeat,21,0,20,416,108,640,1,23,2,3:2|2:2,0,22,1,2005776750
gym-opening-hunter,corridor-hold,122,Defeat,21,0,20,360,83,375,3,46,12,3:12|2:7,0,50,0,1061112244
gym-opening-hunter,corridor-hold,123,Defeat,21,0,20,408,133,650,1,19,2,2:2,0,23,0,585214740
gym-opening-hunter,corridor-hold,124,Defeat,21,0,20,520,196,903,1,15,2,1:2,0,17,1,2814475762
gym-opening-hunter,corridor-hold,125,Defeat,21,0,20,360,83,345,3,46,-1,,0,57,1,3173349864
gym-opening-hunter,corridor-hold,126,Defeat,15,0,15,272,57,0,4,82,12,2:12,0,40,1,148799545
gym-opening-hunter,corridor-hold,127,Defeat,21,0,20,384,89,510,1,41,13,3:13|2:7,0,30,0,2607792862
gym-opening-hunter,corridor-hold,128,Defeat,21,0,20,416,112,655,1,34,7,3:7,0,15,0,3331796163
gym-opening-hunter,corridor-hold,129,Victory,16,0,16,432,110,785,0,25,7,3:7|1:7,0,14,0,66497292
gym-opening-hunter,corridor-hold,130,Defeat,21,0,20,504,170,824,1,30,7,3:7,0,28,0,2105422765
gym-opening-hunter,corridor-hold,131,Defeat,21,0,20,528,156,861,1,10,2,1:2|3:13,0,26,1,2835622623
gym-opening-hunter,corridor-hold,132,Victory,16,0,16,344,69,665,0,34,7,2:7,0,19,0,755833779
gym-opening-hunter,corridor-hold,133,Defeat,21,0,20,456,125,605,1,24,12,1:12,0,23,1,3927141522
gym-opening-hunter,corridor-hold,134,Defeat,21,0,20,472,137,665,2,20,2,1:2|2:12,0,38,1,3896642680
gym-opening-hunter,corridor-hold,135,Defeat,21,0,20,520,145,869,1,29,2,1:2,0,34,1,2937151844
gym-opening-hunter,corridor-hold,136,Defeat,21,0,20,408,124,575,1,35,7,3:7,0,14,1,2681303781
gym-opening-hunter,corridor-hold,137,Defeat,21,0,20,424,145,735,1,20,-1,,0,15,1,685890841
gym-opening-hunter,corridor-hold,138,Victory,17,0,17,432,108,560,0,25,2,1:2|2:2|3:7,0,25,0,360367001
gym-opening-hunter,corridor-hold,139,Victory,14,0,14,344,94,635,0,27,7,2:7|3:2,0,16,0,3705233935
gym-opening-hunter,corridor-hold,140,Defeat,21,0,20,512,199,891,1,15,2,1:2|2:7,0,20,0,2780306582
gym-opening-hunter,corridor-hold,141,Defeat,21,0,20,400,110,660,1,40,12,2:12,0,22,0,691069762
gym-opening-hunter,corridor-hold,142,Defeat,21,0,20,504,157,891,1,17,2,2:2|3:2|1:2,0,12,1,1201279334
gym-opening-hunter,corridor-hold,143,Defeat,21,0,20,408,118,660,1,23,7,3:7|2:7,0,17,0,3601260593
gym-opening-hunter,corridor-hold,144,Defeat,21,0,20,456,134,635,1,15,7,2:7|3:2,0,27,0,2545294151
gym-opening-hunter,corridor-hold,145,Defeat,21,0,20,520,124,893,1,29,7,2:7|1:2|3:12,0,25,0,1809210280
gym-opening-hunter,corridor-hold,146,Defeat,21,0,20,400,102,315,3,50,2,2:2|3:12,0,51,0,2045892302
gym-opening-hunter,corridor-hold,147,Victory,20,0,20,448,102,710,0,28,7,1:7|2:2|3:12,0,25,0,1603110436
gym-opening-hunter,corridor-hold,148,Victory,18,0,18,472,123,925,0,30,7,2:7|1:2|3:2,0,28,0,3748669606
gym-opening-hunter,corridor-hold,149,Defeat,21,0,20,456,117,710,3,28,12,2:12,0,34,1,2947505050
gym-opening-hunter,corridor-hold,150,Defeat,21,0,20,424,104,735,3,22,-1,,0,34,1,2964206969
gym-opening-hunter,corridor-hold,151,Defeat,21,0,20,360,109,375,3,46,2,2:2,0,50,1,4138758096
gym-opening-hunter,corridor-hold,152,Defeat,21,0,20,472,128,685,2,25,2,1:2|3:8|2:2,0,35,0,1857628698
gym-opening-hunter,corridor-hold,153,Defeat,21,0,20,424,116,645,1,33,13,3:13,0,38,0,2503870410
gym-opening-hunter,corridor-hold,154,Victory,10,0,10,256,42,806,0,46,8,3:8,0,10,0,991003074
gym-opening-hunter,corridor-hold,155,Defeat,21,0,20,304,71,358,2,50,2,2:2,0,21,1,3065880561
gym-opening-hunter,corridor-hold,156,Defeat,21,0,20,384,105,225,3,52,8,3:8|2:2,0,51,0,3788478304
gym-opening-hunter,corridor-hold,157,Defeat,21,0,20,528,125,955,2,27,13,3:13,0,33,1,1717340109
gym-opening-hunter,corridor-hold,158,Defeat,21,0,20,392,94,670,2,44,2,2:2|3:13,0,48,0,2828430008
gym-opening-hunter,corridor-hold,159,Defeat,21,0,20,496,149,535,2,29,12,3:12|1:2|2:2,0,40,0,1516104937
gym-opening-hunter,corridor-hold,160,Defeat,21,0,20,520,176,873,1,18,8,3:8|2:8|1:7,0,18,0,1058644066
gym-opening-hunter,corridor-hold,161,Defeat,16,0,16,264,53,0,3,84,2,2:2,0,33,0,3546749987
gym-opening-hunter,corridor-hold,162,Defeat,21,0,20,512,151,905,1,20,2,1:2|2:7|3:2,0,13,0,873743989
gym-opening-hunter,corridor-hold,163,Defeat,21,0,20,464,139,695,1,22,7,2:7|3:7,0,32,0,448510411
gym-opening-hunter,corridor-hold,164,Defeat,21,0,20,416,122,645,1,42,2,2:2|3:12,0,27,1,4222160864
gym-opening-hunter,corridor-hold,165,Defeat,21,0,20,448,139,575,2,28,2,2:2|1:2|3:7,0,41,1,1650854602
gym-opening-hunter,corridor-hold,166,Victory,18,0,18,368,71,540,0,60,7,2:7,0,26,0,2546108229
gym-opening-hunter,corridor-hold,167,Defeat,21,0,20,424,96,640,1,26,2,3:2,0,32,1,73323039
gym-opening-hunter,corridor-hold,168,Defeat,21,0,20,528,125,891,2,42,13,2:13|3:12,0,42,1,1629315583
gym-opening-hunter,corridor-hold,169,Defeat,18,0,18,312,60,0,3,64,7,3:7,0,46,0,4043849891
gym-opening-hunter,corridor-hold,170,Victory,13,0,13,296,73,485,0,48,13,3:13,0,25,0,1966547860
gym-opening-hunter,corridor-hold,171,Defeat,21,0,20,424,121,710,2,22,2,3:2,0,19,1,3273436678
gym-opening-hunter,corridor-hold,172,Defeat,21,0,20,520,164,895,1,30,2,3:2|1:7,0,23,0,3004835498
gym-opening-hunter,corridor-hold,173,Victory,19,0,19,504,150,903,0,17,2,1:2|3:12|2:7,0,21,0,1458109648
gym-opening-hunter,corridor-hold,174,Defeat,21,0,20,472,137,735,2,33,2,1:2|3:13|2:2,0,35,1,850523837
gym-opening-hunter,corridor-hold,175,Victory,14,0,14,360,89,850,0,26,7,3:7,0,13,0,246536765
gym-opening-hunter,corridor-hold,176,Victory,19,0,19,504,146,923,0,17,8,2:8|3:7,0,22,0,2132247282
gym-opening-hunter,corridor-hold,177,Defeat,21,0,20,520,163,945,2,16,2,1:2|3:8|2:8,0,29,0,3087379180
gym-opening-hunter,corridor-hold,178,Defeat,21,0,20,480,121,535,3,38,2,1:2|2:7,0,47,0,3628801403
gym-opening-hunter,corridor-hold,179,Defeat,21,0,20,520,149,955,1,23,2,1:2|3:7|2:7,0,31,0,654114016
gym-opening-hunter,corridor-hold,180,Defeat,21,0,20,440,119,605,1,27,7,3:7|2:7,0,32,0,1384589259
gym-opening-hunter,corridor-hold,181,Defeat,21,0,20,528,159,804,1,19,2,1:2,0,29,1,1888601275
gym-opening-hunter,corridor-hold,182,Defeat,21,0,20,528,201,892,1,21,2,3:2|1:7,0,11,1,2889990898
gym-opening-hunter,corridor-hold,183,Defeat,21,0,20,536,189,923,1,19,2,1:2|3:2,0,13,1,3231421813
gym-opening-hunter,corridor-hold,184,Victory,17,0,17,456,130,827,0,19,2,3:2|1:7,0,12,0,1822945220
gym-opening-hunter,corridor-hold,185,Defeat,21,0,20,536,190,925,1,17,-1,,0,15,1,1337248268
gym-opening-hunter,corridor-hold,186,Defeat,21,0,20,528,142,823,1,28,2,1:2|2:2,0,27,1,525424727
gym-opening-hunter,corridor-hold,187,Defeat,21,0,20,528,146,955,2,13,2,1:2|2:2|3:7,0,23,1,3532714352
gym-opening-hunter,corridor-hold,188,Defeat,21,0,20,408,119,630,1,19,12,2:12,0,24,1,2120409737
gym-opening-hunter,corridor-hold,189,Defeat,21,0,20,464,133,685,2,20,2,1:2|3:2,0,39,0,2010423588
gym-opening-hunter,corridor-hold,190,Defeat,21,0,20,520,158,893,1,18,7,1:7,0,22,0,857413732
gym-opening-hunter,corridor-hold,191,Defeat,21,0,20,512,172,891,1,15,2,1:2,0,24,1,1217303186
gym-opening-hunter,corridor-hold,192,Defeat,21,0,20,456,122,665,1,26,13,1:13|3:8,0,18,0,3404557488
gym-opening-hunter,corridor-hold,193,Defeat,21,0,20,520,166,891,1,21,2,1:2|3:2|2:2,0,18,0,1177686877
gym-opening-hunter,corridor-hold,194,Defeat,21,0,20,528,165,787,1,22,7,1:7|2:7,0,17,0,1694524147
gym-opening-hunter,corridor-hold,195,Victory,17,0,17,360,87,595,0,26,2,3:2,0,18,0,2410032527
gym-opening-hunter,corridor-hold,196,Defeat,21,0,20,408,119,435,2,27,8,2:8|3:8,0,35,0,3860152818
gym-opening-hunter,corridor-hold,197,Defeat,21,0,20,464,124,720,3,27,2,1:2,0,35,1,3127160083
gym-opening-hunter,corridor-hold,198,Defeat,21,0,20,424,137,575,1,32,2,2:2|3:2,0,26,1,2900857054
gym-opening-hunter,corridor-hold,199,Defeat,21,0,20,336,87,435,2,35,13,3:13|2:7,0,43,0,1571933965
gym-opening-hunter,corridor-hold,200,Victory,18,0,18,480,137,903,0,15,2,1:2|2:2,0,15,0,3390690356
gym-opening-hunter,tpa-order,1,Victory,19,0,19,432,99,685,0,18,2,1:2|2:2,0,23,0,910002776
gym-opening-hunter,tpa-order,2,Defeat,21,0,20,448,115,705,2,21,2,1:2|3:2|2:7,0,29,0,4268910613
gym-opening-hunter,tpa-order,3,Defeat,21,0,20,424,115,735,2,28,8,3:8|2:7,0,29,0,2225414516
gym-opening-hunter,tpa-order,4,Defeat,21,0,20,496,140,735,2,20,2,1:2|2:2|3:12,0,33,0,4014259545
gym-opening-hunter,tpa-order,5,Defeat,19,0,19,336,87,0,3,61,2,2:2,0,47,0,1452838211
gym-opening-hunter,tpa-order,6,Defeat,21,0,20,472,129,395,1,35,2,1:2|2:7,0,36,0,2540191543
gym-opening-hunter,tpa-order,7,Defeat,21,0,20,408,81,530,1,47,8,2:8|3:2,0,43,0,1376398523
gym-opening-hunter,tpa-order,8,Defeat,16,0,16,272,52,0,3,70,8,3:8,0,45,0,257378077
gym-opening-hunter,tpa-order,9,Victory,17,0,17,448,100,863,0,26,12,1:12|2:7|3:7,0,18,0,1538271220
gym-opening-hunter,tpa-order,10,Defeat,21,0,20,480,108,718,1,16,7,1:7|3:7|2:12,0,22,0,2902982105
gym-opening-hunter,tpa-order,11,Victory,19,0,19,464,116,735,0,27,2,1:2|3:13|2:2,0,25,0,1089338403
gym-opening-hunter,tpa-order,12,Defeat,21,0,20,416,112,575,1,30,2,2:2|3:12,0,34,0,58922024
gym-opening-hunter,tpa-order,13,Defeat,21,0,20,328,77,435,3,31,2,3:2,0,41,1,1018171551
gym-opening-hunter,tpa-order,14,Defeat,21,0,20,424,115,665,1,24,7,3:7|2:7,0,27,0,3304507915
gym-opening-hunter,tpa-order,15,Defeat,21,0,20,448,142,735,1,14,12,3:12,0,31,0,285424196
gym-opening-hunter,tpa-order,16,Victory,18,0,18,400,96,645,0,34,7,3:7|2:7,0,29,0,3397830222
gym-opening-hunter,tpa-order,17,Defeat,21,0,20,376,104,435,3,36,2,2:2|3:13,0,48,0,2830341633
gym-opening-hunter,tpa-order,18,Defeat,21,0,20,536,197,955,1,19,8,3:8,0,12,1,1925356366
gym-opening-hunter,tpa-order,19,Victory,18,0,18,488,107,754,0,22,13,1:13|2:7|3:8,0,24,0,2396337017
gym-opening-hunter,tpa-order,20,Defeat,21,0,20,528,155,913,1,12,2,1:2|3:2|2:2,0,22,0,4042117896
gym-opening-hunter,tpa-order,21,Defeat,21,0,20,408,117,435,2,35,2,2:2|3:12,0,41,0,3732636551
gym-opening-hunter,tpa-order,22,Defeat,21,0,20,376,87,435,2,36,2,2:2,0,33,1,1672537302
gym-opening-hunter,tpa-order,23,Victory,18,0,18,456,164,765,0,17,2,2:2|1:2,0,14,0,4106333377
gym-opening-hunter,tpa-order,24,Defeat,21,0,20,472,152,735,1,22,7,1:7,0,14,0,4244164938
gym-opening-hunter,tpa-order,25,Defeat,21,0,20,448,161,695,1,16,7,1:7,0,15,1,4154567446
gym-opening-hunter,tpa-order,26,Defeat,21,0,20,504,155,852,1,15,7,3:7|1:7,0,16,1,4075908706
gym-opening-hunter,tpa-order,27,Defeat,21,0,20,528,184,902,1,21,2,1:2|3:7,0,9,1,2972459989
gym-opening-hunter,tpa-order,28,Defeat,21,0,20,408,129,655,1,31,-1,,0,31,1,1388005185
gym-opening-hunter,tpa-order,29,Defeat,21,0,20,464,133,435,1,29,2,1:2|3:12|2:7,0,42,0,3591152126
gym-opening-hunter,tpa-order,30,Defeat,21,0,20,408,96,645,1,31,2,2:2|3:2,0,42,0,3024634379
gym-opening-hunter,tpa-order,31,Victory,20,0,20,408,96,610,0,41,8,3:8|2:7,0,31,0,746792758
gym-opening-hunter,tpa-order,32,Defeat,21,0,20,432,123,735,1,14,7,2:7,0,20,1,2859215754
gym-opening-hunter,tpa-order,33,Defeat,21,0,20,520,150,735,1,15,7,2:7|1:2|3:7,0,18,1,3319302701
gym-opening-hunter,tpa-order,34,Defeat,21,0,20,448,131,620,1,30,2,1:2|3:8,0,35,0,417737637
gym-opening-hunter,tpa-order,35,Defeat,21,0,20,528,162,903,1,19,2,1:2|2:7,0,27,0,4191279449
gym-opening-hunter,tpa-order,36,Victory,13,0,13,360,77,859,0,24,2,1:2|3:7,0,24,0,677140799
gym-opening-hunter,tpa-order,37,Defeat,21,0,20,360,94,255,2,53,12,3:12|2:2,0,38,0,3156969922
gym-opening-hunter,tpa-order,38,Defeat,21,0,20,528,137,870,1,22,2,1:2|3:12,0,25,0,1547872795
gym-opening-hunter,tpa-order,39,Victory,20,0,20,504,118,735,0,26,2,1:2|2:2,0,24,0,3414621662
gym-opening-hunter,tpa-order,40,Defeat,21,0,20,336,64,15,1,57,12,3:12|2:2,0,45,0,1443303222
gym-opening-hunter,tpa-order,41,Defeat,21,0,20,528,195,893,1,13,2,1:2|3:8,0,15,1,3654201908
gym-opening-hunter,tpa-order,42,Defeat,21,0,20,424,122,655,1,22,13,3:13|2:2,0,24,0,1064875831
gym-opening-hunter,tpa-order,43,Defeat,21,0,20,384,80,285,4,52,12,3:12|2:2,0,58,0,1035242913
gym-opening-hunter,tpa-order,44,Defeat,21,0,20,344,73,165,3,53,8,3:8|2:8,0,47,0,91748021
gym-opening-hunter,tpa-order,45,Defeat,21,0,20,480,121,635,1,23,2,1:2|2:8|3:2,0,32,0,845014922
gym-opening-hunter,tpa-order,46,Defeat,21,0,20,512,183,904,1,14,7,2:7,0,16,0,1360713977
gym-opening-hunter,tpa-order,47,Defeat,21,0,20,432,123,685,1,20,2,2:2|3:12,0,27,1,2359976913
gym-opening-hunter,tpa-order,48,Defeat,21,0,20,456,145,665,2,26,7,2:7|3:13,0,51,0,2627514543
gym-opening-hunter,tpa-order,49,Defeat,21,0,20,432,150,670,1,20,2,2:2|1:7|3:2,0,26,0,2192713227
gym-opening-hunter,tpa-order,50,Victory,16,0,16,448,152,881,0,19,2,1:2,0,18,0,1232185313
gym-opening-hunter,tpa-order,51,Defeat,21,0,20,344,93,315,3,41,12,1:12|2:2,0,44,0,1556841477
gym-opening-hunter,tpa-order,52,Defeat,21,0,20,368,96,313,3,52,2,2:2,0,51,1,3425137032
gym-opening-hunter,tpa-order,53,Defeat,21,0,20,440,151,665,1,29,2,2:2,0,18,0,1615973741
gym-opening-hunter,tpa-order,54,Defeat,21,0,20,416,114,665,2,50,2,2:2,0,44,0,2624048644
gym-opening-hunter,tpa-order,55,Victory,16,0,16,352,82,575,0,34,7,3:7|2:8,0,20,0,1446046902
gym-opening-hunter,tpa-order,56,Victory,18,0,18,472,125,825,0,16,8,3:8|1:13|2:8,0,25,0,1693177786
gym-opening-hunter,tpa-order,57,Defeat,21,0,20,432,135,630,1,29,7,2:7|3:7,0,17,0,2211161671
gym-opening-hunter,tpa-order,58,Defeat,21,0,20,328,85,345,2,39,12,3:12,0,40,1,1781282550
gym-opening-hunter,tpa-order,59,Defeat,21,0,20,480,127,710,1,21,2,1:2|2:2,0,25,1,488889697
gym-opening-hunter,tpa-order,60,Defeat,21,0,20,512,142,913,1,20,7,3:7|1:13|2:7,0,28,0,1889874320
gym-opening-hunter,tpa-order,61,Victory,19,0,19,496,152,876,0,20,7,2:7,0,11,0,667226157
gym-opening-hunter,tpa-order,62,Defeat,21,0,20,520,196,891,1,16,2,1:2|2:2|3:7,0,17,0,2252370773
gym-opening-hunter,tpa-order,63,Victory,14,0,14,448,149,1045,0,19,12,2:12|3:7|4:7,0,10,0,286295577
gym-opening-hunter,tpa-order,64,Defeat,21,0,20,456,140,660,1,21,8,3:8,0,18,0,3302617755
gym-opening-hunter,tpa-order,65,Defeat,21,0,20,408,104,645,1,37,-1,,0,25,0,631775470
gym-opening-hunter,tpa-order,66,Defeat,21,0,20,328,87,345,1,39,-1,,0,34,1,3230577018
gym-opening-hunter,tpa-order,67,Defeat,21,0,20,432,125,690,1,22,12,3:12,0,26,0,1111707902
gym-opening-hunter,tpa-order,68,Victory,20,0,20,408,101,605,0,31,2,3:2|2:7,0,25,0,1021057486
gym-opening-hunter,tpa-order,69,Defeat,21,0,20,408,102,435,3,56,-1,,0,52,1,3685183463
gym-opening-hunter,tpa-order,70,Defeat,21,0,20,400,134,655,1,24,2,2:2|3:13,0,19,1,812541332
gym-opening-hunter,tpa-order,71,Defeat,21,0,20,408,94,615,1,25,2,3:2,0,29,1,1167473832
gym-opening-hunter,tpa-order,72,Defeat,21,0,20,528,215,892,1,16,2,2:2|3:7,0,10,1,1819019102
gym-opening-hunter,tpa-order,73,Defeat,21,0,20,400,91,645,1,30,13,3:13,0,22,1,386023743
gym-opening-hunter,tpa-order,74,Defeat,21,0,20,392,125,660,1,28,-1,,0,22,1,867631401
gym-opening-hunter,tpa-order,75,Defeat,21,0,20,416,136,165,2,34,13,1:13,0,50,0,2554496960
gym-opening-hunter,tpa-order,76,Defeat,21,0,20,520,178,904,1,24,2,2:2|1:7,0,18,0,2299404616
gym-opening-hunter,tpa-order,77,Defeat,18,0,18,336,98,0,2,47,7,2:7,0,28,0,2371436999
gym-opening-hunter,tpa-order,78,Defeat,21,0,20,408,83,698,1,37,-1,,0,29,1,2925466446
gym-opening-hunter,tpa-order,79,Victory,20,0,20,440,116,685,0,41,7,2:7|3:8,0,18,0,1662976144
gym-opening-hunter,tpa-order,80,Defeat,21,0,20,384,102,240,2,33,12,3:12,0,38,1,2619080806
gym-opening-hunter,tpa-order,81,Victory,17,0,17,456,117,891,0,28,2,1:2|3:2,0,20,0,2167094179
gym-opening-hunter,tpa-order,82,Defeat,21,0,20,528,165,894,1,27,2,1:2|3:8,0,30,0,3731738926
gym-opening-hunter,tpa-order,83,Victory,18,0,18,392,83,610,0,40,7,3:7,0,13,0,725550795
gym-opening-hunter,tpa-order,84,Defeat,18,0,18,280,68,0,3,74,12,3:12|2:2,0,38,0,4000263828
gym-opening-hunter,tpa-order,85,Defeat,21,0,20,424,120,610,2,28,8,3:8|2:7,0,50,0,3197049884
gym-opening-hunter,tpa-order,86,Defeat,21,0,20,408,117,435,2,19,13,3:13,0,38,0,4166777757
gym-opening-hunter,tpa-order,87,Defeat,21,0,20,416,95,580,1,34,2,2:2|3:8,0,16,0,3051909455
gym-opening-hunter,tpa-order,88,Defeat,21,0,20,512,191,851,1,14,13,3:13|1:8,0,7,1,1281743216
gym-opening-hunter,tpa-order,89,Defeat,21,0,20,320,87,435,2,27,13,3:13|2:2,0,23,1,241084269
gym-opening-hunter,tpa-order,90,Defeat,21,0,20,528,186,904,1,16,2,1:2|3:7,0,14,0,1054157715
gym-opening-hunter,tpa-order,91,Victory,17,0,17,384,86,585,0,50,13,3:13|2:12,0,29,0,3626676676
gym-opening-hunter,tpa-order,92,Defeat,21,0,20,424,127,460,2,26,13,3:13|2:7,0,30,0,783428401
gym-opening-hunter,tpa-order,93,Defeat,21,0,20,416,111,435,3,38,2,3:2,0,44,1,946800244
gym-opening-hunter,tpa-order,94,Defeat,21,0,20,528,196,891,1,10,2,3:2|1:2,0,21,1,2251379199
gym-opening-hunter,tpa-order,95,Victory,11,0,11,304,59,891,0,26,7,2:7|1:2,0,11,0,1788805290
gym-opening-hunter,tpa-order,96,Defeat,21,0,20,456,142,735,2,21,2,1:2|3:13,0,30,1,578059524
gym-opening-hunter,tpa-order,97,Defeat,21,0,20,528,184,891,1,10,-1,,0,21,1,2676281852
gym-opening-hunter,tpa-order,98,Victory,19,0,19,480,115,685,0,30,2,2:2|1:2|3:7,0,41,0,1189928586
gym-opening-hunter,tpa-order,99,Defeat,21,0,20,464,120,675,1,25,2,2:2|3:8|1:12,0,34,0,142405105
gym-opening-hunter,tpa-order,100,Defeat,21,0,20,392,92,665,3,40,8,3:8|2:2,0,58,0,1885574480
gym-opening-hunter,tpa-order,101,Defeat,21,0,20,384,91,605,1,33,7,3:7|2:2,0,37,0,3218856799
gym-opening-hunter,tpa-order,102,Defeat,21,0,20,456,87,625,1,33,2,3:2|2:7,0,25,0,1594573582
gym-opening-hunter,tpa-order,103,Defeat,21,0,20,440,93,685,1,32,7,2:7|3:2,0,33,0,4293742156
gym-opening-hunter,tpa-order,104,Defeat,21,0,20,360,80,105,1,53,2,2:2,0,40,0,82344304
gym-opening-hunter,tpa-order,105,Victory,17,0,17,432,90,865,0,31,7,3:7|1:2|2:7,0,26,0,2985183243
gym-opening-hunter,tpa-order,106,Defeat,21,0,20,504,127,735,3,49,7,1:7|2:7|3:12,0,47,0,3288475883
gym-opening-hunter,tpa-order,107,Defeat,21,0,20,528,165,893,1,24,7,1:7|3:8,0,30,0,3304016634
gym-opening-hunter,tpa-order,108,Defeat,21,0,20,312,67,285,2,64,-1,,0,38,1,2082535608
gym-opening-hunter,tpa-order,109,Victory,18,0,18,368,94,615,0,36,8,2:8|3:7,0,15,0,4029113647
gym-opening-hunter,tpa-order,110,Defeat,21,0,20,456,122,660,1,24,13,1:13|2:2,0,23,1,3877559403
gym-opening-hunter,tpa-order,111,Defeat,21,0,20,528,206,807,1,15,7,3:7|1:2|2:8,0,20,0,4257494785
gym-opening-hunter,tpa-order,112,Defeat,21,0,20,304,77,298,1,44,12,2:12,0,25,1,4147576964
gym-opening-hunter,tpa-order,113,Defeat,21,0,20,424,126,645,1,35,12,3:12|2:2,0,30,1,3846826081
gym-opening-hunter,tpa-order,114,Defeat,21,0,20,408,139,615,1,25,2,3:2|2:8,0,24,0,353697327
gym-opening-hunter,tpa-order,115,Defeat,21,0,20,408,117,645,1,23,12,3:12|2:2,0,26,0,581178529
gym-opening-hunter,tpa-order,116,Victory,19,0,19,480,134,841,0,26,12,1:12,0,21,0,3533394564
gym-opening-hunter,tpa-order,117,Defeat,21,0,20,360,99,270,3,40,13,3:13|2:7,0,41,0,3545656728
gym-opening-hunter,tpa-order,118,Victory,20,0,20,528,146,826,0,25,7,2:7|1:2|3:8,0,25,0,49670825
gym-opening-hunter,tpa-order,119,Defeat,20,0,20,304,74,0,3,65,13,3:13|2:2,0,53,1,333738318
gym-opening-hunter,tpa-order,120,Victory,19,0,19,504,157,848,0,25,7,2:7|3:7,0,11,0,3132652566
gym-opening-hunter,tpa-order,121,Defeat,21,0,20,416,108,640,1,23,2,3:2|2:2,0,22,1,2005776750
gym-opening-hunter,tpa-order,122,Defeat,21,0,20,352,74,405,3,36,12,3:12|2:2,0,40,1,3306087269
gym-opening-hunter,tpa-order,123,Defeat,21,0,20,408,133,650,1,19,2,2:2,0,23,0,585214740
gym-opening-hunter,tpa-order,124,Defeat,21,0,20,520,196,903,1,15,2,1:2,0,17,1,2814475762
gym-opening-hunter,tpa-order,125,Defeat,21,0,20,400,90,435,1,38,13,3:13,0,50,1,1260649042
gym-opening-hunter,tpa-order,126,Defeat,16,0,16,280,57,0,3,82,12,2:12,0,42,1,2447867170
gym-opening-hunter,tpa-order,127,Defeat,21,0,20,384,89,510,1,41,13,3:13|2:7,0,30,0,2607792862
gym-opening-hunter,tpa-order,128,Victory,20,0,20,520,140,810,0,23,2,1:2|3:7,0,12,0,4163554028
gym-opening-hunter,tpa-order,129,Victory,15,0,15,408,82,833,0,31,7,2:7|1:7,0,13,0,991043966
gym-opening-hunter,tpa-order,130,Defeat,21,0,20,504,170,824,1,30,7,3:7,0,28,0,2105422765
gym-opening-hunter,tpa-order,131,Defeat,21,0,20,528,156,861,1,10,2,1:2|3:13,0,26,1,2835622623
gym-opening-hunter,tpa-order,132,Victory,16,0,16,344,69,665,0,34,7,2:7,0,19,0,755833779
gym-opening-hunter,tpa-order,133,Defeat,21,0,20,456,120,600,1,24,12,1:12|2:7,0,25,1,3207331208
gym-opening-hunter,tpa-order,134,Defeat,21,0,20,456,113,640,1,26,2,1:2|3:13,0,30,1,584487636
gym-opening-hunter,tpa-order,135,Defeat,21,0,20,520,145,869,1,29,2,1:2,0,34,1,2937151844
gym-opening-hunter,tpa-order,136,Defeat,21,0,20,416,113,675,1,21,12,3:12|2:7,0,6,0,2814053831
gym-opening-hunter,tpa-order,137,Defeat,21,0,20,424,145,735,1,20,-1,,0,15,1,685890841
gym-opening-hunter,tpa-order,138,Victory,17,0,17,432,108,560,0,25,2,1:2|2:2|3:7,0,25,0,360367001
gym-opening-hunter,tpa-order,139,Victory,14,0,14,344,94,635,0,27,7,2:7|3:2,0,16,0,3705233935
gym-opening-hunter,tpa-order,140,Defeat,21,0,20,512,199,891,1,15,2,1:2|2:7,0,20,0,2780306582
gym-opening-hunter,tpa-order,141,Defeat,21,0,20,400,132,645,1,30,13,2:13|3:8,0,17,1,2117845238
gym-opening-hunter,tpa-order,142,Defeat,21,0,20,504,157,891,1,17,2,2:2|3:2|1:2,0,12,1,1201279334
gym-opening-hunter,tpa-order,143,Defeat,21,0,20,408,118,660,1,23,7,3:7|2:7,0,17,0,3601260593
gym-opening-hunter,tpa-order,144,Defeat,21,0,20,456,134,635,1,15,7,2:7|3:2,0,27,0,2545294151
gym-opening-hunter,tpa-order,145,Defeat,21,0,20,520,124,893,1,29,7,2:7|1:2|3:12,0,25,0,1809210280
gym-opening-hunter,tpa-order,146,Victory,16,0,16,376,81,640,0,42,2,2:2,0,26,0,986730278
gym-opening-hunter,tpa-order,147,Victory,20,0,20,448,102,710,0,28,7,1:7|2:2|3:12,0,25,0,1603110436
gym-opening-hunter,tpa-order,148,Victory,18,0,18,472,123,925,0,30,7,2:7|1:2|3:2,0,28,0,3748669606
gym-opening-hunter,tpa-order,149,Defeat,21,0,20,528,161,871,1,21,2,1:2|2:7,0,13,0,3716175816
gym-opening-hunter,tpa-order,150,Defeat,21,0,20,520,182,735,1,20,2,1:2|3:8,0,15,0,4165954135
gym-opening-hunter,tpa-order,151,Defeat,21,0,20,360,102,180,3,53,-1,,0,46,1,1161495290
gym-opening-hunter,tpa-order,152,Defeat,21,0,20,472,128,685,2,25,2,1:2|3:8|2:2,0,35,0,1857628698
gym-opening-hunter,tpa-order,153,Defeat,21,0,20,424,116,645,1,33,13,3:13,0,38,0,2503870410
gym-opening-hunter,tpa-order,154,Victory,10,0,10,256,42,806,0,46,8,3:8,0,10,0,991003074
gym-opening-hunter,tpa-order,155,Defeat,21,0,20,392,129,650,1,32,12,2:12|3:8,0,10,0,1218568499
gym-opening-hunter,tpa-order,156,Defeat,21,0,20,384,105,225,3,52,8,3:8|2:2,0,51,0,3788478304
gym-opening-hunter,tpa-order,157,Defeat,21,0,20,528,125,955,2,27,13,3:13,0,33,1,1717340109
gym-opening-hunter,tpa-order,158,Defeat,21,0,20,360,94,330,2,53,2,2:2|3:12,0,39,0,4005166616
gym-opening-hunter,tpa-order,159,Defeat,21,0,20,496,149,535,2,29,12,3:12|1:2|2:2,0,40,0,1516104937
gym-opening-hunter,tpa-order,160,Defeat,21,0,20,464,138,610,1,22,2,1:2|3:8|2:2,0,27,0,3538677165
gym-opening-hunter,tpa-order,161,Defeat,21,0,20,304,61,255,2,60,2,2:2,0,28,1,4059620365
gym-opening-hunter,tpa-order,162,Defeat,21,0,20,512,151,905,1,20,2,1:2|2:7|3:2,0,13,0,873743989
gym-opening-hunter,tpa-order,163,Defeat,21,0,20,528,171,904,1,18,7,2:7,0,34,0,406127248
gym-opening-hunter,tpa-order,164,Defeat,21,0,20,336,81,435,2,38,2,2:2,0,26,1,4089125033
gym-opening-hunter,tpa-order,165,Defeat,21,0,20,448,139,575,2,28,2,2:2|1:2|3:7,0,41,1,1650854602
gym-opening-hunter,tpa-order,166,Defeat,21,0,20,400,105,600,1,56,-1,,0,31,1,2956061988
gym-opening-hunter,tpa-order,167,Defeat,21,0,20,424,96,640,1,26,2,3:2,0,32,1,73323039
gym-opening-hunter,tpa-order,168,Defeat,21,0,20,472,124,645,1,40,8,2:8,0,26,1,3168997657
gym-opening-hunter,tpa-order,169,Defeat,18,0,18,312,60,0,2,64,7,3:7,0,45,0,161845506
gym-opening-hunter,tpa-order,170,Victory,13,0,13,312,88,635,0,38,8,3:8,0,20,0,4147949701
gym-opening-hunter,tpa-order,171,Defeat,21,0,20,424,121,710,2,22,2,3:2,0,19,1,3273436678
gym-opening-hunter,tpa-order,172,Defeat,21,0,20,520,164,895,1,30,2,3:2|1:7,0,23,0,3004835498
gym-opening-hunter,tpa-order,173,Victory,19,0,19,504,150,903,0,17,2,1:2|3:12|2:7,0,21,0,1458109648
gym-opening-hunter,tpa-order,174,Defeat,21,0,20,472,137,735,2,33,2,1:2|3:13|2:2,0,35,1,850523837
gym-opening-hunter,tpa-order,175,Victory,14,0,14,360,89,850,0,26,7,3:7,0,13,0,246536765
gym-opening-hunter,tpa-order,176,Victory,19,0,19,504,146,923,0,17,8,2:8|3:7,0,22,0,2132247282
gym-opening-hunter,tpa-order,177,Defeat,21,0,20,520,163,945,2,16,2,1:2|3:8|2:8,0,29,0,3087379180
gym-opening-hunter,tpa-order,178,Defeat,21,0,20,480,121,535,3,38,2,1:2|2:7,0,47,0,3628801403
gym-opening-hunter,tpa-order,179,Defeat,21,0,20,520,141,891,1,20,7,2:7|1:12,0,29,0,2411668834
gym-opening-hunter,tpa-order,180,Defeat,21,0,20,440,119,605,1,27,7,3:7|2:7,0,32,0,1384589259
gym-opening-hunter,tpa-order,181,Defeat,21,0,20,528,159,804,1,19,2,1:2,0,29,1,1888601275
gym-opening-hunter,tpa-order,182,Defeat,21,0,20,528,201,892,1,21,2,3:2|1:7,0,11,1,2889990898
gym-opening-hunter,tpa-order,183,Defeat,21,0,20,536,189,923,1,19,2,1:2|3:2,0,13,1,3231421813
gym-opening-hunter,tpa-order,184,Victory,17,0,17,456,130,827,0,19,2,3:2|1:7,0,12,0,1822945220
gym-opening-hunter,tpa-order,185,Defeat,21,0,20,472,146,715,1,22,7,3:7,0,19,0,1140331693
gym-opening-hunter,tpa-order,186,Defeat,21,0,20,528,142,823,1,28,2,1:2|2:2,0,27,1,525424727
gym-opening-hunter,tpa-order,187,Defeat,21,0,20,528,146,955,2,13,2,1:2|2:2|3:7,0,23,1,845045818
gym-opening-hunter,tpa-order,188,Defeat,21,0,20,408,119,630,1,19,12,2:12,0,24,1,2120409737
gym-opening-hunter,tpa-order,189,Victory,20,0,20,464,137,595,0,22,2,1:2|3:8,0,31,0,628595611
gym-opening-hunter,tpa-order,190,Defeat,21,0,20,520,158,893,1,18,7,1:7,0,22,0,857413732
gym-opening-hunter,tpa-order,191,Defeat,21,0,20,520,208,895,1,18,-1,,0,25,1,3462706078
gym-opening-hunter,tpa-order,192,Defeat,21,0,20,456,122,665,1,26,13,1:13|3:8,0,18,0,3404557488
gym-opening-hunter,tpa-order,193,Defeat,21,0,20,520,166,891,1,21,2,1:2|3:2|2:2,0,18,0,1177686877
gym-opening-hunter,tpa-order,194,Defeat,21,0,20,528,165,787,1,22,7,1:7|2:7,0,17,0,1694524147
gym-opening-hunter,tpa-order,195,Victory,17,0,17,360,87,595,0,26,2,3:2,0,18,0,2410032527
gym-opening-hunter,tpa-order,196,Defeat,21,0,20,408,119,435,2,27,8,2:8|3:8,0,35,0,3860152818
gym-opening-hunter,tpa-order,197,Defeat,21,0,20,464,137,650,1,22,2,1:2|2:2|3:7,0,22,1,2318109336
gym-opening-hunter,tpa-order,198,Defeat,21,0,20,424,129,495,1,33,2,2:2|3:2,0,26,1,750669444
gym-opening-hunter,tpa-order,199,Defeat,21,0,20,336,87,435,2,35,13,3:13|2:7,0,43,0,1571933965
gym-opening-hunter,tpa-order,200,Victory,18,0,18,480,138,903,0,15,2,1:2|2:2,0,15,0,3390690356
gym-opening-hunter,control-hold,1,Defeat,21,0,20,464,122,675,2,29,2,1:2|2:2|3:12,0,37,0,529049389
gym-opening-hunter,control-hold,2,Defeat,17,0,17,376,81,0,3,63,7,3:7|1:2,0,51,0,3731438614
gym-opening-hunter,control-hold,3,Defeat,21,0,20,432,107,470,1,53,12,3:12|1:2,0,37,0,3650199726
gym-opening-hunter,control-hold,4,Defeat,21,0,20,400,99,435,3,36,7,3:7,0,39,1,205927317
gym-opening-hunter,control-hold,5,Defeat,21,0,20,416,111,695,2,21,12,3:12,0,22,1,2982146620
gym-opening-hunter,control-hold,6,Defeat,21,0,20,432,113,385,1,50,-1,,0,33,0,379934865
gym-opening-hunter,control-hold,7,Defeat,19,0,19,352,61,0,4,63,13,3:13,0,48,1,1624825433
gym-opening-hunter,control-hold,8,Defeat,21,0,20,432,95,503,2,55,13,2:13|3:13,0,59,1,2351456393
gym-opening-hunter,control-hold,9,Defeat,21,0,20,520,109,634,2,38,2,3:2|2:8,0,41,0,3369817942
gym-opening-hunter,control-hold,10,Defeat,21,0,20,392,104,440,2,36,7,3:7,0,30,0,1607101315
gym-opening-hunter,control-hold,11,Defeat,21,0,20,424,119,525,2,39,2,3:2,0,28,1,2417542671
gym-opening-hunter,control-hold,12,Defeat,21,0,20,440,112,458,1,52,7,1:7|3:7,0,33,1,679393145
gym-opening-hunter,control-hold,13,Defeat,16,0,16,240,41,0,5,90,2,2:2,0,59,1,133539355
gym-opening-hunter,control-hold,14,Defeat,21,0,20,416,132,640,1,32,12,3:12|2:2,0,22,1,2761720166
gym-opening-hunter,control-hold,15,Defeat,21,0,20,424,109,595,1,32,2,3:2|2:2,0,26,1,1414851634
gym-opening-hunter,control-hold,16,Defeat,21,0,20,440,143,735,1,27,2,2:2|3:2,0,30,0,1453808917
gym-opening-hunter,control-hold,17,Defeat,18,0,18,312,70,0,4,76,-1,,0,43,1,1242263120
gym-opening-hunter,control-hold,18,Victory,20,0,20,408,107,550,0,35,7,3:7|2:7,0,15,0,156162067
gym-opening-hunter,control-hold,19,Defeat,21,0,20,344,84,135,1,37,12,3:12,0,31,0,1869623138
gym-opening-hunter,control-hold,20,Defeat,21,0,20,376,91,205,3,76,12,3:12,0,68,1,3433538379
gym-opening-hunter,control-hold,21,Defeat,21,0,20,504,153,857,1,28,-1,,0,21,1,2583690577
gym-opening-hunter,control-hold,22,Defeat,21,0,20,368,83,375,4,43,13,3:13|2:12,0,66,0,1758962350
gym-opening-hunter,control-hold,23,Defeat,21,0,20,512,198,915,1,15,2,3:2,0,14,1,2704824266
gym-opening-hunter,control-hold,24,Defeat,21,0,20,472,152,735,1,22,7,1:7,0,14,0,3592455651
gym-opening-hunter,control-hold,25,Defeat,21,0,20,400,97,675,3,24,12,3:12|2:7,0,38,0,538957393
gym-opening-hunter,control-hold,26,Defeat,21,0,20,448,119,456,1,44,2,3:2|1:2,0,29,1,4285780010
gym-opening-hunter,control-hold,27,Defeat,21,0,20,488,125,580,2,49,7,3:7|1:7,0,39,0,243030082
gym-opening-hunter,control-hold,28,Defeat,21,0,20,400,93,275,2,52,2,3:2,0,39,0,3845711656
gym-opening-hunter,control-hold,29,Defeat,21,0,20,448,94,645,2,33,12,3:12|2:7,0,32,0,2832974
gym-opening-hunter,control-hold,30,Defeat,21,0,20,320,52,120,2,62,2,2:2,0,41,0,3697120416
gym-opening-hunter,control-hold,31,Defeat,21,0,20,456,96,480,2,47,7,3:7|2:8,0,42,0,593814693
gym-opening-hunter,control-hold,32,Defeat,21,0,20,432,111,665,2,22,7,2:7,0,22,1,797796409
gym-opening-hunter,control-hold,33,Victory,18,0,18,392,88,490,0,59,2,2:2|3:7,0,33,0,2386233252
gym-opening-hunter,control-hold,34,Defeat,21,0,20,424,124,665,2,39,2,2:2|1:2,0,45,0,2868410567
gym-opening-hunter,control-hold,35,Defeat,17,0,17,304,60,0,4,68,2,3:2,0,44,0,4084140967
gym-opening-hunter,control-hold,36,Defeat,21,0,20,448,121,631,1,37,8,3:8,0,38,0,2745997445
gym-opening-hunter,control-hold,37,Defeat,21,0,20,408,130,328,4,60,8,3:8|2:2,0,68,0,2091972119
gym-opening-hunter,control-hold,38,Defeat,21,0,20,440,92,225,3,50,13,1:13|2:2|3:2,0,54,0,2613272533
gym-opening-hunter,control-hold,39,Defeat,21,0,20,416,118,416,1,48,2,1:2,0,32,1,3852676097
gym-opening-hunter,control-hold,40,Defeat,21,0,20,424,91,445,2,45,2,3:2|2:2,0,42,0,2393794952
gym-opening-hunter,control-hold,41,Defeat,21,0,20,392,89,285,5,67,2,2:2|3:12,0,70,0,3862346791
gym-opening-hunter,control-hold,42,Defeat,21,0,20,424,134,710,2,33,2,2:2|3:12,0,37,0,1044535831
gym-opening-hunter,control-hold,43,Victory,10,0,10,320,43,932,0,47,7,3:7,0,12,0,3951459009
gym-opening-hunter,control-hold,44,Defeat,17,0,17,280,44,0,3,97,2,3:2,0,57,0,17463614
gym-opening-hunter,control-hold,45,Defeat,21,0,20,408,97,315,1,50,7,2:7|3:13,0,49,0,1561134504
gym-opening-hunter,control-hold,46,Victory,11,0,11,352,56,712,0,68,8,1:8,0,18,0,476361398
gym-opening-hunter,control-hold,47,Defeat,21,0,20,512,142,460,2,45,2,1:2|3:12|2:8,0,42,0,1123205552
gym-opening-hunter,control-hold,48,Defeat,18,0,18,336,78,0,3,66,7,2:7|3:2,0,37,0,885285363
gym-opening-hunter,control-hold,49,Defeat,21,0,20,416,103,650,3,21,13,4:13|2:2|3:2,0,49,0,3182993266
gym-opening-hunter,control-hold,50,Victory,11,0,11,328,72,847,0,34,2,2:2|3:7,0,15,0,3341636391
gym-opening-hunter,control-hold,51,Defeat,21,0,20,400,103,275,2,48,-1,,0,25,1,2061931279
gym-opening-hunter,control-hold,52,Defeat,21,0,20,344,74,30,4,79,12,3:12|2:2,0,55,1,256009927
gym-opening-hunter,control-hold,53,Defeat,21,0,20,440,105,596,2,47,12,3:12,0,27,1,1447590862
gym-opening-hunter,control-hold,54,Defeat,19,0,19,344,71,0,3,69,8,3:8,0,60,0,719173693
gym-opening-hunter,control-hold,55,Defeat,21,0,20,368,93,315,3,43,2,3:2,0,55,1,2141944843
gym-opening-hunter,control-hold,56,Defeat,21,0,20,512,202,892,1,14,2,2:2|3:8,0,15,0,3213898309
gym-opening-hunter,control-hold,57,Victory,17,0,17,456,120,810,0,33,7,1:7|2:7,0,12,0,1677476351
gym-opening-hunter,control-hold,58,Defeat,17,0,17,352,92,0,3,77,8,3:8,0,54,0,600507427
gym-opening-hunter,control-hold,59,Defeat,21,0,20,392,93,120,2,48,-1,,0,49,1,2121421336
gym-opening-hunter,control-hold,60,Defeat,21,0,20,360,89,341,2,51,2,1:2|2:12,0,43,1,2760304417
gym-opening-hunter,control-hold,61,Defeat,21,0,20,512,141,903,1,31,2,3:2|2:2|1:2,0,17,0,58477676
gym-opening-hunter,control-hold,62,Defeat,21,0,20,408,95,200,3,64,2,1:2,0,43,1,2557323360
gym-opening-hunter,control-hold,63,Victory,18,0,18,480,152,827,0,21,12,2:12|1:8,0,18,0,1825936190
gym-opening-hunter,control-hold,64,Defeat,21,0,20,536,156,785,1,26,7,3:7|1:2,0,26,0,2006230092
gym-opening-hunter,control-hold,65,Defeat,21,0,20,488,121,300,4,37,2,1:2|3:13,0,53,1,2065132739
gym-opening-hunter,control-hold,66,Defeat,16,0,16,264,71,0,4,72,-1,,0,40,1,4288851002
gym-opening-hunter,control-hold,67,Defeat,21,0,20,456,104,585,1,38,2,2:2,0,28,0,1792509395
gym-opening-hunter,control-hold,68,Defeat,21,0,20,416,121,665,2,32,2,3:2|2:2,0,29,0,3552907555
gym-opening-hunter,control-hold,69,Defeat,21,0,20,520,146,892,1,23,8,2:8,0,13,0,1028858609
gym-opening-hunter,control-hold,70,Defeat,12,0,12,208,46,0,4,92,-1,,0,28,1,866354680
gym-opening-hunter,control-hold,71,Defeat,21,0,20,440,103,405,2,41,8,1:8|3:7|2:2,0,33,0,3022391447
gym-opening-hunter,control-hold,72,Defeat,21,0,20,440,113,565,2,38,12,3:12,0,39,1,1230140124
gym-opening-hunter,control-hold,73,Defeat,16,0,16,288,64,0,5,97,8,3:8,0,50,0,3347323348
gym-opening-hunter,control-hold,74,Defeat,21,0,20,304,53,50,2,71,12,3:12,0,38,0,3813855914
gym-opening-hunter,control-hold,75,Defeat,21,0,20,464,121,487,2,46,12,3:12|2:7,0,39,0,4033433399
gym-opening-hunter,control-hold,76,Defeat,21,0,20,408,96,300,3,47,8,3:8,0,45,0,1010331022
gym-opening-hunter,control-hold,77,Defeat,19,0,19,344,67,0,2,67,12,3:12,0,49,0,4094016726
gym-opening-hunter,control-hold,78,Defeat,21,0,20,528,143,763,1,25,8,3:8|1:7,0,29,0,3901605759
gym-opening-hunter,control-hold,79,Defeat,21,0,20,400,99,605,2,34,13,3:13|2:7,0,31,0,2684827066
gym-opening-hunter,control-hold,80,Defeat,17,0,17,392,88,0,5,65,13,2:13|1:2|3:12,0,59,0,1789297090
gym-opening-hunter,control-hold,81,Defeat,21,0,20,432,104,710,1,27,2,1:2|3:12,0,22,1,3455078354
gym-opening-hunter,control-hold,82,Defeat,21,0,20,336,91,341,1,42,2,2:2,0,30,0,926713873
gym-opening-hunter,control-hold,83,Defeat,21,0,20,368,80,235,4,71,2,3:2,0,53,0,2067505970
gym-opening-hunter,control-hold,84,Defeat,16,0,16,296,52,0,4,86,2,2:2|3:2,0,46,0,20988283
gym-opening-hunter,control-hold,85,Defeat,21,0,20,512,102,893,1,42,2,1:2|3:8|2:8,0,36,0,1835339182
gym-opening-hunter,control-hold,86,Defeat,20,0,20,400,103,0,3,62,12,4:12|1:2|3:8,0,59,0,2147920730
gym-opening-hunter,control-hold,87,Defeat,21,0,20,440,114,563,2,47,2,2:2|3:12,0,34,0,3499288940
gym-opening-hunter,control-hold,88,Defeat,21,0,20,416,102,550,2,32,13,3:13|2:7,0,39,0,482750989
gym-opening-hunter,control-hold,89,Defeat,21,0,20,536,170,853,1,25,2,1:2,0,22,1,896162820
gym-opening-hunter,control-hold,90,Defeat,21,0,20,352,60,225,2,63,12,3:12,0,35,1,2671594328
gym-opening-hunter,control-hold,91,Defeat,21,0,20,416,105,665,1,28,7,3:7,0,27,0,2062695655
gym-opening-hunter,control-hold,92,Defeat,21,0,20,376,107,315,2,38,13,3:13|2:2,0,36,1,2393553468
gym-opening-hunter,control-hold,93,Defeat,21,0,20,408,80,622,3,47,7,2:7|3:12,0,48,0,2797768538
gym-opening-hunter,control-hold,94,Defeat,21,0,20,424,135,457,1,39,2,3:2,0,26,1,2234072120
gym-opening-hunter,control-hold,95,Defeat,21,0,20,448,125,391,1,37,2,1:2|3:7,0,23,1,1651379467
gym-opening-hunter,control-hold,96,Defeat,21,0,20,520,179,915,1,16,-1,,0,17,1,3250492661
gym-opening-hunter,control-hold,97,Defeat,21,0,20,472,148,685,3,32,2,1:2|3:12,0,44,0,2632424686
gym-opening-hunter,control-hold,98,Defeat,21,0,20,416,106,165,4,63,8,3:8|2:2,0,57,0,1504264743
gym-opening-hunter,control-hold,99,Defeat,21,0,20,416,84,390,2,61,13,3:13|2:2,0,41,0,1238289164
gym-opening-hunter,control-hold,100,Defeat,21,0,20,384,74,240,4,56,7,3:7,0,61,0,1496726140
gym-opening-hunter,control-hold,101,Defeat,21,0,20,416,111,630,2,26,2,3:2|2:2,0,26,1,4082205383
gym-opening-hunter,control-hold,102,Defeat,21,0,20,512,146,805,1,46,2,3:2|1:2|2:7,0,31,0,595501153
gym-opening-hunter,control-hold,103,Defeat,21,0,20,504,184,926,1,17,2,2:2|1:2|3:2,0,16,0,3045690095
gym-opening-hunter,control-hold,104,Defeat,21,0,20,520,132,802,1,41,7,2:7|3:7,0,21,0,1586933871
gym-opening-hunter,control-hold,105,Defeat,21,0,20,512,146,819,1,21,2,3:2|1:7,0,27,0,3808391010
gym-opening-hunter,control-hold,106,Defeat,21,0,20,456,89,424,3,75,7,3:7|1:2,0,82,0,2249625420
gym-opening-hunter,control-hold,107,Defeat,21,0,20,424,104,590,2,39,12,3:12,0,28,1,1182808484
gym-opening-hunter,control-hold,108,Defeat,21,0,20,504,152,808,1,47,13,1:13,0,26,0,143704156
gym-opening-hunter,control-hold,109,Defeat,21,0,20,400,91,300,1,44,13,3:13,0,35,1,2194962899
gym-opening-hunter,control-hold,110,Victory,20,0,20,496,120,393,0,74,2,1:2|3:7|2:7,0,52,0,1668416566
gym-opening-hunter,control-hold,111,Defeat,21,0,20,408,106,685,2,35,7,3:7,0,39,0,4093719987
gym-opening-hunter,control-hold,112,Victory,12,0,12,312,57,795,0,28,2,3:2|1:7,0,9,0,3970842661
gym-opening-hunter,control-hold,113,Defeat,21,0,20,368,77,205,3,50,2,1:2|3:8,0,49,0,2364879542
gym-opening-hunter,control-hold,114,Defeat,15,0,15,248,34,0,3,80,-1,,0,29,1,841731562
gym-opening-hunter,control-hold,115,Defeat,21,0,20,448,133,456,2,33,2,1:2|3:7,0,32,0,1199733537
gym-opening-hunter,control-hold,116,Defeat,16,0,16,280,50,0,2,68,13,2:13,0,29,1,2960683610
gym-opening-hunter,control-hold,117,Defeat,19,0,19,424,91,0,3,66,12,4:12|1:2|2:8|3:2,0,63,0,3241970734
gym-opening-hunter,control-hold,118,Defeat,21,0,20,416,98,485,2,30,2,2:2|3:13,0,23,1,1209923626
gym-opening-hunter,control-hold,119,Defeat,21,0,20,416,111,615,2,30,12,3:12,0,32,1,2454776434
gym-opening-hunter,control-hold,120,Defeat,21,0,20,368,96,435,3,36,13,1:13,0,39,1,2769540939
gym-opening-hunter,control-hold,121,Defeat,21,0,20,368,84,230,3,89,7,3:7,0,65,0,2852156091
gym-opening-hunter,control-hold,122,Defeat,21,0,20,360,85,345,3,44,2,2:2,0,40,1,4280183342
gym-opening-hunter,control-hold,123,Defeat,21,0,20,424,79,695,2,26,2,2:2|3:12,0,24,1,3658931290
gym-opening-hunter,control-hold,124,Defeat,21,0,20,504,208,886,1,14,2,3:2,0,11,1,1186490844
gym-opening-hunter,control-hold,125,Defeat,21,0,20,464,112,404,3,43,2,1:2,0,50,1,2322439323
gym-opening-hunter,control-hold,126,Defeat,21,0,20,328,44,135,4,85,13,2:13,0,59,0,1089335352
gym-opening-hunter,control-hold,127,Defeat,21,0,20,392,112,665,1,32,12,3:12|2:8,0,20,0,3543043324
gym-opening-hunter,control-hold,128,Defeat,21,0,20,568,168,791,1,32,2,1:2,0,20,1,157658862
gym-opening-hunter,control-hold,129,Defeat,21,0,20,528,154,784,1,30,2,3:2|1:2,0,25,1,3176094686
gym-opening-hunter,control-hold,130,Defeat,21,0,20,520,186,864,1,21,7,3:7,0,7,1,194545107
gym-opening-hunter,control-hold,131,Defeat,21,0,20,368,94,10,2,63,2,3:2,0,51,1,69768052
gym-opening-hunter,control-hold,132,Defeat,21,0,20,424,122,690,1,33,2,3:2|2:7,0,22,1,219702055
gym-opening-hunter,control-hold,133,Defeat,21,0,20,360,79,220,2,68,2,3:2,0,33,1,4218382506
gym-opening-hunter,control-hold,134,Defeat,21,0,20,464,125,675,4,36,2,1:2|2:12,0,52,0,178376068
gym-opening-hunter,control-hold,135,Defeat,21,0,20,416,125,665,2,23,12,3:12,0,19,1,1504956070
gym-opening-hunter,control-hold,136,Defeat,21,0,20,400,122,435,3,38,13,2:13,0,38,0,551367867
gym-opening-hunter,control-hold,137,Victory,18,0,18,464,128,773,0,43,2,3:2|1:2|2:7,0,24,0,823240242
gym-opening-hunter,control-hold,138,Defeat,18,0,18,328,69,0,4,75,2,2:2,0,54,0,288024960
gym-opening-hunter,control-hold,139,Defeat,21,0,20,424,104,50,2,58,2,1:2,0,58,0,2724284462
gym-opening-hunter,control-hold,140,Victory,18,0,18,416,94,605,0,42,8,2:8|3:7,0,31,0,2647116289
gym-opening-hunter,control-hold,141,Defeat,21,0,20,344,67,150,3,58,-1,,0,35,1,2491336628
gym-opening-hunter,control-hold,142,Defeat,21,0,20,464,114,735,2,36,12,2:12|1:2|3:12,0,50,0,2479997511
gym-opening-hunter,control-hold,143,Defeat,21,0,20,392,91,633,1,36,13,3:13|2:7,0,21,0,1110389720
gym-opening-hunter,control-hold,144,Defeat,21,0,20,368,82,420,2,36,13,3:13|2:2,0,37,0,1949105070
gym-opening-hunter,control-hold,145,Defeat,21,0,20,368,91,165,1,56,7,3:7,0,30,0,1203235866
gym-opening-hunter,control-hold,146,Defeat,21,0,20,520,181,892,1,21,2,2:2|1:7|3:2,0,25,0,590055466
gym-opening-hunter,control-hold,147,Victory,18,0,18,464,103,871,0,17,13,3:13,0,28,0,1417546933
gym-opening-hunter,control-hold,148,Defeat,21,0,20,416,89,210,2,69,12,3:12,0,46,1,2360959473
gym-opening-hunter,control-hold,149,Defeat,21,0,20,480,122,671,2,36,2,3:2,0,44,1,2840164143
gym-opening-hunter,control-hold,150,Defeat,21,0,20,416,95,643,2,36,12,3:12,0,34,0,3619061277
gym-opening-hunter,control-hold,151,Defeat,21,0,20,432,126,665,3,42,2,2:2|3:12,0,42,0,3311445734
gym-opening-hunter,control-hold,152,Defeat,21,0,20,520,158,827,1,35,2,2:2|1:2|3:8,0,32,0,3168881610
gym-opening-hunter,control-hold,153,Defeat,21,0,20,440,110,300,3,50,8,3:8|1:2,0,45,1,4232815664
gym-opening-hunter,control-hold,154,Defeat,21,0,20,512,164,842,1,29,7,3:7|1:13,0,13,1,650384723
gym-opening-hunter,control-hold,155,Defeat,21,0,20,368,75,235,2,63,2,2:2|3:7,0,57,0,69925234
gym-opening-hunter,control-hold,156,Victory,16,0,16,416,109,861,0,23,7,2:7|1:8,0,7,0,868535646
gym-opening-hunter,control-hold,157,Defeat,21,0,20,416,92,85,2,69,2,1:2|3:12,0,42,0,2365078160
gym-opening-hunter,control-hold,158,Defeat,21,0,20,344,72,165,3,60,12,2:12,0,34,1,552670498
gym-opening-hunter,control-hold,159,Defeat,21,0,20,392,90,250,4,69,12,3:12,0,70,0,44142310
gym-opening-hunter,control-hold,160,Defeat,21,0,20,344,78,235,1,60,8,3:8,0,26,0,364550798
gym-opening-hunter,control-hold,161,Defeat,21,0,20,512,185,702,1,37,2,1:2|3:12|2:7,0,31,0,3865088531
gym-opening-hunter,control-hold,162,Defeat,21,0,20,360,68,55,2,82,2,3:2,0,50,0,3209936495
gym-opening-hunter,control-hold,163,Defeat,21,0,20,336,70,275,4,85,-1,,0,61,1,3591020200
gym-opening-hunter,control-hold,164,Defeat,20,0,20,392,77,0,3,73,12,3:12,0,50,1,683488106
gym-opening-hunter,control-hold,165,Defeat,21,0,20,352,79,85,1,86,-1,,0,56,1,511232354
gym-opening-hunter,control-hold,166,Defeat,21,0,20,408,106,595,2,35,12,3:12,0,22,1,3146598192
gym-opening-hunter,control-hold,167,Defeat,21,0,20,336,77,150,2,52,2,3:2,0,40,1,2881551514
gym-opening-hunter,control-hold,168,Defeat,21,0,20,456,122,435,3,38,7,2:7|1:2|3:12,0,57,0,4011116590
gym-opening-hunter,control-hold,169,Defeat,19,0,19,296,54,0,4,91,-1,,0,57,1,1393717738
gym-opening-hunter,control-hold,170,Defeat,21,0,20,336,66,345,4,61,7,3:7|2:2,0,51,1,2903849149
gym-opening-hunter,control-hold,171,Defeat,21,0,20,512,156,801,1,35,2,3:2|1:2|2:2,0,22,1,3730589089
gym-opening-hunter,control-hold,172,Defeat,17,0,17,336,78,0,3,69,2,3:2|2:2,0,31,0,2197292863
gym-opening-hunter,control-hold,173,Defeat,21,0,20,472,119,468,1,54,2,2:2|1:12|3:13,0,40,1,1518762288
gym-opening-hunter,control-hold,174,Victory,17,0,17,440,138,756,0,27,7,1:7,0,15,0,4060841516
gym-opening-hunter,control-hold,175,Defeat,21,0,20,376,94,435,2,42,12,3:12|2:8,0,33,0,1758633322
gym-opening-hunter,control-hold,176,Defeat,21,0,20,456,111,459,1,61,2,1:2|3:8,0,35,1,3689236104
gym-opening-hunter,control-hold,177,Defeat,21,0,20,336,79,250,2,47,2,3:2,0,44,0,2542305248
gym-opening-hunter,control-hold,178,Defeat,21,0,20,424,127,635,1,26,2,2:2|3:7,0,16,1,3808261135
gym-opening-hunter,control-hold,179,Defeat,21,0,20,392,100,735,2,26,2,3:2,0,23,1,1520192762
gym-opening-hunter,control-hold,180,Defeat,21,0,20,400,106,615,2,26,2,3:2,0,20,1,1931021378
gym-opening-hunter,control-hold,181,Defeat,21,0,20,424,110,380,2,52,2,2:2|3:13,0,63,0,1199980183
gym-opening-hunter,control-hold,182,Defeat,21,0,20,440,123,695,2,30,7,3:7|2:7,0,29,0,3424868462
gym-opening-hunter,control-hold,183,Defeat,21,0,20,512,181,814,1,25,7,2:7|1:8|3:2,0,16,0,1800549554
gym-opening-hunter,control-hold,184,Defeat,21,0,20,472,117,424,1,40,8,3:8|1:8,0,33,0,1994937106
gym-opening-hunter,control-hold,185,Defeat,21,0,20,424,126,375,3,50,2,2:2,0,59,0,3949316503
gym-opening-hunter,control-hold,186,Defeat,21,0,20,424,125,530,1,37,13,3:13|2:7,0,37,0,2824406632
gym-opening-hunter,control-hold,187,Defeat,20,0,20,336,58,0,3,83,12,3:12|2:2,0,44,1,2438014459
gym-opening-hunter,control-hold,188,Defeat,21,0,20,408,104,735,2,31,2,3:2,0,34,0,644026339
gym-opening-hunter,control-hold,189,Defeat,21,0,20,384,90,435,3,33,7,3:7,0,51,0,1239394544
gym-opening-hunter,control-hold,190,Victory,20,0,20,456,91,275,0,78,7,1:7|3:12,0,50,0,1699681612
gym-opening-hunter,control-hold,191,Defeat,21,0,20,408,100,418,2,35,2,3:2|2:2,0,53,0,3912337533
gym-opening-hunter,control-hold,192,Defeat,17,0,17,296,50,0,2,91,-1,,0,34,1,272760238
gym-opening-hunter,control-hold,193,Defeat,21,0,20,560,180,780,1,34,7,1:7|3:2,0,26,0,778839634
gym-opening-hunter,control-hold,194,Defeat,21,0,20,488,107,685,4,49,8,2:8|3:13,0,60,0,1305861542
gym-opening-hunter,control-hold,195,Defeat,21,0,20,368,56,300,3,56,-1,,0,44,1,545064503
gym-opening-hunter,control-hold,196,Defeat,21,0,20,416,122,490,1,46,2,3:2|1:2,0,19,0,1918075399
gym-opening-hunter,control-hold,197,Defeat,21,0,20,424,100,735,2,26,7,2:7,0,26,0,2137866580
gym-opening-hunter,control-hold,198,Defeat,21,0,20,488,114,456,2,45,8,3:8|1:12,0,43,0,4226472402
gym-opening-hunter,control-hold,199,Defeat,21,0,20,432,109,250,2,68,12,3:12,0,40,1,2760431812
gym-opening-hunter,control-hold,200,Defeat,21,0,20,392,92,75,2,46,2,3:2|2:12,0,37,0,4250430880
gym-opening-hunter,sustain-hold,1,Defeat,21,0,20,440,95,545,2,45,2,2:2,0,41,0,1336531453
gym-opening-hunter,sustain-hold,2,Defeat,21,0,20,456,108,515,2,31,8,3:8,0,54,0,3099141326
gym-opening-hunter,sustain-hold,3,Defeat,21,0,20,376,91,390,5,72,12,3:12|2:2,0,69,1,2307627326
gym-opening-hunter,sustain-hold,4,Defeat,21,0,20,352,77,285,1,84,2,2:2,0,37,1,2639421996
gym-opening-hunter,sustain-hold,5,Defeat,21,0,20,536,173,863,1,25,2,2:2|3:7,0,23,0,4281329072
gym-opening-hunter,sustain-hold,6,Defeat,21,0,20,520,123,853,1,30,7,1:7|3:12,0,23,1,117189002
gym-opening-hunter,sustain-hold,7,Defeat,21,0,20,384,86,405,3,62,2,3:2,0,61,0,2716490448
gym-opening-hunter,sustain-hold,8,Defeat,21,0,20,464,110,565,1,43,13,3:13,0,46,0,4125250691
gym-opening-hunter,sustain-hold,9,Defeat,21,0,20,416,88,580,1,36,7,2:7,0,31,0,3293976710
gym-opening-hunter,sustain-hold,10,Defeat,21,0,20,384,86,360,2,64,7,3:7|2:7,0,45,0,125448353
gym-opening-hunter,sustain-hold,11,Defeat,21,0,20,424,111,645,2,43,12,3:12|2:7,0,36,0,741781906
gym-opening-hunter,sustain-hold,12,Defeat,21,0,20,344,84,15,4,83,2,2:2,0,55,1,3598612236
gym-opening-hunter,sustain-hold,13,Defeat,18,0,18,320,60,0,5,120,8,2:8,0,64,0,2271332191
gym-opening-hunter,sustain-hold,14,Defeat,21,0,20,384,91,435,5,85,12,3:12|2:7,0,81,0,3759942730
gym-opening-hunter,sustain-hold,15,Defeat,21,0,20,392,117,405,4,46,2,1:2|3:12,0,65,1,703319744
gym-opening-hunter,sustain-hold,16,Defeat,21,0,20,456,121,435,2,49,2,2:2|3:12,0,57,1,3006967147
gym-opening-hunter,sustain-hold,17,Defeat,21,0,20,432,111,435,5,50,2,1:2|3:12,0,62,1,3673403858
gym-opening-hunter,sustain-hold,18,Defeat,21,0,20,360,77,150,2,68,7,2:7,0,47,0,3310484849
gym-opening-hunter,sustain-hold,19,Defeat,21,0,20,424,137,555,1,43,13,3:13,0,31,0,3810854239
gym-opening-hunter,sustain-hold,20,Defeat,21,0,20,504,139,735,4,34,7,1:7|2:8,0,61,0,3486829004
gym-opening-hunter,sustain-hold,21,Defeat,21,0,20,472,88,685,1,45,13,1:13|2:7|3:7,0,42,0,3173054151
gym-opening-hunter,sustain-hold,22,Defeat,21,0,20,344,70,405,4,69,7,3:7,0,71,0,16483202
gym-opening-hunter,sustain-hold,23,Defeat,21,0,20,424,82,435,1,60,2,3:2|2:7,0,34,0,1472762031
gym-opening-hunter,sustain-hold,24,Defeat,21,0,20,432,115,665,1,38,2,3:2|2:8,0,21,0,2163673261
gym-opening-hunter,sustain-hold,25,Defeat,21,0,20,392,88,435,3,53,7,2:7|3:13,0,65,0,282607240
gym-opening-hunter,sustain-hold,26,Defeat,21,0,20,504,119,735,2,34,2,1:2|3:2|2:8,0,54,0,90252283
gym-opening-hunter,sustain-hold,27,Defeat,20,0,20,304,43,0,4,107,12,2:12,0,49,1,556908366
gym-opening-hunter,sustain-hold,28,Victory,15,0,15,336,58,475,0,66,2,3:2|2:2,0,20,0,3873147128
gym-opening-hunter,sustain-hold,29,Defeat,21,0,20,408,102,405,3,54,2,1:2|3:12|2:2,0,52,1,209617653
gym-opening-hunter,sustain-hold,30,Defeat,21,0,20,384,82,210,3,70,7,2:7|3:2,0,62,0,467579971
gym-opening-hunter,sustain-hold,31,Victory,17,0,17,400,88,460,0,48,2,1:2|3:12|2:7,0,34,0,1335399070
gym-opening-hunter,sustain-hold,32,Defeat,21,0,20,432,103,735,3,35,2,1:2|2:8,0,43,0,2019080195
gym-opening-hunter,sustain-hold,33,Defeat,21,0,20,432,111,660,4,50,2,3:2,0,63,0,2199096419
gym-opening-hunter,sustain-hold,34,Defeat,21,0,20,400,100,375,2,68,2,3:2|2:12,0,46,0,67520957
gym-opening-hunter,sustain-hold,35,Defeat,21,0,20,472,123,685,3,33,13,3:13|1:2|2:2,0,39,0,1899514064
gym-opening-hunter,sustain-hold,36,Defeat,21,0,20,472,120,460,3,57,2,2:2,0,62,0,1998822872
gym-opening-hunter,sustain-hold,37,Defeat,21,0,20,336,93,345,2,61,2,2:2,0,36,1,2903888863
gym-opening-hunter,sustain-hold,38,Defeat,21,0,20,440,104,405,3,49,13,1:13|2:2|3:2,0,47,1,1660566828
gym-opening-hunter,sustain-hold,39,Defeat,21,0,20,328,77,118,4,78,2,2:2,0,58,0,1305133903
gym-opening-hunter,sustain-hold,40,Defeat,21,0,20,432,117,390,4,51,7,2:7|3:2,0,68,0,3701173120
gym-opening-hunter,sustain-hold,41,Defeat,21,0,20,408,94,405,3,60,2,2:2|3:12,0,48,0,785259715
gym-opening-hunter,sustain-hold,42,Defeat,21,0,20,376,78,300,3,82,12,3:12|2:2,0,60,0,1893082631
gym-opening-hunter,sustain-hold,43,Defeat,21,0,20,440,99,620,4,56,12,2:12|3:2,0,65,0,2688358393
gym-opening-hunter,sustain-hold,44,Defeat,21,0,20,432,80,435,3,62,2,1:2|2:8|3:12,0,68,0,2254381585
gym-opening-hunter,sustain-hold,45,Defeat,21,0,20,464,143,610,4,36,13,3:13,0,58,1,3120384652
gym-opening-hunter,sustain-hold,46,Defeat,21,0,20,440,123,685,4,34,13,3:13|1:13,0,63,0,2069730319
gym-opening-hunter,sustain-hold,47,Defeat,21,0,20,448,114,680,3,50,2,3:2|2:2,0,57,0,399817622
gym-opening-hunter,sustain-hold,48,Defeat,21,0,20,424,117,435,3,49,12,3:12|2:2,0,50,1,2259795126
gym-opening-hunter,sustain-hold,49,Defeat,21,0,20,416,117,405,5,44,2,2:2|3:12,0,67,1,3754929911
gym-opening-hunter,sustain-hold,50,Defeat,21,0,20,448,116,375,4,57,2,2:2|3:12,0,65,0,943662730
gym-opening-hunter,sustain-hold,51,Defeat,18,0,18,328,63,0,4,104,12,3:12,0,50,0,2327700894
gym-opening-hunter,sustain-hold,52,Defeat,19,0,19,424,103,0,5,88,2,1:2|2:7,0,81,0,4201374611
gym-opening-hunter,sustain-hold,53,Defeat,21,0,20,504,142,580,4,44,12,3:12|2:12,0,50,1,3658198299
gym-opening-hunter,sustain-hold,54,Defeat,21,0,20,384,91,300,4,81,2,2:2|3:12,0,70,0,1355946896
gym-opening-hunter,sustain-hold,55,Defeat,21,0,20,440,87,435,2,47,13,3:13|1:13|2:8,0,54,0,2812632989
gym-opening-hunter,sustain-hold,56,Defeat,21,0,20,408,129,435,3,50,8,3:8|1:13,0,64,0,3035892790
gym-opening-hunter,sustain-hold,57,Defeat,21,0,20,440,73,540,1,45,13,3:13|2:12,0,35,1,1330962171
gym-opening-hunter,sustain-hold,58,Defeat,21,0,20,368,71,150,4,91,7,2:7,0,68,0,1489746196
gym-opening-hunter,sustain-hold,59,Defeat,21,0,20,424,109,405,4,54,2,1:2|3:12|2:2,0,61,1,3317445970
gym-opening-hunter,sustain-hold,60,Defeat,21,0,20,384,105,105,5,68,2,1:2|3:13|2:2,0,61,1,416241437
gym-opening-hunter,sustain-hold,61,Defeat,21,0,20,440,105,690,3,30,2,2:2|3:12,0,31,1,2197252983
gym-opening-hunter,sustain-hold,62,Defeat,21,0,20,488,145,485,4,34,2,1:2|3:13,0,68,0,2629970655
gym-opening-hunter,sustain-hold,63,Defeat,21,0,20,440,114,715,1,54,7,2:7,0,27,0,3036506244
gym-opening-hunter,sustain-hold,64,Defeat,21,0,20,472,80,435,2,57,13,1:13,0,48,0,175002361
gym-opening-hunter,sustain-hold,65,Defeat,21,0,20,440,118,610,1,29,13,3:13,0,31,1,1620381217
gym-opening-hunter,sustain-hold,66,Defeat,21,0,20,400,85,435,4,66,2,3:2|2:12,0,58,0,132028408
gym-opening-hunter,sustain-hold,67,Defeat,21,0,20,384,95,105,4,66,2,2:2|3:8,0,57,0,3045031263
gym-opening-hunter,sustain-hold,68,Defeat,21,0,20,472,136,670,2,45,7,3:7,0,31,1,1359521797
gym-opening-hunter,sustain-hold,69,Defeat,19,0,19,304,47,0,4,100,2,2:2,0,59,1,2808852044
gym-opening-hunter,sustain-hold,70,Defeat,21,0,20,320,80,165,4,72,12,2:12,0,45,1,270249830
gym-opening-hunter,sustain-hold,71,Defeat,21,0,20,408,99,375,3,66,2,2:2|3:12,0,66,0,1983200186
gym-opening-hunter,sustain-hold,72,Defeat,21,0,20,440,126,645,1,38,2,2:2,0,34,1,1176867339
gym-opening-hunter,sustain-hold,73,Defeat,21,0,20,360,81,375,4,71,12,3:12,0,73,1,16643032
gym-opening-hunter,sustain-hold,74,Defeat,21,0,20,376,85,375,3,70,2,3:2,0,44,1,4029465779
gym-opening-hunter,sustain-hold,75,Defeat,19,0,19,360,82,0,4,75,2,2:2|3:12,0,61,0,1477495085
gym-opening-hunter,sustain-hold,76,Defeat,21,0,20,456,91,345,3,70,2,1:2|2:13|3:12,0,61,1,2640711117
gym-opening-hunter,sustain-hold,77,Defeat,21,0,20,416,118,435,3,38,12,4:12|1:2|3:12|2:2,0,53,1,3259577003
gym-opening-hunter,sustain-hold,78,Defeat,21,0,20,480,118,605,2,46,8,3:8,0,41,0,3613663470
gym-opening-hunter,sustain-hold,79,Defeat,21,0,20,448,114,565,1,39,2,3:2|2:8,0,51,0,3301302190
gym-opening-hunter,sustain-hold,80,Defeat,21,0,20,376,83,255,3,51,2,3:2,0,60,1,4266053943
gym-opening-hunter,sustain-hold,81,Defeat,21,0,20,440,98,485,1,50,8,2:8,0,36,1,3003394796
gym-opening-hunter,sustain-hold,82,Defeat,21,0,20,472,120,685,2,33,2,2:2|1:2,0,43,0,871882042
gym-opening-hunter,sustain-hold,83,Defeat,21,0,20,360,82,225,3,71,2,3:2|2:8,0,51,0,339753065
gym-opening-hunter,sustain-hold,84,Defeat,21,0,20,368,71,255,4,63,13,3:13,0,78,0,3540723644
gym-opening-hunter,sustain-hold,85,Defeat,21,0,20,392,86,360,5,77,7,2:7,0,92,0,2252777616
gym-opening-hunter,sustain-hold,86,Defeat,21,0,20,400,92,485,4,52,7,3:7,0,55,0,4068211861
gym-opening-hunter,sustain-hold,87,Defeat,21,0,20,464,126,735,3,48,2,2:2|1:7,0,41,0,434393533
gym-opening-hunter,sustain-hold,88,Defeat,21,0,20,488,116,610,1,47,2,1:2|2:2|3:13,0,56,0,284911803
gym-opening-hunter,sustain-hold,89,Defeat,21,0,20,312,61,45,3,76,-1,,0,44,1,4021154850
gym-opening-hunter,sustain-hold,90,Defeat,21,0,20,448,106,460,1,39,12,3:12,0,34,1,2306271635
gym-opening-hunter,sustain-hold,91,Victory,15,0,15,424,115,923,0,58,7,3:7,0,13,0,3504811077
gym-opening-hunter,sustain-hold,92,Defeat,21,0,20,448,122,585,3,41,2,2:2|3:2,0,50,0,3834309212
gym-opening-hunter,sustain-hold,93,Defeat,21,0,20,416,87,435,4,61,2,2:2|3:7,0,57,0,3850686036
gym-opening-hunter,sustain-hold,94,Defeat,21,0,20,376,73,315,2,63,12,2:12,0,33,0,2191851319
gym-opening-hunter,sustain-hold,95,Defeat,21,0,20,464,118,665,2,31,12,4:12|2:7|1:2|3:7,0,52,0,3934510843
gym-opening-hunter,sustain-hold,96,Defeat,21,0,20,432,103,435,2,66,2,1:2|2:8,0,58,0,907814918
gym-opening-hunter,sustain-hold,97,Defeat,21,0,20,456,99,403,3,68,13,2:13|3:12,0,59,0,2958154171
gym-opening-hunter,sustain-hold,98,Defeat,21,0,20,416,96,420,3,46,7,1:7|2:12,0,47,1,2801974486
gym-opening-hunter,sustain-hold,99,Defeat,21,0,20,416,95,240,2,75,2,2:2|3:13,0,51,0,2720043184
gym-opening-hunter,sustain-hold,100,Defeat,21,0,20,400,111,435,4,50,2,2:2|3:12,0,49,1,1418259656
gym-opening-hunter,sustain-hold,101,Defeat,21,0,20,312,77,30,4,74,2,2:2,0,49,1,2339314584
gym-opening-hunter,sustain-hold,102,Defeat,21,0,20,392,94,133,4,69,7,2:7,0,60,0,2196676341
gym-opening-hunter,sustain-hold,103,Defeat,21,0,20,328,69,45,3,70,13,3:13|2:2,0,50,0,2493983578
gym-opening-hunter,sustain-hold,104,Defeat,21,0,20,512,116,905,1,51,2,2:2|3:2,0,28,0,3243722787
gym-opening-hunter,sustain-hold,105,Defeat,21,0,20,424,108,435,4,45,2,2:2|3:12,0,58,1,1992149083
gym-opening-hunter,sustain-hold,106,Defeat,21,0,20,384,74,120,3,75,-1,,0,49,1,3863517418
gym-opening-hunter,sustain-hold,107,Defeat,21,0,20,432,60,345,2,88,2,3:2,0,62,1,4057127782
gym-opening-hunter,sustain-hold,108,Defeat,21,0,20,368,80,390,4,65,2,2:2,0,50,1,3273907313
gym-opening-hunter,sustain-hold,109,Defeat,21,0,20,416,93,710,3,53,2,3:2|2:8,0,43,1,1183363299
gym-opening-hunter,sustain-hold,110,Defeat,21,0,20,440,96,660,1,45,12,3:12,0,22,1,3914904971
gym-opening-hunter,sustain-hold,111,Defeat,21,0,20,464,110,485,3,41,8,3:8|1:12|2:13,0,57,0,3392648708
gym-opening-hunter,sustain-hold,112,Defeat,21,0,20,432,124,645,1,37,-1,,0,22,0,1179532359
gym-opening-hunter,sustain-hold,113,Defeat,21,0,20,488,116,460,1,59,12,3:12|1:12|2:2,0,47,1,1415224004
gym-opening-hunter,sustain-hold,114,Defeat,21,0,20,512,164,735,4,32,2,1:2,0,67,0,4225205668
gym-opening-hunter,sustain-hold,115,Defeat,21,0,20,384,86,435,3,45,2,1:2|3:12|2:2,0,58,0,2392874010
gym-opening-hunter,sustain-hold,116,Defeat,21,0,20,408,71,375,1,52,13,3:13|2:7,0,28,0,1902840716
gym-opening-hunter,sustain-hold,117,Defeat,21,0,20,416,104,418,5,55,2,2:2|3:2,0,77,0,612127541
gym-opening-hunter,sustain-hold,118,Defeat,21,0,20,448,77,585,1,55,7,2:7|3:12,0,36,0,2646902360
gym-opening-hunter,sustain-hold,119,Defeat,21,0,20,456,110,680,2,50,13,3:13,0,40,1,470383139
gym-opening-hunter,sustain-hold,120,Defeat,21,0,20,448,109,560,5,55,12,1:12|3:2,0,65,0,3181030954
gym-opening-hunter,sustain-hold,121,Defeat,21,0,20,448,105,655,2,55,2,3:2|1:2|2:2,0,38,0,2176244195
gym-opening-hunter,sustain-hold,122,Defeat,19,0,19,328,67,0,6,87,13,3:13|2:7,0,80,0,4284591924
gym-opening-hunter,sustain-hold,123,Defeat,21,0,20,416,105,435,1,46,2,2:2|3:8,0,45,0,1089857
gym-opening-hunter,sustain-hold,124,Defeat,21,0,20,376,90,360,2,68,-1,,0,40,1,2164948646
gym-opening-hunter,sustain-hold,125,Defeat,21,0,20,528,121,861,1,36,2,1:2|2:8|3:7,0,47,0,1003276726
gym-opening-hunter,sustain-hold,126,Defeat,18,0,18,304,59,0,5,107,12,2:12,0,59,0,521982114
gym-opening-hunter,sustain-hold,127,Defeat,21,0,20,312,72,150,3,94,12,2:12,0,54,1,1739028618
gym-opening-hunter,sustain-hold,128,Defeat,21,0,20,544,156,829,1,25,12,1:12|2:2,0,32,0,3295235553
gym-opening-hunter,sustain-hold,129,Defeat,21,0,20,416,83,470,3,55,8,2:8|3:12,0,55,0,2143642976
gym-opening-hunter,sustain-hold,130,Defeat,21,0,20,376,70,405,2,53,12,3:12,0,33,1,2855862360
gym-opening-hunter,sustain-hold,131,Defeat,21,0,20,448,94,435,2,66,7,2:7|3:12,0,61,0,4154990520
gym-opening-hunter,sustain-hold,132,Defeat,21,0,20,464,120,685,1,34,2,1:2|3:12,0,31,1,1771291206
gym-opening-hunter,sustain-hold,133,Defeat,21,0,20,416,99,470,1,44,8,3:8,0,31,0,3383735111
gym-opening-hunter,sustain-hold,134,Defeat,21,0,20,424,89,603,3,49,2,3:2,0,49,0,2451500437
gym-opening-hunter,sustain-hold,135,Defeat,21,0,20,456,137,640,1,29,7,3:7|2:7,0,37,0,3230217505
gym-opening-hunter,sustain-hold,136,Defeat,21,0,20,408,108,435,3,62,2,3:2,0,53,0,1736727352
gym-opening-hunter,sustain-hold,137,Defeat,21,0,20,376,99,75,5,91,2,2:2|3:13,0,84,0,4128754403
gym-opening-hunter,sustain-hold,138,Defeat,21,0,20,360,74,90,4,91,2,2:2|3:2,0,66,1,1479287967
gym-opening-hunter,sustain-hold,139,Defeat,21,0,20,496,164,635,3,24,2,2:2|3:8,0,62,0,3973896321
gym-opening-hunter,sustain-hold,140,Defeat,21,0,20,384,78,401,2,58,7,1:7|2:7,0,50,0,4142078274
gym-opening-hunter,sustain-hold,141,Defeat,21,0,20,376,81,88,2,74,7,2:7|3:2,0,48,0,2145225792
gym-opening-hunter,sustain-hold,142,Defeat,21,0,20,352,84,193,3,86,2,3:2,0,67,1,3701089173
gym-opening-hunter,sustain-hold,143,Defeat,21,0,20,376,83,435,3,51,13,1:13|3:2,0,59,1,2883563545
gym-opening-hunter,sustain-hold,144,Defeat,21,0,20,448,117,670,1,37,13,1:13|2:7,0,28,0,925468001
gym-opening-hunter,sustain-hold,145,Defeat,21,0,20,544,180,875,1,26,7,2:7|1:7,0,18,0,3355370833
gym-opening-hunter,sustain-hold,146,Defeat,21,0,20,440,117,435,1,36,2,3:2,0,35,0,809844773
gym-opening-hunter,sustain-hold,147,Defeat,18,0,18,344,68,0,4,104,7,3:7|2:7,0,63,0,3802122763
gym-opening-hunter,sustain-hold,148,Defeat,21,0,20,504,139,435,3,53,2,1:2,0,51,1,3839395966
gym-opening-hunter,sustain-hold,149,Defeat,21,0,20,392,80,15,4,85,-1,,0,58,1,1472571519
gym-opening-hunter,sustain-hold,150,Defeat,21,0,20,360,65,195,2,80,12,3:12|2:2,0,48,0,2844953742
gym-opening-hunter,sustain-hold,151,Defeat,21,0,20,384,101,405,3,60,2,2:2,0,48,1,3644224538
gym-opening-hunter,sustain-hold,152,Defeat,21,0,20,472,126,510,3,45,2,1:2|3:12,0,59,1,1158342470
gym-opening-hunter,sustain-hold,153,Defeat,21,0,20,496,127,595,2,45,2,1:2|3:12|2:2,0,39,1,1746556264
gym-opening-hunter,sustain-hold,154,Defeat,21,0,20,400,75,560,1,70,2,2:2,0,35,1,471520005
gym-opening-hunter,sustain-hold,155,Defeat,21,0,20,416,118,435,2,57,2,2:2,0,53,0,2360192018
gym-opening-hunter,sustain-hold,156,Defeat,21,0,20,344,72,75,3,100,7,1:7,0,55,0,145961360
gym-opening-hunter,sustain-hold,157,Defeat,21,0,20,400,108,435,5,52,-1,,0,78,1,164522513
gym-opening-hunter,sustain-hold,158,Defeat,21,0,20,480,117,590,1,51,2,2:2|3:8,0,33,0,156951528
gym-opening-hunter,sustain-hold,159,Defeat,21,0,20,392,72,375,1,61,13,2:13|3:13,0,33,0,2702131630
gym-opening-hunter,sustain-hold,160,Defeat,21,0,20,392,85,75,3,73,2,1:2|2:7,0,57,0,2768540217
gym-opening-hunter,sustain-hold,161,Defeat,21,0,20,384,119,435,5,58,12,3:12,0,66,1,2821379102
gym-opening-hunter,sustain-hold,162,Defeat,21,0,20,448,101,345,2,82,2,1:2,0,58,1,2416047091
gym-opening-hunter,sustain-hold,163,Defeat,21,0,20,464,137,635,3,36,2,2:2|3:12,0,55,1,2610497962
gym-opening-hunter,sustain-hold,164,Defeat,21,0,20,392,95,315,3,77,2,3:2|2:2,0,57,0,4244061817
gym-opening-hunter,sustain-hold,165,Defeat,21,0,20,400,116,435,2,56,2,2:2|3:12,0,52,1,1095651549
gym-opening-hunter,sustain-hold,166,Defeat,21,0,20,456,98,440,1,75,2,2:2|3:8,0,51,0,3821253791
gym-opening-hunter,sustain-hold,167,Defeat,21,0,20,528,159,735,4,28,2,1:2|3:2|2:7,0,53,0,548325498
gym-opening-hunter,sustain-hold,168,Defeat,21,0,20,384,95,240,5,60,13,3:13|1:7,0,74,0,2732900613
gym-opening-hunter,sustain-hold,169,Defeat,17,0,17,336,64,0,4,78,2,2:2|3:2,0,50,0,4142783631
gym-opening-hunter,sustain-hold,170,Defeat,21,0,20,328,73,28,4,87,13,3:13|2:2,0,71,1,14135957
gym-opening-hunter,sustain-hold,171,Defeat,21,0,20,456,109,610,3,47,8,3:8,0,56,0,974172539
gym-opening-hunter,sustain-hold,172,Defeat,15,0,15,312,71,0,4,102,-1,,0,39,1,824106907
gym-opening-hunter,sustain-hold,173,Defeat,21,0,20,440,86,315,2,85,7,3:7|2:7,0,52,0,3387493259
gym-opening-hunter,sustain-hold,174,Defeat,21,0,20,400,121,225,3,60,12,3:12|2:12,0,62,1,4080818630
gym-opening-hunter,sustain-hold,175,Defeat,21,0,20,456,118,585,2,42,2,3:2,0,28,1,2369945954
gym-opening-hunter,sustain-hold,176,Defeat,21,0,20,392,99,435,1,61,13,3:13,0,23,1,419317809
gym-opening-hunter,sustain-hold,177,Defeat,21,0,20,400,81,360,3,52,13,3:13,0,45,1,1350865175
gym-opening-hunter,sustain-hold,178,Defeat,21,0,20,472,100,510,4,52,2,1:2|2:2,0,59,0,1698899436
gym-opening-hunter,sustain-hold,179,Victory,17,0,17,440,94,743,0,45,2,1:2|3:7,0,28,0,1362765671
gym-opening-hunter,sustain-hold,180,Defeat,21,0,20,424,86,665,1,47,12,3:12|2:2,0,26,1,2532019717
gym-opening-hunter,sustain-hold,181,Defeat,21,0,20,440,140,650,1,40,2,2:2,0,31,1,2834445779
gym-opening-hunter,sustain-hold,182,Defeat,21,0,20,480,129,435,2,51,7,3:7,0,54,1,3555120976
gym-opening-hunter,sustain-hold,183,Defeat,21,0,20,360,86,285,4,68,-1,,0,65,1,3324576027
gym-opening-hunter,sustain-hold,184,Defeat,21,0,20,528,160,895,1,30,2,1:2|2:2|3:13,0,20,0,3151350761
gym-opening-hunter,sustain-hold,185,Defeat,21,0,20,464,108,485,3,56,2,1:2,0,64,0,2419007839
gym-opening-hunter,sustain-hold,186,Defeat,21,0,20,432,114,715,3,42,2,3:2,0,50,0,1114678029
gym-opening-hunter,sustain-hold,187,Defeat,21,0,20,440,124,665,1,43,2,2:2|3:2,0,36,0,3370525256
gym-opening-hunter,sustain-hold,188,Defeat,21,0,20,432,91,435,3,51,13,3:13,0,50,0,2298630716
gym-opening-hunter,sustain-hold,189,Defeat,21,0,20,424,99,435,3,54,13,3:13,0,51,1,1546838922
gym-opening-hunter,sustain-hold,190,Defeat,21,0,20,424,105,650,3,45,2,3:2|2:7,0,52,0,1803717129
gym-opening-hunter,sustain-hold,191,Defeat,21,0,20,448,102,590,1,50,12,4:12|1:2|2:8,0,59,0,2218648634
gym-opening-hunter,sustain-hold,192,Defeat,18,0,18,304,65,0,4,94,2,2:2,0,44,1,738106904
gym-opening-hunter,sustain-hold,193,Defeat,21,0,20,512,192,895,1,32,2,1:2,0,17,1,1487452016
gym-opening-hunter,sustain-hold,194,Defeat,21,0,20,472,100,435,3,47,2,1:2|3:8|2:2,0,66,0,1740891539
gym-opening-hunter,sustain-hold,195,Defeat,21,0,20,432,106,460,1,38,12,3:12,0,36,1,2064655200
gym-opening-hunter,sustain-hold,196,Defeat,21,0,20,408,83,560,1,49,12,3:12|2:7,0,35,0,17468030
gym-opening-hunter,sustain-hold,197,Defeat,21,0,20,432,107,460,1,46,2,2:2,0,34,1,1113640661
gym-opening-hunter,sustain-hold,198,Defeat,21,0,20,384,120,435,5,77,12,3:12,0,80,0,3417548802
gym-opening-hunter,sustain-hold,199,Defeat,21,0,20,440,108,515,2,49,7,3:7,0,45,1,2403715705
gym-opening-hunter,sustain-hold,200,Defeat,21,0,20,400,91,300,2,50,7,2:7,0,38,1,3177923006
gym-opening-hunter,shield-wall,1,Defeat,21,0,20,536,141,891,1,29,2,1:2|3:2|2:2,0,26,0,3254166266
gym-opening-hunter,shield-wall,2,Defeat,21,0,20,528,168,904,1,36,13,3:13|1:2|2:2,0,40,0,4208958974
gym-opening-hunter,shield-wall,3,Defeat,13,0,13,248,59,0,4,109,-1,,0,36,1,1863338669
gym-opening-hunter,shield-wall,4,Defeat,21,0,20,520,192,895,1,32,12,1:12|2:7,0,16,0,1277650852
gym-opening-hunter,shield-wall,5,Defeat,21,0,20,536,177,903,1,29,12,3:12|1:2,0,24,1,4278108462
gym-opening-hunter,shield-wall,6,Defeat,21,0,20,416,116,635,1,44,12,3:12,0,27,1,4166068245
gym-opening-hunter,shield-wall,7,Defeat,21,0,20,528,166,893,1,28,2,1:2|2:7,0,34,0,1113991225
gym-opening-hunter,shield-wall,8,Defeat,21,0,20,272,49,174,1,67,-1,,0,25,1,46877805
gym-opening-hunter,shield-wall,9,Defeat,21,0,20,368,92,435,2,36,12,2:12,0,29,1,4079404378
gym-opening-hunter,shield-wall,10,Defeat,21,0,20,520,160,904,1,21,2,3:2|1:2,0,11,1,1498394323
gym-opening-hunter,shield-wall,11,Defeat,21,0,20,440,118,710,3,36,12,3:12|2:13,0,48,1,1673675588
gym-opening-hunter,shield-wall,12,Defeat,21,0,20,440,120,435,3,52,2,1:2,0,53,1,599652319
gym-opening-hunter,shield-wall,13,Defeat,15,0,15,248,63,0,4,80,-1,,0,48,1,4266789671
gym-opening-hunter,shield-wall,14,Defeat,21,0,20,392,111,670,3,46,13,3:13,0,46,0,3529408980
gym-opening-hunter,shield-wall,15,Defeat,21,0,20,512,181,866,1,25,2,3:2|2:2|1:2,0,22,0,3430496955
gym-opening-hunter,shield-wall,16,Defeat,18,0,18,264,60,0,3,75,12,2:12,0,37,1,1199232410
gym-opening-hunter,shield-wall,17,Defeat,21,0,20,416,104,575,1,50,12,3:12|2:7,0,29,0,3523344572
gym-opening-hunter,shield-wall,18,Defeat,20,0,20,344,73,0,3,60,13,2:13,0,43,0,2715355816
gym-opening-hunter,shield-wall,19,Defeat,21,0,20,488,141,535,2,34,2,1:2,0,40,1,701075982
gym-opening-hunter,shield-wall,20,Defeat,21,0,20,416,123,645,1,46,12,3:12|2:2,0,33,1,796885327
gym-opening-hunter,shield-wall,21,Defeat,21,0,20,408,118,390,2,41,-1,,0,39,1,2615148687
gym-opening-hunter,shield-wall,22,Defeat,21,0,20,416,118,685,2,36,2,2:2|3:12,0,44,1,748699553
gym-opening-hunter,shield-wall,23,Defeat,21,0,20,392,91,658,2,59,12,3:12|2:8,0,52,0,1203984164
gym-opening-hunter,shield-wall,24,Defeat,21,0,20,416,127,620,1,32,12,3:12|2:8,0,32,0,2743934618
gym-opening-hunter,shield-wall,25,Defeat,21,0,20,504,177,906,1,30,2,2:2|1:2,0,21,1,2731740620
gym-opening-hunter,shield-wall,26,Defeat,21,0,20,376,101,405,4,38,2,2:2|1:2,0,54,1,2233533547
gym-opening-hunter,shield-wall,27,Defeat,21,0,20,424,107,735,1,39,12,3:12,0,29,1,1501233105
gym-opening-hunter,shield-wall,28,Defeat,21,0,20,432,126,650,1,35,2,1:2|3:12|2:2,0,39,1,395574348
gym-opening-hunter,shield-wall,29,Defeat,21,0,20,456,128,435,3,33,7,2:7|1:13|3:2,0,55,0,3636489714
gym-opening-hunter,shield-wall,30,Defeat,21,0,20,400,112,685,2,28,13,3:13,0,24,1,287948365
gym-opening-hunter,shield-wall,31,Victory,18,0,18,424,89,663,0,45,13,3:13|1:2|2:2,0,36,0,2780388537
gym-opening-hunter,shield-wall,32,Defeat,21,0,20,416,130,735,2,30,-1,,0,25,1,545639474
gym-opening-hunter,shield-wall,33,Defeat,21,0,20,304,80,405,1,65,-1,,0,19,1,405001810
gym-opening-hunter,shield-wall,34,Defeat,21,0,20,424,107,705,3,32,2,1:2|3:12|2:12,0,43,1,822940399
gym-opening-hunter,shield-wall,35,Defeat,21,0,20,440,111,388,3,50,12,3:12|2:7,0,70,0,782758493
gym-opening-hunter,shield-wall,36,Defeat,21,0,20,480,118,735,1,33,12,1:12|2:7|3:2,0,21,0,1631198758
gym-opening-hunter,shield-wall,37,Defeat,21,0,20,432,98,710,2,40,12,3:12|1:13|2:13,0,50,0,544178833
gym-opening-hunter,shield-wall,38,Defeat,21,0,20,408,117,435,3,39,13,3:13,0,48,1,118065901
gym-opening-hunter,shield-wall,39,Defeat,21,0,20,432,124,490,1,37,2,2:2|3:13,0,42,1,605803889
gym-opening-hunter,shield-wall,40,Defeat,21,0,20,424,117,710,1,47,12,3:12|2:7,0,24,1,1376461231
gym-opening-hunter,shield-wall,41,Defeat,21,0,20,384,93,435,4,72,12,3:12,0,54,1,567949482
gym-opening-hunter,shield-wall,42,Defeat,21,0,20,472,122,685,3,54,2,1:2|3:12,0,55,0,1760371508
gym-opening-hunter,shield-wall,43,Defeat,21,0,20,528,158,923,2,21,2,1:2|3:7|2:2,0,31,0,3752058483
gym-opening-hunter,shield-wall,44,Defeat,21,0,20,336,97,315,4,42,12,3:12|2:2,0,68,1,598873883
gym-opening-hunter,shield-wall,45,Defeat,21,0,20,448,111,615,2,51,7,2:7,0,56,0,3529333051
gym-opening-hunter,shield-wall,46,Defeat,21,0,20,416,99,690,4,40,12,3:12|2:7,0,62,0,4167647933
gym-opening-hunter,shield-wall,47,Defeat,21,0,20,512,155,895,4,31,2,1:2|3:12,0,61,0,2526966355
gym-opening-hunter,shield-wall,48,Defeat,21,0,20,472,119,735,1,33,2,1:2|2:2|3:8,0,38,0,2900958083
gym-opening-hunter,shield-wall,49,Defeat,21,0,20,384,82,358,1,64,2,3:2|2:12,0,38,1,1750671047
gym-opening-hunter,shield-wall,50,Defeat,20,0,20,360,78,0,3,66,2,2:2|3:2,0,50,1,2806938081
gym-opening-hunter,shield-wall,51,Defeat,21,0,20,448,115,735,3,39,2,1:2|2:7|3:12,0,49,1,14013018
gym-opening-hunter,shield-wall,52,Defeat,15,0,15,264,47,0,4,100,12,2:12,0,43,0,1791873572
gym-opening-hunter,shield-wall,53,Defeat,21,0,20,456,135,435,2,47,12,3:12,0,52,1,1338582459
gym-opening-hunter,shield-wall,54,Defeat,21,0,20,424,124,665,1,37,2,3:2|2:2,0,29,1,3137001276
gym-opening-hunter,shield-wall,55,Defeat,21,0,20,432,139,605,1,33,2,3:2,0,22,0,1126936837
gym-opening-hunter,shield-wall,56,Defeat,21,0,20,424,157,655,1,33,8,2:8,0,21,1,2692292176
gym-opening-hunter,shield-wall,57,Defeat,21,0,20,416,132,520,1,32,2,2:2|1:2,0,47,0,2784615442
gym-opening-hunter,shield-wall,58,Defeat,21,0,20,464,134,735,3,37,2,1:2|2:2,0,46,1,661894654
gym-opening-hunter,shield-wall,59,Defeat,21,0,20,528,186,903,1,28,12,2:12|1:13,0,16,1,2366803430
gym-opening-hunter,shield-wall,60,Defeat,19,0,19,352,76,0,3,65,2,1:2|3:12,0,56,0,449171001
gym-opening-hunter,shield-wall,61,Defeat,21,0,20,328,93,315,3,46,13,3:13|2:2,0,29,0,2257667861
gym-opening-hunter,shield-wall,62,Defeat,21,0,20,344,86,435,3,41,12,3:12,0,46,1,866929449
gym-opening-hunter,shield-wall,63,Victory,17,0,17,376,89,645,0,57,2,2:2|3:2,0,31,0,2581125823
gym-opening-hunter,shield-wall,64,Defeat,21,0,20,400,116,345,1,34,12,3:12|2:7,0,29,0,2054558308
gym-opening-hunter,shield-wall,65,Defeat,15,0,15,256,61,0,4,81,13,1:13|3:7,0,36,1,4188514905
gym-opening-hunter,shield-wall,66,Defeat,21,0,20,344,83,375,1,60,13,3:13|2:7,0,43,0,314716836
gym-opening-hunter,shield-wall,67,Defeat,21,0,20,472,120,710,2,25,2,1:2|2:2,0,40,0,4004498602
gym-opening-hunter,shield-wall,68,Defeat,21,0,20,496,183,893,1,19,2,2:2|1:2|3:12,0,17,1,3519348508
gym-opening-hunter,shield-wall,69,Defeat,21,0,20,416,116,435,4,36,12,3:12,0,52,1,53745983
gym-opening-hunter,shield-wall,70,Defeat,21,0,20,472,108,703,1,44,13,1:13|3:13,0,27,1,870346590
gym-opening-hunter,shield-wall,71,Defeat,21,0,20,416,134,735,4,28,2,2:2|1:2|3:2,0,54,1,1813034076
gym-opening-hunter,shield-wall,72,Defeat,21,0,20,528,136,795,2,22,2,1:2,0,33,1,380915317
gym-opening-hunter,shield-wall,73,Defeat,21,0,20,504,131,893,1,34,12,2:12|1:13,0,24,0,1100623399
gym-opening-hunter,shield-wall,74,Defeat,17,0,17,256,61,0,4,81,2,2:2,0,47,1,2938313494
gym-opening-hunter,shield-wall,75,Defeat,21,0,20,360,78,435,3,51,12,3:12,0,41,1,3766834762
gym-opening-hunter,shield-wall,76,Defeat,21,0,20,400,114,435,4,52,-1,,0,64,1,1826597395
gym-opening-hunter,shield-wall,77,Defeat,21,0,20,288,65,11,5,97,13,2:13,0,76,0,3558911330
gym-opening-hunter,shield-wall,78,Defeat,21,0,20,408,114,670,1,27,2,3:2,0,28,1,232990315
gym-opening-hunter,shield-wall,79,Defeat,21,0,20,416,108,450,1,50,12,3:12,0,34,1,160575848
gym-opening-hunter,shield-wall,80,Defeat,21,0,20,536,157,903,1,37,2,3:2|1:2,0,34,1,1340112933
gym-opening-hunter,shield-wall,81,Defeat,18,0,18,272,64,0,3,82,13,3:13|2:7,0,53,0,3550153459
gym-opening-hunter,shield-wall,82,Defeat,21,0,20,464,130,665,1,34,2,3:2|2:8,0,28,0,1648051851
gym-opening-hunter,shield-wall,83,Defeat,19,0,19,344,75,0,5,100,7,3:7,0,60,1,3426683106
gym-opening-hunter,shield-wall,84,Defeat,21,0,20,464,144,735,3,25,2,1:2|2:12,0,39,1,2582961932
gym-opening-hunter,shield-wall,85,Defeat,21,0,20,464,144,665,1,32,2,1:2|2:7|3:2,0,24,0,122052529
gym-opening-hunter,shield-wall,86,Defeat,18,0,18,312,65,0,3,76,12,3:12,0,42,1,3237387693
gym-opening-hunter,shield-wall,87,Defeat,21,0,20,472,127,675,4,33,12,3:12|1:7|2:7,0,64,0,1897484107
gym-opening-hunter,shield-wall,88,Defeat,21,0,20,400,118,645,1,44,12,3:12,0,31,1,3557032426
gym-opening-hunter,shield-wall,89,Defeat,21,0,20,408,114,630,1,41,12,3:12|2:7,0,42,0,266518374
gym-opening-hunter,shield-wall,90,Defeat,21,0,20,424,112,630,3,45,13,3:13|1:13|2:13,0,52,0,2181819931
gym-opening-hunter,shield-wall,91,Defeat,21,0,20,472,125,710,3,49,12,1:12|3:7,0,51,1,4029054195
gym-opening-hunter,shield-wall,92,Defeat,21,0,20,456,127,735,3,56,2,1:2,0,56,0,2223990964
gym-opening-hunter,shield-wall,93,Defeat,21,0,20,528,201,875,1,19,2,1:2|3:2|2:7,0,18,0,2412281751
gym-opening-hunter,shield-wall,94,Defeat,21,0,20,456,131,570,2,35,2,1:2|2:12,0,43,0,3319912160
gym-opening-hunter,shield-wall,95,Defeat,21,0,20,408,105,635,4,35,2,3:2|2:7,0,52,0,189649801
gym-opening-hunter,shield-wall,96,Defeat,18,0,18,256,67,0,6,87,2,2:2,0,68,1,1987809290
gym-opening-hunter,shield-wall,97,Defeat,21,0,20,392,90,660,1,53,12,3:12|2:13,0,44,1,2001723837
gym-opening-hunter,shield-wall,98,Defeat,21,0,20,456,114,435,2,47,12,3:12,0,45,1,3003838152
gym-opening-hunter,shield-wall,99,Defeat,21,0,20,424,131,620,1,45,13,3:13,0,39,1,2962571333
gym-opening-hunter,shield-wall,100,Defeat,21,0,20,392,108,240,2,59,2,3:2|2:7,0,50,0,1629688560
gym-opening-hunter,shield-wall,101,Defeat,21,0,20,512,201,840,1,21,13,1:13|3:7,0,22,0,2250249238
gym-opening-hunter,shield-wall,102,Defeat,21,0,20,520,135,900,1,27,2,3:2|1:2|2:2,0,13,1,3653281406
gym-opening-hunter,shield-wall,103,Defeat,21,0,20,456,137,735,3,24,2,1:2|3:12,0,38,1,3226837836
gym-opening-hunter,shield-wall,104,Defeat,21,0,20,432,106,690,1,29,7,2:7|3:12,0,46,0,1196781709
gym-opening-hunter,shield-wall,105,Defeat,21,0,20,416,134,650,1,38,12,3:12,0,30,1,2078598676
gym-opening-hunter,shield-wall,106,Defeat,21,0,20,536,175,807,1,31,2,3:2|1:2|2:2,0,26,0,2236208424
gym-opening-hunter,shield-wall,107,Defeat,20,0,20,320,60,0,4,75,2,3:2|2:12,0,46,1,3989384989
gym-opening-hunter,shield-wall,108,Defeat,21,0,20,328,78,298,4,78,12,3:12|2:2,0,58,1,497680615
gym-opening-hunter,shield-wall,109,Defeat,21,0,20,520,119,773,5,43,2,1:2|2:7|3:12,0,76,0,3322882931
gym-opening-hunter,shield-wall,110,Victory,20,0,20,424,94,415,0,50,13,1:13|2:7|3:2,0,44,0,3549014566
gym-opening-hunter,shield-wall,111,Defeat,21,0,20,432,99,710,1,38,12,3:12|2:7,0,40,0,2948864889
gym-opening-hunter,shield-wall,112,Defeat,21,0,20,288,50,118,1,72,2,2:2,0,38,1,2659219743
gym-opening-hunter,shield-wall,113,Defeat,21,0,20,520,114,892,2,20,2,1:2,0,28,1,1035167290
gym-opening-hunter,shield-wall,114,Defeat,21,0,20,352,102,390,4,52,2,2:2|3:12,0,66,1,2487293704
gym-opening-hunter,shield-wall,115,Defeat,21,0,20,368,98,435,3,45,12,3:12,0,45,1,402133386
gym-opening-hunter,shield-wall,116,Defeat,21,0,20,320,84,401,4,62,13,3:13,0,66,0,2151221057
gym-opening-hunter,shield-wall,117,Defeat,21,0,20,400,99,405,3,40,2,1:2,0,55,1,3869495822
gym-opening-hunter,shield-wall,118,Defeat,21,0,20,488,146,710,1,32,2,3:2,0,33,1,1857404021
gym-opening-hunter,shield-wall,119,Defeat,21,0,20,400,128,550,1,48,12,3:12,0,35,1,2628363224
gym-opening-hunter,shield-wall,120,Defeat,21,0,20,472,118,640,1,40,13,4:13|3:12|2:7,0,32,0,2028268093
gym-opening-hunter,shield-wall,121,Defeat,21,0,20,520,182,904,1,20,2,2:2|1:2,0,21,1,3289921626
gym-opening-hunter,shield-wall,122,Defeat,21,0,20,376,93,341,2,55,12,3:12,0,34,1,1153811830
gym-opening-hunter,shield-wall,123,Defeat,21,0,20,408,114,665,3,43,2,2:2|3:12,0,46,1,3696929455
gym-opening-hunter,shield-wall,124,Defeat,21,0,20,424,114,685,1,58,12,3:12|2:7,0,35,1,1904056586
gym-opening-hunter,shield-wall,125,Defeat,21,0,20,448,111,615,1,44,12,3:12,0,32,1,2890377249
gym-opening-hunter,shield-wall,126,Defeat,21,0,20,360,63,315,2,57,7,2:7,0,30,0,2244315405
gym-opening-hunter,shield-wall,127,Defeat,21,0,20,400,150,645,1,30,2,2:2|3:2,0,18,1,3696074436
gym-opening-hunter,shield-wall,128,Defeat,21,0,20,480,123,710,3,36,12,3:12|1:7|2:2,0,58,0,1488737292
gym-opening-hunter,shield-wall,129,Defeat,21,0,20,408,78,705,5,43,12,3:12,0,62,1,368887497
gym-opening-hunter,shield-wall,130,Defeat,21,0,20,432,119,685,2,27,12,3:12,0,36,1,2814460601
gym-opening-hunter,shield-wall,131,Defeat,21,0,20,520,157,915,4,27,13,3:13|1:2|2:2,0,68,0,1343778653
gym-opening-hunter,shield-wall,132,Defeat,21,0,20,480,130,735,2,48,2,1:2,0,36,0,1252806698
gym-opening-hunter,shield-wall,133,Defeat,21,0,20,400,100,590,1,32,12,3:12,0,21,0,102989174
gym-opening-hunter,shield-wall,134,Defeat,21,0,20,344,91,435,2,60,2,3:2,0,28,1,3468629738
gym-opening-hunter,shield-wall,135,Defeat,15,0,15,256,62,0,3,84,-1,,0,41,1,328417888
gym-opening-hunter,shield-wall,136,Defeat,21,0,20,536,194,925,1,17,7,3:7|1:12,0,23,0,1481916646
gym-opening-hunter,shield-wall,137,Defeat,21,0,20,384,83,435,4,47,2,2:2,0,52,1,3325217637
gym-opening-hunter,shield-wall,138,Defeat,21,0,20,480,143,710,3,40,2,1:2|2:2|3:12,0,50,1,3444874092
gym-opening-hunter,shield-wall,139,Defeat,21,0,20,416,107,435,4,61,2,1:2|3:13,0,52,1,2696217887
gym-opening-hunter,shield-wall,140,Defeat,21,0,20,400,126,375,1,60,2,3:2,0,39,0,4138122499
gym-opening-hunter,shield-wall,141,Defeat,21,0,20,472,132,720,1,35,-1,,0,38,0,2900094390
gym-opening-hunter,shield-wall,142,Defeat,21,0,20,432,117,735,2,35,2,2:2|3:12,0,34,0,1605744269
gym-opening-hunter,shield-wall,143,Defeat,21,0,20,456,122,648,2,42,13,3:13|1:2,0,35,0,1871213681
gym-opening-hunter,shield-wall,144,Defeat,21,0,20,432,148,665,3,31,12,3:12,0,42,0,159250934
gym-opening-hunter,shield-wall,145,Victory,20,0,20,344,76,105,0,62,2,2:2|3:13,0,47,0,4133895368
gym-opening-hunter,shield-wall,146,Defeat,21,0,20,376,81,240,2,70,2,2:2,0,54,1,4141973407
gym-opening-hunter,shield-wall,147,Defeat,21,0,20,520,153,871,2,32,2,1:2|2:7,0,27,0,1841633514
gym-opening-hunter,shield-wall,148,Defeat,21,0,20,432,131,435,4,66,2,3:2|2:2,0,75,0,3805765440
gym-opening-hunter,shield-wall,149,Defeat,21,0,20,416,112,735,3,44,13,3:13,0,38,1,733144589
gym-opening-hunter,shield-wall,150,Defeat,21,0,20,424,118,595,1,32,12,3:12,0,36,1,2583222460
gym-opening-hunter,shield-wall,151,Defeat,21,0,20,512,142,827,1,37,13,1:13,0,26,1,429243740
gym-opening-hunter,shield-wall,152,Defeat,21,0,20,408,126,650,1,31,2,3:2|2:2,0,24,0,4196869128
gym-opening-hunter,shield-wall,153,Defeat,21,0,20,392,110,655,1,46,2,2:2|3:12,0,49,0,3122101627
gym-opening-hunter,shield-wall,154,Defeat,21,0,20,448,111,685,2,44,2,1:2,0,48,1,1855323448
gym-opening-hunter,shield-wall,155,Defeat,21,0,20,472,118,735,2,44,2,1:2|3:2,0,36,1,3205123487
gym-opening-hunter,shield-wall,156,Defeat,21,0,20,368,89,90,3,67,12,3:12,0,46,1,3438408825
gym-opening-hunter,shield-wall,157,Defeat,21,0,20,408,95,565,2,45,2,3:2,0,36,1,3694552112
gym-opening-hunter,shield-wall,158,Defeat,21,0,20,432,117,650,1,42,13,3:13|2:13,0,31,1,3941474332
gym-opening-hunter,shield-wall,159,Defeat,21,0,20,312,88,60,4,79,2,3:2,0,67,1,1670599542
gym-opening-hunter,shield-wall,160,Defeat,21,0,20,392,84,405,2,73,12,3:12|2:7,0,52,0,1539582807
gym-opening-hunter,shield-wall,161,Defeat,15,0,15,224,59,0,6,78,2,2:2,0,56,1,2231517178
gym-opening-hunter,shield-wall,162,Defeat,21,0,20,528,171,840,1,30,7,3:7|1:2|2:7,0,28,0,3798571416
gym-opening-hunter,shield-wall,163,Defeat,21,0,20,472,123,545,3,50,2,1:2|2:2|3:12,0,54,0,1436113511
gym-opening-hunter,shield-wall,164,Defeat,21,0,20,400,92,655,2,44,2,3:2|2:2,0,43,0,896608628
gym-opening-hunter,shield-wall,165,Defeat,21,0,20,400,104,375,3,54,2,2:2|3:12,0,58,0,356265899
gym-opening-hunter,shield-wall,166,Defeat,21,0,20,520,164,905,1,30,13,1:13|3:12,0,26,0,1484540709
gym-opening-hunter,shield-wall,167,Defeat,21,0,20,320,62,90,4,75,13,3:13,0,76,0,1382144458
gym-opening-hunter,shield-wall,168,Defeat,21,0,20,440,147,665,1,38,-1,,0,23,1,1461172970
gym-opening-hunter,shield-wall,169,Defeat,21,0,20,384,93,285,2,37,2,1:2|2:2|3:12,0,51,0,4134662414
gym-opening-hunter,shield-wall,170,Defeat,21,0,20,520,171,735,3,32,2,1:2,0,60,0,798510436
gym-opening-hunter,shield-wall,171,Defeat,21,0,20,440,119,646,3,52,12,3:12|1:2,0,41,1,615981887
gym-opening-hunter,shield-wall,172,Defeat,21,0,20,424,120,515,1,26,2,2:2|3:13,0,34,1,3796476798
gym-opening-hunter,shield-wall,173,Defeat,21,0,20,448,114,595,3,51,13,3:13|2:2,0,55,0,2445594722
gym-opening-hunter,shield-wall,174,Defeat,21,0,20,432,119,660,1,35,7,3:7,0,21,0,621153877
gym-opening-hunter,shield-wall,175,Defeat,21,0,20,392,77,660,2,63,12,3:12,0,61,0,3072599347
gym-opening-hunter,shield-wall,176,Defeat,21,0,20,408,103,665,2,33,12,3:12,0,37,0,379928934
gym-opening-hunter,shield-wall,177,Defeat,21,0,20,344,103,345,2,46,12,3:12|2:2,0,40,1,1866442846
gym-opening-hunter,shield-wall,178,Victory,17,0,17,368,72,503,0,63,2,1:2|2:7,0,30,0,633978666
gym-opening-hunter,shield-wall,179,Defeat,21,0,20,528,167,903,1,19,12,3:12|1:2|2:2,0,26,0,3931065676
gym-opening-hunter,shield-wall,180,Defeat,15,0,15,288,50,0,2,77,13,3:13|2:8,0,37,0,2072990866
gym-opening-hunter,shield-wall,181,Victory,19,0,19,424,97,685,0,49,2,3:2|2:7,0,24,0,4072354409
gym-opening-hunter,shield-wall,182,Defeat,21,0,20,520,193,945,1,20,2,2:2|1:2|3:2,0,16,1,364709715
gym-opening-hunter,shield-wall,183,Defeat,21,0,20,424,83,650,1,45,2,3:2|2:2,0,39,0,405902460
gym-opening-hunter,shield-wall,184,Defeat,21,0,20,416,143,665,1,28,2,2:2,0,16,1,681703138
gym-opening-hunter,shield-wall,185,Defeat,21,0,20,496,149,735,2,29,13,3:13|1:2|2:2,0,41,0,1892973581
gym-opening-hunter,shield-wall,186,Defeat,21,0,20,416,94,275,1,48,7,2:7|1:13|3:2,0,46,0,1589488070
gym-opening-hunter,shield-wall,187,Defeat,21,0,20,472,141,735,2,23,12,3:12|1:2,0,38,1,2891168633
gym-opening-hunter,shield-wall,188,Defeat,21,0,20,408,95,510,3,37,12,3:12,0,40,1,2742587354
gym-opening-hunter,shield-wall,189,Defeat,21,0,20,520,151,829,1,40,2,1:2|3:12,0,35,1,590069323
gym-opening-hunter,shield-wall,190,Defeat,21,0,20,424,132,520,1,43,2,3:2|2:2,0,37,1,114955269
gym-opening-hunter,shield-wall,191,Defeat,21,0,20,504,199,894,1,26,13,1:13|2:8,0,20,0,2706629285
gym-opening-hunter,shield-wall,192,Defeat,21,0,20,416,121,685,1,28,13,3:13,0,22,0,172449902
gym-opening-hunter,shield-wall,193,Defeat,21,0,20,440,125,665,2,41,2,3:2|2:8,0,42,0,2179025796
gym-opening-hunter,shield-wall,194,Defeat,21,0,20,448,116,435,4,41,2,1:2|2:2,0,58,0,3168556741
gym-opening-hunter,shield-wall,195,Defeat,21,0,20,328,74,105,2,60,12,3:12,0,36,1,3797849719
gym-opening-hunter,shield-wall,196,Defeat,21,0,20,400,109,735,1,32,12,3:12|2:12,0,18,0,3475214947
gym-opening-hunter,shield-wall,197,Defeat,21,0,20,400,106,435,3,38,2,1:2|3:12,0,57,1,1924758242
gym-opening-hunter,shield-wall,198,Defeat,21,0,20,384,107,420,3,45,13,3:13,0,52,1,2021319135
gym-opening-hunter,shield-wall,199,Defeat,21,0,20,528,173,805,1,31,2,1:2|2:7,0,40,0,483279479
gym-opening-hunter,shield-wall,200,Defeat,21,0,20,528,159,904,1,28,2,1:2|2:7,0,26,1,2461167771
gym-opening-hunter,charge,1,Victory,6,0,6,176,31,955,0,68,7,2:7|1:8|3:12,0,3,0,3708809042
gym-opening-hunter,charge,2,Victory,8,0,8,216,54,890,0,74,12,3:12,0,8,0,2336523344
gym-opening-hunter,charge,3,Victory,8,0,8,208,44,765,0,53,8,3:8|1:8,0,4,0,2765996676
gym-opening-hunter,charge,4,Victory,8,0,8,208,71,635,0,50,7,3:7|2:8,0,8,0,2292834277
gym-opening-hunter,charge,5,Victory,19,0,19,296,81,135,0,83,8,2:8,0,17,0,745929102
gym-opening-hunter,charge,6,Victory,7,0,7,200,51,955,0,60,7,2:7|3:12|1:7,0,5,0,3863052687
gym-opening-hunter,charge,7,Victory,10,0,10,224,52,465,0,71,7,2:7|3:8,0,5,0,1803019223
gym-opening-hunter,charge,8,Victory,8,0,8,216,41,825,0,85,8,3:8|1:2|2:8,0,13,0,2999748496
gym-opening-hunter,charge,9,Victory,15,0,15,232,66,105,0,62,7,2:7,0,11,0,3147102832
gym-opening-hunter,charge,10,Victory,9,0,9,216,46,535,0,81,8,3:8|2:7,0,9,0,3710706919
gym-opening-hunter,charge,11,Victory,9,0,9,192,42,345,0,95,12,3:12|1:7|2:7,0,7,0,297282905
gym-opening-hunter,charge,12,Victory,12,0,12,216,51,255,0,59,7,1:7|3:12|2:8,0,5,0,817156210
gym-opening-hunter,charge,13,Victory,6,0,6,192,45,1010,0,41,7,1:7|3:8|4:7,0,2,0,2660026968
gym-opening-hunter,charge,14,Victory,6,0,6,176,41,825,0,63,12,3:12|1:8|2:7,0,4,0,2897479255
gym-opening-hunter,charge,15,Defeat,16,0,16,240,65,0,1,80,7,2:7,0,14,0,1599206902
gym-opening-hunter,charge,16,Defeat,13,0,13,216,42,0,2,122,7,2:7,0,27,0,254728104
gym-opening-hunter,charge,17,Victory,10,0,10,184,39,315,0,95,7,1:7|2:8|3:8,0,11,0,1199582731
gym-opening-hunter,charge,18,Victory,11,0,11,224,66,535,0,85,7,1:7|3:7|2:8,0,19,0,282922768
gym-opening-hunter,charge,19,Victory,12,0,12,200,47,135,0,92,12,3:12|2:8,0,12,0,3647192060
gym-opening-hunter,charge,20,Victory,7,0,7,200,53,760,0,56,8,1:8|2:7,0,6,0,4013308867
gym-opening-hunter,charge,21,Victory,14,0,14,224,72,135,0,64,8,3:8|2:8,0,8,0,832241576
gym-opening-hunter,charge,22,Victory,8,0,8,216,62,760,0,81,12,3:12|1:7,0,14,0,3281115906
gym-opening-hunter,charge,23,Victory,8,0,8,208,49,718,0,73,12,3:12|2:2|1:7,0,8,0,3080421687
gym-opening-hunter,charge,24,Victory,8,0,8,184,47,585,0,65,7,1:7|3:8,0,3,0,4175639177
gym-opening-hunter,charge,25,Defeat,11,0,11,192,44,0,1,120,12,3:12|2:7,0,15,0,3233961114
gym-opening-hunter,charge,26,Defeat,13,0,13,192,33,0,1,91,8,2:8,0,13,0,2804133021
gym-opening-hunter,charge,27,Victory,17,0,17,248,71,28,0,74,7,3:7|2:7,0,16,0,3177359649
gym-opening-hunter,charge,28,Victory,12,0,12,200,48,75,0,92,7,2:7,0,16,0,3109004257
gym-opening-hunter,charge,29,Victory,10,0,10,256,60,735,0,71,8,3:8|2:7|1:7,0,9,0,3883773331
gym-opening-hunter,charge,30,Victory,8,0,8,216,57,825,0,66,8,3:8|2:7,0,10,0,892880114
gym-opening-hunter,charge,31,Defeat,14,0,14,248,80,0,3,132,-1,,0,26,0,3035964848
gym-opening-hunter,charge,32,Victory,8,0,8,200,42,718,0,80,12,3:12,0,9,0,1343078225
gym-opening-hunter,charge,33,Defeat,11,0,11,176,49,0,2,104,-1,,0,16,0,9291647
gym-opening-hunter,charge,34,Defeat,15,0,15,208,45,0,1,92,7,2:7,0,12,1,4266168396
gym-opening-hunter,charge,35,Defeat,15,0,15,224,62,0,1,78,7,2:7,0,11,0,3577991622
gym-opening-hunter,charge,36,Victory,7,0,7,176,34,485,0,77,7,1:7|3:12|2:7,0,5,0,2062505566
gym-opening-hunter,charge,37,Defeat,12,0,12,208,45,0,2,111,7,2:7,0,18,0,4174339564
gym-opening-hunter,charge,38,Victory,10,0,10,224,43,405,0,89,13,4:13|3:8|2:7,0,12,0,1087672999
gym-opening-hunter,charge,39,Victory,11,0,11,192,45,238,0,95,8,3:8|2:7,0,10,0,1937259091
gym-opening-hunter,charge,40,Victory,7,0,7,176,42,485,0,81,13,3:13|1:7|2:2,0,5,0,2040871640
gym-opening-hunter,charge,41,Victory,9,0,9,216,47,635,0,74,12,3:12,0,13,0,555098169
gym-opening-hunter,charge,42,Victory,13,0,13,224,53,195,0,100,7,2:7|3:8,0,15,0,755110016
gym-opening-hunter,charge,43,Defeat,10,0,10,176,34,0,1,109,7,2:7,0,15,0,3275553617
gym-opening-hunter,charge,44,Victory,14,0,14,248,54,195,0,83,13,3:13|2:7,0,15,0,1104442126
gym-opening-hunter,charge,45,Victory,11,0,11,184,41,255,0,86,7,2:7,0,10,0,904792452
gym-opening-hunter,charge,46,Victory,8,0,8,192,46,635,0,70,8,2:8|3:7,0,9,0,4255664981
gym-opening-hunter,charge,47,Victory,8,0,8,184,36,405,0,82,7,1:7|3:12|2:7,0,6,0,2717516422
gym-opening-hunter,charge,48,Victory,8,0,8,192,40,485,0,79,12,3:12|1:2,0,10,0,1269351288
gym-opening-hunter,charge,49,Victory,9,0,9,184,37,375,0,78,8,3:8|2:7,0,5,0,1777171403
gym-opening-hunter,charge,50,Victory,6,0,6,192,52,1010,0,54,8,1:8,0,3,0,3907266164
gym-opening-hunter,charge,51,Victory,7,0,7,184,48,735,0,65,7,2:7|3:12,0,4,0,319090037
gym-opening-hunter,charge,52,Victory,8,0,8,192,43,635,0,79,13,4:13|1:7|2:8|3:7,0,7,0,2088199936
gym-opening-hunter,charge,53,Victory,16,0,16,272,89,225,0,73,8,2:8|3:8,0,12,0,1117294080
gym-opening-hunter,charge,54,Victory,11,0,11,304,77,895,0,60,8,2:8|3:8,0,9,0,85972279
gym-opening-hunter,charge,55,Victory,11,0,11,248,44,515,0,77,13,4:13|3:12|2:8,0,10,0,3868550017
gym-opening-hunter,charge,56,Victory,9,0,9,240,47,761,0,96,8,3:8|1:2|2:8,0,16,0,2764666744
gym-opening-hunter,charge,57,Victory,7,0,7,216,42,955,0,66,8,2:8|3:8,0,7,0,539040827
gym-opening-hunter,charge,58,Defeat,11,0,11,192,39,0,1,104,7,1:7|3:12|2:7,0,16,0,160532192
gym-opening-hunter,charge,59,Victory,12,0,12,216,46,255,0,88,8,3:8|2:7,0,12,0,1692838649
gym-opening-hunter,charge,60,Defeat,17,0,17,224,42,0,1,100,7,2:7,0,14,1,3476269438
gym-opening-hunter,charge,61,Victory,10,0,10,192,30,315,0,75,8,2:8|3:8,0,8,0,1469537028
gym-opening-hunter,charge,62,Defeat,9,0,9,176,31,0,2,122,12,3:12|2:7,0,11,0,3891399841
gym-opening-hunter,charge,63,Victory,10,0,10,240,44,475,0,103,8,3:8,0,14,0,3396749476
gym-opening-hunter,charge,64,Victory,7,0,7,176,48,685,0,81,8,3:8,0,7,0,1551443193
gym-opening-hunter,charge,65,Victory,8,0,8,200,45,685,0,80,12,3:12,0,9,0,2469312945
gym-opening-hunter,charge,66,Victory,8,0,8,192,38,435,0,108,8,3:8,0,9,0,2604839392
gym-opening-hunter,charge,67,Victory,20,0,20,368,175,558,0,76,8,2:8|3:7,0,41,0,876896400
gym-opening-hunter,charge,68,Victory,13,0,13,288,85,635,0,69,12,3:12|2:7,0,16,0,911569154
gym-opening-hunter,charge,69,Victory,7,0,7,184,60,685,0,60,7,1:7|3:8|2:7,0,4,0,4216412736
gym-opening-hunter,charge,70,Victory,12,0,12,216,54,135,0,103,7,1:7|3:12|2:7,0,10,0,2859250673
gym-opening-hunter,charge,71,Victory,17,0,17,320,129,515,0,65,7,2:7|3:7,0,28,0,3527538026
gym-opening-hunter,charge,72,Victory,10,0,10,224,48,505,0,71,7,2:7|3:8,0,9,0,620132159
gym-opening-hunter,charge,73,Defeat,10,0,10,192,60,0,4,141,2,3:2|2:7,0,23,0,1142457283
gym-opening-hunter,charge,74,Victory,12,0,12,272,81,485,0,100,7,2:7|3:8,0,18,0,3471623309
gym-opening-hunter,charge,75,Victory,11,0,11,200,46,135,0,88,7,1:7|2:7|3:7,0,12,0,2086962193
gym-opening-hunter,charge,76,Victory,12,0,12,232,46,255,0,113,13,3:13|2:12,0,19,0,3117860196
gym-opening-hunter,charge,77,Defeat,12,0,12,208,55,0,3,107,7,2:7,0,27,0,3968272010
gym-opening-hunter,charge,78,Victory,7,0,7,208,46,891,0,50,8,3:8|1:7,0,2,0,4279978457
gym-opening-hunter,charge,79,Victory,8,0,8,192,37,568,0,75,8,1:8|2:7|3:8,0,6,0,1499900696
gym-opening-hunter,charge,80,Victory,8,0,8,200,51,685,0,76,2,1:2|3:8,0,9,0,2257282792
gym-opening-hunter,charge,81,Victory,7,0,7,200,40,761,0,76,7,1:7,0,9,0,2215866864
gym-opening-hunter,charge,82,Victory,10,0,10,192,37,285,0,104,12,3:12|2:7,0,11,0,330544276
gym-opening-hunter,charge,83,Victory,9,0,9,240,65,795,0,63,8,3:8,0,7,0,1261840797
gym-opening-hunter,charge,84,Victory,9,0,9,216,43,585,0,85,12,3:12|2:7,0,11,0,1507023438
gym-opening-hunter,charge,85,Victory,7,0,7,184,42,635,0,86,12,3:12|1:7,0,6,0,479938885
gym-opening-hunter,charge,86,Victory,9,0,9,176,33,315,0,72,7,2:7|3:8,0,6,0,245646578
gym-opening-hunter,charge,87,Victory,8,0,8,232,81,760,0,34,8,2:8|1:7,0,4,0,1871840966
gym-opening-hunter,charge,88,Victory,9,0,9,240,53,825,0,76,12,3:12,0,11,0,1341225144
gym-opening-hunter,charge,89,Victory,12,0,12,200,38,195,0,96,8,2:8|3:8,0,11,0,2187688438
gym-opening-hunter,charge,90,Victory,6,0,6,184,37,890,0,69,7,2:7|1:8,0,3,0,3396381670
gym-opening-hunter,charge,91,Victory,14,0,14,224,71,105,0,67,7,2:7,0,11,0,919437965
gym-opening-hunter,charge,92,Victory,8,0,8,168,32,375,0,85,7,1:7|2:8,0,6,0,839702135
gym-opening-hunter,charge,93,Victory,9,0,9,208,41,485,0,107,8,3:8|2:8,0,16,0,300103922
gym-opening-hunter,charge,94,Victory,8,0,8,192,39,635,0,79,7,2:7|3:12|1:8,0,6,0,3354105802
gym-opening-hunter,charge,95,Victory,15,0,15,256,41,75,0,93,13,4:13|3:12|2:7,0,18,0,4179733262
gym-opening-hunter,charge,96,Victory,8,0,8,184,50,475,0,65,7,1:7|3:13|2:7,0,6,0,2352775987
gym-opening-hunter,charge,97,Victory,8,0,8,216,56,765,0,77,8,3:8,0,8,0,3192974883
gym-opening-hunter,charge,98,Victory,6,0,6,160,42,635,0,65,2,2:2|3:12|1:7,0,2,0,1163160972
gym-opening-hunter,charge,99,Defeat,11,0,11,200,37,0,3,144,13,4:13|3:12|2:8,0,22,0,2222196345
gym-opening-hunter,charge,100,Victory,8,0,8,216,50,890,0,74,2,1:2|2:7|3:8,0,8,0,2573137137
gym-opening-hunter,charge,101,Victory,8,0,8,200,56,485,0,76,7,2:7|3:8,0,7,0,2096821871
gym-opening-hunter,charge,102,Victory,10,0,10,216,50,435,0,81,7,1:7|2:7|3:12,0,11,0,3606285721
gym-opening-hunter,charge,103,Victory,15,0,15,264,74,315,0,72,8,2:8|3:8,0,11,0,2066797593
gym-opening-hunter,charge,104,Defeat,9,0,9,160,57,0,3,100,-1,,0,15,1,1566050682
gym-opening-hunter,charge,105,Victory,13,0,13,208,42,195,0,73,7,1:7|2:7,0,13,0,1618188497
gym-opening-hunter,charge,106,Victory,7,0,7,184,47,760,0,52,8,3:8|1:8,0,7,0,2426137006
gym-opening-hunter,charge,107,Defeat,19,0,19,296,65,0,1,86,7,2:7,0,23,0,4291049219
gym-opening-hunter,charge,108,Victory,16,0,16,272,64,195,0,70,12,3:12|2:8,0,13,0,189849387
gym-opening-hunter,charge,109,Victory,7,0,7,200,38,955,0,68,7,2:7|3:12|1:8,0,7,0,4008650396
gym-opening-hunter,charge,110,Victory,11,0,11,232,46,405,0,93,7,2:7|3:12,0,12,0,3347854628
gym-opening-hunter,charge,111,Victory,10,0,10,224,59,535,0,67,12,3:12|2:7,0,10,0,892940325
gym-opening-hunter,charge,112,Victory,12,0,12,192,41,15,0,83,12,3:12|2:7,0,13,0,1868238270
gym-opening-hunter,charge,113,Defeat,11,0,11,200,58,0,3,116,7,1:7|2:8,0,19,0,3397127687
gym-opening-hunter,charge,114,Victory,8,0,8,216,40,955,0,59,13,3:13|2:7,0,10,0,3929349668
gym-opening-hunter,charge,115,Victory,8,0,8,192,33,535,0,91,8,2:8|1:7|3:8,0,9,0,2677496160
gym-opening-hunter,charge,116,Defeat,14,0,14,200,44,0,2,104,-1,,0,17,1,938494700
gym-opening-hunter,charge,117,Defeat,11,0,11,200,51,0,2,112,8,2:8,0,15,0,2646763728
gym-opening-hunter,charge,118,Defeat,15,0,15,224,77,0,3,82,-1,,0,24,2,62010866
gym-opening-hunter,charge,119,Victory,13,0,13,216,47,225,0,85,13,3:13|2:7,0,14,0,3379696303
gym-opening-hunter,charge,120,Victory,9,0,9,240,58,804,0,86,7,2:7|3:8,0,12,0,2438749706
gym-opening-hunter,charge,121,Victory,10,0,10,256,71,485,0,75,2,1:2|2:2|3:12,0,14,0,3576630890
gym-opening-hunter,charge,122,Victory,7,0,7,184,50,685,0,56,13,3:13|1:7,0,4,0,2289994548
gym-opening-hunter,charge,123,Victory,7,0,7,200,48,761,0,60,8,1:8,0,6,0,378676390
gym-opening-hunter,charge,124,Victory,10,0,10,256,103,955,0,40,7,3:7|1:7|2:7,0,7,0,3322936844
gym-opening-hunter,charge,125,Victory,8,0,8,200,33,575,0,100,12,3:12|2:7,0,10,0,2158662842
gym-opening-hunter,charge,126,Victory,8,0,8,200,52,585,0,64,12,3:12|2:7,0,5,0,2226369592
gym-opening-hunter,charge,127,Victory,9,0,9,208,49,525,0,69,8,2:8|3:7,0,10,0,603663745
gym-opening-hunter,charge,128,Defeat,13,0,13,216,31,0,1,114,8,3:8|2:7,0,19,0,2935576404
gym-opening-hunter,charge,129,Defeat,11,0,11,192,36,0,1,112,7,2:7|3:12,0,13,0,162936422
gym-opening-hunter,charge,130,Victory,10,0,10,184,34,315,0,113,7,1:7|2:8|3:12,0,15,0,697484654
gym-opening-hunter,charge,131,Victory,6,0,6,160,38,635,0,65,2,2:2|3:12|1:7,0,2,0,3658244398
gym-opening-hunter,charge,132,Victory,11,0,11,232,61,585,0,65,8,2:8,0,9,0,447965263
gym-opening-hunter,charge,133,Victory,7,0,7,184,48,535,0,91,8,1:8|2:7|3:8,0,7,0,2460177646
gym-opening-hunter,charge,134,Victory,7,0,7,200,37,825,0,96,8,3:8|2:7,0,7,0,3682817533
gym-opening-hunter,charge,135,Victory,6,0,6,176,33,955,0,59,7,2:7|1:8,0,4,0,3517464803
gym-opening-hunter,charge,136,Victory,9,0,9,216,43,685,0,88,12,3:12,0,14,0,975477714
gym-opening-hunter,charge,137,Defeat,14,0,14,224,56,0,1,92,7,3:7|2:7,0,14,0,3109010297
gym-opening-hunter,charge,138,Victory,8,0,8,208,47,760,0,69,8,3:8,0,9,0,4273958235
gym-opening-hunter,charge,139,Defeat,11,0,11,184,42,0,1,95,13,3:13|2:7,0,12,0,3960379429
gym-opening-hunter,charge,140,Victory,8,0,8,208,58,485,0,80,7,1:7|2:8,0,9,0,306572024
gym-opening-hunter,charge,141,Victory,9,0,9,208,40,435,0,92,13,3:13|2:7,0,10,0,3268392864
gym-opening-hunter,charge,142,Victory,8,0,8,184,40,375,0,86,7,1:7|3:13|2:8,0,7,0,3834179990
gym-opening-hunter,charge,143,Victory,7,0,7,168,30,535,0,76,7,1:7|3:12|2:8,0,5,0,1584698413
gym-opening-hunter,charge,144,Defeat,10,0,10,192,32,0,1,120,12,3:12|2:7,0,12,0,3910442108
gym-opening-hunter,charge,145,Victory,10,0,10,192,42,315,0,75,7,2:7|3:8,0,7,0,2416649936
gym-opening-hunter,charge,146,Victory,9,0,9,192,29,345,0,95,12,3:12|1:7|2:7,0,7,0,639270343
gym-opening-hunter,charge,147,Victory,16,0,16,248,46,54,0,103,12,3:12|2:7,0,18,0,2518715850
gym-opening-hunter,charge,148,Victory,10,0,10,256,65,615,0,90,8,3:8|2:7|1:7,0,10,0,3998877508
gym-opening-hunter,charge,149,Victory,7,0,7,176,48,485,0,68,7,1:7|2:2|3:8,0,4,0,2609603325
gym-opening-hunter,charge,150,Victory,6,0,6,192,45,1080,0,45,8,1:8|2:7,0,4,0,467065154
gym-opening-hunter,charge,151,Defeat,12,0,12,208,45,0,2,111,13,4:13|3:12|2:8,0,19,0,183038538
gym-opening-hunter,charge,152,Victory,9,0,9,208,50,435,0,88,12,3:12|2:8,0,10,0,4103021118
gym-opening-hunter,charge,153,Victory,9,0,9,224,54,635,0,92,8,3:8,0,11,0,2920109077
gym-opening-hunter,charge,154,Victory,11,0,11,192,36,135,0,79,7,1:7|3:12|2:7,0,11,0,4032750384
gym-opening-hunter,charge,155,Victory,11,0,11,184,36,75,0,108,7,1:7|2:8|3:8,0,13,0,32596082
gym-opening-hunter,charge,156,Defeat,9,0,9,176,41,0,4,145,12,3:12|2:7,0,18,0,1681483246
gym-opening-hunter,charge,157,Victory,7,0,7,168,28,535,0,76,7,1:7|3:12|2:8,0,5,0,2889729780
gym-opening-hunter,charge,158,Victory,10,0,10,176,32,75,0,100,7,2:7|3:12,0,14,0,1737866932
gym-opening-hunter,charge,159,Victory,7,0,7,168,35,535,0,76,7,2:7|3:8,0,4,0,965712133
gym-opening-hunter,charge,160,Victory,9,0,9,240,61,765,0,70,12,3:12,0,11,0,1502958662
gym-opening-hunter,charge,161,Victory,15,0,15,256,61,165,0,87,8,2:8,0,14,0,3939954652
gym-opening-hunter,charge,162,Victory,12,0,12,208,35,255,0,84,7,1:7|2:8,0,13,0,3534438927
gym-opening-hunter,charge,163,Victory,8,0,8,184,35,425,0,86,12,3:12|2:7,0,8,0,2587038495
gym-opening-hunter,charge,164,Victory,9,0,9,200,39,405,0,96,13,3:13|2:7,0,11,0,3905174250
gym-opening-hunter,charge,165,Defeat,13,0,13,208,47,0,1,96,7,2:7,0,18,0,3751843869
gym-opening-hunter,charge,166,Victory,10,0,10,232,62,465,0,75,7,1:7|2:7|3:8,0,8,0,1541815156
gym-opening-hunter,charge,167,Victory,8,0,8,168,32,375,0,85,7,1:7|3:12|2:8,0,6,0,1533678458
gym-opening-hunter,charge,168,Victory,7,0,7,192,48,760,0,54,8,3:8|1:7,0,3,0,3593801768
gym-opening-hunter,charge,169,Victory,10,0,10,200,37,345,0,72,7,1:7|2:7|3:8,0,9,0,3713057136
gym-opening-hunter,charge,170,Victory,9,0,9,232,48,735,0,68,7,2:7|3:8|1:8,0,9,0,610878419
gym-opening-hunter,charge,171,Defeat,12,0,12,192,45,0,1,95,7,2:7,0,13,0,2446935276
gym-opening-hunter,charge,172,Victory,16,0,16,256,59,105,0,103,13,3:13|2:7,0,18,0,2802855276
gym-opening-hunter,charge,173,Victory,8,0,8,184,33,465,0,78,7,1:7|3:12|2:8,0,6,0,4213855189
gym-opening-hunter,charge,174,Victory,7,0,7,192,44,890,0,79,8,3:8|2:7,0,6,0,1222889424
gym-opening-hunter,charge,175,Defeat,10,0,10,176,48,0,3,131,2,3:2|2:7,0,22,0,1331858421
gym-opening-hunter,charge,176,Victory,9,0,9,240,63,765,0,66,12,3:12|1:2|2:7,0,12,0,4056355946
gym-opening-hunter,charge,177,Victory,16,0,16,312,121,485,0,74,8,2:8|3:7,0,24,0,3498616431
gym-opening-hunter,charge,178,Defeat,9,0,9,168,36,0,2,114,7,1:7|2:8,0,15,0,3545550405
gym-opening-hunter,charge,179,Victory,12,0,12,192,43,135,0,91,8,3:8|2:7,0,12,0,813249433
gym-opening-hunter,charge,180,Victory,7,0,7,200,43,825,0,76,7,1:7,0,8,0,3258747205
gym-opening-hunter,charge,181,Victory,8,0,8,176,30,435,0,77,7,1:7|2:8|3:13,0,6,0,551248905
gym-opening-hunter,charge,182,Victory,8,0,8,232,55,760,0,79,8,2:8|3:8,0,13,0,4116549087
gym-opening-hunter,charge,183,Victory,9,0,9,184,42,405,0,78,7,2:7|3:8,0,8,0,3893110392
gym-opening-hunter,charge,184,Victory,9,0,9,232,50,565,0,103,8,3:8,0,16,0,409411898
gym-opening-hunter,charge,185,Victory,8,0,8,192,42,415,0,83,12,3:12|1:7|2:8,0,6,0,3996749811
gym-opening-hunter,charge,186,Defeat,16,0,16,240,61,0,1,103,8,2:8,0,15,0,4100366803
gym-opening-hunter,charge,187,Defeat,12,0,12,200,49,0,1,96,7,1:7|2:8,0,15,0,1387305923
gym-opening-hunter,charge,188,Victory,8,0,8,184,42,535,0,69,7,1:7|2:8|3:8,0,6,0,369126363
gym-opening-hunter,charge,189,Victory,8,0,8,176,42,435,0,63,7,1:7|3:13|2:7,0,6,0,2173015303
gym-opening-hunter,charge,190,Victory,10,0,10,216,46,305,0,96,7,3:7|2:12,0,16,0,3514031493
gym-opening-hunter,charge,191,Victory,6,0,6,192,48,1064,0,58,7,1:7|2:7|3:8,0,3,1,1650690812
gym-opening-hunter,charge,192,Victory,15,0,15,240,42,45,0,100,8,3:8|2:7,0,17,0,3234691975
gym-opening-hunter,charge,193,Victory,12,0,12,232,55,375,0,75,13,3:13|2:8,0,13,0,2890195021
gym-opening-hunter,charge,194,Victory,11,0,11,208,44,195,0,80,12,3:12|1:7|2:7,0,9,0,3522205498
gym-opening-hunter,charge,195,Victory,16,0,16,256,65,75,0,87,8,3:8|2:7,0,22,0,4288600003
gym-opening-hunter,charge,196,Victory,6,0,6,176,40,890,0,63,7,2:7|3:8,0,5,0,2075715102
gym-opening-hunter,charge,197,Victory,11,0,11,224,61,465,0,85,8,2:8|3:7,0,13,0,3381149709
gym-opening-hunter,charge,198,Victory,7,0,7,192,41,735,0,70,7,2:7|1:8,0,8,0,2218980210
gym-opening-hunter,charge,199,Victory,8,0,8,200,41,635,0,88,12,3:12,0,9,0,3299630606
gym-opening-hunter,charge,200,Victory,10,0,10,256,78,955,0,75,8,2:8|3:8,0,14,0,645110344
gym-opening-clock30,corridor-hold,1,Defeat,31,0,30,800,269,794,1,16,13,4:13|1:2|3:12|2:2,0,31,1,3896786399
gym-opening-clock30,corridor-hold,2,Defeat,31,0,30,784,279,696,1,13,8,3:8|2:8,0,44,0,495990556
gym-opening-clock30,corridor-hold,3,Defeat,31,0,30,576,189,620,1,27,12,2:12,0,21,1,3628233757
gym-opening-clock30,corridor-hold,4,Victory,18,0,18,472,148,642,0,30,7,3:7|2:2|1:7,0,15,0,2558914444
gym-opening-clock30,corridor-hold,5,Defeat,31,0,30,568,191,665,1,12,12,3:12|2:2,0,17,1,3168689200
gym-opening-clock30,corridor-hold,6,Victory,14,0,14,368,93,660,0,28,8,3:8,0,10,0,414469371
gym-opening-clock30,corridor-hold,7,Victory,28,0,28,520,156,470,0,23,2,3:2|2:7,0,10,0,1584523148
gym-opening-clock30,corridor-hold,8,Victory,14,0,14,448,127,907,0,19,7,2:7,0,13,0,1365326579
gym-opening-clock30,corridor-hold,9,Victory,20,0,20,520,136,670,0,26,12,3:12|4:8,0,16,0,2379861102
gym-opening-clock30,corridor-hold,10,Defeat,31,0,30,584,188,552,1,23,2,2:2|3:8,0,42,0,2770924520
gym-opening-clock30,corridor-hold,11,Victory,24,0,24,464,108,430,0,32,8,3:8|1:7,0,38,0,1810487452
gym-opening-clock30,corridor-hold,12,Defeat,31,0,30,376,105,220,1,59,7,3:7,0,44,0,3787867392
gym-opening-clock30,corridor-hold,13,Victory,25,0,25,360,64,67,0,48,2,1:2|2:12,0,41,0,3855347537
gym-opening-clock30,corridor-hold,14,Defeat,31,0,30,408,95,220,1,49,12,3:12,0,45,1,3758420859
gym-opening-clock30,corridor-hold,15,Victory,17,0,17,456,132,723,0,31,12,3:12|1:8,0,14,0,1496195098
gym-opening-clock30,corridor-hold,16,Defeat,31,0,30,600,228,379,1,36,7,3:7|1:7,0,44,0,1724755236
gym-opening-clock30,corridor-hold,17,Victory,27,0,27,552,160,516,0,28,12,3:12,0,31,0,420889184
gym-opening-clock30,corridor-hold,18,Victory,18,0,18,512,151,554,0,29,7,3:7|1:7,0,22,0,2561655122
gym-opening-clock30,corridor-hold,19,Victory,13,0,13,376,72,460,0,51,8,1:8,0,20,0,1006084571
gym-opening-clock30,corridor-hold,20,Defeat,31,0,30,576,230,410,1,25,7,3:7,0,24,1,1127584185
gym-opening-clock30,corridor-hold,21,Victory,23,0,23,352,61,30,0,61,7,3:7,0,56,0,936726692
gym-opening-clock30,corridor-hold,22,Defeat,31,0,30,560,208,595,1,21,13,3:13|2:8,0,30,0,2139203459
gym-opening-clock30,corridor-hold,23,Victory,12,0,12,336,82,648,0,28,7,2:7|3:7,0,10,0,1079767814
gym-opening-clock30,corridor-hold,24,Victory,19,0,19,608,202,899,0,15,8,3:8|4:8|2:8,0,11,0,3566717028
gym-opening-clock30,corridor-hold,25,Defeat,25,0,25,368,71,0,1,54,13,3:13,0,73,0,155654894
gym-opening-clock30,corridor-hold,26,Victory,18,0,18,576,179,851,0,23,13,1:13|3:12,0,16,0,579318760
gym-opening-clock30,corridor-hold,27,Defeat,13,0,13,224,38,0,3,89,-1,,0,20,1,1361449779
gym-opening-clock30,corridor-hold,28,Defeat,31,0,30,392,129,403,1,32,7,2:7,0,16,1,1826300712
gym-opening-clock30,corridor-hold,29,Defeat,31,0,30,752,281,665,1,20,8,1:8|3:8,0,28,0,1776362658
gym-opening-clock30,corridor-hold,30,Victory,29,0,29,608,168,635,0,23,12,4:12|2:2|3:12,0,51,0,185790101
gym-opening-clock30,corridor-hold,31,Victory,23,0,23,592,215,700,0,20,7,1:7,0,11,0,1608658058
gym-opening-clock30,corridor-hold,32,Victory,12,0,12,328,76,705,0,29,7,1:7,0,10,0,2129491072
gym-opening-clock30,corridor-hold,33,Defeat,31,0,30,568,221,534,1,28,2,3:2|2:7,0,27,0,2940804909
gym-opening-clock30,corridor-hold,34,Defeat,31,0,30,584,190,407,1,36,2,3:2,0,38,0,4243479805
gym-opening-clock30,corridor-hold,35,Victory,12,0,12,384,68,836,0,31,12,3:12|1:13|2:8,0,19,0,3304316355
gym-opening-clock30,corridor-hold,36,Victory,16,0,16,368,74,200,0,67,12,4:12|3:7,0,27,0,3512229147
gym-opening-clock30,corridor-hold,37,Defeat,31,0,30,576,201,555,1,29,2,2:2,0,19,1,3151473540
gym-opening-clock30,corridor-hold,38,Defeat,31,0,30,440,94,210,1,50,2,3:2,0,54,1,991979737
gym-opening-clock30,corridor-hold,39,Victory,15,0,15,480,137,846,0,23,8,4:8|1:8,0,12,0,1638622468
gym-opening-clock30,corridor-hold,40,Victory,19,0,19,504,144,692,0,31,2,2:2|3:7,0,17,0,4254885275
gym-opening-clock30,corridor-hold,41,Victory,27,0,27,680,252,695,0,23,8,3:8|2:8,0,25,0,1016430177
gym-opening-clock30,corridor-hold,42,Defeat,31,0,30,592,196,641,1,24,7,2:7|3:7,0,33,0,1677721470
gym-opening-clock30,corridor-hold,43,Victory,12,0,12,360,59,580,0,42,8,3:8,0,19,0,2233679698
gym-opening-clock30,corridor-hold,44,Defeat,31,0,30,736,277,727,1,16,2,1:2|2:12|3:8,0,18,0,4024692771
gym-opening-clock30,corridor-hold,45,Defeat,31,0,30,520,135,280,1,26,12,1:12|2:2|3:12,0,49,0,105808786
gym-opening-clock30,corridor-hold,46,Defeat,31,0,30,424,118,230,1,56,12,3:12,0,44,0,2782741821
gym-opening-clock30,corridor-hold,47,Victory,12,0,12,320,49,648,0,42,7,3:7,0,11,0,1391137258
gym-opening-clock30,corridor-hold,48,Defeat,31,0,30,776,312,573,1,21,12,1:12|4:8|3:8,0,32,0,3814486099
gym-opening-clock30,corridor-hold,49,Defeat,31,0,30,584,194,463,1,20,8,3:8|4:8,0,22,0,3433820642
gym-opening-clock30,corridor-hold,50,Victory,27,0,27,688,285,839,0,12,7,1:7,0,10,0,1622502569
gym-opening-clock30,corridor-hold,51,Victory,30,0,30,776,303,551,0,23,2,4:2|3:8,0,23,0,2205275005
gym-opening-clock30,corridor-hold,52,Victory,11,0,11,312,59,757,0,28,8,1:8,0,8,0,1215987559
gym-opening-clock30,corridor-hold,53,Defeat,31,0,30,560,214,665,1,20,2,3:2,0,21,0,2067036298
gym-opening-clock30,corridor-hold,54,Victory,22,0,22,568,167,732,0,16,2,2:2|3:7|4:12,0,18,0,1291950038
gym-opening-clock30,corridor-hold,55,Victory,16,0,16,352,92,575,0,34,12,3:12|2:8,0,19,0,263168419
gym-opening-clock30,corridor-hold,56,Victory,20,0,20,640,197,891,0,18,13,1:13|4:7|2:12|3:7,0,28,0,4027630172
gym-opening-clock30,corridor-hold,57,Defeat,31,0,30,560,184,676,1,25,7,2:7|3:8,0,16,0,2108834573
gym-opening-clock30,corridor-hold,58,Victory,29,0,29,464,131,160,0,62,2,3:2|1:7,0,50,0,1617842817
gym-opening-clock30,corridor-hold,59,Defeat,31,0,30,600,214,383,1,25,7,3:7|1:8,0,16,0,118578654
gym-opening-clock30,corridor-hold,60,Victory,20,0,20,448,139,475,0,25,8,4:8|2:7,0,11,0,1112203726
gym-opening-clock30,corridor-hold,61,Victory,16,0,16,464,105,543,0,31,7,1:7,0,18,0,1062965380
gym-opening-clock30,corridor-hold,62,Defeat,31,0,30,760,332,784,1,11,2,1:2|2:7|3:8,0,21,0,3904435693
gym-opening-clock30,corridor-hold,63,Victory,20,0,20,448,98,488,0,25,2,3:2|1:2|2:7,0,26,0,2147883087
gym-opening-clock30,corridor-hold,64,Victory,30,0,30,592,184,504,0,29,8,2:8|1:7,0,28,0,1232684582
gym-opening-clock30,corridor-hold,65,Victory,13,0,13,352,61,701,0,36,8,1:8,0,11,0,1704190273
gym-opening-clock30,corridor-hold,66,Defeat,31,0,30,568,207,625,1,28,7,2:7,0,17,0,117758331
gym-opening-clock30,corridor-hold,67,Victory,24,0,24,624,207,613,0,26,12,4:12|1:8,0,23,1,640387392
gym-opening-clock30,corridor-hold,68,Victory,23,0,23,408,105,85,0,54,2,1:2|3:8,0,41,0,580046971
gym-opening-clock30,corridor-hold,69,Victory,29,0,29,856,307,793,0,17,12,4:12|3:8,0,22,0,3297465759
gym-opening-clock30,corridor-hold,70,Victory,18,0,18,456,116,622,0,22,7,2:7|3:8,0,16,0,2263676645
gym-opening-clock30,corridor-hold,71,Victory,24,0,24,624,186,747,0,17,12,3:12|1:7,0,11,0,1710255620
gym-opening-clock30,corridor-hold,72,Victory,27,0,27,672,186,405,0,25,7,3:7|1:2|2:7,0,44,0,3598722423
gym-opening-clock30,corridor-hold,73,Victory,30,0,30,608,142,665,0,18,12,3:12|2:8,0,32,0,120063660
gym-opening-clock30,corridor-hold,74,Defeat,31,0,30,576,184,469,1,20,13,1:13|2:2,0,30,1,4222798144
gym-opening-clock30,corridor-hold,75,Defeat,15,0,15,224,36,0,3,85,13,3:13,0,40,1,1694957051
gym-opening-clock30,corridor-hold,76,Defeat,31,0,30,560,204,655,1,24,8,3:8|2:8,0,29,0,3788993126
gym-opening-clock30,corridor-hold,77,Victory,13,0,13,352,52,845,0,34,8,2:8,0,10,0,2616803172
gym-opening-clock30,corridor-hold,78,Defeat,31,0,30,488,122,300,1,34,12,1:12,0,34,0,2606040885
gym-opening-clock30,corridor-hold,79,Defeat,31,0,30,960,364,940,1,12,12,4:12|3:7|2:7,0,12,0,3897160130
gym-opening-clock30,corridor-hold,80,Defeat,31,0,30,624,227,426,1,23,7,1:7,0,22,0,1550092748
gym-opening-clock30,corridor-hold,81,Defeat,31,0,30,592,205,391,1,25,12,3:12|1:8,0,16,0,3732331440
gym-opening-clock30,corridor-hold,82,Victory,25,0,25,520,166,595,0,15,7,3:7|2:13,0,28,0,3754665478
gym-opening-clock30,corridor-hold,83,Victory,20,0,20,528,133,638,0,36,2,1:2|2:7,0,18,0,2400392435
gym-opening-clock30,corridor-hold,84,Victory,17,0,17,456,122,787,0,19,12,2:12|3:8|1:7,0,7,0,1388062535
gym-opening-clock30,corridor-hold,85,Defeat,16,0,16,352,76,0,2,75,13,1:13|3:7,0,39,0,561820631
gym-opening-clock30,corridor-hold,86,Defeat,31,0,30,584,196,630,1,23,8,3:8,0,11,1,3497378517
gym-opening-clock30,corridor-hold,87,Victory,16,0,16,424,91,714,0,32,7,2:7|1:7,0,15,0,1357182434
gym-opening-clock30,corridor-hold,88,Victory,27,0,27,688,245,656,0,30,7,2:7|3:7|1:7,0,20,0,809522258
gym-opening-clock30,corridor-hold,89,Victory,10,0,10,320,63,900,0,32,8,4:8,0,8,0,1528644331
gym-opening-clock30,corridor-hold,90,Victory,23,0,23,592,204,745,0,14,12,3:12|4:8|2:7,0,11,0,2541605990
gym-opening-clock30,corridor-hold,91,Defeat,31,0,30,416,120,210,1,42,13,3:13,0,22,1,1175659980
gym-opening-clock30,corridor-hold,92,Defeat,12,0,12,216,37,0,3,92,13,3:13,0,27,1,2239548024
gym-opening-clock30,corridor-hold,93,Defeat,15,0,15,288,51,0,2,63,12,4:12|3:2,0,37,1,3083934024
gym-opening-clock30,corridor-hold,94,Defeat,31,0,30,576,178,450,1,31,12,3:12|1:2,0,26,1,908953633
gym-opening-clock30,corridor-hold,95,Victory,27,0,27,520,174,370,0,43,7,3:7,0,21,0,3755852580
gym-opening-clock30,corridor-hold,96,Defeat,31,0,30,560,183,441,1,24,12,1:12|2:7,0,17,0,3532765089
gym-opening-clock30,corridor-hold,97,Defeat,31,0,30,400,111,220,1,50,2,3:2,0,41,0,2590273886
gym-opening-clock30,corridor-hold,98,Defeat,31,0,30,568,175,578,1,33,7,3:7|2:7,0,30,0,3334016590
gym-opening-clock30,corridor-hold,99,Victory,20,0,20,424,102,354,0,35,7,1:7,0,23,0,2802650476
gym-opening-clock30,corridor-hold,100,Defeat,31,0,30,368,84,220,1,47,12,3:12,0,25,1,1338095988
gym-opening-clock30,corridor-hold,101,Defeat,31,0,30,544,183,399,1,27,8,3:8|1:13,0,49,0,399247557
gym-opening-clock30,corridor-hold,102,Defeat,31,0,30,552,176,250,1,37,12,1:12|3:13,0,27,0,1271832594
gym-opening-clock30,corridor-hold,103,Victory,14,0,14,376,92,659,0,40,12,1:12|2:7,0,12,0,1658941019
gym-opening-clock30,corridor-hold,104,Defeat,16,0,16,240,61,0,5,60,12,2:12,0,42,0,3639166807
gym-opening-clock30,corridor-hold,105,Victory,18,0,18,432,104,366,0,50,7,1:7|3:12,0,27,0,1884341819
gym-opening-clock30,corridor-hold,106,Victory,22,0,22,560,194,728,0,20,7,1:7,0,16,0,265257462
gym-opening-clock30,corridor-hold,107,Defeat,31,0,30,560,204,561,1,34,2,2:2,0,30,0,247609978
gym-opening-clock30,corridor-hold,108,Victory,26,0,26,376,93,245,0,46,12,3:12,0,25,0,1140015206
gym-opening-clock30,corridor-hold,109,Victory,22,0,22,544,177,562,0,25,8,4:8|2:7|1:8,0,20,0,3723044323
gym-opening-clock30,corridor-hold,110,Defeat,17,0,17,352,93,0,2,63,13,1:13|3:7,0,34,0,4052249635
gym-opening-clock30,corridor-hold,111,Defeat,31,0,30,600,176,230,2,29,8,3:8|1:13|2:2,0,71,0,3346762401
gym-opening-clock30,corridor-hold,112,Victory,18,0,18,368,94,240,0,50,7,3:7,0,35,0,1721318960
gym-opening-clock30,corridor-hold,113,Defeat,31,0,30,608,180,511,1,27,8,4:8|3:13|2:8,0,30,0,1988058148
gym-opening-clock30,corridor-hold,114,Defeat,31,0,30,752,321,789,1,14,7,2:7|3:7,0,47,0,3740561615
gym-opening-clock30,corridor-hold,115,Victory,15,0,15,464,122,782,0,27,8,3:8|1:2|4:8,0,12,0,1885558240
gym-opening-clock30,corridor-hold,116,Victory,19,0,19,608,178,961,0,17,12,4:12|3:12|2:7|1:8,0,14,0,1420473070
gym-opening-clock30,corridor-hold,117,Victory,15,0,15,336,74,307,0,45,13,1:13|3:2,0,24,0,3346780912
gym-opening-clock30,corridor-hold,118,Victory,18,0,18,576,160,741,0,25,8,1:8|3:12,0,23,0,1474207646
gym-opening-clock30,corridor-hold,119,Defeat,31,0,30,544,186,598,1,26,-1,,0,19,1,3319523258
gym-opening-clock30,corridor-hold,120,Victory,19,0,19,504,186,730,0,33,12,3:12|2:2,0,11,0,3385661335
gym-opening-clock30,corridor-hold,121,Victory,22,0,22,592,195,492,0,31,7,3:7|1:7,0,24,0,3394245699
gym-opening-clock30,corridor-hold,122,Defeat,23,0,23,336,64,0,2,69,2,3:2,0,73,0,4223007591
gym-opening-clock30,corridor-hold,123,Defeat,31,0,30,752,301,750,1,10,12,1:12|3:8,0,10,1,1074206059
gym-opening-clock30,corridor-hold,124,Defeat,31,0,30,760,278,637,1,28,2,3:2|1:2|2:7,0,28,0,1175393792
gym-opening-clock30,corridor-hold,125,Defeat,31,0,30,616,179,322,1,31,12,3:12|1:7,0,30,0,4094299710
gym-opening-clock30,corridor-hold,126,Victory,23,0,23,584,195,587,0,24,8,3:8|1:8,0,20,0,1311571115
gym-opening-clock30,corridor-hold,127,Defeat,31,0,30,392,132,215,1,34,2,3:2,0,23,1,3058157796
gym-opening-clock30,corridor-hold,128,Victory,16,0,16,376,74,495,0,42,8,3:8,0,25,0,1001314558
gym-opening-clock30,corridor-hold,129,Defeat,31,0,30,424,106,235,1,56,2,3:2,0,63,0,1032682010
gym-opening-clock30,corridor-hold,130,Defeat,31,0,30,608,173,400,1,34,13,1:13|3:2,0,44,0,400796319
gym-opening-clock30,corridor-hold,131,Defeat,31,0,30,600,193,626,1,18,8,3:8,0,28,0,1685727194
gym-opening-clock30,corridor-hold,132,Defeat,13,0,13,256,31,0,1,75,8,3:8,0,27,0,233734637
gym-opening-clock30,corridor-hold,133,Defeat,31,0,30,568,201,546,1,28,2,2:2|3:8,0,24,0,3701176778
gym-opening-clock30,corridor-hold,134,Victory,10,0,10,248,30,685,0,38,8,3:8,0,6,0,2101530445
gym-opening-clock30,corridor-hold,135,Victory,21,0,21,528,192,804,0,34,13,1:13|3:7,0,26,0,1389443316
gym-opening-clock30,corridor-hold,136,Defeat,31,0,30,576,195,519,1,29,2,3:2|2:7,0,20,0,581613049
gym-opening-clock30,corridor-hold,137,Defeat,31,0,30,848,350,703,1,13,2,3:2|4:2|2:8,0,18,0,1506886487
gym-opening-clock30,corridor-hold,138,Victory,20,0,20,424,116,563,0,28,13,3:13|2:8,0,16,0,287560962
gym-opening-clock30,corridor-hold,139,Victory,18,0,18,456,137,673,0,38,8,3:8|1:7,0,15,0,2439225348
gym-opening-clock30,corridor-hold,140,Defeat,31,0,30,552,221,566,1,20,2,3:2|2:13,0,18,1,1603672826
gym-opening-clock30,corridor-hold,141,Defeat,31,0,30,576,210,609,1,25,7,2:7,0,11,0,1149092191
gym-opening-clock30,corridor-hold,142,Defeat,31,0,30,592,175,731,1,17,7,3:7,0,16,1,757271351
gym-opening-clock30,corridor-hold,143,Defeat,31,0,30,664,233,391,1,28,13,4:13|1:12|3:7,0,42,0,3920566445
gym-opening-clock30,corridor-hold,144,Defeat,31,0,30,552,175,604,1,23,2,3:2|2:12,0,38,0,3218827378
gym-opening-clock30,corridor-hold,145,Defeat,31,0,30,440,134,358,1,27,2,3:2|2:12,0,38,0,2564614562
gym-opening-clock30,corridor-hold,146,Victory,20,0,20,528,146,734,0,24,7,1:7,0,25,0,251937690
gym-opening-clock30,corridor-hold,147,Victory,27,0,27,792,280,673,0,22,8,3:8|4:8|2:7|1:8,0,27,0,2932794170
gym-opening-clock30,corridor-hold,148,Victory,19,0,19,552,170,813,0,18,12,4:12|2:2|3:8,0,22,0,1426281374
gym-opening-clock30,corridor-hold,149,Defeat,31,0,30,584,192,533,1,32,8,3:8,0,31,0,3993936650
gym-opening-clock30,corridor-hold,150,Victory,27,0,27,696,217,788,0,17,12,3:12|1:7,0,20,0,1616500257
gym-opening-clock30,corridor-hold,151,Defeat,31,0,30,808,273,538,1,20,12,4:12|1:2|3:2,0,38,0,3555755207
gym-opening-clock30,corridor-hold,152,Victory,28,0,28,536,155,486,0,28,12,3:12|2:13,0,40,0,199400950
gym-opening-clock30,corridor-hold,153,Victory,18,0,18,480,145,376,0,41,7,4:7|1:7,0,25,0,1789063009
gym-opening-clock30,corridor-hold,154,Defeat,31,0,30,440,97,255,1,50,7,3:7,0,53,0,3050926200
gym-opening-clock30,corridor-hold,155,Victory,19,0,19,608,217,843,0,21,12,4:12|1:7|2:7|3:8,0,12,0,3381170971
gym-opening-clock30,corridor-hold,156,Victory,17,0,17,344,93,554,0,41,7,3:7|2:8,0,11,0,2215101265
gym-opening-clock30,corridor-hold,157,Defeat,31,0,30,392,116,225,1,65,13,3:13,0,31,1,858072629
gym-opening-clock30,corridor-hold,158,Defeat,17,0,17,320,67,0,3,62,12,3:12|1:13,0,26,0,446479389
gym-opening-clock30,corridor-hold,159,Victory,26,0,26,656,232,724,0,14,12,4:12|2:7,0,10,0,304888261
gym-opening-clock30,corridor-hold,160,Victory,24,0,24,520,133,399,0,27,12,3:12|2:7,0,29,0,1148826972
gym-opening-clock30,corridor-hold,161,Victory,21,0,21,672,237,815,0,16,2,2:2|4:2|3:12|1:7,0,14,0,1228744199
gym-opening-clock30,corridor-hold,162,Victory,20,0,20,640,226,733,0,25,12,4:12|1:2|2:7,0,15,0,3997901147
gym-opening-clock30,corridor-hold,163,Victory,14,0,14,312,55,411,0,35,2,2:2|3:12,0,19,0,2290501138
gym-opening-clock30,corridor-hold,164,Victory,23,0,23,456,140,394,0,33,13,1:13|3:7,0,22,0,1798966338
gym-opening-clock30,corridor-hold,165,Defeat,31,0,30,576,188,614,1,33,7,2:7|3:13,0,35,0,3356201569
gym-opening-clock30,corridor-hold,166,Defeat,31,0,30,576,185,588,1,34,12,1:12|2:7|3:7,0,33,0,33213754
gym-opening-clock30,corridor-hold,167,Defeat,31,0,30,760,281,825,1,20,13,3:13|2:8,0,13,1,3540586996
gym-opening-clock30,corridor-hold,168,Victory,19,0,19,512,177,823,0,23,7,2:7,0,8,0,1099411793
gym-opening-clock30,corridor-hold,169,Defeat,31,0,30,552,190,508,1,30,2,3:2|2:7,0,38,0,3658642205
gym-opening-clock30,corridor-hold,170,Victory,27,0,27,696,259,703,0,16,12,3:12|2:7,0,15,0,620984432
gym-opening-clock30,corridor-hold,171,Defeat,31,0,30,424,102,175,1,47,13,3:13,0,52,1,2350319301
gym-opening-clock30,corridor-hold,172,Defeat,31,0,30,392,97,220,1,48,2,3:2,0,63,0,489019687
gym-opening-clock30,corridor-hold,173,Defeat,31,0,30,600,198,376,1,29,2,3:2,0,43,0,1208174903
gym-opening-clock30,corridor-hold,174,Defeat,31,0,30,640,224,613,1,20,2,3:2|2:12,0,34,0,2809149383
gym-opening-clock30,corridor-hold,175,Victory,26,0,26,656,226,462,0,21,13,3:13|4:8|1:7,0,22,0,2641171104
gym-opening-clock30,corridor-hold,176,Defeat,31,0,30,384,113,235,1,43,7,3:7,0,25,0,2106967980
gym-opening-clock30,corridor-hold,177,Defeat,31,0,30,760,332,753,1,17,2,2:2|1:2,0,22,0,542448274
gym-opening-clock30,corridor-hold,178,Victory,20,0,20,600,166,823,0,32,7,4:7|3:12,0,27,0,4132900799
gym-opening-clock30,corridor-hold,179,Victory,15,0,15,480,136,810,0,18,2,2:2|1:2|3:7|4:7,0,13,0,441083856
gym-opening-clock30,corridor-hold,180,Defeat,14,0,14,272,59,0,3,73,2,3:2,0,26,0,703570498
gym-opening-clock30,corridor-hold,181,Victory,27,0,27,696,258,819,0,18,7,3:7|1:8|2:7,0,27,0,2367515208
gym-opening-clock30,corridor-hold,182,Victory,22,0,22,704,251,887,0,30,12,4:12|2:8|3:7,0,20,0,1655569103
gym-opening-clock30,corridor-hold,183,Defeat,31,0,30,416,125,300,1,38,13,3:13,0,24,1,3013355444
gym-opening-clock30,corridor-hold,184,Victory,25,0,25,632,173,583,0,35,2,2:2|3:12|1:2,0,30,0,969124953
gym-opening-clock30,corridor-hold,185,Defeat,31,0,30,544,153,290,1,30,13,1:13|3:7|2:12,0,37,0,109426898
gym-opening-clock30,corridor-hold,186,Victory,20,0,20,544,115,845,0,13,2,1:2|3:2,0,34,0,3338582911
gym-opening-clock30,corridor-hold,187,Defeat,31,0,30,584,225,358,1,32,8,3:8,0,36,0,834005483
gym-opening-clock30,corridor-hold,188,Defeat,31,0,30,792,310,768,1,21,12,1:12|3:2|2:2,0,33,0,4151504826
gym-opening-clock30,corridor-hold,189,Victory,22,0,22,568,191,728,0,25,12,1:12|2:7|3:7,0,17,0,2744788310
gym-opening-clock30,corridor-hold,190,Victory,13,0,13,416,104,848,0,36,7,1:7|3:8,0,11,0,1370280925
gym-opening-clock30,corridor-hold,191,Victory,22,0,22,704,231,684,0,19,12,4:12|3:2|1:13|2:12,0,38,0,1519013489
gym-opening-clock30,corridor-hold,192,Defeat,31,0,30,576,185,544,1,27,7,2:7,0,26,0,2719965951
gym-opening-clock30,corridor-hold,193,Victory,11,0,11,296,63,756,0,45,8,3:8,0,11,0,141595519
gym-opening-clock30,corridor-hold,194,Victory,11,0,11,352,66,847,0,27,12,3:12|1:8|2:13,0,9,0,2301327086
gym-opening-clock30,corridor-hold,195,Defeat,31,0,30,440,120,329,1,36,2,2:2,0,42,0,2217137825
gym-opening-clock30,corridor-hold,196,Defeat,20,0,20,352,73,0,1,54,7,1:7|3:8|2:12,0,35,0,2175038588
gym-opening-clock30,corridor-hold,197,Defeat,31,0,30,560,198,601,1,18,2,2:2|3:13,0,17,1,2944059086
gym-opening-clock30,corridor-hold,198,Victory,24,0,24,488,162,555,0,22,2,2:2,0,12,0,4283242256
gym-opening-clock30,corridor-hold,199,Victory,30,0,30,752,266,518,0,21,8,3:8|1:12|2:7,0,45,0,2184910148
gym-opening-clock30,corridor-hold,200,Victory,17,0,17,544,151,997,0,16,2,1:2,0,13,0,1614691748
gym-opening-clock30,tpa-order,1,Defeat,31,0,30,800,269,794,1,16,13,4:13|1:2|3:12|2:2,0,31,1,3896786399
gym-opening-clock30,tpa-order,2,Defeat,31,0,30,784,279,696,1,13,8,3:8|2:8,0,44,0,495990556
gym-opening-clock30,tpa-order,3,Defeat,31,0,30,576,189,620,1,27,12,2:12,0,21,1,3628233757
gym-opening-clock30,tpa-order,4,Victory,30,0,30,584,185,502,0,31,2,3:2|2:7,0,25,0,4181178525
gym-opening-clock30,tpa-order,5,Defeat,31,0,30,568,191,665,1,12,12,3:12|2:2,0,17,1,3168689200
gym-opening-clock30,tpa-order,6,Victory,14,0,14,368,93,660,0,28,8,3:8,0,10,0,414469371
gym-opening-clock30,tpa-order,7,Victory,22,0,22,344,52,250,0,62,12,3:12,0,31,0,614070344
gym-opening-clock30,tpa-order,8,Victory,14,0,14,448,127,907,0,19,7,2:7,0,13,0,1365326579
gym-opening-clock30,tpa-order,9,Victory,20,0,20,520,136,670,0,26,12,3:12|4:8,0,16,0,2379861102
gym-opening-clock30,tpa-order,10,Defeat,31,0,30,584,188,552,1,23,2,2:2|3:8,0,42,0,2770924520
gym-opening-clock30,tpa-order,11,Defeat,31,0,30,576,222,398,1,27,8,1:8|3:8,0,17,0,800991316
gym-opening-clock30,tpa-order,12,Victory,26,0,26,368,74,205,0,58,7,3:7,0,44,0,684981123
gym-opening-clock30,tpa-order,13,Defeat,31,0,30,544,222,535,1,19,2,1:2|2:7,0,18,0,1932542735
gym-opening-clock30,tpa-order,14,Victory,19,0,19,336,67,105,0,57,12,3:12,0,34,0,1580384997
gym-opening-clock30,tpa-order,15,Victory,17,0,17,456,132,723,0,31,12,3:12|1:8,0,14,0,1496195098
gym-opening-clock30,tpa-order,16,Defeat,31,0,30,600,228,379,1,36,7,3:7|1:7,0,44,0,1724755236
gym-opening-clock30,tpa-order,17,Victory,27,0,27,552,160,516,0,28,12,3:12,0,31,0,420889184
gym-opening-clock30,tpa-order,18,Victory,18,0,18,512,151,554,0,29,7,3:7|1:7,0,22,0,2561655122
gym-opening-clock30,tpa-order,19,Victory,24,0,24,696,238,764,0,26,7,4:7|2:7|3:7|1:8,0,19,0,1531049384
gym-opening-clock30,tpa-order,20,Defeat,31,0,30,584,213,329,1,28,7,3:7|1:12,0,38,0,4265591406
gym-opening-clock30,tpa-order,21,Victory,22,0,22,448,121,395,0,42,13,3:13|1:12,0,21,0,2275160182
gym-opening-clock30,tpa-order,22,Defeat,31,0,30,440,136,205,1,38,7,3:7,0,23,0,1661297225
gym-opening-clock30,tpa-order,23,Victory,12,0,12,336,82,648,0,28,7,2:7|3:7,0,10,0,1079767814
gym-opening-clock30,tpa-order,24,Victory,19,0,19,608,202,899,0,15,8,3:8|4:8|2:8,0,11,0,3566717028
gym-opening-clock30,tpa-order,25,Defeat,29,0,29,400,83,0,1,54,13,3:13,0,81,0,2963641077
gym-opening-clock30,tpa-order,26,Victory,18,0,18,576,179,851,0,23,13,1:13|3:12,0,16,0,579318760
gym-opening-clock30,tpa-order,27,Defeat,14,0,14,232,38,0,2,82,-1,,0,20,1,1633371440
gym-opening-clock30,tpa-order,28,Victory,18,0,18,464,141,697,0,20,8,1:8|4:7,0,9,0,1498595240
gym-opening-clock30,tpa-order,29,Defeat,31,0,30,752,281,665,1,20,8,1:8|3:8,0,28,0,1776362658
gym-opening-clock30,tpa-order,30,Victory,29,0,29,608,168,635,0,23,12,4:12|2:2|3:12,0,51,0,185790101
gym-opening-clock30,tpa-order,31,Victory,23,0,23,592,215,700,0,20,7,1:7,0,11,0,1608658058
gym-opening-clock30,tpa-order,32,Victory,13,0,13,352,71,672,0,31,7,1:7|3:12,0,16,0,543865214
gym-opening-clock30,tpa-order,33,Defeat,31,0,30,568,221,534,1,28,2,3:2|2:7,0,27,0,2940804909
gym-opening-clock30,tpa-order,34,Defeat,31,0,30,416,110,275,1,46,2,3:2,0,19,1,2521215165
gym-opening-clock30,tpa-order,35,Victory,12,0,12,384,68,836,0,31,12,3:12|1:13|2:8,0,19,0,3304316355
gym-opening-clock30,tpa-order,36,Defeat,31,0,30,504,139,300,1,46,13,4:13|3:7,0,35,0,2363991441
gym-opening-clock30,tpa-order,37,Victory,16,0,16,432,114,582,0,27,8,2:8,0,11,0,2734439555
gym-opening-clock30,tpa-order,38,Defeat,31,0,30,576,197,368,1,34,12,1:12|3:12,0,33,1,2290163421
gym-opening-clock30,tpa-order,39,Victory,20,0,20,488,151,458,0,32,2,3:2|1:8,0,20,0,3729369799
gym-opening-clock30,tpa-order,40,Victory,19,0,19,504,144,692,0,31,2,2:2|3:7,0,17,0,4254885275
gym-opening-clock30,tpa-order,41,Victory,27,0,27,680,252,695,0,23,8,3:8|2:8,0,25,0,1016430177
gym-opening-clock30,tpa-order,42,Defeat,31,0,30,592,196,641,1,24,7,2:7|3:7,0,33,0,1677721470
gym-opening-clock30,tpa-order,43,Victory,13,0,13,400,67,567,0,38,8,3:8|4:8|1:13,0,18,0,3673952562
gym-opening-clock30,tpa-order,44,Defeat,31,0,30,736,277,727,1,16,2,1:2|2:12|3:8,0,18,0,4024692771
gym-opening-clock30,tpa-order,45,Defeat,31,0,30,520,135,280,1,26,12,1:12|2:2|3:12,0,49,0,2944518420
gym-opening-clock30,tpa-order,46,Defeat,31,0,30,424,118,230,1,56,12,3:12,0,44,0,2782741821
gym-opening-clock30,tpa-order,47,Victory,12,0,12,320,49,648,0,42,7,3:7,0,11,0,1391137258
gym-opening-clock30,tpa-order,48,Victory,29,0,29,760,288,472,0,22,12,1:12|3:12|4:2,0,23,0,4265849827
gym-opening-clock30,tpa-order,49,Defeat,31,0,30,592,213,445,1,20,8,3:8,0,13,0,991548143
gym-opening-clock30,tpa-order,50,Victory,21,0,21,464,119,250,0,31,2,1:2,0,25,0,1294998718
gym-opening-clock30,tpa-order,51,Victory,20,0,20,528,182,673,0,25,13,2:13,0,12,0,387212807
gym-opening-clock30,tpa-order,52,Victory,11,0,11,312,65,780,0,28,8,1:8,0,8,0,3781106612
gym-opening-clock30,tpa-order,53,Victory,17,0,17,416,101,519,0,42,7,4:7|3:7|2:8,0,16,0,1393331560
gym-opening-clock30,tpa-order,54,Victory,22,0,22,568,167,732,0,16,2,2:2|3:7|4:12,0,18,0,1291950038
gym-opening-clock30,tpa-order,55,Victory,16,0,16,352,92,575,0,34,12,3:12|2:8,0,19,0,263168419
gym-opening-clock30,tpa-order,56,Victory,20,0,20,640,197,891,0,18,13,1:13|4:7|2:12|3:7,0,28,0,4027630172
gym-opening-clock30,tpa-order,57,Defeat,31,0,30,408,110,230,1,39,8,3:8,0,17,0,3787394684
gym-opening-clock30,tpa-order,58,Victory,29,0,29,464,132,160,0,62,2,3:2|1:7,0,50,0,1617842817
gym-opening-clock30,tpa-order,59,Defeat,31,0,30,600,214,383,1,25,7,3:7|1:8,0,16,0,118578654
gym-opening-clock30,tpa-order,60,Victory,20,0,20,448,139,475,0,25,8,4:8|2:7,0,11,0,1112203726
gym-opening-clock30,tpa-order,61,Victory,16,0,16,464,105,543,0,31,7,1:7,0,18,0,1062965380
gym-opening-clock30,tpa-order,62,Defeat,31,0,30,760,332,784,1,11,2,1:2|2:7|3:8,0,21,0,3904435693
gym-opening-clock30,tpa-order,63,Victory,20,0,20,448,98,488,0,25,2,3:2|1:2|2:7,0,26,0,2147883087
gym-opening-clock30,tpa-order,64,Victory,30,0,30,592,184,504,0,29,8,2:8|1:7,0,28,0,1232684582
gym-opening-clock30,tpa-order,65,Victory,13,0,13,352,61,701,0,36,8,1:8,0,11,0,1704190273
gym-opening-clock30,tpa-order,66,Defeat,31,0,30,760,298,735,1,13,2,2:2,0,9,1,1282987168
gym-opening-clock30,tpa-order,67,Defeat,31,0,30,656,216,388,1,26,13,4:13|1:8|3:7,0,27,0,435962144
gym-opening-clock30,tpa-order,68,Victory,24,0,24,416,106,25,0,53,2,1:2|3:8,0,42,0,1447490594
gym-opening-clock30,tpa-order,69,Defeat,31,0,30,944,363,770,1,15,12,4:12|3:8|1:7,0,13,0,1673290357
gym-opening-clock30,tpa-order,70,Victory,18,0,18,456,116,622,0,22,7,2:7|3:8,0,16,0,2263676645
gym-opening-clock30,tpa-order,71,Victory,24,0,24,624,186,747,0,17,12,3:12|1:7,0,11,0,1710255620
gym-opening-clock30,tpa-order,72,Victory,26,0,26,664,177,485,0,22,7,3:7|1:2|2:7,0,42,0,1604282558
gym-opening-clock30,tpa-order,73,Victory,30,0,30,608,142,665,0,18,12,3:12|2:8,0,32,0,120063660
gym-opening-clock30,tpa-order,74,Victory,16,0,16,360,98,499,0,28,2,2:2|1:8,0,11,0,348356606
gym-opening-clock30,tpa-order,75,Defeat,24,0,24,304,71,0,1,63,12,3:12,0,30,0,158730647
gym-opening-clock30,tpa-order,76,Defeat,31,0,30,560,204,655,1,24,8,3:8|2:8,0,29,0,3788993126
gym-opening-clock30,tpa-order,77,Victory,20,0,20,520,158,590,0,29,12,3:12|1:8,0,17,0,119689077
gym-opening-clock30,tpa-order,78,Defeat,31,0,30,592,190,445,1,29,7,3:7,0,23,0,3181370218
gym-opening-clock30,tpa-order,79,Victory,18,0,18,576,173,921,0,20,7,2:7|4:7|1:8,0,17,0,412588453
gym-opening-clock30,tpa-order,80,Defeat,31,0,30,528,180,210,1,30,7,4:7,0,31,0,2134136523
gym-opening-clock30,tpa-order,81,Defeat,31,0,30,592,205,391,1,25,12,3:12|1:8,0,16,0,3732331440
gym-opening-clock30,tpa-order,82,Victory,25,0,25,520,166,595,0,15,7,3:7|2:13,0,28,0,3754665478
gym-opening-clock30,tpa-order,83,Victory,20,0,20,528,133,638,0,36,2,1:2|2:7,0,18,0,2400392435
gym-opening-clock30,tpa-order,84,Victory,19,0,19,608,200,885,0,15,12,2:12|4:12|3:8|1:8,0,13,0,3377135992
gym-opening-clock30,tpa-order,85,Defeat,16,0,16,312,63,0,2,76,13,1:13,0,39,0,2325573976
gym-opening-clock30,tpa-order,86,Victory,28,0,28,720,240,790,0,17,12,3:12|2:8|1:8,0,9,0,2054347742
gym-opening-clock30,tpa-order,87,Victory,16,0,16,424,91,714,0,32,7,2:7|1:7,0,15,0,1357182434
gym-opening-clock30,tpa-order,88,Victory,27,0,27,688,245,656,0,30,7,2:7|3:7|1:7,0,20,0,809522258
gym-opening-clock30,tpa-order,89,Victory,10,0,10,320,63,900,0,32,8,4:8,0,8,0,1528644331
gym-opening-clock30,tpa-order,90,Victory,23,0,23,592,204,745,0,14,12,3:12|4:8|2:7,0,11,0,2541605990
gym-opening-clock30,tpa-order,91,Defeat,31,0,30,416,120,210,1,42,13,3:13,0,22,1,1175659980
gym-opening-clock30,tpa-order,92,Defeat,31,0,30,368,108,250,1,36,7,3:7,0,18,0,2654751371
gym-opening-clock30,tpa-order,93,Defeat,15,0,15,296,49,0,2,62,12,4:12|3:2,0,34,1,3296528715
gym-opening-clock30,tpa-order,94,Victory,23,0,23,504,151,417,0,49,2,1:2|3:8,0,22,0,2941408141
gym-opening-clock30,tpa-order,95,Victory,21,0,21,440,123,368,0,43,8,3:8,0,20,0,1447009343
gym-opening-clock30,tpa-order,96,Defeat,31,0,30,560,183,441,1,24,12,1:12|2:7,0,17,0,3532765089
gym-opening-clock30,tpa-order,97,Defeat,31,0,30,408,119,300,1,47,2,3:2,0,23,1,2438213985
gym-opening-clock30,tpa-order,98,Victory,27,0,27,520,140,389,0,35,7,3:7|2:8,0,31,0,3129712158
gym-opening-clock30,tpa-order,99,Defeat,31,0,30,504,115,260,1,38,13,1:13|3:12,0,57,0,3853901370
gym-opening-clock30,tpa-order,100,Defeat,31,0,30,368,85,220,1,47,12,3:12,0,25,1,1338095988
gym-opening-clock30,tpa-order,101,Victory,17,0,17,344,67,280,0,44,8,3:8|1:13,0,32,0,2026936543
gym-opening-clock30,tpa-order,102,Defeat,31,0,30,592,186,375,1,37,7,3:7|1:7,0,31,0,91726476
gym-opening-clock30,tpa-order,103,Victory,14,0,14,376,92,659,0,40,12,1:12|2:7,0,12,0,1658941019
gym-opening-clock30,tpa-order,104,Defeat,31,0,30,392,89,348,1,34,2,2:2,0,30,1,2385083651
gym-opening-clock30,tpa-order,105,Victory,17,0,17,544,155,781,0,30,7,3:7|4:8,0,14,0,270301726
gym-opening-clock30,tpa-order,106,Victory,22,0,22,560,194,728,0,20,7,1:7,0,16,0,265257462
gym-opening-clock30,tpa-order,107,Defeat,31,0,30,560,204,561,1,34,2,2:2,0,30,0,247609978
gym-opening-clock30,tpa-order,108,Victory,19,0,19,392,102,605,0,22,12,3:12,0,14,0,664440933
gym-opening-clock30,tpa-order,109,Victory,22,0,22,544,177,562,0,25,8,4:8|2:7|1:8,0,20,0,3723044323
gym-opening-clock30,tpa-order,110,Victory,26,0,26,416,110,130,0,51,12,3:12|1:13,0,38,0,2888922661
gym-opening-clock30,tpa-order,111,Defeat,31,0,30,608,233,685,1,11,12,1:12|3:7|2:8,0,30,0,568478782
gym-opening-clock30,tpa-order,112,Victory,21,0,21,424,93,283,0,43,7,3:7,0,35,0,2386710381
gym-opening-clock30,tpa-order,113,Victory,18,0,18,480,146,668,0,31,7,2:7|4:8,0,12,0,3585503110
gym-opening-clock30,tpa-order,114,Defeat,31,0,30,752,321,789,1,14,7,2:7|3:7,0,47,0,3740561615
gym-opening-clock30,tpa-order,115,Victory,15,0,15,464,122,782,0,27,8,3:8|1:2|4:8,0,12,0,1885558240
gym-opening-clock30,tpa-order,116,Victory,26,0,26,832,287,865,0,13,7,1:7|3:7|2:7|4:2,0,19,0,3151437348
gym-opening-clock30,tpa-order,117,Victory,21,0,21,360,94,160,0,46,13,1:13|3:7,0,24,0,785031402
gym-opening-clock30,tpa-order,118,Victory,18,0,18,576,160,741,0,25,8,1:8|3:12,0,23,0,1474207646
gym-opening-clock30,tpa-order,119,Defeat,31,0,30,544,193,599,1,27,13,3:13,0,25,1,2064241019
gym-opening-clock30,tpa-order,120,Victory,19,0,19,504,186,730,0,33,12,3:12|2:2,0,11,0,3385661335
gym-opening-clock30,tpa-order,121,Defeat,31,0,30,576,188,240,1,31,7,3:7|4:7,0,25,0,1682950809
gym-opening-clock30,tpa-order,122,Defeat,15,0,15,272,56,0,4,79,-1,,0,36,1,2093571125
gym-opening-clock30,tpa-order,123,Victory,26,0,26,656,252,646,0,14,8,1:8|3:8,0,14,0,3503740983
gym-opening-clock30,tpa-order,124,Defeat,31,0,30,760,278,637,1,28,2,3:2|1:2|2:7,0,28,0,1175393792
gym-opening-clock30,tpa-order,125,Victory,26,0,26,528,130,300,0,34,2,1:2|3:7,0,41,1,899475554
gym-opening-clock30,tpa-order,126,Victory,23,0,23,584,195,587,0,24,8,3:8|1:8,0,20,0,1311571115
gym-opening-clock30,tpa-order,127,Defeat,31,0,30,392,132,215,1,34,2,3:2,0,23,1,3058157796
gym-opening-clock30,tpa-order,128,Victory,16,0,16,376,74,495,0,42,8,3:8,0,25,0,1001314558
gym-opening-clock30,tpa-order,129,Defeat,31,0,30,424,127,250,1,52,2,3:2|2:2,0,52,0,2870351220
gym-opening-clock30,tpa-order,130,Defeat,31,0,30,608,172,400,1,34,13,1:13|3:2,0,44,0,400796319
gym-opening-clock30,tpa-order,131,Defeat,31,0,30,600,193,626,1,18,8,3:8,0,28,0,1685727194
gym-opening-clock30,tpa-order,132,Defeat,13,0,13,256,31,0,1,75,8,3:8,0,27,0,1468526773
gym-opening-clock30,tpa-order,133,Victory,15,0,15,400,131,689,0,26,2,2:2|1:7,0,10,0,1276285198
gym-opening-clock30,tpa-order,134,Victory,10,0,10,248,30,685,0,38,8,3:8,0,6,0,2101530445
gym-opening-clock30,tpa-order,135,Victory,21,0,21,528,192,804,0,34,13,1:13|3:7,0,26,0,1389443316
gym-opening-clock30,tpa-order,136,Defeat,31,0,30,576,195,519,1,29,2,3:2|2:7,0,20,0,581613049
gym-opening-clock30,tpa-order,137,Defeat,31,0,30,848,350,703,1,13,2,3:2|4:2|2:8,0,18,0,1506886487
gym-opening-clock30,tpa-order,138,Victory,20,0,20,424,116,563,0,28,13,3:13|2:8,0,16,0,287560962
gym-opening-clock30,tpa-order,139,Victory,18,0,18,456,137,673,0,38,8,3:8|1:7,0,15,0,2439225348
gym-opening-clock30,tpa-order,140,Defeat,31,0,30,552,221,566,1,20,2,3:2|2:13,0,18,1,1603672826
gym-opening-clock30,tpa-order,141,Defeat,31,0,30,576,210,609,1,25,7,2:7,0,11,0,1149092191
gym-opening-clock30,tpa-order,142,Victory,16,0,16,352,69,368,0,56,2,1:2|2:13,0,26,0,3185634531
gym-opening-clock30,tpa-order,143,Defeat,31,0,30,664,233,391,1,28,13,4:13|1:12|3:7,0,42,0,3920566445
gym-opening-clock30,tpa-order,144,Defeat,31,0,30,552,175,604,1,23,2,3:2|2:12,0,38,0,3218827378
gym-opening-clock30,tpa-order,145,Defeat,31,0,30,440,134,358,1,27,2,3:2|2:12,0,38,0,2564614562
gym-opening-clock30,tpa-order,146,Victory,26,0,26,672,239,781,0,15,8,1:8|3:2,0,32,0,3496541611
gym-opening-clock30,tpa-order,147,Victory,27,0,27,792,280,673,0,22,8,3:8|4:8|2:7|1:8,0,27,0,2932794170
gym-opening-clock30,tpa-order,148,Victory,19,0,19,552,170,813,0,18,12,4:12|2:2|3:8,0,22,0,1426281374
gym-opening-clock30,tpa-order,149,Victory,22,0,22,704,227,747,0,20,7,3:7|4:7,0,20,0,2678202549
gym-opening-clock30,tpa-order,150,Victory,27,0,27,696,217,788,0,17,12,3:12|1:7,0,20,0,1616500257
gym-opening-clock30,tpa-order,151,Defeat,31,0,30,808,273,538,1,20,12,4:12|1:2|3:2,0,38,0,3555755207
gym-opening-clock30,tpa-order,152,Victory,28,0,28,536,155,486,0,28,12,3:12|2:13,0,40,0,199400950
gym-opening-clock30,tpa-order,153,Victory,18,0,18,480,145,376,0,41,7,4:7|1:7,0,25,0,1789063009
gym-opening-clock30,tpa-order,154,Defeat,31,0,30,768,305,672,1,15,7,3:7|2:7|4:8,0,9,1,3838156378
gym-opening-clock30,tpa-order,155,Victory,19,0,19,608,217,843,0,21,12,4:12|1:7|2:7|3:8,0,12,0,3381170971
gym-opening-clock30,tpa-order,156,Defeat,31,0,30,552,198,593,1,31,12,3:12|2:7,0,25,0,2435394840
gym-opening-clock30,tpa-order,157,Defeat,16,0,16,352,80,0,3,75,12,2:12|3:7,0,33,0,1810447000
gym-opening-clock30,tpa-order,158,Defeat,17,0,17,320,67,0,3,62,12,3:12|1:13,0,26,0,446479389
gym-opening-clock30,tpa-order,159,Victory,26,0,26,656,232,724,0,14,12,4:12|2:7,0,10,0,304888261
gym-opening-clock30,tpa-order,160,Defeat,31,0,30,616,190,558,1,23,12,3:12|2:7,0,38,0,12949907
gym-opening-clock30,tpa-order,161,Victory,21,0,21,672,237,815,0,16,2,2:2|4:2|3:12|1:7,0,14,0,1228744199
gym-opening-clock30,tpa-order,162,Victory,20,0,20,640,226,733,0,25,12,4:12|1:2|2:7,0,15,0,3997901147
gym-opening-clock30,tpa-order,163,Defeat,31,0,30,576,199,625,1,23,2,2:2,0,25,0,2959850587
gym-opening-clock30,tpa-order,164,Defeat,31,0,30,480,138,300,2,28,13,1:13|3:12,0,60,0,2341255338
gym-opening-clock30,tpa-order,165,Defeat,31,0,30,576,188,614,1,33,7,2:7|3:13,0,35,0,3356201569
gym-opening-clock30,tpa-order,166,Victory,27,0,27,528,146,474,0,39,12,1:12|2:7|3:2,0,31,0,3748182504
gym-opening-clock30,tpa-order,167,Defeat,31,0,30,760,281,825,1,20,13,3:13|2:8,0,13,1,3540586996
gym-opening-clock30,tpa-order,168,Victory,19,0,19,512,177,823,0,23,7,2:7,0,8,0,1099411793
gym-opening-clock30,tpa-order,169,Victory,21,0,21,416,102,510,0,25,13,1:13|2:2,0,22,0,792138738
gym-opening-clock30,tpa-order,170,Victory,27,0,27,696,259,703,0,16,12,3:12|2:7,0,15,0,620984432
gym-opening-clock30,tpa-order,171,Defeat,31,0,30,424,102,175,1,47,13,3:13,0,52,1,2350319301
gym-opening-clock30,tpa-order,172,Victory,19,0,19,360,72,60,0,53,12,1:12,0,39,0,458781222
gym-opening-clock30,tpa-order,173,Defeat,31,0,30,600,198,376,1,29,2,3:2,0,43,0,1208174903
gym-opening-clock30,tpa-order,174,Defeat,31,0,30,640,224,613,1,20,2,3:2|2:12,0,34,0,2809149383
gym-opening-clock30,tpa-order,175,Victory,13,0,13,392,80,423,0,34,13,3:13,0,15,0,2767390492
gym-opening-clock30,tpa-order,176,Victory,19,0,19,392,101,402,0,36,13,1:13|3:7,0,24,0,2964918762
gym-opening-clock30,tpa-order,177,Victory,15,0,15,400,91,736,0,30,7,1:7|3:13|2:2,0,20,0,1564428684
gym-opening-clock30,tpa-order,178,Victory,21,0,21,624,165,768,0,25,7,4:7|2:2|1:8|3:12,0,26,0,1244642335
gym-opening-clock30,tpa-order,179,Victory,15,0,15,480,133,809,0,16,2,2:2|1:2|3:7,0,12,0,2174830440
gym-opening-clock30,tpa-order,180,Defeat,14,0,14,272,59,0,3,73,2,3:2,0,26,0,703570498
gym-opening-clock30,tpa-order,181,Victory,27,0,27,696,258,819,0,18,7,3:7|1:8|2:7,0,27,0,2367515208
gym-opening-clock30,tpa-order,182,Victory,22,0,22,704,251,887,0,30,12,4:12|2:8|3:7,0,20,0,1655569103
gym-opening-clock30,tpa-order,183,Defeat,31,0,30,600,222,456,1,22,7,1:7,0,19,0,1037595895
gym-opening-clock30,tpa-order,184,Victory,25,0,25,632,173,583,0,35,2,2:2|3:12|1:2,0,30,0,969124953
gym-opening-clock30,tpa-order,185,Defeat,31,0,30,544,153,290,1,30,13,1:13|3:7|2:12,0,37,0,109426898
gym-opening-clock30,tpa-order,186,Victory,20,0,20,544,115,845,0,13,2,1:2|3:2,0,34,0,3338582911
gym-opening-clock30,tpa-order,187,Defeat,31,0,30,424,110,230,1,50,8,2:8,0,43,0,2546367275
gym-opening-clock30,tpa-order,188,Defeat,31,0,30,792,310,768,1,21,12,1:12|3:2|2:2,0,33,0,4151504826
gym-opening-clock30,tpa-order,189,Victory,22,0,22,568,191,728,0,25,12,1:12|2:7|3:7,0,17,0,2744788310
gym-opening-clock30,tpa-order,190,Victory,14,0,14,448,136,891,0,32,7,1:7,0,11,0,1043015833
gym-opening-clock30,tpa-order,191,Victory,22,0,22,704,231,684,0,19,12,4:12|3:2|1:13|2:12,0,38,0,1519013489
gym-opening-clock30,tpa-order,192,Defeat,31,0,30,576,185,544,1,27,7,2:7,0,26,0,2719965951
gym-opening-clock30,tpa-order,193,Victory,11,0,11,296,63,756,0,45,8,3:8,0,11,0,141595519
gym-opening-clock30,tpa-order,194,Victory,11,0,11,352,66,847,0,27,12,3:12|1:8|2:13,0,9,0,2301327086
gym-opening-clock30,tpa-order,195,Defeat,31,0,30,440,126,282,1,38,2,2:2,0,45,0,2185731821
gym-opening-clock30,tpa-order,196,Victory,19,0,19,344,70,238,0,44,7,1:7|3:8|2:12,0,27,0,1840482203
gym-opening-clock30,tpa-order,197,Defeat,31,0,30,560,198,601,1,18,2,2:2|3:13,0,17,1,2944059086
gym-opening-clock30,tpa-order,198,Victory,24,0,24,488,162,555,0,22,2,2:2,0,12,0,4283242256
gym-opening-clock30,tpa-order,199,Victory,26,0,26,656,227,807,0,20,8,3:8|1:12|2:12,0,42,0,3789086453
gym-opening-clock30,tpa-order,200,Victory,17,0,17,544,151,997,0,16,2,1:2,0,13,0,1614691748
gym-opening-clock30,control-hold,1,Defeat,14,0,14,272,57,0,2,82,-1,,0,34,1,3449540015
gym-opening-clock30,control-hold,2,Defeat,31,0,30,624,224,634,1,19,13,1:13|3:12,0,46,0,2009246499
gym-opening-clock30,control-hold,3,Defeat,31,0,30,560,147,245,2,38,12,1:12,0,55,1,1481124422
gym-opening-clock30,control-hold,4,Victory,24,0,24,608,224,637,0,23,8,3:8|1:8,0,19,0,3761373823
gym-opening-clock30,control-hold,5,Victory,15,0,15,376,80,424,0,51,8,4:8|2:2,0,20,0,3987861477
gym-opening-clock30,control-hold,6,Victory,27,0,27,576,164,250,0,34,12,2:12|3:2|1:2,0,36,0,3273598738
gym-opening-clock30,control-hold,7,Defeat,31,0,30,592,201,440,1,44,7,3:7,0,28,0,1588525640
gym-opening-clock30,control-hold,8,Defeat,17,0,17,304,45,0,2,92,2,3:2,0,44,0,3894637048
gym-opening-clock30,control-hold,9,Defeat,15,0,15,296,45,0,3,78,12,3:12,0,34,1,3334150278
gym-opening-clock30,control-hold,10,Victory,10,0,10,320,68,881,0,32,12,2:12|3:7,0,7,0,2045218852
gym-opening-clock30,control-hold,11,Defeat,31,0,30,784,325,566,1,18,7,1:7|3:12,0,29,0,832410835
gym-opening-clock30,control-hold,12,Defeat,27,0,27,424,78,0,1,62,2,2:2|3:2,0,65,0,3112117805
gym-opening-clock30,control-hold,13,Defeat,31,0,30,464,108,70,2,39,2,2:2|3:2,0,47,1,2290189498
gym-opening-clock30,control-hold,14,Victory,12,0,12,312,62,695,0,38,8,1:8,0,9,0,1823020218
gym-opening-clock30,control-hold,15,Victory,17,0,17,472,126,536,0,45,2,1:2|3:8|4:7,0,30,0,3323045444
gym-opening-clock30,control-hold,16,Defeat,31,0,30,632,200,541,1,24,12,4:12|3:7|2:7,0,45,0,1294028792
gym-opening-clock30,control-hold,17,Defeat,13,0,13,248,34,0,3,93,7,3:7,0,31,0,3561253316
gym-opening-clock30,control-hold,18,Defeat,31,0,30,560,179,537,1,32,7,3:7,0,34,0,1946897620
gym-opening-clock30,control-hold,19,Victory,24,0,24,552,150,470,0,28,13,1:13|3:7,0,33,0,2920449020
gym-opening-clock30,control-hold,20,Victory,20,0,20,640,189,936,0,13,12,4:12|1:8,0,10,0,2818743640
gym-opening-clock30,control-hold,21,Victory,20,0,20,632,159,780,0,31,2,1:2|4:7|3:7,0,20,0,2591154574
gym-opening-clock30,control-hold,22,Victory,27,0,27,784,271,675,0,45,7,2:7|3:7|4:7|1:8,0,34,0,3184951670
gym-opening-clock30,control-hold,23,Defeat,31,0,30,496,96,205,1,38,13,1:13|3:12,0,54,0,1785608635
gym-opening-clock30,control-hold,24,Defeat,31,0,30,392,118,192,1,61,13,1:13,0,38,1,3404376423
gym-opening-clock30,control-hold,25,Defeat,31,0,30,568,192,710,1,16,-1,,0,22,1,519459272
gym-opening-clock30,control-hold,26,Defeat,31,0,30,584,206,434,1,32,12,3:12|1:7,0,27,0,1349999250
gym-opening-clock30,control-hold,27,Victory,16,0,16,344,62,453,0,39,2,3:2|2:8,0,17,0,4287220942
gym-opening-clock30,control-hold,28,Defeat,17,0,17,320,54,0,2,85,7,3:7|1:13,0,46,0,2782327491
gym-opening-clock30,control-hold,29,Defeat,31,0,30,520,122,230,1,52,12,3:12|2:2,0,39,0,163073877
gym-opening-clock30,control-hold,30,Victory,12,0,12,312,57,576,0,33,7,3:7,0,17,0,195773749
gym-opening-clock30,control-hold,31,Victory,22,0,22,704,237,812,0,23,8,2:8,0,17,0,3754251740
gym-opening-clock30,control-hold,32,Defeat,31,0,30,552,189,630,1,20,12,3:12|2:2,0,23,1,1865254248
gym-opening-clock30,control-hold,33,Defeat,14,0,14,240,53,0,4,80,13,3:13,0,43,0,4271388185
gym-opening-clock30,control-hold,34,Defeat,31,0,30,552,158,620,1,31,8,3:8|2:2,0,33,0,49472963
gym-opening-clock30,control-hold,35,Victory,30,0,30,768,236,738,0,18,7,4:7|3:8,0,20,0,318710135
gym-opening-clock30,control-hold,36,Defeat,31,0,30,648,231,472,1,25,12,3:12|4:7|2:8,0,32,0,3141068605
gym-opening-clock30,control-hold,37,Defeat,31,0,30,560,183,568,1,24,2,3:2,0,26,0,1753170203
gym-opening-clock30,control-hold,38,Defeat,29,0,29,416,65,0,2,55,2,2:2|3:13,0,74,0,1287591000
gym-opening-clock30,control-hold,39,Defeat,31,0,30,576,136,391,2,36,2,3:2|1:2,0,70,0,2643281949
gym-opening-clock30,control-hold,40,Victory,19,0,19,456,77,329,0,54,12,3:12|1:12,0,24,0,67433834
gym-opening-clock30,control-hold,41,Victory,19,0,19,392,114,327,0,48,12,3:12|1:8,0,19,0,4256050340
gym-opening-clock30,control-hold,42,Defeat,17,0,17,288,51,0,3,88,-1,,0,33,1,498597965
gym-opening-clock30,control-hold,43,Defeat,31,0,30,560,170,517,1,24,7,3:7,0,28,0,3827694454
gym-opening-clock30,control-hold,44,Victory,29,0,29,728,266,711,0,16,7,3:7,0,16,0,3023769354
gym-opening-clock30,control-hold,45,Victory,28,0,28,896,342,1033,0,9,2,2:2|1:2|4:12|3:7,0,24,0,616364163
gym-opening-clock30,control-hold,46,Victory,23,0,23,440,110,366,0,30,13,3:13|2:2,0,24,0,1845571158
gym-opening-clock30,control-hold,47,Defeat,20,0,20,296,54,0,2,67,-1,,0,32,1,645560045
gym-opening-clock30,control-hold,48,Defeat,31,0,30,744,297,757,1,24,2,1:2|3:7|2:8,0,29,0,3749010754
gym-opening-clock30,control-hold,49,Victory,21,0,21,536,164,708,0,25,7,3:7|1:8,0,17,0,1667721996
gym-opening-clock30,control-hold,50,Victory,24,0,24,616,233,711,0,20,12,3:12|2:8|1:7,0,13,0,2378753229
gym-opening-clock30,control-hold,51,Defeat,31,0,30,568,192,379,1,40,7,3:7,0,25,1,3653285669
gym-opening-clock30,control-hold,52,Victory,29,0,29,752,270,628,0,29,7,3:7|4:8|1:7,0,33,0,1368228050
gym-opening-clock30,control-hold,53,Defeat,31,0,30,800,288,431,1,21,2,1:2|4:13|3:7,0,42,0,4043375143
gym-opening-clock30,control-hold,54,Defeat,31,0,30,568,215,439,1,36,7,2:7|1:8,0,19,1,3357881247
gym-opening-clock30,control-hold,55,Victory,25,0,25,688,213,492,0,39,13,1:13|3:8,0,32,0,3264164265
gym-opening-clock30,control-hold,56,Defeat,20,0,20,304,64,0,3,84,2,2:2,0,51,0,1365592601
gym-opening-clock30,control-hold,57,Victory,24,0,24,472,127,458,0,37,2,3:2|1:7,0,27,0,3859341859
gym-opening-clock30,control-hold,58,Defeat,25,0,25,360,67,0,3,75,2,3:2,0,82,1,3766437820
gym-opening-clock30,control-hold,59,Victory,24,0,24,480,135,524,0,40,12,2:12|3:8,0,15,0,1057212990
gym-opening-clock30,control-hold,60,Defeat,31,0,30,424,99,235,1,52,2,3:2,0,64,0,2980307748
gym-opening-clock30,control-hold,61,Defeat,31,0,30,448,71,280,2,42,12,3:12,0,40,1,1065701859
gym-opening-clock30,control-hold,62,Victory,26,0,26,832,335,1062,0,8,12,4:12|3:2|1:7,0,5,1,1922439503
gym-opening-clock30,control-hold,63,Defeat,20,0,20,312,46,0,2,89,12,2:12,0,40,0,4059703683
gym-opening-clock30,control-hold,64,Victory,27,0,27,680,212,655,0,24,12,3:12|2:8,0,33,0,2245341753
gym-opening-clock30,control-hold,65,Victory,29,0,29,552,182,306,0,28,13,1:13|3:2,0,30,0,3045448117
gym-opening-clock30,control-hold,66,Victory,15,0,15,328,57,351,0,39,7,3:7,0,21,0,1355430236
gym-opening-clock30,control-hold,67,Defeat,30,0,30,512,117,0,2,51,12,4:12|3:13,0,70,0,2287312541
gym-opening-clock30,control-hold,68,Defeat,31,0,30,456,138,180,2,47,13,3:13|1:2,0,43,1,2483715779
gym-opening-clock30,control-hold,69,Victory,13,0,13,336,45,358,0,64,7,3:7,0,24,0,802919593
gym-opening-clock30,control-hold,70,Victory,23,0,23,432,105,527,0,35,2,2:2|3:2,0,27,0,3520368126
gym-opening-clock30,control-hold,71,Defeat,31,0,30,576,178,648,1,16,12,3:12|2:2,0,35,0,4026450168
gym-opening-clock30,control-hold,72,Victory,29,0,29,600,136,535,0,25,12,2:12|1:13,0,45,0,595010269
gym-opening-clock30,control-hold,73,Defeat,31,0,30,448,86,220,3,53,12,4:12|3:8,0,70,0,4222858562
gym-opening-clock30,control-hold,74,Defeat,15,0,15,256,51,0,2,81,2,2:2,0,26,1,3146866963
gym-opening-clock30,control-hold,75,Defeat,17,0,17,304,43,0,1,89,7,1:7|3:2,0,34,0,1077168217
gym-opening-clock30,control-hold,76,Defeat,31,0,30,808,268,643,1,28,7,3:7|2:8|1:7,0,33,0,1843799933
gym-opening-clock30,control-hold,77,Defeat,31,0,30,384,67,170,2,62,2,3:2,0,54,0,212591305
gym-opening-clock30,control-hold,78,Victory,15,0,15,400,103,568,0,46,8,3:8|2:8,0,15,0,3134810290
gym-opening-clock30,control-hold,79,Defeat,30,0,30,488,102,0,2,65,2,3:2|1:13,0,77,0,3267578234
gym-opening-clock30,control-hold,80,Victory,16,0,16,440,123,468,0,36,13,3:13|4:8,0,19,0,4023730983
gym-opening-clock30,control-hold,81,Defeat,16,0,16,328,45,0,2,73,13,3:13|1:2,0,41,1,2518628189
gym-opening-clock30,control-hold,82,Defeat,31,0,30,880,319,842,1,16,12,3:12|4:13|1:8|2:8,0,18,0,1423617116
gym-opening-clock30,control-hold,83,Victory,19,0,19,384,92,383,0,47,13,3:13|2:7,0,21,0,1516159642
gym-opening-clock30,control-hold,84,Defeat,10,0,10,240,33,0,4,123,7,1:7,0,29,0,3084256807
gym-opening-clock30,control-hold,85,Defeat,20,0,20,336,35,0,2,78,12,3:12,0,40,1,122491072
gym-opening-clock30,control-hold,86,Defeat,31,0,30,472,114,240,2,38,2,3:2,0,62,0,648760236
gym-opening-clock30,control-hold,87,Defeat,21,0,21,344,81,0,2,65,2,2:2|3:2,0,45,0,996487928
gym-opening-clock30,control-hold,88,Victory,24,0,24,416,98,170,0,53,13,1:13|3:2,0,57,0,214479833
gym-opening-clock30,control-hold,89,Victory,21,0,21,440,92,305,0,52,13,3:13|1:7,0,24,0,1403701304
gym-opening-clock30,control-hold,90,Defeat,11,0,11,240,41,0,6,106,13,3:13,0,38,1,3409318663
gym-opening-clock30,control-hold,91,Defeat,30,0,30,424,94,0,4,64,2,3:2,0,92,0,2764535515
gym-opening-clock30,control-hold,92,Defeat,25,0,25,400,67,0,2,62,2,3:2,0,62,0,2371143253
gym-opening-clock30,control-hold,93,Victory,22,0,22,448,110,408,0,44,7,1:7,0,21,0,2988053126
gym-opening-clock30,control-hold,94,Victory,24,0,24,480,104,535,0,50,2,2:2|3:2,0,33,0,2630534586
gym-opening-clock30,control-hold,95,Victory,17,0,17,408,79,435,0,43,13,1:13|3:13,0,32,0,661937497
gym-opening-clock30,control-hold,96,Victory,28,0,28,368,85,98,0,52,8,1:8,0,51,0,3522119552
gym-opening-clock30,control-hold,97,Defeat,21,0,21,368,78,0,2,54,2,2:2|3:13,0,50,0,2235397195
gym-opening-clock30,control-hold,98,Defeat,31,0,30,768,263,758,1,26,8,3:8,0,30,0,2796809833
gym-opening-clock30,control-hold,99,Victory,22,0,22,448,106,283,0,55,2,3:2|1:8,0,38,0,754960090
gym-opening-clock30,control-hold,100,Defeat,18,0,18,296,45,0,3,89,2,2:2,0,53,0,12768908
gym-opening-clock30,control-hold,101,Victory,29,0,29,552,120,195,0,37,13,1:13|2:2|3:7,0,45,0,3168200751
gym-opening-clock30,control-hold,102,Victory,22,0,22,432,90,381,0,53,13,3:13|2:7,0,31,0,2512810076
gym-opening-clock30,control-hold,103,Victory,30,0,30,744,232,715,0,21,7,3:7|2:7,0,27,0,1868539397
gym-opening-clock30,control-hold,104,Defeat,31,0,30,608,219,521,1,30,8,2:8,0,32,0,1499134488
gym-opening-clock30,control-hold,105,Defeat,15,0,15,296,69,0,3,67,-1,,0,28,1,460069204
gym-opening-clock30,control-hold,106,Defeat,31,0,30,592,191,420,1,32,12,3:12,0,48,0,262703609
gym-opening-clock30,control-hold,107,Defeat,31,0,30,576,185,530,1,27,7,1:7|3:2,0,28,0,2519597172
gym-opening-clock30,control-hold,108,Defeat,31,0,30,480,129,170,1,56,12,1:12,0,54,1,175556209
gym-opening-clock30,control-hold,109,Defeat,31,0,30,480,89,220,2,53,7,3:7,0,47,1,127062624
gym-opening-clock30,control-hold,110,Victory,16,0,16,400,81,362,0,64,13,3:13|1:7,0,33,0,3421556435
gym-opening-clock30,control-hold,111,Defeat,31,0,30,648,209,657,1,24,2,2:2|4:8|3:7,0,31,0,3393434193
gym-opening-clock30,control-hold,112,Defeat,18,0,18,328,61,0,1,65,8,3:8|1:12,0,49,0,1632975242
gym-opening-clock30,control-hold,113,Victory,18,0,18,480,135,555,0,38,2,2:2,0,14,0,645819849
gym-opening-clock30,control-hold,114,Victory,17,0,17,432,114,395,0,38,8,2:8|1:7,0,16,0,2080293980
gym-opening-clock30,control-hold,115,Victory,21,0,21,440,98,387,0,56,13,1:13|3:2,0,43,0,3459146576
gym-opening-clock30,control-hold,116,Victory,20,0,20,488,116,560,0,32,13,1:13|2:8|3:8,0,23,0,3228898815
gym-opening-clock30,control-hold,117,Victory,18,0,18,472,123,763,0,27,2,1:2|2:13|3:7,0,25,0,492704291
gym-opening-clock30,control-hold,118,Defeat,31,0,30,656,256,601,1,23,12,3:12|1:7,0,45,0,994783598
gym-opening-clock30,control-hold,119,Defeat,31,0,30,744,289,642,1,27,12,2:12|3:7|1:7,0,37,0,1185167476
gym-opening-clock30,control-hold,120,Victory,14,0,14,448,132,878,0,39,2,2:2|1:7,0,12,0,2359112637
gym-opening-clock30,control-hold,121,Victory,22,0,22,536,144,582,0,40,2,3:2|2:2|1:13,0,35,0,1568733482
gym-opening-clock30,control-hold,122,Defeat,25,0,25,336,57,0,3,64,13,3:13,0,66,0,111166780
gym-opening-clock30,control-hold,123,Defeat,31,0,30,576,217,375,1,37,13,3:13|1:8,0,36,0,2404698540
gym-opening-clock30,control-hold,124,Defeat,14,0,14,256,48,0,3,71,2,3:2,0,34,0,2021307090
gym-opening-clock30,control-hold,125,Victory,23,0,23,576,143,619,0,33,13,3:13|1:7|2:7,0,34,0,1850245012
gym-opening-clock30,control-hold,126,Victory,23,0,23,584,195,587,0,21,8,3:8|1:8,0,20,0,4149486640
gym-opening-clock30,control-hold,127,Defeat,31,0,30,560,157,435,2,37,13,1:13|3:2,0,56,0,2809021596
gym-opening-clock30,control-hold,128,Victory,28,0,28,736,273,625,0,21,8,3:8|2:2|4:7,0,37,0,3362793415
gym-opening-clock30,control-hold,129,Victory,27,0,27,512,171,562,0,39,7,3:7|2:8,0,20,0,1119637852
gym-opening-clock30,control-hold,130,Defeat,15,0,15,264,49,0,1,81,2,3:2,0,36,0,3661866075
gym-opening-clock30,control-hold,131,Victory,17,0,17,464,107,668,0,22,2,3:2|2:7|1:7,0,16,0,2499646871
gym-opening-clock30,control-hold,132,Victory,27,0,27,712,234,593,0,22,12,3:12|2:8,0,18,0,1919540987
gym-opening-clock30,control-hold,133,Defeat,31,0,30,440,100,230,2,40,7,3:7,0,46,0,3446184625
gym-opening-clock30,control-hold,134,Defeat,31,0,30,624,247,682,1,15,2,3:2,0,25,0,30387280
gym-opening-clock30,control-hold,135,Victory,23,0,23,584,190,647,0,35,7,1:7|3:7,0,29,0,3219851921
gym-opening-clock30,control-hold,136,Defeat,31,0,30,584,178,676,1,28,12,3:12|2:2,0,27,1,3879139218
gym-opening-clock30,control-hold,137,Defeat,31,0,30,560,123,280,2,40,2,2:2|3:7,0,62,0,570745833
gym-opening-clock30,control-hold,138,Defeat,31,0,30,696,197,450,1,31,7,4:7|3:8,0,29,0,4043358221
gym-opening-clock30,control-hold,139,Defeat,31,0,30,616,200,383,1,33,12,3:12,0,38,0,2956879634
gym-opening-clock30,control-hold,140,Defeat,31,0,30,672,232,648,1,19,2,3:2|2:8|4:8,0,27,0,1303619850
gym-opening-clock30,control-hold,141,Defeat,31,0,30,584,217,378,1,38,2,1:2|3:7,0,33,0,126662895
gym-opening-clock30,control-hold,142,Defeat,15,0,15,360,65,0,3,84,13,4:13,0,31,0,275511167
gym-opening-clock30,control-hold,143,Victory,16,0,16,408,114,659,0,33,2,3:2|1:2|2:7,0,22,0,1123095009
gym-opening-clock30,control-hold,144,Defeat,31,0,30,744,284,658,1,13,12,1:12|3:12,0,33,0,2616533862
gym-opening-clock30,control-hold,145,Victory,20,0,20,496,101,277,0,59,2,1:2|3:13,0,36,0,1364484714
gym-opening-clock30,control-hold,146,Defeat,31,0,30,568,207,563,1,25,2,3:2,0,36,0,2351019992
gym-opening-clock30,control-hold,147,Victory,20,0,20,456,80,360,0,40,12,3:12|1:13,0,38,1,2633140187
gym-opening-clock30,control-hold,148,Defeat,20,0,20,336,61,0,1,61,12,3:12,0,34,1,2223206445
gym-opening-clock30,control-hold,149,Victory,11,0,11,352,56,673,0,52,8,1:8,0,11,0,2979035676
gym-opening-clock30,control-hold,150,Defeat,31,0,30,856,298,804,1,18,12,3:12|1:13|2:8|4:13,0,32,0,923027242
gym-opening-clock30,control-hold,151,Victory,13,0,13,336,53,470,0,45,2,1:2,0,22,0,851850988
gym-opening-clock30,control-hold,152,Defeat,31,0,30,784,292,823,1,28,2,3:2|2:7,0,31,0,16939954
gym-opening-clock30,control-hold,153,Victory,20,0,20,408,98,319,0,49,7,3:7|1:2,0,24,0,256016390
gym-opening-clock30,control-hold,154,Defeat,31,0,30,552,207,633,1,37,2,3:2,0,16,1,422763546
gym-opening-clock30,control-hold,155,Defeat,31,0,30,488,110,255,1,42,8,3:8|2:12,0,43,0,2981317844
gym-opening-clock30,control-hold,156,Victory,23,0,23,616,205,657,0,37,7,3:7|1:7,0,23,0,390121158
gym-opening-clock30,control-hold,157,Defeat,31,0,30,624,188,556,1,25,13,3:13|1:2,0,35,0,1867491259
gym-opening-clock30,control-hold,158,Defeat,31,0,30,776,300,774,1,28,8,2:8|1:7|3:12,0,31,0,3905850037
gym-opening-clock30,control-hold,159,Defeat,20,0,20,312,65,0,3,84,12,3:12,0,51,0,931979646
gym-opening-clock30,control-hold,160,Victory,17,0,17,472,142,531,0,44,8,3:8|1:7,0,25,0,582353864
gym-opening-clock30,control-hold,161,Defeat,12,0,12,232,40,0,3,82,2,1:2,0,26,1,1422722232
gym-opening-clock30,control-hold,162,Defeat,31,0,30,560,163,569,1,27,7,2:7|3:12,0,31,0,2336051179
gym-opening-clock30,control-hold,163,Defeat,31,0,30,552,197,539,1,27,7,3:7|2:7,0,23,0,2114900345
gym-opening-clock30,control-hold,164,Defeat,11,0,11,224,35,0,3,96,-1,,0,26,1,2217284327
gym-opening-clock30,control-hold,165,Victory,28,0,28,400,76,99,0,52,2,1:2|2:7,0,31,0,2012102484
gym-opening-clock30,control-hold,166,Victory,17,0,17,376,74,484,0,48,12,3:12|2:7,0,17,0,1917330369
gym-opening-clock30,control-hold,167,Defeat,31,0,30,424,81,220,1,39,12,3:12|2:13,0,39,0,2984918108
gym-opening-clock30,control-hold,168,Defeat,18,0,18,376,72,0,2,76,8,3:8,0,42,0,1031709148
gym-opening-clock30,control-hold,169,Defeat,12,0,12,208,47,0,6,96,2,2:2,0,42,1,3194996069
gym-opening-clock30,control-hold,170,Defeat,31,0,30,440,77,235,3,74,13,1:13|3:7,0,96,0,572650385
gym-opening-clock30,control-hold,171,Victory,14,0,14,448,109,836,0,42,8,4:8|1:2|3:2|2:2,0,23,0,2709409891
gym-opening-clock30,control-hold,172,Defeat,31,0,30,616,189,430,1,25,7,3:7,0,29,0,4047111837
gym-opening-clock30,control-hold,173,Victory,24,0,24,464,128,395,0,34,2,1:2,0,25,0,2739191487
gym-opening-clock30,control-hold,174,Defeat,21,0,21,328,58,0,3,60,12,3:12,0,38,1,1992892011
gym-opening-clock30,control-hold,175,Defeat,31,0,30,584,169,459,1,42,2,1:2|3:8,0,32,0,260232061
gym-opening-clock30,control-hold,176,Defeat,31,0,30,488,96,178,1,47,13,1:13,0,46,1,1621436028
gym-opening-clock30,control-hold,177,Defeat,31,0,30,616,184,322,1,36,12,1:12,0,40,1,2883378582
gym-opening-clock30,control-hold,178,Defeat,31,0,30,576,197,641,1,22,7,2:7|3:7,0,34,0,1601232860
gym-opening-clock30,control-hold,179,Victory,17,0,17,432,121,723,0,38,2,3:2|1:2|2:2,0,16,0,3532788860
gym-opening-clock30,control-hold,180,Defeat,31,0,30,568,181,370,1,30,7,1:7|3:7,0,31,0,2252810387
gym-opening-clock30,control-hold,181,Victory,24,0,24,496,136,389,0,40,7,3:7|1:12,0,37,0,1734503974
gym-opening-clock30,control-hold,182,Defeat,31,0,30,600,212,481,1,29,2,2:2|3:7,0,33,1,1215063378
gym-opening-clock30,control-hold,183,Victory,18,0,18,336,65,6,0,71,13,1:13,0,39,0,1483517342
gym-opening-clock30,control-hold,184,Defeat,31,0,30,752,254,764,1,28,13,1:13|3:13|2:2,0,49,0,1622103400
gym-opening-clock30,control-hold,185,Defeat,31,0,30,384,65,45,2,54,2,2:2|3:12,0,62,1,3846040164
gym-opening-clock30,control-hold,186,Defeat,13,0,13,288,54,0,4,94,-1,,0,35,1,326820444
gym-opening-clock30,control-hold,187,Defeat,31,0,30,616,203,400,1,37,2,3:2,0,36,0,1931602957
gym-opening-clock30,control-hold,188,Victory,24,0,24,400,71,130,0,56,2,1:2|3:2,0,51,0,2714458386
gym-opening-clock30,control-hold,189,Defeat,13,0,13,272,49,0,3,79,-1,,0,28,1,603108983
gym-opening-clock30,control-hold,190,Victory,28,0,28,752,273,506,0,27,8,3:8|4:7,0,33,0,745133177
gym-opening-clock30,control-hold,191,Victory,28,0,28,784,237,647,0,24,12,4:12|3:2|1:13|2:2,0,61,0,746262473
gym-opening-clock30,control-hold,192,Victory,21,0,21,392,91,100,0,46,7,3:7,0,31,0,2071804630
gym-opening-clock30,control-hold,193,Victory,23,0,23,456,114,352,0,43,7,3:7,0,44,0,1298389487
gym-opening-clock30,control-hold,194,Defeat,12,0,12,288,64,0,3,61,-1,,0,24,1,3019631123
gym-opening-clock30,control-hold,195,Defeat,20,0,20,336,69,0,3,50,2,3:2|2:12,0,34,1,3638851234
gym-opening-clock30,control-hold,196,Defeat,18,0,18,312,41,0,1,64,12,1:12|3:7,0,36,0,3286391933
gym-opening-clock30,control-hold,197,Defeat,31,0,30,496,152,100,1,50,13,3:13|1:2,0,67,0,857588540
gym-opening-clock30,control-hold,198,Defeat,31,0,30,648,215,430,1,27,12,3:12|1:2,0,31,1,3475897939
gym-opening-clock30,control-hold,199,Victory,29,0,29,384,63,235,0,50,2,3:2,0,54,0,539681084
gym-opening-clock30,control-hold,200,Defeat,27,0,27,376,61,0,2,70,13,3:13,0,63,0,3337911964
gym-opening-clock30,sustain-hold,1,Defeat,31,0,30,616,146,483,1,41,12,1:12|3:7|2:13,0,57,0,285869002
gym-opening-clock30,sustain-hold,2,Defeat,15,0,15,288,48,0,3,102,-1,,0,35,1,4269576362
gym-opening-clock30,sustain-hold,3,Defeat,31,0,30,456,109,356,1,45,2,3:2|2:12,0,46,1,1278910520
gym-opening-clock30,sustain-hold,4,Victory,25,0,25,800,220,874,0,23,2,1:2|2:8|4:12|3:7,0,22,0,3203073202
gym-opening-clock30,sustain-hold,5,Defeat,31,0,30,768,247,714,1,16,12,3:12|2:7,0,24,0,449337217
gym-opening-clock30,sustain-hold,6,Defeat,31,0,30,576,170,611,1,37,2,3:2|2:2,0,29,1,1399393186
gym-opening-clock30,sustain-hold,7,Defeat,14,0,14,256,29,0,3,137,-1,,0,32,1,2681429112
gym-opening-clock30,sustain-hold,8,Defeat,31,0,30,568,145,230,1,49,12,4:12|3:7,0,46,0,2100681899
gym-opening-clock30,sustain-hold,9,Defeat,28,0,28,384,45,0,3,102,12,3:12,0,106,0,412904334
gym-opening-clock30,sustain-hold,10,Defeat,31,0,30,432,101,335,1,61,2,2:2,0,32,0,3331643289
gym-opening-clock30,sustain-hold,11,Defeat,31,0,30,880,314,744,1,35,7,2:7|4:13|3:12,0,32,0,377643358
gym-opening-clock30,sustain-hold,12,Defeat,31,0,30,608,164,455,1,42,7,2:7|3:8,0,59,0,1180615318
gym-opening-clock30,sustain-hold,13,Victory,24,0,24,584,121,258,0,52,2,3:2|1:2,0,54,0,420193937
gym-opening-clock30,sustain-hold,14,Defeat,31,0,30,672,231,445,1,35,12,4:12|1:12|3:8,0,46,0,1818965756
gym-opening-clock30,sustain-hold,15,Defeat,31,0,30,928,292,721,1,23,12,3:12|2:2|4:8,0,44,0,2537424446
gym-opening-clock30,sustain-hold,16,Defeat,31,0,30,544,130,215,1,63,2,1:2|3:12,0,72,1,1237683825
gym-opening-clock30,sustain-hold,17,Defeat,31,0,30,704,248,559,1,44,8,4:8|2:7,0,35,0,1277628822
gym-opening-clock30,sustain-hold,18,Defeat,31,0,30,760,264,693,1,49,2,1:2|2:7,0,27,0,1605202511
gym-opening-clock30,sustain-hold,19,Victory,27,0,27,704,202,845,0,26,7,2:7|3:8,0,26,0,1604053365
gym-opening-clock30,sustain-hold,20,Defeat,31,0,30,568,220,535,1,30,7,3:7,0,21,0,880120805
gym-opening-clock30,sustain-hold,21,Victory,16,0,16,424,83,665,0,47,13,3:13|1:7,0,25,0,459500871
gym-opening-clock30,sustain-hold,22,Defeat,31,0,30,768,228,579,1,35,13,3:13|1:2,0,56,0,2197033484
gym-opening-clock30,sustain-hold,23,Defeat,17,0,17,360,62,0,3,80,12,1:12,0,44,1,2325403034
gym-opening-clock30,sustain-hold,24,Defeat,31,0,30,768,259,750,1,28,13,3:13|2:7,0,20,1,2942744832
gym-opening-clock30,sustain-hold,25,Victory,21,0,21,480,99,383,0,53,12,2:12|1:8,0,24,0,200626867
gym-opening-clock30,sustain-hold,26,Defeat,20,0,20,344,66,0,3,93,13,3:13,0,55,0,1646898583
gym-opening-clock30,sustain-hold,27,Defeat,20,0,20,352,79,0,2,86,2,3:2,0,49,0,2652102805
gym-opening-clock30,sustain-hold,28,Victory,29,0,29,592,133,298,0,54,2,3:2|1:2,0,52,0,3099251867
gym-opening-clock30,sustain-hold,29,Defeat,31,0,30,800,299,559,1,29,7,3:7,0,22,0,1655304316
gym-opening-clock30,sustain-hold,30,Defeat,31,0,30,776,269,742,1,30,8,4:8|3:12,0,51,0,1440604212
gym-opening-clock30,sustain-hold,31,Victory,25,0,25,520,107,210,0,63,7,4:7|2:7|3:8,0,38,0,2539270032
gym-opening-clock30,sustain-hold,32,Defeat,31,0,30,424,89,210,1,58,12,3:12,0,47,1,1404642083
gym-opening-clock30,sustain-hold,33,Victory,25,0,25,648,149,459,0,48,2,3:2|1:12,0,37,0,1531076416
gym-opening-clock30,sustain-hold,34,Defeat,31,0,30,960,350,943,1,23,8,4:8|3:7,0,29,0,3004635712
gym-opening-clock30,sustain-hold,35,Defeat,31,0,30,456,68,181,1,77,13,2:13|3:13,0,37,0,1537407522
gym-opening-clock30,sustain-hold,36,Defeat,31,0,30,872,291,531,1,25,8,3:8|2:12|1:8,0,37,0,2926295029
gym-opening-clock30,sustain-hold,37,Victory,25,0,25,632,174,670,0,36,2,2:2|1:7,0,31,0,1931485553
gym-opening-clock30,sustain-hold,38,Defeat,31,0,30,480,74,205,2,55,2,2:2|3:2,0,86,0,2116218147
gym-opening-clock30,sustain-hold,39,Defeat,31,0,30,608,186,584,1,46,12,2:12,0,33,0,2409242003
gym-opening-clock30,sustain-hold,40,Victory,27,0,27,488,95,19,0,70,2,1:2,0,55,0,391984958
gym-opening-clock30,sustain-hold,41,Defeat,31,0,30,448,130,182,1,73,2,1:2,0,39,0,741079077
gym-opening-clock30,sustain-hold,42,Defeat,31,0,30,472,110,125,2,54,12,3:12,0,58,1,2546167674
gym-opening-clock30,sustain-hold,43,Victory,19,0,19,432,75,293,0,61,13,3:13|2:2,0,31,0,298684540
gym-opening-clock30,sustain-hold,44,Defeat,31,0,30,464,93,230,1,63,8,2:8|3:2,0,75,0,3213911725
gym-opening-clock30,sustain-hold,45,Defeat,31,0,30,792,290,876,1,29,12,2:12|1:12,0,16,1,3341214254
gym-opening-clock30,sustain-hold,46,Defeat,16,0,16,328,47,0,2,100,13,3:13,0,38,0,1051137785
gym-opening-clock30,sustain-hold,47,Defeat,22,0,22,480,131,0,2,66,7,3:7|1:7,0,57,0,1716073005
gym-opening-clock30,sustain-hold,48,Defeat,15,0,15,328,75,0,5,100,13,3:13,0,45,1,2150323691
gym-opening-clock30,sustain-hold,49,Victory,26,0,26,576,132,351,0,52,12,1:12|3:13,0,51,0,1630420869
gym-opening-clock30,sustain-hold,50,Victory,19,0,19,480,96,332,0,56,8,3:8|1:8,0,37,0,1254486410
gym-opening-clock30,sustain-hold,51,Defeat,31,0,30,808,286,818,1,37,12,3:12|2:8|1:8,0,26,0,2710680173
gym-opening-clock30,sustain-hold,52,Victory,12,0,12,352,61,726,0,38,8,3:8|4:2,0,12,0,3390790148
gym-opening-clock30,sustain-hold,53,Defeat,16,0,16,272,39,0,4,105,-1,,0,38,1,1189536709
gym-opening-clock30,sustain-hold,54,Defeat,31,0,30,632,134,235,1,48,2,1:2|3:7,0,46,1,884905
gym-opening-clock30,sustain-hold,55,Defeat,31,0,30,480,107,225,1,66,13,3:13,0,54,0,3484006919
gym-opening-clock30,sustain-hold,56,Victory,29,0,29,600,195,335,0,50,7,1:7,0,46,0,3504654211
gym-opening-clock30,sustain-hold,57,Defeat,17,0,17,320,70,0,3,95,-1,,0,40,1,310681451
gym-opening-clock30,sustain-hold,58,Defeat,31,0,30,568,158,534,1,52,2,3:2,0,36,1,141322503
gym-opening-clock30,sustain-hold,59,Defeat,31,0,30,512,116,313,1,51,2,4:2|2:13,0,41,0,2171753394
gym-opening-clock30,sustain-hold,60,Victory,25,0,25,752,163,723,0,29,2,3:2|2:12|4:12|1:12,0,44,0,989240777
gym-opening-clock30,sustain-hold,61,Defeat,28,0,28,424,66,0,1,60,13,3:13,0,54,0,4001095544
gym-opening-clock30,sustain-hold,62,Defeat,31,0,30,488,116,210,1,55,7,2:7|3:12,0,63,0,1184682341
gym-opening-clock30,sustain-hold,63,Defeat,31,0,30,576,169,596,1,37,12,2:12,0,32,1,1817509942
gym-opening-clock30,sustain-hold,64,Defeat,31,0,30,672,188,417,1,33,13,4:13|3:12,0,45,0,2324675157
gym-opening-clock30,sustain-hold,65,Defeat,31,0,30,760,242,773,1,35,8,3:8|1:2|2:7,0,43,0,2933405544
gym-opening-clock30,sustain-hold,66,Defeat,31,0,30,616,187,441,1,46,8,3:8|1:13,0,45,0,955238961
gym-opening-clock30,sustain-hold,67,Defeat,31,0,30,480,111,220,1,65,13,3:13|1:13,0,51,0,3024408542
gym-opening-clock30,sustain-hold,68,Victory,17,0,17,448,90,369,0,76,13,1:13,0,35,0,1173612935
gym-opening-clock30,sustain-hold,69,Victory,15,0,15,368,53,238,0,73,12,3:12|1:13,0,37,0,501816244
gym-opening-clock30,sustain-hold,70,Defeat,31,0,30,504,115,168,1,53,13,4:13|1:2|3:12,0,61,1,404426718
gym-opening-clock30,sustain-hold,71,Defeat,31,0,30,608,177,548,1,36,7,3:7|2:12,0,37,0,3764093335
gym-opening-clock30,sustain-hold,72,Defeat,31,0,30,712,196,293,1,39,13,1:13|2:2|3:8,0,43,0,2568360495
gym-opening-clock30,sustain-hold,73,Defeat,21,0,21,376,57,0,4,87,13,3:13|2:2,0,53,1,1716552710
gym-opening-clock30,sustain-hold,74,Victory,14,0,14,344,68,555,0,53,12,3:12|2:12,0,17,0,855700358
gym-opening-clock30,sustain-hold,75,Defeat,16,0,16,320,45,0,3,125,-1,,0,35,1,774885912
gym-opening-clock30,sustain-hold,76,Defeat,28,0,28,424,71,0,4,75,12,2:12|3:13,0,96,0,4063917506
gym-opening-clock30,sustain-hold,77,Defeat,31,0,30,640,204,435,1,32,12,1:12|3:8,0,39,1,2902688421
gym-opening-clock30,sustain-hold,78,Defeat,31,0,30,816,287,793,1,34,8,3:8,0,24,0,1274620628
gym-opening-clock30,sustain-hold,79,Defeat,13,0,13,264,60,0,5,115,-1,,0,38,1,884793580
gym-opening-clock30,sustain-hold,80,Victory,20,0,20,568,142,677,0,36,12,2:12|3:8,0,25,0,3905616416
gym-opening-clock30,sustain-hold,81,Defeat,20,0,20,352,33,0,3,111,12,3:12|2:2,0,54,0,1657241716
gym-opening-clock30,sustain-hold,82,Defeat,31,0,30,664,174,435,1,38,13,3:13|4:2,0,52,0,49020670
gym-opening-clock30,sustain-hold,83,Defeat,31,0,30,576,155,539,1,41,12,3:12|2:7,0,42,0,3647320087
gym-opening-clock30,sustain-hold,84,Defeat,31,0,30,584,139,500,1,38,2,2:2|3:2,0,31,1,3693431483
gym-opening-clock30,sustain-hold,85,Defeat,17,0,17,336,46,0,2,90,13,3:13|2:2,0,47,0,3669206040
gym-opening-clock30,sustain-hold,86,Victory,15,0,15,464,102,637,0,51,7,1:7|3:2,0,25,0,2284246035
gym-opening-clock30,sustain-hold,87,Defeat,31,0,30,552,170,514,1,49,-1,,0,23,1,88749781
gym-opening-clock30,sustain-hold,88,Defeat,31,0,30,776,254,696,1,39,13,3:13|4:2|2:2,0,38,0,1890127680
gym-opening-clock30,sustain-hold,89,Defeat,31,0,30,552,105,50,1,68,7,3:7|1:13|2:12,0,69,1,3806418336
gym-opening-clock30,sustain-hold,90,Defeat,31,0,30,824,298,650,1,26,12,4:12,0,36,0,3333936521
gym-opening-clock30,sustain-hold,91,Defeat,31,0,30,576,148,543,1,41,13,2:13,0,38,1,955515544
gym-opening-clock30,sustain-hold,92,Defeat,31,0,30,608,188,424,1,47,8,3:8|1:13,0,47,0,4003553293
gym-opening-clock30,sustain-hold,93,Defeat,14,0,14,272,42,0,3,114,-1,,0,34,1,3144411666
gym-opening-clock30,sustain-hold,94,Victory,27,0,27,520,152,618,0,35,2,3:2|2:7,0,26,0,2827187804
gym-opening-clock30,sustain-hold,95,Defeat,31,0,30,960,434,972,1,19,8,3:8|4:8|1:7|2:8,0,27,0,1559032443
gym-opening-clock30,sustain-hold,96,Victory,28,0,28,736,208,602,0,32,12,3:12|1:2,0,60,0,3999586842
gym-opening-clock30,sustain-hold,97,Defeat,22,0,22,384,106,0,2,79,12,3:12,0,49,1,2297228143
gym-opening-clock30,sustain-hold,98,Victory,28,0,28,816,226,825,0,28,12,3:12|4:8|2:7|1:8,0,22,0,87818210
gym-opening-clock30,sustain-hold,99,Defeat,31,0,30,608,177,382,1,51,12,1:12,0,56,0,2432919763
gym-opening-clock30,sustain-hold,100,Defeat,31,0,30,448,81,235,1,67,7,2:7|3:2,0,85,0,2089646550
gym-opening-clock30,sustain-hold,101,Defeat,31,0,30,640,204,625,1,38,2,3:2|1:7,0,41,0,363442963
gym-opening-clock30,sustain-hold,102,Victory,24,0,24,632,197,812,0,31,7,3:7,0,24,0,682928735
gym-opening-clock30,sustain-hold,103,Victory,22,0,22,584,161,770,0,34,13,3:13|2:7|1:8,0,23,0,1302595706
gym-opening-clock30,sustain-hold,104,Defeat,31,0,30,496,78,175,1,59,8,3:8,0,39,0,2587537336
gym-opening-clock30,sustain-hold,105,Defeat,31,0,30,424,90,245,1,75,7,3:7,0,37,1,1913093202
gym-opening-clock30,sustain-hold,106,Defeat,31,0,30,432,105,342,1,79,8,2:8,0,45,0,3098431991
gym-opening-clock30,sustain-hold,107,Victory,24,0,24,408,69,140,0,78,7,1:7|3:2,0,46,0,297608476
gym-opening-clock30,sustain-hold,108,Defeat,15,0,15,296,43,0,3,121,13,3:13,0,46,0,3034564463
gym-opening-clock30,sustain-hold,109,Victory,19,0,19,608,149,865,0,30,12,1:12|2:7,0,14,0,743093740
gym-opening-clock30,sustain-hold,110,Defeat,25,0,25,408,78,0,3,86,12,2:12,0,63,1,1790031604
gym-opening-clock30,sustain-hold,111,Defeat,31,0,30,624,169,645,1,35,12,3:12|4:2,0,52,0,4127349207
gym-opening-clock30,sustain-hold,112,Defeat,31,0,30,568,186,542,1,43,2,1:2|2:2,0,38,0,2794083866
gym-opening-clock30,sustain-hold,113,Victory,19,0,19,432,93,420,0,64,12,1:12|3:7,0,34,0,3625816199
gym-opening-clock30,sustain-hold,114,Defeat,31,0,30,592,180,425,1,48,2,2:2|3:2,0,41,1,2362724087
gym-opening-clock30,sustain-hold,115,Defeat,31,0,30,616,174,625,1,36,8,4:8|2:7|3:2,0,42,0,739670997
gym-opening-clock30,sustain-hold,116,Victory,15,0,15,480,108,884,0,35,12,4:12|2:7|1:8|3:8,0,13,0,1125264378
gym-opening-clock30,sustain-hold,117,Defeat,31,0,30,608,185,655,1,36,2,2:2|3:2,0,28,1,1775872842
gym-opening-clock30,sustain-hold,118,Defeat,31,0,30,744,245,440,1,43,12,1:12|4:7,0,36,0,4023872265
gym-opening-clock30,sustain-hold,119,Defeat,31,0,30,400,98,318,1,64,12,3:12,0,44,1,1029902052
gym-opening-clock30,sustain-hold,120,Defeat,31,0,30,616,189,546,1,41,12,1:12|3:7,0,46,0,2318169167
gym-opening-clock30,sustain-hold,121,Victory,25,0,25,544,140,405,0,66,2,3:2|1:13,0,66,0,2197194193
gym-opening-clock30,sustain-hold,122,Defeat,18,0,18,352,80,0,3,100,7,3:7,0,45,0,1081230114
gym-opening-clock30,sustain-hold,123,Victory,24,0,24,496,124,503,0,38,7,2:7|3:8,0,15,0,2764492948
gym-opening-clock30,sustain-hold,124,Defeat,31,0,30,632,179,225,1,40,2,2:2|3:7|4:2,0,56,0,1413853507
gym-opening-clock30,sustain-hold,125,Defeat,31,0,30,576,189,580,1,40,7,3:7,0,33,0,1926348222
gym-opening-clock30,sustain-hold,126,Defeat,31,0,30,520,92,225,1,53,2,2:2|3:8,0,70,0,1125342373
gym-opening-clock30,sustain-hold,127,Defeat,31,0,30,600,148,479,1,34,13,2:13|3:2,0,44,0,2596524813
gym-opening-clock30,sustain-hold,128,Victory,20,0,20,504,133,498,0,39,8,3:8|4:7|2:7,0,21,0,1221554278
gym-opening-clock30,sustain-hold,129,Defeat,31,0,30,456,128,300,1,56,12,3:12,0,34,1,3653162475
gym-opening-clock30,sustain-hold,130,Defeat,31,0,30,488,121,230,1,62,12,3:12,0,55,0,2640024684
gym-opening-clock30,sustain-hold,131,Defeat,20,0,20,352,52,0,3,109,12,3:12,0,69,0,2962134738
gym-opening-clock30,sustain-hold,132,Defeat,31,0,30,768,296,699,1,25,12,1:12|3:8,0,40,0,1444886145
gym-opening-clock30,sustain-hold,133,Defeat,31,0,30,392,107,346,1,69,2,2:2,0,46,1,3574949069
gym-opening-clock30,sustain-hold,134,Defeat,31,0,30,632,181,446,1,54,8,3:8,0,33,0,2354959434
gym-opening-clock30,sustain-hold,135,Defeat,31,0,30,456,108,230,1,57,7,3:7,0,45,0,2616324147
gym-opening-clock30,sustain-hold,136,Victory,27,0,27,592,96,350,0,50,7,1:7|3:2,0,46,0,1931054676
gym-opening-clock30,sustain-hold,137,Defeat,16,0,16,328,73,0,2,82,-1,,0,29,1,2686363276
gym-opening-clock30,sustain-hold,138,Defeat,31,0,30,584,161,519,1,39,13,3:13,0,52,0,1144383643
gym-opening-clock30,sustain-hold,139,Defeat,31,0,30,464,112,160,1,72,7,3:7,0,40,0,333765122
gym-opening-clock30,sustain-hold,140,Defeat,31,0,30,576,156,481,1,47,7,3:7,0,31,0,4121650875
gym-opening-clock30,sustain-hold,141,Defeat,31,0,30,488,108,180,1,60,12,3:12,0,63,0,3619707585
gym-opening-clock30,sustain-hold,142,Defeat,31,0,30,440,78,314,1,87,8,3:8|2:2,0,58,0,79368825
gym-opening-clock30,sustain-hold,143,Defeat,16,0,16,304,52,0,4,84,-1,,0,44,1,3526732991
gym-opening-clock30,sustain-hold,144,Defeat,31,0,30,440,115,311,1,49,12,2:12,0,29,0,4264762637
gym-opening-clock30,sustain-hold,145,Defeat,31,0,30,448,82,45,1,60,13,3:13|2:13,0,50,0,3509393898
gym-opening-clock30,sustain-hold,146,Defeat,31,0,30,576,185,535,1,37,12,2:12,0,35,0,3357233633
gym-opening-clock30,sustain-hold,147,Victory,27,0,27,696,199,602,0,31,2,1:2|2:2|4:7,0,31,0,377748888
gym-opening-clock30,sustain-hold,148,Defeat,31,0,30,600,180,583,1,36,7,3:7,0,31,0,3574527122
gym-opening-clock30,sustain-hold,149,Victory,26,0,26,712,175,647,0,29,2,2:2|4:8|3:12,0,32,0,506322831
gym-opening-clock30,sustain-hold,150,Defeat,31,0,30,960,340,920,1,30,2,1:2|4:8,0,32,0,2965575382
gym-opening-clock30,sustain-hold,151,Defeat,17,0,17,320,51,0,3,95,-1,,0,39,0,559255184
gym-opening-clock30,sustain-hold,152,Defeat,31,0,30,496,107,210,1,59,7,1:7|3:13,0,63,0,1336136370
gym-opening-clock30,sustain-hold,153,Defeat,22,0,22,448,81,0,1,87,13,1:13|3:7,0,60,0,3147846873
gym-opening-clock30,sustain-hold,154,Defeat,31,0,30,624,201,484,1,41,13,4:13|3:13|1:2,0,37,1,1375036953
gym-opening-clock30,sustain-hold,155,Defeat,31,0,30,408,83,160,1,96,2,3:2,0,66,1,989373465
gym-opening-clock30,sustain-hold,156,Defeat,12,0,12,208,31,0,3,126,-1,,0,34,1,3380342476
gym-opening-clock30,sustain-hold,157,Defeat,31,0,30,648,161,463,1,46,13,1:13|2:2|3:13,0,72,1,3130131522
gym-opening-clock30,sustain-hold,158,Defeat,31,0,30,624,170,551,1,37,2,3:2|2:7,0,33,0,1556172404
gym-opening-clock30,sustain-hold,159,Defeat,18,0,18,336,73,0,4,78,12,3:12,0,46,1,2252804743
gym-opening-clock30,sustain-hold,160,Victory,20,0,20,640,170,996,0,20,12,3:12|4:8|1:7,0,18,0,2520467895
gym-opening-clock30,sustain-hold,161,Defeat,31,0,30,512,104,110,1,64,7,3:7|2:2,0,85,0,1401967714
gym-opening-clock30,sustain-hold,162,Victory,16,0,16,456,88,481,0,64,7,1:7,0,26,0,2808954694
gym-opening-clock30,sustain-hold,163,Defeat,31,0,30,544,114,45,1,50,12,4:12|1:2|3:7,0,66,0,3768037145
gym-opening-clock30,sustain-hold,164,Defeat,31,0,30,424,119,235,1,66,2,3:2,0,43,1,4284883648
gym-opening-clock30,sustain-hold,165,Defeat,19,0,19,368,79,0,3,84,12,3:12,0,53,0,3238542444
gym-opening-clock30,sustain-hold,166,Defeat,31,0,30,760,264,692,1,29,2,2:2|3:2|1:8,0,41,0,2992313348
gym-opening-clock30,sustain-hold,167,Defeat,21,0,21,448,79,0,3,91,7,2:7|3:13,0,64,0,2646471179
gym-opening-clock30,sustain-hold,168,Defeat,23,0,23,528,118,0,2,59,13,1:13|3:7,0,72,0,3156838002
gym-opening-clock30,sustain-hold,169,Defeat,23,0,23,360,58,0,3,77,13,3:13|2:2,0,80,0,3383794067
gym-opening-clock30,sustain-hold,170,Defeat,31,0,30,776,255,739,1,26,13,3:13|2:8,0,32,0,625134720
gym-opening-clock30,sustain-hold,171,Defeat,31,0,30,632,223,498,1,34,7,2:7|1:13,0,43,0,608404237
gym-opening-clock30,sustain-hold,172,Defeat,19,0,19,408,78,0,4,84,12,4:12|3:13,0,62,0,819771421
gym-opening-clock30,sustain-hold,173,Defeat,23,0,23,400,83,0,2,74,-1,,0,51,1,1470583170
gym-opening-clock30,sustain-hold,174,Defeat,31,0,30,600,200,637,1,28,7,1:7|2:7,0,33,0,20061696
gym-opening-clock30,sustain-hold,175,Victory,20,0,20,544,145,716,0,39,2,2:2|1:7|3:7,0,29,0,1052341938
gym-opening-clock30,sustain-hold,176,Defeat,31,0,30,472,100,185,1,57,2,2:2|3:12,0,57,0,2557001776
gym-opening-clock30,sustain-hold,177,Victory,17,0,17,464,100,640,0,37,8,3:8,0,18,0,814343592
gym-opening-clock30,sustain-hold,178,Defeat,31,0,30,592,155,308,1,44,2,1:2|3:12|2:2,0,33,0,1236492774
gym-opening-clock30,sustain-hold,179,Defeat,31,0,30,592,187,450,1,51,2,3:2|1:2,0,30,1,898697452
gym-opening-clock30,sustain-hold,180,Defeat,21,0,21,344,57,0,4,106,7,3:7,0,57,1,3941736528
gym-opening-clock30,sustain-hold,181,Defeat,21,0,21,368,63,0,3,95,13,2:13|3:2,0,66,1,1846805472
gym-opening-clock30,sustain-hold,182,Defeat,12,0,12,264,36,0,4,139,-1,,0,33,1,3080464863
gym-opening-clock30,sustain-hold,183,Defeat,31,0,30,568,186,503,1,42,2,3:2|2:7,0,25,0,2728519215
gym-opening-clock30,sustain-hold,184,Defeat,24,0,24,464,88,0,3,70,13,3:13|1:13,0,60,0,2752742302
gym-opening-clock30,sustain-hold,185,Victory,20,0,20,488,122,218,0,52,12,1:12|3:8,0,30,0,2441865113
gym-opening-clock30,sustain-hold,186,Defeat,31,0,30,496,103,316,1,43,8,4:8|2:13,0,52,0,1848428259
gym-opening-clock30,sustain-hold,187,Defeat,31,0,30,784,248,629,1,31,13,2:13|4:8|3:8,0,36,0,2387969200
gym-opening-clock30,sustain-hold,188,Defeat,28,0,28,432,68,0,1,62,12,3:12,0,62,0,1262304411
gym-opening-clock30,sustain-hold,189,Defeat,31,0,30,464,113,328,1,50,13,2:13|3:13,0,26,1,198286576
gym-opening-clock30,sustain-hold,190,Defeat,21,0,21,376,76,0,2,72,13,2:13,0,38,1,2957639084
gym-opening-clock30,sustain-hold,191,Victory,20,0,20,536,147,729,0,26,12,1:12|3:2|2:7,0,29,0,4220561877
gym-opening-clock30,sustain-hold,192,Defeat,13,0,13,256,53,0,4,100,-1,,0,31,1,363213315
gym-opening-clock30,sustain-hold,193,Defeat,31,0,30,464,86,327,1,60,12,3:12|2:2,0,48,0,3642814757
gym-opening-clock30,sustain-hold,194,Defeat,31,0,30,536,117,215,1,58,2,3:2|1:2|4:7,0,79,0,742646661
gym-opening-clock30,sustain-hold,195,Victory,19,0,19,416,54,388,0,59,12,3:12|2:7|1:2,0,25,0,836242739
gym-opening-clock30,sustain-hold,196,Defeat,20,0,20,344,49,0,2,104,-1,,0,41,1,1444764057
gym-opening-clock30,sustain-hold,197,Defeat,31,0,30,824,305,586,1,40,12,3:12,0,34,1,1522200967
gym-opening-clock30,sustain-hold,198,Defeat,31,0,30,624,219,615,1,20,2,2:2|3:7,0,30,0,753037208
gym-opening-clock30,sustain-hold,199,Defeat,31,0,30,608,185,495,1,34,13,3:13|2:7,0,36,0,2384269142
gym-opening-clock30,sustain-hold,200,Defeat,31,0,30,592,180,553,1,40,2,2:2|3:7,0,46,0,3863995288
gym-opening-clock30,shield-wall,1,Victory,26,0,26,472,139,220,0,47,13,3:13|4:12,0,53,0,1500261360
gym-opening-clock30,shield-wall,2,Defeat,31,0,30,584,203,406,1,36,12,3:12|1:2,0,37,0,1840119066
gym-opening-clock30,shield-wall,3,Victory,18,0,18,432,99,273,0,44,8,3:8|1:13,0,37,0,3653480405
gym-opening-clock30,shield-wall,4,Defeat,31,0,30,608,170,616,1,28,13,1:13|2:2,0,39,1,821767666
gym-opening-clock30,shield-wall,5,Victory,17,0,17,376,88,438,0,55,7,2:7|3:2,0,31,0,2632812400
gym-opening-clock30,shield-wall,6,Victory,25,0,25,672,231,834,0,19,8,4:8|1:13|2:7,0,27,0,2183433059
gym-opening-clock30,shield-wall,7,Defeat,31,0,30,416,140,158,1,50,2,1:2,0,29,1,1362612604
gym-opening-clock30,shield-wall,8,Defeat,31,0,30,752,288,627,1,27,7,2:7,0,32,0,1352173083
gym-opening-clock30,shield-wall,9,Defeat,31,0,30,624,221,395,1,26,-1,,0,41,0,3818864770
gym-opening-clock30,shield-wall,10,Defeat,31,0,30,752,274,755,1,23,13,1:13|3:13|2:7,0,48,0,1520302380
gym-opening-clock30,shield-wall,11,Defeat,31,0,30,576,194,398,1,33,13,3:13|1:12,0,31,0,2931982710
gym-opening-clock30,shield-wall,12,Defeat,16,0,16,336,88,0,3,78,12,3:12,0,46,1,1829551824
gym-opening-clock30,shield-wall,13,Defeat,31,0,30,616,213,596,1,32,12,2:12|3:12,0,26,0,3926072371
gym-opening-clock30,shield-wall,14,Defeat,31,0,30,640,227,731,1,17,12,2:12|3:12,0,25,0,13436546
gym-opening-clock30,shield-wall,15,Defeat,31,0,30,600,158,297,1,46,12,1:12,0,52,0,1396903734
gym-opening-clock30,shield-wall,16,Defeat,31,0,30,784,293,797,1,14,2,3:2|2:8,0,17,0,1410910316
gym-opening-clock30,shield-wall,17,Victory,16,0,16,400,73,290,0,54,8,3:8|1:13,0,34,0,2549280541
gym-opening-clock30,shield-wall,18,Defeat,31,0,30,432,111,250,1,70,13,1:13|3:2,0,30,1,2236617013
gym-opening-clock30,shield-wall,19,Defeat,31,0,30,768,276,543,1,23,12,3:12|4:12|1:7,0,33,0,3540193667
gym-opening-clock30,shield-wall,20,Defeat,31,0,30,776,288,894,1,19,2,3:2|4:12,0,22,1,3960015990
gym-opening-clock30,shield-wall,21,Victory,21,0,21,672,231,802,0,21,13,3:13|1:12|2:7,0,11,0,2627858003
gym-opening-clock30,shield-wall,22,Defeat,31,0,30,656,217,370,1,35,12,4:12|1:13|3:13,0,42,0,797592017
gym-opening-clock30,shield-wall,23,Defeat,31,0,30,568,212,413,1,39,13,1:13|3:7,0,29,1,2163214799
gym-opening-clock30,shield-wall,24,Defeat,31,0,30,472,139,170,1,47,13,1:13|2:2,0,60,0,1382004390
gym-opening-clock30,shield-wall,25,Defeat,31,0,30,800,304,666,1,21,12,1:12|4:12,0,17,1,2939426239
gym-opening-clock30,shield-wall,26,Defeat,31,0,30,784,293,514,1,31,12,1:12|3:2|4:13,0,42,0,1502178163
gym-opening-clock30,shield-wall,27,Defeat,31,0,30,392,108,180,1,57,13,3:13,0,44,0,549813187
gym-opening-clock30,shield-wall,28,Defeat,31,0,30,440,138,210,1,36,7,3:7,0,31,1,4281173478
gym-opening-clock30,shield-wall,29,Defeat,31,0,30,608,200,418,1,34,12,1:12|3:2,0,42,0,3158082357
gym-opening-clock30,shield-wall,30,Defeat,31,0,30,424,111,170,1,56,12,1:12,0,50,0,3084879100
gym-opening-clock30,shield-wall,31,Defeat,31,0,30,640,202,450,1,22,2,4:2|2:8|3:12,0,44,0,3523914377
gym-opening-clock30,shield-wall,32,Defeat,31,0,30,752,323,734,1,24,2,1:2|2:7|3:7,0,35,0,3920909867
gym-opening-clock30,shield-wall,33,Defeat,17,0,17,328,75,0,3,80,12,1:12,0,45,0,944081681
gym-opening-clock30,shield-wall,34,Defeat,31,0,30,744,310,619,1,30,7,3:7|2:7|1:12,0,36,0,416097969
gym-opening-clock30,shield-wall,35,Defeat,31,0,30,784,300,712,1,18,7,4:7,0,13,1,2002285736
gym-opening-clock30,shield-wall,36,Victory,22,0,22,448,137,410,0,39,2,1:2|3:13,0,42,0,3005106495
gym-opening-clock30,shield-wall,37,Defeat,31,0,30,960,410,928,1,20,12,1:12|3:2,0,23,1,3732332706
gym-opening-clock30,shield-wall,38,Defeat,31,0,30,480,121,300,1,55,12,2:12|3:12,0,35,1,4054311516
gym-opening-clock30,shield-wall,39,Defeat,31,0,30,800,298,539,1,28,12,1:12|3:13,0,34,0,2314325538
gym-opening-clock30,shield-wall,40,Victory,29,0,29,744,197,534,0,21,12,1:12|3:13|2:8,0,24,0,2595935291
gym-opening-clock30,shield-wall,41,Defeat,15,0,15,296,85,0,3,81,13,1:13,0,40,1,3786808262
gym-opening-clock30,shield-wall,42,Victory,21,0,21,328,62,160,0,82,13,3:13,0,50,0,3572746820
gym-opening-clock30,shield-wall,43,Victory,25,0,25,640,205,428,0,35,12,3:12|4:13|1:12,0,29,0,3078734996
gym-opening-clock30,shield-wall,44,Defeat,31,0,30,776,310,770,1,16,2,3:2|2:7,0,11,1,491390322
gym-opening-clock30,shield-wall,45,Defeat,31,0,30,944,323,813,1,16,13,4:13|3:12,0,65,0,3048699783
gym-opening-clock30,shield-wall,46,Defeat,31,0,30,440,121,235,1,58,13,1:13|3:7,0,51,0,2836568755
gym-opening-clock30,shield-wall,47,Victory,29,0,29,928,337,818,0,29,8,3:8|2:8,0,37,0,4200353102
gym-opening-clock30,shield-wall,48,Defeat,31,0,30,536,156,180,2,52,12,1:12|3:7,0,90,0,90660202
gym-opening-clock30,shield-wall,49,Defeat,31,0,30,568,215,387,1,35,12,3:12|1:2,0,34,0,797133444
gym-opening-clock30,shield-wall,50,Defeat,31,0,30,416,139,160,1,63,13,1:13,0,37,0,3715492009
gym-opening-clock30,shield-wall,51,Defeat,31,0,30,776,312,587,1,24,7,3:7,0,18,1,758019064
gym-opening-clock30,shield-wall,52,Defeat,31,0,30,512,112,320,1,48,2,3:2,0,34,1,493165645
gym-opening-clock30,shield-wall,53,Defeat,31,0,30,464,134,250,1,46,2,3:2,0,38,0,1402114018
gym-opening-clock30,shield-wall,54,Defeat,15,0,15,296,77,0,3,89,12,3:12,0,39,0,1735942566
gym-opening-clock30,shield-wall,55,Defeat,12,0,12,224,50,0,4,96,2,3:2,0,34,1,99428335
gym-opening-clock30,shield-wall,56,Defeat,31,0,30,600,243,470,1,26,2,1:2|3:7,0,15,1,530913821
gym-opening-clock30,shield-wall,57,Defeat,22,0,22,440,116,0,2,54,12,3:12,0,47,0,3756585829
gym-opening-clock30,shield-wall,58,Defeat,31,0,30,592,190,419,1,36,7,3:7,0,25,0,1164256778
gym-opening-clock30,shield-wall,59,Defeat,31,0,30,600,200,220,1,41,12,4:12|3:8,0,41,0,3883398449
gym-opening-clock30,shield-wall,60,Defeat,31,0,30,672,246,450,1,29,12,4:12|3:2,0,42,0,373258827
gym-opening-clock30,shield-wall,61,Defeat,31,0,30,624,182,410,2,32,2,3:2,0,54,0,857552233
gym-opening-clock30,shield-wall,62,Defeat,31,0,30,960,396,960,1,10,13,3:13|1:2|2:8,0,15,0,1161830724
gym-opening-clock30,shield-wall,63,Defeat,31,0,30,592,217,400,1,48,2,1:2|3:7,0,38,0,3663682696
gym-opening-clock30,shield-wall,64,Victory,29,0,29,600,178,401,0,26,7,2:7,0,25,0,4020186349
gym-opening-clock30,shield-wall,65,Defeat,31,0,30,608,230,460,1,28,12,1:12|3:7,0,31,0,198061167
gym-opening-clock30,shield-wall,66,Defeat,31,0,30,656,204,413,1,26,12,1:12|3:12,0,32,1,82349722
gym-opening-clock30,shield-wall,67,Defeat,31,0,30,664,212,485,1,25,12,1:12,0,29,1,959814983
gym-opening-clock30,shield-wall,68,Defeat,31,0,30,376,102,235,1,48,12,3:12,0,45,1,1154725070
gym-opening-clock30,shield-wall,69,Defeat,31,0,30,592,204,599,1,36,13,3:13|2:13,0,25,0,3233338604
gym-opening-clock30,shield-wall,70,Defeat,31,0,30,552,184,435,1,42,7,3:7|1:2,0,37,0,46088983
gym-opening-clock30,shield-wall,71,Victory,19,0,19,400,89,280,0,52,12,1:12|3:8,0,24,0,3890736645
gym-opening-clock30,shield-wall,72,Defeat,31,0,30,568,209,495,1,29,12,3:12,0,22,1,3690602840
gym-opening-clock30,shield-wall,73,Defeat,22,0,22,336,55,0,1,66,12,3:12,0,44,0,3275036812
gym-opening-clock30,shield-wall,74,Defeat,15,0,15,240,55,0,3,86,2,3:2,0,41,0,3816399500
gym-opening-clock30,shield-wall,75,Defeat,31,0,30,608,192,712,1,17,8,2:8|3:2,0,38,0,4104760565
gym-opening-clock30,shield-wall,76,Defeat,31,0,30,752,307,855,1,17,2,1:2|2:7,0,15,0,2917855600
gym-opening-clock30,shield-wall,77,Defeat,31,0,30,608,193,592,1,50,7,2:7|3:2,0,24,0,2467612074
gym-opening-clock30,shield-wall,78,Defeat,31,0,30,752,274,875,1,19,13,1:13|3:13|2:2,0,32,0,3670413059
gym-opening-clock30,shield-wall,79,Defeat,31,0,30,760,276,679,1,28,13,3:13|2:7|1:13,0,45,0,159908698
gym-opening-clock30,shield-wall,80,Defeat,31,0,30,584,214,424,1,27,2,3:2,0,34,0,3223446373
gym-opening-clock30,shield-wall,81,Defeat,31,0,30,816,299,834,1,24,12,3:12|4:12|2:12,0,23,1,2726113967
gym-opening-clock30,shield-wall,82,Defeat,31,0,30,600,211,369,1,42,13,1:13|3:7,0,41,0,2800631024
gym-opening-clock30,shield-wall,83,Defeat,31,0,30,384,105,230,1,54,12,3:12,0,34,1,2958148859
gym-opening-clock30,shield-wall,84,Defeat,31,0,30,472,138,235,1,44,12,3:12|2:2,0,39,1,3719791841
gym-opening-clock30,shield-wall,85,Victory,24,0,24,536,167,358,0,41,7,3:7,0,26,0,1390275346
gym-opening-clock30,shield-wall,86,Victory,16,0,16,400,99,399,0,40,8,2:8|4:12|3:13,0,19,0,4006285228
gym-opening-clock30,shield-wall,87,Victory,25,0,25,664,213,426,0,27,12,1:12|3:12,0,18,0,1478758965
gym-opening-clock30,shield-wall,88,Defeat,31,0,30,408,84,120,1,47,13,2:13|3:2,0,59,0,1926935399
gym-opening-clock30,shield-wall,89,Victory,28,0,28,416,83,155,0,48,2,3:2,0,57,0,2495984097
gym-opening-clock30,shield-wall,90,Victory,20,0,20,560,158,436,0,34,12,3:12|4:13|1:2,0,41,0,3304132001
gym-opening-clock30,shield-wall,91,Defeat,11,0,11,232,56,0,4,86,13,1:13,0,36,1,481395694
gym-opening-clock30,shield-wall,92,Victory,13,0,13,368,86,598,0,45,12,1:12|3:13,0,19,0,3015586704
gym-opening-clock30,shield-wall,93,Victory,18,0,18,376,72,473,0,42,2,1:2|3:12|2:7,0,24,0,2655399752
gym-opening-clock30,shield-wall,94,Defeat,31,0,30,600,201,368,1,32,13,1:13|3:2,0,41,0,970622908
gym-opening-clock30,shield-wall,95,Defeat,31,0,30,768,295,786,1,23,2,1:2|2:2|3:12,0,37,0,286500946
gym-opening-clock30,shield-wall,96,Defeat,31,0,30,624,198,436,1,32,12,1:12|3:13,0,39,0,3142908512
gym-opening-clock30,shield-wall,97,Victory,29,0,29,512,114,250,0,53,13,3:13,0,36,0,1960565621
gym-opening-clock30,shield-wall,98,Defeat,31,0,30,840,305,578,1,25,12,4:12|2:12|3:8,0,29,0,2482075068
gym-opening-clock30,shield-wall,99,Defeat,31,0,30,640,216,450,1,36,12,4:12|3:13|1:12,0,38,0,3831420280
gym-opening-clock30,shield-wall,100,Victory,23,0,23,368,55,125,0,60,13,3:13|1:13,0,51,0,2556003566
gym-opening-clock30,shield-wall,101,Victory,24,0,24,632,198,598,0,32,12,3:12|4:12|1:12,0,36,0,4144511141
gym-opening-clock30,shield-wall,102,Defeat,31,0,30,464,128,360,1,32,-1,,0,22,1,3394758521
gym-opening-clock30,shield-wall,103,Defeat,31,0,30,776,274,939,1,17,12,3:12|2:8|1:7,0,22,0,3502726101
gym-opening-clock30,shield-wall,104,Defeat,31,0,30,784,304,733,1,22,13,3:13|1:12|2:12,0,33,0,1112463631
gym-opening-clock30,shield-wall,105,Defeat,31,0,30,488,135,190,1,44,12,1:12|3:8,0,36,0,2881212174
gym-opening-clock30,shield-wall,106,Victory,14,0,14,448,127,640,0,33,2,3:2,0,17,0,1997979467
gym-opening-clock30,shield-wall,107,Victory,30,0,30,744,281,648,0,20,2,3:2|2:7|1:12,0,29,0,4079627404
gym-opening-clock30,shield-wall,108,Defeat,31,0,30,528,167,181,1,46,13,4:13|1:2,0,42,0,2602460251
gym-opening-clock30,shield-wall,109,Victory,23,0,23,624,212,497,0,35,7,4:7,0,26,0,1304319939
gym-opening-clock30,shield-wall,110,Defeat,31,0,30,752,302,771,1,21,12,1:12|3:13,0,30,0,2085445690
gym-opening-clock30,shield-wall,111,Victory,21,0,21,424,137,400,0,37,7,3:7,0,18,0,4244096694
gym-opening-clock30,shield-wall,112,Victory,21,0,21,480,117,433,0,45,12,1:12|3:13|4:13,0,35,0,2306863132
gym-opening-clock30,shield-wall,113,Victory,22,0,22,584,170,531,0,27,2,1:2|4:13|3:13,0,25,0,688629192
gym-opening-clock30,shield-wall,114,Defeat,31,0,30,448,112,145,1,71,12,1:12|3:7,0,49,0,896467371
gym-opening-clock30,shield-wall,115,Defeat,31,0,30,784,323,765,1,15,2,3:2|2:7|4:12,0,22,0,4020507070
gym-opening-clock30,shield-wall,116,Victory,23,0,23,504,127,387,0,47,12,3:12|1:13,0,23,0,1663618822
gym-opening-clock30,shield-wall,117,Victory,22,0,22,488,126,358,0,45,8,2:8|3:8,0,39,0,2432531044
gym-opening-clock30,shield-wall,118,Defeat,31,0,30,584,201,655,1,28,2,1:2|2:2,0,28,1,4252797766
gym-opening-clock30,shield-wall,119,Defeat,31,0,30,608,206,442,1,35,13,1:13|3:13,0,33,1,3170321191
gym-opening-clock30,shield-wall,120,Defeat,31,0,30,440,130,150,1,54,12,4:12,0,26,1,3111401648
gym-opening-clock30,shield-wall,121,Defeat,31,0,30,664,211,695,1,22,2,1:2|3:12,0,52,0,1338969308
gym-opening-clock30,shield-wall,122,Defeat,31,0,30,552,166,551,1,28,12,3:12|2:7,0,33,0,1644750732
gym-opening-clock30,shield-wall,123,Defeat,31,0,30,576,211,621,1,18,13,3:13|2:2,0,38,0,889797895
gym-opening-clock30,shield-wall,124,Victory,19,0,19,456,122,268,0,38,13,1:13|3:12,0,36,0,290588137
gym-opening-clock30,shield-wall,125,Defeat,31,0,30,672,247,470,1,27,12,3:12|4:8,0,31,0,2906360856
gym-opening-clock30,shield-wall,126,Victory,30,0,30,776,251,655,0,26,2,3:2|2:8,0,24,0,1383638248
gym-opening-clock30,shield-wall,127,Defeat,31,0,30,560,191,345,1,38,2,1:2|3:7,0,33,0,1587340831
gym-opening-clock30,shield-wall,128,Defeat,31,0,30,792,303,715,1,19,7,3:7,0,13,1,465922329
gym-opening-clock30,shield-wall,129,Defeat,31,0,30,472,103,210,1,52,2,1:2|3:2,0,46,0,3668264656
gym-opening-clock30,shield-wall,130,Defeat,20,0,20,312,81,0,2,82,2,3:2,0,44,0,2192357552
gym-opening-clock30,shield-wall,131,Defeat,31,0,30,736,251,485,1,23,2,3:2|4:12|1:12,0,25,0,3146250127
gym-opening-clock30,shield-wall,132,Victory,21,0,21,472,123,330,0,50,12,3:12|1:2,0,37,0,2003505822
gym-opening-clock30,shield-wall,133,Defeat,31,0,30,584,201,585,1,30,2,3:2|2:2,0,32,1,3115823704
gym-opening-clock30,shield-wall,134,Defeat,31,0,30,784,301,761,1,29,2,1:2|2:2,0,26,1,300827614
gym-opening-clock30,shield-wall,135,Victory,22,0,22,432,120,104,0,61,12,4:12|1:13,0,33,0,679023936
gym-opening-clock30,shield-wall,136,Defeat,31,0,30,760,312,725,1,20,2,1:2|2:2|3:7,0,19,1,2921559857
gym-opening-clock30,shield-wall,137,Defeat,31,0,30,456,143,275,1,45,-1,,0,25,1,2381842735
gym-opening-clock30,shield-wall,138,Defeat,31,0,30,520,171,220,1,36,12,4:12|3:12,0,38,0,1749330461
gym-opening-clock30,shield-wall,139,Defeat,31,0,30,616,224,465,1,28,13,1:13,0,21,1,852505638
gym-opening-clock30,shield-wall,140,Defeat,31,0,30,632,202,254,1,35,12,4:12|3:13,0,69,0,2027487528
gym-opening-clock30,shield-wall,141,Defeat,31,0,30,576,177,380,1,38,12,1:12|3:8,0,42,0,4048878377
gym-opening-clock30,shield-wall,142,Defeat,31,0,30,576,170,435,1,26,13,3:13|1:12,0,48,0,2118223538
gym-opening-clock30,shield-wall,143,Victory,29,0,29,616,194,340,0,31,13,1:13|3:13,0,33,0,287022468
gym-opening-clock30,shield-wall,144,Defeat,31,0,30,592,218,488,1,43,12,1:12|3:8,0,22,1,3665413300
gym-opening-clock30,shield-wall,145,Victory,28,0,28,368,64,130,0,52,13,3:13,0,48,0,2324854786
gym-opening-clock30,shield-wall,146,Victory,28,0,28,720,225,686,0,27,7,2:7|3:2,0,30,0,4101886163
gym-opening-clock30,shield-wall,147,Victory,19,0,19,512,141,580,0,35,12,3:12|4:12|1:12,0,18,1,4033528473
gym-opening-clock30,shield-wall,148,Defeat,31,0,30,600,193,510,1,33,2,2:2|3:2,0,47,0,4278445578
gym-opening-clock30,shield-wall,149,Victory,22,0,22,576,156,310,0,34,2,2:2|4:13,0,32,0,3123214619
gym-opening-clock30,shield-wall,150,Defeat,31,0,30,464,138,230,1,48,13,3:13|1:13,0,59,0,3770143948
gym-opening-clock30,shield-wall,151,Defeat,14,0,14,248,47,0,4,96,2,3:2,0,33,1,824787038
gym-opening-clock30,shield-wall,152,Defeat,31,0,30,600,207,342,1,28,2,1:2|2:2,0,32,0,3440903432
gym-opening-clock30,shield-wall,153,Defeat,31,0,30,760,268,767,1,23,2,1:2|2:7|3:12,0,26,0,3752533116
gym-opening-clock30,shield-wall,154,Defeat,31,0,30,776,295,777,1,16,13,1:13|2:13|3:12,0,25,0,2904656476
gym-opening-clock30,shield-wall,155,Victory,22,0,22,568,186,736,0,32,12,1:12|2:7,0,15,0,1060329028
gym-opening-clock30,shield-wall,156,Defeat,18,0,18,256,62,0,3,84,12,3:12,0,48,0,3293170096
gym-opening-clock30,shield-wall,157,Defeat,31,0,30,744,317,776,1,18,8,2:8,0,14,1,150768099
gym-opening-clock30,shield-wall,158,Defeat,31,0,30,648,191,458,1,41,12,1:12|3:8,0,38,0,4022675959
gym-opening-clock30,shield-wall,159,Defeat,31,0,30,592,198,418,1,33,12,3:12|1:12,0,26,1,1807648334
gym-opening-clock30,shield-wall,160,Defeat,31,0,30,600,163,602,1,29,2,3:2|2:7,0,34,1,2022713159
gym-opening-clock30,shield-wall,161,Defeat,31,0,30,352,103,225,1,43,13,3:13,0,31,1,1781064098
gym-opening-clock30,shield-wall,162,Defeat,31,0,30,576,189,563,1,34,13,3:13|2:2,0,35,0,3496564584
gym-opening-clock30,shield-wall,163,Defeat,31,0,30,752,263,777,1,22,2,1:2|2:2|3:7,0,35,0,1532261390
gym-opening-clock30,shield-wall,164,Victory,19,0,19,312,65,180,0,53,7,3:7,0,35,0,1597314478
gym-opening-clock30,shield-wall,165,Defeat,31,0,30,576,167,554,1,48,2,2:2,0,33,0,1475748509
gym-opening-clock30,shield-wall,166,Defeat,12,0,12,272,45,0,2,88,12,1:12|3:13,0,35,0,864308176
gym-opening-clock30,shield-wall,167,Defeat,31,0,30,768,296,500,1,19,12,1:12|3:8,0,21,0,3538136963
gym-opening-clock30,shield-wall,168,Defeat,31,0,30,960,384,912,1,20,13,3:13|2:2|4:12,0,29,0,3927508166
gym-opening-clock30,shield-wall,169,Defeat,31,0,30,440,137,156,1,40,2,1:2,0,36,1,937699378
gym-opening-clock30,shield-wall,170,Defeat,31,0,30,640,229,376,1,30,13,1:13|4:12,0,31,1,3371716976
gym-opening-clock30,shield-wall,171,Defeat,31,0,30,752,285,745,1,22,2,1:2|2:7,0,15,0,2820880494
gym-opening-clock30,shield-wall,172,Defeat,31,0,30,608,200,390,1,35,13,3:13|1:2,0,53,0,3961955525
gym-opening-clock30,shield-wall,173,Defeat,31,0,30,424,100,230,1,47,2,3:2,0,31,0,2448981048
gym-opening-clock30,shield-wall,174,Victory,23,0,23,736,229,728,0,29,13,3:13|2:8,0,19,0,441522929
gym-opening-clock30,shield-wall,175,Defeat,31,0,30,616,175,437,1,42,12,1:12,0,66,0,2929410603
gym-opening-clock30,shield-wall,176,Defeat,31,0,30,792,314,638,1,27,8,3:8|1:2,0,29,0,88378944
gym-opening-clock30,shield-wall,177,Victory,22,0,22,584,187,559,0,31,12,4:12|2:8,0,28,0,3215153484
gym-opening-clock30,shield-wall,178,Victory,29,0,29,592,156,600,0,35,12,3:12|1:12|2:2,0,29,0,4222790914
gym-opening-clock30,shield-wall,179,Victory,26,0,26,672,214,504,0,27,13,1:13|2:8|3:12,0,27,0,2952607573
gym-opening-clock30,shield-wall,180,Defeat,31,0,30,552,186,657,1,34,12,3:12,0,25,1,1895439856
gym-opening-clock30,shield-wall,181,Victory,21,0,21,560,200,549,0,37,12,1:12|4:13|3:8,0,28,0,2216553004
gym-opening-clock30,shield-wall,182,Defeat,16,0,16,336,86,0,2,66,13,1:13,0,35,1,3007433496
gym-opening-clock30,shield-wall,183,Defeat,31,0,30,696,287,624,1,22,12,2:12|4:12,0,21,0,1659185890
gym-opening-clock30,shield-wall,184,Defeat,31,0,30,768,267,855,1,30,13,1:13|2:2,0,42,0,43590603
gym-opening-clock30,shield-wall,185,Defeat,31,0,30,776,263,868,1,17,13,1:13|3:7|2:8,0,22,0,3193751967
gym-opening-clock30,shield-wall,186,Defeat,31,0,30,392,105,210,1,57,2,3:2,0,38,1,2770370958
gym-opening-clock30,shield-wall,187,Defeat,31,0,30,592,219,408,1,37,12,1:12,0,34,1,3000908493
gym-opening-clock30,shield-wall,188,Defeat,31,0,30,752,263,756,1,21,13,1:13|3:12,0,39,0,2018611434
gym-opening-clock30,shield-wall,189,Defeat,31,0,30,608,208,420,1,36,13,1:13|3:13,0,45,0,3063561989
gym-opening-clock30,shield-wall,190,Defeat,31,0,30,576,192,598,1,27,12,3:12,0,29,1,577765475
gym-opening-clock30,shield-wall,191,Defeat,31,0,30,776,301,628,1,20,12,1:12|3:7,0,37,0,758477162
gym-opening-clock30,shield-wall,192,Victory,27,0,27,592,222,286,0,52,2,1:2|3:13|4:12,0,45,0,1948449621
gym-opening-clock30,shield-wall,193,Defeat,31,0,30,760,347,873,1,17,2,1:2,0,29,0,3268208817
gym-opening-clock30,shield-wall,194,Defeat,31,0,30,624,178,455,1,24,12,3:12|4:13,0,29,0,3231247845
gym-opening-clock30,shield-wall,195,Defeat,31,0,30,744,274,742,1,21,12,1:12|2:7|3:12,0,32,0,1564384228
gym-opening-clock30,shield-wall,196,Victory,23,0,23,368,66,200,0,54,2,1:2|3:2,0,55,0,3998190108
gym-opening-clock30,shield-wall,197,Defeat,22,0,22,496,126,0,3,50,13,3:13|1:2|2:12,0,51,1,3996021881
gym-opening-clock30,shield-wall,198,Victory,29,0,29,752,286,483,0,28,2,1:2|3:7,0,47,0,3095136441
gym-opening-clock30,shield-wall,199,Defeat,31,0,30,608,229,344,1,30,13,1:13,0,31,0,1905229845
gym-opening-clock30,shield-wall,200,Victory,27,0,27,560,198,421,0,35,13,3:13,0,21,0,816979569
gym-opening-clock30,charge,1,Victory,11,0,11,216,24,88,0,92,13,4:13|3:8,0,13,0,137048483
gym-opening-clock30,charge,2,Victory,8,0,8,176,24,385,0,77,12,4:12|3:8,0,8,0,3531637699
gym-opening-clock30,charge,3,Victory,13,0,13,256,49,298,0,62,12,4:12|2:12|3:8,0,7,0,3951658764
gym-opening-clock30,charge,4,Defeat,11,0,11,192,54,0,2,91,8,2:8,0,9,0,1952753428
gym-opening-clock30,charge,5,Defeat,12,0,12,224,72,0,2,117,8,3:8,0,15,1,1301588884
gym-opening-clock30,charge,6,Victory,10,0,10,248,44,398,0,64,7,2:7|4:8|3:7,0,9,0,3755775962
gym-opening-clock30,charge,7,Defeat,9,0,9,160,40,0,3,115,13,4:13,0,12,1,373047596
gym-opening-clock30,charge,8,Defeat,8,0,8,136,26,0,5,147,12,4:12,0,19,1,957016584
gym-opening-clock30,charge,9,Victory,8,0,8,232,62,490,0,68,12,4:12|2:7|3:8,0,10,0,3963318725
gym-opening-clock30,charge,10,Victory,10,0,10,192,24,135,0,79,12,4:12|3:8|2:2,0,11,0,2603828666
gym-opening-clock30,charge,11,Victory,10,0,10,208,38,355,0,76,12,4:12|3:8,0,10,0,1171253378
gym-opening-clock30,charge,12,Defeat,9,0,9,168,38,0,2,104,8,3:8,0,14,0,1492251882
gym-opening-clock30,charge,13,Victory,10,0,10,320,127,560,0,32,7,2:7|3:7|4:7,0,4,0,2548376229
gym-opening-clock30,charge,14,Defeat,14,0,14,216,45,0,1,81,12,4:12|3:8|2:7,0,15,0,2715513370
gym-opening-clock30,charge,15,Defeat,8,0,8,136,24,0,4,152,-1,,0,15,1,1135957058
gym-opening-clock30,charge,16,Defeat,8,0,8,144,26,0,3,133,8,3:8,0,13,0,2113501198
gym-opening-clock30,charge,17,Defeat,9,0,9,160,25,0,2,105,-1,,0,15,1,1765684783
gym-opening-clock30,charge,18,Defeat,12,0,12,208,61,0,1,76,7,3:7,0,18,1,1754418467
gym-opening-clock30,charge,19,Victory,9,0,9,256,77,368,0,71,12,4:12|3:8|2:7,0,9,0,973090789
gym-opening-clock30,charge,20,Victory,8,0,8,200,35,245,0,80,12,4:12|3:8,0,9,0,2645918386
gym-opening-clock30,charge,21,Victory,12,0,12,312,87,459,0,46,8,2:8|3:8,0,6,0,1628505937
gym-opening-clock30,charge,22,Defeat,8,0,8,152,29,0,3,115,12,4:12,0,11,1,3936104598
gym-opening-clock30,charge,23,Defeat,15,0,15,256,68,0,1,93,7,3:7|2:2,0,21,0,80090121
gym-opening-clock30,charge,24,Defeat,11,0,11,184,47,0,3,95,-1,,0,19,1,474251786
gym-opening-clock30,charge,25,Victory,15,0,15,224,48,11,0,85,7,2:7,0,13,0,2520001009
gym-opening-clock30,charge,26,Defeat,12,0,12,184,36,0,1,95,8,3:8|2:7,0,11,0,693828406
gym-opening-clock30,charge,27,Defeat,11,0,11,184,49,0,3,104,-1,,0,20,1,683375096
gym-opening-clock30,charge,28,Victory,13,0,13,296,119,300,0,56,2,1:2|3:7,0,18,0,20430578
gym-opening-clock30,charge,29,Defeat,15,0,15,296,96,0,1,110,12,4:12|3:8|2:7,0,18,0,686096035
gym-opening-clock30,charge,30,Victory,7,0,7,184,44,555,0,56,7,2:7|3:8,0,3,0,1635030506
gym-opening-clock30,charge,31,Defeat,9,0,9,168,38,0,3,95,-1,,0,16,1,3720710332
gym-opening-clock30,charge,32,Defeat,10,0,10,200,44,0,2,116,-1,,0,14,1,4038800624
gym-opening-clock30,charge,33,Defeat,13,0,13,224,80,0,2,67,-1,,0,21,1,3154089285
gym-opening-clock30,charge,34,Defeat,9,0,9,160,20,0,3,120,-1,,0,11,1,3120975385
gym-opening-clock30,charge,35,Defeat,13,0,13,280,131,0,2,85,-1,,0,28,1,889914018
gym-opening-clock30,charge,36,Victory,12,0,12,200,38,15,0,88,8,3:8,0,10,0,3105088996
gym-opening-clock30,charge,37,Defeat,12,0,12,224,59,0,1,107,12,4:12|3:8|2:7,0,13,0,2352850456
gym-opening-clock30,charge,38,Victory,12,0,12,288,121,326,0,75,12,4:12|1:7|3:7,0,20,1,1080906691
gym-opening-clock30,charge,39,Defeat,8,0,8,152,22,0,2,94,8,3:8|2:7,0,8,0,681728776
gym-opening-clock30,charge,40,Defeat,12,0,12,184,25,0,1,91,12,4:12|2:7,0,14,0,1930657341
gym-opening-clock30,charge,41,Victory,9,0,9,224,50,285,0,75,12,4:12|3:8|1:7|2:7,0,11,0,2879122996
gym-opening-clock30,charge,42,Defeat,17,0,17,264,63,0,1,81,8,3:8|4:8|2:2,0,24,0,1760530383
gym-opening-clock30,charge,43,Victory,10,0,10,200,40,150,0,92,8,3:8,0,12,0,4245915497
gym-opening-clock30,charge,44,Victory,10,0,10,208,36,205,0,73,12,4:12|3:7,0,9,0,1252650657
gym-opening-clock30,charge,45,Victory,10,0,10,200,33,195,0,80,8,3:8|4:8|2:7,0,12,0,3428027075
gym-opening-clock30,charge,46,Victory,11,0,11,232,93,150,0,82,7,3:7,0,12,0,745178786
gym-opening-clock30,charge,47,Defeat,11,0,11,192,35,0,1,104,12,4:12|3:7|2:8,0,16,0,2818264122
gym-opening-clock30,charge,48,Victory,9,0,9,224,61,325,0,71,12,4:12|1:7|2:7|3:8,0,6,0,3236146235
gym-opening-clock30,charge,49,Victory,11,0,11,200,28,135,0,80,8,3:8,0,12,0,3524103706
gym-opening-clock30,charge,50,Victory,8,0,8,232,74,335,0,51,8,3:8|2:7|4:7,0,4,0,2974194916
gym-opening-clock30,charge,51,Defeat,12,0,12,224,55,0,1,100,8,3:8|2:7,0,14,0,2132877883
gym-opening-clock30,charge,52,Victory,15,0,15,264,54,28,0,90,7,2:7,0,13,0,4142112835
gym-opening-clock30,charge,53,Victory,9,0,9,256,65,302,0,59,8,4:8|2:7|1:7,0,9,0,148453136
gym-opening-clock30,charge,54,Victory,15,0,15,264,71,15,0,72,7,3:7|2:7,0,10,0,3561897609
gym-opening-clock30,charge,55,Defeat,10,0,10,192,50,0,2,87,-1,,0,14,1,2242084504
gym-opening-clock30,charge,56,Defeat,10,0,10,176,41,0,2,109,-1,,0,14,1,82701118
gym-opening-clock30,charge,57,Victory,9,0,9,248,79,297,0,77,8,3:8|2:7,0,11,0,780318546
gym-opening-clock30,charge,58,Victory,11,0,11,256,48,188,0,93,2,1:2|3:8|2:7,0,21,0,1100030979
gym-opening-clock30,charge,59,Defeat,8,0,8,160,24,0,2,110,12,3:12|2:7,0,13,0,3509520731
gym-opening-clock30,charge,60,Defeat,12,0,12,248,68,0,1,74,8,3:8|1:2|2:7,0,15,0,3637738478
gym-opening-clock30,charge,61,Victory,9,0,9,216,58,225,0,81,8,3:8|2:7|1:7,0,10,0,3124930609
gym-opening-clock30,charge,62,Victory,12,0,12,224,38,45,0,96,7,2:7,0,11,0,2984452459
gym-opening-clock30,charge,63,Defeat,9,0,9,152,17,0,4,110,12,4:12,0,19,1,2862508179
gym-opening-clock30,charge,64,Defeat,9,0,9,168,29,0,3,142,8,3:8,0,16,0,3971932237
gym-opening-clock30,charge,65,Defeat,12,0,12,232,54,0,1,82,8,3:8|2:7,0,16,1,993104651
gym-opening-clock30,charge,66,Victory,13,0,13,200,41,75,0,80,7,2:7,0,8,0,584041110
gym-opening-clock30,charge,67,Defeat,12,0,12,216,74,0,1,77,7,2:7|3:8,0,17,0,1943721548
gym-opening-clock30,charge,68,Victory,9,0,9,216,46,315,0,59,12,4:12|3:8,0,6,0,3840860620
gym-opening-clock30,charge,69,Victory,10,0,10,208,42,200,0,76,12,4:12|3:8,0,11,0,1874380853
gym-opening-clock30,charge,70,Defeat,9,0,9,168,29,0,3,109,-1,,0,14,1,2593411016
gym-opening-clock30,charge,71,Victory,14,0,14,288,139,26,0,83,7,3:7|1:7,0,22,0,102288677
gym-opening-clock30,charge,72,Defeat,9,0,9,192,73,0,3,104,-1,,0,15,1,1162725093
gym-opening-clock30,charge,73,Victory,11,0,11,200,44,50,0,92,7,3:7,0,22,0,3503448159
gym-opening-clock30,charge,74,Defeat,9,0,9,208,54,0,3,115,12,3:12|4:8,0,15,0,4106062768
gym-opening-clock30,charge,75,Defeat,9,0,9,152,35,0,4,131,12,3:12|2:2,0,25,1,3390683100
gym-opening-clock30,charge,76,Victory,10,0,10,272,74,466,0,76,8,2:8|4:8,0,11,0,1448497042
gym-opening-clock30,charge,77,Defeat,9,0,9,184,38,0,2,117,8,3:8,0,14,0,91941301
gym-opening-clock30,charge,78,Victory,8,0,8,208,41,510,0,65,8,3:8|4:8,0,7,0,705842056
gym-opening-clock30,charge,79,Victory,10,0,10,208,32,245,0,88,12,4:12|3:8,0,11,0,3178903026
gym-opening-clock30,charge,80,Victory,11,0,11,272,91,171,0,70,8,3:8|2:7|1:7,0,12,0,3855217139
gym-opening-clock30,charge,81,Victory,8,0,8,248,52,435,0,61,8,3:8|4:8|2:7,0,8,0,1711453390
gym-opening-clock30,charge,82,Victory,10,0,10,280,85,277,0,68,7,3:7|2:7|1:7,0,10,0,504806399
gym-opening-clock30,charge,83,Defeat,15,0,15,264,66,0,1,106,8,3:8|2:7,0,27,0,2934735824
gym-opening-clock30,charge,84,Victory,10,0,10,208,29,50,0,100,12,4:12|3:8,0,13,0,973073986
gym-opening-clock30,charge,85,Defeat,16,0,16,224,52,0,1,75,12,4:12|2:7,0,13,0,550862379
gym-opening-clock30,charge,86,Victory,10,0,10,192,21,210,0,87,12,4:12|3:8,0,11,0,1620637278
gym-opening-clock30,charge,87,Victory,10,0,10,216,58,255,0,59,8,3:8|2:12,0,8,0,339317111
gym-opening-clock30,charge,88,Victory,8,0,8,184,37,445,0,65,12,4:12|3:8|2:7,0,4,0,2477653919
gym-opening-clock30,charge,89,Defeat,12,0,12,208,34,0,1,119,8,3:8,0,16,0,1318701905
gym-opening-clock30,charge,90,Victory,9,0,9,184,23,255,0,78,13,4:13|3:8,0,10,0,4173156652
gym-opening-clock30,charge,91,Victory,13,0,13,208,44,135,0,76,7,3:7|2:7,0,12,0,3939856984
gym-opening-clock30,charge,92,Defeat,8,0,8,160,25,0,2,115,13,4:13|3:8|2:7,0,11,0,1388621182
gym-opening-clock30,charge,93,Victory,11,0,11,224,30,165,0,82,8,3:8|2:8,0,14,0,3568392389
gym-opening-clock30,charge,94,Defeat,9,0,9,200,39,0,2,100,8,4:8|3:12,0,12,0,3941120607
gym-opening-clock30,charge,95,Victory,14,0,14,328,90,100,0,78,13,4:13|2:7|1:7|3:8,0,14,0,3719253472
gym-opening-clock30,charge,96,Victory,10,0,10,256,70,185,0,96,8,3:8|2:7,0,13,0,722697324
gym-opening-clock30,charge,97,Victory,8,0,8,192,59,465,0,58,12,4:12|2:7|1:8,0,7,0,1139733772
gym-opening-clock30,charge,98,Victory,11,0,11,224,50,65,0,78,12,4:12|3:8,0,10,0,1472638287
gym-opening-clock30,charge,99,Victory,8,0,8,224,28,320,0,75,8,3:8,0,7,0,1221762735
gym-opening-clock30,charge,100,Victory,9,0,9,224,39,335,0,60,12,4:12|3:12,0,6,0,3985833207
gym-opening-clock30,charge,101,Defeat,14,0,14,224,42,0,1,85,8,4:8|2:7,0,10,0,1745794305
gym-opening-clock30,charge,102,Victory,9,0,9,208,29,328,0,80,8,3:8|4:8,0,10,0,3292235183
gym-opening-clock30,charge,103,Defeat,8,0,8,152,24,0,2,115,8,3:8|2:7,0,11,0,2403949276
gym-opening-clock30,charge,104,Defeat,9,0,9,176,61,0,3,118,-1,,0,11,1,2251526415
gym-opening-clock30,charge,105,Defeat,11,0,11,208,48,0,2,96,12,4:12|2:2,0,19,0,3035861035
gym-opening-clock30,charge,106,Defeat,13,0,13,296,150,0,1,48,7,1:7,0,12,1,3762664401
gym-opening-clock30,charge,107,Defeat,10,0,10,168,28,0,3,104,-1,,0,17,1,2182049674
gym-opening-clock30,charge,108,Defeat,11,0,11,192,47,0,2,95,12,4:12|2:7,0,15,0,1969251456
gym-opening-clock30,charge,109,Victory,10,0,10,208,26,348,0,76,8,3:8|2:7,0,12,0,2871978767
gym-opening-clock30,charge,110,Defeat,10,0,10,208,49,0,2,103,12,4:12|3:8,0,18,0,2761102907
gym-opening-clock30,charge,111,Defeat,20,0,20,296,106,0,1,78,7,2:7,0,15,0,234897896
gym-opening-clock30,charge,112,Victory,10,0,10,192,33,135,0,83,12,4:12|3:8,0,11,0,4048271670
gym-opening-clock30,charge,113,Defeat,16,0,16,248,53,0,1,67,2,1:2|3:8|2:8,0,8,0,824785694
gym-opening-clock30,charge,114,Victory,8,0,8,200,33,345,0,72,8,4:8|3:8,0,5,0,1250849361
gym-opening-clock30,charge,115,Victory,7,0,7,200,62,510,0,52,7,1:7|2:7,0,4,0,3412780455
gym-opening-clock30,charge,116,Defeat,17,0,17,248,58,0,1,87,7,2:7,0,15,1,3097791248
gym-opening-clock30,charge,117,Victory,10,0,10,208,35,130,0,100,12,4:12|3:8,0,13,0,540232689
gym-opening-clock30,charge,118,Victory,13,0,13,224,78,50,0,67,7,3:7,0,18,0,1367090995
gym-opening-clock30,charge,119,Victory,6,0,6,192,34,566,0,45,8,3:8|2:7,0,3,0,415054698
gym-opening-clock30,charge,120,Victory,11,0,11,272,67,150,0,102,13,3:13,0,15,0,595307502
gym-opening-clock30,charge,121,Victory,13,0,13,240,40,15,0,80,8,2:8|4:7,0,9,0,2561478999
gym-opening-clock30,charge,122,Defeat,14,0,14,248,37,0,1,83,7,2:7,0,16,0,770408402
gym-opening-clock30,charge,123,Defeat,9,0,9,184,38,0,1,91,12,4:12|3:8,0,11,0,3754093894
gym-opening-clock30,charge,124,Defeat,13,0,13,224,88,0,1,71,7,3:7,0,20,1,3919811358
gym-opening-clock30,charge,125,Victory,9,0,9,192,38,405,0,79,12,4:12|2:8|3:8,0,6,0,77259763
gym-opening-clock30,charge,126,Defeat,11,0,11,208,32,0,1,111,8,3:8|2:7,0,16,0,1875262637
gym-opening-clock30,charge,127,Victory,13,0,13,256,90,165,0,71,2,1:2|3:7|2:8,0,20,0,1378605294
gym-opening-clock30,charge,128,Defeat,9,0,9,160,22,0,2,120,8,3:8,0,14,0,1561025974
gym-opening-clock30,charge,129,Victory,7,0,7,184,29,455,0,73,8,3:8|4:8|2:7,0,6,0,4009058870
gym-opening-clock30,charge,130,Defeat,9,0,9,160,30,0,2,100,12,3:12|2:7,0,14,0,2645349319
gym-opening-clock30,charge,131,Victory,8,0,8,176,28,285,0,77,12,4:12|3:8,0,6,0,340370275
gym-opening-clock30,charge,132,Defeat,9,0,9,192,49,0,2,100,8,3:8|2:7,0,14,0,3474225403
gym-opening-clock30,charge,133,Defeat,9,0,9,176,45,0,2,109,8,3:8,0,13,0,4169770302
gym-opening-clock30,charge,134,Victory,11,0,11,208,31,45,0,92,12,4:12|3:8|2:7,0,15,0,1394484959
gym-opening-clock30,charge,135,Victory,16,0,16,248,49,15,0,74,8,4:8|3:8|2:8,0,12,0,999667837
gym-opening-clock30,charge,136,Victory,14,0,14,216,47,45,0,66,12,4:12|3:8|2:7,0,9,0,1125213193
gym-opening-clock30,charge,137,Victory,10,0,10,208,29,285,0,84,7,3:7,0,9,0,754796440
gym-opening-clock30,charge,138,Victory,11,0,11,232,52,135,0,100,12,4:12|2:7|3:8,0,13,0,3588648470
gym-opening-clock30,charge,139,Victory,11,0,11,216,51,200,0,81,12,4:12|3:8,0,11,0,4042714367
gym-opening-clock30,charge,140,Defeat,11,0,11,216,59,0,2,122,12,4:12|3:8,0,22,0,1282381012
gym-opening-clock30,charge,141,Victory,7,0,7,224,32,385,0,64,7,2:7|4:8|1:7|3:8,0,5,0,3390491492
gym-opening-clock30,charge,142,Victory,10,0,10,208,29,155,0,80,12,4:12|3:8,0,9,0,2120044337
gym-opening-clock30,charge,143,Victory,9,0,9,216,53,255,0,100,12,4:12|3:12|2:7,0,10,0,3436468887
gym-opening-clock30,charge,144,Victory,9,0,9,192,38,295,0,83,7,3:7,0,9,0,1613992509
gym-opening-clock30,charge,145,Victory,10,0,10,192,31,195,0,83,12,4:12|3:8,0,11,0,290065622
gym-opening-clock30,charge,146,Victory,11,0,11,224,30,135,0,89,12,4:12|3:8|2:7,0,11,0,2240022915
gym-opening-clock30,charge,147,Defeat,15,0,15,240,63,0,1,70,12,4:12|1:7|2:7,0,16,0,3545246480
gym-opening-clock30,charge,148,Victory,11,0,11,248,78,90,0,80,7,2:7|1:7,0,15,0,1123392350
gym-opening-clock30,charge,149,Defeat,13,0,13,200,42,0,1,84,12,4:12|2:8,0,15,0,2965662765
gym-opening-clock30,charge,150,Victory,9,0,9,192,39,278,0,75,12,4:12|3:8,0,10,0,3349194817
gym-opening-clock30,charge,151,Victory,9,0,9,192,35,333,0,91,12,4:12|3:8|2:2,0,9,0,1501023455
gym-opening-clock30,charge,152,Defeat,11,0,11,232,34,0,1,110,8,3:8,0,14,0,1566393537
gym-opening-clock30,charge,153,Victory,10,0,10,200,38,185,0,64,12,4:12|3:8,0,9,0,3027521184
gym-opening-clock30,charge,154,Victory,8,0,8,240,67,420,0,60,8,4:8|3:8|2:7,0,7,0,3725844841
gym-opening-clock30,charge,155,Defeat,10,0,10,168,25,0,1,104,7,2:7,0,15,1,2371963775
gym-opening-clock30,charge,156,Victory,14,0,14,288,59,300,0,77,12,4:12|1:2|2:7|3:2,0,13,0,925605762
gym-opening-clock30,charge,157,Defeat,16,0,16,216,37,0,1,77,12,4:12|2:2,0,20,0,2455597834
gym-opening-clock30,charge,158,Victory,10,0,10,208,45,275,0,65,12,4:12|3:8|2:7,0,8,0,293479258
gym-opening-clock30,charge,159,Defeat,8,0,8,152,22,0,2,126,8,3:8,0,13,0,3891700759
gym-opening-clock30,charge,160,Victory,8,0,8,216,55,595,0,62,8,2:8|4:8,0,5,0,2670820996
gym-opening-clock30,charge,161,Defeat,10,0,10,192,27,0,2,112,8,3:8|2:7,0,12,0,2540813352
gym-opening-clock30,charge,162,Defeat,12,0,12,208,33,0,1,88,8,3:8|2:7,0,12,0,1824621853
gym-opening-clock30,charge,163,Victory,9,0,9,192,24,385,0,75,12,4:12|3:8,0,10,0,1928260588
gym-opening-clock30,charge,164,Victory,6,0,6,168,20,560,0,61,8,3:8|4:8,0,4,0,3764326245
gym-opening-clock30,charge,165,Defeat,13,0,13,232,74,0,1,58,7,3:7,0,20,1,2870671105
gym-opening-clock30,charge,166,Victory,8,0,8,216,32,442,0,77,8,3:8|2:7,0,8,0,3284418691
gym-opening-clock30,charge,167,Defeat,13,0,13,208,33,0,1,96,12,4:12|3:8|2:7,0,16,0,2053658131
gym-opening-clock30,charge,168,Victory,9,0,9,232,49,305,0,79,12,3:12|4:8|2:7,0,10,0,1580752840
gym-opening-clock30,charge,169,Victory,11,0,11,248,72,105,0,109,12,4:12|3:8|2:7,0,13,0,1553267607
gym-opening-clock30,charge,170,Victory,8,0,8,216,57,408,0,59,7,1:7|2:7|3:13,0,5,0,785133110
gym-opening-clock30,charge,171,Victory,11,0,11,224,32,75,0,96,8,3:8,0,16,0,745384869
gym-opening-clock30,charge,172,Victory,9,0,9,224,59,441,0,60,8,3:8|2:7|1:7,0,7,0,2004097158
gym-opening-clock30,charge,173,Defeat,12,0,12,168,39,0,3,85,12,3:12,0,22,1,1162932766
gym-opening-clock30,charge,174,Victory,9,0,9,176,22,195,0,90,12,4:12|3:8,0,10,0,3132610496
gym-opening-clock30,charge,175,Defeat,12,0,12,224,71,0,1,82,7,2:7|3:7,0,19,0,1498499950
gym-opening-clock30,charge,176,Defeat,13,0,13,256,73,0,1,109,8,3:8|2:7,0,18,0,1127742152
gym-opening-clock30,charge,177,Victory,14,0,14,288,103,50,0,75,7,3:7,0,21,0,1854297170
gym-opening-clock30,charge,178,Victory,7,0,7,200,46,555,0,68,12,4:12|3:8|1:7|2:7,0,7,0,1116794734
gym-opening-clock30,charge,179,Defeat,12,0,12,184,30,0,1,104,7,2:7,0,18,0,3344494384
gym-opening-clock30,charge,180,Victory,13,0,13,272,111,30,0,64,7,3:7,0,16,0,1288408377
gym-opening-clock30,charge,181,Defeat,8,0,8,160,27,0,2,110,12,4:12,0,14,0,903704780
gym-opening-clock30,charge,182,Victory,16,0,16,240,45,86,0,83,8,3:8|2:7,0,12,0,1332754146
gym-opening-clock30,charge,183,Victory,11,0,11,216,27,75,0,92,8,3:8|4:7|2:7,0,14,0,181336834
gym-opening-clock30,charge,184,Defeat,10,0,10,152,22,0,4,121,12,4:12,0,22,1,975566954
gym-opening-clock30,charge,185,Victory,10,0,10,248,91,135,0,87,8,3:8|2:7|1:7,0,12,0,1885670033
gym-opening-clock30,charge,186,Victory,12,0,12,232,52,145,0,89,7,3:7|2:7,0,12,0,2087026997
gym-opening-clock30,charge,187,Victory,10,0,10,192,33,130,0,83,12,4:12|3:8,0,12,0,2316851454
gym-opening-clock30,charge,188,Defeat,13,0,13,224,48,0,1,107,12,4:12|3:8|2:7,0,17,0,4174917402
gym-opening-clock30,charge,189,Victory,10,0,10,208,39,258,0,88,12,4:12|3:8,0,12,0,1371455660
gym-opening-clock30,charge,190,Victory,12,0,12,216,36,131,0,85,12,4:12|3:8|2:7,0,15,0,4029414337
gym-opening-clock30,charge,191,Victory,9,0,9,200,40,305,0,84,8,2:8|4:8,0,5,0,534769322
gym-opening-clock30,charge,192,Defeat,8,0,8,152,25,0,4,121,-1,,0,13,1,776923809
gym-opening-clock30,charge,193,Defeat,14,0,14,232,50,0,1,86,8,3:8|2:8,0,15,0,1386688890
gym-opening-clock30,charge,194,Victory,9,0,9,240,68,528,0,66,12,4:12|3:7|2:8,0,7,0,3268014381
gym-opening-clock30,charge,195,Defeat,13,0,13,264,119,0,1,87,8,3:8|1:7,0,15,1,2757600445
gym-opening-clock30,charge,196,Defeat,12,0,12,216,46,0,1,85,7,2:7,0,16,0,2554220440
gym-opening-clock30,charge,197,Defeat,14,0,14,232,74,0,1,58,7,3:7,0,18,0,1763637860
gym-opening-clock30,charge,198,Victory,9,0,9,280,78,515,0,54,7,4:7|2:7|3:8,0,6,0,449645362
gym-opening-clock30,charge,199,Victory,9,0,9,216,57,325,0,85,12,4:12|2:7|3:8|1:8,0,9,0,1132896309
gym-opening-clock30,charge,200,Victory,12,0,12,256,83,90,0,75,8,3:8|2:7|1:7,0,14,0,2936170303
