map,strategy,seed,outcome,turns,hit_round_cap,player_turns,ap_granted,ap_unused,final_player_hp,enemies_remaining,mean_exposure_x100,first_crossing_x,unit_crossings,contact_round1,contact_turns,never_in_contact,state_hash
gym-big-split,corridor-hold,1,Victory,7,0,7,56,7,125,0,42,-1,,0,4,0,2066916879
gym-big-split,corridor-hold,2,Victory,7,0,7,56,8,100,0,42,-1,,0,4,0,85933604
gym-big-split,corridor-hold,3,Victory,7,0,7,56,5,125,0,42,-1,,0,5,0,4118809245
gym-big-split,corridor-hold,4,Victory,24,0,24,192,33,265,0,16,3,1:3,0,23,0,1182610652
gym-big-split,corridor-hold,5,Victory,7,0,7,56,15,100,0,42,-1,,0,5,0,2434940135
gym-big-split,corridor-hold,6,Victory,7,0,7,56,5,175,0,28,-1,,0,4,0,2766753704
gym-big-split,corridor-hold,7,Defeat,7,0,7,56,6,0,1,71,-1,,0,6,0,1806763788
gym-big-split,corridor-hold,8,Defeat,5,0,5,40,10,0,2,80,-1,,0,3,1,2962281407
gym-big-split,corridor-hold,9,Defeat,7,0,7,56,6,0,3,114,-1,,0,10,0,2793112091
gym-big-split,corridor-hold,10,Victory,27,0,27,216,35,115,0,25,3,1:3,0,26,0,1473799581
gym-big-split,corridor-hold,11,Victory,7,0,7,56,7,175,0,28,-1,,0,4,0,2766753704
gym-big-split,corridor-hold,12,Victory,7,0,7,56,7,175,0,28,-1,,0,4,0,2766753704
gym-big-split,corridor-hold,13,Defeat,6,0,6,48,6,0,2,66,-1,,0,3,0,136891931
gym-big-split,corridor-hold,14,Victory,8,0,8,64,8,100,0,50,-1,,0,5,0,1004525757
gym-big-split,corridor-hold,15,Defeat,5,0,5,40,12,0,3,80,-1,,0,3,0,2010915226
gym-big-split,corridor-hold,16,Victory,8,0,8,64,3,75,0,50,-1,,0,7,0,3328995211
gym-big-split,corridor-hold,17,Victory,8,0,8,64,3,75,0,50,-1,,0,5,0,2181081345
gym-big-split,corridor-hold,18,Victory,7,0,7,56,4,80,0,57,-1,,0,4,0,567213635
gym-big-split,corridor-hold,19,Defeat,6,0,6,48,5,0,2,83,-1,,0,3,0,1022630901
gym-big-split,corridor-hold,20,Victory,7,0,7,56,5,175,0,28,-1,,0,4,0,2766753704
gym-big-split,corridor-hold,21,Victory,11,0,11,88,12,165,0,36,-1,,0,8,0,1977021118
gym-big-split,corridor-hold,22,Defeat,6,0,6,48,5,0,2,83,7,1:7,0,9,0,3553825414
gym-big-split,corridor-hold,23,Victory,7,0,7,56,5,175,0,28,-1,,0,4,0,2766753704
gym-big-split,corridor-hold,24,Defeat,5,0,5,40,5,0,3,60,7,1:7,0,6,0,480189285
gym-big-split,corridor-hold,25,Defeat,6,0,6,48,6,0,1,100,-1,,0,4,0,672626690
gym-big-split,corridor-hold,26,Victory,7,0,7,56,4,100,0,42,-1,,0,4,0,3506454695
gym-big-split,corridor-hold,27,Defeat,14,0,14,112,12,0,1,64,3,1:3,0,22,0,2228001475
gym-big-split,corridor-hold,28,Victory,11,0,11,88,5,170,0,36,3,1:3,0,10,0,3896946452
gym-big-split,corridor-hold,29,Defeat,10,0,10,80,14,0,1,70,-1,,0,13,0,3282226975
gym-big-split,corridor-hold,30,Victory,7,0,7,56,7,175,0,28,-1,,0,4,0,1221289387
gym-big-split,corridor-hold,31,Defeat,4,0,4,32,4,0,3,75,-1,,0,2,2,1838834188
gym-big-split,corridor-hold,32,Defeat,4,0,4,32,2,0,4,150,-1,,0,2,1,2176253168
gym-big-split,corridor-hold,33,Victory,7,0,7,56,10,150,0,28,-1,,0,4,0,1331738193
gym-big-split,corridor-hold,34,Defeat,7,0,7,56,10,0,2,57,-1,,0,6,1,3891689110
gym-big-split,corridor-hold,35,Victory,8,0,8,64,13,5,0,50,-1,,0,5,0,4135645995
gym-big-split,corridor-hold,36,Defeat,7,0,7,56,7,0,1,57,-1,,0,4,0,1486900616
gym-big-split,corridor-hold,37,Victory,7,0,7,56,5,105,0,42,-1,,0,4,0,3906630363
gym-big-split,corridor-hold,38,Defeat,5,0,5,40,5,0,2,60,7,1:7,0,6,0,3528230640
gym-big-split,corridor-hold,39,Victory,7,0,7,56,5,25,0,57,-1,,0,5,0,4128059599
gym-big-split,corridor-hold,40,Victory,7,0,7,56,5,175,0,28,-1,,0,4,0,2766753704
gym-big-split,corridor-hold,41,Victory,7,0,7,56,5,150,0,42,-1,,0,4,0,2597567062
gym-big-split,corridor-hold,42,Victory,7,0,7,56,7,175,0,28,-1,,0,4,0,2766753704
gym-big-split,corridor-hold,43,Victory,8,0,8,64,4,75,0,37,-1,,0,8,0,115526266
gym-big-split,corridor-hold,44,Defeat,6,0,6,48,7,0,1,66,-1,,0,3,0,481333896
gym-big-split,corridor-hold,45,Victory,8,0,8,64,3,5,0,50,-1,,0,5,0,1734636143
gym-big-split,corridor-hold,46,Victory,8,0,8,64,10,125,0,37,-1,,0,5,0,3788029506
gym-big-split,corridor-hold,47,Victory,8,0,8,64,7,125,0,37,-1,,0,5,0,686147232
gym-big-split,corridor-hold,48,Victory,7,0,7,56,7,175,0,28,-1,,0,4,0,2766753704
gym-big-split,corridor-hold,49,Defeat,7,0,7,56,9,0,2,71,-1,,0,5,0,4123630629
gym-big-split,corridor-hold,50,Victory,7,0,7,56,4,100,0,57,-1,,0,4,0,259919954
gym-big-split,corridor-hold,51,Victory,20,0,20,160,27,215,0,15,12,1:12,0,23,0,746727502
gym-big-split,corridor-hold,52,Victory,7,0,7,56,5,125,0,42,-1,,0,4,0,1126204797
gym-big-split,corridor-hold,53,Defeat,5,0,5,40,10,0,3,100,-1,,0,3,1,2270928764
gym-big-split,corridor-hold,54,Victory,8,0,8,64,8,60,0,62,-1,,0,6,0,4044945573
gym-big-split,corridor-hold,55,Defeat,7,0,7,56,6,0,2,57,-1,,0,7,0,3398537640
gym-big-split,corridor-hold,56,Defeat,5,0,5,40,10,0,3,60,-1,,0,3,1,3889790048
gym-big-split,corridor-hold,57,Victory,7,0,7,56,6,125,0,42,-1,,0,4,0,612880527
gym-big-split,corridor-hold,58,Victory,7,0,7,56,3,175,0,28,-1,,0,5,0,1189574424
gym-big-split,corridor-hold,59,Defeat,9,0,9,72,9,0,1,55,-1,,0,10,0,1369603222
gym-big-split,corridor-hold,60,Defeat,5,0,5,40,5,0,3,60,7,1:7,0,6,0,2908553857
gym-big-split,corridor-hold,61,Defeat,7,0,7,56,10,0,1,71,-1,,0,6,0,3304747002
gym-big-split,corridor-hold,62,Defeat,7,0,7,56,8,0,1,85,-1,,0,5,0,3990518272
gym-big-split,corridor-hold,63,Defeat,7,0,7,56,3,0,1,71,-1,,0,4,0,220893196
gym-big-split,corridor-hold,64,Defeat,6,0,6,48,10,0,1,83,-1,,0,4,0,1898873942
gym-big-split,corridor-hold,65,Defeat,6,0,6,48,15,0,1,83,-1,,0,4,0,1939539778
gym-big-split,corridor-hold,66,Victory,7,0,7,56,6,125,0,42,-1,,0,5,0,3861905165
gym-big-split,corridor-hold,67,Victory,8,0,8,64,5,100,0,50,-1,,0,5,0,1004525757
gym-big-split,corridor-hold,68,Defeat,5,0,5,40,14,0,3,120,-1,,0,4,1,3264856531
gym-big-split,corridor-hold,69,Defeat,6,0,6,48,6,0,1,83,-1,,0,4,0,627543534
gym-big-split,corridor-hold,70,Defeat,6,0,6,48,10,0,1,66,-1,,0,4,0,3808075923
gym-big-split,corridor-hold,71,Victory,11,0,11,88,14,100,0,45,-1,,0,12,0,1564399460
gym-big-split,corridor-hold,72,Victory,10,0,10,80,3,5,0,60,-1,,0,12,0,3828042072
gym-big-split,corridor-hold,73,Defeat,6,0,6,48,5,0,2,83,-1,,0,6,1,3244475333
gym-big-split,corridor-hold,74,Defeat,5,0,5,40,3,0,2,80,-1,,0,3,1,3881207749
gym-big-split,corridor-hold,75,Defeat,5,0,5,40,3,0,3,80,-1,,0,3,1,3850600978
gym-big-split,corridor-hold,76,Defeat,7,0,7,56,3,0,1,71,-1,,0,5,0,8631848
gym-big-split,corridor-hold,77,Defeat,7,0,7,56,11,0,1,57,-1,,0,5,0,4242029038
gym-big-split,corridor-hold,78,Defeat,7,0,7,56,13,0,2,85,-1,,0,5,0,2190911414
gym-big-split,corridor-hold,79,Victory,7,0,7,56,7,175,0,28,-1,,0,5,0,2766753704
gym-big-split,corridor-hold,80,Defeat,7,0,7,56,3,0,1,57,-1,,0,6,0,2907540909
gym-big-split,corridor-hold,81,Victory,8,0,8,64,4,130,0,50,3,1:3,0,5,0,525213110
gym-big-split,corridor-hold,82,Victory,7,0,7,56,5,150,0,42,-1,,0,4,0,3470206659
gym-big-split,corridor-hold,83,Defeat,5,0,5,40,3,0,3,100,7,1:7,0,5,1,4115344380
gym-big-split,corridor-hold,84,Defeat,5,0,5,40,5,0,2,100,-1,,0,3,1,3915912021
gym-big-split,corridor-hold,85,Defeat,6,0,6,48,2,0,1,66,-1,,0,4,0,1160267072
gym-big-split,corridor-hold,86,Victory,7,0,7,56,9,75,0,57,-1,,0,4,0,660423933
gym-big-split,corridor-hold,87,Defeat,7,0,7,56,10,0,1,71,-1,,0,5,0,201579434
gym-big-split,corridor-hold,88,Defeat,6,0,6,48,5,0,1,66,-1,,0,4,0,1889477809
gym-big-split,corridor-hold,89,Victory,7,0,7,56,3,175,0,28,-1,,0,4,0,2766753704
gym-big-split,corridor-hold,90,Victory,7,0,7,56,5,100,0,42,-1,,0,4,0,1476390565
gym-big-split,corridor-hold,91,Defeat,7,0,7,56,11,0,1,57,-1,,0,6,0,1635329551
gym-big-split,corridor-hold,92,Victory,7,0,7,56,7,175,0,28,-1,,0,4,0,2766753704
gym-big-split,corridor-hold,93,Defeat,7,0,7,56,3,0,1,71,-1,,0,7,0,2820796947
gym-big-split,corridor-hold,94,Victory,7,0,7,56,5,175,0,28,-1,,0,4,0,1189574424
gym-big-split,corridor-hold,95,Victory,7,0,7,56,5,75,0,71,-1,,0,3,0,2840175057
gym-big-split,corridor-hold,96,Victory,7,0,7,56,5,175,0,28,-1,,0,4,0,3686170505
gym-big-split,corridor-hold,97,Victory,7,0,7,56,15,175,0,28,-1,,0,4,0,4237550009
gym-big-split,corridor-hold,98,Defeat,5,0,5,40,5,0,2,60,7,1:7,0,6,0,3528230640
gym-big-split,corridor-hold,99,Defeat,7,0,7,56,13,0,1,71,-1,,0,5,0,4011634034
gym-big-split,corridor-hold,100,Victory,23,0,23,184,32,165,0,21,3,1:3,0,40,0,990770218
gym-big-split,corridor-hold,101,Defeat,6,0,6,48,8,0,1,66,-1,,0,4,0,578312356
gym-big-split,corridor-hold,102,Victory,7,0,7,56,5,175,0,28,-1,,0,5,0,2766753704
gym-big-split,corridor-hold,103,Victory,7,0,7,56,7,175,0,28,-1,,0,4,0,1221289387
gym-big-split,corridor-hold,104,Victory,10,0,10,80,8,115,0,50,-1,,0,11,0,2877227148
gym-big-split,corridor-hold,105,Defeat,6,0,6,48,5,0,2,66,-1,,0,3,0,136891931
gym-big-split,corridor-hold,106,Defeat,6,0,6,48,3,0,1,83,-1,,0,4,0,151585488
gym-big-split,corridor-hold,107,Victory,20,0,20,160,25,190,0,35,3,1:3,0,20,0,3029437576
gym-big-split,corridor-hold,108,Defeat,6,0,6,48,4,0,2,83,-1,,0,4,0,3766705591
gym-big-split,corridor-hold,109,Victory,7,0,7,56,9,175,0,28,-1,,0,4,0,2766753704
gym-big-split,corridor-hold,110,Defeat,6,0,6,48,3,0,1,83,-1,,0,4,0,4016782179
gym-big-split,corridor-hold,111,Defeat,6,0,6,48,14,0,1,83,-1,,0,5,0,620639827
gym-big-split,corridor-hold,112,Defeat,5,0,5,40,5,0,2,80,-1,,0,3,1,3603081066
gym-big-split,corridor-hold,113,Defeat,7,0,7,56,14,0,2,71,-1,,0,6,1,318191985
gym-big-split,corridor-hold,114,Defeat,6,0,6,48,4,0,1,83,-1,,0,4,0,1160000160
gym-big-split,corridor-hold,115,Victory,16,0,16,128,26,210,0,31,-1,,0,14,0,4221633450
gym-big-split,corridor-hold,116,Victory,10,0,10,80,7,85,0,40,7,1:7,0,9,0,14236785
gym-big-split,corridor-hold,117,Victory,7,0,7,56,5,125,0,42,-1,,0,4,0,3805252269
gym-big-split,corridor-hold,118,Victory,7,0,7,56,4,125,0,42,-1,,0,4,0,2066916879
gym-big-split,corridor-hold,119,Victory,14,0,14,112,15,170,0,28,7,1:7,0,13,0,567663679
gym-big-split,corridor-hold,120,Defeat,7,0,7,56,4,0,1,71,-1,,0,5,0,1961626861
gym-big-split,corridor-hold,121,Defeat,7,0,7,56,2,0,1,71,-1,,0,5,0,2208083095
gym-big-split,corridor-hold,122,Victory,8,0,8,64,5,55,0,62,-1,,0,6,0,1551268990
gym-big-split,corridor-hold,123,Defeat,8,0,8,64,11,0,1,75,-1,,0,7,0,1257458197
gym-big-split,corridor-hold,124,Defeat,7,0,7,56,3,0,1,71,-1,,0,5,0,1617359338
gym-big-split,corridor-hold,125,Victory,7,0,7,56,5,175,0,28,-1,,0,5,0,2766753704
gym-big-split,corridor-hold,126,Defeat,6,0,6,48,11,0,2,100,-1,,0,5,1,709773537
gym-big-split,corridor-hold,127,Defeat,6,0,6,48,8,0,1,66,-1,,0,4,0,2824148691
gym-big-split,corridor-hold,128,Defeat,5,0,5,40,9,0,3,80,-1,,0,3,1,3583514726
gym-big-split,corridor-hold,129,Defeat,7,0,7,56,10,0,1,71,-1,,0,5,0,2718397824
gym-big-split,corridor-hold,130,Victory,7,0,7,56,5,175,0,28,-1,,0,4,0,1189574424
gym-big-split,corridor-hold,131,Victory,7,0,7,56,8,175,0,28,-1,,0,4,0,2766753704
gym-big-split,corridor-hold,132,Defeat,7,0,7,56,16,0,2,71,-1,,0,5,0,176373542
gym-big-split,corridor-hold,133,Victory,7,0,7,56,4,125,0,42,-1,,0,4,0,2066916879
gym-big-split,corridor-hold,134,Defeat,7,0,7,56,9,0,1,57,-1,,0,5,0,2114708158
gym-big-split,corridor-hold,135,Defeat,7,0,7,56,15,0,1,57,-1,,0,5,0,2821595190
gym-big-split,corridor-hold,136,Defeat,5,0,5,40,5,0,4,80,7,1:7,0,7,1,774743321
gym-big-split,corridor-hold,137,Victory,13,0,13,104,18,5,0,46,3,1:3,0,21,0,4237265455
gym-big-split,corridor-hold,138,Victory,7,0,7,56,5,75,0,57,-1,,0,3,0,2790528664
gym-big-split,corridor-hold,139,Victory,7,0,7,56,7,175,0,28,-1,,0,4,0,2766753704
gym-big-split,corridor-hold,140,Victory,9,0,9,72,12,5,0,44,-1,,0,7,0,2295269828
gym-big-split,corridor-hold,141,Victory,7,0,7,56,5,150,0,42,-1,,0,4,0,2597567062
gym-big-split,corridor-hold,142,Victory,11,0,11,88,9,100,0,54,-1,,0,17,0,1100544107
gym-big-split,corridor-hold,143,Defeat,5,0,5,40,5,0,2,60,7,1:7,0,6,0,3528230640
gym-big-split,corridor-hold,144,Victory,11,0,11,88,11,60,0,45,-1,,0,10,0,2136639734
gym-big-split,corridor-hold,145,Victory,10,0,10,80,10,215,0,40,3,1:3,0,7,0,3785477310
gym-big-split,corridor-hold,146,Victory,9,0,9,72,6,30,0,55,-1,,0,5,0,4260542092
gym-big-split,corridor-hold,147,Defeat,6,0,6,48,5,0,2,100,-1,,0,4,0,3370781797
gym-big-split,corridor-hold,148,Defeat,6,0,6,48,10,0,1,83,-1,,0,5,0,151585488
gym-big-split,corridor-hold,149,Victory,7,0,7,56,6,150,0,42,-1,,0,4,0,3870207364
gym-big-split,corridor-hold,150,Defeat,7,0,7,56,4,0,2,85,-1,,0,6,1,560554395
gym-big-split,corridor-hold,151,Defeat,5,0,5,40,5,0,3,80,-1,,0,2,1,794739837
gym-big-split,corridor-hold,152,Defeat,7,0,7,56,15,0,1,57,-1,,0,5,0,1815766918
gym-big-split,corridor-hold,153,Defeat,5,0,5,40,10,0,2,80,-1,,0,3,0,3111472069
gym-big-split,corridor-hold,154,Victory,9,0,9,72,3,80,0,77,3,1:3,0,8,0,1164117021
gym-big-split,corridor-hold,155,Victory,7,0,7,56,4,125,0,42,-1,,0,4,0,2066916879
gym-big-split,corridor-hold,156,Victory,8,0,8,64,7,25,0,50,-1,,0,6,0,1378083475
gym-big-split,corridor-hold,157,Defeat,6,0,6,48,2,0,2,83,-1,,0,4,0,3673811723
gym-big-split,corridor-hold,158,Victory,7,0,7,56,5,175,0,28,-1,,0,4,0,1221289387
gym-big-split,corridor-hold,159,Defeat,6,0,6,48,12,0,2,83,-1,,0,4,0,2251965125
gym-big-split,corridor-hold,160,Victory,7,0,7,56,8,125,0,42,-1,,0,5,0,4118809245
gym-big-split,corridor-hold,161,Victory,7,0,7,56,13,100,0,42,-1,,0,6,0,1536653268
gym-big-split,corridor-hold,162,Victory,7,0,7,56,7,150,0,42,-1,,0,3,0,2513630357
gym-big-split,corridor-hold,163,Victory,8,0,8,64,5,75,0,37,-1,,0,5,0,973256965
gym-big-split,corridor-hold,164,Defeat,6,0,6,48,15,0,2,100,-1,,0,5,1,298045217
gym-big-split,corridor-hold,165,Victory,7,0,7,56,7,175,0,28,-1,,0,4,0,2766753704
gym-big-split,corridor-hold,166,Victory,7,0,7,56,3,25,0,57,-1,,0,5,0,2809751644
gym-big-split,corridor-hold,167,Victory,8,0,8,64,8,100,0,25,-1,,0,6,0,2501704448
gym-big-split,corridor-hold,168,Victory,7,0,7,56,7,175,0,28,-1,,0,4,0,2766753704
gym-big-split,corridor-hold,169,Victory,7,0,7,56,7,175,0,28,-1,,0,5,0,2766753704
gym-big-split,corridor-hold,170,Defeat,5,0,5,40,11,0,3,100,7,1:7,0,7,0,378884384
gym-big-split,corridor-hold,171,Defeat,6,0,6,48,5,0,1,66,-1,,0,4,1,4225415477
gym-big-split,corridor-hold,172,Defeat,5,0,5,40,3,0,2,80,7,1:7,0,6,0,2606417480
gym-big-split,corridor-hold,173,Victory,7,0,7,56,4,100,0,57,-1,,0,5,0,3021716433
gym-big-split,corridor-hold,174,Victory,8,0,8,64,5,25,0,62,-1,,0,7,0,1274028754
gym-big-split,corridor-hold,175,Defeat,6,0,6,48,3,0,1,83,-1,,0,5,0,271692884
gym-big-split,corridor-hold,176,Victory,7,0,7,56,5,175,0,28,-1,,0,4,0,1189574424
gym-big-split,corridor-hold,177,Victory,7,0,7,56,5,75,0,42,-1,,0,4,0,2395343770
gym-big-split,corridor-hold,178,Victory,7,0,7,56,5,50,0,42,-1,,0,4,0,1359564770
gym-big-split,corridor-hold,179,Victory,7,0,7,56,4,50,0,57,-1,,0,5,0,694307605
gym-big-split,corridor-hold,180,Victory,11,0,11,88,12,40,0,45,3,1:3,0,7,0,1699868221
gym-big-split,corridor-hold,181,Victory,7,0,7,56,7,175,0,28,-1,,0,4,0,2766753704
gym-big-split,corridor-hold,182,Defeat,7,0,7,56,11,0,1,57,-1,,0,5,0,2702905588
gym-big-split,corridor-hold,183,Defeat,7,0,7,56,15,0,1,57,-1,,0,5,0,2821595190
gym-big-split,corridor-hold,184,Defeat,6,0,6,48,10,0,1,66,-1,,0,4,0,3808075923
gym-big-split,corridor-hold,185,Victory,7,0,7,56,8,75,0,42,-1,,0,5,0,1898512565
gym-big-split,corridor-hold,186,Victory,13,0,13,104,16,115,0,30,-1,,0,15,0,2771933715
gym-big-split,corridor-hold,187,Victory,7,0,7,56,7,175,0,28,-1,,0,4,0,2766753704
gym-big-split,corridor-hold,188,Victory,7,0,7,56,7,175,0,28,-1,,0,4,0,2766753704
gym-big-split,corridor-hold,189,Defeat,6,0,6,48,0,0,2,100,7,1:7,0,7,1,102037123
gym-big-split,corridor-hold,190,Defeat,6,0,6,48,5,0,2,100,-1,,0,4,0,1472658531
gym-big-split,corridor-hold,191,Defeat,6,0,6,48,9,0,1,100,-1,,0,4,0,3581354673
gym-big-split,corridor-hold,192,Defeat,7,0,7,56,14,0,1,57,-1,,0,4,0,2967716556
gym-big-split,corridor-hold,193,Defeat,6,0,6,48,5,0,1,66,-1,,0,4,0,2040444965
gym-big-split,corridor-hold,194,Defeat,5,0,5,40,3,0,3,80,-1,,0,3,1,4224327339
gym-big-split,corridor-hold,195,Defeat,6,0,6,48,12,0,2,66,-1,,0,4,0,3163756342
gym-big-split,corridor-hold,196,Defeat,7,0,7,56,3,0,1,71,-1,,0,8,0,841707551
gym-big-split,corridor-hold,197,Defeat,6,0,6,48,6,0,2,83,-1,,0,5,1,989753053
gym-big-split,corridor-hold,198,Defeat,6,0,6,48,3,0,2,66,-1,,0,3,0,1442718694
gym-big-split,corridor-hold,199,Defeat,5,0,5,40,20,0,2,80,-1,,0,3,1,3579003268
gym-big-split,corridor-hold,200,Victory,7,0,7,56,10,175,0,28,-1,,0,4,0,2766753704
gym-big-split,tpa-order,1,Victory,7,0,7,56,7,125,0,42,-1,,0,4,0,2066916879
gym-big-split,tpa-order,2,Victory,7,0,7,56,8,100,0,42,-1,,0,4,0,85933604
gym-big-split,tpa-order,3,Victory,7,0,7,56,5,125,0,42,-1,,0,5,0,4118809245
gym-big-split,tpa-order,4,Victory,24,0,24,192,33,265,0,16,3,1:3,0,23,0,1182610652
gym-big-split,tpa-order,5,Victory,7,0,7,56,15,100,0,42,-1,,0,5,0,2434940135
gym-big-split,tpa-order,6,Victory,7,0,7,56,5,175,0,28,-1,,0,4,0,2766753704
gym-big-split,tpa-order,7,Defeat,7,0,7,56,6,0,1,71,-1,,0,6,0,1806763788
gym-big-split,tpa-order,8,Defeat,5,0,5,40,10,0,2,80,-1,,0,3,1,2962281407
gym-big-split,tpa-order,9,Defeat,5,0,5,40,5,0,3,100,-1,,0,5,1,204113977
gym-big-split,tpa-order,10,Defeat,5,0,5,40,3,0,2,80,-1,,0,3,1,1592124659
gym-big-split,tpa-order,11,Victory,7,0,7,56,7,175,0,28,-1,,0,4,0,2766753704
gym-big-split,tpa-order,12,Victory,7,0,7,56,7,175,0,28,-1,,0,4,0,2766753704
gym-big-split,tpa-order,13,Defeat,6,0,6,48,6,0,2,66,-1,,0,3,0,136891931
gym-big-split,tpa-order,14,Victory,8,0,8,64,8,100,0,50,-1,,0,5,0,1004525757
gym-big-split,tpa-order,15,Defeat,5,0,5,40,12,0,3,80,-1,,0,3,0,2010915226
gym-big-split,tpa-order,16,Victory,8,0,8,64,3,75,0,50,-1,,0,7,0,3328995211
gym-big-split,tpa-order,17,Victory,8,0,8,64,3,75,0,50,-1,,0,5,0,2181081345
gym-big-split,tpa-order,18,Victory,7,0,7,56,4,80,0,57,-1,,0,4,0,567213635
gym-big-split,tpa-order,19,Defeat,6,0,6,48,5,0,2,83,-1,,0,3,0,1022630901
gym-big-split,tpa-order,20,Victory,7,0,7,56,5,175,0,28,-1,,0,4,0,2766753704
gym-big-split,tpa-order,21,Victory,11,0,11,88,12,165,0,36,-1,,0,8,0,1977021118
gym-big-split,tpa-order,22,Defeat,6,0,6,48,5,0,2,83,7,1:7,0,9,0,3553825414
gym-big-split,tpa-order,23,Victory,7,0,7,56,5,175,0,28,-1,,0,4,0,2766753704
gym-big-split,tpa-order,24,Defeat,5,0,5,40,5,0,3,60,7,1:7,0,6,0,480189285
gym-big-split,tpa-order,25,Defeat,6,0,6,48,6,0,1,100,-1,,0,4,0,672626690
gym-big-split,tpa-order,26,Victory,7,0,7,56,4,100,0,42,-1,,0,4,0,3506454695
gym-big-split,tpa-order,27,Defeat,14,0,14,112,12,0,1,64,3,1:3,0,22,0,2743563491
gym-big-split,tpa-order,28,Victory,11,0,11,88,5,170,0,36,3,1:3,0,10,0,3896946452
gym-big-split,tpa-order,29,Defeat,10,0,10,80,14,0,1,70,-1,,0,13,0,3282226975
gym-big-split,tpa-order,30,Victory,7,0,7,56,7,175,0,28,-1,,0,4,0,1221289387
gym-big-split,tpa-order,31,Defeat,4,0,4,32,4,0,3,75,-1,,0,2,2,1838834188
gym-big-split,tpa-order,32,Defeat,5,0,5,40,2,0,2,120,-1,,0,4,0,2069623095
gym-big-split,tpa-order,33,Victory,7,0,7,56,10,150,0,28,-1,,0,4,0,1331738193
gym-big-split,tpa-order,34,Defeat,7,0,7,56,10,0,2,57,-1,,0,6,1,3891689110
gym-big-split,tpa-order,35,Victory,8,0,8,64,13,5,0,50,-1,,0,5,0,4135645995
gym-big-split,tpa-order,36,Defeat,7,0,7,56,7,0,1,57,-1,,0,4,0,1486900616
gym-big-split,tpa-order,37,Victory,7,0,7,56,5,105,0,42,-1,,0,4,0,3906630363
gym-big-split,tpa-order,38,Defeat,5,0,5,40,5,0,2,60,7,1:7,0,6,0,3528230640
gym-big-split,tpa-order,39,Victory,7,0,7,56,5,25,0,57,-1,,0,5,0,4128059599
gym-big-split,tpa-order,40,Victory,7,0,7,56,5,175,0,28,-1,,0,4,0,2766753704
gym-big-split,tpa-order,41,Victory,7,0,7,56,5,150,0,42,-1,,0,4,0,2597567062
gym-big-split,tpa-order,42,Victory,7,0,7,56,7,175,0,28,-1,,0,4,0,2766753704
gym-big-split,tpa-order,43,Victory,8,0,8,64,4,75,0,37,-1,,0,8,0,115526266
gym-big-split,tpa-order,44,Defeat,6,0,6,48,7,0,1,66,-1,,0,3,0,481333896
gym-big-split,tpa-order,45,Victory,8,0,8,64,3,5,0,50,-1,,0,5,0,1734636143
gym-big-split,tpa-order,46,Victory,8,0,8,64,10,125,0,37,-1,,0,5,0,3788029506
gym-big-split,tpa-order,47,Victory,8,0,8,64,7,125,0,37,-1,,0,5,0,686147232
gym-big-split,tpa-order,48,Victory,7,0,7,56,7,175,0,28,-1,,0,4,0,2766753704
gym-big-split,tpa-order,49,Victory,8,0,8,64,11,30,0,50,-1,,0,6,0,3559054772
gym-big-split,tpa-order,50,Victory,7,0,7,56,4,100,0,57,-1,,0,4,0,259919954
gym-big-split,tpa-order,51,Victory,20,0,20,160,27,215,0,15,12,1:12,0,23,0,746727502
gym-big-split,tpa-order,52,Victory,7,0,7,56,5,125,0,42,-1,,0,4,0,1126204797
gym-big-split,tpa-order,53,Defeat,5,0,5,40,10,0,3,100,-1,,0,3,1,2270928764
gym-big-split,tpa-order,54,Victory,8,0,8,64,8,30,0,62,-1,,0,6,0,1243382806
gym-big-split,tpa-order,55,Defeat,7,0,7,56,6,0,2,57,-1,,0,7,0,3398537640
gym-big-split,tpa-order,56,Defeat,5,0,5,40,10,0,3,60,-1,,0,3,1,3889790048
gym-big-split,tpa-order,57,Victory,7,0,7,56,6,125,0,42,-1,,0,4,0,612880527
gym-big-split,tpa-order,58,Victory,7,0,7,56,3,175,0,28,-1,,0,5,0,1189574424
gym-big-split,tpa-order,59,Defeat,9,0,9,72,9,0,1,55,-1,,0,10,0,1369603222
gym-big-split,tpa-order,60,Defeat,5,0,5,40,5,0,3,60,7,1:7,0,6,0,2908553857
gym-big-split,tpa-order,61,Defeat,7,0,7,56,10,0,1,71,-1,,0,6,0,2825368395
gym-big-split,tpa-order,62,Defeat,7,0,7,56,8,0,1,85,-1,,0,5,0,3990518272
gym-big-split,tpa-order,63,Defeat,7,0,7,56,3,0,1,71,-1,,0,4,0,220893196
gym-big-split,tpa-order,64,Defeat,6,0,6,48,10,0,1,83,-1,,0,4,0,1898873942
gym-big-split,tpa-order,65,Defeat,6,0,6,48,15,0,1,83,-1,,0,4,0,1939539778
gym-big-split,tpa-order,66,Victory,7,0,7,56,6,125,0,42,-1,,0,5,0,3861905165
gym-big-split,tpa-order,67,Victory,8,0,8,64,5,100,0,50,-1,,0,5,0,1004525757
gym-big-split,tpa-order,68,Defeat,5,0,5,40,14,0,3,120,-1,,0,4,1,3264856531
gym-big-split,tpa-order,69,Defeat,6,0,6,48,6,0,1,83,-1,,0,4,0,627543534
gym-big-split,tpa-order,70,Defeat,6,0,6,48,10,0,1,66,-1,,0,4,0,3808075923
gym-big-split,tpa-order,71,Victory,11,0,11,88,14,100,0,45,-1,,0,12,0,1564399460
gym-big-split,tpa-order,72,Victory,10,0,10,80,3,5,0,60,-1,,0,12,0,3828042072
gym-big-split,tpa-order,73,Defeat,6,0,6,48,5,0,2,83,-1,,0,6,1,3244475333
gym-big-split,tpa-order,74,Defeat,5,0,5,40,3,0,2,80,-1,,0,3,1,3881207749
gym-big-split,tpa-order,75,Defeat,5,0,5,40,3,0,3,80,-1,,0,3,1,3850600978
gym-big-split,tpa-order,76,Defeat,7,0,7,56,3,0,1,71,-1,,0,5,0,8631848
gym-big-split,tpa-order,77,Defeat,7,0,7,56,11,0,1,57,-1,,0,5,0,634871999
gym-big-split,tpa-order,78,Defeat,7,0,7,56,13,0,2,85,-1,,0,5,0,2190911414
gym-big-split,tpa-order,79,Victory,7,0,7,56,7,175,0,28,-1,,0,5,0,2766753704
gym-big-split,tpa-order,80,Defeat,7,0,7,56,3,0,1,57,-1,,0,6,0,2907540909
gym-big-split,tpa-order,81,Victory,8,0,8,64,4,130,0,50,3,1:3,0,5,0,525213110
gym-big-split,tpa-order,82,Victory,7,0,7,56,5,150,0,42,-1,,0,4,0,3470206659
gym-big-split,tpa-order,83,Defeat,5,0,5,40,3,0,3,100,7,1:7,0,5,1,4115344380
gym-big-split,tpa-order,84,Defeat,5,0,5,40,5,0,2,100,-1,,0,3,1,3915912021
gym-big-split,tpa-order,85,Defeat,6,0,6,48,2,0,1,66,-1,,0,4,0,1160267072
gym-big-split,tpa-order,86,Victory,7,0,7,56,9,75,0,57,-1,,0,4,0,660423933
gym-big-split,tpa-order,87,Defeat,7,0,7,56,10,0,1,71,-1,,0,5,0,407644539
gym-big-split,tpa-order,88,Defeat,6,0,6,48,5,0,1,66,-1,,0,4,0,1889477809
gym-big-split,tpa-order,89,Victory,7,0,7,56,3,175,0,28,-1,,0,4,0,2766753704
gym-big-split,tpa-order,90,Victory,7,0,7,56,5,100,0,42,-1,,0,4,0,1476390565
gym-big-split,tpa-order,91,Defeat,8,0,8,64,13,0,1,62,-1,,0,7,0,686997754
gym-big-split,tpa-order,92,Victory,7,0,7,56,7,175,0,28,-1,,0,4,0,2766753704
gym-big-split,tpa-order,93,Defeat,7,0,7,56,3,0,1,71,-1,,0,7,0,2820796947
gym-big-split,tpa-order,94,Victory,7,0,7,56,5,175,0,28,-1,,0,4,0,1189574424
gym-big-split,tpa-order,95,Victory,7,0,7,56,5,75,0,71,-1,,0,3,0,2840175057
gym-big-split,tpa-order,96,Victory,7,0,7,56,5,175,0,28,-1,,0,4,0,3686170505
gym-big-split,tpa-order,97,Victory,7,0,7,56,15,175,0,28,-1,,0,4,0,4237550009
gym-big-split,tpa-order,98,Defeat,5,0,5,40,5,0,2,60,7,1:7,0,6,0,3528230640
gym-big-split,tpa-order,99,Defeat,7,0,7,56,13,0,1,71,-1,,0,5,0,4011634034
gym-big-split,tpa-order,100,Victory,23,0,23,184,32,165,0,21,3,1:3,0,40,0,990770218
gym-big-split,tpa-order,101,Defeat,6,0,6,48,8,0,1,66,-1,,0,4,0,578312356
gym-big-split,tpa-order,102,Victory,7,0,7,56,5,175,0,28,-1,,0,5,0,2766753704
gym-big-split,tpa-order,103,Victory,7,0,7,56,7,175,0,28,-1,,0,4,0,1221289387
gym-big-split,tpa-order,104,Victory,10,0,10,80,8,115,0,50,-1,,0,11,0,2877227148
gym-big-split,tpa-order,105,Defeat,6,0,6,48,5,0,2,66,-1,,0,3,0,136891931
gym-big-split,tpa-order,106,Defeat,6,0,6,48,3,0,1,83,-1,,0,4,0,151585488
gym-big-split,tpa-order,107,Victory,20,0,20,160,25,190,0,35,3,1:3,0,20,0,3029437576
gym-big-split,tpa-order,108,Defeat,6,0,6,48,4,0,2,83,-1,,0,4,0,3766705591
gym-big-split,tpa-order,109,Victory,7,0,7,56,9,175,0,28,-1,,0,4,0,2766753704
gym-big-split,tpa-order,110,Defeat,6,0,6,48,3,0,1,83,-1,,0,4,0,4016782179
gym-big-split,tpa-order,111,Defeat,6,0,6,48,14,0,1,83,-1,,0,5,0,620639827
gym-big-split,tpa-order,112,Defeat,5,0,5,40,5,0,2,80,-1,,0,3,1,3603081066
gym-big-split,tpa-order,113,Defeat,7,0,7,56,14,0,2,71,-1,,0,6,1,318191985
gym-big-split,tpa-order,114,Defeat,6,0,6,48,4,0,1,83,-1,,0,4,0,1160000160
gym-big-split,tpa-order,115,Victory,16,0,16,128,26,210,0,31,-1,,0,14,0,4221633450
gym-big-split,tpa-order,116,Victory,10,0,10,80,7,85,0,40,7,1:7,0,9,0,14236785
gym-big-split,tpa-order,117,Victory,7,0,7,56,5,125,0,42,-1,,0,4,0,3805252269
gym-big-split,tpa-order,118,Victory,7,0,7,56,4,125,0,42,-1,,0,4,0,2066916879
gym-big-split,tpa-order,119,Victory,14,0,14,112,15,170,0,28,7,1:7,0,13,0,567663679
gym-big-split,tpa-order,120,Defeat,7,0,7,56,4,0,1,71,-1,,0,5,0,1961626861
gym-big-split,tpa-order,121,Defeat,7,0,7,56,2,0,1,71,-1,,0,5,0,2208083095
gym-big-split,tpa-order,122,Victory,8,0,8,64,5,55,0,62,-1,,0,6,0,1551268990
gym-big-split,tpa-order,123,Defeat,8,0,8,64,11,0,1,75,-1,,0,7,0,1902370325
gym-big-split,tpa-order,124,Defeat,7,0,7,56,3,0,1,71,-1,,0,5,0,338421003
gym-big-split,tpa-order,125,Victory,7,0,7,56,5,175,0,28,-1,,0,5,0,2766753704
gym-big-split,tpa-order,126,Defeat,6,0,6,48,11,0,2,100,-1,,0,5,1,709773537
gym-big-split,tpa-order,127,Defeat,6,0,6,48,8,0,1,66,-1,,0,4,0,2824148691
gym-big-split,tpa-order,128,Defeat,5,0,5,40,9,0,3,80,-1,,0,3,1,3583514726
gym-big-split,tpa-order,129,Defeat,7,0,7,56,10,0,1,71,-1,,0,5,0,2718397824
gym-big-split,tpa-order,130,Victory,7,0,7,56,5,175,0,28,-1,,0,4,0,1189574424
gym-big-split,tpa-order,131,Victory,7,0,7,56,8,175,0,28,-1,,0,4,0,2766753704
gym-big-split,tpa-order,132,Defeat,7,0,7,56,16,0,2,71,-1,,0,5,0,176373542
gym-big-split,tpa-order,133,Victory,7,0,7,56,4,125,0,42,-1,,0,4,0,2066916879
gym-big-split,tpa-order,134,Defeat,7,0,7,56,9,0,1,57,-1,,0,5,0,4218523551
gym-big-split,tpa-order,135,Defeat,7,0,7,56,15,0,1,57,-1,,0,5,0,2821595190
gym-big-split,tpa-order,136,Defeat,6,0,6,48,5,0,3,116,7,1:7,0,9,0,1575835610
gym-big-split,tpa-order,137,Victory,13,0,13,104,18,5,0,46,3,1:3,0,21,0,4237265455
gym-big-split,tpa-order,138,Victory,7,0,7,56,5,75,0,57,-1,,0,3,0,2790528664
gym-big-split,tpa-order,139,Victory,7,0,7,56,7,175,0,28,-1,,0,4,0,2766753704
gym-big-split,tpa-order,140,Victory,9,0,9,72,12,5,0,44,-1,,0,7,0,2295269828
gym-big-split,tpa-order,141,Victory,7,0,7,56,5,150,0,42,-1,,0,4,0,2597567062
gym-big-split,tpa-order,142,Victory,11,0,11,88,9,100,0,54,-1,,0,17,0,1100544107
gym-big-split,tpa-order,143,Defeat,5,0,5,40,5,0,2,60,7,1:7,0,6,0,3528230640
gym-big-split,tpa-order,144,Victory,11,0,11,88,11,60,0,45,-1,,0,10,0,2136639734
gym-big-split,tpa-order,145,Victory,10,0,10,80,10,215,0,40,3,1:3,0,7,0,3785477310
gym-big-split,tpa-order,146,Victory,9,0,9,72,6,30,0,55,-1,,0,5,0,4260542092
gym-big-split,tpa-order,147,Defeat,6,0,6,48,5,0,1,83,-1,,0,4,0,4682492
gym-big-split,tpa-order,148,Defeat,6,0,6,48,10,0,1,83,-1,,0,5,0,151585488
gym-big-split,tpa-order,149,Victory,7,0,7,56,6,150,0,42,-1,,0,4,0,3870207364
gym-big-split,tpa-order,150,Defeat,7,0,7,56,4,0,2,85,-1,,0,6,1,3057765348
gym-big-split,tpa-order,151,Defeat,5,0,5,40,5,0,3,80,-1,,0,2,1,794739837
gym-big-split,tpa-order,152,Defeat,7,0,7,56,15,0,1,57,-1,,0,5,0,1815766918
gym-big-split,tpa-order,153,Defeat,5,0,5,40,10,0,2,80,-1,,0,3,0,3111472069
gym-big-split,tpa-order,154,Victory,9,0,9,72,3,80,0,77,3,1:3,0,8,0,1164117021
gym-big-split,tpa-order,155,Victory,7,0,7,56,4,125,0,42,-1,,0,4,0,2066916879
gym-big-split,tpa-order,156,Victory,8,0,8,64,7,25,0,50,-1,,0,6,0,1378083475
gym-big-split,tpa-order,157,Defeat,6,0,6,48,2,0,2,83,-1,,0,4,0,3673811723
gym-big-split,tpa-order,158,Victory,7,0,7,56,5,175,0,28,-1,,0,4,0,1221289387
gym-big-split,tpa-order,159,Defeat,6,0,6,48,12,0,2,83,-1,,0,4,0,2251965125
gym-big-split,tpa-order,160,Victory,7,0,7,56,8,125,0,42,-1,,0,5,0,4118809245
gym-big-split,tpa-order,161,Victory,7,0,7,56,13,100,0,42,-1,,0,6,0,1536653268
gym-big-split,tpa-order,162,Victory,7,0,7,56,7,150,0,42,-1,,0,3,0,2513630357
gym-big-split,tpa-order,163,Victory,8,0,8,64,5,75,0,37,-1,,0,5,0,973256965
gym-big-split,tpa-order,164,Defeat,6,0,6,48,15,0,2,100,-1,,0,5,1,298045217
gym-big-split,tpa-order,165,Victory,7,0,7,56,7,175,0,28,-1,,0,4,0,2766753704
gym-big-split,tpa-order,166,Victory,7,0,7,56,3,25,0,57,-1,,0,5,0,2809751644
gym-big-split,tpa-order,167,Victory,8,0,8,64,8,100,0,25,-1,,0,6,0,2501704448
gym-big-split,tpa-order,168,Victory,7,0,7,56,7,175,0,28,-1,,0,4,0,2766753704
gym-big-split,tpa-order,169,Victory,7,0,7,56,7,175,0,28,-1,,0,5,0,2766753704
gym-big-split,tpa-order,170,Defeat,5,0,5,40,11,0,3,100,7,1:7,0,7,0,378884384
gym-big-split,tpa-order,171,Defeat,6,0,6,48,5,0,1,66,-1,,0,4,1,4225415477
gym-big-split,tpa-order,172,Defeat,5,0,5,40,3,0,2,80,7,1:7,0,6,0,2606417480
gym-big-split,tpa-order,173,Victory,7,0,7,56,4,100,0,57,-1,,0,5,0,3021716433
gym-big-split,tpa-order,174,Victory,8,0,8,64,5,25,0,62,-1,,0,7,0,1894584419
gym-big-split,tpa-order,175,Defeat,6,0,6,48,3,0,1,83,-1,,0,5,0,271692884
gym-big-split,tpa-order,176,Victory,7,0,7,56,5,175,0,28,-1,,0,4,0,1189574424
gym-big-split,tpa-order,177,Victory,7,0,7,56,5,75,0,42,-1,,0,4,0,2395343770
gym-big-split,tpa-order,178,Victory,7,0,7,56,5,50,0,42,-1,,0,4,0,1359564770
gym-big-split,tpa-order,179,Victory,7,0,7,56,4,50,0,57,-1,,0,5,0,694307605
gym-big-split,tpa-order,180,Defeat,5,0,5,40,4,0,2,100,-1,,0,2,1,1013900941
gym-big-split,tpa-order,181,Victory,7,0,7,56,7,175,0,28,-1,,0,4,0,2766753704
gym-big-split,tpa-order,182,Defeat,7,0,7,56,11,0,1,57,-1,,0,5,0,2702905588
gym-big-split,tpa-order,183,Defeat,7,0,7,56,15,0,1,57,-1,,0,5,0,2821595190
gym-big-split,tpa-order,184,Defeat,6,0,6,48,10,0,1,66,-1,,0,4,0,3808075923
gym-big-split,tpa-order,185,Victory,7,0,7,56,8,75,0,42,-1,,0,5,0,1898512565
gym-big-split,tpa-order,186,Victory,13,0,13,104,16,115,0,30,-1,,0,15,0,2771933715
gym-big-split,tpa-order,187,Victory,7,0,7,56,7,175,0,28,-1,,0,4,0,2766753704
gym-big-split,tpa-order,188,Victory,7,0,7,56,7,175,0,28,-1,,0,4,0,2766753704
gym-big-split,tpa-order,189,Defeat,6,0,6,48,0,0,2,100,7,1:7,0,7,1,102037123
gym-big-split,tpa-order,190,Defeat,6,0,6,48,5,0,2,100,-1,,0,4,0,1472658531
gym-big-split,tpa-order,191,Defeat,6,0,6,48,9,0,1,100,-1,,0,4,0,3581354673
gym-big-split,tpa-order,192,Defeat,7,0,7,56,14,0,1,57,-1,,0,4,0,2967716556
gym-big-split,tpa-order,193,Defeat,6,0,6,48,5,0,1,66,-1,,0,4,0,2040444965
gym-big-split,tpa-order,194,Defeat,6,0,6,48,3,0,1,83,-1,,0,4,0,4061112000
gym-big-split,tpa-order,195,Defeat,6,0,6,48,12,0,2,66,-1,,0,4,0,3163756342
gym-big-split,tpa-order,196,Defeat,7,0,7,56,3,0,1,71,-1,,0,8,0,1485417503
gym-big-split,tpa-order,197,Defeat,6,0,6,48,6,0,2,83,-1,,0,5,1,989753053
gym-big-split,tpa-order,198,Victory,10,0,10,80,3,55,0,50,-1,,0,7,0,510610201
gym-big-split,tpa-order,199,Defeat,5,0,5,40,20,0,2,80,-1,,0,3,1,3579003268
gym-big-split,tpa-order,200,Victory,7,0,7,56,10,175,0,28,-1,,0,4,0,2766753704
gym-big-split,decapitate,1,Victory,7,0,7,56,7,125,0,42,-1,,0,4,0,2066916879
gym-big-split,decapitate,2,Victory,7,0,7,56,8,100,0,42,-1,,0,4,0,85933604
gym-big-split,decapitate,3,Victory,7,0,7,56,5,125,0,42,-1,,0,5,0,4118809245
gym-big-split,decapitate,4,Victory,24,0,24,192,33,265,0,16,3,1:3,0,23,0,1182610652
gym-big-split,decapitate,5,Victory,7,0,7,56,15,100,0,42,-1,,0,5,0,2434940135
gym-big-split,decapitate,6,Victory,7,0,7,56,5,175,0,28,-1,,0,4,0,2766753704
gym-big-split,decapitate,7,Defeat,7,0,7,56,6,0,1,71,-1,,0,6,0,1806763788
gym-big-split,decapitate,8,Defeat,5,0,5,40,10,0,2,80,-1,,0,3,1,2962281407
gym-big-split,decapitate,9,Defeat,7,0,7,56,6,0,3,114,-1,,0,10,0,2793112091
gym-big-split,decapitate,10,Victory,27,0,27,216,35,115,0,25,3,1:3,0,26,0,1473799581
gym-big-split,decapitate,11,Victory,7,0,7,56,7,175,0,28,-1,,0,4,0,2766753704
gym-big-split,decapitate,12,Victory,7,0,7,56,7,175,0,28,-1,,0,4,0,2766753704
gym-big-split,decapitate,13,Defeat,6,0,6,48,6,0,2,66,-1,,0,3,0,136891931
gym-big-split,decapitate,14,Victory,8,0,8,64,8,100,0,50,-1,,0,5,0,1004525757
gym-big-split,decapitate,15,Defeat,5,0,5,40,12,0,3,80,-1,,0,3,0,2010915226
gym-big-split,decapitate,16,Victory,8,0,8,64,3,75,0,50,-1,,0,7,0,3328995211
gym-big-split,decapitate,17,Victory,8,0,8,64,3,75,0,50,-1,,0,5,0,2181081345
gym-big-split,decapitate,18,Victory,7,0,7,56,4,80,0,57,-1,,0,4,0,567213635
gym-big-split,decapitate,19,Defeat,6,0,6,48,5,0,2,83,-1,,0,3,0,1022630901
gym-big-split,decapitate,20,Victory,7,0,7,56,5,175,0,28,-1,,0,4,0,2766753704
gym-big-split,decapitate,21,Victory,11,0,11,88,12,165,0,36,-1,,0,8,0,1977021118
gym-big-split,decapitate,22,Defeat,6,0,6,48,5,0,2,83,7,1:7,0,9,0,3553825414
gym-big-split,decapitate,23,Victory,7,0,7,56,5,175,0,28,-1,,0,4,0,2766753704
gym-big-split,decapitate,24,Defeat,5,0,5,40,5,0,3,60,7,1:7,0,6,0,480189285
gym-big-split,decapitate,25,Defeat,6,0,6,48,6,0,1,100,-1,,0,4,0,672626690
gym-big-split,decapitate,26,Victory,7,0,7,56,4,100,0,42,-1,,0,4,0,3506454695
gym-big-split,decapitate,27,Defeat,14,0,14,112,12,0,1,64,3,1:3,0,22,0,2228001475
gym-big-split,decapitate,28,Victory,11,0,11,88,5,170,0,36,3,1:3,0,10,0,3896946452
gym-big-split,decapitate,29,Defeat,10,0,10,80,14,0,1,70,-1,,0,13,0,3282226975
gym-big-split,decapitate,30,Victory,7,0,7,56,7,175,0,28,-1,,0,4,0,1221289387
gym-big-split,decapitate,31,Defeat,4,0,4,32,4,0,3,75,-1,,0,2,2,1838834188
gym-big-split,decapitate,32,Defeat,4,0,4,32,2,0,4,150,-1,,0,2,1,2176253168
gym-big-split,decapitate,33,Victory,7,0,7,56,10,150,0,28,-1,,0,4,0,1331738193
gym-big-split,decapitate,34,Defeat,7,0,7,56,10,0,2,57,-1,,0,6,1,3891689110
gym-big-split,decapitate,35,Victory,8,0,8,64,13,5,0,50,-1,,0,5,0,4135645995
gym-big-split,decapitate,36,Defeat,7,0,7,56,7,0,1,57,-1,,0,4,0,1486900616
gym-big-split,decapitate,37,Victory,7,0,7,56,5,105,0,42,-1,,0,4,0,3906630363
gym-big-split,decapitate,38,Defeat,5,0,5,40,5,0,2,60,7,1:7,0,6,0,3528230640
gym-big-split,decapitate,39,Victory,7,0,7,56,5,25,0,57,-1,,0,5,0,4128059599
gym-big-split,decapitate,40,Victory,7,0,7,56,5,175,0,28,-1,,0,4,0,2766753704
gym-big-split,decapitate,41,Victory,7,0,7,56,5,150,0,42,-1,,0,4,0,2597567062
gym-big-split,decapitate,42,Victory,7,0,7,56,7,175,0,28,-1,,0,4,0,2766753704
gym-big-split,decapitate,43,Victory,8,0,8,64,4,75,0,37,-1,,0,8,0,115526266
gym-big-split,decapitate,44,Defeat,6,0,6,48,7,0,1,66,-1,,0,3,0,481333896
gym-big-split,decapitate,45,Victory,8,0,8,64,3,5,0,50,-1,,0,5,0,1734636143
gym-big-split,decapitate,46,Victory,8,0,8,64,10,125,0,37,-1,,0,5,0,3788029506
gym-big-split,decapitate,47,Victory,8,0,8,64,7,125,0,37,-1,,0,5,0,686147232
gym-big-split,decapitate,48,Victory,7,0,7,56,7,175,0,28,-1,,0,4,0,2766753704
gym-big-split,decapitate,49,Defeat,7,0,7,56,9,0,2,71,-1,,0,5,0,4123630629
gym-big-split,decapitate,50,Victory,7,0,7,56,4,100,0,57,-1,,0,4,0,259919954
gym-big-split,decapitate,51,Victory,20,0,20,160,27,215,0,15,12,1:12,0,23,0,746727502
gym-big-split,decapitate,52,Victory,7,0,7,56,5,125,0,42,-1,,0,4,0,1126204797
gym-big-split,decapitate,53,Defeat,5,0,5,40,10,0,3,100,-1,,0,3,1,2270928764
gym-big-split,decapitate,54,Victory,8,0,8,64,8,60,0,62,-1,,0,6,0,4044945573
gym-big-split,decapitate,55,Defeat,7,0,7,56,6,0,2,57,-1,,0,7,0,3398537640
gym-big-split,decapitate,56,Defeat,5,0,5,40,10,0,3,60,-1,,0,3,1,3889790048
gym-big-split,decapitate,57,Victory,7,0,7,56,6,125,0,42,-1,,0,4,0,612880527
gym-big-split,decapitate,58,Victory,7,0,7,56,3,175,0,28,-1,,0,5,0,1189574424
gym-big-split,decapitate,59,Defeat,9,0,9,72,9,0,1,55,-1,,0,10,0,1369603222
gym-big-split,decapitate,60,Defeat,5,0,5,40,5,0,3,60,7,1:7,0,6,0,2908553857
gym-big-split,decapitate,61,Defeat,7,0,7,56,10,0,1,71,-1,,0,6,0,3304747002
gym-big-split,decapitate,62,Defeat,7,0,7,56,8,0,1,85,-1,,0,5,0,3990518272
gym-big-split,decapitate,63,Defeat,7,0,7,56,3,0,1,71,-1,,0,4,0,220893196
gym-big-split,decapitate,64,Defeat,6,0,6,48,10,0,1,83,-1,,0,4,0,1898873942
gym-big-split,decapitate,65,Defeat,6,0,6,48,15,0,1,83,-1,,0,4,0,1939539778
gym-big-split,decapitate,66,Victory,7,0,7,56,6,125,0,42,-1,,0,5,0,3861905165
gym-big-split,decapitate,67,Victory,8,0,8,64,5,100,0,50,-1,,0,5,0,1004525757
gym-big-split,decapitate,68,Defeat,5,0,5,40,14,0,3,120,-1,,0,4,1,3264856531
gym-big-split,decapitate,69,Defeat,6,0,6,48,6,0,1,83,-1,,0,4,0,627543534
gym-big-split,decapitate,70,Defeat,6,0,6,48,10,0,1,66,-1,,0,4,0,3808075923
gym-big-split,decapitate,71,Victory,11,0,11,88,14,100,0,45,-1,,0,12,0,1564399460
gym-big-split,decapitate,72,Victory,10,0,10,80,3,5,0,60,-1,,0,12,0,3828042072
gym-big-split,decapitate,73,Defeat,6,0,6,48,5,0,2,83,-1,,0,6,1,3244475333
gym-big-split,decapitate,74,Defeat,5,0,5,40,3,0,2,80,-1,,0,3,1,3881207749
gym-big-split,decapitate,75,Defeat,5,0,5,40,3,0,3,80,-1,,0,3,1,3850600978
gym-big-split,decapitate,76,Defeat,7,0,7,56,3,0,1,71,-1,,0,5,0,8631848
gym-big-split,decapitate,77,Defeat,7,0,7,56,11,0,1,57,-1,,0,5,0,4242029038
gym-big-split,decapitate,78,Defeat,7,0,7,56,13,0,2,85,-1,,0,5,0,2190911414
gym-big-split,decapitate,79,Victory,7,0,7,56,7,175,0,28,-1,,0,5,0,2766753704
gym-big-split,decapitate,80,Defeat,7,0,7,56,3,0,1,57,-1,,0,6,0,2907540909
gym-big-split,decapitate,81,Victory,8,0,8,64,4,130,0,50,3,1:3,0,5,0,525213110
gym-big-split,decapitate,82,Victory,7,0,7,56,5,150,0,42,-1,,0,4,0,3470206659
gym-big-split,decapitate,83,Defeat,5,0,5,40,3,0,3,100,7,1:7,0,5,1,4115344380
gym-big-split,decapitate,84,Defeat,5,0,5,40,5,0,2,100,-1,,0,3,1,3915912021
gym-big-split,decapitate,85,Defeat,6,0,6,48,2,0,1,66,-1,,0,4,0,1160267072
gym-big-split,decapitate,86,Victory,7,0,7,56,9,75,0,57,-1,,0,4,0,660423933
gym-big-split,decapitate,87,Defeat,7,0,7,56,10,0,1,71,-1,,0,5,0,201579434
gym-big-split,decapitate,88,Defeat,6,0,6,48,5,0,1,66,-1,,0,4,0,1889477809
gym-big-split,decapitate,89,Victory,7,0,7,56,3,175,0,28,-1,,0,4,0,2766753704
gym-big-split,decapitate,90,Victory,7,0,7,56,5,100,0,42,-1,,0,4,0,1476390565
gym-big-split,decapitate,91,Defeat,7,0,7,56,11,0,1,57,-1,,0,6,0,1635329551
gym-big-split,decapitate,92,Victory,7,0,7,56,7,175,0,28,-1,,0,4,0,2766753704
gym-big-split,decapitate,93,Defeat,7,0,7,56,3,0,1,71,-1,,0,7,0,2820796947
gym-big-split,decapitate,94,Victory,7,0,7,56,5,175,0,28,-1,,0,4,0,1189574424
gym-big-split,decapitate,95,Victory,7,0,7,56,5,75,0,71,-1,,0,3,0,2840175057
gym-big-split,decapitate,96,Victory,7,0,7,56,5,175,0,28,-1,,0,4,0,3686170505
gym-big-split,decapitate,97,Victory,7,0,7,56,15,175,0,28,-1,,0,4,0,4237550009
gym-big-split,decapitate,98,Defeat,5,0,5,40,5,0,2,60,7,1:7,0,6,0,3528230640
gym-big-split,decapitate,99,Defeat,7,0,7,56,13,0,1,71,-1,,0,5,0,4011634034
gym-big-split,decapitate,100,Victory,23,0,23,184,32,165,0,21,3,1:3,0,40,0,990770218
gym-big-split,decapitate,101,Defeat,6,0,6,48,8,0,1,66,-1,,0,4,0,578312356
gym-big-split,decapitate,102,Victory,7,0,7,56,5,175,0,28,-1,,0,5,0,2766753704
gym-big-split,decapitate,103,Victory,7,0,7,56,7,175,0,28,-1,,0,4,0,1221289387
gym-big-split,decapitate,104,Victory,10,0,10,80,8,115,0,50,-1,,0,11,0,2877227148
gym-big-split,decapitate,105,Defeat,6,0,6,48,5,0,2,66,-1,,0,3,0,136891931
gym-big-split,decapitate,106,Defeat,6,0,6,48,3,0,1,83,-1,,0,4,0,151585488
gym-big-split,decapitate,107,Victory,20,0,20,160,25,190,0,35,3,1:3,0,20,0,3029437576
gym-big-split,decapitate,108,Defeat,6,0,6,48,4,0,2,83,-1,,0,4,0,3766705591
gym-big-split,decapitate,109,Victory,7,0,7,56,9,175,0,28,-1,,0,4,0,2766753704
gym-big-split,decapitate,110,Defeat,6,0,6,48,3,0,1,83,-1,,0,4,0,4016782179
gym-big-split,decapitate,111,Defeat,6,0,6,48,14,0,1,83,-1,,0,5,0,620639827
gym-big-split,decapitate,112,Defeat,5,0,5,40,5,0,2,80,-1,,0,3,1,3603081066
gym-big-split,decapitate,113,Defeat,7,0,7,56,14,0,2,71,-1,,0,6,1,318191985
gym-big-split,decapitate,114,Defeat,6,0,6,48,4,0,1,83,-1,,0,4,0,1160000160
gym-big-split,decapitate,115,Victory,16,0,16,128,26,210,0,31,-1,,0,14,0,4221633450
gym-big-split,decapitate,116,Victory,10,0,10,80,7,85,0,40,7,1:7,0,9,0,14236785
gym-big-split,decapitate,117,Victory,7,0,7,56,5,125,0,42,-1,,0,4,0,3805252269
gym-big-split,decapitate,118,Victory,7,0,7,56,4,125,0,42,-1,,0,4,0,2066916879
gym-big-split,decapitate,119,Victory,14,0,14,112,15,170,0,28,7,1:7,0,13,0,567663679
gym-big-split,decapitate,120,Defeat,7,0,7,56,4,0,1,71,-1,,0,5,0,1961626861
gym-big-split,decapitate,121,Defeat,7,0,7,56,2,0,1,71,-1,,0,5,0,2208083095
gym-big-split,decapitate,122,Victory,8,0,8,64,5,55,0,62,-1,,0,6,0,1551268990
gym-big-split,decapitate,123,Defeat,8,0,8,64,11,0,1,75,-1,,0,7,0,1257458197
gym-big-split,decapitate,124,Defeat,7,0,7,56,3,0,1,71,-1,,0,5,0,1617359338
gym-big-split,decapitate,125,Victory,7,0,7,56,5,175,0,28,-1,,0,5,0,2766753704
gym-big-split,decapitate,126,Defeat,6,0,6,48,11,0,2,100,-1,,0,5,1,709773537
gym-big-split,decapitate,127,Defeat,6,0,6,48,8,0,1,66,-1,,0,4,0,2824148691
gym-big-split,decapitate,128,Defeat,5,0,5,40,9,0,3,80,-1,,0,3,1,3583514726
gym-big-split,decapitate,129,Defeat,7,0,7,56,10,0,1,71,-1,,0,5,0,2718397824
gym-big-split,decapitate,130,Victory,7,0,7,56,5,175,0,28,-1,,0,4,0,1189574424
gym-big-split,decapitate,131,Victory,7,0,7,56,8,175,0,28,-1,,0,4,0,2766753704
gym-big-split,decapitate,132,Defeat,7,0,7,56,16,0,2,71,-1,,0,5,0,176373542
gym-big-split,decapitate,133,Victory,7,0,7,56,4,125,0,42,-1,,0,4,0,2066916879
gym-big-split,decapitate,134,Defeat,7,0,7,56,9,0,1,57,-1,,0,5,0,2114708158
gym-big-split,decapitate,135,Defeat,7,0,7,56,15,0,1,57,-1,,0,5,0,2821595190
gym-big-split,decapitate,136,Defeat,5,0,5,40,5,0,4,80,7,1:7,0,7,1,774743321
gym-big-split,decapitate,137,Victory,13,0,13,104,18,5,0,46,3,1:3,0,21,0,4237265455
gym-big-split,decapitate,138,Victory,7,0,7,56,5,75,0,57,-1,,0,3,0,2790528664
gym-big-split,decapitate,139,Victory,7,0,7,56,7,175,0,28,-1,,0,4,0,2766753704
gym-big-split,decapitate,140,Victory,9,0,9,72,12,5,0,44,-1,,0,7,0,2295269828
gym-big-split,decapitate,141,Victory,7,0,7,56,5,150,0,42,-1,,0,4,0,2597567062
gym-big-split,decapitate,142,Victory,11,0,11,88,9,100,0,54,-1,,0,17,0,1100544107
gym-big-split,decapitate,143,Defeat,5,0,5,40,5,0,2,60,7,1:7,0,6,0,3528230640
gym-big-split,decapitate,144,Victory,11,0,11,88,11,60,0,45,-1,,0,10,0,2136639734
gym-big-split,decapitate,145,Victory,10,0,10,80,10,215,0,40,3,1:3,0,7,0,3785477310
gym-big-split,decapitate,146,Victory,9,0,9,72,6,30,0,55,-1,,0,5,0,4260542092
gym-big-split,decapitate,147,Defeat,6,0,6,48,5,0,2,100,-1,,0,4,0,3370781797
gym-big-split,decapitate,148,Defeat,6,0,6,48,10,0,1,83,-1,,0,5,0,151585488
gym-big-split,decapitate,149,Victory,7,0,7,56,6,150,0,42,-1,,0,4,0,3870207364
gym-big-split,decapitate,150,Defeat,7,0,7,56,4,0,2,85,-1,,0,6,1,560554395
gym-big-split,decapitate,151,Defeat,5,0,5,40,5,0,3,80,-1,,0,2,1,794739837
gym-big-split,decapitate,152,Defeat,7,0,7,56,15,0,1,57,-1,,0,5,0,1815766918
gym-big-split,decapitate,153,Defeat,5,0,5,40,10,0,2,80,-1,,0,3,0,3111472069
gym-big-split,decapitate,154,Victory,9,0,9,72,3,80,0,77,3,1:3,0,8,0,1164117021
gym-big-split,decapitate,155,Victory,7,0,7,56,4,125,0,42,-1,,0,4,0,2066916879
gym-big-split,decapitate,156,Victory,8,0,8,64,7,25,0,50,-1,,0,6,0,1378083475
gym-big-split,decapitate,157,Defeat,6,0,6,48,2,0,2,83,-1,,0,4,0,3673811723
gym-big-split,decapitate,158,Victory,7,0,7,56,5,175,0,28,-1,,0,4,0,1221289387
gym-big-split,decapitate,159,Defeat,6,0,6,48,12,0,2,83,-1,,0,4,0,2251965125
gym-big-split,decapitate,160,Victory,7,0,7,56,8,125,0,42,-1,,0,5,0,4118809245
gym-big-split,decapitate,161,Victory,7,0,7,56,13,100,0,42,-1,,0,6,0,1536653268
gym-big-split,decapitate,162,Victory,7,0,7,56,7,150,0,42,-1,,0,3,0,2513630357
gym-big-split,decapitate,163,Victory,8,0,8,64,5,75,0,37,-1,,0,5,0,973256965
gym-big-split,decapitate,164,Defeat,6,0,6,48,15,0,2,100,-1,,0,5,1,298045217
gym-big-split,decapitate,165,Victory,7,0,7,56,7,175,0,28,-1,,0,4,0,2766753704
gym-big-split,decapitate,166,Victory,7,0,7,56,3,25,0,57,-1,,0,5,0,2809751644
gym-big-split,decapitate,167,Victory,8,0,8,64,8,100,0,25,-1,,0,6,0,2501704448
gym-big-split,decapitate,168,Victory,7,0,7,56,7,175,0,28,-1,,0,4,0,2766753704
gym-big-split,decapitate,169,Victory,7,0,7,56,7,175,0,28,-1,,0,5,0,2766753704
gym-big-split,decapitate,170,Defeat,5,0,5,40,11,0,3,100,7,1:7,0,7,0,378884384
gym-big-split,decapitate,171,Defeat,6,0,6,48,5,0,1,66,-1,,0,4,1,4225415477
gym-big-split,decapitate,172,Defeat,5,0,5,40,3,0,2,80,7,1:7,0,6,0,2606417480
gym-big-split,decapitate,173,Victory,7,0,7,56,4,100,0,57,-1,,0,5,0,3021716433
gym-big-split,decapitate,174,Victory,8,0,8,64,5,25,0,62,-1,,0,7,0,1274028754
gym-big-split,decapitate,175,Defeat,6,0,6,48,3,0,1,83,-1,,0,5,0,271692884
gym-big-split,decapitate,176,Victory,7,0,7,56,5,175,0,28,-1,,0,4,0,1189574424
gym-big-split,decapitate,177,Victory,7,0,7,56,5,75,0,42,-1,,0,4,0,2395343770
gym-big-split,decapitate,178,Victory,7,0,7,56,5,50,0,42,-1,,0,4,0,1359564770
gym-big-split,decapitate,179,Victory,7,0,7,56,4,50,0,57,-1,,0,5,0,694307605
gym-big-split,decapitate,180,Victory,11,0,11,88,12,40,0,45,3,1:3,0,7,0,1699868221
gym-big-split,decapitate,181,Victory,7,0,7,56,7,175,0,28,-1,,0,4,0,2766753704
gym-big-split,decapitate,182,Defeat,7,0,7,56,11,0,1,57,-1,,0,5,0,2702905588
gym-big-split,decapitate,183,Defeat,7,0,7,56,15,0,1,57,-1,,0,5,0,2821595190
gym-big-split,decapitate,184,Defeat,6,0,6,48,10,0,1,66,-1,,0,4,0,3808075923
gym-big-split,decapitate,185,Victory,7,0,7,56,8,75,0,42,-1,,0,5,0,1898512565
gym-big-split,decapitate,186,Victory,13,0,13,104,16,115,0,30,-1,,0,15,0,2771933715
gym-big-split,decapitate,187,Victory,7,0,7,56,7,175,0,28,-1,,0,4,0,2766753704
gym-big-split,decapitate,188,Victory,7,0,7,56,7,175,0,28,-1,,0,4,0,2766753704
gym-big-split,decapitate,189,Defeat,6,0,6,48,0,0,2,100,7,1:7,0,7,1,102037123
gym-big-split,decapitate,190,Defeat,6,0,6,48,5,0,2,100,-1,,0,4,0,1472658531
gym-big-split,decapitate,191,Defeat,6,0,6,48,9,0,1,100,-1,,0,4,0,3581354673
gym-big-split,decapitate,192,Defeat,7,0,7,56,14,0,1,57,-1,,0,4,0,2967716556
gym-big-split,decapitate,193,Defeat,6,0,6,48,5,0,1,66,-1,,0,4,0,2040444965
gym-big-split,decapitate,194,Defeat,5,0,5,40,3,0,3,80,-1,,0,3,1,4224327339
gym-big-split,decapitate,195,Defeat,6,0,6,48,12,0,2,66,-1,,0,4,0,3163756342
gym-big-split,decapitate,196,Defeat,7,0,7,56,3,0,1,71,-1,,0,8,0,841707551
gym-big-split,decapitate,197,Defeat,6,0,6,48,6,0,2,83,-1,,0,5,1,989753053
gym-big-split,decapitate,198,Defeat,6,0,6,48,3,0,2,66,-1,,0,3,0,1442718694
gym-big-split,decapitate,199,Defeat,5,0,5,40,20,0,2,80,-1,,0,3,1,3579003268
gym-big-split,decapitate,200,Victory,7,0,7,56,10,175,0,28,-1,,0,4,0,2766753704
gym-big-split,charge,1,Victory,6,0,6,48,6,100,0,50,-1,,0,3,0,2712349065
gym-big-split,charge,2,Defeat,4,0,4,32,4,0,2,75,-1,,0,1,2,592109095
gym-big-split,charge,3,Defeat,4,0,4,32,8,0,2,75,-1,,0,2,1,3115146907
gym-big-split,charge,4,Defeat,7,0,7,56,12,0,2,71,-1,,0,5,0,3267851814
gym-big-split,charge,5,Defeat,5,0,5,40,4,0,2,60,-1,,0,1,2,2258711985
gym-big-split,charge,6,Defeat,5,0,5,40,4,0,1,80,-1,,0,2,1,3676787747
gym-big-split,charge,7,Defeat,3,0,3,24,12,0,3,100,-1,,0,1,3,1824029820
gym-big-split,charge,8,Defeat,4,0,4,32,4,0,3,75,-1,,0,1,2,418708687
gym-big-split,charge,9,Defeat,5,0,5,40,6,0,2,80,-1,,0,1,2,1444699399
gym-big-split,charge,10,Defeat,3,0,3,24,8,0,4,133,-1,,0,1,2,1956139751
gym-big-split,charge,11,Defeat,4,0,4,32,4,0,2,75,-1,,0,1,2,592109095
gym-big-split,charge,12,Defeat,4,0,4,32,4,0,2,75,-1,,0,1,2,592109095
gym-big-split,charge,13,Defeat,6,0,6,48,8,0,1,50,-1,,0,1,0,2311738363
gym-big-split,charge,14,Defeat,5,0,5,40,5,0,2,80,-1,,0,2,1,4187009991
gym-big-split,charge,15,Defeat,4,0,4,32,4,0,3,75,-1,,0,1,2,2030596543
gym-big-split,charge,16,Defeat,4,0,4,32,4,0,2,75,-1,,0,0,2,4221049541
gym-big-split,charge,17,Defeat,4,0,4,32,2,0,2,75,-1,,0,1,2,592109095
gym-big-split,charge,18,Defeat,4,0,4,32,4,0,2,75,-1,,0,1,2,3429597259
gym-big-split,charge,19,Defeat,4,0,4,32,4,0,2,75,-1,,0,1,2,592109095
gym-big-split,charge,20,Defeat,5,0,5,40,4,0,1,60,-1,,0,0,1,1718209938
gym-big-split,charge,21,Defeat,5,0,5,40,10,0,2,100,-1,,0,1,0,3595382212
gym-big-split,charge,22,Defeat,4,0,4,32,5,0,3,100,-1,,0,1,2,1293091907
gym-big-split,charge,23,Defeat,4,0,4,32,6,0,2,75,-1,,0,1,2,3408945581
gym-big-split,charge,24,Defeat,3,0,3,24,4,0,3,100,-1,,0,1,2,120674298
gym-big-split,charge,25,Defeat,5,0,5,40,4,0,2,60,-1,,0,1,1,608902853
gym-big-split,charge,26,Defeat,4,0,4,32,4,0,2,75,-1,,0,1,2,3429597259
gym-big-split,charge,27,Defeat,4,0,4,32,4,0,2,75,-1,,0,1,2,3429597259
gym-big-split,charge,28,Defeat,5,0,5,40,8,0,2,60,-1,,0,1,1,4153043808
gym-big-split,charge,29,Defeat,4,0,4,32,4,0,2,75,-1,,0,1,2,592109095
gym-big-split,charge,30,Defeat,6,0,6,48,6,0,1,66,-1,,0,1,0,3180645993
gym-big-split,charge,31,Victory,8,0,8,64,3,50,0,37,-1,,0,1,0,1348455225
gym-big-split,charge,32,Defeat,4,0,4,32,8,0,3,100,-1,,0,2,2,1773723467
gym-big-split,charge,33,Defeat,4,0,4,32,4,0,2,75,-1,,0,0,2,592109095
gym-big-split,charge,34,Defeat,3,0,3,24,4,0,3,133,-1,,0,1,2,747285756
gym-big-split,charge,35,Defeat,5,0,5,40,4,0,2,60,-1,,0,1,2,3810538975
gym-big-split,charge,36,Defeat,4,0,4,32,4,0,2,75,-1,,0,1,2,592109095
gym-big-split,charge,37,Defeat,5,0,5,40,4,0,1,80,-1,,0,1,1,3625124721
gym-big-split,charge,38,Defeat,5,0,5,40,1,0,2,80,-1,,0,0,1,1294657172
gym-big-split,charge,39,Victory,6,0,6,48,4,30,0,66,-1,,0,2,0,421284916
gym-big-split,charge,40,Defeat,4,0,4,32,2,0,2,75,-1,,0,1,2,592109095
gym-big-split,charge,41,Defeat,4,0,4,32,4,0,2,75,-1,,0,1,2,4221049541
gym-big-split,charge,42,Defeat,4,0,4,32,4,0,2,75,-1,,0,1,2,592109095
gym-big-split,charge,43,Defeat,4,0,4,32,2,0,2,75,-1,,0,1,2,592109095
gym-big-split,charge,44,Defeat,5,0,5,40,9,0,2,80,-1,,0,2,0,3506584687
gym-big-split,charge,45,Defeat,4,0,4,32,9,0,3,100,-1,,0,2,2,1344218300
gym-big-split,charge,46,Defeat,4,0,4,32,6,0,2,75,-1,,0,1,1,2652544971
gym-big-split,charge,47,Defeat,4,0,4,32,4,0,2,75,-1,,0,1,2,592109095
gym-big-split,charge,48,Defeat,4,0,4,32,4,0,2,75,-1,,0,1,2,592109095
gym-big-split,charge,49,Defeat,4,0,4,32,4,0,2,75,-1,,0,1,2,3429597259
gym-big-split,charge,50,Defeat,4,0,4,32,4,0,2,75,-1,,0,1,2,592109095
gym-big-split,charge,51,Defeat,5,0,5,40,4,0,2,100,-1,,0,2,1,2618335648
gym-big-split,charge,52,Defeat,4,0,4,32,4,0,2,75,-1,,0,1,2,592109095
gym-big-split,charge,53,Defeat,6,0,6,48,11,0,2,66,-1,,0,2,1,2044726707
gym-big-split,charge,54,Defeat,8,0,8,64,5,0,1,62,3,1:3,0,3,0,3274235058
gym-big-split,charge,55,Defeat,5,0,5,40,8,0,2,60,-1,,0,2,2,2820548516
gym-big-split,charge,56,Defeat,6,0,6,48,4,0,1,66,-1,,0,2,0,2472069278
gym-big-split,charge,57,Defeat,5,0,5,40,4,0,2,80,-1,,0,1,1,325455094
gym-big-split,charge,58,Defeat,7,0,7,56,2,0,1,71,-1,,0,3,0,3865050980
gym-big-split,charge,59,Defeat,3,0,3,24,8,0,4,133,-1,,0,1,2,3589559323
gym-big-split,charge,60,Defeat,5,0,5,40,8,0,2,80,-1,,0,2,0,3425231059
gym-big-split,charge,61,Defeat,4,0,4,32,4,0,2,75,-1,,0,1,2,592109095
gym-big-split,charge,62,Defeat,5,0,5,40,3,0,2,80,-1,,0,1,1,1366251952
gym-big-split,charge,63,Defeat,4,0,4,32,4,0,3,75,-1,,0,2,1,1694414441
gym-big-split,charge,64,Defeat,4,0,4,32,8,0,2,75,-1,,0,1,2,3963869199
gym-big-split,charge,65,Defeat,4,0,4,32,4,0,3,75,-1,,0,1,2,418708687
gym-big-split,charge,66,Defeat,4,0,4,32,4,0,2,75,-1,,0,1,2,462632777
gym-big-split,charge,67,Defeat,4,0,4,32,4,0,2,75,-1,,0,1,2,3429597259
gym-big-split,charge,68,Defeat,6,0,6,48,6,0,1,66,3,1:3,0,1,1,3539151308
gym-big-split,charge,69,Defeat,4,0,4,32,10,0,3,100,-1,,0,1,2,1113782003
gym-big-split,charge,70,Defeat,4,0,4,32,4,0,3,75,-1,,0,1,2,2747079735
gym-big-split,charge,71,Defeat,4,0,4,32,1,0,2,100,-1,,0,1,2,3718375407
gym-big-split,charge,72,Defeat,5,0,5,40,4,0,2,80,-1,,0,3,1,1464786815
gym-big-split,charge,73,Defeat,4,0,4,32,4,0,2,75,-1,,0,1,2,4221049541
gym-big-split,charge,74,Defeat,5,0,5,40,10,0,2,60,-1,,0,2,2,291091648
gym-big-split,charge,75,Defeat,5,0,5,40,4,0,2,60,-1,,0,0,1,3929247121
gym-big-split,charge,76,Victory,7,0,7,56,5,30,0,57,-1,,0,3,0,736610067
gym-big-split,charge,77,Defeat,4,0,4,32,4,0,2,75,-1,,0,1,2,592109095
gym-big-split,charge,78,Defeat,4,0,4,32,4,0,2,75,-1,,0,1,2,4221049541
gym-big-split,charge,79,Defeat,3,0,3,24,4,0,4,100,-1,,0,1,2,3382055727
gym-big-split,charge,80,Defeat,6,0,6,48,1,0,1,100,-1,,0,3,0,1145377857
gym-big-split,charge,81,Defeat,6,0,6,48,4,0,2,100,3,1:3,0,3,0,4203733439
gym-big-split,charge,82,Defeat,4,0,4,32,4,0,2,75,-1,,0,1,2,592109095
gym-big-split,charge,83,Defeat,5,0,5,40,8,0,2,80,-1,,0,2,2,4259792591
gym-big-split,charge,84,Defeat,5,0,5,40,4,0,1,60,-1,,0,1,1,2494593362
gym-big-split,charge,85,Defeat,5,0,5,40,4,0,1,60,-1,,0,0,1,1718209938
gym-big-split,charge,86,Defeat,3,0,3,24,4,0,3,100,-1,,0,1,2,190819060
gym-big-split,charge,87,Defeat,4,0,4,32,4,0,2,75,-1,,0,1,2,592109095
gym-big-split,charge,88,Defeat,5,0,5,40,4,0,2,80,-1,,0,1,1,884164224
gym-big-split,charge,89,Defeat,4,0,4,32,6,0,2,75,-1,,0,1,1,3966995521
gym-big-split,charge,90,Defeat,4,0,4,32,4,0,2,75,-1,,0,1,2,592109095
gym-big-split,charge,91,Defeat,4,0,4,32,4,0,2,75,-1,,0,0,2,592109095
gym-big-split,charge,92,Defeat,4,0,4,32,4,0,2,75,-1,,0,1,2,592109095
gym-big-split,charge,93,Defeat,5,0,5,40,8,0,2,80,-1,,0,2,1,3929148604
gym-big-split,charge,94,Defeat,4,0,4,32,4,0,2,75,-1,,0,1,2,592109095
gym-big-split,charge,95,Defeat,4,0,4,32,0,0,2,125,-1,,0,2,2,2164360524
gym-big-split,charge,96,Defeat,5,0,5,40,6,0,1,80,-1,,0,1,1,4090995821
gym-big-split,charge,97,Victory,8,0,8,64,16,50,0,37,-1,,0,5,0,2592364228
gym-big-split,charge,98,Defeat,5,0,5,40,8,0,2,80,-1,,0,2,2,3207648507
gym-big-split,charge,99,Defeat,4,0,4,32,4,0,2,75,-1,,0,1,2,592109095
gym-big-split,charge,100,Defeat,5,0,5,40,8,0,3,60,-1,,0,2,2,4289257036
gym-big-split,charge,101,Defeat,6,0,6,48,6,0,1,66,-1,,0,2,0,2949659462
gym-big-split,charge,102,Defeat,4,0,4,32,2,0,2,75,-1,,0,1,2,592109095
gym-big-split,charge,103,Defeat,4,0,4,32,4,0,2,75,-1,,0,1,2,592109095
gym-big-split,charge,104,Defeat,5,0,5,40,4,0,2,60,-1,,0,1,2,3487704863
gym-big-split,charge,105,Defeat,4,0,4,32,4,0,2,75,-1,,0,1,2,592109095
gym-big-split,charge,106,Defeat,4,0,4,32,4,0,2,75,-1,,0,0,2,4221049541
gym-big-split,charge,107,Defeat,5,0,5,40,4,0,2,80,8,1:8,0,0,1,1856482554
gym-big-split,charge,108,Defeat,4,0,4,32,4,0,2,75,-1,,0,1,2,592109095
gym-big-split,charge,109,Defeat,4,0,4,32,2,0,2,75,-1,,0,1,2,592109095
gym-big-split,charge,110,Defeat,5,0,5,40,4,0,2,60,-1,,0,1,1,608902853
gym-big-split,charge,111,Defeat,5,0,5,40,5,0,2,100,3,1:3,0,2,2,3630438209
gym-big-split,charge,112,Defeat,4,0,4,32,4,0,2,75,-1,,0,1,2,3494924710
gym-big-split,charge,113,Defeat,3,0,3,24,9,0,4,133,-1,,0,1,2,3128595448
gym-big-split,charge,114,Defeat,4,0,4,32,4,0,3,100,-1,,0,1,2,2258701002
gym-big-split,charge,115,Defeat,4,0,4,32,6,0,2,75,-1,,0,2,2,2086620670
gym-big-split,charge,116,Defeat,5,0,5,40,4,0,2,80,-1,,0,1,0,1118555055
gym-big-split,charge,117,Defeat,4,0,4,32,4,0,2,75,-1,,0,1,2,592109095
gym-big-split,charge,118,Defeat,6,0,6,48,6,0,1,66,-1,,0,1,0,3180645993
gym-big-split,charge,119,Defeat,4,0,4,32,8,0,2,75,-1,,0,1,2,3963869199
gym-big-split,charge,120,Defeat,5,0,5,40,6,0,1,80,-1,,0,1,0,4145387557
gym-big-split,charge,121,Defeat,5,0,5,40,10,0,2,80,-1,,0,2,2,4189921260
gym-big-split,charge,122,Defeat,5,0,5,40,4,0,1,80,-1,,0,1,1,3625124721
gym-big-split,charge,123,Defeat,4,0,4,32,4,0,2,75,-1,,0,1,2,592109095
gym-big-split,charge,124,Defeat,3,0,3,24,8,0,4,166,-1,,0,1,2,179453723
gym-big-split,charge,125,Defeat,5,0,5,40,4,0,1,80,-1,,0,2,1,3676787747
gym-big-split,charge,126,Defeat,5,0,5,40,4,0,2,80,8,1:8,0,1,1,3821881496
gym-big-split,charge,127,Defeat,4,0,4,32,4,0,3,75,-1,,0,0,2,2468577325
gym-big-split,charge,128,Defeat,6,0,6,48,4,0,1,66,-1,,0,2,0,434222856
gym-big-split,charge,129,Defeat,4,0,4,32,4,0,2,75,-1,,0,1,2,592109095
gym-big-split,charge,130,Defeat,4,0,4,32,4,0,2,75,-1,,0,1,2,592109095
gym-big-split,charge,131,Defeat,5,0,5,40,4,0,1,60,-1,,0,0,1,1718209938
gym-big-split,charge,132,Defeat,4,0,4,32,4,0,2,75,7,1:7,0,1,2,3366352183
gym-big-split,charge,133,Defeat,4,0,4,32,8,0,2,75,-1,,0,1,2,3963869199
gym-big-split,charge,134,Defeat,5,0,5,40,4,0,1,60,-1,,0,0,1,1718209938
gym-big-split,charge,135,Defeat,4,0,4,32,4,0,2,75,-1,,0,1,2,592109095
gym-big-split,charge,136,Defeat,3,0,3,24,12,0,3,100,-1,,0,1,3,1824029820
gym-big-split,charge,137,Defeat,5,0,5,40,6,0,2,120,-1,,0,3,1,81754181
gym-big-split,charge,138,Defeat,4,0,4,32,4,0,2,75,-1,,0,1,2,592109095
gym-big-split,charge,139,Defeat,4,0,4,32,4,0,2,75,-1,,0,1,2,592109095
gym-big-split,charge,140,Defeat,3,0,3,24,4,0,3,100,-1,,0,1,2,120674298
gym-big-split,charge,141,Defeat,4,0,4,32,4,0,2,75,-1,,0,1,2,592109095
gym-big-split,charge,142,Defeat,5,0,5,40,1,0,1,80,-1,,0,2,1,1290138799
gym-big-split,charge,143,Defeat,5,0,5,40,1,0,1,80,-1,,0,1,1,3625124721
gym-big-split,charge,144,Defeat,5,0,5,40,4,0,1,80,-1,,0,1,1,3625124721
gym-big-split,charge,145,Defeat,4,0,4,32,4,0,2,75,-1,,0,1,2,592109095
gym-big-split,charge,146,Defeat,4,0,4,32,4,0,2,75,-1,,0,1,2,592109095
gym-big-split,charge,147,Defeat,5,0,5,40,4,0,1,80,-1,,0,0,1,3625124721
gym-big-split,charge,148,Victory,6,0,6,48,8,50,0,66,-1,,0,2,0,2570541865
gym-big-split,charge,149,Defeat,5,0,5,40,4,0,2,60,-1,,0,0,1,3929247121
gym-big-split,charge,150,Defeat,4,0,4,32,6,0,2,75,-1,,0,1,1,3966995521
gym-big-split,charge,151,Defeat,4,0,4,32,4,0,2,75,-1,,0,1,2,592109095
gym-big-split,charge,152,Defeat,4,0,4,32,6,0,2,75,-1,,0,1,1,3966995521
gym-big-split,charge,153,Defeat,5,0,5,40,4,0,2,80,8,1:8,0,1,1,2208989998
gym-big-split,charge,154,Defeat,5,0,5,40,6,0,2,80,-1,,0,1,0,907132887
gym-big-split,charge,155,Defeat,4,0,4,32,4,0,2,75,-1,,0,1,2,592109095
gym-big-split,charge,156,Defeat,5,0,5,40,4,0,2,100,-1,,0,1,0,3156819693
gym-big-split,charge,157,Defeat,3,0,3,24,12,0,3,100,-1,,0,1,3,1824029820
gym-big-split,charge,158,Defeat,4,0,4,32,4,0,2,75,-1,,0,1,2,592109095
gym-big-split,charge,159,Defeat,4,0,4,32,4,0,2,75,-1,,0,1,2,592109095
gym-big-split,charge,160,Defeat,3,0,3,24,8,0,3,133,-1,,0,1,2,641545978
gym-big-split,charge,161,Defeat,3,0,3,24,8,0,4,100,-1,,0,1,3,2820360943
gym-big-split,charge,162,Defeat,6,0,6,48,6,0,1,66,-1,,0,2,0,814995591
gym-big-split,charge,163,Defeat,4,0,4,32,4,0,2,75,-1,,0,1,2,592109095
gym-big-split,charge,164,Defeat,6,0,6,48,10,0,2,83,-1,,0,2,0,1006489438
gym-big-split,charge,165,Defeat,4,0,4,32,4,0,2,75,-1,,0,1,2,3429597259
gym-big-split,charge,166,Defeat,3,0,3,24,2,0,3,133,-1,,0,1,2,949201394
gym-big-split,charge,167,Defeat,4,0,4,32,2,0,2,75,-1,,0,1,2,592109095
gym-big-split,charge,168,Defeat,5,0,5,40,6,0,2,60,-1,,0,1,1,572470502
gym-big-split,charge,169,Defeat,5,0,5,40,6,0,2,80,-1,,0,3,1,1861724558
gym-big-split,charge,170,Defeat,4,0,4,32,4,0,2,75,-1,,0,1,1,141632623
gym-big-split,charge,171,Defeat,4,0,4,32,4,0,2,75,-1,,0,0,2,4221049541
gym-big-split,charge,172,Defeat,4,0,4,32,1,0,2,100,-1,,0,2,2,1637376271
gym-big-split,charge,173,Defeat,4,0,4,32,4,0,2,75,-1,,0,1,2,592109095
gym-big-split,charge,174,Defeat,4,0,4,32,4,0,2,75,-1,,0,1,2,592109095
gym-big-split,charge,175,Defeat,3,0,3,24,4,0,3,100,-1,,0,1,2,120674298
gym-big-split,charge,176,Defeat,4,0,4,32,4,0,2,75,-1,,0,1,2,592109095
gym-big-split,charge,177,Defeat,5,0,5,40,4,0,2,80,-1,,0,1,0,667667663
gym-big-split,charge,178,Defeat,5,0,5,40,4,0,2,60,-1,,0,1,1,4258376199
gym-big-split,charge,179,Defeat,4,0,4,32,4,0,2,75,-1,,0,1,2,592109095
gym-big-split,charge,180,Defeat,6,0,6,48,5,0,1,66,-1,,0,2,1,2891684395
gym-big-split,charge,181,Defeat,4,0,4,32,2,0,2,75,-1,,0,1,2,592109095
gym-big-split,charge,182,Defeat,5,0,5,40,4,0,1,80,-1,,0,1,0,2770027745
gym-big-split,charge,183,Defeat,4,0,4,32,4,0,2,75,-1,,0,1,2,592109095
gym-big-split,charge,184,Defeat,5,0,5,40,8,0,2,60,-1,,0,2,2,1351481166
gym-big-split,charge,185,Defeat,4,0,4,32,4,0,2,75,-1,,0,1,2,592109095
gym-big-split,charge,186,Defeat,3,0,3,24,4,0,3,133,-1,,0,1,2,949201394
gym-big-split,charge,187,Defeat,4,0,4,32,4,0,2,75,-1,,0,1,2,592109095
gym-big-split,charge,188,Defeat,5,0,5,40,5,0,2,100,7,1:7,0,2,1,3773650382
gym-big-split,charge,189,Defeat,5,0,5,40,5,0,2,60,-1,,0,2,0,3424899575
gym-big-split,charge,190,Defeat,4,0,4,32,4,0,2,75,-1,,0,1,2,592109095
gym-big-split,charge,191,Defeat,3,0,3,24,4,0,4,133,-1,,0,1,2,2414405633
gym-big-split,charge,192,Defeat,5,0,5,40,5,0,2,80,-1,,0,1,0,1957054487
gym-big-split,charge,193,Defeat,4,0,4,32,4,0,2,75,7,1:7,0,1,2,3366352183
gym-big-split,charge,194,Defeat,5,0,5,40,14,0,2,100,-1,,0,3,1,2111885890
gym-big-split,charge,195,Defeat,4,0,4,32,4,0,2,75,-1,,0,1,2,592109095
gym-big-split,charge,196,Defeat,5,0,5,40,8,0,2,80,-1,,0,2,0,1834237755
gym-big-split,charge,197,Defeat,5,0,5,40,4,0,1,80,-1,,0,0,1,3625124721
gym-big-split,charge,198,Defeat,3,0,3,24,12,0,3,100,-1,,0,1,3,1824029820
gym-big-split,charge,199,Defeat,4,0,4,32,17,0,3,75,-1,,0,2,1,3438313217
gym-big-split,charge,200,Defeat,4,0,4,32,7,0,2,75,-1,,0,1,1,2867549025
gym-big-split-kill,corridor-hold,1,Victory,6,0,6,48,7,225,1,50,-1,,0,3,0,804998818
gym-big-split-kill,corridor-hold,2,Victory,6,0,6,48,8,200,1,50,-1,,0,3,0,662541754
gym-big-split-kill,corridor-hold,3,Victory,6,0,6,48,5,225,1,50,-1,,0,4,0,3169780929
gym-big-split-kill,corridor-hold,4,Victory,7,0,7,56,4,135,1,57,3,1:3,0,6,0,3258357865
gym-big-split-kill,corridor-hold,5,Victory,7,0,7,56,15,100,0,42,-1,,0,5,0,1041678498
gym-big-split-kill,corridor-hold,6,Victory,6,0,6,48,5,275,1,33,-1,,0,3,0,3945439135
gym-big-split-kill,corridor-hold,7,Defeat,7,0,7,56,6,0,1,71,-1,,0,6,0,2932362297
gym-big-split-kill,corridor-hold,8,Defeat,5,0,5,40,10,0,2,80,-1,,0,3,1,105231098
gym-big-split-kill,corridor-hold,9,Victory,5,0,5,40,5,50,3,120,-1,,0,5,1,1968582495
gym-big-split-kill,corridor-hold,10,Victory,27,0,27,216,35,115,0,25,3,1:3,0,26,0,1354035256
gym-big-split-kill,corridor-hold,11,Victory,6,0,6,48,7,275,1,33,-1,,0,3,0,3945439135
gym-big-split-kill,corridor-hold,12,Victory,6,0,6,48,7,275,1,33,-1,,0,3,0,3945439135
gym-big-split-kill,corridor-hold,13,Defeat,6,0,6,48,6,0,2,66,-1,,0,3,0,2587969566
gym-big-split-kill,corridor-hold,14,Victory,6,0,6,48,8,250,1,50,-1,,0,3,0,3941186617
gym-big-split-kill,corridor-hold,15,Defeat,5,0,5,40,12,0,3,80,-1,,0,3,0,2887469871
gym-big-split-kill,corridor-hold,16,Victory,8,0,8,64,3,75,0,50,-1,,0,7,0,3546582158
gym-big-split-kill,corridor-hold,17,Victory,6,0,6,48,3,225,1,50,-1,,0,3,0,3169780929
gym-big-split-kill,corridor-hold,18,Victory,7,0,7,56,4,80,0,57,-1,,0,4,0,552094918
gym-big-split-kill,corridor-hold,19,Defeat,6,0,6,48,5,0,2,83,-1,,0,3,0,3011009040
gym-big-split-kill,corridor-hold,20,Victory,6,0,6,48,5,275,1,33,-1,,0,3,0,3945439135
gym-big-split-kill,corridor-hold,21,Victory,11,0,11,88,12,165,0,36,-1,,0,8,0,4265318795
gym-big-split-kill,corridor-hold,22,Defeat,6,0,6,48,5,0,2,83,7,1:7,0,9,0,3668283347
gym-big-split-kill,corridor-hold,23,Victory,6,0,6,48,5,275,1,33,-1,,0,3,0,3945439135
gym-big-split-kill,corridor-hold,24,Defeat,5,0,5,40,5,0,3,60,7,1:7,0,6,0,1676041344
gym-big-split-kill,corridor-hold,25,Defeat,6,0,6,48,6,0,1,100,-1,,0,4,0,4208634391
gym-big-split-kill,corridor-hold,26,Victory,7,0,7,56,4,100,0,42,-1,,0,4,0,746631266
gym-big-split-kill,corridor-hold,27,Victory,14,0,14,112,12,65,1,64,3,1:3,0,22,0,2227014935
gym-big-split-kill,corridor-hold,28,Victory,7,0,7,56,2,130,1,57,3,1:3,0,6,0,3564142882
gym-big-split-kill,corridor-hold,29,Victory,9,0,9,72,14,160,2,66,-1,,0,11,0,1051731952
gym-big-split-kill,corridor-hold,30,Victory,6,0,6,48,7,275,1,33,-1,,0,3,0,3945439135
gym-big-split-kill,corridor-hold,31,Defeat,4,0,4,32,4,0,3,75,-1,,0,2,2,272963385
gym-big-split-kill,corridor-hold,32,Defeat,4,0,4,32,2,0,4,150,-1,,0,2,1,2660704101
gym-big-split-kill,corridor-hold,33,Victory,6,0,6,48,10,250,1,33,-1,,0,3,0,3874412733
gym-big-split-kill,corridor-hold,34,Defeat,7,0,7,56,10,0,2,57,-1,,0,6,1,1109821667
gym-big-split-kill,corridor-hold,35,Victory,5,0,5,40,4,75,1,60,-1,,0,3,1,3543892148
gym-big-split-kill,corridor-hold,36,Defeat,7,0,7,56,7,0,1,57,-1,,0,4,0,3977484157
gym-big-split-kill,corridor-hold,37,Victory,6,0,6,48,5,205,1,50,-1,,0,3,0,3228176814
gym-big-split-kill,corridor-hold,38,Defeat,5,0,5,40,5,0,2,60,7,1:7,0,6,0,31050085
gym-big-split-kill,corridor-hold,39,Victory,6,0,6,48,5,125,1,66,-1,,0,4,0,2320945129
gym-big-split-kill,corridor-hold,40,Victory,6,0,6,48,5,275,1,33,-1,,0,3,0,3945439135
gym-big-split-kill,corridor-hold,41,Victory,6,0,6,48,5,250,1,50,-1,,0,3,0,3941186617
gym-big-split-kill,corridor-hold,42,Victory,6,0,6,48,7,275,1,33,-1,,0,3,0,3945439135
gym-big-split-kill,corridor-hold,43,Victory,8,0,8,64,4,75,0,37,-1,,0,8,0,3278838287
gym-big-split-kill,corridor-hold,44,Victory,6,0,6,48,7,75,1,66,-1,,0,3,0,1823651539
gym-big-split-kill,corridor-hold,45,Victory,5,0,5,40,2,75,1,60,-1,,0,3,1,3543892148
gym-big-split-kill,corridor-hold,46,Victory,6,0,6,48,10,275,1,33,-1,,0,3,0,3945439135
gym-big-split-kill,corridor-hold,47,Victory,6,0,6,48,7,275,1,33,-1,,0,3,0,3945439135
gym-big-split-kill,corridor-hold,48,Victory,6,0,6,48,7,275,1,33,-1,,0,3,0,3945439135
gym-big-split-kill,corridor-hold,49,Defeat,7,0,7,56,9,0,2,71,-1,,0,5,0,3105151296
gym-big-split-kill,corridor-hold,50,Victory,6,0,6,48,4,200,1,66,-1,,0,3,0,10908319
gym-big-split-kill,corridor-hold,51,Victory,11,0,11,88,13,225,1,27,-1,,0,14,0,1457934097
gym-big-split-kill,corridor-hold,52,Victory,6,0,6,48,5,225,1,50,-1,,0,3,0,3309255939
gym-big-split-kill,corridor-hold,53,Defeat,5,0,5,40,10,0,3,100,-1,,0,3,1,498251689
gym-big-split-kill,corridor-hold,54,Victory,8,0,8,64,8,60,0,62,-1,,0,6,0,911187392
gym-big-split-kill,corridor-hold,55,Victory,7,0,7,56,6,200,2,57,-1,,0,7,0,2990920372
gym-big-split-kill,corridor-hold,56,Defeat,5,0,5,40,10,0,3,60,-1,,0,3,1,1616159189
gym-big-split-kill,corridor-hold,57,Victory,7,0,7,56,6,125,0,42,-1,,0,4,0,2465054922
gym-big-split-kill,corridor-hold,58,Victory,7,0,7,56,3,175,0,28,-1,,0,5,0,3484519949
gym-big-split-kill,corridor-hold,59,Defeat,9,0,9,72,9,0,1,55,-1,,0,10,0,1601335011
gym-big-split-kill,corridor-hold,60,Defeat,5,0,5,40,5,0,3,60,7,1:7,0,6,0,876190308
gym-big-split-kill,corridor-hold,61,Defeat,7,0,7,56,10,0,1,71,-1,,0,6,0,3994417039
gym-big-split-kill,corridor-hold,62,Defeat,7,0,7,56,8,0,1,85,-1,,0,5,0,1933377909
gym-big-split-kill,corridor-hold,63,Defeat,7,0,7,56,3,0,1,71,-1,,0,4,0,1351198009
gym-big-split-kill,corridor-hold,64,Defeat,6,0,6,48,10,0,1,83,-1,,0,4,0,1887412899
gym-big-split-kill,corridor-hold,65,Defeat,6,0,6,48,15,0,1,83,-1,,0,4,0,1091517783
gym-big-split-kill,corridor-hold,66,Victory,7,0,7,56,6,125,0,42,-1,,0,5,0,3607211176
gym-big-split-kill,corridor-hold,67,Victory,6,0,6,48,5,250,1,50,-1,,0,3,0,3941186617
gym-big-split-kill,corridor-hold,68,Defeat,5,0,5,40,14,0,3,120,-1,,0,4,1,2741763414
gym-big-split-kill,corridor-hold,69,Defeat,6,0,6,48,6,0,1,83,-1,,0,4,0,3430065083
gym-big-split-kill,corridor-hold,70,Victory,6,0,6,48,10,50,1,66,-1,,0,4,0,2587386039
gym-big-split-kill,corridor-hold,71,Victory,11,0,11,88,14,100,0,45,-1,,0,12,0,1583869969
gym-big-split-kill,corridor-hold,72,Victory,10,0,10,80,3,5,0,60,-1,,0,12,0,99243085
gym-big-split-kill,corridor-hold,73,Defeat,6,0,6,48,5,0,2,83,-1,,0,6,1,104104672
gym-big-split-kill,corridor-hold,74,Defeat,5,0,5,40,3,0,2,80,-1,,0,3,1,430540512
gym-big-split-kill,corridor-hold,75,Defeat,5,0,5,40,3,0,3,80,-1,,0,3,1,3008768295
gym-big-split-kill,corridor-hold,76,Defeat,7,0,7,56,3,0,1,71,-1,,0,5,0,1452724765
gym-big-split-kill,corridor-hold,77,Defeat,7,0,7,56,11,0,1,57,-1,,0,5,0,1375014843
gym-big-split-kill,corridor-hold,78,Defeat,7,0,7,56,13,0,2,85,-1,,0,5,0,1965011971
gym-big-split-kill,corridor-hold,79,Victory,6,0,6,48,7,275,1,33,-1,,0,4,0,3945439135
gym-big-split-kill,corridor-hold,80,Victory,7,0,7,56,3,100,1,57,-1,,0,6,0,2300375724
gym-big-split-kill,corridor-hold,81,Victory,6,0,6,48,4,155,1,66,-1,,0,3,0,2279943093
gym-big-split-kill,corridor-hold,82,Victory,7,0,7,56,5,150,0,42,-1,,0,4,0,1360502086
gym-big-split-kill,corridor-hold,83,Defeat,5,0,5,40,3,0,3,100,7,1:7,0,5,1,2391583785
gym-big-split-kill,corridor-hold,84,Defeat,5,0,5,40,5,0,2,100,-1,,0,3,1,712671088
gym-big-split-kill,corridor-hold,85,Defeat,6,0,6,48,2,0,1,66,-1,,0,4,0,3642396853
gym-big-split-kill,corridor-hold,86,Victory,6,0,6,48,9,175,1,66,-1,,0,3,0,2124871400
gym-big-split-kill,corridor-hold,87,Defeat,7,0,7,56,10,0,1,71,-1,,0,5,0,1047099967
gym-big-split-kill,corridor-hold,88,Defeat,6,0,6,48,5,0,1,66,-1,,0,4,0,1151294356
gym-big-split-kill,corridor-hold,89,Victory,6,0,6,48,3,275,1,33,-1,,0,3,0,3945439135
gym-big-split-kill,corridor-hold,90,Victory,7,0,7,56,5,100,0,42,-1,,0,4,0,2683401152
gym-big-split-kill,corridor-hold,91,Victory,7,0,7,56,11,75,1,57,-1,,0,6,0,3927055778
gym-big-split-kill,corridor-hold,92,Victory,6,0,6,48,7,275,1,33,-1,,0,3,0,3945439135
gym-big-split-kill,corridor-hold,93,Victory,6,0,6,48,3,125,2,66,-1,,0,5,0,4136077861
gym-big-split-kill,corridor-hold,94,Victory,7,0,7,56,5,175,0,28,-1,,0,4,0,3484519949
gym-big-split-kill,corridor-hold,95,Victory,7,0,7,56,5,75,0,71,-1,,0,3,0,4158034612
gym-big-split-kill,corridor-hold,96,Victory,6,0,6,48,5,275,1,33,-1,,0,3,0,3945439135
gym-big-split-kill,corridor-hold,97,Victory,6,0,6,48,15,275,1,33,-1,,0,3,0,3945439135
gym-big-split-kill,corridor-hold,98,Defeat,5,0,5,40,5,0,2,60,7,1:7,0,6,0,31050085
gym-big-split-kill,corridor-hold,99,Defeat,7,0,7,56,13,0,1,71,-1,,0,5,0,1101120135
gym-big-split-kill,corridor-hold,100,Victory,17,0,17,136,21,260,1,17,3,1:3,0,34,0,274715119
gym-big-split-kill,corridor-hold,101,Victory,6,0,6,48,8,100,1,66,-1,,0,4,0,4029377954
gym-big-split-kill,corridor-hold,102,Victory,6,0,6,48,5,275,1,33,-1,,0,4,0,3945439135
gym-big-split-kill,corridor-hold,103,Victory,6,0,6,48,7,275,1,33,-1,,0,3,0,3945439135
gym-big-split-kill,corridor-hold,104,Victory,9,0,9,72,8,165,1,55,-1,,0,10,0,1712930623
gym-big-split-kill,corridor-hold,105,Defeat,6,0,6,48,5,0,2,66,-1,,0,3,0,2587969566
gym-big-split-kill,corridor-hold,106,Defeat,6,0,6,48,3,0,1,83,-1,,0,4,0,3518257989
gym-big-split-kill,corridor-hold,107,Victory,20,0,20,160,25,190,0,35,3,1:3,0,20,0,1963165309
gym-big-split-kill,corridor-hold,108,Defeat,6,0,6,48,4,0,2,83,-1,,0,4,0,1955082866
gym-big-split-kill,corridor-hold,109,Victory,6,0,6,48,9,275,1,33,-1,,0,3,0,3945439135
gym-big-split-kill,corridor-hold,110,Victory,6,0,6,48,3,25,1,83,-1,,0,4,0,892491868
gym-big-split-kill,corridor-hold,111,Defeat,6,0,6,48,14,0,1,83,-1,,0,5,0,2395691478
gym-big-split-kill,corridor-hold,112,Defeat,5,0,5,40,5,0,2,80,-1,,0,3,1,651866623
gym-big-split-kill,corridor-hold,113,Defeat,7,0,7,56,14,0,2,71,-1,,0,6,1,631090260
gym-big-split-kill,corridor-hold,114,Victory,6,0,6,48,4,50,1,83,-1,,0,4,0,3243696630
gym-big-split-kill,corridor-hold,115,Victory,6,0,6,48,10,175,1,50,-1,,0,4,0,3470940049
gym-big-split-kill,corridor-hold,116,Victory,8,0,8,64,7,110,1,50,-1,,0,7,0,3515738172
gym-big-split-kill,corridor-hold,117,Victory,6,0,6,48,5,225,1,50,-1,,0,3,0,3309255939
gym-big-split-kill,corridor-hold,118,Victory,6,0,6,48,4,225,1,50,-1,,0,3,0,804998818
gym-big-split-kill,corridor-hold,119,Victory,14,0,14,112,15,170,0,28,7,1:7,0,13,0,3927434106
gym-big-split-kill,corridor-hold,120,Defeat,7,0,7,56,4,0,1,71,-1,,0,5,0,567505032
gym-big-split-kill,corridor-hold,121,Victory,7,0,7,56,2,75,1,71,-1,,0,5,0,4098285400
gym-big-split-kill,corridor-hold,122,Victory,8,0,8,64,5,55,0,62,-1,,0,6,0,3107909451
gym-big-split-kill,corridor-hold,123,Defeat,8,0,8,64,11,0,1,75,-1,,0,7,0,3113259568
gym-big-split-kill,corridor-hold,124,Defeat,7,0,7,56,3,0,1,71,-1,,0,5,0,5948543
gym-big-split-kill,corridor-hold,125,Victory,6,0,6,48,5,275,1,33,-1,,0,4,0,3945439135
gym-big-split-kill,corridor-hold,126,Defeat,6,0,6,48,11,0,2,100,-1,,0,5,1,701284036
gym-big-split-kill,corridor-hold,127,Defeat,6,0,6,48,8,0,1,66,-1,,0,4,0,2725962326
gym-big-split-kill,corridor-hold,128,Defeat,5,0,5,40,9,0,3,80,-1,,0,3,1,3945122739
gym-big-split-kill,corridor-hold,129,Defeat,7,0,7,56,10,0,1,71,-1,,0,5,0,420615413
gym-big-split-kill,corridor-hold,130,Victory,7,0,7,56,5,175,0,28,-1,,0,4,0,3484519949
gym-big-split-kill,corridor-hold,131,Victory,6,0,6,48,8,275,1,33,-1,,0,3,0,3945439135
gym-big-split-kill,corridor-hold,132,Defeat,7,0,7,56,16,0,2,71,-1,,0,5,0,1632030323
gym-big-split-kill,corridor-hold,133,Victory,6,0,6,48,4,225,1,50,-1,,0,3,0,804998818
gym-big-split-kill,corridor-hold,134,Defeat,7,0,7,56,9,0,1,57,-1,,0,5,0,3853224331
gym-big-split-kill,corridor-hold,135,Defeat,7,0,7,56,15,0,1,57,-1,,0,5,0,959927427
gym-big-split-kill,corridor-hold,136,Defeat,5,0,5,40,5,0,4,80,7,1:7,0,7,1,113312892
gym-big-split-kill,corridor-hold,137,Victory,13,0,13,104,18,5,0,46,3,1:3,0,21,0,4246969450
gym-big-split-kill,corridor-hold,138,Victory,7,0,7,56,5,75,0,57,-1,,0,3,0,4250764685
gym-big-split-kill,corridor-hold,139,Victory,6,0,6,48,7,275,1,33,-1,,0,3,0,3945439135
gym-big-split-kill,corridor-hold,140,Victory,9,0,9,72,12,5,0,44,-1,,0,7,0,4267688049
gym-big-split-kill,corridor-hold,141,Victory,6,0,6,48,5,250,1,50,-1,,0,3,0,3941186617
gym-big-split-kill,corridor-hold,142,Victory,10,0,10,80,9,150,1,60,-1,,0,16,0,3911410552
gym-big-split-kill,corridor-hold,143,Defeat,5,0,5,40,5,0,2,60,7,1:7,0,6,0,31050085
gym-big-split-kill,corridor-hold,144,Victory,11,0,11,88,11,60,0,45,-1,,0,10,0,4018682179
gym-big-split-kill,corridor-hold,145,Victory,10,0,10,80,10,215,0,40,3,1:3,0,7,0,1777111947
gym-big-split-kill,corridor-hold,146,Victory,9,0,9,72,6,30,0,55,-1,,0,5,0,355357625
gym-big-split-kill,corridor-hold,147,Defeat,6,0,6,48,5,0,2,100,-1,,0,4,0,2985401728
gym-big-split-kill,corridor-hold,148,Defeat,6,0,6,48,10,0,1,83,-1,,0,5,0,3518257989
gym-big-split-kill,corridor-hold,149,Victory,7,0,7,56,6,150,0,42,-1,,0,4,0,2540523569
gym-big-split-kill,corridor-hold,150,Defeat,7,0,7,56,4,0,2,85,-1,,0,6,1,2487317406
gym-big-split-kill,corridor-hold,151,Defeat,5,0,5,40,5,0,3,80,-1,,0,2,1,1723815192
gym-big-split-kill,corridor-hold,152,Defeat,7,0,7,56,15,0,1,57,-1,,0,5,0,1042314451
gym-big-split-kill,corridor-hold,153,Defeat,5,0,5,40,10,0,2,80,-1,,0,3,0,1572440800
gym-big-split-kill,corridor-hold,154,Victory,8,0,8,64,3,180,1,87,3,1:3,0,7,0,383956004
gym-big-split-kill,corridor-hold,155,Victory,6,0,6,48,4,225,1,50,-1,,0,3,0,804998818
gym-big-split-kill,corridor-hold,156,Victory,6,0,6,48,7,225,1,50,-1,,0,4,0,2240245650
gym-big-split-kill,corridor-hold,157,Defeat,6,0,6,48,2,0,2,83,-1,,0,4,0,2856460302
gym-big-split-kill,corridor-hold,158,Victory,6,0,6,48,5,275,1,33,-1,,0,3,0,3945439135
gym-big-split-kill,corridor-hold,159,Defeat,6,0,6,48,12,0,2,83,-1,,0,4,0,1715384800
gym-big-split-kill,corridor-hold,160,Victory,6,0,6,48,8,225,1,50,-1,,0,4,0,3169780929
gym-big-split-kill,corridor-hold,161,Victory,7,0,7,56,13,100,0,42,-1,,0,6,0,428532609
gym-big-split-kill,corridor-hold,162,Victory,6,0,6,48,7,250,1,50,-1,,0,2,0,3941186617
gym-big-split-kill,corridor-hold,163,Victory,8,0,8,64,5,75,0,37,-1,,0,5,0,2384682016
gym-big-split-kill,corridor-hold,164,Defeat,6,0,6,48,15,0,2,100,-1,,0,5,1,113473796
gym-big-split-kill,corridor-hold,165,Victory,6,0,6,48,7,275,1,33,-1,,0,3,0,3945439135
gym-big-split-kill,corridor-hold,166,Victory,6,0,6,48,3,125,1,66,-1,,0,4,0,3978848377
gym-big-split-kill,corridor-hold,167,Victory,8,0,8,64,8,100,0,25,-1,,0,6,0,158126709
gym-big-split-kill,corridor-hold,168,Victory,6,0,6,48,7,275,1,33,-1,,0,3,0,3945439135
gym-big-split-kill,corridor-hold,169,Victory,6,0,6,48,7,275,1,33,-1,,0,4,0,3945439135
gym-big-split-kill,corridor-hold,170,Defeat,5,0,5,40,11,0,3,100,7,1:7,0,7,0,3080893077
gym-big-split-kill,corridor-hold,171,Defeat,6,0,6,48,5,0,1,66,-1,,0,4,1,2315934544
gym-big-split-kill,corridor-hold,172,Defeat,5,0,5,40,3,0,2,80,7,1:7,0,6,0,195529789
gym-big-split-kill,corridor-hold,173,Victory,6,0,6,48,4,200,1,66,-1,,0,4,0,2268328927
gym-big-split-kill,corridor-hold,174,Victory,8,0,8,64,5,25,0,62,-1,,0,7,0,4178626023
gym-big-split-kill,corridor-hold,175,Victory,6,0,6,48,3,75,1,83,-1,,0,5,0,2081063597
gym-big-split-kill,corridor-hold,176,Victory,7,0,7,56,5,175,0,28,-1,,0,4,0,3484519949
gym-big-split-kill,corridor-hold,177,Victory,6,0,6,48,5,175,1,50,-1,,0,3,0,3393885742
gym-big-split-kill,corridor-hold,178,Victory,7,0,7,56,5,50,0,42,-1,,0,4,0,2112051191
gym-big-split-kill,corridor-hold,179,Victory,7,0,7,56,4,50,0,57,-1,,0,5,0,4082426672
gym-big-split-kill,corridor-hold,180,Victory,11,0,11,88,12,40,0,45,3,1:3,0,7,0,1096305368
gym-big-split-kill,corridor-hold,181,Victory,6,0,6,48,7,275,1,33,-1,,0,3,0,3945439135
gym-big-split-kill,corridor-hold,182,Victory,6,0,6,48,11,150,1,50,-1,,0,4,0,1183057732
gym-big-split-kill,corridor-hold,183,Defeat,7,0,7,56,15,0,1,57,-1,,0,5,0,959927427
gym-big-split-kill,corridor-hold,184,Victory,6,0,6,48,10,50,1,66,-1,,0,4,0,2587386039
gym-big-split-kill,corridor-hold,185,Victory,6,0,6,48,8,175,1,50,-1,,0,4,0,3470940049
gym-big-split-kill,corridor-hold,186,Victory,13,0,13,104,16,115,0,30,-1,,0,15,0,3673909654
gym-big-split-kill,corridor-hold,187,Victory,6,0,6,48,7,275,1,33,-1,,0,3,0,3945439135
gym-big-split-kill,corridor-hold,188,Victory,6,0,6,48,7,275,1,33,-1,,0,3,0,3945439135
gym-big-split-kill,corridor-hold,189,Victory,6,0,6,48,0,30,2,100,7,1:7,0,7,1,3735973178
gym-big-split-kill,corridor-hold,190,Defeat,6,0,6,48,5,0,2,100,-1,,0,4,0,3133822182
gym-big-split-kill,corridor-hold,191,Victory,6,0,6,48,9,5,1,100,-1,,0,4,0,1430700560
gym-big-split-kill,corridor-hold,192,Victory,7,0,7,56,14,80,1,57,-1,,0,4,0,2066047305
gym-big-split-kill,corridor-hold,193,Victory,6,0,6,48,5,100,1,66,-1,,0,4,0,3796694033
gym-big-split-kill,corridor-hold,194,Defeat,5,0,5,40,3,0,3,80,-1,,0,3,1,76060078
gym-big-split-kill,corridor-hold,195,Defeat,6,0,6,48,12,0,2,66,-1,,0,4,0,190610307
gym-big-split-kill,corridor-hold,196,Victory,5,0,5,40,3,100,2,60,-1,,0,5,1,2003977490
gym-big-split-kill,corridor-hold,197,Defeat,6,0,6,48,6,0,2,83,-1,,0,5,1,4227079544
gym-big-split-kill,corridor-hold,198,Defeat,6,0,6,48,3,0,2,66,-1,,0,3,0,3327717171
gym-big-split-kill,corridor-hold,199,Defeat,5,0,5,40,20,0,2,80,-1,,0,3,1,2967741489
gym-big-split-kill,corridor-hold,200,Victory,6,0,6,48,10,275,1,33,-1,,0,3,0,3945439135
gym-big-split-kill,tpa-order,1,Victory,6,0,6,48,7,225,1,50,-1,,0,3,0,804998818
gym-big-split-kill,tpa-order,2,Victory,6,0,6,48,8,200,1,50,-1,,0,3,0,662541754
gym-big-split-kill,tpa-order,3,Victory,6,0,6,48,5,225,1,50,-1,,0,4,0,3169780929
gym-big-split-kill,tpa-order,4,Victory,7,0,7,56,4,135,1,57,3,1:3,0,6,0,3258357865
gym-big-split-kill,tpa-order,5,Victory,7,0,7,56,15,100,0,42,-1,,0,5,0,1041678498
gym-big-split-kill,tpa-order,6,Victory,6,0,6,48,5,275,1,33,-1,,0,3,0,3945439135
gym-big-split-kill,tpa-order,7,Defeat,7,0,7,56,6,0,1,71,-1,,0,6,0,2932362297
gym-big-split-kill,tpa-order,8,Defeat,5,0,5,40,10,0,2,80,-1,,0,3,1,105231098
gym-big-split-kill,tpa-order,9,Defeat,5,0,5,40,5,0,3,100,-1,,0,5,1,3536355740
gym-big-split-kill,tpa-order,10,Defeat,5,0,5,40,3,0,2,80,-1,,0,3,1,4207327862
gym-big-split-kill,tpa-order,11,Victory,6,0,6,48,7,275,1,33,-1,,0,3,0,3945439135
gym-big-split-kill,tpa-order,12,Victory,6,0,6,48,7,275,1,33,-1,,0,3,0,3945439135
gym-big-split-kill,tpa-order,13,Defeat,6,0,6,48,6,0,2,66,-1,,0,3,0,2587969566
gym-big-split-kill,tpa-order,14,Victory,6,0,6,48,8,250,1,50,-1,,0,3,0,3941186617
gym-big-split-kill,tpa-order,15,Defeat,5,0,5,40,12,0,3,80,-1,,0,3,0,2887469871
gym-big-split-kill,tpa-order,16,Victory,8,0,8,64,3,75,0,50,-1,,0,7,0,3546582158
gym-big-split-kill,tpa-order,17,Victory,6,0,6,48,3,225,1,50,-1,,0,3,0,3169780929
gym-big-split-kill,tpa-order,18,Victory,7,0,7,56,4,80,0,57,-1,,0,4,0,552094918
gym-big-split-kill,tpa-order,19,Defeat,6,0,6,48,5,0,2,83,-1,,0,3,0,3011009040
gym-big-split-kill,tpa-order,20,Victory,6,0,6,48,5,275,1,33,-1,,0,3,0,3945439135
gym-big-split-kill,tpa-order,21,Victory,11,0,11,88,12,165,0,36,-1,,0,8,0,4265318795
gym-big-split-kill,tpa-order,22,Defeat,6,0,6,48,5,0,2,83,7,1:7,0,9,0,3668283347
gym-big-split-kill,tpa-order,23,Victory,6,0,6,48,5,275,1,33,-1,,0,3,0,3945439135
gym-big-split-kill,tpa-order,24,Defeat,5,0,5,40,5,0,3,60,7,1:7,0,6,0,1676041344
gym-big-split-kill,tpa-order,25,Defeat,6,0,6,48,6,0,1,100,-1,,0,4,0,4208634391
gym-big-split-kill,tpa-order,26,Victory,7,0,7,56,4,100,0,42,-1,,0,4,0,746631266
gym-big-split-kill,tpa-order,27,Defeat,14,0,14,112,12,0,1,64,3,1:3,0,22,0,4275762534
gym-big-split-kill,tpa-order,28,Victory,7,0,7,56,2,130,1,57,3,1:3,0,6,0,3564142882
gym-big-split-kill,tpa-order,29,Victory,9,0,9,72,14,160,2,66,-1,,0,11,0,1051731952
gym-big-split-kill,tpa-order,30,Victory,6,0,6,48,7,275,1,33,-1,,0,3,0,3945439135
gym-big-split-kill,tpa-order,31,Defeat,4,0,4,32,4,0,3,75,-1,,0,2,2,272963385
gym-big-split-kill,tpa-order,32,Victory,5,0,5,40,2,5,2,120,-1,,0,4,0,2240323002
gym-big-split-kill,tpa-order,33,Victory,6,0,6,48,10,250,1,33,-1,,0,3,0,3874412733
gym-big-split-kill,tpa-order,34,Defeat,7,0,7,56,10,0,2,57,-1,,0,6,1,1109821667
gym-big-split-kill,tpa-order,35,Victory,5,0,5,40,4,75,1,60,-1,,0,3,1,3543892148
gym-big-split-kill,tpa-order,36,Defeat,7,0,7,56,7,0,1,57,-1,,0,4,0,3977484157
gym-big-split-kill,tpa-order,37,Victory,6,0,6,48,5,205,1,50,-1,,0,3,0,3228176814
gym-big-split-kill,tpa-order,38,Defeat,5,0,5,40,5,0,2,60,7,1:7,0,6,0,31050085
gym-big-split-kill,tpa-order,39,Victory,6,0,6,48,5,125,1,66,-1,,0,4,0,2320945129
gym-big-split-kill,tpa-order,40,Victory,6,0,6,48,5,275,1,33,-1,,0,3,0,3945439135
gym-big-split-kill,tpa-order,41,Victory,6,0,6,48,5,250,1,50,-1,,0,3,0,3941186617
gym-big-split-kill,tpa-order,42,Victory,6,0,6,48,7,275,1,33,-1,,0,3,0,3945439135
gym-big-split-kill,tpa-order,43,Victory,8,0,8,64,4,75,0,37,-1,,0,8,0,3278838287
gym-big-split-kill,tpa-order,44,Victory,6,0,6,48,7,75,1,66,-1,,0,3,0,1823651539
gym-big-split-kill,tpa-order,45,Victory,5,0,5,40,2,75,1,60,-1,,0,3,1,3543892148
gym-big-split-kill,tpa-order,46,Victory,6,0,6,48,10,275,1,33,-1,,0,3,0,3945439135
gym-big-split-kill,tpa-order,47,Victory,6,0,6,48,7,275,1,33,-1,,0,3,0,3945439135
gym-big-split-kill,tpa-order,48,Victory,6,0,6,48,7,275,1,33,-1,,0,3,0,3945439135
gym-big-split-kill,tpa-order,49,Victory,7,0,7,56,9,100,1,57,-1,,0,5,0,3083901233
gym-big-split-kill,tpa-order,50,Victory,6,0,6,48,4,200,1,66,-1,,0,3,0,10908319
gym-big-split-kill,tpa-order,51,Victory,11,0,11,88,13,225,1,27,-1,,0,14,0,1457934097
gym-big-split-kill,tpa-order,52,Victory,6,0,6,48,5,225,1,50,-1,,0,3,0,3309255939
gym-big-split-kill,tpa-order,53,Defeat,5,0,5,40,10,0,3,100,-1,,0,3,1,498251689
gym-big-split-kill,tpa-order,54,Victory,7,0,7,56,8,130,1,71,-1,,0,5,0,2651521011
gym-big-split-kill,tpa-order,55,Victory,7,0,7,56,6,200,2,57,-1,,0,7,0,2990920372
gym-big-split-kill,tpa-order,56,Defeat,5,0,5,40,10,0,3,60,-1,,0,3,1,1616159189
gym-big-split-kill,tpa-order,57,Victory,7,0,7,56,6,125,0,42,-1,,0,4,0,2465054922
gym-big-split-kill,tpa-order,58,Victory,7,0,7,56,3,175,0,28,-1,,0,5,0,3484519949
gym-big-split-kill,tpa-order,59,Defeat,9,0,9,72,9,0,1,55,-1,,0,10,0,1601335011
gym-big-split-kill,tpa-order,60,Defeat,5,0,5,40,5,0,3,60,7,1:7,0,6,0,876190308
gym-big-split-kill,tpa-order,61,Victory,7,0,7,56,10,55,1,71,-1,,0,6,0,4078843126
gym-big-split-kill,tpa-order,62,Defeat,7,0,7,56,8,0,1,85,-1,,0,5,0,1933377909
gym-big-split-kill,tpa-order,63,Defeat,7,0,7,56,3,0,1,71,-1,,0,4,0,1351198009
gym-big-split-kill,tpa-order,64,Defeat,6,0,6,48,10,0,1,83,-1,,0,4,0,1887412899
gym-big-split-kill,tpa-order,65,Defeat,6,0,6,48,15,0,1,83,-1,,0,4,0,1091517783
gym-big-split-kill,tpa-order,66,Victory,7,0,7,56,6,125,0,42,-1,,0,5,0,3607211176
gym-big-split-kill,tpa-order,67,Victory,6,0,6,48,5,250,1,50,-1,,0,3,0,3941186617
gym-big-split-kill,tpa-order,68,Defeat,5,0,5,40,14,0,3,120,-1,,0,4,1,2741763414
gym-big-split-kill,tpa-order,69,Defeat,6,0,6,48,6,0,1,83,-1,,0,4,0,3430065083
gym-big-split-kill,tpa-order,70,Victory,6,0,6,48,10,50,1,66,-1,,0,4,0,2587386039
gym-big-split-kill,tpa-order,71,Victory,11,0,11,88,14,100,0,45,-1,,0,12,0,1583869969
gym-big-split-kill,tpa-order,72,Victory,10,0,10,80,3,5,0,60,-1,,0,12,0,99243085
gym-big-split-kill,tpa-order,73,Defeat,6,0,6,48,5,0,2,83,-1,,0,6,1,104104672
gym-big-split-kill,tpa-order,74,Defeat,5,0,5,40,3,0,2,80,-1,,0,3,1,430540512
gym-big-split-kill,tpa-order,75,Defeat,5,0,5,40,3,0,3,80,-1,,0,3,1,3008768295
gym-big-split-kill,tpa-order,76,Defeat,7,0,7,56,3,0,1,71,-1,,0,5,0,1452724765
gym-big-split-kill,tpa-order,77,Victory,7,0,7,56,11,75,1,57,-1,,0,5,0,2733545326
gym-big-split-kill,tpa-order,78,Defeat,7,0,7,56,13,0,2,85,-1,,0,5,0,1965011971
gym-big-split-kill,tpa-order,79,Victory,6,0,6,48,7,275,1,33,-1,,0,4,0,3945439135
gym-big-split-kill,tpa-order,80,Victory,7,0,7,56,3,100,1,57,-1,,0,6,0,2300375724
gym-big-split-kill,tpa-order,81,Victory,6,0,6,48,4,155,1,66,-1,,0,3,0,2279943093
gym-big-split-kill,tpa-order,82,Victory,7,0,7,56,5,150,0,42,-1,,0,4,0,1360502086
gym-big-split-kill,tpa-order,83,Defeat,5,0,5,40,3,0,3,100,7,1:7,0,5,1,2391583785
gym-big-split-kill,tpa-order,84,Defeat,5,0,5,40,5,0,2,100,-1,,0,3,1,712671088
gym-big-split-kill,tpa-order,85,Defeat,6,0,6,48,2,0,1,66,-1,,0,4,0,3642396853
gym-big-split-kill,tpa-order,86,Victory,6,0,6,48,9,175,1,66,-1,,0,3,0,2124871400
gym-big-split-kill,tpa-order,87,Victory,7,0,7,56,10,55,1,71,-1,,0,5,0,2664714614
gym-big-split-kill,tpa-order,88,Defeat,6,0,6,48,5,0,1,66,-1,,0,4,0,1151294356
gym-big-split-kill,tpa-order,89,Victory,6,0,6,48,3,275,1,33,-1,,0,3,0,3945439135
gym-big-split-kill,tpa-order,90,Victory,7,0,7,56,5,100,0,42,-1,,0,4,0,2683401152
gym-big-split-kill,tpa-order,91,Victory,7,0,7,56,11,75,1,57,-1,,0,6,0,2733545326
gym-big-split-kill,tpa-order,92,Victory,6,0,6,48,7,275,1,33,-1,,0,3,0,3945439135
gym-big-split-kill,tpa-order,93,Victory,6,0,6,48,3,125,2,66,-1,,0,5,0,4136077861
gym-big-split-kill,tpa-order,94,Victory,7,0,7,56,5,175,0,28,-1,,0,4,0,3484519949
gym-big-split-kill,tpa-order,95,Victory,7,0,7,56,5,75,0,71,-1,,0,3,0,4158034612
gym-big-split-kill,tpa-order,96,Victory,6,0,6,48,5,275,1,33,-1,,0,3,0,3945439135
gym-big-split-kill,tpa-order,97,Victory,6,0,6,48,15,275,1,33,-1,,0,3,0,3945439135
gym-big-split-kill,tpa-order,98,Defeat,5,0,5,40,5,0,2,60,7,1:7,0,6,0,31050085
gym-big-split-kill,tpa-order,99,Defeat,7,0,7,56,13,0,1,71,-1,,0,5,0,1101120135
gym-big-split-kill,tpa-order,100,Victory,17,0,17,136,21,260,1,17,3,1:3,0,34,0,274715119
gym-big-split-kill,tpa-order,101,Victory,6,0,6,48,8,100,1,66,-1,,0,4,0,4029377954
gym-big-split-kill,tpa-order,102,Victory,6,0,6,48,5,275,1,33,-1,,0,4,0,3945439135
gym-big-split-kill,tpa-order,103,Victory,6,0,6,48,7,275,1,33,-1,,0,3,0,3945439135
gym-big-split-kill,tpa-order,104,Victory,9,0,9,72,8,165,1,55,-1,,0,10,0,1712930623
gym-big-split-kill,tpa-order,105,Defeat,6,0,6,48,5,0,2,66,-1,,0,3,0,2587969566
gym-big-split-kill,tpa-order,106,Defeat,6,0,6,48,3,0,1,83,-1,,0,4,0,3518257989
gym-big-split-kill,tpa-order,107,Victory,20,0,20,160,25,190,0,35,3,1:3,0,20,0,1963165309
gym-big-split-kill,tpa-order,108,Defeat,6,0,6,48,4,0,2,83,-1,,0,4,0,1955082866
gym-big-split-kill,tpa-order,109,Victory,6,0,6,48,9,275,1,33,-1,,0,3,0,3945439135
gym-big-split-kill,tpa-order,110,Victory,6,0,6,48,3,25,1,83,-1,,0,4,0,892491868
gym-big-split-kill,tpa-order,111,Defeat,6,0,6,48,14,0,1,83,-1,,0,5,0,2395691478
gym-big-split-kill,tpa-order,112,Defeat,5,0,5,40,5,0,2,80,-1,,0,3,1,651866623
gym-big-split-kill,tpa-order,113,Defeat,7,0,7,56,14,0,2,71,-1,,0,6,1,631090260
gym-big-split-kill,tpa-order,114,Victory,6,0,6,48,4,50,1,83,-1,,0,4,0,3243696630
gym-big-split-kill,tpa-order,115,Victory,6,0,6,48,10,175,1,50,-1,,0,4,0,3470940049
gym-big-split-kill,tpa-order,116,Victory,8,0,8,64,7,110,1,50,-1,,0,7,0,3515738172
gym-big-split-kill,tpa-order,117,Victory,6,0,6,48,5,225,1,50,-1,,0,3,0,3309255939
gym-big-split-kill,tpa-order,118,Victory,6,0,6,48,4,225,1,50,-1,,0,3,0,804998818
gym-big-split-kill,tpa-order,119,Victory,14,0,14,112,15,170,0,28,7,1:7,0,13,0,3927434106
gym-big-split-kill,tpa-order,120,Defeat,7,0,7,56,4,0,1,71,-1,,0,5,0,567505032
gym-big-split-kill,tpa-order,121,Victory,7,0,7,56,2,75,1,71,-1,,0,5,0,4098285400
gym-big-split-kill,tpa-order,122,Victory,8,0,8,64,5,55,0,62,-1,,0,6,0,3107909451
gym-big-split-kill,tpa-order,123,Victory,8,0,8,64,11,5,1,75,-1,,0,7,0,228248719
gym-big-split-kill,tpa-order,124,Victory,7,0,7,56,3,75,1,71,-1,,0,5,0,1683694875
gym-big-split-kill,tpa-order,125,Victory,6,0,6,48,5,275,1,33,-1,,0,4,0,3945439135
gym-big-split-kill,tpa-order,126,Defeat,6,0,6,48,11,0,2,100,-1,,0,5,1,701284036
gym-big-split-kill,tpa-order,127,Defeat,6,0,6,48,8,0,1,66,-1,,0,4,0,2725962326
gym-big-split-kill,tpa-order,128,Defeat,5,0,5,40,9,0,3,80,-1,,0,3,1,3945122739
gym-big-split-kill,tpa-order,129,Defeat,7,0,7,56,10,0,1,71,-1,,0,5,0,420615413
gym-big-split-kill,tpa-order,130,Victory,7,0,7,56,5,175,0,28,-1,,0,4,0,3484519949
gym-big-split-kill,tpa-order,131,Victory,6,0,6,48,8,275,1,33,-1,,0,3,0,3945439135
gym-big-split-kill,tpa-order,132,Defeat,7,0,7,56,16,0,2,71,-1,,0,5,0,1632030323
gym-big-split-kill,tpa-order,133,Victory,6,0,6,48,4,225,1,50,-1,,0,3,0,804998818
gym-big-split-kill,tpa-order,134,Victory,7,0,7,56,9,75,1,57,-1,,0,5,0,2733545326
gym-big-split-kill,tpa-order,135,Defeat,7,0,7,56,15,0,1,57,-1,,0,5,0,959927427
gym-big-split-kill,tpa-order,136,Defeat,6,0,6,48,5,0,3,116,7,1:7,0,9,0,1623504239
gym-big-split-kill,tpa-order,137,Victory,13,0,13,104,18,5,0,46,3,1:3,0,21,0,4246969450
gym-big-split-kill,tpa-order,138,Victory,7,0,7,56,5,75,0,57,-1,,0,3,0,4250764685
gym-big-split-kill,tpa-order,139,Victory,6,0,6,48,7,275,1,33,-1,,0,3,0,3945439135
gym-big-split-kill,tpa-order,140,Victory,9,0,9,72,12,5,0,44,-1,,0,7,0,4267688049
gym-big-split-kill,tpa-order,141,Victory,6,0,6,48,5,250,1,50,-1,,0,3,0,3941186617
gym-big-split-kill,tpa-order,142,Victory,10,0,10,80,9,150,1,60,-1,,0,16,0,3911410552
gym-big-split-kill,tpa-order,143,Defeat,5,0,5,40,5,0,2,60,7,1:7,0,6,0,31050085
gym-big-split-kill,tpa-order,144,Victory,11,0,11,88,11,60,0,45,-1,,0,10,0,4018682179
gym-big-split-kill,tpa-order,145,Victory,10,0,10,80,10,215,0,40,3,1:3,0,7,0,1777111947
gym-big-split-kill,tpa-order,146,Victory,9,0,9,72,6,30,0,55,-1,,0,5,0,355357625
gym-big-split-kill,tpa-order,147,Victory,6,0,6,48,5,30,1,83,-1,,0,4,0,2788913315
gym-big-split-kill,tpa-order,148,Defeat,6,0,6,48,10,0,1,83,-1,,0,5,0,3518257989
gym-big-split-kill,tpa-order,149,Victory,7,0,7,56,6,150,0,42,-1,,0,4,0,2540523569
gym-big-split-kill,tpa-order,150,Defeat,7,0,7,56,4,0,2,85,-1,,0,6,1,4201499793
gym-big-split-kill,tpa-order,151,Defeat,5,0,5,40,5,0,3,80,-1,,0,2,1,1723815192
gym-big-split-kill,tpa-order,152,Defeat,7,0,7,56,15,0,1,57,-1,,0,5,0,1042314451
gym-big-split-kill,tpa-order,153,Defeat,5,0,5,40,10,0,2,80,-1,,0,3,0,1572440800
gym-big-split-kill,tpa-order,154,Victory,8,0,8,64,3,180,1,87,3,1:3,0,7,0,383956004
gym-big-split-kill,tpa-order,155,Victory,6,0,6,48,4,225,1,50,-1,,0,3,0,804998818
gym-big-split-kill,tpa-order,156,Victory,6,0,6,48,7,225,1,50,-1,,0,4,0,2240245650
gym-big-split-kill,tpa-order,157,Defeat,6,0,6,48,2,0,2,83,-1,,0,4,0,2856460302
gym-big-split-kill,tpa-order,158,Victory,6,0,6,48,5,275,1,33,-1,,0,3,0,3945439135
gym-big-split-kill,tpa-order,159,Defeat,6,0,6,48,12,0,2,83,-1,,0,4,0,1715384800
gym-big-split-kill,tpa-order,160,Victory,6,0,6,48,8,225,1,50,-1,,0,4,0,3169780929
gym-big-split-kill,tpa-order,161,Victory,7,0,7,56,13,100,0,42,-1,,0,6,0,428532609
gym-big-split-kill,tpa-order,162,Victory,6,0,6,48,7,250,1,50,-1,,0,2,0,3941186617
gym-big-split-kill,tpa-order,163,Victory,8,0,8,64,5,75,0,37,-1,,0,5,0,2384682016
gym-big-split-kill,tpa-order,164,Defeat,6,0,6,48,15,0,2,100,-1,,0,5,1,113473796
gym-big-split-kill,tpa-order,165,Victory,6,0,6,48,7,275,1,33,-1,,0,3,0,3945439135
gym-big-split-kill,tpa-order,166,Victory,6,0,6,48,3,125,1,66,-1,,0,4,0,3978848377
gym-big-split-kill,tpa-order,167,Victory,8,0,8,64,8,100,0,25,-1,,0,6,0,158126709
gym-big-split-kill,tpa-order,168,Victory,6,0,6,48,7,275,1,33,-1,,0,3,0,3945439135
gym-big-split-kill,tpa-order,169,Victory,6,0,6,48,7,275,1,33,-1,,0,4,0,3945439135
gym-big-split-kill,tpa-order,170,Defeat,5,0,5,40,11,0,3,100,7,1:7,0,7,0,3080893077
gym-big-split-kill,tpa-order,171,Defeat,6,0,6,48,5,0,1,66,-1,,0,4,1,2315934544
gym-big-split-kill,tpa-order,172,Defeat,5,0,5,40,3,0,2,80,7,1:7,0,6,0,195529789
gym-big-split-kill,tpa-order,173,Victory,6,0,6,48,4,200,1,66,-1,,0,4,0,2268328927
gym-big-split-kill,tpa-order,174,Victory,7,0,7,56,5,125,1,71,-1,,0,6,0,3310635468
gym-big-split-kill,tpa-order,175,Victory,6,0,6,48,3,75,1,83,-1,,0,5,0,2081063597
gym-big-split-kill,tpa-order,176,Victory,7,0,7,56,5,175,0,28,-1,,0,4,0,3484519949
gym-big-split-kill,tpa-order,177,Victory,6,0,6,48,5,175,1,50,-1,,0,3,0,3393885742
gym-big-split-kill,tpa-order,178,Victory,7,0,7,56,5,50,0,42,-1,,0,4,0,2112051191
gym-big-split-kill,tpa-order,179,Victory,7,0,7,56,4,50,0,57,-1,,0,5,0,4082426672
gym-big-split-kill,tpa-order,180,Defeat,5,0,5,40,4,0,2,100,-1,,0,2,1,1302228008
gym-big-split-kill,tpa-order,181,Victory,6,0,6,48,7,275,1,33,-1,,0,3,0,3945439135
gym-big-split-kill,tpa-order,182,Victory,6,0,6,48,11,150,1,50,-1,,0,4,0,1183057732
gym-big-split-kill,tpa-order,183,Defeat,7,0,7,56,15,0,1,57,-1,,0,5,0,959927427
gym-big-split-kill,tpa-order,184,Victory,6,0,6,48,10,50,1,66,-1,,0,4,0,2587386039
gym-big-split-kill,tpa-order,185,Victory,6,0,6,48,8,175,1,50,-1,,0,4,0,3470940049
gym-big-split-kill,tpa-order,186,Victory,13,0,13,104,16,115,0,30,-1,,0,15,0,3673909654
gym-big-split-kill,tpa-order,187,Victory,6,0,6,48,7,275,1,33,-1,,0,3,0,3945439135
gym-big-split-kill,tpa-order,188,Victory,6,0,6,48,7,275,1,33,-1,,0,3,0,3945439135
gym-big-split-kill,tpa-order,189,Victory,6,0,6,48,0,30,2,100,7,1:7,0,7,1,3735973178
gym-big-split-kill,tpa-order,190,Defeat,6,0,6,48,5,0,2,100,-1,,0,4,0,3133822182
gym-big-split-kill,tpa-order,191,Victory,6,0,6,48,9,5,1,100,-1,,0,4,0,1430700560
gym-big-split-kill,tpa-order,192,Victory,7,0,7,56,14,80,1,57,-1,,0,4,0,2066047305
gym-big-split-kill,tpa-order,193,Victory,6,0,6,48,5,100,1,66,-1,,0,4,0,3796694033
gym-big-split-kill,tpa-order,194,Defeat,6,0,6,48,3,0,1,83,-1,,0,4,0,61336117
gym-big-split-kill,tpa-order,195,Defeat,6,0,6,48,12,0,2,66,-1,,0,4,0,190610307
gym-big-split-kill,tpa-order,196,Victory,5,0,5,40,3,100,2,60,-1,,0,5,1,2003977490
gym-big-split-kill,tpa-order,197,Defeat,6,0,6,48,6,0,2,83,-1,,0,5,1,4227079544
gym-big-split-kill,tpa-order,198,Victory,6,0,6,48,3,150,1,50,-1,,0,3,0,2249300897
gym-big-split-kill,tpa-order,199,Defeat,5,0,5,40,20,0,2,80,-1,,0,3,1,2967741489
gym-big-split-kill,tpa-order,200,Victory,6,0,6,48,10,275,1,33,-1,,0,3,0,3945439135
gym-big-split-kill,decapitate,1,Victory,6,0,6,48,7,225,1,50,-1,,0,3,0,804998818
gym-big-split-kill,decapitate,2,Victory,6,0,6,48,8,200,1,50,-1,,0,3,0,662541754
gym-big-split-kill,decapitate,3,Victory,6,0,6,48,5,225,1,50,-1,,0,4,0,3169780929
gym-big-split-kill,decapitate,4,Victory,7,0,7,56,4,135,1,57,3,1:3,0,6,0,3258357865
gym-big-split-kill,decapitate,5,Victory,7,0,7,56,15,100,0,42,-1,,0,5,0,1041678498
gym-big-split-kill,decapitate,6,Victory,6,0,6,48,5,275,1,33,-1,,0,3,0,3945439135
gym-big-split-kill,decapitate,7,Victory,7,0,7,56,6,5,1,71,-1,,0,6,0,3567736091
gym-big-split-kill,decapitate,8,Defeat,5,0,5,40,10,0,2,80,-1,,0,3,1,105231098
gym-big-split-kill,decapitate,9,Victory,5,0,5,40,5,50,3,120,-1,,0,5,1,1968582495
gym-big-split-kill,decapitate,10,Victory,27,0,27,216,35,115,0,25,3,1:3,0,26,0,1354035256
gym-big-split-kill,decapitate,11,Victory,6,0,6,48,7,275,1,33,-1,,0,3,0,3945439135
gym-big-split-kill,decapitate,12,Victory,6,0,6,48,7,275,1,33,-1,,0,3,0,3945439135
gym-big-split-kill,decapitate,13,Defeat,6,0,6,48,6,0,2,66,-1,,0,3,0,2587969566
gym-big-split-kill,decapitate,14,Victory,6,0,6,48,8,250,1,50,-1,,0,3,0,3941186617
gym-big-split-kill,decapitate,15,Defeat,5,0,5,40,12,0,3,80,-1,,0,3,0,2887469871
gym-big-split-kill,decapitate,16,Victory,8,0,8,64,3,75,0,50,-1,,0,7,0,3546582158
gym-big-split-kill,decapitate,17,Victory,6,0,6,48,3,225,1,50,-1,,0,3,0,3169780929
gym-big-split-kill,decapitate,18,Defeat,6,0,6,48,4,0,2,83,-1,,0,3,0,2467073045
gym-big-split-kill,decapitate,19,Defeat,6,0,6,48,5,0,2,83,-1,,0,3,0,3011009040
gym-big-split-kill,decapitate,20,Victory,6,0,6,48,5,275,1,33,-1,,0,3,0,3945439135
gym-big-split-kill,decapitate,21,Victory,6,0,6,48,5,225,1,50,-1,,0,3,0,1759728161
gym-big-split-kill,decapitate,22,Victory,6,0,6,48,5,30,2,83,7,1:7,0,9,0,76977400
gym-big-split-kill,decapitate,23,Victory,6,0,6,48,5,275,1,33,-1,,0,3,0,3945439135
gym-big-split-kill,decapitate,24,Defeat,5,0,5,40,5,0,3,60,7,1:7,0,6,0,1676041344
gym-big-split-kill,decapitate,25,Defeat,6,0,6,48,6,0,2,116,-1,,0,4,0,3364324988
gym-big-split-kill,decapitate,26,Victory,7,0,7,56,4,100,0,42,-1,,0,4,0,746631266
gym-big-split-kill,decapitate,27,Victory,14,0,14,112,12,65,1,64,3,1:3,0,22,0,2227014935
gym-big-split-kill,decapitate,28,Victory,7,0,7,56,2,130,1,57,3,1:3,0,6,0,3564142882
gym-big-split-kill,decapitate,29,Victory,9,0,9,72,14,160,2,66,-1,,0,11,0,1051731952
gym-big-split-kill,decapitate,30,Victory,6,0,6,48,7,275,1,33,-1,,0,3,0,3945439135
gym-big-split-kill,decapitate,31,Defeat,4,0,4,32,4,0,3,75,-1,,0,2,2,272963385
gym-big-split-kill,decapitate,32,Defeat,4,0,4,32,2,0,4,150,-1,,0,2,1,2660704101
gym-big-split-kill,decapitate,33,Victory,6,0,6,48,10,250,1,33,-1,,0,3,0,3874412733
gym-big-split-kill,decapitate,34,Defeat,7,0,7,56,10,0,2,57,-1,,0,6,1,1109821667
gym-big-split-kill,decapitate,35,Victory,5,0,5,40,4,75,1,60,-1,,0,3,1,3543892148
gym-big-split-kill,decapitate,36,Defeat,7,0,7,56,7,0,1,57,-1,,0,4,0,3977484157
gym-big-split-kill,decapitate,37,Victory,6,0,6,48,5,205,1,50,-1,,0,3,0,3228176814
gym-big-split-kill,decapitate,38,Defeat,5,0,5,40,5,0,2,60,7,1:7,0,6,0,31050085
gym-big-split-kill,decapitate,39,Victory,6,0,6,48,5,125,1,66,-1,,0,4,0,2320945129
gym-big-split-kill,decapitate,40,Victory,6,0,6,48,5,275,1,33,-1,,0,3,0,3945439135
gym-big-split-kill,decapitate,41,Victory,6,0,6,48,5,250,1,50,-1,,0,3,0,3941186617
gym-big-split-kill,decapitate,42,Victory,6,0,6,48,7,275,1,33,-1,,0,3,0,3945439135
gym-big-split-kill,decapitate,43,Victory,8,0,8,64,4,75,0,37,-1,,0,8,0,3278838287
gym-big-split-kill,decapitate,44,Victory,6,0,6,48,7,75,1,66,-1,,0,3,0,1823651539
gym-big-split-kill,decapitate,45,Victory,5,0,5,40,2,75,1,60,-1,,0,3,1,3543892148
gym-big-split-kill,decapitate,46,Victory,6,0,6,48,10,275,1,33,-1,,0,3,0,3945439135
gym-big-split-kill,decapitate,47,Victory,6,0,6,48,7,275,1,33,-1,,0,3,0,3945439135
gym-big-split-kill,decapitate,48,Victory,6,0,6,48,7,275,1,33,-1,,0,3,0,3945439135
gym-big-split-kill,decapitate,49,Victory,7,0,7,56,9,100,1,57,-1,,0,5,0,3083901233
gym-big-split-kill,decapitate,50,Victory,6,0,6,48,4,200,1,66,-1,,0,3,0,10908319
gym-big-split-kill,decapitate,51,Victory,11,0,11,88,13,225,1,27,-1,,0,14,0,1457934097
gym-big-split-kill,decapitate,52,Victory,6,0,6,48,5,225,1,50,-1,,0,3,0,3309255939
gym-big-split-kill,decapitate,53,Defeat,5,0,5,40,10,0,3,100,-1,,0,3,1,498251689
gym-big-split-kill,decapitate,54,Victory,7,0,7,56,8,130,1,71,-1,,0,5,0,2651521011
gym-big-split-kill,decapitate,55,Victory,7,0,7,56,6,200,2,57,-1,,0,7,0,2990920372
gym-big-split-kill,decapitate,56,Defeat,5,0,5,40,10,0,3,60,-1,,0,3,1,1616159189
gym-big-split-kill,decapitate,57,Victory,7,0,7,56,6,125,0,42,-1,,0,4,0,2465054922
gym-big-split-kill,decapitate,58,Victory,7,0,7,56,3,175,0,28,-1,,0,5,0,3484519949
gym-big-split-kill,decapitate,59,Defeat,9,0,9,72,9,0,1,55,-1,,0,10,0,1601335011
gym-big-split-kill,decapitate,60,Defeat,5,0,5,40,5,0,3,60,7,1:7,0,6,0,876190308
gym-big-split-kill,decapitate,61,Victory,7,0,7,56,10,55,1,71,-1,,0,6,0,4078843126
gym-big-split-kill,decapitate,62,Victory,7,0,7,56,8,30,1,85,-1,,0,5,0,2638604765
gym-big-split-kill,decapitate,63,Defeat,7,0,7,56,3,0,1,71,-1,,0,4,0,1351198009
gym-big-split-kill,decapitate,64,Victory,6,0,6,48,10,100,1,83,-1,,0,4,0,3643128199
gym-big-split-kill,decapitate,65,Victory,6,0,6,48,15,50,1,83,-1,,0,4,0,1874971233
gym-big-split-kill,decapitate,66,Victory,7,0,7,56,6,125,0,42,-1,,0,5,0,3607211176
gym-big-split-kill,decapitate,67,Victory,6,0,6,48,5,250,1,50,-1,,0,3,0,3941186617
gym-big-split-kill,decapitate,68,Defeat,5,0,5,40,14,0,3,120,-1,,0,4,1,2741763414
gym-big-split-kill,decapitate,69,Defeat,6,0,6,48,6,0,1,83,-1,,0,4,0,3430065083
gym-big-split-kill,decapitate,70,Victory,6,0,6,48,10,50,1,66,-1,,0,4,0,2587386039
gym-big-split-kill,decapitate,71,Victory,11,0,11,88,14,100,0,45,-1,,0,12,0,1583869969
gym-big-split-kill,decapitate,72,Victory,10,0,10,80,3,5,0,60,-1,,0,12,0,99243085
gym-big-split-kill,decapitate,73,Defeat,6,0,6,48,5,0,2,83,-1,,0,6,1,104104672
gym-big-split-kill,decapitate,74,Defeat,5,0,5,40,3,0,2,80,-1,,0,3,1,430540512
gym-big-split-kill,decapitate,75,Defeat,5,0,5,40,3,0,3,80,-1,,0,3,1,3008768295
gym-big-split-kill,decapitate,76,Defeat,7,0,7,56,3,0,1,71,-1,,0,5,0,1452724765
gym-big-split-kill,decapitate,77,Victory,7,0,7,56,11,75,1,57,-1,,0,5,0,2733545326
gym-big-split-kill,decapitate,78,Defeat,7,0,7,56,13,0,2,85,-1,,0,5,0,1965011971
gym-big-split-kill,decapitate,79,Victory,6,0,6,48,7,275,1,33,-1,,0,4,0,3945439135
gym-big-split-kill,decapitate,80,Victory,7,0,7,56,3,100,1,57,-1,,0,6,0,2300375724
gym-big-split-kill,decapitate,81,Victory,6,0,6,48,4,155,1,66,-1,,0,3,0,2279943093
gym-big-split-kill,decapitate,82,Victory,6,0,6,48,5,200,1,50,-1,,0,3,0,3113729734
gym-big-split-kill,decapitate,83,Defeat,5,0,5,40,3,0,3,100,7,1:7,0,5,1,2391583785
gym-big-split-kill,decapitate,84,Defeat,5,0,5,40,5,0,2,100,-1,,0,3,1,712671088
gym-big-split-kill,decapitate,85,Defeat,6,0,6,48,2,0,1,66,-1,,0,4,0,3642396853
gym-big-split-kill,decapitate,86,Victory,6,0,6,48,9,175,1,66,-1,,0,3,0,2124871400
gym-big-split-kill,decapitate,87,Victory,7,0,7,56,10,55,1,71,-1,,0,5,0,2664714614
gym-big-split-kill,decapitate,88,Defeat,6,0,6,48,5,0,1,66,-1,,0,4,0,1151294356
gym-big-split-kill,decapitate,89,Victory,6,0,6,48,3,275,1,33,-1,,0,3,0,3945439135
gym-big-split-kill,decapitate,90,Victory,7,0,7,56,5,100,0,42,-1,,0,4,0,2683401152
gym-big-split-kill,decapitate,91,Victory,7,0,7,56,11,75,1,57,-1,,0,6,0,2733545326
gym-big-split-kill,decapitate,92,Victory,6,0,6,48,7,275,1,33,-1,,0,3,0,3945439135
gym-big-split-kill,decapitate,93,Victory,6,0,6,48,3,125,2,66,-1,,0,5,0,4136077861
gym-big-split-kill,decapitate,94,Victory,7,0,7,56,5,175,0,28,-1,,0,4,0,3484519949
gym-big-split-kill,decapitate,95,Victory,7,0,7,56,5,75,0,71,-1,,0,3,0,4158034612
gym-big-split-kill,decapitate,96,Victory,6,0,6,48,5,275,1,33,-1,,0,3,0,3945439135
gym-big-split-kill,decapitate,97,Victory,6,0,6,48,15,275,1,33,-1,,0,3,0,3945439135
gym-big-split-kill,decapitate,98,Defeat,5,0,5,40,5,0,2,60,7,1:7,0,6,0,31050085
gym-big-split-kill,decapitate,99,Victory,7,0,7,56,13,55,1,71,-1,,0,5,0,852145778
gym-big-split-kill,decapitate,100,Victory,17,0,17,136,21,260,1,17,3,1:3,0,34,0,274715119
gym-big-split-kill,decapitate,101,Victory,6,0,6,48,8,100,1,66,-1,,0,4,0,4029377954
gym-big-split-kill,decapitate,102,Victory,6,0,6,48,5,275,1,33,-1,,0,4,0,3945439135
gym-big-split-kill,decapitate,103,Victory,6,0,6,48,7,275,1,33,-1,,0,3,0,3945439135
gym-big-split-kill,decapitate,104,Victory,9,0,9,72,8,165,1,55,-1,,0,10,0,1712930623
gym-big-split-kill,decapitate,105,Defeat,6,0,6,48,5,0,2,66,-1,,0,3,0,2587969566
gym-big-split-kill,decapitate,106,Victory,6,0,6,48,3,50,1,83,-1,,0,4,0,2264682595
gym-big-split-kill,decapitate,107,Victory,20,0,20,160,25,190,0,35,3,1:3,0,20,0,1963165309
gym-big-split-kill,decapitate,108,Defeat,6,0,6,48,4,0,2,83,-1,,0,4,0,1955082866
gym-big-split-kill,decapitate,109,Victory,6,0,6,48,9,275,1,33,-1,,0,3,0,3945439135
gym-big-split-kill,decapitate,110,Victory,6,0,6,48,3,25,1,83,-1,,0,4,0,892491868
gym-big-split-kill,decapitate,111,Defeat,6,0,6,48,14,0,1,83,-1,,0,5,0,2395691478
gym-big-split-kill,decapitate,112,Defeat,5,0,5,40,5,0,2,80,-1,,0,3,1,651866623
gym-big-split-kill,decapitate,113,Victory,7,0,7,56,14,60,2,71,-1,,0,6,1,4096362378
gym-big-split-kill,decapitate,114,Victory,6,0,6,48,4,50,1,83,-1,,0,4,0,3243696630
gym-big-split-kill,decapitate,115,Victory,6,0,6,48,10,175,1,50,-1,,0,4,0,3470940049
gym-big-split-kill,decapitate,116,Victory,8,0,8,64,7,110,1,50,-1,,0,7,0,3515738172
gym-big-split-kill,decapitate,117,Victory,6,0,6,48,5,225,1,50,-1,,0,3,0,3309255939
gym-big-split-kill,decapitate,118,Victory,6,0,6,48,4,225,1,50,-1,,0,3,0,804998818
gym-big-split-kill,decapitate,119,Victory,14,0,14,112,15,170,0,28,7,1:7,0,13,0,3927434106
gym-big-split-kill,decapitate,120,Victory,7,0,7,56,4,50,1,71,-1,,0,5,0,3726393742
gym-big-split-kill,decapitate,121,Victory,7,0,7,56,2,75,1,71,-1,,0,5,0,4098285400
gym-big-split-kill,decapitate,122,Victory,7,0,7,56,5,155,1,71,-1,,0,5,0,1139153685
gym-big-split-kill,decapitate,123,Victory,8,0,8,64,11,5,1,75,-1,,0,7,0,228248719
gym-big-split-kill,decapitate,124,Victory,7,0,7,56,3,75,1,71,-1,,0,5,0,1683694875
gym-big-split-kill,decapitate,125,Victory,6,0,6,48,5,275,1,33,-1,,0,4,0,3945439135
gym-big-split-kill,decapitate,126,Defeat,6,0,6,48,11,0,2,100,-1,,0,5,1,701284036
gym-big-split-kill,decapitate,127,Defeat,6,0,6,48,8,0,1,66,-1,,0,4,0,2725962326
gym-big-split-kill,decapitate,128,Defeat,5,0,5,40,9,0,3,80,-1,,0,3,1,3945122739
gym-big-split-kill,decapitate,129,Victory,7,0,7,56,10,55,1,71,-1,,0,5,0,2722689344
gym-big-split-kill,decapitate,130,Victory,7,0,7,56,5,175,0,28,-1,,0,4,0,3484519949
gym-big-split-kill,decapitate,131,Victory,6,0,6,48,8,275,1,33,-1,,0,3,0,3945439135
gym-big-split-kill,decapitate,132,Defeat,7,0,7,56,16,0,2,71,-1,,0,5,0,1039375011
gym-big-split-kill,decapitate,133,Victory,6,0,6,48,4,225,1,50,-1,,0,3,0,804998818
gym-big-split-kill,decapitate,134,Victory,7,0,7,56,9,75,1,57,-1,,0,5,0,2733545326
gym-big-split-kill,decapitate,135,Victory,7,0,7,56,15,75,1,57,-1,,0,5,0,1120920298
gym-big-split-kill,decapitate,136,Defeat,5,0,5,40,5,0,4,80,7,1:7,0,7,1,113312892
gym-big-split-kill,decapitate,137,Victory,13,0,13,104,18,5,0,46,3,1:3,0,21,0,4246969450
gym-big-split-kill,decapitate,138,Victory,7,0,7,56,5,75,0,57,-1,,0,3,0,4250764685
gym-big-split-kill,decapitate,139,Victory,6,0,6,48,7,275,1,33,-1,,0,3,0,3945439135
gym-big-split-kill,decapitate,140,Victory,9,0,9,72,12,5,0,44,-1,,0,7,0,4267688049
gym-big-split-kill,decapitate,141,Victory,6,0,6,48,5,250,1,50,-1,,0,3,0,3941186617
gym-big-split-kill,decapitate,142,Victory,10,0,10,80,9,150,1,60,-1,,0,16,0,3911410552
gym-big-split-kill,decapitate,143,Defeat,5,0,5,40,5,0,2,60,7,1:7,0,6,0,31050085
gym-big-split-kill,decapitate,144,Victory,11,0,11,88,11,60,0,45,-1,,0,10,0,4018682179
gym-big-split-kill,decapitate,145,Victory,10,0,10,80,10,215,0,40,3,1:3,0,7,0,1777111947
gym-big-split-kill,decapitate,146,Victory,9,0,9,72,6,30,0,55,-1,,0,5,0,355357625
gym-big-split-kill,decapitate,147,Victory,6,0,6,48,5,30,1,83,-1,,0,4,0,2788913315
gym-big-split-kill,decapitate,148,Victory,6,0,6,48,10,50,1,83,-1,,0,5,0,2264682595
gym-big-split-kill,decapitate,149,Victory,7,0,7,56,6,150,0,42,-1,,0,4,0,2540523569
gym-big-split-kill,decapitate,150,Defeat,7,0,7,56,4,0,2,85,-1,,0,6,1,2487317406
gym-big-split-kill,decapitate,151,Defeat,5,0,5,40,5,0,3,80,-1,,0,2,1,1723815192
gym-big-split-kill,decapitate,152,Victory,7,0,7,56,15,75,1,57,-1,,0,5,0,4249029547
gym-big-split-kill,decapitate,153,Defeat,5,0,5,40,10,0,2,80,-1,,0,3,0,1572440800
gym-big-split-kill,decapitate,154,Victory,8,0,8,64,3,180,1,87,3,1:3,0,7,0,383956004
gym-big-split-kill,decapitate,155,Victory,6,0,6,48,4,225,1,50,-1,,0,3,0,804998818
gym-big-split-kill,decapitate,156,Victory,6,0,6,48,7,225,1,50,-1,,0,4,0,2240245650
gym-big-split-kill,decapitate,157,Defeat,6,0,6,48,2,0,2,83,-1,,0,4,0,2856460302
gym-big-split-kill,decapitate,158,Victory,6,0,6,48,5,275,1,33,-1,,0,3,0,3945439135
gym-big-split-kill,decapitate,159,Defeat,6,0,6,48,12,0,2,83,-1,,0,4,0,2894527600
gym-big-split-kill,decapitate,160,Victory,6,0,6,48,8,225,1,50,-1,,0,4,0,3169780929
gym-big-split-kill,decapitate,161,Victory,7,0,7,56,13,100,0,42,-1,,0,6,0,428532609
gym-big-split-kill,decapitate,162,Victory,6,0,6,48,7,250,1,50,-1,,0,2,0,3941186617
gym-big-split-kill,decapitate,163,Victory,8,0,8,64,5,75,0,37,-1,,0,5,0,2384682016
gym-big-split-kill,decapitate,164,Defeat,6,0,6,48,15,0,2,100,-1,,0,5,1,2340694964
gym-big-split-kill,decapitate,165,Victory,6,0,6,48,7,275,1,33,-1,,0,3,0,3945439135
gym-big-split-kill,decapitate,166,Victory,6,0,6,48,3,125,1,66,-1,,0,4,0,3978848377
gym-big-split-kill,decapitate,167,Victory,8,0,8,64,8,100,0,25,-1,,0,6,0,158126709
gym-big-split-kill,decapitate,168,Victory,6,0,6,48,7,275,1,33,-1,,0,3,0,3945439135
gym-big-split-kill,decapitate,169,Victory,6,0,6,48,7,275,1,33,-1,,0,4,0,3945439135
gym-big-split-kill,decapitate,170,Defeat,5,0,5,40,11,0,3,100,7,1:7,0,7,0,3080893077
gym-big-split-kill,decapitate,171,Defeat,6,0,6,48,5,0,1,66,-1,,0,4,1,2315934544
gym-big-split-kill,decapitate,172,Victory,5,0,5,40,3,150,2,80,7,1:7,0,6,0,3854321172
gym-big-split-kill,decapitate,173,Victory,6,0,6,48,4,200,1,66,-1,,0,4,0,2268328927
gym-big-split-kill,decapitate,174,Victory,7,0,7,56,5,125,1,71,-1,,0,6,0,3310635468
gym-big-split-kill,decapitate,175,Victory,6,0,6,48,3,75,1,83,-1,,0,5,0,2081063597
gym-big-split-kill,decapitate,176,Victory,7,0,7,56,5,175,0,28,-1,,0,4,0,3484519949
gym-big-split-kill,decapitate,177,Victory,6,0,6,48,5,175,1,50,-1,,0,3,0,3393885742
gym-big-split-kill,decapitate,178,Victory,7,0,7,56,5,50,0,42,-1,,0,4,0,2112051191
gym-big-split-kill,decapitate,179,Victory,7,0,7,56,4,50,0,57,-1,,0,5,0,4082426672
gym-big-split-kill,decapitate,180,Victory,11,0,11,88,12,40,0,45,3,1:3,0,7,0,1096305368
gym-big-split-kill,decapitate,181,Victory,6,0,6,48,7,275,1,33,-1,,0,3,0,3945439135
gym-big-split-kill,decapitate,182,Victory,6,0,6,48,11,150,1,50,-1,,0,4,0,1183057732
gym-big-split-kill,decapitate,183,Victory,7,0,7,56,15,75,1,57,-1,,0,5,0,1120920298
gym-big-split-kill,decapitate,184,Victory,6,0,6,48,10,50,1,66,-1,,0,4,0,2587386039
gym-big-split-kill,decapitate,185,Victory,6,0,6,48,8,175,1,50,-1,,0,4,0,3470940049
gym-big-split-kill,decapitate,186,Victory,13,0,13,104,16,115,0,30,-1,,0,15,0,3673909654
gym-big-split-kill,decapitate,187,Victory,6,0,6,48,7,275,1,33,-1,,0,3,0,3945439135
gym-big-split-kill,decapitate,188,Victory,6,0,6,48,7,275,1,33,-1,,0,3,0,3945439135
gym-big-split-kill,decapitate,189,Victory,6,0,6,48,0,30,2,100,7,1:7,0,7,1,3735973178
gym-big-split-kill,decapitate,190,Victory,6,0,6,48,5,75,2,100,-1,,0,4,0,2346720542
gym-big-split-kill,decapitate,191,Victory,6,0,6,48,9,5,1,100,-1,,0,4,0,1430700560
gym-big-split-kill,decapitate,192,Victory,7,0,7,56,14,80,1,57,-1,,0,4,0,2066047305
gym-big-split-kill,decapitate,193,Victory,6,0,6,48,5,100,1,66,-1,,0,4,0,3796694033
gym-big-split-kill,decapitate,194,Defeat,5,0,5,40,3,0,3,80,-1,,0,3,1,76060078
gym-big-split-kill,decapitate,195,Defeat,6,0,6,48,12,0,2,66,-1,,0,4,0,190610307
gym-big-split-kill,decapitate,196,Victory,5,0,5,40,3,100,2,60,-1,,0,5,1,2003977490
gym-big-split-kill,decapitate,197,Defeat,6,0,6,48,6,0,2,83,-1,,0,5,1,4227079544
gym-big-split-kill,decapitate,198,Victory,6,0,6,48,3,150,1,50,-1,,0,3,0,2249300897
gym-big-split-kill,decapitate,199,Defeat,5,0,5,40,20,0,2,80,-1,,0,3,1,2967741489
gym-big-split-kill,decapitate,200,Victory,6,0,6,48,10,275,1,33,-1,,0,3,0,3945439135
gym-big-split-kill,charge,1,Victory,6,0,6,48,6,100,0,50,-1,,0,3,0,763632620
gym-big-split-kill,charge,2,Defeat,4,0,4,32,4,0,2,75,-1,,0,1,2,2904557026
gym-big-split-kill,charge,3,Defeat,4,0,4,32,8,0,2,75,-1,,0,2,1,2899673246
gym-big-split-kill,charge,4,Defeat,7,0,7,56,12,0,2,71,-1,,0,5,0,827274611
gym-big-split-kill,charge,5,Defeat,5,0,5,40,4,0,2,60,-1,,0,1,2,2906373268
gym-big-split-kill,charge,6,Victory,5,0,5,40,4,50,1,80,-1,,0,2,1,492081208
gym-big-split-kill,charge,7,Defeat,3,0,3,24,12,0,3,100,-1,,0,1,3,59090089
gym-big-split-kill,charge,8,Defeat,4,0,4,32,4,0,3,75,-1,,0,1,2,373162250
gym-big-split-kill,charge,9,Defeat,5,0,5,40,6,0,2,80,-1,,0,1,2,2978974402
gym-big-split-kill,charge,10,Defeat,3,0,3,24,8,0,4,133,-1,,0,1,2,4037129890
gym-big-split-kill,charge,11,Defeat,4,0,4,32,4,0,2,75,-1,,0,1,2,2904557026
gym-big-split-kill,charge,12,Defeat,4,0,4,32,4,0,2,75,-1,,0,1,2,2904557026
gym-big-split-kill,charge,13,Victory,6,0,6,48,8,100,1,50,-1,,0,1,0,3889399871
gym-big-split-kill,charge,14,Defeat,5,0,5,40,5,0,2,80,-1,,0,2,1,4245208450
gym-big-split-kill,charge,15,Defeat,4,0,4,32,4,0,3,75,-1,,0,1,2,318025978
gym-big-split-kill,charge,16,Defeat,4,0,4,32,4,0,2,75,-1,,0,0,2,4247259616
gym-big-split-kill,charge,17,Defeat,4,0,4,32,2,0,2,75,-1,,0,1,2,2904557026
gym-big-split-kill,charge,18,Defeat,4,0,4,32,4,0,2,75,-1,,0,1,2,2829359438
gym-big-split-kill,charge,19,Defeat,4,0,4,32,4,0,2,75,-1,,0,1,2,2904557026
gym-big-split-kill,charge,20,Victory,5,0,5,40,4,100,1,60,-1,,0,0,1,1761517867
gym-big-split-kill,charge,21,Defeat,5,0,5,40,10,0,2,100,-1,,0,1,0,2759664753
gym-big-split-kill,charge,22,Defeat,4,0,4,32,5,0,3,100,-1,,0,1,2,2001482438
gym-big-split-kill,charge,23,Defeat,4,0,4,32,6,0,2,75,-1,,0,1,2,1976697160
gym-big-split-kill,charge,24,Defeat,3,0,3,24,4,0,3,100,-1,,0,1,2,217931663
gym-big-split-kill,charge,25,Defeat,5,0,5,40,4,0,2,60,-1,,0,1,1,1935691232
gym-big-split-kill,charge,26,Defeat,4,0,4,32,4,0,2,75,-1,,0,1,2,2829359438
gym-big-split-kill,charge,27,Defeat,4,0,4,32,4,0,2,75,-1,,0,1,2,2829359438
gym-big-split-kill,charge,28,Defeat,5,0,5,40,8,0,2,60,-1,,0,1,1,1146831061
gym-big-split-kill,charge,29,Defeat,4,0,4,32,4,0,2,75,-1,,0,1,2,2904557026
gym-big-split-kill,charge,30,Victory,6,0,6,48,6,50,1,66,-1,,0,1,0,1080701352
gym-big-split-kill,charge,31,Victory,6,0,6,48,2,150,1,33,-1,,0,0,1,3778054791
gym-big-split-kill,charge,32,Defeat,4,0,4,32,8,0,3,100,-1,,0,2,2,3747260494
gym-big-split-kill,charge,33,Defeat,4,0,4,32,4,0,2,75,-1,,0,0,2,2904557026
gym-big-split-kill,charge,34,Defeat,3,0,3,24,4,0,3,133,-1,,0,1,2,3301539113
gym-big-split-kill,charge,35,Defeat,5,0,5,40,4,0,2,60,-1,,0,1,2,864182042
gym-big-split-kill,charge,36,Defeat,4,0,4,32,4,0,2,75,-1,,0,1,2,2904557026
gym-big-split-kill,charge,37,Victory,5,0,5,40,4,30,1,80,-1,,0,1,1,82924294
gym-big-split-kill,charge,38,Defeat,5,0,5,40,1,0,2,80,-1,,0,0,1,1599254081
gym-big-split-kill,charge,39,Victory,6,0,6,48,4,30,0,66,-1,,0,2,0,1314125281
gym-big-split-kill,charge,40,Defeat,4,0,4,32,2,0,2,75,-1,,0,1,2,2904557026
gym-big-split-kill,charge,41,Defeat,4,0,4,32,4,0,2,75,-1,,0,1,2,4247259616
gym-big-split-kill,charge,42,Defeat,4,0,4,32,4,0,2,75,-1,,0,1,2,2904557026
gym-big-split-kill,charge,43,Defeat,4,0,4,32,2,0,2,75,-1,,0,1,2,2904557026
gym-big-split-kill,charge,44,Defeat,5,0,5,40,9,0,2,80,-1,,0,2,0,1066484394
gym-big-split-kill,charge,45,Defeat,4,0,4,32,9,0,3,100,-1,,0,2,2,1018306793
gym-big-split-kill,charge,46,Defeat,4,0,4,32,6,0,2,75,-1,,0,1,1,1507528910
gym-big-split-kill,charge,47,Defeat,4,0,4,32,4,0,2,75,-1,,0,1,2,2904557026
gym-big-split-kill,charge,48,Defeat,4,0,4,32,4,0,2,75,-1,,0,1,2,2904557026
gym-big-split-kill,charge,49,Defeat,4,0,4,32,4,0,2,75,-1,,0,1,2,2829359438
gym-big-split-kill,charge,50,Defeat,4,0,4,32,4,0,2,75,-1,,0,1,2,2904557026
gym-big-split-kill,charge,51,Defeat,5,0,5,40,4,0,2,100,-1,,0,2,1,2768874261
gym-big-split-kill,charge,52,Defeat,4,0,4,32,4,0,2,75,-1,,0,1,2,2904557026
gym-big-split-kill,charge,53,Defeat,6,0,6,48,11,0,2,66,-1,,0,2,1,2180079414
gym-big-split-kill,charge,54,Victory,8,0,8,64,5,55,1,62,3,1:3,0,3,0,2619405458
gym-big-split-kill,charge,55,Defeat,5,0,5,40,8,0,2,60,-1,,0,2,2,2701759569
gym-big-split-kill,charge,56,Victory,6,0,6,48,4,50,1,66,-1,,0,2,0,293767420
gym-big-split-kill,charge,57,Defeat,5,0,5,40,4,0,2,80,-1,,0,1,1,3879796035
gym-big-split-kill,charge,58,Victory,5,0,5,40,0,80,1,80,-1,,0,2,1,3119562597
gym-big-split-kill,charge,59,Defeat,3,0,3,24,8,0,4,133,-1,,0,1,2,855944734
gym-big-split-kill,charge,60,Defeat,5,0,5,40,8,0,2,80,-1,,0,2,0,1001376854
gym-big-split-kill,charge,61,Defeat,4,0,4,32,4,0,2,75,-1,,0,1,2,2904557026
gym-big-split-kill,charge,62,Defeat,5,0,5,40,3,0,2,80,-1,,0,1,1,2440312869
gym-big-split-kill,charge,63,Defeat,4,0,4,32,4,0,3,75,-1,,0,2,1,4095741644
gym-big-split-kill,charge,64,Defeat,4,0,4,32,8,0,2,75,-1,,0,1,2,935436362
gym-big-split-kill,charge,65,Defeat,4,0,4,32,4,0,3,75,-1,,0,1,2,373162250
gym-big-split-kill,charge,66,Defeat,4,0,4,32,4,0,2,75,-1,,0,1,2,4086117804
gym-big-split-kill,charge,67,Defeat,4,0,4,32,4,0,2,75,-1,,0,1,2,2829359438
gym-big-split-kill,charge,68,Victory,6,0,6,48,6,50,1,66,3,1:3,0,1,1,3459224159
gym-big-split-kill,charge,69,Defeat,4,0,4,32,10,0,3,100,-1,,0,1,2,4227034230
gym-big-split-kill,charge,70,Defeat,4,0,4,32,4,0,3,75,-1,,0,1,2,3189111026
gym-big-split-kill,charge,71,Defeat,4,0,4,32,1,0,2,100,-1,,0,1,2,3172992554
gym-big-split-kill,charge,72,Victory,5,0,5,40,4,50,2,80,-1,,0,3,1,796091113
gym-big-split-kill,charge,73,Defeat,4,0,4,32,4,0,2,75,-1,,0,1,2,4247259616
gym-big-split-kill,charge,74,Defeat,5,0,5,40,10,0,2,60,-1,,0,2,2,3676067893
gym-big-split-kill,charge,75,Defeat,5,0,5,40,4,0,2,60,-1,,0,0,1,2945247860
gym-big-split-kill,charge,76,Victory,7,0,7,56,5,30,0,57,-1,,0,3,0,1388177046
gym-big-split-kill,charge,77,Defeat,4,0,4,32,4,0,2,75,-1,,0,1,2,2904557026
gym-big-split-kill,charge,78,Defeat,4,0,4,32,4,0,2,75,-1,,0,1,2,4247259616
gym-big-split-kill,charge,79,Defeat,3,0,3,24,4,0,4,100,-1,,0,1,2,1199699306
gym-big-split-kill,charge,80,Victory,6,0,6,48,1,25,1,100,-1,,0,3,0,2242657449
gym-big-split-kill,charge,81,Defeat,6,0,6,48,4,0,2,100,3,1:3,0,3,0,167715066
gym-big-split-kill,charge,82,Defeat,4,0,4,32,4,0,2,75,-1,,0,1,2,2904557026
gym-big-split-kill,charge,83,Defeat,5,0,5,40,8,0,2,80,-1,,0,2,2,4070140682
gym-big-split-kill,charge,84,Victory,5,0,5,40,4,100,1,60,-1,,0,1,1,1028642967
gym-big-split-kill,charge,85,Victory,5,0,5,40,4,100,1,60,-1,,0,0,1,1761517867
gym-big-split-kill,charge,86,Defeat,3,0,3,24,4,0,3,100,-1,,0,1,2,1635168417
gym-big-split-kill,charge,87,Defeat,4,0,4,32,4,0,2,75,-1,,0,1,2,2904557026
gym-big-split-kill,charge,88,Defeat,5,0,5,40,4,0,2,80,-1,,0,1,1,472135157
gym-big-split-kill,charge,89,Defeat,4,0,4,32,6,0,2,75,-1,,0,1,1,2682515492
gym-big-split-kill,charge,90,Defeat,4,0,4,32,4,0,2,75,-1,,0,1,2,2904557026
gym-big-split-kill,charge,91,Defeat,4,0,4,32,4,0,2,75,-1,,0,0,2,2904557026
gym-big-split-kill,charge,92,Defeat,4,0,4,32,4,0,2,75,-1,,0,1,2,2904557026
gym-big-split-kill,charge,93,Defeat,5,0,5,40,8,0,2,80,-1,,0,2,1,4097149161
gym-big-split-kill,charge,94,Defeat,4,0,4,32,4,0,2,75,-1,,0,1,2,2904557026
gym-big-split-kill,charge,95,Defeat,4,0,4,32,0,0,2,125,-1,,0,2,2,3353312889
gym-big-split-kill,charge,96,Victory,5,0,5,40,6,30,1,80,-1,,0,1,1,650957797
gym-big-split-kill,charge,97,Victory,6,0,6,48,14,100,1,50,-1,,0,3,0,3355270078
gym-big-split-kill,charge,98,Defeat,5,0,5,40,8,0,2,80,-1,,0,2,2,2174342398
gym-big-split-kill,charge,99,Defeat,4,0,4,32,4,0,2,75,-1,,0,1,2,2904557026
gym-big-split-kill,charge,100,Defeat,5,0,5,40,8,0,3,60,-1,,0,2,2,2083497849
gym-big-split-kill,charge,101,Victory,6,0,6,48,6,80,1,66,-1,,0,2,0,1842359468
gym-big-split-kill,charge,102,Defeat,4,0,4,32,2,0,2,75,-1,,0,1,2,2904557026
gym-big-split-kill,charge,103,Defeat,4,0,4,32,4,0,2,75,-1,,0,1,2,2904557026
gym-big-split-kill,charge,104,Defeat,5,0,5,40,4,0,2,60,-1,,0,1,2,765326426
gym-big-split-kill,charge,105,Defeat,4,0,4,32,4,0,2,75,-1,,0,1,2,2904557026
gym-big-split-kill,charge,106,Defeat,4,0,4,32,4,0,2,75,-1,,0,0,2,4247259616
gym-big-split-kill,charge,107,Defeat,5,0,5,40,4,0,2,80,8,1:8,0,0,1,2671199375
gym-big-split-kill,charge,108,Defeat,4,0,4,32,4,0,2,75,-1,,0,1,2,2904557026
gym-big-split-kill,charge,109,Defeat,4,0,4,32,2,0,2,75,-1,,0,1,2,2904557026
gym-big-split-kill,charge,110,Defeat,5,0,5,40,4,0,2,60,-1,,0,1,1,1935691232
gym-big-split-kill,charge,111,Defeat,5,0,5,40,5,0,2,100,3,1:3,0,2,2,529984292
gym-big-split-kill,charge,112,Defeat,4,0,4,32,4,0,2,75,-1,,0,1,2,3029739763
gym-big-split-kill,charge,113,Defeat,3,0,3,24,9,0,4,133,-1,,0,1,2,2721714413
gym-big-split-kill,charge,114,Defeat,4,0,4,32,4,0,3,100,-1,,0,1,2,3324314463
gym-big-split-kill,charge,115,Defeat,4,0,4,32,6,0,2,75,-1,,0,2,2,3832592587
gym-big-split-kill,charge,116,Defeat,5,0,5,40,4,0,2,80,-1,,0,1,0,365680106
gym-big-split-kill,charge,117,Defeat,4,0,4,32,4,0,2,75,-1,,0,1,2,2904557026
gym-big-split-kill,charge,118,Victory,6,0,6,48,6,50,1,66,-1,,0,1,0,1080701352
gym-big-split-kill,charge,119,Defeat,4,0,4,32,8,0,2,75,-1,,0,1,2,935436362
gym-big-split-kill,charge,120,Defeat,5,0,5,40,6,0,1,80,-1,,0,1,0,3884684608
gym-big-split-kill,charge,121,Defeat,5,0,5,40,10,0,2,80,-1,,0,2,2,2818870041
gym-big-split-kill,charge,122,Victory,5,0,5,40,4,30,1,80,-1,,0,1,1,82924294
gym-big-split-kill,charge,123,Defeat,4,0,4,32,4,0,2,75,-1,,0,1,2,2904557026
gym-big-split-kill,charge,124,Defeat,3,0,3,24,8,0,4,166,-1,,0,1,2,4203940126
gym-big-split-kill,charge,125,Victory,5,0,5,40,4,50,1,80,-1,,0,2,1,492081208
gym-big-split-kill,charge,126,Defeat,5,0,5,40,4,0,2,80,8,1:8,0,1,1,2549110669
gym-big-split-kill,charge,127,Defeat,4,0,4,32,4,0,3,75,-1,,0,0,2,2565285832
gym-big-split-kill,charge,128,Victory,6,0,6,48,4,80,1,66,-1,,0,2,0,2832015260
gym-big-split-kill,charge,129,Defeat,4,0,4,32,4,0,2,75,-1,,0,1,2,2904557026
gym-big-split-kill,charge,130,Defeat,4,0,4,32,4,0,2,75,-1,,0,1,2,2904557026
gym-big-split-kill,charge,131,Victory,5,0,5,40,4,100,1,60,-1,,0,0,1,1761517867
gym-big-split-kill,charge,132,Defeat,4,0,4,32,4,0,2,75,7,1:7,0,1,2,2538086898
gym-big-split-kill,charge,133,Defeat,4,0,4,32,8,0,2,75,-1,,0,1,2,935436362
gym-big-split-kill,charge,134,Victory,5,0,5,40,4,100,1,60,-1,,0,0,1,1761517867
gym-big-split-kill,charge,135,Defeat,4,0,4,32,4,0,2,75,-1,,0,1,2,2904557026
gym-big-split-kill,charge,136,Defeat,3,0,3,24,12,0,3,100,-1,,0,1,3,59090089
gym-big-split-kill,charge,137,Defeat,5,0,5,40,6,0,2,120,-1,,0,3,1,192946016
gym-big-split-kill,charge,138,Defeat,4,0,4,32,4,0,2,75,-1,,0,1,2,2904557026
gym-big-split-kill,charge,139,Defeat,4,0,4,32,4,0,2,75,-1,,0,1,2,2904557026
gym-big-split-kill,charge,140,Defeat,3,0,3,24,4,0,3,100,-1,,0,1,2,217931663
gym-big-split-kill,charge,141,Defeat,4,0,4,32,4,0,2,75,-1,,0,1,2,2904557026
gym-big-split-kill,charge,142,Victory,5,0,5,40,1,50,1,80,-1,,0,2,1,3223813259
gym-big-split-kill,charge,143,Victory,5,0,5,40,1,50,1,80,-1,,0,1,1,2571941194
gym-big-split-kill,charge,144,Victory,5,0,5,40,4,30,1,80,-1,,0,1,1,82924294
gym-big-split-kill,charge,145,Defeat,4,0,4,32,4,0,2,75,-1,,0,1,2,2904557026
gym-big-split-kill,charge,146,Defeat,4,0,4,32,4,0,2,75,-1,,0,1,2,2904557026
gym-big-split-kill,charge,147,Victory,5,0,5,40,4,30,1,80,-1,,0,0,1,82924294
gym-big-split-kill,charge,148,Victory,5,0,5,40,8,100,1,80,-1,,0,2,1,2665479345
gym-big-split-kill,charge,149,Defeat,5,0,5,40,4,0,2,60,-1,,0,0,1,2945247860
gym-big-split-kill,charge,150,Defeat,4,0,4,32,6,0,2,75,-1,,0,1,1,2682515492
gym-big-split-kill,charge,151,Defeat,4,0,4,32,4,0,2,75,-1,,0,1,2,2904557026
gym-big-split-kill,charge,152,Defeat,4,0,4,32,6,0,2,75,-1,,0,1,1,2682515492
gym-big-split-kill,charge,153,Defeat,5,0,5,40,4,0,2,80,8,1:8,0,1,1,200572155
gym-big-split-kill,charge,154,Defeat,5,0,5,40,6,0,2,80,-1,,0,1,0,259251858
gym-big-split-kill,charge,155,Defeat,4,0,4,32,4,0,2,75,-1,,0,1,2,2904557026
gym-big-split-kill,charge,156,Defeat,5,0,5,40,4,0,2,100,-1,,0,1,0,661275272
gym-big-split-kill,charge,157,Defeat,3,0,3,24,12,0,3,100,-1,,0,1,3,59090089
gym-big-split-kill,charge,158,Defeat,4,0,4,32,4,0,2,75,-1,,0,1,2,2904557026
gym-big-split-kill,charge,159,Defeat,4,0,4,32,4,0,2,75,-1,,0,1,2,2904557026
gym-big-split-kill,charge,160,Defeat,3,0,3,24,8,0,3,133,-1,,0,1,2,2574904975
gym-big-split-kill,charge,161,Defeat,3,0,3,24,8,0,4,100,-1,,0,1,3,3512162602
gym-big-split-kill,charge,162,Victory,6,0,6,48,6,50,1,66,-1,,0,2,0,1606878278
gym-big-split-kill,charge,163,Defeat,4,0,4,32,4,0,2,75,-1,,0,1,2,2904557026
gym-big-split-kill,charge,164,Defeat,6,0,6,48,10,0,2,83,-1,,0,2,0,1490716715
gym-big-split-kill,charge,165,Defeat,4,0,4,32,4,0,2,75,-1,,0,1,2,2829359438
gym-big-split-kill,charge,166,Defeat,3,0,3,24,2,0,3,133,-1,,0,1,2,595994375
gym-big-split-kill,charge,167,Defeat,4,0,4,32,2,0,2,75,-1,,0,1,2,2904557026
gym-big-split-kill,charge,168,Defeat,5,0,5,40,6,0,2,60,-1,,0,1,1,3385086003
gym-big-split-kill,charge,169,Defeat,5,0,5,40,6,0,2,80,-1,,0,3,1,2214166875
gym-big-split-kill,charge,170,Defeat,4,0,4,32,4,0,2,75,-1,,0,1,1,221293226
gym-big-split-kill,charge,171,Defeat,4,0,4,32,4,0,2,75,-1,,0,0,2,4247259616
gym-big-split-kill,charge,172,Defeat,4,0,4,32,1,0,2,100,-1,,0,2,2,147716426
gym-big-split-kill,charge,173,Defeat,4,0,4,32,4,0,2,75,-1,,0,1,2,2904557026
gym-big-split-kill,charge,174,Defeat,4,0,4,32,4,0,2,75,-1,,0,1,2,2904557026
gym-big-split-kill,charge,175,Defeat,3,0,3,24,4,0,3,100,-1,,0,1,2,217931663
gym-big-split-kill,charge,176,Defeat,4,0,4,32,4,0,2,75,-1,,0,1,2,2904557026
gym-big-split-kill,charge,177,Defeat,5,0,5,40,4,0,2,80,-1,,0,1,0,3427127562
gym-big-split-kill,charge,178,Defeat,5,0,5,40,4,0,2,60,-1,,0,1,1,3314411458
gym-big-split-kill,charge,179,Defeat,4,0,4,32,4,0,2,75,-1,,0,1,2,2904557026
gym-big-split-kill,charge,180,Victory,6,0,6,48,5,50,1,50,-1,,0,2,1,3984497707
gym-big-split-kill,charge,181,Defeat,4,0,4,32,2,0,2,75,-1,,0,1,2,2904557026
gym-big-split-kill,charge,182,Defeat,5,0,5,40,4,0,1,80,-1,,0,1,0,4011096772
gym-big-split-kill,charge,183,Defeat,4,0,4,32,4,0,2,75,-1,,0,1,2,2904557026
gym-big-split-kill,charge,184,Defeat,5,0,5,40,8,0,2,60,-1,,0,2,2,2808404763
gym-big-split-kill,charge,185,Defeat,4,0,4,32,4,0,2,75,-1,,0,1,2,2904557026
gym-big-split-kill,charge,186,Defeat,3,0,3,24,4,0,3,133,-1,,0,1,2,595994375
gym-big-split-kill,charge,187,Defeat,4,0,4,32,4,0,2,75,-1,,0,1,2,2904557026
gym-big-split-kill,charge,188,Victory,5,0,5,40,5,50,2,100,7,1:7,0,2,1,2450891258
gym-big-split-kill,charge,189,Defeat,5,0,5,40,5,0,2,60,-1,,0,2,0,3833215666
gym-big-split-kill,charge,190,Defeat,4,0,4,32,4,0,2,75,-1,,0,1,2,2904557026
gym-big-split-kill,charge,191,Defeat,3,0,3,24,4,0,4,133,-1,,0,1,2,350795748
gym-big-split-kill,charge,192,Defeat,5,0,5,40,5,0,2,80,-1,,0,1,0,327432914
gym-big-split-kill,charge,193,Defeat,4,0,4,32,4,0,2,75,7,1:7,0,1,2,2538086898
gym-big-split-kill,charge,194,Defeat,5,0,5,40,14,0,2,100,-1,,0,3,1,2348513367
gym-big-split-kill,charge,195,Defeat,4,0,4,32,4,0,2,75,-1,,0,1,2,2904557026
gym-big-split-kill,charge,196,Defeat,5,0,5,40,8,0,2,80,-1,,0,2,0,3817452350
gym-big-split-kill,charge,197,Victory,5,0,5,40,4,30,1,80,-1,,0,0,1,82924294
gym-big-split-kill,charge,198,Defeat,3,0,3,24,12,0,3,100,-1,,0,1,3,59090089
gym-big-split-kill,charge,199,Defeat,4,0,4,32,17,0,3,75,-1,,0,2,1,3013770980
gym-big-split-kill,charge,200,Defeat,4,0,4,32,7,0,2,75,-1,,0,1,1,1002541380
gym-big-split-boss,corridor-hold,1,Defeat,7,0,7,56,7,0,1,71,-1,,0,5,0,2473504513
gym-big-split-boss,corridor-hold,2,Defeat,6,0,6,48,8,0,2,66,-1,,0,3,0,1528670932
gym-big-split-boss,corridor-hold,3,Defeat,7,0,7,56,5,0,1,71,-1,,0,6,0,4287684457
gym-big-split-boss,corridor-hold,4,Defeat,8,0,8,64,4,0,2,62,3,1:3,0,8,0,329755901
gym-big-split-boss,corridor-hold,5,Defeat,7,0,7,56,15,0,1,57,-1,,0,5,0,142758639
gym-big-split-boss,corridor-hold,6,Defeat,7,0,7,56,5,0,1,57,-1,,0,5,0,3621943187
gym-big-split-boss,corridor-hold,7,Defeat,7,0,7,56,6,0,1,71,-1,,0,6,0,1958092443
gym-big-split-boss,corridor-hold,8,Defeat,5,0,5,40,10,0,2,80,-1,,0,3,1,2090982712
gym-big-split-boss,corridor-hold,9,Defeat,5,0,5,40,5,0,4,120,-1,,0,5,1,1254638573
gym-big-split-boss,corridor-hold,10,Defeat,28,0,28,224,35,0,1,32,3,1:3,0,27,0,438985990
gym-big-split-boss,corridor-hold,11,Defeat,7,0,7,56,7,0,1,57,-1,,0,5,0,3621943187
gym-big-split-boss,corridor-hold,12,Defeat,7,0,7,56,7,0,2,71,-1,,0,5,0,1197098475
gym-big-split-boss,corridor-hold,13,Defeat,6,0,6,48,6,0,2,66,-1,,0,3,0,937296700
gym-big-split-boss,corridor-hold,14,Defeat,7,0,7,56,8,0,2,85,-1,,0,5,0,667233431
gym-big-split-boss,corridor-hold,15,Defeat,5,0,5,40,12,0,3,80,-1,,0,3,0,589315061
gym-big-split-boss,corridor-hold,16,Defeat,8,0,8,64,3,0,1,62,-1,,0,7,0,1873798671
gym-big-split-boss,corridor-hold,17,Defeat,7,0,7,56,3,0,1,71,-1,,0,5,0,444551376
gym-big-split-boss,corridor-hold,18,Defeat,7,0,7,56,4,0,1,71,-1,,0,4,0,3536934932
gym-big-split-boss,corridor-hold,19,Defeat,6,0,6,48,5,0,2,83,-1,,0,3,0,1101285298
gym-big-split-boss,corridor-hold,20,Defeat,7,0,7,56,5,0,1,57,-1,,0,5,0,3621943187
gym-big-split-boss,corridor-hold,21,Defeat,12,0,12,96,15,0,1,50,3,1:3,0,9,0,4045535843
gym-big-split-boss,corridor-hold,22,Defeat,6,0,6,48,5,0,2,83,7,1:7,0,9,0,1272990497
gym-big-split-boss,corridor-hold,23,Defeat,7,0,7,56,5,0,1,57,-1,,0,5,0,3621943187
gym-big-split-boss,corridor-hold,24,Defeat,5,0,5,40,5,0,3,60,7,1:7,0,6,0,3780063226
gym-big-split-boss,corridor-hold,25,Defeat,6,0,6,48,6,0,1,100,-1,,0,4,0,3851104605
gym-big-split-boss,corridor-hold,26,Defeat,7,0,7,56,4,0,1,57,-1,,0,4,0,1734376007
gym-big-split-boss,corridor-hold,27,Defeat,14,0,14,112,12,0,2,71,3,1:3,0,22,0,2760273679
gym-big-split-boss,corridor-hold,28,Defeat,8,0,8,64,2,0,2,62,3,1:3,0,8,0,793369959
gym-big-split-boss,corridor-hold,29,Defeat,10,0,10,80,14,0,3,90,-1,,0,14,0,2798010229
gym-big-split-boss,corridor-hold,30,Defeat,7,0,7,56,7,0,1,57,-1,,0,5,0,3621943187
gym-big-split-boss,corridor-hold,31,Defeat,4,0,4,32,4,0,3,75,-1,,0,2,2,2513443195
gym-big-split-boss,corridor-hold,32,Defeat,4,0,4,32,2,0,4,150,-1,,0,2,1,639878999
gym-big-split-boss,corridor-hold,33,Defeat,7,0,7,56,10,0,1,57,-1,,0,5,0,2994114391
gym-big-split-boss,corridor-hold,34,Defeat,7,0,7,56,10,0,2,57,-1,,0,6,1,3485794033
gym-big-split-boss,corridor-hold,35,Defeat,5,0,5,40,4,0,2,80,-1,,0,3,1,3975000779
gym-big-split-boss,corridor-hold,36,Defeat,7,0,7,56,7,0,1,57,-1,,0,4,0,231340863
gym-big-split-boss,corridor-hold,37,Defeat,7,0,7,56,5,0,1,71,-1,,0,5,0,2473504513
gym-big-split-boss,corridor-hold,38,Defeat,5,0,5,40,5,0,2,60,7,1:7,0,6,0,877130487
gym-big-split-boss,corridor-hold,39,Defeat,6,0,6,48,5,0,2,83,-1,,0,4,0,2569257190
gym-big-split-boss,corridor-hold,40,Defeat,7,0,7,56,5,0,2,71,-1,,0,5,0,3557632566
gym-big-split-boss,corridor-hold,41,Defeat,7,0,7,56,5,0,2,85,-1,,0,5,0,331799415
gym-big-split-boss,corridor-hold,42,Defeat,7,0,7,56,7,0,1,57,-1,,0,5,0,3621943187
gym-big-split-boss,corridor-hold,43,Defeat,8,0,8,64,4,0,1,50,-1,,0,8,0,3434895285
gym-big-split-boss,corridor-hold,44,Defeat,6,0,6,48,7,0,2,83,-1,,0,3,0,1882003980
gym-big-split-boss,corridor-hold,45,Defeat,5,0,5,40,2,0,2,80,-1,,0,3,1,3975000779
gym-big-split-boss,corridor-hold,46,Defeat,7,0,7,56,10,0,1,57,-1,,0,5,0,3621943187
gym-big-split-boss,corridor-hold,47,Defeat,7,0,7,56,7,0,1,57,-1,,0,5,0,3621943187
gym-big-split-boss,corridor-hold,48,Defeat,7,0,7,56,7,0,2,71,-1,,0,5,0,3458588980
gym-big-split-boss,corridor-hold,49,Defeat,7,0,7,56,9,0,2,71,-1,,0,5,0,419696202
gym-big-split-boss,corridor-hold,50,Defeat,6,0,6,48,4,0,2,83,-1,,0,3,0,3241883864
gym-big-split-boss,corridor-hold,51,Defeat,21,0,21,168,27,0,2,33,12,1:12,0,34,0,1362248084
gym-big-split-boss,corridor-hold,52,Defeat,7,0,7,56,5,0,1,71,-1,,0,5,0,2150378401
gym-big-split-boss,corridor-hold,53,Defeat,5,0,5,40,10,0,3,100,-1,,0,3,1,2674496923
gym-big-split-boss,corridor-hold,54,Defeat,8,0,8,64,8,0,1,75,-1,,0,6,0,1193055720
gym-big-split-boss,corridor-hold,55,Defeat,7,0,7,56,6,0,3,71,-1,,0,7,0,3606857111
gym-big-split-boss,corridor-hold,56,Defeat,5,0,5,40,10,0,3,60,-1,,0,3,1,1962074663
gym-big-split-boss,corridor-hold,57,Defeat,8,0,8,64,6,0,1,62,-1,,0,5,0,1802339012
gym-big-split-boss,corridor-hold,58,Defeat,8,0,8,64,3,0,1,50,-1,,0,6,0,3096430109
gym-big-split-boss,corridor-hold,59,Defeat,9,0,9,72,9,0,1,55,-1,,0,10,0,700499249
gym-big-split-boss,corridor-hold,60,Defeat,5,0,5,40,5,0,3,60,7,1:7,0,6,0,2822392062
gym-big-split-boss,corridor-hold,61,Defeat,7,0,7,56,10,0,1,71,-1,,0,6,0,108170397
gym-big-split-boss,corridor-hold,62,Defeat,7,0,7,56,8,0,1,85,-1,,0,5,0,575594791
gym-big-split-boss,corridor-hold,63,Defeat,7,0,7,56,3,0,1,71,-1,,0,4,0,3721988971
gym-big-split-boss,corridor-hold,64,Defeat,6,0,6,48,10,0,1,83,-1,,0,4,0,3570520841
gym-big-split-boss,corridor-hold,65,Defeat,6,0,6,48,15,0,1,83,-1,,0,4,0,4107635629
gym-big-split-boss,corridor-hold,66,Defeat,8,0,8,64,6,0,1,62,-1,,0,6,0,3016462110
gym-big-split-boss,corridor-hold,67,Defeat,7,0,7,56,5,0,2,85,-1,,0,5,0,198665575
gym-big-split-boss,corridor-hold,68,Defeat,5,0,5,40,14,0,3,120,-1,,0,4,1,3974971188
gym-big-split-boss,corridor-hold,69,Defeat,6,0,6,48,6,0,1,83,-1,,0,4,0,999812529
gym-big-split-boss,corridor-hold,70,Defeat,6,0,6,48,10,0,2,83,-1,,0,4,0,2416265007
gym-big-split-boss,corridor-hold,71,Defeat,11,0,11,88,14,0,1,54,-1,,0,12,0,3404836971
gym-big-split-boss,corridor-hold,72,Defeat,10,0,10,80,3,0,1,70,-1,,0,12,0,2608570409
gym-big-split-boss,corridor-hold,73,Defeat,6,0,6,48,5,0,2,83,-1,,0,6,1,3074332714
gym-big-split-boss,corridor-hold,74,Defeat,5,0,5,40,3,0,2,80,-1,,0,3,1,3393589658
gym-big-split-boss,corridor-hold,75,Defeat,5,0,5,40,3,0,3,80,-1,,0,3,1,935312877
gym-big-split-boss,corridor-hold,76,Defeat,7,0,7,56,3,0,1,71,-1,,0,5,0,2974092175
gym-big-split-boss,corridor-hold,77,Defeat,7,0,7,56,11,0,1,57,-1,,0,5,0,4052640169
gym-big-split-boss,corridor-hold,78,Defeat,7,0,7,56,13,0,2,85,-1,,0,5,0,3819970929
gym-big-split-boss,corridor-hold,79,Defeat,7,0,7,56,7,0,1,57,-1,,0,6,0,3621943187
gym-big-split-boss,corridor-hold,80,Defeat,7,0,7,56,3,0,2,71,-1,,0,6,0,416231370
gym-big-split-boss,corridor-hold,81,Defeat,14,0,14,112,19,0,1,57,3,1:3,0,15,0,1733630963
gym-big-split-boss,corridor-hold,82,Defeat,8,0,8,64,5,0,1,62,-1,,0,5,0,3286727435
gym-big-split-boss,corridor-hold,83,Defeat,5,0,5,40,3,0,3,100,7,1:7,0,5,1,2264064227
gym-big-split-boss,corridor-hold,84,Defeat,5,0,5,40,5,0,2,100,-1,,0,3,1,3717830994
gym-big-split-boss,corridor-hold,85,Defeat,6,0,6,48,2,0,1,66,-1,,0,4,0,1608308895
gym-big-split-boss,corridor-hold,86,Defeat,6,0,6,48,9,0,2,83,-1,,0,3,0,3241883864
gym-big-split-boss,corridor-hold,87,Defeat,7,0,7,56,10,0,1,71,-1,,0,5,0,1655740397
gym-big-split-boss,corridor-hold,88,Defeat,6,0,6,48,5,0,1,66,-1,,0,4,0,3474784070
gym-big-split-boss,corridor-hold,89,Defeat,7,0,7,56,3,0,1,57,-1,,0,5,0,3621943187
gym-big-split-boss,corridor-hold,90,Defeat,7,0,7,56,5,0,1,57,-1,,0,4,0,3134442596
gym-big-split-boss,corridor-hold,91,Defeat,7,0,7,56,11,0,2,71,-1,,0,6,0,1689003361
gym-big-split-boss,corridor-hold,92,Defeat,7,0,7,56,7,0,1,57,-1,,0,5,0,3621943187
gym-big-split-boss,corridor-hold,93,Defeat,6,0,6,48,3,0,3,83,-1,,0,5,0,2995768019
gym-big-split-boss,corridor-hold,94,Defeat,8,0,8,64,5,0,1,50,-1,,0,5,0,2144809841
gym-big-split-boss,corridor-hold,95,Defeat,7,0,7,56,5,0,1,85,-1,,0,3,0,2281252245
gym-big-split-boss,corridor-hold,96,Defeat,7,0,7,56,5,0,1,57,-1,,0,5,0,3621943187
gym-big-split-boss,corridor-hold,97,Defeat,7,0,7,56,15,0,1,57,-1,,0,5,0,3621943187
gym-big-split-boss,corridor-hold,98,Defeat,5,0,5,40,5,0,2,60,7,1:7,0,6,0,877130487
gym-big-split-boss,corridor-hold,99,Defeat,7,0,7,56,13,0,1,71,-1,,0,5,0,554479029
gym-big-split-boss,corridor-hold,100,Defeat,18,0,18,144,21,0,2,33,3,1:3,0,36,0,2441431025
gym-big-split-boss,corridor-hold,101,Defeat,6,0,6,48,8,0,2,83,-1,,0,4,0,1579800360
gym-big-split-boss,corridor-hold,102,Defeat,7,0,7,56,5,0,1,57,-1,,0,6,0,3621943187
gym-big-split-boss,corridor-hold,103,Defeat,7,0,7,56,7,0,1,57,-1,,0,5,0,3621943187
gym-big-split-boss,corridor-hold,104,Defeat,10,0,10,80,8,0,2,80,-1,,0,12,0,142793424
gym-big-split-boss,corridor-hold,105,Defeat,6,0,6,48,5,0,2,66,-1,,0,3,0,937296700
gym-big-split-boss,corridor-hold,106,Defeat,6,0,6,48,3,0,1,83,-1,,0,4,0,3632522447
gym-big-split-boss,corridor-hold,107,Defeat,21,0,21,168,25,0,1,42,3,1:3,0,21,0,1979699756
gym-big-split-boss,corridor-hold,108,Defeat,6,0,6,48,4,0,2,83,-1,,0,4,0,78381264
gym-big-split-boss,corridor-hold,109,Defeat,7,0,7,56,9,0,1,57,-1,,0,5,0,3621943187
gym-big-split-boss,corridor-hold,110,Defeat,6,0,6,48,3,0,2,100,-1,,0,4,0,2624971263
gym-big-split-boss,corridor-hold,111,Defeat,6,0,6,48,14,0,1,83,-1,,0,5,0,684009292
gym-big-split-boss,corridor-hold,112,Defeat,5,0,5,40,5,0,2,80,-1,,0,3,1,602856709
gym-big-split-boss,corridor-hold,113,Defeat,7,0,7,56,14,0,2,71,-1,,0,6,1,197263430
gym-big-split-boss,corridor-hold,114,Defeat,6,0,6,48,4,0,2,100,-1,,0,4,0,1788943236
gym-big-split-boss,corridor-hold,115,Defeat,6,0,6,48,10,0,2,66,-1,,0,4,0,3842677537
gym-big-split-boss,corridor-hold,116,Defeat,9,0,9,72,7,0,2,66,-1,,0,9,0,2023243937
gym-big-split-boss,corridor-hold,117,Defeat,7,0,7,56,5,0,1,71,-1,,0,5,0,1104897496
gym-big-split-boss,corridor-hold,118,Defeat,7,0,7,56,4,0,1,71,-1,,0,5,0,2473504513
gym-big-split-boss,corridor-hold,119,Victory,16,0,16,128,15,20,0,37,7,1:7,0,15,0,1909638528
gym-big-split-boss,corridor-hold,120,Defeat,7,0,7,56,4,0,1,71,-1,,0,5,0,3064170082
gym-big-split-boss,corridor-hold,121,Defeat,7,0,7,56,2,0,2,85,-1,,0,5,0,2586598424
gym-big-split-boss,corridor-hold,122,Defeat,8,0,8,64,5,0,1,75,-1,,0,6,0,2631882088
gym-big-split-boss,corridor-hold,123,Defeat,8,0,8,64,11,0,1,75,-1,,0,7,0,1351960522
gym-big-split-boss,corridor-hold,124,Defeat,7,0,7,56,3,0,1,71,-1,,0,5,0,1561740461
gym-big-split-boss,corridor-hold,125,Defeat,7,0,7,56,5,0,1,57,-1,,0,6,0,3621943187
gym-big-split-boss,corridor-hold,126,Defeat,6,0,6,48,11,0,2,100,-1,,0,5,1,2269053046
gym-big-split-boss,corridor-hold,127,Defeat,6,0,6,48,8,0,1,66,-1,,0,4,0,3716314852
gym-big-split-boss,corridor-hold,128,Defeat,5,0,5,40,9,0,3,80,-1,,0,3,1,1674907097
gym-big-split-boss,corridor-hold,129,Defeat,7,0,7,56,10,0,1,71,-1,,0,5,0,1847715239
gym-big-split-boss,corridor-hold,130,Defeat,8,0,8,64,5,0,1,50,-1,,0,5,0,3096430109
gym-big-split-boss,corridor-hold,131,Defeat,7,0,7,56,8,0,1,57,-1,,0,5,0,3621943187
gym-big-split-boss,corridor-hold,132,Defeat,7,0,7,56,16,0,2,71,-1,,0,5,0,1398729889
gym-big-split-boss,corridor-hold,133,Defeat,7,0,7,56,4,0,1,71,-1,,0,5,0,2473504513
gym-big-split-boss,corridor-hold,134,Defeat,7,0,7,56,9,0,1,57,-1,,0,5,0,1298209241
gym-big-split-boss,corridor-hold,135,Defeat,7,0,7,56,15,0,1,57,-1,,0,5,0,1744517873
gym-big-split-boss,corridor-hold,136,Defeat,5,0,5,40,5,0,4,80,7,1:7,0,7,1,2236289798
gym-big-split-boss,corridor-hold,137,Defeat,13,0,13,104,18,0,1,53,3,1:3,0,21,0,3045441138
gym-big-split-boss,corridor-hold,138,Defeat,7,0,7,56,5,0,1,71,-1,,0,3,0,2377904004
gym-big-split-boss,corridor-hold,139,Defeat,7,0,7,56,7,0,1,57,-1,,0,5,0,3621943187
gym-big-split-boss,corridor-hold,140,Defeat,9,0,9,72,12,0,1,55,-1,,0,7,0,2580419266
gym-big-split-boss,corridor-hold,141,Defeat,7,0,7,56,5,0,1,71,-1,,0,5,0,3631661331
gym-big-split-boss,corridor-hold,142,Defeat,10,0,10,80,9,0,2,70,-1,,0,16,0,2316705155
gym-big-split-boss,corridor-hold,143,Defeat,5,0,5,40,5,0,2,60,7,1:7,0,6,0,877130487
gym-big-split-boss,corridor-hold,144,Defeat,12,0,12,96,11,0,1,58,-1,,0,11,0,2432121186
gym-big-split-boss,corridor-hold,145,Victory,12,0,12,96,10,15,0,50,3,1:3,0,9,0,2201815696
gym-big-split-boss,corridor-hold,146,Defeat,9,0,9,72,6,0,1,66,-1,,0,5,0,2467685543
gym-big-split-boss,corridor-hold,147,Defeat,6,0,6,48,5,0,2,100,-1,,0,4,0,3303183762
gym-big-split-boss,corridor-hold,148,Defeat,6,0,6,48,10,0,1,83,-1,,0,5,0,3632522447
gym-big-split-boss,corridor-hold,149,Defeat,8,0,8,64,6,0,1,62,-1,,0,5,0,1718593157
gym-big-split-boss,corridor-hold,150,Defeat,7,0,7,56,4,0,2,85,-1,,0,6,1,351299092
gym-big-split-boss,corridor-hold,151,Defeat,5,0,5,40,5,0,3,80,-1,,0,2,1,2496403994
gym-big-split-boss,corridor-hold,152,Defeat,7,0,7,56,15,0,1,57,-1,,0,5,0,1678196689
gym-big-split-boss,corridor-hold,153,Defeat,5,0,5,40,10,0,2,80,-1,,0,3,0,1881466210
gym-big-split-boss,corridor-hold,154,Defeat,9,0,9,72,3,0,2,88,3,1:3,0,9,0,1103697474
gym-big-split-boss,corridor-hold,155,Defeat,7,0,7,56,4,0,1,71,-1,,0,5,0,2473504513
gym-big-split-boss,corridor-hold,156,Defeat,7,0,7,56,7,0,2,85,-1,,0,6,0,4013100119
gym-big-split-boss,corridor-hold,157,Defeat,6,0,6,48,2,0,2,83,-1,,0,4,0,2864175412
gym-big-split-boss,corridor-hold,158,Defeat,7,0,7,56,5,0,1,57,-1,,0,5,0,3621943187
gym-big-split-boss,corridor-hold,159,Defeat,6,0,6,48,12,0,2,83,-1,,0,4,0,1003029218
gym-big-split-boss,corridor-hold,160,Defeat,7,0,7,56,8,0,1,71,-1,,0,6,0,444551376
gym-big-split-boss,corridor-hold,161,Defeat,7,0,7,56,13,0,1,57,-1,,0,6,0,2567396733
gym-big-split-boss,corridor-hold,162,Defeat,7,0,7,56,7,0,1,71,-1,,0,4,0,3631661331
gym-big-split-boss,corridor-hold,163,Defeat,8,0,8,64,5,0,1,50,-1,,0,5,0,2847303543
gym-big-split-boss,corridor-hold,164,Defeat,6,0,6,48,15,0,2,100,-1,,0,5,1,2763814406
gym-big-split-boss,corridor-hold,165,Defeat,7,0,7,56,7,0,1,57,-1,,0,5,0,3621943187
gym-big-split-boss,corridor-hold,166,Defeat,6,0,6,48,3,0,2,83,-1,,0,4,0,1603338095
gym-big-split-boss,corridor-hold,167,Defeat,8,0,8,64,8,0,1,37,-1,,0,6,0,3806529216
gym-big-split-boss,corridor-hold,168,Defeat,7,0,7,56,7,0,1,57,-1,,0,5,0,3621943187
gym-big-split-boss,corridor-hold,169,Defeat,7,0,7,56,7,0,1,57,-1,,0,6,0,3621943187
gym-big-split-boss,corridor-hold,170,Defeat,5,0,5,40,11,0,3,100,7,1:7,0,7,0,1633070487
gym-big-split-boss,corridor-hold,171,Defeat,6,0,6,48,5,0,1,66,-1,,0,4,1,1608343210
gym-big-split-boss,corridor-hold,172,Defeat,5,0,5,40,3,0,2,80,7,1:7,0,6,0,2093904063
gym-big-split-boss,corridor-hold,173,Defeat,6,0,6,48,4,0,2,83,-1,,0,4,0,3275358849
gym-big-split-boss,corridor-hold,174,Defeat,8,0,8,64,5,0,1,75,-1,,0,7,0,1569121086
gym-big-split-boss,corridor-hold,175,Defeat,6,0,6,48,3,0,2,100,-1,,0,5,0,2468388856
gym-big-split-boss,corridor-hold,176,Defeat,9,0,9,72,5,0,1,55,-1,,0,6,0,734961066
gym-big-split-boss,corridor-hold,177,Defeat,6,0,6,48,5,0,2,66,-1,,0,3,0,3406141390
gym-big-split-boss,corridor-hold,178,Defeat,7,0,7,56,5,0,1,57,-1,,0,4,0,1532511185
gym-big-split-boss,corridor-hold,179,Defeat,7,0,7,56,4,0,1,71,-1,,0,5,0,172590279
gym-big-split-boss,corridor-hold,180,Defeat,11,0,11,88,12,0,1,54,3,1:3,0,7,0,302112168
gym-big-split-boss,corridor-hold,181,Defeat,7,0,7,56,7,0,1,57,-1,,0,5,0,3621943187
gym-big-split-boss,corridor-hold,182,Defeat,6,0,6,48,11,0,2,66,-1,,0,4,0,944807696
gym-big-split-boss,corridor-hold,183,Defeat,7,0,7,56,15,0,1,57,-1,,0,5,0,1744517873
gym-big-split-boss,corridor-hold,184,Defeat,6,0,6,48,10,0,2,83,-1,,0,4,0,2416265007
gym-big-split-boss,corridor-hold,185,Defeat,6,0,6,48,8,0,2,66,-1,,0,4,0,3842677537
gym-big-split-boss,corridor-hold,186,Defeat,14,0,14,112,16,0,1,42,-1,,0,16,0,4007421145
gym-big-split-boss,corridor-hold,187,Defeat,7,0,7,56,7,0,1,57,-1,,0,5,0,3621943187
gym-big-split-boss,corridor-hold,188,Defeat,7,0,7,56,7,0,1,57,-1,,0,5,0,3621943187
gym-big-split-boss,corridor-hold,189,Defeat,6,0,6,48,0,0,3,100,7,1:7,0,7,1,4273126062
gym-big-split-boss,corridor-hold,190,Defeat,6,0,6,48,5,0,2,100,-1,,0,4,0,1494773556
gym-big-split-boss,corridor-hold,191,Defeat,6,0,6,48,9,0,2,116,-1,,0,4,0,4210297749
gym-big-split-boss,corridor-hold,192,Defeat,7,0,7,56,14,0,2,71,-1,,0,4,0,358109803
gym-big-split-boss,corridor-hold,193,Defeat,6,0,6,48,5,0,2,83,-1,,0,4,0,264557473
gym-big-split-boss,corridor-hold,194,Defeat,5,0,5,40,3,0,3,80,-1,,0,3,1,2910503844
gym-big-split-boss,corridor-hold,195,Defeat,6,0,6,48,12,0,2,66,-1,,0,4,0,4022726153
gym-big-split-boss,corridor-hold,196,Defeat,5,0,5,40,3,0,3,60,-1,,0,5,1,878201262
gym-big-split-boss,corridor-hold,197,Defeat,6,0,6,48,6,0,2,83,-1,,0,5,1,3889244378
gym-big-split-boss,corridor-hold,198,Defeat,6,0,6,48,3,0,2,66,-1,,0,3,0,3648286521
gym-big-split-boss,corridor-hold,199,Defeat,5,0,5,40,20,0,2,80,-1,,0,3,1,2111067427
gym-big-split-boss,corridor-hold,200,Defeat,7,0,7,56,10,0,1,57,-1,,0,5,0,3621943187
gym-big-split-boss,tpa-order,1,Defeat,7,0,7,56,7,0,1,71,-1,,0,5,0,2473504513
gym-big-split-boss,tpa-order,2,Defeat,6,0,6,48,8,0,2,66,-1,,0,3,0,1528670932
gym-big-split-boss,tpa-order,3,Defeat,7,0,7,56,5,0,1,71,-1,,0,6,0,4287684457
gym-big-split-boss,tpa-order,4,Defeat,8,0,8,64,4,0,2,62,3,1:3,0,8,0,329755901
gym-big-split-boss,tpa-order,5,Defeat,7,0,7,56,15,0,1,57,-1,,0,5,0,142758639
gym-big-split-boss,tpa-order,6,Defeat,7,0,7,56,5,0,1,57,-1,,0,5,0,3621943187
gym-big-split-boss,tpa-order,7,Defeat,7,0,7,56,6,0,1,71,-1,,0,6,0,1958092443
gym-big-split-boss,tpa-order,8,Defeat,5,0,5,40,10,0,2,80,-1,,0,3,1,2090982712
gym-big-split-boss,tpa-order,9,Defeat,5,0,5,40,5,0,3,100,-1,,0,5,1,1065025366
gym-big-split-boss,tpa-order,10,Defeat,5,0,5,40,3,0,2,80,-1,,0,3,1,213842316
gym-big-split-boss,tpa-order,11,Defeat,7,0,7,56,7,0,1,57,-1,,0,5,0,3621943187
gym-big-split-boss,tpa-order,12,Defeat,7,0,7,56,7,0,2,71,-1,,0,5,0,1197098475
gym-big-split-boss,tpa-order,13,Defeat,6,0,6,48,6,0,2,66,-1,,0,3,0,937296700
gym-big-split-boss,tpa-order,14,Defeat,7,0,7,56,8,0,2,85,-1,,0,5,0,667233431
gym-big-split-boss,tpa-order,15,Defeat,5,0,5,40,12,0,3,80,-1,,0,3,0,589315061
gym-big-split-boss,tpa-order,16,Defeat,8,0,8,64,3,0,1,62,-1,,0,7,0,1873798671
gym-big-split-boss,tpa-order,17,Defeat,7,0,7,56,3,0,1,71,-1,,0,5,0,444551376
gym-big-split-boss,tpa-order,18,Defeat,7,0,7,56,4,0,1,71,-1,,0,4,0,3536934932
gym-big-split-boss,tpa-order,19,Defeat,6,0,6,48,5,0,2,83,-1,,0,3,0,1101285298
gym-big-split-boss,tpa-order,20,Defeat,7,0,7,56,5,0,1,57,-1,,0,5,0,3621943187
gym-big-split-boss,tpa-order,21,Defeat,12,0,12,96,15,0,1,50,3,1:3,0,9,0,4045535843
gym-big-split-boss,tpa-order,22,Defeat,6,0,6,48,5,0,2,83,7,1:7,0,9,0,1272990497
gym-big-split-boss,tpa-order,23,Defeat,7,0,7,56,5,0,1,57,-1,,0,5,0,3621943187
gym-big-split-boss,tpa-order,24,Defeat,5,0,5,40,5,0,3,60,7,1:7,0,6,0,3780063226
gym-big-split-boss,tpa-order,25,Defeat,6,0,6,48,6,0,1,100,-1,,0,4,0,3851104605
gym-big-split-boss,tpa-order,26,Defeat,7,0,7,56,4,0,1,57,-1,,0,4,0,1734376007
gym-big-split-boss,tpa-order,27,Defeat,14,0,14,112,12,0,1,64,3,1:3,0,22,0,1581752388
gym-big-split-boss,tpa-order,28,Defeat,8,0,8,64,2,0,2,62,3,1:3,0,8,0,793369959
gym-big-split-boss,tpa-order,29,Defeat,10,0,10,80,14,0,2,70,-1,,0,13,0,477783737
gym-big-split-boss,tpa-order,30,Defeat,7,0,7,56,7,0,1,57,-1,,0,5,0,3621943187
gym-big-split-boss,tpa-order,31,Defeat,4,0,4,32,4,0,3,75,-1,,0,2,2,2513443195
gym-big-split-boss,tpa-order,32,Defeat,5,0,5,40,2,0,3,140,-1,,0,4,0,4135496071
gym-big-split-boss,tpa-order,33,Defeat,7,0,7,56,10,0,1,57,-1,,0,5,0,2994114391
gym-big-split-boss,tpa-order,34,Defeat,7,0,7,56,10,0,2,57,-1,,0,6,1,3485794033
gym-big-split-boss,tpa-order,35,Defeat,5,0,5,40,4,0,2,80,-1,,0,3,1,3975000779
gym-big-split-boss,tpa-order,36,Defeat,7,0,7,56,7,0,1,57,-1,,0,4,0,231340863
gym-big-split-boss,tpa-order,37,Defeat,7,0,7,56,5,0,1,71,-1,,0,5,0,2473504513
gym-big-split-boss,tpa-order,38,Defeat,5,0,5,40,5,0,2,60,7,1:7,0,6,0,877130487
gym-big-split-boss,tpa-order,39,Defeat,6,0,6,48,5,0,2,83,-1,,0,4,0,2569257190
gym-big-split-boss,tpa-order,40,Defeat,7,0,7,56,5,0,2,71,-1,,0,5,0,3557632566
gym-big-split-boss,tpa-order,41,Defeat,7,0,7,56,5,0,2,85,-1,,0,5,0,331799415
gym-big-split-boss,tpa-order,42,Defeat,7,0,7,56,7,0,1,57,-1,,0,5,0,3621943187
gym-big-split-boss,tpa-order,43,Defeat,8,0,8,64,4,0,1,50,-1,,0,8,0,3434895285
gym-big-split-boss,tpa-order,44,Defeat,6,0,6,48,7,0,2,83,-1,,0,3,0,1882003980
gym-big-split-boss,tpa-order,45,Defeat,5,0,5,40,2,0,2,80,-1,,0,3,1,3975000779
gym-big-split-boss,tpa-order,46,Defeat,7,0,7,56,10,0,1,57,-1,,0,5,0,3621943187
gym-big-split-boss,tpa-order,47,Defeat,7,0,7,56,7,0,1,57,-1,,0,5,0,3621943187
gym-big-split-boss,tpa-order,48,Defeat,7,0,7,56,7,0,2,71,-1,,0,5,0,3458588980
gym-big-split-boss,tpa-order,49,Defeat,7,0,7,56,9,0,2,71,-1,,0,5,0,419696202
gym-big-split-boss,tpa-order,50,Defeat,6,0,6,48,4,0,2,83,-1,,0,3,0,3241883864
gym-big-split-boss,tpa-order,51,Defeat,21,0,21,168,27,0,2,33,12,1:12,0,34,0,1362248084
gym-big-split-boss,tpa-order,52,Defeat,7,0,7,56,5,0,1,71,-1,,0,5,0,2150378401
gym-big-split-boss,tpa-order,53,Defeat,5,0,5,40,10,0,3,100,-1,,0,3,1,2674496923
gym-big-split-boss,tpa-order,54,Defeat,8,0,8,64,8,0,1,75,-1,,0,6,0,1193055720
gym-big-split-boss,tpa-order,55,Defeat,7,0,7,56,6,0,3,71,-1,,0,7,0,3606857111
gym-big-split-boss,tpa-order,56,Defeat,5,0,5,40,10,0,3,60,-1,,0,3,1,1962074663
gym-big-split-boss,tpa-order,57,Defeat,8,0,8,64,6,0,1,62,-1,,0,5,0,1802339012
gym-big-split-boss,tpa-order,58,Defeat,8,0,8,64,3,0,1,50,-1,,0,6,0,3096430109
gym-big-split-boss,tpa-order,59,Defeat,9,0,9,72,9,0,1,55,-1,,0,10,0,700499249
gym-big-split-boss,tpa-order,60,Defeat,5,0,5,40,5,0,3,60,7,1:7,0,6,0,2822392062
gym-big-split-boss,tpa-order,61,Defeat,7,0,7,56,10,0,1,71,-1,,0,6,0,108170397
gym-big-split-boss,tpa-order,62,Defeat,7,0,7,56,8,0,1,85,-1,,0,5,0,575594791
gym-big-split-boss,tpa-order,63,Defeat,7,0,7,56,3,0,1,71,-1,,0,4,0,3721988971
gym-big-split-boss,tpa-order,64,Defeat,6,0,6,48,10,0,1,83,-1,,0,4,0,3570520841
gym-big-split-boss,tpa-order,65,Defeat,6,0,6,48,15,0,1,83,-1,,0,4,0,4107635629
gym-big-split-boss,tpa-order,66,Defeat,8,0,8,64,6,0,1,62,-1,,0,6,0,3016462110
gym-big-split-boss,tpa-order,67,Defeat,7,0,7,56,5,0,2,85,-1,,0,5,0,198665575
gym-big-split-boss,tpa-order,68,Defeat,5,0,5,40,14,0,3,120,-1,,0,4,1,3974971188
gym-big-split-boss,tpa-order,69,Defeat,6,0,6,48,6,0,1,83,-1,,0,4,0,999812529
gym-big-split-boss,tpa-order,70,Defeat,6,0,6,48,10,0,2,83,-1,,0,4,0,2416265007
gym-big-split-boss,tpa-order,71,Defeat,11,0,11,88,14,0,1,54,-1,,0,12,0,3404836971
gym-big-split-boss,tpa-order,72,Defeat,10,0,10,80,3,0,1,70,-1,,0,12,0,2608570409
gym-big-split-boss,tpa-order,73,Defeat,6,0,6,48,5,0,2,83,-1,,0,6,1,3074332714
gym-big-split-boss,tpa-order,74,Defeat,5,0,5,40,3,0,2,80,-1,,0,3,1,3393589658
gym-big-split-boss,tpa-order,75,Defeat,5,0,5,40,3,0,3,80,-1,,0,3,1,935312877
gym-big-split-boss,tpa-order,76,Defeat,7,0,7,56,3,0,1,71,-1,,0,5,0,2974092175
gym-big-split-boss,tpa-order,77,Defeat,7,0,7,56,11,0,1,57,-1,,0,5,0,4052640169
gym-big-split-boss,tpa-order,78,Defeat,7,0,7,56,13,0,2,85,-1,,0,5,0,3819970929
gym-big-split-boss,tpa-order,79,Defeat,7,0,7,56,7,0,1,57,-1,,0,6,0,3621943187
gym-big-split-boss,tpa-order,80,Defeat,7,0,7,56,3,0,1,57,-1,,0,6,0,4281371905
gym-big-split-boss,tpa-order,81,Defeat,14,0,14,112,19,0,1,57,3,1:3,0,15,0,1733630963
gym-big-split-boss,tpa-order,82,Defeat,8,0,8,64,5,0,1,62,-1,,0,5,0,3286727435
gym-big-split-boss,tpa-order,83,Defeat,5,0,5,40,3,0,3,100,7,1:7,0,5,1,2264064227
gym-big-split-boss,tpa-order,84,Defeat,5,0,5,40,5,0,2,100,-1,,0,3,1,3717830994
gym-big-split-boss,tpa-order,85,Defeat,6,0,6,48,2,0,1,66,-1,,0,4,0,1608308895
gym-big-split-boss,tpa-order,86,Defeat,6,0,6,48,9,0,2,83,-1,,0,3,0,3241883864
gym-big-split-boss,tpa-order,87,Defeat,7,0,7,56,10,0,1,71,-1,,0,5,0,1655740397
gym-big-split-boss,tpa-order,88,Defeat,6,0,6,48,5,0,1,66,-1,,0,4,0,3474784070
gym-big-split-boss,tpa-order,89,Defeat,7,0,7,56,3,0,1,57,-1,,0,5,0,3621943187
gym-big-split-boss,tpa-order,90,Defeat,7,0,7,56,5,0,1,57,-1,,0,4,0,3134442596
gym-big-split-boss,tpa-order,91,Defeat,7,0,7,56,11,0,2,71,-1,,0,6,0,1689003361
gym-big-split-boss,tpa-order,92,Defeat,7,0,7,56,7,0,1,57,-1,,0,5,0,3621943187
gym-big-split-boss,tpa-order,93,Defeat,6,0,6,48,3,0,3,83,-1,,0,5,0,2995768019
gym-big-split-boss,tpa-order,94,Defeat,8,0,8,64,5,0,1,50,-1,,0,5,0,2144809841
gym-big-split-boss,tpa-order,95,Defeat,7,0,7,56,5,0,1,85,-1,,0,3,0,2281252245
gym-big-split-boss,tpa-order,96,Defeat,7,0,7,56,5,0,1,57,-1,,0,5,0,3621943187
gym-big-split-boss,tpa-order,97,Defeat,7,0,7,56,15,0,1,57,-1,,0,5,0,3621943187
gym-big-split-boss,tpa-order,98,Defeat,5,0,5,40,5,0,2,60,7,1:7,0,6,0,877130487
gym-big-split-boss,tpa-order,99,Defeat,7,0,7,56,13,0,1,71,-1,,0,5,0,554479029
gym-big-split-boss,tpa-order,100,Defeat,18,0,18,144,21,0,2,33,3,1:3,0,36,0,2441431025
gym-big-split-boss,tpa-order,101,Defeat,6,0,6,48,8,0,2,83,-1,,0,4,0,1579800360
gym-big-split-boss,tpa-order,102,Defeat,7,0,7,56,5,0,1,57,-1,,0,6,0,3621943187
gym-big-split-boss,tpa-order,103,Defeat,7,0,7,56,7,0,1,57,-1,,0,5,0,3621943187
gym-big-split-boss,tpa-order,104,Defeat,11,0,11,88,8,0,1,63,-1,,0,12,0,439064290
gym-big-split-boss,tpa-order,105,Defeat,6,0,6,48,5,0,2,66,-1,,0,3,0,937296700
gym-big-split-boss,tpa-order,106,Defeat,6,0,6,48,3,0,1,83,-1,,0,4,0,3632522447
gym-big-split-boss,tpa-order,107,Defeat,21,0,21,168,25,0,1,42,3,1:3,0,21,0,1979699756
gym-big-split-boss,tpa-order,108,Defeat,6,0,6,48,4,0,2,83,-1,,0,4,0,78381264
gym-big-split-boss,tpa-order,109,Defeat,7,0,7,56,9,0,1,57,-1,,0,5,0,3621943187
gym-big-split-boss,tpa-order,110,Defeat,6,0,6,48,3,0,2,100,-1,,0,4,0,2624971263
gym-big-split-boss,tpa-order,111,Defeat,6,0,6,48,14,0,1,83,-1,,0,5,0,684009292
gym-big-split-boss,tpa-order,112,Defeat,5,0,5,40,5,0,2,80,-1,,0,3,1,602856709
gym-big-split-boss,tpa-order,113,Defeat,7,0,7,56,14,0,2,71,-1,,0,6,1,197263430
gym-big-split-boss,tpa-order,114,Defeat,6,0,6,48,4,0,2,100,-1,,0,4,0,1788943236
gym-big-split-boss,tpa-order,115,Defeat,6,0,6,48,10,0,2,66,-1,,0,4,0,3842677537
gym-big-split-boss,tpa-order,116,Defeat,9,0,9,72,7,0,2,66,-1,,0,9,0,2023243937
gym-big-split-boss,tpa-order,117,Defeat,7,0,7,56,5,0,1,71,-1,,0,5,0,1104897496
gym-big-split-boss,tpa-order,118,Defeat,7,0,7,56,4,0,1,71,-1,,0,5,0,2473504513
gym-big-split-boss,tpa-order,119,Victory,16,0,16,128,15,20,0,37,7,1:7,0,15,0,1909638528
gym-big-split-boss,tpa-order,120,Defeat,7,0,7,56,4,0,1,71,-1,,0,5,0,3064170082
gym-big-split-boss,tpa-order,121,Defeat,7,0,7,56,2,0,1,71,-1,,0,5,0,4008829266
gym-big-split-boss,tpa-order,122,Defeat,8,0,8,64,5,0,1,75,-1,,0,6,0,2631882088
gym-big-split-boss,tpa-order,123,Defeat,8,0,8,64,11,0,1,75,-1,,0,7,0,1351960522
gym-big-split-boss,tpa-order,124,Defeat,7,0,7,56,3,0,1,71,-1,,0,5,0,1561740461
gym-big-split-boss,tpa-order,125,Defeat,7,0,7,56,5,0,1,57,-1,,0,6,0,3621943187
gym-big-split-boss,tpa-order,126,Defeat,6,0,6,48,11,0,2,100,-1,,0,5,1,2269053046
gym-big-split-boss,tpa-order,127,Defeat,6,0,6,48,8,0,1,66,-1,,0,4,0,3716314852
gym-big-split-boss,tpa-order,128,Defeat,5,0,5,40,9,0,3,80,-1,,0,3,1,1674907097
gym-big-split-boss,tpa-order,129,Defeat,7,0,7,56,10,0,1,71,-1,,0,5,0,1847715239
gym-big-split-boss,tpa-order,130,Defeat,8,0,8,64,5,0,1,50,-1,,0,5,0,3096430109
gym-big-split-boss,tpa-order,131,Defeat,7,0,7,56,8,0,1,57,-1,,0,5,0,3621943187
gym-big-split-boss,tpa-order,132,Defeat,7,0,7,56,16,0,2,71,-1,,0,5,0,1398729889
gym-big-split-boss,tpa-order,133,Defeat,7,0,7,56,4,0,1,71,-1,,0,5,0,2473504513
gym-big-split-boss,tpa-order,134,Defeat,7,0,7,56,9,0,1,57,-1,,0,5,0,1298209241
gym-big-split-boss,tpa-order,135,Defeat,7,0,7,56,15,0,1,57,-1,,0,5,0,1744517873
gym-big-split-boss,tpa-order,136,Defeat,6,0,6,48,5,0,3,116,7,1:7,0,9,0,348609629
gym-big-split-boss,tpa-order,137,Defeat,13,0,13,104,18,0,1,53,3,1:3,0,21,0,3045441138
gym-big-split-boss,tpa-order,138,Defeat,7,0,7,56,5,0,1,71,-1,,0,3,0,2377904004
gym-big-split-boss,tpa-order,139,Defeat,7,0,7,56,7,0,1,57,-1,,0,5,0,3621943187
gym-big-split-boss,tpa-order,140,Defeat,9,0,9,72,12,0,1,55,-1,,0,7,0,2580419266
gym-big-split-boss,tpa-order,141,Defeat,7,0,7,56,5,0,1,71,-1,,0,5,0,3631661331
gym-big-split-boss,tpa-order,142,Defeat,10,0,10,80,9,0,2,70,-1,,0,16,0,2316705155
gym-big-split-boss,tpa-order,143,Defeat,5,0,5,40,5,0,2,60,7,1:7,0,6,0,877130487
gym-big-split-boss,tpa-order,144,Defeat,12,0,12,96,11,0,1,58,-1,,0,11,0,2432121186
gym-big-split-boss,tpa-order,145,Victory,12,0,12,96,10,15,0,50,3,1:3,0,9,0,2201815696
gym-big-split-boss,tpa-order,146,Defeat,9,0,9,72,6,0,1,66,-1,,0,5,0,2467685543
gym-big-split-boss,tpa-order,147,Defeat,6,0,6,48,5,0,2,100,-1,,0,4,0,3303183762
gym-big-split-boss,tpa-order,148,Defeat,6,0,6,48,10,0,1,83,-1,,0,5,0,3632522447
gym-big-split-boss,tpa-order,149,Defeat,8,0,8,64,6,0,1,62,-1,,0,5,0,1718593157
gym-big-split-boss,tpa-order,150,Defeat,7,0,7,56,4,0,2,85,-1,,0,6,1,2162495699
gym-big-split-boss,tpa-order,151,Defeat,5,0,5,40,5,0,3,80,-1,,0,2,1,2496403994
gym-big-split-boss,tpa-order,152,Defeat,7,0,7,56,15,0,1,57,-1,,0,5,0,1678196689
gym-big-split-boss,tpa-order,153,Defeat,5,0,5,40,10,0,2,80,-1,,0,3,0,1881466210
gym-big-split-boss,tpa-order,154,Defeat,9,0,9,72,3,0,2,88,3,1:3,0,9,0,1103697474
gym-big-split-boss,tpa-order,155,Defeat,7,0,7,56,4,0,1,71,-1,,0,5,0,2473504513
gym-big-split-boss,tpa-order,156,Defeat,7,0,7,56,7,0,2,85,-1,,0,6,0,4013100119
gym-big-split-boss,tpa-order,157,Defeat,6,0,6,48,2,0,2,83,-1,,0,4,0,2864175412
gym-big-split-boss,tpa-order,158,Defeat,7,0,7,56,5,0,1,57,-1,,0,5,0,3621943187
gym-big-split-boss,tpa-order,159,Defeat,6,0,6,48,12,0,2,83,-1,,0,4,0,1003029218
gym-big-split-boss,tpa-order,160,Defeat,7,0,7,56,8,0,1,71,-1,,0,6,0,444551376
gym-big-split-boss,tpa-order,161,Defeat,7,0,7,56,13,0,1,57,-1,,0,6,0,2567396733
gym-big-split-boss,tpa-order,162,Defeat,7,0,7,56,7,0,1,71,-1,,0,4,0,3631661331
gym-big-split-boss,tpa-order,163,Defeat,8,0,8,64,5,0,1,50,-1,,0,5,0,2847303543
gym-big-split-boss,tpa-order,164,Defeat,6,0,6,48,15,0,2,100,-1,,0,5,1,2763814406
gym-big-split-boss,tpa-order,165,Defeat,7,0,7,56,7,0,1,57,-1,,0,5,0,3621943187
gym-big-split-boss,tpa-order,166,Defeat,6,0,6,48,3,0,2,83,-1,,0,4,0,1603338095
gym-big-split-boss,tpa-order,167,Defeat,8,0,8,64,8,0,1,37,-1,,0,6,0,3806529216
gym-big-split-boss,tpa-order,168,Defeat,7,0,7,56,7,0,1,57,-1,,0,5,0,3621943187
gym-big-split-boss,tpa-order,169,Defeat,7,0,7,56,7,0,1,57,-1,,0,6,0,3621943187
gym-big-split-boss,tpa-order,170,Defeat,5,0,5,40,11,0,3,100,7,1:7,0,7,0,1633070487
gym-big-split-boss,tpa-order,171,Defeat,6,0,6,48,5,0,1,66,-1,,0,4,1,1608343210
gym-big-split-boss,tpa-order,172,Defeat,5,0,5,40,3,0,2,80,7,1:7,0,6,0,2093904063
gym-big-split-boss,tpa-order,173,Defeat,6,0,6,48,4,0,2,83,-1,,0,4,0,3275358849
gym-big-split-boss,tpa-order,174,Defeat,8,0,8,64,5,0,1,75,-1,,0,7,0,1569121086
gym-big-split-boss,tpa-order,175,Defeat,6,0,6,48,3,0,2,100,-1,,0,5,0,2468388856
gym-big-split-boss,tpa-order,176,Defeat,9,0,9,72,5,0,1,55,-1,,0,6,0,734961066
gym-big-split-boss,tpa-order,177,Defeat,6,0,6,48,5,0,2,66,-1,,0,3,0,3406141390
gym-big-split-boss,tpa-order,178,Defeat,7,0,7,56,5,0,1,57,-1,,0,4,0,1532511185
gym-big-split-boss,tpa-order,179,Defeat,7,0,7,56,4,0,1,71,-1,,0,5,0,172590279
gym-big-split-boss,tpa-order,180,Defeat,5,0,5,40,4,0,2,100,-1,,0,2,1,601436218
gym-big-split-boss,tpa-order,181,Defeat,7,0,7,56,7,0,1,57,-1,,0,5,0,3621943187
gym-big-split-boss,tpa-order,182,Defeat,6,0,6,48,11,0,2,66,-1,,0,4,0,944807696
gym-big-split-boss,tpa-order,183,Defeat,7,0,7,56,15,0,1,57,-1,,0,5,0,1744517873
gym-big-split-boss,tpa-order,184,Defeat,6,0,6,48,10,0,2,83,-1,,0,4,0,2416265007
gym-big-split-boss,tpa-order,185,Defeat,6,0,6,48,8,0,2,66,-1,,0,4,0,3842677537
gym-big-split-boss,tpa-order,186,Defeat,14,0,14,112,16,0,1,42,-1,,0,16,0,4007421145
gym-big-split-boss,tpa-order,187,Defeat,7,0,7,56,7,0,1,57,-1,,0,5,0,3621943187
gym-big-split-boss,tpa-order,188,Defeat,7,0,7,56,7,0,1,57,-1,,0,5,0,3621943187
gym-big-split-boss,tpa-order,189,Defeat,6,0,6,48,0,0,2,83,7,1:7,0,7,1,176663189
gym-big-split-boss,tpa-order,190,Defeat,6,0,6,48,5,0,2,100,-1,,0,4,0,1494773556
gym-big-split-boss,tpa-order,191,Defeat,6,0,6,48,9,0,2,116,-1,,0,4,0,4210297749
gym-big-split-boss,tpa-order,192,Defeat,7,0,7,56,14,0,1,57,-1,,0,4,0,3023310624
gym-big-split-boss,tpa-order,193,Defeat,6,0,6,48,5,0,2,83,-1,,0,4,0,264557473
gym-big-split-boss,tpa-order,194,Defeat,6,0,6,48,3,0,1,83,-1,,0,4,0,401262127
gym-big-split-boss,tpa-order,195,Defeat,6,0,6,48,12,0,2,66,-1,,0,4,0,4022726153
gym-big-split-boss,tpa-order,196,Defeat,5,0,5,40,3,0,3,60,-1,,0,5,1,878201262
gym-big-split-boss,tpa-order,197,Defeat,6,0,6,48,6,0,2,83,-1,,0,5,1,3889244378
gym-big-split-boss,tpa-order,198,Defeat,6,0,6,48,3,0,2,66,-1,,0,3,0,3648286521
gym-big-split-boss,tpa-order,199,Defeat,5,0,5,40,20,0,2,80,-1,,0,3,1,2111067427
gym-big-split-boss,tpa-order,200,Defeat,7,0,7,56,10,0,1,57,-1,,0,5,0,3621943187
gym-big-split-boss,decapitate,1,Defeat,7,0,7,56,7,0,1,71,-1,,0,5,0,2473504513
gym-big-split-boss,decapitate,2,Defeat,6,0,6,48,8,0,2,66,-1,,0,3,0,1528670932
gym-big-split-boss,decapitate,3,Defeat,7,0,7,56,5,0,1,71,-1,,0,6,0,4287684457
gym-big-split-boss,decapitate,4,Defeat,8,0,8,64,4,0,2,62,3,1:3,0,8,0,329755901
gym-big-split-boss,decapitate,5,Defeat,7,0,7,56,15,0,1,57,-1,,0,5,0,142758639
gym-big-split-boss,decapitate,6,Defeat,7,0,7,56,5,0,1,57,-1,,0,5,0,3621943187
gym-big-split-boss,decapitate,7,Defeat,7,0,7,56,6,0,1,71,-1,,0,6,0,1958092443
gym-big-split-boss,decapitate,8,Defeat,5,0,5,40,10,0,2,80,-1,,0,3,1,2090982712
gym-big-split-boss,decapitate,9,Defeat,5,0,5,40,5,0,4,120,-1,,0,5,1,1254638573
gym-big-split-boss,decapitate,10,Defeat,28,0,28,224,35,0,1,32,3,1:3,0,27,0,438985990
gym-big-split-boss,decapitate,11,Defeat,7,0,7,56,7,0,1,57,-1,,0,5,0,3621943187
gym-big-split-boss,decapitate,12,Defeat,7,0,7,56,7,0,2,71,-1,,0,5,0,1197098475
gym-big-split-boss,decapitate,13,Defeat,6,0,6,48,6,0,2,66,-1,,0,3,0,937296700
gym-big-split-boss,decapitate,14,Defeat,7,0,7,56,8,0,2,85,-1,,0,5,0,667233431
gym-big-split-boss,decapitate,15,Defeat,5,0,5,40,12,0,3,80,-1,,0,3,0,589315061
gym-big-split-boss,decapitate,16,Defeat,8,0,8,64,3,0,1,62,-1,,0,7,0,1873798671
gym-big-split-boss,decapitate,17,Defeat,7,0,7,56,3,0,1,71,-1,,0,5,0,444551376
gym-big-split-boss,decapitate,18,Defeat,7,0,7,56,4,0,1,71,-1,,0,4,0,3536934932
gym-big-split-boss,decapitate,19,Defeat,6,0,6,48,5,0,2,83,-1,,0,3,0,1101285298
gym-big-split-boss,decapitate,20,Defeat,7,0,7,56,5,0,1,57,-1,,0,5,0,3621943187
gym-big-split-boss,decapitate,21,Defeat,12,0,12,96,15,0,1,50,3,1:3,0,9,0,4045535843
gym-big-split-boss,decapitate,22,Defeat,6,0,6,48,5,0,2,83,7,1:7,0,9,0,1272990497
gym-big-split-boss,decapitate,23,Defeat,7,0,7,56,5,0,1,57,-1,,0,5,0,3621943187
gym-big-split-boss,decapitate,24,Defeat,5,0,5,40,5,0,3,60,7,1:7,0,6,0,3780063226
gym-big-split-boss,decapitate,25,Defeat,6,0,6,48,6,0,1,100,-1,,0,4,0,3851104605
gym-big-split-boss,decapitate,26,Defeat,7,0,7,56,4,0,1,57,-1,,0,4,0,1734376007
gym-big-split-boss,decapitate,27,Defeat,14,0,14,112,12,0,2,71,3,1:3,0,22,0,2760273679
gym-big-split-boss,decapitate,28,Defeat,8,0,8,64,2,0,2,62,3,1:3,0,8,0,793369959
gym-big-split-boss,decapitate,29,Defeat,10,0,10,80,14,0,3,90,-1,,0,14,0,2798010229
gym-big-split-boss,decapitate,30,Defeat,7,0,7,56,7,0,1,57,-1,,0,5,0,3621943187
gym-big-split-boss,decapitate,31,Defeat,4,0,4,32,4,0,3,75,-1,,0,2,2,2513443195
gym-big-split-boss,decapitate,32,Defeat,4,0,4,32,2,0,4,150,-1,,0,2,1,639878999
gym-big-split-boss,decapitate,33,Defeat,7,0,7,56,10,0,1,57,-1,,0,5,0,2994114391
gym-big-split-boss,decapitate,34,Defeat,7,0,7,56,10,0,2,57,-1,,0,6,1,3485794033
gym-big-split-boss,decapitate,35,Defeat,5,0,5,40,4,0,2,80,-1,,0,3,1,3975000779
gym-big-split-boss,decapitate,36,Defeat,7,0,7,56,7,0,1,57,-1,,0,4,0,231340863
gym-big-split-boss,decapitate,37,Defeat,7,0,7,56,5,0,1,71,-1,,0,5,0,2473504513
gym-big-split-boss,decapitate,38,Defeat,5,0,5,40,5,0,2,60,7,1:7,0,6,0,877130487
gym-big-split-boss,decapitate,39,Defeat,6,0,6,48,5,0,2,83,-1,,0,4,0,2569257190
gym-big-split-boss,decapitate,40,Defeat,7,0,7,56,5,0,2,71,-1,,0,5,0,3557632566
gym-big-split-boss,decapitate,41,Defeat,7,0,7,56,5,0,2,85,-1,,0,5,0,331799415
gym-big-split-boss,decapitate,42,Defeat,7,0,7,56,7,0,1,57,-1,,0,5,0,3621943187
gym-big-split-boss,decapitate,43,Defeat,8,0,8,64,4,0,1,50,-1,,0,8,0,3434895285
gym-big-split-boss,decapitate,44,Defeat,6,0,6,48,7,0,2,83,-1,,0,3,0,1882003980
gym-big-split-boss,decapitate,45,Defeat,5,0,5,40,2,0,2,80,-1,,0,3,1,3975000779
gym-big-split-boss,decapitate,46,Defeat,7,0,7,56,10,0,1,57,-1,,0,5,0,3621943187
gym-big-split-boss,decapitate,47,Defeat,7,0,7,56,7,0,1,57,-1,,0,5,0,3621943187
gym-big-split-boss,decapitate,48,Defeat,7,0,7,56,7,0,2,71,-1,,0,5,0,3458588980
gym-big-split-boss,decapitate,49,Defeat,7,0,7,56,9,0,2,71,-1,,0,5,0,419696202
gym-big-split-boss,decapitate,50,Defeat,6,0,6,48,4,0,2,83,-1,,0,3,0,3241883864
gym-big-split-boss,decapitate,51,Defeat,21,0,21,168,27,0,2,33,12,1:12,0,34,0,1362248084
gym-big-split-boss,decapitate,52,Defeat,7,0,7,56,5,0,1,71,-1,,0,5,0,2150378401
gym-big-split-boss,decapitate,53,Defeat,5,0,5,40,10,0,3,100,-1,,0,3,1,2674496923
gym-big-split-boss,decapitate,54,Defeat,8,0,8,64,8,0,1,75,-1,,0,6,0,1193055720
gym-big-split-boss,decapitate,55,Defeat,7,0,7,56,6,0,3,71,-1,,0,7,0,3606857111
gym-big-split-boss,decapitate,56,Defeat,5,0,5,40,10,0,3,60,-1,,0,3,1,1962074663
gym-big-split-boss,decapitate,57,Defeat,8,0,8,64,6,0,1,62,-1,,0,5,0,1802339012
gym-big-split-boss,decapitate,58,Defeat,8,0,8,64,3,0,1,50,-1,,0,6,0,3096430109
gym-big-split-boss,decapitate,59,Defeat,9,0,9,72,9,0,1,55,-1,,0,10,0,700499249
gym-big-split-boss,decapitate,60,Defeat,5,0,5,40,5,0,3,60,7,1:7,0,6,0,2822392062
gym-big-split-boss,decapitate,61,Defeat,7,0,7,56,10,0,1,71,-1,,0,6,0,108170397
gym-big-split-boss,decapitate,62,Defeat,7,0,7,56,8,0,1,85,-1,,0,5,0,575594791
gym-big-split-boss,decapitate,63,Defeat,7,0,7,56,3,0,1,71,-1,,0,4,0,3721988971
gym-big-split-boss,decapitate,64,Defeat,6,0,6,48,10,0,1,83,-1,,0,4,0,3570520841
gym-big-split-boss,decapitate,65,Defeat,6,0,6,48,15,0,1,83,-1,,0,4,0,4107635629
gym-big-split-boss,decapitate,66,Defeat,8,0,8,64,6,0,1,62,-1,,0,6,0,3016462110
gym-big-split-boss,decapitate,67,Defeat,7,0,7,56,5,0,2,85,-1,,0,5,0,198665575
gym-big-split-boss,decapitate,68,Defeat,5,0,5,40,14,0,3,120,-1,,0,4,1,3974971188
gym-big-split-boss,decapitate,69,Defeat,6,0,6,48,6,0,1,83,-1,,0,4,0,999812529
gym-big-split-boss,decapitate,70,Defeat,6,0,6,48,10,0,2,83,-1,,0,4,0,2416265007
gym-big-split-boss,decapitate,71,Defeat,11,0,11,88,14,0,1,54,-1,,0,12,0,3404836971
gym-big-split-boss,decapitate,72,Defeat,10,0,10,80,3,0,1,70,-1,,0,12,0,2608570409
gym-big-split-boss,decapitate,73,Defeat,6,0,6,48,5,0,2,83,-1,,0,6,1,3074332714
gym-big-split-boss,decapitate,74,Defeat,5,0,5,40,3,0,2,80,-1,,0,3,1,3393589658
gym-big-split-boss,decapitate,75,Defeat,5,0,5,40,3,0,3,80,-1,,0,3,1,935312877
gym-big-split-boss,decapitate,76,Defeat,7,0,7,56,3,0,1,71,-1,,0,5,0,2974092175
gym-big-split-boss,decapitate,77,Defeat,7,0,7,56,11,0,1,57,-1,,0,5,0,4052640169
gym-big-split-boss,decapitate,78,Defeat,7,0,7,56,13,0,2,85,-1,,0,5,0,3819970929
gym-big-split-boss,decapitate,79,Defeat,7,0,7,56,7,0,1,57,-1,,0,6,0,3621943187
gym-big-split-boss,decapitate,80,Defeat,7,0,7,56,3,0,2,71,-1,,0,6,0,416231370
gym-big-split-boss,decapitate,81,Defeat,14,0,14,112,19,0,1,57,3,1:3,0,15,0,1733630963
gym-big-split-boss,decapitate,82,Defeat,8,0,8,64,5,0,1,62,-1,,0,5,0,3286727435
gym-big-split-boss,decapitate,83,Defeat,5,0,5,40,3,0,3,100,7,1:7,0,5,1,2264064227
gym-big-split-boss,decapitate,84,Defeat,5,0,5,40,5,0,2,100,-1,,0,3,1,3717830994
gym-big-split-boss,decapitate,85,Defeat,6,0,6,48,2,0,1,66,-1,,0,4,0,1608308895
gym-big-split-boss,decapitate,86,Defeat,6,0,6,48,9,0,2,83,-1,,0,3,0,3241883864
gym-big-split-boss,decapitate,87,Defeat,7,0,7,56,10,0,1,71,-1,,0,5,0,1655740397
gym-big-split-boss,decapitate,88,Defeat,6,0,6,48,5,0,1,66,-1,,0,4,0,3474784070
gym-big-split-boss,decapitate,89,Defeat,7,0,7,56,3,0,1,57,-1,,0,5,0,3621943187
gym-big-split-boss,decapitate,90,Defeat,7,0,7,56,5,0,1,57,-1,,0,4,0,3134442596
gym-big-split-boss,decapitate,91,Defeat,7,0,7,56,11,0,2,71,-1,,0,6,0,1689003361
gym-big-split-boss,decapitate,92,Defeat,7,0,7,56,7,0,1,57,-1,,0,5,0,3621943187
gym-big-split-boss,decapitate,93,Defeat,6,0,6,48,3,0,3,83,-1,,0,5,0,2995768019
gym-big-split-boss,decapitate,94,Defeat,8,0,8,64,5,0,1,50,-1,,0,5,0,2144809841
gym-big-split-boss,decapitate,95,Defeat,7,0,7,56,5,0,1,85,-1,,0,3,0,2281252245
gym-big-split-boss,decapitate,96,Defeat,7,0,7,56,5,0,1,57,-1,,0,5,0,3621943187
gym-big-split-boss,decapitate,97,Defeat,7,0,7,56,15,0,1,57,-1,,0,5,0,3621943187
gym-big-split-boss,decapitate,98,Defeat,5,0,5,40,5,0,2,60,7,1:7,0,6,0,877130487
gym-big-split-boss,decapitate,99,Defeat,7,0,7,56,13,0,1,71,-1,,0,5,0,554479029
gym-big-split-boss,decapitate,100,Defeat,18,0,18,144,21,0,2,33,3,1:3,0,36,0,2441431025
gym-big-split-boss,decapitate,101,Defeat,6,0,6,48,8,0,2,83,-1,,0,4,0,1579800360
gym-big-split-boss,decapitate,102,Defeat,7,0,7,56,5,0,1,57,-1,,0,6,0,3621943187
gym-big-split-boss,decapitate,103,Defeat,7,0,7,56,7,0,1,57,-1,,0,5,0,3621943187
gym-big-split-boss,decapitate,104,Defeat,10,0,10,80,8,0,2,80,-1,,0,12,0,142793424
gym-big-split-boss,decapitate,105,Defeat,6,0,6,48,5,0,2,66,-1,,0,3,0,937296700
gym-big-split-boss,decapitate,106,Defeat,6,0,6,48,3,0,1,83,-1,,0,4,0,3632522447
gym-big-split-boss,decapitate,107,Defeat,21,0,21,168,25,0,1,42,3,1:3,0,21,0,1979699756
gym-big-split-boss,decapitate,108,Defeat,6,0,6,48,4,0,2,83,-1,,0,4,0,78381264
gym-big-split-boss,decapitate,109,Defeat,7,0,7,56,9,0,1,57,-1,,0,5,0,3621943187
gym-big-split-boss,decapitate,110,Defeat,6,0,6,48,3,0,2,100,-1,,0,4,0,2624971263
gym-big-split-boss,decapitate,111,Defeat,6,0,6,48,14,0,1,83,-1,,0,5,0,684009292
gym-big-split-boss,decapitate,112,Defeat,5,0,5,40,5,0,2,80,-1,,0,3,1,602856709
gym-big-split-boss,decapitate,113,Defeat,7,0,7,56,14,0,2,71,-1,,0,6,1,197263430
gym-big-split-boss,decapitate,114,Defeat,6,0,6,48,4,0,2,100,-1,,0,4,0,1788943236
gym-big-split-boss,decapitate,115,Defeat,6,0,6,48,10,0,2,66,-1,,0,4,0,3842677537
gym-big-split-boss,decapitate,116,Defeat,9,0,9,72,7,0,2,66,-1,,0,9,0,2023243937
gym-big-split-boss,decapitate,117,Defeat,7,0,7,56,5,0,1,71,-1,,0,5,0,1104897496
gym-big-split-boss,decapitate,118,Defeat,7,0,7,56,4,0,1,71,-1,,0,5,0,2473504513
gym-big-split-boss,decapitate,119,Victory,16,0,16,128,15,20,0,37,7,1:7,0,15,0,1909638528
gym-big-split-boss,decapitate,120,Defeat,7,0,7,56,4,0,1,71,-1,,0,5,0,3064170082
gym-big-split-boss,decapitate,121,Defeat,7,0,7,56,2,0,2,85,-1,,0,5,0,2586598424
gym-big-split-boss,decapitate,122,Defeat,8,0,8,64,5,0,1,75,-1,,0,6,0,2631882088
gym-big-split-boss,decapitate,123,Defeat,8,0,8,64,11,0,1,75,-1,,0,7,0,1351960522
gym-big-split-boss,decapitate,124,Defeat,7,0,7,56,3,0,1,71,-1,,0,5,0,1561740461
gym-big-split-boss,decapitate,125,Defeat,7,0,7,56,5,0,1,57,-1,,0,6,0,3621943187
gym-big-split-boss,decapitate,126,Defeat,6,0,6,48,11,0,2,100,-1,,0,5,1,2269053046
gym-big-split-boss,decapitate,127,Defeat,6,0,6,48,8,0,1,66,-1,,0,4,0,3716314852
gym-big-split-boss,decapitate,128,Defeat,5,0,5,40,9,0,3,80,-1,,0,3,1,1674907097
gym-big-split-boss,decapitate,129,Defeat,7,0,7,56,10,0,1,71,-1,,0,5,0,1847715239
gym-big-split-boss,decapitate,130,Defeat,8,0,8,64,5,0,1,50,-1,,0,5,0,3096430109
gym-big-split-boss,decapitate,131,Defeat,7,0,7,56,8,0,1,57,-1,,0,5,0,3621943187
gym-big-split-boss,decapitate,132,Defeat,7,0,7,56,16,0,2,71,-1,,0,5,0,1398729889
gym-big-split-boss,decapitate,133,Defeat,7,0,7,56,4,0,1,71,-1,,0,5,0,2473504513
gym-big-split-boss,decapitate,134,Defeat,7,0,7,56,9,0,1,57,-1,,0,5,0,1298209241
gym-big-split-boss,decapitate,135,Defeat,7,0,7,56,15,0,1,57,-1,,0,5,0,1744517873
gym-big-split-boss,decapitate,136,Defeat,5,0,5,40,5,0,4,80,7,1:7,0,7,1,2236289798
gym-big-split-boss,decapitate,137,Defeat,13,0,13,104,18,0,1,53,3,1:3,0,21,0,3045441138
gym-big-split-boss,decapitate,138,Defeat,7,0,7,56,5,0,1,71,-1,,0,3,0,2377904004
gym-big-split-boss,decapitate,139,Defeat,7,0,7,56,7,0,1,57,-1,,0,5,0,3621943187
gym-big-split-boss,decapitate,140,Defeat,9,0,9,72,12,0,1,55,-1,,0,7,0,2580419266
gym-big-split-boss,decapitate,141,Defeat,7,0,7,56,5,0,1,71,-1,,0,5,0,3631661331
gym-big-split-boss,decapitate,142,Defeat,10,0,10,80,9,0,2,70,-1,,0,16,0,2316705155
gym-big-split-boss,decapitate,143,Defeat,5,0,5,40,5,0,2,60,7,1:7,0,6,0,877130487
gym-big-split-boss,decapitate,144,Defeat,12,0,12,96,11,0,1,58,-1,,0,11,0,2432121186
gym-big-split-boss,decapitate,145,Victory,12,0,12,96,10,15,0,50,3,1:3,0,9,0,2201815696
gym-big-split-boss,decapitate,146,Defeat,9,0,9,72,6,0,1,66,-1,,0,5,0,2467685543
gym-big-split-boss,decapitate,147,Defeat,6,0,6,48,5,0,2,100,-1,,0,4,0,3303183762
gym-big-split-boss,decapitate,148,Defeat,6,0,6,48,10,0,1,83,-1,,0,5,0,3632522447
gym-big-split-boss,decapitate,149,Defeat,8,0,8,64,6,0,1,62,-1,,0,5,0,1718593157
gym-big-split-boss,decapitate,150,Defeat,7,0,7,56,4,0,2,85,-1,,0,6,1,351299092
gym-big-split-boss,decapitate,151,Defeat,5,0,5,40,5,0,3,80,-1,,0,2,1,2496403994
gym-big-split-boss,decapitate,152,Defeat,7,0,7,56,15,0,1,57,-1,,0,5,0,1678196689
gym-big-split-boss,decapitate,153,Defeat,5,0,5,40,10,0,2,80,-1,,0,3,0,1881466210
gym-big-split-boss,decapitate,154,Defeat,9,0,9,72,3,0,2,88,3,1:3,0,9,0,1103697474
gym-big-split-boss,decapitate,155,Defeat,7,0,7,56,4,0,1,71,-1,,0,5,0,2473504513
gym-big-split-boss,decapitate,156,Defeat,7,0,7,56,7,0,2,85,-1,,0,6,0,4013100119
gym-big-split-boss,decapitate,157,Defeat,6,0,6,48,2,0,2,83,-1,,0,4,0,2864175412
gym-big-split-boss,decapitate,158,Defeat,7,0,7,56,5,0,1,57,-1,,0,5,0,3621943187
gym-big-split-boss,decapitate,159,Defeat,6,0,6,48,12,0,2,83,-1,,0,4,0,1003029218
gym-big-split-boss,decapitate,160,Defeat,7,0,7,56,8,0,1,71,-1,,0,6,0,444551376
gym-big-split-boss,decapitate,161,Defeat,7,0,7,56,13,0,1,57,-1,,0,6,0,2567396733
gym-big-split-boss,decapitate,162,Defeat,7,0,7,56,7,0,1,71,-1,,0,4,0,3631661331
gym-big-split-boss,decapitate,163,Defeat,8,0,8,64,5,0,1,50,-1,,0,5,0,2847303543
gym-big-split-boss,decapitate,164,Defeat,6,0,6,48,15,0,2,100,-1,,0,5,1,2763814406
gym-big-split-boss,decapitate,165,Defeat,7,0,7,56,7,0,1,57,-1,,0,5,0,3621943187
gym-big-split-boss,decapitate,166,Defeat,6,0,6,48,3,0,2,83,-1,,0,4,0,1603338095
gym-big-split-boss,decapitate,167,Defeat,8,0,8,64,8,0,1,37,-1,,0,6,0,3806529216
gym-big-split-boss,decapitate,168,Defeat,7,0,7,56,7,0,1,57,-1,,0,5,0,3621943187
gym-big-split-boss,decapitate,169,Defeat,7,0,7,56,7,0,1,57,-1,,0,6,0,3621943187
gym-big-split-boss,decapitate,170,Defeat,5,0,5,40,11,0,3,100,7,1:7,0,7,0,1633070487
gym-big-split-boss,decapitate,171,Defeat,6,0,6,48,5,0,1,66,-1,,0,4,1,1608343210
gym-big-split-boss,decapitate,172,Defeat,5,0,5,40,3,0,2,80,7,1:7,0,6,0,2093904063
gym-big-split-boss,decapitate,173,Defeat,6,0,6,48,4,0,2,83,-1,,0,4,0,3275358849
gym-big-split-boss,decapitate,174,Defeat,8,0,8,64,5,0,1,75,-1,,0,7,0,1569121086
gym-big-split-boss,decapitate,175,Defeat,6,0,6,48,3,0,2,100,-1,,0,5,0,2468388856
gym-big-split-boss,decapitate,176,Defeat,9,0,9,72,5,0,1,55,-1,,0,6,0,734961066
gym-big-split-boss,decapitate,177,Defeat,6,0,6,48,5,0,2,66,-1,,0,3,0,3406141390
gym-big-split-boss,decapitate,178,Defeat,7,0,7,56,5,0,1,57,-1,,0,4,0,1532511185
gym-big-split-boss,decapitate,179,Defeat,7,0,7,56,4,0,1,71,-1,,0,5,0,172590279
gym-big-split-boss,decapitate,180,Defeat,11,0,11,88,12,0,1,54,3,1:3,0,7,0,302112168
gym-big-split-boss,decapitate,181,Defeat,7,0,7,56,7,0,1,57,-1,,0,5,0,3621943187
gym-big-split-boss,decapitate,182,Defeat,6,0,6,48,11,0,2,66,-1,,0,4,0,944807696
gym-big-split-boss,decapitate,183,Defeat,7,0,7,56,15,0,1,57,-1,,0,5,0,1744517873
gym-big-split-boss,decapitate,184,Defeat,6,0,6,48,10,0,2,83,-1,,0,4,0,2416265007
gym-big-split-boss,decapitate,185,Defeat,6,0,6,48,8,0,2,66,-1,,0,4,0,3842677537
gym-big-split-boss,decapitate,186,Defeat,14,0,14,112,16,0,1,42,-1,,0,16,0,4007421145
gym-big-split-boss,decapitate,187,Defeat,7,0,7,56,7,0,1,57,-1,,0,5,0,3621943187
gym-big-split-boss,decapitate,188,Defeat,7,0,7,56,7,0,1,57,-1,,0,5,0,3621943187
gym-big-split-boss,decapitate,189,Defeat,6,0,6,48,0,0,3,100,7,1:7,0,7,1,4273126062
gym-big-split-boss,decapitate,190,Defeat,6,0,6,48,5,0,2,100,-1,,0,4,0,1494773556
gym-big-split-boss,decapitate,191,Defeat,6,0,6,48,9,0,2,116,-1,,0,4,0,4210297749
gym-big-split-boss,decapitate,192,Defeat,7,0,7,56,14,0,2,71,-1,,0,4,0,358109803
gym-big-split-boss,decapitate,193,Defeat,6,0,6,48,5,0,2,83,-1,,0,4,0,264557473
gym-big-split-boss,decapitate,194,Defeat,5,0,5,40,3,0,3,80,-1,,0,3,1,2910503844
gym-big-split-boss,decapitate,195,Defeat,6,0,6,48,12,0,2,66,-1,,0,4,0,4022726153
gym-big-split-boss,decapitate,196,Defeat,5,0,5,40,3,0,3,60,-1,,0,5,1,878201262
gym-big-split-boss,decapitate,197,Defeat,6,0,6,48,6,0,2,83,-1,,0,5,1,3889244378
gym-big-split-boss,decapitate,198,Defeat,6,0,6,48,3,0,2,66,-1,,0,3,0,3648286521
gym-big-split-boss,decapitate,199,Defeat,5,0,5,40,20,0,2,80,-1,,0,3,1,2111067427
gym-big-split-boss,decapitate,200,Defeat,7,0,7,56,10,0,1,57,-1,,0,5,0,3621943187
gym-big-split-boss,charge,1,Defeat,6,0,6,48,6,0,1,66,-1,,0,3,0,832155378
gym-big-split-boss,charge,2,Defeat,4,0,4,32,4,0,2,75,-1,,0,1,2,4255764632
gym-big-split-boss,charge,3,Defeat,4,0,4,32,8,0,2,75,-1,,0,2,1,2886962172
gym-big-split-boss,charge,4,Defeat,7,0,7,56,12,0,2,71,-1,,0,5,0,4162575441
gym-big-split-boss,charge,5,Defeat,5,0,5,40,4,0,2,60,-1,,0,1,2,2219007878
gym-big-split-boss,charge,6,Defeat,5,0,5,40,4,0,2,80,-1,,0,2,1,1350699615
gym-big-split-boss,charge,7,Defeat,3,0,3,24,12,0,3,100,-1,,0,1,3,1336528771
gym-big-split-boss,charge,8,Defeat,4,0,4,32,4,0,3,75,-1,,0,1,2,2926764360
gym-big-split-boss,charge,9,Defeat,5,0,5,40,6,0,2,80,-1,,0,1,2,1259532752
gym-big-split-boss,charge,10,Defeat,3,0,3,24,8,0,4,133,-1,,0,1,2,2272822568
gym-big-split-boss,charge,11,Defeat,4,0,4,32,4,0,2,75,-1,,0,1,2,4255764632
gym-big-split-boss,charge,12,Defeat,4,0,4,32,4,0,2,75,-1,,0,1,2,4255764632
gym-big-split-boss,charge,13,Defeat,6,0,6,48,8,0,2,66,-1,,0,1,0,4265602069
gym-big-split-boss,charge,14,Defeat,5,0,5,40,5,0,2,80,-1,,0,2,1,2397309720
gym-big-split-boss,charge,15,Defeat,4,0,4,32,4,0,3,75,-1,,0,1,2,3127423832
gym-big-split-boss,charge,16,Defeat,4,0,4,32,4,0,2,75,-1,,0,0,2,602243402
gym-big-split-boss,charge,17,Defeat,4,0,4,32,2,0,2,75,-1,,0,1,2,4255764632
gym-big-split-boss,charge,18,Defeat,4,0,4,32,4,0,2,75,-1,,0,1,2,124064564
gym-big-split-boss,charge,19,Defeat,4,0,4,32,4,0,2,75,-1,,0,1,2,4255764632
gym-big-split-boss,charge,20,Defeat,5,0,5,40,4,0,2,60,-1,,0,0,1,650615406
gym-big-split-boss,charge,21,Defeat,5,0,5,40,10,0,2,100,-1,,0,1,0,3007449779
gym-big-split-boss,charge,22,Defeat,4,0,4,32,5,0,3,100,-1,,0,1,2,3226216276
gym-big-split-boss,charge,23,Defeat,4,0,4,32,6,0,2,75,-1,,0,1,2,3590407074
gym-big-split-boss,charge,24,Defeat,3,0,3,24,4,0,3,100,-1,,0,1,2,959220405
gym-big-split-boss,charge,25,Defeat,5,0,5,40,4,0,2,60,-1,,0,1,1,1018602474
gym-big-split-boss,charge,26,Defeat,4,0,4,32,4,0,2,75,-1,,0,1,2,124064564
gym-big-split-boss,charge,27,Defeat,4,0,4,32,4,0,2,75,-1,,0,1,2,124064564
gym-big-split-boss,charge,28,Defeat,5,0,5,40,8,0,2,60,-1,,0,1,1,3683758967
gym-big-split-boss,charge,29,Defeat,4,0,4,32,4,0,2,75,-1,,0,1,2,4255764632
gym-big-split-boss,charge,30,Defeat,6,0,6,48,6,0,2,83,-1,,0,1,0,864893509
gym-big-split-boss,charge,31,Defeat,7,0,7,56,2,0,2,71,-1,,0,1,0,126582752
gym-big-split-boss,charge,32,Defeat,4,0,4,32,8,0,3,100,-1,,0,2,2,1960896204
gym-big-split-boss,charge,33,Defeat,4,0,4,32,4,0,2,75,-1,,0,0,2,4255764632
gym-big-split-boss,charge,34,Defeat,3,0,3,24,4,0,3,133,-1,,0,1,2,1574689227
gym-big-split-boss,charge,35,Defeat,5,0,5,40,4,0,2,60,-1,,0,1,2,2638078040
gym-big-split-boss,charge,36,Defeat,4,0,4,32,4,0,2,75,-1,,0,1,2,4255764632
gym-big-split-boss,charge,37,Defeat,5,0,5,40,4,0,2,80,-1,,0,1,1,1260682797
gym-big-split-boss,charge,38,Defeat,5,0,5,40,1,0,2,80,-1,,0,0,1,1162099827
gym-big-split-boss,charge,39,Defeat,6,0,6,48,4,0,1,83,-1,,0,2,0,1370381777
gym-big-split-boss,charge,40,Defeat,4,0,4,32,2,0,2,75,-1,,0,1,2,4255764632
gym-big-split-boss,charge,41,Defeat,4,0,4,32,4,0,2,75,-1,,0,1,2,602243402
gym-big-split-boss,charge,42,Defeat,4,0,4,32,4,0,2,75,-1,,0,1,2,4255764632
gym-big-split-boss,charge,43,Defeat,4,0,4,32,2,0,2,75,-1,,0,1,2,4255764632
gym-big-split-boss,charge,44,Defeat,5,0,5,40,9,0,2,80,-1,,0,2,0,2922128200
gym-big-split-boss,charge,45,Defeat,4,0,4,32,9,0,3,100,-1,,0,2,2,161174315
gym-big-split-boss,charge,46,Defeat,4,0,4,32,6,0,2,75,-1,,0,1,1,2715055340
gym-big-split-boss,charge,47,Defeat,4,0,4,32,4,0,2,75,-1,,0,1,2,4255764632
gym-big-split-boss,charge,48,Defeat,4,0,4,32,4,0,2,75,-1,,0,1,2,4255764632
gym-big-split-boss,charge,49,Defeat,4,0,4,32,4,0,2,75,-1,,0,1,2,124064564
gym-big-split-boss,charge,50,Defeat,4,0,4,32,4,0,2,75,-1,,0,1,2,4255764632
gym-big-split-boss,charge,51,Defeat,5,0,5,40,4,0,2,100,-1,,0,2,1,2235904319
gym-big-split-boss,charge,52,Defeat,4,0,4,32,4,0,2,75,-1,,0,1,2,4255764632
gym-big-split-boss,charge,53,Defeat,6,0,6,48,11,0,2,66,-1,,0,2,1,384990572
gym-big-split-boss,charge,54,Defeat,8,0,8,64,5,0,2,75,3,1:3,0,3,0,396849774
gym-big-split-boss,charge,55,Defeat,5,0,5,40,8,0,2,60,-1,,0,2,2,904950563
gym-big-split-boss,charge,56,Defeat,7,0,7,56,4,0,2,85,-1,,0,4,0,3258036343
gym-big-split-boss,charge,57,Defeat,5,0,5,40,4,0,2,80,-1,,0,1,1,3168822881
gym-big-split-boss,charge,58,Defeat,5,0,5,40,0,0,2,80,-1,,0,2,1,3699067608
gym-big-split-boss,charge,59,Defeat,3,0,3,24,8,0,4,133,-1,,0,1,2,2918865572
gym-big-split-boss,charge,60,Defeat,5,0,5,40,8,0,2,80,-1,,0,2,0,1557578068
gym-big-split-boss,charge,61,Defeat,4,0,4,32,4,0,2,75,-1,,0,1,2,4255764632
gym-big-split-boss,charge,62,Defeat,5,0,5,40,3,0,2,80,-1,,0,1,1,3856913071
gym-big-split-boss,charge,63,Defeat,4,0,4,32,4,0,3,75,-1,,0,2,1,3536684878
gym-big-split-boss,charge,64,Defeat,4,0,4,32,8,0,2,75,-1,,0,1,2,2294573200
gym-big-split-boss,charge,65,Defeat,4,0,4,32,4,0,3,75,-1,,0,1,2,2926764360
gym-big-split-boss,charge,66,Defeat,4,0,4,32,4,0,2,75,-1,,0,1,2,1397307110
gym-big-split-boss,charge,67,Defeat,4,0,4,32,4,0,2,75,-1,,0,1,2,124064564
gym-big-split-boss,charge,68,Defeat,6,0,6,48,6,0,2,66,3,1:3,0,1,1,3835321628
gym-big-split-boss,charge,69,Defeat,4,0,4,32,10,0,3,100,-1,,0,1,2,518455396
gym-big-split-boss,charge,70,Defeat,4,0,4,32,4,0,3,75,-1,,0,1,2,2221950704
gym-big-split-boss,charge,71,Defeat,4,0,4,32,1,0,2,100,-1,,0,1,2,2260032304
gym-big-split-boss,charge,72,Defeat,5,0,5,40,4,0,3,100,-1,,0,3,1,2162787352
gym-big-split-boss,charge,73,Defeat,4,0,4,32,4,0,2,75,-1,,0,1,2,602243402
gym-big-split-boss,charge,74,Defeat,5,0,5,40,10,0,2,60,-1,,0,2,2,3336049487
gym-big-split-boss,charge,75,Defeat,5,0,5,40,4,0,2,60,-1,,0,0,1,1963649510
gym-big-split-boss,charge,76,Defeat,7,0,7,56,5,0,1,71,-1,,0,3,0,2010789838
gym-big-split-boss,charge,77,Defeat,4,0,4,32,4,0,2,75,-1,,0,1,2,4255764632
gym-big-split-boss,charge,78,Defeat,4,0,4,32,4,0,2,75,-1,,0,1,2,602243402
gym-big-split-boss,charge,79,Defeat,3,0,3,24,4,0,4,100,-1,,0,1,2,4195499872
gym-big-split-boss,charge,80,Defeat,6,0,6,48,1,0,2,116,-1,,0,3,0,700549069
gym-big-split-boss,charge,81,Defeat,6,0,6,48,4,0,2,100,3,1:3,0,3,0,1512488840
gym-big-split-boss,charge,82,Defeat,4,0,4,32,4,0,2,75,-1,,0,1,2,4255764632
gym-big-split-boss,charge,83,Defeat,5,0,5,40,8,0,2,80,-1,,0,2,2,3314408168
gym-big-split-boss,charge,84,Defeat,5,0,5,40,4,0,2,60,-1,,0,1,1,221858466
gym-big-split-boss,charge,85,Defeat,5,0,5,40,4,0,2,60,-1,,0,0,1,650615406
gym-big-split-boss,charge,86,Defeat,3,0,3,24,4,0,3,100,-1,,0,1,2,3808088987
gym-big-split-boss,charge,87,Defeat,4,0,4,32,4,0,2,75,-1,,0,1,2,4255764632
gym-big-split-boss,charge,88,Defeat,5,0,5,40,4,0,2,80,-1,,0,1,1,733577295
gym-big-split-boss,charge,89,Defeat,4,0,4,32,6,0,2,75,-1,,0,1,1,3594745134
gym-big-split-boss,charge,90,Defeat,4,0,4,32,4,0,2,75,-1,,0,1,2,4255764632
gym-big-split-boss,charge,91,Defeat,4,0,4,32,4,0,2,75,-1,,0,0,2,4255764632
gym-big-split-boss,charge,92,Defeat,4,0,4,32,4,0,2,75,-1,,0,1,2,4255764632
gym-big-split-boss,charge,93,Defeat,5,0,5,40,8,0,2,80,-1,,0,2,1,3380212659
gym-big-split-boss,charge,94,Defeat,4,0,4,32,4,0,2,75,-1,,0,1,2,4255764632
gym-big-split-boss,charge,95,Defeat,4,0,4,32,0,0,2,125,-1,,0,2,2,1994547099
gym-big-split-boss,charge,96,Defeat,5,0,5,40,6,0,2,80,-1,,0,1,1,3994334482
gym-big-split-boss,charge,97,Defeat,6,0,6,48,14,0,2,66,-1,,0,3,0,4066668619
gym-big-split-boss,charge,98,Defeat,5,0,5,40,8,0,2,80,-1,,0,2,2,2425262748
gym-big-split-boss,charge,99,Defeat,4,0,4,32,4,0,2,75,-1,,0,1,2,4255764632
gym-big-split-boss,charge,100,Defeat,5,0,5,40,8,0,3,60,-1,,0,2,2,2031933611
gym-big-split-boss,charge,101,Defeat,6,0,6,48,6,0,2,83,-1,,0,2,0,3017881685
gym-big-split-boss,charge,102,Defeat,4,0,4,32,2,0,2,75,-1,,0,1,2,4255764632
gym-big-split-boss,charge,103,Defeat,4,0,4,32,4,0,2,75,-1,,0,1,2,4255764632
gym-big-split-boss,charge,104,Defeat,5,0,5,40,4,0,2,60,-1,,0,1,2,3636162840
gym-big-split-boss,charge,105,Defeat,4,0,4,32,4,0,2,75,-1,,0,1,2,4255764632
gym-big-split-boss,charge,106,Defeat,4,0,4,32,4,0,2,75,-1,,0,0,2,602243402
gym-big-split-boss,charge,107,Defeat,5,0,5,40,4,0,2,80,8,1:8,0,0,1,3808228029
gym-big-split-boss,charge,108,Defeat,4,0,4,32,4,0,2,75,-1,,0,1,2,4255764632
gym-big-split-boss,charge,109,Defeat,4,0,4,32,2,0,2,75,-1,,0,1,2,4255764632
gym-big-split-boss,charge,110,Defeat,5,0,5,40,4,0,2,60,-1,,0,1,1,1018602474
gym-big-split-boss,charge,111,Defeat,5,0,5,40,5,0,2,100,3,1:3,0,2,2,2220544478
gym-big-split-boss,charge,112,Defeat,4,0,4,32,4,0,2,75,-1,,0,1,2,95416409
gym-big-split-boss,charge,113,Defeat,3,0,3,24,9,0,4,133,-1,,0,1,2,2007610551
gym-big-split-boss,charge,114,Defeat,4,0,4,32,4,0,3,100,-1,,0,1,2,4261770317
gym-big-split-boss,charge,115,Defeat,4,0,4,32,6,0,2,75,-1,,0,2,2,766115809
gym-big-split-boss,charge,116,Defeat,5,0,5,40,4,0,2,80,-1,,0,1,0,2685091352
gym-big-split-boss,charge,117,Defeat,4,0,4,32,4,0,2,75,-1,,0,1,2,4255764632
gym-big-split-boss,charge,118,Defeat,6,0,6,48,6,0,2,83,-1,,0,1,0,864893509
gym-big-split-boss,charge,119,Defeat,4,0,4,32,8,0,2,75,-1,,0,1,2,2294573200
gym-big-split-boss,charge,120,Defeat,5,0,5,40,6,0,1,80,-1,,0,1,0,2653017554
gym-big-split-boss,charge,121,Defeat,5,0,5,40,10,0,2,80,-1,,0,2,2,984514995
gym-big-split-boss,charge,122,Defeat,5,0,5,40,4,0,2,80,-1,,0,1,1,1260682797
gym-big-split-boss,charge,123,Defeat,4,0,4,32,4,0,2,75,-1,,0,1,2,4255764632
gym-big-split-boss,charge,124,Defeat,3,0,3,24,8,0,4,166,-1,,0,1,2,465232852
gym-big-split-boss,charge,125,Defeat,5,0,5,40,4,0,2,80,-1,,0,2,1,1350699615
gym-big-split-boss,charge,126,Defeat,5,0,5,40,4,0,2,80,8,1:8,0,1,1,1608403151
gym-big-split-boss,charge,127,Defeat,4,0,4,32,4,0,3,75,-1,,0,0,2,3555771706
gym-big-split-boss,charge,128,Defeat,6,0,6,48,4,0,2,83,-1,,0,2,0,3801233225
gym-big-split-boss,charge,129,Defeat,4,0,4,32,4,0,2,75,-1,,0,1,2,4255764632
gym-big-split-boss,charge,130,Defeat,4,0,4,32,4,0,2,75,-1,,0,1,2,4255764632
gym-big-split-boss,charge,131,Defeat,5,0,5,40,4,0,2,60,-1,,0,0,1,650615406
gym-big-split-boss,charge,132,Defeat,4,0,4,32,4,0,2,75,7,1:7,0,1,2,39446552
gym-big-split-boss,charge,133,Defeat,4,0,4,32,8,0,2,75,-1,,0,1,2,2294573200
gym-big-split-boss,charge,134,Defeat,5,0,5,40,4,0,2,60,-1,,0,0,1,650615406
gym-big-split-boss,charge,135,Defeat,4,0,4,32,4,0,2,75,-1,,0,1,2,4255764632
gym-big-split-boss,charge,136,Defeat,3,0,3,24,12,0,3,100,-1,,0,1,3,1336528771
gym-big-split-boss,charge,137,Defeat,5,0,5,40,6,0,2,120,-1,,0,3,1,2908089354
gym-big-split-boss,charge,138,Defeat,4,0,4,32,4,0,2,75,-1,,0,1,2,4255764632
gym-big-split-boss,charge,139,Defeat,4,0,4,32,4,0,2,75,-1,,0,1,2,4255764632
gym-big-split-boss,charge,140,Defeat,3,0,3,24,4,0,3,100,-1,,0,1,2,959220405
gym-big-split-boss,charge,141,Defeat,4,0,4,32,4,0,2,75,-1,,0,1,2,4255764632
gym-big-split-boss,charge,142,Defeat,5,0,5,40,1,0,2,80,-1,,0,2,1,2503017216
gym-big-split-boss,charge,143,Defeat,5,0,5,40,1,0,2,80,-1,,0,1,1,1260682797
gym-big-split-boss,charge,144,Defeat,5,0,5,40,4,0,2,80,-1,,0,1,1,1260682797
gym-big-split-boss,charge,145,Defeat,4,0,4,32,4,0,2,75,-1,,0,1,2,4255764632
gym-big-split-boss,charge,146,Defeat,4,0,4,32,4,0,2,75,-1,,0,1,2,4255764632
gym-big-split-boss,charge,147,Defeat,5,0,5,40,4,0,2,80,-1,,0,0,1,1260682797
gym-big-split-boss,charge,148,Defeat,5,0,5,40,8,0,2,80,-1,,0,2,1,3699067608
gym-big-split-boss,charge,149,Defeat,5,0,5,40,4,0,2,60,-1,,0,0,1,1963649510
gym-big-split-boss,charge,150,Defeat,4,0,4,32,6,0,2,75,-1,,0,1,1,3594745134
gym-big-split-boss,charge,151,Defeat,4,0,4,32,4,0,2,75,-1,,0,1,2,4255764632
gym-big-split-boss,charge,152,Defeat,4,0,4,32,6,0,2,75,-1,,0,1,1,3594745134
gym-big-split-boss,charge,153,Defeat,5,0,5,40,4,0,2,80,8,1:8,0,1,1,1971697201
gym-big-split-boss,charge,154,Defeat,5,0,5,40,6,0,2,80,-1,,0,1,0,2522117776
gym-big-split-boss,charge,155,Defeat,4,0,4,32,4,0,2,75,-1,,0,1,2,4255764632
gym-big-split-boss,charge,156,Defeat,5,0,5,40,4,0,2,100,-1,,0,1,0,3022170634
gym-big-split-boss,charge,157,Defeat,3,0,3,24,12,0,3,100,-1,,0,1,3,1336528771
gym-big-split-boss,charge,158,Defeat,4,0,4,32,4,0,2,75,-1,,0,1,2,4255764632
gym-big-split-boss,charge,159,Defeat,4,0,4,32,4,0,2,75,-1,,0,1,2,4255764632
gym-big-split-boss,charge,160,Defeat,3,0,3,24,8,0,3,133,-1,,0,1,2,4010223197
gym-big-split-boss,charge,161,Defeat,3,0,3,24,8,0,4,100,-1,,0,1,3,2105993888
gym-big-split-boss,charge,162,Defeat,6,0,6,48,6,0,2,83,-1,,0,2,0,1574658747
gym-big-split-boss,charge,163,Defeat,4,0,4,32,4,0,2,75,-1,,0,1,2,4255764632
gym-big-split-boss,charge,164,Defeat,6,0,6,48,10,0,2,83,-1,,0,2,0,4264595857
gym-big-split-boss,charge,165,Defeat,4,0,4,32,4,0,2,75,-1,,0,1,2,124064564
gym-big-split-boss,charge,166,Defeat,3,0,3,24,2,0,3,133,-1,,0,1,2,1257385909
gym-big-split-boss,charge,167,Defeat,4,0,4,32,2,0,2,75,-1,,0,1,2,4255764632
gym-big-split-boss,charge,168,Defeat,5,0,5,40,6,0,2,60,-1,,0,1,1,1202074785
gym-big-split-boss,charge,169,Defeat,5,0,5,40,6,0,2,80,-1,,0,3,1,2513368161
gym-big-split-boss,charge,170,Defeat,4,0,4,32,4,0,2,75,-1,,0,1,1,1355004016
gym-big-split-boss,charge,171,Defeat,4,0,4,32,4,0,2,75,-1,,0,0,2,602243402
gym-big-split-boss,charge,172,Defeat,4,0,4,32,1,0,2,100,-1,,0,2,2,3509228192
gym-big-split-boss,charge,173,Defeat,4,0,4,32,4,0,2,75,-1,,0,1,2,4255764632
gym-big-split-boss,charge,174,Defeat,4,0,4,32,4,0,2,75,-1,,0,1,2,4255764632
gym-big-split-boss,charge,175,Defeat,3,0,3,24,4,0,3,100,-1,,0,1,2,959220405
gym-big-split-boss,charge,176,Defeat,4,0,4,32,4,0,2,75,-1,,0,1,2,4255764632
gym-big-split-boss,charge,177,Defeat,5,0,5,40,4,0,2,80,-1,,0,1,0,3151140680
gym-big-split-boss,charge,178,Defeat,5,0,5,40,4,0,2,60,-1,,0,1,1,3190717912
gym-big-split-boss,charge,179,Defeat,4,0,4,32,4,0,2,75,-1,,0,1,2,4255764632
gym-big-split-boss,charge,180,Defeat,6,0,6,48,5,0,2,66,-1,,0,2,1,702542944
gym-big-split-boss,charge,181,Defeat,4,0,4,32,2,0,2,75,-1,,0,1,2,4255764632
gym-big-split-boss,charge,182,Defeat,5,0,5,40,4,0,1,80,-1,,0,1,0,1828279990
gym-big-split-boss,charge,183,Defeat,4,0,4,32,4,0,2,75,-1,,0,1,2,4255764632
gym-big-split-boss,charge,184,Defeat,5,0,5,40,8,0,2,60,-1,,0,2,2,3178327761
gym-big-split-boss,charge,185,Defeat,4,0,4,32,4,0,2,75,-1,,0,1,2,4255764632
gym-big-split-boss,charge,186,Defeat,3,0,3,24,4,0,3,133,-1,,0,1,2,1257385909
gym-big-split-boss,charge,187,Defeat,4,0,4,32,4,0,2,75,-1,,0,1,2,4255764632
gym-big-split-boss,charge,188,Defeat,5,0,5,40,5,0,3,100,7,1:7,0,2,1,3831456855
gym-big-split-boss,charge,189,Defeat,5,0,5,40,5,0,2,60,-1,,0,2,0,816225712
gym-big-split-boss,charge,190,Defeat,4,0,4,32,4,0,2,75,-1,,0,1,2,4255764632
gym-big-split-boss,charge,191,Defeat,3,0,3,24,4,0,4,133,-1,,0,1,2,873474606
gym-big-split-boss,charge,192,Defeat,5,0,5,40,5,0,2,80,-1,,0,1,0,634887696
gym-big-split-boss,charge,193,Defeat,4,0,4,32,4,0,2,75,7,1:7,0,1,2,39446552
gym-big-split-boss,charge,194,Defeat,5,0,5,40,14,0,2,100,-1,,0,3,1,3475974165
gym-big-split-boss,charge,195,Defeat,4,0,4,32,4,0,2,75,-1,,0,1,2,4255764632
gym-big-split-boss,charge,196,Defeat,5,0,5,40,8,0,2,80,-1,,0,2,0,2480658612
gym-big-split-boss,charge,197,Defeat,5,0,5,40,4,0,2,80,-1,,0,0,1,1260682797
gym-big-split-boss,charge,198,Defeat,3,0,3,24,12,0,3,100,-1,,0,1,3,1336528771
gym-big-split-boss,charge,199,Defeat,4,0,4,32,17,0,3,75,-1,,0,2,1,592067542
gym-big-split-boss,charge,200,Defeat,4,0,4,32,7,0,2,75,-1,,0,1,1,3496707598
gym-big-split-boss-kill,corridor-hold,1,Defeat,7,0,7,56,7,0,1,71,-1,,0,5,0,1182772964
gym-big-split-boss-kill,corridor-hold,2,Defeat,6,0,6,48,8,0,2,66,-1,,0,3,0,3370124929
gym-big-split-boss-kill,corridor-hold,3,Defeat,7,0,7,56,5,0,1,71,-1,,0,6,0,1707870156
gym-big-split-boss-kill,corridor-hold,4,Defeat,8,0,8,64,4,0,2,62,3,1:3,0,8,0,2385208728
gym-big-split-boss-kill,corridor-hold,5,Defeat,7,0,7,56,15,0,1,57,-1,,0,5,0,572055850
gym-big-split-boss-kill,corridor-hold,6,Defeat,7,0,7,56,5,0,1,57,-1,,0,5,0,1733443350
gym-big-split-boss-kill,corridor-hold,7,Defeat,7,0,7,56,6,0,1,71,-1,,0,6,0,1046102174
gym-big-split-boss-kill,corridor-hold,8,Defeat,5,0,5,40,10,0,2,80,-1,,0,3,1,3944644141
gym-big-split-boss-kill,corridor-hold,9,Defeat,5,0,5,40,5,0,4,120,-1,,0,5,1,1190385544
gym-big-split-boss-kill,corridor-hold,10,Defeat,28,0,28,224,35,0,1,32,3,1:3,0,27,0,888351315
gym-big-split-boss-kill,corridor-hold,11,Defeat,7,0,7,56,7,0,1,57,-1,,0,5,0,1733443350
gym-big-split-boss-kill,corridor-hold,12,Defeat,7,0,7,56,7,0,2,71,-1,,0,5,0,615596270
gym-big-split-boss-kill,corridor-hold,13,Defeat,6,0,6,48,6,0,2,66,-1,,0,3,0,2180974441
gym-big-split-boss-kill,corridor-hold,14,Defeat,7,0,7,56,8,0,2,85,-1,,0,5,0,1678837586
gym-big-split-boss-kill,corridor-hold,15,Defeat,5,0,5,40,12,0,3,80,-1,,0,3,0,2551085584
gym-big-split-boss-kill,corridor-hold,16,Defeat,8,0,8,64,3,0,1,62,-1,,0,7,0,2818051658
gym-big-split-boss-kill,corridor-hold,17,Defeat,7,0,7,56,3,0,1,71,-1,,0,5,0,241764677
gym-big-split-boss-kill,corridor-hold,18,Defeat,7,0,7,56,4,0,1,71,-1,,0,4,0,329521089
gym-big-split-boss-kill,corridor-hold,19,Defeat,6,0,6,48,5,0,2,83,-1,,0,3,0,2855588039
gym-big-split-boss-kill,corridor-hold,20,Defeat,7,0,7,56,5,0,1,57,-1,,0,5,0,1733443350
gym-big-split-boss-kill,corridor-hold,21,Defeat,12,0,12,96,15,0,1,50,3,1:3,0,9,0,1279963878
gym-big-split-boss-kill,corridor-hold,22,Defeat,6,0,6,48,5,0,2,83,7,1:7,0,9,0,296924420
gym-big-split-boss-kill,corridor-hold,23,Defeat,7,0,7,56,5,0,1,57,-1,,0,5,0,1733443350
gym-big-split-boss-kill,corridor-hold,24,Defeat,5,0,5,40,5,0,3,60,7,1:7,0,6,0,1151776655
gym-big-split-boss-kill,corridor-hold,25,Defeat,6,0,6,48,6,0,1,100,-1,,0,4,0,744105976
gym-big-split-boss-kill,corridor-hold,26,Defeat,7,0,7,56,4,0,1,57,-1,,0,4,0,1530334210
gym-big-split-boss-kill,corridor-hold,27,Defeat,14,0,14,112,12,0,2,71,3,1:3,0,22,0,3676727114
gym-big-split-boss-kill,corridor-hold,28,Defeat,8,0,8,64,2,0,2,62,3,1:3,0,8,0,429066530
gym-big-split-boss-kill,corridor-hold,29,Defeat,10,0,10,80,14,0,3,90,-1,,0,14,0,1297552784
gym-big-split-boss-kill,corridor-hold,30,Defeat,7,0,7,56,7,0,1,57,-1,,0,5,0,1733443350
gym-big-split-boss-kill,corridor-hold,31,Defeat,4,0,4,32,4,0,3,75,-1,,0,2,2,2879717758
gym-big-split-boss-kill,corridor-hold,32,Defeat,4,0,4,32,2,0,4,150,-1,,0,2,1,3850223122
gym-big-split-boss-kill,corridor-hold,33,Defeat,7,0,7,56,10,0,1,57,-1,,0,5,0,3466003986
gym-big-split-boss-kill,corridor-hold,34,Defeat,7,0,7,56,10,0,2,57,-1,,0,6,1,3934562772
gym-big-split-boss-kill,corridor-hold,35,Defeat,5,0,5,40,4,0,2,80,-1,,0,3,1,216208334
gym-big-split-boss-kill,corridor-hold,36,Defeat,7,0,7,56,7,0,1,57,-1,,0,4,0,1028698746
gym-big-split-boss-kill,corridor-hold,37,Defeat,7,0,7,56,5,0,1,71,-1,,0,5,0,1182772964
gym-big-split-boss-kill,corridor-hold,38,Defeat,5,0,5,40,5,0,2,60,7,1:7,0,6,0,237874098
gym-big-split-boss-kill,corridor-hold,39,Defeat,6,0,6,48,5,0,2,83,-1,,0,4,0,2087754803
gym-big-split-boss-kill,corridor-hold,40,Defeat,7,0,7,56,5,0,2,71,-1,,0,5,0,3728440963
gym-big-split-boss-kill,corridor-hold,41,Defeat,7,0,7,56,5,0,2,85,-1,,0,5,0,2142223410
gym-big-split-boss-kill,corridor-hold,42,Defeat,7,0,7,56,7,0,1,57,-1,,0,5,0,1733443350
gym-big-split-boss-kill,corridor-hold,43,Defeat,8,0,8,64,4,0,1,50,-1,,0,8,0,3105227216
gym-big-split-boss-kill,corridor-hold,44,Defeat,6,0,6,48,7,0,2,83,-1,,0,3,0,3377024825
gym-big-split-boss-kill,corridor-hold,45,Defeat,5,0,5,40,2,0,2,80,-1,,0,3,1,216208334
gym-big-split-boss-kill,corridor-hold,46,Defeat,7,0,7,56,10,0,1,57,-1,,0,5,0,1733443350
gym-big-split-boss-kill,corridor-hold,47,Defeat,7,0,7,56,7,0,1,57,-1,,0,5,0,1733443350
gym-big-split-boss-kill,corridor-hold,48,Defeat,7,0,7,56,7,0,2,71,-1,,0,5,0,2489653985
gym-big-split-boss-kill,corridor-hold,49,Defeat,7,0,7,56,9,0,2,71,-1,,0,5,0,4131036895
gym-big-split-boss-kill,corridor-hold,50,Defeat,6,0,6,48,4,0,2,83,-1,,0,3,0,1188207565
gym-big-split-boss-kill,corridor-hold,51,Defeat,21,0,21,168,27,0,2,33,12,1:12,0,34,0,3259857217
gym-big-split-boss-kill,corridor-hold,52,Defeat,7,0,7,56,5,0,1,71,-1,,0,5,0,199703940
gym-big-split-boss-kill,corridor-hold,53,Defeat,5,0,5,40,10,0,3,100,-1,,0,3,1,936765342
gym-big-split-boss-kill,corridor-hold,54,Defeat,8,0,8,64,8,0,1,75,-1,,0,6,0,32267741
gym-big-split-boss-kill,corridor-hold,55,Defeat,7,0,7,56,6,0,3,71,-1,,0,7,0,3701272658
gym-big-split-boss-kill,corridor-hold,56,Defeat,5,0,5,40,10,0,3,60,-1,,0,3,1,31279586
gym-big-split-boss-kill,corridor-hold,57,Defeat,8,0,8,64,6,0,1,62,-1,,0,5,0,998312305
gym-big-split-boss-kill,corridor-hold,58,Defeat,8,0,8,64,3,0,1,50,-1,,0,6,0,577566904
gym-big-split-boss-kill,corridor-hold,59,Defeat,9,0,9,72,9,0,1,55,-1,,0,10,0,3409290260
gym-big-split-boss-kill,corridor-hold,60,Defeat,5,0,5,40,5,0,3,60,7,1:7,0,6,0,1736516555
gym-big-split-boss-kill,corridor-hold,61,Defeat,7,0,7,56,10,0,1,71,-1,,0,6,0,2778613560
gym-big-split-boss-kill,corridor-hold,62,Defeat,7,0,7,56,8,0,1,85,-1,,0,5,0,3662936290
gym-big-split-boss-kill,corridor-hold,63,Defeat,7,0,7,56,3,0,1,71,-1,,0,4,0,3751362158
gym-big-split-boss-kill,corridor-hold,64,Defeat,6,0,6,48,10,0,1,83,-1,,0,4,0,1132412268
gym-big-split-boss-kill,corridor-hold,65,Defeat,6,0,6,48,15,0,1,83,-1,,0,4,0,3106294600
gym-big-split-boss-kill,corridor-hold,66,Defeat,8,0,8,64,6,0,1,62,-1,,0,6,0,172684267
gym-big-split-boss-kill,corridor-hold,67,Defeat,7,0,7,56,5,0,2,85,-1,,0,5,0,50532642
gym-big-split-boss-kill,corridor-hold,68,Defeat,5,0,5,40,14,0,3,120,-1,,0,4,1,386914529
gym-big-split-boss-kill,corridor-hold,69,Defeat,6,0,6,48,6,0,1,83,-1,,0,4,0,1273230484
gym-big-split-boss-kill,corridor-hold,70,Defeat,6,0,6,48,10,0,2,83,-1,,0,4,0,1630890346
gym-big-split-boss-kill,corridor-hold,71,Defeat,11,0,11,88,14,0,1,54,-1,,0,12,0,1740534638
gym-big-split-boss-kill,corridor-hold,72,Defeat,10,0,10,80,3,0,1,70,-1,,0,12,0,2198783116
gym-big-split-boss-kill,corridor-hold,73,Defeat,6,0,6,48,5,0,2,83,-1,,0,6,1,4194148031
gym-big-split-boss-kill,corridor-hold,74,Defeat,5,0,5,40,3,0,2,80,-1,,0,3,1,928004911
gym-big-split-boss-kill,corridor-hold,75,Defeat,5,0,5,40,3,0,3,80,-1,,0,3,1,1961062792
gym-big-split-boss-kill,corridor-hold,76,Defeat,7,0,7,56,3,0,1,71,-1,,0,5,0,3503582154
gym-big-split-boss-kill,corridor-hold,77,Defeat,7,0,7,56,11,0,1,57,-1,,0,5,0,154500620
gym-big-split-boss-kill,corridor-hold,78,Defeat,7,0,7,56,13,0,2,85,-1,,0,5,0,631706708
gym-big-split-boss-kill,corridor-hold,79,Defeat,7,0,7,56,7,0,1,57,-1,,0,6,0,1733443350
gym-big-split-boss-kill,corridor-hold,80,Defeat,7,0,7,56,3,0,2,71,-1,,0,6,0,3851925599
gym-big-split-boss-kill,corridor-hold,81,Defeat,14,0,14,112,19,0,1,57,3,1:3,0,15,0,3748274550
gym-big-split-boss-kill,corridor-hold,82,Defeat,8,0,8,64,5,0,1,62,-1,,0,5,0,3409752078
gym-big-split-boss-kill,corridor-hold,83,Defeat,5,0,5,40,3,0,3,100,7,1:7,0,5,1,2893291878
gym-big-split-boss-kill,corridor-hold,84,Defeat,5,0,5,40,5,0,2,100,-1,,0,3,1,3985622119
gym-big-split-boss-kill,corridor-hold,85,Defeat,6,0,6,48,2,0,1,66,-1,,0,4,0,3017252314
gym-big-split-boss-kill,corridor-hold,86,Defeat,6,0,6,48,9,0,2,83,-1,,0,3,0,1188207565
gym-big-split-boss-kill,corridor-hold,87,Defeat,7,0,7,56,10,0,1,71,-1,,0,5,0,3650775944
gym-big-split-boss-kill,corridor-hold,88,Defeat,6,0,6,48,5,0,1,66,-1,,0,4,0,3093379219
gym-big-split-boss-kill,corridor-hold,89,Defeat,7,0,7,56,3,0,1,57,-1,,0,5,0,1733443350
gym-big-split-boss-kill,corridor-hold,90,Defeat,7,0,7,56,5,0,1,57,-1,,0,4,0,2909959441
gym-big-split-boss-kill,corridor-hold,91,Defeat,7,0,7,56,11,0,2,71,-1,,0,6,0,1931346756
gym-big-split-boss-kill,corridor-hold,92,Defeat,7,0,7,56,7,0,1,57,-1,,0,5,0,1733443350
gym-big-split-boss-kill,corridor-hold,93,Defeat,6,0,6,48,3,0,3,83,-1,,0,5,0,3641824854
gym-big-split-boss-kill,corridor-hold,94,Defeat,8,0,8,64,5,0,1,50,-1,,0,5,0,647874132
gym-big-split-boss-kill,corridor-hold,95,Defeat,7,0,7,56,5,0,1,85,-1,,0,3,0,3563357616
gym-big-split-boss-kill,corridor-hold,96,Defeat,7,0,7,56,5,0,1,57,-1,,0,5,0,1733443350
gym-big-split-boss-kill,corridor-hold,97,Defeat,7,0,7,56,15,0,1,57,-1,,0,5,0,1733443350
gym-big-split-boss-kill,corridor-hold,98,Defeat,5,0,5,40,5,0,2,60,7,1:7,0,6,0,237874098
gym-big-split-boss-kill,corridor-hold,99,Defeat,7,0,7,56,13,0,1,71,-1,,0,5,0,200226768
gym-big-split-boss-kill,corridor-hold,100,Defeat,18,0,18,144,21,0,2,33,3,1:3,0,36,0,476627668
gym-big-split-boss-kill,corridor-hold,101,Defeat,6,0,6,48,8,0,2,83,-1,,0,4,0,4167844637
gym-big-split-boss-kill,corridor-hold,102,Defeat,7,0,7,56,5,0,1,57,-1,,0,6,0,1733443350
gym-big-split-boss-kill,corridor-hold,103,Defeat,7,0,7,56,7,0,1,57,-1,,0,5,0,1733443350
gym-big-split-boss-kill,corridor-hold,104,Defeat,10,0,10,80,8,0,2,80,-1,,0,12,0,662287173
gym-big-split-boss-kill,corridor-hold,105,Defeat,6,0,6,48,5,0,2,66,-1,,0,3,0,2180974441
gym-big-split-boss-kill,corridor-hold,106,Defeat,6,0,6,48,3,0,1,83,-1,,0,4,0,2516412682
gym-big-split-boss-kill,corridor-hold,107,Defeat,21,0,21,168,25,0,1,42,3,1:3,0,21,0,323105113
gym-big-split-boss-kill,corridor-hold,108,Defeat,6,0,6,48,4,0,2,83,-1,,0,4,0,3824990533
gym-big-split-boss-kill,corridor-hold,109,Defeat,7,0,7,56,9,0,1,57,-1,,0,5,0,1733443350
gym-big-split-boss-kill,corridor-hold,110,Defeat,6,0,6,48,3,0,2,100,-1,,0,4,0,355366202
gym-big-split-boss-kill,corridor-hold,111,Defeat,6,0,6,48,14,0,1,83,-1,,0,5,0,2922365049
gym-big-split-boss-kill,corridor-hold,112,Defeat,5,0,5,40,5,0,2,80,-1,,0,3,1,2567880736
gym-big-split-boss-kill,corridor-hold,113,Defeat,7,0,7,56,14,0,2,71,-1,,0,6,1,2403043731
gym-big-split-boss-kill,corridor-hold,114,Defeat,6,0,6,48,4,0,2,100,-1,,0,4,0,2919767601
gym-big-split-boss-kill,corridor-hold,115,Defeat,6,0,6,48,10,0,2,66,-1,,0,4,0,3718644996
gym-big-split-boss-kill,corridor-hold,116,Defeat,9,0,9,72,7,0,2,66,-1,,0,9,0,2695029380
gym-big-split-boss-kill,corridor-hold,117,Defeat,7,0,7,56,5,0,1,71,-1,,0,5,0,3212957901
gym-big-split-boss-kill,corridor-hold,118,Defeat,7,0,7,56,4,0,1,71,-1,,0,5,0,1182772964
gym-big-split-boss-kill,corridor-hold,119,Victory,16,0,16,128,15,20,0,37,7,1:7,0,15,0,4076233973
gym-big-split-boss-kill,corridor-hold,120,Defeat,7,0,7,56,4,0,1,71,-1,,0,5,0,1833899639
gym-big-split-boss-kill,corridor-hold,121,Defeat,7,0,7,56,2,0,2,85,-1,,0,5,0,1897333517
gym-big-split-boss-kill,corridor-hold,122,Defeat,8,0,8,64,5,0,1,75,-1,,0,6,0,1131967837
gym-big-split-boss-kill,corridor-hold,123,Defeat,8,0,8,64,11,0,1,75,-1,,0,7,0,1891455071
gym-big-split-boss-kill,corridor-hold,124,Defeat,7,0,7,56,3,0,1,71,-1,,0,5,0,299750472
gym-big-split-boss-kill,corridor-hold,125,Defeat,7,0,7,56,5,0,1,57,-1,,0,6,0,1733443350
gym-big-split-boss-kill,corridor-hold,126,Defeat,6,0,6,48,11,0,2,100,-1,,0,5,1,2706868419
gym-big-split-boss-kill,corridor-hold,127,Defeat,6,0,6,48,8,0,1,66,-1,,0,4,0,2199578513
gym-big-split-boss-kill,corridor-hold,128,Defeat,5,0,5,40,9,0,3,80,-1,,0,3,1,3908888892
gym-big-split-boss-kill,corridor-hold,129,Defeat,7,0,7,56,10,0,1,71,-1,,0,5,0,880731490
gym-big-split-boss-kill,corridor-hold,130,Defeat,8,0,8,64,5,0,1,50,-1,,0,5,0,577566904
gym-big-split-boss-kill,corridor-hold,131,Defeat,7,0,7,56,8,0,1,57,-1,,0,5,0,1733443350
gym-big-split-boss-kill,corridor-hold,132,Defeat,7,0,7,56,16,0,2,71,-1,,0,5,0,2723892868
gym-big-split-boss-kill,corridor-hold,133,Defeat,7,0,7,56,4,0,1,71,-1,,0,5,0,1182772964
gym-big-split-boss-kill,corridor-hold,134,Defeat,7,0,7,56,9,0,1,57,-1,,0,5,0,2919806268
gym-big-split-boss-kill,corridor-hold,135,Defeat,7,0,7,56,15,0,1,57,-1,,0,5,0,341419476
gym-big-split-boss-kill,corridor-hold,136,Defeat,5,0,5,40,5,0,4,80,7,1:7,0,7,1,2154838099
gym-big-split-boss-kill,corridor-hold,137,Defeat,13,0,13,104,18,0,1,53,3,1:3,0,21,0,3721732999
gym-big-split-boss-kill,corridor-hold,138,Defeat,7,0,7,56,5,0,1,71,-1,,0,3,0,3626578481
gym-big-split-boss-kill,corridor-hold,139,Defeat,7,0,7,56,7,0,1,57,-1,,0,5,0,1733443350
gym-big-split-boss-kill,corridor-hold,140,Defeat,9,0,9,72,12,0,1,55,-1,,0,7,0,3005178071
gym-big-split-boss-kill,corridor-hold,141,Defeat,7,0,7,56,5,0,1,71,-1,,0,5,0,1159528598
gym-big-split-boss-kill,corridor-hold,142,Defeat,10,0,10,80,9,0,2,70,-1,,0,16,0,3704451078
gym-big-split-boss-kill,corridor-hold,143,Defeat,5,0,5,40,5,0,2,60,7,1:7,0,6,0,237874098
gym-big-split-boss-kill,corridor-hold,144,Defeat,12,0,12,96,11,0,1,58,-1,,0,11,0,1261025655
gym-big-split-boss-kill,corridor-hold,145,Victory,12,0,12,96,10,15,0,50,3,1:3,0,9,0,3655962373
gym-big-split-boss-kill,corridor-hold,146,Defeat,9,0,9,72,6,0,1,66,-1,,0,5,0,3691877474
gym-big-split-boss-kill,corridor-hold,147,Defeat,6,0,6,48,5,0,2,100,-1,,0,4,0,2239550631
gym-big-split-boss-kill,corridor-hold,148,Defeat,6,0,6,48,10,0,1,83,-1,,0,5,0,2516412682
gym-big-split-boss-kill,corridor-hold,149,Defeat,8,0,8,64,6,0,1,62,-1,,0,5,0,1093534112
gym-big-split-boss-kill,corridor-hold,150,Defeat,7,0,7,56,4,0,2,85,-1,,0,6,1,964527553
gym-big-split-boss-kill,corridor-hold,151,Defeat,5,0,5,40,5,0,3,80,-1,,0,2,1,1035168687
gym-big-split-boss-kill,corridor-hold,152,Defeat,7,0,7,56,15,0,1,57,-1,,0,5,0,3400241332
gym-big-split-boss-kill,corridor-hold,153,Defeat,5,0,5,40,10,0,2,80,-1,,0,3,0,343483767
gym-big-split-boss-kill,corridor-hold,154,Defeat,9,0,9,72,3,0,2,88,3,1:3,0,9,0,2957835351
gym-big-split-boss-kill,corridor-hold,155,Defeat,7,0,7,56,4,0,1,71,-1,,0,5,0,1182772964
gym-big-split-boss-kill,corridor-hold,156,Defeat,7,0,7,56,7,0,2,85,-1,,0,6,0,466326290
gym-big-split-boss-kill,corridor-hold,157,Defeat,6,0,6,48,2,0,2,83,-1,,0,4,0,191664865
gym-big-split-boss-kill,corridor-hold,158,Defeat,7,0,7,56,5,0,1,57,-1,,0,5,0,1733443350
gym-big-split-boss-kill,corridor-hold,159,Defeat,6,0,6,48,12,0,2,83,-1,,0,4,0,703199991
gym-big-split-boss-kill,corridor-hold,160,Defeat,7,0,7,56,8,0,1,71,-1,,0,6,0,241764677
gym-big-split-boss-kill,corridor-hold,161,Defeat,7,0,7,56,13,0,1,57,-1,,0,6,0,2226437656
gym-big-split-boss-kill,corridor-hold,162,Defeat,7,0,7,56,7,0,1,71,-1,,0,4,0,1159528598
gym-big-split-boss-kill,corridor-hold,163,Defeat,8,0,8,64,5,0,1,50,-1,,0,5,0,1907820594
gym-big-split-boss-kill,corridor-hold,164,Defeat,6,0,6,48,15,0,2,100,-1,,0,5,1,1327467347
gym-big-split-boss-kill,corridor-hold,165,Defeat,7,0,7,56,7,0,1,57,-1,,0,5,0,1733443350
gym-big-split-boss-kill,corridor-hold,166,Defeat,6,0,6,48,3,0,2,83,-1,,0,4,0,90961322
gym-big-split-boss-kill,corridor-hold,167,Defeat,8,0,8,64,8,0,1,37,-1,,0,6,0,1399409205
gym-big-split-boss-kill,corridor-hold,168,Defeat,7,0,7,56,7,0,1,57,-1,,0,5,0,1733443350
gym-big-split-boss-kill,corridor-hold,169,Defeat,7,0,7,56,7,0,1,57,-1,,0,6,0,1733443350
gym-big-split-boss-kill,corridor-hold,170,Defeat,5,0,5,40,11,0,3,100,7,1:7,0,7,0,809490514
gym-big-split-boss-kill,corridor-hold,171,Defeat,6,0,6,48,5,0,1,66,-1,,0,4,1,1588260159
gym-big-split-boss-kill,corridor-hold,172,Defeat,5,0,5,40,3,0,2,80,7,1:7,0,6,0,2499108858
gym-big-split-boss-kill,corridor-hold,173,Defeat,6,0,6,48,4,0,2,83,-1,,0,4,0,2418448996
gym-big-split-boss-kill,corridor-hold,174,Defeat,8,0,8,64,5,0,1,75,-1,,0,7,0,157889035
gym-big-split-boss-kill,corridor-hold,175,Defeat,6,0,6,48,3,0,2,100,-1,,0,5,0,3498040557
gym-big-split-boss-kill,corridor-hold,176,Defeat,9,0,9,72,5,0,1,55,-1,,0,6,0,1452989503
gym-big-split-boss-kill,corridor-hold,177,Defeat,6,0,6,48,5,0,2,66,-1,,0,3,0,3358663579
gym-big-split-boss-kill,corridor-hold,178,Defeat,7,0,7,56,5,0,1,57,-1,,0,4,0,1994511540
gym-big-split-boss-kill,corridor-hold,179,Defeat,7,0,7,56,4,0,1,71,-1,,0,5,0,1127734914
gym-big-split-boss-kill,corridor-hold,180,Defeat,11,0,11,88,12,0,1,54,3,1:3,0,7,0,276222365
gym-big-split-boss-kill,corridor-hold,181,Defeat,7,0,7,56,7,0,1,57,-1,,0,5,0,1733443350
gym-big-split-boss-kill,corridor-hold,182,Defeat,6,0,6,48,11,0,2,66,-1,,0,4,0,1850870661
gym-big-split-boss-kill,corridor-hold,183,Defeat,7,0,7,56,15,0,1,57,-1,,0,5,0,341419476
gym-big-split-boss-kill,corridor-hold,184,Defeat,6,0,6,48,10,0,2,83,-1,,0,4,0,1630890346
gym-big-split-boss-kill,corridor-hold,185,Defeat,6,0,6,48,8,0,2,66,-1,,0,4,0,3718644996
gym-big-split-boss-kill,corridor-hold,186,Defeat,14,0,14,112,16,0,1,42,-1,,0,16,0,3429003324
gym-big-split-boss-kill,corridor-hold,187,Defeat,7,0,7,56,7,0,1,57,-1,,0,5,0,1733443350
gym-big-split-boss-kill,corridor-hold,188,Defeat,7,0,7,56,7,0,1,57,-1,,0,5,0,1733443350
gym-big-split-boss-kill,corridor-hold,189,Defeat,6,0,6,48,0,0,3,100,7,1:7,0,7,1,4141059195
gym-big-split-boss-kill,corridor-hold,190,Defeat,6,0,6,48,5,0,2,100,-1,,0,4,0,2527725793
gym-big-split-boss-kill,corridor-hold,191,Defeat,6,0,6,48,9,0,2,116,-1,,0,4,0,436554672
gym-big-split-boss-kill,corridor-hold,192,Defeat,7,0,7,56,14,0,2,71,-1,,0,4,0,3533813102
gym-big-split-boss-kill,corridor-hold,193,Defeat,6,0,6,48,5,0,2,83,-1,,0,4,0,1736205700
gym-big-split-boss-kill,corridor-hold,194,Defeat,5,0,5,40,3,0,3,80,-1,,0,3,1,4024627281
gym-big-split-boss-kill,corridor-hold,195,Defeat,6,0,6,48,12,0,2,66,-1,,0,4,0,1059244140
gym-big-split-boss-kill,corridor-hold,196,Defeat,5,0,5,40,3,0,3,60,-1,,0,5,1,2824915835
gym-big-split-boss-kill,corridor-hold,197,Defeat,6,0,6,48,6,0,2,83,-1,,0,5,1,3029259887
gym-big-split-boss-kill,corridor-hold,198,Defeat,6,0,6,48,3,0,2,66,-1,,0,3,0,3826096284
gym-big-split-boss-kill,corridor-hold,199,Defeat,5,0,5,40,20,0,2,80,-1,,0,3,1,2432117158
gym-big-split-boss-kill,corridor-hold,200,Defeat,7,0,7,56,10,0,1,57,-1,,0,5,0,1733443350
gym-big-split-boss-kill,tpa-order,1,Defeat,7,0,7,56,7,0,1,71,-1,,0,5,0,1182772964
gym-big-split-boss-kill,tpa-order,2,Defeat,6,0,6,48,8,0,2,66,-1,,0,3,0,3370124929
gym-big-split-boss-kill,tpa-order,3,Defeat,7,0,7,56,5,0,1,71,-1,,0,6,0,1707870156
gym-big-split-boss-kill,tpa-order,4,Defeat,8,0,8,64,4,0,2,62,3,1:3,0,8,0,2385208728
gym-big-split-boss-kill,tpa-order,5,Defeat,7,0,7,56,15,0,1,57,-1,,0,5,0,572055850
gym-big-split-boss-kill,tpa-order,6,Defeat,7,0,7,56,5,0,1,57,-1,,0,5,0,1733443350
gym-big-split-boss-kill,tpa-order,7,Defeat,7,0,7,56,6,0,1,71,-1,,0,6,0,1046102174
gym-big-split-boss-kill,tpa-order,8,Defeat,5,0,5,40,10,0,2,80,-1,,0,3,1,3944644141
gym-big-split-boss-kill,tpa-order,9,Defeat,5,0,5,40,5,0,3,100,-1,,0,5,1,16354723
gym-big-split-boss-kill,tpa-order,10,Defeat,5,0,5,40,3,0,2,80,-1,,0,3,1,2449376953
gym-big-split-boss-kill,tpa-order,11,Defeat,7,0,7,56,7,0,1,57,-1,,0,5,0,1733443350
gym-big-split-boss-kill,tpa-order,12,Defeat,7,0,7,56,7,0,2,71,-1,,0,5,0,615596270
gym-big-split-boss-kill,tpa-order,13,Defeat,6,0,6,48,6,0,2,66,-1,,0,3,0,2180974441
gym-big-split-boss-kill,tpa-order,14,Defeat,7,0,7,56,8,0,2,85,-1,,0,5,0,1678837586
gym-big-split-boss-kill,tpa-order,15,Defeat,5,0,5,40,12,0,3,80,-1,,0,3,0,2551085584
gym-big-split-boss-kill,tpa-order,16,Defeat,8,0,8,64,3,0,1,62,-1,,0,7,0,2818051658
gym-big-split-boss-kill,tpa-order,17,Defeat,7,0,7,56,3,0,1,71,-1,,0,5,0,241764677
gym-big-split-boss-kill,tpa-order,18,Defeat,7,0,7,56,4,0,1,71,-1,,0,4,0,329521089
gym-big-split-boss-kill,tpa-order,19,Defeat,6,0,6,48,5,0,2,83,-1,,0,3,0,2855588039
gym-big-split-boss-kill,tpa-order,20,Defeat,7,0,7,56,5,0,1,57,-1,,0,5,0,1733443350
gym-big-split-boss-kill,tpa-order,21,Defeat,12,0,12,96,15,0,1,50,3,1:3,0,9,0,1279963878
gym-big-split-boss-kill,tpa-order,22,Defeat,6,0,6,48,5,0,2,83,7,1:7,0,9,0,296924420
gym-big-split-boss-kill,tpa-order,23,Defeat,7,0,7,56,5,0,1,57,-1,,0,5,0,1733443350
gym-big-split-boss-kill,tpa-order,24,Defeat,5,0,5,40,5,0,3,60,7,1:7,0,6,0,1151776655
gym-big-split-boss-kill,tpa-order,25,Defeat,6,0,6,48,6,0,1,100,-1,,0,4,0,744105976
gym-big-split-boss-kill,tpa-order,26,Defeat,7,0,7,56,4,0,1,57,-1,,0,4,0,1530334210
gym-big-split-boss-kill,tpa-order,27,Defeat,14,0,14,112,12,0,1,64,3,1:3,0,22,0,2265439985
gym-big-split-boss-kill,tpa-order,28,Defeat,8,0,8,64,2,0,2,62,3,1:3,0,8,0,429066530
gym-big-split-boss-kill,tpa-order,29,Defeat,10,0,10,80,14,0,2,70,-1,,0,13,0,1660315676
gym-big-split-boss-kill,tpa-order,30,Defeat,7,0,7,56,7,0,1,57,-1,,0,5,0,1733443350
gym-big-split-boss-kill,tpa-order,31,Defeat,4,0,4,32,4,0,3,75,-1,,0,2,2,2879717758
gym-big-split-boss-kill,tpa-order,32,Defeat,5,0,5,40,2,0,3,140,-1,,0,4,0,3463987010
gym-big-split-boss-kill,tpa-order,33,Defeat,7,0,7,56,10,0,1,57,-1,,0,5,0,3466003986
gym-big-split-boss-kill,tpa-order,34,Defeat,7,0,7,56,10,0,2,57,-1,,0,6,1,3934562772
gym-big-split-boss-kill,tpa-order,35,Defeat,5,0,5,40,4,0,2,80,-1,,0,3,1,216208334
gym-big-split-boss-kill,tpa-order,36,Defeat,7,0,7,56,7,0,1,57,-1,,0,4,0,1028698746
gym-big-split-boss-kill,tpa-order,37,Defeat,7,0,7,56,5,0,1,71,-1,,0,5,0,1182772964
gym-big-split-boss-kill,tpa-order,38,Defeat,5,0,5,40,5,0,2,60,7,1:7,0,6,0,237874098
gym-big-split-boss-kill,tpa-order,39,Defeat,6,0,6,48,5,0,2,83,-1,,0,4,0,2087754803
gym-big-split-boss-kill,tpa-order,40,Defeat,7,0,7,56,5,0,2,71,-1,,0,5,0,3728440963
gym-big-split-boss-kill,tpa-order,41,Defeat,7,0,7,56,5,0,2,85,-1,,0,5,0,2142223410
gym-big-split-boss-kill,tpa-order,42,Defeat,7,0,7,56,7,0,1,57,-1,,0,5,0,1733443350
gym-big-split-boss-kill,tpa-order,43,Defeat,8,0,8,64,4,0,1,50,-1,,0,8,0,3105227216
gym-big-split-boss-kill,tpa-order,44,Defeat,6,0,6,48,7,0,2,83,-1,,0,3,0,3377024825
gym-big-split-boss-kill,tpa-order,45,Defeat,5,0,5,40,2,0,2,80,-1,,0,3,1,216208334
gym-big-split-boss-kill,tpa-order,46,Defeat,7,0,7,56,10,0,1,57,-1,,0,5,0,1733443350
gym-big-split-boss-kill,tpa-order,47,Defeat,7,0,7,56,7,0,1,57,-1,,0,5,0,1733443350
gym-big-split-boss-kill,tpa-order,48,Defeat,7,0,7,56,7,0,2,71,-1,,0,5,0,2489653985
gym-big-split-boss-kill,tpa-order,49,Defeat,7,0,7,56,9,0,2,71,-1,,0,5,0,4131036895
gym-big-split-boss-kill,tpa-order,50,Defeat,6,0,6,48,4,0,2,83,-1,,0,3,0,1188207565
gym-big-split-boss-kill,tpa-order,51,Defeat,21,0,21,168,27,0,2,33,12,1:12,0,34,0,3259857217
gym-big-split-boss-kill,tpa-order,52,Defeat,7,0,7,56,5,0,1,71,-1,,0,5,0,199703940
gym-big-split-boss-kill,tpa-order,53,Defeat,5,0,5,40,10,0,3,100,-1,,0,3,1,936765342
gym-big-split-boss-kill,tpa-order,54,Defeat,8,0,8,64,8,0,1,75,-1,,0,6,0,32267741
gym-big-split-boss-kill,tpa-order,55,Defeat,7,0,7,56,6,0,3,71,-1,,0,7,0,3701272658
gym-big-split-boss-kill,tpa-order,56,Defeat,5,0,5,40,10,0,3,60,-1,,0,3,1,31279586
gym-big-split-boss-kill,tpa-order,57,Defeat,8,0,8,64,6,0,1,62,-1,,0,5,0,998312305
gym-big-split-boss-kill,tpa-order,58,Defeat,8,0,8,64,3,0,1,50,-1,,0,6,0,577566904
gym-big-split-boss-kill,tpa-order,59,Defeat,9,0,9,72,9,0,1,55,-1,,0,10,0,3409290260
gym-big-split-boss-kill,tpa-order,60,Defeat,5,0,5,40,5,0,3,60,7,1:7,0,6,0,1736516555
gym-big-split-boss-kill,tpa-order,61,Defeat,7,0,7,56,10,0,1,71,-1,,0,6,0,2778613560
gym-big-split-boss-kill,tpa-order,62,Defeat,7,0,7,56,8,0,1,85,-1,,0,5,0,3662936290
gym-big-split-boss-kill,tpa-order,63,Defeat,7,0,7,56,3,0,1,71,-1,,0,4,0,3751362158
gym-big-split-boss-kill,tpa-order,64,Defeat,6,0,6,48,10,0,1,83,-1,,0,4,0,1132412268
gym-big-split-boss-kill,tpa-order,65,Defeat,6,0,6,48,15,0,1,83,-1,,0,4,0,3106294600
gym-big-split-boss-kill,tpa-order,66,Defeat,8,0,8,64,6,0,1,62,-1,,0,6,0,172684267
gym-big-split-boss-kill,tpa-order,67,Defeat,7,0,7,56,5,0,2,85,-1,,0,5,0,50532642
gym-big-split-boss-kill,tpa-order,68,Defeat,5,0,5,40,14,0,3,120,-1,,0,4,1,386914529
gym-big-split-boss-kill,tpa-order,69,Defeat,6,0,6,48,6,0,1,83,-1,,0,4,0,1273230484
gym-big-split-boss-kill,tpa-order,70,Defeat,6,0,6,48,10,0,2,83,-1,,0,4,0,1630890346
gym-big-split-boss-kill,tpa-order,71,Defeat,11,0,11,88,14,0,1,54,-1,,0,12,0,1740534638
gym-big-split-boss-kill,tpa-order,72,Defeat,10,0,10,80,3,0,1,70,-1,,0,12,0,2198783116
gym-big-split-boss-kill,tpa-order,73,Defeat,6,0,6,48,5,0,2,83,-1,,0,6,1,4194148031
gym-big-split-boss-kill,tpa-order,74,Defeat,5,0,5,40,3,0,2,80,-1,,0,3,1,928004911
gym-big-split-boss-kill,tpa-order,75,Defeat,5,0,5,40,3,0,3,80,-1,,0,3,1,1961062792
gym-big-split-boss-kill,tpa-order,76,Defeat,7,0,7,56,3,0,1,71,-1,,0,5,0,3503582154
gym-big-split-boss-kill,tpa-order,77,Defeat,7,0,7,56,11,0,1,57,-1,,0,5,0,154500620
gym-big-split-boss-kill,tpa-order,78,Defeat,7,0,7,56,13,0,2,85,-1,,0,5,0,631706708
gym-big-split-boss-kill,tpa-order,79,Defeat,7,0,7,56,7,0,1,57,-1,,0,6,0,1733443350
gym-big-split-boss-kill,tpa-order,80,Defeat,7,0,7,56,3,0,1,57,-1,,0,6,0,418180324
gym-big-split-boss-kill,tpa-order,81,Defeat,14,0,14,112,19,0,1,57,3,1:3,0,15,0,3748274550
gym-big-split-boss-kill,tpa-order,82,Defeat,8,0,8,64,5,0,1,62,-1,,0,5,0,3409752078
gym-big-split-boss-kill,tpa-order,83,Defeat,5,0,5,40,3,0,3,100,7,1:7,0,5,1,2893291878
gym-big-split-boss-kill,tpa-order,84,Defeat,5,0,5,40,5,0,2,100,-1,,0,3,1,3985622119
gym-big-split-boss-kill,tpa-order,85,Defeat,6,0,6,48,2,0,1,66,-1,,0,4,0,3017252314
gym-big-split-boss-kill,tpa-order,86,Defeat,6,0,6,48,9,0,2,83,-1,,0,3,0,1188207565
gym-big-split-boss-kill,tpa-order,87,Defeat,7,0,7,56,10,0,1,71,-1,,0,5,0,3650775944
gym-big-split-boss-kill,tpa-order,88,Defeat,6,0,6,48,5,0,1,66,-1,,0,4,0,3093379219
gym-big-split-boss-kill,tpa-order,89,Defeat,7,0,7,56,3,0,1,57,-1,,0,5,0,1733443350
gym-big-split-boss-kill,tpa-order,90,Defeat,7,0,7,56,5,0,1,57,-1,,0,4,0,2909959441
gym-big-split-boss-kill,tpa-order,91,Defeat,7,0,7,56,11,0,2,71,-1,,0,6,0,1931346756
gym-big-split-boss-kill,tpa-order,92,Defeat,7,0,7,56,7,0,1,57,-1,,0,5,0,1733443350
gym-big-split-boss-kill,tpa-order,93,Defeat,6,0,6,48,3,0,3,83,-1,,0,5,0,3641824854
gym-big-split-boss-kill,tpa-order,94,Defeat,8,0,8,64,5,0,1,50,-1,,0,5,0,647874132
gym-big-split-boss-kill,tpa-order,95,Defeat,7,0,7,56,5,0,1,85,-1,,0,3,0,3563357616
gym-big-split-boss-kill,tpa-order,96,Defeat,7,0,7,56,5,0,1,57,-1,,0,5,0,1733443350
gym-big-split-boss-kill,tpa-order,97,Defeat,7,0,7,56,15,0,1,57,-1,,0,5,0,1733443350
gym-big-split-boss-kill,tpa-order,98,Defeat,5,0,5,40,5,0,2,60,7,1:7,0,6,0,237874098
gym-big-split-boss-kill,tpa-order,99,Defeat,7,0,7,56,13,0,1,71,-1,,0,5,0,200226768
gym-big-split-boss-kill,tpa-order,100,Defeat,18,0,18,144,21,0,2,33,3,1:3,0,36,0,476627668
gym-big-split-boss-kill,tpa-order,101,Defeat,6,0,6,48,8,0,2,83,-1,,0,4,0,4167844637
gym-big-split-boss-kill,tpa-order,102,Defeat,7,0,7,56,5,0,1,57,-1,,0,6,0,1733443350
gym-big-split-boss-kill,tpa-order,103,Defeat,7,0,7,56,7,0,1,57,-1,,0,5,0,1733443350
gym-big-split-boss-kill,tpa-order,104,Defeat,11,0,11,88,8,0,1,63,-1,,0,12,0,2491338487
gym-big-split-boss-kill,tpa-order,105,Defeat,6,0,6,48,5,0,2,66,-1,,0,3,0,2180974441
gym-big-split-boss-kill,tpa-order,106,Defeat,6,0,6,48,3,0,1,83,-1,,0,4,0,2516412682
gym-big-split-boss-kill,tpa-order,107,Defeat,21,0,21,168,25,0,1,42,3,1:3,0,21,0,323105113
gym-big-split-boss-kill,tpa-order,108,Defeat,6,0,6,48,4,0,2,83,-1,,0,4,0,3824990533
gym-big-split-boss-kill,tpa-order,109,Defeat,7,0,7,56,9,0,1,57,-1,,0,5,0,1733443350
gym-big-split-boss-kill,tpa-order,110,Defeat,6,0,6,48,3,0,2,100,-1,,0,4,0,355366202
gym-big-split-boss-kill,tpa-order,111,Defeat,6,0,6,48,14,0,1,83,-1,,0,5,0,2922365049
gym-big-split-boss-kill,tpa-order,112,Defeat,5,0,5,40,5,0,2,80,-1,,0,3,1,2567880736
gym-big-split-boss-kill,tpa-order,113,Defeat,7,0,7,56,14,0,2,71,-1,,0,6,1,2403043731
gym-big-split-boss-kill,tpa-order,114,Defeat,6,0,6,48,4,0,2,100,-1,,0,4,0,2919767601
gym-big-split-boss-kill,tpa-order,115,Defeat,6,0,6,48,10,0,2,66,-1,,0,4,0,3718644996
gym-big-split-boss-kill,tpa-order,116,Defeat,9,0,9,72,7,0,2,66,-1,,0,9,0,2695029380
gym-big-split-boss-kill,tpa-order,117,Defeat,7,0,7,56,5,0,1,71,-1,,0,5,0,3212957901
gym-big-split-boss-kill,tpa-order,118,Defeat,7,0,7,56,4,0,1,71,-1,,0,5,0,1182772964
gym-big-split-boss-kill,tpa-order,119,Victory,16,0,16,128,15,20,0,37,7,1:7,0,15,0,4076233973
gym-big-split-boss-kill,tpa-order,120,Defeat,7,0,7,56,4,0,1,71,-1,,0,5,0,1833899639
gym-big-split-boss-kill,tpa-order,121,Defeat,7,0,7,56,2,0,1,71,-1,,0,5,0,4175858791
gym-big-split-boss-kill,tpa-order,122,Defeat,8,0,8,64,5,0,1,75,-1,,0,6,0,1131967837
gym-big-split-boss-kill,tpa-order,123,Defeat,8,0,8,64,11,0,1,75,-1,,0,7,0,1891455071
gym-big-split-boss-kill,tpa-order,124,Defeat,7,0,7,56,3,0,1,71,-1,,0,5,0,299750472
gym-big-split-boss-kill,tpa-order,125,Defeat,7,0,7,56,5,0,1,57,-1,,0,6,0,1733443350
gym-big-split-boss-kill,tpa-order,126,Defeat,6,0,6,48,11,0,2,100,-1,,0,5,1,2706868419
gym-big-split-boss-kill,tpa-order,127,Defeat,6,0,6,48,8,0,1,66,-1,,0,4,0,2199578513
gym-big-split-boss-kill,tpa-order,128,Defeat,5,0,5,40,9,0,3,80,-1,,0,3,1,3908888892
gym-big-split-boss-kill,tpa-order,129,Defeat,7,0,7,56,10,0,1,71,-1,,0,5,0,880731490
gym-big-split-boss-kill,tpa-order,130,Defeat,8,0,8,64,5,0,1,50,-1,,0,5,0,577566904
gym-big-split-boss-kill,tpa-order,131,Defeat,7,0,7,56,8,0,1,57,-1,,0,5,0,1733443350
gym-big-split-boss-kill,tpa-order,132,Defeat,7,0,7,56,16,0,2,71,-1,,0,5,0,2723892868
gym-big-split-boss-kill,tpa-order,133,Defeat,7,0,7,56,4,0,1,71,-1,,0,5,0,1182772964
gym-big-split-boss-kill,tpa-order,134,Defeat,7,0,7,56,9,0,1,57,-1,,0,5,0,2919806268
gym-big-split-boss-kill,tpa-order,135,Defeat,7,0,7,56,15,0,1,57,-1,,0,5,0,341419476
gym-big-split-boss-kill,tpa-order,136,Defeat,6,0,6,48,5,0,3,116,7,1:7,0,9,0,3575300856
gym-big-split-boss-kill,tpa-order,137,Defeat,13,0,13,104,18,0,1,53,3,1:3,0,21,0,3721732999
gym-big-split-boss-kill,tpa-order,138,Defeat,7,0,7,56,5,0,1,71,-1,,0,3,0,3626578481
gym-big-split-boss-kill,tpa-order,139,Defeat,7,0,7,56,7,0,1,57,-1,,0,5,0,1733443350
gym-big-split-boss-kill,tpa-order,140,Defeat,9,0,9,72,12,0,1,55,-1,,0,7,0,3005178071
gym-big-split-boss-kill,tpa-order,141,Defeat,7,0,7,56,5,0,1,71,-1,,0,5,0,1159528598
gym-big-split-boss-kill,tpa-order,142,Defeat,10,0,10,80,9,0,2,70,-1,,0,16,0,3704451078
gym-big-split-boss-kill,tpa-order,143,Defeat,5,0,5,40,5,0,2,60,7,1:7,0,6,0,237874098
gym-big-split-boss-kill,tpa-order,144,Defeat,12,0,12,96,11,0,1,58,-1,,0,11,0,1261025655
gym-big-split-boss-kill,tpa-order,145,Victory,12,0,12,96,10,15,0,50,3,1:3,0,9,0,3655962373
gym-big-split-boss-kill,tpa-order,146,Defeat,9,0,9,72,6,0,1,66,-1,,0,5,0,3691877474
gym-big-split-boss-kill,tpa-order,147,Defeat,6,0,6,48,5,0,2,100,-1,,0,4,0,2239550631
gym-big-split-boss-kill,tpa-order,148,Defeat,6,0,6,48,10,0,1,83,-1,,0,5,0,2516412682
gym-big-split-boss-kill,tpa-order,149,Defeat,8,0,8,64,6,0,1,62,-1,,0,5,0,1093534112
gym-big-split-boss-kill,tpa-order,150,Defeat,7,0,7,56,4,0,2,85,-1,,0,6,1,640351318
gym-big-split-boss-kill,tpa-order,151,Defeat,5,0,5,40,5,0,3,80,-1,,0,2,1,1035168687
gym-big-split-boss-kill,tpa-order,152,Defeat,7,0,7,56,15,0,1,57,-1,,0,5,0,3400241332
gym-big-split-boss-kill,tpa-order,153,Defeat,5,0,5,40,10,0,2,80,-1,,0,3,0,343483767
gym-big-split-boss-kill,tpa-order,154,Defeat,9,0,9,72,3,0,2,88,3,1:3,0,9,0,2957835351
gym-big-split-boss-kill,tpa-order,155,Defeat,7,0,7,56,4,0,1,71,-1,,0,5,0,1182772964
gym-big-split-boss-kill,tpa-order,156,Defeat,7,0,7,56,7,0,2,85,-1,,0,6,0,466326290
gym-big-split-boss-kill,tpa-order,157,Defeat,6,0,6,48,2,0,2,83,-1,,0,4,0,191664865
gym-big-split-boss-kill,tpa-order,158,Defeat,7,0,7,56,5,0,1,57,-1,,0,5,0,1733443350
gym-big-split-boss-kill,tpa-order,159,Defeat,6,0,6,48,12,0,2,83,-1,,0,4,0,703199991
gym-big-split-boss-kill,tpa-order,160,Defeat,7,0,7,56,8,0,1,71,-1,,0,6,0,241764677
gym-big-split-boss-kill,tpa-order,161,Defeat,7,0,7,56,13,0,1,57,-1,,0,6,0,2226437656
gym-big-split-boss-kill,tpa-order,162,Defeat,7,0,7,56,7,0,1,71,-1,,0,4,0,1159528598
gym-big-split-boss-kill,tpa-order,163,Defeat,8,0,8,64,5,0,1,50,-1,,0,5,0,1907820594
gym-big-split-boss-kill,tpa-order,164,Defeat,6,0,6,48,15,0,2,100,-1,,0,5,1,1327467347
gym-big-split-boss-kill,tpa-order,165,Defeat,7,0,7,56,7,0,1,57,-1,,0,5,0,1733443350
gym-big-split-boss-kill,tpa-order,166,Defeat,6,0,6,48,3,0,2,83,-1,,0,4,0,90961322
gym-big-split-boss-kill,tpa-order,167,Defeat,8,0,8,64,8,0,1,37,-1,,0,6,0,1399409205
gym-big-split-boss-kill,tpa-order,168,Defeat,7,0,7,56,7,0,1,57,-1,,0,5,0,1733443350
gym-big-split-boss-kill,tpa-order,169,Defeat,7,0,7,56,7,0,1,57,-1,,0,6,0,1733443350
gym-big-split-boss-kill,tpa-order,170,Defeat,5,0,5,40,11,0,3,100,7,1:7,0,7,0,809490514
gym-big-split-boss-kill,tpa-order,171,Defeat,6,0,6,48,5,0,1,66,-1,,0,4,1,1588260159
gym-big-split-boss-kill,tpa-order,172,Defeat,5,0,5,40,3,0,2,80,7,1:7,0,6,0,2499108858
gym-big-split-boss-kill,tpa-order,173,Defeat,6,0,6,48,4,0,2,83,-1,,0,4,0,2418448996
gym-big-split-boss-kill,tpa-order,174,Defeat,8,0,8,64,5,0,1,75,-1,,0,7,0,157889035
gym-big-split-boss-kill,tpa-order,175,Defeat,6,0,6,48,3,0,2,100,-1,,0,5,0,3498040557
gym-big-split-boss-kill,tpa-order,176,Defeat,9,0,9,72,5,0,1,55,-1,,0,6,0,1452989503
gym-big-split-boss-kill,tpa-order,177,Defeat,6,0,6,48,5,0,2,66,-1,,0,3,0,3358663579
gym-big-split-boss-kill,tpa-order,178,Defeat,7,0,7,56,5,0,1,57,-1,,0,4,0,1994511540
gym-big-split-boss-kill,tpa-order,179,Defeat,7,0,7,56,4,0,1,71,-1,,0,5,0,1127734914
gym-big-split-boss-kill,tpa-order,180,Defeat,5,0,5,40,4,0,2,100,-1,,0,2,1,3619294159
gym-big-split-boss-kill,tpa-order,181,Defeat,7,0,7,56,7,0,1,57,-1,,0,5,0,1733443350
gym-big-split-boss-kill,tpa-order,182,Defeat,6,0,6,48,11,0,2,66,-1,,0,4,0,1850870661
gym-big-split-boss-kill,tpa-order,183,Defeat,7,0,7,56,15,0,1,57,-1,,0,5,0,341419476
gym-big-split-boss-kill,tpa-order,184,Defeat,6,0,6,48,10,0,2,83,-1,,0,4,0,1630890346
gym-big-split-boss-kill,tpa-order,185,Defeat,6,0,6,48,8,0,2,66,-1,,0,4,0,3718644996
gym-big-split-boss-kill,tpa-order,186,Defeat,14,0,14,112,16,0,1,42,-1,,0,16,0,3429003324
gym-big-split-boss-kill,tpa-order,187,Defeat,7,0,7,56,7,0,1,57,-1,,0,5,0,1733443350
gym-big-split-boss-kill,tpa-order,188,Defeat,7,0,7,56,7,0,1,57,-1,,0,5,0,1733443350
gym-big-split-boss-kill,tpa-order,189,Defeat,6,0,6,48,0,0,2,83,7,1:7,0,7,1,3513008
gym-big-split-boss-kill,tpa-order,190,Defeat,6,0,6,48,5,0,2,100,-1,,0,4,0,2527725793
gym-big-split-boss-kill,tpa-order,191,Defeat,6,0,6,48,9,0,2,116,-1,,0,4,0,436554672
gym-big-split-boss-kill,tpa-order,192,Defeat,7,0,7,56,14,0,1,57,-1,,0,4,0,223531157
gym-big-split-boss-kill,tpa-order,193,Defeat,6,0,6,48,5,0,2,83,-1,,0,4,0,1736205700
gym-big-split-boss-kill,tpa-order,194,Defeat,6,0,6,48,3,0,1,83,-1,,0,4,0,2125305962
gym-big-split-boss-kill,tpa-order,195,Defeat,6,0,6,48,12,0,2,66,-1,,0,4,0,1059244140
gym-big-split-boss-kill,tpa-order,196,Defeat,5,0,5,40,3,0,3,60,-1,,0,5,1,2824915835
gym-big-split-boss-kill,tpa-order,197,Defeat,6,0,6,48,6,0,2,83,-1,,0,5,1,3029259887
gym-big-split-boss-kill,tpa-order,198,Defeat,6,0,6,48,3,0,2,66,-1,,0,3,0,3826096284
gym-big-split-boss-kill,tpa-order,199,Defeat,5,0,5,40,20,0,2,80,-1,,0,3,1,2432117158
gym-big-split-boss-kill,tpa-order,200,Defeat,7,0,7,56,10,0,1,57,-1,,0,5,0,1733443350
gym-big-split-boss-kill,decapitate,1,Defeat,7,0,7,56,7,0,2,85,-1,,0,5,0,2897595900
gym-big-split-boss-kill,decapitate,2,Defeat,6,0,6,48,8,0,2,66,-1,,0,3,0,3370124929
gym-big-split-boss-kill,decapitate,3,Defeat,7,0,7,56,5,0,2,85,-1,,0,6,0,1663617149
gym-big-split-boss-kill,decapitate,4,Defeat,8,0,8,64,4,0,2,62,3,1:3,0,8,0,2385208728
gym-big-split-boss-kill,decapitate,5,Defeat,7,0,7,56,15,0,1,57,-1,,0,5,0,572055850
gym-big-split-boss-kill,decapitate,6,Defeat,7,0,7,56,5,0,2,71,-1,,0,5,0,79265294
gym-big-split-boss-kill,decapitate,7,Defeat,7,0,7,56,6,0,2,85,-1,,0,6,0,1319990127
gym-big-split-boss-kill,decapitate,8,Defeat,5,0,5,40,10,0,2,80,-1,,0,3,1,3944644141
gym-big-split-boss-kill,decapitate,9,Defeat,5,0,5,40,5,0,4,120,-1,,0,5,1,1190385544
gym-big-split-boss-kill,decapitate,10,Defeat,28,0,28,224,35,0,1,32,3,1:3,0,27,0,888351315
gym-big-split-boss-kill,decapitate,11,Defeat,7,0,7,56,7,0,2,71,-1,,0,5,0,79265294
gym-big-split-boss-kill,decapitate,12,Defeat,7,0,7,56,7,0,2,71,-1,,0,5,0,79265294
gym-big-split-boss-kill,decapitate,13,Defeat,6,0,6,48,6,0,2,66,-1,,0,3,0,2180974441
gym-big-split-boss-kill,decapitate,14,Defeat,7,0,7,56,8,0,2,85,-1,,0,5,0,516722082
gym-big-split-boss-kill,decapitate,15,Defeat,5,0,5,40,12,0,3,80,-1,,0,3,0,2551085584
gym-big-split-boss-kill,decapitate,16,Defeat,8,0,8,64,3,0,1,62,-1,,0,7,0,2818051658
gym-big-split-boss-kill,decapitate,17,Defeat,7,0,7,56,3,0,2,85,-1,,0,5,0,1956587613
gym-big-split-boss-kill,decapitate,18,Defeat,6,0,6,48,4,0,2,83,-1,,0,3,0,1880633386
gym-big-split-boss-kill,decapitate,19,Defeat,6,0,6,48,5,0,2,83,-1,,0,3,0,2855588039
gym-big-split-boss-kill,decapitate,20,Defeat,7,0,7,56,5,0,2,71,-1,,0,5,0,79265294
gym-big-split-boss-kill,decapitate,21,Defeat,7,0,7,56,5,0,2,85,-1,,0,5,0,808636981
gym-big-split-boss-kill,decapitate,22,Defeat,6,0,6,48,5,0,3,83,7,1:7,0,9,0,3083342287
gym-big-split-boss-kill,decapitate,23,Defeat,7,0,7,56,5,0,2,71,-1,,0,5,0,79265294
gym-big-split-boss-kill,decapitate,24,Defeat,5,0,5,40,5,0,3,60,7,1:7,0,6,0,1151776655
gym-big-split-boss-kill,decapitate,25,Defeat,6,0,6,48,6,0,2,116,-1,,0,4,0,241539083
gym-big-split-boss-kill,decapitate,26,Defeat,7,0,7,56,4,0,1,57,-1,,0,4,0,1530334210
gym-big-split-boss-kill,decapitate,27,Defeat,14,0,14,112,12,0,2,71,3,1:3,0,22,0,3676727114
gym-big-split-boss-kill,decapitate,28,Defeat,8,0,8,64,2,0,2,62,3,1:3,0,8,0,429066530
gym-big-split-boss-kill,decapitate,29,Defeat,10,0,10,80,14,0,3,90,-1,,0,14,0,1297552784
gym-big-split-boss-kill,decapitate,30,Defeat,7,0,7,56,7,0,2,71,-1,,0,5,0,79265294
gym-big-split-boss-kill,decapitate,31,Defeat,4,0,4,32,4,0,3,75,-1,,0,2,2,2879717758
gym-big-split-boss-kill,decapitate,32,Defeat,4,0,4,32,2,0,4,150,-1,,0,2,1,3850223122
gym-big-split-boss-kill,decapitate,33,Defeat,7,0,7,56,10,0,2,71,-1,,0,5,0,885859626
gym-big-split-boss-kill,decapitate,34,Defeat,7,0,7,56,10,0,2,57,-1,,0,6,1,3934562772
gym-big-split-boss-kill,decapitate,35,Defeat,5,0,5,40,4,0,2,80,-1,,0,3,1,216208334
gym-big-split-boss-kill,decapitate,36,Defeat,7,0,7,56,7,0,1,57,-1,,0,4,0,1028698746
gym-big-split-boss-kill,decapitate,37,Defeat,7,0,7,56,5,0,2,85,-1,,0,5,0,2897595900
gym-big-split-boss-kill,decapitate,38,Defeat,5,0,5,40,5,0,2,60,7,1:7,0,6,0,237874098
gym-big-split-boss-kill,decapitate,39,Defeat,6,0,6,48,5,0,2,83,-1,,0,4,0,2087754803
gym-big-split-boss-kill,decapitate,40,Defeat,7,0,7,56,5,0,2,71,-1,,0,5,0,162998691
gym-big-split-boss-kill,decapitate,41,Defeat,7,0,7,56,5,0,2,85,-1,,0,5,0,2142223410
gym-big-split-boss-kill,decapitate,42,Defeat,7,0,7,56,7,0,2,71,-1,,0,5,0,79265294
gym-big-split-boss-kill,decapitate,43,Defeat,8,0,8,64,4,0,1,50,-1,,0,8,0,3105227216
gym-big-split-boss-kill,decapitate,44,Defeat,6,0,6,48,7,0,2,83,-1,,0,3,0,3377024825
gym-big-split-boss-kill,decapitate,45,Defeat,5,0,5,40,2,0,2,80,-1,,0,3,1,216208334
gym-big-split-boss-kill,decapitate,46,Defeat,7,0,7,56,10,0,2,71,-1,,0,5,0,79265294
gym-big-split-boss-kill,decapitate,47,Defeat,7,0,7,56,7,0,2,71,-1,,0,5,0,615596270
gym-big-split-boss-kill,decapitate,48,Defeat,7,0,7,56,7,0,2,71,-1,,0,5,0,559048545
gym-big-split-boss-kill,decapitate,49,Defeat,7,0,7,56,9,0,2,71,-1,,0,5,0,86554671
gym-big-split-boss-kill,decapitate,50,Defeat,6,0,6,48,4,0,2,83,-1,,0,3,0,1188207565
gym-big-split-boss-kill,decapitate,51,Defeat,21,0,21,168,27,0,2,33,12,1:12,0,34,0,3259857217
gym-big-split-boss-kill,decapitate,52,Defeat,7,0,7,56,5,0,2,85,-1,,0,5,0,3159055221
gym-big-split-boss-kill,decapitate,53,Defeat,5,0,5,40,10,0,3,100,-1,,0,3,1,936765342
gym-big-split-boss-kill,decapitate,54,Defeat,7,0,7,56,8,0,2,85,-1,,0,5,0,2054619027
gym-big-split-boss-kill,decapitate,55,Defeat,7,0,7,56,6,0,3,71,-1,,0,7,0,3701272658
gym-big-split-boss-kill,decapitate,56,Defeat,5,0,5,40,10,0,3,60,-1,,0,3,1,31279586
gym-big-split-boss-kill,decapitate,57,Defeat,8,0,8,64,6,0,1,62,-1,,0,5,0,998312305
gym-big-split-boss-kill,decapitate,58,Defeat,8,0,8,64,3,0,1,50,-1,,0,6,0,577566904
gym-big-split-boss-kill,decapitate,59,Defeat,9,0,9,72,9,0,1,55,-1,,0,10,0,3409290260
gym-big-split-boss-kill,decapitate,60,Defeat,5,0,5,40,5,0,3,60,7,1:7,0,6,0,1736516555
gym-big-split-boss-kill,decapitate,61,Defeat,7,0,7,56,10,0,2,85,-1,,0,6,0,947146000
gym-big-split-boss-kill,decapitate,62,Defeat,7,0,7,56,8,0,2,100,-1,,0,5,0,2588182874
gym-big-split-boss-kill,decapitate,63,Defeat,7,0,7,56,3,0,1,71,-1,,0,4,0,3751362158
gym-big-split-boss-kill,decapitate,64,Defeat,6,0,6,48,10,0,2,100,-1,,0,4,0,409040975
gym-big-split-boss-kill,decapitate,65,Defeat,6,0,6,48,15,0,2,100,-1,,0,4,0,1977463481
gym-big-split-boss-kill,decapitate,66,Defeat,8,0,8,64,6,0,1,62,-1,,0,6,0,172684267
gym-big-split-boss-kill,decapitate,67,Defeat,7,0,7,56,5,0,2,85,-1,,0,5,0,386156178
gym-big-split-boss-kill,decapitate,68,Defeat,5,0,5,40,14,0,3,120,-1,,0,4,1,386914529
gym-big-split-boss-kill,decapitate,69,Defeat,6,0,6,48,6,0,1,83,-1,,0,4,0,1273230484
gym-big-split-boss-kill,decapitate,70,Defeat,6,0,6,48,10,0,2,83,-1,,0,4,0,1630890346
gym-big-split-boss-kill,decapitate,71,Defeat,11,0,11,88,14,0,1,54,-1,,0,12,0,1740534638
gym-big-split-boss-kill,decapitate,72,Defeat,10,0,10,80,3,0,1,70,-1,,0,12,0,2198783116
gym-big-split-boss-kill,decapitate,73,Defeat,6,0,6,48,5,0,2,83,-1,,0,6,1,4194148031
gym-big-split-boss-kill,decapitate,74,Defeat,5,0,5,40,3,0,2,80,-1,,0,3,1,928004911
gym-big-split-boss-kill,decapitate,75,Defeat,5,0,5,40,3,0,3,80,-1,,0,3,1,1961062792
gym-big-split-boss-kill,decapitate,76,Defeat,7,0,7,56,3,0,1,71,-1,,0,5,0,3503582154
gym-big-split-boss-kill,decapitate,77,Defeat,7,0,7,56,11,0,2,71,-1,,0,5,0,1088338708
gym-big-split-boss-kill,decapitate,78,Defeat,7,0,7,56,13,0,2,85,-1,,0,5,0,631706708
gym-big-split-boss-kill,decapitate,79,Defeat,7,0,7,56,7,0,2,71,-1,,0,6,0,79265294
gym-big-split-boss-kill,decapitate,80,Defeat,7,0,7,56,3,0,2,71,-1,,0,6,0,3851925599
gym-big-split-boss-kill,decapitate,81,Defeat,14,0,14,112,19,0,1,57,3,1:3,0,15,0,3748274550
gym-big-split-boss-kill,decapitate,82,Defeat,7,0,7,56,5,0,2,85,-1,,0,5,0,2519526449
gym-big-split-boss-kill,decapitate,83,Defeat,5,0,5,40,3,0,3,100,7,1:7,0,5,1,2893291878
gym-big-split-boss-kill,decapitate,84,Defeat,5,0,5,40,5,0,2,100,-1,,0,3,1,3985622119
gym-big-split-boss-kill,decapitate,85,Defeat,6,0,6,48,2,0,1,66,-1,,0,4,0,3017252314
gym-big-split-boss-kill,decapitate,86,Defeat,6,0,6,48,9,0,2,83,-1,,0,3,0,1188207565
gym-big-split-boss-kill,decapitate,87,Defeat,7,0,7,56,10,0,2,85,-1,,0,5,0,289646736
gym-big-split-boss-kill,decapitate,88,Defeat,6,0,6,48,5,0,1,66,-1,,0,4,0,3093379219
gym-big-split-boss-kill,decapitate,89,Defeat,7,0,7,56,3,0,2,71,-1,,0,5,0,79265294
gym-big-split-boss-kill,decapitate,90,Defeat,7,0,7,56,5,0,1,57,-1,,0,4,0,2909959441
gym-big-split-boss-kill,decapitate,91,Defeat,7,0,7,56,11,0,2,71,-1,,0,6,0,1088338708
gym-big-split-boss-kill,decapitate,92,Defeat,7,0,7,56,7,0,2,71,-1,,0,5,0,79265294
gym-big-split-boss-kill,decapitate,93,Defeat,6,0,6,48,3,0,3,83,-1,,0,5,0,3641824854
gym-big-split-boss-kill,decapitate,94,Defeat,8,0,8,64,5,0,1,50,-1,,0,5,0,647874132
gym-big-split-boss-kill,decapitate,95,Defeat,7,0,7,56,5,0,1,85,-1,,0,3,0,3563357616
gym-big-split-boss-kill,decapitate,96,Defeat,7,0,7,56,5,0,2,71,-1,,0,5,0,79265294
gym-big-split-boss-kill,decapitate,97,Defeat,7,0,7,56,15,0,2,71,-1,,0,5,0,79265294
gym-big-split-boss-kill,decapitate,98,Defeat,5,0,5,40,5,0,2,60,7,1:7,0,6,0,237874098
gym-big-split-boss-kill,decapitate,99,Defeat,7,0,7,56,13,0,2,85,-1,,0,5,0,905366888
gym-big-split-boss-kill,decapitate,100,Defeat,18,0,18,144,21,0,2,33,3,1:3,0,36,0,476627668
gym-big-split-boss-kill,decapitate,101,Defeat,6,0,6,48,8,0,2,83,-1,,0,4,0,4167844637
gym-big-split-boss-kill,decapitate,102,Defeat,7,0,7,56,5,0,2,71,-1,,0,6,0,79265294
gym-big-split-boss-kill,decapitate,103,Defeat,7,0,7,56,7,0,2,71,-1,,0,5,0,79265294
gym-big-split-boss-kill,decapitate,104,Defeat,10,0,10,80,8,0,2,80,-1,,0,12,0,662287173
gym-big-split-boss-kill,decapitate,105,Defeat,6,0,6,48,5,0,2,66,-1,,0,3,0,2180974441
gym-big-split-boss-kill,decapitate,106,Defeat,6,0,6,48,3,0,2,100,-1,,0,4,0,554551385
gym-big-split-boss-kill,decapitate,107,Defeat,21,0,21,168,25,0,1,42,3,1:3,0,21,0,323105113
gym-big-split-boss-kill,decapitate,108,Defeat,6,0,6,48,4,0,2,83,-1,,0,4,0,3824990533
gym-big-split-boss-kill,decapitate,109,Defeat,7,0,7,56,9,0,2,71,-1,,0,5,0,79265294
gym-big-split-boss-kill,decapitate,110,Defeat,6,0,6,48,3,0,2,100,-1,,0,4,0,355366202
gym-big-split-boss-kill,decapitate,111,Defeat,6,0,6,48,14,0,1,83,-1,,0,5,0,2922365049
gym-big-split-boss-kill,decapitate,112,Defeat,5,0,5,40,5,0,2,80,-1,,0,3,1,2567880736
gym-big-split-boss-kill,decapitate,113,Defeat,7,0,7,56,14,0,3,71,-1,,0,6,1,1700546673
gym-big-split-boss-kill,decapitate,114,Defeat,6,0,6,48,4,0,2,100,-1,,0,4,0,2919767601
gym-big-split-boss-kill,decapitate,115,Defeat,6,0,6,48,10,0,2,66,-1,,0,4,0,3718644996
gym-big-split-boss-kill,decapitate,116,Defeat,9,0,9,72,7,0,2,66,-1,,0,9,0,2695029380
gym-big-split-boss-kill,decapitate,117,Defeat,7,0,7,56,5,0,2,85,-1,,0,5,0,1111062229
gym-big-split-boss-kill,decapitate,118,Defeat,7,0,7,56,4,0,2,85,-1,,0,5,0,2897595900
gym-big-split-boss-kill,decapitate,119,Victory,16,0,16,128,15,20,0,37,7,1:7,0,15,0,4076233973
gym-big-split-boss-kill,decapitate,120,Defeat,7,0,7,56,4,0,2,85,-1,,0,5,0,959863670
gym-big-split-boss-kill,decapitate,121,Defeat,7,0,7,56,2,0,2,85,-1,,0,5,0,1897333517
gym-big-split-boss-kill,decapitate,122,Defeat,7,0,7,56,5,0,2,85,-1,,0,5,0,1254818730
gym-big-split-boss-kill,decapitate,123,Defeat,8,0,8,64,11,0,2,87,-1,,0,7,0,4015248638
gym-big-split-boss-kill,decapitate,124,Defeat,7,0,7,56,3,0,2,85,-1,,0,5,0,3429718361
gym-big-split-boss-kill,decapitate,125,Defeat,7,0,7,56,5,0,2,71,-1,,0,6,0,79265294
gym-big-split-boss-kill,decapitate,126,Defeat,6,0,6,48,11,0,2,100,-1,,0,5,1,2706868419
gym-big-split-boss-kill,decapitate,127,Defeat,6,0,6,48,8,0,1,66,-1,,0,4,0,2199578513
gym-big-split-boss-kill,decapitate,128,Defeat,5,0,5,40,9,0,3,80,-1,,0,3,1,3908888892
gym-big-split-boss-kill,decapitate,129,Defeat,7,0,7,56,10,0,2,85,-1,,0,5,0,1585871610
gym-big-split-boss-kill,decapitate,130,Defeat,8,0,8,64,5,0,1,50,-1,,0,5,0,577566904
gym-big-split-boss-kill,decapitate,131,Defeat,7,0,7,56,8,0,2,71,-1,,0,5,0,79265294
gym-big-split-boss-kill,decapitate,132,Defeat,7,0,7,56,16,0,2,71,-1,,0,5,0,1115996564
gym-big-split-boss-kill,decapitate,133,Defeat,7,0,7,56,4,0,2,85,-1,,0,5,0,2897595900
gym-big-split-boss-kill,decapitate,134,Defeat,7,0,7,56,9,0,2,71,-1,,0,5,0,1088338708
gym-big-split-boss-kill,decapitate,135,Defeat,7,0,7,56,15,0,2,71,-1,,0,5,0,1046559596
gym-big-split-boss-kill,decapitate,136,Defeat,5,0,5,40,5,0,4,80,7,1:7,0,7,1,2154838099
gym-big-split-boss-kill,decapitate,137,Defeat,13,0,13,104,18,0,1,53,3,1:3,0,21,0,3721732999
gym-big-split-boss-kill,decapitate,138,Defeat,7,0,7,56,5,0,1,71,-1,,0,3,0,3626578481
gym-big-split-boss-kill,decapitate,139,Defeat,7,0,7,56,7,0,2,71,-1,,0,5,0,79265294
gym-big-split-boss-kill,decapitate,140,Defeat,9,0,9,72,12,0,1,55,-1,,0,7,0,3005178071
gym-big-split-boss-kill,decapitate,141,Defeat,7,0,7,56,5,0,2,85,-1,,0,5,0,590442670
gym-big-split-boss-kill,decapitate,142,Defeat,10,0,10,80,9,0,2,70,-1,,0,16,0,3704451078
gym-big-split-boss-kill,decapitate,143,Defeat,5,0,5,40,5,0,2,60,7,1:7,0,6,0,237874098
gym-big-split-boss-kill,decapitate,144,Defeat,12,0,12,96,11,0,1,58,-1,,0,11,0,1261025655
gym-big-split-boss-kill,decapitate,145,Victory,12,0,12,96,10,15,0,50,3,1:3,0,9,0,3655962373
gym-big-split-boss-kill,decapitate,146,Defeat,9,0,9,72,6,0,1,66,-1,,0,5,0,3691877474
gym-big-split-boss-kill,decapitate,147,Defeat,6,0,6,48,5,0,2,100,-1,,0,4,0,3503573575
gym-big-split-boss-kill,decapitate,148,Defeat,6,0,6,48,10,0,2,100,-1,,0,5,0,554551385
gym-big-split-boss-kill,decapitate,149,Defeat,8,0,8,64,6,0,1,62,-1,,0,5,0,1093534112
gym-big-split-boss-kill,decapitate,150,Defeat,7,0,7,56,4,0,2,85,-1,,0,6,1,964527553
gym-big-split-boss-kill,decapitate,151,Defeat,5,0,5,40,5,0,3,80,-1,,0,2,1,1035168687
gym-big-split-boss-kill,decapitate,152,Defeat,7,0,7,56,15,0,2,71,-1,,0,5,0,3504178725
gym-big-split-boss-kill,decapitate,153,Defeat,5,0,5,40,10,0,2,80,-1,,0,3,0,343483767
gym-big-split-boss-kill,decapitate,154,Defeat,9,0,9,72,3,0,2,88,3,1:3,0,9,0,2957835351
gym-big-split-boss-kill,decapitate,155,Defeat,7,0,7,56,4,0,2,85,-1,,0,5,0,2897595900
gym-big-split-boss-kill,decapitate,156,Defeat,7,0,7,56,7,0,2,85,-1,,0,6,0,645007554
gym-big-split-boss-kill,decapitate,157,Defeat,6,0,6,48,2,0,2,83,-1,,0,4,0,191664865
gym-big-split-boss-kill,decapitate,158,Defeat,7,0,7,56,5,0,2,71,-1,,0,5,0,79265294
gym-big-split-boss-kill,decapitate,159,Defeat,6,0,6,48,12,0,2,83,-1,,0,4,0,2182696935
gym-big-split-boss-kill,decapitate,160,Defeat,7,0,7,56,8,0,2,85,-1,,0,6,0,1956587613
gym-big-split-boss-kill,decapitate,161,Defeat,7,0,7,56,13,0,1,57,-1,,0,6,0,2226437656
gym-big-split-boss-kill,decapitate,162,Defeat,7,0,7,56,7,0,2,85,-1,,0,4,0,590442670
gym-big-split-boss-kill,decapitate,163,Defeat,8,0,8,64,5,0,1,50,-1,,0,5,0,1907820594
gym-big-split-boss-kill,decapitate,164,Defeat,6,0,6,48,15,0,2,100,-1,,0,5,1,2647330723
gym-big-split-boss-kill,decapitate,165,Defeat,7,0,7,56,7,0,2,71,-1,,0,5,0,79265294
gym-big-split-boss-kill,decapitate,166,Defeat,6,0,6,48,3,0,2,83,-1,,0,4,0,90961322
gym-big-split-boss-kill,decapitate,167,Defeat,8,0,8,64,8,0,1,37,-1,,0,6,0,1399409205
gym-big-split-boss-kill,decapitate,168,Defeat,7,0,7,56,7,0,2,71,-1,,0,5,0,79265294
gym-big-split-boss-kill,decapitate,169,Defeat,7,0,7,56,7,0,2,71,-1,,0,6,0,79265294
gym-big-split-boss-kill,decapitate,170,Defeat,5,0,5,40,11,0,3,100,7,1:7,0,7,0,809490514
gym-big-split-boss-kill,decapitate,171,Defeat,6,0,6,48,5,0,1,66,-1,,0,4,1,1588260159
gym-big-split-boss-kill,decapitate,172,Defeat,5,0,5,40,3,0,3,80,7,1:7,0,6,0,3348793467
gym-big-split-boss-kill,decapitate,173,Defeat,6,0,6,48,4,0,2,83,-1,,0,4,0,2418448996
gym-big-split-boss-kill,decapitate,174,Defeat,7,0,7,56,5,0,2,85,-1,,0,6,0,4149827333
gym-big-split-boss-kill,decapitate,175,Defeat,6,0,6,48,3,0,2,100,-1,,0,5,0,3498040557
gym-big-split-boss-kill,decapitate,176,Defeat,9,0,9,72,5,0,1,55,-1,,0,6,0,1452989503
gym-big-split-boss-kill,decapitate,177,Defeat,6,0,6,48,5,0,2,66,-1,,0,3,0,3358663579
gym-big-split-boss-kill,decapitate,178,Defeat,7,0,7,56,5,0,1,57,-1,,0,4,0,1994511540
gym-big-split-boss-kill,decapitate,179,Defeat,7,0,7,56,4,0,1,71,-1,,0,5,0,1127734914
gym-big-split-boss-kill,decapitate,180,Defeat,11,0,11,88,12,0,1,54,3,1:3,0,7,0,276222365
gym-big-split-boss-kill,decapitate,181,Defeat,7,0,7,56,7,0,2,71,-1,,0,5,0,79265294
gym-big-split-boss-kill,decapitate,182,Defeat,6,0,6,48,11,0,2,66,-1,,0,4,0,1850870661
gym-big-split-boss-kill,decapitate,183,Defeat,7,0,7,56,15,0,2,71,-1,,0,5,0,1046559596
gym-big-split-boss-kill,decapitate,184,Defeat,6,0,6,48,10,0,2,83,-1,,0,4,0,1630890346
gym-big-split-boss-kill,decapitate,185,Defeat,6,0,6,48,8,0,2,66,-1,,0,4,0,3718644996
gym-big-split-boss-kill,decapitate,186,Defeat,14,0,14,112,16,0,1,42,-1,,0,16,0,3429003324
gym-big-split-boss-kill,decapitate,187,Defeat,7,0,7,56,7,0,2,71,-1,,0,5,0,79265294
gym-big-split-boss-kill,decapitate,188,Defeat,7,0,7,56,7,0,2,71,-1,,0,5,0,79265294
gym-big-split-boss-kill,decapitate,189,Defeat,6,0,6,48,0,0,3,100,7,1:7,0,7,1,4141059195
gym-big-split-boss-kill,decapitate,190,Defeat,6,0,6,48,5,0,3,116,-1,,0,4,0,3215765824
gym-big-split-boss-kill,decapitate,191,Defeat,6,0,6,48,9,0,2,116,-1,,0,4,0,436554672
gym-big-split-boss-kill,decapitate,192,Defeat,7,0,7,56,14,0,2,71,-1,,0,4,0,3533813102
gym-big-split-boss-kill,decapitate,193,Defeat,6,0,6,48,5,0,2,83,-1,,0,4,0,1736205700
gym-big-split-boss-kill,decapitate,194,Defeat,5,0,5,40,3,0,3,80,-1,,0,3,1,4024627281
gym-big-split-boss-kill,decapitate,195,Defeat,6,0,6,48,12,0,2,66,-1,,0,4,0,1059244140
gym-big-split-boss-kill,decapitate,196,Defeat,5,0,5,40,3,0,3,60,-1,,0,5,1,2824915835
gym-big-split-boss-kill,decapitate,197,Defeat,6,0,6,48,6,0,2,83,-1,,0,5,1,3029259887
gym-big-split-boss-kill,decapitate,198,Defeat,6,0,6,48,3,0,2,66,-1,,0,3,0,3520578924
gym-big-split-boss-kill,decapitate,199,Defeat,5,0,5,40,20,0,2,80,-1,,0,3,1,2432117158
gym-big-split-boss-kill,decapitate,200,Defeat,7,0,7,56,10,0,2,71,-1,,0,5,0,79265294
gym-big-split-boss-kill,charge,1,Defeat,6,0,6,48,6,0,1,66,-1,,0,3,0,1353104391
gym-big-split-boss-kill,charge,2,Defeat,4,0,4,32,4,0,2,75,-1,,0,1,2,3529465741
gym-big-split-boss-kill,charge,3,Defeat,4,0,4,32,8,0,2,75,-1,,0,2,1,1775438889
gym-big-split-boss-kill,charge,4,Defeat,7,0,7,56,12,0,2,71,-1,,0,5,0,9409844
gym-big-split-boss-kill,charge,5,Defeat,5,0,5,40,4,0,2,60,-1,,0,1,2,953085139
gym-big-split-boss-kill,charge,6,Defeat,5,0,5,40,4,0,2,80,-1,,0,2,1,3354205082
gym-big-split-boss-kill,charge,7,Defeat,3,0,3,24,12,0,3,100,-1,,0,1,3,474137094
gym-big-split-boss-kill,charge,8,Defeat,4,0,4,32,4,0,3,75,-1,,0,1,2,3199145789
gym-big-split-boss-kill,charge,9,Defeat,5,0,5,40,6,0,2,80,-1,,0,1,2,14940741
gym-big-split-boss-kill,charge,10,Defeat,3,0,3,24,8,0,4,133,-1,,0,1,2,376918301
gym-big-split-boss-kill,charge,11,Defeat,4,0,4,32,4,0,2,75,-1,,0,1,2,3529465741
gym-big-split-boss-kill,charge,12,Defeat,4,0,4,32,4,0,2,75,-1,,0,1,2,3529465741
gym-big-split-boss-kill,charge,13,Defeat,6,0,6,48,8,0,2,66,-1,,0,1,0,2470040624
gym-big-split-boss-kill,charge,14,Defeat,5,0,5,40,5,0,2,80,-1,,0,2,1,3858784781
gym-big-split-boss-kill,charge,15,Defeat,4,0,4,32,4,0,3,75,-1,,0,1,2,1185603149
gym-big-split-boss-kill,charge,16,Defeat,4,0,4,32,4,0,2,75,-1,,0,0,2,1303314911
gym-big-split-boss-kill,charge,17,Defeat,4,0,4,32,2,0,2,75,-1,,0,1,2,3529465741
gym-big-split-boss-kill,charge,18,Defeat,4,0,4,32,4,0,2,75,-1,,0,1,2,1990061281
gym-big-split-boss-kill,charge,19,Defeat,4,0,4,32,4,0,2,75,-1,,0,1,2,3529465741
gym-big-split-boss-kill,charge,20,Defeat,5,0,5,40,4,0,2,60,-1,,0,0,1,3865385019
gym-big-split-boss-kill,charge,21,Defeat,5,0,5,40,10,0,2,100,-1,,0,1,0,3942870070
gym-big-split-boss-kill,charge,22,Defeat,4,0,4,32,5,0,3,100,-1,,0,1,2,894692097
gym-big-split-boss-kill,charge,23,Defeat,4,0,4,32,6,0,2,75,-1,,0,1,2,825374647
gym-big-split-boss-kill,charge,24,Defeat,3,0,3,24,4,0,3,100,-1,,0,1,2,2960467152
gym-big-split-boss-kill,charge,25,Defeat,5,0,5,40,4,0,2,60,-1,,0,1,1,2639009407
gym-big-split-boss-kill,charge,26,Defeat,4,0,4,32,4,0,2,75,-1,,0,1,2,1990061281
gym-big-split-boss-kill,charge,27,Defeat,4,0,4,32,4,0,2,75,-1,,0,1,2,1990061281
gym-big-split-boss-kill,charge,28,Defeat,5,0,5,40,8,0,2,60,-1,,0,1,1,1813386290
gym-big-split-boss-kill,charge,29,Defeat,4,0,4,32,4,0,2,75,-1,,0,1,2,3529465741
gym-big-split-boss-kill,charge,30,Defeat,6,0,6,48,6,0,2,83,-1,,0,1,0,679772512
gym-big-split-boss-kill,charge,31,Defeat,7,0,7,56,2,0,2,71,-1,,0,1,0,828980565
gym-big-split-boss-kill,charge,32,Defeat,4,0,4,32,8,0,3,100,-1,,0,2,2,1055184889
gym-big-split-boss-kill,charge,33,Defeat,4,0,4,32,4,0,2,75,-1,,0,0,2,3529465741
gym-big-split-boss-kill,charge,34,Defeat,3,0,3,24,4,0,3,133,-1,,0,1,2,39873230
gym-big-split-boss-kill,charge,35,Defeat,5,0,5,40,4,0,2,60,-1,,0,1,2,4213119821
gym-big-split-boss-kill,charge,36,Defeat,4,0,4,32,4,0,2,75,-1,,0,1,2,3529465741
gym-big-split-boss-kill,charge,37,Defeat,5,0,5,40,4,0,2,80,-1,,0,1,1,3672999368
gym-big-split-boss-kill,charge,38,Defeat,5,0,5,40,1,0,2,80,-1,,0,0,1,4270189046
gym-big-split-boss-kill,charge,39,Defeat,6,0,6,48,4,0,1,83,-1,,0,2,0,3101822644
gym-big-split-boss-kill,charge,40,Defeat,4,0,4,32,2,0,2,75,-1,,0,1,2,3529465741
gym-big-split-boss-kill,charge,41,Defeat,4,0,4,32,4,0,2,75,-1,,0,1,2,1303314911
gym-big-split-boss-kill,charge,42,Defeat,4,0,4,32,4,0,2,75,-1,,0,1,2,3529465741
gym-big-split-boss-kill,charge,43,Defeat,4,0,4,32,2,0,2,75,-1,,0,1,2,3529465741
gym-big-split-boss-kill,charge,44,Defeat,5,0,5,40,9,0,2,80,-1,,0,2,0,3923179837
gym-big-split-boss-kill,charge,45,Defeat,4,0,4,32,9,0,3,100,-1,,0,2,2,84980270
gym-big-split-boss-kill,charge,46,Defeat,4,0,4,32,6,0,2,75,-1,,0,1,1,1915711513
gym-big-split-boss-kill,charge,47,Defeat,4,0,4,32,4,0,2,75,-1,,0,1,2,3529465741
gym-big-split-boss-kill,charge,48,Defeat,4,0,4,32,4,0,2,75,-1,,0,1,2,3529465741
gym-big-split-boss-kill,charge,49,Defeat,4,0,4,32,4,0,2,75,-1,,0,1,2,1990061281
gym-big-split-boss-kill,charge,50,Defeat,4,0,4,32,4,0,2,75,-1,,0,1,2,3529465741
gym-big-split-boss-kill,charge,51,Defeat,5,0,5,40,4,0,2,100,-1,,0,2,1,3004876922
gym-big-split-boss-kill,charge,52,Defeat,4,0,4,32,4,0,2,75,-1,,0,1,2,3529465741
gym-big-split-boss-kill,charge,53,Defeat,6,0,6,48,11,0,2,66,-1,,0,2,1,1789567129
gym-big-split-boss-kill,charge,54,Defeat,8,0,8,64,5,0,2,75,3,1:3,0,3,0,1534095419
gym-big-split-boss-kill,charge,55,Defeat,5,0,5,40,8,0,2,60,-1,,0,2,2,4147292070
gym-big-split-boss-kill,charge,56,Defeat,7,0,7,56,4,0,2,85,-1,,0,4,0,2613453106
gym-big-split-boss-kill,charge,57,Defeat,5,0,5,40,4,0,2,80,-1,,0,1,1,2525729860
gym-big-split-boss-kill,charge,58,Defeat,5,0,5,40,0,0,2,80,-1,,0,2,1,2612153805
gym-big-split-boss-kill,charge,59,Defeat,3,0,3,24,8,0,4,133,-1,,0,1,2,3214194513
gym-big-split-boss-kill,charge,60,Defeat,5,0,5,40,8,0,2,80,-1,,0,2,0,1685103873
gym-big-split-boss-kill,charge,61,Defeat,4,0,4,32,4,0,2,75,-1,,0,1,2,3529465741
gym-big-split-boss-kill,charge,62,Defeat,5,0,5,40,3,0,2,80,-1,,0,1,1,4060679402
gym-big-split-boss-kill,charge,63,Defeat,4,0,4,32,4,0,3,75,-1,,0,2,1,626092827
gym-big-split-boss-kill,charge,64,Defeat,4,0,4,32,8,0,2,75,-1,,0,1,2,525618437
gym-big-split-boss-kill,charge,65,Defeat,4,0,4,32,4,0,3,75,-1,,0,1,2,3199145789
gym-big-split-boss-kill,charge,66,Defeat,4,0,4,32,4,0,2,75,-1,,0,1,2,89715251
gym-big-split-boss-kill,charge,67,Defeat,4,0,4,32,4,0,2,75,-1,,0,1,2,1990061281
gym-big-split-boss-kill,charge,68,Defeat,6,0,6,48,6,0,2,66,3,1:3,0,1,1,1474615113
gym-big-split-boss-kill,charge,69,Defeat,4,0,4,32,10,0,3,100,-1,,0,1,2,1544153361
gym-big-split-boss-kill,charge,70,Defeat,4,0,4,32,4,0,3,75,-1,,0,1,2,703170917
gym-big-split-boss-kill,charge,71,Defeat,4,0,4,32,1,0,2,100,-1,,0,1,2,4279382437
gym-big-split-boss-kill,charge,72,Defeat,5,0,5,40,4,0,3,100,-1,,0,3,1,1706601229
gym-big-split-boss-kill,charge,73,Defeat,4,0,4,32,4,0,2,75,-1,,0,1,2,1303314911
gym-big-split-boss-kill,charge,74,Defeat,5,0,5,40,10,0,2,60,-1,,0,2,2,1025023882
gym-big-split-boss-kill,charge,75,Defeat,5,0,5,40,4,0,2,60,-1,,0,0,1,1661048115
gym-big-split-boss-kill,charge,76,Defeat,7,0,7,56,5,0,1,71,-1,,0,3,0,2727855003
gym-big-split-boss-kill,charge,77,Defeat,4,0,4,32,4,0,2,75,-1,,0,1,2,3529465741
gym-big-split-boss-kill,charge,78,Defeat,4,0,4,32,4,0,2,75,-1,,0,1,2,1303314911
gym-big-split-boss-kill,charge,79,Defeat,3,0,3,24,4,0,4,100,-1,,0,1,2,1626952917
gym-big-split-boss-kill,charge,80,Defeat,6,0,6,48,1,0,2,116,-1,,0,3,0,2800857448
gym-big-split-boss-kill,charge,81,Defeat,6,0,6,48,4,0,2,100,3,1:3,0,3,0,1511500157
gym-big-split-boss-kill,charge,82,Defeat,4,0,4,32,4,0,2,75,-1,,0,1,2,3529465741
gym-big-split-boss-kill,charge,83,Defeat,5,0,5,40,8,0,2,80,-1,,0,2,2,3325833949
gym-big-split-boss-kill,charge,84,Defeat,5,0,5,40,4,0,2,60,-1,,0,1,1,3782176439
gym-big-split-boss-kill,charge,85,Defeat,5,0,5,40,4,0,2,60,-1,,0,0,1,3865385019
gym-big-split-boss-kill,charge,86,Defeat,3,0,3,24,4,0,3,100,-1,,0,1,2,3686827422
gym-big-split-boss-kill,charge,87,Defeat,4,0,4,32,4,0,2,75,-1,,0,1,2,3529465741
gym-big-split-boss-kill,charge,88,Defeat,5,0,5,40,4,0,2,80,-1,,0,1,1,1017977994
gym-big-split-boss-kill,charge,89,Defeat,4,0,4,32,6,0,2,75,-1,,0,1,1,2354253563
gym-big-split-boss-kill,charge,90,Defeat,4,0,4,32,4,0,2,75,-1,,0,1,2,3529465741
gym-big-split-boss-kill,charge,91,Defeat,4,0,4,32,4,0,2,75,-1,,0,0,2,3529465741
gym-big-split-boss-kill,charge,92,Defeat,4,0,4,32,4,0,2,75,-1,,0,1,2,3529465741
gym-big-split-boss-kill,charge,93,Defeat,5,0,5,40,8,0,2,80,-1,,0,2,1,283190582
gym-big-split-boss-kill,charge,94,Defeat,4,0,4,32,4,0,2,75,-1,,0,1,2,3529465741
gym-big-split-boss-kill,charge,95,Defeat,4,0,4,32,0,0,2,125,-1,,0,2,2,20959646
gym-big-split-boss-kill,charge,96,Defeat,5,0,5,40,6,0,2,80,-1,,0,1,1,1445350439
gym-big-split-boss-kill,charge,97,Defeat,6,0,6,48,14,0,2,66,-1,,0,3,0,1327008078
gym-big-split-boss-kill,charge,98,Defeat,5,0,5,40,8,0,2,80,-1,,0,2,2,1042629833
gym-big-split-boss-kill,charge,99,Defeat,4,0,4,32,4,0,2,75,-1,,0,1,2,3529465741
gym-big-split-boss-kill,charge,100,Defeat,5,0,5,40,8,0,3,60,-1,,0,2,2,4019679150
gym-big-split-boss-kill,charge,101,Defeat,6,0,6,48,6,0,2,83,-1,,0,2,0,1890071664
gym-big-split-boss-kill,charge,102,Defeat,4,0,4,32,2,0,2,75,-1,,0,1,2,3529465741
gym-big-split-boss-kill,charge,103,Defeat,4,0,4,32,4,0,2,75,-1,,0,1,2,3529465741
gym-big-split-boss-kill,charge,104,Defeat,5,0,5,40,4,0,2,60,-1,,0,1,2,3320162317
gym-big-split-boss-kill,charge,105,Defeat,4,0,4,32,4,0,2,75,-1,,0,1,2,3529465741
gym-big-split-boss-kill,charge,106,Defeat,4,0,4,32,4,0,2,75,-1,,0,0,2,1303314911
gym-big-split-boss-kill,charge,107,Defeat,5,0,5,40,4,0,2,80,8,1:8,0,0,1,2564503384
gym-big-split-boss-kill,charge,108,Defeat,4,0,4,32,4,0,2,75,-1,,0,1,2,3529465741
gym-big-split-boss-kill,charge,109,Defeat,4,0,4,32,2,0,2,75,-1,,0,1,2,3529465741
gym-big-split-boss-kill,charge,110,Defeat,5,0,5,40,4,0,2,60,-1,,0,1,1,2639009407
gym-big-split-boss-kill,charge,111,Defeat,5,0,5,40,5,0,2,100,3,1:3,0,2,2,4049916587
gym-big-split-boss-kill,charge,112,Defeat,4,0,4,32,4,0,2,75,-1,,0,1,2,1404769212
gym-big-split-boss-kill,charge,113,Defeat,3,0,3,24,9,0,4,133,-1,,0,1,2,683456882
gym-big-split-boss-kill,charge,114,Defeat,4,0,4,32,4,0,3,100,-1,,0,1,2,3126724072
gym-big-split-boss-kill,charge,115,Defeat,4,0,4,32,6,0,2,75,-1,,0,2,2,1640277444
gym-big-split-boss-kill,charge,116,Defeat,5,0,5,40,4,0,2,80,-1,,0,1,0,3997598989
gym-big-split-boss-kill,charge,117,Defeat,4,0,4,32,4,0,2,75,-1,,0,1,2,3529465741
gym-big-split-boss-kill,charge,118,Defeat,6,0,6,48,6,0,2,83,-1,,0,1,0,679772512
gym-big-split-boss-kill,charge,119,Defeat,4,0,4,32,8,0,2,75,-1,,0,1,2,525618437
gym-big-split-boss-kill,charge,120,Defeat,5,0,5,40,6,0,1,80,-1,,0,1,0,3660146919
gym-big-split-boss-kill,charge,121,Defeat,5,0,5,40,10,0,2,80,-1,,0,2,2,2013795126
gym-big-split-boss-kill,charge,122,Defeat,5,0,5,40,4,0,2,80,-1,,0,1,1,3672999368
gym-big-split-boss-kill,charge,123,Defeat,4,0,4,32,4,0,2,75,-1,,0,1,2,3529465741
gym-big-split-boss-kill,charge,124,Defeat,3,0,3,24,8,0,4,166,-1,,0,1,2,895225729
gym-big-split-boss-kill,charge,125,Defeat,5,0,5,40,4,0,2,80,-1,,0,2,1,3354205082
gym-big-split-boss-kill,charge,126,Defeat,5,0,5,40,4,0,2,80,8,1:8,0,1,1,3221949706
gym-big-split-boss-kill,charge,127,Defeat,4,0,4,32,4,0,3,75,-1,,0,0,2,2469998799
gym-big-split-boss-kill,charge,128,Defeat,6,0,6,48,4,0,2,83,-1,,0,2,0,1161573804
gym-big-split-boss-kill,charge,129,Defeat,4,0,4,32,4,0,2,75,-1,,0,1,2,3529465741
gym-big-split-boss-kill,charge,130,Defeat,4,0,4,32,4,0,2,75,-1,,0,1,2,3529465741
gym-big-split-boss-kill,charge,131,Defeat,5,0,5,40,4,0,2,60,-1,,0,0,1,3865385019
gym-big-split-boss-kill,charge,132,Defeat,4,0,4,32,4,0,2,75,7,1:7,0,1,2,3736882957
gym-big-split-boss-kill,charge,133,Defeat,4,0,4,32,8,0,2,75,-1,,0,1,2,525618437
gym-big-split-boss-kill,charge,134,Defeat,5,0,5,40,4,0,2,60,-1,,0,0,1,3865385019
gym-big-split-boss-kill,charge,135,Defeat,4,0,4,32,4,0,2,75,-1,,0,1,2,3529465741
gym-big-split-boss-kill,charge,136,Defeat,3,0,3,24,12,0,3,100,-1,,0,1,3,474137094
gym-big-split-boss-kill,charge,137,Defeat,5,0,5,40,6,0,2,120,-1,,0,3,1,3670968479
gym-big-split-boss-kill,charge,138,Defeat,4,0,4,32,4,0,2,75,-1,,0,1,2,3529465741
gym-big-split-boss-kill,charge,139,Defeat,4,0,4,32,4,0,2,75,-1,,0,1,2,3529465741
gym-big-split-boss-kill,charge,140,Defeat,3,0,3,24,4,0,3,100,-1,,0,1,2,2960467152
gym-big-split-boss-kill,charge,141,Defeat,4,0,4,32,4,0,2,75,-1,,0,1,2,3529465741
gym-big-split-boss-kill,charge,142,Defeat,5,0,5,40,1,0,2,80,-1,,0,2,1,1626036853
gym-big-split-boss-kill,charge,143,Defeat,5,0,5,40,1,0,2,80,-1,,0,1,1,3672999368
gym-big-split-boss-kill,charge,144,Defeat,5,0,5,40,4,0,2,80,-1,,0,1,1,3672999368
gym-big-split-boss-kill,charge,145,Defeat,4,0,4,32,4,0,2,75,-1,,0,1,2,3529465741
gym-big-split-boss-kill,charge,146,Defeat,4,0,4,32,4,0,2,75,-1,,0,1,2,3529465741
gym-big-split-boss-kill,charge,147,Defeat,5,0,5,40,4,0,2,80,-1,,0,0,1,3672999368
gym-big-split-boss-kill,charge,148,Defeat,5,0,5,40,8,0,2,80,-1,,0,2,1,2612153805
gym-big-split-boss-kill,charge,149,Defeat,5,0,5,40,4,0,2,60,-1,,0,0,1,1661048115
gym-big-split-boss-kill,charge,150,Defeat,4,0,4,32,6,0,2,75,-1,,0,1,1,2354253563
gym-big-split-boss-kill,charge,151,Defeat,4,0,4,32,4,0,2,75,-1,,0,1,2,3529465741
gym-big-split-boss-kill,charge,152,Defeat,4,0,4,32,6,0,2,75,-1,,0,1,1,2354253563
gym-big-split-boss-kill,charge,153,Defeat,5,0,5,40,4,0,2,80,8,1:8,0,1,1,819651860
gym-big-split-boss-kill,charge,154,Defeat,5,0,5,40,6,0,2,80,-1,,0,1,0,2028911365
gym-big-split-boss-kill,charge,155,Defeat,4,0,4,32,4,0,2,75,-1,,0,1,2,3529465741
gym-big-split-boss-kill,charge,156,Defeat,5,0,5,40,4,0,2,100,-1,,0,1,0,504145567
gym-big-split-boss-kill,charge,157,Defeat,3,0,3,24,12,0,3,100,-1,,0,1,3,474137094
gym-big-split-boss-kill,charge,158,Defeat,4,0,4,32,4,0,2,75,-1,,0,1,2,3529465741
gym-big-split-boss-kill,charge,159,Defeat,4,0,4,32,4,0,2,75,-1,,0,1,2,3529465741
gym-big-split-boss-kill,charge,160,Defeat,3,0,3,24,8,0,3,133,-1,,0,1,2,3262885112
gym-big-split-boss-kill,charge,161,Defeat,3,0,3,24,8,0,4,100,-1,,0,1,3,763610133
gym-big-split-boss-kill,charge,162,Defeat,6,0,6,48,6,0,2,83,-1,,0,2,0,3316477630
gym-big-split-boss-kill,charge,163,Defeat,4,0,4,32,4,0,2,75,-1,,0,1,2,3529465741
gym-big-split-boss-kill,charge,164,Defeat,6,0,6,48,10,0,2,83,-1,,0,2,0,1244606068
gym-big-split-boss-kill,charge,165,Defeat,4,0,4,32,4,0,2,75,-1,,0,1,2,1990061281
gym-big-split-boss-kill,charge,166,Defeat,3,0,3,24,2,0,3,133,-1,,0,1,2,1415010768
gym-big-split-boss-kill,charge,167,Defeat,4,0,4,32,2,0,2,75,-1,,0,1,2,3529465741
gym-big-split-boss-kill,charge,168,Defeat,5,0,5,40,6,0,2,60,-1,,0,1,1,2253461124
gym-big-split-boss-kill,charge,169,Defeat,5,0,5,40,6,0,2,80,-1,,0,3,1,2978775620
gym-big-split-boss-kill,charge,170,Defeat,4,0,4,32,4,0,2,75,-1,,0,1,1,3153588965
gym-big-split-boss-kill,charge,171,Defeat,4,0,4,32,4,0,2,75,-1,,0,0,2,1303314911
gym-big-split-boss-kill,charge,172,Defeat,4,0,4,32,1,0,2,100,-1,,0,2,2,2811489301
gym-big-split-boss-kill,charge,173,Defeat,4,0,4,32,4,0,2,75,-1,,0,1,2,3529465741
gym-big-split-boss-kill,charge,174,Defeat,4,0,4,32,4,0,2,75,-1,,0,1,2,3529465741
gym-big-split-boss-kill,charge,175,Defeat,3,0,3,24,4,0,3,100,-1,,0,1,2,2960467152
gym-big-split-boss-kill,charge,176,Defeat,4,0,4,32,4,0,2,75,-1,,0,1,2,3529465741
gym-big-split-boss-kill,charge,177,Defeat,5,0,5,40,4,0,2,80,-1,,0,1,0,1749396797
gym-big-split-boss-kill,charge,178,Defeat,5,0,5,40,4,0,2,60,-1,,0,1,1,3695472845
gym-big-split-boss-kill,charge,179,Defeat,4,0,4,32,4,0,2,75,-1,,0,1,2,3529465741
gym-big-split-boss-kill,charge,180,Defeat,6,0,6,48,5,0,2,66,-1,,0,2,1,2277022165
gym-big-split-boss-kill,charge,181,Defeat,4,0,4,32,2,0,2,75,-1,,0,1,2,3529465741
gym-big-split-boss-kill,charge,182,Defeat,5,0,5,40,4,0,1,80,-1,,0,1,0,3693351683
gym-big-split-boss-kill,charge,183,Defeat,4,0,4,32,4,0,2,75,-1,,0,1,2,3529465741
gym-big-split-boss-kill,charge,184,Defeat,5,0,5,40,8,0,2,60,-1,,0,2,2,2827972532
gym-big-split-boss-kill,charge,185,Defeat,4,0,4,32,4,0,2,75,-1,,0,1,2,3529465741
gym-big-split-boss-kill,charge,186,Defeat,3,0,3,24,4,0,3,133,-1,,0,1,2,1415010768
gym-big-split-boss-kill,charge,187,Defeat,4,0,4,32,4,0,2,75,-1,,0,1,2,3529465741
gym-big-split-boss-kill,charge,188,Defeat,5,0,5,40,5,0,3,100,7,1:7,0,2,1,3146476306
gym-big-split-boss-kill,charge,189,Defeat,5,0,5,40,5,0,2,60,-1,,0,2,0,1153743909
gym-big-split-boss-kill,charge,190,Defeat,4,0,4,32,4,0,2,75,-1,,0,1,2,3529465741
gym-big-split-boss-kill,charge,191,Defeat,3,0,3,24,4,0,4,133,-1,,0,1,2,2613138427
gym-big-split-boss-kill,charge,192,Defeat,5,0,5,40,5,0,2,80,-1,,0,1,0,1264827013
gym-big-split-boss-kill,charge,193,Defeat,4,0,4,32,4,0,2,75,7,1:7,0,1,2,3736882957
gym-big-split-boss-kill,charge,194,Defeat,5,0,5,40,14,0,2,100,-1,,0,3,1,3969372208
gym-big-split-boss-kill,charge,195,Defeat,4,0,4,32,4,0,2,75,-1,,0,1,2,3529465741
gym-big-split-boss-kill,charge,196,Defeat,5,0,5,40,8,0,2,80,-1,,0,2,0,3707628129
gym-big-split-boss-kill,charge,197,Defeat,5,0,5,40,4,0,2,80,-1,,0,0,1,3672999368
gym-big-split-boss-kill,charge,198,Defeat,3,0,3,24,12,0,3,100,-1,,0,1,3,474137094
gym-big-split-boss-kill,charge,199,Defeat,4,0,4,32,17,0,3,75,-1,,0,2,1,3658101283
gym-big-split-boss-kill,charge,200,Defeat,4,0,4,32,7,0,2,75,-1,,0,1,1,1497417179
gym-lanes,corridor-hold,1,Victory,13,0,13,104,12,155,0,30,3,1:3,0,15,0,3171886118
gym-lanes,corridor-hold,2,Victory,23,0,23,184,24,135,0,26,20,1:20,0,34,0,1199618548
gym-lanes,corridor-hold,3,Victory,11,0,11,88,7,75,0,36,-1,,0,13,0,3135252869
gym-lanes,corridor-hold,4,Victory,10,0,10,80,7,135,0,40,-1,,0,7,0,1152316914
gym-lanes,corridor-hold,5,Victory,20,0,20,160,34,215,0,20,12,1:12,0,23,0,3852542665
gym-lanes,corridor-hold,6,Victory,16,0,16,128,23,105,0,25,-1,,0,18,0,1302201745
gym-lanes,corridor-hold,7,Defeat,10,0,10,80,13,0,2,50,-1,,0,10,1,2677475225
gym-lanes,corridor-hold,8,Defeat,12,0,12,96,9,0,1,58,-1,,0,11,0,3472514916
gym-lanes,corridor-hold,9,Defeat,10,0,10,80,6,0,1,50,-1,,0,11,0,3658055636
gym-lanes,corridor-hold,10,Victory,24,0,24,192,28,185,0,20,12,1:12,0,18,0,1740368140
gym-lanes,corridor-hold,11,Victory,20,0,20,160,26,190,0,15,20,1:20,0,17,0,3182282564
gym-lanes,corridor-hold,12,Victory,13,0,13,104,15,230,0,23,-1,,0,8,0,2167551967
gym-lanes,corridor-hold,13,Defeat,10,0,10,80,14,0,2,50,-1,,0,10,0,1334624352
gym-lanes,corridor-hold,14,Victory,17,0,17,136,27,160,0,35,-1,,0,26,0,2141189943
gym-lanes,corridor-hold,15,Defeat,8,0,8,64,14,0,2,50,-1,,0,6,1,2065811484
gym-lanes,corridor-hold,16,Victory,13,0,13,104,17,80,0,23,-1,,0,12,0,2100155970
gym-lanes,corridor-hold,17,Victory,16,0,16,128,27,140,0,18,-1,,0,12,0,24260969
gym-lanes,corridor-hold,18,Defeat,11,0,11,88,9,0,2,54,-1,,0,12,0,498724401
gym-lanes,corridor-hold,19,Defeat,13,0,13,104,15,0,1,53,-1,,0,15,0,3995163837
gym-lanes,corridor-hold,20,Victory,12,0,12,96,16,155,0,25,-1,,0,9,0,566958299
gym-lanes,corridor-hold,21,Victory,12,0,12,96,13,5,0,41,-1,,0,9,0,401304469
gym-lanes,corridor-hold,22,Defeat,6,0,6,48,8,0,3,83,-1,,0,6,1,2592688664
gym-lanes,corridor-hold,23,Victory,17,0,17,136,24,115,0,29,-1,,0,23,0,511690292
gym-lanes,corridor-hold,24,Victory,11,0,11,88,7,210,0,27,12,1:12,0,7,0,4035252600
gym-lanes,corridor-hold,25,Victory,19,0,19,152,25,160,0,26,3,1:3,0,18,0,2170325122
gym-lanes,corridor-hold,26,Victory,14,0,14,112,14,50,0,35,-1,,0,15,0,2359195191
gym-lanes,corridor-hold,27,Victory,9,0,9,72,2,55,0,55,-1,,0,5,0,4162913394
gym-lanes,corridor-hold,28,Defeat,7,0,7,56,3,0,1,85,-1,,0,4,0,429894624
gym-lanes,corridor-hold,29,Victory,13,0,13,104,18,130,0,23,-1,,0,11,0,4223515540
gym-lanes,corridor-hold,30,Victory,11,0,11,88,15,130,0,27,-1,,0,9,0,4064205261
gym-lanes,corridor-hold,31,Defeat,14,0,14,112,16,0,1,42,-1,,0,13,0,564918856
gym-lanes,corridor-hold,32,Defeat,12,0,12,96,12,0,3,66,-1,,0,18,1,3635365746
gym-lanes,corridor-hold,33,Victory,14,0,14,112,13,160,0,35,11,1:11,0,17,0,1776329574
gym-lanes,corridor-hold,34,Defeat,13,0,13,104,21,0,1,53,11,1:11,0,18,0,151639625
gym-lanes,corridor-hold,35,Victory,14,0,14,112,17,10,0,35,-1,,0,16,0,488928768
gym-lanes,corridor-hold,36,Defeat,7,0,7,56,9,0,2,57,-1,,0,5,1,2444002712
gym-lanes,corridor-hold,37,Victory,13,0,13,104,14,235,0,23,-1,,0,12,0,3743114393
gym-lanes,corridor-hold,38,Victory,16,0,16,128,21,120,0,37,-1,,0,19,0,558643030
gym-lanes,corridor-hold,39,Victory,15,0,15,120,15,10,0,26,-1,,0,23,0,520195109
gym-lanes,corridor-hold,40,Victory,28,0,28,224,49,60,0,14,12,1:12,0,27,0,4164740028
gym-lanes,corridor-hold,41,Defeat,8,0,8,64,10,0,2,62,-1,,0,6,0,546822691
gym-lanes,corridor-hold,42,Victory,16,0,16,128,19,160,0,37,-1,,0,20,0,759366344
gym-lanes,corridor-hold,43,Victory,11,0,11,88,9,155,0,27,-1,,0,10,0,2639582576
gym-lanes,corridor-hold,44,Victory,13,0,13,104,12,60,0,30,-1,,0,14,0,1830330664
gym-lanes,corridor-hold,45,Victory,14,0,14,112,15,25,0,28,-1,,0,20,0,884890672
gym-lanes,corridor-hold,46,Victory,25,0,25,200,32,190,0,12,11,1:11,0,21,0,2064069350
gym-lanes,corridor-hold,47,Victory,24,0,24,192,43,160,0,12,12,1:12,0,19,0,102242446
gym-lanes,corridor-hold,48,Victory,10,0,10,80,10,185,0,30,-1,,0,5,0,3196321654
gym-lanes,corridor-hold,49,Victory,13,0,13,104,12,90,0,30,-1,,0,14,0,776271343
gym-lanes,corridor-hold,50,Victory,14,0,14,112,17,150,0,21,20,1:20,0,14,0,2372416848
gym-lanes,corridor-hold,51,Victory,13,0,13,104,16,130,0,23,3,1:3,0,7,0,2225880986
gym-lanes,corridor-hold,52,Victory,12,0,12,96,9,125,0,25,-1,,0,11,0,645568826
gym-lanes,corridor-hold,53,Victory,16,0,16,128,19,80,0,25,-1,,0,19,0,597205620
gym-lanes,corridor-hold,54,Defeat,6,0,6,48,10,0,4,100,-1,,0,5,2,3455682129
gym-lanes,corridor-hold,55,Victory,15,0,15,120,22,135,0,26,-1,,0,18,0,2060839359
gym-lanes,corridor-hold,56,Victory,28,0,28,224,38,205,0,17,20,1:20,0,43,0,2826162739
gym-lanes,corridor-hold,57,Defeat,12,0,12,96,13,0,1,41,-1,,0,15,0,3504538221
gym-lanes,corridor-hold,58,Defeat,10,0,10,80,6,0,1,60,-1,,0,7,0,3155884708
gym-lanes,corridor-hold,59,Victory,19,0,19,152,21,205,0,21,12,1:12,0,14,0,687896236
gym-lanes,corridor-hold,60,Victory,18,0,18,144,17,165,0,22,-1,,0,16,0,3304031112
gym-lanes,corridor-hold,61,Victory,10,0,10,80,11,35,0,50,3,1:3,0,7,0,3991801878
gym-lanes,corridor-hold,62,Victory,26,0,26,208,37,100,0,15,20,1:20,0,42,0,3513757703
gym-lanes,corridor-hold,63,Victory,18,0,18,144,22,175,0,33,3,1:3,0,18,0,468779701
gym-lanes,corridor-hold,64,Victory,22,0,22,176,39,30,0,18,3,1:3,0,17,0,2796085758
gym-lanes,corridor-hold,65,Victory,16,0,16,128,11,65,0,31,3,1:3,0,27,0,2912936321
gym-lanes,corridor-hold,66,Victory,19,0,19,152,29,120,0,31,-1,,0,26,0,4100902575
gym-lanes,corridor-hold,67,Victory,10,0,10,80,9,100,0,30,11,1:11,0,13,0,2479311946
gym-lanes,corridor-hold,68,Defeat,11,0,11,88,6,0,3,45,20,1:20,0,14,0,1232242014
gym-lanes,corridor-hold,69,Victory,15,0,15,120,14,175,0,26,-1,,0,14,0,4065389861
gym-lanes,corridor-hold,70,Victory,13,0,13,104,17,100,0,23,-1,,0,12,0,841504692
gym-lanes,corridor-hold,71,Victory,24,0,24,192,38,120,0,20,11,1:11,0,23,0,481688877
gym-lanes,corridor-hold,72,Victory,21,0,21,168,28,185,0,23,3,1:3,0,17,0,622101546
gym-lanes,corridor-hold,73,Victory,14,0,14,112,14,170,0,28,-1,,0,10,0,270122266
gym-lanes,corridor-hold,74,Defeat,12,0,12,96,5,0,1,41,-1,,0,17,0,3929802457
gym-lanes,corridor-hold,75,Defeat,7,0,7,56,14,0,2,57,-1,,0,6,0,1394833659
gym-lanes,corridor-hold,76,Defeat,9,0,9,72,15,0,1,55,-1,,0,7,0,4082712215
gym-lanes,corridor-hold,77,Victory,14,0,14,112,15,200,0,21,-1,,0,10,0,3445092026
gym-lanes,corridor-hold,78,Victory,21,0,21,168,32,195,0,23,12,1:12,0,16,0,405913588
gym-lanes,corridor-hold,79,Victory,11,0,11,88,11,105,0,45,-1,,0,8,0,3616034609
gym-lanes,corridor-hold,80,Victory,23,0,23,184,35,215,0,17,12,1:12,0,23,0,2664170346
gym-lanes,corridor-hold,81,Victory,13,0,13,104,20,50,0,53,-1,,0,12,0,2560754557
gym-lanes,corridor-hold,82,Victory,15,0,15,120,22,185,0,26,12,1:12,0,11,0,1621150578
gym-lanes,corridor-hold,83,Defeat,9,0,9,72,7,0,2,55,-1,,0,8,0,4238847711
gym-lanes,corridor-hold,84,Victory,10,0,10,80,5,150,0,40,-1,,0,8,0,3790423132
gym-lanes,corridor-hold,85,Defeat,15,0,15,120,23,0,2,40,11,1:11,0,27,0,1094891774
gym-lanes,corridor-hold,86,Victory,13,0,13,104,10,150,0,30,3,1:3,0,9,0,487028572
gym-lanes,corridor-hold,87,Victory,12,0,12,96,9,20,0,41,-1,,0,12,0,501323261
gym-lanes,corridor-hold,88,Defeat,13,0,13,104,17,0,1,30,-1,,0,12,0,231953016
gym-lanes,corridor-hold,89,Victory,13,0,13,104,16,110,0,23,-1,,0,12,0,1460784829
gym-lanes,corridor-hold,90,Defeat,6,0,6,48,6,0,3,66,-1,,0,6,2,1622567294
gym-lanes,corridor-hold,91,Victory,14,0,14,112,12,200,0,21,-1,,0,12,0,245069596
gym-lanes,corridor-hold,92,Victory,15,0,15,120,18,200,0,20,-1,,0,11,0,881663374
gym-lanes,corridor-hold,93,Victory,13,0,13,104,12,65,0,38,-1,,0,12,0,323032290
gym-lanes,corridor-hold,94,Defeat,12,0,12,96,12,0,1,33,-1,,0,19,0,3886415151
gym-lanes,corridor-hold,95,Victory,17,0,17,136,19,75,0,35,12,1:12,0,21,0,2674778432
gym-lanes,corridor-hold,96,Victory,10,0,10,80,9,150,0,30,-1,,0,6,0,3765480619
gym-lanes,corridor-hold,97,Victory,12,0,12,96,16,140,0,25,-1,,0,7,0,673235986
gym-lanes,corridor-hold,98,Victory,14,0,14,112,18,30,0,28,-1,,0,13,0,1539908360
gym-lanes,corridor-hold,99,Victory,16,0,16,128,21,80,0,37,-1,,0,14,0,1322600337
gym-lanes,corridor-hold,100,Victory,16,0,16,128,12,50,0,31,-1,,0,21,0,1738138244
gym-lanes,corridor-hold,101,Victory,27,0,27,216,35,210,0,22,20,1:20,0,35,0,3760590334
gym-lanes,corridor-hold,102,Victory,13,0,13,104,22,100,0,23,-1,,0,12,0,841504692
gym-lanes,corridor-hold,103,Victory,13,0,13,104,20,20,0,38,-1,,0,15,0,1276470309
gym-lanes,corridor-hold,104,Victory,10,0,10,80,10,25,0,50,-1,,0,6,0,2441120780
gym-lanes,corridor-hold,105,Defeat,9,0,9,72,6,0,1,66,-1,,0,9,0,281068045
gym-lanes,corridor-hold,106,Defeat,7,0,7,56,4,0,2,100,11,1:11,0,7,0,2239281542
gym-lanes,corridor-hold,107,Victory,10,0,10,80,8,105,0,40,-1,,0,5,0,2348887792
gym-lanes,corridor-hold,108,Victory,22,0,22,176,22,170,0,31,20,1:20,0,35,0,1628705029
gym-lanes,corridor-hold,109,Victory,11,0,11,88,16,205,0,27,-1,,0,7,0,3781441969
gym-lanes,corridor-hold,110,Defeat,10,0,10,80,7,0,2,50,-1,,0,10,0,2380274298
gym-lanes,corridor-hold,111,Victory,14,0,14,112,11,5,0,42,-1,,0,15,0,2212691103
gym-lanes,corridor-hold,112,Victory,20,0,20,160,30,170,0,20,12,1:12,0,16,0,1035838239
gym-lanes,corridor-hold,113,Defeat,10,0,10,80,13,0,1,50,-1,,0,9,0,1158200532
gym-lanes,corridor-hold,114,Defeat,10,0,10,80,10,0,2,40,-1,,0,9,0,1347675669
gym-lanes,corridor-hold,115,Defeat,11,0,11,88,23,0,1,45,-1,,0,14,0,2421380312
gym-lanes,corridor-hold,116,Victory,11,0,11,88,10,55,0,36,-1,,0,14,0,1936663962
gym-lanes,corridor-hold,117,Defeat,11,0,11,88,15,0,2,54,-1,,0,15,0,1319348427
gym-lanes,corridor-hold,118,Defeat,6,0,6,48,4,0,2,66,-1,,0,6,0,846417601
gym-lanes,corridor-hold,119,Victory,22,0,22,176,22,155,0,22,20,1:20,0,37,0,785784419
gym-lanes,corridor-hold,120,Victory,25,0,25,200,28,165,0,24,12,1:12,0,35,0,1617021679
gym-lanes,corridor-hold,121,Victory,15,0,15,120,17,95,0,33,20,1:20,0,11,0,2152000921
gym-lanes,corridor-hold,122,Victory,14,0,14,112,9,145,0,28,20,1:20,0,14,0,26435500
gym-lanes,corridor-hold,123,Victory,11,0,11,88,12,10,0,45,3,1:3,0,12,0,1971486920
gym-lanes,corridor-hold,124,Victory,12,0,12,96,9,60,0,33,-1,,0,11,0,2927018281
gym-lanes,corridor-hold,125,Victory,18,0,18,144,28,175,0,11,3,1:3,0,14,0,1502249279
gym-lanes,corridor-hold,126,Defeat,11,0,11,88,13,0,1,45,-1,,0,13,0,1538202481
gym-lanes,corridor-hold,127,Defeat,7,0,7,56,14,0,3,42,11,1:11,0,9,1,2805017032
gym-lanes,corridor-hold,128,Defeat,22,0,22,176,29,0,2,27,20,1:20,0,60,0,603882434
gym-lanes,corridor-hold,129,Defeat,6,0,6,48,12,0,3,83,-1,,0,5,1,3392596985
gym-lanes,corridor-hold,130,Defeat,11,0,11,88,10,0,2,54,-1,,0,13,0,3999467541
gym-lanes,corridor-hold,131,Victory,13,0,13,104,22,100,0,23,-1,,0,12,0,841504692
gym-lanes,corridor-hold,132,Defeat,6,0,6,48,11,0,3,66,-1,,0,3,1,3543639051
gym-lanes,corridor-hold,133,Defeat,12,0,12,96,14,0,1,50,-1,,0,13,0,1606961426
gym-lanes,corridor-hold,134,Victory,10,0,10,80,9,155,0,30,-1,,0,4,0,3626010934
gym-lanes,corridor-hold,135,Victory,12,0,12,96,10,135,0,33,-1,,0,11,0,3863729411
gym-lanes,corridor-hold,136,Victory,18,0,18,144,25,195,0,27,12,1:12,0,15,0,2810440066
gym-lanes,corridor-hold,137,Victory,13,0,13,104,11,115,0,38,3,1:3,0,8,0,1307067104
gym-lanes,corridor-hold,138,Defeat,5,0,5,40,10,0,3,80,-1,,0,4,2,2361165094
gym-lanes,corridor-hold,139,Victory,14,0,14,112,16,180,0,21,20,1:20,0,14,0,3569983858
gym-lanes,corridor-hold,140,Defeat,12,0,12,96,8,0,2,50,-1,,0,13,0,273374099
gym-lanes,corridor-hold,141,Defeat,9,0,9,72,14,0,2,55,-1,,0,8,0,871039044
gym-lanes,corridor-hold,142,Victory,13,0,13,104,12,205,0,30,3,1:3,0,14,0,2478998817
gym-lanes,corridor-hold,143,Defeat,12,0,12,96,19,0,2,41,-1,,0,18,0,885080412
gym-lanes,corridor-hold,144,Victory,18,0,18,144,29,185,0,16,12,1:12,0,16,0,568720909
gym-lanes,corridor-hold,145,Victory,26,0,26,208,35,215,0,19,20,1:20,0,26,0,932059005
gym-lanes,corridor-hold,146,Defeat,11,0,11,88,11,0,1,45,-1,,0,17,0,1140798200
gym-lanes,corridor-hold,147,Victory,21,0,21,168,20,215,0,14,3,1:3,0,30,0,1802369921
gym-lanes,corridor-hold,148,Defeat,11,0,11,88,10,0,1,54,-1,,0,13,0,3587407512
gym-lanes,corridor-hold,149,Victory,13,0,13,104,23,130,0,23,-1,,0,12,0,403654226
gym-lanes,corridor-hold,150,Victory,11,0,11,88,12,185,0,36,-1,,0,8,0,1012286689
gym-lanes,corridor-hold,151,Victory,12,0,12,96,8,50,0,33,20,1:20,0,11,0,884062129
gym-lanes,corridor-hold,152,Victory,9,0,9,72,2,150,0,44,-1,,0,4,0,1142516335
gym-lanes,corridor-hold,153,Victory,30,0,30,240,61,120,0,33,12,1:12,0,56,0,3812336211
gym-lanes,corridor-hold,154,Defeat,12,0,12,96,20,0,1,41,-1,,0,13,0,1387994930
gym-lanes,corridor-hold,155,Victory,12,0,12,96,15,25,0,41,-1,,0,13,0,29566631
gym-lanes,corridor-hold,156,Defeat,17,0,17,136,21,0,1,41,20,1:20,0,29,0,4050244188
gym-lanes,corridor-hold,157,Victory,15,0,15,120,14,130,0,33,20,1:20,0,16,0,4067885766
gym-lanes,corridor-hold,158,Defeat,12,0,12,96,17,0,1,33,-1,,0,18,0,1781020378
gym-lanes,corridor-hold,159,Defeat,17,0,17,136,20,0,2,47,20,1:20,0,19,0,1804148755
gym-lanes,corridor-hold,160,Defeat,7,0,7,56,9,0,1,57,-1,,0,5,1,3943623844
gym-lanes,corridor-hold,161,Victory,13,0,13,104,16,5,0,30,11,1:11,0,18,0,3161859797
gym-lanes,corridor-hold,162,Victory,13,0,13,104,17,80,0,23,-1,,0,13,0,651939030
gym-lanes,corridor-hold,163,Victory,24,0,24,192,30,155,0,12,12,1:12,0,20,0,2239270159
gym-lanes,corridor-hold,164,Victory,12,0,12,96,12,25,0,33,-1,,0,16,0,3191375941
gym-lanes,corridor-hold,165,Victory,12,0,12,96,13,130,0,25,3,1:3,0,8,0,3912288231
gym-lanes,corridor-hold,166,Victory,22,0,22,176,38,220,0,27,12,1:12,0,19,0,611581255
gym-lanes,corridor-hold,167,Victory,19,0,19,152,27,160,0,15,12,1:12,0,15,0,2423224944
gym-lanes,corridor-hold,168,Defeat,13,0,13,104,18,0,1,38,-1,,0,12,0,2272820415
gym-lanes,corridor-hold,169,Defeat,15,0,15,120,35,0,1,40,-1,,0,18,0,450235236
gym-lanes,corridor-hold,170,Victory,14,0,14,112,17,160,0,21,-1,,0,14,0,863811822
gym-lanes,corridor-hold,171,Victory,16,0,16,128,15,115,0,31,-1,,0,20,0,1945252809
gym-lanes,corridor-hold,172,Victory,12,0,12,96,7,285,0,16,3,1:3,0,8,0,3511560623
gym-lanes,corridor-hold,173,Defeat,12,0,12,96,16,0,1,33,-1,,0,19,0,4154068552
gym-lanes,corridor-hold,174,Victory,20,0,20,160,19,80,0,15,20,1:20,0,19,0,277087230
gym-lanes,corridor-hold,175,Defeat,11,0,11,88,10,0,1,45,-1,,0,13,0,2659321460
gym-lanes,corridor-hold,176,Defeat,5,0,5,40,5,0,4,80,-1,,0,4,2,1174208179
gym-lanes,corridor-hold,177,Victory,11,0,11,88,8,225,0,18,-1,,0,12,0,2232952494
gym-lanes,corridor-hold,178,Victory,12,0,12,96,9,25,0,33,-1,,0,15,0,674860465
gym-lanes,corridor-hold,179,Victory,13,0,13,104,14,180,0,23,-1,,0,8,0,785270057
gym-lanes,corridor-hold,180,Victory,12,0,12,96,24,140,0,33,-1,,0,8,0,1229379456
gym-lanes,corridor-hold,181,Victory,18,0,18,144,28,190,0,16,-1,,0,14,0,3542155690
gym-lanes,corridor-hold,182,Defeat,11,0,11,88,28,0,2,45,-1,,0,11,0,1403874742
gym-lanes,corridor-hold,183,Victory,12,0,12,96,8,10,0,58,-1,,0,16,0,3650175555
gym-lanes,corridor-hold,184,Defeat,12,0,12,96,6,0,1,66,-1,,0,13,0,782449392
gym-lanes,corridor-hold,185,Defeat,6,0,6,48,12,0,2,66,-1,,0,5,1,1090104110
gym-lanes,corridor-hold,186,Victory,12,0,12,96,6,205,0,33,3,1:3,0,6,0,619217975
gym-lanes,corridor-hold,187,Defeat,13,0,13,104,21,0,1,38,-1,,0,13,0,2070465079
gym-lanes,corridor-hold,188,Defeat,12,0,12,96,7,0,2,33,20,1:20,0,15,0,3174201932
gym-lanes,corridor-hold,189,Defeat,13,0,13,104,14,0,1,53,-1,,0,19,0,1404977833
gym-lanes,corridor-hold,190,Defeat,5,0,5,40,12,0,4,80,-1,,0,4,2,1777900924
gym-lanes,corridor-hold,191,Victory,16,0,16,128,28,200,0,31,3,1:3,0,12,0,2460938920
gym-lanes,corridor-hold,192,Victory,21,0,21,168,24,160,0,28,12,1:12,0,22,0,3565812469
gym-lanes,corridor-hold,193,Victory,12,0,12,96,13,125,0,25,-1,,0,10,0,1424497981
gym-lanes,corridor-hold,194,Defeat,13,0,13,104,16,0,2,46,-1,,0,15,0,3513779044
gym-lanes,corridor-hold,195,Victory,13,0,13,104,13,140,0,38,-1,,0,9,0,1872072116
gym-lanes,corridor-hold,196,Victory,11,0,11,88,16,155,0,27,-1,,0,6,0,3368026629
gym-lanes,corridor-hold,197,Victory,19,0,19,152,32,210,0,10,12,1:12,0,14,0,827252334
gym-lanes,corridor-hold,198,Defeat,11,0,11,88,8,0,1,45,-1,,0,12,0,1989368848
gym-lanes,corridor-hold,199,Victory,11,0,11,88,5,175,0,27,-1,,0,6,0,1257669932
gym-lanes,corridor-hold,200,Victory,13,0,13,104,20,125,0,38,-1,,0,14,0,3835855640
gym-lanes,tpa-order,1,Victory,13,0,13,104,12,155,0,30,3,1:3,0,15,0,3171886118
gym-lanes,tpa-order,2,Victory,23,0,23,184,24,135,0,26,20,1:20,0,34,0,1199618548
gym-lanes,tpa-order,3,Victory,11,0,11,88,7,75,0,36,-1,,0,13,0,3135252869
gym-lanes,tpa-order,4,Victory,10,0,10,80,7,135,0,40,-1,,0,7,0,1152316914
gym-lanes,tpa-order,5,Victory,20,0,20,160,34,215,0,20,12,1:12,0,23,0,3852542665
gym-lanes,tpa-order,6,Victory,16,0,16,128,23,105,0,25,-1,,0,18,0,1302201745
gym-lanes,tpa-order,7,Defeat,10,0,10,80,13,0,2,50,-1,,0,10,1,2677475225
gym-lanes,tpa-order,8,Defeat,12,0,12,96,9,0,1,58,-1,,0,11,0,3472514916
gym-lanes,tpa-order,9,Defeat,10,0,10,80,6,0,1,50,-1,,0,11,0,1167067621
gym-lanes,tpa-order,10,Victory,24,0,24,192,28,185,0,20,12,1:12,0,18,0,1740368140
gym-lanes,tpa-order,11,Victory,20,0,20,160,26,190,0,15,20,1:20,0,17,0,3182282564
gym-lanes,tpa-order,12,Victory,13,0,13,104,15,230,0,23,-1,,0,8,0,2167551967
gym-lanes,tpa-order,13,Defeat,10,0,10,80,14,0,2,40,-1,,0,10,0,2246204216
gym-lanes,tpa-order,14,Victory,17,0,17,136,27,160,0,35,-1,,0,26,0,2141189943
gym-lanes,tpa-order,15,Defeat,8,0,8,64,14,0,2,50,-1,,0,6,1,2065811484
gym-lanes,tpa-order,16,Victory,13,0,13,104,17,80,0,23,-1,,0,12,0,2100155970
gym-lanes,tpa-order,17,Victory,16,0,16,128,27,140,0,18,-1,,0,12,0,24260969
gym-lanes,tpa-order,18,Defeat,11,0,11,88,9,0,2,54,-1,,0,12,0,498724401
gym-lanes,tpa-order,19,Defeat,13,0,13,104,15,0,1,53,-1,,0,15,0,3995163837
gym-lanes,tpa-order,20,Victory,12,0,12,96,16,155,0,25,-1,,0,9,0,566958299
gym-lanes,tpa-order,21,Victory,12,0,12,96,13,5,0,41,-1,,0,9,0,401304469
gym-lanes,tpa-order,22,Defeat,6,0,6,48,8,0,3,83,-1,,0,6,1,2592688664
gym-lanes,tpa-order,23,Victory,17,0,17,136,24,115,0,29,-1,,0,23,0,511690292
gym-lanes,tpa-order,24,Victory,11,0,11,88,7,210,0,27,12,1:12,0,7,0,4035252600
gym-lanes,tpa-order,25,Victory,19,0,19,152,25,160,0,26,3,1:3,0,18,0,2170325122
gym-lanes,tpa-order,26,Victory,14,0,14,112,14,50,0,35,-1,,0,15,0,2359195191
gym-lanes,tpa-order,27,Victory,9,0,9,72,2,55,0,55,-1,,0,5,0,4162913394
gym-lanes,tpa-order,28,Defeat,6,0,6,48,3,0,2,83,11,1:11,0,2,0,1877134654
gym-lanes,tpa-order,29,Victory,13,0,13,104,18,130,0,23,-1,,0,11,0,4223515540
gym-lanes,tpa-order,30,Victory,11,0,11,88,15,130,0,27,-1,,0,9,0,4064205261
gym-lanes,tpa-order,31,Defeat,14,0,14,112,16,0,1,42,-1,,0,13,0,564918856
gym-lanes,tpa-order,32,Defeat,12,0,12,96,12,0,3,66,-1,,0,18,1,3635365746
gym-lanes,tpa-order,33,Victory,14,0,14,112,13,160,0,35,11,1:11,0,17,0,1776329574
gym-lanes,tpa-order,34,Defeat,13,0,13,104,21,0,1,53,11,1:11,0,18,0,151639625
gym-lanes,tpa-order,35,Victory,14,0,14,112,17,10,0,35,-1,,0,16,0,488928768
gym-lanes,tpa-order,36,Defeat,7,0,7,56,9,0,2,57,-1,,0,5,1,2444002712
gym-lanes,tpa-order,37,Victory,13,0,13,104,14,235,0,23,-1,,0,12,0,3743114393
gym-lanes,tpa-order,38,Victory,16,0,16,128,21,120,0,37,-1,,0,19,0,558643030
gym-lanes,tpa-order,39,Victory,15,0,15,120,15,10,0,26,-1,,0,23,0,3641409063
gym-lanes,tpa-order,40,Victory,28,0,28,224,49,60,0,14,12,1:12,0,27,0,4164740028
gym-lanes,tpa-order,41,Defeat,8,0,8,64,10,0,2,62,-1,,0,6,0,1228551582
gym-lanes,tpa-order,42,Victory,16,0,16,128,19,160,0,37,-1,,0,20,0,759366344
gym-lanes,tpa-order,43,Victory,11,0,11,88,9,155,0,27,-1,,0,10,0,2639582576
gym-lanes,tpa-order,44,Victory,13,0,13,104,12,60,0,30,-1,,0,14,0,1830330664
gym-lanes,tpa-order,45,Victory,14,0,14,112,15,25,0,28,-1,,0,20,0,884890672
gym-lanes,tpa-order,46,Victory,25,0,25,200,32,190,0,12,11,1:11,0,21,0,2064069350
gym-lanes,tpa-order,47,Victory,24,0,24,192,43,160,0,12,12,1:12,0,19,0,102242446
gym-lanes,tpa-order,48,Victory,10,0,10,80,10,185,0,30,-1,,0,5,0,3196321654
gym-lanes,tpa-order,49,Victory,13,0,13,104,12,90,0,30,-1,,0,14,0,776271343
gym-lanes,tpa-order,50,Victory,14,0,14,112,17,150,0,21,20,1:20,0,14,0,2372416848
gym-lanes,tpa-order,51,Victory,13,0,13,104,16,130,0,23,3,1:3,0,7,0,2225880986
gym-lanes,tpa-order,52,Victory,12,0,12,96,9,125,0,25,-1,,0,11,0,645568826
gym-lanes,tpa-order,53,Victory,16,0,16,128,19,80,0,25,-1,,0,19,0,597205620
gym-lanes,tpa-order,54,Defeat,6,0,6,48,10,0,4,100,-1,,0,5,2,3455682129
gym-lanes,tpa-order,55,Victory,15,0,15,120,22,135,0,26,-1,,0,18,0,2060839359
gym-lanes,tpa-order,56,Victory,28,0,28,224,38,205,0,17,20,1:20,0,43,0,2826162739
gym-lanes,tpa-order,57,Defeat,12,0,12,96,13,0,1,41,-1,,0,15,0,3504538221
gym-lanes,tpa-order,58,Defeat,10,0,10,80,6,0,1,60,-1,,0,7,0,3155884708
gym-lanes,tpa-order,59,Victory,19,0,19,152,21,205,0,21,12,1:12,0,14,0,687896236
gym-lanes,tpa-order,60,Victory,18,0,18,144,17,165,0,22,-1,,0,16,0,3304031112
gym-lanes,tpa-order,61,Victory,10,0,10,80,11,35,0,50,3,1:3,0,7,0,3991801878
gym-lanes,tpa-order,62,Victory,26,0,26,208,37,100,0,15,20,1:20,0,42,0,3513757703
gym-lanes,tpa-order,63,Victory,18,0,18,144,22,175,0,33,3,1:3,0,18,0,468779701
gym-lanes,tpa-order,64,Victory,22,0,22,176,39,30,0,18,3,1:3,0,17,0,2796085758
gym-lanes,tpa-order,65,Victory,16,0,16,128,11,65,0,31,3,1:3,0,27,0,2912936321
gym-lanes,tpa-order,66,Victory,19,0,19,152,29,120,0,31,-1,,0,26,0,4100902575
gym-lanes,tpa-order,67,Victory,10,0,10,80,9,100,0,30,11,1:11,0,13,0,2479311946
gym-lanes,tpa-order,68,Defeat,11,0,11,88,6,0,3,45,20,1:20,0,14,0,1232242014
gym-lanes,tpa-order,69,Victory,15,0,15,120,14,175,0,26,-1,,0,14,0,4065389861
gym-lanes,tpa-order,70,Victory,13,0,13,104,17,100,0,23,-1,,0,12,0,841504692
gym-lanes,tpa-order,71,Victory,24,0,24,192,38,120,0,20,11,1:11,0,23,0,481688877
gym-lanes,tpa-order,72,Victory,21,0,21,168,28,185,0,23,3,1:3,0,17,0,622101546
gym-lanes,tpa-order,73,Victory,14,0,14,112,14,170,0,28,-1,,0,10,0,270122266
gym-lanes,tpa-order,74,Defeat,12,0,12,96,5,0,1,41,-1,,0,17,0,3929802457
gym-lanes,tpa-order,75,Defeat,7,0,7,56,14,0,2,57,-1,,0,6,0,1394833659
gym-lanes,tpa-order,76,Defeat,9,0,9,72,15,0,1,55,-1,,0,7,0,4082712215
gym-lanes,tpa-order,77,Victory,14,0,14,112,15,200,0,21,-1,,0,10,0,3445092026
gym-lanes,tpa-order,78,Victory,21,0,21,168,32,195,0,23,12,1:12,0,16,0,405913588
gym-lanes,tpa-order,79,Victory,11,0,11,88,11,105,0,45,-1,,0,8,0,3616034609
gym-lanes,tpa-order,80,Victory,23,0,23,184,35,215,0,17,12,1:12,0,23,0,2664170346
gym-lanes,tpa-order,81,Victory,13,0,13,104,20,50,0,53,-1,,0,12,0,2560754557
gym-lanes,tpa-order,82,Victory,15,0,15,120,22,185,0,26,12,1:12,0,11,0,1621150578
gym-lanes,tpa-order,83,Defeat,9,0,9,72,7,0,2,55,-1,,0,8,0,4238847711
gym-lanes,tpa-order,84,Victory,10,0,10,80,5,150,0,40,-1,,0,8,0,3790423132
gym-lanes,tpa-order,85,Defeat,15,0,15,120,23,0,2,40,11,1:11,0,27,0,1094891774
gym-lanes,tpa-order,86,Victory,13,0,13,104,10,150,0,30,3,1:3,0,9,0,487028572
gym-lanes,tpa-order,87,Victory,12,0,12,96,9,20,0,41,-1,,0,11,0,1627467503
gym-lanes,tpa-order,88,Defeat,13,0,13,104,17,0,1,30,-1,,0,12,0,231953016
gym-lanes,tpa-order,89,Victory,13,0,13,104,16,110,0,23,-1,,0,12,0,1460784829
gym-lanes,tpa-order,90,Defeat,6,0,6,48,6,0,3,66,-1,,0,6,2,1622567294
gym-lanes,tpa-order,91,Victory,14,0,14,112,12,200,0,21,-1,,0,12,0,245069596
gym-lanes,tpa-order,92,Victory,15,0,15,120,18,200,0,20,-1,,0,11,0,881663374
gym-lanes,tpa-order,93,Victory,13,0,13,104,12,65,0,38,-1,,0,12,0,323032290
gym-lanes,tpa-order,94,Defeat,12,0,12,96,12,0,1,33,-1,,0,19,0,3886415151
gym-lanes,tpa-order,95,Victory,17,0,17,136,19,75,0,35,12,1:12,0,21,0,2674778432
gym-lanes,tpa-order,96,Victory,10,0,10,80,9,150,0,30,-1,,0,6,0,3765480619
gym-lanes,tpa-order,97,Victory,12,0,12,96,16,140,0,25,-1,,0,7,0,673235986
gym-lanes,tpa-order,98,Victory,14,0,14,112,18,30,0,28,-1,,0,13,0,1539908360
gym-lanes,tpa-order,99,Victory,16,0,16,128,21,80,0,37,-1,,0,14,0,1322600337
gym-lanes,tpa-order,100,Victory,16,0,16,128,12,50,0,31,-1,,0,21,0,1738138244
gym-lanes,tpa-order,101,Victory,27,0,27,216,35,210,0,22,20,1:20,0,35,0,3760590334
gym-lanes,tpa-order,102,Victory,13,0,13,104,22,100,0,23,-1,,0,12,0,841504692
gym-lanes,tpa-order,103,Victory,13,0,13,104,20,20,0,38,-1,,0,15,0,1276470309
gym-lanes,tpa-order,104,Victory,10,0,10,80,10,25,0,50,-1,,0,6,0,2441120780
gym-lanes,tpa-order,105,Defeat,9,0,9,72,6,0,1,66,-1,,0,9,0,281068045
gym-lanes,tpa-order,106,Defeat,7,0,7,56,4,0,2,100,11,1:11,0,7,0,2239281542
gym-lanes,tpa-order,107,Victory,10,0,10,80,8,105,0,40,-1,,0,5,0,2348887792
gym-lanes,tpa-order,108,Victory,22,0,22,176,22,170,0,31,20,1:20,0,35,0,1628705029
gym-lanes,tpa-order,109,Victory,11,0,11,88,16,205,0,27,-1,,0,7,0,3781441969
gym-lanes,tpa-order,110,Defeat,10,0,10,80,7,0,2,50,-1,,0,10,0,2380274298
gym-lanes,tpa-order,111,Victory,14,0,14,112,11,5,0,42,-1,,0,15,0,2212691103
gym-lanes,tpa-order,112,Victory,20,0,20,160,30,170,0,20,12,1:12,0,16,0,1035838239
gym-lanes,tpa-order,113,Defeat,10,0,10,80,13,0,1,50,-1,,0,9,0,1158200532
gym-lanes,tpa-order,114,Defeat,10,0,10,80,10,0,2,40,-1,,0,9,0,1347675669
gym-lanes,tpa-order,115,Defeat,11,0,11,88,23,0,1,45,-1,,0,14,0,2421380312
gym-lanes,tpa-order,116,Victory,11,0,11,88,10,55,0,36,-1,,0,14,0,1936663962
gym-lanes,tpa-order,117,Defeat,11,0,11,88,15,0,2,54,-1,,0,15,0,1319348427
gym-lanes,tpa-order,118,Defeat,6,0,6,48,4,0,2,66,-1,,0,6,0,846417601
gym-lanes,tpa-order,119,Victory,22,0,22,176,22,155,0,22,20,1:20,0,37,0,785784419
gym-lanes,tpa-order,120,Victory,25,0,25,200,28,165,0,24,12,1:12,0,35,0,1617021679
gym-lanes,tpa-order,121,Victory,15,0,15,120,17,95,0,33,20,1:20,0,11,0,2152000921
gym-lanes,tpa-order,122,Victory,14,0,14,112,9,145,0,28,20,1:20,0,14,0,26435500
gym-lanes,tpa-order,123,Victory,11,0,11,88,12,10,0,45,3,1:3,0,12,0,1971486920
gym-lanes,tpa-order,124,Victory,12,0,12,96,9,60,0,33,-1,,0,11,0,2927018281
gym-lanes,tpa-order,125,Victory,18,0,18,144,28,175,0,11,3,1:3,0,14,0,1502249279
gym-lanes,tpa-order,126,Defeat,11,0,11,88,13,0,1,45,-1,,0,13,0,1538202481
gym-lanes,tpa-order,127,Defeat,7,0,7,56,14,0,3,42,11,1:11,0,9,1,2805017032
gym-lanes,tpa-order,128,Defeat,22,0,22,176,29,0,2,27,20,1:20,0,60,0,603882434
gym-lanes,tpa-order,129,Defeat,6,0,6,48,12,0,3,83,-1,,0,5,1,3392596985
gym-lanes,tpa-order,130,Defeat,11,0,11,88,10,0,2,54,-1,,0,13,0,3999467541
gym-lanes,tpa-order,131,Victory,13,0,13,104,22,100,0,23,-1,,0,12,0,841504692
gym-lanes,tpa-order,132,Defeat,6,0,6,48,11,0,3,66,-1,,0,3,1,3543639051
gym-lanes,tpa-order,133,Defeat,12,0,12,96,14,0,1,50,-1,,0,13,0,1606961426
gym-lanes,tpa-order,134,Victory,10,0,10,80,9,155,0,30,-1,,0,4,0,3626010934
gym-lanes,tpa-order,135,Victory,12,0,12,96,10,135,0,33,-1,,0,11,0,3863729411
gym-lanes,tpa-order,136,Victory,18,0,18,144,25,195,0,27,12,1:12,0,15,0,2810440066
gym-lanes,tpa-order,137,Victory,13,0,13,104,11,115,0,38,3,1:3,0,8,0,1307067104
gym-lanes,tpa-order,138,Defeat,5,0,5,40,10,0,3,80,-1,,0,4,2,2361165094
gym-lanes,tpa-order,139,Victory,14,0,14,112,16,180,0,21,20,1:20,0,14,0,3569983858
gym-lanes,tpa-order,140,Defeat,12,0,12,96,8,0,2,50,-1,,0,13,0,273374099
gym-lanes,tpa-order,141,Defeat,9,0,9,72,14,0,2,55,-1,,0,8,0,871039044
gym-lanes,tpa-order,142,Victory,13,0,13,104,12,205,0,30,3,1:3,0,14,0,2478998817
gym-lanes,tpa-order,143,Defeat,12,0,12,96,19,0,2,41,-1,,0,18,0,885080412
gym-lanes,tpa-order,144,Victory,18,0,18,144,29,185,0,16,12,1:12,0,16,0,568720909
gym-lanes,tpa-order,145,Victory,26,0,26,208,35,215,0,19,20,1:20,0,26,0,932059005
gym-lanes,tpa-order,146,Defeat,11,0,11,88,11,0,1,45,-1,,0,17,0,1140798200
gym-lanes,tpa-order,147,Victory,21,0,21,168,20,215,0,14,3,1:3,0,30,0,1802369921
gym-lanes,tpa-order,148,Defeat,11,0,11,88,10,0,1,54,-1,,0,13,0,3587407512
gym-lanes,tpa-order,149,Victory,13,0,13,104,23,130,0,23,-1,,0,12,0,403654226
gym-lanes,tpa-order,150,Victory,11,0,11,88,12,185,0,36,-1,,0,8,0,1012286689
gym-lanes,tpa-order,151,Victory,12,0,12,96,8,50,0,33,20,1:20,0,11,0,884062129
gym-lanes,tpa-order,152,Victory,9,0,9,72,2,150,0,44,-1,,0,4,0,1142516335
gym-lanes,tpa-order,153,Victory,30,0,30,240,61,120,0,33,12,1:12,0,56,0,3812336211
gym-lanes,tpa-order,154,Defeat,12,0,12,96,20,0,1,41,-1,,0,13,0,1387994930
gym-lanes,tpa-order,155,Victory,12,0,12,96,15,25,0,41,-1,,0,13,0,29566631
gym-lanes,tpa-order,156,Defeat,17,0,17,136,21,0,1,41,20,1:20,0,29,0,4050244188
gym-lanes,tpa-order,157,Victory,15,0,15,120,14,130,0,33,20,1:20,0,16,0,2846734308
gym-lanes,tpa-order,158,Defeat,12,0,12,96,17,0,1,33,-1,,0,18,0,1781020378
gym-lanes,tpa-order,159,Defeat,17,0,17,136,20,0,2,47,20,1:20,0,19,0,1804148755
gym-lanes,tpa-order,160,Defeat,7,0,7,56,9,0,1,57,-1,,0,5,1,3943623844
gym-lanes,tpa-order,161,Victory,13,0,13,104,16,5,0,30,11,1:11,0,18,0,3161859797
gym-lanes,tpa-order,162,Victory,13,0,13,104,17,80,0,23,-1,,0,13,0,651939030
gym-lanes,tpa-order,163,Victory,24,0,24,192,30,155,0,12,12,1:12,0,20,0,2239270159
gym-lanes,tpa-order,164,Victory,12,0,12,96,12,25,0,33,-1,,0,16,0,3191375941
gym-lanes,tpa-order,165,Victory,12,0,12,96,13,130,0,25,3,1:3,0,8,0,3912288231
gym-lanes,tpa-order,166,Victory,22,0,22,176,38,220,0,27,12,1:12,0,19,0,611581255
gym-lanes,tpa-order,167,Victory,19,0,19,152,27,160,0,15,12,1:12,0,15,0,2423224944
gym-lanes,tpa-order,168,Defeat,13,0,13,104,18,0,1,38,-1,,0,12,0,2272820415
gym-lanes,tpa-order,169,Defeat,15,0,15,120,35,0,1,40,-1,,0,18,0,450235236
gym-lanes,tpa-order,170,Victory,14,0,14,112,17,160,0,21,-1,,0,14,0,863811822
gym-lanes,tpa-order,171,Victory,16,0,16,128,15,115,0,31,-1,,0,20,0,1945252809
gym-lanes,tpa-order,172,Victory,12,0,12,96,7,285,0,16,3,1:3,0,8,0,3511560623
gym-lanes,tpa-order,173,Defeat,12,0,12,96,16,0,1,33,-1,,0,19,0,4154068552
gym-lanes,tpa-order,174,Victory,20,0,20,160,19,80,0,15,20,1:20,0,19,0,277087230
gym-lanes,tpa-order,175,Defeat,11,0,11,88,10,0,1,45,-1,,0,13,0,2659321460
gym-lanes,tpa-order,176,Defeat,5,0,5,40,5,0,4,80,-1,,0,4,2,1174208179
gym-lanes,tpa-order,177,Victory,11,0,11,88,8,225,0,18,-1,,0,12,0,2232952494
gym-lanes,tpa-order,178,Victory,12,0,12,96,9,25,0,33,-1,,0,15,0,674860465
gym-lanes,tpa-order,179,Victory,13,0,13,104,14,180,0,23,-1,,0,8,0,785270057
gym-lanes,tpa-order,180,Victory,12,0,12,96,24,140,0,33,-1,,0,8,0,1229379456
gym-lanes,tpa-order,181,Victory,18,0,18,144,28,190,0,16,-1,,0,14,0,3542155690
gym-lanes,tpa-order,182,Defeat,11,0,11,88,28,0,2,45,-1,,0,11,0,1403874742
gym-lanes,tpa-order,183,Victory,12,0,12,96,8,60,0,50,-1,,0,15,0,2672920949
gym-lanes,tpa-order,184,Defeat,12,0,12,96,6,0,1,66,-1,,0,13,0,782449392
gym-lanes,tpa-order,185,Defeat,6,0,6,48,12,0,2,66,-1,,0,5,1,1090104110
gym-lanes,tpa-order,186,Victory,12,0,12,96,6,205,0,33,3,1:3,0,6,0,619217975
gym-lanes,tpa-order,187,Defeat,13,0,13,104,21,0,1,38,-1,,0,13,0,2070465079
gym-lanes,tpa-order,188,Defeat,12,0,12,96,7,0,2,33,20,1:20,0,15,0,3174201932
gym-lanes,tpa-order,189,Defeat,13,0,13,104,14,0,1,53,-1,,0,19,0,1404977833
gym-lanes,tpa-order,190,Defeat,5,0,5,40,12,0,4,80,-1,,0,4,2,1777900924
gym-lanes,tpa-order,191,Victory,16,0,16,128,28,200,0,31,3,1:3,0,12,0,2460938920
gym-lanes,tpa-order,192,Victory,18,0,18,144,27,155,0,33,-1,,0,19,0,1391459103
gym-lanes,tpa-order,193,Victory,12,0,12,96,13,125,0,25,-1,,0,10,0,1424497981
gym-lanes,tpa-order,194,Defeat,13,0,13,104,16,0,2,46,-1,,0,15,0,3513779044
gym-lanes,tpa-order,195,Victory,13,0,13,104,13,140,0,38,-1,,0,9,0,1872072116
gym-lanes,tpa-order,196,Victory,11,0,11,88,16,155,0,27,-1,,0,6,0,3368026629
gym-lanes,tpa-order,197,Victory,19,0,19,152,32,210,0,10,12,1:12,0,14,0,827252334
gym-lanes,tpa-order,198,Defeat,11,0,11,88,8,0,1,45,-1,,0,12,0,1989368848
gym-lanes,tpa-order,199,Victory,11,0,11,88,5,175,0,27,-1,,0,6,0,1257669932
gym-lanes,tpa-order,200,Victory,13,0,13,104,20,125,0,38,-1,,0,14,0,3835855640
gym-lanes,decapitate,1,Victory,13,0,13,104,12,155,0,30,3,1:3,0,15,0,3171886118
gym-lanes,decapitate,2,Victory,23,0,23,184,24,135,0,26,20,1:20,0,34,0,1199618548
gym-lanes,decapitate,3,Victory,11,0,11,88,7,75,0,36,-1,,0,13,0,3135252869
gym-lanes,decapitate,4,Victory,10,0,10,80,7,135,0,40,-1,,0,7,0,1152316914
gym-lanes,decapitate,5,Victory,20,0,20,160,34,215,0,20,12,1:12,0,23,0,3852542665
gym-lanes,decapitate,6,Victory,16,0,16,128,23,105,0,25,-1,,0,18,0,1302201745
gym-lanes,decapitate,7,Defeat,10,0,10,80,13,0,2,50,-1,,0,10,1,2677475225
gym-lanes,decapitate,8,Defeat,12,0,12,96,9,0,1,58,-1,,0,11,0,3472514916
gym-lanes,decapitate,9,Defeat,10,0,10,80,6,0,1,50,-1,,0,11,0,3658055636
gym-lanes,decapitate,10,Victory,24,0,24,192,28,185,0,20,12,1:12,0,18,0,1740368140
gym-lanes,decapitate,11,Victory,20,0,20,160,26,190,0,15,20,1:20,0,17,0,3182282564
gym-lanes,decapitate,12,Victory,13,0,13,104,15,230,0,23,-1,,0,8,0,2167551967
gym-lanes,decapitate,13,Defeat,10,0,10,80,14,0,2,50,-1,,0,10,0,1334624352
gym-lanes,decapitate,14,Victory,17,0,17,136,27,160,0,35,-1,,0,26,0,2141189943
gym-lanes,decapitate,15,Defeat,8,0,8,64,14,0,2,50,-1,,0,6,1,2065811484
gym-lanes,decapitate,16,Victory,13,0,13,104,17,80,0,23,-1,,0,12,0,2100155970
gym-lanes,decapitate,17,Victory,16,0,16,128,27,140,0,18,-1,,0,12,0,24260969
gym-lanes,decapitate,18,Defeat,11,0,11,88,9,0,2,54,-1,,0,12,0,498724401
gym-lanes,decapitate,19,Defeat,13,0,13,104,15,0,1,53,-1,,0,15,0,3995163837
gym-lanes,decapitate,20,Victory,12,0,12,96,16,155,0,25,-1,,0,9,0,566958299
gym-lanes,decapitate,21,Victory,12,0,12,96,13,5,0,41,-1,,0,9,0,401304469
gym-lanes,decapitate,22,Defeat,6,0,6,48,8,0,3,83,-1,,0,6,1,2592688664
gym-lanes,decapitate,23,Victory,17,0,17,136,24,115,0,29,-1,,0,23,0,511690292
gym-lanes,decapitate,24,Victory,11,0,11,88,7,210,0,27,12,1:12,0,7,0,4035252600
gym-lanes,decapitate,25,Victory,19,0,19,152,25,160,0,26,3,1:3,0,18,0,2170325122
gym-lanes,decapitate,26,Victory,14,0,14,112,14,50,0,35,-1,,0,15,0,2359195191
gym-lanes,decapitate,27,Victory,9,0,9,72,2,55,0,55,-1,,0,5,0,4162913394
gym-lanes,decapitate,28,Defeat,7,0,7,56,3,0,1,85,-1,,0,4,0,429894624
gym-lanes,decapitate,29,Victory,13,0,13,104,18,130,0,23,-1,,0,11,0,4223515540
gym-lanes,decapitate,30,Victory,11,0,11,88,15,130,0,27,-1,,0,9,0,4064205261
gym-lanes,decapitate,31,Defeat,14,0,14,112,16,0,1,42,-1,,0,13,0,564918856
gym-lanes,decapitate,32,Defeat,12,0,12,96,12,0,3,66,-1,,0,18,1,3635365746
gym-lanes,decapitate,33,Victory,14,0,14,112,13,160,0,35,11,1:11,0,17,0,1776329574
gym-lanes,decapitate,34,Defeat,13,0,13,104,21,0,1,53,11,1:11,0,18,0,151639625
gym-lanes,decapitate,35,Victory,14,0,14,112,17,10,0,35,-1,,0,16,0,488928768
gym-lanes,decapitate,36,Defeat,7,0,7,56,9,0,2,57,-1,,0,5,1,2444002712
gym-lanes,decapitate,37,Victory,13,0,13,104,14,235,0,23,-1,,0,12,0,3743114393
gym-lanes,decapitate,38,Victory,16,0,16,128,21,120,0,37,-1,,0,19,0,558643030
gym-lanes,decapitate,39,Victory,15,0,15,120,15,10,0,26,-1,,0,23,0,520195109
gym-lanes,decapitate,40,Victory,28,0,28,224,49,60,0,14,12,1:12,0,27,0,4164740028
gym-lanes,decapitate,41,Defeat,8,0,8,64,10,0,2,62,-1,,0,6,0,546822691
gym-lanes,decapitate,42,Victory,16,0,16,128,19,160,0,37,-1,,0,20,0,759366344
gym-lanes,decapitate,43,Victory,11,0,11,88,9,155,0,27,-1,,0,10,0,2639582576
gym-lanes,decapitate,44,Victory,13,0,13,104,12,60,0,30,-1,,0,14,0,1830330664
gym-lanes,decapitate,45,Victory,14,0,14,112,15,25,0,28,-1,,0,20,0,884890672
gym-lanes,decapitate,46,Victory,25,0,25,200,32,190,0,12,11,1:11,0,21,0,2064069350
gym-lanes,decapitate,47,Victory,24,0,24,192,43,160,0,12,12,1:12,0,19,0,102242446
gym-lanes,decapitate,48,Victory,10,0,10,80,10,185,0,30,-1,,0,5,0,3196321654
gym-lanes,decapitate,49,Victory,13,0,13,104,12,90,0,30,-1,,0,14,0,776271343
gym-lanes,decapitate,50,Victory,14,0,14,112,17,150,0,21,20,1:20,0,14,0,2372416848
gym-lanes,decapitate,51,Victory,13,0,13,104,16,130,0,23,3,1:3,0,7,0,2225880986
gym-lanes,decapitate,52,Victory,12,0,12,96,9,125,0,25,-1,,0,11,0,645568826
gym-lanes,decapitate,53,Victory,16,0,16,128,19,80,0,25,-1,,0,19,0,597205620
gym-lanes,decapitate,54,Defeat,6,0,6,48,10,0,4,100,-1,,0,5,2,3455682129
gym-lanes,decapitate,55,Victory,15,0,15,120,22,135,0,26,-1,,0,18,0,2060839359
gym-lanes,decapitate,56,Victory,28,0,28,224,38,205,0,17,20,1:20,0,43,0,2826162739
gym-lanes,decapitate,57,Defeat,12,0,12,96,13,0,1,41,-1,,0,15,0,3504538221
gym-lanes,decapitate,58,Defeat,10,0,10,80,6,0,1,60,-1,,0,7,0,3155884708
gym-lanes,decapitate,59,Victory,19,0,19,152,21,205,0,21,12,1:12,0,14,0,687896236
gym-lanes,decapitate,60,Victory,18,0,18,144,17,165,0,22,-1,,0,16,0,3304031112
gym-lanes,decapitate,61,Victory,10,0,10,80,11,35,0,50,3,1:3,0,7,0,3991801878
gym-lanes,decapitate,62,Victory,26,0,26,208,37,100,0,15,20,1:20,0,42,0,3513757703
gym-lanes,decapitate,63,Victory,18,0,18,144,22,175,0,33,3,1:3,0,18,0,468779701
gym-lanes,decapitate,64,Victory,22,0,22,176,39,30,0,18,3,1:3,0,17,0,2796085758
gym-lanes,decapitate,65,Victory,16,0,16,128,11,65,0,31,3,1:3,0,27,0,2912936321
gym-lanes,decapitate,66,Victory,19,0,19,152,29,120,0,31,-1,,0,26,0,4100902575
gym-lanes,decapitate,67,Victory,10,0,10,80,9,100,0,30,11,1:11,0,13,0,2479311946
gym-lanes,decapitate,68,Defeat,11,0,11,88,6,0,3,45,20,1:20,0,14,0,1232242014
gym-lanes,decapitate,69,Victory,15,0,15,120,14,175,0,26,-1,,0,14,0,4065389861
gym-lanes,decapitate,70,Victory,13,0,13,104,17,100,0,23,-1,,0,12,0,841504692
gym-lanes,decapitate,71,Victory,24,0,24,192,38,120,0,20,11,1:11,0,23,0,481688877
gym-lanes,decapitate,72,Victory,21,0,21,168,28,185,0,23,3,1:3,0,17,0,622101546
gym-lanes,decapitate,73,Victory,14,0,14,112,14,170,0,28,-1,,0,10,0,270122266
gym-lanes,decapitate,74,Defeat,12,0,12,96,5,0,1,41,-1,,0,17,0,3929802457
gym-lanes,decapitate,75,Defeat,7,0,7,56,14,0,2,57,-1,,0,6,0,1394833659
gym-lanes,decapitate,76,Defeat,9,0,9,72,15,0,1,55,-1,,0,7,0,4082712215
gym-lanes,decapitate,77,Victory,14,0,14,112,15,200,0,21,-1,,0,10,0,3445092026
gym-lanes,decapitate,78,Victory,21,0,21,168,32,195,0,23,12,1:12,0,16,0,405913588
gym-lanes,decapitate,79,Victory,11,0,11,88,11,105,0,45,-1,,0,8,0,3616034609
gym-lanes,decapitate,80,Victory,23,0,23,184,35,215,0,17,12,1:12,0,23,0,2664170346
gym-lanes,decapitate,81,Victory,13,0,13,104,20,50,0,53,-1,,0,12,0,2560754557
gym-lanes,decapitate,82,Victory,15,0,15,120,22,185,0,26,12,1:12,0,11,0,1621150578
gym-lanes,decapitate,83,Defeat,9,0,9,72,7,0,2,55,-1,,0,8,0,4238847711
gym-lanes,decapitate,84,Victory,10,0,10,80,5,150,0,40,-1,,0,8,0,3790423132
gym-lanes,decapitate,85,Defeat,15,0,15,120,23,0,2,40,11,1:11,0,27,0,1094891774
gym-lanes,decapitate,86,Victory,13,0,13,104,10,150,0,30,3,1:3,0,9,0,487028572
gym-lanes,decapitate,87,Victory,12,0,12,96,9,20,0,41,-1,,0,12,0,501323261
gym-lanes,decapitate,88,Defeat,13,0,13,104,17,0,1,30,-1,,0,12,0,231953016
gym-lanes,decapitate,89,Victory,13,0,13,104,16,110,0,23,-1,,0,12,0,1460784829
gym-lanes,decapitate,90,Defeat,6,0,6,48,6,0,3,66,-1,,0,6,2,1622567294
gym-lanes,decapitate,91,Victory,14,0,14,112,12,200,0,21,-1,,0,12,0,245069596
gym-lanes,decapitate,92,Victory,15,0,15,120,18,200,0,20,-1,,0,11,0,881663374
gym-lanes,decapitate,93,Victory,13,0,13,104,12,65,0,38,-1,,0,12,0,323032290
gym-lanes,decapitate,94,Defeat,12,0,12,96,12,0,1,33,-1,,0,19,0,3886415151
gym-lanes,decapitate,95,Victory,17,0,17,136,19,75,0,35,12,1:12,0,21,0,2674778432
gym-lanes,decapitate,96,Victory,10,0,10,80,9,150,0,30,-1,,0,6,0,3765480619
gym-lanes,decapitate,97,Victory,12,0,12,96,16,140,0,25,-1,,0,7,0,673235986
gym-lanes,decapitate,98,Victory,14,0,14,112,18,30,0,28,-1,,0,13,0,1539908360
gym-lanes,decapitate,99,Victory,16,0,16,128,21,80,0,37,-1,,0,14,0,1322600337
gym-lanes,decapitate,100,Victory,16,0,16,128,12,50,0,31,-1,,0,21,0,1738138244
gym-lanes,decapitate,101,Victory,27,0,27,216,35,210,0,22,20,1:20,0,35,0,3760590334
gym-lanes,decapitate,102,Victory,13,0,13,104,22,100,0,23,-1,,0,12,0,841504692
gym-lanes,decapitate,103,Victory,13,0,13,104,20,20,0,38,-1,,0,15,0,1276470309
gym-lanes,decapitate,104,Victory,10,0,10,80,10,25,0,50,-1,,0,6,0,2441120780
gym-lanes,decapitate,105,Defeat,9,0,9,72,6,0,1,66,-1,,0,9,0,281068045
gym-lanes,decapitate,106,Defeat,7,0,7,56,4,0,2,100,11,1:11,0,7,0,2239281542
gym-lanes,decapitate,107,Victory,10,0,10,80,8,105,0,40,-1,,0,5,0,2348887792
gym-lanes,decapitate,108,Victory,22,0,22,176,22,170,0,31,20,1:20,0,35,0,1628705029
gym-lanes,decapitate,109,Victory,11,0,11,88,16,205,0,27,-1,,0,7,0,3781441969
gym-lanes,decapitate,110,Defeat,10,0,10,80,7,0,2,50,-1,,0,10,0,2380274298
gym-lanes,decapitate,111,Victory,14,0,14,112,11,5,0,42,-1,,0,15,0,2212691103
gym-lanes,decapitate,112,Victory,20,0,20,160,30,170,0,20,12,1:12,0,16,0,1035838239
gym-lanes,decapitate,113,Defeat,10,0,10,80,13,0,1,50,-1,,0,9,0,1158200532
gym-lanes,decapitate,114,Defeat,10,0,10,80,10,0,2,40,-1,,0,9,0,1347675669
gym-lanes,decapitate,115,Defeat,11,0,11,88,23,0,1,45,-1,,0,14,0,2421380312
gym-lanes,decapitate,116,Victory,11,0,11,88,10,55,0,36,-1,,0,14,0,1936663962
gym-lanes,decapitate,117,Defeat,11,0,11,88,15,0,2,54,-1,,0,15,0,1319348427
gym-lanes,decapitate,118,Defeat,6,0,6,48,4,0,2,66,-1,,0,6,0,846417601
gym-lanes,decapitate,119,Victory,22,0,22,176,22,155,0,22,20,1:20,0,37,0,785784419
gym-lanes,decapitate,120,Victory,25,0,25,200,28,165,0,24,12,1:12,0,35,0,1617021679
gym-lanes,decapitate,121,Victory,15,0,15,120,17,95,0,33,20,1:20,0,11,0,2152000921
gym-lanes,decapitate,122,Victory,14,0,14,112,9,145,0,28,20,1:20,0,14,0,26435500
gym-lanes,decapitate,123,Victory,11,0,11,88,12,10,0,45,3,1:3,0,12,0,1971486920
gym-lanes,decapitate,124,Victory,12,0,12,96,9,60,0,33,-1,,0,11,0,2927018281
gym-lanes,decapitate,125,Victory,18,0,18,144,28,175,0,11,3,1:3,0,14,0,1502249279
gym-lanes,decapitate,126,Defeat,11,0,11,88,13,0,1,45,-1,,0,13,0,1538202481
gym-lanes,decapitate,127,Defeat,7,0,7,56,14,0,3,42,11,1:11,0,9,1,2805017032
gym-lanes,decapitate,128,Defeat,22,0,22,176,29,0,2,27,20,1:20,0,60,0,603882434
gym-lanes,decapitate,129,Defeat,6,0,6,48,12,0,3,83,-1,,0,5,1,3392596985
gym-lanes,decapitate,130,Defeat,11,0,11,88,10,0,2,54,-1,,0,13,0,3999467541
gym-lanes,decapitate,131,Victory,13,0,13,104,22,100,0,23,-1,,0,12,0,841504692
gym-lanes,decapitate,132,Defeat,6,0,6,48,11,0,3,66,-1,,0,3,1,3543639051
gym-lanes,decapitate,133,Defeat,12,0,12,96,14,0,1,50,-1,,0,13,0,1606961426
gym-lanes,decapitate,134,Victory,10,0,10,80,9,155,0,30,-1,,0,4,0,3626010934
gym-lanes,decapitate,135,Victory,12,0,12,96,10,135,0,33,-1,,0,11,0,3863729411
gym-lanes,decapitate,136,Victory,18,0,18,144,25,195,0,27,12,1:12,0,15,0,2810440066
gym-lanes,decapitate,137,Victory,13,0,13,104,11,115,0,38,3,1:3,0,8,0,1307067104
gym-lanes,decapitate,138,Defeat,5,0,5,40,10,0,3,80,-1,,0,4,2,2361165094
gym-lanes,decapitate,139,Victory,14,0,14,112,16,180,0,21,20,1:20,0,14,0,3569983858
gym-lanes,decapitate,140,Defeat,12,0,12,96,8,0,2,50,-1,,0,13,0,273374099
gym-lanes,decapitate,141,Defeat,9,0,9,72,14,0,2,55,-1,,0,8,0,871039044
gym-lanes,decapitate,142,Victory,13,0,13,104,12,205,0,30,3,1:3,0,14,0,2478998817
gym-lanes,decapitate,143,Defeat,12,0,12,96,19,0,2,41,-1,,0,18,0,885080412
gym-lanes,decapitate,144,Victory,18,0,18,144,29,185,0,16,12,1:12,0,16,0,568720909
gym-lanes,decapitate,145,Victory,26,0,26,208,35,215,0,19,20,1:20,0,26,0,932059005
gym-lanes,decapitate,146,Defeat,11,0,11,88,11,0,1,45,-1,,0,17,0,1140798200
gym-lanes,decapitate,147,Victory,21,0,21,168,20,215,0,14,3,1:3,0,30,0,1802369921
gym-lanes,decapitate,148,Defeat,11,0,11,88,10,0,1,54,-1,,0,13,0,3587407512
gym-lanes,decapitate,149,Victory,13,0,13,104,23,130,0,23,-1,,0,12,0,403654226
gym-lanes,decapitate,150,Victory,11,0,11,88,12,185,0,36,-1,,0,8,0,1012286689
gym-lanes,decapitate,151,Victory,12,0,12,96,8,50,0,33,20,1:20,0,11,0,884062129
gym-lanes,decapitate,152,Victory,9,0,9,72,2,150,0,44,-1,,0,4,0,1142516335
gym-lanes,decapitate,153,Victory,30,0,30,240,61,120,0,33,12,1:12,0,56,0,3812336211
gym-lanes,decapitate,154,Defeat,12,0,12,96,20,0,1,41,-1,,0,13,0,1387994930
gym-lanes,decapitate,155,Victory,12,0,12,96,15,25,0,41,-1,,0,13,0,29566631
gym-lanes,decapitate,156,Defeat,17,0,17,136,21,0,1,41,20,1:20,0,29,0,4050244188
gym-lanes,decapitate,157,Victory,15,0,15,120,14,130,0,33,20,1:20,0,16,0,4067885766
gym-lanes,decapitate,158,Defeat,12,0,12,96,17,0,1,33,-1,,0,18,0,1781020378
gym-lanes,decapitate,159,Defeat,17,0,17,136,20,0,2,47,20,1:20,0,19,0,1804148755
gym-lanes,decapitate,160,Defeat,7,0,7,56,9,0,1,57,-1,,0,5,1,3943623844
gym-lanes,decapitate,161,Victory,13,0,13,104,16,5,0,30,11,1:11,0,18,0,3161859797
gym-lanes,decapitate,162,Victory,13,0,13,104,17,80,0,23,-1,,0,13,0,651939030
gym-lanes,decapitate,163,Victory,24,0,24,192,30,155,0,12,12,1:12,0,20,0,2239270159
gym-lanes,decapitate,164,Victory,12,0,12,96,12,25,0,33,-1,,0,16,0,3191375941
gym-lanes,decapitate,165,Victory,12,0,12,96,13,130,0,25,3,1:3,0,8,0,3912288231
gym-lanes,decapitate,166,Victory,22,0,22,176,38,220,0,27,12,1:12,0,19,0,611581255
gym-lanes,decapitate,167,Victory,19,0,19,152,27,160,0,15,12,1:12,0,15,0,2423224944
gym-lanes,decapitate,168,Defeat,13,0,13,104,18,0,1,38,-1,,0,12,0,2272820415
gym-lanes,decapitate,169,Defeat,15,0,15,120,35,0,1,40,-1,,0,18,0,450235236
gym-lanes,decapitate,170,Victory,14,0,14,112,17,160,0,21,-1,,0,14,0,863811822
gym-lanes,decapitate,171,Victory,16,0,16,128,15,115,0,31,-1,,0,20,0,1945252809
gym-lanes,decapitate,172,Victory,12,0,12,96,7,285,0,16,3,1:3,0,8,0,3511560623
gym-lanes,decapitate,173,Defeat,12,0,12,96,16,0,1,33,-1,,0,19,0,4154068552
gym-lanes,decapitate,174,Victory,20,0,20,160,19,80,0,15,20,1:20,0,19,0,277087230
gym-lanes,decapitate,175,Defeat,11,0,11,88,10,0,1,45,-1,,0,13,0,2659321460
gym-lanes,decapitate,176,Defeat,5,0,5,40,5,0,4,80,-1,,0,4,2,1174208179
gym-lanes,decapitate,177,Victory,11,0,11,88,8,225,0,18,-1,,0,12,0,2232952494
gym-lanes,decapitate,178,Victory,12,0,12,96,9,25,0,33,-1,,0,15,0,674860465
gym-lanes,decapitate,179,Victory,13,0,13,104,14,180,0,23,-1,,0,8,0,785270057
gym-lanes,decapitate,180,Victory,12,0,12,96,24,140,0,33,-1,,0,8,0,1229379456
gym-lanes,decapitate,181,Victory,18,0,18,144,28,190,0,16,-1,,0,14,0,3542155690
gym-lanes,decapitate,182,Defeat,11,0,11,88,28,0,2,45,-1,,0,11,0,1403874742
gym-lanes,decapitate,183,Victory,12,0,12,96,8,10,0,58,-1,,0,16,0,3650175555
gym-lanes,decapitate,184,Defeat,12,0,12,96,6,0,1,66,-1,,0,13,0,782449392
gym-lanes,decapitate,185,Defeat,6,0,6,48,12,0,2,66,-1,,0,5,1,1090104110
gym-lanes,decapitate,186,Victory,12,0,12,96,6,205,0,33,3,1:3,0,6,0,619217975
gym-lanes,decapitate,187,Defeat,13,0,13,104,21,0,1,38,-1,,0,13,0,2070465079
gym-lanes,decapitate,188,Defeat,12,0,12,96,7,0,2,33,20,1:20,0,15,0,3174201932
gym-lanes,decapitate,189,Defeat,13,0,13,104,14,0,1,53,-1,,0,19,0,1404977833
gym-lanes,decapitate,190,Defeat,5,0,5,40,12,0,4,80,-1,,0,4,2,1777900924
gym-lanes,decapitate,191,Victory,16,0,16,128,28,200,0,31,3,1:3,0,12,0,2460938920
gym-lanes,decapitate,192,Victory,21,0,21,168,24,160,0,28,12,1:12,0,22,0,3565812469
gym-lanes,decapitate,193,Victory,12,0,12,96,13,125,0,25,-1,,0,10,0,1424497981
gym-lanes,decapitate,194,Defeat,13,0,13,104,16,0,2,46,-1,,0,15,0,3513779044
gym-lanes,decapitate,195,Victory,13,0,13,104,13,140,0,38,-1,,0,9,0,1872072116
gym-lanes,decapitate,196,Victory,11,0,11,88,16,155,0,27,-1,,0,6,0,3368026629
gym-lanes,decapitate,197,Victory,19,0,19,152,32,210,0,10,12,1:12,0,14,0,827252334
gym-lanes,decapitate,198,Defeat,11,0,11,88,8,0,1,45,-1,,0,12,0,1989368848
gym-lanes,decapitate,199,Victory,11,0,11,88,5,175,0,27,-1,,0,6,0,1257669932
gym-lanes,decapitate,200,Victory,13,0,13,104,20,125,0,38,-1,,0,14,0,3835855640
gym-lanes,charge,1,Victory,7,0,7,56,6,150,0,28,-1,,0,0,0,282198739
gym-lanes,charge,2,Victory,7,0,7,56,8,50,0,42,11,1:11,0,1,0,684479610
gym-lanes,charge,3,Defeat,7,0,7,56,14,0,1,71,-1,,0,2,1,3597884726
gym-lanes,charge,4,Defeat,8,0,8,64,10,0,1,50,-1,,0,1,0,2875851702
gym-lanes,charge,5,Victory,7,0,7,56,6,100,0,42,11,1:11,0,1,0,3022655825
gym-lanes,charge,6,Defeat,6,0,6,48,5,0,1,66,-1,,0,2,1,3303723858
gym-lanes,charge,7,Defeat,7,0,7,56,10,0,2,57,-1,,0,3,1,3187567856
gym-lanes,charge,8,Victory,9,0,9,72,12,100,0,33,-1,,0,3,0,1522782391
gym-lanes,charge,9,Defeat,7,0,7,56,15,0,1,42,-1,,0,2,1,3213047067
gym-lanes,charge,10,Defeat,6,0,6,48,8,0,1,66,-1,,0,2,1,1932104325
gym-lanes,charge,11,Victory,7,0,7,56,7,50,0,42,11,1:11,0,1,0,2883836585
gym-lanes,charge,12,Victory,7,0,7,56,7,50,0,42,11,1:11,0,1,0,2883836585
gym-lanes,charge,13,Victory,7,0,7,56,8,200,0,28,-1,,0,0,0,2730859276
gym-lanes,charge,14,Defeat,6,0,6,48,14,0,2,66,-1,,0,2,2,2473438806
gym-lanes,charge,15,Defeat,8,0,8,64,20,0,1,62,-1,,0,2,0,2216074531
gym-lanes,charge,16,Defeat,6,0,6,48,10,0,2,66,-1,,0,1,1,2420745440
gym-lanes,charge,17,Victory,7,0,7,56,5,50,0,42,11,1:11,0,1,0,2883836585
gym-lanes,charge,18,Victory,8,0,8,64,7,30,0,37,-1,,0,2,0,1037124677
gym-lanes,charge,19,Victory,7,0,7,56,8,50,0,42,11,1:11,0,1,0,684479610
gym-lanes,charge,20,Defeat,6,0,6,48,7,0,1,50,11,1:11,0,1,1,3319050255
gym-lanes,charge,21,Defeat,7,0,7,56,8,0,1,57,-1,,0,2,1,2409357775
gym-lanes,charge,22,Defeat,6,0,6,48,9,0,1,66,-1,,0,3,1,3472354944
gym-lanes,charge,23,Victory,9,0,9,72,12,100,0,22,-1,,0,2,0,3617206545
gym-lanes,charge,24,Defeat,7,0,7,56,11,0,2,57,-1,,0,2,1,4263288084
gym-lanes,charge,25,Defeat,6,0,6,48,10,0,1,66,-1,,0,1,1,3361094050
gym-lanes,charge,26,Victory,8,0,8,64,7,50,0,37,-1,,0,2,0,708386143
gym-lanes,charge,27,Defeat,5,0,5,40,5,0,2,60,-1,,0,1,2,231377129
gym-lanes,charge,28,Defeat,4,0,4,32,8,0,3,75,-1,,0,2,3,1165792374
gym-lanes,charge,29,Victory,7,0,7,56,7,50,0,42,11,1:11,0,1,0,2883836585
gym-lanes,charge,30,Defeat,6,0,6,48,10,0,2,66,-1,,0,1,2,1764781494
gym-lanes,charge,31,Defeat,7,0,7,56,5,0,1,57,11,1:11,0,2,1,911010520
gym-lanes,charge,32,Defeat,8,0,8,64,12,0,1,50,-1,,0,4,1,376361254
gym-lanes,charge,33,Defeat,6,0,6,48,5,0,2,66,-1,,0,1,1,1695939398
gym-lanes,charge,34,Defeat,5,0,5,40,9,0,2,60,-1,,0,2,2,4102064075
gym-lanes,charge,35,Defeat,7,0,7,56,7,0,1,57,-1,,0,2,0,3922281148
gym-lanes,charge,36,Victory,7,0,7,56,9,130,0,42,-1,,0,0,0,2315314322
gym-lanes,charge,37,Victory,7,0,7,56,8,200,0,28,-1,,0,0,0,2730859276
gym-lanes,charge,38,Defeat,7,0,7,56,6,0,1,57,-1,,0,2,1,2867640381
gym-lanes,charge,39,Victory,7,0,7,56,5,50,0,42,11,1:11,0,1,0,2883836585
gym-lanes,charge,40,Victory,7,0,7,56,5,50,0,42,11,1:11,0,1,0,2883836585
gym-lanes,charge,41,Victory,7,0,7,56,6,80,0,42,11,1:11,0,1,0,2940724248
gym-lanes,charge,42,Victory,7,0,7,56,7,50,0,42,11,1:11,0,1,0,2883836585
gym-lanes,charge,43,Victory,7,0,7,56,4,80,0,42,-1,,0,1,0,2769949623
gym-lanes,charge,44,Defeat,7,0,7,56,6,0,1,57,-1,,0,2,1,2513749014
gym-lanes,charge,45,Defeat,4,0,4,32,8,0,3,75,-1,,0,2,2,591228338
gym-lanes,charge,46,Defeat,7,0,7,56,11,0,1,42,-1,,0,1,1,3678179539
gym-lanes,charge,47,Victory,7,0,7,56,7,50,0,42,11,1:11,0,1,0,2883836585
gym-lanes,charge,48,Victory,7,0,7,56,7,50,0,42,11,1:11,0,1,0,2883836585
gym-lanes,charge,49,Defeat,7,0,7,56,10,0,1,42,-1,,0,1,1,696337558
gym-lanes,charge,50,Victory,7,0,7,56,7,50,0,42,11,1:11,0,1,0,2883836585
gym-lanes,charge,51,Defeat,5,0,5,40,8,0,3,80,-1,,0,2,2,147599384
gym-lanes,charge,52,Victory,7,0,7,56,7,50,0,42,11,1:11,0,1,0,2883836585
gym-lanes,charge,53,Defeat,6,0,6,48,6,0,1,66,-1,,0,2,1,2390810769
gym-lanes,charge,54,Victory,9,0,9,72,7,50,0,33,-1,,0,3,0,1113475649
gym-lanes,charge,55,Victory,7,0,7,56,10,100,0,42,-1,,0,0,0,12236551
gym-lanes,charge,56,Victory,10,0,10,80,17,50,0,30,-1,,0,2,0,2005655156
gym-lanes,charge,57,Defeat,7,0,7,56,8,0,1,57,12,1:12,0,0,0,2268477046
gym-lanes,charge,58,Defeat,7,0,7,56,5,0,2,57,-1,,0,1,1,1389209386
gym-lanes,charge,59,Victory,7,0,7,56,6,50,0,42,11,1:11,0,1,0,3673505116
gym-lanes,charge,60,Defeat,5,0,5,40,8,0,2,60,-1,,0,2,2,1050305467
gym-lanes,charge,61,Defeat,8,0,8,64,13,0,1,50,-1,,0,2,0,3508837041
gym-lanes,charge,62,Victory,7,0,7,56,3,100,0,28,-1,,0,0,0,3527794211
gym-lanes,charge,63,Defeat,7,0,7,56,14,0,2,57,-1,,0,3,1,3210055927
gym-lanes,charge,64,Victory,7,0,7,56,6,230,0,28,-1,,0,0,0,1696574167
gym-lanes,charge,65,Defeat,7,0,7,56,11,0,1,57,-1,,0,3,1,2024471298
gym-lanes,charge,66,Victory,8,0,8,64,12,50,0,37,-1,,0,0,0,2392916014
gym-lanes,charge,67,Victory,7,0,7,56,6,50,0,42,11,1:11,0,1,0,3673505116
gym-lanes,charge,68,Defeat,7,0,7,56,11,0,2,71,11,1:11,0,5,0,4169344256
gym-lanes,charge,69,Defeat,7,0,7,56,10,0,1,57,-1,,0,1,1,1232191894
gym-lanes,charge,70,Defeat,7,0,7,56,14,0,1,57,-1,,0,2,1,618130439
gym-lanes,charge,71,Defeat,6,0,6,48,2,0,1,66,-1,,0,2,1,2967741409
gym-lanes,charge,72,Defeat,9,0,9,72,6,0,1,55,-1,,0,2,0,3007985808
gym-lanes,charge,73,Victory,8,0,8,64,6,50,0,37,-1,,0,2,0,2305247082
gym-lanes,charge,74,Victory,7,0,7,56,6,125,0,42,-1,,0,0,0,3929385453
gym-lanes,charge,75,Defeat,8,0,8,64,16,0,2,62,-1,,0,1,1,3132168989
gym-lanes,charge,76,Victory,8,0,8,64,12,50,0,37,-1,,0,0,0,3498816926
gym-lanes,charge,77,Victory,7,0,7,56,7,50,0,42,11,1:11,0,1,0,2883836585
gym-lanes,charge,78,Defeat,7,0,7,56,7,0,1,57,11,1:11,0,1,0,2222476415
gym-lanes,charge,79,Defeat,8,0,8,64,12,0,1,50,-1,,0,1,0,1900184117
gym-lanes,charge,80,Victory,7,0,7,56,2,130,0,42,-1,,0,1,0,1539255619
gym-lanes,charge,81,Defeat,7,0,7,56,11,0,3,71,-1,,0,6,1,2493688429
gym-lanes,charge,82,Victory,7,0,7,56,6,100,0,42,11,1:11,0,1,0,2192366803
gym-lanes,charge,83,Defeat,8,0,8,64,7,0,1,50,-1,,0,2,1,2933378447
gym-lanes,charge,84,Defeat,8,0,8,64,12,0,1,50,-1,,0,2,1,1304579181
gym-lanes,charge,85,Victory,8,0,8,64,9,80,0,37,-1,,0,0,0,2919074444
gym-lanes,charge,86,Defeat,6,0,6,48,11,0,2,50,-1,,0,2,1,4257811529
gym-lanes,charge,87,Defeat,7,0,7,56,6,0,1,57,-1,,0,2,0,2660463819
gym-lanes,charge,88,Defeat,6,0,6,48,6,0,1,66,-1,,0,3,1,2836622020
gym-lanes,charge,89,Victory,8,0,8,64,13,150,0,25,-1,,0,1,0,1894386763
gym-lanes,charge,90,Victory,7,0,7,56,8,50,0,42,11,1:11,0,1,0,706853879
gym-lanes,charge,91,Defeat,5,0,5,40,4,0,2,60,-1,,0,1,2,245031129
gym-lanes,charge,92,Victory,7,0,7,56,7,50,0,42,11,1:11,0,1,0,2883836585
gym-lanes,charge,93,Defeat,6,0,6,48,8,0,2,66,-1,,0,1,1,244110570
gym-lanes,charge,94,Victory,7,0,7,56,6,100,0,42,11,1:11,0,1,0,2857698813
gym-lanes,charge,95,Defeat,7,0,7,56,4,0,1,57,-1,,0,3,1,3947497666
gym-lanes,charge,96,Defeat,6,0,6,48,6,0,1,50,-1,,0,0,1,1402888432
gym-lanes,charge,97,Defeat,6,0,6,48,14,0,2,50,-1,,0,2,2,947981367
gym-lanes,charge,98,Defeat,5,0,5,40,6,0,2,60,-1,,0,2,2,2842029896
gym-lanes,charge,99,Victory,7,0,7,56,8,200,0,28,-1,,0,0,0,2730859276
gym-lanes,charge,100,Defeat,6,0,6,48,7,0,2,50,-1,,0,2,1,2420485647
gym-lanes,charge,101,Defeat,6,0,6,48,8,0,1,66,-1,,0,1,1,1402888432
gym-lanes,charge,102,Defeat,7,0,7,56,7,0,1,42,11,1:11,0,0,0,2513731790
gym-lanes,charge,103,Victory,7,0,7,56,7,50,0,42,11,1:11,0,1,0,2883836585
gym-lanes,charge,104,Defeat,7,0,7,56,4,0,1,57,-1,,0,3,1,3371224158
gym-lanes,charge,105,Victory,8,0,8,64,8,130,0,37,-1,,0,1,0,1794539165
gym-lanes,charge,106,Victory,9,0,9,72,11,50,0,44,-1,,0,2,0,3648261806
gym-lanes,charge,107,Defeat,7,0,7,56,11,0,1,57,-1,,0,2,1,4111704152
gym-lanes,charge,108,Victory,9,0,9,72,12,200,0,11,-1,,0,2,0,336097475
gym-lanes,charge,109,Victory,7,0,7,56,6,100,0,28,-1,,0,0,0,3527794211
gym-lanes,charge,110,Victory,7,0,7,56,10,100,0,42,-1,,0,2,0,1193566946
gym-lanes,charge,111,Defeat,6,0,6,48,6,0,2,83,-1,,0,2,2,2295574041
gym-lanes,charge,112,Defeat,7,0,7,56,4,0,1,57,11,1:11,0,1,0,1005013696
gym-lanes,charge,113,Defeat,6,0,6,48,8,0,1,50,-1,,0,2,1,1516107767
gym-lanes,charge,114,Defeat,4,0,4,32,12,0,3,75,-1,,0,2,2,3068370880
gym-lanes,charge,115,Defeat,7,0,7,56,14,0,1,57,-1,,0,1,1,3230406990
gym-lanes,charge,116,Defeat,6,0,6,48,4,0,2,50,-1,,0,1,1,4194979373
gym-lanes,charge,117,Victory,7,0,7,56,8,50,0,42,-1,,0,0,0,3308573713
gym-lanes,charge,118,Defeat,6,0,6,48,7,0,1,50,11,1:11,0,1,1,3319050255
gym-lanes,charge,119,Victory,7,0,7,56,7,50,0,42,11,1:11,0,1,0,715751497
gym-lanes,charge,120,Victory,8,0,8,64,10,30,0,50,-1,,0,1,0,2503715136
gym-lanes,charge,121,Defeat,6,0,6,48,6,0,1,66,-1,,0,2,1,3303723858
gym-lanes,charge,122,Defeat,7,0,7,56,8,0,1,57,12,1:12,0,0,0,3749639180
gym-lanes,charge,123,Defeat,7,0,7,56,7,0,1,57,11,1:11,0,1,0,3145547187
gym-lanes,charge,124,Victory,7,0,7,56,6,50,0,42,-1,,0,1,0,23740720
gym-lanes,charge,125,Defeat,7,0,7,56,6,0,1,57,-1,,0,3,1,1185773739
gym-lanes,charge,126,Victory,8,0,8,64,4,55,0,50,12,1:12,0,1,0,365086555
gym-lanes,charge,127,Defeat,4,0,4,32,5,0,3,75,-1,,0,1,2,4217837371
gym-lanes,charge,128,Victory,10,0,10,80,12,150,0,20,-1,,0,2,0,1304763776
gym-lanes,charge,129,Defeat,7,0,7,56,7,0,1,57,11,1:11,0,1,0,969682783
gym-lanes,charge,130,Victory,7,0,7,56,6,50,0,42,11,1:11,0,1,0,706853879
gym-lanes,charge,131,Defeat,6,0,6,48,7,0,1,50,11,1:11,0,1,1,3319050255
gym-lanes,charge,132,Defeat,7,0,7,56,6,0,2,85,11,1:11,0,4,0,3864266703
gym-lanes,charge,133,Defeat,6,0,6,48,6,0,1,50,-1,,0,0,1,1402888432
gym-lanes,charge,134,Defeat,6,0,6,48,9,0,1,66,-1,,0,1,1,650216451
gym-lanes,charge,135,Defeat,7,0,7,56,7,0,1,57,11,1:11,0,1,0,1559415481
gym-lanes,charge,136,Victory,8,0,8,64,11,100,0,37,-1,,0,2,0,2081600287
gym-lanes,charge,137,Defeat,6,0,6,48,6,0,2,100,-1,,0,4,2,1480440316
gym-lanes,charge,138,Victory,7,0,7,56,6,80,0,42,11,1:11,0,1,0,2940724248
gym-lanes,charge,139,Victory,7,0,7,56,7,50,0,42,11,1:11,0,1,0,2883836585
gym-lanes,charge,140,Defeat,6,0,6,48,8,0,1,66,-1,,0,1,1,3098608581
gym-lanes,charge,141,Victory,7,0,7,56,8,100,0,28,-1,,0,0,0,3527794211
gym-lanes,charge,142,Victory,7,0,7,56,2,50,0,42,11,1:11,0,1,0,2883836585
gym-lanes,charge,143,Victory,7,0,7,56,3,75,0,42,11,1:11,0,0,0,1794462023
gym-lanes,charge,144,Defeat,7,0,7,56,7,0,1,57,11,1:11,0,1,0,4105826447
gym-lanes,charge,145,Victory,7,0,7,56,6,50,0,42,11,1:11,0,1,0,3248093889
gym-lanes,charge,146,Victory,8,0,8,64,8,180,0,25,-1,,0,1,0,1285616923
gym-lanes,charge,147,Defeat,6,0,6,48,9,0,1,66,-1,,0,3,1,3472354944
gym-lanes,charge,148,Victory,7,0,7,56,5,50,0,57,-1,,0,1,0,2960380294
gym-lanes,charge,149,Victory,8,0,8,64,8,150,0,25,-1,,0,2,0,390677452
gym-lanes,charge,150,Defeat,8,0,8,64,6,0,1,50,-1,,0,1,0,2248596375
gym-lanes,charge,151,Victory,8,0,8,64,8,50,0,37,-1,,0,1,0,3065671786
gym-lanes,charge,152,Defeat,7,0,7,56,6,0,1,57,11,1:11,0,1,0,3680733422
gym-lanes,charge,153,Victory,7,0,7,56,7,150,0,42,-1,,0,1,0,4219161760
gym-lanes,charge,154,Victory,9,0,9,72,10,100,0,33,3,1:3,0,1,0,171194925
gym-lanes,charge,155,Victory,7,0,7,56,9,100,0,28,11,1:11,0,0,0,1319042284
gym-lanes,charge,156,Victory,9,0,9,72,11,30,0,33,-1,,0,3,0,3142487661
gym-lanes,charge,157,Defeat,5,0,5,40,6,0,3,60,-1,,0,2,2,2687829075
gym-lanes,charge,158,Victory,7,0,7,56,6,50,0,42,11,1:11,0,1,0,2781548583
gym-lanes,charge,159,Victory,7,0,7,56,6,50,0,42,-1,,0,1,0,706853879
gym-lanes,charge,160,Defeat,6,0,6,48,10,0,1,66,-1,,0,1,1,3850683715
gym-lanes,charge,161,Defeat,7,0,7,56,9,0,2,57,11,1:11,0,5,0,2578831806
gym-lanes,charge,162,Victory,8,0,8,64,12,50,0,37,-1,,0,1,0,616860008
gym-lanes,charge,163,Victory,7,0,7,56,6,50,0,42,12,1:12,0,1,0,3914837730
gym-lanes,charge,164,Defeat,7,0,7,56,10,0,1,57,-1,,0,2,1,2899290211
gym-lanes,charge,165,Defeat,6,0,6,48,4,0,1,66,11,1:11,0,1,0,195637561
gym-lanes,charge,166,Victory,7,0,7,56,4,10,0,57,-1,,0,2,0,3908255407
gym-lanes,charge,167,Defeat,7,0,7,56,7,0,1,42,11,1:11,0,0,0,2976211352
gym-lanes,charge,168,Victory,7,0,7,56,7,50,0,42,11,1:11,0,1,0,2883836585
gym-lanes,charge,169,Defeat,6,0,6,48,5,0,2,50,-1,,0,1,2,3333663690
gym-lanes,charge,170,Defeat,7,0,7,56,9,0,1,57,-1,,0,3,1,1935636905
gym-lanes,charge,171,Defeat,5,0,5,40,8,0,2,60,-1,,0,2,2,2273545496
gym-lanes,charge,172,Victory,8,0,8,64,5,50,0,37,-1,,0,2,0,662659211
gym-lanes,charge,173,Victory,8,0,8,64,6,100,0,25,-1,,0,1,0,328518923
gym-lanes,charge,174,Defeat,7,0,7,56,8,0,1,57,-1,,0,2,1,4281429724
gym-lanes,charge,175,Defeat,4,0,4,32,8,0,3,75,-1,,0,2,3,591228338
gym-lanes,charge,176,Victory,7,0,7,56,6,50,0,42,11,1:11,0,1,0,2781548583
gym-lanes,charge,177,Victory,9,0,9,72,11,50,0,33,-1,,0,3,0,2714938773
gym-lanes,charge,178,Defeat,8,0,8,64,8,0,1,50,3,1:3,0,1,0,3750282078
gym-lanes,charge,179,Victory,7,0,7,56,7,50,0,42,11,1:11,0,1,0,2883836585
gym-lanes,charge,180,Defeat,8,0,8,64,14,0,1,50,-1,,0,1,0,1125490899
gym-lanes,charge,181,Victory,7,0,7,56,5,50,0,42,11,1:11,0,1,0,2883836585
gym-lanes,charge,182,Defeat,7,0,7,56,7,0,1,57,-1,,0,2,0,3922281148
gym-lanes,charge,183,Defeat,7,0,7,56,7,0,1,57,11,1:11,0,1,0,3703706451
gym-lanes,charge,184,Victory,9,0,9,72,12,50,0,33,-1,,0,2,0,2302717374
gym-lanes,charge,185,Victory,8,0,8,64,10,100,0,25,-1,,0,2,0,2515372057
gym-lanes,charge,186,Defeat,5,0,5,40,7,0,3,60,-1,,0,2,2,1608681037
gym-lanes,charge,187,Victory,7,0,7,56,7,50,0,42,11,1:11,0,1,0,2883836585
gym-lanes,charge,188,Victory,8,0,8,64,8,150,0,25,11,1:11,0,1,0,4196409105
gym-lanes,charge,189,Defeat,7,0,7,56,8,0,1,57,-1,,0,2,1,1241577076
gym-lanes,charge,190,Defeat,6,0,6,48,8,0,2,66,-1,,0,0,0,1249175358
gym-lanes,charge,191,Defeat,7,0,7,56,4,0,1,57,-1,,0,2,0,950963018
gym-lanes,charge,192,Defeat,7,0,7,56,5,0,1,57,-1,,0,3,1,217447870
gym-lanes,charge,193,Defeat,6,0,6,48,6,0,2,66,-1,,0,1,1,974963003
gym-lanes,charge,194,Defeat,8,0,8,64,16,0,1,62,-1,,0,3,1,388381815
gym-lanes,charge,195,Defeat,9,0,9,72,19,0,1,44,-1,,0,6,0,3601130884
gym-lanes,charge,196,Defeat,8,0,8,64,4,0,1,50,-1,,0,2,1,1464724022
gym-lanes,charge,197,Defeat,7,0,7,56,4,0,1,71,-1,,0,2,0,2260194340
gym-lanes,charge,198,Defeat,7,0,7,56,7,0,2,57,-1,,0,3,1,1515723691
gym-lanes,charge,199,Defeat,7,0,7,56,14,0,1,57,-1,,0,2,1,999546535
gym-lanes,charge,200,Victory,8,0,8,64,8,100,0,25,-1,,0,2,0,2515372057
gym-lanes-kill,corridor-hold,1,Victory,12,0,12,96,12,205,1,33,3,1:3,0,14,0,3444498313
gym-lanes-kill,corridor-hold,2,Victory,23,0,23,184,24,135,0,26,20,1:20,0,34,0,966225825
gym-lanes-kill,corridor-hold,3,Victory,11,0,11,88,7,75,0,36,-1,,0,13,0,3828774048
gym-lanes-kill,corridor-hold,4,Victory,10,0,10,80,7,135,0,40,-1,,0,7,0,1814377223
gym-lanes-kill,corridor-hold,5,Victory,20,0,20,160,34,215,0,20,12,1:12,0,23,0,2956867884
gym-lanes-kill,corridor-hold,6,Victory,16,0,16,128,23,105,0,25,-1,,0,18,0,3683967604
gym-lanes-kill,corridor-hold,7,Defeat,10,0,10,80,13,0,2,50,-1,,0,10,1,1981132540
gym-lanes-kill,corridor-hold,8,Defeat,12,0,12,96,9,0,1,58,-1,,0,11,0,560330769
gym-lanes-kill,corridor-hold,9,Defeat,10,0,10,80,6,0,1,50,-1,,0,11,0,46623617
gym-lanes-kill,corridor-hold,10,Victory,24,0,24,192,28,185,0,20,12,1:12,0,18,0,1810091577
gym-lanes-kill,corridor-hold,11,Victory,10,0,10,80,12,150,1,30,-1,,0,7,0,3965027291
gym-lanes-kill,corridor-hold,12,Victory,13,0,13,104,15,230,0,23,-1,,0,8,0,1820262682
gym-lanes-kill,corridor-hold,13,Defeat,10,0,10,80,14,0,2,50,-1,,0,10,0,786507221
gym-lanes-kill,corridor-hold,14,Victory,17,0,17,136,27,160,0,35,-1,,0,26,0,1728332786
gym-lanes-kill,corridor-hold,15,Defeat,8,0,8,64,14,0,2,50,-1,,0,6,1,1874113097
gym-lanes-kill,corridor-hold,16,Victory,13,0,13,104,17,80,0,23,-1,,0,12,0,720223319
gym-lanes-kill,corridor-hold,17,Victory,16,0,16,128,27,140,0,18,-1,,0,12,0,3790666188
gym-lanes-kill,corridor-hold,18,Victory,11,0,11,88,9,125,2,54,-1,,0,12,0,1648241131
gym-lanes-kill,corridor-hold,19,Defeat,13,0,13,104,15,0,1,53,-1,,0,15,0,2041758040
gym-lanes-kill,corridor-hold,20,Victory,12,0,12,96,16,155,0,25,-1,,0,9,0,1284026078
gym-lanes-kill,corridor-hold,21,Victory,12,0,12,96,13,5,0,41,-1,,0,9,0,2502601648
gym-lanes-kill,corridor-hold,22,Defeat,6,0,6,48,8,0,3,83,-1,,0,6,1,165957901
gym-lanes-kill,corridor-hold,23,Victory,16,0,16,128,24,165,1,31,-1,,0,22,0,2714886047
gym-lanes-kill,corridor-hold,24,Victory,9,0,9,72,7,230,1,33,-1,,0,5,0,251743065
gym-lanes-kill,corridor-hold,25,Victory,19,0,19,152,25,160,0,26,3,1:3,0,18,0,3017237143
gym-lanes-kill,corridor-hold,26,Victory,13,0,13,104,14,150,1,38,-1,,0,14,0,1170826695
gym-lanes-kill,corridor-hold,27,Victory,8,0,8,64,2,155,1,62,-1,,0,4,0,2021246856
gym-lanes-kill,corridor-hold,28,Victory,7,0,7,56,3,75,1,85,-1,,0,4,0,462513317
gym-lanes-kill,corridor-hold,29,Victory,13,0,13,104,18,130,0,23,-1,,0,11,0,1343296321
gym-lanes-kill,corridor-hold,30,Victory,8,0,8,64,15,230,2,25,-1,,0,7,1,3138879005
gym-lanes-kill,corridor-hold,31,Defeat,14,0,14,112,16,0,1,42,-1,,0,13,0,2245853245
gym-lanes-kill,corridor-hold,32,Defeat,12,0,12,96,12,0,3,66,-1,,0,18,1,4165368967
gym-lanes-kill,corridor-hold,33,Victory,6,0,6,48,8,275,3,66,11,1:11,0,6,1,566251826
gym-lanes-kill,corridor-hold,34,Victory,6,0,6,48,8,250,3,66,11,1:11,0,6,1,1553497951
gym-lanes-kill,corridor-hold,35,Victory,13,0,13,104,17,110,1,38,-1,,0,15,0,88909709
gym-lanes-kill,corridor-hold,36,Defeat,7,0,7,56,9,0,2,57,-1,,0,5,1,3605243021
gym-lanes-kill,corridor-hold,37,Victory,13,0,13,104,14,235,0,23,-1,,0,12,0,3622312956
gym-lanes-kill,corridor-hold,38,Victory,15,0,15,120,21,170,1,40,-1,,0,18,0,1852428469
gym-lanes-kill,corridor-hold,39,Victory,14,0,14,112,15,80,1,28,-1,,0,22,0,1761965733
gym-lanes-kill,corridor-hold,40,Victory,12,0,12,96,21,210,1,16,-1,,0,11,0,3668039044
gym-lanes-kill,corridor-hold,41,Defeat,8,0,8,64,10,0,2,62,-1,,0,6,0,378355366
gym-lanes-kill,corridor-hold,42,Victory,16,0,16,128,19,160,0,37,-1,,0,20,0,396439741
gym-lanes-kill,corridor-hold,43,Victory,11,0,11,88,9,155,0,27,-1,,0,10,0,915611621
gym-lanes-kill,corridor-hold,44,Victory,13,0,13,104,12,60,0,30,-1,,0,14,0,1546399005
gym-lanes-kill,corridor-hold,45,Victory,14,0,14,112,15,25,0,28,-1,,0,20,0,714113701
gym-lanes-kill,corridor-hold,46,Victory,25,0,25,200,32,190,0,12,11,1:11,0,21,0,3621891635
gym-lanes-kill,corridor-hold,47,Victory,24,0,24,192,43,160,0,12,12,1:12,0,19,0,2680660059
gym-lanes-kill,corridor-hold,48,Victory,10,0,10,80,10,185,0,30,-1,,0,5,0,1233598403
gym-lanes-kill,corridor-hold,49,Victory,13,0,13,104,12,90,0,30,-1,,0,14,0,2394780714
gym-lanes-kill,corridor-hold,50,Victory,13,0,13,104,17,200,1,23,20,1:20,0,13,0,3328777905
gym-lanes-kill,corridor-hold,51,Victory,13,0,13,104,16,130,0,23,3,1:3,0,7,0,3813329199
gym-lanes-kill,corridor-hold,52,Victory,12,0,12,96,9,125,0,25,-1,,0,11,0,1249461455
gym-lanes-kill,corridor-hold,53,Victory,16,0,16,128,19,80,0,25,-1,,0,19,0,880967713
gym-lanes-kill,corridor-hold,54,Defeat,6,0,6,48,10,0,4,100,-1,,0,5,2,2890161972
gym-lanes-kill,corridor-hold,55,Victory,15,0,15,120,22,135,0,26,-1,,0,18,0,726640890
gym-lanes-kill,corridor-hold,56,Victory,19,0,19,152,23,200,1,15,20,1:20,0,34,0,2717204026
gym-lanes-kill,corridor-hold,57,Defeat,12,0,12,96,13,0,1,41,-1,,0,15,0,1051893256
gym-lanes-kill,corridor-hold,58,Victory,7,0,7,56,5,125,2,57,-1,,0,5,1,285674228
gym-lanes-kill,corridor-hold,59,Victory,19,0,19,152,21,205,0,21,12,1:12,0,14,0,2600254937
gym-lanes-kill,corridor-hold,60,Victory,11,0,11,88,11,235,1,27,-1,,0,9,0,510415807
gym-lanes-kill,corridor-hold,61,Victory,9,0,9,72,11,135,1,55,-1,,0,6,0,3211816938
gym-lanes-kill,corridor-hold,62,Victory,26,0,26,208,37,100,0,15,20,1:20,0,42,0,1651232194
gym-lanes-kill,corridor-hold,63,Victory,18,0,18,144,22,175,0,33,3,1:3,0,18,0,704060624
gym-lanes-kill,corridor-hold,64,Victory,22,0,22,176,39,30,0,18,3,1:3,0,17,0,907840715
gym-lanes-kill,corridor-hold,65,Victory,13,0,13,104,11,135,2,30,3,1:3,0,23,0,1089574027
gym-lanes-kill,corridor-hold,66,Victory,13,0,13,104,20,125,1,38,-1,,0,20,0,1505925248
gym-lanes-kill,corridor-hold,67,Victory,7,0,7,56,9,250,3,42,11,1:11,0,9,1,2124049010
gym-lanes-kill,corridor-hold,68,Defeat,11,0,11,88,6,0,3,45,20,1:20,0,14,0,2450923051
gym-lanes-kill,corridor-hold,69,Victory,15,0,15,120,14,175,0,26,-1,,0,14,0,874150464
gym-lanes-kill,corridor-hold,70,Victory,13,0,13,104,17,100,0,23,-1,,0,12,0,1947015521
gym-lanes-kill,corridor-hold,71,Victory,24,0,24,192,38,120,0,20,11,1:11,0,23,0,600945864
gym-lanes-kill,corridor-hold,72,Victory,21,0,21,168,28,185,0,23,3,1:3,0,17,0,2546551487
gym-lanes-kill,corridor-hold,73,Victory,14,0,14,112,14,170,0,28,-1,,0,10,0,1381170863
gym-lanes-kill,corridor-hold,74,Victory,11,0,11,88,5,200,2,36,-1,,0,15,0,4038340821
gym-lanes-kill,corridor-hold,75,Defeat,7,0,7,56,14,0,2,57,-1,,0,6,0,152287486
gym-lanes-kill,corridor-hold,76,Victory,9,0,9,72,15,25,1,55,-1,,0,7,0,2930775321
gym-lanes-kill,corridor-hold,77,Victory,14,0,14,112,15,200,0,21,-1,,0,10,0,1981600335
gym-lanes-kill,corridor-hold,78,Victory,21,0,21,168,32,195,0,23,12,1:12,0,16,0,678974881
gym-lanes-kill,corridor-hold,79,Victory,10,0,10,80,11,155,1,50,-1,,0,7,0,1309323104
gym-lanes-kill,corridor-hold,80,Victory,23,0,23,184,35,215,0,17,12,1:12,0,23,0,639421951
gym-lanes-kill,corridor-hold,81,Victory,12,0,12,96,20,150,1,58,-1,,0,11,0,3017429041
gym-lanes-kill,corridor-hold,82,Victory,15,0,15,120,22,185,0,26,12,1:12,0,11,0,1506099335
gym-lanes-kill,corridor-hold,83,Defeat,9,0,9,72,7,0,2,55,-1,,0,8,0,4250707994
gym-lanes-kill,corridor-hold,84,Victory,10,0,10,80,5,150,0,40,-1,,0,8,0,4234953353
gym-lanes-kill,corridor-hold,85,Defeat,15,0,15,120,23,0,2,40,11,1:11,0,27,0,4082930635
gym-lanes-kill,corridor-hold,86,Victory,13,0,13,104,10,150,0,30,3,1:3,0,9,0,3918882185
gym-lanes-kill,corridor-hold,87,Victory,12,0,12,96,9,20,0,41,-1,,0,12,0,850075288
gym-lanes-kill,corridor-hold,88,Defeat,13,0,13,104,17,0,1,30,-1,,0,12,0,2157369197
gym-lanes-kill,corridor-hold,89,Victory,13,0,13,104,16,110,0,23,-1,,0,12,0,4047557464
gym-lanes-kill,corridor-hold,90,Defeat,6,0,6,48,6,0,3,66,-1,,0,6,2,2386160715
gym-lanes-kill,corridor-hold,91,Victory,14,0,14,112,12,200,0,21,-1,,0,12,0,704647497
gym-lanes-kill,corridor-hold,92,Victory,15,0,15,120,18,200,0,20,-1,,0,11,0,1074214235
gym-lanes-kill,corridor-hold,93,Victory,12,0,12,96,12,165,1,41,-1,,0,11,0,2812405147
gym-lanes-kill,corridor-hold,94,Defeat,12,0,12,96,12,0,1,33,-1,,0,19,0,1851588458
gym-lanes-kill,corridor-hold,95,Victory,14,0,14,112,14,165,1,35,-1,,0,18,0,629333147
gym-lanes-kill,corridor-hold,96,Victory,10,0,10,80,9,150,0,30,-1,,0,6,0,1824621486
gym-lanes-kill,corridor-hold,97,Victory,12,0,12,96,16,140,0,25,-1,,0,7,0,4238478119
gym-lanes-kill,corridor-hold,98,Victory,14,0,14,112,18,30,0,28,-1,,0,13,0,1981457661
gym-lanes-kill,corridor-hold,99,Victory,16,0,16,128,21,80,0,37,-1,,0,14,0,3046818932
gym-lanes-kill,corridor-hold,100,Victory,16,0,16,128,12,50,0,31,-1,,0,21,0,3959559473
gym-lanes-kill,corridor-hold,101,Victory,12,0,12,96,18,205,2,33,-1,,0,19,0,556939067
gym-lanes-kill,corridor-hold,102,Victory,13,0,13,104,22,100,0,23,-1,,0,12,0,1947015521
gym-lanes-kill,corridor-hold,103,Victory,13,0,13,104,20,20,0,38,-1,,0,15,0,116859200
gym-lanes-kill,corridor-hold,104,Victory,10,0,10,80,10,25,0,50,-1,,0,6,0,1730830649
gym-lanes-kill,corridor-hold,105,Defeat,9,0,9,72,6,0,1,66,-1,,0,9,0,1132355496
gym-lanes-kill,corridor-hold,106,Defeat,7,0,7,56,4,0,2,100,11,1:11,0,7,0,263349971
gym-lanes-kill,corridor-hold,107,Victory,10,0,10,80,8,105,0,40,-1,,0,5,0,3159028069
gym-lanes-kill,corridor-hold,108,Victory,21,0,21,168,22,220,1,33,20,1:20,0,34,0,2327365177
gym-lanes-kill,corridor-hold,109,Victory,11,0,11,88,16,205,0,27,-1,,0,7,0,1250164884
gym-lanes-kill,corridor-hold,110,Defeat,10,0,10,80,7,0,2,50,-1,,0,10,0,3458558479
gym-lanes-kill,corridor-hold,111,Victory,14,0,14,112,11,5,0,42,-1,,0,15,0,3808231898
gym-lanes-kill,corridor-hold,112,Victory,20,0,20,160,30,170,0,20,12,1:12,0,16,0,3002871898
gym-lanes-kill,corridor-hold,113,Defeat,10,0,10,80,13,0,1,50,-1,,0,9,0,3101341825
gym-lanes-kill,corridor-hold,114,Defeat,10,0,10,80,10,0,2,40,-1,,0,9,0,2645421616
gym-lanes-kill,corridor-hold,115,Victory,10,0,10,80,23,185,2,50,-1,,0,12,0,2584526555
gym-lanes-kill,corridor-hold,116,Victory,11,0,11,88,10,55,0,36,-1,,0,14,0,993234735
gym-lanes-kill,corridor-hold,117,Defeat,11,0,11,88,15,0,2,54,-1,,0,15,0,1023666638
gym-lanes-kill,corridor-hold,118,Defeat,6,0,6,48,4,0,2,66,-1,,0,6,0,514652836
gym-lanes-kill,corridor-hold,119,Victory,12,0,12,96,11,250,2,33,20,1:20,0,18,0,67878918
gym-lanes-kill,corridor-hold,120,Victory,19,0,19,152,22,235,1,26,12,1:12,0,29,0,856083105
gym-lanes-kill,corridor-hold,121,Victory,15,0,15,120,17,95,0,33,20,1:20,0,11,0,3495523580
gym-lanes-kill,corridor-hold,122,Victory,10,0,10,80,7,185,1,40,-1,,0,10,0,610674764
gym-lanes-kill,corridor-hold,123,Victory,10,0,10,80,12,60,1,50,3,1:3,0,11,0,1226676075
gym-lanes-kill,corridor-hold,124,Victory,12,0,12,96,9,60,0,33,-1,,0,11,0,1305032076
gym-lanes-kill,corridor-hold,125,Victory,18,0,18,144,28,175,0,11,3,1:3,0,14,0,2576947322
gym-lanes-kill,corridor-hold,126,Victory,11,0,11,88,13,90,1,45,-1,,0,13,0,1591081768
gym-lanes-kill,corridor-hold,127,Victory,7,0,7,56,14,200,3,42,11,1:11,0,9,1,2684890470
gym-lanes-kill,corridor-hold,128,Defeat,22,0,22,176,29,0,2,27,20,1:20,0,60,0,2722636247
gym-lanes-kill,corridor-hold,129,Defeat,6,0,6,48,12,0,3,83,-1,,0,5,1,1908330844
gym-lanes-kill,corridor-hold,130,Defeat,11,0,11,88,10,0,2,54,-1,,0,13,0,2606870576
gym-lanes-kill,corridor-hold,131,Victory,13,0,13,104,22,100,0,23,-1,,0,12,0,1947015521
gym-lanes-kill,corridor-hold,132,Defeat,6,0,6,48,11,0,3,66,-1,,0,3,1,2735122702
gym-lanes-kill,corridor-hold,133,Defeat,12,0,12,96,14,0,1,50,-1,,0,13,0,2455511079
gym-lanes-kill,corridor-hold,134,Victory,8,0,8,64,9,150,1,25,-1,,0,3,1,2888658506
gym-lanes-kill,corridor-hold,135,Victory,11,0,11,88,10,235,1,36,-1,,0,10,0,2702576041
gym-lanes-kill,corridor-hold,136,Victory,18,0,18,144,25,195,0,27,12,1:12,0,15,0,1423053719
gym-lanes-kill,corridor-hold,137,Victory,13,0,13,104,11,115,0,38,3,1:3,0,8,0,3849449557
gym-lanes-kill,corridor-hold,138,Defeat,5,0,5,40,10,0,3,80,-1,,0,4,2,2374235251
gym-lanes-kill,corridor-hold,139,Victory,13,0,13,104,16,230,1,23,20,1:20,0,13,0,2188787807
gym-lanes-kill,corridor-hold,140,Defeat,12,0,12,96,8,0,2,50,-1,,0,13,0,1870029590
gym-lanes-kill,corridor-hold,141,Defeat,9,0,9,72,14,0,2,55,-1,,0,8,0,1285111537
gym-lanes-kill,corridor-hold,142,Victory,10,0,10,80,8,115,1,50,3,1:3,0,11,0,3864112995
gym-lanes-kill,corridor-hold,143,Defeat,12,0,12,96,19,0,2,41,-1,,0,18,0,3968880521
gym-lanes-kill,corridor-hold,144,Victory,18,0,18,144,29,185,0,16,12,1:12,0,16,0,3153222568
gym-lanes-kill,corridor-hold,145,Victory,26,0,26,208,35,215,0,19,20,1:20,0,26,0,1966577688
gym-lanes-kill,corridor-hold,146,Defeat,11,0,11,88,11,0,1,45,-1,,0,17,0,1923833837
gym-lanes-kill,corridor-hold,147,Victory,12,0,12,96,14,300,2,0,3,1:3,0,20,0,816550819
gym-lanes-kill,corridor-hold,148,Victory,10,0,10,80,10,230,2,50,-1,,0,11,0,980361181
gym-lanes-kill,corridor-hold,149,Victory,13,0,13,104,23,130,0,23,-1,,0,12,0,1313636711
gym-lanes-kill,corridor-hold,150,Victory,11,0,11,88,12,185,0,36,-1,,0,8,0,3485432516
gym-lanes-kill,corridor-hold,151,Victory,11,0,11,88,8,150,1,36,20,1:20,0,10,0,2051915715
gym-lanes-kill,corridor-hold,152,Victory,9,0,9,72,2,150,0,44,-1,,0,4,0,1888276650
gym-lanes-kill,corridor-hold,153,Victory,22,0,22,176,38,160,1,45,12,1:12,0,48,0,2633938739
gym-lanes-kill,corridor-hold,154,Defeat,12,0,12,96,20,0,1,41,-1,,0,13,0,2631172167
gym-lanes-kill,corridor-hold,155,Victory,12,0,12,96,15,25,0,41,-1,,0,13,0,1718187618
gym-lanes-kill,corridor-hold,156,Victory,16,0,16,128,21,145,1,37,20,1:20,0,28,0,2522993991
gym-lanes-kill,corridor-hold,157,Victory,11,0,11,88,13,140,1,45,-1,,0,12,0,3844944860
gym-lanes-kill,corridor-hold,158,Defeat,12,0,12,96,17,0,1,33,-1,,0,18,0,1142965359
gym-lanes-kill,corridor-hold,159,Defeat,17,0,17,136,20,0,2,47,20,1:20,0,19,0,942149526
gym-lanes-kill,corridor-hold,160,Defeat,7,0,7,56,9,0,1,57,-1,,0,5,1,1060170065
gym-lanes-kill,corridor-hold,161,Victory,7,0,7,56,12,200,3,42,11,1:11,0,9,1,2776397136
gym-lanes-kill,corridor-hold,162,Victory,13,0,13,104,17,80,0,23,-1,,0,13,0,1787695907
gym-lanes-kill,corridor-hold,163,Victory,24,0,24,192,30,155,0,12,12,1:12,0,20,0,454550858
gym-lanes-kill,corridor-hold,164,Victory,12,0,12,96,12,25,0,33,-1,,0,16,0,3892195168
gym-lanes-kill,corridor-hold,165,Victory,12,0,12,96,13,130,0,25,3,1:3,0,8,0,1229437858
gym-lanes-kill,corridor-hold,166,Victory,22,0,22,176,38,220,0,27,12,1:12,0,19,0,684883714
gym-lanes-kill,corridor-hold,167,Victory,19,0,19,152,27,160,0,15,12,1:12,0,15,0,4015674597
gym-lanes-kill,corridor-hold,168,Defeat,13,0,13,104,18,0,1,38,-1,,0,12,0,712977402
gym-lanes-kill,corridor-hold,169,Defeat,15,0,15,120,35,0,1,40,-1,,0,18,0,1942184977
gym-lanes-kill,corridor-hold,170,Victory,14,0,14,112,17,160,0,21,-1,,0,14,0,3571203771
gym-lanes-kill,corridor-hold,171,Victory,15,0,15,120,15,165,1,33,-1,,0,19,0,654473024
gym-lanes-kill,corridor-hold,172,Victory,12,0,12,96,7,285,0,16,3,1:3,0,8,0,599888874
gym-lanes-kill,corridor-hold,173,Defeat,12,0,12,96,16,0,1,33,-1,,0,19,0,2903856189
gym-lanes-kill,corridor-hold,174,Victory,20,0,20,160,19,80,0,15,20,1:20,0,19,0,727469771
gym-lanes-kill,corridor-hold,175,Defeat,11,0,11,88,10,0,1,45,-1,,0,13,0,2580489249
gym-lanes-kill,corridor-hold,176,Defeat,5,0,5,40,5,0,4,80,-1,,0,4,2,997105718
gym-lanes-kill,corridor-hold,177,Victory,11,0,11,88,8,225,0,18,-1,,0,12,0,1468446843
gym-lanes-kill,corridor-hold,178,Victory,12,0,12,96,9,25,0,33,-1,,0,15,0,1999082644
gym-lanes-kill,corridor-hold,179,Victory,13,0,13,104,14,180,0,23,-1,,0,8,0,93190540
gym-lanes-kill,corridor-hold,180,Victory,12,0,12,96,24,140,0,33,-1,,0,8,0,1481250549
gym-lanes-kill,corridor-hold,181,Victory,18,0,18,144,28,190,0,16,-1,,0,14,0,1981841471
gym-lanes-kill,corridor-hold,182,Defeat,11,0,11,88,28,0,2,45,-1,,0,11,0,3639761411
gym-lanes-kill,corridor-hold,183,Victory,12,0,12,96,8,10,0,58,-1,,0,16,0,4013150406
gym-lanes-kill,corridor-hold,184,Defeat,12,0,12,96,6,0,1,66,-1,,0,13,0,1061993829
gym-lanes-kill,corridor-hold,185,Defeat,6,0,6,48,12,0,2,66,-1,,0,5,1,4274529531
gym-lanes-kill,corridor-hold,186,Victory,12,0,12,96,6,205,0,33,3,1:3,0,6,0,3738820850
gym-lanes-kill,corridor-hold,187,Defeat,13,0,13,104,21,0,1,38,-1,,0,13,0,4170057458
gym-lanes-kill,corridor-hold,188,Defeat,12,0,12,96,7,0,2,33,20,1:20,0,15,0,306578297
gym-lanes-kill,corridor-hold,189,Victory,13,0,13,104,14,25,1,53,-1,,0,19,0,3381045843
gym-lanes-kill,corridor-hold,190,Defeat,5,0,5,40,12,0,4,80,-1,,0,4,2,1729435049
gym-lanes-kill,corridor-hold,191,Victory,16,0,16,128,28,200,0,31,3,1:3,0,12,0,2797827741
gym-lanes-kill,corridor-hold,192,Victory,21,0,21,168,24,160,0,28,12,1:12,0,22,0,1436477712
gym-lanes-kill,corridor-hold,193,Victory,12,0,12,96,13,125,0,25,-1,,0,10,0,4280822232
gym-lanes-kill,corridor-hold,194,Defeat,13,0,13,104,16,0,2,46,-1,,0,15,0,257088529
gym-lanes-kill,corridor-hold,195,Victory,13,0,13,104,13,140,0,38,-1,,0,9,0,2238263137
gym-lanes-kill,corridor-hold,196,Victory,11,0,11,88,16,155,0,27,-1,,0,6,0,2903799072
gym-lanes-kill,corridor-hold,197,Victory,19,0,19,152,32,210,0,10,12,1:12,0,14,0,3724909627
gym-lanes-kill,corridor-hold,198,Defeat,11,0,11,88,8,0,1,45,-1,,0,12,0,4265662597
gym-lanes-kill,corridor-hold,199,Victory,11,0,11,88,5,175,0,27,-1,,0,6,0,1303368793
gym-lanes-kill,corridor-hold,200,Victory,12,0,12,96,20,195,1,41,-1,,0,13,0,2282006341
gym-lanes-kill,tpa-order,1,Victory,12,0,12,96,12,205,1,33,3,1:3,0,14,0,3444498313
gym-lanes-kill,tpa-order,2,Victory,23,0,23,184,24,135,0,26,20,1:20,0,34,0,966225825
gym-lanes-kill,tpa-order,3,Victory,11,0,11,88,7,75,0,36,-1,,0,13,0,3828774048
gym-lanes-kill,tpa-order,4,Victory,10,0,10,80,7,135,0,40,-1,,0,7,0,1814377223
gym-lanes-kill,tpa-order,5,Victory,20,0,20,160,34,215,0,20,12,1:12,0,23,0,2956867884
gym-lanes-kill,tpa-order,6,Victory,16,0,16,128,23,105,0,25,-1,,0,18,0,3683967604
gym-lanes-kill,tpa-order,7,Defeat,10,0,10,80,13,0,2,50,-1,,0,10,1,1981132540
gym-lanes-kill,tpa-order,8,Defeat,12,0,12,96,9,0,1,58,-1,,0,11,0,560330769
gym-lanes-kill,tpa-order,9,Victory,10,0,10,80,6,5,1,50,-1,,0,11,0,3951434366
gym-lanes-kill,tpa-order,10,Victory,24,0,24,192,28,185,0,20,12,1:12,0,18,0,1810091577
gym-lanes-kill,tpa-order,11,Victory,10,0,10,80,12,150,1,30,-1,,0,7,0,3965027291
gym-lanes-kill,tpa-order,12,Victory,13,0,13,104,15,230,0,23,-1,,0,8,0,1820262682
gym-lanes-kill,tpa-order,13,Defeat,10,0,10,80,14,0,2,40,-1,,0,10,0,1337744429
gym-lanes-kill,tpa-order,14,Victory,17,0,17,136,27,160,0,35,-1,,0,26,0,1728332786
gym-lanes-kill,tpa-order,15,Defeat,8,0,8,64,14,0,2,50,-1,,0,6,1,1874113097
gym-lanes-kill,tpa-order,16,Victory,13,0,13,104,17,80,0,23,-1,,0,12,0,720223319
gym-lanes-kill,tpa-order,17,Victory,16,0,16,128,27,140,0,18,-1,,0,12,0,3790666188
gym-lanes-kill,tpa-order,18,Victory,11,0,11,88,9,125,2,54,-1,,0,12,0,1648241131
gym-lanes-kill,tpa-order,19,Defeat,13,0,13,104,15,0,1,53,-1,,0,15,0,2041758040
gym-lanes-kill,tpa-order,20,Victory,12,0,12,96,16,155,0,25,-1,,0,9,0,1284026078
gym-lanes-kill,tpa-order,21,Victory,12,0,12,96,13,5,0,41,-1,,0,9,0,2502601648
gym-lanes-kill,tpa-order,22,Defeat,6,0,6,48,8,0,3,83,-1,,0,6,1,165957901
gym-lanes-kill,tpa-order,23,Victory,16,0,16,128,24,165,1,31,-1,,0,22,0,2714886047
gym-lanes-kill,tpa-order,24,Victory,9,0,9,72,7,230,1,33,-1,,0,5,0,251743065
gym-lanes-kill,tpa-order,25,Victory,19,0,19,152,25,160,0,26,3,1:3,0,18,0,3017237143
gym-lanes-kill,tpa-order,26,Victory,13,0,13,104,14,150,1,38,-1,,0,14,0,1170826695
gym-lanes-kill,tpa-order,27,Victory,8,0,8,64,2,155,1,62,-1,,0,4,0,2021246856
gym-lanes-kill,tpa-order,28,Defeat,6,0,6,48,3,0,2,83,11,1:11,0,2,0,2018524171
gym-lanes-kill,tpa-order,29,Victory,13,0,13,104,18,130,0,23,-1,,0,11,0,1343296321
gym-lanes-kill,tpa-order,30,Victory,8,0,8,64,15,230,2,25,-1,,0,7,1,3138879005
gym-lanes-kill,tpa-order,31,Defeat,14,0,14,112,16,0,1,42,-1,,0,13,0,2245853245
gym-lanes-kill,tpa-order,32,Defeat,12,0,12,96,12,0,3,66,-1,,0,18,1,4165368967
gym-lanes-kill,tpa-order,33,Victory,6,0,6,48,8,275,3,66,11,1:11,0,6,1,566251826
gym-lanes-kill,tpa-order,34,Victory,6,0,6,48,8,250,3,66,11,1:11,0,6,1,1553497951
gym-lanes-kill,tpa-order,35,Victory,13,0,13,104,17,110,1,38,-1,,0,15,0,88909709
gym-lanes-kill,tpa-order,36,Defeat,7,0,7,56,9,0,2,57,-1,,0,5,1,3605243021
gym-lanes-kill,tpa-order,37,Victory,13,0,13,104,14,235,0,23,-1,,0,12,0,3622312956
gym-lanes-kill,tpa-order,38,Victory,15,0,15,120,21,170,1,40,-1,,0,18,0,1852428469
gym-lanes-kill,tpa-order,39,Victory,15,0,15,120,15,10,0,26,-1,,0,23,0,1983030754
gym-lanes-kill,tpa-order,40,Victory,12,0,12,96,21,210,1,16,-1,,0,11,0,3668039044
gym-lanes-kill,tpa-order,41,Defeat,8,0,8,64,10,0,2,62,-1,,0,6,0,3088982635
gym-lanes-kill,tpa-order,42,Victory,16,0,16,128,19,160,0,37,-1,,0,20,0,396439741
gym-lanes-kill,tpa-order,43,Victory,11,0,11,88,9,155,0,27,-1,,0,10,0,915611621
gym-lanes-kill,tpa-order,44,Victory,13,0,13,104,12,60,0,30,-1,,0,14,0,1546399005
gym-lanes-kill,tpa-order,45,Victory,14,0,14,112,15,25,0,28,-1,,0,20,0,714113701
gym-lanes-kill,tpa-order,46,Victory,25,0,25,200,32,190,0,12,11,1:11,0,21,0,3621891635
gym-lanes-kill,tpa-order,47,Victory,24,0,24,192,43,160,0,12,12,1:12,0,19,0,2680660059
gym-lanes-kill,tpa-order,48,Victory,10,0,10,80,10,185,0,30,-1,,0,5,0,1233598403
gym-lanes-kill,tpa-order,49,Victory,13,0,13,104,12,90,0,30,-1,,0,14,0,2394780714
gym-lanes-kill,tpa-order,50,Victory,13,0,13,104,17,200,1,23,20,1:20,0,13,0,3328777905
gym-lanes-kill,tpa-order,51,Victory,13,0,13,104,16,130,0,23,3,1:3,0,7,0,3813329199
gym-lanes-kill,tpa-order,52,Victory,12,0,12,96,9,125,0,25,-1,,0,11,0,1249461455
gym-lanes-kill,tpa-order,53,Victory,16,0,16,128,19,80,0,25,-1,,0,19,0,880967713
gym-lanes-kill,tpa-order,54,Defeat,6,0,6,48,10,0,4,100,-1,,0,5,2,2890161972
gym-lanes-kill,tpa-order,55,Victory,15,0,15,120,22,135,0,26,-1,,0,18,0,726640890
gym-lanes-kill,tpa-order,56,Victory,19,0,19,152,23,200,1,15,20,1:20,0,34,0,2717204026
gym-lanes-kill,tpa-order,57,Defeat,12,0,12,96,13,0,1,41,-1,,0,15,0,1051893256
gym-lanes-kill,tpa-order,58,Victory,7,0,7,56,5,125,2,57,-1,,0,5,1,285674228
gym-lanes-kill,tpa-order,59,Victory,19,0,19,152,21,205,0,21,12,1:12,0,14,0,2600254937
gym-lanes-kill,tpa-order,60,Victory,11,0,11,88,11,235,1,27,-1,,0,9,0,510415807
gym-lanes-kill,tpa-order,61,Victory,9,0,9,72,11,135,1,55,-1,,0,6,0,3211816938
gym-lanes-kill,tpa-order,62,Victory,26,0,26,208,37,100,0,15,20,1:20,0,42,0,1651232194
gym-lanes-kill,tpa-order,63,Victory,18,0,18,144,22,175,0,33,3,1:3,0,18,0,704060624
gym-lanes-kill,tpa-order,64,Victory,22,0,22,176,39,30,0,18,3,1:3,0,17,0,907840715
gym-lanes-kill,tpa-order,65,Victory,13,0,13,104,11,135,2,30,3,1:3,0,23,0,1089574027
gym-lanes-kill,tpa-order,66,Victory,13,0,13,104,20,125,1,38,-1,,0,20,0,1505925248
gym-lanes-kill,tpa-order,67,Victory,7,0,7,56,9,250,3,42,11,1:11,0,9,1,2124049010
gym-lanes-kill,tpa-order,68,Defeat,11,0,11,88,6,0,3,45,20,1:20,0,14,0,2450923051
gym-lanes-kill,tpa-order,69,Victory,15,0,15,120,14,175,0,26,-1,,0,14,0,874150464
gym-lanes-kill,tpa-order,70,Victory,13,0,13,104,17,100,0,23,-1,,0,12,0,1947015521
gym-lanes-kill,tpa-order,71,Victory,24,0,24,192,38,120,0,20,11,1:11,0,23,0,600945864
gym-lanes-kill,tpa-order,72,Victory,21,0,21,168,28,185,0,23,3,1:3,0,17,0,2546551487
gym-lanes-kill,tpa-order,73,Victory,14,0,14,112,14,170,0,28,-1,,0,10,0,1381170863
gym-lanes-kill,tpa-order,74,Victory,11,0,11,88,5,200,2,36,-1,,0,15,0,4038340821
gym-lanes-kill,tpa-order,75,Defeat,7,0,7,56,14,0,2,57,-1,,0,6,0,152287486
gym-lanes-kill,tpa-order,76,Victory,9,0,9,72,15,25,1,55,-1,,0,7,0,2930775321
gym-lanes-kill,tpa-order,77,Victory,14,0,14,112,15,200,0,21,-1,,0,10,0,1981600335
gym-lanes-kill,tpa-order,78,Victory,21,0,21,168,32,195,0,23,12,1:12,0,16,0,678974881
gym-lanes-kill,tpa-order,79,Victory,10,0,10,80,11,155,1,50,-1,,0,7,0,1309323104
gym-lanes-kill,tpa-order,80,Victory,23,0,23,184,35,215,0,17,12,1:12,0,23,0,639421951
gym-lanes-kill,tpa-order,81,Victory,12,0,12,96,20,150,1,58,-1,,0,11,0,3017429041
gym-lanes-kill,tpa-order,82,Victory,15,0,15,120,22,185,0,26,12,1:12,0,11,0,1506099335
gym-lanes-kill,tpa-order,83,Defeat,9,0,9,72,7,0,2,55,-1,,0,8,0,4250707994
gym-lanes-kill,tpa-order,84,Victory,10,0,10,80,5,150,0,40,-1,,0,8,0,4234953353
gym-lanes-kill,tpa-order,85,Defeat,15,0,15,120,23,0,2,40,11,1:11,0,27,0,4082930635
gym-lanes-kill,tpa-order,86,Victory,13,0,13,104,10,150,0,30,3,1:3,0,9,0,3918882185
gym-lanes-kill,tpa-order,87,Victory,12,0,12,96,9,20,0,41,-1,,0,11,0,302546218
gym-lanes-kill,tpa-order,88,Defeat,13,0,13,104,17,0,1,30,-1,,0,12,0,2157369197
gym-lanes-kill,tpa-order,89,Victory,13,0,13,104,16,110,0,23,-1,,0,12,0,4047557464
gym-lanes-kill,tpa-order,90,Defeat,6,0,6,48,6,0,3,66,-1,,0,6,2,2386160715
gym-lanes-kill,tpa-order,91,Victory,14,0,14,112,12,200,0,21,-1,,0,12,0,704647497
gym-lanes-kill,tpa-order,92,Victory,15,0,15,120,18,200,0,20,-1,,0,11,0,1074214235
gym-lanes-kill,tpa-order,93,Victory,12,0,12,96,12,165,1,41,-1,,0,11,0,2812405147
gym-lanes-kill,tpa-order,94,Defeat,12,0,12,96,12,0,1,33,-1,,0,19,0,1851588458
gym-lanes-kill,tpa-order,95,Victory,14,0,14,112,14,165,1,35,-1,,0,18,0,629333147
gym-lanes-kill,tpa-order,96,Victory,10,0,10,80,9,150,0,30,-1,,0,6,0,1824621486
gym-lanes-kill,tpa-order,97,Victory,12,0,12,96,16,140,0,25,-1,,0,7,0,4238478119
gym-lanes-kill,tpa-order,98,Victory,14,0,14,112,18,30,0,28,-1,,0,13,0,1981457661
gym-lanes-kill,tpa-order,99,Victory,16,0,16,128,21,80,0,37,-1,,0,14,0,3046818932
gym-lanes-kill,tpa-order,100,Victory,16,0,16,128,12,50,0,31,-1,,0,21,0,3959559473
gym-lanes-kill,tpa-order,101,Victory,12,0,12,96,18,205,2,33,-1,,0,19,0,556939067
gym-lanes-kill,tpa-order,102,Victory,13,0,13,104,22,100,0,23,-1,,0,12,0,1947015521
gym-lanes-kill,tpa-order,103,Victory,13,0,13,104,20,20,0,38,-1,,0,15,0,116859200
gym-lanes-kill,tpa-order,104,Victory,10,0,10,80,10,25,0,50,-1,,0,6,0,1730830649
gym-lanes-kill,tpa-order,105,Defeat,9,0,9,72,6,0,1,66,-1,,0,9,0,1132355496
gym-lanes-kill,tpa-order,106,Defeat,7,0,7,56,4,0,2,100,11,1:11,0,7,0,263349971
gym-lanes-kill,tpa-order,107,Victory,10,0,10,80,8,105,0,40,-1,,0,5,0,3159028069
gym-lanes-kill,tpa-order,108,Victory,21,0,21,168,22,220,1,33,20,1:20,0,34,0,2327365177
gym-lanes-kill,tpa-order,109,Victory,11,0,11,88,16,205,0,27,-1,,0,7,0,1250164884
gym-lanes-kill,tpa-order,110,Defeat,10,0,10,80,7,0,2,50,-1,,0,10,0,3458558479
gym-lanes-kill,tpa-order,111,Victory,14,0,14,112,11,5,0,42,-1,,0,15,0,3808231898
gym-lanes-kill,tpa-order,112,Victory,20,0,20,160,30,170,0,20,12,1:12,0,16,0,3002871898
gym-lanes-kill,tpa-order,113,Defeat,10,0,10,80,13,0,1,50,-1,,0,9,0,3101341825
gym-lanes-kill,tpa-order,114,Defeat,10,0,10,80,10,0,2,40,-1,,0,9,0,2645421616
gym-lanes-kill,tpa-order,115,Victory,10,0,10,80,23,185,2,50,-1,,0,12,0,2584526555
gym-lanes-kill,tpa-order,116,Victory,11,0,11,88,10,55,0,36,-1,,0,14,0,993234735
gym-lanes-kill,tpa-order,117,Defeat,11,0,11,88,15,0,2,54,-1,,0,15,0,1023666638
gym-lanes-kill,tpa-order,118,Defeat,6,0,6,48,4,0,2,66,-1,,0,6,0,514652836
gym-lanes-kill,tpa-order,119,Victory,12,0,12,96,11,250,2,33,20,1:20,0,18,0,67878918
gym-lanes-kill,tpa-order,120,Victory,19,0,19,152,22,235,1,26,12,1:12,0,29,0,856083105
gym-lanes-kill,tpa-order,121,Victory,15,0,15,120,17,95,0,33,20,1:20,0,11,0,3495523580
gym-lanes-kill,tpa-order,122,Victory,10,0,10,80,7,185,1,40,-1,,0,10,0,610674764
gym-lanes-kill,tpa-order,123,Victory,10,0,10,80,12,60,1,50,3,1:3,0,11,0,1226676075
gym-lanes-kill,tpa-order,124,Victory,12,0,12,96,9,60,0,33,-1,,0,11,0,1305032076
gym-lanes-kill,tpa-order,125,Victory,18,0,18,144,28,175,0,11,3,1:3,0,14,0,2576947322
gym-lanes-kill,tpa-order,126,Victory,11,0,11,88,13,90,1,45,-1,,0,13,0,1591081768
gym-lanes-kill,tpa-order,127,Victory,7,0,7,56,14,200,3,42,11,1:11,0,9,1,2684890470
gym-lanes-kill,tpa-order,128,Defeat,22,0,22,176,29,0,2,27,20,1:20,0,60,0,2722636247
gym-lanes-kill,tpa-order,129,Defeat,6,0,6,48,12,0,3,83,-1,,0,5,1,1908330844
gym-lanes-kill,tpa-order,130,Defeat,11,0,11,88,10,0,2,54,-1,,0,13,0,2606870576
gym-lanes-kill,tpa-order,131,Victory,13,0,13,104,22,100,0,23,-1,,0,12,0,1947015521
gym-lanes-kill,tpa-order,132,Defeat,6,0,6,48,11,0,3,66,-1,,0,3,1,2735122702
gym-lanes-kill,tpa-order,133,Defeat,12,0,12,96,14,0,1,50,-1,,0,13,0,2455511079
gym-lanes-kill,tpa-order,134,Victory,8,0,8,64,9,150,1,25,-1,,0,3,1,2888658506
gym-lanes-kill,tpa-order,135,Victory,11,0,11,88,10,235,1,36,-1,,0,10,0,2702576041
gym-lanes-kill,tpa-order,136,Victory,18,0,18,144,25,195,0,27,12,1:12,0,15,0,1423053719
gym-lanes-kill,tpa-order,137,Victory,13,0,13,104,11,115,0,38,3,1:3,0,8,0,3849449557
gym-lanes-kill,tpa-order,138,Defeat,5,0,5,40,10,0,3,80,-1,,0,4,2,2374235251
gym-lanes-kill,tpa-order,139,Victory,13,0,13,104,16,230,1,23,20,1:20,0,13,0,2188787807
gym-lanes-kill,tpa-order,140,Defeat,12,0,12,96,8,0,2,50,-1,,0,13,0,1870029590
gym-lanes-kill,tpa-order,141,Defeat,9,0,9,72,14,0,2,55,-1,,0,8,0,1285111537
gym-lanes-kill,tpa-order,142,Victory,10,0,10,80,8,115,1,50,3,1:3,0,11,0,3864112995
gym-lanes-kill,tpa-order,143,Defeat,12,0,12,96,19,0,2,41,-1,,0,18,0,3968880521
gym-lanes-kill,tpa-order,144,Victory,18,0,18,144,29,185,0,16,12,1:12,0,16,0,3153222568
gym-lanes-kill,tpa-order,145,Victory,26,0,26,208,35,215,0,19,20,1:20,0,26,0,1966577688
gym-lanes-kill,tpa-order,146,Defeat,11,0,11,88,11,0,1,45,-1,,0,17,0,1923833837
gym-lanes-kill,tpa-order,147,Victory,12,0,12,96,14,300,2,0,3,1:3,0,20,0,816550819
gym-lanes-kill,tpa-order,148,Victory,10,0,10,80,10,230,2,50,-1,,0,11,0,980361181
gym-lanes-kill,tpa-order,149,Victory,13,0,13,104,23,130,0,23,-1,,0,12,0,1313636711
gym-lanes-kill,tpa-order,150,Victory,11,0,11,88,12,185,0,36,-1,,0,8,0,3485432516
gym-lanes-kill,tpa-order,151,Victory,11,0,11,88,8,150,1,36,20,1:20,0,10,0,2051915715
gym-lanes-kill,tpa-order,152,Victory,9,0,9,72,2,150,0,44,-1,,0,4,0,1888276650
gym-lanes-kill,tpa-order,153,Victory,22,0,22,176,38,160,1,45,12,1:12,0,48,0,2633938739
gym-lanes-kill,tpa-order,154,Defeat,12,0,12,96,20,0,1,41,-1,,0,13,0,2631172167
gym-lanes-kill,tpa-order,155,Victory,12,0,12,96,15,25,0,41,-1,,0,13,0,1718187618
gym-lanes-kill,tpa-order,156,Victory,16,0,16,128,21,145,1,37,20,1:20,0,28,0,2522993991
gym-lanes-kill,tpa-order,157,Victory,11,0,11,88,13,140,1,45,-1,,0,12,0,3161009758
gym-lanes-kill,tpa-order,158,Defeat,12,0,12,96,17,0,1,33,-1,,0,18,0,1142965359
gym-lanes-kill,tpa-order,159,Defeat,17,0,17,136,20,0,2,47,20,1:20,0,19,0,942149526
gym-lanes-kill,tpa-order,160,Defeat,7,0,7,56,9,0,1,57,-1,,0,5,1,1060170065
gym-lanes-kill,tpa-order,161,Victory,7,0,7,56,12,200,3,42,11,1:11,0,9,1,2776397136
gym-lanes-kill,tpa-order,162,Victory,13,0,13,104,17,80,0,23,-1,,0,13,0,1787695907
gym-lanes-kill,tpa-order,163,Victory,24,0,24,192,30,155,0,12,12,1:12,0,20,0,454550858
gym-lanes-kill,tpa-order,164,Victory,12,0,12,96,12,25,0,33,-1,,0,16,0,3892195168
gym-lanes-kill,tpa-order,165,Victory,12,0,12,96,13,130,0,25,3,1:3,0,8,0,1229437858
gym-lanes-kill,tpa-order,166,Victory,22,0,22,176,38,220,0,27,12,1:12,0,19,0,684883714
gym-lanes-kill,tpa-order,167,Victory,19,0,19,152,27,160,0,15,12,1:12,0,15,0,4015674597
gym-lanes-kill,tpa-order,168,Defeat,13,0,13,104,18,0,1,38,-1,,0,12,0,712977402
gym-lanes-kill,tpa-order,169,Defeat,15,0,15,120,35,0,1,40,-1,,0,18,0,1942184977
gym-lanes-kill,tpa-order,170,Victory,14,0,14,112,17,160,0,21,-1,,0,14,0,3571203771
gym-lanes-kill,tpa-order,171,Victory,15,0,15,120,15,165,1,33,-1,,0,19,0,654473024
gym-lanes-kill,tpa-order,172,Victory,12,0,12,96,7,285,0,16,3,1:3,0,8,0,599888874
gym-lanes-kill,tpa-order,173,Defeat,12,0,12,96,16,0,1,33,-1,,0,19,0,2903856189
gym-lanes-kill,tpa-order,174,Victory,20,0,20,160,19,80,0,15,20,1:20,0,19,0,727469771
gym-lanes-kill,tpa-order,175,Defeat,11,0,11,88,10,0,1,45,-1,,0,13,0,2580489249
gym-lanes-kill,tpa-order,176,Defeat,5,0,5,40,5,0,4,80,-1,,0,4,2,997105718
gym-lanes-kill,tpa-order,177,Victory,11,0,11,88,8,225,0,18,-1,,0,12,0,1468446843
gym-lanes-kill,tpa-order,178,Victory,12,0,12,96,9,25,0,33,-1,,0,15,0,1999082644
gym-lanes-kill,tpa-order,179,Victory,13,0,13,104,14,180,0,23,-1,,0,8,0,93190540
gym-lanes-kill,tpa-order,180,Victory,12,0,12,96,24,140,0,33,-1,,0,8,0,1481250549
gym-lanes-kill,tpa-order,181,Victory,18,0,18,144,28,190,0,16,-1,,0,14,0,1981841471
gym-lanes-kill,tpa-order,182,Defeat,11,0,11,88,28,0,2,45,-1,,0,11,0,3639761411
gym-lanes-kill,tpa-order,183,Victory,11,0,11,88,8,160,1,54,-1,,0,14,0,2675205193
gym-lanes-kill,tpa-order,184,Defeat,12,0,12,96,6,0,1,66,-1,,0,13,0,1061993829
gym-lanes-kill,tpa-order,185,Defeat,6,0,6,48,12,0,2,66,-1,,0,5,1,4274529531
gym-lanes-kill,tpa-order,186,Victory,12,0,12,96,6,205,0,33,3,1:3,0,6,0,3738820850
gym-lanes-kill,tpa-order,187,Defeat,13,0,13,104,21,0,1,38,-1,,0,13,0,4170057458
gym-lanes-kill,tpa-order,188,Defeat,12,0,12,96,7,0,2,33,20,1:20,0,15,0,306578297
gym-lanes-kill,tpa-order,189,Victory,13,0,13,104,14,25,1,53,-1,,0,19,0,3381045843
gym-lanes-kill,tpa-order,190,Defeat,5,0,5,40,12,0,4,80,-1,,0,4,2,1729435049
gym-lanes-kill,tpa-order,191,Victory,16,0,16,128,28,200,0,31,3,1:3,0,12,0,2797827741
gym-lanes-kill,tpa-order,192,Victory,18,0,18,144,27,155,0,33,-1,,0,19,0,1386350682
gym-lanes-kill,tpa-order,193,Victory,12,0,12,96,13,125,0,25,-1,,0,10,0,4280822232
gym-lanes-kill,tpa-order,194,Defeat,13,0,13,104,16,0,2,46,-1,,0,15,0,257088529
gym-lanes-kill,tpa-order,195,Victory,13,0,13,104,13,140,0,38,-1,,0,9,0,2238263137
gym-lanes-kill,tpa-order,196,Victory,11,0,11,88,16,155,0,27,-1,,0,6,0,2903799072
gym-lanes-kill,tpa-order,197,Victory,19,0,19,152,32,210,0,10,12,1:12,0,14,0,3724909627
gym-lanes-kill,tpa-order,198,Defeat,11,0,11,88,8,0,1,45,-1,,0,12,0,4265662597
gym-lanes-kill,tpa-order,199,Victory,11,0,11,88,5,175,0,27,-1,,0,6,0,1303368793
gym-lanes-kill,tpa-order,200,Victory,12,0,12,96,20,195,1,41,-1,,0,13,0,2282006341
gym-lanes-kill,decapitate,1,Victory,12,0,12,96,12,205,1,33,3,1:3,0,14,0,3444498313
gym-lanes-kill,decapitate,2,Victory,23,0,23,184,24,135,0,26,20,1:20,0,34,0,966225825
gym-lanes-kill,decapitate,3,Victory,11,0,11,88,7,75,0,36,-1,,0,13,0,3828774048
gym-lanes-kill,decapitate,4,Victory,10,0,10,80,7,135,0,40,-1,,0,7,0,1814377223
gym-lanes-kill,decapitate,5,Victory,20,0,20,160,34,215,0,20,12,1:12,0,23,0,2956867884
gym-lanes-kill,decapitate,6,Victory,15,0,15,120,23,205,1,26,-1,,0,17,0,2800399645
gym-lanes-kill,decapitate,7,Defeat,10,0,10,80,13,0,2,50,-1,,0,10,1,1981132540
gym-lanes-kill,decapitate,8,Victory,11,0,11,88,9,115,1,54,-1,,0,10,0,3527453404
gym-lanes-kill,decapitate,9,Victory,10,0,10,80,6,5,1,50,-1,,0,11,0,3951434366
gym-lanes-kill,decapitate,10,Victory,24,0,24,192,28,185,0,20,12,1:12,0,18,0,1810091577
gym-lanes-kill,decapitate,11,Victory,10,0,10,80,12,150,1,30,-1,,0,7,0,3965027291
gym-lanes-kill,decapitate,12,Victory,13,0,13,104,15,230,0,23,-1,,0,8,0,1820262682
gym-lanes-kill,decapitate,13,Defeat,10,0,10,80,14,0,2,50,-1,,0,10,0,786507221
gym-lanes-kill,decapitate,14,Victory,17,0,17,136,27,160,0,35,-1,,0,26,0,1728332786
gym-lanes-kill,decapitate,15,Defeat,8,0,8,64,14,0,2,50,-1,,0,6,1,1874113097
gym-lanes-kill,decapitate,16,Victory,13,0,13,104,17,80,0,23,-1,,0,12,0,720223319
gym-lanes-kill,decapitate,17,Victory,16,0,16,128,27,140,0,18,-1,,0,12,0,3790666188
gym-lanes-kill,decapitate,18,Victory,11,0,11,88,9,125,2,54,-1,,0,12,0,1648241131
gym-lanes-kill,decapitate,19,Victory,13,0,13,104,15,10,1,53,-1,,0,15,0,217133893
gym-lanes-kill,decapitate,20,Victory,12,0,12,96,16,155,0,25,-1,,0,9,0,1284026078
gym-lanes-kill,decapitate,21,Victory,11,0,11,88,13,105,1,45,-1,,0,8,0,2408371217
gym-lanes-kill,decapitate,22,Defeat,6,0,6,48,8,0,3,83,-1,,0,6,1,165957901
gym-lanes-kill,decapitate,23,Victory,16,0,16,128,24,165,1,31,-1,,0,22,0,2714886047
gym-lanes-kill,decapitate,24,Victory,9,0,9,72,7,230,1,33,-1,,0,5,0,251743065
gym-lanes-kill,decapitate,25,Victory,19,0,19,152,25,160,0,26,3,1:3,0,18,0,3017237143
gym-lanes-kill,decapitate,26,Victory,13,0,13,104,14,150,1,38,-1,,0,14,0,1170826695
gym-lanes-kill,decapitate,27,Victory,8,0,8,64,2,155,1,62,-1,,0,4,0,2021246856
gym-lanes-kill,decapitate,28,Victory,7,0,7,56,3,75,1,85,-1,,0,4,0,462513317
gym-lanes-kill,decapitate,29,Victory,13,0,13,104,18,130,0,23,-1,,0,11,0,1343296321
gym-lanes-kill,decapitate,30,Victory,8,0,8,64,15,230,2,25,-1,,0,7,1,3138879005
gym-lanes-kill,decapitate,31,Defeat,14,0,14,112,16,0,1,42,-1,,0,13,0,2245853245
gym-lanes-kill,decapitate,32,Victory,12,0,12,96,12,175,3,58,-1,,0,18,1,3467056215
gym-lanes-kill,decapitate,33,Victory,6,0,6,48,8,275,3,66,11,1:11,0,6,1,566251826
gym-lanes-kill,decapitate,34,Victory,6,0,6,48,8,250,3,66,11,1:11,0,6,1,1553497951
gym-lanes-kill,decapitate,35,Victory,13,0,13,104,17,110,1,38,-1,,0,15,0,88909709
gym-lanes-kill,decapitate,36,Defeat,7,0,7,56,9,0,2,57,-1,,0,5,1,3605243021
gym-lanes-kill,decapitate,37,Victory,13,0,13,104,14,235,0,23,-1,,0,12,0,3622312956
gym-lanes-kill,decapitate,38,Victory,15,0,15,120,21,170,1,40,-1,,0,18,0,1852428469
gym-lanes-kill,decapitate,39,Victory,14,0,14,112,15,80,1,28,-1,,0,22,0,1761965733
gym-lanes-kill,decapitate,40,Victory,12,0,12,96,21,210,1,16,-1,,0,11,0,3668039044
gym-lanes-kill,decapitate,41,Defeat,8,0,8,64,10,0,2,62,-1,,0,6,0,378355366
gym-lanes-kill,decapitate,42,Victory,16,0,16,128,19,160,0,37,-1,,0,20,0,396439741
gym-lanes-kill,decapitate,43,Victory,11,0,11,88,9,155,0,27,-1,,0,10,0,915611621
gym-lanes-kill,decapitate,44,Victory,13,0,13,104,12,60,0,30,-1,,0,14,0,1546399005
gym-lanes-kill,decapitate,45,Victory,14,0,14,112,15,25,0,28,-1,,0,20,0,714113701
gym-lanes-kill,decapitate,46,Victory,25,0,25,200,32,190,0,12,11,1:11,0,21,0,3621891635
gym-lanes-kill,decapitate,47,Victory,24,0,24,192,43,160,0,12,12,1:12,0,19,0,2680660059
gym-lanes-kill,decapitate,48,Victory,10,0,10,80,10,185,0,30,-1,,0,5,0,1233598403
gym-lanes-kill,decapitate,49,Victory,13,0,13,104,12,90,0,30,-1,,0,14,0,2394780714
gym-lanes-kill,decapitate,50,Victory,13,0,13,104,17,200,1,23,20,1:20,0,13,0,3328777905
gym-lanes-kill,decapitate,51,Victory,13,0,13,104,16,130,0,23,3,1:3,0,7,0,3813329199
gym-lanes-kill,decapitate,52,Victory,12,0,12,96,9,125,0,25,-1,,0,11,0,1249461455
gym-lanes-kill,decapitate,53,Victory,16,0,16,128,19,80,1,31,-1,,0,19,0,2561000221
gym-lanes-kill,decapitate,54,Defeat,6,0,6,48,10,0,4,100,-1,,0,5,2,2890161972
gym-lanes-kill,decapitate,55,Victory,15,0,15,120,22,135,0,26,-1,,0,18,0,726640890
gym-lanes-kill,decapitate,56,Victory,19,0,19,152,23,200,1,15,20,1:20,0,34,0,2717204026
gym-lanes-kill,decapitate,57,Defeat,12,0,12,96,13,0,1,41,-1,,0,15,0,1051893256
gym-lanes-kill,decapitate,58,Victory,7,0,7,56,5,125,2,57,-1,,0,5,1,285674228
gym-lanes-kill,decapitate,59,Victory,19,0,19,152,21,205,0,21,12,1:12,0,14,0,2600254937
gym-lanes-kill,decapitate,60,Victory,11,0,11,88,11,235,1,27,-1,,0,9,0,510415807
gym-lanes-kill,decapitate,61,Victory,9,0,9,72,11,135,1,55,-1,,0,6,0,3211816938
gym-lanes-kill,decapitate,62,Victory,26,0,26,208,37,100,0,15,20,1:20,0,42,0,1651232194
gym-lanes-kill,decapitate,63,Victory,18,0,18,144,22,175,0,33,3,1:3,0,18,0,704060624
gym-lanes-kill,decapitate,64,Victory,22,0,22,176,39,30,0,18,3,1:3,0,17,0,907840715
gym-lanes-kill,decapitate,65,Victory,13,0,13,104,11,135,2,30,3,1:3,0,23,0,1089574027
gym-lanes-kill,decapitate,66,Victory,13,0,13,104,20,125,1,38,-1,,0,20,0,1505925248
gym-lanes-kill,decapitate,67,Victory,7,0,7,56,9,250,3,42,11,1:11,0,9,1,2124049010
gym-lanes-kill,decapitate,68,Defeat,11,0,11,88,6,0,3,45,20,1:20,0,14,0,131171771
gym-lanes-kill,decapitate,69,Victory,15,0,15,120,14,175,0,26,-1,,0,14,0,874150464
gym-lanes-kill,decapitate,70,Victory,13,0,13,104,17,100,0,23,-1,,0,12,0,1947015521
gym-lanes-kill,decapitate,71,Victory,24,0,24,192,38,120,0,20,11,1:11,0,23,0,600945864
gym-lanes-kill,decapitate,72,Victory,21,0,21,168,28,185,0,23,3,1:3,0,17,0,2546551487
gym-lanes-kill,decapitate,73,Victory,14,0,14,112,14,170,0,28,-1,,0,10,0,1381170863
gym-lanes-kill,decapitate,74,Victory,11,0,11,88,5,200,2,36,-1,,0,15,0,4038340821
gym-lanes-kill,decapitate,75,Defeat,7,0,7,56,14,0,2,57,-1,,0,6,0,152287486
gym-lanes-kill,decapitate,76,Victory,9,0,9,72,15,25,1,55,-1,,0,7,0,2930775321
gym-lanes-kill,decapitate,77,Victory,14,0,14,112,15,200,0,21,-1,,0,10,0,1981600335
gym-lanes-kill,decapitate,78,Victory,21,0,21,168,32,195,0,23,12,1:12,0,16,0,678974881
gym-lanes-kill,decapitate,79,Victory,10,0,10,80,11,155,1,50,-1,,0,7,0,1309323104
gym-lanes-kill,decapitate,80,Victory,23,0,23,184,35,215,0,17,12,1:12,0,23,0,639421951
gym-lanes-kill,decapitate,81,Victory,12,0,12,96,20,150,1,58,-1,,0,11,0,3017429041
gym-lanes-kill,decapitate,82,Victory,15,0,15,120,22,185,0,26,12,1:12,0,11,0,1506099335
gym-lanes-kill,decapitate,83,Defeat,9,0,9,72,7,0,2,55,-1,,0,8,0,4250707994
gym-lanes-kill,decapitate,84,Victory,10,0,10,80,5,150,0,40,-1,,0,8,0,4234953353
gym-lanes-kill,decapitate,85,Victory,12,0,12,96,17,30,2,58,-1,,0,18,0,1346826996
gym-lanes-kill,decapitate,86,Victory,13,0,13,104,10,150,0,30,3,1:3,0,9,0,3918882185
gym-lanes-kill,decapitate,87,Victory,12,0,12,96,9,20,0,41,-1,,0,12,0,850075288
gym-lanes-kill,decapitate,88,Defeat,13,0,13,104,17,0,1,30,-1,,0,12,0,2157369197
gym-lanes-kill,decapitate,89,Victory,13,0,13,104,16,110,0,23,-1,,0,12,0,4047557464
gym-lanes-kill,decapitate,90,Defeat,6,0,6,48,6,0,3,66,-1,,0,6,2,2386160715
gym-lanes-kill,decapitate,91,Victory,14,0,14,112,12,200,0,21,-1,,0,12,0,704647497
gym-lanes-kill,decapitate,92,Victory,15,0,15,120,18,200,0,20,-1,,0,11,0,1074214235
gym-lanes-kill,decapitate,93,Victory,12,0,12,96,12,165,1,41,-1,,0,11,0,2812405147
gym-lanes-kill,decapitate,94,Defeat,12,0,12,96,12,0,1,33,-1,,0,19,0,1851588458
gym-lanes-kill,decapitate,95,Victory,14,0,14,112,14,165,1,35,-1,,0,18,0,629333147
gym-lanes-kill,decapitate,96,Victory,10,0,10,80,9,150,0,30,-1,,0,6,0,1824621486
gym-lanes-kill,decapitate,97,Victory,12,0,12,96,16,140,0,25,-1,,0,7,0,4238478119
gym-lanes-kill,decapitate,98,Victory,14,0,14,112,18,30,0,28,-1,,0,13,0,1981457661
gym-lanes-kill,decapitate,99,Victory,16,0,16,128,21,80,0,37,-1,,0,14,0,3046818932
gym-lanes-kill,decapitate,100,Victory,16,0,16,128,12,50,0,31,-1,,0,21,0,3959559473
gym-lanes-kill,decapitate,101,Victory,12,0,12,96,18,205,2,33,-1,,0,19,0,556939067
gym-lanes-kill,decapitate,102,Victory,13,0,13,104,22,100,0,23,-1,,0,12,0,1947015521
gym-lanes-kill,decapitate,103,Victory,13,0,13,104,20,20,0,38,-1,,0,15,0,116859200
gym-lanes-kill,decapitate,104,Victory,10,0,10,80,10,25,0,50,-1,,0,6,0,1730830649
gym-lanes-kill,decapitate,105,Victory,9,0,9,72,6,30,1,66,-1,,0,9,0,2169711346
gym-lanes-kill,decapitate,106,Victory,7,0,7,56,4,80,2,114,11,1:11,0,7,0,933786674
gym-lanes-kill,decapitate,107,Victory,10,0,10,80,8,105,0,40,-1,,0,5,0,3159028069
gym-lanes-kill,decapitate,108,Victory,21,0,21,168,22,220,1,33,20,1:20,0,34,0,2327365177
gym-lanes-kill,decapitate,109,Victory,11,0,11,88,16,205,0,27,-1,,0,7,0,1250164884
gym-lanes-kill,decapitate,110,Defeat,10,0,10,80,7,0,2,50,-1,,0,10,0,3458558479
gym-lanes-kill,decapitate,111,Victory,14,0,14,112,11,5,0,42,-1,,0,15,0,3808231898
gym-lanes-kill,decapitate,112,Victory,20,0,20,160,30,170,0,20,12,1:12,0,16,0,3002871898
gym-lanes-kill,decapitate,113,Defeat,10,0,10,80,13,0,1,50,-1,,0,9,0,3101341825
gym-lanes-kill,decapitate,114,Defeat,10,0,10,80,10,0,2,40,-1,,0,9,0,2645421616
gym-lanes-kill,decapitate,115,Victory,10,0,10,80,23,185,2,50,-1,,0,12,0,2584526555
gym-lanes-kill,decapitate,116,Victory,11,0,11,88,10,55,0,36,-1,,0,14,0,993234735
gym-lanes-kill,decapitate,117,Defeat,11,0,11,88,15,0,2,54,-1,,0,15,0,1023666638
gym-lanes-kill,decapitate,118,Defeat,6,0,6,48,4,0,2,66,-1,,0,6,0,514652836
gym-lanes-kill,decapitate,119,Victory,12,0,12,96,11,250,2,33,20,1:20,0,18,0,67878918
gym-lanes-kill,decapitate,120,Victory,19,0,19,152,22,235,1,26,12,1:12,0,29,0,856083105
gym-lanes-kill,decapitate,121,Victory,15,0,15,120,17,95,0,33,20,1:20,0,11,0,3495523580
gym-lanes-kill,decapitate,122,Victory,10,0,10,80,7,185,1,40,-1,,0,10,0,610674764
gym-lanes-kill,decapitate,123,Victory,10,0,10,80,12,60,1,50,3,1:3,0,11,0,1226676075
gym-lanes-kill,decapitate,124,Victory,12,0,12,96,9,60,0,33,-1,,0,11,0,1305032076
gym-lanes-kill,decapitate,125,Victory,18,0,18,144,28,175,0,11,3,1:3,0,14,0,2576947322
gym-lanes-kill,decapitate,126,Victory,11,0,11,88,13,90,1,45,-1,,0,13,0,1591081768
gym-lanes-kill,decapitate,127,Victory,7,0,7,56,14,200,3,42,11,1:11,0,9,1,2684890470
gym-lanes-kill,decapitate,128,Defeat,22,0,22,176,29,0,2,27,20,1:20,0,60,0,2722636247
gym-lanes-kill,decapitate,129,Defeat,6,0,6,48,12,0,3,83,-1,,0,5,1,1908330844
gym-lanes-kill,decapitate,130,Defeat,11,0,11,88,10,0,2,54,-1,,0,13,0,2606870576
gym-lanes-kill,decapitate,131,Victory,13,0,13,104,22,100,0,23,-1,,0,12,0,1947015521
gym-lanes-kill,decapitate,132,Defeat,6,0,6,48,11,0,3,66,-1,,0,3,1,2735122702
gym-lanes-kill,decapitate,133,Defeat,12,0,12,96,14,0,1,50,-1,,0,13,0,2455511079
gym-lanes-kill,decapitate,134,Victory,8,0,8,64,9,150,1,25,-1,,0,3,1,2888658506
gym-lanes-kill,decapitate,135,Victory,11,0,11,88,10,235,1,36,-1,,0,10,0,2702576041
gym-lanes-kill,decapitate,136,Victory,18,0,18,144,25,195,0,27,12,1:12,0,15,0,1423053719
gym-lanes-kill,decapitate,137,Victory,13,0,13,104,11,115,0,38,3,1:3,0,8,0,3849449557
gym-lanes-kill,decapitate,138,Defeat,5,0,5,40,10,0,3,80,-1,,0,4,2,2374235251
gym-lanes-kill,decapitate,139,Victory,13,0,13,104,16,230,1,23,20,1:20,0,13,0,2188787807
gym-lanes-kill,decapitate,140,Defeat,12,0,12,96,8,0,2,50,-1,,0,13,0,1870029590
gym-lanes-kill,decapitate,141,Defeat,9,0,9,72,14,0,2,55,-1,,0,8,0,1285111537
gym-lanes-kill,decapitate,142,Victory,10,0,10,80,8,115,1,50,3,1:3,0,11,0,3864112995
gym-lanes-kill,decapitate,143,Defeat,12,0,12,96,19,0,2,41,-1,,0,18,0,3968880521
gym-lanes-kill,decapitate,144,Victory,18,0,18,144,29,185,0,16,12,1:12,0,16,0,3153222568
gym-lanes-kill,decapitate,145,Victory,26,0,26,208,35,215,0,19,20,1:20,0,26,0,1966577688
gym-lanes-kill,decapitate,146,Defeat,11,0,11,88,11,0,1,45,-1,,0,17,0,1923833837
gym-lanes-kill,decapitate,147,Victory,12,0,12,96,14,300,2,0,3,1:3,0,20,0,816550819
gym-lanes-kill,decapitate,148,Victory,10,0,10,80,10,230,2,50,-1,,0,11,0,980361181
gym-lanes-kill,decapitate,149,Victory,13,0,13,104,23,130,0,23,-1,,0,12,0,1313636711
gym-lanes-kill,decapitate,150,Victory,11,0,11,88,12,185,0,36,-1,,0,8,0,3485432516
gym-lanes-kill,decapitate,151,Victory,11,0,11,88,8,150,1,36,20,1:20,0,10,0,2051915715
gym-lanes-kill,decapitate,152,Victory,9,0,9,72,2,150,0,44,-1,,0,4,0,1888276650
gym-lanes-kill,decapitate,153,Victory,22,0,22,176,38,160,1,45,12,1:12,0,48,0,2633938739
gym-lanes-kill,decapitate,154,Defeat,12,0,12,96,20,0,1,41,-1,,0,13,0,2631172167
gym-lanes-kill,decapitate,155,Victory,12,0,12,96,15,25,0,41,-1,,0,13,0,1718187618
gym-lanes-kill,decapitate,156,Victory,16,0,16,128,21,145,1,37,20,1:20,0,28,0,2522993991
gym-lanes-kill,decapitate,157,Victory,11,0,11,88,13,140,1,45,-1,,0,12,0,3844944860
gym-lanes-kill,decapitate,158,Defeat,12,0,12,96,17,0,1,33,-1,,0,18,0,1142965359
gym-lanes-kill,decapitate,159,Defeat,17,0,17,136,20,0,2,47,20,1:20,0,19,0,942149526
gym-lanes-kill,decapitate,160,Defeat,7,0,7,56,9,0,1,57,-1,,0,5,1,1060170065
gym-lanes-kill,decapitate,161,Victory,7,0,7,56,12,200,3,42,11,1:11,0,9,1,2776397136
gym-lanes-kill,decapitate,162,Victory,13,0,13,104,17,80,0,23,-1,,0,13,0,1787695907
gym-lanes-kill,decapitate,163,Victory,24,0,24,192,30,155,0,12,12,1:12,0,20,0,454550858
gym-lanes-kill,decapitate,164,Victory,12,0,12,96,12,25,0,33,-1,,0,16,0,3892195168
gym-lanes-kill,decapitate,165,Victory,12,0,12,96,13,130,0,25,3,1:3,0,8,0,1229437858
gym-lanes-kill,decapitate,166,Victory,22,0,22,176,38,220,0,27,12,1:12,0,19,0,684883714
gym-lanes-kill,decapitate,167,Victory,19,0,19,152,27,160,0,15,12,1:12,0,15,0,4015674597
gym-lanes-kill,decapitate,168,Victory,12,0,12,96,18,155,1,33,-1,,0,11,0,3216761278
gym-lanes-kill,decapitate,169,Victory,15,0,15,120,35,30,1,40,-1,,0,18,0,4171526683
gym-lanes-kill,decapitate,170,Victory,14,0,14,112,17,160,0,21,-1,,0,14,0,3571203771
gym-lanes-kill,decapitate,171,Victory,15,0,15,120,15,165,1,33,-1,,0,19,0,654473024
gym-lanes-kill,decapitate,172,Victory,12,0,12,96,7,285,0,16,3,1:3,0,8,0,599888874
gym-lanes-kill,decapitate,173,Defeat,12,0,12,96,16,0,1,33,-1,,0,19,0,2903856189
gym-lanes-kill,decapitate,174,Victory,20,0,20,160,19,80,0,15,20,1:20,0,19,0,727469771
gym-lanes-kill,decapitate,175,Victory,11,0,11,88,10,50,1,45,-1,,0,13,0,3685541063
gym-lanes-kill,decapitate,176,Defeat,5,0,5,40,5,0,4,80,-1,,0,4,2,997105718
gym-lanes-kill,decapitate,177,Victory,11,0,11,88,8,225,0,18,-1,,0,12,0,1468446843
gym-lanes-kill,decapitate,178,Victory,12,0,12,96,9,25,0,33,-1,,0,15,0,1999082644
gym-lanes-kill,decapitate,179,Victory,13,0,13,104,14,180,0,23,-1,,0,8,0,93190540
gym-lanes-kill,decapitate,180,Victory,12,0,12,96,24,140,0,33,-1,,0,8,0,1481250549
gym-lanes-kill,decapitate,181,Victory,18,0,18,144,28,190,0,16,-1,,0,14,0,1981841471
gym-lanes-kill,decapitate,182,Defeat,11,0,11,88,28,0,2,45,-1,,0,11,0,3639761411
gym-lanes-kill,decapitate,183,Victory,11,0,11,88,8,160,1,54,-1,,0,14,0,2675205193
gym-lanes-kill,decapitate,184,Victory,12,0,12,96,6,35,1,66,-1,,0,13,0,3699236334
gym-lanes-kill,decapitate,185,Defeat,6,0,6,48,12,0,2,66,-1,,0,5,1,4274529531
gym-lanes-kill,decapitate,186,Victory,12,0,12,96,6,205,0,33,3,1:3,0,6,0,3738820850
gym-lanes-kill,decapitate,187,Victory,13,0,13,104,21,50,1,38,-1,,0,13,0,698141767
gym-lanes-kill,decapitate,188,Defeat,12,0,12,96,7,0,2,33,20,1:20,0,15,0,306578297
gym-lanes-kill,decapitate,189,Victory,13,0,13,104,14,25,1,53,-1,,0,19,0,3381045843
gym-lanes-kill,decapitate,190,Defeat,5,0,5,40,12,0,4,80,-1,,0,4,2,1729435049
gym-lanes-kill,decapitate,191,Victory,16,0,16,128,28,200,0,31,3,1:3,0,12,0,2797827741
gym-lanes-kill,decapitate,192,Victory,21,0,21,168,24,160,0,28,12,1:12,0,22,0,1436477712
gym-lanes-kill,decapitate,193,Victory,12,0,12,96,13,125,0,25,-1,,0,10,0,4280822232
gym-lanes-kill,decapitate,194,Defeat,13,0,13,104,16,0,2,46,-1,,0,15,0,257088529
gym-lanes-kill,decapitate,195,Victory,13,0,13,104,13,140,0,38,-1,,0,9,0,2238263137
gym-lanes-kill,decapitate,196,Victory,11,0,11,88,16,155,0,27,-1,,0,6,0,2903799072
gym-lanes-kill,decapitate,197,Victory,19,0,19,152,32,210,0,10,12,1:12,0,14,0,3724909627
gym-lanes-kill,decapitate,198,Victory,11,0,11,88,8,50,1,45,-1,,0,12,0,718253248
gym-lanes-kill,decapitate,199,Victory,11,0,11,88,5,175,0,27,-1,,0,6,0,1303368793
gym-lanes-kill,decapitate,200,Victory,12,0,12,96,20,195,1,41,-1,,0,13,0,2282006341
gym-lanes-kill,charge,1,Victory,7,0,7,56,6,150,0,28,-1,,0,0,0,840797782
gym-lanes-kill,charge,2,Victory,7,0,7,56,8,50,0,42,11,1:11,0,1,0,2252719119
gym-lanes-kill,charge,3,Defeat,7,0,7,56,14,0,1,71,-1,,0,2,1,3597705603
gym-lanes-kill,charge,4,Defeat,8,0,8,64,10,0,1,50,-1,,0,1,0,1179373571
gym-lanes-kill,charge,5,Victory,7,0,7,56,6,100,0,42,11,1:11,0,1,0,2587318836
gym-lanes-kill,charge,6,Defeat,6,0,6,48,5,0,1,66,-1,,0,2,1,3936689767
gym-lanes-kill,charge,7,Defeat,7,0,7,56,10,0,2,57,-1,,0,3,1,1818333029
gym-lanes-kill,charge,8,Victory,9,0,9,72,12,100,0,33,-1,,0,3,0,1141609842
gym-lanes-kill,charge,9,Defeat,7,0,7,56,15,0,1,42,-1,,0,2,1,3711885086
gym-lanes-kill,charge,10,Defeat,6,0,6,48,8,0,1,66,-1,,0,2,1,421375392
gym-lanes-kill,charge,11,Victory,7,0,7,56,7,50,0,42,11,1:11,0,1,0,2050869004
gym-lanes-kill,charge,12,Victory,7,0,7,56,7,50,0,42,11,1:11,0,1,0,2050869004
gym-lanes-kill,charge,13,Victory,7,0,7,56,8,200,0,28,-1,,0,0,0,3819905081
gym-lanes-kill,charge,14,Defeat,6,0,6,48,14,0,2,66,-1,,0,2,2,2660101283
gym-lanes-kill,charge,15,Defeat,8,0,8,64,20,0,1,62,-1,,0,2,0,3965186470
gym-lanes-kill,charge,16,Defeat,6,0,6,48,10,0,2,66,-1,,0,1,1,611054165
gym-lanes-kill,charge,17,Victory,7,0,7,56,5,50,0,42,11,1:11,0,1,0,2050869004
gym-lanes-kill,charge,18,Victory,8,0,8,64,7,30,0,37,-1,,0,2,0,1149086560
gym-lanes-kill,charge,19,Victory,7,0,7,56,8,50,0,42,11,1:11,0,1,0,2252719119
gym-lanes-kill,charge,20,Defeat,6,0,6,48,7,0,1,50,11,1:11,0,1,1,1640888394
gym-lanes-kill,charge,21,Defeat,7,0,7,56,8,0,1,57,-1,,0,2,1,329610762
gym-lanes-kill,charge,22,Defeat,6,0,6,48,9,0,1,66,-1,,0,3,1,3022347765
gym-lanes-kill,charge,23,Victory,9,0,9,72,12,100,0,22,-1,,0,2,0,568862196
gym-lanes-kill,charge,24,Defeat,7,0,7,56,11,0,2,57,-1,,0,2,1,183364801
gym-lanes-kill,charge,25,Defeat,6,0,6,48,10,0,1,66,-1,,0,1,1,2661420471
gym-lanes-kill,charge,26,Victory,8,0,8,64,7,50,0,37,-1,,0,2,0,1629036186
gym-lanes-kill,charge,27,Defeat,5,0,5,40,5,0,2,60,-1,,0,1,2,197798220
gym-lanes-kill,charge,28,Defeat,4,0,4,32,8,0,3,75,-1,,0,2,3,121068739
gym-lanes-kill,charge,29,Victory,7,0,7,56,7,50,0,42,11,1:11,0,1,0,2050869004
gym-lanes-kill,charge,30,Defeat,6,0,6,48,10,0,2,66,-1,,0,1,2,375740931
gym-lanes-kill,charge,31,Defeat,7,0,7,56,5,0,1,57,11,1:11,0,2,1,1126559181
gym-lanes-kill,charge,32,Defeat,8,0,8,64,12,0,1,50,-1,,0,4,1,3857318003
gym-lanes-kill,charge,33,Defeat,6,0,6,48,5,0,2,66,-1,,0,1,1,1922364563
gym-lanes-kill,charge,34,Defeat,5,0,5,40,9,0,2,60,-1,,0,2,2,648116430
gym-lanes-kill,charge,35,Defeat,7,0,7,56,7,0,1,57,-1,,0,2,0,2262540009
gym-lanes-kill,charge,36,Victory,7,0,7,56,9,130,0,42,-1,,0,0,0,805229479
gym-lanes-kill,charge,37,Victory,7,0,7,56,8,200,0,28,-1,,0,0,0,3819905081
gym-lanes-kill,charge,38,Defeat,7,0,7,56,6,0,1,57,-1,,0,2,1,3447993560
gym-lanes-kill,charge,39,Victory,7,0,7,56,5,50,0,42,11,1:11,0,1,0,2050869004
gym-lanes-kill,charge,40,Victory,7,0,7,56,5,50,0,42,11,1:11,0,1,0,2050869004
gym-lanes-kill,charge,41,Victory,7,0,7,56,6,80,0,42,11,1:11,0,1,0,3312782093
gym-lanes-kill,charge,42,Victory,7,0,7,56,7,50,0,42,11,1:11,0,1,0,2050869004
gym-lanes-kill,charge,43,Victory,7,0,7,56,4,80,0,42,-1,,0,1,0,2307246194
gym-lanes-kill,charge,44,Defeat,7,0,7,56,6,0,1,57,-1,,0,2,1,3706752611
gym-lanes-kill,charge,45,Defeat,4,0,4,32,8,0,3,75,-1,,0,2,2,791140039
gym-lanes-kill,charge,46,Victory,7,0,7,56,11,100,1,28,-1,,0,1,1,997699731
gym-lanes-kill,charge,47,Victory,7,0,7,56,7,50,0,42,11,1:11,0,1,0,2050869004
gym-lanes-kill,charge,48,Victory,7,0,7,56,7,50,0,42,11,1:11,0,1,0,2050869004
gym-lanes-kill,charge,49,Defeat,7,0,7,56,10,0,1,42,-1,,0,1,1,1809299171
gym-lanes-kill,charge,50,Victory,7,0,7,56,7,50,0,42,11,1:11,0,1,0,2050869004
gym-lanes-kill,charge,51,Defeat,5,0,5,40,8,0,3,80,-1,,0,2,2,961353485
gym-lanes-kill,charge,52,Victory,7,0,7,56,7,50,0,42,11,1:11,0,1,0,2050869004
gym-lanes-kill,charge,53,Defeat,6,0,6,48,6,0,1,66,-1,,0,2,1,2038639988
gym-lanes-kill,charge,54,Victory,9,0,9,72,7,50,0,33,-1,,0,3,0,1101008420
gym-lanes-kill,charge,55,Victory,7,0,7,56,10,100,0,42,-1,,0,0,0,3484157122
gym-lanes-kill,charge,56,Victory,10,0,10,80,17,50,0,30,-1,,0,2,0,2518973473
gym-lanes-kill,charge,57,Defeat,7,0,7,56,8,0,1,57,12,1:12,0,0,0,844996291
gym-lanes-kill,charge,58,Defeat,7,0,7,56,5,0,2,57,-1,,0,1,1,3924581823
gym-lanes-kill,charge,59,Victory,7,0,7,56,6,50,0,42,11,1:11,0,1,0,3496938377
gym-lanes-kill,charge,60,Defeat,5,0,5,40,8,0,2,60,-1,,0,2,2,1254211518
gym-lanes-kill,charge,61,Defeat,8,0,8,64,13,0,1,50,-1,,0,2,0,1374138772
gym-lanes-kill,charge,62,Victory,7,0,7,56,3,100,0,28,-1,,0,0,0,2872083110
gym-lanes-kill,charge,63,Defeat,7,0,7,56,14,0,2,57,-1,,0,3,1,1515366834
gym-lanes-kill,charge,64,Victory,7,0,7,56,6,230,0,28,-1,,0,0,0,2589079954
gym-lanes-kill,charge,65,Defeat,7,0,7,56,11,0,1,57,-1,,0,3,1,4092992791
gym-lanes-kill,charge,66,Victory,8,0,8,64,12,50,0,37,-1,,0,0,0,4219668987
gym-lanes-kill,charge,67,Victory,7,0,7,56,6,50,0,42,11,1:11,0,1,0,3496938377
gym-lanes-kill,charge,68,Defeat,7,0,7,56,11,0,2,71,11,1:11,0,5,0,4157742197
gym-lanes-kill,charge,69,Victory,7,0,7,56,10,80,1,42,-1,,0,1,1,1543871558
gym-lanes-kill,charge,70,Defeat,7,0,7,56,14,0,1,57,-1,,0,2,1,18008514
gym-lanes-kill,charge,71,Defeat,6,0,6,48,2,0,1,66,-1,,0,2,1,878578116
gym-lanes-kill,charge,72,Defeat,9,0,9,72,6,0,1,55,-1,,0,2,0,1656429829
gym-lanes-kill,charge,73,Victory,8,0,8,64,6,50,0,37,-1,,0,2,0,3893449215
gym-lanes-kill,charge,74,Victory,7,0,7,56,6,125,0,42,-1,,0,0,0,3914276232
gym-lanes-kill,charge,75,Defeat,8,0,8,64,16,0,2,62,-1,,0,1,1,3686915512
gym-lanes-kill,charge,76,Victory,7,0,7,56,12,150,1,28,-1,,0,0,1,3076448259
gym-lanes-kill,charge,77,Victory,7,0,7,56,7,50,0,42,11,1:11,0,1,0,2050869004
gym-lanes-kill,charge,78,Defeat,7,0,7,56,7,0,1,57,11,1:11,0,1,0,353806266
gym-lanes-kill,charge,79,Defeat,8,0,8,64,12,0,1,50,-1,,0,1,0,158200912
gym-lanes-kill,charge,80,Victory,7,0,7,56,2,130,0,42,-1,,0,1,0,1731341254
gym-lanes-kill,charge,81,Defeat,7,0,7,56,11,0,3,71,-1,,0,6,1,1033815560
gym-lanes-kill,charge,82,Victory,7,0,7,56,6,100,0,42,11,1:11,0,1,0,3638462550
gym-lanes-kill,charge,83,Victory,8,0,8,64,7,100,1,50,-1,,0,2,1,4114779241
gym-lanes-kill,charge,84,Defeat,8,0,8,64,12,0,1,50,-1,,0,2,1,3993700360
gym-lanes-kill,charge,85,Victory,8,0,8,64,9,80,0,37,-1,,0,0,0,2269079481
gym-lanes-kill,charge,86,Defeat,6,0,6,48,11,0,2,50,-1,,0,2,1,1239325356
gym-lanes-kill,charge,87,Defeat,7,0,7,56,6,0,1,57,-1,,0,2,0,1918858702
gym-lanes-kill,charge,88,Defeat,6,0,6,48,6,0,1,66,-1,,0,3,1,1938256241
gym-lanes-kill,charge,89,Victory,8,0,8,64,13,150,0,25,-1,,0,1,0,1626006862
gym-lanes-kill,charge,90,Victory,7,0,7,56,8,50,0,42,11,1:11,0,1,0,2879603890
gym-lanes-kill,charge,91,Defeat,5,0,5,40,4,0,2,60,-1,,0,1,2,3918769212
gym-lanes-kill,charge,92,Victory,7,0,7,56,7,50,0,42,11,1:11,0,1,0,2050869004
gym-lanes-kill,charge,93,Defeat,6,0,6,48,8,0,2,66,-1,,0,1,1,3433469823
gym-lanes-kill,charge,94,Victory,7,0,7,56,6,100,0,42,11,1:11,0,1,0,3126955672
gym-lanes-kill,charge,95,Defeat,7,0,7,56,4,0,1,57,-1,,0,3,1,1592145623
gym-lanes-kill,charge,96,Defeat,6,0,6,48,6,0,1,50,-1,,0,0,1,1078051685
gym-lanes-kill,charge,97,Defeat,6,0,6,48,14,0,2,50,-1,,0,2,2,1237641458
gym-lanes-kill,charge,98,Defeat,5,0,5,40,6,0,2,60,-1,,0,2,2,60589373
gym-lanes-kill,charge,99,Victory,7,0,7,56,8,200,0,28,-1,,0,0,0,3819905081
gym-lanes-kill,charge,100,Defeat,6,0,6,48,7,0,2,50,-1,,0,2,1,2839828042
gym-lanes-kill,charge,101,Defeat,6,0,6,48,8,0,1,66,-1,,0,1,1,1078051685
gym-lanes-kill,charge,102,Defeat,7,0,7,56,7,0,1,42,11,1:11,0,0,0,1691737243
gym-lanes-kill,charge,103,Victory,7,0,7,56,7,50,0,42,11,1:11,0,1,0,2050869004
gym-lanes-kill,charge,104,Defeat,7,0,7,56,4,0,1,57,-1,,0,3,1,2815268139
gym-lanes-kill,charge,105,Victory,8,0,8,64,8,130,0,37,-1,,0,1,0,1213716792
gym-lanes-kill,charge,106,Victory,9,0,9,72,11,50,0,44,-1,,0,2,0,220405883
gym-lanes-kill,charge,107,Defeat,7,0,7,56,11,0,1,57,-1,,0,2,1,1249958733
gym-lanes-kill,charge,108,Victory,9,0,9,72,12,200,0,11,-1,,0,2,0,1013057350
gym-lanes-kill,charge,109,Victory,7,0,7,56,6,100,0,28,-1,,0,0,0,2872083110
gym-lanes-kill,charge,110,Victory,7,0,7,56,10,100,0,42,-1,,0,2,0,2259901175
gym-lanes-kill,charge,111,Defeat,6,0,6,48,6,0,2,83,-1,,0,2,2,1846992252
gym-lanes-kill,charge,112,Defeat,7,0,7,56,4,0,1,57,11,1:11,0,1,0,2979450421
gym-lanes-kill,charge,113,Defeat,6,0,6,48,8,0,1,50,-1,,0,2,1,3445506226
gym-lanes-kill,charge,114,Defeat,4,0,4,32,12,0,3,75,-1,,0,2,2,3476468533
gym-lanes-kill,charge,115,Victory,7,0,7,56,14,50,1,57,-1,,0,1,1,1717212699
gym-lanes-kill,charge,116,Defeat,6,0,6,48,4,0,2,50,-1,,0,1,1,3769914824
gym-lanes-kill,charge,117,Victory,7,0,7,56,8,50,0,42,-1,,0,0,0,31766772
gym-lanes-kill,charge,118,Defeat,6,0,6,48,7,0,1,50,11,1:11,0,1,1,1640888394
gym-lanes-kill,charge,119,Victory,7,0,7,56,7,50,0,42,11,1:11,0,1,0,195514028
gym-lanes-kill,charge,120,Victory,8,0,8,64,10,30,0,50,-1,,0,1,0,3266393269
gym-lanes-kill,charge,121,Defeat,6,0,6,48,6,0,1,66,-1,,0,2,1,3936689767
gym-lanes-kill,charge,122,Defeat,7,0,7,56,8,0,1,57,12,1:12,0,0,0,1437681977
gym-lanes-kill,charge,123,Defeat,7,0,7,56,7,0,1,57,11,1:11,0,1,0,77434678
gym-lanes-kill,charge,124,Victory,7,0,7,56,6,50,0,42,-1,,0,1,0,2559375269
gym-lanes-kill,charge,125,Defeat,7,0,7,56,6,0,1,57,-1,,0,3,1,1366953902
gym-lanes-kill,charge,126,Victory,8,0,8,64,4,55,0,50,12,1:12,0,1,0,2648663390
gym-lanes-kill,charge,127,Defeat,4,0,4,32,5,0,3,75,-1,,0,1,2,4105702206
gym-lanes-kill,charge,128,Victory,10,0,10,80,12,150,0,20,-1,,0,2,0,895237365
gym-lanes-kill,charge,129,Defeat,7,0,7,56,7,0,1,57,11,1:11,0,1,0,2201735322
gym-lanes-kill,charge,130,Victory,7,0,7,56,6,50,0,42,11,1:11,0,1,0,2879603890
gym-lanes-kill,charge,131,Defeat,6,0,6,48,7,0,1,50,11,1:11,0,1,1,1640888394
gym-lanes-kill,charge,132,Defeat,7,0,7,56,6,0,2,85,11,1:11,0,4,0,2724690954
gym-lanes-kill,charge,133,Defeat,6,0,6,48,6,0,1,50,-1,,0,0,1,1078051685
gym-lanes-kill,charge,134,Victory,5,0,5,40,9,100,2,40,-1,,0,1,2,2140345670
gym-lanes-kill,charge,135,Defeat,7,0,7,56,7,0,1,57,11,1:11,0,1,0,1971457052
gym-lanes-kill,charge,136,Victory,8,0,8,64,11,100,0,37,-1,,0,2,0,255213658
gym-lanes-kill,charge,137,Defeat,6,0,6,48,6,0,2,100,-1,,0,4,2,3906050601
gym-lanes-kill,charge,138,Victory,7,0,7,56,6,80,0,42,11,1:11,0,1,0,3312782093
gym-lanes-kill,charge,139,Victory,7,0,7,56,7,50,0,42,11,1:11,0,1,0,2050869004
gym-lanes-kill,charge,140,Defeat,6,0,6,48,8,0,1,66,-1,,0,1,1,4114006752
gym-lanes-kill,charge,141,Victory,7,0,7,56,8,100,0,28,-1,,0,0,0,2872083110
gym-lanes-kill,charge,142,Victory,7,0,7,56,2,50,0,42,11,1:11,0,1,0,2050869004
gym-lanes-kill,charge,143,Victory,7,0,7,56,3,75,0,42,11,1:11,0,0,0,383914754
gym-lanes-kill,charge,144,Defeat,7,0,7,56,7,0,1,57,11,1:11,0,1,0,1634328778
gym-lanes-kill,charge,145,Victory,7,0,7,56,6,50,0,42,11,1:11,0,1,0,314926756
gym-lanes-kill,charge,146,Victory,8,0,8,64,8,180,0,25,-1,,0,1,0,1885904670
gym-lanes-kill,charge,147,Defeat,6,0,6,48,9,0,1,66,-1,,0,3,1,3022347765
gym-lanes-kill,charge,148,Victory,5,0,5,40,5,150,2,40,-1,,0,1,2,177181763
gym-lanes-kill,charge,149,Victory,8,0,8,64,8,150,0,25,-1,,0,2,0,3738911993
gym-lanes-kill,charge,150,Defeat,8,0,8,64,6,0,1,50,-1,,0,1,0,799303250
gym-lanes-kill,charge,151,Victory,8,0,8,64,8,50,0,37,-1,,0,1,0,768494335
gym-lanes-kill,charge,152,Defeat,7,0,7,56,6,0,1,57,11,1:11,0,1,0,1223954107
gym-lanes-kill,charge,153,Victory,7,0,7,56,7,150,0,42,-1,,0,1,0,83936789
gym-lanes-kill,charge,154,Victory,9,0,9,72,10,100,0,33,3,1:3,0,1,0,4279501256
gym-lanes-kill,charge,155,Victory,7,0,7,56,9,100,0,28,11,1:11,0,0,0,2414639129
gym-lanes-kill,charge,156,Victory,9,0,9,72,11,30,0,33,-1,,0,3,0,3623217672
gym-lanes-kill,charge,157,Defeat,5,0,5,40,6,0,3,60,-1,,0,2,2,3555231702
gym-lanes-kill,charge,158,Victory,7,0,7,56,6,50,0,42,11,1:11,0,1,0,2716456930
gym-lanes-kill,charge,159,Victory,7,0,7,56,6,50,0,42,-1,,0,1,0,2879603890
gym-lanes-kill,charge,160,Defeat,6,0,6,48,10,0,1,66,-1,,0,1,1,296698822
gym-lanes-kill,charge,161,Defeat,7,0,7,56,9,0,2,57,11,1:11,0,5,0,2108010635
gym-lanes-kill,charge,162,Victory,8,0,8,64,12,50,0,37,-1,,0,1,0,2709645661
gym-lanes-kill,charge,163,Victory,7,0,7,56,6,50,0,42,12,1:12,0,1,0,3303696119
gym-lanes-kill,charge,164,Defeat,7,0,7,56,10,0,1,57,-1,,0,2,1,4117020902
gym-lanes-kill,charge,165,Defeat,6,0,6,48,4,0,1,66,11,1:11,0,1,0,566819484
gym-lanes-kill,charge,166,Victory,7,0,7,56,4,10,0,57,-1,,0,2,0,1451636970
gym-lanes-kill,charge,167,Defeat,7,0,7,56,7,0,1,42,11,1:11,0,0,0,841826445
gym-lanes-kill,charge,168,Victory,7,0,7,56,7,50,0,42,11,1:11,0,1,0,2050869004
gym-lanes-kill,charge,169,Victory,5,0,5,40,5,100,2,40,-1,,0,1,2,461109506
gym-lanes-kill,charge,170,Defeat,7,0,7,56,9,0,1,57,-1,,0,3,1,416683532
gym-lanes-kill,charge,171,Defeat,5,0,5,40,8,0,2,60,-1,,0,2,2,2034402317
gym-lanes-kill,charge,172,Victory,8,0,8,64,5,50,0,37,-1,,0,2,0,1018678670
gym-lanes-kill,charge,173,Victory,8,0,8,64,6,100,0,25,-1,,0,1,0,1626186254
gym-lanes-kill,charge,174,Defeat,7,0,7,56,8,0,1,57,-1,,0,2,1,4142019849
gym-lanes-kill,charge,175,Defeat,4,0,4,32,8,0,3,75,-1,,0,2,3,791140039
gym-lanes-kill,charge,176,Victory,7,0,7,56,6,50,0,42,11,1:11,0,1,0,2716456930
gym-lanes-kill,charge,177,Victory,9,0,9,72,11,50,0,33,-1,,0,3,0,518032816
gym-lanes-kill,charge,178,Defeat,8,0,8,64,8,0,1,50,3,1:3,0,1,0,185973803
gym-lanes-kill,charge,179,Victory,7,0,7,56,7,50,0,42,11,1:11,0,1,0,2050869004
gym-lanes-kill,charge,180,Victory,7,0,7,56,14,100,1,42,-1,,0,1,1,2965645835
gym-lanes-kill,charge,181,Victory,7,0,7,56,5,50,0,42,11,1:11,0,1,0,2050869004
gym-lanes-kill,charge,182,Defeat,7,0,7,56,7,0,1,57,-1,,0,2,0,2262540009
gym-lanes-kill,charge,183,Defeat,7,0,7,56,7,0,1,57,11,1:11,0,1,0,1781876438
gym-lanes-kill,charge,184,Victory,9,0,9,72,12,50,0,33,-1,,0,2,0,2268513419
gym-lanes-kill,charge,185,Victory,8,0,8,64,10,100,0,25,-1,,0,2,0,3469137788
gym-lanes-kill,charge,186,Defeat,5,0,5,40,7,0,3,60,-1,,0,2,2,2548742120
gym-lanes-kill,charge,187,Victory,7,0,7,56,7,50,0,42,11,1:11,0,1,0,2050869004
gym-lanes-kill,charge,188,Victory,8,0,8,64,8,150,0,25,11,1:11,0,1,0,4138628084
gym-lanes-kill,charge,189,Defeat,7,0,7,56,8,0,1,57,-1,,0,2,1,3718845473
gym-lanes-kill,charge,190,Defeat,6,0,6,48,8,0,2,66,-1,,0,0,0,2639033867
gym-lanes-kill,charge,191,Defeat,7,0,7,56,4,0,1,57,-1,,0,2,0,1992109023
gym-lanes-kill,charge,192,Defeat,7,0,7,56,5,0,1,57,-1,,0,3,1,539301003
gym-lanes-kill,charge,193,Defeat,6,0,6,48,6,0,2,66,-1,,0,1,1,80008510
gym-lanes-kill,charge,194,Defeat,8,0,8,64,16,0,1,62,-1,,0,3,1,929197362
gym-lanes-kill,charge,195,Defeat,9,0,9,72,19,0,1,44,-1,,0,6,0,242026545
gym-lanes-kill,charge,196,Defeat,8,0,8,64,4,0,1,50,-1,,0,2,1,3782753923
gym-lanes-kill,charge,197,Defeat,7,0,7,56,4,0,1,71,-1,,0,2,0,4267157713
gym-lanes-kill,charge,198,Defeat,7,0,7,56,7,0,2,57,-1,,0,3,1,2357633710
gym-lanes-kill,charge,199,Defeat,7,0,7,56,14,0,1,57,-1,,0,2,1,2416684642
gym-lanes-kill,charge,200,Victory,8,0,8,64,8,100,0,25,-1,,0,2,0,3469137788
gym-lanes-boss,corridor-hold,1,Defeat,14,0,14,112,12,0,1,42,3,1:3,0,18,0,2739169067
gym-lanes-boss,corridor-hold,2,Defeat,24,0,24,192,24,0,1,33,20,1:20,0,35,0,681375895
gym-lanes-boss,corridor-hold,3,Defeat,12,0,12,96,7,0,1,50,-1,,0,14,0,2281332797
gym-lanes-boss,corridor-hold,4,Defeat,11,0,11,88,7,0,1,54,-1,,0,8,0,676984495
gym-lanes-boss,corridor-hold,5,Defeat,22,0,22,176,34,0,1,31,12,1:12,0,25,0,128314120
gym-lanes-boss,corridor-hold,6,Defeat,17,0,17,136,23,0,1,35,-1,,0,19,0,3174657624
gym-lanes-boss,corridor-hold,7,Defeat,10,0,10,80,13,0,2,50,-1,,0,10,1,3838325526
gym-lanes-boss,corridor-hold,8,Defeat,12,0,12,96,9,0,1,58,-1,,0,11,0,2728385299
gym-lanes-boss,corridor-hold,9,Defeat,10,0,10,80,6,0,1,50,-1,,0,11,0,2116100195
gym-lanes-boss,corridor-hold,10,Defeat,25,0,25,200,28,0,1,28,12,1:12,0,19,0,994284619
gym-lanes-boss,corridor-hold,11,Defeat,21,0,21,168,25,0,1,28,20,1:20,0,28,0,144606619
gym-lanes-boss,corridor-hold,12,Victory,25,0,25,200,35,80,0,28,3,1:3,0,20,0,338656462
gym-lanes-boss,corridor-hold,13,Defeat,10,0,10,80,14,0,2,50,-1,,0,10,0,1657922191
gym-lanes-boss,corridor-hold,14,Defeat,18,0,18,144,27,0,1,44,-1,,0,27,0,3641227984
gym-lanes-boss,corridor-hold,15,Defeat,8,0,8,64,14,0,2,50,-1,,0,6,1,1612856619
gym-lanes-boss,corridor-hold,16,Defeat,13,0,13,104,17,0,1,30,-1,,0,12,0,2688823095
gym-lanes-boss,corridor-hold,17,Defeat,17,0,17,136,27,0,1,29,-1,,0,13,0,3636895153
gym-lanes-boss,corridor-hold,18,Defeat,11,0,11,88,9,0,3,63,-1,,0,12,0,627540245
gym-lanes-boss,corridor-hold,19,Defeat,13,0,13,104,15,0,1,53,-1,,0,15,0,1828348258
gym-lanes-boss,corridor-hold,20,Defeat,13,0,13,104,16,0,1,38,-1,,0,10,0,4118438436
gym-lanes-boss,corridor-hold,21,Defeat,12,0,12,96,13,0,1,50,-1,,0,9,0,1385749273
gym-lanes-boss,corridor-hold,22,Defeat,6,0,6,48,8,0,3,83,-1,,0,6,1,4097310583
gym-lanes-boss,corridor-hold,23,Defeat,18,0,18,144,24,0,1,38,-1,,0,26,0,1291840709
gym-lanes-boss,corridor-hold,24,Defeat,10,0,10,80,7,0,2,50,-1,,0,7,0,1687995472
gym-lanes-boss,corridor-hold,25,Defeat,20,0,20,160,25,0,1,35,3,1:3,0,19,0,2089024428
gym-lanes-boss,corridor-hold,26,Defeat,13,0,13,104,14,0,2,46,-1,,0,14,0,4063651749
gym-lanes-boss,corridor-hold,27,Defeat,17,0,17,136,13,0,2,58,-1,,0,22,0,561762747
gym-lanes-boss,corridor-hold,28,Defeat,7,0,7,56,3,0,2,85,-1,,0,4,0,470170159
gym-lanes-boss,corridor-hold,29,Defeat,14,0,14,112,18,0,1,35,-1,,0,12,0,143152445
gym-lanes-boss,corridor-hold,30,Defeat,9,0,9,72,15,0,3,55,-1,,0,9,1,3199506040
gym-lanes-boss,corridor-hold,31,Defeat,14,0,14,112,16,0,1,42,-1,,0,13,0,649731175
gym-lanes-boss,corridor-hold,32,Defeat,12,0,12,96,12,0,3,66,-1,,0,18,1,2767511277
gym-lanes-boss,corridor-hold,33,Defeat,7,0,7,56,8,0,4,85,11,1:11,0,9,1,2873540712
gym-lanes-boss,corridor-hold,34,Defeat,7,0,7,56,8,0,4,100,11,1:11,0,9,1,2427060034
gym-lanes-boss,corridor-hold,35,Defeat,13,0,13,104,17,0,2,46,-1,,0,15,0,3321724708
gym-lanes-boss,corridor-hold,36,Defeat,7,0,7,56,9,0,2,57,-1,,0,5,1,2770603079
gym-lanes-boss,corridor-hold,37,Defeat,15,0,15,120,14,0,1,40,-1,,0,14,0,2517840336
gym-lanes-boss,corridor-hold,38,Victory,31,0,31,248,49,105,0,29,-1,,0,49,0,3132877607
gym-lanes-boss,corridor-hold,39,Defeat,14,0,14,112,15,0,2,35,-1,,0,22,0,3611673172
gym-lanes-boss,corridor-hold,40,Defeat,13,0,13,104,21,0,1,38,-1,,0,13,0,2170132912
gym-lanes-boss,corridor-hold,41,Defeat,8,0,8,64,10,0,2,62,-1,,0,6,0,3483357820
gym-lanes-boss,corridor-hold,42,Defeat,17,0,17,136,19,0,1,47,-1,,0,21,0,446582702
gym-lanes-boss,corridor-hold,43,Victory,13,0,13,104,9,5,0,38,-1,,0,12,0,2453648985
gym-lanes-boss,corridor-hold,44,Defeat,13,0,13,104,12,0,1,38,-1,,0,14,0,2061717745
gym-lanes-boss,corridor-hold,45,Defeat,14,0,14,112,15,0,1,35,-1,,0,20,0,873923794
gym-lanes-boss,corridor-hold,46,Victory,27,0,27,216,32,20,0,18,11,1:11,0,23,0,2746297150
gym-lanes-boss,corridor-hold,47,Victory,31,0,31,248,53,20,0,19,12,1:12,0,26,0,488138420
gym-lanes-boss,corridor-hold,48,Defeat,11,0,11,88,10,0,1,45,-1,,0,6,0,2231261933
gym-lanes-boss,corridor-hold,49,Defeat,13,0,13,104,12,0,1,38,-1,,0,14,0,2779108552
gym-lanes-boss,corridor-hold,50,Defeat,15,0,15,120,17,0,1,33,20,1:20,0,17,0,3226135241
gym-lanes-boss,corridor-hold,51,Defeat,14,0,14,112,16,0,1,35,3,1:3,0,8,0,15259299
gym-lanes-boss,corridor-hold,52,Defeat,13,0,13,104,9,0,1,38,-1,,0,12,0,3897014759
gym-lanes-boss,corridor-hold,53,Defeat,16,0,16,128,19,0,1,31,-1,,0,19,0,1623244913
gym-lanes-boss,corridor-hold,54,Defeat,6,0,6,48,10,0,4,100,-1,,0,5,2,1702641478
gym-lanes-boss,corridor-hold,55,Defeat,16,0,16,128,22,0,1,37,11,1:11,0,19,0,4240826146
gym-lanes-boss,corridor-hold,56,Defeat,20,0,20,160,23,0,2,30,20,1:20,0,36,0,1637114834
gym-lanes-boss,corridor-hold,57,Defeat,12,0,12,96,13,0,1,41,-1,,0,15,0,2455427282
gym-lanes-boss,corridor-hold,58,Defeat,7,0,7,56,5,0,3,71,-1,,0,5,1,1213643156
gym-lanes-boss,corridor-hold,59,Victory,23,0,23,184,24,65,0,26,12,1:12,0,18,0,802034386
gym-lanes-boss,corridor-hold,60,Victory,26,0,26,208,30,110,0,26,3,1:3,0,34,0,1306586938
gym-lanes-boss,corridor-hold,61,Defeat,10,0,10,80,11,0,2,60,3,1:3,0,8,0,1711724116
gym-lanes-boss,corridor-hold,62,Defeat,26,0,26,208,37,0,1,19,20,1:20,0,42,0,2981117678
gym-lanes-boss,corridor-hold,63,Defeat,19,0,19,152,22,0,1,42,3,1:3,0,19,0,1429676544
gym-lanes-boss,corridor-hold,64,Defeat,22,0,22,176,39,0,1,22,3,1:3,0,17,0,4286907713
gym-lanes-boss,corridor-hold,65,Defeat,18,0,18,144,20,0,3,33,3,1:3,0,38,0,1375102635
gym-lanes-boss,corridor-hold,66,Defeat,13,0,13,104,20,0,2,46,-1,,0,20,0,3472984594
gym-lanes-boss,corridor-hold,67,Defeat,7,0,7,56,9,0,4,57,11,1:11,0,9,1,2707381587
gym-lanes-boss,corridor-hold,68,Defeat,11,0,11,88,6,0,3,45,20,1:20,0,14,0,601068449
gym-lanes-boss,corridor-hold,69,Victory,24,0,24,192,22,85,0,25,20,1:20,0,23,0,1253997603
gym-lanes-boss,corridor-hold,70,Defeat,13,0,13,104,17,0,1,30,-1,,0,12,0,4100504085
gym-lanes-boss,corridor-hold,71,Defeat,25,0,25,200,38,0,1,28,11,1:11,0,24,0,813357431
gym-lanes-boss,corridor-hold,72,Defeat,22,0,22,176,28,0,1,31,3,1:3,0,18,0,3092728974
gym-lanes-boss,corridor-hold,73,Defeat,16,0,16,128,14,0,1,43,-1,,0,12,0,2726716352
gym-lanes-boss,corridor-hold,74,Defeat,12,0,12,96,5,0,2,50,-1,,0,18,0,1086300617
gym-lanes-boss,corridor-hold,75,Defeat,7,0,7,56,14,0,2,57,-1,,0,6,0,3439170364
gym-lanes-boss,corridor-hold,76,Defeat,9,0,9,72,15,0,2,66,-1,,0,7,0,3817871344
gym-lanes-boss,corridor-hold,77,Defeat,15,0,15,120,15,0,1,33,-1,,0,11,0,2045532814
gym-lanes-boss,corridor-hold,78,Defeat,22,0,22,176,32,0,1,31,12,1:12,0,17,0,2927628765
gym-lanes-boss,corridor-hold,79,Defeat,11,0,11,88,11,0,2,72,-1,,0,9,0,1160696713
gym-lanes-boss,corridor-hold,80,Defeat,25,0,25,200,35,0,1,28,12,1:12,0,25,0,1145494151
gym-lanes-boss,corridor-hold,81,Defeat,12,0,12,96,20,0,2,66,-1,,0,11,0,3594898141
gym-lanes-boss,corridor-hold,82,Defeat,16,0,16,128,22,0,1,37,12,1:12,0,12,0,366743651
gym-lanes-boss,corridor-hold,83,Defeat,9,0,9,72,7,0,2,55,-1,,0,8,0,1280177280
gym-lanes-boss,corridor-hold,84,Defeat,11,0,11,88,5,0,1,54,-1,,0,9,0,3317898856
gym-lanes-boss,corridor-hold,85,Defeat,15,0,15,120,23,0,2,40,11,1:11,0,27,0,2116496369
gym-lanes-boss,corridor-hold,86,Defeat,14,0,14,112,10,0,1,42,3,1:3,0,10,0,3298859904
gym-lanes-boss,corridor-hold,87,Defeat,12,0,12,96,9,0,1,50,-1,,0,12,0,638284313
gym-lanes-boss,corridor-hold,88,Defeat,13,0,13,104,17,0,1,30,-1,,0,12,0,2675636015
gym-lanes-boss,corridor-hold,89,Defeat,14,0,14,112,16,0,1,35,-1,,0,13,0,3644698307
gym-lanes-boss,corridor-hold,90,Defeat,6,0,6,48,6,0,3,66,-1,,0,6,2,3090436249
gym-lanes-boss,corridor-hold,91,Defeat,15,0,15,120,12,0,1,33,-1,,0,13,0,3675768574
gym-lanes-boss,corridor-hold,92,Defeat,16,0,16,128,18,0,1,31,-1,,0,12,0,3820703484
gym-lanes-boss,corridor-hold,93,Defeat,12,0,12,96,12,0,2,50,-1,,0,11,0,565674695
gym-lanes-boss,corridor-hold,94,Defeat,12,0,12,96,12,0,1,33,-1,,0,19,0,761140616
gym-lanes-boss,corridor-hold,95,Defeat,22,0,22,176,30,0,2,40,12,1:12,0,34,0,2854833015
gym-lanes-boss,corridor-hold,96,Defeat,11,0,11,88,9,0,1,45,-1,,0,7,0,1600424511
gym-lanes-boss,corridor-hold,97,Defeat,13,0,13,104,16,0,1,38,-1,,0,8,0,75951513
gym-lanes-boss,corridor-hold,98,Defeat,14,0,14,112,18,0,1,35,-1,,0,13,0,93153979
gym-lanes-boss,corridor-hold,99,Defeat,16,0,16,128,21,0,1,43,-1,,0,14,0,3221411998
gym-lanes-boss,corridor-hold,100,Defeat,16,0,16,128,12,0,1,37,-1,,0,21,0,1107209137
gym-lanes-boss,corridor-hold,101,Defeat,13,0,13,104,18,0,3,53,-1,,0,22,0,1421263293
gym-lanes-boss,corridor-hold,102,Defeat,13,0,13,104,22,0,1,30,-1,,0,12,0,4100504085
gym-lanes-boss,corridor-hold,103,Defeat,13,0,13,104,20,0,1,46,-1,,0,15,0,3033576144
gym-lanes-boss,corridor-hold,104,Defeat,10,0,10,80,10,0,1,60,-1,,0,6,0,2007011054
gym-lanes-boss,corridor-hold,105,Defeat,9,0,9,72,6,0,1,66,-1,,0,9,0,2887910434
gym-lanes-boss,corridor-hold,106,Defeat,7,0,7,56,4,0,2,100,11,1:11,0,7,0,3777530177
gym-lanes-boss,corridor-hold,107,Defeat,11,0,11,88,8,0,1,54,-1,,0,6,0,3330650027
gym-lanes-boss,corridor-hold,108,Defeat,23,0,23,184,26,0,2,39,20,1:20,0,38,0,1384643945
gym-lanes-boss,corridor-hold,109,Victory,13,0,13,104,16,5,0,38,-1,,0,9,0,312181378
gym-lanes-boss,corridor-hold,110,Defeat,10,0,10,80,7,0,2,50,-1,,0,10,0,1860110205
gym-lanes-boss,corridor-hold,111,Defeat,14,0,14,112,11,0,1,50,-1,,0,15,0,1374324511
gym-lanes-boss,corridor-hold,112,Defeat,30,0,30,240,52,0,1,26,12,1:12,0,26,0,1141698416
gym-lanes-boss,corridor-hold,113,Defeat,10,0,10,80,13,0,1,50,-1,,0,9,0,1429702083
gym-lanes-boss,corridor-hold,114,Defeat,10,0,10,80,10,0,2,40,-1,,0,9,0,1812774954
gym-lanes-boss,corridor-hold,115,Defeat,11,0,11,88,23,0,3,72,-1,,0,15,0,2812184593
gym-lanes-boss,corridor-hold,116,Defeat,11,0,11,88,10,0,1,45,-1,,0,14,0,2282073833
gym-lanes-boss,corridor-hold,117,Defeat,11,0,11,88,15,0,2,54,-1,,0,15,0,1902008108
gym-lanes-boss,corridor-hold,118,Defeat,6,0,6,48,4,0,2,66,-1,,0,6,0,3679492526
gym-lanes-boss,corridor-hold,119,Defeat,14,0,14,112,11,0,2,35,20,1:20,0,24,0,1108609869
gym-lanes-boss,corridor-hold,120,Defeat,21,0,21,168,22,0,2,42,12,1:12,0,33,0,552275907
gym-lanes-boss,corridor-hold,121,Defeat,15,0,15,120,17,0,1,40,20,1:20,0,11,0,2076305520
gym-lanes-boss,corridor-hold,122,Defeat,10,0,10,80,7,0,2,50,-1,,0,10,0,182605210
gym-lanes-boss,corridor-hold,123,Defeat,11,0,11,88,12,0,2,54,3,1:3,0,13,0,2701377567
gym-lanes-boss,corridor-hold,124,Defeat,12,0,12,96,9,0,1,41,-1,,0,11,0,1694529705
gym-lanes-boss,corridor-hold,125,Defeat,19,0,19,152,28,0,1,21,3,1:3,0,15,0,359815587
gym-lanes-boss,corridor-hold,126,Defeat,11,0,11,88,13,0,2,54,-1,,0,13,0,3955177217
gym-lanes-boss,corridor-hold,127,Defeat,8,0,8,64,14,0,4,87,11,1:11,0,12,0,105026751
gym-lanes-boss,corridor-hold,128,Defeat,22,0,22,176,29,0,2,27,20,1:20,0,60,0,830559869
gym-lanes-boss,corridor-hold,129,Defeat,6,0,6,48,12,0,3,83,-1,,0,5,1,2946816750
gym-lanes-boss,corridor-hold,130,Defeat,11,0,11,88,10,0,2,54,-1,,0,13,0,2989595770
gym-lanes-boss,corridor-hold,131,Defeat,13,0,13,104,22,0,1,30,-1,,0,12,0,4100504085
gym-lanes-boss,corridor-hold,132,Defeat,6,0,6,48,11,0,3,66,-1,,0,3,1,2991033284
gym-lanes-boss,corridor-hold,133,Defeat,12,0,12,96,14,0,1,50,-1,,0,13,0,2634184013
gym-lanes-boss,corridor-hold,134,Victory,18,0,18,144,22,210,0,27,3,1:3,0,15,0,388789974
gym-lanes-boss,corridor-hold,135,Defeat,12,0,12,96,10,0,1,50,-1,,0,12,0,679811365
gym-lanes-boss,corridor-hold,136,Defeat,19,0,19,152,25,0,1,36,12,1:12,0,16,0,2683063459
gym-lanes-boss,corridor-hold,137,Defeat,14,0,14,112,11,0,1,50,3,1:3,0,9,0,3597549461
gym-lanes-boss,corridor-hold,138,Defeat,5,0,5,40,10,0,3,80,-1,,0,4,2,1214506353
gym-lanes-boss,corridor-hold,139,Defeat,15,0,15,120,16,0,1,33,20,1:20,0,17,0,2736436013
gym-lanes-boss,corridor-hold,140,Defeat,12,0,12,96,8,0,2,50,-1,,0,13,0,2029411948
gym-lanes-boss,corridor-hold,141,Defeat,9,0,9,72,14,0,2,55,-1,,0,8,0,3334153539
gym-lanes-boss,corridor-hold,142,Defeat,11,0,11,88,8,0,2,54,3,1:3,0,13,0,3159076576
gym-lanes-boss,corridor-hold,143,Defeat,12,0,12,96,19,0,2,41,-1,,0,18,0,196842963
gym-lanes-boss,corridor-hold,144,Defeat,19,0,19,152,29,0,1,26,12,1:12,0,17,0,2265584886
gym-lanes-boss,corridor-hold,145,Defeat,28,0,28,224,35,0,1,28,20,1:20,0,28,0,1104434214
gym-lanes-boss,corridor-hold,146,Defeat,11,0,11,88,11,0,1,45,-1,,0,17,0,371669191
gym-lanes-boss,corridor-hold,147,Defeat,13,0,13,104,14,0,3,23,3,1:3,0,23,0,3604030061
gym-lanes-boss,corridor-hold,148,Defeat,10,0,10,80,10,0,3,60,-1,,0,11,0,1315876528
gym-lanes-boss,corridor-hold,149,Defeat,14,0,14,112,23,0,1,35,-1,,0,13,0,682083402
gym-lanes-boss,corridor-hold,150,Defeat,13,0,13,104,12,0,1,53,-1,,0,10,0,1913569146
gym-lanes-boss,corridor-hold,151,Defeat,12,0,12,96,8,0,2,41,20,1:20,0,12,0,2741856420
gym-lanes-boss,corridor-hold,152,Defeat,10,0,10,80,2,0,1,60,-1,,0,5,0,4178084464
gym-lanes-boss,corridor-hold,153,Defeat,23,0,23,184,38,0,2,56,12,1:12,0,50,0,3473889294
gym-lanes-boss,corridor-hold,154,Defeat,12,0,12,96,20,0,1,41,-1,,0,13,0,1441707429
gym-lanes-boss,corridor-hold,155,Defeat,12,0,12,96,15,0,1,50,-1,,0,13,0,3436691632
gym-lanes-boss,corridor-hold,156,Defeat,16,0,16,128,21,0,2,43,20,1:20,0,28,0,3394530425
gym-lanes-boss,corridor-hold,157,Defeat,12,0,12,96,13,0,2,58,-1,,0,14,0,3730434434
gym-lanes-boss,corridor-hold,158,Defeat,12,0,12,96,17,0,1,33,-1,,0,18,0,2371360541
gym-lanes-boss,corridor-hold,159,Defeat,17,0,17,136,20,0,2,47,20,1:20,0,19,0,3701630212
gym-lanes-boss,corridor-hold,160,Defeat,7,0,7,56,9,0,1,57,-1,,0,5,1,1570846419
gym-lanes-boss,corridor-hold,161,Defeat,8,0,8,64,12,0,4,62,11,1:11,0,12,1,1444583004
gym-lanes-boss,corridor-hold,162,Defeat,13,0,13,104,17,0,1,30,-1,,0,13,0,2625516771
gym-lanes-boss,corridor-hold,163,Defeat,25,0,25,200,30,0,1,20,12,1:12,0,21,0,4071370997
gym-lanes-boss,corridor-hold,164,Defeat,12,0,12,96,12,0,1,41,-1,,0,16,0,1555920068
gym-lanes-boss,corridor-hold,165,Defeat,13,0,13,104,13,0,1,38,3,1:3,0,9,0,3805711497
gym-lanes-boss,corridor-hold,166,Defeat,24,0,24,192,38,0,1,37,12,1:12,0,21,0,3015740844
gym-lanes-boss,corridor-hold,167,Defeat,20,0,20,160,27,0,1,25,12,1:12,0,16,0,1734761978
gym-lanes-boss,corridor-hold,168,Defeat,13,0,13,104,18,0,1,38,-1,,0,12,0,1828172568
gym-lanes-boss,corridor-hold,169,Defeat,15,0,15,120,35,0,1,40,-1,,0,18,0,3342469747
gym-lanes-boss,corridor-hold,170,Defeat,15,0,15,120,17,0,1,33,-1,,0,15,0,1713060408
gym-lanes-boss,corridor-hold,171,Defeat,16,0,16,128,15,0,2,50,-1,,0,21,0,629931965
gym-lanes-boss,corridor-hold,172,Defeat,15,0,15,120,12,0,1,40,3,1:3,0,11,0,1417555815
gym-lanes-boss,corridor-hold,173,Defeat,12,0,12,96,16,0,1,33,-1,,0,19,0,1351380063
gym-lanes-boss,corridor-hold,174,Defeat,20,0,20,160,19,0,1,20,20,1:20,0,19,0,1947574258
gym-lanes-boss,corridor-hold,175,Defeat,11,0,11,88,10,0,1,45,-1,,0,13,0,4062005667
gym-lanes-boss,corridor-hold,176,Defeat,5,0,5,40,5,0,4,80,-1,,0,4,2,325839756
gym-lanes-boss,corridor-hold,177,Defeat,14,0,14,112,8,0,1,35,-1,,0,15,0,1297694116
gym-lanes-boss,corridor-hold,178,Defeat,12,0,12,96,9,0,1,41,-1,,0,15,0,2872531616
gym-lanes-boss,corridor-hold,179,Victory,18,0,18,144,15,90,0,27,12,1:12,0,13,0,1263768302
gym-lanes-boss,corridor-hold,180,Defeat,13,0,13,104,24,0,1,46,-1,,0,9,0,3597596301
gym-lanes-boss,corridor-hold,181,Defeat,19,0,19,152,28,0,1,26,-1,,0,15,0,3897905954
gym-lanes-boss,corridor-hold,182,Defeat,11,0,11,88,28,0,2,45,-1,,0,11,0,2016867465
gym-lanes-boss,corridor-hold,183,Defeat,12,0,12,96,8,0,1,66,-1,,0,16,0,2049419080
gym-lanes-boss,corridor-hold,184,Defeat,12,0,12,96,6,0,1,66,-1,,0,13,0,1623564671
gym-lanes-boss,corridor-hold,185,Defeat,6,0,6,48,12,0,2,66,-1,,0,5,1,1977477721
gym-lanes-boss,corridor-hold,186,Victory,15,0,15,120,7,5,0,46,3,1:3,0,9,0,2040244643
gym-lanes-boss,corridor-hold,187,Defeat,13,0,13,104,21,0,1,38,-1,,0,13,0,2380270120
gym-lanes-boss,corridor-hold,188,Defeat,12,0,12,96,7,0,2,33,20,1:20,0,15,0,2927888587
gym-lanes-boss,corridor-hold,189,Defeat,13,0,13,104,14,0,2,61,-1,,0,19,0,1450898005
gym-lanes-boss,corridor-hold,190,Defeat,5,0,5,40,12,0,4,80,-1,,0,4,2,3516454651
gym-lanes-boss,corridor-hold,191,Defeat,17,0,17,136,28,0,1,41,3,1:3,0,13,0,1225333003
gym-lanes-boss,corridor-hold,192,Defeat,22,0,22,176,24,0,1,36,12,1:12,0,23,0,1263686125
gym-lanes-boss,corridor-hold,193,Defeat,13,0,13,104,13,0,1,38,-1,,0,11,0,1792378916
gym-lanes-boss,corridor-hold,194,Defeat,13,0,13,104,16,0,2,46,-1,,0,15,0,371221067
gym-lanes-boss,corridor-hold,195,Defeat,14,0,14,112,13,0,1,50,-1,,0,10,0,2739251571
gym-lanes-boss,corridor-hold,196,Defeat,12,0,12,96,16,0,1,41,-1,,0,7,0,1864781894
gym-lanes-boss,corridor-hold,197,Defeat,21,0,21,168,32,0,1,23,12,1:12,0,16,0,2173577270
gym-lanes-boss,corridor-hold,198,Defeat,11,0,11,88,8,0,1,45,-1,,0,12,0,2978430615
gym-lanes-boss,corridor-hold,199,Victory,13,0,13,104,5,25,0,38,-1,,0,8,0,1257825199
gym-lanes-boss,corridor-hold,200,Defeat,13,0,13,104,20,0,1,53,-1,,0,15,0,2930027206
gym-lanes-boss,tpa-order,1,Defeat,14,0,14,112,12,0,1,42,3,1:3,0,18,0,2739169067
gym-lanes-boss,tpa-order,2,Defeat,24,0,24,192,24,0,1,33,20,1:20,0,35,0,681375895
gym-lanes-boss,tpa-order,3,Defeat,12,0,12,96,7,0,1,50,-1,,0,14,0,2281332797
gym-lanes-boss,tpa-order,4,Defeat,11,0,11,88,7,0,1,54,-1,,0,8,0,676984495
gym-lanes-boss,tpa-order,5,Defeat,22,0,22,176,34,0,1,31,12,1:12,0,25,0,128314120
gym-lanes-boss,tpa-order,6,Defeat,17,0,17,136,23,0,1,35,-1,,0,19,0,3174657624
gym-lanes-boss,tpa-order,7,Defeat,10,0,10,80,13,0,2,50,-1,,0,10,1,3838325526
gym-lanes-boss,tpa-order,8,Defeat,12,0,12,96,9,0,1,58,-1,,0,11,0,2728385299
gym-lanes-boss,tpa-order,9,Defeat,10,0,10,80,6,0,1,50,-1,,0,11,0,2116100195
gym-lanes-boss,tpa-order,10,Defeat,25,0,25,200,28,0,1,28,12,1:12,0,19,0,994284619
gym-lanes-boss,tpa-order,11,Defeat,21,0,21,168,25,0,1,28,20,1:20,0,28,0,144606619
gym-lanes-boss,tpa-order,12,Victory,25,0,25,200,35,80,0,28,3,1:3,0,20,0,338656462
gym-lanes-boss,tpa-order,13,Defeat,10,0,10,80,14,0,2,40,-1,,0,10,0,182454503
gym-lanes-boss,tpa-order,14,Defeat,18,0,18,144,27,0,1,44,-1,,0,27,0,3641227984
gym-lanes-boss,tpa-order,15,Defeat,8,0,8,64,14,0,2,50,-1,,0,6,1,1612856619
gym-lanes-boss,tpa-order,16,Defeat,13,0,13,104,17,0,1,30,-1,,0,12,0,2688823095
gym-lanes-boss,tpa-order,17,Defeat,17,0,17,136,27,0,1,29,-1,,0,13,0,3636895153
gym-lanes-boss,tpa-order,18,Defeat,11,0,11,88,9,0,2,54,-1,,0,12,0,975531213
gym-lanes-boss,tpa-order,19,Defeat,13,0,13,104,15,0,1,53,-1,,0,15,0,1828348258
gym-lanes-boss,tpa-order,20,Defeat,13,0,13,104,16,0,1,38,-1,,0,10,0,4118438436
gym-lanes-boss,tpa-order,21,Defeat,12,0,12,96,13,0,1,50,-1,,0,9,0,1385749273
gym-lanes-boss,tpa-order,22,Defeat,6,0,6,48,8,0,3,83,-1,,0,6,1,4097310583
gym-lanes-boss,tpa-order,23,Defeat,18,0,18,144,24,0,1,38,-1,,0,26,0,1291840709
gym-lanes-boss,tpa-order,24,Defeat,10,0,10,80,7,0,2,50,-1,,0,7,0,1687995472
gym-lanes-boss,tpa-order,25,Defeat,20,0,20,160,25,0,1,35,3,1:3,0,19,0,2089024428
gym-lanes-boss,tpa-order,26,Defeat,13,0,13,104,14,0,2,46,-1,,0,14,0,1946770933
gym-lanes-boss,tpa-order,27,Defeat,11,0,11,88,2,0,1,63,-1,,0,7,0,3085358605
gym-lanes-boss,tpa-order,28,Defeat,6,0,6,48,3,0,2,83,11,1:11,0,2,0,1205429601
gym-lanes-boss,tpa-order,29,Defeat,14,0,14,112,18,0,1,35,-1,,0,12,0,143152445
gym-lanes-boss,tpa-order,30,Defeat,9,0,9,72,15,0,2,44,-1,,0,9,1,1965663267
gym-lanes-boss,tpa-order,31,Defeat,14,0,14,112,16,0,1,42,-1,,0,13,0,649731175
gym-lanes-boss,tpa-order,32,Defeat,12,0,12,96,12,0,3,66,-1,,0,18,1,2767511277
gym-lanes-boss,tpa-order,33,Defeat,7,0,7,56,8,0,4,85,11,1:11,0,9,1,2873540712
gym-lanes-boss,tpa-order,34,Defeat,7,0,7,56,8,0,2,85,11,1:11,0,8,1,1645097173
gym-lanes-boss,tpa-order,35,Defeat,13,0,13,104,17,0,2,46,-1,,0,15,0,3321724708
gym-lanes-boss,tpa-order,36,Defeat,7,0,7,56,9,0,2,57,-1,,0,5,1,2770603079
gym-lanes-boss,tpa-order,37,Defeat,15,0,15,120,14,0,1,40,-1,,0,14,0,2517840336
gym-lanes-boss,tpa-order,38,Victory,31,0,31,248,49,105,0,29,-1,,0,49,0,3132877607
gym-lanes-boss,tpa-order,39,Defeat,15,0,15,120,15,0,1,33,-1,,0,23,0,2004684096
gym-lanes-boss,tpa-order,40,Defeat,13,0,13,104,21,0,1,38,-1,,0,13,0,2170132912
gym-lanes-boss,tpa-order,41,Defeat,8,0,8,64,10,0,2,62,-1,,0,6,0,1485576961
gym-lanes-boss,tpa-order,42,Defeat,17,0,17,136,19,0,1,47,-1,,0,21,0,446582702
gym-lanes-boss,tpa-order,43,Victory,13,0,13,104,9,5,0,38,-1,,0,12,0,2453648985
gym-lanes-boss,tpa-order,44,Defeat,13,0,13,104,12,0,1,38,-1,,0,14,0,2061717745
gym-lanes-boss,tpa-order,45,Defeat,14,0,14,112,15,0,1,35,-1,,0,20,0,873923794
gym-lanes-boss,tpa-order,46,Victory,27,0,27,216,32,20,0,18,11,1:11,0,23,0,2746297150
gym-lanes-boss,tpa-order,47,Victory,31,0,31,248,53,20,0,19,12,1:12,0,26,0,488138420
gym-lanes-boss,tpa-order,48,Defeat,11,0,11,88,10,0,1,45,-1,,0,6,0,2231261933
gym-lanes-boss,tpa-order,49,Defeat,13,0,13,104,12,0,1,38,-1,,0,14,0,2779108552
gym-lanes-boss,tpa-order,50,Defeat,15,0,15,120,17,0,1,33,20,1:20,0,17,0,3226135241
gym-lanes-boss,tpa-order,51,Defeat,14,0,14,112,16,0,1,35,3,1:3,0,8,0,15259299
gym-lanes-boss,tpa-order,52,Defeat,13,0,13,104,9,0,1,38,-1,,0,12,0,3897014759
gym-lanes-boss,tpa-order,53,Defeat,16,0,16,128,19,0,1,31,-1,,0,19,0,1623244913
gym-lanes-boss,tpa-order,54,Defeat,6,0,6,48,10,0,4,100,-1,,0,5,2,1702641478
gym-lanes-boss,tpa-order,55,Defeat,16,0,16,128,22,0,1,37,11,1:11,0,19,0,4240826146
gym-lanes-boss,tpa-order,56,Defeat,20,0,20,160,23,0,2,30,20,1:20,0,36,0,237050274
gym-lanes-boss,tpa-order,57,Defeat,12,0,12,96,13,0,1,41,-1,,0,15,0,2455427282
gym-lanes-boss,tpa-order,58,Defeat,7,0,7,56,5,0,3,71,-1,,0,5,1,1213643156
gym-lanes-boss,tpa-order,59,Victory,23,0,23,184,24,65,0,26,12,1:12,0,18,0,802034386
gym-lanes-boss,tpa-order,60,Victory,26,0,26,208,30,110,0,26,3,1:3,0,34,0,1306586938
gym-lanes-boss,tpa-order,61,Defeat,10,0,10,80,11,0,2,60,3,1:3,0,8,0,1711724116
gym-lanes-boss,tpa-order,62,Defeat,26,0,26,208,37,0,1,19,20,1:20,0,42,0,2981117678
gym-lanes-boss,tpa-order,63,Defeat,19,0,19,152,22,0,1,42,3,1:3,0,19,0,1429676544
gym-lanes-boss,tpa-order,64,Defeat,22,0,22,176,39,0,1,22,3,1:3,0,17,0,4286907713
gym-lanes-boss,tpa-order,65,Defeat,18,0,18,144,20,0,3,33,3,1:3,0,38,0,1375102635
gym-lanes-boss,tpa-order,66,Defeat,20,0,20,160,29,0,1,40,-1,,0,27,0,2653123041
gym-lanes-boss,tpa-order,67,Defeat,7,0,7,56,9,0,4,57,11,1:11,0,9,1,2707381587
gym-lanes-boss,tpa-order,68,Defeat,11,0,11,88,6,0,3,45,20,1:20,0,14,0,601068449
gym-lanes-boss,tpa-order,69,Victory,24,0,24,192,22,85,0,25,20,1:20,0,23,0,1253997603
gym-lanes-boss,tpa-order,70,Defeat,13,0,13,104,17,0,1,30,-1,,0,12,0,4100504085
gym-lanes-boss,tpa-order,71,Defeat,25,0,25,200,38,0,1,28,11,1:11,0,24,0,813357431
gym-lanes-boss,tpa-order,72,Defeat,22,0,22,176,28,0,1,31,3,1:3,0,18,0,3092728974
gym-lanes-boss,tpa-order,73,Defeat,16,0,16,128,14,0,1,43,-1,,0,12,0,2726716352
gym-lanes-boss,tpa-order,74,Defeat,12,0,12,96,5,0,2,50,-1,,0,18,0,1086300617
gym-lanes-boss,tpa-order,75,Defeat,7,0,7,56,14,0,2,57,-1,,0,6,0,3439170364
gym-lanes-boss,tpa-order,76,Defeat,9,0,9,72,15,0,2,66,-1,,0,7,0,3817871344
gym-lanes-boss,tpa-order,77,Defeat,15,0,15,120,15,0,1,33,-1,,0,11,0,2045532814
gym-lanes-boss,tpa-order,78,Defeat,22,0,22,176,32,0,1,31,12,1:12,0,17,0,2927628765
gym-lanes-boss,tpa-order,79,Defeat,11,0,11,88,11,0,2,72,-1,,0,9,0,1160696713
gym-lanes-boss,tpa-order,80,Defeat,25,0,25,200,35,0,1,28,12,1:12,0,25,0,1145494151
gym-lanes-boss,tpa-order,81,Defeat,13,0,13,104,20,0,1,61,-1,,0,12,0,3012820706
gym-lanes-boss,tpa-order,82,Defeat,16,0,16,128,22,0,1,37,12,1:12,0,12,0,366743651
gym-lanes-boss,tpa-order,83,Defeat,9,0,9,72,7,0,2,55,-1,,0,8,0,1280177280
gym-lanes-boss,tpa-order,84,Defeat,11,0,11,88,5,0,1,54,-1,,0,9,0,3317898856
gym-lanes-boss,tpa-order,85,Defeat,15,0,15,120,23,0,2,40,11,1:11,0,27,0,2116496369
gym-lanes-boss,tpa-order,86,Defeat,14,0,14,112,10,0,1,42,3,1:3,0,10,0,3298859904
gym-lanes-boss,tpa-order,87,Defeat,12,0,12,96,9,0,1,50,-1,,0,11,0,925905819
gym-lanes-boss,tpa-order,88,Defeat,13,0,13,104,17,0,1,30,-1,,0,12,0,2675636015
gym-lanes-boss,tpa-order,89,Defeat,14,0,14,112,16,0,1,35,-1,,0,13,0,3644698307
gym-lanes-boss,tpa-order,90,Defeat,6,0,6,48,6,0,3,66,-1,,0,6,2,3090436249
gym-lanes-boss,tpa-order,91,Defeat,15,0,15,120,12,0,1,33,-1,,0,13,0,3675768574
gym-lanes-boss,tpa-order,92,Defeat,16,0,16,128,18,0,1,31,-1,,0,12,0,3820703484
gym-lanes-boss,tpa-order,93,Defeat,12,0,12,96,12,0,2,50,-1,,0,11,0,565674695
gym-lanes-boss,tpa-order,94,Defeat,12,0,12,96,12,0,1,33,-1,,0,19,0,761140616
gym-lanes-boss,tpa-order,95,Victory,23,0,23,184,30,40,0,34,12,1:12,0,35,0,1714644148
gym-lanes-boss,tpa-order,96,Defeat,11,0,11,88,9,0,1,45,-1,,0,7,0,1600424511
gym-lanes-boss,tpa-order,97,Defeat,13,0,13,104,16,0,1,38,-1,,0,8,0,75951513
gym-lanes-boss,tpa-order,98,Defeat,14,0,14,112,18,0,1,35,-1,,0,13,0,93153979
gym-lanes-boss,tpa-order,99,Defeat,16,0,16,128,21,0,1,43,-1,,0,14,0,3221411998
gym-lanes-boss,tpa-order,100,Defeat,16,0,16,128,12,0,1,37,-1,,0,21,0,1107209137
gym-lanes-boss,tpa-order,101,Defeat,13,0,13,104,18,0,2,53,-1,,0,22,0,3633488391
gym-lanes-boss,tpa-order,102,Defeat,13,0,13,104,22,0,1,30,-1,,0,12,0,4100504085
gym-lanes-boss,tpa-order,103,Defeat,13,0,13,104,20,0,1,46,-1,,0,15,0,3033576144
gym-lanes-boss,tpa-order,104,Defeat,10,0,10,80,10,0,1,60,-1,,0,6,0,2007011054
gym-lanes-boss,tpa-order,105,Defeat,9,0,9,72,6,0,1,66,-1,,0,9,0,2887910434
gym-lanes-boss,tpa-order,106,Defeat,7,0,7,56,4,0,2,100,11,1:11,0,7,0,3777530177
gym-lanes-boss,tpa-order,107,Defeat,11,0,11,88,8,0,1,54,-1,,0,6,0,3330650027
gym-lanes-boss,tpa-order,108,Defeat,23,0,23,184,26,0,2,39,20,1:20,0,38,0,1384643945
gym-lanes-boss,tpa-order,109,Victory,13,0,13,104,16,5,0,38,-1,,0,9,0,312181378
gym-lanes-boss,tpa-order,110,Defeat,10,0,10,80,7,0,2,50,-1,,0,10,0,1860110205
gym-lanes-boss,tpa-order,111,Defeat,14,0,14,112,11,0,1,50,-1,,0,15,0,1374324511
gym-lanes-boss,tpa-order,112,Defeat,30,0,30,240,52,0,1,26,12,1:12,0,26,0,1141698416
gym-lanes-boss,tpa-order,113,Defeat,10,0,10,80,13,0,1,50,-1,,0,9,0,1429702083
gym-lanes-boss,tpa-order,114,Defeat,10,0,10,80,10,0,2,40,-1,,0,9,0,1812774954
gym-lanes-boss,tpa-order,115,Defeat,11,0,11,88,23,0,2,45,-1,,0,14,0,3416743202
gym-lanes-boss,tpa-order,116,Defeat,11,0,11,88,10,0,1,45,-1,,0,14,0,2282073833
gym-lanes-boss,tpa-order,117,Defeat,11,0,11,88,15,0,2,54,-1,,0,15,0,1902008108
gym-lanes-boss,tpa-order,118,Defeat,6,0,6,48,4,0,2,66,-1,,0,6,0,3679492526
gym-lanes-boss,tpa-order,119,Defeat,14,0,14,112,11,0,2,35,20,1:20,0,24,0,1108609869
gym-lanes-boss,tpa-order,120,Defeat,21,0,21,168,22,0,1,38,12,1:12,0,33,0,3694715176
gym-lanes-boss,tpa-order,121,Defeat,15,0,15,120,17,0,1,40,20,1:20,0,11,0,2076305520
gym-lanes-boss,tpa-order,122,Defeat,10,0,10,80,7,0,2,50,-1,,0,10,0,182605210
gym-lanes-boss,tpa-order,123,Defeat,11,0,11,88,12,0,2,54,3,1:3,0,13,0,2701377567
gym-lanes-boss,tpa-order,124,Defeat,12,0,12,96,9,0,1,41,-1,,0,11,0,1694529705
gym-lanes-boss,tpa-order,125,Defeat,19,0,19,152,28,0,1,21,3,1:3,0,15,0,359815587
gym-lanes-boss,tpa-order,126,Defeat,11,0,11,88,13,0,2,54,-1,,0,13,0,3955177217
gym-lanes-boss,tpa-order,127,Defeat,8,0,8,64,14,0,3,75,11,1:11,0,12,0,3646150612
gym-lanes-boss,tpa-order,128,Defeat,22,0,22,176,29,0,2,27,20,1:20,0,60,0,830559869
gym-lanes-boss,tpa-order,129,Defeat,6,0,6,48,12,0,3,83,-1,,0,5,1,2946816750
gym-lanes-boss,tpa-order,130,Defeat,11,0,11,88,10,0,2,54,-1,,0,13,0,2989595770
gym-lanes-boss,tpa-order,131,Defeat,13,0,13,104,22,0,1,30,-1,,0,12,0,4100504085
gym-lanes-boss,tpa-order,132,Defeat,6,0,6,48,11,0,3,66,-1,,0,3,1,2991033284
gym-lanes-boss,tpa-order,133,Defeat,12,0,12,96,14,0,1,50,-1,,0,13,0,2634184013
gym-lanes-boss,tpa-order,134,Victory,18,0,18,144,22,210,0,27,3,1:3,0,15,0,388789974
gym-lanes-boss,tpa-order,135,Defeat,12,0,12,96,10,0,1,50,-1,,0,12,0,679811365
gym-lanes-boss,tpa-order,136,Defeat,19,0,19,152,25,0,1,36,12,1:12,0,16,0,2683063459
gym-lanes-boss,tpa-order,137,Defeat,14,0,14,112,11,0,1,50,3,1:3,0,9,0,3597549461
gym-lanes-boss,tpa-order,138,Defeat,5,0,5,40,10,0,3,80,-1,,0,4,2,1214506353
gym-lanes-boss,tpa-order,139,Defeat,15,0,15,120,16,0,1,33,20,1:20,0,17,0,2736436013
gym-lanes-boss,tpa-order,140,Defeat,12,0,12,96,8,0,2,50,-1,,0,13,0,2029411948
gym-lanes-boss,tpa-order,141,Defeat,9,0,9,72,14,0,2,55,-1,,0,8,0,3334153539
gym-lanes-boss,tpa-order,142,Defeat,11,0,11,88,8,0,2,54,3,1:3,0,13,0,3159076576
gym-lanes-boss,tpa-order,143,Defeat,12,0,12,96,19,0,2,41,-1,,0,18,0,196842963
gym-lanes-boss,tpa-order,144,Defeat,19,0,19,152,29,0,1,26,12,1:12,0,17,0,2265584886
gym-lanes-boss,tpa-order,145,Defeat,28,0,28,224,35,0,1,28,20,1:20,0,28,0,1104434214
gym-lanes-boss,tpa-order,146,Defeat,11,0,11,88,11,0,1,45,-1,,0,17,0,371669191
gym-lanes-boss,tpa-order,147,Defeat,13,0,13,104,14,0,3,23,3,1:3,0,23,0,3604030061
gym-lanes-boss,tpa-order,148,Defeat,12,0,12,96,10,0,1,58,-1,,0,14,0,3860692583
gym-lanes-boss,tpa-order,149,Defeat,14,0,14,112,23,0,1,35,-1,,0,13,0,682083402
gym-lanes-boss,tpa-order,150,Defeat,13,0,13,104,12,0,1,53,-1,,0,10,0,1913569146
gym-lanes-boss,tpa-order,151,Defeat,12,0,12,96,8,0,2,41,20,1:20,0,12,0,2741856420
gym-lanes-boss,tpa-order,152,Defeat,10,0,10,80,2,0,1,60,-1,,0,5,0,4178084464
gym-lanes-boss,tpa-order,153,Defeat,23,0,23,184,38,0,1,52,12,1:12,0,50,0,3734657207
gym-lanes-boss,tpa-order,154,Defeat,12,0,12,96,20,0,1,41,-1,,0,13,0,1441707429
gym-lanes-boss,tpa-order,155,Defeat,12,0,12,96,15,0,1,50,-1,,0,13,0,3436691632
gym-lanes-boss,tpa-order,156,Defeat,16,0,16,128,21,0,2,43,20,1:20,0,28,0,3394530425
gym-lanes-boss,tpa-order,157,Defeat,12,0,12,96,13,0,2,58,-1,,0,14,0,2553393312
gym-lanes-boss,tpa-order,158,Defeat,12,0,12,96,17,0,1,33,-1,,0,18,0,2371360541
gym-lanes-boss,tpa-order,159,Defeat,17,0,17,136,20,0,2,47,20,1:20,0,19,0,3701630212
gym-lanes-boss,tpa-order,160,Defeat,7,0,7,56,9,0,1,57,-1,,0,5,1,1570846419
gym-lanes-boss,tpa-order,161,Defeat,8,0,8,64,12,0,4,62,11,1:11,0,12,1,1444583004
gym-lanes-boss,tpa-order,162,Defeat,13,0,13,104,17,0,1,30,-1,,0,13,0,2625516771
gym-lanes-boss,tpa-order,163,Defeat,25,0,25,200,30,0,1,20,12,1:12,0,21,0,4071370997
gym-lanes-boss,tpa-order,164,Defeat,12,0,12,96,12,0,1,41,-1,,0,16,0,1555920068
gym-lanes-boss,tpa-order,165,Defeat,13,0,13,104,13,0,1,38,3,1:3,0,9,0,3805711497
gym-lanes-boss,tpa-order,166,Defeat,24,0,24,192,38,0,1,37,12,1:12,0,21,0,3015740844
gym-lanes-boss,tpa-order,167,Defeat,20,0,20,160,27,0,1,25,12,1:12,0,16,0,1734761978
gym-lanes-boss,tpa-order,168,Defeat,13,0,13,104,18,0,1,38,-1,,0,12,0,1828172568
gym-lanes-boss,tpa-order,169,Defeat,15,0,15,120,35,0,1,40,-1,,0,18,0,3342469747
gym-lanes-boss,tpa-order,170,Defeat,15,0,15,120,17,0,1,33,-1,,0,15,0,1713060408
gym-lanes-boss,tpa-order,171,Defeat,16,0,16,128,15,0,1,37,-1,,0,20,0,1255334130
gym-lanes-boss,tpa-order,172,Defeat,15,0,15,120,12,0,1,40,3,1:3,0,11,0,1417555815
gym-lanes-boss,tpa-order,173,Defeat,12,0,12,96,16,0,1,33,-1,,0,19,0,1351380063
gym-lanes-boss,tpa-order,174,Defeat,20,0,20,160,19,0,1,20,20,1:20,0,19,0,1947574258
gym-lanes-boss,tpa-order,175,Defeat,11,0,11,88,10,0,1,45,-1,,0,13,0,4062005667
gym-lanes-boss,tpa-order,176,Defeat,5,0,5,40,5,0,4,80,-1,,0,4,2,325839756
gym-lanes-boss,tpa-order,177,Defeat,14,0,14,112,8,0,1,35,-1,,0,15,0,1297694116
gym-lanes-boss,tpa-order,178,Defeat,12,0,12,96,9,0,1,41,-1,,0,15,0,2872531616
gym-lanes-boss,tpa-order,179,Victory,18,0,18,144,15,90,0,27,12,1:12,0,13,0,1263768302
gym-lanes-boss,tpa-order,180,Defeat,13,0,13,104,24,0,1,46,-1,,0,9,0,3597596301
gym-lanes-boss,tpa-order,181,Defeat,19,0,19,152,28,0,1,26,-1,,0,15,0,3897905954
gym-lanes-boss,tpa-order,182,Defeat,11,0,11,88,28,0,2,45,-1,,0,11,0,2016867465
gym-lanes-boss,tpa-order,183,Defeat,12,0,12,96,8,0,1,66,-1,,0,16,0,2049419080
gym-lanes-boss,tpa-order,184,Defeat,12,0,12,96,6,0,1,66,-1,,0,13,0,1623564671
gym-lanes-boss,tpa-order,185,Defeat,6,0,6,48,12,0,2,66,-1,,0,5,1,1977477721
gym-lanes-boss,tpa-order,186,Victory,15,0,15,120,7,5,0,46,3,1:3,0,9,0,2040244643
gym-lanes-boss,tpa-order,187,Defeat,13,0,13,104,21,0,1,38,-1,,0,13,0,2380270120
gym-lanes-boss,tpa-order,188,Defeat,12,0,12,96,7,0,2,33,20,1:20,0,15,0,2927888587
gym-lanes-boss,tpa-order,189,Defeat,13,0,13,104,14,0,1,53,-1,,0,19,0,364001804
gym-lanes-boss,tpa-order,190,Defeat,5,0,5,40,12,0,4,80,-1,,0,4,2,3516454651
gym-lanes-boss,tpa-order,191,Defeat,17,0,17,136,28,0,1,41,3,1:3,0,13,0,1225333003
gym-lanes-boss,tpa-order,192,Victory,27,0,27,216,41,55,0,33,12,1:12,0,28,0,3716248466
gym-lanes-boss,tpa-order,193,Defeat,13,0,13,104,13,0,1,38,-1,,0,11,0,1792378916
gym-lanes-boss,tpa-order,194,Defeat,13,0,13,104,16,0,2,46,-1,,0,15,0,3682624203
gym-lanes-boss,tpa-order,195,Defeat,14,0,14,112,13,0,1,50,-1,,0,10,0,2739251571
gym-lanes-boss,tpa-order,196,Defeat,12,0,12,96,16,0,1,41,-1,,0,7,0,1864781894
gym-lanes-boss,tpa-order,197,Defeat,21,0,21,168,32,0,1,23,12,1:12,0,16,0,2173577270
gym-lanes-boss,tpa-order,198,Defeat,11,0,11,88,8,0,1,45,-1,,0,12,0,2978430615
gym-lanes-boss,tpa-order,199,Victory,13,0,13,104,5,25,0,38,-1,,0,8,0,1257825199
gym-lanes-boss,tpa-order,200,Defeat,13,0,13,104,20,0,1,53,-1,,0,15,0,2930027206
gym-lanes-boss,decapitate,1,Defeat,14,0,14,112,12,0,1,42,3,1:3,0,18,0,2739169067
gym-lanes-boss,decapitate,2,Defeat,24,0,24,192,24,0,1,33,20,1:20,0,35,0,681375895
gym-lanes-boss,decapitate,3,Defeat,12,0,12,96,7,0,1,50,-1,,0,14,0,2281332797
gym-lanes-boss,decapitate,4,Defeat,11,0,11,88,7,0,1,54,-1,,0,8,0,676984495
gym-lanes-boss,decapitate,5,Defeat,22,0,22,176,34,0,1,31,12,1:12,0,25,0,128314120
gym-lanes-boss,decapitate,6,Defeat,17,0,17,136,23,0,1,35,-1,,0,19,0,3174657624
gym-lanes-boss,decapitate,7,Defeat,10,0,10,80,13,0,2,50,-1,,0,10,1,3838325526
gym-lanes-boss,decapitate,8,Defeat,12,0,12,96,9,0,1,58,-1,,0,11,0,2728385299
gym-lanes-boss,decapitate,9,Defeat,10,0,10,80,6,0,1,50,-1,,0,11,0,2116100195
gym-lanes-boss,decapitate,10,Defeat,25,0,25,200,28,0,1,28,12,1:12,0,19,0,994284619
gym-lanes-boss,decapitate,11,Defeat,21,0,21,168,25,0,1,28,20,1:20,0,28,0,144606619
gym-lanes-boss,decapitate,12,Victory,25,0,25,200,35,80,0,28,3,1:3,0,20,0,338656462
gym-lanes-boss,decapitate,13,Defeat,10,0,10,80,14,0,2,50,-1,,0,10,0,1657922191
gym-lanes-boss,decapitate,14,Defeat,18,0,18,144,27,0,1,44,-1,,0,27,0,3641227984
gym-lanes-boss,decapitate,15,Defeat,8,0,8,64,14,0,2,50,-1,,0,6,1,1612856619
gym-lanes-boss,decapitate,16,Defeat,13,0,13,104,17,0,1,30,-1,,0,12,0,2688823095
gym-lanes-boss,decapitate,17,Defeat,17,0,17,136,27,0,1,29,-1,,0,13,0,3636895153
gym-lanes-boss,decapitate,18,Defeat,11,0,11,88,9,0,3,63,-1,,0,12,0,627540245
gym-lanes-boss,decapitate,19,Defeat,13,0,13,104,15,0,1,53,-1,,0,15,0,1828348258
gym-lanes-boss,decapitate,20,Defeat,13,0,13,104,16,0,1,38,-1,,0,10,0,4118438436
gym-lanes-boss,decapitate,21,Defeat,12,0,12,96,13,0,1,50,-1,,0,9,0,1385749273
gym-lanes-boss,decapitate,22,Defeat,6,0,6,48,8,0,3,83,-1,,0,6,1,4097310583
gym-lanes-boss,decapitate,23,Defeat,18,0,18,144,24,0,1,38,-1,,0,26,0,1291840709
gym-lanes-boss,decapitate,24,Defeat,10,0,10,80,7,0,2,50,-1,,0,7,0,1687995472
gym-lanes-boss,decapitate,25,Defeat,20,0,20,160,25,0,1,35,3,1:3,0,19,0,2089024428
gym-lanes-boss,decapitate,26,Defeat,13,0,13,104,14,0,2,46,-1,,0,14,0,4063651749
gym-lanes-boss,decapitate,27,Defeat,17,0,17,136,13,0,2,58,-1,,0,22,0,561762747
gym-lanes-boss,decapitate,28,Defeat,7,0,7,56,3,0,2,85,-1,,0,4,0,470170159
gym-lanes-boss,decapitate,29,Defeat,14,0,14,112,18,0,1,35,-1,,0,12,0,143152445
gym-lanes-boss,decapitate,30,Defeat,9,0,9,72,15,0,3,55,-1,,0,9,1,3199506040
gym-lanes-boss,decapitate,31,Defeat,14,0,14,112,16,0,1,42,-1,,0,13,0,649731175
gym-lanes-boss,decapitate,32,Defeat,12,0,12,96,12,0,3,66,-1,,0,18,1,2767511277
gym-lanes-boss,decapitate,33,Defeat,7,0,7,56,8,0,4,85,11,1:11,0,9,1,2873540712
gym-lanes-boss,decapitate,34,Defeat,7,0,7,56,8,0,4,100,11,1:11,0,9,1,2427060034
gym-lanes-boss,decapitate,35,Defeat,13,0,13,104,17,0,2,46,-1,,0,15,0,3321724708
gym-lanes-boss,decapitate,36,Defeat,7,0,7,56,9,0,2,57,-1,,0,5,1,2770603079
gym-lanes-boss,decapitate,37,Defeat,15,0,15,120,14,0,1,40,-1,,0,14,0,2517840336
gym-lanes-boss,decapitate,38,Victory,31,0,31,248,49,105,0,29,-1,,0,49,0,3132877607
gym-lanes-boss,decapitate,39,Defeat,14,0,14,112,15,0,2,35,-1,,0,22,0,3611673172
gym-lanes-boss,decapitate,40,Defeat,13,0,13,104,21,0,1,38,-1,,0,13,0,2170132912
gym-lanes-boss,decapitate,41,Defeat,8,0,8,64,10,0,2,62,-1,,0,6,0,3483357820
gym-lanes-boss,decapitate,42,Defeat,17,0,17,136,19,0,1,47,-1,,0,21,0,446582702
gym-lanes-boss,decapitate,43,Victory,13,0,13,104,9,5,0,38,-1,,0,12,0,2453648985
gym-lanes-boss,decapitate,44,Defeat,13,0,13,104,12,0,1,38,-1,,0,14,0,2061717745
gym-lanes-boss,decapitate,45,Defeat,14,0,14,112,15,0,1,35,-1,,0,20,0,873923794
gym-lanes-boss,decapitate,46,Victory,27,0,27,216,32,20,0,18,11,1:11,0,23,0,2746297150
gym-lanes-boss,decapitate,47,Victory,31,0,31,248,53,20,0,19,12,1:12,0,26,0,488138420
gym-lanes-boss,decapitate,48,Defeat,11,0,11,88,10,0,1,45,-1,,0,6,0,2231261933
gym-lanes-boss,decapitate,49,Defeat,13,0,13,104,12,0,1,38,-1,,0,14,0,2779108552
gym-lanes-boss,decapitate,50,Defeat,15,0,15,120,17,0,1,33,20,1:20,0,17,0,3226135241
gym-lanes-boss,decapitate,51,Defeat,14,0,14,112,16,0,1,35,3,1:3,0,8,0,15259299
gym-lanes-boss,decapitate,52,Defeat,13,0,13,104,9,0,1,38,-1,,0,12,0,3897014759
gym-lanes-boss,decapitate,53,Defeat,16,0,16,128,19,0,1,31,-1,,0,19,0,1623244913
gym-lanes-boss,decapitate,54,Defeat,6,0,6,48,10,0,4,100,-1,,0,5,2,1702641478
gym-lanes-boss,decapitate,55,Defeat,16,0,16,128,22,0,1,37,11,1:11,0,19,0,4240826146
gym-lanes-boss,decapitate,56,Defeat,20,0,20,160,23,0,2,30,20,1:20,0,36,0,1637114834
gym-lanes-boss,decapitate,57,Defeat,12,0,12,96,13,0,1,41,-1,,0,15,0,2455427282
gym-lanes-boss,decapitate,58,Defeat,7,0,7,56,5,0,3,71,-1,,0,5,1,1213643156
gym-lanes-boss,decapitate,59,Victory,23,0,23,184,24,65,0,26,12,1:12,0,18,0,802034386
gym-lanes-boss,decapitate,60,Victory,26,0,26,208,30,110,0,26,3,1:3,0,34,0,1306586938
gym-lanes-boss,decapitate,61,Defeat,10,0,10,80,11,0,2,60,3,1:3,0,8,0,1711724116
gym-lanes-boss,decapitate,62,Defeat,26,0,26,208,37,0,1,19,20,1:20,0,42,0,2981117678
gym-lanes-boss,decapitate,63,Defeat,19,0,19,152,22,0,1,42,3,1:3,0,19,0,1429676544
gym-lanes-boss,decapitate,64,Defeat,22,0,22,176,39,0,1,22,3,1:3,0,17,0,4286907713
gym-lanes-boss,decapitate,65,Defeat,18,0,18,144,20,0,3,33,3,1:3,0,38,0,1375102635
gym-lanes-boss,decapitate,66,Defeat,13,0,13,104,20,0,2,46,-1,,0,20,0,3472984594
gym-lanes-boss,decapitate,67,Defeat,7,0,7,56,9,0,4,57,11,1:11,0,9,1,2707381587
gym-lanes-boss,decapitate,68,Defeat,11,0,11,88,6,0,3,45,20,1:20,0,14,0,601068449
gym-lanes-boss,decapitate,69,Victory,24,0,24,192,22,85,0,25,20,1:20,0,23,0,1253997603
gym-lanes-boss,decapitate,70,Defeat,13,0,13,104,17,0,1,30,-1,,0,12,0,4100504085
gym-lanes-boss,decapitate,71,Defeat,25,0,25,200,38,0,1,28,11,1:11,0,24,0,813357431
gym-lanes-boss,decapitate,72,Defeat,22,0,22,176,28,0,1,31,3,1:3,0,18,0,3092728974
gym-lanes-boss,decapitate,73,Defeat,16,0,16,128,14,0,1,43,-1,,0,12,0,2726716352
gym-lanes-boss,decapitate,74,Defeat,12,0,12,96,5,0,2,50,-1,,0,18,0,1086300617
gym-lanes-boss,decapitate,75,Defeat,7,0,7,56,14,0,2,57,-1,,0,6,0,3439170364
gym-lanes-boss,decapitate,76,Defeat,9,0,9,72,15,0,2,66,-1,,0,7,0,3817871344
gym-lanes-boss,decapitate,77,Defeat,15,0,15,120,15,0,1,33,-1,,0,11,0,2045532814
gym-lanes-boss,decapitate,78,Defeat,22,0,22,176,32,0,1,31,12,1:12,0,17,0,2927628765
gym-lanes-boss,decapitate,79,Defeat,11,0,11,88,11,0,2,72,-1,,0,9,0,1160696713
gym-lanes-boss,decapitate,80,Defeat,25,0,25,200,35,0,1,28,12,1:12,0,25,0,1145494151
gym-lanes-boss,decapitate,81,Defeat,12,0,12,96,20,0,2,66,-1,,0,11,0,3594898141
gym-lanes-boss,decapitate,82,Defeat,16,0,16,128,22,0,1,37,12,1:12,0,12,0,366743651
gym-lanes-boss,decapitate,83,Defeat,9,0,9,72,7,0,2,55,-1,,0,8,0,1280177280
gym-lanes-boss,decapitate,84,Defeat,11,0,11,88,5,0,1,54,-1,,0,9,0,3317898856
gym-lanes-boss,decapitate,85,Defeat,15,0,15,120,23,0,2,40,11,1:11,0,27,0,2116496369
gym-lanes-boss,decapitate,86,Defeat,14,0,14,112,10,0,1,42,3,1:3,0,10,0,3298859904
gym-lanes-boss,decapitate,87,Defeat,12,0,12,96,9,0,1,50,-1,,0,12,0,638284313
gym-lanes-boss,decapitate,88,Defeat,13,0,13,104,17,0,1,30,-1,,0,12,0,2675636015
gym-lanes-boss,decapitate,89,Defeat,14,0,14,112,16,0,1,35,-1,,0,13,0,3644698307
gym-lanes-boss,decapitate,90,Defeat,6,0,6,48,6,0,3,66,-1,,0,6,2,3090436249
gym-lanes-boss,decapitate,91,Defeat,15,0,15,120,12,0,1,33,-1,,0,13,0,3675768574
gym-lanes-boss,decapitate,92,Defeat,16,0,16,128,18,0,1,31,-1,,0,12,0,3820703484
gym-lanes-boss,decapitate,93,Defeat,12,0,12,96,12,0,2,50,-1,,0,11,0,565674695
gym-lanes-boss,decapitate,94,Defeat,12,0,12,96,12,0,1,33,-1,,0,19,0,761140616
gym-lanes-boss,decapitate,95,Defeat,22,0,22,176,30,0,2,40,12,1:12,0,34,0,2854833015
gym-lanes-boss,decapitate,96,Defeat,11,0,11,88,9,0,1,45,-1,,0,7,0,1600424511
gym-lanes-boss,decapitate,97,Defeat,13,0,13,104,16,0,1,38,-1,,0,8,0,75951513
gym-lanes-boss,decapitate,98,Defeat,14,0,14,112,18,0,1,35,-1,,0,13,0,93153979
gym-lanes-boss,decapitate,99,Defeat,16,0,16,128,21,0,1,43,-1,,0,14,0,3221411998
gym-lanes-boss,decapitate,100,Defeat,16,0,16,128,12,0,1,37,-1,,0,21,0,1107209137
gym-lanes-boss,decapitate,101,Defeat,13,0,13,104,18,0,3,53,-1,,0,22,0,1421263293
gym-lanes-boss,decapitate,102,Defeat,13,0,13,104,22,0,1,30,-1,,0,12,0,4100504085
gym-lanes-boss,decapitate,103,Defeat,13,0,13,104,20,0,1,46,-1,,0,15,0,3033576144
gym-lanes-boss,decapitate,104,Defeat,10,0,10,80,10,0,1,60,-1,,0,6,0,2007011054
gym-lanes-boss,decapitate,105,Defeat,9,0,9,72,6,0,1,66,-1,,0,9,0,2887910434
gym-lanes-boss,decapitate,106,Defeat,7,0,7,56,4,0,2,100,11,1:11,0,7,0,3777530177
gym-lanes-boss,decapitate,107,Defeat,11,0,11,88,8,0,1,54,-1,,0,6,0,3330650027
gym-lanes-boss,decapitate,108,Defeat,23,0,23,184,26,0,2,39,20,1:20,0,38,0,1384643945
gym-lanes-boss,decapitate,109,Victory,13,0,13,104,16,5,0,38,-1,,0,9,0,312181378
gym-lanes-boss,decapitate,110,Defeat,10,0,10,80,7,0,2,50,-1,,0,10,0,1860110205
gym-lanes-boss,decapitate,111,Defeat,14,0,14,112,11,0,1,50,-1,,0,15,0,1374324511
gym-lanes-boss,decapitate,112,Defeat,30,0,30,240,52,0,1,26,12,1:12,0,26,0,1141698416
gym-lanes-boss,decapitate,113,Defeat,10,0,10,80,13,0,1,50,-1,,0,9,0,1429702083
gym-lanes-boss,decapitate,114,Defeat,10,0,10,80,10,0,2,40,-1,,0,9,0,1812774954
gym-lanes-boss,decapitate,115,Defeat,11,0,11,88,23,0,3,72,-1,,0,15,0,2812184593
gym-lanes-boss,decapitate,116,Defeat,11,0,11,88,10,0,1,45,-1,,0,14,0,2282073833
gym-lanes-boss,decapitate,117,Defeat,11,0,11,88,15,0,2,54,-1,,0,15,0,1902008108
gym-lanes-boss,decapitate,118,Defeat,6,0,6,48,4,0,2,66,-1,,0,6,0,3679492526
gym-lanes-boss,decapitate,119,Defeat,14,0,14,112,11,0,2,35,20,1:20,0,24,0,1108609869
gym-lanes-boss,decapitate,120,Defeat,21,0,21,168,22,0,2,42,12,1:12,0,33,0,552275907
gym-lanes-boss,decapitate,121,Defeat,15,0,15,120,17,0,1,40,20,1:20,0,11,0,2076305520
gym-lanes-boss,decapitate,122,Defeat,10,0,10,80,7,0,2,50,-1,,0,10,0,182605210
gym-lanes-boss,decapitate,123,Defeat,11,0,11,88,12,0,2,54,3,1:3,0,13,0,2701377567
gym-lanes-boss,decapitate,124,Defeat,12,0,12,96,9,0,1,41,-1,,0,11,0,1694529705
gym-lanes-boss,decapitate,125,Defeat,19,0,19,152,28,0,1,21,3,1:3,0,15,0,359815587
gym-lanes-boss,decapitate,126,Defeat,11,0,11,88,13,0,2,54,-1,,0,13,0,3955177217
gym-lanes-boss,decapitate,127,Defeat,8,0,8,64,14,0,4,87,11,1:11,0,12,0,105026751
gym-lanes-boss,decapitate,128,Defeat,22,0,22,176,29,0,2,27,20,1:20,0,60,0,830559869
gym-lanes-boss,decapitate,129,Defeat,6,0,6,48,12,0,3,83,-1,,0,5,1,2946816750
gym-lanes-boss,decapitate,130,Defeat,11,0,11,88,10,0,2,54,-1,,0,13,0,2989595770
gym-lanes-boss,decapitate,131,Defeat,13,0,13,104,22,0,1,30,-1,,0,12,0,4100504085
gym-lanes-boss,decapitate,132,Defeat,6,0,6,48,11,0,3,66,-1,,0,3,1,2991033284
gym-lanes-boss,decapitate,133,Defeat,12,0,12,96,14,0,1,50,-1,,0,13,0,2634184013
gym-lanes-boss,decapitate,134,Victory,18,0,18,144,22,210,0,27,3,1:3,0,15,0,388789974
gym-lanes-boss,decapitate,135,Defeat,12,0,12,96,10,0,1,50,-1,,0,12,0,679811365
gym-lanes-boss,decapitate,136,Defeat,19,0,19,152,25,0,1,36,12,1:12,0,16,0,2683063459
gym-lanes-boss,decapitate,137,Defeat,14,0,14,112,11,0,1,50,3,1:3,0,9,0,3597549461
gym-lanes-boss,decapitate,138,Defeat,5,0,5,40,10,0,3,80,-1,,0,4,2,1214506353
gym-lanes-boss,decapitate,139,Defeat,15,0,15,120,16,0,1,33,20,1:20,0,17,0,2736436013
gym-lanes-boss,decapitate,140,Defeat,12,0,12,96,8,0,2,50,-1,,0,13,0,2029411948
gym-lanes-boss,decapitate,141,Defeat,9,0,9,72,14,0,2,55,-1,,0,8,0,3334153539
gym-lanes-boss,decapitate,142,Defeat,11,0,11,88,8,0,2,54,3,1:3,0,13,0,3159076576
gym-lanes-boss,decapitate,143,Defeat,12,0,12,96,19,0,2,41,-1,,0,18,0,196842963
gym-lanes-boss,decapitate,144,Defeat,19,0,19,152,29,0,1,26,12,1:12,0,17,0,2265584886
gym-lanes-boss,decapitate,145,Defeat,28,0,28,224,35,0,1,28,20,1:20,0,28,0,1104434214
gym-lanes-boss,decapitate,146,Defeat,11,0,11,88,11,0,1,45,-1,,0,17,0,371669191
gym-lanes-boss,decapitate,147,Defeat,13,0,13,104,14,0,3,23,3,1:3,0,23,0,3604030061
gym-lanes-boss,decapitate,148,Defeat,10,0,10,80,10,0,3,60,-1,,0,11,0,1315876528
gym-lanes-boss,decapitate,149,Defeat,14,0,14,112,23,0,1,35,-1,,0,13,0,682083402
gym-lanes-boss,decapitate,150,Defeat,13,0,13,104,12,0,1,53,-1,,0,10,0,1913569146
gym-lanes-boss,decapitate,151,Defeat,12,0,12,96,8,0,2,41,20,1:20,0,12,0,2741856420
gym-lanes-boss,decapitate,152,Defeat,10,0,10,80,2,0,1,60,-1,,0,5,0,4178084464
gym-lanes-boss,decapitate,153,Defeat,23,0,23,184,38,0,2,56,12,1:12,0,50,0,3473889294
gym-lanes-boss,decapitate,154,Defeat,12,0,12,96,20,0,1,41,-1,,0,13,0,1441707429
gym-lanes-boss,decapitate,155,Defeat,12,0,12,96,15,0,1,50,-1,,0,13,0,3436691632
gym-lanes-boss,decapitate,156,Defeat,16,0,16,128,21,0,2,43,20,1:20,0,28,0,3394530425
gym-lanes-boss,decapitate,157,Defeat,12,0,12,96,13,0,2,58,-1,,0,14,0,3730434434
gym-lanes-boss,decapitate,158,Defeat,12,0,12,96,17,0,1,33,-1,,0,18,0,2371360541
gym-lanes-boss,decapitate,159,Defeat,17,0,17,136,20,0,2,47,20,1:20,0,19,0,3701630212
gym-lanes-boss,decapitate,160,Defeat,7,0,7,56,9,0,1,57,-1,,0,5,1,1570846419
gym-lanes-boss,decapitate,161,Defeat,8,0,8,64,12,0,4,62,11,1:11,0,12,1,1444583004
gym-lanes-boss,decapitate,162,Defeat,13,0,13,104,17,0,1,30,-1,,0,13,0,2625516771
gym-lanes-boss,decapitate,163,Defeat,25,0,25,200,30,0,1,20,12,1:12,0,21,0,4071370997
gym-lanes-boss,decapitate,164,Defeat,12,0,12,96,12,0,1,41,-1,,0,16,0,1555920068
gym-lanes-boss,decapitate,165,Defeat,13,0,13,104,13,0,1,38,3,1:3,0,9,0,3805711497
gym-lanes-boss,decapitate,166,Defeat,24,0,24,192,38,0,1,37,12,1:12,0,21,0,3015740844
gym-lanes-boss,decapitate,167,Defeat,20,0,20,160,27,0,1,25,12,1:12,0,16,0,1734761978
gym-lanes-boss,decapitate,168,Defeat,13,0,13,104,18,0,1,38,-1,,0,12,0,1828172568
gym-lanes-boss,decapitate,169,Defeat,15,0,15,120,35,0,1,40,-1,,0,18,0,3342469747
gym-lanes-boss,decapitate,170,Defeat,15,0,15,120,17,0,1,33,-1,,0,15,0,1713060408
gym-lanes-boss,decapitate,171,Defeat,16,0,16,128,15,0,2,50,-1,,0,21,0,629931965
gym-lanes-boss,decapitate,172,Defeat,15,0,15,120,12,0,1,40,3,1:3,0,11,0,1417555815
gym-lanes-boss,decapitate,173,Defeat,12,0,12,96,16,0,1,33,-1,,0,19,0,1351380063
gym-lanes-boss,decapitate,174,Defeat,20,0,20,160,19,0,1,20,20,1:20,0,19,0,1947574258
gym-lanes-boss,decapitate,175,Defeat,11,0,11,88,10,0,1,45,-1,,0,13,0,4062005667
gym-lanes-boss,decapitate,176,Defeat,5,0,5,40,5,0,4,80,-1,,0,4,2,325839756
gym-lanes-boss,decapitate,177,Defeat,14,0,14,112,8,0,1,35,-1,,0,15,0,1297694116
gym-lanes-boss,decapitate,178,Defeat,12,0,12,96,9,0,1,41,-1,,0,15,0,2872531616
gym-lanes-boss,decapitate,179,Victory,18,0,18,144,15,90,0,27,12,1:12,0,13,0,1263768302
gym-lanes-boss,decapitate,180,Defeat,13,0,13,104,24,0,1,46,-1,,0,9,0,3597596301
gym-lanes-boss,decapitate,181,Defeat,19,0,19,152,28,0,1,26,-1,,0,15,0,3897905954
gym-lanes-boss,decapitate,182,Defeat,11,0,11,88,28,0,2,45,-1,,0,11,0,2016867465
gym-lanes-boss,decapitate,183,Defeat,12,0,12,96,8,0,1,66,-1,,0,16,0,2049419080
gym-lanes-boss,decapitate,184,Defeat,12,0,12,96,6,0,1,66,-1,,0,13,0,1623564671
gym-lanes-boss,decapitate,185,Defeat,6,0,6,48,12,0,2,66,-1,,0,5,1,1977477721
gym-lanes-boss,decapitate,186,Victory,15,0,15,120,7,5,0,46,3,1:3,0,9,0,2040244643
gym-lanes-boss,decapitate,187,Defeat,13,0,13,104,21,0,1,38,-1,,0,13,0,2380270120
gym-lanes-boss,decapitate,188,Defeat,12,0,12,96,7,0,2,33,20,1:20,0,15,0,2927888587
gym-lanes-boss,decapitate,189,Defeat,13,0,13,104,14,0,2,61,-1,,0,19,0,1450898005
gym-lanes-boss,decapitate,190,Defeat,5,0,5,40,12,0,4,80,-1,,0,4,2,3516454651
gym-lanes-boss,decapitate,191,Defeat,17,0,17,136,28,0,1,41,3,1:3,0,13,0,1225333003
gym-lanes-boss,decapitate,192,Defeat,22,0,22,176,24,0,1,36,12,1:12,0,23,0,1263686125
gym-lanes-boss,decapitate,193,Defeat,13,0,13,104,13,0,1,38,-1,,0,11,0,1792378916
gym-lanes-boss,decapitate,194,Defeat,13,0,13,104,16,0,2,46,-1,,0,15,0,371221067
gym-lanes-boss,decapitate,195,Defeat,14,0,14,112,13,0,1,50,-1,,0,10,0,2739251571
gym-lanes-boss,decapitate,196,Defeat,12,0,12,96,16,0,1,41,-1,,0,7,0,1864781894
gym-lanes-boss,decapitate,197,Defeat,21,0,21,168,32,0,1,23,12,1:12,0,16,0,2173577270
gym-lanes-boss,decapitate,198,Defeat,11,0,11,88,8,0,1,45,-1,,0,12,0,2978430615
gym-lanes-boss,decapitate,199,Victory,13,0,13,104,5,25,0,38,-1,,0,8,0,1257825199
gym-lanes-boss,decapitate,200,Defeat,13,0,13,104,20,0,1,53,-1,,0,15,0,2930027206
gym-lanes-boss,charge,1,Defeat,8,0,8,64,6,0,1,50,-1,,0,1,0,94713545
gym-lanes-boss,charge,2,Defeat,7,0,7,56,8,0,1,57,11,1:11,0,1,0,1394694089
gym-lanes-boss,charge,3,Defeat,7,0,7,56,14,0,1,71,-1,,0,2,1,2784664865
gym-lanes-boss,charge,4,Defeat,8,0,8,64,10,0,1,50,-1,,0,1,0,2773628409
gym-lanes-boss,charge,5,Defeat,7,0,7,56,6,0,1,57,11,1:11,0,1,0,25202258
gym-lanes-boss,charge,6,Defeat,6,0,6,48,5,0,1,66,-1,,0,2,1,3262713309
gym-lanes-boss,charge,7,Defeat,7,0,7,56,10,0,2,57,-1,,0,3,1,3811835055
gym-lanes-boss,charge,8,Defeat,9,0,9,72,12,0,1,44,-1,,0,3,0,4143072754
gym-lanes-boss,charge,9,Defeat,7,0,7,56,15,0,1,42,-1,,0,2,1,3629410340
gym-lanes-boss,charge,10,Defeat,6,0,6,48,8,0,1,66,-1,,0,2,1,2346545514
gym-lanes-boss,charge,11,Defeat,7,0,7,56,7,0,1,57,11,1:11,0,1,0,3335311410
gym-lanes-boss,charge,12,Defeat,7,0,7,56,7,0,1,57,11,1:11,0,1,0,3335311410
gym-lanes-boss,charge,13,Defeat,8,0,8,64,8,0,1,50,-1,,0,1,0,2452912804
gym-lanes-boss,charge,14,Defeat,6,0,6,48,14,0,2,66,-1,,0,2,2,3655007753
gym-lanes-boss,charge,15,Defeat,8,0,8,64,20,0,1,62,-1,,0,2,0,2287019212
gym-lanes-boss,charge,16,Defeat,6,0,6,48,10,0,2,66,-1,,0,1,1,3844232271
gym-lanes-boss,charge,17,Defeat,7,0,7,56,5,0,1,57,11,1:11,0,1,0,3335311410
gym-lanes-boss,charge,18,Defeat,8,0,8,64,7,0,1,50,-1,,0,2,0,825515147
gym-lanes-boss,charge,19,Defeat,7,0,7,56,8,0,1,57,11,1:11,0,1,0,3815520253
gym-lanes-boss,charge,20,Defeat,6,0,6,48,7,0,1,50,11,1:11,0,1,1,2090106056
gym-lanes-boss,charge,21,Defeat,7,0,7,56,8,0,1,57,-1,,0,2,1,2972575160
gym-lanes-boss,charge,22,Defeat,6,0,6,48,9,0,1,66,-1,,0,3,1,2318512319
gym-lanes-boss,charge,23,Defeat,9,0,9,72,12,0,1,33,-1,,0,2,0,2238484854
gym-lanes-boss,charge,24,Defeat,7,0,7,56,11,0,2,57,-1,,0,2,1,3474016115
gym-lanes-boss,charge,25,Defeat,6,0,6,48,10,0,1,66,-1,,0,1,1,1958442141
gym-lanes-boss,charge,26,Defeat,8,0,8,64,7,0,1,50,-1,,0,2,0,3052524576
gym-lanes-boss,charge,27,Defeat,5,0,5,40,5,0,2,60,-1,,0,1,2,580358862
gym-lanes-boss,charge,28,Defeat,4,0,4,32,8,0,3,75,-1,,0,2,3,1870223489
gym-lanes-boss,charge,29,Defeat,7,0,7,56,7,0,1,57,11,1:11,0,1,0,3335311410
gym-lanes-boss,charge,30,Defeat,6,0,6,48,10,0,2,66,-1,,0,1,2,2939646529
gym-lanes-boss,charge,31,Defeat,7,0,7,56,5,0,1,57,11,1:11,0,2,1,495585975
gym-lanes-boss,charge,32,Defeat,8,0,8,64,12,0,1,50,-1,,0,4,1,2052029017
gym-lanes-boss,charge,33,Defeat,6,0,6,48,5,0,2,66,-1,,0,1,1,2372382441
gym-lanes-boss,charge,34,Defeat,5,0,5,40,9,0,2,60,-1,,0,2,2,3537036116
gym-lanes-boss,charge,35,Defeat,7,0,7,56,7,0,1,57,-1,,0,2,0,2693944027
gym-lanes-boss,charge,36,Defeat,8,0,8,64,9,0,1,62,-1,,0,1,0,3172127326
gym-lanes-boss,charge,37,Defeat,8,0,8,64,8,0,1,50,-1,,0,1,0,2452912804
gym-lanes-boss,charge,38,Defeat,7,0,7,56,6,0,1,57,-1,,0,2,1,2146421034
gym-lanes-boss,charge,39,Defeat,7,0,7,56,5,0,1,57,11,1:11,0,1,0,3335311410
gym-lanes-boss,charge,40,Defeat,7,0,7,56,5,0,1,57,11,1:11,0,1,0,3335311410
gym-lanes-boss,charge,41,Defeat,7,0,7,56,6,0,1,57,11,1:11,0,1,0,3742851725
gym-lanes-boss,charge,42,Defeat,7,0,7,56,7,0,1,57,11,1:11,0,1,0,3335311410
gym-lanes-boss,charge,43,Defeat,7,0,7,56,4,0,1,57,-1,,0,1,0,3499674643
gym-lanes-boss,charge,44,Defeat,7,0,7,56,6,0,1,57,-1,,0,2,1,3266500089
gym-lanes-boss,charge,45,Defeat,4,0,4,32,8,0,3,75,-1,,0,2,2,1466908741
gym-lanes-boss,charge,46,Defeat,7,0,7,56,11,0,2,42,-1,,0,1,1,1846968679
gym-lanes-boss,charge,47,Defeat,7,0,7,56,7,0,1,57,11,1:11,0,1,0,3335311410
gym-lanes-boss,charge,48,Defeat,7,0,7,56,7,0,1,57,11,1:11,0,1,0,3335311410
gym-lanes-boss,charge,49,Defeat,7,0,7,56,10,0,1,42,-1,,0,1,1,1137547537
gym-lanes-boss,charge,50,Defeat,7,0,7,56,7,0,1,57,11,1:11,0,1,0,3335311410
gym-lanes-boss,charge,51,Defeat,5,0,5,40,8,0,3,80,-1,,0,2,2,4217706951
gym-lanes-boss,charge,52,Defeat,7,0,7,56,7,0,1,57,11,1:11,0,1,0,3335311410
gym-lanes-boss,charge,53,Defeat,6,0,6,48,6,0,1,66,-1,,0,2,1,880286174
gym-lanes-boss,charge,54,Defeat,9,0,9,72,7,0,1,44,-1,,0,3,0,840379370
gym-lanes-boss,charge,55,Defeat,7,0,7,56,10,0,1,57,-1,,0,0,0,2140166220
gym-lanes-boss,charge,56,Defeat,10,0,10,80,17,0,1,40,-1,,0,2,0,3892583740
gym-lanes-boss,charge,57,Defeat,7,0,7,56,8,0,1,57,12,1:12,0,0,0,865313457
gym-lanes-boss,charge,58,Defeat,7,0,7,56,5,0,2,57,-1,,0,1,1,3754988565
gym-lanes-boss,charge,59,Defeat,7,0,7,56,6,0,1,57,11,1:11,0,1,0,3285900087
gym-lanes-boss,charge,60,Defeat,5,0,5,40,8,0,2,60,-1,,0,2,2,261691660
gym-lanes-boss,charge,61,Defeat,8,0,8,64,13,0,1,50,-1,,0,2,0,3857524838
gym-lanes-boss,charge,62,Defeat,7,0,7,56,3,0,1,42,-1,,0,0,0,4019964099
gym-lanes-boss,charge,63,Defeat,7,0,7,56,14,0,2,57,-1,,0,3,1,2904156264
gym-lanes-boss,charge,64,Victory,9,0,9,72,6,30,0,44,-1,,0,2,0,4037994308
gym-lanes-boss,charge,65,Defeat,7,0,7,56,11,0,1,57,-1,,0,3,1,3961690085
gym-lanes-boss,charge,66,Defeat,8,0,8,64,12,0,1,50,-1,,0,0,0,2736188117
gym-lanes-boss,charge,67,Defeat,7,0,7,56,6,0,1,57,11,1:11,0,1,0,3285900087
gym-lanes-boss,charge,68,Defeat,7,0,7,56,11,0,2,71,11,1:11,0,5,0,2285932087
gym-lanes-boss,charge,69,Defeat,7,0,7,56,10,0,2,57,-1,,0,1,1,1002076136
gym-lanes-boss,charge,70,Defeat,7,0,7,56,14,0,1,57,-1,,0,2,1,2090419728
gym-lanes-boss,charge,71,Defeat,6,0,6,48,2,0,1,66,-1,,0,2,1,4046485070
gym-lanes-boss,charge,72,Defeat,9,0,9,72,6,0,1,55,-1,,0,2,0,2282144199
gym-lanes-boss,charge,73,Defeat,8,0,8,64,6,0,1,50,-1,,0,2,0,136790976
gym-lanes-boss,charge,74,Defeat,9,0,9,72,8,0,1,55,-1,,0,2,0,3417828609
gym-lanes-boss,charge,75,Defeat,8,0,8,64,16,0,2,62,-1,,0,1,1,4182802050
gym-lanes-boss,charge,76,Defeat,8,0,8,64,12,0,2,62,-1,,0,1,0,3630290876
gym-lanes-boss,charge,77,Defeat,7,0,7,56,7,0,1,57,11,1:11,0,1,0,3335311410
gym-lanes-boss,charge,78,Defeat,7,0,7,56,7,0,1,57,11,1:11,0,1,0,303563232
gym-lanes-boss,charge,79,Defeat,8,0,8,64,12,0,1,50,-1,,0,1,0,3893467954
gym-lanes-boss,charge,80,Defeat,9,0,9,72,4,0,1,55,-1,,0,3,0,1051636282
gym-lanes-boss,charge,81,Defeat,7,0,7,56,11,0,3,71,-1,,0,6,1,3033547498
gym-lanes-boss,charge,82,Defeat,7,0,7,56,6,0,1,57,11,1:11,0,1,0,4170834160
gym-lanes-boss,charge,83,Defeat,8,0,8,64,7,0,2,62,-1,,0,2,1,784816860
gym-lanes-boss,charge,84,Defeat,8,0,8,64,12,0,1,50,-1,,0,2,1,3612996266
gym-lanes-boss,charge,85,Defeat,8,0,8,64,9,0,1,50,-1,,0,0,0,1858774673
gym-lanes-boss,charge,86,Defeat,6,0,6,48,11,0,2,50,-1,,0,2,1,3237750078
gym-lanes-boss,charge,87,Defeat,7,0,7,56,6,0,1,57,-1,,0,2,0,2411267732
gym-lanes-boss,charge,88,Defeat,6,0,6,48,6,0,1,66,-1,,0,3,1,3435990395
gym-lanes-boss,charge,89,Defeat,9,0,9,72,13,0,1,44,-1,,0,2,0,1482538775
gym-lanes-boss,charge,90,Defeat,7,0,7,56,8,0,1,57,11,1:11,0,1,0,2925394309
gym-lanes-boss,charge,91,Defeat,5,0,5,40,4,0,2,60,-1,,0,1,2,2878079390
gym-lanes-boss,charge,92,Defeat,7,0,7,56,7,0,1,57,11,1:11,0,1,0,3335311410
gym-lanes-boss,charge,93,Defeat,6,0,6,48,8,0,2,66,-1,,0,1,1,3052813173
gym-lanes-boss,charge,94,Defeat,7,0,7,56,6,0,1,57,11,1:11,0,1,0,2611737700
gym-lanes-boss,charge,95,Defeat,7,0,7,56,4,0,1,57,-1,,0,3,1,2036452965
gym-lanes-boss,charge,96,Defeat,6,0,6,48,6,0,1,50,-1,,0,0,1,952439359
gym-lanes-boss,charge,97,Defeat,6,0,6,48,14,0,2,50,-1,,0,2,2,1929555440
gym-lanes-boss,charge,98,Defeat,5,0,5,40,6,0,2,60,-1,,0,2,2,2764934527
gym-lanes-boss,charge,99,Defeat,8,0,8,64,8,0,1,50,-1,,0,1,0,2452912804
gym-lanes-boss,charge,100,Defeat,6,0,6,48,7,0,2,50,-1,,0,2,1,2126788160
gym-lanes-boss,charge,101,Defeat,6,0,6,48,8,0,1,66,-1,,0,1,1,952439359
gym-lanes-boss,charge,102,Defeat,7,0,7,56,7,0,1,42,11,1:11,0,0,0,882751185
gym-lanes-boss,charge,103,Defeat,7,0,7,56,7,0,1,57,11,1:11,0,1,0,3335311410
gym-lanes-boss,charge,104,Defeat,7,0,7,56,4,0,1,57,-1,,0,3,1,4100293073
gym-lanes-boss,charge,105,Defeat,9,0,9,72,8,0,1,55,-1,,0,2,0,4000975647
gym-lanes-boss,charge,106,Defeat,9,0,9,72,11,0,1,55,-1,,0,2,0,2299612783
gym-lanes-boss,charge,107,Defeat,7,0,7,56,11,0,1,57,-1,,0,2,1,1164225335
gym-lanes-boss,charge,108,Defeat,10,0,10,80,12,0,1,30,-1,,0,3,0,2604012579
gym-lanes-boss,charge,109,Defeat,7,0,7,56,6,0,1,42,-1,,0,0,0,4019964099
gym-lanes-boss,charge,110,Defeat,7,0,7,56,10,0,1,57,-1,,0,2,0,2408123689
gym-lanes-boss,charge,111,Defeat,6,0,6,48,6,0,2,83,-1,,0,2,2,4175860854
gym-lanes-boss,charge,112,Defeat,7,0,7,56,4,0,1,57,11,1:11,0,1,0,1061677895
gym-lanes-boss,charge,113,Defeat,6,0,6,48,8,0,1,50,-1,,0,2,1,844235000
gym-lanes-boss,charge,114,Defeat,4,0,4,32,12,0,3,75,-1,,0,2,2,3728501223
gym-lanes-boss,charge,115,Defeat,7,0,7,56,14,0,2,57,-1,,0,1,1,2847355680
gym-lanes-boss,charge,116,Defeat,6,0,6,48,4,0,2,50,-1,,0,1,1,3653191586
gym-lanes-boss,charge,117,Defeat,7,0,7,56,8,0,1,57,-1,,0,0,0,1473344099
gym-lanes-boss,charge,118,Defeat,6,0,6,48,7,0,1,50,11,1:11,0,1,1,2090106056
gym-lanes-boss,charge,119,Defeat,7,0,7,56,7,0,1,57,11,1:11,0,1,0,4051199250
gym-lanes-boss,charge,120,Defeat,8,0,8,64,10,0,1,62,-1,,0,1,0,832852854
gym-lanes-boss,charge,121,Defeat,6,0,6,48,6,0,1,66,-1,,0,2,1,3262713309
gym-lanes-boss,charge,122,Defeat,7,0,7,56,8,0,1,57,12,1:12,0,0,0,1348489563
gym-lanes-boss,charge,123,Defeat,7,0,7,56,7,0,1,57,11,1:11,0,1,0,3268258540
gym-lanes-boss,charge,124,Defeat,7,0,7,56,6,0,1,57,-1,,0,1,0,3463555618
gym-lanes-boss,charge,125,Defeat,7,0,7,56,6,0,1,57,-1,,0,3,1,4086529500
gym-lanes-boss,charge,126,Defeat,8,0,8,64,4,0,1,62,12,1:12,0,1,0,1317811293
gym-lanes-boss,charge,127,Defeat,4,0,4,32,5,0,3,75,-1,,0,1,2,3995053380
gym-lanes-boss,charge,128,Defeat,11,0,11,88,12,0,1,36,-1,,0,3,0,994830122
gym-lanes-boss,charge,129,Defeat,7,0,7,56,7,0,1,57,11,1:11,0,1,0,2765688832
gym-lanes-boss,charge,130,Defeat,7,0,7,56,6,0,1,57,11,1:11,0,1,0,2925394309
gym-lanes-boss,charge,131,Defeat,6,0,6,48,7,0,1,50,11,1:11,0,1,1,2090106056
gym-lanes-boss,charge,132,Defeat,7,0,7,56,6,0,2,85,11,1:11,0,4,0,2472218248
gym-lanes-boss,charge,133,Defeat,6,0,6,48,6,0,1,50,-1,,0,0,1,952439359
gym-lanes-boss,charge,134,Defeat,5,0,5,40,9,0,3,60,-1,,0,1,2,3889117346
gym-lanes-boss,charge,135,Defeat,7,0,7,56,7,0,1,57,11,1:11,0,1,0,2386103926
gym-lanes-boss,charge,136,Defeat,8,0,8,64,11,0,1,50,-1,,0,2,0,573996278
gym-lanes-boss,charge,137,Defeat,6,0,6,48,6,0,2,100,-1,,0,4,2,2346306611
gym-lanes-boss,charge,138,Defeat,7,0,7,56,6,0,1,57,11,1:11,0,1,0,3742851725
gym-lanes-boss,charge,139,Defeat,7,0,7,56,7,0,1,57,11,1:11,0,1,0,3335311410
gym-lanes-boss,charge,140,Defeat,6,0,6,48,8,0,1,66,-1,,0,1,1,1644564522
gym-lanes-boss,charge,141,Defeat,7,0,7,56,8,0,1,42,-1,,0,0,0,4019964099
gym-lanes-boss,charge,142,Defeat,7,0,7,56,2,0,1,57,11,1:11,0,1,0,3335311410
gym-lanes-boss,charge,143,Defeat,7,0,7,56,3,0,1,57,11,1:11,0,0,0,2503359729
gym-lanes-boss,charge,144,Defeat,7,0,7,56,7,0,1,57,11,1:11,0,1,0,520834000
gym-lanes-boss,charge,145,Defeat,7,0,7,56,6,0,1,57,11,1:11,0,1,0,2279986611
gym-lanes-boss,charge,146,Defeat,10,0,10,80,8,0,1,50,-1,,0,3,0,1798539239
gym-lanes-boss,charge,147,Defeat,6,0,6,48,9,0,1,66,-1,,0,3,1,2318512319
gym-lanes-boss,charge,148,Defeat,6,0,6,48,5,0,3,66,-1,,0,2,2,3579355229
gym-lanes-boss,charge,149,Defeat,9,0,9,72,8,0,1,44,-1,,0,3,0,1946587712
gym-lanes-boss,charge,150,Defeat,8,0,8,64,6,0,1,50,-1,,0,1,0,4010695584
gym-lanes-boss,charge,151,Defeat,8,0,8,64,8,0,1,50,-1,,0,1,0,167501229
gym-lanes-boss,charge,152,Defeat,7,0,7,56,6,0,1,57,11,1:11,0,1,0,3170700825
gym-lanes-boss,charge,153,Defeat,8,0,8,64,7,0,1,62,-1,,0,2,0,1096231138
gym-lanes-boss,charge,154,Defeat,9,0,9,72,10,0,1,44,3,1:3,0,1,0,129620092
gym-lanes-boss,charge,155,Defeat,7,0,7,56,9,0,1,42,11,1:11,0,0,0,1631628053
gym-lanes-boss,charge,156,Defeat,9,0,9,72,11,0,1,44,-1,,0,3,0,3240890228
gym-lanes-boss,charge,157,Defeat,5,0,5,40,6,0,3,60,-1,,0,2,2,35177772
gym-lanes-boss,charge,158,Defeat,7,0,7,56,6,0,1,57,11,1:11,0,1,0,2825741269
gym-lanes-boss,charge,159,Defeat,7,0,7,56,6,0,1,57,-1,,0,1,0,2925394309
gym-lanes-boss,charge,160,Defeat,6,0,6,48,10,0,1,66,-1,,0,1,1,467392956
gym-lanes-boss,charge,161,Defeat,7,0,7,56,9,0,2,57,11,1:11,0,5,0,3010958457
gym-lanes-boss,charge,162,Defeat,8,0,8,64,12,0,1,50,-1,,0,1,0,2304274386
gym-lanes-boss,charge,163,Defeat,7,0,7,56,6,0,1,57,12,1:12,0,1,0,66028433
gym-lanes-boss,charge,164,Defeat,7,0,7,56,10,0,1,57,-1,,0,2,1,3922102684
gym-lanes-boss,charge,165,Defeat,6,0,6,48,4,0,1,66,11,1:11,0,1,0,500692478
gym-lanes-boss,charge,166,Defeat,7,0,7,56,4,0,1,71,-1,,0,2,0,2219040054
gym-lanes-boss,charge,167,Defeat,7,0,7,56,7,0,1,42,11,1:11,0,0,0,1560421463
gym-lanes-boss,charge,168,Defeat,7,0,7,56,7,0,1,57,11,1:11,0,1,0,3335311410
gym-lanes-boss,charge,169,Defeat,5,0,5,40,5,0,3,60,-1,,0,1,2,2831339891
gym-lanes-boss,charge,170,Defeat,7,0,7,56,9,0,1,57,-1,,0,3,1,573118294
gym-lanes-boss,charge,171,Defeat,5,0,5,40,8,0,2,60,-1,,0,2,2,441196847
gym-lanes-boss,charge,172,Defeat,8,0,8,64,5,0,1,50,-1,,0,2,0,408645590
gym-lanes-boss,charge,173,Defeat,8,0,8,64,6,0,1,37,-1,,0,1,0,388388030
gym-lanes-boss,charge,174,Defeat,7,0,7,56,8,0,1,57,-1,,0,2,1,683572403
gym-lanes-boss,charge,175,Defeat,4,0,4,32,8,0,3,75,-1,,0,2,3,1466908741
gym-lanes-boss,charge,176,Defeat,7,0,7,56,6,0,1,57,11,1:11,0,1,0,2825741269
gym-lanes-boss,charge,177,Defeat,9,0,9,72,11,0,1,44,-1,,0,3,0,3135811230
gym-lanes-boss,charge,178,Defeat,8,0,8,64,8,0,1,50,3,1:3,0,1,0,2183581177
gym-lanes-boss,charge,179,Defeat,7,0,7,56,7,0,1,57,11,1:11,0,1,0,3335311410
gym-lanes-boss,charge,180,Defeat,7,0,7,56,14,0,2,57,-1,,0,1,1,2644598168
gym-lanes-boss,charge,181,Defeat,7,0,7,56,5,0,1,57,11,1:11,0,1,0,3335311410
gym-lanes-boss,charge,182,Defeat,7,0,7,56,7,0,1,57,-1,,0,2,0,2693944027
gym-lanes-boss,charge,183,Defeat,7,0,7,56,7,0,1,57,11,1:11,0,1,0,4235138780
gym-lanes-boss,charge,184,Defeat,9,0,9,72,12,0,1,44,-1,,0,2,0,319788235
gym-lanes-boss,charge,185,Defeat,8,0,8,64,10,0,1,37,-1,,0,2,0,353464252
gym-lanes-boss,charge,186,Defeat,5,0,5,40,7,0,3,60,-1,,0,2,2,1423382730
gym-lanes-boss,charge,187,Defeat,7,0,7,56,7,0,1,57,11,1:11,0,1,0,3335311410
gym-lanes-boss,charge,188,Defeat,9,0,9,72,8,0,1,44,11,1:11,0,2,0,2948873821
gym-lanes-boss,charge,189,Defeat,7,0,7,56,8,0,1,57,-1,,0,2,1,1788578867
gym-lanes-boss,charge,190,Defeat,6,0,6,48,8,0,2,66,-1,,0,0,0,2072914401
gym-lanes-boss,charge,191,Defeat,7,0,7,56,4,0,1,57,-1,,0,2,0,3128812037
gym-lanes-boss,charge,192,Defeat,7,0,7,56,5,0,1,57,-1,,0,3,1,296553257
gym-lanes-boss,charge,193,Defeat,6,0,6,48,6,0,2,66,-1,,0,1,1,2030102164
gym-lanes-boss,charge,194,Defeat,8,0,8,64,16,0,1,62,-1,,0,3,1,3447142728
gym-lanes-boss,charge,195,Defeat,9,0,9,72,19,0,1,44,-1,,0,6,0,955302075
gym-lanes-boss,charge,196,Defeat,8,0,8,64,4,0,1,50,-1,,0,2,1,3603265297
gym-lanes-boss,charge,197,Defeat,7,0,7,56,4,0,1,71,-1,,0,2,0,3587686211
gym-lanes-boss,charge,198,Defeat,7,0,7,56,7,0,2,57,-1,,0,3,1,3762580484
gym-lanes-boss,charge,199,Defeat,7,0,7,56,14,0,1,57,-1,,0,2,1,3411924008
gym-lanes-boss,charge,200,Defeat,8,0,8,64,8,0,1,37,-1,,0,2,0,353464252
gym-lanes-boss-kill,corridor-hold,1,Victory,14,0,14,112,12,5,1,42,3,1:3,0,18,0,4095220038
gym-lanes-boss-kill,corridor-hold,2,Defeat,24,0,24,192,24,0,1,33,20,1:20,0,35,0,450138962
gym-lanes-boss-kill,corridor-hold,3,Defeat,12,0,12,96,7,0,1,50,-1,,0,14,0,337534168
gym-lanes-boss-kill,corridor-hold,4,Defeat,11,0,11,88,7,0,1,54,-1,,0,8,0,4070469866
gym-lanes-boss-kill,corridor-hold,5,Defeat,22,0,22,176,34,0,1,31,12,1:12,0,25,0,1272835325
gym-lanes-boss-kill,corridor-hold,6,Defeat,17,0,17,136,23,0,1,35,-1,,0,19,0,4064086349
gym-lanes-boss-kill,corridor-hold,7,Defeat,10,0,10,80,13,0,2,50,-1,,0,10,1,562146659
gym-lanes-boss-kill,corridor-hold,8,Defeat,12,0,12,96,9,0,1,58,-1,,0,11,0,2346728086
gym-lanes-boss-kill,corridor-hold,9,Defeat,10,0,10,80,6,0,1,50,-1,,0,11,0,3397630182
gym-lanes-boss-kill,corridor-hold,10,Defeat,25,0,25,200,28,0,1,28,12,1:12,0,19,0,65465678
gym-lanes-boss-kill,corridor-hold,11,Defeat,21,0,21,168,25,0,1,28,20,1:20,0,28,0,3494238110
gym-lanes-boss-kill,corridor-hold,12,Victory,25,0,25,200,35,80,0,28,3,1:3,0,20,0,3490420891
gym-lanes-boss-kill,corridor-hold,13,Defeat,10,0,10,80,14,0,2,50,-1,,0,10,0,1878487754
gym-lanes-boss-kill,corridor-hold,14,Defeat,18,0,18,144,27,0,1,44,-1,,0,27,0,3409285957
gym-lanes-boss-kill,corridor-hold,15,Defeat,8,0,8,64,14,0,2,50,-1,,0,6,1,3163733038
gym-lanes-boss-kill,corridor-hold,16,Defeat,13,0,13,104,17,0,1,30,-1,,0,12,0,1796340722
gym-lanes-boss-kill,corridor-hold,17,Defeat,17,0,17,136,27,0,1,29,-1,,0,13,0,253338772
gym-lanes-boss-kill,corridor-hold,18,Defeat,11,0,11,88,9,0,3,63,-1,,0,12,0,1254684976
gym-lanes-boss-kill,corridor-hold,19,Defeat,13,0,13,104,15,0,1,53,-1,,0,15,0,4176568695
gym-lanes-boss-kill,corridor-hold,20,Defeat,13,0,13,104,16,0,1,38,-1,,0,10,0,627873489
gym-lanes-boss-kill,corridor-hold,21,Defeat,12,0,12,96,13,0,1,50,-1,,0,9,0,3833272956
gym-lanes-boss-kill,corridor-hold,22,Defeat,6,0,6,48,8,0,3,83,-1,,0,6,1,1135616050
gym-lanes-boss-kill,corridor-hold,23,Victory,18,0,18,144,24,15,1,38,-1,,0,26,0,2738525826
gym-lanes-boss-kill,corridor-hold,24,Defeat,10,0,10,80,7,0,2,50,-1,,0,7,0,984356037
gym-lanes-boss-kill,corridor-hold,25,Defeat,20,0,20,160,25,0,1,35,3,1:3,0,19,0,3444757209
gym-lanes-boss-kill,corridor-hold,26,Defeat,13,0,13,104,14,0,2,46,-1,,0,14,0,3962223808
gym-lanes-boss-kill,corridor-hold,27,Defeat,17,0,17,136,13,0,2,58,-1,,0,22,0,1979420094
gym-lanes-boss-kill,corridor-hold,28,Defeat,7,0,7,56,3,0,2,85,-1,,0,4,0,1629572202
gym-lanes-boss-kill,corridor-hold,29,Defeat,14,0,14,112,18,0,1,35,-1,,0,12,0,4042383832
gym-lanes-boss-kill,corridor-hold,30,Defeat,9,0,9,72,15,0,3,55,-1,,0,9,1,481385325
gym-lanes-boss-kill,corridor-hold,31,Defeat,14,0,14,112,16,0,1,42,-1,,0,13,0,2947676194
gym-lanes-boss-kill,corridor-hold,32,Defeat,12,0,12,96,12,0,3,66,-1,,0,18,1,771220104
gym-lanes-boss-kill,corridor-hold,33,Defeat,7,0,7,56,8,0,4,85,11,1:11,0,9,1,2837991517
gym-lanes-boss-kill,corridor-hold,34,Defeat,7,0,7,56,8,0,4,100,11,1:11,0,9,1,2963518807
gym-lanes-boss-kill,corridor-hold,35,Defeat,13,0,13,104,17,0,2,46,-1,,0,15,0,1503249361
gym-lanes-boss-kill,corridor-hold,36,Defeat,7,0,7,56,9,0,2,57,-1,,0,5,1,3711057410
gym-lanes-boss-kill,corridor-hold,37,Defeat,15,0,15,120,14,0,1,40,-1,,0,14,0,624441925
gym-lanes-boss-kill,corridor-hold,38,Victory,30,0,30,240,49,205,1,30,-1,,0,48,0,2431777785
gym-lanes-boss-kill,corridor-hold,39,Defeat,14,0,14,112,15,0,2,35,-1,,0,22,0,4197774849
gym-lanes-boss-kill,corridor-hold,40,Defeat,13,0,13,104,21,0,1,38,-1,,0,13,0,4124211237
gym-lanes-boss-kill,corridor-hold,41,Defeat,8,0,8,64,10,0,2,62,-1,,0,6,0,1193663145
gym-lanes-boss-kill,corridor-hold,42,Defeat,17,0,17,136,19,0,1,47,-1,,0,21,0,1952887163
gym-lanes-boss-kill,corridor-hold,43,Victory,13,0,13,104,9,5,0,38,-1,,0,12,0,97958332
gym-lanes-boss-kill,corridor-hold,44,Defeat,13,0,13,104,12,0,1,38,-1,,0,14,0,1140235220
gym-lanes-boss-kill,corridor-hold,45,Defeat,14,0,14,112,15,0,1,35,-1,,0,20,0,1997031399
gym-lanes-boss-kill,corridor-hold,46,Victory,27,0,27,216,32,20,0,18,11,1:11,0,23,0,624032267
gym-lanes-boss-kill,corridor-hold,47,Victory,31,0,31,248,53,20,0,19,12,1:12,0,26,0,111990881
gym-lanes-boss-kill,corridor-hold,48,Defeat,11,0,11,88,10,0,1,45,-1,,0,6,0,2044993160
gym-lanes-boss-kill,corridor-hold,49,Defeat,13,0,13,104,12,0,1,38,-1,,0,14,0,171942589
gym-lanes-boss-kill,corridor-hold,50,Victory,15,0,15,120,17,50,1,33,20,1:20,0,17,0,750736366
gym-lanes-boss-kill,corridor-hold,51,Defeat,14,0,14,112,16,0,1,35,3,1:3,0,8,0,896246566
gym-lanes-boss-kill,corridor-hold,52,Defeat,13,0,13,104,9,0,1,38,-1,,0,12,0,2474921378
gym-lanes-boss-kill,corridor-hold,53,Defeat,16,0,16,128,19,0,1,31,-1,,0,19,0,1097098068
gym-lanes-boss-kill,corridor-hold,54,Defeat,6,0,6,48,10,0,4,100,-1,,0,5,2,4039407763
gym-lanes-boss-kill,corridor-hold,55,Defeat,16,0,16,128,22,0,1,37,11,1:11,0,19,0,4079020855
gym-lanes-boss-kill,corridor-hold,56,Defeat,20,0,20,160,23,0,2,30,20,1:20,0,36,0,1022252775
gym-lanes-boss-kill,corridor-hold,57,Defeat,12,0,12,96,13,0,1,41,-1,,0,15,0,3324140519
gym-lanes-boss-kill,corridor-hold,58,Defeat,7,0,7,56,5,0,3,71,-1,,0,5,1,2385473857
gym-lanes-boss-kill,corridor-hold,59,Victory,23,0,23,184,24,65,0,26,12,1:12,0,18,0,1308210663
gym-lanes-boss-kill,corridor-hold,60,Victory,26,0,26,208,30,110,0,26,3,1:3,0,34,0,2504555215
gym-lanes-boss-kill,corridor-hold,61,Defeat,10,0,10,80,11,0,2,60,3,1:3,0,8,0,2603633153
gym-lanes-boss-kill,corridor-hold,62,Defeat,26,0,26,208,37,0,1,19,20,1:20,0,42,0,1183294651
gym-lanes-boss-kill,corridor-hold,63,Defeat,19,0,19,152,22,0,1,42,3,1:3,0,19,0,1742088565
gym-lanes-boss-kill,corridor-hold,64,Defeat,22,0,22,176,39,0,1,22,3,1:3,0,17,0,1349007652
gym-lanes-boss-kill,corridor-hold,65,Defeat,18,0,18,144,20,0,3,33,3,1:3,0,38,0,2062769582
gym-lanes-boss-kill,corridor-hold,66,Defeat,13,0,13,104,20,0,2,46,-1,,0,20,0,928952615
gym-lanes-boss-kill,corridor-hold,67,Defeat,7,0,7,56,9,0,4,57,11,1:11,0,9,1,1118548182
gym-lanes-boss-kill,corridor-hold,68,Defeat,11,0,11,88,6,0,3,45,20,1:20,0,14,0,31925636
gym-lanes-boss-kill,corridor-hold,69,Victory,24,0,24,192,22,85,0,25,20,1:20,0,23,0,221282470
gym-lanes-boss-kill,corridor-hold,70,Defeat,13,0,13,104,17,0,1,30,-1,,0,12,0,3102278192
gym-lanes-boss-kill,corridor-hold,71,Defeat,25,0,25,200,38,0,1,28,11,1:11,0,24,0,4250475058
gym-lanes-boss-kill,corridor-hold,72,Defeat,22,0,22,176,28,0,1,31,3,1:3,0,18,0,1716196443
gym-lanes-boss-kill,corridor-hold,73,Defeat,16,0,16,128,14,0,1,43,-1,,0,12,0,973780789
gym-lanes-boss-kill,corridor-hold,74,Defeat,12,0,12,96,5,0,2,50,-1,,0,18,0,1606379564
gym-lanes-boss-kill,corridor-hold,75,Defeat,7,0,7,56,14,0,2,57,-1,,0,6,0,1489737577
gym-lanes-boss-kill,corridor-hold,76,Defeat,9,0,9,72,15,0,2,66,-1,,0,7,0,2712644197
gym-lanes-boss-kill,corridor-hold,77,Defeat,15,0,15,120,15,0,1,33,-1,,0,11,0,4001006171
gym-lanes-boss-kill,corridor-hold,78,Defeat,22,0,22,176,32,0,1,31,12,1:12,0,17,0,487043192
gym-lanes-boss-kill,corridor-hold,79,Defeat,11,0,11,88,11,0,2,72,-1,,0,9,0,3904824812
gym-lanes-boss-kill,corridor-hold,80,Defeat,25,0,25,200,35,0,1,28,12,1:12,0,25,0,795131970
gym-lanes-boss-kill,corridor-hold,81,Defeat,12,0,12,96,20,0,2,66,-1,,0,11,0,3352574328
gym-lanes-boss-kill,corridor-hold,82,Defeat,16,0,16,128,22,0,1,37,12,1:12,0,12,0,2035919078
gym-lanes-boss-kill,corridor-hold,83,Defeat,9,0,9,72,7,0,2,55,-1,,0,8,0,2621129717
gym-lanes-boss-kill,corridor-hold,84,Defeat,11,0,11,88,5,0,1,54,-1,,0,9,0,2031619677
gym-lanes-boss-kill,corridor-hold,85,Defeat,15,0,15,120,23,0,2,40,11,1:11,0,27,0,3885360852
gym-lanes-boss-kill,corridor-hold,86,Defeat,14,0,14,112,10,0,1,42,3,1:3,0,10,0,788863733
gym-lanes-boss-kill,corridor-hold,87,Defeat,12,0,12,96,9,0,1,50,-1,,0,12,0,303030652
gym-lanes-boss-kill,corridor-hold,88,Defeat,13,0,13,104,17,0,1,30,-1,,0,12,0,266475882
gym-lanes-boss-kill,corridor-hold,89,Defeat,14,0,14,112,16,0,1,35,-1,,0,13,0,2570102086
gym-lanes-boss-kill,corridor-hold,90,Defeat,6,0,6,48,6,0,3,66,-1,,0,6,2,2498152444
gym-lanes-boss-kill,corridor-hold,91,Defeat,15,0,15,120,12,0,1,33,-1,,0,13,0,667681227
gym-lanes-boss-kill,corridor-hold,92,Defeat,16,0,16,128,18,0,1,31,-1,,0,12,0,3449208617
gym-lanes-boss-kill,corridor-hold,93,Defeat,12,0,12,96,12,0,2,50,-1,,0,11,0,4156243074
gym-lanes-boss-kill,corridor-hold,94,Defeat,12,0,12,96,12,0,1,33,-1,,0,19,0,3070746493
gym-lanes-boss-kill,corridor-hold,95,Defeat,22,0,22,176,30,0,2,40,12,1:12,0,34,0,923085874
gym-lanes-boss-kill,corridor-hold,96,Defeat,11,0,11,88,9,0,1,45,-1,,0,7,0,2959274362
gym-lanes-boss-kill,corridor-hold,97,Defeat,13,0,13,104,16,0,1,38,-1,,0,8,0,859534588
gym-lanes-boss-kill,corridor-hold,98,Defeat,14,0,14,112,18,0,1,35,-1,,0,13,0,4230608574
gym-lanes-boss-kill,corridor-hold,99,Defeat,16,0,16,128,21,0,1,43,-1,,0,14,0,2779297131
gym-lanes-boss-kill,corridor-hold,100,Defeat,16,0,16,128,12,0,1,37,-1,,0,21,0,2967212692
gym-lanes-boss-kill,corridor-hold,101,Defeat,13,0,13,104,18,0,3,53,-1,,0,22,0,2584786520
gym-lanes-boss-kill,corridor-hold,102,Defeat,13,0,13,104,22,0,1,30,-1,,0,12,0,3102278192
gym-lanes-boss-kill,corridor-hold,103,Defeat,13,0,13,104,20,0,1,46,-1,,0,15,0,3495103301
gym-lanes-boss-kill,corridor-hold,104,Defeat,10,0,10,80,10,0,1,60,-1,,0,6,0,3676370107
gym-lanes-boss-kill,corridor-hold,105,Defeat,9,0,9,72,6,0,1,66,-1,,0,9,0,4095844407
gym-lanes-boss-kill,corridor-hold,106,Defeat,7,0,7,56,4,0,2,100,11,1:11,0,7,0,3443064100
gym-lanes-boss-kill,corridor-hold,107,Defeat,11,0,11,88,8,0,1,54,-1,,0,6,0,2874570414
gym-lanes-boss-kill,corridor-hold,108,Defeat,23,0,23,184,26,0,2,39,20,1:20,0,38,0,4065494476
gym-lanes-boss-kill,corridor-hold,109,Victory,13,0,13,104,16,5,0,38,-1,,0,9,0,1910930583
gym-lanes-boss-kill,corridor-hold,110,Defeat,10,0,10,80,7,0,2,50,-1,,0,10,0,1350797336
gym-lanes-boss-kill,corridor-hold,111,Defeat,14,0,14,112,11,0,1,50,-1,,0,15,0,2552517722
gym-lanes-boss-kill,corridor-hold,112,Defeat,30,0,30,240,52,0,1,26,12,1:12,0,26,0,1905613285
gym-lanes-boss-kill,corridor-hold,113,Defeat,10,0,10,80,13,0,1,50,-1,,0,9,0,2245045318
gym-lanes-boss-kill,corridor-hold,114,Defeat,10,0,10,80,10,0,2,40,-1,,0,9,0,385894079
gym-lanes-boss-kill,corridor-hold,115,Defeat,11,0,11,88,23,0,3,72,-1,,0,15,0,3931811060
gym-lanes-boss-kill,corridor-hold,116,Defeat,11,0,11,88,10,0,1,45,-1,,0,14,0,1174351692
gym-lanes-boss-kill,corridor-hold,117,Defeat,11,0,11,88,15,0,2,54,-1,,0,15,0,2296596057
gym-lanes-boss-kill,corridor-hold,118,Defeat,6,0,6,48,4,0,2,66,-1,,0,6,0,2558663547
gym-lanes-boss-kill,corridor-hold,119,Victory,14,0,14,112,11,50,2,35,20,1:20,0,24,0,3023379833
gym-lanes-boss-kill,corridor-hold,120,Defeat,21,0,21,168,22,0,2,42,12,1:12,0,33,0,865162822
gym-lanes-boss-kill,corridor-hold,121,Defeat,15,0,15,120,17,0,1,40,20,1:20,0,11,0,2606047973
gym-lanes-boss-kill,corridor-hold,122,Defeat,10,0,10,80,7,0,2,50,-1,,0,10,0,3566583599
gym-lanes-boss-kill,corridor-hold,123,Defeat,11,0,11,88,12,0,2,54,3,1:3,0,13,0,98327898
gym-lanes-boss-kill,corridor-hold,124,Defeat,12,0,12,96,9,0,1,41,-1,,0,11,0,69321996
gym-lanes-boss-kill,corridor-hold,125,Defeat,19,0,19,152,28,0,1,21,3,1:3,0,15,0,3176994342
gym-lanes-boss-kill,corridor-hold,126,Defeat,11,0,11,88,13,0,2,54,-1,,0,13,0,128104164
gym-lanes-boss-kill,corridor-hold,127,Defeat,8,0,8,64,14,0,4,87,11,1:11,0,12,0,3253257210
gym-lanes-boss-kill,corridor-hold,128,Defeat,22,0,22,176,29,0,2,27,20,1:20,0,60,0,1170835224
gym-lanes-boss-kill,corridor-hold,129,Defeat,6,0,6,48,12,0,3,83,-1,,0,5,1,897122491
gym-lanes-boss-kill,corridor-hold,130,Defeat,11,0,11,88,10,0,2,54,-1,,0,13,0,4005137423
gym-lanes-boss-kill,corridor-hold,131,Defeat,13,0,13,104,22,0,1,30,-1,,0,12,0,3102278192
gym-lanes-boss-kill,corridor-hold,132,Defeat,6,0,6,48,11,0,3,66,-1,,0,3,1,3813335665
gym-lanes-boss-kill,corridor-hold,133,Defeat,12,0,12,96,14,0,1,50,-1,,0,13,0,1729124072
gym-lanes-boss-kill,corridor-hold,134,Victory,15,0,15,120,20,175,1,26,3,1:3,0,12,0,1101520819
gym-lanes-boss-kill,corridor-hold,135,Defeat,12,0,12,96,10,0,1,50,-1,,0,12,0,922248768
gym-lanes-boss-kill,corridor-hold,136,Defeat,19,0,19,152,25,0,1,36,12,1:12,0,16,0,1049753894
gym-lanes-boss-kill,corridor-hold,137,Defeat,14,0,14,112,11,0,1,50,3,1:3,0,9,0,4080254896
gym-lanes-boss-kill,corridor-hold,138,Defeat,5,0,5,40,10,0,3,80,-1,,0,4,2,3554416724
gym-lanes-boss-kill,corridor-hold,139,Victory,15,0,15,120,16,80,1,33,20,1:20,0,17,0,2079895676
gym-lanes-boss-kill,corridor-hold,140,Defeat,12,0,12,96,8,0,2,50,-1,,0,13,0,2599014809
gym-lanes-boss-kill,corridor-hold,141,Defeat,9,0,9,72,14,0,2,55,-1,,0,8,0,1069786054
gym-lanes-boss-kill,corridor-hold,142,Defeat,11,0,11,88,8,0,2,54,3,1:3,0,13,0,1669536853
gym-lanes-boss-kill,corridor-hold,143,Defeat,12,0,12,96,19,0,2,41,-1,,0,18,0,1489244502
gym-lanes-boss-kill,corridor-hold,144,Defeat,19,0,19,152,29,0,1,26,12,1:12,0,17,0,2672788803
gym-lanes-boss-kill,corridor-hold,145,Defeat,28,0,28,224,35,0,1,28,20,1:20,0,28,0,1970762611
gym-lanes-boss-kill,corridor-hold,146,Defeat,11,0,11,88,11,0,1,45,-1,,0,17,0,224514690
gym-lanes-boss-kill,corridor-hold,147,Defeat,13,0,13,104,14,0,3,23,3,1:3,0,23,0,967491080
gym-lanes-boss-kill,corridor-hold,148,Defeat,10,0,10,80,10,0,3,60,-1,,0,11,0,3238468901
gym-lanes-boss-kill,corridor-hold,149,Defeat,14,0,14,112,23,0,1,35,-1,,0,13,0,727004383
gym-lanes-boss-kill,corridor-hold,150,Defeat,13,0,13,104,12,0,1,53,-1,,0,10,0,2990579471
gym-lanes-boss-kill,corridor-hold,151,Defeat,12,0,12,96,8,0,2,41,20,1:20,0,12,0,3338806609
gym-lanes-boss-kill,corridor-hold,152,Defeat,10,0,10,80,2,0,1,60,-1,,0,5,0,300801253
gym-lanes-boss-kill,corridor-hold,153,Defeat,23,0,23,184,38,0,2,56,12,1:12,0,50,0,2876258267
gym-lanes-boss-kill,corridor-hold,154,Defeat,12,0,12,96,20,0,1,41,-1,,0,13,0,3116460736
gym-lanes-boss-kill,corridor-hold,155,Defeat,12,0,12,96,15,0,1,50,-1,,0,13,0,3806318373
gym-lanes-boss-kill,corridor-hold,156,Defeat,16,0,16,128,21,0,2,43,20,1:20,0,28,0,627505628
gym-lanes-boss-kill,corridor-hold,157,Defeat,12,0,12,96,13,0,2,58,-1,,0,14,0,2626163607
gym-lanes-boss-kill,corridor-hold,158,Defeat,12,0,12,96,17,0,1,33,-1,,0,18,0,4009990584
gym-lanes-boss-kill,corridor-hold,159,Defeat,17,0,17,136,20,0,2,47,20,1:20,0,19,0,2958024625
gym-lanes-boss-kill,corridor-hold,160,Defeat,7,0,7,56,9,0,1,57,-1,,0,5,1,2956001878
gym-lanes-boss-kill,corridor-hold,161,Defeat,8,0,8,64,12,0,4,62,11,1:11,0,12,1,2661102729
gym-lanes-boss-kill,corridor-hold,162,Defeat,13,0,13,104,17,0,1,30,-1,,0,13,0,2393748838
gym-lanes-boss-kill,corridor-hold,163,Defeat,25,0,25,200,30,0,1,20,12,1:12,0,21,0,692059920
gym-lanes-boss-kill,corridor-hold,164,Defeat,12,0,12,96,12,0,1,41,-1,,0,16,0,3871775601
gym-lanes-boss-kill,corridor-hold,165,Defeat,13,0,13,104,13,0,1,38,3,1:3,0,9,0,2316136172
gym-lanes-boss-kill,corridor-hold,166,Defeat,24,0,24,192,38,0,1,37,12,1:12,0,21,0,999752921
gym-lanes-boss-kill,corridor-hold,167,Defeat,20,0,20,160,27,0,1,25,12,1:12,0,16,0,2023900559
gym-lanes-boss-kill,corridor-hold,168,Defeat,13,0,13,104,18,0,1,38,-1,,0,12,0,1568705037
gym-lanes-boss-kill,corridor-hold,169,Defeat,15,0,15,120,35,0,1,40,-1,,0,18,0,2165446646
gym-lanes-boss-kill,corridor-hold,170,Defeat,15,0,15,120,17,0,1,33,-1,,0,15,0,4235586349
gym-lanes-boss-kill,corridor-hold,171,Defeat,16,0,16,128,15,0,2,50,-1,,0,21,0,3296679000
gym-lanes-boss-kill,corridor-hold,172,Defeat,15,0,15,120,12,0,1,40,3,1:3,0,11,0,1106967330
gym-lanes-boss-kill,corridor-hold,173,Defeat,12,0,12,96,16,0,1,33,-1,,0,19,0,4133494170
gym-lanes-boss-kill,corridor-hold,174,Defeat,20,0,20,160,19,0,1,20,20,1:20,0,19,0,3107126535
gym-lanes-boss-kill,corridor-hold,175,Defeat,11,0,11,88,10,0,1,45,-1,,0,13,0,3961718310
gym-lanes-boss-kill,corridor-hold,176,Defeat,5,0,5,40,5,0,4,80,-1,,0,4,2,4038138041
gym-lanes-boss-kill,corridor-hold,177,Defeat,14,0,14,112,8,0,1,35,-1,,0,15,0,2615773777
gym-lanes-boss-kill,corridor-hold,178,Defeat,12,0,12,96,9,0,1,41,-1,,0,15,0,176632853
gym-lanes-boss-kill,corridor-hold,179,Victory,18,0,18,144,15,90,0,27,12,1:12,0,13,0,1817786555
gym-lanes-boss-kill,corridor-hold,180,Defeat,13,0,13,104,24,0,1,46,-1,,0,9,0,3790830632
gym-lanes-boss-kill,corridor-hold,181,Defeat,19,0,19,152,28,0,1,26,-1,,0,15,0,3578306359
gym-lanes-boss-kill,corridor-hold,182,Defeat,11,0,11,88,28,0,2,45,-1,,0,11,0,949376748
gym-lanes-boss-kill,corridor-hold,183,Defeat,12,0,12,96,8,0,1,66,-1,,0,16,0,1149222205
gym-lanes-boss-kill,corridor-hold,184,Defeat,12,0,12,96,6,0,1,66,-1,,0,13,0,844598458
gym-lanes-boss-kill,corridor-hold,185,Defeat,6,0,6,48,12,0,2,66,-1,,0,5,1,2791910844
gym-lanes-boss-kill,corridor-hold,186,Victory,15,0,15,120,7,5,0,46,3,1:3,0,9,0,520054310
gym-lanes-boss-kill,corridor-hold,187,Defeat,13,0,13,104,21,0,1,38,-1,,0,13,0,3606144541
gym-lanes-boss-kill,corridor-hold,188,Defeat,12,0,12,96,7,0,2,33,20,1:20,0,15,0,283265486
gym-lanes-boss-kill,corridor-hold,189,Defeat,13,0,13,104,14,0,2,61,-1,,0,19,0,3928886896
gym-lanes-boss-kill,corridor-hold,190,Defeat,5,0,5,40,12,0,4,80,-1,,0,4,2,4157372158
gym-lanes-boss-kill,corridor-hold,191,Defeat,17,0,17,136,28,0,1,41,3,1:3,0,13,0,464891406
gym-lanes-boss-kill,corridor-hold,192,Defeat,22,0,22,176,24,0,1,36,12,1:12,0,23,0,2745714056
gym-lanes-boss-kill,corridor-hold,193,Defeat,13,0,13,104,13,0,1,38,-1,,0,11,0,1958845649
gym-lanes-boss-kill,corridor-hold,194,Defeat,13,0,13,104,16,0,2,46,-1,,0,15,0,2324306766
gym-lanes-boss-kill,corridor-hold,195,Defeat,14,0,14,112,13,0,1,50,-1,,0,10,0,1899652854
gym-lanes-boss-kill,corridor-hold,196,Defeat,12,0,12,96,16,0,1,41,-1,,0,7,0,3112753555
gym-lanes-boss-kill,corridor-hold,197,Defeat,21,0,21,168,32,0,1,23,12,1:12,0,16,0,1304550531
gym-lanes-boss-kill,corridor-hold,198,Defeat,11,0,11,88,8,0,1,45,-1,,0,12,0,2048047442
gym-lanes-boss-kill,corridor-hold,199,Victory,13,0,13,104,5,25,0,38,-1,,0,8,0,2661838314
gym-lanes-boss-kill,corridor-hold,200,Defeat,13,0,13,104,20,0,1,53,-1,,0,15,0,2035809299
gym-lanes-boss-kill,tpa-order,1,Victory,14,0,14,112,12,5,1,42,3,1:3,0,18,0,4095220038
gym-lanes-boss-kill,tpa-order,2,Defeat,24,0,24,192,24,0,1,33,20,1:20,0,35,0,450138962
gym-lanes-boss-kill,tpa-order,3,Defeat,12,0,12,96,7,0,1,50,-1,,0,14,0,337534168
gym-lanes-boss-kill,tpa-order,4,Defeat,11,0,11,88,7,0,1,54,-1,,0,8,0,4070469866
gym-lanes-boss-kill,tpa-order,5,Defeat,22,0,22,176,34,0,1,31,12,1:12,0,25,0,1272835325
gym-lanes-boss-kill,tpa-order,6,Defeat,17,0,17,136,23,0,1,35,-1,,0,19,0,4064086349
gym-lanes-boss-kill,tpa-order,7,Defeat,10,0,10,80,13,0,2,50,-1,,0,10,1,562146659
gym-lanes-boss-kill,tpa-order,8,Defeat,12,0,12,96,9,0,1,58,-1,,0,11,0,2346728086
gym-lanes-boss-kill,tpa-order,9,Defeat,10,0,10,80,6,0,1,50,-1,,0,11,0,3397630182
gym-lanes-boss-kill,tpa-order,10,Defeat,25,0,25,200,28,0,1,28,12,1:12,0,19,0,65465678
gym-lanes-boss-kill,tpa-order,11,Defeat,21,0,21,168,25,0,1,28,20,1:20,0,28,0,3494238110
gym-lanes-boss-kill,tpa-order,12,Victory,25,0,25,200,35,80,0,28,3,1:3,0,20,0,3490420891
gym-lanes-boss-kill,tpa-order,13,Defeat,10,0,10,80,14,0,2,40,-1,,0,10,0,1939885218
gym-lanes-boss-kill,tpa-order,14,Defeat,18,0,18,144,27,0,1,44,-1,,0,27,0,3409285957
gym-lanes-boss-kill,tpa-order,15,Defeat,8,0,8,64,14,0,2,50,-1,,0,6,1,3163733038
gym-lanes-boss-kill,tpa-order,16,Defeat,13,0,13,104,17,0,1,30,-1,,0,12,0,1796340722
gym-lanes-boss-kill,tpa-order,17,Defeat,17,0,17,136,27,0,1,29,-1,,0,13,0,253338772
gym-lanes-boss-kill,tpa-order,18,Defeat,11,0,11,88,9,0,2,54,-1,,0,12,0,438707816
gym-lanes-boss-kill,tpa-order,19,Defeat,13,0,13,104,15,0,1,53,-1,,0,15,0,4176568695
gym-lanes-boss-kill,tpa-order,20,Defeat,13,0,13,104,16,0,1,38,-1,,0,10,0,627873489
gym-lanes-boss-kill,tpa-order,21,Defeat,12,0,12,96,13,0,1,50,-1,,0,9,0,3833272956
gym-lanes-boss-kill,tpa-order,22,Defeat,6,0,6,48,8,0,3,83,-1,,0,6,1,1135616050
gym-lanes-boss-kill,tpa-order,23,Victory,18,0,18,144,24,15,1,38,-1,,0,26,0,2738525826
gym-lanes-boss-kill,tpa-order,24,Defeat,10,0,10,80,7,0,2,50,-1,,0,7,0,984356037
gym-lanes-boss-kill,tpa-order,25,Defeat,20,0,20,160,25,0,1,35,3,1:3,0,19,0,3444757209
gym-lanes-boss-kill,tpa-order,26,Defeat,13,0,13,104,14,0,2,46,-1,,0,14,0,2931571728
gym-lanes-boss-kill,tpa-order,27,Defeat,11,0,11,88,2,0,1,63,-1,,0,7,0,3043931048
gym-lanes-boss-kill,tpa-order,28,Defeat,6,0,6,48,3,0,2,83,11,1:11,0,2,0,3199157060
gym-lanes-boss-kill,tpa-order,29,Defeat,14,0,14,112,18,0,1,35,-1,,0,12,0,4042383832
gym-lanes-boss-kill,tpa-order,30,Defeat,9,0,9,72,15,0,2,44,-1,,0,9,1,2447386790
gym-lanes-boss-kill,tpa-order,31,Defeat,14,0,14,112,16,0,1,42,-1,,0,13,0,2947676194
gym-lanes-boss-kill,tpa-order,32,Defeat,12,0,12,96,12,0,3,66,-1,,0,18,1,771220104
gym-lanes-boss-kill,tpa-order,33,Defeat,7,0,7,56,8,0,4,85,11,1:11,0,9,1,2837991517
gym-lanes-boss-kill,tpa-order,34,Defeat,7,0,7,56,8,0,2,85,11,1:11,0,8,1,1200444656
gym-lanes-boss-kill,tpa-order,35,Defeat,13,0,13,104,17,0,2,46,-1,,0,15,0,1503249361
gym-lanes-boss-kill,tpa-order,36,Defeat,7,0,7,56,9,0,2,57,-1,,0,5,1,3711057410
gym-lanes-boss-kill,tpa-order,37,Defeat,15,0,15,120,14,0,1,40,-1,,0,14,0,624441925
gym-lanes-boss-kill,tpa-order,38,Victory,30,0,30,240,49,205,1,30,-1,,0,48,0,2431777785
gym-lanes-boss-kill,tpa-order,39,Defeat,15,0,15,120,15,0,1,33,-1,,0,23,0,2463488181
gym-lanes-boss-kill,tpa-order,40,Defeat,13,0,13,104,21,0,1,38,-1,,0,13,0,4124211237
gym-lanes-boss-kill,tpa-order,41,Defeat,8,0,8,64,10,0,2,62,-1,,0,6,0,392878820
gym-lanes-boss-kill,tpa-order,42,Defeat,17,0,17,136,19,0,1,47,-1,,0,21,0,1952887163
gym-lanes-boss-kill,tpa-order,43,Victory,13,0,13,104,9,5,0,38,-1,,0,12,0,97958332
gym-lanes-boss-kill,tpa-order,44,Defeat,13,0,13,104,12,0,1,38,-1,,0,14,0,1140235220
gym-lanes-boss-kill,tpa-order,45,Defeat,14,0,14,112,15,0,1,35,-1,,0,20,0,1997031399
gym-lanes-boss-kill,tpa-order,46,Victory,27,0,27,216,32,20,0,18,11,1:11,0,23,0,624032267
gym-lanes-boss-kill,tpa-order,47,Victory,31,0,31,248,53,20,0,19,12,1:12,0,26,0,111990881
gym-lanes-boss-kill,tpa-order,48,Defeat,11,0,11,88,10,0,1,45,-1,,0,6,0,2044993160
gym-lanes-boss-kill,tpa-order,49,Defeat,13,0,13,104,12,0,1,38,-1,,0,14,0,171942589
gym-lanes-boss-kill,tpa-order,50,Victory,15,0,15,120,17,50,1,33,20,1:20,0,17,0,750736366
gym-lanes-boss-kill,tpa-order,51,Defeat,14,0,14,112,16,0,1,35,3,1:3,0,8,0,896246566
gym-lanes-boss-kill,tpa-order,52,Defeat,13,0,13,104,9,0,1,38,-1,,0,12,0,2474921378
gym-lanes-boss-kill,tpa-order,53,Defeat,16,0,16,128,19,0,1,31,-1,,0,19,0,1097098068
gym-lanes-boss-kill,tpa-order,54,Defeat,6,0,6,48,10,0,4,100,-1,,0,5,2,4039407763
gym-lanes-boss-kill,tpa-order,55,Defeat,16,0,16,128,22,0,1,37,11,1:11,0,19,0,4079020855
gym-lanes-boss-kill,tpa-order,56,Defeat,20,0,20,160,23,0,2,30,20,1:20,0,36,0,3593661879
gym-lanes-boss-kill,tpa-order,57,Defeat,12,0,12,96,13,0,1,41,-1,,0,15,0,3324140519
gym-lanes-boss-kill,tpa-order,58,Defeat,7,0,7,56,5,0,3,71,-1,,0,5,1,2385473857
gym-lanes-boss-kill,tpa-order,59,Victory,23,0,23,184,24,65,0,26,12,1:12,0,18,0,1308210663
gym-lanes-boss-kill,tpa-order,60,Victory,26,0,26,208,30,110,0,26,3,1:3,0,34,0,2504555215
gym-lanes-boss-kill,tpa-order,61,Defeat,10,0,10,80,11,0,2,60,3,1:3,0,8,0,2603633153
gym-lanes-boss-kill,tpa-order,62,Defeat,26,0,26,208,37,0,1,19,20,1:20,0,42,0,1183294651
gym-lanes-boss-kill,tpa-order,63,Defeat,19,0,19,152,22,0,1,42,3,1:3,0,19,0,1742088565
gym-lanes-boss-kill,tpa-order,64,Defeat,22,0,22,176,39,0,1,22,3,1:3,0,17,0,1349007652
gym-lanes-boss-kill,tpa-order,65,Defeat,18,0,18,144,20,0,3,33,3,1:3,0,38,0,2062769582
gym-lanes-boss-kill,tpa-order,66,Defeat,20,0,20,160,29,0,1,40,-1,,0,27,0,2292955076
gym-lanes-boss-kill,tpa-order,67,Defeat,7,0,7,56,9,0,4,57,11,1:11,0,9,1,1118548182
gym-lanes-boss-kill,tpa-order,68,Defeat,11,0,11,88,6,0,3,45,20,1:20,0,14,0,31925636
gym-lanes-boss-kill,tpa-order,69,Victory,24,0,24,192,22,85,0,25,20,1:20,0,23,0,221282470
gym-lanes-boss-kill,tpa-order,70,Defeat,13,0,13,104,17,0,1,30,-1,,0,12,0,3102278192
gym-lanes-boss-kill,tpa-order,71,Defeat,25,0,25,200,38,0,1,28,11,1:11,0,24,0,4250475058
gym-lanes-boss-kill,tpa-order,72,Defeat,22,0,22,176,28,0,1,31,3,1:3,0,18,0,1716196443
gym-lanes-boss-kill,tpa-order,73,Defeat,16,0,16,128,14,0,1,43,-1,,0,12,0,973780789
gym-lanes-boss-kill,tpa-order,74,Defeat,12,0,12,96,5,0,2,50,-1,,0,18,0,1606379564
gym-lanes-boss-kill,tpa-order,75,Defeat,7,0,7,56,14,0,2,57,-1,,0,6,0,1489737577
gym-lanes-boss-kill,tpa-order,76,Defeat,9,0,9,72,15,0,2,66,-1,,0,7,0,2712644197
gym-lanes-boss-kill,tpa-order,77,Defeat,15,0,15,120,15,0,1,33,-1,,0,11,0,4001006171
gym-lanes-boss-kill,tpa-order,78,Defeat,22,0,22,176,32,0,1,31,12,1:12,0,17,0,487043192
gym-lanes-boss-kill,tpa-order,79,Defeat,11,0,11,88,11,0,2,72,-1,,0,9,0,3904824812
gym-lanes-boss-kill,tpa-order,80,Defeat,25,0,25,200,35,0,1,28,12,1:12,0,25,0,795131970
gym-lanes-boss-kill,tpa-order,81,Defeat,13,0,13,104,20,0,1,61,-1,,0,12,0,2978985719
gym-lanes-boss-kill,tpa-order,82,Defeat,16,0,16,128,22,0,1,37,12,1:12,0,12,0,2035919078
gym-lanes-boss-kill,tpa-order,83,Defeat,9,0,9,72,7,0,2,55,-1,,0,8,0,2621129717
gym-lanes-boss-kill,tpa-order,84,Defeat,11,0,11,88,5,0,1,54,-1,,0,9,0,2031619677
gym-lanes-boss-kill,tpa-order,85,Defeat,15,0,15,120,23,0,2,40,11,1:11,0,27,0,3885360852
gym-lanes-boss-kill,tpa-order,86,Defeat,14,0,14,112,10,0,1,42,3,1:3,0,10,0,788863733
gym-lanes-boss-kill,tpa-order,87,Defeat,12,0,12,96,9,0,1,50,-1,,0,11,0,3347309982
gym-lanes-boss-kill,tpa-order,88,Defeat,13,0,13,104,17,0,1,30,-1,,0,12,0,266475882
gym-lanes-boss-kill,tpa-order,89,Defeat,14,0,14,112,16,0,1,35,-1,,0,13,0,2570102086
gym-lanes-boss-kill,tpa-order,90,Defeat,6,0,6,48,6,0,3,66,-1,,0,6,2,2498152444
gym-lanes-boss-kill,tpa-order,91,Defeat,15,0,15,120,12,0,1,33,-1,,0,13,0,667681227
gym-lanes-boss-kill,tpa-order,92,Defeat,16,0,16,128,18,0,1,31,-1,,0,12,0,3449208617
gym-lanes-boss-kill,tpa-order,93,Defeat,12,0,12,96,12,0,2,50,-1,,0,11,0,4156243074
gym-lanes-boss-kill,tpa-order,94,Defeat,12,0,12,96,12,0,1,33,-1,,0,19,0,3070746493
gym-lanes-boss-kill,tpa-order,95,Victory,23,0,23,184,30,40,0,34,12,1:12,0,35,0,4092409441
gym-lanes-boss-kill,tpa-order,96,Defeat,11,0,11,88,9,0,1,45,-1,,0,7,0,2959274362
gym-lanes-boss-kill,tpa-order,97,Defeat,13,0,13,104,16,0,1,38,-1,,0,8,0,859534588
gym-lanes-boss-kill,tpa-order,98,Defeat,14,0,14,112,18,0,1,35,-1,,0,13,0,4230608574
gym-lanes-boss-kill,tpa-order,99,Defeat,16,0,16,128,21,0,1,43,-1,,0,14,0,2779297131
gym-lanes-boss-kill,tpa-order,100,Defeat,16,0,16,128,12,0,1,37,-1,,0,21,0,2967212692
gym-lanes-boss-kill,tpa-order,101,Defeat,13,0,13,104,18,0,2,53,-1,,0,22,0,4101267394
gym-lanes-boss-kill,tpa-order,102,Defeat,13,0,13,104,22,0,1,30,-1,,0,12,0,3102278192
gym-lanes-boss-kill,tpa-order,103,Defeat,13,0,13,104,20,0,1,46,-1,,0,15,0,3495103301
gym-lanes-boss-kill,tpa-order,104,Defeat,10,0,10,80,10,0,1,60,-1,,0,6,0,3676370107
gym-lanes-boss-kill,tpa-order,105,Defeat,9,0,9,72,6,0,1,66,-1,,0,9,0,4095844407
gym-lanes-boss-kill,tpa-order,106,Defeat,7,0,7,56,4,0,2,100,11,1:11,0,7,0,3443064100
gym-lanes-boss-kill,tpa-order,107,Defeat,11,0,11,88,8,0,1,54,-1,,0,6,0,2874570414
gym-lanes-boss-kill,tpa-order,108,Defeat,23,0,23,184,26,0,2,39,20,1:20,0,38,0,4065494476
gym-lanes-boss-kill,tpa-order,109,Victory,13,0,13,104,16,5,0,38,-1,,0,9,0,1910930583
gym-lanes-boss-kill,tpa-order,110,Defeat,10,0,10,80,7,0,2,50,-1,,0,10,0,1350797336
gym-lanes-boss-kill,tpa-order,111,Defeat,14,0,14,112,11,0,1,50,-1,,0,15,0,2552517722
gym-lanes-boss-kill,tpa-order,112,Defeat,30,0,30,240,52,0,1,26,12,1:12,0,26,0,1905613285
gym-lanes-boss-kill,tpa-order,113,Defeat,10,0,10,80,13,0,1,50,-1,,0,9,0,2245045318
gym-lanes-boss-kill,tpa-order,114,Defeat,10,0,10,80,10,0,2,40,-1,,0,9,0,385894079
gym-lanes-boss-kill,tpa-order,115,Defeat,11,0,11,88,23,0,2,45,-1,,0,14,0,2762983735
gym-lanes-boss-kill,tpa-order,116,Defeat,11,0,11,88,10,0,1,45,-1,,0,14,0,1174351692
gym-lanes-boss-kill,tpa-order,117,Defeat,11,0,11,88,15,0,2,54,-1,,0,15,0,2296596057
gym-lanes-boss-kill,tpa-order,118,Defeat,6,0,6,48,4,0,2,66,-1,,0,6,0,2558663547
gym-lanes-boss-kill,tpa-order,119,Victory,14,0,14,112,11,50,2,35,20,1:20,0,24,0,3023379833
gym-lanes-boss-kill,tpa-order,120,Defeat,21,0,21,168,22,0,1,38,12,1:12,0,33,0,2392878365
gym-lanes-boss-kill,tpa-order,121,Defeat,15,0,15,120,17,0,1,40,20,1:20,0,11,0,2606047973
gym-lanes-boss-kill,tpa-order,122,Defeat,10,0,10,80,7,0,2,50,-1,,0,10,0,3566583599
gym-lanes-boss-kill,tpa-order,123,Defeat,11,0,11,88,12,0,2,54,3,1:3,0,13,0,98327898
gym-lanes-boss-kill,tpa-order,124,Defeat,12,0,12,96,9,0,1,41,-1,,0,11,0,69321996
gym-lanes-boss-kill,tpa-order,125,Defeat,19,0,19,152,28,0,1,21,3,1:3,0,15,0,3176994342
gym-lanes-boss-kill,tpa-order,126,Defeat,11,0,11,88,13,0,2,54,-1,,0,13,0,128104164
gym-lanes-boss-kill,tpa-order,127,Defeat,8,0,8,64,14,0,3,75,11,1:11,0,12,0,738542465
gym-lanes-boss-kill,tpa-order,128,Defeat,22,0,22,176,29,0,2,27,20,1:20,0,60,0,1170835224
gym-lanes-boss-kill,tpa-order,129,Defeat,6,0,6,48,12,0,3,83,-1,,0,5,1,897122491
gym-lanes-boss-kill,tpa-order,130,Defeat,11,0,11,88,10,0,2,54,-1,,0,13,0,4005137423
gym-lanes-boss-kill,tpa-order,131,Defeat,13,0,13,104,22,0,1,30,-1,,0,12,0,3102278192
gym-lanes-boss-kill,tpa-order,132,Defeat,6,0,6,48,11,0,3,66,-1,,0,3,1,3813335665
gym-lanes-boss-kill,tpa-order,133,Defeat,12,0,12,96,14,0,1,50,-1,,0,13,0,1729124072
gym-lanes-boss-kill,tpa-order,134,Victory,15,0,15,120,20,175,1,26,3,1:3,0,12,0,1101520819
gym-lanes-boss-kill,tpa-order,135,Defeat,12,0,12,96,10,0,1,50,-1,,0,12,0,922248768
gym-lanes-boss-kill,tpa-order,136,Defeat,19,0,19,152,25,0,1,36,12,1:12,0,16,0,1049753894
gym-lanes-boss-kill,tpa-order,137,Defeat,14,0,14,112,11,0,1,50,3,1:3,0,9,0,4080254896
gym-lanes-boss-kill,tpa-order,138,Defeat,5,0,5,40,10,0,3,80,-1,,0,4,2,3554416724
gym-lanes-boss-kill,tpa-order,139,Victory,15,0,15,120,16,80,1,33,20,1:20,0,17,0,2079895676
gym-lanes-boss-kill,tpa-order,140,Defeat,12,0,12,96,8,0,2,50,-1,,0,13,0,2599014809
gym-lanes-boss-kill,tpa-order,141,Defeat,9,0,9,72,14,0,2,55,-1,,0,8,0,1069786054
gym-lanes-boss-kill,tpa-order,142,Defeat,11,0,11,88,8,0,2,54,3,1:3,0,13,0,1669536853
gym-lanes-boss-kill,tpa-order,143,Defeat,12,0,12,96,19,0,2,41,-1,,0,18,0,1489244502
gym-lanes-boss-kill,tpa-order,144,Defeat,19,0,19,152,29,0,1,26,12,1:12,0,17,0,2672788803
gym-lanes-boss-kill,tpa-order,145,Defeat,28,0,28,224,35,0,1,28,20,1:20,0,28,0,1970762611
gym-lanes-boss-kill,tpa-order,146,Defeat,11,0,11,88,11,0,1,45,-1,,0,17,0,224514690
gym-lanes-boss-kill,tpa-order,147,Defeat,13,0,13,104,14,0,3,23,3,1:3,0,23,0,967491080
gym-lanes-boss-kill,tpa-order,148,Defeat,12,0,12,96,10,0,1,58,-1,,0,14,0,3326999074
gym-lanes-boss-kill,tpa-order,149,Defeat,14,0,14,112,23,0,1,35,-1,,0,13,0,727004383
gym-lanes-boss-kill,tpa-order,150,Defeat,13,0,13,104,12,0,1,53,-1,,0,10,0,2990579471
gym-lanes-boss-kill,tpa-order,151,Defeat,12,0,12,96,8,0,2,41,20,1:20,0,12,0,3338806609
gym-lanes-boss-kill,tpa-order,152,Defeat,10,0,10,80,2,0,1,60,-1,,0,5,0,300801253
gym-lanes-boss-kill,tpa-order,153,Defeat,23,0,23,184,38,0,1,52,12,1:12,0,50,0,680828274
gym-lanes-boss-kill,tpa-order,154,Defeat,12,0,12,96,20,0,1,41,-1,,0,13,0,3116460736
gym-lanes-boss-kill,tpa-order,155,Defeat,12,0,12,96,15,0,1,50,-1,,0,13,0,3806318373
gym-lanes-boss-kill,tpa-order,156,Defeat,16,0,16,128,21,0,2,43,20,1:20,0,28,0,627505628
gym-lanes-boss-kill,tpa-order,157,Defeat,12,0,12,96,13,0,2,58,-1,,0,14,0,1026189845
gym-lanes-boss-kill,tpa-order,158,Defeat,12,0,12,96,17,0,1,33,-1,,0,18,0,4009990584
gym-lanes-boss-kill,tpa-order,159,Defeat,17,0,17,136,20,0,2,47,20,1:20,0,19,0,2958024625
gym-lanes-boss-kill,tpa-order,160,Defeat,7,0,7,56,9,0,1,57,-1,,0,5,1,2956001878
gym-lanes-boss-kill,tpa-order,161,Defeat,8,0,8,64,12,0,4,62,11,1:11,0,12,1,2661102729
gym-lanes-boss-kill,tpa-order,162,Defeat,13,0,13,104,17,0,1,30,-1,,0,13,0,2393748838
gym-lanes-boss-kill,tpa-order,163,Defeat,25,0,25,200,30,0,1,20,12,1:12,0,21,0,692059920
gym-lanes-boss-kill,tpa-order,164,Defeat,12,0,12,96,12,0,1,41,-1,,0,16,0,3871775601
gym-lanes-boss-kill,tpa-order,165,Defeat,13,0,13,104,13,0,1,38,3,1:3,0,9,0,2316136172
gym-lanes-boss-kill,tpa-order,166,Defeat,24,0,24,192,38,0,1,37,12,1:12,0,21,0,999752921
gym-lanes-boss-kill,tpa-order,167,Defeat,20,0,20,160,27,0,1,25,12,1:12,0,16,0,2023900559
gym-lanes-boss-kill,tpa-order,168,Defeat,13,0,13,104,18,0,1,38,-1,,0,12,0,1568705037
gym-lanes-boss-kill,tpa-order,169,Defeat,15,0,15,120,35,0,1,40,-1,,0,18,0,2165446646
gym-lanes-boss-kill,tpa-order,170,Defeat,15,0,15,120,17,0,1,33,-1,,0,15,0,4235586349
gym-lanes-boss-kill,tpa-order,171,Defeat,16,0,16,128,15,0,1,37,-1,,0,20,0,855215623
gym-lanes-boss-kill,tpa-order,172,Defeat,15,0,15,120,12,0,1,40,3,1:3,0,11,0,1106967330
gym-lanes-boss-kill,tpa-order,173,Defeat,12,0,12,96,16,0,1,33,-1,,0,19,0,4133494170
gym-lanes-boss-kill,tpa-order,174,Defeat,20,0,20,160,19,0,1,20,20,1:20,0,19,0,3107126535
gym-lanes-boss-kill,tpa-order,175,Defeat,11,0,11,88,10,0,1,45,-1,,0,13,0,3961718310
gym-lanes-boss-kill,tpa-order,176,Defeat,5,0,5,40,5,0,4,80,-1,,0,4,2,4038138041
gym-lanes-boss-kill,tpa-order,177,Defeat,14,0,14,112,8,0,1,35,-1,,0,15,0,2615773777
gym-lanes-boss-kill,tpa-order,178,Defeat,12,0,12,96,9,0,1,41,-1,,0,15,0,176632853
gym-lanes-boss-kill,tpa-order,179,Victory,18,0,18,144,15,90,0,27,12,1:12,0,13,0,1817786555
gym-lanes-boss-kill,tpa-order,180,Defeat,13,0,13,104,24,0,1,46,-1,,0,9,0,3790830632
gym-lanes-boss-kill,tpa-order,181,Defeat,19,0,19,152,28,0,1,26,-1,,0,15,0,3578306359
gym-lanes-boss-kill,tpa-order,182,Defeat,11,0,11,88,28,0,2,45,-1,,0,11,0,949376748
gym-lanes-boss-kill,tpa-order,183,Defeat,12,0,12,96,8,0,1,66,-1,,0,16,0,1149222205
gym-lanes-boss-kill,tpa-order,184,Defeat,12,0,12,96,6,0,1,66,-1,,0,13,0,844598458
gym-lanes-boss-kill,tpa-order,185,Defeat,6,0,6,48,12,0,2,66,-1,,0,5,1,2791910844
gym-lanes-boss-kill,tpa-order,186,Victory,15,0,15,120,7,5,0,46,3,1:3,0,9,0,520054310
gym-lanes-boss-kill,tpa-order,187,Defeat,13,0,13,104,21,0,1,38,-1,,0,13,0,3606144541
gym-lanes-boss-kill,tpa-order,188,Defeat,12,0,12,96,7,0,2,33,20,1:20,0,15,0,283265486
gym-lanes-boss-kill,tpa-order,189,Defeat,13,0,13,104,14,0,1,53,-1,,0,19,0,2517135161
gym-lanes-boss-kill,tpa-order,190,Defeat,5,0,5,40,12,0,4,80,-1,,0,4,2,4157372158
gym-lanes-boss-kill,tpa-order,191,Defeat,17,0,17,136,28,0,1,41,3,1:3,0,13,0,464891406
gym-lanes-boss-kill,tpa-order,192,Victory,27,0,27,216,41,55,0,33,12,1:12,0,28,0,2060915367
gym-lanes-boss-kill,tpa-order,193,Defeat,13,0,13,104,13,0,1,38,-1,,0,11,0,1958845649
gym-lanes-boss-kill,tpa-order,194,Defeat,13,0,13,104,16,0,2,46,-1,,0,15,0,79479758
gym-lanes-boss-kill,tpa-order,195,Defeat,14,0,14,112,13,0,1,50,-1,,0,10,0,1899652854
gym-lanes-boss-kill,tpa-order,196,Defeat,12,0,12,96,16,0,1,41,-1,,0,7,0,3112753555
gym-lanes-boss-kill,tpa-order,197,Defeat,21,0,21,168,32,0,1,23,12,1:12,0,16,0,1304550531
gym-lanes-boss-kill,tpa-order,198,Defeat,11,0,11,88,8,0,1,45,-1,,0,12,0,2048047442
gym-lanes-boss-kill,tpa-order,199,Victory,13,0,13,104,5,25,0,38,-1,,0,8,0,2661838314
gym-lanes-boss-kill,tpa-order,200,Defeat,13,0,13,104,20,0,1,53,-1,,0,15,0,2035809299
gym-lanes-boss-kill,decapitate,1,Victory,14,0,14,112,12,5,1,42,3,1:3,0,18,0,4095220038
gym-lanes-boss-kill,decapitate,2,Defeat,24,0,24,192,24,0,1,33,20,1:20,0,35,0,450138962
gym-lanes-boss-kill,decapitate,3,Defeat,12,0,12,96,7,0,1,50,-1,,0,14,0,337534168
gym-lanes-boss-kill,decapitate,4,Defeat,11,0,11,88,7,0,1,54,-1,,0,8,0,4070469866
gym-lanes-boss-kill,decapitate,5,Defeat,22,0,22,176,34,0,1,31,12,1:12,0,25,0,1272835325
gym-lanes-boss-kill,decapitate,6,Defeat,16,0,16,128,23,0,2,43,-1,,0,19,0,4002671847
gym-lanes-boss-kill,decapitate,7,Defeat,10,0,10,80,13,0,2,50,-1,,0,10,1,562146659
gym-lanes-boss-kill,decapitate,8,Defeat,11,0,11,88,9,0,2,63,-1,,0,10,0,433494796
gym-lanes-boss-kill,decapitate,9,Defeat,10,0,10,80,6,0,2,60,-1,,0,11,0,434196672
gym-lanes-boss-kill,decapitate,10,Defeat,25,0,25,200,28,0,1,28,12,1:12,0,19,0,65465678
gym-lanes-boss-kill,decapitate,11,Defeat,21,0,21,168,25,0,1,28,20,1:20,0,28,0,3494238110
gym-lanes-boss-kill,decapitate,12,Victory,25,0,25,200,35,80,0,28,3,1:3,0,20,0,3490420891
gym-lanes-boss-kill,decapitate,13,Defeat,10,0,10,80,14,0,2,50,-1,,0,10,0,1878487754
gym-lanes-boss-kill,decapitate,14,Defeat,18,0,18,144,27,0,1,44,-1,,0,27,0,3409285957
gym-lanes-boss-kill,decapitate,15,Defeat,8,0,8,64,14,0,2,50,-1,,0,6,1,3163733038
gym-lanes-boss-kill,decapitate,16,Defeat,13,0,13,104,17,0,1,30,-1,,0,12,0,1796340722
gym-lanes-boss-kill,decapitate,17,Defeat,17,0,17,136,27,0,1,29,-1,,0,13,0,253338772
gym-lanes-boss-kill,decapitate,18,Defeat,11,0,11,88,9,0,3,63,-1,,0,12,0,1254684976
gym-lanes-boss-kill,decapitate,19,Defeat,13,0,13,104,15,0,2,61,-1,,0,15,0,4277034063
gym-lanes-boss-kill,decapitate,20,Defeat,13,0,13,104,16,0,1,38,-1,,0,10,0,627873489
gym-lanes-boss-kill,decapitate,21,Defeat,11,0,11,88,13,0,2,54,-1,,0,8,0,896852701
gym-lanes-boss-kill,decapitate,22,Defeat,6,0,6,48,8,0,3,83,-1,,0,6,1,1135616050
gym-lanes-boss-kill,decapitate,23,Victory,18,0,18,144,24,15,1,38,-1,,0,26,0,2738525826
gym-lanes-boss-kill,decapitate,24,Defeat,10,0,10,80,7,0,2,50,-1,,0,7,0,984356037
gym-lanes-boss-kill,decapitate,25,Defeat,20,0,20,160,25,0,1,35,3,1:3,0,19,0,3444757209
gym-lanes-boss-kill,decapitate,26,Defeat,13,0,13,104,14,0,2,46,-1,,0,14,0,3962223808
gym-lanes-boss-kill,decapitate,27,Defeat,17,0,17,136,13,0,2,58,-1,,0,22,0,1979420094
gym-lanes-boss-kill,decapitate,28,Defeat,7,0,7,56,3,0,2,85,-1,,0,4,0,1629572202
gym-lanes-boss-kill,decapitate,29,Defeat,14,0,14,112,18,0,1,35,-1,,0,12,0,4042383832
gym-lanes-boss-kill,decapitate,30,Defeat,9,0,9,72,15,0,3,55,-1,,0,9,1,481385325
gym-lanes-boss-kill,decapitate,31,Defeat,14,0,14,112,16,0,1,42,-1,,0,13,0,2947676194
gym-lanes-boss-kill,decapitate,32,Defeat,12,0,12,96,12,0,4,58,-1,,0,18,1,4086608213
gym-lanes-boss-kill,decapitate,33,Defeat,7,0,7,56,8,0,4,85,11,1:11,0,9,1,2837991517
gym-lanes-boss-kill,decapitate,34,Defeat,7,0,7,56,8,0,4,100,11,1:11,0,9,1,2963518807
gym-lanes-boss-kill,decapitate,35,Defeat,13,0,13,104,17,0,2,46,-1,,0,15,0,1503249361
gym-lanes-boss-kill,decapitate,36,Defeat,7,0,7,56,9,0,2,57,-1,,0,5,1,3711057410
gym-lanes-boss-kill,decapitate,37,Defeat,15,0,15,120,14,0,1,40,-1,,0,14,0,624441925
gym-lanes-boss-kill,decapitate,38,Victory,30,0,30,240,49,205,1,30,-1,,0,48,0,2431777785
gym-lanes-boss-kill,decapitate,39,Defeat,14,0,14,112,15,0,2,35,-1,,0,22,0,4197774849
gym-lanes-boss-kill,decapitate,40,Defeat,13,0,13,104,21,0,2,46,-1,,0,13,0,1172611366
gym-lanes-boss-kill,decapitate,41,Defeat,8,0,8,64,10,0,2,62,-1,,0,6,0,1193663145
gym-lanes-boss-kill,decapitate,42,Defeat,17,0,17,136,19,0,1,47,-1,,0,21,0,1952887163
gym-lanes-boss-kill,decapitate,43,Victory,13,0,13,104,9,5,0,38,-1,,0,12,0,97958332
gym-lanes-boss-kill,decapitate,44,Defeat,13,0,13,104,12,0,1,38,-1,,0,14,0,1140235220
gym-lanes-boss-kill,decapitate,45,Defeat,14,0,14,112,15,0,1,35,-1,,0,20,0,1997031399
gym-lanes-boss-kill,decapitate,46,Victory,27,0,27,216,32,20,0,18,11,1:11,0,23,0,624032267
gym-lanes-boss-kill,decapitate,47,Victory,31,0,31,248,53,20,0,19,12,1:12,0,26,0,111990881
gym-lanes-boss-kill,decapitate,48,Defeat,11,0,11,88,10,0,1,45,-1,,0,6,0,2044993160
gym-lanes-boss-kill,decapitate,49,Defeat,13,0,13,104,12,0,1,38,-1,,0,14,0,171942589
gym-lanes-boss-kill,decapitate,50,Victory,15,0,15,120,17,50,1,33,20,1:20,0,17,0,750736366
gym-lanes-boss-kill,decapitate,51,Defeat,14,0,14,112,16,0,1,35,3,1:3,0,8,0,896246566
gym-lanes-boss-kill,decapitate,52,Defeat,13,0,13,104,9,0,1,38,-1,,0,12,0,2474921378
gym-lanes-boss-kill,decapitate,53,Defeat,16,0,16,128,19,0,2,37,-1,,0,19,0,3202902271
gym-lanes-boss-kill,decapitate,54,Defeat,6,0,6,48,10,0,4,100,-1,,0,5,2,4039407763
gym-lanes-boss-kill,decapitate,55,Defeat,16,0,16,128,22,0,1,37,11,1:11,0,19,0,4079020855
gym-lanes-boss-kill,decapitate,56,Defeat,20,0,20,160,23,0,2,30,20,1:20,0,36,0,1022252775
gym-lanes-boss-kill,decapitate,57,Defeat,12,0,12,96,13,0,1,41,-1,,0,15,0,3324140519
gym-lanes-boss-kill,decapitate,58,Defeat,7,0,7,56,5,0,3,71,-1,,0,5,1,2385473857
gym-lanes-boss-kill,decapitate,59,Victory,23,0,23,184,24,65,0,26,12,1:12,0,18,0,1308210663
gym-lanes-boss-kill,decapitate,60,Victory,26,0,26,208,30,110,0,26,3,1:3,0,34,0,2504555215
gym-lanes-boss-kill,decapitate,61,Defeat,10,0,10,80,11,0,2,60,3,1:3,0,8,0,2603633153
gym-lanes-boss-kill,decapitate,62,Defeat,26,0,26,208,37,0,1,19,20,1:20,0,42,0,1183294651
gym-lanes-boss-kill,decapitate,63,Defeat,19,0,19,152,22,0,1,42,3,1:3,0,19,0,1742088565
gym-lanes-boss-kill,decapitate,64,Defeat,22,0,22,176,39,0,1,22,3,1:3,0,17,0,1349007652
gym-lanes-boss-kill,decapitate,65,Defeat,18,0,18,144,20,0,3,33,3,1:3,0,38,0,2062769582
gym-lanes-boss-kill,decapitate,66,Defeat,13,0,13,104,20,0,2,46,-1,,0,20,0,928952615
gym-lanes-boss-kill,decapitate,67,Defeat,7,0,7,56,9,0,4,57,11,1:11,0,9,1,1118548182
gym-lanes-boss-kill,decapitate,68,Defeat,11,0,11,88,6,0,3,45,20,1:20,0,14,0,194860228
gym-lanes-boss-kill,decapitate,69,Victory,24,0,24,192,22,85,0,25,20,1:20,0,23,0,221282470
gym-lanes-boss-kill,decapitate,70,Defeat,13,0,13,104,17,0,1,30,-1,,0,12,0,3102278192
gym-lanes-boss-kill,decapitate,71,Defeat,25,0,25,200,38,0,1,28,11,1:11,0,24,0,4250475058
gym-lanes-boss-kill,decapitate,72,Defeat,22,0,22,176,28,0,1,31,3,1:3,0,18,0,1716196443
gym-lanes-boss-kill,decapitate,73,Defeat,16,0,16,128,14,0,1,43,-1,,0,12,0,973780789
gym-lanes-boss-kill,decapitate,74,Defeat,12,0,12,96,5,0,2,50,-1,,0,18,0,1606379564
gym-lanes-boss-kill,decapitate,75,Defeat,7,0,7,56,14,0,2,57,-1,,0,6,0,1489737577
gym-lanes-boss-kill,decapitate,76,Defeat,9,0,9,72,15,0,2,66,-1,,0,7,0,2712644197
gym-lanes-boss-kill,decapitate,77,Defeat,15,0,15,120,15,0,1,33,-1,,0,11,0,4001006171
gym-lanes-boss-kill,decapitate,78,Defeat,22,0,22,176,32,0,1,31,12,1:12,0,17,0,487043192
gym-lanes-boss-kill,decapitate,79,Defeat,11,0,11,88,11,0,2,72,-1,,0,9,0,3904824812
gym-lanes-boss-kill,decapitate,80,Defeat,25,0,25,200,35,0,1,28,12,1:12,0,25,0,795131970
gym-lanes-boss-kill,decapitate,81,Defeat,12,0,12,96,20,0,2,66,-1,,0,11,0,3352574328
gym-lanes-boss-kill,decapitate,82,Defeat,16,0,16,128,22,0,1,37,12,1:12,0,12,0,2035919078
gym-lanes-boss-kill,decapitate,83,Defeat,9,0,9,72,7,0,2,55,-1,,0,8,0,2621129717
gym-lanes-boss-kill,decapitate,84,Defeat,11,0,11,88,5,0,1,54,-1,,0,9,0,2031619677
gym-lanes-boss-kill,decapitate,85,Defeat,15,0,15,120,23,0,3,40,11,1:11,0,27,0,3950757176
gym-lanes-boss-kill,decapitate,86,Defeat,14,0,14,112,10,0,1,42,3,1:3,0,10,0,788863733
gym-lanes-boss-kill,decapitate,87,Defeat,12,0,12,96,9,0,1,50,-1,,0,12,0,303030652
gym-lanes-boss-kill,decapitate,88,Defeat,13,0,13,104,17,0,1,30,-1,,0,12,0,266475882
gym-lanes-boss-kill,decapitate,89,Defeat,14,0,14,112,16,0,1,35,-1,,0,13,0,2570102086
gym-lanes-boss-kill,decapitate,90,Defeat,6,0,6,48,6,0,3,66,-1,,0,6,2,2498152444
gym-lanes-boss-kill,decapitate,91,Defeat,15,0,15,120,12,0,1,33,-1,,0,13,0,667681227
gym-lanes-boss-kill,decapitate,92,Defeat,16,0,16,128,18,0,1,31,-1,,0,12,0,3449208617
gym-lanes-boss-kill,decapitate,93,Defeat,12,0,12,96,12,0,2,50,-1,,0,11,0,4156243074
gym-lanes-boss-kill,decapitate,94,Defeat,12,0,12,96,12,0,1,33,-1,,0,19,0,3070746493
gym-lanes-boss-kill,decapitate,95,Defeat,22,0,22,176,30,0,2,40,12,1:12,0,34,0,923085874
gym-lanes-boss-kill,decapitate,96,Defeat,11,0,11,88,9,0,1,45,-1,,0,7,0,2959274362
gym-lanes-boss-kill,decapitate,97,Defeat,13,0,13,104,16,0,1,38,-1,,0,8,0,859534588
gym-lanes-boss-kill,decapitate,98,Defeat,14,0,14,112,18,0,1,35,-1,,0,13,0,4230608574
gym-lanes-boss-kill,decapitate,99,Defeat,16,0,16,128,21,0,1,43,-1,,0,14,0,2779297131
gym-lanes-boss-kill,decapitate,100,Defeat,16,0,16,128,12,0,1,37,-1,,0,21,0,2967212692
gym-lanes-boss-kill,decapitate,101,Defeat,13,0,13,104,18,0,3,53,-1,,0,22,0,2584786520
gym-lanes-boss-kill,decapitate,102,Defeat,13,0,13,104,22,0,1,30,-1,,0,12,0,3102278192
gym-lanes-boss-kill,decapitate,103,Defeat,13,0,13,104,20,0,1,46,-1,,0,15,0,3495103301
gym-lanes-boss-kill,decapitate,104,Defeat,10,0,10,80,10,0,1,60,-1,,0,6,0,3676370107
gym-lanes-boss-kill,decapitate,105,Defeat,9,0,9,72,6,0,2,77,-1,,0,9,0,1782585912
gym-lanes-boss-kill,decapitate,106,Defeat,7,0,7,56,4,0,3,114,11,1:11,0,7,0,1238421493
gym-lanes-boss-kill,decapitate,107,Defeat,11,0,11,88,8,0,1,54,-1,,0,6,0,2874570414
gym-lanes-boss-kill,decapitate,108,Defeat,23,0,23,184,26,0,2,39,20,1:20,0,38,0,4065494476
gym-lanes-boss-kill,decapitate,109,Victory,13,0,13,104,16,5,0,38,-1,,0,9,0,1910930583
gym-lanes-boss-kill,decapitate,110,Defeat,10,0,10,80,7,0,2,50,-1,,0,10,0,1350797336
gym-lanes-boss-kill,decapitate,111,Defeat,14,0,14,112,11,0,1,50,-1,,0,15,0,2552517722
gym-lanes-boss-kill,decapitate,112,Defeat,30,0,30,240,52,0,1,26,12,1:12,0,26,0,1905613285
gym-lanes-boss-kill,decapitate,113,Defeat,10,0,10,80,13,0,1,50,-1,,0,9,0,2245045318
gym-lanes-boss-kill,decapitate,114,Defeat,10,0,10,80,10,0,2,40,-1,,0,9,0,385894079
gym-lanes-boss-kill,decapitate,115,Defeat,11,0,11,88,23,0,3,72,-1,,0,15,0,3931811060
gym-lanes-boss-kill,decapitate,116,Defeat,11,0,11,88,10,0,1,45,-1,,0,14,0,1174351692
gym-lanes-boss-kill,decapitate,117,Defeat,11,0,11,88,15,0,2,54,-1,,0,15,0,2296596057
gym-lanes-boss-kill,decapitate,118,Defeat,6,0,6,48,4,0,2,66,-1,,0,6,0,2558663547
gym-lanes-boss-kill,decapitate,119,Victory,14,0,14,112,11,50,2,35,20,1:20,0,24,0,3023379833
gym-lanes-boss-kill,decapitate,120,Defeat,21,0,21,168,22,0,2,42,12,1:12,0,33,0,865162822
gym-lanes-boss-kill,decapitate,121,Defeat,15,0,15,120,17,0,1,40,20,1:20,0,11,0,2606047973
gym-lanes-boss-kill,decapitate,122,Defeat,10,0,10,80,7,0,2,50,-1,,0,10,0,3566583599
gym-lanes-boss-kill,decapitate,123,Defeat,11,0,11,88,12,0,2,54,3,1:3,0,13,0,98327898
gym-lanes-boss-kill,decapitate,124,Defeat,12,0,12,96,9,0,1,41,-1,,0,11,0,69321996
gym-lanes-boss-kill,decapitate,125,Defeat,19,0,19,152,28,0,1,21,3,1:3,0,15,0,3176994342
gym-lanes-boss-kill,decapitate,126,Defeat,11,0,11,88,13,0,2,54,-1,,0,13,0,128104164
gym-lanes-boss-kill,decapitate,127,Defeat,8,0,8,64,14,0,4,87,11,1:11,0,12,0,3253257210
gym-lanes-boss-kill,decapitate,128,Defeat,22,0,22,176,29,0,2,27,20,1:20,0,60,0,1170835224
gym-lanes-boss-kill,decapitate,129,Defeat,6,0,6,48,12,0,3,83,-1,,0,5,1,897122491
gym-lanes-boss-kill,decapitate,130,Defeat,11,0,11,88,10,0,2,54,-1,,0,13,0,4005137423
gym-lanes-boss-kill,decapitate,131,Defeat,13,0,13,104,22,0,1,30,-1,,0,12,0,3102278192
gym-lanes-boss-kill,decapitate,132,Defeat,6,0,6,48,11,0,3,66,-1,,0,3,1,3813335665
gym-lanes-boss-kill,decapitate,133,Defeat,12,0,12,96,14,0,1,50,-1,,0,13,0,1729124072
gym-lanes-boss-kill,decapitate,134,Victory,15,0,15,120,20,175,1,26,3,1:3,0,12,0,1101520819
gym-lanes-boss-kill,decapitate,135,Defeat,12,0,12,96,10,0,2,58,-1,,0,12,0,3166409706
gym-lanes-boss-kill,decapitate,136,Defeat,19,0,19,152,25,0,1,36,12,1:12,0,16,0,1049753894
gym-lanes-boss-kill,decapitate,137,Defeat,14,0,14,112,11,0,1,50,3,1:3,0,9,0,4080254896
gym-lanes-boss-kill,decapitate,138,Defeat,5,0,5,40,10,0,3,80,-1,,0,4,2,3554416724
gym-lanes-boss-kill,decapitate,139,Victory,15,0,15,120,16,80,1,33,20,1:20,0,17,0,2079895676
gym-lanes-boss-kill,decapitate,140,Defeat,12,0,12,96,8,0,2,50,-1,,0,13,0,2599014809
gym-lanes-boss-kill,decapitate,141,Defeat,9,0,9,72,14,0,2,55,-1,,0,8,0,1069786054
gym-lanes-boss-kill,decapitate,142,Defeat,11,0,11,88,8,0,2,54,3,1:3,0,13,0,1669536853
gym-lanes-boss-kill,decapitate,143,Defeat,12,0,12,96,19,0,2,41,-1,,0,18,0,1489244502
gym-lanes-boss-kill,decapitate,144,Defeat,19,0,19,152,29,0,1,26,12,1:12,0,17,0,2672788803
gym-lanes-boss-kill,decapitate,145,Defeat,28,0,28,224,35,0,1,28,20,1:20,0,28,0,1970762611
gym-lanes-boss-kill,decapitate,146,Defeat,11,0,11,88,11,0,1,45,-1,,0,17,0,224514690
gym-lanes-boss-kill,decapitate,147,Defeat,13,0,13,104,14,0,3,23,3,1:3,0,23,0,967491080
gym-lanes-boss-kill,decapitate,148,Defeat,10,0,10,80,10,0,3,60,-1,,0,11,0,3238468901
gym-lanes-boss-kill,decapitate,149,Defeat,14,0,14,112,23,0,1,35,-1,,0,13,0,727004383
gym-lanes-boss-kill,decapitate,150,Defeat,13,0,13,104,12,0,1,53,-1,,0,10,0,2990579471
gym-lanes-boss-kill,decapitate,151,Defeat,12,0,12,96,8,0,2,41,20,1:20,0,12,0,3338806609
gym-lanes-boss-kill,decapitate,152,Defeat,10,0,10,80,2,0,1,60,-1,,0,5,0,300801253
gym-lanes-boss-kill,decapitate,153,Defeat,23,0,23,184,38,0,2,56,12,1:12,0,50,0,2876258267
gym-lanes-boss-kill,decapitate,154,Defeat,12,0,12,96,20,0,1,41,-1,,0,13,0,3116460736
gym-lanes-boss-kill,decapitate,155,Defeat,12,0,12,96,15,0,1,50,-1,,0,13,0,3806318373
gym-lanes-boss-kill,decapitate,156,Defeat,16,0,16,128,21,0,2,43,20,1:20,0,28,0,627505628
gym-lanes-boss-kill,decapitate,157,Defeat,12,0,12,96,13,0,2,58,-1,,0,14,0,2626163607
gym-lanes-boss-kill,decapitate,158,Defeat,12,0,12,96,17,0,1,33,-1,,0,18,0,4009990584
gym-lanes-boss-kill,decapitate,159,Defeat,17,0,17,136,20,0,2,47,20,1:20,0,19,0,2958024625
gym-lanes-boss-kill,decapitate,160,Defeat,7,0,7,56,9,0,1,57,-1,,0,5,1,2956001878
gym-lanes-boss-kill,decapitate,161,Defeat,8,0,8,64,12,0,4,62,11,1:11,0,12,1,2661102729
gym-lanes-boss-kill,decapitate,162,Defeat,13,0,13,104,17,0,1,30,-1,,0,13,0,2393748838
gym-lanes-boss-kill,decapitate,163,Defeat,25,0,25,200,30,0,1,20,12,1:12,0,21,0,692059920
gym-lanes-boss-kill,decapitate,164,Defeat,12,0,12,96,12,0,1,41,-1,,0,16,0,3871775601
gym-lanes-boss-kill,decapitate,165,Defeat,13,0,13,104,13,0,1,38,3,1:3,0,9,0,2316136172
gym-lanes-boss-kill,decapitate,166,Defeat,24,0,24,192,38,0,1,37,12,1:12,0,21,0,999752921
gym-lanes-boss-kill,decapitate,167,Defeat,20,0,20,160,27,0,1,25,12,1:12,0,16,0,2023900559
gym-lanes-boss-kill,decapitate,168,Defeat,13,0,13,104,18,0,2,46,-1,,0,13,0,1546210570
gym-lanes-boss-kill,decapitate,169,Defeat,15,0,15,120,35,0,2,46,-1,,0,18,0,3342600184
gym-lanes-boss-kill,decapitate,170,Defeat,15,0,15,120,17,0,1,33,-1,,0,15,0,4235586349
gym-lanes-boss-kill,decapitate,171,Defeat,16,0,16,128,15,0,2,50,-1,,0,21,0,3296679000
gym-lanes-boss-kill,decapitate,172,Defeat,15,0,15,120,12,0,1,40,3,1:3,0,11,0,1106967330
gym-lanes-boss-kill,decapitate,173,Defeat,12,0,12,96,16,0,1,33,-1,,0,19,0,4133494170
gym-lanes-boss-kill,decapitate,174,Defeat,20,0,20,160,19,0,1,20,20,1:20,0,19,0,3107126535
gym-lanes-boss-kill,decapitate,175,Defeat,11,0,11,88,10,0,2,54,-1,,0,13,0,3704451006
gym-lanes-boss-kill,decapitate,176,Defeat,5,0,5,40,5,0,4,80,-1,,0,4,2,4038138041
gym-lanes-boss-kill,decapitate,177,Defeat,14,0,14,112,8,0,1,35,-1,,0,15,0,2615773777
gym-lanes-boss-kill,decapitate,178,Defeat,12,0,12,96,9,0,1,41,-1,,0,15,0,176632853
gym-lanes-boss-kill,decapitate,179,Victory,18,0,18,144,15,90,0,27,12,1:12,0,13,0,1817786555
gym-lanes-boss-kill,decapitate,180,Defeat,13,0,13,104,24,0,1,46,-1,,0,9,0,3790830632
gym-lanes-boss-kill,decapitate,181,Defeat,19,0,19,152,28,0,1,26,-1,,0,15,0,3578306359
gym-lanes-boss-kill,decapitate,182,Defeat,11,0,11,88,28,0,2,45,-1,,0,11,0,949376748
gym-lanes-boss-kill,decapitate,183,Defeat,12,0,12,96,8,0,2,75,-1,,0,16,0,222465701
gym-lanes-boss-kill,decapitate,184,Defeat,12,0,12,96,6,0,2,75,-1,,0,13,0,1758290035
gym-lanes-boss-kill,decapitate,185,Defeat,6,0,6,48,12,0,2,66,-1,,0,5,1,2791910844
gym-lanes-boss-kill,decapitate,186,Victory,15,0,15,120,7,5,0,46,3,1:3,0,9,0,520054310
gym-lanes-boss-kill,decapitate,187,Defeat,13,0,13,104,21,0,2,46,-1,,0,13,0,3808943493
gym-lanes-boss-kill,decapitate,188,Defeat,12,0,12,96,7,0,2,33,20,1:20,0,15,0,283265486
gym-lanes-boss-kill,decapitate,189,Defeat,13,0,13,104,14,0,2,61,-1,,0,19,0,3928886896
gym-lanes-boss-kill,decapitate,190,Defeat,5,0,5,40,12,0,4,80,-1,,0,4,2,4157372158
gym-lanes-boss-kill,decapitate,191,Defeat,17,0,17,136,28,0,1,41,3,1:3,0,13,0,464891406
gym-lanes-boss-kill,decapitate,192,Defeat,22,0,22,176,24,0,1,36,12,1:12,0,23,0,2745714056
gym-lanes-boss-kill,decapitate,193,Defeat,13,0,13,104,13,0,1,38,-1,,0,11,0,1958845649
gym-lanes-boss-kill,decapitate,194,Defeat,13,0,13,104,16,0,2,46,-1,,0,15,0,2324306766
gym-lanes-boss-kill,decapitate,195,Defeat,14,0,14,112,13,0,1,50,-1,,0,10,0,1899652854
gym-lanes-boss-kill,decapitate,196,Defeat,12,0,12,96,16,0,1,41,-1,,0,7,0,3112753555
gym-lanes-boss-kill,decapitate,197,Defeat,21,0,21,168,32,0,1,23,12,1:12,0,16,0,1304550531
gym-lanes-boss-kill,decapitate,198,Defeat,11,0,11,88,8,0,2,54,-1,,0,12,0,4081491672
gym-lanes-boss-kill,decapitate,199,Victory,13,0,13,104,5,25,0,38,-1,,0,8,0,2661838314
gym-lanes-boss-kill,decapitate,200,Defeat,13,0,13,104,20,0,2,61,-1,,0,15,0,24872779
gym-lanes-boss-kill,charge,1,Defeat,8,0,8,64,6,0,1,50,-1,,0,1,0,1986825516
gym-lanes-boss-kill,charge,2,Defeat,7,0,7,56,8,0,1,57,11,1:11,0,1,0,3908566572
gym-lanes-boss-kill,charge,3,Defeat,7,0,7,56,14,0,1,71,-1,,0,2,1,887138052
gym-lanes-boss-kill,charge,4,Defeat,8,0,8,64,10,0,1,50,-1,,0,1,0,2652060508
gym-lanes-boss-kill,charge,5,Defeat,7,0,7,56,6,0,1,57,11,1:11,0,1,0,3599518055
gym-lanes-boss-kill,charge,6,Defeat,6,0,6,48,5,0,1,66,-1,,0,2,1,3040570488
gym-lanes-boss-kill,charge,7,Defeat,7,0,7,56,10,0,2,57,-1,,0,3,1,1702385386
gym-lanes-boss-kill,charge,8,Defeat,9,0,9,72,12,0,1,44,-1,,0,3,0,1174504199
gym-lanes-boss-kill,charge,9,Defeat,7,0,7,56,15,0,1,42,-1,,0,2,1,1078361297
gym-lanes-boss-kill,charge,10,Defeat,6,0,6,48,8,0,1,66,-1,,0,2,1,2055642111
gym-lanes-boss-kill,charge,11,Defeat,7,0,7,56,7,0,1,57,11,1:11,0,1,0,4202856775
gym-lanes-boss-kill,charge,12,Defeat,7,0,7,56,7,0,1,57,11,1:11,0,1,0,4202856775
gym-lanes-boss-kill,charge,13,Defeat,8,0,8,64,8,0,1,50,-1,,0,1,0,211343185
gym-lanes-boss-kill,charge,14,Defeat,6,0,6,48,14,0,2,66,-1,,0,2,2,3005012076
gym-lanes-boss-kill,charge,15,Defeat,8,0,8,64,20,0,1,62,-1,,0,2,0,1667134969
gym-lanes-boss-kill,charge,16,Defeat,6,0,6,48,10,0,2,66,-1,,0,1,1,997994634
gym-lanes-boss-kill,charge,17,Defeat,7,0,7,56,5,0,1,57,11,1:11,0,1,0,4202856775
gym-lanes-boss-kill,charge,18,Defeat,8,0,8,64,7,0,1,50,-1,,0,2,0,3244788110
gym-lanes-boss-kill,charge,19,Defeat,7,0,7,56,8,0,1,57,11,1:11,0,1,0,3354550424
gym-lanes-boss-kill,charge,20,Defeat,6,0,6,48,7,0,1,50,11,1:11,0,1,1,1711983293
gym-lanes-boss-kill,charge,21,Defeat,7,0,7,56,8,0,1,57,-1,,0,2,1,1533521581
gym-lanes-boss-kill,charge,22,Defeat,6,0,6,48,9,0,1,66,-1,,0,3,1,161259514
gym-lanes-boss-kill,charge,23,Defeat,9,0,9,72,12,0,1,33,-1,,0,2,0,154626499
gym-lanes-boss-kill,charge,24,Defeat,7,0,7,56,11,0,2,57,-1,,0,2,1,259876086
gym-lanes-boss-kill,charge,25,Defeat,6,0,6,48,10,0,1,66,-1,,0,1,1,1345826616
gym-lanes-boss-kill,charge,26,Defeat,8,0,8,64,7,0,1,50,-1,,0,2,0,727131541
gym-lanes-boss-kill,charge,27,Defeat,5,0,5,40,5,0,2,60,-1,,0,1,2,321425051
gym-lanes-boss-kill,charge,28,Defeat,4,0,4,32,8,0,3,75,-1,,0,2,3,3231633508
gym-lanes-boss-kill,charge,29,Defeat,7,0,7,56,7,0,1,57,11,1:11,0,1,0,4202856775
gym-lanes-boss-kill,charge,30,Defeat,6,0,6,48,10,0,2,66,-1,,0,1,2,2971514404
gym-lanes-boss-kill,charge,31,Defeat,7,0,7,56,5,0,1,57,11,1:11,0,2,1,438693746
gym-lanes-boss-kill,charge,32,Defeat,8,0,8,64,12,0,1,50,-1,,0,4,1,2418523580
gym-lanes-boss-kill,charge,33,Defeat,6,0,6,48,5,0,2,66,-1,,0,1,1,604057420
gym-lanes-boss-kill,charge,34,Defeat,5,0,5,40,9,0,2,60,-1,,0,2,2,1965123329
gym-lanes-boss-kill,charge,35,Defeat,7,0,7,56,7,0,1,57,-1,,0,2,0,1140066526
gym-lanes-boss-kill,charge,36,Defeat,8,0,8,64,9,0,1,62,-1,,0,1,0,2725215019
gym-lanes-boss-kill,charge,37,Defeat,8,0,8,64,8,0,1,50,-1,,0,1,0,211343185
gym-lanes-boss-kill,charge,38,Defeat,7,0,7,56,6,0,1,57,-1,,0,2,1,1805852607
gym-lanes-boss-kill,charge,39,Defeat,7,0,7,56,5,0,1,57,11,1:11,0,1,0,4202856775
gym-lanes-boss-kill,charge,40,Defeat,7,0,7,56,5,0,1,57,11,1:11,0,1,0,4202856775
gym-lanes-boss-kill,charge,41,Defeat,7,0,7,56,6,0,1,57,11,1:11,0,1,0,2832836648
gym-lanes-boss-kill,charge,42,Defeat,7,0,7,56,7,0,1,57,11,1:11,0,1,0,4202856775
gym-lanes-boss-kill,charge,43,Defeat,7,0,7,56,4,0,1,57,-1,,0,1,0,133790614
gym-lanes-boss-kill,charge,44,Defeat,7,0,7,56,6,0,1,57,-1,,0,2,1,1355144028
gym-lanes-boss-kill,charge,45,Defeat,4,0,4,32,8,0,3,75,-1,,0,2,2,4276512608
gym-lanes-boss-kill,charge,46,Defeat,7,0,7,56,11,0,2,42,-1,,0,1,1,839314722
gym-lanes-boss-kill,charge,47,Defeat,7,0,7,56,7,0,1,57,11,1:11,0,1,0,4202856775
gym-lanes-boss-kill,charge,48,Defeat,7,0,7,56,7,0,1,57,11,1:11,0,1,0,4202856775
gym-lanes-boss-kill,charge,49,Defeat,7,0,7,56,10,0,1,42,-1,,0,1,1,3358854644
gym-lanes-boss-kill,charge,50,Defeat,7,0,7,56,7,0,1,57,11,1:11,0,1,0,4202856775
gym-lanes-boss-kill,charge,51,Defeat,5,0,5,40,8,0,3,80,-1,,0,2,2,620430210
gym-lanes-boss-kill,charge,52,Defeat,7,0,7,56,7,0,1,57,11,1:11,0,1,0,4202856775
gym-lanes-boss-kill,charge,53,Defeat,6,0,6,48,6,0,1,66,-1,,0,2,1,839948971
gym-lanes-boss-kill,charge,54,Defeat,9,0,9,72,7,0,1,44,-1,,0,3,0,1618943615
gym-lanes-boss-kill,charge,55,Defeat,7,0,7,56,10,0,1,57,-1,,0,0,0,3624878457
gym-lanes-boss-kill,charge,56,Defeat,10,0,10,80,17,0,1,40,-1,,0,2,0,2664382825
gym-lanes-boss-kill,charge,57,Defeat,7,0,7,56,8,0,1,57,12,1:12,0,0,0,1865496980
gym-lanes-boss-kill,charge,58,Defeat,7,0,7,56,5,0,2,57,-1,,0,1,1,3058105392
gym-lanes-boss-kill,charge,59,Defeat,7,0,7,56,6,0,1,57,11,1:11,0,1,0,2258266098
gym-lanes-boss-kill,charge,60,Defeat,5,0,5,40,8,0,2,60,-1,,0,2,2,2295332409
gym-lanes-boss-kill,charge,61,Defeat,8,0,8,64,13,0,1,50,-1,,0,2,0,3110067123
gym-lanes-boss-kill,charge,62,Defeat,7,0,7,56,3,0,1,42,-1,,0,0,0,632872774
gym-lanes-boss-kill,charge,63,Defeat,7,0,7,56,14,0,2,57,-1,,0,3,1,1572862045
gym-lanes-boss-kill,charge,64,Victory,9,0,9,72,6,30,0,44,-1,,0,2,0,3312997873
gym-lanes-boss-kill,charge,65,Defeat,7,0,7,56,11,0,1,57,-1,,0,3,1,1044332800
gym-lanes-boss-kill,charge,66,Defeat,8,0,8,64,12,0,1,50,-1,,0,0,0,1832005360
gym-lanes-boss-kill,charge,67,Defeat,7,0,7,56,6,0,1,57,11,1:11,0,1,0,2258266098
gym-lanes-boss-kill,charge,68,Defeat,7,0,7,56,11,0,2,71,11,1:11,0,5,0,237439730
gym-lanes-boss-kill,charge,69,Defeat,7,0,7,56,10,0,2,57,-1,,0,1,1,613081053
gym-lanes-boss-kill,charge,70,Defeat,7,0,7,56,14,0,1,57,-1,,0,2,1,401728133
gym-lanes-boss-kill,charge,71,Defeat,6,0,6,48,2,0,1,66,-1,,0,2,1,1772751387
gym-lanes-boss-kill,charge,72,Defeat,9,0,9,72,6,0,1,55,-1,,0,2,0,1567173506
gym-lanes-boss-kill,charge,73,Defeat,8,0,8,64,6,0,1,50,-1,,0,2,0,1917949749
gym-lanes-boss-kill,charge,74,Defeat,9,0,9,72,8,0,1,55,-1,,0,2,0,4037168356
gym-lanes-boss-kill,charge,75,Defeat,8,0,8,64,16,0,2,62,-1,,0,1,1,3818272919
gym-lanes-boss-kill,charge,76,Defeat,8,0,8,64,12,0,2,62,-1,,0,1,0,774620137
gym-lanes-boss-kill,charge,77,Defeat,7,0,7,56,7,0,1,57,11,1:11,0,1,0,4202856775
gym-lanes-boss-kill,charge,78,Defeat,7,0,7,56,7,0,1,57,11,1:11,0,1,0,833118037
gym-lanes-boss-kill,charge,79,Defeat,8,0,8,64,12,0,1,50,-1,,0,1,0,3877485639
gym-lanes-boss-kill,charge,80,Defeat,9,0,9,72,4,0,1,55,-1,,0,3,0,202517967
gym-lanes-boss-kill,charge,81,Defeat,7,0,7,56,11,0,3,71,-1,,0,6,1,4091700607
gym-lanes-boss-kill,charge,82,Defeat,7,0,7,56,6,0,1,57,11,1:11,0,1,0,223691621
gym-lanes-boss-kill,charge,83,Defeat,8,0,8,64,7,0,2,62,-1,,0,2,1,2725110025
gym-lanes-boss-kill,charge,84,Defeat,8,0,8,64,12,0,1,50,-1,,0,2,1,4235837759
gym-lanes-boss-kill,charge,85,Defeat,8,0,8,64,9,0,1,50,-1,,0,0,0,2339951476
gym-lanes-boss-kill,charge,86,Defeat,6,0,6,48,11,0,2,50,-1,,0,2,1,4010611723
gym-lanes-boss-kill,charge,87,Defeat,7,0,7,56,6,0,1,57,-1,,0,2,0,2833960513
gym-lanes-boss-kill,charge,88,Defeat,6,0,6,48,6,0,1,66,-1,,0,3,1,2129802622
gym-lanes-boss-kill,charge,89,Defeat,9,0,9,72,13,0,1,44,-1,,0,2,0,725869010
gym-lanes-boss-kill,charge,90,Defeat,7,0,7,56,8,0,1,57,11,1:11,0,1,0,2517976224
gym-lanes-boss-kill,charge,91,Defeat,5,0,5,40,4,0,2,60,-1,,0,1,2,3900419691
gym-lanes-boss-kill,charge,92,Defeat,7,0,7,56,7,0,1,57,11,1:11,0,1,0,4202856775
gym-lanes-boss-kill,charge,93,Defeat,6,0,6,48,8,0,2,66,-1,,0,1,1,3572617616
gym-lanes-boss-kill,charge,94,Defeat,7,0,7,56,6,0,1,57,11,1:11,0,1,0,731847953
gym-lanes-boss-kill,charge,95,Defeat,7,0,7,56,4,0,1,57,-1,,0,3,1,299892608
gym-lanes-boss-kill,charge,96,Defeat,6,0,6,48,6,0,1,50,-1,,0,0,1,2543188346
gym-lanes-boss-kill,charge,97,Defeat,6,0,6,48,14,0,2,50,-1,,0,2,2,4255064165
gym-lanes-boss-kill,charge,98,Defeat,5,0,5,40,6,0,2,60,-1,,0,2,2,3488954554
gym-lanes-boss-kill,charge,99,Defeat,8,0,8,64,8,0,1,50,-1,,0,1,0,211343185
gym-lanes-boss-kill,charge,100,Defeat,6,0,6,48,7,0,2,50,-1,,0,2,1,315019701
gym-lanes-boss-kill,charge,101,Defeat,6,0,6,48,8,0,1,66,-1,,0,1,1,2543188346
gym-lanes-boss-kill,charge,102,Defeat,7,0,7,56,7,0,1,42,11,1:11,0,0,0,2415540148
gym-lanes-boss-kill,charge,103,Defeat,7,0,7,56,7,0,1,57,11,1:11,0,1,0,4202856775
gym-lanes-boss-kill,charge,104,Defeat,7,0,7,56,4,0,1,57,-1,,0,3,1,319320756
gym-lanes-boss-kill,charge,105,Defeat,9,0,9,72,8,0,1,55,-1,,0,2,0,1436620890
gym-lanes-boss-kill,charge,106,Defeat,9,0,9,72,11,0,1,55,-1,,0,2,0,2632971434
gym-lanes-boss-kill,charge,107,Defeat,7,0,7,56,11,0,1,57,-1,,0,2,1,3863295986
gym-lanes-boss-kill,charge,108,Defeat,10,0,10,80,12,0,1,30,-1,,0,3,0,1342150822
gym-lanes-boss-kill,charge,109,Defeat,7,0,7,56,6,0,1,42,-1,,0,0,0,632872774
gym-lanes-boss-kill,charge,110,Defeat,7,0,7,56,10,0,1,57,-1,,0,2,0,730808716
gym-lanes-boss-kill,charge,111,Defeat,6,0,6,48,6,0,2,83,-1,,0,2,2,499211459
gym-lanes-boss-kill,charge,112,Defeat,7,0,7,56,4,0,1,57,11,1:11,0,1,0,3561409794
gym-lanes-boss-kill,charge,113,Defeat,6,0,6,48,8,0,1,50,-1,,0,2,1,799313389
gym-lanes-boss-kill,charge,114,Defeat,4,0,4,32,12,0,3,75,-1,,0,2,2,190840226
gym-lanes-boss-kill,charge,115,Defeat,7,0,7,56,14,0,2,57,-1,,0,1,1,369439893
gym-lanes-boss-kill,charge,116,Defeat,6,0,6,48,4,0,2,50,-1,,0,1,1,216366007
gym-lanes-boss-kill,charge,117,Defeat,7,0,7,56,8,0,1,57,-1,,0,0,0,4196903654
gym-lanes-boss-kill,charge,118,Defeat,6,0,6,48,7,0,1,50,11,1:11,0,1,1,1711983293
gym-lanes-boss-kill,charge,119,Defeat,7,0,7,56,7,0,1,57,11,1:11,0,1,0,2569075751
gym-lanes-boss-kill,charge,120,Defeat,8,0,8,64,10,0,1,62,-1,,0,1,0,3504720835
gym-lanes-boss-kill,charge,121,Defeat,6,0,6,48,6,0,1,66,-1,,0,2,1,3040570488
gym-lanes-boss-kill,charge,122,Defeat,7,0,7,56,8,0,1,57,12,1:12,0,0,0,900337502
gym-lanes-boss-kill,charge,123,Defeat,7,0,7,56,7,0,1,57,11,1:11,0,1,0,3201795609
gym-lanes-boss-kill,charge,124,Defeat,7,0,7,56,6,0,1,57,-1,,0,1,0,324216375
gym-lanes-boss-kill,charge,125,Defeat,7,0,7,56,6,0,1,57,-1,,0,3,1,9696265
gym-lanes-boss-kill,charge,126,Defeat,8,0,8,64,4,0,1,62,12,1:12,0,1,0,4087028472
gym-lanes-boss-kill,charge,127,Defeat,4,0,4,32,5,0,3,75,-1,,0,1,2,868547569
gym-lanes-boss-kill,charge,128,Defeat,11,0,11,88,12,0,1,36,-1,,0,3,0,421436863
gym-lanes-boss-kill,charge,129,Defeat,7,0,7,56,7,0,1,57,11,1:11,0,1,0,2390259573
gym-lanes-boss-kill,charge,130,Defeat,7,0,7,56,6,0,1,57,11,1:11,0,1,0,2517976224
gym-lanes-boss-kill,charge,131,Defeat,6,0,6,48,7,0,1,50,11,1:11,0,1,1,1711983293
gym-lanes-boss-kill,charge,132,Defeat,7,0,7,56,6,0,2,85,11,1:11,0,4,0,3985614973
gym-lanes-boss-kill,charge,133,Defeat,6,0,6,48,6,0,1,50,-1,,0,0,1,2543188346
gym-lanes-boss-kill,charge,134,Defeat,5,0,5,40,9,0,3,60,-1,,0,1,2,1128643767
gym-lanes-boss-kill,charge,135,Defeat,7,0,7,56,7,0,1,57,11,1:11,0,1,0,930870979
gym-lanes-boss-kill,charge,136,Defeat,8,0,8,64,11,0,1,50,-1,,0,2,0,2674158915
gym-lanes-boss-kill,charge,137,Defeat,6,0,6,48,6,0,2,100,-1,,0,4,2,1983849910
gym-lanes-boss-kill,charge,138,Defeat,7,0,7,56,6,0,1,57,11,1:11,0,1,0,2832836648
gym-lanes-boss-kill,charge,139,Defeat,7,0,7,56,7,0,1,57,11,1:11,0,1,0,4202856775
gym-lanes-boss-kill,charge,140,Defeat,6,0,6,48,8,0,1,66,-1,,0,1,1,2876413631
gym-lanes-boss-kill,charge,141,Defeat,7,0,7,56,8,0,1,42,-1,,0,0,0,632872774
gym-lanes-boss-kill,charge,142,Defeat,7,0,7,56,2,0,1,57,11,1:11,0,1,0,4202856775
gym-lanes-boss-kill,charge,143,Defeat,7,0,7,56,3,0,1,57,11,1:11,0,0,0,105859028
gym-lanes-boss-kill,charge,144,Defeat,7,0,7,56,7,0,1,57,11,1:11,0,1,0,913994821
gym-lanes-boss-kill,charge,145,Defeat,7,0,7,56,6,0,1,57,11,1:11,0,1,0,3551373110
gym-lanes-boss-kill,charge,146,Defeat,10,0,10,80,8,0,1,50,-1,,0,3,0,4058413986
gym-lanes-boss-kill,charge,147,Defeat,6,0,6,48,9,0,1,66,-1,,0,3,1,161259514
gym-lanes-boss-kill,charge,148,Defeat,6,0,6,48,5,0,3,66,-1,,0,2,2,3622127352
gym-lanes-boss-kill,charge,149,Defeat,9,0,9,72,8,0,1,44,-1,,0,3,0,504491445
gym-lanes-boss-kill,charge,150,Defeat,8,0,8,64,6,0,1,50,-1,,0,1,0,1647543573
gym-lanes-boss-kill,charge,151,Defeat,8,0,8,64,8,0,1,50,-1,,0,1,0,3340778824
gym-lanes-boss-kill,charge,152,Defeat,7,0,7,56,6,0,1,57,11,1:11,0,1,0,2047753596
gym-lanes-boss-kill,charge,153,Defeat,8,0,8,64,7,0,1,62,-1,,0,2,0,4167172343
gym-lanes-boss-kill,charge,154,Defeat,9,0,9,72,10,0,1,44,3,1:3,0,1,0,2604646569
gym-lanes-boss-kill,charge,155,Defeat,7,0,7,56,9,0,1,42,11,1:11,0,0,0,3566289712
gym-lanes-boss-kill,charge,156,Defeat,9,0,9,72,11,0,1,44,-1,,0,3,0,3731422497
gym-lanes-boss-kill,charge,157,Defeat,5,0,5,40,6,0,3,60,-1,,0,2,2,2462454873
gym-lanes-boss-kill,charge,158,Defeat,7,0,7,56,6,0,1,57,11,1:11,0,1,0,1049327600
gym-lanes-boss-kill,charge,159,Defeat,7,0,7,56,6,0,1,57,-1,,0,1,0,2517976224
gym-lanes-boss-kill,charge,160,Defeat,6,0,6,48,10,0,1,66,-1,,0,1,1,3306186217
gym-lanes-boss-kill,charge,161,Defeat,7,0,7,56,9,0,2,57,11,1:11,0,5,0,2588844508
gym-lanes-boss-kill,charge,162,Defeat,8,0,8,64,12,0,1,50,-1,,0,1,0,3383894759
gym-lanes-boss-kill,charge,163,Defeat,7,0,7,56,6,0,1,57,12,1:12,0,1,0,4153655412
gym-lanes-boss-kill,charge,164,Defeat,7,0,7,56,10,0,1,57,-1,,0,2,1,3591203785
gym-lanes-boss-kill,charge,165,Defeat,6,0,6,48,4,0,1,66,11,1:11,0,1,0,1206247627
gym-lanes-boss-kill,charge,166,Defeat,7,0,7,56,4,0,1,71,-1,,0,2,0,3085508995
gym-lanes-boss-kill,charge,167,Defeat,7,0,7,56,7,0,1,42,11,1:11,0,0,0,2362059538
gym-lanes-boss-kill,charge,168,Defeat,7,0,7,56,7,0,1,57,11,1:11,0,1,0,4202856775
gym-lanes-boss-kill,charge,169,Defeat,5,0,5,40,5,0,3,60,-1,,0,1,2,3768323830
gym-lanes-boss-kill,charge,170,Defeat,7,0,7,56,9,0,1,57,-1,,0,3,1,663168419
gym-lanes-boss-kill,charge,171,Defeat,5,0,5,40,8,0,2,60,-1,,0,2,2,1579311978
gym-lanes-boss-kill,charge,172,Defeat,8,0,8,64,5,0,1,50,-1,,0,2,0,520070691
gym-lanes-boss-kill,charge,173,Defeat,8,0,8,64,6,0,1,37,-1,,0,1,0,2894306187
gym-lanes-boss-kill,charge,174,Defeat,7,0,7,56,8,0,1,57,-1,,0,2,1,2531098166
gym-lanes-boss-kill,charge,175,Defeat,4,0,4,32,8,0,3,75,-1,,0,2,3,4276512608
gym-lanes-boss-kill,charge,176,Defeat,7,0,7,56,6,0,1,57,11,1:11,0,1,0,1049327600
gym-lanes-boss-kill,charge,177,Defeat,9,0,9,72,11,0,1,44,-1,,0,3,0,2303683435
gym-lanes-boss-kill,charge,178,Defeat,8,0,8,64,8,0,1,50,3,1:3,0,1,0,995054428
gym-lanes-boss-kill,charge,179,Defeat,7,0,7,56,7,0,1,57,11,1:11,0,1,0,4202856775
gym-lanes-boss-kill,charge,180,Defeat,7,0,7,56,14,0,2,57,-1,,0,1,1,1720974477
gym-lanes-boss-kill,charge,181,Defeat,7,0,7,56,5,0,1,57,11,1:11,0,1,0,4202856775
gym-lanes-boss-kill,charge,182,Defeat,7,0,7,56,7,0,1,57,-1,,0,2,0,1140066526
gym-lanes-boss-kill,charge,183,Defeat,7,0,7,56,7,0,1,57,11,1:11,0,1,0,1554799881
gym-lanes-boss-kill,charge,184,Defeat,9,0,9,72,12,0,1,44,-1,,0,2,0,3997537742
gym-lanes-boss-kill,charge,185,Defeat,8,0,8,64,10,0,1,37,-1,,0,2,0,1186126825
gym-lanes-boss-kill,charge,186,Defeat,5,0,5,40,7,0,3,60,-1,,0,2,2,306540895
gym-lanes-boss-kill,charge,187,Defeat,7,0,7,56,7,0,1,57,11,1:11,0,1,0,4202856775
gym-lanes-boss-kill,charge,188,Defeat,9,0,9,72,8,0,1,44,11,1:11,0,2,0,3603449080
gym-lanes-boss-kill,charge,189,Defeat,7,0,7,56,8,0,1,57,-1,,0,2,1,2454513078
gym-lanes-boss-kill,charge,190,Defeat,6,0,6,48,8,0,2,66,-1,,0,0,0,3087527876
gym-lanes-boss-kill,charge,191,Defeat,7,0,7,56,4,0,1,57,-1,,0,2,0,3951580448
gym-lanes-boss-kill,charge,192,Defeat,7,0,7,56,5,0,1,57,-1,,0,3,1,4054359948
gym-lanes-boss-kill,charge,193,Defeat,6,0,6,48,6,0,2,66,-1,,0,1,1,738766401
gym-lanes-boss-kill,charge,194,Defeat,8,0,8,64,16,0,1,62,-1,,0,3,1,3553029949
gym-lanes-boss-kill,charge,195,Defeat,9,0,9,72,19,0,1,44,-1,,0,6,0,587607230
gym-lanes-boss-kill,charge,196,Defeat,8,0,8,64,4,0,1,50,-1,,0,2,1,3501673460
gym-lanes-boss-kill,charge,197,Defeat,7,0,7,56,4,0,1,71,-1,,0,2,0,3373424070
gym-lanes-boss-kill,charge,198,Defeat,7,0,7,56,7,0,2,57,-1,,0,3,1,1612125873
gym-lanes-boss-kill,charge,199,Defeat,7,0,7,56,14,0,1,57,-1,,0,2,1,552620061
gym-lanes-boss-kill,charge,200,Defeat,8,0,8,64,8,0,1,37,-1,,0,2,0,1186126825
