map,strategy,seed,outcome,turns,hit_round_cap,player_turns,ap_granted,ap_unused,final_player_hp,enemies_remaining,mean_exposure_x100,first_crossing_x,unit_crossings,contact_round1,contact_turns,never_in_contact,state_hash
gym-opening,corridor-hold,1,Victory,54,0,54,1336,563,708,0,15,2,1:2|3:8|2:13,0,81,0,4271461087
gym-opening,corridor-hold,2,Defeat,12,0,12,248,65,0,5,70,13,3:13,0,32,1,472844992
gym-opening,corridor-hold,3,Victory,42,0,42,904,337,391,0,22,8,3:8|4:8|2:8,0,62,0,3240817206
gym-opening,corridor-hold,4,Victory,44,0,44,928,328,310,0,20,8,1:8|2:7|4:12,0,29,0,3975938405
gym-opening,corridor-hold,5,Victory,25,0,25,800,312,964,0,8,2,2:2|1:7|3:12,0,5,0,429791519
gym-opening,corridor-hold,6,Victory,35,0,35,880,331,722,0,20,2,1:2|3:8|2:12,0,31,0,3134010010
gym-opening,corridor-hold,7,InProgress,61,1,60,648,221,220,2,29,2,3:2|2:8,0,76,1,1525105101
gym-opening,corridor-hold,8,InProgress,61,1,60,1064,412,672,1,15,8,3:8|2:7,0,21,1,1033329833
gym-opening,corridor-hold,9,InProgress,61,1,60,640,218,230,2,43,2,3:2,0,57,1,3087422292
gym-opening,corridor-hold,10,Victory,51,0,51,928,357,280,0,28,7,1:7|3:8,0,43,0,3788167075
gym-opening,corridor-hold,11,InProgress,61,1,60,656,239,170,1,30,2,1:2,0,58,1,4043436690
gym-opening,corridor-hold,12,Defeat,16,0,16,248,45,0,3,77,2,3:2,0,36,1,2684213870
gym-opening,corridor-hold,13,InProgress,61,1,60,616,206,225,2,33,2,3:2,0,42,1,3658062114
gym-opening,corridor-hold,14,Victory,37,0,37,944,331,735,0,28,7,2:7|1:13,0,33,0,1804315760
gym-opening,corridor-hold,15,Victory,41,0,41,1312,484,858,0,11,8,3:8|4:7|1:7,0,44,0,2070483067
gym-opening,corridor-hold,16,Defeat,17,0,17,296,88,0,5,70,2,2:2,0,37,2,1825420735
gym-opening,corridor-hold,17,Defeat,17,0,17,344,56,0,4,72,7,2:7,0,44,1,1897648044
gym-opening,corridor-hold,18,Defeat,12,0,12,264,68,0,4,75,-1,,0,29,2,145745430
gym-opening,corridor-hold,19,Defeat,19,0,19,336,78,0,3,64,2,3:2,0,83,0,2917915411
gym-opening,corridor-hold,20,InProgress,61,1,60,1464,623,720,1,16,2,3:2|2:2|1:2,0,41,0,4044000944
gym-opening,corridor-hold,21,Victory,26,0,26,584,171,497,0,42,2,2:2|3:12|1:7,0,48,0,3822350733
gym-opening,corridor-hold,22,Victory,55,0,55,968,384,504,0,19,8,2:8|3:13,0,52,0,3588284354
gym-opening,corridor-hold,23,Victory,36,0,36,888,288,639,0,21,2,3:2|1:2|2:7,0,44,0,2237282842
gym-opening,corridor-hold,24,InProgress,61,1,60,640,230,230,2,28,13,3:13,0,88,0,3356053279
gym-opening,corridor-hold,25,Victory,28,0,28,712,211,663,0,20,2,1:2|2:2|3:7,0,23,0,3506099024
gym-opening,corridor-hold,26,Defeat,15,0,15,320,67,0,3,72,12,3:12,0,38,1,2178584606
gym-opening,corridor-hold,27,Defeat,12,0,12,208,35,0,4,88,-1,,0,18,2,2633862695
gym-opening,corridor-hold,28,Victory,47,0,47,824,284,511,0,27,2,2:2|3:8,0,59,0,1892594030
gym-opening,corridor-hold,29,Victory,32,0,32,808,255,550,0,33,2,1:2|2:2|3:8,0,21,0,2201631314
gym-opening,corridor-hold,30,Defeat,13,0,13,240,44,0,3,83,2,3:2,0,30,1,3621243872
gym-opening,corridor-hold,31,Victory,18,0,18,376,56,140,0,57,8,3:8|2:7,0,32,0,2943619244
gym-opening,corridor-hold,32,Defeat,16,0,16,264,49,0,3,69,2,2:2,0,31,2,1883817301
gym-opening,corridor-hold,33,InProgress,61,1,60,1232,492,440,1,17,8,3:8|4:7,0,47,0,3414259888
gym-opening,corridor-hold,34,Victory,32,0,32,792,269,746,0,23,2,3:2|2:2,0,20,0,3322829225
gym-opening,corridor-hold,35,Victory,17,0,17,544,163,959,0,11,8,3:8|1:7|2:7|4:12,0,7,0,2069840271
gym-opening,corridor-hold,36,InProgress,61,1,60,1088,414,653,2,20,12,4:12|3:7,0,113,0,3762278372
gym-opening,corridor-hold,37,InProgress,61,1,60,648,216,210,2,28,7,3:7,0,45,1,1855323146
gym-opening,corridor-hold,38,InProgress,61,1,60,632,255,230,2,35,7,3:7,0,51,1,3930328455
gym-opening,corridor-hold,39,Victory,19,0,19,496,115,839,0,19,2,3:2|1:7,0,19,0,1894924242
gym-opening,corridor-hold,40,Defeat,15,0,15,256,44,0,3,75,7,3:7,0,35,2,2990780809
gym-opening,corridor-hold,41,Defeat,10,0,10,184,43,0,6,104,-1,,0,27,2,1247002343
gym-opening,corridor-hold,42,InProgress,61,1,60,1248,528,530,1,20,8,2:8|3:7|1:8,0,75,0,2312432178
gym-opening,corridor-hold,43,InProgress,61,1,60,696,221,220,1,29,2,1:2|3:8,0,60,1,3405456014
gym-opening,corridor-hold,44,Victory,27,0,27,568,112,213,0,36,12,3:12|1:2|2:7,0,54,0,2045520717
gym-opening,corridor-hold,45,Victory,51,0,51,1000,363,523,0,17,8,4:8|3:7|2:7,0,43,0,737778207
gym-opening,corridor-hold,46,Victory,59,0,59,704,218,230,0,39,13,4:13|3:8,0,71,0,649038673
gym-opening,corridor-hold,47,Defeat,23,0,23,392,76,0,1,55,2,3:2|1:2,0,60,0,2991430581
gym-opening,corridor-hold,48,Defeat,16,0,16,320,63,0,3,67,2,3:2,0,41,1,3992907599
gym-opening,corridor-hold,49,Victory,55,0,55,1368,524,571,0,14,2,1:2|2:2|3:7,0,42,0,2023576804
gym-opening,corridor-hold,50,InProgress,61,1,60,696,235,200,2,27,2,3:2,0,96,1,1911917132
gym-opening,corridor-hold,51,Defeat,22,0,22,376,73,0,4,63,13,3:13,0,62,0,3956376900
gym-opening,corridor-hold,52,Victory,41,0,41,760,271,466,0,16,2,1:2|2:2,0,25,0,2526484032
gym-opening,corridor-hold,53,Victory,25,0,25,424,67,298,0,49,7,2:7|3:7,0,47,0,4024550003
gym-opening,corridor-hold,54,Victory,44,0,44,792,272,462,0,23,7,3:7|2:8,0,17,0,2947672398
gym-opening,corridor-hold,55,Victory,54,0,54,952,370,458,0,18,13,3:13|2:12,0,69,0,1002632259
gym-opening,corridor-hold,56,InProgress,61,1,60,1376,617,627,1,10,7,2:7|3:12|1:13,0,54,0,1503621836
gym-opening,corridor-hold,57,InProgress,61,1,60,1120,428,576,1,17,2,1:2|3:7|2:12,0,69,0,2296666737
gym-opening,corridor-hold,58,Defeat,14,0,14,248,51,0,4,112,-1,,0,45,2,1775748679
gym-opening,corridor-hold,59,InProgress,61,1,60,624,248,215,2,28,8,3:8,0,64,1,1262263686
gym-opening,corridor-hold,60,InProgress,61,1,60,608,232,312,1,38,2,2:2,0,66,1,1040182822
gym-opening,corridor-hold,61,Defeat,10,0,10,208,33,0,4,84,-1,,0,22,2,3788480564
gym-opening,corridor-hold,62,Defeat,14,0,14,280,66,0,4,71,-1,,0,34,2,426539280
gym-opening,corridor-hold,63,InProgress,61,1,60,648,244,220,1,29,12,1:12,0,68,0,3404444894
gym-opening,corridor-hold,64,Victory,55,0,55,1360,581,761,0,18,2,1:2|2:2|3:12,0,58,0,1706248162
gym-opening,corridor-hold,65,InProgress,61,1,60,608,221,210,1,34,2,3:2,0,53,0,3461882125
gym-opening,corridor-hold,66,InProgress,61,1,60,1048,425,416,1,19,2,1:2|2:7,0,42,0,133866303
gym-opening,corridor-hold,67,Victory,56,0,56,1024,385,420,0,19,8,1:8|2:2|3:13,0,56,0,2833558910
gym-opening,corridor-hold,68,Defeat,11,0,11,224,53,0,5,100,-1,,0,31,2,4117894773
gym-opening,corridor-hold,69,Defeat,14,0,14,288,42,0,5,69,-1,,0,29,2,825584689
gym-opening,corridor-hold,70,Defeat,13,0,13,248,60,0,6,83,2,1:2,0,41,2,72683089
gym-opening,corridor-hold,71,Defeat,23,0,23,344,68,0,2,69,2,3:2,0,51,1,2031995931
gym-opening,corridor-hold,72,Victory,30,0,30,760,246,610,0,26,7,2:7|1:7|3:12,0,51,0,3712934758
gym-opening,corridor-hold,73,Victory,54,0,54,960,351,625,0,17,2,3:2|2:8,0,37,0,135101332
gym-opening,corridor-hold,74,InProgress,61,1,60,1128,425,650,2,22,2,1:2|2:13|3:12,0,117,0,2227190621
gym-opening,corridor-hold,75,InProgress,61,1,60,1000,384,555,1,17,2,2:2|3:2,0,48,0,1000321502
gym-opening,corridor-hold,76,Victory,29,0,29,728,235,732,0,23,7,2:7|3:7|1:7,0,20,0,558956574
gym-opening,corridor-hold,77,Victory,24,0,24,488,112,480,0,44,7,2:7|3:12,0,30,0,3666098575
gym-opening,corridor-hold,78,Victory,49,0,49,896,303,390,0,23,2,1:2|3:13,0,59,0,337003525
gym-opening,corridor-hold,79,Defeat,22,0,22,368,86,0,3,60,2,1:2,0,57,2,994864004
gym-opening,corridor-hold,80,Victory,17,0,17,296,54,60,0,59,2,3:2,0,29,0,316039585
gym-opening,corridor-hold,81,Victory,31,0,31,808,253,567,0,27,12,3:12|1:8|2:7,0,32,0,2026926804
gym-opening,corridor-hold,82,InProgress,61,1,60,1128,444,685,1,11,8,3:8|4:7|2:8,0,57,0,3600694682
gym-opening,corridor-hold,83,InProgress,61,1,60,1048,430,551,2,22,2,3:2|2:2,0,65,1,627862962
gym-opening,corridor-hold,84,Victory,40,0,40,1008,383,660,0,19,2,1:2|2:7|3:12,0,24,0,490467310
gym-opening,corridor-hold,85,Victory,20,0,20,528,141,686,0,30,13,3:13|1:7,0,18,0,3596951016
gym-opening,corridor-hold,86,InProgress,61,1,60,1064,418,447,1,19,8,3:8|1:7,0,67,0,2131419937
gym-opening,corridor-hold,87,InProgress,61,1,60,1032,422,673,1,15,7,3:7|2:7,0,46,1,93262409
gym-opening,corridor-hold,88,Victory,37,0,37,680,187,404,0,35,2,3:2|2:2,0,48,0,2879644202
gym-opening,corridor-hold,89,Victory,53,0,53,976,329,364,0,23,12,3:12|1:2,0,64,0,166889445
gym-opening,corridor-hold,90,InProgress,61,1,60,1072,413,582,1,22,12,1:12|3:8|2:8,0,42,1,1759366952
gym-opening,corridor-hold,91,InProgress,61,1,60,640,205,345,1,45,2,3:2|2:12,0,89,0,2176147538
gym-opening,corridor-hold,92,Victory,45,0,45,1104,455,739,0,14,7,2:7|3:8|1:12,0,55,0,945161934
gym-opening,corridor-hold,93,Defeat,16,0,16,272,43,0,4,94,2,3:2,0,54,1,1301030340
gym-opening,corridor-hold,94,InProgress,61,1,60,1472,585,741,1,13,2,3:2|1:7|2:7,0,56,0,3184000271
gym-opening,corridor-hold,95,Victory,30,0,30,752,218,625,0,24,2,1:2|3:2|2:7,0,23,0,1090772638
gym-opening,corridor-hold,96,Defeat,22,0,22,320,65,0,4,65,2,3:2,0,47,1,4014961936
gym-opening,corridor-hold,97,Defeat,15,0,15,328,70,0,4,85,2,1:2|3:8,0,45,1,1214356353
gym-opening,corridor-hold,98,Defeat,13,0,13,280,53,0,7,80,2,3:2|1:13,0,50,0,4089514014
gym-opening,corridor-hold,99,Victory,23,0,23,584,169,729,0,23,2,1:2|2:2|3:7,0,14,0,2010150345
gym-opening,corridor-hold,100,Defeat,12,0,12,216,34,0,4,96,-1,,0,18,2,4240809519
gym-opening,corridor-hold,101,Defeat,11,0,11,216,37,0,4,107,-1,,0,31,2,3498610806
gym-opening,corridor-hold,102,Victory,36,0,36,688,225,405,0,33,7,1:7|3:13,0,46,0,3192888620
gym-opening,corridor-hold,103,Defeat,14,0,14,272,57,0,5,79,2,3:2,0,41,1,2173102164
gym-opening,corridor-hold,104,InProgress,61,1,60,1088,449,383,2,21,7,3:7|1:7,0,104,0,4125339307
gym-opening,corridor-hold,105,Victory,27,0,27,680,200,635,0,27,2,2:2|3:13|1:7,0,18,0,1687696262
gym-opening,corridor-hold,106,Victory,29,0,29,568,179,338,0,38,13,3:13|1:7,0,36,0,4136424514
gym-opening,corridor-hold,107,Victory,46,0,46,816,269,455,0,32,2,3:2|2:7,0,35,0,3385851333
gym-opening,corridor-hold,108,Victory,24,0,24,504,144,382,0,44,12,1:12|2:8,0,16,0,1580087510
gym-opening,corridor-hold,109,InProgress,61,1,60,1480,614,706,1,18,2,1:2|3:7|2:13,0,48,0,2830887216
gym-opening,corridor-hold,110,Victory,44,0,44,1160,476,732,0,16,7,4:7|3:7|1:8|2:12,0,39,0,274737102
gym-opening,corridor-hold,111,InProgress,61,1,60,1160,448,393,1,22,7,2:7|1:8|3:12,0,82,0,1254660077
gym-opening,corridor-hold,112,InProgress,61,1,60,1072,412,576,1,21,2,3:2|2:8,0,70,0,1574926669
gym-opening,corridor-hold,113,InProgress,61,1,60,1080,441,386,2,22,13,3:13|1:12,0,109,0,1497360636
gym-opening,corridor-hold,114,Defeat,16,0,16,256,50,0,5,78,-1,,0,41,1,3066324477
gym-opening,corridor-hold,115,InProgress,61,1,60,696,248,245,2,29,13,3:13,0,55,1,3072295279
gym-opening,corridor-hold,116,Victory,33,0,33,832,276,501,0,25,2,1:2|2:7|3:12,0,40,0,1461454802
gym-opening,corridor-hold,117,InProgress,61,1,60,648,209,210,2,33,2,3:2,0,95,0,341852225
gym-opening,corridor-hold,118,Victory,52,0,52,960,371,399,0,20,7,3:7|2:7,0,79,0,95280588
gym-opening,corridor-hold,119,Victory,50,0,50,520,150,179,0,43,7,2:7,0,35,0,525266137
gym-opening,corridor-hold,120,Victory,50,0,50,1232,532,635,0,16,7,2:7|1:7|3:12,0,37,0,3728641840
gym-opening,corridor-hold,121,InProgress,61,1,60,1064,435,497,1,26,7,3:7|1:7,0,71,1,1339441562
gym-opening,corridor-hold,122,Victory,48,0,48,864,327,387,0,22,8,3:8|1:12,0,42,0,3481839130
gym-opening,corridor-hold,123,Defeat,15,0,15,320,69,0,3,70,2,1:2|3:8,0,37,1,775734498
gym-opening,corridor-hold,124,Victory,26,0,26,648,241,772,0,17,7,2:7|1:7|3:12,0,18,0,4242241900
gym-opening,corridor-hold,125,Victory,37,0,37,688,233,430,0,29,2,3:2|1:7,0,30,0,1091258094
gym-opening,corridor-hold,126,Victory,40,0,40,720,226,538,0,37,2,2:2|3:13,0,60,0,4115460989
gym-opening,corridor-hold,127,InProgress,61,1,60,616,193,329,1,33,2,3:2|2:2,0,53,1,3388401452
gym-opening,corridor-hold,128,Victory,50,0,50,944,335,316,0,23,7,2:7|1:7|3:2,0,39,0,395663709
gym-opening,corridor-hold,129,InProgress,61,1,60,656,225,275,1,35,2,3:2|2:7,0,56,0,3089651017
gym-opening,corridor-hold,130,InProgress,61,1,60,688,203,300,1,34,7,3:7,0,32,1,614299187
gym-opening,corridor-hold,131,Defeat,15,0,15,304,69,0,4,65,13,1:13|3:2,0,33,1,2404463536
gym-opening,corridor-hold,132,Victory,46,0,46,552,133,197,0,55,7,2:7,0,52,0,160939884
gym-opening,corridor-hold,133,Victory,57,0,57,664,247,41,0,33,2,1:2|2:8,0,53,0,809252988
gym-opening,corridor-hold,134,InProgress,61,1,60,1032,444,621,1,10,7,3:7|2:8,0,37,1,2677825289
gym-opening,corridor-hold,135,Victory,49,0,49,856,309,642,0,28,7,2:7|3:8,0,37,0,401976679
gym-opening,corridor-hold,136,InProgress,61,1,60,1504,641,790,1,17,13,4:13|1:8|2:8|3:8,0,107,0,649904848
gym-opening,corridor-hold,137,Defeat,17,0,17,312,51,0,2,71,2,3:2|2:12,0,31,0,4218374124
gym-opening,corridor-hold,138,Victory,44,0,44,776,256,510,0,21,13,3:13|2:7,0,51,0,188484612
gym-opening,corridor-hold,139,InProgress,61,1,60,1032,412,682,2,19,7,3:7|2:7,0,65,1,2669702327
gym-opening,corridor-hold,140,InProgress,61,1,60,1040,460,600,1,24,2,3:2|2:7,0,50,1,3557077750
gym-opening,corridor-hold,141,Victory,40,0,40,552,146,68,0,46,2,3:2|2:12,0,52,0,924207185
gym-opening,corridor-hold,142,Victory,37,0,37,928,351,708,0,31,2,3:2|2:8|1:7,0,27,0,3988577259
gym-opening,corridor-hold,143,Defeat,27,0,27,336,74,0,4,73,2,3:2,0,96,1,867186223
gym-opening,corridor-hold,144,InProgress,61,1,60,1496,601,790,1,18,2,3:2|2:7|1:7,0,53,0,3680093744
gym-opening,corridor-hold,145,Defeat,12,0,12,224,48,0,4,78,-1,,0,32,2,4231922817
gym-opening,corridor-hold,146,Victory,42,0,42,1056,423,840,0,18,7,1:7|2:7|3:12,0,41,0,2122923381
gym-opening,corridor-hold,147,Victory,53,0,53,976,331,535,0,21,8,3:8|2:7,0,18,0,763288316
gym-opening,corridor-hold,148,Defeat,26,0,26,384,91,0,3,66,13,3:13,0,66,1,3421330384
gym-opening,corridor-hold,149,InProgress,61,1,60,1040,403,570,1,13,7,2:7|3:2,0,59,0,3643206547
gym-opening,corridor-hold,150,InProgress,61,1,60,1056,393,552,2,15,7,3:7|2:7,0,37,1,3727101637
gym-opening,corridor-hold,151,Defeat,25,0,25,440,114,0,4,47,13,3:13|4:12|2:7,0,96,0,2111465632
gym-opening,corridor-hold,152,Victory,35,0,35,880,317,706,0,30,2,3:2|2:13|1:7,0,46,0,710147365
gym-opening,corridor-hold,153,Defeat,21,0,21,360,73,0,3,73,7,2:7,0,37,0,1195438624
gym-opening,corridor-hold,154,InProgress,61,1,60,1064,468,492,2,18,7,3:7,0,59,1,3938215013
gym-opening,corridor-hold,155,InProgress,61,1,60,616,225,405,2,28,2,2:2,0,47,1,4228915431
gym-opening,corridor-hold,156,Defeat,10,0,10,176,38,0,7,122,-1,,0,29,2,1168642514
gym-opening,corridor-hold,157,Defeat,11,0,11,240,45,0,4,106,13,3:13,0,35,1,1373307359
gym-opening,corridor-hold,158,InProgress,61,1,60,632,253,432,2,30,12,3:12|2:8,0,35,1,1403288173
gym-opening,corridor-hold,159,Victory,30,0,30,560,173,340,0,28,8,3:8|2:7,0,26,0,1198973785
gym-opening,corridor-hold,160,Victory,44,0,44,584,170,180,0,30,7,3:7,0,41,0,2022258671
gym-opening,corridor-hold,161,Victory,51,0,51,904,378,378,0,24,7,3:7|1:8,0,71,0,4183971176
gym-opening,corridor-hold,162,Victory,48,0,48,912,348,356,0,22,13,3:13|2:7,0,63,0,4255278477
gym-opening,corridor-hold,163,InProgress,61,1,60,1104,405,534,1,15,2,2:2|3:7,0,61,0,3415564951
gym-opening,corridor-hold,164,Defeat,12,0,12,240,45,0,4,83,13,3:13,0,33,1,587952801
gym-opening,corridor-hold,165,Victory,52,0,52,592,179,190,0,32,2,3:2,0,47,0,1108913486
gym-opening,corridor-hold,166,InProgress,61,1,60,1032,456,651,2,19,2,3:2|2:2,0,68,1,1372145920
gym-opening,corridor-hold,167,InProgress,61,1,60,1488,648,850,1,11,7,1:7|2:7|3:12,0,36,0,1366756948
gym-opening,corridor-hold,168,Victory,31,0,31,784,286,758,0,16,8,2:8|3:12|1:7,0,18,0,1059281220
gym-opening,corridor-hold,169,Victory,50,0,50,632,173,230,0,39,7,2:7|3:7,0,100,0,2096541301
gym-opening,corridor-hold,170,InProgress,61,1,60,1272,517,642,1,11,13,3:13|1:8|2:7,0,61,0,3901586370
gym-opening,corridor-hold,171,Defeat,19,0,19,344,60,0,2,76,7,3:7|2:2,0,53,0,1497591543
gym-opening,corridor-hold,172,Victory,57,0,57,992,349,370,0,25,2,2:2|3:8,0,62,0,1610356092
gym-opening,corridor-hold,173,Victory,38,0,38,720,205,314,0,33,2,1:2|3:8,0,37,0,4243135088
gym-opening,corridor-hold,174,InProgress,61,1,60,1048,402,418,1,22,2,1:2|3:2,0,60,0,666386956
gym-opening,corridor-hold,175,Defeat,26,0,26,392,85,0,3,75,2,3:2,0,75,1,3967961190
gym-opening,corridor-hold,176,Victory,49,0,49,584,183,220,0,35,2,2:2|3:13,0,78,0,3041826440
gym-opening,corridor-hold,177,InProgress,61,1,60,680,229,210,1,31,2,1:2|3:8,0,51,0,1875640206
gym-opening,corridor-hold,178,Victory,32,0,32,808,274,743,0,18,2,1:2|2:2|3:7,0,28,0,1428960029
gym-opening,corridor-hold,179,Victory,38,0,38,936,315,665,0,16,2,1:2|2:8|3:7,0,52,0,969328456
gym-opening,corridor-hold,180,InProgress,61,1,60,648,238,210,2,33,2,3:2,0,73,1,3428653780
gym-opening,corridor-hold,181,Defeat,11,0,11,232,47,0,4,86,-1,,0,22,2,3292349527
gym-opening,corridor-hold,182,Victory,38,0,38,488,124,180,0,52,8,1:8|3:12,0,38,0,2974394855
gym-opening,corridor-hold,183,Defeat,23,0,23,352,65,0,3,56,2,2:2,0,44,2,2340565588
gym-opening,corridor-hold,184,Defeat,13,0,13,240,44,0,5,93,2,3:2,0,44,2,2137074204
gym-opening,corridor-hold,185,InProgress,61,1,60,656,226,275,2,36,8,3:8,0,82,1,1993843812
gym-opening,corridor-hold,186,InProgress,61,1,60,1088,444,535,2,12,13,3:13|2:7,0,92,0,1244977860
gym-opening,corridor-hold,187,Defeat,10,0,10,208,36,0,5,126,-1,,0,29,2,258187572
gym-opening,corridor-hold,188,InProgress,61,1,60,696,209,240,1,26,2,3:2,0,79,0,1719730217
gym-opening,corridor-hold,189,InProgress,61,1,60,680,245,250,1,37,8,3:8,0,26,1,1374939045
gym-opening,corridor-hold,190,Victory,47,0,47,1176,468,553,0,14,2,1:2|2:8|3:13,0,66,0,2212065657
gym-opening,corridor-hold,191,Defeat,18,0,18,360,63,0,2,75,12,3:12,0,38,0,399126632
gym-opening,corridor-hold,192,InProgress,61,1,60,688,223,393,1,34,2,3:2|2:2,0,86,0,161006698
gym-opening,corridor-hold,193,InProgress,61,1,60,664,226,300,2,43,13,3:13,0,80,1,2528593905
gym-opening,corridor-hold,194,Defeat,10,0,10,184,41,0,6,104,-1,,0,24,2,1424287214
gym-opening,corridor-hold,195,InProgress,61,1,60,696,232,220,2,31,2,3:2,0,73,1,1386386348
gym-opening,corridor-hold,196,Defeat,13,0,13,248,59,0,6,67,2,1:2,0,44,2,1866380471
gym-opening,corridor-hold,197,Defeat,21,0,21,352,73,0,2,65,2,2:2|3:13,0,47,1,1388699263
gym-opening,corridor-hold,198,Defeat,14,0,14,272,53,0,3,76,-1,,0,21,2,3537011421
gym-opening,corridor-hold,199,Victory,41,0,41,952,340,378,0,25,13,2:13|3:7|1:8,0,66,0,1506318357
gym-opening,corridor-hold,200,InProgress,61,1,60,744,288,250,1,26,8,4:8|3:7,0,63,1,1755401286
gym-opening,tpa-order,1,Victory,54,0,54,1336,563,708,0,15,2,1:2|3:8|2:13,0,81,0,4271461087
gym-opening,tpa-order,2,Defeat,12,0,12,248,65,0,5,70,13,3:13,0,32,1,2977309972
gym-opening,tpa-order,3,Victory,42,0,42,904,337,391,0,22,8,3:8|4:8|2:8,0,62,0,3240817206
gym-opening,tpa-order,4,Victory,30,0,30,592,186,460,0,29,7,2:7|1:12,0,14,0,2624123580
gym-opening,tpa-order,5,Victory,25,0,25,800,312,964,0,8,2,2:2|1:7|3:12,0,5,0,429791519
gym-opening,tpa-order,6,Victory,35,0,35,880,331,722,0,20,2,1:2|3:8|2:12,0,31,0,3134010010
gym-opening,tpa-order,7,Defeat,55,0,55,616,214,0,2,33,2,3:2|2:8,0,68,1,3403011396
gym-opening,tpa-order,8,InProgress,61,1,60,1064,412,672,1,15,8,3:8|2:7,0,21,1,1033329833
gym-opening,tpa-order,9,InProgress,61,1,60,640,218,230,2,43,2,3:2,0,57,1,3087422292
gym-opening,tpa-order,10,Victory,51,0,51,928,357,280,0,28,7,1:7|3:8,0,43,0,3788167075
gym-opening,tpa-order,11,InProgress,61,1,60,656,239,170,1,30,2,1:2,0,58,1,4043436690
gym-opening,tpa-order,12,Defeat,13,0,13,224,36,0,3,82,2,3:2,0,32,2,781761282
gym-opening,tpa-order,13,Defeat,15,0,15,248,44,0,4,77,-1,,0,30,2,1395173692
gym-opening,tpa-order,14,Victory,37,0,37,944,331,735,0,28,7,2:7|1:13,0,33,0,1804315760
gym-opening,tpa-order,15,Victory,41,0,41,1312,484,858,0,11,8,3:8|4:7|1:7,0,44,0,2070483067
gym-opening,tpa-order,16,Defeat,17,0,17,296,88,0,5,70,2,2:2,0,37,2,1825420735
gym-opening,tpa-order,17,Defeat,17,0,17,344,56,0,3,69,7,2:7,0,44,1,202194249
gym-opening,tpa-order,18,Defeat,12,0,12,264,68,0,4,75,-1,,0,29,2,1033380255
gym-opening,tpa-order,19,Defeat,30,0,30,408,104,0,1,54,7,1:7,0,49,1,3482520390
gym-opening,tpa-order,20,InProgress,61,1,60,632,245,220,1,25,2,3:2,0,22,0,4142300663
gym-opening,tpa-order,21,Victory,26,0,26,584,171,497,0,42,2,2:2|3:12|1:7,0,48,0,3822350733
gym-opening,tpa-order,22,Victory,55,0,55,968,384,504,0,19,8,2:8|3:13,0,52,0,3588284354
gym-opening,tpa-order,23,InProgress,61,1,60,616,225,421,2,27,7,2:7,0,55,1,2535867554
gym-opening,tpa-order,24,InProgress,61,1,60,640,233,240,2,28,13,3:13,0,69,0,115394313
gym-opening,tpa-order,25,Victory,28,0,28,712,211,663,0,20,2,1:2|2:2|3:7,0,23,0,3506099024
gym-opening,tpa-order,26,Defeat,15,0,15,320,67,0,3,72,12,3:12,0,38,1,2178584606
gym-opening,tpa-order,27,Defeat,12,0,12,208,35,0,4,88,-1,,0,18,2,2633862695
gym-opening,tpa-order,28,Victory,47,0,47,824,284,511,0,27,2,2:2|3:8,0,59,0,1892594030
gym-opening,tpa-order,29,Victory,41,0,41,760,261,510,0,38,2,2:2|1:7,0,42,0,3457652531
gym-opening,tpa-order,30,Defeat,13,0,13,240,44,0,3,83,2,3:2,0,30,1,2328122824
gym-opening,tpa-order,31,Victory,18,0,18,376,56,140,0,57,8,3:8|2:7,0,32,0,2943619244
gym-opening,tpa-order,32,Defeat,16,0,16,264,49,0,3,69,2,2:2,0,31,2,1883817301
gym-opening,tpa-order,33,Victory,41,0,41,760,258,260,0,23,2,3:2|1:8,0,32,0,4213220577
gym-opening,tpa-order,34,Victory,32,0,32,792,269,746,0,23,2,3:2|2:2,0,20,0,3322829225
gym-opening,tpa-order,35,Victory,17,0,17,544,163,959,0,11,8,3:8|1:7|2:7|4:12,0,7,0,2069840271
gym-opening,tpa-order,36,InProgress,61,1,60,736,217,338,1,32,12,4:12|3:7|2:2,0,115,0,2952613496
gym-opening,tpa-order,37,InProgress,61,1,60,648,216,210,2,28,7,3:7,0,45,1,1855323146
gym-opening,tpa-order,38,Victory,43,0,43,768,301,328,0,29,2,3:2|1:8,0,56,0,1941182664
gym-opening,tpa-order,39,Victory,19,0,19,496,115,839,0,19,2,3:2|1:7,0,19,0,1894924242
gym-opening,tpa-order,40,Defeat,15,0,15,256,44,0,3,75,7,3:7,0,35,2,2990780809
gym-opening,tpa-order,41,Defeat,11,0,11,192,43,0,4,95,-1,,0,26,2,2318175222
gym-opening,tpa-order,42,InProgress,61,1,60,1248,528,530,1,20,8,2:8|3:7|1:8,0,75,0,2312432178
gym-opening,tpa-order,43,InProgress,61,1,60,696,221,220,1,29,2,1:2|3:8,0,60,1,3405456014
gym-opening,tpa-order,44,Victory,27,0,27,568,112,213,0,36,12,3:12|1:2|2:7,0,54,0,2045520717
gym-opening,tpa-order,45,Victory,51,0,51,1000,363,523,0,17,8,4:8|3:7|2:7,0,43,0,737778207
gym-opening,tpa-order,46,InProgress,61,1,60,1104,386,545,1,26,2,2:2|3:8,0,46,0,2279461037
gym-opening,tpa-order,47,InProgress,61,1,60,640,235,220,2,38,2,3:2,0,58,1,211262145
gym-opening,tpa-order,48,Defeat,16,0,16,320,63,0,3,67,2,3:2,0,41,1,3992907599
gym-opening,tpa-order,49,Victory,55,0,55,1368,524,571,0,14,2,1:2|2:2|3:7,0,42,0,2023576804
gym-opening,tpa-order,50,InProgress,61,1,60,696,235,200,2,27,2,3:2,0,96,1,1911917132
gym-opening,tpa-order,51,Defeat,15,0,15,304,62,0,3,76,-1,,0,26,2,3374896286
gym-opening,tpa-order,52,Victory,41,0,41,760,271,466,0,16,2,1:2|2:2,0,25,0,2526484032
gym-opening,tpa-order,53,InProgress,61,1,60,696,248,300,2,31,2,3:2|2:8,0,87,1,3392499175
gym-opening,tpa-order,54,Victory,44,0,44,792,272,462,0,23,7,3:7|2:8,0,17,0,2947672398
gym-opening,tpa-order,55,Victory,54,0,54,952,370,458,0,18,13,3:13|2:12,0,69,0,1002632259
gym-opening,tpa-order,56,InProgress,61,1,60,1376,617,627,1,10,7,2:7|3:12|1:13,0,54,0,1503621836
gym-opening,tpa-order,57,InProgress,61,1,60,1120,428,576,1,17,2,1:2|3:7|2:12,0,69,0,2296666737
gym-opening,tpa-order,58,Defeat,19,0,19,288,54,0,5,91,7,3:7,0,61,2,3290287047
gym-opening,tpa-order,59,InProgress,61,1,60,624,248,215,2,28,8,3:8,0,64,1,1262263686
gym-opening,tpa-order,60,InProgress,61,1,60,608,232,312,1,38,2,2:2,0,66,1,1040182822
gym-opening,tpa-order,61,Defeat,10,0,10,208,33,0,3,80,-1,,0,22,2,1525740877
gym-opening,tpa-order,62,Defeat,14,0,14,280,66,0,4,71,-1,,0,34,2,2016373808
gym-opening,tpa-order,63,Victory,38,0,38,696,240,345,0,27,2,1:2|3:7,0,37,0,606197370
gym-opening,tpa-order,64,Victory,55,0,55,1360,581,761,0,18,2,1:2|2:2|3:12,0,58,0,1706248162
gym-opening,tpa-order,65,InProgress,61,1,60,672,226,250,1,32,2,3:2,0,57,1,3825730288
gym-opening,tpa-order,66,Victory,30,0,30,560,176,416,0,24,2,2:2|1:2,0,26,0,1976751352
gym-opening,tpa-order,67,Victory,56,0,56,1024,385,420,0,19,8,1:8|2:2|3:13,0,56,0,2833558910
gym-opening,tpa-order,68,InProgress,61,1,60,624,225,220,2,37,2,3:2,0,62,1,650089375
gym-opening,tpa-order,69,Victory,50,0,50,888,347,494,0,15,8,3:8|2:7,0,49,0,3828736716
gym-opening,tpa-order,70,Defeat,11,0,11,232,51,0,5,82,-1,,0,31,2,1018857933
gym-opening,tpa-order,71,Defeat,21,0,21,328,68,0,3,70,2,3:2,0,49,1,643467789
gym-opening,tpa-order,72,Victory,30,0,30,760,246,610,0,26,7,2:7|1:7|3:12,0,51,0,3712934758
gym-opening,tpa-order,73,Victory,39,0,39,984,390,802,0,9,8,3:8|1:7,0,14,0,2554471264
gym-opening,tpa-order,74,InProgress,61,1,60,1128,425,650,2,22,2,1:2|2:13|3:12,0,117,0,2227190621
gym-opening,tpa-order,75,InProgress,61,1,60,1000,384,555,1,17,2,2:2|3:2,0,48,0,1000321502
gym-opening,tpa-order,76,Victory,29,0,29,728,235,732,0,23,7,2:7|3:7|1:7,0,20,0,558956574
gym-opening,tpa-order,77,Victory,50,0,50,904,325,467,0,25,7,2:7|3:12,0,42,0,1169622733
gym-opening,tpa-order,78,Victory,49,0,49,896,303,390,0,23,2,1:2|3:13,0,59,0,337003525
gym-opening,tpa-order,79,Victory,24,0,24,392,73,25,0,59,2,1:2|3:13,0,70,0,3114629758
gym-opening,tpa-order,80,Victory,17,0,17,296,54,60,0,59,2,3:2,0,29,0,316039585
gym-opening,tpa-order,81,Victory,39,0,39,1056,393,723,0,17,13,3:13|4:8|2:7|1:8,0,37,0,1499782239
gym-opening,tpa-order,82,InProgress,61,1,60,1128,444,685,1,11,8,3:8|4:7|2:8,0,57,0,3600694682
gym-opening,tpa-order,83,InProgress,61,1,60,1040,403,487,1,16,2,3:2,0,19,0,3622145635
gym-opening,tpa-order,84,Victory,35,0,35,896,340,756,0,15,2,2:2|1:7|3:7,0,29,0,1004786890
gym-opening,tpa-order,85,Victory,37,0,37,1048,415,826,0,15,7,1:7|3:13|4:12|2:12,0,37,0,3455652013
gym-opening,tpa-order,86,Victory,36,0,36,680,233,391,0,27,7,3:7|1:8,0,40,0,4084357823
gym-opening,tpa-order,87,InProgress,61,1,60,1032,422,673,1,15,7,3:7|2:7,0,46,1,93262409
gym-opening,tpa-order,88,Victory,37,0,37,680,187,404,0,35,2,3:2|2:2,0,48,0,2879644202
gym-opening,tpa-order,89,Victory,25,0,25,528,134,314,0,42,12,3:12|1:2,0,44,0,2443823264
gym-opening,tpa-order,90,InProgress,61,1,60,1072,413,582,1,22,12,1:12|3:8|2:8,0,42,1,1759366952
gym-opening,tpa-order,91,InProgress,61,1,60,640,205,345,1,45,2,3:2|2:12,0,89,0,2176147538
gym-opening,tpa-order,92,Victory,45,0,45,1104,455,739,0,14,7,2:7|3:8|1:12,0,55,0,945161934
gym-opening,tpa-order,93,Defeat,16,0,16,272,43,0,4,94,2,3:2,0,54,1,4254163967
gym-opening,tpa-order,94,InProgress,61,1,60,1472,585,741,1,13,2,3:2|1:7|2:7,0,56,0,3184000271
gym-opening,tpa-order,95,Victory,30,0,30,752,218,625,0,24,2,1:2|3:2|2:7,0,23,0,1090772638
gym-opening,tpa-order,96,Defeat,22,0,22,320,66,0,4,65,2,3:2,0,47,1,868718244
gym-opening,tpa-order,97,Defeat,30,0,30,448,130,0,1,62,2,1:2,0,43,1,3427921946
gym-opening,tpa-order,98,InProgress,61,1,60,672,231,102,2,35,2,3:2|1:7,0,70,1,2739190584
gym-opening,tpa-order,99,Victory,23,0,23,584,169,729,0,23,2,1:2|2:2|3:7,0,14,0,2010150345
gym-opening,tpa-order,100,Defeat,12,0,12,216,34,0,4,96,-1,,0,18,2,653588391
gym-opening,tpa-order,101,Defeat,14,0,14,240,45,0,3,96,-1,,0,37,2,2352543267
gym-opening,tpa-order,102,InProgress,61,1,60,1072,428,368,1,20,13,3:13|1:8,0,31,0,3156514589
gym-opening,tpa-order,103,Defeat,20,0,20,320,66,0,3,62,2,3:2,0,44,2,1893571761
gym-opening,tpa-order,104,InProgress,61,1,60,1088,449,383,2,21,7,3:7|1:7,0,104,0,4125339307
gym-opening,tpa-order,105,Victory,27,0,27,680,200,635,0,27,2,2:2|3:13|1:7,0,18,0,1687696262
gym-opening,tpa-order,106,InProgress,61,1,60,1488,703,729,2,14,7,1:7|2:7|3:13,0,97,0,107546129
gym-opening,tpa-order,107,Victory,46,0,46,816,269,455,0,32,2,3:2|2:7,0,35,0,3385851333
gym-opening,tpa-order,108,Victory,25,0,25,504,136,346,0,36,13,3:13|1:13,0,31,0,3897133881
gym-opening,tpa-order,109,InProgress,61,1,60,1480,614,706,1,18,2,1:2|3:7|2:13,0,48,0,2830887216
gym-opening,tpa-order,110,Victory,50,0,50,1432,630,757,0,16,8,1:8|3:12|4:7|2:12,0,49,0,3115590784
gym-opening,tpa-order,111,InProgress,61,1,60,680,243,220,1,32,7,3:7|2:8,0,72,0,1237543983
gym-opening,tpa-order,112,InProgress,61,1,60,648,230,260,1,25,2,3:2,0,51,1,3436216563
gym-opening,tpa-order,113,InProgress,61,1,60,1080,441,386,2,22,13,3:13|1:12,0,109,0,1497360636
gym-opening,tpa-order,114,Defeat,16,0,16,256,50,0,5,78,-1,,0,41,1,3066324477
gym-opening,tpa-order,115,Defeat,18,0,18,352,90,0,3,63,13,3:13,0,37,0,4222766219
gym-opening,tpa-order,116,Victory,32,0,32,624,211,544,0,19,2,1:2|2:7,0,20,0,4087657485
gym-opening,tpa-order,117,Victory,46,0,46,832,287,412,0,25,2,3:2|2:12,0,27,0,3098985268
gym-opening,tpa-order,118,Victory,52,0,52,960,371,399,0,20,7,3:7|2:7,0,79,0,95280588
gym-opening,tpa-order,119,Victory,50,0,50,520,150,179,0,43,7,2:7,0,35,0,525266137
gym-opening,tpa-order,120,Victory,51,0,51,1256,571,643,0,16,8,3:8|2:7|1:7,0,26,0,2442138921
gym-opening,tpa-order,121,InProgress,61,1,60,1064,435,497,1,26,7,3:7|1:7,0,71,1,1339441562
gym-opening,tpa-order,122,Victory,41,0,41,464,117,94,0,41,2,1:2,0,45,0,1867404329
gym-opening,tpa-order,123,Defeat,15,0,15,320,69,0,3,70,2,1:2|3:8,0,37,1,3690171573
gym-opening,tpa-order,124,Victory,26,0,26,648,241,772,0,17,7,2:7|1:7|3:12,0,18,0,4242241900
gym-opening,tpa-order,125,Victory,37,0,37,688,233,430,0,29,2,3:2|1:7,0,30,0,1091258094
gym-opening,tpa-order,126,InProgress,61,1,60,656,227,215,1,39,13,3:13,0,77,0,3939901681
gym-opening,tpa-order,127,InProgress,61,1,60,616,193,329,1,33,2,3:2|2:2,0,53,1,3388401452
gym-opening,tpa-order,128,Victory,34,0,34,1088,397,771,0,19,7,3:7|1:8|2:7|4:12,0,24,0,1353417919
gym-opening,tpa-order,129,InProgress,61,1,60,656,225,275,1,35,2,3:2|2:7,0,56,0,3089651017
gym-opening,tpa-order,130,InProgress,61,1,60,680,196,235,2,31,7,3:7,0,52,1,2165151940
gym-opening,tpa-order,131,Defeat,15,0,15,304,69,0,4,65,13,1:13|3:2,0,33,1,2404463536
gym-opening,tpa-order,132,Victory,46,0,46,552,133,197,0,55,7,2:7,0,52,0,160939884
gym-opening,tpa-order,133,Victory,57,0,57,664,247,41,0,33,2,1:2|2:8,0,53,0,809252988
gym-opening,tpa-order,134,InProgress,61,1,60,1032,444,621,1,10,7,3:7|2:8,0,37,1,2677825289
gym-opening,tpa-order,135,InProgress,61,1,60,1032,400,653,1,21,7,2:7|3:7,0,52,0,3234109818
gym-opening,tpa-order,136,InProgress,61,1,60,1504,641,790,1,17,13,4:13|1:8|2:8|3:8,0,107,0,649904848
gym-opening,tpa-order,137,Defeat,17,0,17,312,51,0,2,71,2,3:2|2:12,0,31,0,4218374124
gym-opening,tpa-order,138,Victory,45,0,45,792,276,492,0,22,13,3:13|2:7,0,35,0,629005534
gym-opening,tpa-order,139,InProgress,61,1,60,632,224,365,2,31,-1,,0,38,2,3853755527
gym-opening,tpa-order,140,InProgress,61,1,60,624,259,359,2,37,8,2:8,0,72,1,3908724365
gym-opening,tpa-order,141,Victory,40,0,40,552,146,68,0,46,2,3:2|2:12,0,52,0,924207185
gym-opening,tpa-order,142,InProgress,61,1,60,1072,392,398,1,23,7,3:7|1:2,0,54,0,702743715
gym-opening,tpa-order,143,Defeat,15,0,15,240,56,0,4,80,-1,,0,39,2,1764363882
gym-opening,tpa-order,144,Victory,36,0,36,1152,466,859,0,15,2,1:2|4:7|2:8|3:7,0,19,0,3188372919
gym-opening,tpa-order,145,Defeat,12,0,12,224,48,0,4,78,-1,,0,32,2,3358704169
gym-opening,tpa-order,146,Victory,42,0,42,1056,423,840,0,18,7,1:7|2:7|3:12,0,41,0,2122923381
gym-opening,tpa-order,147,Victory,53,0,53,976,331,535,0,21,8,3:8|2:7,0,18,0,763288316
gym-opening,tpa-order,148,InProgress,61,1,60,648,185,225,1,43,13,3:13,0,136,0,2696902096
gym-opening,tpa-order,149,InProgress,61,1,60,1040,403,570,1,13,7,2:7|3:2,0,59,0,3643206547
gym-opening,tpa-order,150,InProgress,61,1,60,1056,393,552,2,15,7,3:7|2:7,0,37,1,3727101637
gym-opening,tpa-order,151,Defeat,25,0,25,440,114,0,5,47,13,3:13|4:12|2:7,0,96,0,2436561600
gym-opening,tpa-order,152,Victory,35,0,35,880,317,706,0,30,2,3:2|2:13|1:7,0,46,0,710147365
gym-opening,tpa-order,153,Defeat,16,0,16,320,69,0,3,77,12,1:12|2:2,0,42,1,766437525
gym-opening,tpa-order,154,Defeat,11,0,11,216,44,0,5,81,2,3:2,0,24,2,3819676609
gym-opening,tpa-order,155,InProgress,61,1,60,616,225,405,2,28,2,2:2,0,47,1,3449014579
gym-opening,tpa-order,156,Defeat,10,0,10,176,38,0,7,122,-1,,0,29,2,1168642514
gym-opening,tpa-order,157,Victory,16,0,16,344,71,248,0,58,13,3:13,0,35,0,3920404529
gym-opening,tpa-order,158,InProgress,61,1,60,632,253,432,2,30,12,3:12|2:8,0,35,1,1403288173
gym-opening,tpa-order,159,Victory,30,0,30,560,173,340,0,28,8,3:8|2:7,0,26,0,1198973785
gym-opening,tpa-order,160,Victory,44,0,44,584,170,180,0,30,7,3:7,0,41,0,2022258671
gym-opening,tpa-order,161,InProgress,61,1,60,1048,409,474,1,16,7,3:7|1:8,0,52,0,4080910272
gym-opening,tpa-order,162,Victory,55,0,55,704,223,170,0,30,2,1:2|3:12,0,71,0,4105871892
gym-opening,tpa-order,163,InProgress,61,1,60,1104,405,534,1,15,2,2:2|3:7,0,61,0,3415564951
gym-opening,tpa-order,164,Defeat,12,0,12,240,45,0,4,83,13,3:13,0,33,1,587952801
gym-opening,tpa-order,165,InProgress,61,1,60,656,233,250,1,28,2,3:2,0,60,0,2643899483
gym-opening,tpa-order,166,Defeat,18,0,18,344,80,0,3,62,2,3:2|2:2,0,28,1,2843231997
gym-opening,tpa-order,167,InProgress,61,1,60,1488,648,850,1,11,7,1:7|2:7|3:12,0,36,0,1366756948
gym-opening,tpa-order,168,Victory,35,0,35,680,251,617,0,20,7,1:7|3:7|2:12,0,20,0,510858496
gym-opening,tpa-order,169,Victory,50,0,50,632,173,230,0,39,7,2:7|3:7,0,100,0,2096541301
gym-opening,tpa-order,170,Victory,55,0,55,1376,568,729,0,9,7,1:7|3:12|2:7,0,68,0,4061419494
gym-opening,tpa-order,171,Defeat,19,0,19,344,60,0,2,76,7,3:7|2:2,0,53,0,2142463843
gym-opening,tpa-order,172,Victory,57,0,57,992,349,370,0,25,2,2:2|3:8,0,62,0,1610356092
gym-opening,tpa-order,173,Victory,44,0,44,816,256,342,0,28,7,1:7|3:12,0,28,0,4101984526
gym-opening,tpa-order,174,InProgress,61,1,60,1024,409,534,1,19,12,2:12|3:12,0,80,0,2839122062
gym-opening,tpa-order,175,Defeat,16,0,16,320,68,0,4,77,-1,,0,43,2,15105579
gym-opening,tpa-order,176,InProgress,61,1,60,688,225,210,2,26,2,2:2|1:12|3:8,0,108,0,725525817
gym-opening,tpa-order,177,InProgress,61,1,60,680,229,210,1,31,2,1:2|3:8,0,51,0,1875640206
gym-opening,tpa-order,178,InProgress,61,1,60,1488,657,883,1,10,7,3:7|2:7|1:7,0,55,0,2459250612
gym-opening,tpa-order,179,Victory,38,0,38,936,315,665,0,16,2,1:2|2:8|3:7,0,52,0,969328456
gym-opening,tpa-order,180,InProgress,61,1,60,648,238,210,2,33,2,3:2,0,73,1,3428653780
gym-opening,tpa-order,181,Defeat,11,0,11,232,47,0,4,86,-1,,0,22,2,1448470706
gym-opening,tpa-order,182,Victory,38,0,38,488,124,180,0,52,8,1:8|3:12,0,38,0,2974394855
gym-opening,tpa-order,183,Defeat,23,0,23,352,65,0,3,56,2,2:2,0,44,2,2340565588
gym-opening,tpa-order,184,Defeat,20,0,20,296,53,0,3,75,2,3:2,0,60,1,4147549149
gym-opening,tpa-order,185,InProgress,61,1,60,656,226,275,2,36,8,3:8,0,82,1,1993843812
gym-opening,tpa-order,186,InProgress,61,1,60,1088,444,535,2,12,13,3:13|2:7,0,92,0,1244977860
gym-opening,tpa-order,187,Defeat,11,0,11,224,54,0,5,121,-1,,0,28,2,1334985018
gym-opening,tpa-order,188,InProgress,61,1,60,752,227,222,2,28,2,3:2|2:12,0,86,0,35948000
gym-opening,tpa-order,189,Victory,23,0,23,736,257,864,0,29,8,3:8,0,21,0,2453658195
gym-opening,tpa-order,190,Victory,47,0,47,1176,468,553,0,14,2,1:2|2:8|3:13,0,66,0,2212065657
gym-opening,tpa-order,191,Victory,44,0,44,840,271,411,0,27,7,3:7|4:12,0,43,0,1779394607
gym-opening,tpa-order,192,InProgress,61,1,60,688,223,393,1,34,2,3:2|2:2,0,86,0,161006698
gym-opening,tpa-order,193,InProgress,61,1,60,664,226,300,2,43,13,3:13,0,80,1,2528593905
gym-opening,tpa-order,194,Defeat,12,0,12,208,41,0,4,84,2,2:2,0,21,2,4137097519
gym-opening,tpa-order,195,InProgress,61,1,60,656,218,170,1,25,8,3:8,0,35,1,3110128132
gym-opening,tpa-order,196,Defeat,13,0,13,248,59,0,5,67,2,1:2,0,44,2,333713304
gym-opening,tpa-order,197,Defeat,21,0,21,352,73,0,2,65,2,2:2|3:13,0,47,1,3816300198
gym-opening,tpa-order,198,Defeat,14,0,14,272,53,0,3,76,-1,,0,21,2,3537011421
gym-opening,tpa-order,199,Victory,41,0,41,952,340,378,0,25,13,2:13|3:7|1:8,0,66,0,1506318357
gym-opening,tpa-order,200,Victory,27,0,27,688,231,482,0,31,7,4:7|2:12,0,26,0,2350819050
gym-opening,control-hold,1,Defeat,16,0,16,280,48,0,2,82,2,1:2,0,45,1,2977539822
gym-opening,control-hold,2,Victory,42,0,42,848,282,395,0,26,7,4:7|1:8|3:7,0,55,0,208977579
gym-opening,control-hold,3,InProgress,61,1,60,744,243,235,2,27,2,1:2|3:2,0,51,1,89935059
gym-opening,control-hold,4,Defeat,15,0,15,296,52,0,3,75,2,1:2|3:7,0,40,2,3802131464
gym-opening,control-hold,5,Victory,35,0,35,880,318,661,0,25,8,3:8|2:7|1:7,0,42,0,2425923741
gym-opening,control-hold,6,Victory,59,0,59,696,200,200,0,39,7,3:7,0,79,0,3280271431
gym-opening,control-hold,7,Defeat,52,0,52,624,197,0,2,39,2,3:2,0,64,1,1787645082
gym-opening,control-hold,8,Defeat,10,0,10,208,20,0,4,100,-1,,0,26,2,3173705036
gym-opening,control-hold,9,InProgress,61,1,60,632,173,220,1,43,7,3:7,0,61,0,1528033886
gym-opening,control-hold,10,Victory,32,0,32,1024,379,918,0,22,2,4:2|1:8|2:12,0,17,0,3157279479
gym-opening,control-hold,11,Victory,39,0,39,968,380,595,0,19,2,2:2|1:2|3:13,0,37,0,2901185392
gym-opening,control-hold,12,InProgress,61,1,60,600,209,230,2,41,7,3:7,0,86,1,3824935208
gym-opening,control-hold,13,InProgress,61,1,60,608,240,280,1,28,7,3:7,0,18,1,1815613813
gym-opening,control-hold,14,Defeat,34,0,34,432,104,0,2,64,2,1:2|3:2,0,89,0,3697855760
gym-opening,control-hold,15,InProgress,61,1,60,1096,401,560,1,18,7,2:7|3:8,0,42,0,3691502537
gym-opening,control-hold,16,Defeat,46,0,46,720,162,0,2,37,12,3:12|2:2,0,110,0,3833927096
gym-opening,control-hold,17,InProgress,61,1,60,688,146,210,2,41,13,1:13|3:2,0,120,0,1571585971
gym-opening,control-hold,18,Defeat,13,0,13,304,66,0,6,102,-1,,0,35,2,2943137039
gym-opening,control-hold,19,Defeat,15,0,15,288,55,0,5,83,2,3:2,0,55,2,807360289
gym-opening,control-hold,20,Victory,22,0,22,680,222,769,0,25,12,1:12|3:7|4:8,0,13,0,3032545265
gym-opening,control-hold,21,Defeat,11,0,11,232,37,0,4,93,12,3:12,0,28,1,3105019999
gym-opening,control-hold,22,Defeat,28,0,28,464,95,0,2,50,2,3:2,0,66,0,1629156858
gym-opening,control-hold,23,InProgress,61,1,60,1072,435,373,1,20,2,1:2|3:13,0,100,0,840026228
gym-opening,control-hold,24,InProgress,61,1,60,1080,415,567,1,17,8,2:8|3:12,0,33,0,2315436486
gym-opening,control-hold,25,Victory,29,0,29,928,303,805,0,21,12,3:12|2:7|4:8|1:7,0,29,0,1593994725
gym-opening,control-hold,26,Defeat,14,0,14,312,59,0,5,82,-1,,0,31,2,1290942654
gym-opening,control-hold,27,Defeat,18,0,18,312,59,0,3,84,2,3:2,0,32,1,3508997266
gym-opening,control-hold,28,Defeat,15,0,15,320,49,0,3,92,7,1:7|3:13,0,33,1,1723160594
gym-opening,control-hold,29,Victory,37,0,37,720,212,341,0,33,12,1:12|3:7,0,55,0,503433675
gym-opening,control-hold,30,Victory,27,0,27,672,221,714,0,20,2,1:2|3:2|2:7,0,24,0,3367710632
gym-opening,control-hold,31,InProgress,61,1,60,720,199,235,1,38,2,1:2|3:2,0,91,1,3749258834
gym-opening,control-hold,32,Victory,55,0,55,960,372,557,0,27,7,2:7|3:12,0,49,0,962820491
gym-opening,control-hold,33,InProgress,61,1,60,640,158,220,2,32,12,3:12,0,105,0,1457695449
gym-opening,control-hold,34,InProgress,61,1,60,624,215,340,1,35,2,2:2,0,31,0,1252233585
gym-opening,control-hold,35,InProgress,61,1,60,776,190,220,2,36,7,3:7,0,95,1,84721475
gym-opening,control-hold,36,Victory,48,0,48,904,298,560,0,21,13,3:13|2:2,0,50,0,3267673330
gym-opening,control-hold,37,Defeat,14,0,14,296,65,0,3,72,13,3:13,0,36,0,2259097389
gym-opening,control-hold,38,InProgress,61,1,60,664,171,225,2,37,2,2:2|3:8,0,124,0,2843951710
gym-opening,control-hold,39,Victory,32,0,32,1024,389,816,0,18,7,1:7|3:7|2:7|4:12,0,26,0,3449361007
gym-opening,control-hold,40,Defeat,14,0,14,264,37,0,5,103,2,2:2,0,33,2,2244769922
gym-opening,control-hold,41,Defeat,17,0,17,256,53,0,3,68,2,3:2,0,54,0,2632343652
gym-opening,control-hold,42,InProgress,61,1,60,704,211,220,1,55,2,2:2|3:2,0,64,0,3912850469
gym-opening,control-hold,43,InProgress,61,1,60,632,227,162,2,37,2,1:2,0,66,1,741513857
gym-opening,control-hold,44,Defeat,22,0,22,360,69,0,4,71,2,1:2,0,57,1,2807374208
gym-opening,control-hold,45,Victory,49,0,49,640,168,210,0,37,2,1:2|3:7,0,46,0,1182528811
gym-opening,control-hold,46,Defeat,11,0,11,240,44,0,4,110,-1,,0,29,2,2978673988
gym-opening,control-hold,47,InProgress,61,1,60,824,253,260,2,33,2,3:2|4:13,0,78,1,1139521499
gym-opening,control-hold,48,InProgress,61,1,60,824,329,300,2,29,2,3:2|2:7,0,77,0,4150197350
gym-opening,control-hold,49,InProgress,61,1,60,680,214,280,2,31,13,1:13|3:13,0,61,0,570200003
gym-opening,control-hold,50,InProgress,61,1,60,1048,375,639,2,24,7,3:7|2:12,0,88,1,2430825786
gym-opening,control-hold,51,InProgress,61,1,60,640,187,230,1,36,2,2:2,0,63,1,2246796759
gym-opening,control-hold,52,Defeat,17,0,17,368,72,0,2,69,7,3:7,0,37,0,1689511865
gym-opening,control-hold,53,Defeat,16,0,16,328,61,0,4,114,2,3:2,0,51,1,2297933940
gym-opening,control-hold,54,Victory,27,0,27,720,214,569,0,27,2,1:2|3:7|2:13,0,21,0,4213366245
gym-opening,control-hold,55,Victory,30,0,30,768,249,686,0,30,2,1:2|4:2|2:7,0,29,0,180185971
gym-opening,control-hold,56,Victory,31,0,31,776,279,520,0,26,7,3:7|2:7|1:2,0,28,0,1922648661
gym-opening,control-hold,57,Victory,28,0,28,640,167,414,0,33,2,3:2|1:7,0,27,0,3741188395
gym-opening,control-hold,58,Defeat,18,0,18,304,62,0,4,100,8,3:8,0,70,0,1043746931
gym-opening,control-hold,59,InProgress,61,1,60,1072,378,580,1,20,2,3:2|2:7,0,63,0,349094105
gym-opening,control-hold,60,Defeat,16,0,16,304,63,0,3,63,2,3:2,0,40,2,4056094263
gym-opening,control-hold,61,Victory,51,0,51,1256,482,703,0,16,7,3:7|2:7,0,49,0,830309684
gym-opening,control-hold,62,Victory,34,0,34,1088,355,763,0,21,2,3:2|2:2|1:2|4:8,0,21,0,2500434152
gym-opening,control-hold,63,Defeat,18,0,18,344,60,0,2,60,2,3:2,0,42,0,2526892381
gym-opening,control-hold,64,Defeat,14,0,14,288,45,0,5,80,2,3:2,0,30,1,4192468176
gym-opening,control-hold,65,InProgress,61,1,60,1080,398,405,1,14,7,3:7|4:7,0,41,0,2728746431
gym-opening,control-hold,66,InProgress,61,1,60,640,93,295,2,38,2,3:2,0,77,1,790818662
gym-opening,control-hold,67,Defeat,10,0,10,216,40,0,6,122,-1,,0,28,2,2173369737
gym-opening,control-hold,68,InProgress,61,1,60,1040,421,577,2,20,2,2:2|3:2,0,72,1,940878148
gym-opening,control-hold,69,Victory,29,0,29,560,113,497,0,34,7,3:7|2:7,0,34,0,1071936571
gym-opening,control-hold,70,Defeat,12,0,12,232,32,0,5,89,2,3:2,0,36,1,3104162472
gym-opening,control-hold,71,Defeat,30,0,30,432,104,0,2,51,2,1:2|3:2,0,67,2,735335142
gym-opening,control-hold,72,Defeat,19,0,19,400,51,0,3,54,-1,,0,36,1,678462682
gym-opening,control-hold,73,InProgress,61,1,60,1064,431,496,2,16,13,2:13|3:8,0,73,0,3441357658
gym-opening,control-hold,74,InProgress,61,1,60,664,187,215,1,40,13,3:13,0,139,0,3769340842
gym-opening,control-hold,75,Defeat,15,0,15,248,47,0,4,93,-1,,0,37,2,4008427601
gym-opening,control-hold,76,Victory,17,0,17,544,107,856,0,29,8,1:8|2:13|4:13,0,25,0,304215240
gym-opening,control-hold,77,Defeat,11,0,11,192,34,0,7,104,2,2:2,0,32,3,2070460902
gym-opening,control-hold,78,Defeat,15,0,15,272,42,0,3,105,2,3:2,0,38,0,4173498670
gym-opening,control-hold,79,Victory,58,0,58,632,142,225,0,37,2,3:2,0,109,0,2570774673
gym-opening,control-hold,80,Defeat,29,0,29,416,123,0,2,57,8,1:8,0,33,1,1747277339
gym-opening,control-hold,81,Defeat,7,0,7,176,22,0,6,136,-1,,0,18,2,715509000
gym-opening,control-hold,82,InProgress,61,1,60,848,286,301,2,29,8,4:8|2:7,0,62,1,2747312728
gym-opening,control-hold,83,Victory,43,0,43,768,259,462,0,44,2,3:2|2:7,0,54,0,3593024699
gym-opening,control-hold,84,Victory,25,0,25,472,104,287,0,50,7,3:7|1:2,0,32,0,739415861
gym-opening,control-hold,85,Victory,25,0,25,536,113,403,0,52,2,3:2|1:2,0,36,0,3666395498
gym-opening,control-hold,86,InProgress,61,1,60,672,166,230,2,36,2,3:2,0,88,1,1999036124
gym-opening,control-hold,87,Defeat,14,0,14,240,38,0,4,93,-1,,0,25,2,3066156488
gym-opening,control-hold,88,Defeat,22,0,22,384,71,0,3,58,8,1:8|3:2,0,61,1,2435798290
gym-opening,control-hold,89,Victory,40,0,40,720,214,351,0,35,8,3:8|1:7,0,84,0,4219191719
gym-opening,control-hold,90,Victory,31,0,31,656,175,183,0,45,2,1:2|4:7,0,32,0,2230345890
gym-opening,control-hold,91,Victory,37,0,37,464,103,80,0,63,2,3:2,0,61,0,1095734529
gym-opening,control-hold,92,Defeat,11,0,11,256,37,0,4,87,-1,,0,22,2,26986769
gym-opening,control-hold,93,InProgress,61,1,60,688,224,220,1,41,8,3:8,0,73,1,1321904170
gym-opening,control-hold,94,Defeat,12,0,12,248,44,0,4,103,2,2:2|3:2,0,25,2,3869186894
gym-opening,control-hold,95,InProgress,61,1,60,1088,405,365,1,30,2,3:2|1:7,0,56,1,965927743
gym-opening,control-hold,96,Defeat,14,0,14,272,51,0,6,105,2,3:2,0,45,1,505689458
gym-opening,control-hold,97,Defeat,16,0,16,272,59,0,2,79,2,3:2,0,42,0,3699348888
gym-opening,control-hold,98,Defeat,12,0,12,280,46,0,4,80,13,3:13,0,28,1,1878759073
gym-opening,control-hold,99,Defeat,16,0,16,296,31,0,1,97,2,3:2,0,33,0,584235176
gym-opening,control-hold,100,Defeat,16,0,16,272,43,0,4,85,2,2:2,0,43,1,2277739286
gym-opening,control-hold,101,Victory,45,0,45,848,267,381,0,34,7,3:7|1:2,0,69,0,500915548
gym-opening,control-hold,102,Defeat,14,0,14,288,53,0,5,83,8,3:8,0,41,1,817617392
gym-opening,control-hold,103,Victory,43,0,43,512,143,225,0,50,2,1:2|3:8,0,60,0,866150831
gym-opening,control-hold,104,Defeat,11,0,11,200,36,0,5,116,-1,,0,34,2,2806580880
gym-opening,control-hold,105,InProgress,61,1,60,640,221,324,2,32,8,2:8,0,22,1,2662049639
gym-opening,control-hold,106,Defeat,14,0,14,264,56,0,3,78,7,3:7,0,31,1,2026055376
gym-opening,control-hold,107,Victory,47,0,47,1152,474,811,0,26,2,2:2|3:7|1:7,0,36,0,781303578
gym-opening,control-hold,108,Defeat,10,0,10,200,41,0,6,112,-1,,0,27,2,3347425490
gym-opening,control-hold,109,InProgress,61,1,60,672,187,220,2,36,13,2:13|3:7,0,102,0,384991289
gym-opening,control-hold,110,Defeat,10,0,10,248,41,0,5,129,13,2:13,0,22,1,819796551
gym-opening,control-hold,111,InProgress,61,1,60,1112,409,544,1,20,8,2:8|3:7,0,59,1,1585717478
gym-opening,control-hold,112,Defeat,16,0,16,272,69,0,6,73,-1,,0,48,2,3911405799
gym-opening,control-hold,113,InProgress,61,1,60,696,228,210,1,34,8,1:8|3:13,0,69,0,3777198944
gym-opening,control-hold,114,Defeat,26,0,26,424,96,0,4,47,7,1:7|3:2,0,67,1,776307011
gym-opening,control-hold,115,Victory,27,0,27,552,122,357,0,50,7,1:7|3:2,0,38,0,3500292994
gym-opening,control-hold,116,InProgress,61,1,60,1104,436,649,2,21,2,3:2|2:7,0,71,1,1507071135
gym-opening,control-hold,117,Defeat,19,0,19,296,54,0,5,100,2,3:2,0,63,1,293238122
gym-opening,control-hold,118,InProgress,61,1,60,696,256,220,2,31,13,3:13,0,111,0,126597295
gym-opening,control-hold,119,Defeat,11,0,11,200,35,0,4,92,-1,,0,31,2,2192301227
gym-opening,control-hold,120,Defeat,13,0,13,280,54,0,5,77,12,3:12,0,35,0,354215907
gym-opening,control-hold,121,Defeat,13,0,13,248,69,0,7,103,2,3:2,0,55,2,2319132473
gym-opening,control-hold,122,InProgress,61,1,60,680,198,225,1,34,12,3:12,0,77,0,2780626025
gym-opening,control-hold,123,Victory,18,0,18,456,104,523,0,35,7,3:7|4:13|2:12,0,27,0,511580187
gym-opening,control-hold,124,InProgress,61,1,60,1024,401,675,1,14,2,3:2,0,30,0,1806185067
gym-opening,control-hold,125,Defeat,13,0,13,232,49,0,5,89,2,3:2,0,38,2,3389439926
gym-opening,control-hold,126,Defeat,19,0,19,344,52,0,4,83,2,2:2,0,52,1,1884125147
gym-opening,control-hold,127,Victory,56,0,56,1208,468,591,0,13,2,1:2|3:2|2:7,0,37,0,1293289892
gym-opening,control-hold,128,InProgress,61,1,60,1560,678,716,1,14,2,1:2|4:12|3:8|2:7,0,97,0,3603804194
gym-opening,control-hold,129,Victory,39,0,39,488,98,10,0,72,12,3:12,0,104,0,4165834325
gym-opening,control-hold,130,Victory,53,0,53,984,371,302,0,30,7,3:7|1:8,0,96,0,120541745
gym-opening,control-hold,131,InProgress,61,1,60,1088,374,629,1,25,2,3:2|2:7,0,74,0,2581158258
gym-opening,control-hold,132,InProgress,61,1,60,1104,439,408,2,25,2,1:2|3:8,0,51,1,2464005161
gym-opening,control-hold,133,InProgress,61,1,60,1064,429,695,1,15,8,3:8|2:7,0,38,0,3412934966
gym-opening,control-hold,134,InProgress,61,1,60,688,243,265,1,29,2,3:2,0,85,0,925741808
gym-opening,control-hold,135,InProgress,61,1,60,1032,422,665,1,12,7,3:7,0,46,0,3276689026
gym-opening,control-hold,136,InProgress,61,1,60,1280,556,725,1,7,7,3:7|1:8,0,46,0,2477508153
gym-opening,control-hold,137,Defeat,29,0,29,480,90,0,1,58,2,3:2|1:7,0,62,0,3386524961
gym-opening,control-hold,138,Defeat,14,0,14,272,53,0,5,88,12,3:12,0,47,1,998280172
gym-opening,control-hold,139,Victory,35,0,35,768,239,580,0,21,2,3:2|1:7|2:7,0,29,0,3211004707
gym-opening,control-hold,140,InProgress,61,1,60,1344,552,332,1,15,2,3:2|1:7|4:7,0,55,0,3269604571
gym-opening,control-hold,141,Victory,38,0,38,1024,365,738,0,19,7,4:7|2:8|1:7|3:7,0,32,0,3832490572
gym-opening,control-hold,142,Defeat,15,0,15,336,59,0,3,97,2,1:2|3:2,0,39,2,234994219
gym-opening,control-hold,143,Defeat,15,0,15,264,45,0,5,81,2,2:2,0,37,2,1424598545
gym-opening,control-hold,144,Defeat,19,0,19,328,72,0,5,68,2,2:2|3:8,0,46,1,3400692319
gym-opening,control-hold,145,InProgress,61,1,60,640,250,255,2,27,7,3:7,0,76,1,3927201927
gym-opening,control-hold,146,Defeat,21,0,21,344,66,0,4,65,-1,,0,51,2,2394347278
gym-opening,control-hold,147,InProgress,61,1,60,1056,359,630,2,30,12,3:12|2:12,0,122,0,1716724761
gym-opening,control-hold,148,Defeat,14,0,14,272,54,0,4,94,2,1:2,0,41,1,2561145091
gym-opening,control-hold,149,Victory,42,0,42,512,161,97,0,51,8,1:8,0,24,0,1771278837
gym-opening,control-hold,150,Victory,23,0,23,624,143,575,0,29,8,3:8|1:7|2:12,0,19,0,1264568891
gym-opening,control-hold,151,Victory,41,0,41,720,213,398,0,31,2,2:2|3:8,0,38,0,334768203
gym-opening,control-hold,152,Defeat,16,0,16,336,68,0,4,78,7,1:7,0,36,1,2393794491
gym-opening,control-hold,153,InProgress,61,1,60,656,174,230,1,40,7,3:7,0,59,1,3240307375
gym-opening,control-hold,154,Defeat,14,0,14,256,40,0,6,96,8,3:8,0,50,1,922325855
gym-opening,control-hold,155,Victory,53,0,53,936,370,382,0,25,7,3:7|1:8,0,54,0,1671333876
gym-opening,control-hold,156,Defeat,17,0,17,320,62,0,4,82,2,1:2,0,44,2,2427423658
gym-opening,control-hold,157,InProgress,61,1,60,1040,366,533,1,26,2,2:2|3:2,0,89,0,1585628223
gym-opening,control-hold,158,Defeat,18,0,18,344,77,0,2,74,13,3:13,0,56,0,3894427354
gym-opening,control-hold,159,InProgress,61,1,60,656,184,260,2,34,2,3:2,0,103,1,3100690154
gym-opening,control-hold,160,Victory,38,0,38,728,237,398,0,27,7,3:7|2:7,0,37,0,482752825
gym-opening,control-hold,161,Defeat,13,0,13,232,56,0,5,110,2,2:2,0,33,2,2149907639
gym-opening,control-hold,162,Defeat,10,0,10,208,35,0,5,107,-1,,0,21,2,2964943693
gym-opening,control-hold,163,InProgress,61,1,60,688,225,131,1,37,2,1:2|3:2,0,73,0,1602380659
gym-opening,control-hold,164,Defeat,15,0,15,328,64,0,3,70,2,1:2|3:12,0,48,0,1459947653
gym-opening,control-hold,165,InProgress,61,1,60,648,122,15,2,48,2,3:2,0,156,0,2251578482
gym-opening,control-hold,166,Defeat,21,0,21,384,69,0,4,68,7,3:7|2:12,0,58,0,1952984370
gym-opening,control-hold,167,InProgress,61,1,60,1512,615,853,1,14,8,2:8|3:7,0,51,0,1348506728
gym-opening,control-hold,168,InProgress,61,1,60,680,223,230,2,36,7,3:7,0,62,1,2573778570
gym-opening,control-hold,169,Defeat,14,0,14,256,55,0,5,90,2,2:2,0,39,2,3573140023
gym-opening,control-hold,170,InProgress,61,1,60,696,273,230,2,19,7,3:7,0,34,1,3155847258
gym-opening,control-hold,171,InProgress,61,1,60,1328,573,446,2,20,2,1:2|3:7|4:13,0,120,0,1647816331
gym-opening,control-hold,172,Victory,44,0,44,808,278,265,0,31,7,3:7|1:2,0,40,0,889657223
gym-opening,control-hold,173,Defeat,16,0,16,272,56,0,4,82,12,3:12,0,36,1,1365096859
gym-opening,control-hold,174,InProgress,61,1,60,624,262,423,2,28,-1,,0,28,2,1254952553
gym-opening,control-hold,175,Defeat,14,0,14,272,37,0,6,100,-1,,0,44,2,2498386951
gym-opening,control-hold,176,InProgress,61,1,60,1480,603,680,1,17,2,2:2|3:7|1:7,0,51,0,3957845409
gym-opening,control-hold,177,InProgress,61,1,60,816,214,250,2,21,2,2:2|3:7,0,74,1,3966264727
gym-opening,control-hold,178,Victory,51,0,51,632,181,200,0,34,2,2:2|1:8,0,48,0,2842192508
gym-opening,control-hold,179,Victory,24,0,24,360,59,100,0,66,2,3:2|2:2,0,48,0,3205917544
gym-opening,control-hold,180,InProgress,61,1,60,664,252,220,2,46,2,3:2,0,88,1,3025522801
gym-opening,control-hold,181,Defeat,16,0,16,272,56,0,4,70,2,3:2,0,36,2,699792589
gym-opening,control-hold,182,Defeat,8,0,8,176,25,0,7,122,-1,,0,21,2,1852641522
gym-opening,control-hold,183,InProgress,61,1,60,672,193,210,2,35,8,3:8,0,79,0,932962766
gym-opening,control-hold,184,Defeat,10,0,10,216,42,0,5,118,-1,,0,26,2,1783437441
gym-opening,control-hold,185,Defeat,14,0,14,272,63,0,4,100,-1,,0,34,2,991502080
gym-opening,control-hold,186,InProgress,61,1,60,1304,552,562,1,19,7,3:7|1:8|2:7,0,39,0,2840479999
gym-opening,control-hold,187,Defeat,25,0,25,432,78,0,4,66,13,1:13|3:2,0,76,2,2853352443
gym-opening,control-hold,188,Defeat,18,0,18,320,66,0,2,77,12,3:12|1:2,0,45,1,2003467760
gym-opening,control-hold,189,Defeat,18,0,18,416,67,0,3,82,2,2:2,0,37,2,242358796
gym-opening,control-hold,190,InProgress,61,1,60,728,240,230,1,38,2,1:2|3:2,0,89,0,883697466
gym-opening,control-hold,191,Defeat,26,0,26,440,104,0,3,45,2,1:2,0,51,2,2600683087
gym-opening,control-hold,192,Defeat,18,0,18,304,46,0,4,94,-1,,0,43,2,2770512793
gym-opening,control-hold,193,Victory,27,0,27,712,220,586,0,29,8,3:8|1:13,0,23,0,2896753387
gym-opening,control-hold,194,Defeat,14,0,14,328,80,0,4,58,8,4:8,0,33,2,2588384451
gym-opening,control-hold,195,Defeat,18,0,18,336,73,0,4,88,2,1:2,0,54,1,1525400864
gym-opening,control-hold,196,Defeat,21,0,21,312,56,0,5,46,7,3:7,0,63,1,312002250
gym-opening,control-hold,197,Victory,60,0,60,1216,437,413,0,25,2,2:2|3:7|1:7,0,88,0,4288090994
gym-opening,control-hold,198,Victory,59,0,59,1128,383,555,0,21,2,1:2|3:8|2:7,0,46,0,2663996135
gym-opening,control-hold,199,Defeat,18,0,18,320,62,0,4,67,2,2:2|3:12,0,48,0,1616432894
gym-opening,control-hold,200,Victory,60,0,60,1488,620,813,0,6,12,3:12|1:2|2:8,0,62,0,2656238925
gym-opening,charge,1,Defeat,10,0,10,184,21,0,3,108,12,4:12|3:8,0,16,2,17567323
gym-opening,charge,2,Defeat,7,0,7,144,20,0,4,116,12,4:12|3:13,0,11,2,4096163415
gym-opening,charge,3,Defeat,9,0,9,176,46,0,5,140,12,4:12|3:13|2:13,0,16,2,2540308783
gym-opening,charge,4,Defeat,8,0,8,152,36,0,4,115,12,3:12,0,12,1,3142354300
gym-opening,charge,5,Defeat,9,0,9,208,70,0,4,123,-1,,0,17,2,1751149776
gym-opening,charge,6,Defeat,8,0,8,160,24,0,4,120,12,4:12|3:12,0,14,2,1981931965
gym-opening,charge,7,Victory,16,0,16,336,107,4,0,71,7,3:7|1:2|2:7,0,17,0,3399177115
gym-opening,charge,8,Defeat,8,0,8,136,27,0,7,176,12,4:12,0,25,2,33023145
gym-opening,charge,9,Defeat,8,0,8,208,58,0,4,150,12,4:12|3:12|1:7,0,18,1,1517201896
gym-opening,charge,10,Victory,10,0,10,264,70,352,0,57,12,4:12|3:8|2:7|1:7,0,8,0,961170223
gym-opening,charge,11,Defeat,7,0,7,136,19,0,4,123,-1,,0,13,2,2199957824
gym-opening,charge,12,Defeat,9,0,9,176,28,0,3,113,12,4:12|3:13,0,17,1,3413714750
gym-opening,charge,13,Victory,13,0,13,336,117,148,0,52,7,2:7|4:8|1:7,0,5,0,964774084
gym-opening,charge,14,Defeat,14,0,14,232,43,0,2,82,12,4:12|3:12|2:7,0,14,1,954081860
gym-opening,charge,15,Defeat,8,0,8,136,24,0,6,164,-1,,0,21,2,862124405
gym-opening,charge,16,Defeat,8,0,8,152,30,0,4,147,8,3:8,0,15,1,2674737851
gym-opening,charge,17,Defeat,8,0,8,152,25,0,5,121,12,3:12,0,17,2,1166002036
gym-opening,charge,18,Defeat,10,0,10,184,56,0,4,104,-1,,0,21,2,3687587407
gym-opening,charge,19,Defeat,8,0,8,160,26,0,4,115,12,4:12|3:13,0,13,2,301566038
gym-opening,charge,20,Defeat,7,0,7,144,20,0,4,116,12,4:12|3:13,0,11,2,1506684899
gym-opening,charge,21,Victory,12,0,12,240,41,205,0,70,8,3:8|2:13,0,7,0,1843441706
gym-opening,charge,22,Defeat,12,0,12,184,40,0,5,108,12,3:12,0,43,1,1909074800
gym-opening,charge,23,Defeat,8,0,8,152,33,0,6,147,-1,,0,20,2,3649341384
gym-opening,charge,24,Defeat,8,0,8,144,25,0,5,133,-1,,0,16,2,3702183016
gym-opening,charge,25,Defeat,8,0,8,152,32,0,5,121,-1,,0,15,2,3449570390
gym-opening,charge,26,Defeat,12,0,12,184,34,0,3,100,-1,,0,14,2,1796339302
gym-opening,charge,27,Defeat,8,0,8,152,39,0,5,131,-1,,0,20,3,2823812196
gym-opening,charge,28,Defeat,12,0,12,264,100,0,4,100,2,1:2,0,30,2,307282822
gym-opening,charge,29,Defeat,11,0,11,240,63,0,3,126,12,4:12|3:13,0,23,1,2585394408
gym-opening,charge,30,Defeat,14,0,14,216,51,0,1,85,12,3:12|2:2,0,13,1,2097099211
gym-opening,charge,31,Defeat,8,0,8,144,32,0,5,122,-1,,0,14,2,218132647
gym-opening,charge,32,Defeat,13,0,13,208,38,0,2,84,12,3:12|2:7,0,11,1,1735699300
gym-opening,charge,33,Defeat,12,0,12,208,64,0,3,100,-1,,0,24,2,3193427610
gym-opening,charge,34,Defeat,6,0,6,128,18,0,5,150,8,3:8,0,12,1,3656163687
gym-opening,charge,35,Defeat,14,0,14,320,151,0,3,97,-1,,0,34,2,2067713622
gym-opening,charge,36,Defeat,10,0,10,176,24,0,3,104,-1,,0,12,2,1404828096
gym-opening,charge,37,Defeat,11,0,11,232,62,0,3,120,13,3:13,0,28,1,372934765
gym-opening,charge,38,Defeat,8,0,8,152,26,0,5,142,-1,,0,16,2,2143886282
gym-opening,charge,39,Defeat,8,0,8,152,22,0,3,121,-1,,0,12,2,1754835788
gym-opening,charge,40,Defeat,7,0,7,144,24,0,4,116,12,4:12|3:13,0,11,2,1574217247
gym-opening,charge,41,Victory,12,0,12,280,70,100,0,77,12,4:12|3:8|2:7|1:7,0,12,0,647641478
gym-opening,charge,42,Defeat,7,0,7,152,27,0,5,126,-1,,0,14,2,2160230182
gym-opening,charge,43,Defeat,8,0,8,144,20,0,5,133,12,4:12,0,20,2,2604012670
gym-opening,charge,44,Defeat,9,0,9,168,23,0,4,123,12,3:12,0,17,1,2028317489
gym-opening,charge,45,Defeat,8,0,8,160,26,0,3,140,8,3:8,0,15,1,1867459138
gym-opening,charge,46,Defeat,15,0,15,296,122,0,1,67,7,3:7|1:7,0,17,1,1628191867
gym-opening,charge,47,Defeat,13,0,13,216,43,0,2,92,12,4:12|3:8|2:2,0,18,1,508658401
gym-opening,charge,48,Defeat,13,0,13,200,29,0,2,104,7,2:7,0,18,1,126783264
gym-opening,charge,49,Defeat,9,0,9,168,23,0,3,95,8,3:8|2:7,0,11,2,4236558527
gym-opening,charge,50,Victory,10,0,10,304,85,355,0,52,8,3:8|2:7|1:7|4:7,0,5,0,3999710505
gym-opening,charge,51,Defeat,9,0,9,200,45,0,3,128,12,4:12|3:13,0,17,1,2304419547
gym-opening,charge,52,Defeat,9,0,9,200,59,0,5,112,12,4:12,0,24,2,1773479676
gym-opening,charge,53,Defeat,14,0,14,336,112,0,1,66,7,3:7|4:12|2:7|1:8,0,19,0,2446709207
gym-opening,charge,54,Defeat,8,0,8,192,43,0,4,112,13,3:13,0,12,1,555093441
gym-opening,charge,55,Victory,15,0,15,352,99,165,0,59,8,1:8|2:7|3:13,0,10,0,1191006083
gym-opening,charge,56,Defeat,9,0,9,168,46,0,4,109,12,3:12,0,17,2,1605395585
gym-opening,charge,57,Defeat,8,0,8,184,57,0,5,100,-1,,0,19,2,3612419256
gym-opening,charge,58,Defeat,9,0,9,168,35,0,6,147,12,3:12|1:2,0,36,1,3671274727
gym-opening,charge,59,Defeat,10,0,10,192,24,0,2,104,13,3:13,0,15,1,794169279
gym-opening,charge,60,Defeat,13,0,13,264,68,0,1,90,2,1:2|2:7,0,15,1,3954124214
gym-opening,charge,61,Defeat,14,0,14,256,38,0,1,84,8,3:8|2:7|4:8,0,12,0,4202697401
gym-opening,charge,62,Victory,11,0,11,224,52,26,0,114,12,3:12|2:7|1:7,0,20,0,2681641462
gym-opening,charge,63,Defeat,7,0,7,128,17,0,6,131,-1,,0,13,2,2931352030
gym-opening,charge,64,Defeat,9,0,9,176,30,0,3,159,8,3:8,0,17,1,1101664387
gym-opening,charge,65,Defeat,7,0,7,168,24,0,5,128,12,3:12,0,17,1,2660829087
gym-opening,charge,66,Defeat,7,0,7,144,30,0,5,127,-1,,0,8,2,4113720481
gym-opening,charge,67,Defeat,10,0,10,184,59,0,4,108,7,3:7,0,23,3,2800689650
gym-opening,charge,68,Defeat,12,0,12,208,32,0,2,111,13,4:13|3:8|2:7,0,14,1,1700869749
gym-opening,charge,69,Defeat,8,0,8,152,28,0,4,126,12,4:12|3:13,0,11,2,3867502328
gym-opening,charge,70,Defeat,9,0,9,144,18,0,5,122,12,4:12,0,15,2,3275601842
gym-opening,charge,71,Defeat,9,0,9,184,58,0,3,117,-1,,0,18,2,830767574
gym-opening,charge,72,Defeat,12,0,12,240,84,0,2,90,7,1:7,0,15,2,4262036589
gym-opening,charge,73,Defeat,14,0,14,288,117,0,3,100,7,2:7,0,36,1,178763441
gym-opening,charge,74,Defeat,8,0,8,144,43,0,7,127,-1,,0,21,3,659867574
gym-opening,charge,75,Defeat,7,0,7,120,37,0,7,153,12,3:12,0,21,2,3365223565
gym-opening,charge,76,Defeat,15,0,15,248,45,0,1,100,13,3:13|2:13,0,19,0,2523473570
gym-opening,charge,77,Defeat,10,0,10,208,53,0,4,130,13,4:13,0,16,2,421512963
gym-opening,charge,78,Defeat,7,0,7,144,28,0,4,133,12,3:12,0,15,1,3598824956
gym-opening,charge,79,Defeat,11,0,11,200,26,0,3,108,12,4:12,0,19,2,4067068369
gym-opening,charge,80,Defeat,14,0,14,296,104,0,1,70,8,3:8|2:7|1:7,0,13,1,3284991263
gym-opening,charge,81,Defeat,10,0,10,224,60,0,2,114,7,1:7,0,17,2,2615217737
gym-opening,charge,82,Defeat,7,0,7,144,20,0,5,116,12,4:12,0,13,2,1893654702
gym-opening,charge,83,Victory,12,0,12,272,64,95,0,85,8,3:8|1:7|2:8,0,15,0,2519476467
gym-opening,charge,84,Defeat,6,0,6,152,25,0,5,131,13,3:13,0,12,1,1394660841
gym-opening,charge,85,Defeat,9,0,9,152,27,0,5,121,-1,,0,19,2,2251471099
gym-opening,charge,86,Defeat,7,0,7,144,21,0,6,133,12,4:12,0,16,2,3787216346
gym-opening,charge,87,Victory,13,0,13,264,63,105,0,66,8,3:8|2:8,0,10,0,2165045489
gym-opening,charge,88,Defeat,12,0,12,192,31,0,2,100,12,4:12|3:13|2:7,0,10,1,1369453827
gym-opening,charge,89,Defeat,8,0,8,144,23,0,4,144,8,3:8,0,15,2,2949361659
gym-opening,charge,90,Defeat,8,0,8,160,23,0,4,115,13,3:13,0,14,2,3218172648
gym-opening,charge,91,Defeat,16,0,16,248,48,0,1,87,7,3:7|2:7,0,15,0,3077977464
gym-opening,charge,92,Defeat,7,0,7,144,19,0,4,116,12,4:12,0,11,2,1741811092
gym-opening,charge,93,Defeat,10,0,10,208,37,0,3,103,12,3:12,0,20,1,3970765698
gym-opening,charge,94,Defeat,8,0,8,152,23,0,5,142,-1,,0,22,1,3993111011
gym-opening,charge,95,Defeat,18,0,18,328,134,0,2,68,7,1:7,0,37,2,2091735631
gym-opening,charge,96,Defeat,7,0,7,144,25,0,4,116,12,4:12|3:13,0,11,2,3442074299
gym-opening,charge,97,Defeat,9,0,9,192,55,0,3,83,7,1:7,0,14,1,2767312781
gym-opening,charge,98,Defeat,8,0,8,152,29,0,3,121,12,4:12|3:13,0,12,2,2076594378
gym-opening,charge,99,Defeat,9,0,9,232,62,0,3,93,13,3:13,0,21,1,3939534331
gym-opening,charge,100,Defeat,8,0,8,152,29,0,5,126,-1,,0,16,1,2887488708
gym-opening,charge,101,Defeat,7,0,7,160,31,0,5,145,12,4:12|3:13,0,15,1,1543668259
gym-opening,charge,102,Defeat,7,0,7,144,21,0,4,133,13,4:13|3:8,0,11,1,1434891481
gym-opening,charge,103,Defeat,7,0,7,136,23,0,4,117,-1,,0,12,2,3966979285
gym-opening,charge,104,Defeat,9,0,9,176,61,0,5,140,-1,,0,18,3,2920438643
gym-opening,charge,105,Defeat,12,0,12,192,34,0,4,95,-1,,0,25,2,353588515
gym-opening,charge,106,Defeat,20,0,20,360,173,0,1,55,7,3:7|1:2,0,31,0,1262368279
gym-opening,charge,107,Defeat,8,0,8,176,35,0,4,109,12,3:12,0,12,2,1998156916
gym-opening,charge,108,Defeat,16,0,16,256,56,0,2,87,2,2:2,0,23,1,218581968
gym-opening,charge,109,Defeat,8,0,8,152,19,0,4,126,12,4:12,0,17,2,983442826
gym-opening,charge,110,Defeat,9,0,9,184,36,0,5,152,-1,,0,24,1,715115076
gym-opening,charge,111,Defeat,13,0,13,280,98,0,2,85,7,3:7|2:7|1:7,0,20,0,1670184531
gym-opening,charge,112,Defeat,8,0,8,160,23,0,3,115,12,4:12|3:13,0,13,2,3847375780
gym-opening,charge,113,Defeat,11,0,11,200,43,0,3,92,-1,,0,10,2,657729516
gym-opening,charge,114,Defeat,9,0,9,168,30,0,4,119,-1,,0,17,2,2489695344
gym-opening,charge,115,Defeat,13,0,13,216,49,0,1,77,13,3:13|2:7,0,12,0,3721757503
gym-opening,charge,116,Defeat,11,0,11,192,45,0,4,120,-1,,0,20,2,1734049366
gym-opening,charge,117,Defeat,8,0,8,160,28,0,5,130,-1,,0,19,1,664223397
gym-opening,charge,118,Defeat,12,0,12,208,70,0,3,103,-1,,0,24,2,1511102515
gym-opening,charge,119,Defeat,14,0,14,312,99,0,1,76,12,4:12|3:8|2:7|1:7,0,12,0,4264524383
gym-opening,charge,120,Defeat,7,0,7,184,39,0,6,126,13,3:13,0,14,2,4253429994
gym-opening,charge,121,Defeat,16,0,16,248,51,0,2,87,7,3:7|2:7,0,13,1,2717778074
gym-opening,charge,122,Defeat,10,0,10,208,25,0,2,123,8,3:8|4:8,0,15,1,4134035651
gym-opening,charge,123,Defeat,11,0,11,192,23,0,3,95,12,4:12,0,16,2,2630909167
gym-opening,charge,124,Defeat,9,0,9,168,57,0,4,104,-1,,0,20,3,4054455316
gym-opening,charge,125,Defeat,10,0,10,152,27,0,3,121,-1,,0,15,1,3600070448
gym-opening,charge,126,Defeat,11,0,11,208,26,0,2,103,12,4:12|3:12,0,17,1,994596234
gym-opening,charge,127,Defeat,8,0,8,176,57,0,6,145,12,4:12,0,25,2,3767755758
gym-opening,charge,128,Defeat,8,0,8,152,22,0,4,126,13,3:13,0,16,1,1126579136
gym-opening,charge,129,Defeat,7,0,7,144,17,0,4,116,12,4:12,0,13,2,3297428535
gym-opening,charge,130,Defeat,7,0,7,136,27,0,5,117,12,3:12,0,16,1,3221270325
gym-opening,charge,131,Defeat,8,0,8,152,25,0,4,126,12,4:12|3:13,0,12,2,3043744787
gym-opening,charge,132,Defeat,9,0,9,168,28,0,4,104,2,2:2|3:12,0,14,2,2381206111
gym-opening,charge,133,Defeat,10,0,10,184,37,0,2,108,8,3:8|2:7,0,15,1,1378457524
gym-opening,charge,134,Defeat,13,0,13,240,41,0,1,86,13,3:13|4:13|2:7,0,17,1,3030693996
gym-opening,charge,135,Defeat,9,0,9,192,30,0,3,112,12,4:12|3:12,0,19,1,2661001810
gym-opening,charge,136,Defeat,9,0,9,160,29,0,5,130,12,4:12,0,15,2,95546907
gym-opening,charge,137,Defeat,12,0,12,208,29,0,2,111,7,3:7,0,16,1,2773208324
gym-opening,charge,138,Defeat,10,0,10,208,31,0,2,107,12,4:12|1:2|3:13|2:7,0,19,1,2083570097
gym-opening,charge,139,Defeat,7,0,7,136,20,0,5,129,12,4:12,0,13,2,2244274844
gym-opening,charge,140,Defeat,10,0,10,224,52,0,4,135,12,4:12|3:13,0,25,1,1946839005
gym-opening,charge,141,Defeat,7,0,7,152,23,0,4,142,12,4:12|3:12,0,14,2,455011326
gym-opening,charge,142,Defeat,12,0,12,248,71,0,1,80,8,3:8|2:7|1:7,0,13,1,3897030245
gym-opening,charge,143,Defeat,12,0,12,232,67,0,1,100,7,1:7,0,15,1,4133106561
gym-opening,charge,144,Defeat,10,0,10,176,29,0,3,127,13,3:13,0,18,1,1730795190
gym-opening,charge,145,Defeat,8,0,8,160,30,0,4,115,12,4:12|3:13,0,13,2,374545122
gym-opening,charge,146,Defeat,13,0,13,216,31,0,1,92,12,4:12|3:13|2:8,0,21,0,331412501
gym-opening,charge,147,Defeat,10,0,10,216,41,0,3,114,2,1:2|2:7,0,19,1,1371554617
gym-opening,charge,148,Defeat,12,0,12,216,64,0,2,107,7,1:7,0,20,2,2818879988
gym-opening,charge,149,Defeat,7,0,7,128,28,0,5,137,-1,,0,14,2,3881618522
gym-opening,charge,150,Defeat,11,0,11,224,33,0,1,110,12,4:12|3:13|2:7,0,17,0,638765178
gym-opening,charge,151,Defeat,7,0,7,144,31,0,5,111,12,4:12,0,12,2,2798985240
gym-opening,charge,152,Defeat,10,0,10,232,65,0,3,134,12,3:12,0,22,1,3768343023
gym-opening,charge,153,Defeat,9,0,9,152,30,0,4,121,12,4:12,0,14,2,2939918804
gym-opening,charge,154,Victory,14,0,14,320,83,180,0,70,8,3:8|4:12,0,20,0,233147140
gym-opening,charge,155,Defeat,8,0,8,136,21,0,5,129,-1,,0,17,3,314441368
gym-opening,charge,156,Victory,14,0,14,360,115,270,0,57,2,1:2|3:7|2:8,0,13,0,2268565148
gym-opening,charge,157,Defeat,16,0,16,248,47,0,2,80,12,4:12|3:12|2:2,0,23,0,3911515779
gym-opening,charge,158,Defeat,9,0,9,184,23,0,3,108,13,3:13,0,16,2,3456116310
gym-opening,charge,159,Defeat,8,0,8,152,21,0,4,142,8,3:8,0,14,2,3558267802
gym-opening,charge,160,Defeat,10,0,10,176,32,0,4,118,12,4:12,0,14,2,4257778886
gym-opening,charge,161,Defeat,7,0,7,144,22,0,5,138,-1,,0,11,3,134722608
gym-opening,charge,162,Defeat,7,0,7,144,13,0,4,116,12,4:12,0,11,2,376255888
gym-opening,charge,163,Defeat,7,0,7,136,19,0,5,117,-1,,0,13,2,3342203398
gym-opening,charge,164,Defeat,7,0,7,144,23,0,4,133,12,4:12,0,10,2,1587495381
gym-opening,charge,165,Defeat,11,0,11,208,66,0,4,92,-1,,0,24,3,2705084617
gym-opening,charge,166,Defeat,10,0,10,200,48,0,4,128,2,1:2|3:8|4:13,0,24,0,1708433519
gym-opening,charge,167,Defeat,8,0,8,152,15,0,4,131,8,3:8,0,14,1,2223756245
gym-opening,charge,168,Defeat,11,0,11,192,30,0,3,116,8,3:8,0,16,1,467585189
gym-opening,charge,169,Defeat,11,0,11,232,62,0,2,89,7,1:7,0,18,1,2726563638
gym-opening,charge,170,Defeat,13,0,13,232,56,0,1,82,7,1:7,0,13,1,843579781
gym-opening,charge,171,Defeat,8,0,8,160,29,0,4,140,8,3:8,0,15,2,2566249707
gym-opening,charge,172,Defeat,12,0,12,224,44,0,2,103,12,3:12|1:7|2:8,0,16,1,2020494125
gym-opening,charge,173,Defeat,7,0,7,120,27,0,7,133,12,3:12,0,18,2,631504631
gym-opening,charge,174,Defeat,8,0,8,152,17,0,3,110,12,4:12|3:13,0,12,2,450835494
gym-opening,charge,175,Defeat,9,0,9,168,51,0,4,104,-1,,0,20,3,76933137
gym-opening,charge,176,Defeat,11,0,11,240,69,0,3,140,-1,,0,22,1,3796334077
gym-opening,charge,177,Victory,14,0,14,416,168,348,0,80,8,4:8|2:7|3:7|1:7,0,19,0,579114444
gym-opening,charge,178,Defeat,12,0,12,264,79,0,2,103,12,4:12|3:8|2:7|1:2,0,18,1,909232705
gym-opening,charge,179,Defeat,7,0,7,128,27,0,6,131,-1,,0,17,2,1254660107
gym-opening,charge,180,Defeat,8,0,8,176,61,0,4,109,-1,,0,16,3,2760418581
gym-opening,charge,181,Defeat,8,0,8,152,19,0,4,121,12,4:12|3:13,0,13,2,1839827004
gym-opening,charge,182,Defeat,7,0,7,136,29,0,6,123,-1,,0,16,2,2131783203
gym-opening,charge,183,Defeat,7,0,7,136,23,0,6,135,-1,,0,13,3,194508086
gym-opening,charge,184,Defeat,9,0,9,152,20,0,6,142,12,4:12,0,22,2,809933121
gym-opening,charge,185,Victory,9,0,9,248,51,367,0,67,13,3:13|4:13|1:7|2:8,0,10,0,1504485856
gym-opening,charge,186,Defeat,14,0,14,232,46,0,1,106,8,3:8,0,17,1,3917243504
gym-opening,charge,187,Defeat,7,0,7,144,19,0,5,122,12,4:12,0,13,2,1691536989
gym-opening,charge,188,Defeat,9,0,9,224,59,0,4,139,13,3:13,0,21,1,1412048866
gym-opening,charge,189,Defeat,7,0,7,136,26,0,5,117,-1,,0,12,2,408567033
gym-opening,charge,190,Defeat,11,0,11,192,30,0,3,108,12,4:12|2:7,0,18,2,1718038723
gym-opening,charge,191,Defeat,7,0,7,160,27,0,4,135,8,3:8,0,11,1,942805886
gym-opening,charge,192,Defeat,7,0,7,128,21,0,6,131,-1,,0,14,2,383492541
gym-opening,charge,193,Defeat,8,0,8,160,22,0,3,140,13,3:13,0,15,1,1051136732
gym-opening,charge,194,Defeat,13,0,13,200,22,0,2,100,8,2:8,0,18,1,2391209818
gym-opening,charge,195,Defeat,8,0,8,168,52,0,4,123,-1,,0,17,3,3011589495
gym-opening,charge,196,Defeat,15,0,15,296,91,0,1,83,7,2:7|3:8|1:7,0,19,1,2460025874
gym-opening,charge,197,Defeat,11,0,11,192,55,0,3,95,-1,,0,21,2,9228294
gym-opening,charge,198,Defeat,17,0,17,256,47,0,1,81,7,2:7,0,18,1,4228051581
gym-opening,charge,199,Victory,12,0,12,264,86,135,0,81,12,3:12|2:7|1:7,0,11,0,1545300319
gym-opening,charge,200,Victory,11,0,11,248,71,270,0,74,8,3:8|1:7,0,11,0,1934075103
gym-opening-noskill,corridor-hold,1,InProgress,61,1,60,1120,471,620,1,10,7,4:7|2:7|3:8,0,33,0,1116303216
gym-opening-noskill,corridor-hold,2,InProgress,61,1,60,712,259,220,2,35,7,3:7,0,67,1,573710955
gym-opening-noskill,corridor-hold,3,Defeat,18,0,18,320,79,0,4,92,2,3:2,0,52,0,392152190
gym-opening-noskill,corridor-hold,4,Victory,41,0,41,752,233,352,0,21,7,1:7|2:12,0,30,0,1940331615
gym-opening-noskill,corridor-hold,5,Victory,33,0,33,832,289,726,0,21,7,1:7|3:8|2:12,0,24,0,3280719095
gym-opening-noskill,corridor-hold,6,InProgress,61,1,60,656,232,220,1,23,12,3:12,0,39,0,1587229308
gym-opening-noskill,corridor-hold,7,Victory,46,0,46,856,315,468,0,24,7,3:7|1:7,0,38,0,2387230312
gym-opening-noskill,corridor-hold,8,Defeat,14,0,14,240,45,0,4,90,-1,,0,34,2,883914431
gym-opening-noskill,corridor-hold,9,Victory,47,0,47,832,315,486,0,20,7,1:7|2:7,0,20,0,4264564782
gym-opening-noskill,corridor-hold,10,Victory,16,0,16,488,123,769,0,18,7,1:7|2:7|4:12|3:8,0,8,1,2291320206
gym-opening-noskill,corridor-hold,11,Victory,59,0,59,648,242,172,0,33,7,1:7,0,39,0,3381336497
gym-opening-noskill,corridor-hold,12,Defeat,11,0,11,224,42,0,3,85,-1,,0,25,2,2682912760
gym-opening-noskill,corridor-hold,13,InProgress,61,1,60,1016,430,553,1,16,7,3:7|2:7,0,30,0,960930376
gym-opening-noskill,corridor-hold,14,Victory,34,0,34,856,314,736,0,18,2,1:2|3:13|2:8,0,36,0,1403164459
gym-opening-noskill,corridor-hold,15,Victory,55,0,55,1288,543,559,0,13,7,2:7|3:8|4:12,0,35,0,3021375936
gym-opening-noskill,corridor-hold,16,InProgress,61,1,60,656,265,200,2,26,7,3:7|2:8,0,123,0,4135835315
gym-opening-noskill,corridor-hold,17,Victory,47,0,47,592,168,235,0,41,2,1:2|2:12,0,68,0,2899893902
gym-opening-noskill,corridor-hold,18,InProgress,61,1,60,672,229,270,1,34,12,3:12,0,95,0,1792313609
gym-opening-noskill,corridor-hold,19,InProgress,61,1,60,688,214,300,1,29,2,3:2,0,49,1,2902421074
gym-opening-noskill,corridor-hold,20,InProgress,61,1,60,1464,691,728,1,16,12,3:12|1:7,0,63,0,1535948231
gym-opening-noskill,corridor-hold,21,Defeat,17,0,17,304,48,0,3,76,12,3:12,0,48,1,2441179005
gym-opening-noskill,corridor-hold,22,Victory,51,0,51,904,380,485,0,19,8,3:8|2:12,0,40,0,857047481
gym-opening-noskill,corridor-hold,23,Victory,50,0,50,1224,517,735,0,21,2,2:2|3:8|1:7,0,45,0,4112225051
gym-opening-noskill,corridor-hold,24,Victory,37,0,37,680,228,324,0,27,7,2:7|3:8,0,45,0,1211230295
gym-opening-noskill,corridor-hold,25,InProgress,61,1,60,1480,650,629,1,15,2,1:2|2:7|3:7,0,80,0,327069463
gym-opening-noskill,corridor-hold,26,InProgress,61,1,60,640,196,215,2,31,12,1:12|3:7,0,102,0,3526388819
gym-opening-noskill,corridor-hold,27,Victory,42,0,42,768,281,259,0,30,2,3:2,0,43,0,3101809086
gym-opening-noskill,corridor-hold,28,InProgress,61,1,60,1176,432,593,1,17,2,3:2|4:8|2:12,0,74,0,3271421745
gym-opening-noskill,corridor-hold,29,InProgress,61,1,60,1032,390,603,1,20,7,2:7|3:2,0,81,1,2591420860
gym-opening-noskill,corridor-hold,30,Defeat,13,0,13,272,68,0,2,70,8,1:8,0,22,1,719499096
gym-opening-noskill,corridor-hold,31,Defeat,27,0,27,440,88,0,3,60,13,3:13|1:2,0,84,1,3375849183
gym-opening-noskill,corridor-hold,32,InProgress,61,1,60,664,156,240,1,34,2,3:2,0,71,0,2649427382
gym-opening-noskill,corridor-hold,33,Defeat,25,0,25,424,95,0,3,50,2,1:2|3:7,0,53,1,1937440193
gym-opening-noskill,corridor-hold,34,InProgress,61,1,60,1096,451,534,1,18,7,2:7|3:8,0,49,1,544713000
gym-opening-noskill,corridor-hold,35,Victory,58,0,58,1024,417,272,0,17,13,3:13|1:7,0,74,0,3420872800
gym-opening-noskill,corridor-hold,36,Victory,27,0,27,704,227,548,0,29,13,2:13|3:7,0,30,0,3929997310
gym-opening-noskill,corridor-hold,37,Victory,27,0,27,696,234,573,0,27,8,3:8|2:8|1:13,0,28,0,3854122177
gym-opening-noskill,corridor-hold,38,Victory,45,0,45,816,301,392,0,22,8,1:8|3:12,0,48,0,2785653134
gym-opening-noskill,corridor-hold,39,Victory,52,0,52,1304,512,749,0,15,8,1:8|3:12|2:12,0,56,0,3824357664
gym-opening-noskill,corridor-hold,40,Defeat,17,0,17,328,84,0,4,75,-1,,0,39,2,3598487915
gym-opening-noskill,corridor-hold,41,Victory,43,0,43,800,300,372,0,24,2,2:2|1:7|3:12,0,24,0,1850531192
gym-opening-noskill,corridor-hold,42,Defeat,25,0,25,424,102,0,4,58,-1,,0,56,2,1980975268
gym-opening-noskill,corridor-hold,43,InProgress,61,1,60,1048,437,565,1,22,2,2:2|3:7,0,44,1,384455011
gym-opening-noskill,corridor-hold,44,Victory,37,0,37,904,324,509,0,26,8,2:8|3:7|4:12,0,25,0,1509004762
gym-opening-noskill,corridor-hold,45,InProgress,61,1,60,688,206,280,1,23,2,1:2|3:8,0,49,0,2235220041
gym-opening-noskill,corridor-hold,46,InProgress,61,1,60,1048,390,578,2,27,2,3:2|2:8,0,96,1,1667266204
gym-opening-noskill,corridor-hold,47,Defeat,23,0,23,392,76,0,1,55,2,3:2|1:2,0,60,0,621804532
gym-opening-noskill,corridor-hold,48,Victory,34,0,34,520,153,180,0,40,8,3:8|1:2,0,52,0,2848229278
gym-opening-noskill,corridor-hold,49,Victory,33,0,33,840,292,677,0,15,2,1:2|3:8|2:8,0,18,0,1330343023
gym-opening-noskill,corridor-hold,50,Defeat,16,0,16,304,67,0,4,81,8,2:8,0,38,1,2093391213
gym-opening-noskill,corridor-hold,51,Victory,49,0,49,1224,505,796,0,15,7,3:7|1:7,0,22,0,3792322752
gym-opening-noskill,corridor-hold,52,Defeat,30,0,30,432,112,0,3,37,2,1:2|2:8,0,61,1,4154983444
gym-opening-noskill,corridor-hold,53,Victory,43,0,43,776,246,543,0,42,13,3:13|2:12,0,73,0,2155159081
gym-opening-noskill,corridor-hold,54,InProgress,61,1,60,1048,435,610,1,19,8,2:8|3:7,0,55,0,1671344224
gym-opening-noskill,corridor-hold,55,InProgress,61,1,60,1480,653,727,1,15,2,2:2|3:7|1:7,0,71,0,1006821311
gym-opening-noskill,corridor-hold,56,Victory,43,0,43,1224,537,835,0,14,7,2:7|3:13|1:12|4:8,0,39,0,931858574
gym-opening-noskill,corridor-hold,57,Victory,30,0,30,776,235,537,0,26,12,3:12|2:7|1:7,0,49,0,810247018
gym-opening-noskill,corridor-hold,58,Victory,38,0,38,760,203,610,0,23,7,1:7|2:2|3:8,0,75,0,3833643544
gym-opening-noskill,corridor-hold,59,InProgress,61,1,60,1024,397,415,1,24,2,2:2|3:7,0,58,0,1640467124
gym-opening-noskill,corridor-hold,60,Victory,49,0,49,848,381,530,0,16,8,2:8|1:7,0,40,0,1883073934
gym-opening-noskill,corridor-hold,61,InProgress,61,1,60,1104,480,402,2,18,2,1:2|3:8,0,127,0,2362302205
gym-opening-noskill,corridor-hold,62,Defeat,15,0,15,240,54,0,4,76,-1,,0,33,2,605364973
gym-opening-noskill,corridor-hold,63,InProgress,61,1,60,1064,435,408,1,15,2,1:2|3:8,0,53,1,4150646715
gym-opening-noskill,corridor-hold,64,InProgress,61,1,60,704,245,250,2,29,2,2:2|3:2,0,57,1,3215054243
gym-opening-noskill,corridor-hold,65,Defeat,15,0,15,280,51,0,3,91,-1,,0,36,2,3860712515
gym-opening-noskill,corridor-hold,66,Victory,18,0,18,312,39,30,0,79,2,3:2,0,39,0,3787119184
gym-opening-noskill,corridor-hold,67,InProgress,61,1,60,664,213,255,2,45,2,1:2|3:2,0,106,1,1593316102
gym-opening-noskill,corridor-hold,68,Defeat,8,0,8,192,42,0,5,133,-1,,0,24,2,1314397264
gym-opening-noskill,corridor-hold,69,Defeat,11,0,11,232,27,0,5,120,13,3:13,0,30,1,1355282536
gym-opening-noskill,corridor-hold,70,Victory,55,0,55,984,390,529,0,20,2,3:2|2:2|1:7,0,52,0,863866592
gym-opening-noskill,corridor-hold,71,Victory,60,0,60,1048,394,478,0,22,2,3:2|2:12,0,71,0,3374831029
gym-opening-noskill,corridor-hold,72,Defeat,42,0,42,488,100,0,1,65,2,1:2,0,65,0,1844199810
gym-opening-noskill,corridor-hold,73,Defeat,15,0,15,248,55,0,5,87,2,2:2,0,44,2,2739819851
gym-opening-noskill,corridor-hold,74,Victory,26,0,26,360,76,190,0,93,2,3:2,0,27,0,2445877921
gym-opening-noskill,corridor-hold,75,InProgress,61,1,60,640,240,372,1,32,13,2:13,0,70,0,2188279392
gym-opening-noskill,corridor-hold,76,Victory,57,0,57,1120,394,374,0,20,7,3:7|1:2,0,67,0,165242260
gym-opening-noskill,corridor-hold,77,Victory,42,0,42,824,248,332,0,34,2,2:2|3:8,0,37,0,3180957781
gym-opening-noskill,corridor-hold,78,Victory,48,0,48,872,274,475,0,22,8,2:8|3:7,0,49,0,1282120632
gym-opening-noskill,corridor-hold,79,Defeat,14,0,14,296,62,0,3,78,13,1:13,0,32,1,1692512787
gym-opening-noskill,corridor-hold,80,Defeat,25,0,25,408,88,0,2,66,2,3:2|2:7,0,57,0,2185983965
gym-opening-noskill,corridor-hold,81,Defeat,22,0,22,352,86,0,3,65,-1,,0,58,1,795349382
gym-opening-noskill,corridor-hold,82,InProgress,61,1,60,696,247,220,2,26,8,3:8,0,46,1,354982295
gym-opening-noskill,corridor-hold,83,InProgress,61,1,60,632,206,300,1,32,7,2:7|3:2,0,86,1,3084313789
gym-opening-noskill,corridor-hold,84,InProgress,61,1,60,616,187,220,1,38,7,3:7,0,56,1,1819221621
gym-opening-noskill,corridor-hold,85,Victory,26,0,26,672,204,640,0,21,7,1:7|2:7|3:12,0,26,0,1650640392
gym-opening-noskill,corridor-hold,86,InProgress,61,1,60,728,226,136,1,26,7,3:7|1:7,0,97,1,3001018933
gym-opening-noskill,corridor-hold,87,InProgress,61,1,60,656,256,157,2,42,2,3:2|1:2,0,100,1,2730188656
gym-opening-noskill,corridor-hold,88,Victory,34,0,34,640,230,467,0,17,2,2:2|1:12,0,45,0,1491781900
gym-opening-noskill,corridor-hold,89,Victory,32,0,32,800,278,765,0,20,2,1:2|3:7|2:7,0,22,0,1282971172
gym-opening-noskill,corridor-hold,90,InProgress,61,1,60,1520,654,514,1,17,8,3:8|1:13|4:7,0,75,0,2090673596
gym-opening-noskill,corridor-hold,91,InProgress,61,1,60,1048,458,581,2,18,8,2:8,0,41,1,1268247505
gym-opening-noskill,corridor-hold,92,Victory,49,0,49,944,321,405,0,33,7,1:7|3:12,0,52,0,1336807932
gym-opening-noskill,corridor-hold,93,Victory,52,0,52,912,333,530,0,19,12,3:12|1:7|2:8,0,43,1,3635766342
gym-opening-noskill,corridor-hold,94,InProgress,61,1,60,712,233,205,2,29,12,3:12|1:2,0,134,0,1233673406
gym-opening-noskill,corridor-hold,95,Victory,56,0,56,1368,610,730,0,14,2,2:2|3:7|1:7,0,34,0,529249919
gym-opening-noskill,corridor-hold,96,InProgress,61,1,60,664,229,305,1,30,7,2:7,0,33,0,494386954
gym-opening-noskill,corridor-hold,97,InProgress,61,1,60,1064,404,622,1,18,2,2:2|3:7,0,58,0,2681932
gym-opening-noskill,corridor-hold,98,Victory,29,0,29,728,228,726,0,26,2,2:2|1:13|3:12,0,27,0,1517172437
gym-opening-noskill,corridor-hold,99,InProgress,61,1,60,648,216,285,2,29,7,3:7,0,39,2,529955409
gym-opening-noskill,corridor-hold,100,InProgress,61,1,60,1056,402,612,1,22,2,2:2|3:2,0,40,0,96548400
gym-opening-noskill,corridor-hold,101,Victory,38,0,38,480,131,105,0,38,8,1:8|2:7,0,54,0,1766601990
gym-opening-noskill,corridor-hold,102,Victory,24,0,24,632,164,622,0,32,7,2:7|3:7|1:7,0,22,0,2167173868
gym-opening-noskill,corridor-hold,103,InProgress,61,1,60,1160,426,370,1,20,7,3:7|1:8,0,75,0,885197358
gym-opening-noskill,corridor-hold,104,Victory,57,0,57,1416,574,784,0,15,8,1:8|3:7|2:12,0,42,0,1198832941
gym-opening-noskill,corridor-hold,105,InProgress,61,1,60,1072,442,400,1,27,2,3:2|1:12,0,61,0,1623091442
gym-opening-noskill,corridor-hold,106,Victory,38,0,38,1216,469,714,0,12,2,4:2|3:12|1:7|2:13,0,18,0,896282160
gym-opening-noskill,corridor-hold,107,Defeat,13,0,13,232,59,0,6,106,-1,,0,37,2,296138437
gym-opening-noskill,corridor-hold,108,Defeat,15,0,15,256,47,0,3,81,-1,,0,40,2,3453553672
gym-opening-noskill,corridor-hold,109,Victory,34,0,34,640,204,367,0,28,7,1:7|2:12,0,38,0,3334591016
gym-opening-noskill,corridor-hold,110,Victory,35,0,35,728,185,576,0,34,7,1:7|2:2|3:2,0,65,0,1834313597
gym-opening-noskill,corridor-hold,111,Victory,56,0,56,592,200,157,0,31,2,2:2,0,43,0,899517177
gym-opening-noskill,corridor-hold,112,Defeat,22,0,22,336,97,0,3,64,2,2:2,0,51,1,3886097963
gym-opening-noskill,corridor-hold,113,Victory,60,0,60,1112,434,349,0,22,2,1:2|2:7,0,48,0,16900524
gym-opening-noskill,corridor-hold,114,Victory,26,0,26,648,208,840,0,13,7,3:7|1:7,0,25,0,2604929053
gym-opening-noskill,corridor-hold,115,Defeat,15,0,15,304,47,0,4,71,8,1:8|3:12,0,34,0,2265155017
gym-opening-noskill,corridor-hold,116,InProgress,61,1,60,712,248,316,1,34,7,3:7|2:13,0,81,0,1368343796
gym-opening-noskill,corridor-hold,117,Defeat,13,0,13,264,57,0,4,78,2,3:2,0,37,2,1557393924
gym-opening-noskill,corridor-hold,118,Victory,50,0,50,952,324,585,0,25,12,2:12|3:13,0,76,0,2136043580
gym-opening-noskill,corridor-hold,119,Defeat,25,0,25,464,131,0,3,51,2,1:2,0,67,2,1038943364
gym-opening-noskill,corridor-hold,120,InProgress,61,1,60,608,218,347,1,47,2,2:2,0,45,0,2612342143
gym-opening-noskill,corridor-hold,121,Victory,42,0,42,752,258,376,0,32,12,2:12|3:13,0,46,0,1935025122
gym-opening-noskill,corridor-hold,122,InProgress,61,1,60,1048,362,611,1,21,7,2:7|3:7,0,49,0,2348785632
gym-opening-noskill,corridor-hold,123,InProgress,61,1,60,680,226,230,2,31,7,3:7,0,37,1,3861448538
gym-opening-noskill,corridor-hold,124,Victory,55,0,55,992,379,405,0,22,8,3:8|2:2,0,47,0,3923435816
gym-opening-noskill,corridor-hold,125,InProgress,61,1,60,712,209,210,1,30,13,2:13|3:12,0,72,0,2338162365
gym-opening-noskill,corridor-hold,126,InProgress,61,1,60,1096,429,654,1,14,12,4:12|3:12|2:7,0,60,0,190991568
gym-opening-noskill,corridor-hold,127,Victory,55,0,55,1024,355,495,0,25,2,2:2|1:8|3:12,0,88,0,3394382526
gym-opening-noskill,corridor-hold,128,InProgress,61,1,60,1128,435,379,1,19,7,1:7|3:7,0,46,0,4171293798
gym-opening-noskill,corridor-hold,129,Victory,19,0,19,488,143,756,0,29,7,3:7|2:12|1:8,0,15,0,858079988
gym-opening-noskill,corridor-hold,130,InProgress,61,1,60,664,248,300,1,26,7,3:7,0,33,1,1165510874
gym-opening-noskill,corridor-hold,131,InProgress,61,1,60,1048,429,376,1,20,2,3:2|1:12,0,69,0,2306444687
gym-opening-noskill,corridor-hold,132,InProgress,61,1,60,720,252,240,2,27,8,3:8,0,62,0,2191557141
gym-opening-noskill,corridor-hold,133,InProgress,61,1,60,1032,469,610,2,13,12,3:12|2:7,0,77,0,3403658989
gym-opening-noskill,corridor-hold,134,InProgress,61,1,60,1024,432,645,1,15,2,2:2|3:7,0,54,0,3518766498
gym-opening-noskill,corridor-hold,135,Victory,28,0,28,896,306,966,0,13,2,1:2|2:7|3:2|4:12,0,20,0,3252653889
gym-opening-noskill,corridor-hold,136,InProgress,61,1,60,648,231,435,2,33,2,2:2,0,54,1,583904774
gym-opening-noskill,corridor-hold,137,InProgress,61,1,60,600,216,336,2,41,8,2:8,0,55,1,1424334583
gym-opening-noskill,corridor-hold,138,Victory,53,0,53,920,319,595,0,16,2,2:2|3:7,0,48,0,523073716
gym-opening-noskill,corridor-hold,139,Victory,28,0,28,704,218,732,0,22,2,2:2|3:2|1:2,0,23,0,820594490
gym-opening-noskill,corridor-hold,140,Victory,50,0,50,1256,535,711,0,13,2,1:2|2:7|4:12,0,42,0,3785186810
gym-opening-noskill,corridor-hold,141,Victory,47,0,47,880,283,326,0,25,2,1:2|3:7,0,41,0,47382323
gym-opening-noskill,corridor-hold,142,Defeat,21,0,21,328,82,0,5,63,2,3:2|2:13,0,49,1,2032995147
gym-opening-noskill,corridor-hold,143,Defeat,17,0,17,248,61,0,7,93,-1,,0,68,2,2672041929
gym-opening-noskill,corridor-hold,144,InProgress,61,1,60,712,232,290,2,24,13,3:13,0,116,1,2083334245
gym-opening-noskill,corridor-hold,145,Defeat,14,0,14,264,48,0,3,93,12,3:12,0,33,0,1724702278
gym-opening-noskill,corridor-hold,146,InProgress,61,1,60,1048,428,535,1,22,7,2:7|3:13,0,63,0,3446599781
gym-opening-noskill,corridor-hold,147,Victory,32,0,32,536,114,220,0,43,2,2:2|3:8,0,58,0,4155052896
gym-opening-noskill,corridor-hold,148,Victory,56,0,56,1384,578,757,0,14,7,3:7|1:8|2:7,0,51,0,3808628544
gym-opening-noskill,corridor-hold,149,InProgress,61,1,60,1040,403,521,1,16,2,3:2|2:7,0,64,0,416858161
gym-opening-noskill,corridor-hold,150,Victory,26,0,26,832,250,1004,0,15,2,1:2|4:13|3:7|2:13,0,30,0,2756740287
gym-opening-noskill,corridor-hold,151,Defeat,13,0,13,256,51,0,4,59,-1,,0,27,2,841709319
gym-opening-noskill,corridor-hold,152,InProgress,61,1,60,1072,432,260,1,23,8,3:8|1:7,0,53,1,3711543455
gym-opening-noskill,corridor-hold,153,InProgress,61,1,60,704,242,170,2,29,2,3:2,0,78,1,2630375324
gym-opening-noskill,corridor-hold,154,InProgress,61,1,60,1080,464,436,1,18,2,3:2|1:7,0,45,0,1619299293
gym-opening-noskill,corridor-hold,155,Victory,52,0,52,824,308,65,0,29,7,3:7|1:13,0,59,0,2668815461
gym-opening-noskill,corridor-hold,156,Victory,40,0,40,1024,360,640,0,23,8,3:8|1:7|2:12,0,32,0,4216444389
gym-opening-noskill,corridor-hold,157,InProgress,61,1,60,664,210,255,2,33,2,2:2|3:13,0,142,0,1311190487
gym-opening-noskill,corridor-hold,158,InProgress,61,1,60,664,194,250,2,32,2,3:2,0,39,2,1649441051
gym-opening-noskill,corridor-hold,159,Defeat,15,0,15,320,92,0,5,62,13,3:13,0,48,1,4233606966
gym-opening-noskill,corridor-hold,160,Victory,60,0,60,704,232,290,0,23,8,3:8|2:13,0,55,0,2529900243
gym-opening-noskill,corridor-hold,161,InProgress,61,1,60,664,166,210,1,36,12,3:12|1:7,0,123,0,506505158
gym-opening-noskill,corridor-hold,162,Victory,51,0,51,1256,521,653,0,17,7,3:7|1:7|2:8,0,23,0,3327105308
gym-opening-noskill,corridor-hold,163,Victory,41,0,41,752,256,390,0,28,7,3:7,0,33,0,1286893100
gym-opening-noskill,corridor-hold,164,Defeat,14,0,14,264,45,0,4,81,13,3:13,0,42,1,826726426
gym-opening-noskill,corridor-hold,165,Victory,27,0,27,672,188,628,0,23,2,2:2|3:7|1:7,0,31,0,243076709
gym-opening-noskill,corridor-hold,166,InProgress,61,1,60,1056,445,345,1,25,7,1:7|3:8,0,74,0,321820861
gym-opening-noskill,corridor-hold,167,Victory,56,0,56,1640,720,694,0,11,8,3:8|4:12|1:7|2:12,0,45,0,3578220156
gym-opening-noskill,corridor-hold,168,InProgress,61,1,60,688,257,158,1,33,12,4:12|1:12,0,76,0,1621092946
gym-opening-noskill,corridor-hold,169,Victory,39,0,39,512,149,174,0,37,12,3:12|2:7,0,49,0,3479467070
gym-opening-noskill,corridor-hold,170,Victory,52,0,52,1304,552,566,0,11,13,3:13|1:13|2:7,0,50,0,4218599771
gym-opening-noskill,corridor-hold,171,Victory,17,0,17,472,130,589,0,40,8,1:8|3:12|4:13,0,17,1,4112832838
gym-opening-noskill,corridor-hold,172,InProgress,61,1,60,688,255,435,2,37,2,1:2,0,80,1,798049771
gym-opening-noskill,corridor-hold,173,Victory,22,0,22,568,140,655,0,32,7,3:7|1:2|2:7,0,31,0,3173642855
gym-opening-noskill,corridor-hold,174,Defeat,25,0,25,368,77,0,3,67,2,2:2|3:2,0,78,0,825625775
gym-opening-noskill,corridor-hold,175,InProgress,61,1,60,1048,406,491,1,20,2,3:2|2:7,0,32,0,1855620671
gym-opening-noskill,corridor-hold,176,Victory,44,0,44,1080,437,801,0,11,7,2:7|3:2|1:7,0,28,0,3626660343
gym-opening-noskill,corridor-hold,177,Victory,41,0,41,464,90,215,0,43,2,3:2,0,89,0,1891090206
gym-opening-noskill,corridor-hold,178,Victory,53,0,53,720,186,250,0,25,7,2:7|3:7,0,69,0,3229298048
gym-opening-noskill,corridor-hold,179,Victory,48,0,48,1176,450,524,0,16,2,1:2|2:8|3:12,0,40,0,2345983831
gym-opening-noskill,corridor-hold,180,Defeat,17,0,17,272,57,0,3,88,2,3:2,0,45,1,2671700960
gym-opening-noskill,corridor-hold,181,InProgress,61,1,60,688,212,333,2,31,2,3:2|2:12,0,131,0,335515490
gym-opening-noskill,corridor-hold,182,Victory,51,0,51,928,365,404,0,25,8,1:8|3:7,0,34,0,423295669
gym-opening-noskill,corridor-hold,183,InProgress,61,1,60,1104,423,366,1,18,2,3:2|1:2,0,73,0,4221910966
gym-opening-noskill,corridor-hold,184,Defeat,20,0,20,296,55,0,4,70,2,3:2,0,65,1,740799533
gym-opening-noskill,corridor-hold,185,Defeat,16,0,16,288,59,0,3,75,-1,,0,42,2,1625582567
gym-opening-noskill,corridor-hold,186,Defeat,10,0,10,208,46,0,3,126,-1,,0,27,2,4080296460
gym-opening-noskill,corridor-hold,187,Defeat,19,0,19,384,107,0,2,85,12,1:12,0,45,1,3933026704
gym-opening-noskill,corridor-hold,188,Defeat,13,0,13,224,46,0,5,75,-1,,0,33,2,2838210962
gym-opening-noskill,corridor-hold,189,Victory,29,0,29,920,319,889,0,12,7,4:7|1:7|2:7|3:7,0,10,0,204633327
gym-opening-noskill,corridor-hold,190,InProgress,61,1,60,1040,425,650,1,24,8,3:8,0,76,0,71277158
gym-opening-noskill,corridor-hold,191,Victory,57,0,57,1072,407,517,0,19,2,3:2|1:2|2:8,0,73,0,3472677349
gym-opening-noskill,corridor-hold,192,Victory,15,0,15,384,85,715,0,20,7,3:7|2:2|1:12,0,8,0,2926558740
gym-opening-noskill,corridor-hold,193,Victory,24,0,24,408,98,169,0,64,8,3:8|1:12,0,60,0,3529552888
gym-opening-noskill,corridor-hold,194,Defeat,17,0,17,304,78,0,4,81,-1,,0,41,2,3813202496
gym-opening-noskill,corridor-hold,195,Victory,22,0,22,552,156,593,0,24,13,1:13|3:7|2:7,0,22,0,4188687506
gym-opening-noskill,corridor-hold,196,Victory,33,0,33,704,238,338,0,34,8,1:8|2:8|3:12,0,38,0,3082984709
gym-opening-noskill,corridor-hold,197,Victory,23,0,23,496,117,515,0,25,2,3:2|2:7,0,19,0,3117163740
gym-opening-noskill,corridor-hold,198,Victory,30,0,30,600,193,396,0,37,2,1:2|3:8,0,23,0,3159082064
gym-opening-noskill,corridor-hold,199,Victory,43,0,43,824,258,426,0,27,2,3:2|2:13,0,57,0,837402647
gym-opening-noskill,corridor-hold,200,InProgress,61,1,60,752,245,220,1,29,12,1:12|3:7,0,108,0,1398548205
gym-opening-noskill,tpa-order,1,InProgress,61,1,60,1120,471,620,1,10,7,4:7|2:7|3:8,0,33,0,1116303216
gym-opening-noskill,tpa-order,2,InProgress,61,1,60,744,230,215,1,29,7,1:7|3:8,0,45,1,2650503120
gym-opening-noskill,tpa-order,3,Defeat,12,0,12,272,67,0,4,114,-1,,0,34,2,2751761645
gym-opening-noskill,tpa-order,4,Victory,38,0,38,720,233,369,0,32,7,2:7|1:8,0,28,0,299995562
gym-opening-noskill,tpa-order,5,Victory,33,0,33,832,289,726,0,21,7,1:7|3:8|2:12,0,24,0,3280719095
gym-opening-noskill,tpa-order,6,InProgress,61,1,60,656,232,220,1,23,12,3:12,0,39,0,1587229308
gym-opening-noskill,tpa-order,7,Victory,46,0,46,856,315,468,0,24,7,3:7|1:7,0,38,0,2387230312
gym-opening-noskill,tpa-order,8,Defeat,15,0,15,248,45,0,3,83,-1,,0,34,2,1500515840
gym-opening-noskill,tpa-order,9,Victory,47,0,47,832,315,486,0,20,7,1:7|2:7,0,20,0,4264564782
gym-opening-noskill,tpa-order,10,Victory,16,0,16,488,123,769,0,18,7,1:7|2:7|4:12|3:8,0,8,1,2291320206
gym-opening-noskill,tpa-order,11,Victory,59,0,59,648,242,172,0,33,7,1:7,0,39,0,3381336497
gym-opening-noskill,tpa-order,12,InProgress,61,1,60,680,183,195,1,36,2,3:2|2:2,0,88,1,3797975710
gym-opening-noskill,tpa-order,13,InProgress,61,1,60,1016,430,553,1,16,7,3:7|2:7,0,30,0,960930376
gym-opening-noskill,tpa-order,14,Victory,34,0,34,856,314,736,0,18,2,1:2|3:13|2:8,0,36,0,1403164459
gym-opening-noskill,tpa-order,15,Victory,55,0,55,1288,543,559,0,13,7,2:7|3:8|4:12,0,35,0,3021375936
gym-opening-noskill,tpa-order,16,InProgress,61,1,60,656,265,200,2,26,7,3:7|2:8,0,123,0,4135835315
gym-opening-noskill,tpa-order,17,Victory,47,0,47,592,168,235,0,41,2,1:2|2:12,0,68,0,2899893902
gym-opening-noskill,tpa-order,18,InProgress,61,1,60,672,229,270,1,34,12,3:12,0,95,0,1792313609
gym-opening-noskill,tpa-order,19,Victory,43,0,43,552,160,110,0,40,2,3:2,0,46,0,444940154
gym-opening-noskill,tpa-order,20,InProgress,61,1,60,632,143,150,2,27,13,3:13,0,125,1,3352402321
gym-opening-noskill,tpa-order,21,Defeat,17,0,17,304,48,0,3,76,12,3:12,0,48,1,2884593821
gym-opening-noskill,tpa-order,22,Victory,51,0,51,904,380,485,0,19,8,3:8|2:12,0,40,0,857047481
gym-opening-noskill,tpa-order,23,Victory,50,0,50,1224,517,735,0,21,2,2:2|3:8|1:7,0,45,0,4112225051
gym-opening-noskill,tpa-order,24,Victory,41,0,41,744,238,504,0,22,7,2:7|3:7,0,49,0,3593259976
gym-opening-noskill,tpa-order,25,Defeat,18,0,18,344,87,0,4,53,13,3:13,0,34,2,1801420230
gym-opening-noskill,tpa-order,26,InProgress,61,1,60,640,196,215,2,31,12,1:12|3:7,0,102,0,3526388819
gym-opening-noskill,tpa-order,27,Defeat,13,0,13,256,63,0,5,112,2,3:2,0,38,1,1349632720
gym-opening-noskill,tpa-order,28,Victory,59,0,59,1144,393,665,0,15,2,3:2|4:7|2:7,0,86,0,1779121533
gym-opening-noskill,tpa-order,29,InProgress,61,1,60,704,235,200,2,34,2,2:2|3:7,0,73,1,1048169227
gym-opening-noskill,tpa-order,30,Defeat,13,0,13,272,68,0,2,70,8,1:8,0,22,1,719499096
gym-opening-noskill,tpa-order,31,InProgress,61,1,60,704,249,204,2,36,13,3:13|1:2,0,98,1,1458990641
gym-opening-noskill,tpa-order,32,InProgress,61,1,60,664,156,240,1,34,2,3:2,0,71,0,2649427382
gym-opening-noskill,tpa-order,33,Victory,43,0,43,568,148,150,0,30,2,1:2|3:8,0,49,0,3815171512
gym-opening-noskill,tpa-order,34,InProgress,61,1,60,1096,451,534,1,18,7,2:7|3:8,0,49,1,544713000
gym-opening-noskill,tpa-order,35,Victory,58,0,58,1024,417,272,0,17,13,3:13|1:7,0,74,0,3420872800
gym-opening-noskill,tpa-order,36,Victory,27,0,27,704,227,548,0,29,13,2:13|3:7,0,30,0,3929997310
gym-opening-noskill,tpa-order,37,Victory,24,0,24,624,174,620,0,20,7,2:7|3:12|1:7,0,28,0,4241915139
gym-opening-noskill,tpa-order,38,Victory,45,0,45,816,301,392,0,22,8,1:8|3:12,0,48,0,2785653134
gym-opening-noskill,tpa-order,39,Victory,52,0,52,1304,512,749,0,15,8,1:8|3:12|2:12,0,56,0,3824357664
gym-opening-noskill,tpa-order,40,InProgress,61,1,60,672,225,280,2,38,8,3:8,0,75,1,1487080622
gym-opening-noskill,tpa-order,41,Victory,50,0,50,912,344,425,0,17,2,2:2|3:7,0,27,0,729821585
gym-opening-noskill,tpa-order,42,Defeat,25,0,25,424,102,0,4,58,-1,,0,56,2,1980975268
gym-opening-noskill,tpa-order,43,InProgress,61,1,60,648,239,318,2,33,2,2:2,0,58,1,2160654542
gym-opening-noskill,tpa-order,44,Victory,37,0,37,904,324,509,0,26,8,2:8|3:7|4:12,0,25,0,1509004762
gym-opening-noskill,tpa-order,45,InProgress,61,1,60,664,198,255,2,24,7,3:7,0,66,1,41381194
gym-opening-noskill,tpa-order,46,Victory,60,0,60,1112,423,505,0,20,2,1:2|3:8|2:8,0,41,0,296686011
gym-opening-noskill,tpa-order,47,InProgress,61,1,60,640,235,220,2,38,2,3:2,0,58,1,410654752
gym-opening-noskill,tpa-order,48,InProgress,61,1,60,728,273,250,2,26,8,3:8|1:2,0,92,1,2872215641
gym-opening-noskill,tpa-order,49,Victory,33,0,33,840,292,677,0,15,2,1:2|3:8|2:8,0,18,0,1330343023
gym-opening-noskill,tpa-order,50,Defeat,16,0,16,304,67,0,4,81,8,2:8,0,38,1,4095957281
gym-opening-noskill,tpa-order,51,Victory,43,0,43,1080,402,745,0,19,7,3:7|1:7|2:8,0,32,0,2941375463
gym-opening-noskill,tpa-order,52,Defeat,30,0,30,432,112,0,3,37,2,1:2|2:8,0,61,1,4154983444
gym-opening-noskill,tpa-order,53,Victory,46,0,46,824,240,578,0,25,13,3:13,0,35,0,4172642227
gym-opening-noskill,tpa-order,54,InProgress,61,1,60,1048,435,610,1,19,8,2:8|3:7,0,55,0,1671344224
gym-opening-noskill,tpa-order,55,InProgress,61,1,60,1480,644,715,1,17,2,1:2|3:7|2:7,0,49,0,1602410015
gym-opening-noskill,tpa-order,56,InProgress,61,1,60,1512,697,645,1,13,8,1:8|3:8|4:13|2:7,0,62,0,3795671678
gym-opening-noskill,tpa-order,57,Victory,30,0,30,776,235,537,0,26,12,3:12|2:7|1:7,0,49,0,810247018
gym-opening-noskill,tpa-order,58,Defeat,27,0,27,408,84,0,2,47,2,2:2,0,38,0,3334631201
gym-opening-noskill,tpa-order,59,InProgress,61,1,60,1024,397,415,1,24,2,2:2|3:7,0,58,0,1640467124
gym-opening-noskill,tpa-order,60,Victory,49,0,49,848,381,530,0,16,8,2:8|1:7,0,40,0,1883073934
gym-opening-noskill,tpa-order,61,InProgress,61,1,60,1104,465,412,1,20,2,1:2|3:13,0,133,0,3175955755
gym-opening-noskill,tpa-order,62,Defeat,15,0,15,240,54,0,3,73,-1,,0,32,2,2354034513
gym-opening-noskill,tpa-order,63,InProgress,61,1,60,1064,435,408,1,15,2,1:2|3:8,0,53,1,4150646715
gym-opening-noskill,tpa-order,64,InProgress,61,1,60,704,245,250,2,29,2,2:2|3:2,0,57,1,3215054243
gym-opening-noskill,tpa-order,65,Defeat,15,0,15,280,51,0,3,91,-1,,0,36,2,3860712515
gym-opening-noskill,tpa-order,66,Victory,18,0,18,312,39,30,0,79,2,3:2,0,39,0,3787119184
gym-opening-noskill,tpa-order,67,InProgress,61,1,60,664,213,255,2,45,2,1:2|3:2,0,106,1,1593316102
gym-opening-noskill,tpa-order,68,Defeat,9,0,9,200,42,0,4,128,-1,,0,25,2,2036101270
gym-opening-noskill,tpa-order,69,InProgress,61,1,60,1040,403,572,2,21,8,2:8|3:7,0,74,1,2077616963
gym-opening-noskill,tpa-order,70,InProgress,61,1,60,664,205,238,2,44,7,2:7,0,34,1,27052479
gym-opening-noskill,tpa-order,71,Victory,60,0,60,1048,394,478,0,22,2,3:2|2:12,0,71,0,3374831029
gym-opening-noskill,tpa-order,72,Defeat,13,0,13,248,36,0,3,116,-1,,0,29,2,2791173194
gym-opening-noskill,tpa-order,73,Defeat,21,0,21,296,58,0,4,70,2,2:2,0,49,2,1074895517
gym-opening-noskill,tpa-order,74,Victory,36,0,36,680,234,359,0,42,2,3:2|1:2,0,42,0,1841597773
gym-opening-noskill,tpa-order,75,InProgress,61,1,60,640,240,372,1,32,13,2:13,0,70,0,2188279392
gym-opening-noskill,tpa-order,76,Victory,57,0,57,1120,394,374,0,20,7,3:7|1:2,0,67,0,165242260
gym-opening-noskill,tpa-order,77,Victory,42,0,42,824,248,332,0,34,2,2:2|3:8,0,37,0,3180957781
gym-opening-noskill,tpa-order,78,Victory,31,0,31,616,170,262,0,36,8,3:8|2:7,0,33,0,1346733720
gym-opening-noskill,tpa-order,79,InProgress,61,1,60,696,242,210,2,37,2,3:2,0,69,1,3668496642
gym-opening-noskill,tpa-order,80,Defeat,25,0,25,408,88,0,2,66,2,3:2|2:7,0,57,0,2185983965
gym-opening-noskill,tpa-order,81,Defeat,18,0,18,320,68,0,3,72,-1,,0,49,1,1570588188
gym-opening-noskill,tpa-order,82,InProgress,61,1,60,696,247,220,2,26,8,3:8,0,46,1,4067715632
gym-opening-noskill,tpa-order,83,InProgress,61,1,60,632,206,300,1,32,7,2:7|3:2,0,86,1,3084313789
gym-opening-noskill,tpa-order,84,Victory,53,0,53,560,156,180,0,38,8,3:8,0,35,0,278194935
gym-opening-noskill,tpa-order,85,Victory,26,0,26,672,204,640,0,21,7,1:7|2:7|3:12,0,26,0,1650640392
gym-opening-noskill,tpa-order,86,InProgress,61,1,60,728,226,136,1,26,7,3:7|1:7,0,97,1,3001018933
gym-opening-noskill,tpa-order,87,Defeat,10,0,10,208,31,0,3,119,-1,,0,27,2,1685241249
gym-opening-noskill,tpa-order,88,Victory,34,0,34,640,230,467,0,17,2,2:2|1:12,0,45,0,1491781900
gym-opening-noskill,tpa-order,89,Victory,32,0,32,800,278,765,0,20,2,1:2|3:7|2:7,0,22,0,1282971172
gym-opening-noskill,tpa-order,90,InProgress,61,1,60,1520,654,514,1,17,8,3:8|1:13|4:7,0,75,0,2090673596
gym-opening-noskill,tpa-order,91,InProgress,61,1,60,1048,458,581,2,18,8,2:8,0,41,1,1268247505
gym-opening-noskill,tpa-order,92,Victory,34,0,34,664,217,381,0,42,13,3:13|1:7,0,33,0,1346494977
gym-opening-noskill,tpa-order,93,Victory,52,0,52,912,333,530,0,19,12,3:12|1:7|2:8,0,43,1,3635766342
gym-opening-noskill,tpa-order,94,InProgress,61,1,60,712,233,205,2,29,12,3:12|1:2,0,134,0,1233673406
gym-opening-noskill,tpa-order,95,Victory,56,0,56,1368,610,730,0,14,2,2:2|3:7|1:7,0,34,0,529249919
gym-opening-noskill,tpa-order,96,Victory,60,0,60,896,314,258,0,24,7,2:7|4:12,0,46,0,2541071812
gym-opening-noskill,tpa-order,97,Victory,32,0,32,808,268,612,0,23,2,2:2|3:13|1:7,0,34,0,2371675316
gym-opening-noskill,tpa-order,98,Victory,29,0,29,728,228,726,0,26,2,2:2|1:13|3:12,0,27,0,1517172437
gym-opening-noskill,tpa-order,99,InProgress,61,1,60,672,226,270,2,26,7,3:7,0,34,2,295514435
gym-opening-noskill,tpa-order,100,Victory,26,0,26,664,222,827,0,20,2,3:2|1:7|2:8,0,10,0,162060156
gym-opening-noskill,tpa-order,101,Victory,38,0,38,480,131,105,0,38,8,1:8|2:7,0,54,0,1766601990
gym-opening-noskill,tpa-order,102,InProgress,61,1,60,1064,392,658,1,20,7,2:7|3:8,0,46,0,132160512
gym-opening-noskill,tpa-order,103,InProgress,61,1,60,1160,426,370,1,20,7,3:7|1:8,0,75,0,885197358
gym-opening-noskill,tpa-order,104,Victory,57,0,57,1416,574,784,0,15,8,1:8|3:7|2:12,0,42,0,1198832941
gym-opening-noskill,tpa-order,105,InProgress,61,1,60,1072,442,400,1,27,2,3:2|1:12,0,61,0,1623091442
gym-opening-noskill,tpa-order,106,Victory,26,0,26,832,312,779,0,12,7,3:7|4:7|1:12,0,9,0,648049039
gym-opening-noskill,tpa-order,107,Defeat,15,0,15,264,52,0,4,75,2,1:2,0,35,2,4056472922
gym-opening-noskill,tpa-order,108,Defeat,15,0,15,256,47,0,3,81,-1,,0,40,2,3453553672
gym-opening-noskill,tpa-order,109,Victory,34,0,34,640,204,367,0,28,7,1:7|2:12,0,38,0,3334591016
gym-opening-noskill,tpa-order,110,Victory,29,0,29,744,249,719,0,16,13,3:13|2:7|1:8,0,26,0,4150964408
gym-opening-noskill,tpa-order,111,Victory,56,0,56,592,200,157,0,31,2,2:2,0,43,0,899517177
gym-opening-noskill,tpa-order,112,Victory,58,0,58,672,227,128,0,40,2,3:2|2:2,0,52,0,3002803979
gym-opening-noskill,tpa-order,113,Victory,60,0,60,1112,434,349,0,22,2,1:2|2:7,0,48,0,16900524
gym-opening-noskill,tpa-order,114,Victory,26,0,26,648,208,840,0,13,7,3:7|1:7,0,25,0,2604929053
gym-opening-noskill,tpa-order,115,Defeat,15,0,15,304,47,0,4,71,8,1:8|3:12,0,34,0,2265155017
gym-opening-noskill,tpa-order,116,InProgress,61,1,60,712,248,316,1,34,7,3:7|2:13,0,81,0,1368343796
gym-opening-noskill,tpa-order,117,Defeat,21,0,21,360,75,0,3,64,2,1:2|3:2,0,55,1,2881024462
gym-opening-noskill,tpa-order,118,Victory,50,0,50,952,317,594,0,26,12,2:12|3:13,0,78,0,316759211
gym-opening-noskill,tpa-order,119,Victory,51,0,51,672,248,160,0,33,2,1:2|3:12,0,67,0,3453883042
gym-opening-noskill,tpa-order,120,InProgress,61,1,60,608,218,347,1,47,2,2:2,0,45,0,2612342143
gym-opening-noskill,tpa-order,121,Victory,50,0,50,904,343,609,0,18,7,2:7|3:12,0,17,0,3361215979
gym-opening-noskill,tpa-order,122,InProgress,61,1,60,664,201,220,1,36,2,3:2,0,66,0,2917331023
gym-opening-noskill,tpa-order,123,Defeat,14,0,14,304,62,0,4,78,13,1:13,0,37,1,811713036
gym-opening-noskill,tpa-order,124,Victory,45,0,45,1128,445,623,0,16,12,3:12|2:7|1:7,0,29,0,1201298858
gym-opening-noskill,tpa-order,125,InProgress,61,1,60,712,209,210,1,30,13,2:13|3:12,0,72,0,2338162365
gym-opening-noskill,tpa-order,126,InProgress,61,1,60,1096,429,654,1,14,12,4:12|3:12|2:7,0,60,0,190991568
gym-opening-noskill,tpa-order,127,Victory,39,0,39,992,353,755,0,20,7,2:7|3:7|1:8,0,40,0,1438247710
gym-opening-noskill,tpa-order,128,InProgress,61,1,60,1128,435,379,1,19,7,1:7|3:7,0,46,0,4171293798
gym-opening-noskill,tpa-order,129,Victory,29,0,29,536,147,476,0,46,8,2:8|1:7,0,29,0,2769474435
gym-opening-noskill,tpa-order,130,InProgress,61,1,60,640,199,300,1,31,2,3:2,0,48,1,4028880640
gym-opening-noskill,tpa-order,131,InProgress,61,1,60,1048,429,376,1,20,2,3:2|1:12,0,69,0,2306444687
gym-opening-noskill,tpa-order,132,InProgress,61,1,60,728,266,220,1,24,8,3:8,0,46,0,761684066
gym-opening-noskill,tpa-order,133,InProgress,61,1,60,1464,647,858,1,10,2,2:2|3:12|1:12,0,47,0,2655652882
gym-opening-noskill,tpa-order,134,InProgress,61,1,60,1024,432,645,1,15,2,2:2|3:7,0,54,0,3518766498
gym-opening-noskill,tpa-order,135,Victory,35,0,35,904,317,740,0,12,7,3:7|2:12,0,11,0,449110031
gym-opening-noskill,tpa-order,136,InProgress,61,1,60,648,228,435,2,35,2,2:2,0,54,1,2255806367
gym-opening-noskill,tpa-order,137,InProgress,61,1,60,600,216,336,2,41,8,2:8,0,55,1,1424334583
gym-opening-noskill,tpa-order,138,InProgress,61,1,60,1032,387,540,1,20,12,3:12|2:2,0,81,0,3136244628
gym-opening-noskill,tpa-order,139,Victory,28,0,28,704,218,732,0,22,2,2:2|3:2|1:2,0,23,0,820594490
gym-opening-noskill,tpa-order,140,Victory,50,0,50,1256,535,711,0,13,2,1:2|2:7|4:12,0,42,0,3785186810
gym-opening-noskill,tpa-order,141,Victory,47,0,47,880,283,326,0,25,2,1:2|3:7,0,41,0,47382323
gym-opening-noskill,tpa-order,142,Defeat,21,0,21,328,82,0,5,63,2,3:2|2:13,0,49,1,1624158247
gym-opening-noskill,tpa-order,143,Defeat,16,0,16,248,53,0,3,93,7,3:7,0,35,1,1632898001
gym-opening-noskill,tpa-order,144,InProgress,61,1,60,720,279,250,2,23,13,3:13,0,108,0,2781272065
gym-opening-noskill,tpa-order,145,Defeat,14,0,14,264,48,0,3,93,12,3:12,0,33,0,1724702278
gym-opening-noskill,tpa-order,146,InProgress,61,1,60,1048,416,423,1,22,7,2:7|3:12,0,34,0,3293799969
gym-opening-noskill,tpa-order,147,Victory,32,0,32,536,114,220,0,43,2,2:2|3:8,0,58,0,4155052896
gym-opening-noskill,tpa-order,148,Victory,56,0,56,1384,578,757,0,14,7,3:7|1:8|2:7,0,51,0,3808628544
gym-opening-noskill,tpa-order,149,InProgress,61,1,60,1040,403,521,1,16,2,3:2|2:7,0,64,0,416858161
gym-opening-noskill,tpa-order,150,Victory,26,0,26,832,250,1004,0,15,2,1:2|4:13|3:7|2:13,0,30,0,2756740287
gym-opening-noskill,tpa-order,151,Defeat,13,0,13,256,51,0,4,59,-1,,0,27,2,841709319
gym-opening-noskill,tpa-order,152,InProgress,61,1,60,1072,432,260,1,23,8,3:8|1:7,0,53,1,3711543455
gym-opening-noskill,tpa-order,153,Victory,31,0,31,680,205,398,0,37,13,1:13|3:7,0,42,0,1651973330
gym-opening-noskill,tpa-order,154,Defeat,14,0,14,264,48,0,4,100,2,2:2,0,29,1,931223598
gym-opening-noskill,tpa-order,155,Victory,19,0,19,400,80,321,0,42,2,3:2,0,21,0,2046824990
gym-opening-noskill,tpa-order,156,Victory,23,0,23,600,176,714,0,29,7,3:7|1:7|2:7,0,22,0,4257234482
gym-opening-noskill,tpa-order,157,InProgress,61,1,60,664,210,255,2,33,2,2:2|3:13,0,142,0,1311190487
gym-opening-noskill,tpa-order,158,InProgress,61,1,60,664,195,250,2,32,2,3:2,0,39,2,1649441051
gym-opening-noskill,tpa-order,159,Defeat,31,0,31,488,123,0,3,50,2,3:2,0,81,0,3099852056
gym-opening-noskill,tpa-order,160,Victory,60,0,60,704,232,290,0,23,8,3:8|2:13,0,55,0,2529900243
gym-opening-noskill,tpa-order,161,InProgress,61,1,60,664,166,210,1,36,12,3:12|1:7,0,123,0,506505158
gym-opening-noskill,tpa-order,162,Victory,51,0,51,1256,521,653,0,17,7,3:7|1:7|2:8,0,23,0,3327105308
gym-opening-noskill,tpa-order,163,Victory,41,0,41,752,256,390,0,28,7,3:7,0,33,0,1286893100
gym-opening-noskill,tpa-order,164,Defeat,14,0,14,264,45,0,4,81,13,3:13,0,42,1,826726426
gym-opening-noskill,tpa-order,165,Victory,27,0,27,504,135,458,0,33,2,2:2|3:13,0,29,0,2787704317
gym-opening-noskill,tpa-order,166,InProgress,61,1,60,1056,445,345,1,25,7,1:7|3:8,0,74,0,321820861
gym-opening-noskill,tpa-order,167,Victory,20,0,20,640,184,845,0,22,2,2:2|3:7|1:7|4:12,0,12,0,1060197746
gym-opening-noskill,tpa-order,168,InProgress,61,1,60,688,264,118,2,34,12,4:12|1:2,0,53,1,4144519665
gym-opening-noskill,tpa-order,169,Victory,39,0,39,512,149,174,0,37,12,3:12|2:7,0,49,0,3479467070
gym-opening-noskill,tpa-order,170,InProgress,61,1,60,1496,660,835,1,10,8,3:8|2:8|1:8,0,44,0,2872837678
gym-opening-noskill,tpa-order,171,Victory,37,0,37,952,374,518,0,21,13,3:13|1:7|4:12,0,17,0,1984969603
gym-opening-noskill,tpa-order,172,InProgress,61,1,60,688,255,435,2,37,2,1:2,0,80,1,798049771
gym-opening-noskill,tpa-order,173,Victory,22,0,22,568,140,655,0,32,7,3:7|1:2|2:7,0,31,0,3173642855
gym-opening-noskill,tpa-order,174,Defeat,25,0,25,368,77,0,3,67,2,2:2|3:2,0,78,0,3771142764
gym-opening-noskill,tpa-order,175,InProgress,61,1,60,1048,396,610,1,15,2,3:2|2:7,0,52,0,3068108090
gym-opening-noskill,tpa-order,176,Victory,44,0,44,1080,437,801,0,11,7,2:7|3:2|1:7,0,28,0,3626660343
gym-opening-noskill,tpa-order,177,Defeat,11,0,11,224,58,0,5,60,-1,,0,22,2,2849176509
gym-opening-noskill,tpa-order,178,Victory,53,0,53,720,186,250,0,25,7,2:7|3:7,0,69,0,3229298048
gym-opening-noskill,tpa-order,179,Victory,48,0,48,1176,450,524,0,16,2,1:2|2:8|3:12,0,40,0,2345983831
gym-opening-noskill,tpa-order,180,InProgress,61,1,60,616,234,225,2,35,7,3:7,0,61,1,3173013969
gym-opening-noskill,tpa-order,181,Victory,29,0,29,464,95,190,0,41,2,2:2|3:7,0,30,0,941079510
gym-opening-noskill,tpa-order,182,Victory,51,0,51,928,365,404,0,25,8,1:8|3:7,0,34,0,423295669
gym-opening-noskill,tpa-order,183,InProgress,61,1,60,1104,423,366,1,18,2,3:2|1:2,0,73,0,4221910966
gym-opening-noskill,tpa-order,184,Victory,28,0,28,360,62,50,0,51,2,3:2,0,51,0,1518531726
gym-opening-noskill,tpa-order,185,Defeat,15,0,15,280,54,0,4,82,8,3:8,0,40,1,2952871404
gym-opening-noskill,tpa-order,186,Defeat,9,0,9,200,46,0,4,136,-1,,0,24,2,2873302909
gym-opening-noskill,tpa-order,187,Victory,40,0,40,752,281,350,0,39,8,2:8|1:12,0,40,0,1311660986
gym-opening-noskill,tpa-order,188,Defeat,13,0,13,224,46,0,5,75,-1,,0,33,2,1532784666
gym-opening-noskill,tpa-order,189,Victory,29,0,29,920,319,889,0,12,7,4:7|1:7|2:7|3:7,0,10,0,204633327
gym-opening-noskill,tpa-order,190,Victory,38,0,38,696,234,516,0,25,12,3:12|2:8,0,16,0,1970154864
gym-opening-noskill,tpa-order,191,Victory,57,0,57,1072,407,517,0,19,2,3:2|1:2|2:8,0,73,0,3472677349
gym-opening-noskill,tpa-order,192,Victory,15,0,15,384,85,715,0,20,7,3:7|2:2|1:12,0,8,0,2926558740
gym-opening-noskill,tpa-order,193,Victory,42,0,42,768,268,330,0,32,7,1:7|3:12,0,51,0,3536798830
gym-opening-noskill,tpa-order,194,Defeat,17,0,17,304,78,0,4,81,-1,,0,41,2,3813202496
gym-opening-noskill,tpa-order,195,Victory,22,0,22,552,156,593,0,24,13,1:13|3:7|2:7,0,22,0,4188687506
gym-opening-noskill,tpa-order,196,Victory,33,0,33,704,238,338,0,34,8,1:8|2:8|3:12,0,38,0,3082984709
gym-opening-noskill,tpa-order,197,Victory,23,0,23,496,117,515,0,25,2,3:2|2:7,0,19,0,3117163740
gym-opening-noskill,tpa-order,198,Victory,30,0,30,600,193,396,0,37,2,1:2|3:8,0,23,0,3159082064
gym-opening-noskill,tpa-order,199,Victory,43,0,43,824,258,426,0,27,2,3:2|2:13,0,57,0,837402647
gym-opening-noskill,tpa-order,200,Victory,50,0,50,656,197,180,0,32,12,1:12|3:7,0,72,0,1140144370
gym-opening-noskill,control-hold,1,InProgress,61,1,60,1120,471,620,1,10,7,4:7|2:7|3:8,0,33,0,1116303216
gym-opening-noskill,control-hold,2,InProgress,61,1,60,712,259,220,2,35,7,3:7,0,67,1,573710955
gym-opening-noskill,control-hold,3,Defeat,18,0,18,320,79,0,4,92,2,3:2,0,52,0,392152190
gym-opening-noskill,control-hold,4,Victory,41,0,41,752,233,352,0,21,7,1:7|2:12,0,30,0,1940331615
gym-opening-noskill,control-hold,5,Victory,33,0,33,832,289,726,0,21,7,1:7|3:8|2:12,0,24,0,3280719095
gym-opening-noskill,control-hold,6,InProgress,61,1,60,656,232,220,1,23,12,3:12,0,39,0,1587229308
gym-opening-noskill,control-hold,7,Victory,46,0,46,856,315,468,0,24,7,3:7|1:7,0,38,0,2387230312
gym-opening-noskill,control-hold,8,Defeat,14,0,14,240,45,0,4,90,-1,,0,34,2,883914431
gym-opening-noskill,control-hold,9,Victory,47,0,47,832,315,486,0,20,7,1:7|2:7,0,20,0,4264564782
gym-opening-noskill,control-hold,10,Victory,16,0,16,488,123,769,0,18,7,1:7|2:7|4:12|3:8,0,8,1,2291320206
gym-opening-noskill,control-hold,11,Victory,59,0,59,648,242,172,0,33,7,1:7,0,39,0,3381336497
gym-opening-noskill,control-hold,12,Defeat,11,0,11,224,42,0,3,85,-1,,0,25,2,2682912760
gym-opening-noskill,control-hold,13,InProgress,61,1,60,1016,430,553,1,16,7,3:7|2:7,0,30,0,960930376
gym-opening-noskill,control-hold,14,Victory,34,0,34,856,314,736,0,18,2,1:2|3:13|2:8,0,36,0,1403164459
gym-opening-noskill,control-hold,15,Victory,55,0,55,1288,543,559,0,13,7,2:7|3:8|4:12,0,35,0,3021375936
gym-opening-noskill,control-hold,16,InProgress,61,1,60,656,265,200,2,26,7,3:7|2:8,0,123,0,4135835315
gym-opening-noskill,control-hold,17,Victory,47,0,47,592,168,235,0,41,2,1:2|2:12,0,68,0,2899893902
gym-opening-noskill,control-hold,18,InProgress,61,1,60,672,229,270,1,34,12,3:12,0,95,0,1792313609
gym-opening-noskill,control-hold,19,InProgress,61,1,60,688,214,300,1,29,2,3:2,0,49,1,2902421074
gym-opening-noskill,control-hold,20,InProgress,61,1,60,1464,691,728,1,16,12,3:12|1:7,0,63,0,1535948231
gym-opening-noskill,control-hold,21,Defeat,17,0,17,304,48,0,3,76,12,3:12,0,48,1,2441179005
gym-opening-noskill,control-hold,22,Victory,51,0,51,904,380,485,0,19,8,3:8|2:12,0,40,0,857047481
gym-opening-noskill,control-hold,23,Victory,50,0,50,1224,517,735,0,21,2,2:2|3:8|1:7,0,45,0,4112225051
gym-opening-noskill,control-hold,24,Victory,37,0,37,680,228,324,0,27,7,2:7|3:8,0,45,0,1211230295
gym-opening-noskill,control-hold,25,InProgress,61,1,60,1480,650,629,1,15,2,1:2|2:7|3:7,0,80,0,327069463
gym-opening-noskill,control-hold,26,InProgress,61,1,60,640,196,215,2,31,12,1:12|3:7,0,102,0,3526388819
gym-opening-noskill,control-hold,27,Victory,42,0,42,768,281,259,0,30,2,3:2,0,43,0,3101809086
gym-opening-noskill,control-hold,28,InProgress,61,1,60,1176,432,593,1,17,2,3:2|4:8|2:12,0,74,0,3271421745
gym-opening-noskill,control-hold,29,InProgress,61,1,60,1032,390,603,1,20,7,2:7|3:2,0,81,1,2591420860
gym-opening-noskill,control-hold,30,Defeat,13,0,13,272,68,0,2,70,8,1:8,0,22,1,719499096
gym-opening-noskill,control-hold,31,Defeat,27,0,27,440,88,0,3,60,13,3:13|1:2,0,84,1,3375849183
gym-opening-noskill,control-hold,32,InProgress,61,1,60,664,156,240,1,34,2,3:2,0,71,0,2649427382
gym-opening-noskill,control-hold,33,Defeat,25,0,25,424,95,0,3,50,2,1:2|3:7,0,53,1,1937440193
gym-opening-noskill,control-hold,34,InProgress,61,1,60,1096,451,534,1,18,7,2:7|3:8,0,49,1,544713000
gym-opening-noskill,control-hold,35,Victory,58,0,58,1024,417,272,0,17,13,3:13|1:7,0,74,0,3420872800
gym-opening-noskill,control-hold,36,Victory,27,0,27,704,227,548,0,29,13,2:13|3:7,0,30,0,3929997310
gym-opening-noskill,control-hold,37,Victory,27,0,27,696,234,573,0,27,8,3:8|2:8|1:13,0,28,0,3854122177
gym-opening-noskill,control-hold,38,Victory,45,0,45,816,301,392,0,22,8,1:8|3:12,0,48,0,2785653134
gym-opening-noskill,control-hold,39,Victory,52,0,52,1304,512,749,0,15,8,1:8|3:12|2:12,0,56,0,3824357664
gym-opening-noskill,control-hold,40,Defeat,17,0,17,328,84,0,4,75,-1,,0,39,2,3598487915
gym-opening-noskill,control-hold,41,Victory,43,0,43,800,300,372,0,24,2,2:2|1:7|3:12,0,24,0,1850531192
gym-opening-noskill,control-hold,42,Defeat,25,0,25,424,102,0,4,58,-1,,0,56,2,1980975268
gym-opening-noskill,control-hold,43,InProgress,61,1,60,1048,437,565,1,22,2,2:2|3:7,0,44,1,384455011
gym-opening-noskill,control-hold,44,Victory,37,0,37,904,324,509,0,26,8,2:8|3:7|4:12,0,25,0,1509004762
gym-opening-noskill,control-hold,45,InProgress,61,1,60,688,206,280,1,23,2,1:2|3:8,0,49,0,2235220041
gym-opening-noskill,control-hold,46,InProgress,61,1,60,1048,390,578,2,27,2,3:2|2:8,0,96,1,1667266204
gym-opening-noskill,control-hold,47,Defeat,23,0,23,392,76,0,1,55,2,3:2|1:2,0,60,0,621804532
gym-opening-noskill,control-hold,48,Victory,34,0,34,520,153,180,0,40,8,3:8|1:2,0,52,0,2848229278
gym-opening-noskill,control-hold,49,Victory,33,0,33,840,292,677,0,15,2,1:2|3:8|2:8,0,18,0,1330343023
gym-opening-noskill,control-hold,50,Defeat,16,0,16,304,67,0,4,81,8,2:8,0,38,1,2093391213
gym-opening-noskill,control-hold,51,Victory,49,0,49,1224,505,796,0,15,7,3:7|1:7,0,22,0,3792322752
gym-opening-noskill,control-hold,52,Defeat,30,0,30,432,112,0,3,37,2,1:2|2:8,0,61,1,4154983444
gym-opening-noskill,control-hold,53,Victory,43,0,43,776,246,543,0,42,13,3:13|2:12,0,73,0,2155159081
gym-opening-noskill,control-hold,54,InProgress,61,1,60,1048,435,610,1,19,8,2:8|3:7,0,55,0,1671344224
gym-opening-noskill,control-hold,55,InProgress,61,1,60,1480,653,727,1,15,2,2:2|3:7|1:7,0,71,0,1006821311
gym-opening-noskill,control-hold,56,Victory,43,0,43,1224,537,835,0,14,7,2:7|3:13|1:12|4:8,0,39,0,931858574
gym-opening-noskill,control-hold,57,Victory,30,0,30,776,235,537,0,26,12,3:12|2:7|1:7,0,49,0,810247018
gym-opening-noskill,control-hold,58,Victory,38,0,38,760,203,610,0,23,7,1:7|2:2|3:8,0,75,0,3833643544
gym-opening-noskill,control-hold,59,InProgress,61,1,60,1024,397,415,1,24,2,2:2|3:7,0,58,0,1640467124
gym-opening-noskill,control-hold,60,Victory,49,0,49,848,381,530,0,16,8,2:8|1:7,0,40,0,1883073934
gym-opening-noskill,control-hold,61,InProgress,61,1,60,1104,480,402,2,18,2,1:2|3:8,0,127,0,2362302205
gym-opening-noskill,control-hold,62,Defeat,15,0,15,240,54,0,4,76,-1,,0,33,2,605364973
gym-opening-noskill,control-hold,63,InProgress,61,1,60,1064,435,408,1,15,2,1:2|3:8,0,53,1,4150646715
gym-opening-noskill,control-hold,64,InProgress,61,1,60,704,245,250,2,29,2,2:2|3:2,0,57,1,3215054243
gym-opening-noskill,control-hold,65,Defeat,15,0,15,280,51,0,3,91,-1,,0,36,2,3860712515
gym-opening-noskill,control-hold,66,Victory,18,0,18,312,39,30,0,79,2,3:2,0,39,0,3787119184
gym-opening-noskill,control-hold,67,InProgress,61,1,60,664,213,255,2,45,2,1:2|3:2,0,106,1,1593316102
gym-opening-noskill,control-hold,68,Defeat,8,0,8,192,42,0,5,133,-1,,0,24,2,1314397264
gym-opening-noskill,control-hold,69,Defeat,11,0,11,232,27,0,5,120,13,3:13,0,30,1,1355282536
gym-opening-noskill,control-hold,70,Victory,55,0,55,984,390,529,0,20,2,3:2|2:2|1:7,0,52,0,863866592
gym-opening-noskill,control-hold,71,Victory,60,0,60,1048,394,478,0,22,2,3:2|2:12,0,71,0,3374831029
gym-opening-noskill,control-hold,72,Defeat,42,0,42,488,100,0,1,65,2,1:2,0,65,0,1844199810
gym-opening-noskill,control-hold,73,Defeat,15,0,15,248,55,0,5,87,2,2:2,0,44,2,2739819851
gym-opening-noskill,control-hold,74,Victory,26,0,26,360,76,190,0,93,2,3:2,0,27,0,2445877921
gym-opening-noskill,control-hold,75,InProgress,61,1,60,640,240,372,1,32,13,2:13,0,70,0,2188279392
gym-opening-noskill,control-hold,76,Victory,57,0,57,1120,394,374,0,20,7,3:7|1:2,0,67,0,165242260
gym-opening-noskill,control-hold,77,Victory,42,0,42,824,248,332,0,34,2,2:2|3:8,0,37,0,3180957781
gym-opening-noskill,control-hold,78,Victory,48,0,48,872,274,475,0,22,8,2:8|3:7,0,49,0,1282120632
gym-opening-noskill,control-hold,79,Defeat,14,0,14,296,62,0,3,78,13,1:13,0,32,1,1692512787
gym-opening-noskill,control-hold,80,Defeat,25,0,25,408,88,0,2,66,2,3:2|2:7,0,57,0,2185983965
gym-opening-noskill,control-hold,81,Defeat,22,0,22,352,86,0,3,65,-1,,0,58,1,795349382
gym-opening-noskill,control-hold,82,InProgress,61,1,60,696,247,220,2,26,8,3:8,0,46,1,354982295
gym-opening-noskill,control-hold,83,InProgress,61,1,60,632,206,300,1,32,7,2:7|3:2,0,86,1,3084313789
gym-opening-noskill,control-hold,84,InProgress,61,1,60,616,187,220,1,38,7,3:7,0,56,1,1819221621
gym-opening-noskill,control-hold,85,Victory,26,0,26,672,204,640,0,21,7,1:7|2:7|3:12,0,26,0,1650640392
gym-opening-noskill,control-hold,86,InProgress,61,1,60,728,226,136,1,26,7,3:7|1:7,0,97,1,3001018933
gym-opening-noskill,control-hold,87,InProgress,61,1,60,656,256,157,2,42,2,3:2|1:2,0,100,1,2730188656
gym-opening-noskill,control-hold,88,Victory,34,0,34,640,230,467,0,17,2,2:2|1:12,0,45,0,1491781900
gym-opening-noskill,control-hold,89,Victory,32,0,32,800,278,765,0,20,2,1:2|3:7|2:7,0,22,0,1282971172
gym-opening-noskill,control-hold,90,InProgress,61,1,60,1520,654,514,1,17,8,3:8|1:13|4:7,0,75,0,2090673596
gym-opening-noskill,control-hold,91,InProgress,61,1,60,1048,458,581,2,18,8,2:8,0,41,1,1268247505
gym-opening-noskill,control-hold,92,Victory,49,0,49,944,321,405,0,33,7,1:7|3:12,0,52,0,1336807932
gym-opening-noskill,control-hold,93,Victory,52,0,52,912,333,530,0,19,12,3:12|1:7|2:8,0,43,1,3635766342
gym-opening-noskill,control-hold,94,InProgress,61,1,60,712,233,205,2,29,12,3:12|1:2,0,134,0,1233673406
gym-opening-noskill,control-hold,95,Victory,56,0,56,1368,610,730,0,14,2,2:2|3:7|1:7,0,34,0,529249919
gym-opening-noskill,control-hold,96,InProgress,61,1,60,664,229,305,1,30,7,2:7,0,33,0,494386954
gym-opening-noskill,control-hold,97,InProgress,61,1,60,1064,404,622,1,18,2,2:2|3:7,0,58,0,2681932
gym-opening-noskill,control-hold,98,Victory,29,0,29,728,228,726,0,26,2,2:2|1:13|3:12,0,27,0,1517172437
gym-opening-noskill,control-hold,99,InProgress,61,1,60,648,216,285,2,29,7,3:7,0,39,2,529955409
gym-opening-noskill,control-hold,100,InProgress,61,1,60,1056,402,612,1,22,2,2:2|3:2,0,40,0,96548400
gym-opening-noskill,control-hold,101,Victory,38,0,38,480,131,105,0,38,8,1:8|2:7,0,54,0,1766601990
gym-opening-noskill,control-hold,102,Victory,24,0,24,632,164,622,0,32,7,2:7|3:7|1:7,0,22,0,2167173868
gym-opening-noskill,control-hold,103,InProgress,61,1,60,1160,426,370,1,20,7,3:7|1:8,0,75,0,885197358
gym-opening-noskill,control-hold,104,Victory,57,0,57,1416,574,784,0,15,8,1:8|3:7|2:12,0,42,0,1198832941
gym-opening-noskill,control-hold,105,InProgress,61,1,60,1072,442,400,1,27,2,3:2|1:12,0,61,0,1623091442
gym-opening-noskill,control-hold,106,Victory,38,0,38,1216,469,714,0,12,2,4:2|3:12|1:7|2:13,0,18,0,896282160
gym-opening-noskill,control-hold,107,Defeat,13,0,13,232,59,0,6,106,-1,,0,37,2,296138437
gym-opening-noskill,control-hold,108,Defeat,15,0,15,256,47,0,3,81,-1,,0,40,2,3453553672
gym-opening-noskill,control-hold,109,Victory,34,0,34,640,204,367,0,28,7,1:7|2:12,0,38,0,3334591016
gym-opening-noskill,control-hold,110,Victory,35,0,35,728,185,576,0,34,7,1:7|2:2|3:2,0,65,0,1834313597
gym-opening-noskill,control-hold,111,Victory,56,0,56,592,200,157,0,31,2,2:2,0,43,0,899517177
gym-opening-noskill,control-hold,112,Defeat,22,0,22,336,97,0,3,64,2,2:2,0,51,1,3886097963
gym-opening-noskill,control-hold,113,Victory,60,0,60,1112,434,349,0,22,2,1:2|2:7,0,48,0,16900524
gym-opening-noskill,control-hold,114,Victory,26,0,26,648,208,840,0,13,7,3:7|1:7,0,25,0,2604929053
gym-opening-noskill,control-hold,115,Defeat,15,0,15,304,47,0,4,71,8,1:8|3:12,0,34,0,2265155017
gym-opening-noskill,control-hold,116,InProgress,61,1,60,712,248,316,1,34,7,3:7|2:13,0,81,0,1368343796
gym-opening-noskill,control-hold,117,Defeat,13,0,13,264,57,0,4,78,2,3:2,0,37,2,1557393924
gym-opening-noskill,control-hold,118,Victory,50,0,50,952,324,585,0,25,12,2:12|3:13,0,76,0,2136043580
gym-opening-noskill,control-hold,119,Defeat,25,0,25,464,131,0,3,51,2,1:2,0,67,2,1038943364
gym-opening-noskill,control-hold,120,InProgress,61,1,60,608,218,347,1,47,2,2:2,0,45,0,2612342143
gym-opening-noskill,control-hold,121,Victory,42,0,42,752,258,376,0,32,12,2:12|3:13,0,46,0,1935025122
gym-opening-noskill,control-hold,122,InProgress,61,1,60,1048,362,611,1,21,7,2:7|3:7,0,49,0,2348785632
gym-opening-noskill,control-hold,123,InProgress,61,1,60,680,226,230,2,31,7,3:7,0,37,1,3861448538
gym-opening-noskill,control-hold,124,Victory,55,0,55,992,379,405,0,22,8,3:8|2:2,0,47,0,3923435816
gym-opening-noskill,control-hold,125,InProgress,61,1,60,712,209,210,1,30,13,2:13|3:12,0,72,0,2338162365
gym-opening-noskill,control-hold,126,InProgress,61,1,60,1096,429,654,1,14,12,4:12|3:12|2:7,0,60,0,190991568
gym-opening-noskill,control-hold,127,Victory,55,0,55,1024,355,495,0,25,2,2:2|1:8|3:12,0,88,0,3394382526
gym-opening-noskill,control-hold,128,InProgress,61,1,60,1128,435,379,1,19,7,1:7|3:7,0,46,0,4171293798
gym-opening-noskill,control-hold,129,Victory,19,0,19,488,143,756,0,29,7,3:7|2:12|1:8,0,15,0,858079988
gym-opening-noskill,control-hold,130,InProgress,61,1,60,664,248,300,1,26,7,3:7,0,33,1,1165510874
gym-opening-noskill,control-hold,131,InProgress,61,1,60,1048,429,376,1,20,2,3:2|1:12,0,69,0,2306444687
gym-opening-noskill,control-hold,132,InProgress,61,1,60,720,252,240,2,27,8,3:8,0,62,0,2191557141
gym-opening-noskill,control-hold,133,InProgress,61,1,60,1032,469,610,2,13,12,3:12|2:7,0,77,0,3403658989
gym-opening-noskill,control-hold,134,InProgress,61,1,60,1024,432,645,1,15,2,2:2|3:7,0,54,0,3518766498
gym-opening-noskill,control-hold,135,Victory,28,0,28,896,306,966,0,13,2,1:2|2:7|3:2|4:12,0,20,0,3252653889
gym-opening-noskill,control-hold,136,InProgress,61,1,60,648,231,435,2,33,2,2:2,0,54,1,583904774
gym-opening-noskill,control-hold,137,InProgress,61,1,60,600,216,336,2,41,8,2:8,0,55,1,1424334583
gym-opening-noskill,control-hold,138,Victory,53,0,53,920,319,595,0,16,2,2:2|3:7,0,48,0,523073716
gym-opening-noskill,control-hold,139,Victory,28,0,28,704,218,732,0,22,2,2:2|3:2|1:2,0,23,0,820594490
gym-opening-noskill,control-hold,140,Victory,50,0,50,1256,535,711,0,13,2,1:2|2:7|4:12,0,42,0,3785186810
gym-opening-noskill,control-hold,141,Victory,47,0,47,880,283,326,0,25,2,1:2|3:7,0,41,0,47382323
gym-opening-noskill,control-hold,142,Defeat,21,0,21,328,82,0,5,63,2,3:2|2:13,0,49,1,2032995147
gym-opening-noskill,control-hold,143,Defeat,17,0,17,248,61,0,7,93,-1,,0,68,2,2672041929
gym-opening-noskill,control-hold,144,InProgress,61,1,60,712,232,290,2,24,13,3:13,0,116,1,2083334245
gym-opening-noskill,control-hold,145,Defeat,14,0,14,264,48,0,3,93,12,3:12,0,33,0,1724702278
gym-opening-noskill,control-hold,146,InProgress,61,1,60,1048,428,535,1,22,7,2:7|3:13,0,63,0,3446599781
gym-opening-noskill,control-hold,147,Victory,32,0,32,536,114,220,0,43,2,2:2|3:8,0,58,0,4155052896
gym-opening-noskill,control-hold,148,Victory,56,0,56,1384,578,757,0,14,7,3:7|1:8|2:7,0,51,0,3808628544
gym-opening-noskill,control-hold,149,InProgress,61,1,60,1040,403,521,1,16,2,3:2|2:7,0,64,0,416858161
gym-opening-noskill,control-hold,150,Victory,26,0,26,832,250,1004,0,15,2,1:2|4:13|3:7|2:13,0,30,0,2756740287
gym-opening-noskill,control-hold,151,Defeat,13,0,13,256,51,0,4,59,-1,,0,27,2,841709319
gym-opening-noskill,control-hold,152,InProgress,61,1,60,1072,432,260,1,23,8,3:8|1:7,0,53,1,3711543455
gym-opening-noskill,control-hold,153,InProgress,61,1,60,704,242,170,2,29,2,3:2,0,78,1,2630375324
gym-opening-noskill,control-hold,154,InProgress,61,1,60,1080,464,436,1,18,2,3:2|1:7,0,45,0,1619299293
gym-opening-noskill,control-hold,155,Victory,52,0,52,824,308,65,0,29,7,3:7|1:13,0,59,0,2668815461
gym-opening-noskill,control-hold,156,Victory,40,0,40,1024,360,640,0,23,8,3:8|1:7|2:12,0,32,0,4216444389
gym-opening-noskill,control-hold,157,InProgress,61,1,60,664,210,255,2,33,2,2:2|3:13,0,142,0,1311190487
gym-opening-noskill,control-hold,158,InProgress,61,1,60,664,194,250,2,32,2,3:2,0,39,2,1649441051
gym-opening-noskill,control-hold,159,Defeat,15,0,15,320,92,0,5,62,13,3:13,0,48,1,4233606966
gym-opening-noskill,control-hold,160,Victory,60,0,60,704,232,290,0,23,8,3:8|2:13,0,55,0,2529900243
gym-opening-noskill,control-hold,161,InProgress,61,1,60,664,166,210,1,36,12,3:12|1:7,0,123,0,506505158
gym-opening-noskill,control-hold,162,Victory,51,0,51,1256,521,653,0,17,7,3:7|1:7|2:8,0,23,0,3327105308
gym-opening-noskill,control-hold,163,Victory,41,0,41,752,256,390,0,28,7,3:7,0,33,0,1286893100
gym-opening-noskill,control-hold,164,Defeat,14,0,14,264,45,0,4,81,13,3:13,0,42,1,826726426
gym-opening-noskill,control-hold,165,Victory,27,0,27,672,188,628,0,23,2,2:2|3:7|1:7,0,31,0,243076709
gym-opening-noskill,control-hold,166,InProgress,61,1,60,1056,445,345,1,25,7,1:7|3:8,0,74,0,321820861
gym-opening-noskill,control-hold,167,Victory,56,0,56,1640,720,694,0,11,8,3:8|4:12|1:7|2:12,0,45,0,3578220156
gym-opening-noskill,control-hold,168,InProgress,61,1,60,688,257,158,1,33,12,4:12|1:12,0,76,0,1621092946
gym-opening-noskill,control-hold,169,Victory,39,0,39,512,149,174,0,37,12,3:12|2:7,0,49,0,3479467070
gym-opening-noskill,control-hold,170,Victory,52,0,52,1304,552,566,0,11,13,3:13|1:13|2:7,0,50,0,4218599771
gym-opening-noskill,control-hold,171,Victory,17,0,17,472,130,589,0,40,8,1:8|3:12|4:13,0,17,1,4112832838
gym-opening-noskill,control-hold,172,InProgress,61,1,60,688,255,435,2,37,2,1:2,0,80,1,798049771
gym-opening-noskill,control-hold,173,Victory,22,0,22,568,140,655,0,32,7,3:7|1:2|2:7,0,31,0,3173642855
gym-opening-noskill,control-hold,174,Defeat,25,0,25,368,77,0,3,67,2,2:2|3:2,0,78,0,825625775
gym-opening-noskill,control-hold,175,InProgress,61,1,60,1048,406,491,1,20,2,3:2|2:7,0,32,0,1855620671
gym-opening-noskill,control-hold,176,Victory,44,0,44,1080,437,801,0,11,7,2:7|3:2|1:7,0,28,0,3626660343
gym-opening-noskill,control-hold,177,Victory,41,0,41,464,90,215,0,43,2,3:2,0,89,0,1891090206
gym-opening-noskill,control-hold,178,Victory,53,0,53,720,186,250,0,25,7,2:7|3:7,0,69,0,3229298048
gym-opening-noskill,control-hold,179,Victory,48,0,48,1176,450,524,0,16,2,1:2|2:8|3:12,0,40,0,2345983831
gym-opening-noskill,control-hold,180,Defeat,17,0,17,272,57,0,3,88,2,3:2,0,45,1,2671700960
gym-opening-noskill,control-hold,181,InProgress,61,1,60,688,212,333,2,31,2,3:2|2:12,0,131,0,335515490
gym-opening-noskill,control-hold,182,Victory,51,0,51,928,365,404,0,25,8,1:8|3:7,0,34,0,423295669
gym-opening-noskill,control-hold,183,InProgress,61,1,60,1104,423,366,1,18,2,3:2|1:2,0,73,0,4221910966
gym-opening-noskill,control-hold,184,Defeat,20,0,20,296,55,0,4,70,2,3:2,0,65,1,740799533
gym-opening-noskill,control-hold,185,Defeat,16,0,16,288,59,0,3,75,-1,,0,42,2,1625582567
gym-opening-noskill,control-hold,186,Defeat,10,0,10,208,46,0,3,126,-1,,0,27,2,4080296460
gym-opening-noskill,control-hold,187,Defeat,19,0,19,384,107,0,2,85,12,1:12,0,45,1,3933026704
gym-opening-noskill,control-hold,188,Defeat,13,0,13,224,46,0,5,75,-1,,0,33,2,2838210962
gym-opening-noskill,control-hold,189,Victory,29,0,29,920,319,889,0,12,7,4:7|1:7|2:7|3:7,0,10,0,204633327
gym-opening-noskill,control-hold,190,InProgress,61,1,60,1040,425,650,1,24,8,3:8,0,76,0,71277158
gym-opening-noskill,control-hold,191,Victory,57,0,57,1072,407,517,0,19,2,3:2|1:2|2:8,0,73,0,3472677349
gym-opening-noskill,control-hold,192,Victory,15,0,15,384,85,715,0,20,7,3:7|2:2|1:12,0,8,0,2926558740
gym-opening-noskill,control-hold,193,Victory,24,0,24,408,98,169,0,64,8,3:8|1:12,0,60,0,3529552888
gym-opening-noskill,control-hold,194,Defeat,17,0,17,304,78,0,4,81,-1,,0,41,2,3813202496
gym-opening-noskill,control-hold,195,Victory,22,0,22,552,156,593,0,24,13,1:13|3:7|2:7,0,22,0,4188687506
gym-opening-noskill,control-hold,196,Victory,33,0,33,704,238,338,0,34,8,1:8|2:8|3:12,0,38,0,3082984709
gym-opening-noskill,control-hold,197,Victory,23,0,23,496,117,515,0,25,2,3:2|2:7,0,19,0,3117163740
gym-opening-noskill,control-hold,198,Victory,30,0,30,600,193,396,0,37,2,1:2|3:8,0,23,0,3159082064
gym-opening-noskill,control-hold,199,Victory,43,0,43,824,258,426,0,27,2,3:2|2:13,0,57,0,837402647
gym-opening-noskill,control-hold,200,InProgress,61,1,60,752,245,220,1,29,12,1:12|3:7,0,108,0,1398548205
gym-opening-noskill,charge,1,Defeat,10,0,10,240,46,0,2,146,13,3:13|2:8,0,24,0,3854531910
gym-opening-noskill,charge,2,Defeat,7,0,7,144,20,0,4,116,12,4:12|3:13,0,11,2,517608638
gym-opening-noskill,charge,3,Defeat,12,0,12,288,89,0,2,80,8,3:8|4:12|2:7|1:7,0,21,0,3010562106
gym-opening-noskill,charge,4,Defeat,10,0,10,152,24,0,4,131,13,3:13,0,26,1,2216905207
gym-opening-noskill,charge,5,Defeat,13,0,13,208,25,0,2,123,8,3:8|2:7,0,21,1,388950688
gym-opening-noskill,charge,6,Defeat,10,0,10,184,20,0,3,104,12,4:12,0,16,2,1300304294
gym-opening-noskill,charge,7,Defeat,10,0,10,184,25,0,3,104,-1,,0,16,2,3580922645
gym-opening-noskill,charge,8,Defeat,9,0,9,144,22,0,6,138,12,4:12,0,26,2,2192839781
gym-opening-noskill,charge,9,Defeat,9,0,9,168,28,0,5,114,12,4:12,0,19,2,949980670
gym-opening-noskill,charge,10,Defeat,13,0,13,304,89,0,1,81,12,4:12|3:7|2:8|1:7,0,13,1,3715065714
gym-opening-noskill,charge,11,Defeat,7,0,7,136,19,0,4,117,-1,,0,13,2,681818004
gym-opening-noskill,charge,12,Defeat,8,0,8,152,25,0,5,121,12,4:12,0,16,2,1079751922
gym-opening-noskill,charge,13,Defeat,15,0,15,248,49,0,1,87,2,4:2|2:7,0,10,0,2290224371
gym-opening-noskill,charge,14,Defeat,8,0,8,136,28,0,5,147,-1,,0,16,2,1403814849
gym-opening-noskill,charge,15,Defeat,8,0,8,144,28,0,6,150,-1,,0,23,2,2910255058
gym-opening-noskill,charge,16,Defeat,12,0,12,184,43,0,4,100,13,3:13,0,10,2,2186184722
gym-opening-noskill,charge,17,Defeat,8,0,8,152,25,0,5,121,12,3:12,0,17,2,1318991834
gym-opening-noskill,charge,18,Defeat,11,0,11,200,69,0,5,104,-1,,0,26,2,3524594660
gym-opening-noskill,charge,19,Defeat,10,0,10,176,22,0,2,95,8,3:8|2:7,0,12,2,73709
gym-opening-noskill,charge,20,Defeat,7,0,7,144,21,0,4,116,12,4:12|3:13,0,11,2,2855916198
gym-opening-noskill,charge,21,Defeat,15,0,15,256,52,0,2,81,12,2:12|3:7,0,11,1,1926396686
gym-opening-noskill,charge,22,Defeat,12,0,12,200,41,0,3,104,-1,,0,13,2,2291425028
gym-opening-noskill,charge,23,Defeat,9,0,9,160,31,0,4,135,8,3:8,0,17,1,449105626
gym-opening-noskill,charge,24,Defeat,7,0,7,152,28,0,4,115,8,3:8,0,10,2,1902182413
gym-opening-noskill,charge,25,Defeat,8,0,8,152,32,0,5,121,-1,,0,15,2,2003143839
gym-opening-noskill,charge,26,Defeat,12,0,12,184,34,0,3,100,-1,,0,14,2,1798234511
gym-opening-noskill,charge,27,Defeat,9,0,9,184,35,0,4,126,-1,,0,17,2,812829692
gym-opening-noskill,charge,28,Defeat,9,0,9,152,39,0,3,115,-1,,0,11,2,76337228
gym-opening-noskill,charge,29,Defeat,11,0,11,240,67,0,3,130,12,4:12|3:13,0,24,1,2155440977
gym-opening-noskill,charge,30,Defeat,13,0,13,216,44,0,1,92,8,2:8,0,14,1,3264055887
gym-opening-noskill,charge,31,Defeat,8,0,8,160,21,0,5,115,13,4:13,0,17,1,1277501156
gym-opening-noskill,charge,32,Defeat,10,0,10,184,42,0,4,100,13,4:13,0,15,2,2873376164
gym-opening-noskill,charge,33,Defeat,12,0,12,208,62,0,3,100,-1,,0,24,2,3258442555
gym-opening-noskill,charge,34,Defeat,7,0,7,136,22,0,5,152,12,3:12,0,13,2,3450650658
gym-opening-noskill,charge,35,Victory,18,0,18,424,200,142,0,92,7,2:7|1:7|3:8,0,39,0,1126580038
gym-opening-noskill,charge,36,Defeat,10,0,10,208,32,0,2,103,12,4:12|3:13,0,16,1,985606111
gym-opening-noskill,charge,37,Defeat,11,0,11,224,47,0,4,110,13,3:13,0,28,1,3032074923
gym-opening-noskill,charge,38,Defeat,11,0,11,224,67,0,2,125,7,1:7,0,23,2,3297493987
gym-opening-noskill,charge,39,Defeat,7,0,7,144,22,0,4,122,-1,,0,11,2,2898020023
gym-opening-noskill,charge,40,Defeat,8,0,8,152,23,0,4,121,12,4:12|3:13,0,13,2,3702847008
gym-opening-noskill,charge,41,Defeat,10,0,10,208,30,0,1,100,13,3:13|2:7,0,15,1,2940405968
gym-opening-noskill,charge,42,Defeat,9,0,9,168,39,0,4,128,-1,,0,21,2,60538722
gym-opening-noskill,charge,43,Defeat,10,0,10,176,17,0,2,109,12,4:12|3:8|2:7,0,13,2,3979918440
gym-opening-noskill,charge,44,Defeat,9,0,9,168,25,0,4,123,12,3:12,0,17,1,1443899194
gym-opening-noskill,charge,45,Defeat,8,0,8,160,23,0,3,110,12,4:12|3:13|2:8,0,12,2,3200166644
gym-opening-noskill,charge,46,Defeat,16,0,16,328,130,0,1,70,7,1:7|3:7,0,19,1,3400522828
gym-opening-noskill,charge,47,Defeat,14,0,14,208,48,0,2,96,12,4:12|2:7,0,14,2,3271514156
gym-opening-noskill,charge,48,Defeat,9,0,9,184,26,0,1,100,13,4:13|3:13|2:7,0,13,1,944227571
gym-opening-noskill,charge,49,Defeat,9,0,9,168,20,0,3,104,12,4:12|3:12,0,13,2,4158072122
gym-opening-noskill,charge,50,Victory,13,0,13,328,101,75,0,56,8,3:8|2:7|1:7|4:7,0,8,0,2060421209
gym-opening-noskill,charge,51,Defeat,9,0,9,208,45,0,3,146,12,4:12|3:13,0,19,0,2840060153
gym-opening-noskill,charge,52,Victory,14,0,14,320,96,88,0,77,7,2:7|3:8|1:7,0,16,0,506818083
gym-opening-noskill,charge,53,Defeat,9,0,9,200,48,0,4,100,13,3:13|4:13,0,16,1,1352663276
gym-opening-noskill,charge,54,Defeat,9,0,9,184,38,0,4,121,7,3:7,0,12,2,4143796641
gym-opening-noskill,charge,55,Defeat,17,0,17,296,72,0,1,83,12,3:12|2:8,0,15,0,1840170117
gym-opening-noskill,charge,56,Defeat,10,0,10,176,38,0,4,118,-1,,0,20,2,2493954019
gym-opening-noskill,charge,57,Defeat,9,0,9,232,54,0,3,110,13,3:13|2:8|4:13,0,16,0,2994363879
gym-opening-noskill,charge,58,Defeat,9,0,9,208,46,0,3,119,2,1:2,0,22,1,4041725127
gym-opening-noskill,charge,59,Defeat,14,0,14,240,34,0,1,100,12,4:12|3:12|2:7,0,19,0,2151525127
gym-opening-noskill,charge,60,Defeat,9,0,9,160,35,0,5,150,12,2:12,0,16,1,800287698
gym-opening-noskill,charge,61,Defeat,9,0,9,168,21,0,3,104,12,4:12|3:13,0,13,2,1204005075
gym-opening-noskill,charge,62,Defeat,12,0,12,224,41,0,2,107,7,2:7,0,15,1,2140202237
gym-opening-noskill,charge,63,Defeat,6,0,6,120,15,0,6,133,-1,,0,10,2,2631480010
gym-opening-noskill,charge,64,Defeat,10,0,10,232,58,0,3,127,13,3:13,0,19,1,628029135
gym-opening-noskill,charge,65,Defeat,9,0,9,160,43,0,5,125,-1,,0,19,2,596189071
gym-opening-noskill,charge,66,Defeat,8,0,8,152,31,0,5,126,-1,,0,11,2,2448032475
gym-opening-noskill,charge,67,Defeat,9,0,9,176,61,0,5,104,-1,,0,21,3,3292079371
gym-opening-noskill,charge,68,Defeat,8,0,8,168,33,0,5,133,13,4:13|3:13,0,20,0,610892112
gym-opening-noskill,charge,69,Victory,11,0,11,272,70,345,0,70,13,4:13|2:7|3:7|1:7,0,9,0,2787643535
gym-opening-noskill,charge,70,Defeat,9,0,9,152,18,0,4,131,12,4:12,0,20,2,317271995
gym-opening-noskill,charge,71,Defeat,8,0,8,176,62,0,4,131,-1,,0,17,2,38017775
gym-opening-noskill,charge,72,Defeat,10,0,10,176,40,0,4,100,-1,,0,21,1,319116853
gym-opening-noskill,charge,73,Defeat,11,0,11,232,66,0,4,113,2,1:2,0,30,2,1254958791
gym-opening-noskill,charge,74,Defeat,8,0,8,152,36,0,6,131,-1,,0,19,2,4189717243
gym-opening-noskill,charge,75,Defeat,14,0,14,208,28,0,2,92,12,3:12|2:7,0,13,2,2947142212
gym-opening-noskill,charge,76,Defeat,12,0,12,200,33,0,3,96,12,3:12,0,16,1,1218463814
gym-opening-noskill,charge,77,Defeat,7,0,7,136,32,0,5,141,13,4:13,0,10,2,41549778
gym-opening-noskill,charge,78,Defeat,10,0,10,168,27,0,3,104,12,3:12,0,17,1,2589816666
gym-opening-noskill,charge,79,Defeat,9,0,9,176,33,0,3,127,8,3:8,0,17,1,4068285791
gym-opening-noskill,charge,80,Defeat,14,0,14,280,115,0,1,77,7,3:7,0,23,1,2510410883
gym-opening-noskill,charge,81,Defeat,9,0,9,168,23,0,5,123,7,2:7,0,23,1,1586257126
gym-opening-noskill,charge,82,Defeat,8,0,8,152,19,0,4,115,-1,,0,16,2,3588646594
gym-opening-noskill,charge,83,Defeat,9,0,9,200,49,0,4,104,12,4:12|3:13,0,23,1,704871483
gym-opening-noskill,charge,84,Defeat,8,0,8,184,28,0,4,139,12,4:12|3:12,0,17,0,2303970927
gym-opening-noskill,charge,85,Defeat,14,0,14,200,30,0,2,92,7,2:7,0,20,1,627130159
gym-opening-noskill,charge,86,Defeat,8,0,8,160,21,0,3,115,12,4:12|3:13,0,15,1,1682568624
gym-opening-noskill,charge,87,Defeat,9,0,9,168,47,0,5,104,12,4:12,0,16,1,1412741004
gym-opening-noskill,charge,88,Defeat,13,0,13,200,43,0,2,88,8,2:8,0,9,1,556596545
gym-opening-noskill,charge,89,Defeat,8,0,8,160,27,0,4,145,8,3:8,0,15,1,3296193766
gym-opening-noskill,charge,90,Defeat,7,0,7,136,17,0,5,117,-1,,0,13,2,2524729144
gym-opening-noskill,charge,91,Defeat,9,0,9,152,30,0,5,131,-1,,0,17,3,3671824068
gym-opening-noskill,charge,92,Defeat,9,0,9,168,21,0,3,119,12,4:12,0,14,2,2761114682
gym-opening-noskill,charge,93,Defeat,7,0,7,152,42,0,5,168,-1,,0,15,2,2162919029
gym-opening-noskill,charge,94,Defeat,7,0,7,144,23,0,4,144,-1,,0,18,1,3788842816
gym-opening-noskill,charge,95,Defeat,11,0,11,224,59,0,3,100,7,1:7|2:8,0,18,1,2038989393
gym-opening-noskill,charge,96,Defeat,7,0,7,144,28,0,4,116,12,4:12|3:13,0,11,2,646798996
gym-opening-noskill,charge,97,Defeat,11,0,11,208,62,0,2,103,7,1:7,0,16,2,3624283352
gym-opening-noskill,charge,98,Defeat,8,0,8,152,17,0,4,126,12,4:12,0,16,2,574060147
gym-opening-noskill,charge,99,Defeat,10,0,10,248,53,0,3,109,12,3:12|4:12,0,21,1,256210971
gym-opening-noskill,charge,100,Defeat,8,0,8,152,19,0,4,121,-1,,0,15,2,1470092347
gym-opening-noskill,charge,101,Defeat,8,0,8,216,43,0,4,125,13,3:13|4:13,0,18,1,4244116094
gym-opening-noskill,charge,102,Defeat,7,0,7,144,23,0,4,133,13,4:13|3:8,0,11,1,669469593
gym-opening-noskill,charge,103,Defeat,7,0,7,136,23,0,4,117,-1,,0,12,2,1271987180
gym-opening-noskill,charge,104,Victory,13,0,13,256,80,198,0,78,7,2:7|3:7,0,12,0,1894874855
gym-opening-noskill,charge,105,Defeat,8,0,8,168,28,0,4,119,12,4:12|3:12,0,12,2,2541707121
gym-opening-noskill,charge,106,Defeat,15,0,15,224,41,0,1,92,8,2:8,0,14,0,905978295
gym-opening-noskill,charge,107,Defeat,9,0,9,168,30,0,5,109,12,3:12,0,17,2,98116791
gym-opening-noskill,charge,108,Defeat,12,0,12,192,42,0,4,116,2,2:2,0,26,2,1755691290
gym-opening-noskill,charge,109,Defeat,8,0,8,152,19,0,4,126,12,4:12,0,17,2,1800847860
gym-opening-noskill,charge,110,Defeat,11,0,11,216,50,0,3,107,12,4:12|3:12,0,25,1,3192949374
gym-opening-noskill,charge,111,Victory,21,0,21,472,230,112,0,103,7,2:7|1:7,0,45,0,2448139842
gym-opening-noskill,charge,112,Defeat,8,0,8,160,23,0,3,110,12,4:12|3:13,0,13,2,2608730824
gym-opening-noskill,charge,113,Defeat,13,0,13,216,48,0,3,107,-1,,0,17,2,2029152394
gym-opening-noskill,charge,114,Defeat,8,0,8,152,29,0,5,131,12,3:12,0,18,1,2866640424
gym-opening-noskill,charge,115,Defeat,14,0,14,224,43,0,1,85,13,3:13|2:7,0,11,0,1992023658
gym-opening-noskill,charge,116,Defeat,13,0,13,232,54,0,4,120,2,3:2,0,25,2,914011820
gym-opening-noskill,charge,117,Defeat,8,0,8,168,34,0,5,114,-1,,0,15,2,1316895240
gym-opening-noskill,charge,118,Defeat,11,0,11,192,59,0,4,100,-1,,0,22,2,2940226471
gym-opening-noskill,charge,119,Victory,12,0,12,296,89,144,0,70,8,3:8|4:7|2:7|1:7,0,10,0,1308888780
gym-opening-noskill,charge,120,Defeat,7,0,7,144,19,0,4,144,13,4:13,0,11,2,3669484385
gym-opening-noskill,charge,121,Defeat,9,0,9,168,45,0,5,123,12,3:12,0,20,1,2006801771
gym-opening-noskill,charge,122,Defeat,7,0,7,144,20,0,5,122,12,4:12|3:12,0,13,2,910584531
gym-opening-noskill,charge,123,Defeat,9,0,9,176,32,0,3,118,13,3:13|2:7,0,18,1,3530436563
gym-opening-noskill,charge,124,Defeat,8,0,8,168,28,0,3,109,7,2:7|3:13,0,12,1,1174796309
gym-opening-noskill,charge,125,Defeat,8,0,8,136,26,0,4,135,-1,,0,14,2,3507057736
gym-opening-noskill,charge,126,Defeat,9,0,9,176,40,0,5,109,13,3:13,0,19,1,913634341
gym-opening-noskill,charge,127,Defeat,10,0,10,200,78,0,4,104,-1,,0,15,2,3196241839
gym-opening-noskill,charge,128,Defeat,7,0,7,136,23,0,4,141,-1,,0,11,3,1715788531
gym-opening-noskill,charge,129,Defeat,7,0,7,144,17,0,4,116,12,4:12|3:13,0,11,2,2541482254
gym-opening-noskill,charge,130,Defeat,7,0,7,128,23,0,6,125,-1,,0,16,2,2727267796
gym-opening-noskill,charge,131,Defeat,8,0,8,152,20,0,3,121,12,4:12|3:13|2:7,0,13,2,1575059110
gym-opening-noskill,charge,132,Defeat,8,0,8,160,26,0,4,140,13,4:13|3:8,0,14,1,1456307012
gym-opening-noskill,charge,133,Defeat,8,0,8,168,37,0,4,123,8,3:8,0,12,1,2824079171
gym-opening-noskill,charge,134,Defeat,9,0,9,168,34,0,5,114,2,1:2,0,18,2,186711012
gym-opening-noskill,charge,135,Defeat,9,0,9,176,23,0,3,122,12,4:12|3:13,0,19,1,2346333416
gym-opening-noskill,charge,136,Defeat,8,0,8,152,34,0,5,115,-1,,0,12,3,837377443
gym-opening-noskill,charge,137,Defeat,10,0,10,160,31,0,5,130,12,3:12,0,23,1,3166389716
gym-opening-noskill,charge,138,Defeat,10,0,10,176,19,0,3,118,12,4:12,0,15,2,3968245228
gym-opening-noskill,charge,139,Defeat,7,0,7,136,20,0,5,129,-1,,0,13,2,805229894
gym-opening-noskill,charge,140,Defeat,11,0,11,200,18,0,2,92,8,3:8|2:7,0,18,1,4264619932
gym-opening-noskill,charge,141,Defeat,7,0,7,152,23,0,4,142,12,4:12|3:12,0,14,2,3552368375
gym-opening-noskill,charge,142,Defeat,9,0,9,200,33,0,3,120,2,1:2|3:12,0,18,1,482769306
gym-opening-noskill,charge,143,Defeat,10,0,10,216,66,0,2,103,7,1:7,0,15,2,3347462251
gym-opening-noskill,charge,144,Defeat,7,0,7,160,29,0,5,140,12,3:12,0,13,2,3569663828
gym-opening-noskill,charge,145,Defeat,8,0,8,160,28,0,4,115,12,4:12|3:13,0,13,2,2662288475
gym-opening-noskill,charge,146,Defeat,10,0,10,176,20,0,3,118,8,3:8,0,19,1,3836499120
gym-opening-noskill,charge,147,Defeat,10,0,10,200,55,0,4,120,2,2:2|1:2,0,23,1,2326564839
gym-opening-noskill,charge,148,Defeat,12,0,12,240,75,0,2,103,13,3:13|1:7,0,17,1,3684861528
gym-opening-noskill,charge,149,Defeat,9,0,9,144,35,0,4,116,-1,,0,14,2,2012242729
gym-opening-noskill,charge,150,Victory,11,0,11,224,47,208,0,85,13,3:13|2:7,0,12,0,494484829
gym-opening-noskill,charge,151,Defeat,7,0,7,144,25,0,4,116,12,4:12|3:13,0,10,2,1364159544
gym-opening-noskill,charge,152,Defeat,9,0,9,176,26,0,3,104,-1,,0,15,1,288747847
gym-opening-noskill,charge,153,Defeat,7,0,7,128,23,0,6,150,12,4:12,0,18,2,3249443806
gym-opening-noskill,charge,154,Defeat,12,0,12,232,56,0,2,89,8,3:8|2:7,0,15,1,3228102266
gym-opening-noskill,charge,155,Defeat,8,0,8,136,24,0,5,129,-1,,0,17,3,2783424433
gym-opening-noskill,charge,156,Defeat,8,0,8,160,29,0,5,135,12,4:12,0,16,2,2621686421
gym-opening-noskill,charge,157,Defeat,11,0,11,200,52,0,4,108,12,2:12,0,14,1,3464254261
gym-opening-noskill,charge,158,Defeat,7,0,7,136,19,0,5,123,-1,,0,16,2,3260011853
gym-opening-noskill,charge,159,Defeat,14,0,14,224,46,0,2,75,2,3:2,0,20,2,2986091535
gym-opening-noskill,charge,160,Defeat,9,0,9,152,31,0,5,115,-1,,0,14,3,1761658413
gym-opening-noskill,charge,161,Defeat,8,0,8,168,33,0,4,119,13,3:13,0,15,2,921418872
gym-opening-noskill,charge,162,Defeat,8,0,8,152,15,0,3,110,12,4:12,0,12,2,800804916
gym-opening-noskill,charge,163,Defeat,8,0,8,160,30,0,3,110,12,4:12|3:13,0,13,2,847228620
gym-opening-noskill,charge,164,Defeat,8,0,8,160,26,0,3,110,12,4:12|3:13,0,13,2,2608730824
gym-opening-noskill,charge,165,Defeat,10,0,10,184,46,0,4,86,-1,,0,23,3,168808661
gym-opening-noskill,charge,166,Defeat,16,0,16,280,62,0,2,88,7,2:7,0,23,1,1034547106
gym-opening-noskill,charge,167,Defeat,14,0,14,280,53,0,1,91,8,4:8|2:7|3:8,0,18,0,386597167
gym-opening-noskill,charge,168,Defeat,10,0,10,176,42,0,5,118,2,2:2,0,22,2,2985153801
gym-opening-noskill,charge,169,Defeat,10,0,10,200,57,0,3,100,-1,,0,24,2,555371463
gym-opening-noskill,charge,170,Victory,12,0,12,224,52,90,0,92,7,2:7|1:7,0,13,0,339462714
gym-opening-noskill,charge,171,Victory,17,0,17,272,63,88,0,61,8,3:8|2:12,0,14,0,588174060
gym-opening-noskill,charge,172,Defeat,9,0,9,192,49,0,4,112,13,3:13,0,17,1,3279321713
gym-opening-noskill,charge,173,Defeat,7,0,7,136,17,0,4,123,12,4:12,0,13,2,2135352592
gym-opening-noskill,charge,174,Defeat,8,0,8,152,17,0,3,110,12,4:12|3:13,0,12,2,2685407719
gym-opening-noskill,charge,175,Defeat,10,0,10,176,46,0,4,113,-1,,0,18,2,3129576603
gym-opening-noskill,charge,176,Defeat,12,0,12,256,85,0,1,131,7,1:7|2:8,0,19,1,270242505
gym-opening-noskill,charge,177,Defeat,18,0,18,392,198,0,3,104,-1,,0,44,2,698203949
gym-opening-noskill,charge,178,Defeat,8,0,8,144,33,0,4,133,-1,,0,12,3,819037031
gym-opening-noskill,charge,179,Defeat,9,0,9,144,32,0,5,127,2,2:2,0,24,2,768310061
gym-opening-noskill,charge,180,Victory,16,0,16,344,139,100,0,53,7,1:7|3:7,0,16,1,1692601345
gym-opening-noskill,charge,181,Defeat,8,0,8,152,18,0,3,115,12,4:12|3:13|2:7,0,12,2,2634050390
gym-opening-noskill,charge,182,Defeat,8,0,8,144,40,0,6,122,-1,,0,20,2,2698491706
gym-opening-noskill,charge,183,Defeat,7,0,7,136,21,0,4,141,-1,,0,12,1,188651280
gym-opening-noskill,charge,184,Defeat,10,0,10,168,42,0,6,142,12,4:12,0,26,2,1956122090
gym-opening-noskill,charge,185,Defeat,7,0,7,136,19,0,4,117,-1,,0,13,2,2469960685
gym-opening-noskill,charge,186,Defeat,7,0,7,128,23,0,6,143,-1,,0,16,2,3888468054
gym-opening-noskill,charge,187,Defeat,11,0,11,192,20,0,3,108,12,4:12|3:12,0,17,2,686714054
gym-opening-noskill,charge,188,Defeat,13,0,13,256,74,0,2,131,13,3:13,0,25,1,2462405743
gym-opening-noskill,charge,189,Defeat,16,0,16,232,55,0,2,75,2,2:2,0,15,1,3480710361
gym-opening-noskill,charge,190,Defeat,14,0,14,256,31,0,1,84,12,3:12|4:12|2:2,0,16,0,1536165544
gym-opening-noskill,charge,191,Defeat,7,0,7,152,30,0,5,136,-1,,0,11,2,395053240
gym-opening-noskill,charge,192,Defeat,16,0,16,264,38,0,1,90,13,3:13|2:8,0,15,1,203193773
gym-opening-noskill,charge,193,Defeat,14,0,14,312,105,0,1,71,7,3:7|2:7|1:7,0,13,0,2064511681
gym-opening-noskill,charge,194,Defeat,12,0,12,200,34,0,4,108,-1,,0,19,2,4034433614
gym-opening-noskill,charge,195,Defeat,9,0,9,176,62,0,3,109,-1,,0,17,3,4116596894
gym-opening-noskill,charge,196,Defeat,15,0,15,288,92,0,2,88,8,3:8|1:7,0,25,2,13825891
gym-opening-noskill,charge,197,Defeat,7,0,7,144,29,0,4,133,-1,,0,14,2,695878451
gym-opening-noskill,charge,198,Defeat,7,0,7,152,27,0,5,121,13,4:13,0,13,2,1887261533
gym-opening-noskill,charge,199,Victory,14,0,14,304,103,105,0,71,7,3:7|2:7|1:2,0,12,0,2409868303
gym-opening-noskill,charge,200,Victory,11,0,11,248,71,270,0,74,8,3:8|1:7,0,11,0,3913211358
gym-opening-solo,corridor-hold,1,Defeat,5,0,5,40,4,0,6,100,-1,,0,4,4,134476864
gym-opening-solo,corridor-hold,2,Defeat,7,0,7,56,10,0,6,71,-1,,0,9,2,144850131
gym-opening-solo,corridor-hold,3,Defeat,7,0,7,56,9,0,6,85,-1,,0,10,3,1716844204
gym-opening-solo,corridor-hold,4,Defeat,4,0,4,32,3,0,6,100,-1,,0,3,4,4238673353
gym-opening-solo,corridor-hold,5,Defeat,7,0,7,56,9,0,6,71,-1,,0,9,2,144850131
gym-opening-solo,corridor-hold,6,Defeat,7,0,7,56,3,0,6,85,-1,,0,10,2,2001217553
gym-opening-solo,corridor-hold,7,Defeat,7,0,7,56,5,0,6,114,-1,,0,10,3,427132768
gym-opening-solo,corridor-hold,8,Defeat,6,0,6,48,3,0,7,150,-1,,0,6,2,2817188456
gym-opening-solo,corridor-hold,9,Defeat,5,0,5,40,3,0,6,80,-1,,0,4,4,749600405
gym-opening-solo,corridor-hold,10,Defeat,8,0,8,64,2,0,5,87,-1,,0,14,2,3612841298
gym-opening-solo,corridor-hold,11,Defeat,7,0,7,56,6,0,6,71,-1,,0,9,2,144850131
gym-opening-solo,corridor-hold,12,Defeat,7,0,7,56,6,0,6,71,-1,,0,9,2,144850131
gym-opening-solo,corridor-hold,13,Defeat,13,0,13,104,10,0,5,69,7,1:7,0,24,2,1703168510
gym-opening-solo,corridor-hold,14,Defeat,8,0,8,64,7,0,5,62,-1,,0,13,2,1569539001
gym-opening-solo,corridor-hold,15,Defeat,8,0,8,64,3,0,5,87,-1,,0,9,2,2327374176
gym-opening-solo,corridor-hold,16,Defeat,6,0,6,48,8,0,7,116,-1,,0,9,4,1294592249
gym-opening-solo,corridor-hold,17,Defeat,6,0,6,48,5,0,7,133,-1,,0,7,2,1761650633
gym-opening-solo,corridor-hold,18,Defeat,7,0,7,56,10,0,7,128,-1,,0,11,2,1965266714
gym-opening-solo,corridor-hold,19,Defeat,7,0,7,56,6,0,6,71,-1,,0,9,2,144850131
gym-opening-solo,corridor-hold,20,Defeat,7,0,7,56,6,0,7,114,-1,,0,12,2,1407535982
gym-opening-solo,corridor-hold,21,Defeat,8,0,8,64,5,0,6,87,-1,,0,13,2,1018806074
gym-opening-solo,corridor-hold,22,Defeat,5,0,5,40,1,0,6,60,12,1:12,0,4,2,338687061
gym-opening-solo,corridor-hold,23,Defeat,7,0,7,56,7,0,7,71,-1,,0,10,2,2912619584
gym-opening-solo,corridor-hold,24,Defeat,7,0,7,56,4,0,6,85,-1,,0,7,4,1203291717
gym-opening-solo,corridor-hold,25,Defeat,6,0,6,48,3,0,5,83,-1,,0,4,4,3190794969
gym-opening-solo,corridor-hold,26,Defeat,5,0,5,40,3,0,6,100,-1,,0,5,4,1546643152
gym-opening-solo,corridor-hold,27,Defeat,7,0,7,56,6,0,6,85,-1,,0,10,2,2001217553
gym-opening-solo,corridor-hold,28,Defeat,4,0,4,32,2,0,7,100,-1,,0,4,4,4106933823
gym-opening-solo,corridor-hold,29,Defeat,5,0,5,40,3,0,5,100,-1,,0,4,4,3685969412
gym-opening-solo,corridor-hold,30,Defeat,4,0,4,32,12,0,8,100,-1,,0,3,5,3227360929
gym-opening-solo,corridor-hold,31,Defeat,5,0,5,40,0,0,6,160,-1,,0,3,2,365181075
gym-opening-solo,corridor-hold,32,Defeat,6,0,6,48,4,0,7,133,-1,,0,6,2,188098030
gym-opening-solo,corridor-hold,33,Defeat,5,0,5,40,4,0,6,140,-1,,0,4,4,240313627
gym-opening-solo,corridor-hold,34,Defeat,6,0,6,48,4,0,5,100,-1,,0,6,2,4056277765
gym-opening-solo,corridor-hold,35,Defeat,8,0,8,64,7,0,7,75,-1,,0,13,3,92125264
gym-opening-solo,corridor-hold,36,Defeat,7,0,7,56,5,0,7,114,13,1:13,0,10,2,521756284
gym-opening-solo,corridor-hold,37,Defeat,6,0,6,48,7,0,6,100,-1,,0,6,3,2691960488
gym-opening-solo,corridor-hold,38,Defeat,6,0,6,48,2,0,6,66,-1,,0,8,2,444670564
gym-opening-solo,corridor-hold,39,Defeat,7,0,7,56,8,0,6,71,-1,,0,8,2,3510526405
gym-opening-solo,corridor-hold,40,Defeat,6,0,6,48,1,0,6,50,-1,,0,8,3,3280227555
gym-opening-solo,corridor-hold,41,Defeat,6,0,6,48,6,0,7,83,-1,,0,7,3,2541642405
gym-opening-solo,corridor-hold,42,Defeat,7,0,7,56,6,0,6,71,-1,,0,9,2,144850131
gym-opening-solo,corridor-hold,43,Defeat,5,0,5,40,1,0,6,80,-1,,0,4,4,3836744218
gym-opening-solo,corridor-hold,44,Defeat,7,0,7,56,3,0,5,71,-1,,0,6,3,1456111319
gym-opening-solo,corridor-hold,45,Defeat,5,0,5,40,7,0,5,100,-1,,0,5,3,2229422490
gym-opening-solo,corridor-hold,46,Defeat,5,0,5,40,1,0,6,100,-1,,0,3,4,3267348338
gym-opening-solo,corridor-hold,47,Defeat,7,0,7,56,6,0,6,71,-1,,0,9,2,144850131
gym-opening-solo,corridor-hold,48,Defeat,7,0,7,56,6,0,6,71,-1,,0,9,2,144850131
gym-opening-solo,corridor-hold,49,Defeat,7,0,7,56,4,0,7,114,-1,,0,10,2,1823499553
gym-opening-solo,corridor-hold,50,Defeat,8,0,8,64,6,0,6,87,-1,,0,13,2,520995802
gym-opening-solo,corridor-hold,51,Defeat,6,0,6,48,2,0,4,100,-1,,0,5,2,599902336
gym-opening-solo,corridor-hold,52,Defeat,6,0,6,48,3,0,5,100,-1,,0,6,3,1704527838
gym-opening-solo,corridor-hold,53,Defeat,5,0,5,40,11,0,7,120,-1,,0,6,3,2434040449
gym-opening-solo,corridor-hold,54,Defeat,7,0,7,56,5,0,6,85,-1,,0,9,2,2706646857
gym-opening-solo,corridor-hold,55,Defeat,7,0,7,56,3,0,6,71,-1,,0,7,3,1949091800
gym-opening-solo,corridor-hold,56,Defeat,6,0,6,48,3,0,5,83,-1,,0,4,4,3190794969
gym-opening-solo,corridor-hold,57,Defeat,5,0,5,40,3,0,6,80,-1,,0,4,4,276226807
gym-opening-solo,corridor-hold,58,Defeat,7,0,7,56,3,0,7,128,-1,,0,17,2,1855766758
gym-opening-solo,corridor-hold,59,Defeat,6,0,6,48,4,0,7,66,-1,,0,7,2,4120165019
gym-opening-solo,corridor-hold,60,Defeat,7,0,7,56,4,0,6,71,-1,,0,9,2,144850131
gym-opening-solo,corridor-hold,61,Defeat,4,0,4,32,8,0,6,125,-1,,0,2,4,1761359426
gym-opening-solo,corridor-hold,62,Defeat,6,0,6,48,6,0,5,100,-1,,0,5,2,3698390523
gym-opening-solo,corridor-hold,63,Defeat,5,0,5,40,11,0,6,80,-1,,0,6,3,128277815
gym-opening-solo,corridor-hold,64,Defeat,7,0,7,56,7,0,7,114,-1,,0,10,2,678427121
gym-opening-solo,corridor-hold,65,Defeat,5,0,5,40,3,0,6,100,-1,,0,4,4,1963949505
gym-opening-solo,corridor-hold,66,Defeat,5,0,5,40,3,0,6,120,-1,,0,4,4,3385638604
gym-opening-solo,corridor-hold,67,Defeat,7,0,7,56,6,0,6,85,-1,,0,10,2,2001217553
gym-opening-solo,corridor-hold,68,Defeat,7,0,7,56,8,0,7,57,-1,,0,10,3,830450305
gym-opening-solo,corridor-hold,69,Defeat,4,0,4,32,11,0,7,125,-1,,0,3,5,1431203627
gym-opening-solo,corridor-hold,70,Defeat,17,0,17,136,20,0,5,23,2,1:2,0,45,1,2743278826
gym-opening-solo,corridor-hold,71,Defeat,6,0,6,48,6,0,5,100,-1,,0,6,3,2632992813
gym-opening-solo,corridor-hold,72,Defeat,5,0,5,40,4,0,6,100,-1,,0,5,3,1663533232
gym-opening-solo,corridor-hold,73,Defeat,4,0,4,32,8,0,7,125,-1,,0,3,5,2245988904
gym-opening-solo,corridor-hold,74,Defeat,6,0,6,48,3,0,5,100,-1,,0,5,2,2264843259
gym-opening-solo,corridor-hold,75,Defeat,6,0,6,48,1,0,7,150,-1,,0,10,2,352538559
gym-opening-solo,corridor-hold,76,Defeat,4,0,4,32,4,0,7,125,-1,,0,2,4,47502435
gym-opening-solo,corridor-hold,77,Defeat,7,0,7,56,6,0,6,71,-1,,0,9,2,144850131
gym-opening-solo,corridor-hold,78,Defeat,8,0,8,64,6,0,5,100,-1,,0,13,2,3771890115
gym-opening-solo,corridor-hold,79,Defeat,8,0,8,64,3,0,5,75,-1,,0,13,2,3547742296
gym-opening-solo,corridor-hold,80,Defeat,5,0,5,40,5,0,6,100,-1,,0,5,4,2292583672
gym-opening-solo,corridor-hold,81,Defeat,7,0,7,56,3,0,5,100,-1,,0,9,3,2515927263
gym-opening-solo,corridor-hold,82,Defeat,7,0,7,56,10,0,7,100,-1,,0,10,2,561813568
gym-opening-solo,corridor-hold,83,Defeat,4,0,4,32,6,0,7,125,-1,,0,4,4,3622309966
gym-opening-solo,corridor-hold,84,Defeat,7,0,7,56,6,0,7,114,-1,,0,10,2,678427121
gym-opening-solo,corridor-hold,85,Defeat,6,0,6,48,3,0,5,83,-1,,0,4,4,3190794969
gym-opening-solo,corridor-hold,86,Defeat,6,0,6,48,3,0,5,100,-1,,0,7,3,43210268
gym-opening-solo,corridor-hold,87,Defeat,4,0,4,32,3,0,6,100,-1,,0,2,4,2903246561
gym-opening-solo,corridor-hold,88,Defeat,10,0,10,80,6,0,4,60,-1,,0,16,2,1629711258
gym-opening-solo,corridor-hold,89,Defeat,7,0,7,56,11,0,8,128,13,1:13,0,15,1,3908300117
gym-opening-solo,corridor-hold,90,Defeat,7,0,7,56,8,0,7,114,-1,,0,10,2,3405568239
gym-opening-solo,corridor-hold,91,Defeat,7,0,7,56,12,0,6,85,-1,,0,10,2,2001217553
gym-opening-solo,corridor-hold,92,Defeat,7,0,7,56,6,0,6,71,-1,,0,9,2,144850131
gym-opening-solo,corridor-hold,93,Defeat,7,0,7,56,4,0,7,114,-1,,0,10,2,678427121
gym-opening-solo,corridor-hold,94,Defeat,7,0,7,56,9,0,7,114,-1,,0,10,2,1823499553
gym-opening-solo,corridor-hold,95,Defeat,5,0,5,40,5,0,6,120,-1,,0,6,3,3336715853
gym-opening-solo,corridor-hold,96,Defeat,7,0,7,56,6,0,6,71,-1,,0,9,2,3936172979
gym-opening-solo,corridor-hold,97,Defeat,7,0,7,56,13,0,7,114,-1,,0,10,2,3405568239
gym-opening-solo,corridor-hold,98,Defeat,7,0,7,56,6,0,6,71,-1,,0,9,2,144850131
gym-opening-solo,corridor-hold,99,Defeat,8,0,8,64,5,0,7,87,-1,,0,14,3,3501477421
gym-opening-solo,corridor-hold,100,Defeat,7,0,7,56,9,0,8,100,13,1:13,0,14,1,3944815142
gym-opening-solo,corridor-hold,101,Defeat,7,0,7,56,3,0,5,71,-1,,0,6,2,4183004960
gym-opening-solo,corridor-hold,102,Defeat,7,0,7,56,9,0,6,85,-1,,0,10,3,1716844204
gym-opening-solo,corridor-hold,103,Defeat,7,0,7,56,6,0,6,71,-1,,0,9,2,3626815689
gym-opening-solo,corridor-hold,104,Defeat,8,0,8,64,7,0,5,100,-1,,0,12,2,4100482507
gym-opening-solo,corridor-hold,105,Defeat,8,0,8,64,4,0,5,100,-1,,0,13,2,1505042199
gym-opening-solo,corridor-hold,106,Defeat,5,0,5,40,1,0,6,100,-1,,0,4,4,1182994491
gym-opening-solo,corridor-hold,107,Defeat,4,0,4,32,8,0,6,75,-1,,0,3,5,3717106215
gym-opening-solo,corridor-hold,108,Defeat,7,0,7,56,6,0,6,114,-1,,0,8,2,2959598499
gym-opening-solo,corridor-hold,109,Defeat,7,0,7,56,1,0,5,71,-1,,0,12,3,660602730
gym-opening-solo,corridor-hold,110,Defeat,6,0,6,48,3,0,5,83,-1,,0,4,4,3190794969
gym-opening-solo,corridor-hold,111,Defeat,4,0,4,32,8,0,7,75,-1,,0,4,4,430037936
gym-opening-solo,corridor-hold,112,Defeat,10,0,10,80,8,0,4,60,-1,,0,16,2,2193527451
gym-opening-solo,corridor-hold,113,Defeat,5,0,5,40,2,0,6,100,-1,,0,6,3,2450528693
gym-opening-solo,corridor-hold,114,Defeat,5,0,5,40,7,0,8,180,-1,,0,6,4,974670525
gym-opening-solo,corridor-hold,115,Defeat,22,0,22,176,21,0,3,77,2,1:2,0,72,0,2649637243
gym-opening-solo,corridor-hold,116,Defeat,4,0,4,32,3,0,7,125,-1,,0,3,5,3590322981
gym-opening-solo,corridor-hold,117,Defeat,7,0,7,56,6,0,6,85,-1,,0,9,2,198541984
gym-opening-solo,corridor-hold,118,Defeat,7,0,7,56,7,0,6,71,-1,,0,10,4,3527758452
gym-opening-solo,corridor-hold,119,Defeat,7,0,7,56,6,0,7,142,-1,,0,11,2,184399389
gym-opening-solo,corridor-hold,120,Defeat,7,0,7,56,7,0,7,114,13,1:13,0,10,1,166098628
gym-opening-solo,corridor-hold,121,Defeat,7,0,7,56,8,0,7,100,-1,,0,10,3,1798558362
gym-opening-solo,corridor-hold,122,Defeat,6,0,6,48,11,0,5,66,-1,,0,6,4,262894912
gym-opening-solo,corridor-hold,123,Defeat,7,0,7,56,6,0,7,100,-1,,0,10,2,761193142
gym-opening-solo,corridor-hold,124,Defeat,7,0,7,56,4,0,6,100,-1,,0,10,4,2538429709
gym-opening-solo,corridor-hold,125,Defeat,6,0,6,48,3,0,6,66,-1,,0,7,3,3544428465
gym-opening-solo,corridor-hold,126,Defeat,6,0,6,48,7,0,5,83,-1,,0,5,4,3531071957
gym-opening-solo,corridor-hold,127,Defeat,6,0,6,48,4,0,7,116,-1,,0,9,4,4105986851
gym-opening-solo,corridor-hold,128,Defeat,7,0,7,56,4,0,6,142,-1,,0,12,2,1043329162
gym-opening-solo,corridor-hold,129,Defeat,7,0,7,56,6,0,6,85,-1,,0,7,4,2165469781
gym-opening-solo,corridor-hold,130,Defeat,7,0,7,56,7,0,7,114,-1,,0,10,2,1823499553
gym-opening-solo,corridor-hold,131,Defeat,7,0,7,56,9,0,6,71,-1,,0,9,2,144850131
gym-opening-solo,corridor-hold,132,Defeat,6,0,6,48,3,0,7,100,-1,,0,6,4,1361046415
gym-opening-solo,corridor-hold,133,Defeat,15,0,15,120,23,0,5,53,2,1:2,0,30,1,850140173
gym-opening-solo,corridor-hold,134,Defeat,9,0,9,72,2,0,6,66,-1,,0,17,2,2672844556
gym-opening-solo,corridor-hold,135,Defeat,7,0,7,56,4,0,6,128,-1,,0,7,2,2024234901
gym-opening-solo,corridor-hold,136,Defeat,11,0,11,88,9,0,5,72,13,1:13,0,25,1,4077326141
gym-opening-solo,corridor-hold,137,Defeat,4,0,4,32,4,0,6,125,-1,,0,4,4,2966024382
gym-opening-solo,corridor-hold,138,Defeat,7,0,7,56,3,0,5,100,-1,,0,6,2,2469766647
gym-opening-solo,corridor-hold,139,Defeat,7,0,7,56,6,0,6,71,-1,,0,9,2,144850131
gym-opening-solo,corridor-hold,140,Defeat,9,0,9,72,10,0,4,66,-1,,0,12,2,3499566020
gym-opening-solo,corridor-hold,141,Defeat,7,0,7,56,5,0,6,71,-1,,0,8,2,723792526
gym-opening-solo,corridor-hold,142,Defeat,4,0,4,32,4,0,7,175,-1,,0,4,5,3484654231
gym-opening-solo,corridor-hold,143,Defeat,15,0,15,120,18,0,6,40,2,1:2,0,37,2,578020400
gym-opening-solo,corridor-hold,144,Defeat,6,0,6,48,7,0,6,100,-1,,0,6,3,1999891673
gym-opening-solo,corridor-hold,145,Defeat,7,0,7,56,7,0,7,114,-1,,0,10,2,1823499553
gym-opening-solo,corridor-hold,146,Defeat,5,0,5,40,3,0,6,120,-1,,0,3,4,400235395
gym-opening-solo,corridor-hold,147,Defeat,7,0,7,56,10,0,7,114,13,1:13,0,11,2,311942456
gym-opening-solo,corridor-hold,148,Defeat,4,0,4,32,1,0,7,175,12,1:12,0,3,4,3315354125
gym-opening-solo,corridor-hold,149,Defeat,7,0,7,56,13,0,7,100,-1,,0,10,2,3531040830
gym-opening-solo,corridor-hold,150,Defeat,8,0,8,64,4,0,5,75,-1,,0,8,2,111809418
gym-opening-solo,corridor-hold,151,Defeat,7,0,7,56,4,0,5,85,-1,,0,5,3,2303482384
gym-opening-solo,corridor-hold,152,Defeat,7,0,7,56,7,0,7,100,-1,,0,10,2,1544135163
gym-opening-solo,corridor-hold,153,Defeat,7,0,7,56,7,0,6,71,-1,,0,9,2,144850131
gym-opening-solo,corridor-hold,154,Defeat,7,0,7,56,13,0,7,142,-1,,0,10,2,301134667
gym-opening-solo,corridor-hold,155,Defeat,4,0,4,32,3,0,6,100,-1,,0,2,4,2903246561
gym-opening-solo,corridor-hold,156,Defeat,6,0,6,48,4,0,7,150,-1,,0,7,2,1244252877
gym-opening-solo,corridor-hold,157,Defeat,4,0,4,32,2,0,6,125,-1,,0,2,4,3884899532
gym-opening-solo,corridor-hold,158,Defeat,7,0,7,56,12,0,7,100,-1,,0,10,2,3531040830
gym-opening-solo,corridor-hold,159,Defeat,6,0,6,48,6,0,6,83,-1,,0,6,5,3269992299
gym-opening-solo,corridor-hold,160,Defeat,7,0,7,56,4,0,7,114,-1,,0,12,2,2836441234
gym-opening-solo,corridor-hold,161,Defeat,5,0,5,40,4,0,5,120,-1,,0,4,3,931746397
gym-opening-solo,corridor-hold,162,Defeat,14,0,14,112,11,0,4,35,-1,,0,32,2,2609570512
gym-opening-solo,corridor-hold,163,Defeat,7,0,7,56,6,0,7,114,-1,,0,10,2,678427121
gym-opening-solo,corridor-hold,164,Defeat,7,0,7,56,9,0,7,100,-1,,0,9,2,4065456309
gym-opening-solo,corridor-hold,165,Defeat,7,0,7,56,3,0,4,71,-1,,0,6,3,1485110842
gym-opening-solo,corridor-hold,166,Defeat,7,0,7,56,4,0,6,100,-1,,0,11,2,2865537998
gym-opening-solo,corridor-hold,167,Defeat,7,0,7,56,9,0,6,100,-1,,0,9,2,2133619529
gym-opening-solo,corridor-hold,168,Defeat,7,0,7,56,8,0,6,57,-1,,0,7,2,1653194267
gym-opening-solo,corridor-hold,169,Defeat,17,0,17,136,27,0,6,41,2,1:2,0,46,1,214455555
gym-opening-solo,corridor-hold,170,Defeat,7,0,7,56,7,0,6,85,-1,,0,7,3,1972379683
gym-opening-solo,corridor-hold,171,Defeat,5,0,5,40,4,0,7,180,-1,,0,4,4,2924352390
gym-opening-solo,corridor-hold,172,Defeat,7,0,7,56,2,0,7,114,-1,,0,12,2,2433723376
gym-opening-solo,corridor-hold,173,Defeat,6,0,6,48,10,0,7,66,-1,,0,7,3,3584313960
gym-opening-solo,corridor-hold,174,Defeat,7,0,7,56,4,0,6,71,-1,,0,9,2,144850131
gym-opening-solo,corridor-hold,175,Defeat,4,0,4,32,2,0,7,150,-1,,0,4,4,4152396012
gym-opening-solo,corridor-hold,176,Defeat,6,0,6,48,9,0,7,83,-1,,0,6,3,3743307418
gym-opening-solo,corridor-hold,177,Defeat,5,0,5,40,4,0,6,100,-1,,0,6,3,486111227
gym-opening-solo,corridor-hold,178,Defeat,6,0,6,48,6,0,6,83,-1,,0,6,3,834667641
gym-opening-solo,corridor-hold,179,Defeat,7,0,7,56,7,0,5,85,-1,,0,7,2,3064766473
gym-opening-solo,corridor-hold,180,Defeat,5,0,5,40,2,0,6,100,-1,,0,5,4,61080535
gym-opening-solo,corridor-hold,181,Defeat,7,0,7,56,4,0,6,85,-1,,0,9,2,3456197636
gym-opening-solo,corridor-hold,182,Defeat,5,0,5,40,4,0,5,100,-1,,0,5,4,1755486293
gym-opening-solo,corridor-hold,183,Defeat,7,0,7,56,7,0,6,71,-1,,0,9,2,144850131
gym-opening-solo,corridor-hold,184,Defeat,6,0,6,48,3,0,5,83,-1,,0,4,4,3190794969
gym-opening-solo,corridor-hold,185,Defeat,7,0,7,56,6,0,6,71,-1,,0,9,2,144850131
gym-opening-solo,corridor-hold,186,Defeat,6,0,6,48,4,0,6,150,-1,,0,7,3,891722045
gym-opening-solo,corridor-hold,187,Defeat,7,0,7,56,6,0,6,71,-1,,0,9,2,144850131
gym-opening-solo,corridor-hold,188,Defeat,7,0,7,56,3,0,5,71,-1,,0,6,3,1456111319
gym-opening-solo,corridor-hold,189,Defeat,5,0,5,40,4,0,7,80,-1,,0,3,5,3209334089
gym-opening-solo,corridor-hold,190,Defeat,6,0,6,48,8,0,7,50,-1,,0,6,3,4004186873
gym-opening-solo,corridor-hold,191,Defeat,4,0,4,32,3,0,7,175,-1,,0,2,4,1745666105
gym-opening-solo,corridor-hold,192,Defeat,7,0,7,56,1,0,5,128,-1,,0,11,3,2175175169
gym-opening-solo,corridor-hold,193,Defeat,7,0,7,56,10,0,7,114,-1,,0,10,2,3405568239
gym-opening-solo,corridor-hold,194,Defeat,8,0,8,64,3,0,5,112,-1,,0,12,2,267970446
gym-opening-solo,corridor-hold,195,Defeat,6,0,6,48,10,0,6,100,-1,,0,5,4,1725033333
gym-opening-solo,corridor-hold,196,Defeat,6,0,6,48,2,0,5,83,-1,,0,6,4,2069715189
gym-opening-solo,corridor-hold,197,Defeat,5,0,5,40,10,0,6,80,-1,,0,6,4,2406457131
gym-opening-solo,corridor-hold,198,Defeat,6,0,6,48,7,0,7,166,-1,,0,7,4,3049514684
gym-opening-solo,corridor-hold,199,Defeat,6,0,6,48,3,0,6,133,-1,,0,7,2,1647381814
gym-opening-solo,corridor-hold,200,Defeat,6,0,6,48,2,0,7,166,-1,,0,7,2,849432234
gym-opening-solo,tpa-order,1,Defeat,5,0,5,40,4,0,6,100,-1,,0,4,4,134476864
gym-opening-solo,tpa-order,2,Defeat,7,0,7,56,10,0,5,57,-1,,0,9,2,2749816235
gym-opening-solo,tpa-order,3,Defeat,7,0,7,56,9,0,5,85,-1,,0,10,3,577407924
gym-opening-solo,tpa-order,4,Defeat,4,0,4,32,3,0,6,100,-1,,0,3,4,4238673353
gym-opening-solo,tpa-order,5,Defeat,7,0,7,56,9,0,5,57,-1,,0,9,2,2749816235
gym-opening-solo,tpa-order,6,Defeat,7,0,7,56,3,0,5,71,-1,,0,10,2,642674729
gym-opening-solo,tpa-order,7,Defeat,7,0,7,56,5,0,6,114,-1,,0,10,3,61412515
gym-opening-solo,tpa-order,8,Defeat,6,0,6,48,3,0,6,133,-1,,0,6,2,2105193065
gym-opening-solo,tpa-order,9,Defeat,5,0,5,40,3,0,6,80,-1,,0,4,4,749600405
gym-opening-solo,tpa-order,10,Defeat,8,0,8,64,2,0,5,87,-1,,0,14,2,3612841298
gym-opening-solo,tpa-order,11,Defeat,7,0,7,56,6,0,5,57,-1,,0,9,2,2749816235
gym-opening-solo,tpa-order,12,Defeat,7,0,7,56,6,0,5,57,-1,,0,9,2,2749816235
gym-opening-solo,tpa-order,13,Defeat,13,0,13,104,10,0,5,69,7,1:7,0,24,2,1703168510
gym-opening-solo,tpa-order,14,Defeat,13,0,13,104,16,0,5,46,-1,,0,28,2,4260559848
gym-opening-solo,tpa-order,15,Defeat,7,0,7,56,3,0,5,85,-1,,0,7,3,2294139882
gym-opening-solo,tpa-order,16,Defeat,7,0,7,56,8,0,6,85,-1,,0,12,4,4054738235
gym-opening-solo,tpa-order,17,Defeat,6,0,6,48,5,0,7,133,-1,,0,7,2,1761650633
gym-opening-solo,tpa-order,18,Defeat,7,0,7,56,10,0,6,128,-1,,0,11,2,690734577
gym-opening-solo,tpa-order,19,Defeat,7,0,7,56,6,0,5,57,-1,,0,9,2,2749816235
gym-opening-solo,tpa-order,20,Defeat,7,0,7,56,6,0,6,100,-1,,0,12,2,301778276
gym-opening-solo,tpa-order,21,Defeat,8,0,8,64,5,0,6,87,-1,,0,13,2,1443320010
gym-opening-solo,tpa-order,22,Defeat,5,0,5,40,1,0,6,60,12,1:12,0,4,2,338687061
gym-opening-solo,tpa-order,23,Defeat,8,0,8,64,7,0,5,62,-1,,0,14,2,4147561623
gym-opening-solo,tpa-order,24,Defeat,8,0,8,64,4,0,5,100,-1,,0,8,2,3850509985
gym-opening-solo,tpa-order,25,Defeat,6,0,6,48,3,0,5,83,-1,,0,4,4,3190794969
gym-opening-solo,tpa-order,26,Defeat,5,0,5,40,3,0,6,100,-1,,0,5,4,1546643152
gym-opening-solo,tpa-order,27,Defeat,7,0,7,56,6,0,5,71,-1,,0,10,2,642674729
gym-opening-solo,tpa-order,28,Defeat,4,0,4,32,2,0,7,100,-1,,0,4,4,4106933823
gym-opening-solo,tpa-order,29,Defeat,26,0,26,208,37,0,2,38,2,1:2,0,62,1,159217126
gym-opening-solo,tpa-order,30,Defeat,4,0,4,32,12,0,8,100,-1,,0,3,5,3227360929
gym-opening-solo,tpa-order,31,Defeat,5,0,5,40,0,0,6,160,-1,,0,3,2,365181075
gym-opening-solo,tpa-order,32,Defeat,6,0,6,48,4,0,7,133,-1,,0,6,2,188098030
gym-opening-solo,tpa-order,33,Defeat,5,0,5,40,4,0,6,140,-1,,0,4,4,240313627
gym-opening-solo,tpa-order,34,Defeat,6,0,6,48,4,0,5,100,-1,,0,6,2,4056277765
gym-opening-solo,tpa-order,35,Defeat,8,0,8,64,7,0,7,75,-1,,0,13,3,92125264
gym-opening-solo,tpa-order,36,Defeat,7,0,7,56,5,0,7,114,13,1:13,0,10,2,521756284
gym-opening-solo,tpa-order,37,Defeat,6,0,6,48,7,0,6,100,-1,,0,6,3,2691960488
gym-opening-solo,tpa-order,38,Defeat,6,0,6,48,2,0,6,66,-1,,0,8,2,444670564
gym-opening-solo,tpa-order,39,Defeat,7,0,7,56,8,0,6,71,-1,,0,8,2,3510526405
gym-opening-solo,tpa-order,40,Defeat,6,0,6,48,1,0,6,50,-1,,0,8,3,3280227555
gym-opening-solo,tpa-order,41,Defeat,6,0,6,48,6,0,7,83,-1,,0,7,3,2541642405
gym-opening-solo,tpa-order,42,Defeat,7,0,7,56,6,0,5,57,-1,,0,9,2,2749816235
gym-opening-solo,tpa-order,43,Defeat,5,0,5,40,1,0,6,80,-1,,0,4,4,3836744218
gym-opening-solo,tpa-order,44,Defeat,7,0,7,56,3,0,5,71,-1,,0,6,3,1456111319
gym-opening-solo,tpa-order,45,Defeat,5,0,5,40,7,0,5,100,-1,,0,5,3,2229422490
gym-opening-solo,tpa-order,46,Defeat,5,0,5,40,1,0,6,100,-1,,0,3,4,3267348338
gym-opening-solo,tpa-order,47,Defeat,7,0,7,56,6,0,5,57,-1,,0,9,2,2749816235
gym-opening-solo,tpa-order,48,Defeat,7,0,7,56,6,0,5,57,-1,,0,9,2,2749816235
gym-opening-solo,tpa-order,49,Defeat,7,0,7,56,4,0,6,100,-1,,0,10,2,301169708
gym-opening-solo,tpa-order,50,Defeat,8,0,8,64,6,0,5,87,-1,,0,13,2,1811306871
gym-opening-solo,tpa-order,51,Defeat,6,0,6,48,2,0,4,100,-1,,0,5,2,599902336
gym-opening-solo,tpa-order,52,Defeat,6,0,6,48,3,0,5,100,-1,,0,6,3,1704527838
gym-opening-solo,tpa-order,53,Defeat,5,0,5,40,11,0,7,120,-1,,0,6,3,2434040449
gym-opening-solo,tpa-order,54,Defeat,7,0,7,56,5,0,6,85,-1,,0,9,2,2706646857
gym-opening-solo,tpa-order,55,Defeat,7,0,7,56,3,0,6,71,-1,,0,7,3,918324920
gym-opening-solo,tpa-order,56,Defeat,6,0,6,48,3,0,5,83,-1,,0,4,4,3190794969
gym-opening-solo,tpa-order,57,Defeat,5,0,5,40,3,0,6,80,-1,,0,4,4,276226807
gym-opening-solo,tpa-order,58,Defeat,7,0,7,56,3,0,7,128,-1,,0,17,2,3756583292
gym-opening-solo,tpa-order,59,Defeat,6,0,6,48,4,0,7,66,-1,,0,7,2,4120165019
gym-opening-solo,tpa-order,60,Defeat,7,0,7,56,4,0,5,57,-1,,0,9,2,2749816235
gym-opening-solo,tpa-order,61,Defeat,4,0,4,32,8,0,6,125,-1,,0,2,4,1761359426
gym-opening-solo,tpa-order,62,Defeat,6,0,6,48,6,0,5,100,-1,,0,5,2,3698390523
gym-opening-solo,tpa-order,63,Defeat,5,0,5,40,11,0,6,80,-1,,0,6,3,128277815
gym-opening-solo,tpa-order,64,Defeat,7,0,7,56,7,0,6,100,-1,,0,10,2,1383029208
gym-opening-solo,tpa-order,65,Defeat,5,0,5,40,3,0,6,100,-1,,0,4,4,1963949505
gym-opening-solo,tpa-order,66,Defeat,5,0,5,40,3,0,6,120,-1,,0,4,4,3490169484
gym-opening-solo,tpa-order,67,Defeat,7,0,7,56,6,0,5,71,-1,,0,10,2,642674729
gym-opening-solo,tpa-order,68,Defeat,7,0,7,56,8,0,7,57,-1,,0,10,3,830450305
gym-opening-solo,tpa-order,69,Defeat,4,0,4,32,11,0,7,125,-1,,0,3,5,1431203627
gym-opening-solo,tpa-order,70,Defeat,17,0,17,136,20,0,5,23,2,1:2,0,45,1,2743278826
gym-opening-solo,tpa-order,71,Defeat,6,0,6,48,6,0,5,100,-1,,0,6,3,2632992813
gym-opening-solo,tpa-order,72,Defeat,5,0,5,40,4,0,6,100,-1,,0,5,3,1663533232
gym-opening-solo,tpa-order,73,Defeat,4,0,4,32,8,0,7,125,-1,,0,3,5,3451706649
gym-opening-solo,tpa-order,74,Defeat,6,0,6,48,3,0,5,100,-1,,0,5,2,2264843259
gym-opening-solo,tpa-order,75,Defeat,6,0,6,48,1,0,6,83,-1,,0,9,2,4245951887
gym-opening-solo,tpa-order,76,Defeat,4,0,4,32,4,0,7,125,-1,,0,2,4,47502435
gym-opening-solo,tpa-order,77,Defeat,7,0,7,56,6,0,5,57,-1,,0,9,2,2749816235
gym-opening-solo,tpa-order,78,Defeat,8,0,8,64,6,0,5,87,-1,,0,13,2,2591636705
gym-opening-solo,tpa-order,79,Defeat,8,0,8,64,3,0,5,75,-1,,0,13,2,3547742296
gym-opening-solo,tpa-order,80,Defeat,5,0,5,40,5,0,6,100,-1,,0,5,4,2292583672
gym-opening-solo,tpa-order,81,Defeat,6,0,6,48,3,0,6,83,-1,,0,8,5,3075471751
gym-opening-solo,tpa-order,82,Defeat,7,0,7,56,10,0,7,100,-1,,0,10,2,561813568
gym-opening-solo,tpa-order,83,Defeat,4,0,4,32,6,0,7,125,-1,,0,4,4,3622309966
gym-opening-solo,tpa-order,84,Defeat,7,0,7,56,6,0,6,100,-1,,0,10,2,1383029208
gym-opening-solo,tpa-order,85,Defeat,6,0,6,48,3,0,5,83,-1,,0,4,4,3190794969
gym-opening-solo,tpa-order,86,Defeat,6,0,6,48,3,0,5,100,-1,,0,7,3,43210268
gym-opening-solo,tpa-order,87,Defeat,4,0,4,32,3,0,6,100,-1,,0,2,4,1612466351
gym-opening-solo,tpa-order,88,Defeat,10,0,10,80,6,0,4,60,-1,,0,16,2,1629711258
gym-opening-solo,tpa-order,89,Defeat,7,0,7,56,11,0,8,128,13,1:13,0,15,1,3908300117
gym-opening-solo,tpa-order,90,Defeat,7,0,7,56,8,0,6,114,-1,,0,10,2,783898660
gym-opening-solo,tpa-order,91,Defeat,7,0,7,56,12,0,5,71,-1,,0,10,2,642674729
gym-opening-solo,tpa-order,92,Defeat,7,0,7,56,6,0,5,57,-1,,0,9,2,2749816235
gym-opening-solo,tpa-order,93,Defeat,7,0,7,56,4,0,6,100,-1,,0,10,2,1383029208
gym-opening-solo,tpa-order,94,Defeat,7,0,7,56,9,0,6,100,-1,,0,10,2,301169708
gym-opening-solo,tpa-order,95,Defeat,5,0,5,40,5,0,6,120,-1,,0,6,3,3336715853
gym-opening-solo,tpa-order,96,Defeat,7,0,7,56,6,0,5,57,-1,,0,9,2,2749816235
gym-opening-solo,tpa-order,97,Defeat,7,0,7,56,13,0,6,114,-1,,0,10,2,783898660
gym-opening-solo,tpa-order,98,Defeat,7,0,7,56,6,0,5,57,-1,,0,9,2,2749816235
gym-opening-solo,tpa-order,99,Defeat,8,0,8,64,5,0,6,100,-1,,0,13,3,4053490113
gym-opening-solo,tpa-order,100,Defeat,7,0,7,56,9,0,8,100,13,1:13,0,14,1,3944815142
gym-opening-solo,tpa-order,101,Defeat,7,0,7,56,3,0,5,71,-1,,0,6,2,4183004960
gym-opening-solo,tpa-order,102,Defeat,7,0,7,56,9,0,6,85,-1,,0,10,3,2979528748
gym-opening-solo,tpa-order,103,Defeat,7,0,7,56,6,0,6,71,-1,,0,9,2,2804411481
gym-opening-solo,tpa-order,104,Defeat,8,0,8,64,7,0,5,100,-1,,0,12,2,4100482507
gym-opening-solo,tpa-order,105,Defeat,8,0,8,64,4,0,5,87,-1,,0,13,2,1847559645
gym-opening-solo,tpa-order,106,Defeat,5,0,5,40,1,0,6,100,-1,,0,4,4,1182994491
gym-opening-solo,tpa-order,107,Defeat,4,0,4,32,8,0,6,75,-1,,0,3,5,3717106215
gym-opening-solo,tpa-order,108,Defeat,7,0,7,56,6,0,6,114,-1,,0,8,2,2959598499
gym-opening-solo,tpa-order,109,Defeat,7,0,7,56,1,0,5,71,-1,,0,12,3,660602730
gym-opening-solo,tpa-order,110,Defeat,6,0,6,48,3,0,5,83,-1,,0,4,4,3190794969
gym-opening-solo,tpa-order,111,Defeat,4,0,4,32,8,0,7,75,-1,,0,4,4,430037936
gym-opening-solo,tpa-order,112,Defeat,10,0,10,80,8,0,4,60,-1,,0,16,2,2193527451
gym-opening-solo,tpa-order,113,Defeat,5,0,5,40,2,0,6,100,-1,,0,6,3,2450528693
gym-opening-solo,tpa-order,114,Defeat,5,0,5,40,7,0,8,180,-1,,0,6,4,974670525
gym-opening-solo,tpa-order,115,Defeat,22,0,22,176,21,0,3,77,2,1:2,0,72,0,2649637243
gym-opening-solo,tpa-order,116,Defeat,4,0,4,32,3,0,7,125,-1,,0,3,5,3590322981
gym-opening-solo,tpa-order,117,Defeat,7,0,7,56,6,0,6,85,-1,,0,9,2,4126886096
gym-opening-solo,tpa-order,118,Defeat,7,0,7,56,7,0,6,71,-1,,0,10,4,3527758452
gym-opening-solo,tpa-order,119,Defeat,7,0,7,56,6,0,6,142,-1,,0,11,2,3010716741
gym-opening-solo,tpa-order,120,Defeat,7,0,7,56,7,0,7,114,13,1:13,0,10,1,166098628
gym-opening-solo,tpa-order,121,Defeat,7,0,7,56,8,0,7,100,-1,,0,10,3,1798558362
gym-opening-solo,tpa-order,122,Defeat,6,0,6,48,11,0,5,66,-1,,0,6,4,262894912
gym-opening-solo,tpa-order,123,Defeat,7,0,7,56,6,0,6,71,-1,,0,10,2,2031245249
gym-opening-solo,tpa-order,124,Defeat,7,0,7,56,4,0,6,100,-1,,0,10,4,2538429709
gym-opening-solo,tpa-order,125,Defeat,6,0,6,48,3,0,6,66,-1,,0,7,3,3544428465
gym-opening-solo,tpa-order,126,Defeat,6,0,6,48,7,0,5,83,-1,,0,5,4,3531071957
gym-opening-solo,tpa-order,127,Defeat,6,0,6,48,4,0,7,116,-1,,0,9,4,4105986851
gym-opening-solo,tpa-order,128,Defeat,7,0,7,56,4,0,6,142,-1,,0,12,2,1043329162
gym-opening-solo,tpa-order,129,Defeat,8,0,8,64,6,0,5,100,-1,,0,8,2,3850509985
gym-opening-solo,tpa-order,130,Defeat,7,0,7,56,7,0,6,100,-1,,0,10,2,301169708
gym-opening-solo,tpa-order,131,Defeat,7,0,7,56,9,0,5,57,-1,,0,9,2,2749816235
gym-opening-solo,tpa-order,132,Defeat,6,0,6,48,3,0,6,83,-1,,0,6,4,1362562503
gym-opening-solo,tpa-order,133,Defeat,15,0,15,120,23,0,5,53,2,1:2,0,30,1,850140173
gym-opening-solo,tpa-order,134,Defeat,10,0,10,80,2,0,5,80,-1,,0,20,2,3808908217
gym-opening-solo,tpa-order,135,Defeat,7,0,7,56,4,0,5,114,-1,,0,7,2,3574156592
gym-opening-solo,tpa-order,136,Defeat,11,0,11,88,9,0,5,72,13,1:13,0,25,1,4077326141
gym-opening-solo,tpa-order,137,Defeat,4,0,4,32,4,0,6,125,-1,,0,4,4,2966024382
gym-opening-solo,tpa-order,138,Defeat,7,0,7,56,3,0,5,100,-1,,0,6,2,2469766647
gym-opening-solo,tpa-order,139,Defeat,7,0,7,56,6,0,5,57,-1,,0,9,2,2749816235
gym-opening-solo,tpa-order,140,Defeat,9,0,9,72,10,0,4,66,-1,,0,12,2,3499566020
gym-opening-solo,tpa-order,141,Defeat,7,0,7,56,5,0,6,71,-1,,0,8,2,723792526
gym-opening-solo,tpa-order,142,Defeat,4,0,4,32,4,0,7,175,-1,,0,4,5,421064790
gym-opening-solo,tpa-order,143,Defeat,15,0,15,120,18,0,6,40,2,1:2,0,37,2,578020400
gym-opening-solo,tpa-order,144,Defeat,6,0,6,48,7,0,6,100,-1,,0,6,3,1999891673
gym-opening-solo,tpa-order,145,Defeat,7,0,7,56,7,0,6,100,-1,,0,10,2,301169708
gym-opening-solo,tpa-order,146,Defeat,6,0,6,48,6,0,6,116,-1,,0,6,4,3262916731
gym-opening-solo,tpa-order,147,Defeat,7,0,7,56,10,0,7,114,13,1:13,0,11,2,311942456
gym-opening-solo,tpa-order,148,Defeat,4,0,4,32,1,0,6,150,12,1:12,0,3,4,2183279188
gym-opening-solo,tpa-order,149,Defeat,7,0,7,56,13,0,6,85,-1,,0,10,2,664294982
gym-opening-solo,tpa-order,150,Defeat,8,0,8,64,4,0,5,75,-1,,0,8,2,111809418
gym-opening-solo,tpa-order,151,Defeat,7,0,7,56,4,0,5,85,-1,,0,5,3,2303482384
gym-opening-solo,tpa-order,152,Defeat,7,0,7,56,7,0,6,85,-1,,0,10,2,2101185842
gym-opening-solo,tpa-order,153,Defeat,7,0,7,56,7,0,5,57,-1,,0,9,2,2749816235
gym-opening-solo,tpa-order,154,Defeat,7,0,7,56,13,0,6,128,-1,,0,10,2,2294234513
gym-opening-solo,tpa-order,155,Defeat,4,0,4,32,3,0,6,100,-1,,0,2,4,1612466351
gym-opening-solo,tpa-order,156,Defeat,6,0,6,48,4,0,6,100,-1,,0,7,2,2251105641
gym-opening-solo,tpa-order,157,Defeat,4,0,4,32,2,0,6,125,-1,,0,2,4,3884899532
gym-opening-solo,tpa-order,158,Defeat,7,0,7,56,12,0,6,85,-1,,0,10,2,664294982
gym-opening-solo,tpa-order,159,Defeat,6,0,6,48,6,0,6,83,-1,,0,6,5,3269992299
gym-opening-solo,tpa-order,160,Defeat,7,0,7,56,4,0,6,100,-1,,0,12,2,2061403061
gym-opening-solo,tpa-order,161,Defeat,5,0,5,40,4,0,5,120,-1,,0,4,3,931746397
gym-opening-solo,tpa-order,162,Defeat,14,0,14,112,11,0,4,35,-1,,0,32,2,2609570512
gym-opening-solo,tpa-order,163,Defeat,7,0,7,56,6,0,6,100,-1,,0,10,2,1383029208
gym-opening-solo,tpa-order,164,Defeat,7,0,7,56,9,0,7,100,-1,,0,9,2,4065456309
gym-opening-solo,tpa-order,165,Defeat,7,0,7,56,3,0,4,71,-1,,0,6,3,1485110842
gym-opening-solo,tpa-order,166,Defeat,7,0,7,56,4,0,6,100,-1,,0,11,2,2865537998
gym-opening-solo,tpa-order,167,Defeat,7,0,7,56,9,0,6,100,-1,,0,9,2,2133619529
gym-opening-solo,tpa-order,168,Defeat,7,0,7,56,8,0,6,57,-1,,0,7,2,1653194267
gym-opening-solo,tpa-order,169,Defeat,17,0,17,136,27,0,6,41,2,1:2,0,46,1,214455555
gym-opening-solo,tpa-order,170,Defeat,7,0,7,56,7,0,6,85,-1,,0,7,3,1972379683
gym-opening-solo,tpa-order,171,Defeat,5,0,5,40,4,0,7,180,-1,,0,4,4,3873934358
gym-opening-solo,tpa-order,172,Defeat,7,0,7,56,2,0,6,85,-1,,0,12,2,2874014421
gym-opening-solo,tpa-order,173,Defeat,6,0,6,48,10,0,7,66,-1,,0,7,3,3584313960
gym-opening-solo,tpa-order,174,Defeat,7,0,7,56,4,0,5,57,-1,,0,9,2,2749816235
gym-opening-solo,tpa-order,175,Defeat,4,0,4,32,2,0,7,150,-1,,0,4,4,2008914061
gym-opening-solo,tpa-order,176,Defeat,6,0,6,48,9,0,7,83,-1,,0,6,3,3743307418
gym-opening-solo,tpa-order,177,Defeat,5,0,5,40,4,0,6,100,-1,,0,6,3,486111227
gym-opening-solo,tpa-order,178,Defeat,6,0,6,48,6,0,6,83,-1,,0,6,3,834667641
gym-opening-solo,tpa-order,179,Defeat,7,0,7,56,7,0,5,85,-1,,0,7,2,3064766473
gym-opening-solo,tpa-order,180,Defeat,5,0,5,40,2,0,6,100,-1,,0,5,4,61080535
gym-opening-solo,tpa-order,181,Defeat,7,0,7,56,4,0,5,71,-1,,0,9,2,2097654812
gym-opening-solo,tpa-order,182,Defeat,5,0,5,40,4,0,5,100,-1,,0,5,4,1755486293
gym-opening-solo,tpa-order,183,Defeat,7,0,7,56,7,0,5,57,-1,,0,9,2,2749816235
gym-opening-solo,tpa-order,184,Defeat,6,0,6,48,3,0,5,83,-1,,0,4,4,3190794969
gym-opening-solo,tpa-order,185,Defeat,7,0,7,56,6,0,5,57,-1,,0,9,2,2749816235
gym-opening-solo,tpa-order,186,Defeat,6,0,6,48,4,0,6,150,-1,,0,7,3,891722045
gym-opening-solo,tpa-order,187,Defeat,7,0,7,56,6,0,5,57,-1,,0,9,2,2749816235
gym-opening-solo,tpa-order,188,Defeat,7,0,7,56,3,0,5,71,-1,,0,6,3,1456111319
gym-opening-solo,tpa-order,189,Defeat,5,0,5,40,4,0,7,80,-1,,0,3,5,3209334089
gym-opening-solo,tpa-order,190,Defeat,6,0,6,48,8,0,7,50,-1,,0,6,3,4004186873
gym-opening-solo,tpa-order,191,Defeat,4,0,4,32,3,0,6,175,-1,,0,2,4,3557295408
gym-opening-solo,tpa-order,192,Defeat,7,0,7,56,1,0,5,128,-1,,0,11,3,2175175169
gym-opening-solo,tpa-order,193,Defeat,7,0,7,56,10,0,6,114,-1,,0,10,2,783898660
gym-opening-solo,tpa-order,194,Defeat,8,0,8,64,3,0,5,112,-1,,0,12,2,267970446
gym-opening-solo,tpa-order,195,Defeat,6,0,6,48,10,0,6,100,-1,,0,5,4,1725033333
gym-opening-solo,tpa-order,196,Defeat,6,0,6,48,2,0,5,83,-1,,0,6,4,2069715189
gym-opening-solo,tpa-order,197,Defeat,5,0,5,40,10,0,6,80,-1,,0,6,4,2406457131
gym-opening-solo,tpa-order,198,Defeat,6,0,6,48,7,0,7,166,-1,,0,7,4,3049514684
gym-opening-solo,tpa-order,199,Defeat,6,0,6,48,3,0,6,133,-1,,0,7,2,1647381814
gym-opening-solo,tpa-order,200,Defeat,6,0,6,48,2,0,7,166,-1,,0,7,2,849432234
gym-opening-solo,control-hold,1,Defeat,5,0,5,40,4,0,6,100,-1,,0,4,4,134476864
gym-opening-solo,control-hold,2,Defeat,7,0,7,56,10,0,6,71,-1,,0,9,2,144850131
gym-opening-solo,control-hold,3,Defeat,7,0,7,56,9,0,6,85,-1,,0,10,3,1716844204
gym-opening-solo,control-hold,4,Defeat,4,0,4,32,3,0,6,100,-1,,0,3,4,4238673353
gym-opening-solo,control-hold,5,Defeat,7,0,7,56,9,0,6,71,-1,,0,9,2,144850131
gym-opening-solo,control-hold,6,Defeat,7,0,7,56,3,0,6,85,-1,,0,10,2,2001217553
gym-opening-solo,control-hold,7,Defeat,7,0,7,56,5,0,6,114,-1,,0,10,3,427132768
gym-opening-solo,control-hold,8,Defeat,6,0,6,48,3,0,7,150,-1,,0,6,2,2817188456
gym-opening-solo,control-hold,9,Defeat,5,0,5,40,3,0,6,80,-1,,0,4,4,749600405
gym-opening-solo,control-hold,10,Defeat,8,0,8,64,2,0,5,87,-1,,0,14,2,3612841298
gym-opening-solo,control-hold,11,Defeat,7,0,7,56,6,0,6,71,-1,,0,9,2,144850131
gym-opening-solo,control-hold,12,Defeat,7,0,7,56,6,0,6,71,-1,,0,9,2,144850131
gym-opening-solo,control-hold,13,Defeat,13,0,13,104,10,0,5,69,7,1:7,0,24,2,1703168510
gym-opening-solo,control-hold,14,Defeat,8,0,8,64,7,0,5,62,-1,,0,13,2,1569539001
gym-opening-solo,control-hold,15,Defeat,8,0,8,64,3,0,5,87,-1,,0,9,2,2327374176
gym-opening-solo,control-hold,16,Defeat,6,0,6,48,8,0,7,116,-1,,0,9,4,1294592249
gym-opening-solo,control-hold,17,Defeat,6,0,6,48,5,0,7,133,-1,,0,7,2,1761650633
gym-opening-solo,control-hold,18,Defeat,7,0,7,56,10,0,7,128,-1,,0,11,2,1965266714
gym-opening-solo,control-hold,19,Defeat,7,0,7,56,6,0,6,71,-1,,0,9,2,144850131
gym-opening-solo,control-hold,20,Defeat,7,0,7,56,6,0,7,114,-1,,0,12,2,1407535982
gym-opening-solo,control-hold,21,Defeat,8,0,8,64,5,0,6,87,-1,,0,13,2,1018806074
gym-opening-solo,control-hold,22,Defeat,5,0,5,40,1,0,6,60,12,1:12,0,4,2,338687061
gym-opening-solo,control-hold,23,Defeat,7,0,7,56,7,0,7,71,-1,,0,10,2,2912619584
gym-opening-solo,control-hold,24,Defeat,7,0,7,56,4,0,6,85,-1,,0,7,4,1203291717
gym-opening-solo,control-hold,25,Defeat,6,0,6,48,3,0,5,83,-1,,0,4,4,3190794969
gym-opening-solo,control-hold,26,Defeat,5,0,5,40,3,0,6,100,-1,,0,5,4,1546643152
gym-opening-solo,control-hold,27,Defeat,7,0,7,56,6,0,6,85,-1,,0,10,2,2001217553
gym-opening-solo,control-hold,28,Defeat,4,0,4,32,2,0,7,100,-1,,0,4,4,4106933823
gym-opening-solo,control-hold,29,Defeat,5,0,5,40,3,0,5,100,-1,,0,4,4,3685969412
gym-opening-solo,control-hold,30,Defeat,4,0,4,32,12,0,8,100,-1,,0,3,5,3227360929
gym-opening-solo,control-hold,31,Defeat,5,0,5,40,0,0,6,160,-1,,0,3,2,365181075
gym-opening-solo,control-hold,32,Defeat,6,0,6,48,4,0,7,133,-1,,0,6,2,188098030
gym-opening-solo,control-hold,33,Defeat,5,0,5,40,4,0,6,140,-1,,0,4,4,240313627
gym-opening-solo,control-hold,34,Defeat,6,0,6,48,4,0,5,100,-1,,0,6,2,4056277765
gym-opening-solo,control-hold,35,Defeat,8,0,8,64,7,0,7,75,-1,,0,13,3,92125264
gym-opening-solo,control-hold,36,Defeat,7,0,7,56,5,0,7,114,13,1:13,0,10,2,521756284
gym-opening-solo,control-hold,37,Defeat,6,0,6,48,7,0,6,100,-1,,0,6,3,2691960488
gym-opening-solo,control-hold,38,Defeat,6,0,6,48,2,0,6,66,-1,,0,8,2,444670564
gym-opening-solo,control-hold,39,Defeat,7,0,7,56,8,0,6,71,-1,,0,8,2,3510526405
gym-opening-solo,control-hold,40,Defeat,6,0,6,48,1,0,6,50,-1,,0,8,3,3280227555
gym-opening-solo,control-hold,41,Defeat,6,0,6,48,6,0,7,83,-1,,0,7,3,2541642405
gym-opening-solo,control-hold,42,Defeat,7,0,7,56,6,0,6,71,-1,,0,9,2,144850131
gym-opening-solo,control-hold,43,Defeat,5,0,5,40,1,0,6,80,-1,,0,4,4,3836744218
gym-opening-solo,control-hold,44,Defeat,7,0,7,56,3,0,5,71,-1,,0,6,3,1456111319
gym-opening-solo,control-hold,45,Defeat,5,0,5,40,7,0,5,100,-1,,0,5,3,2229422490
gym-opening-solo,control-hold,46,Defeat,5,0,5,40,1,0,6,100,-1,,0,3,4,3267348338
gym-opening-solo,control-hold,47,Defeat,7,0,7,56,6,0,6,71,-1,,0,9,2,144850131
gym-opening-solo,control-hold,48,Defeat,7,0,7,56,6,0,6,71,-1,,0,9,2,144850131
gym-opening-solo,control-hold,49,Defeat,7,0,7,56,4,0,7,114,-1,,0,10,2,1823499553
gym-opening-solo,control-hold,50,Defeat,8,0,8,64,6,0,6,87,-1,,0,13,2,520995802
gym-opening-solo,control-hold,51,Defeat,6,0,6,48,2,0,4,100,-1,,0,5,2,599902336
gym-opening-solo,control-hold,52,Defeat,6,0,6,48,3,0,5,100,-1,,0,6,3,1704527838
gym-opening-solo,control-hold,53,Defeat,5,0,5,40,11,0,7,120,-1,,0,6,3,2434040449
gym-opening-solo,control-hold,54,Defeat,7,0,7,56,5,0,6,85,-1,,0,9,2,2706646857
gym-opening-solo,control-hold,55,Defeat,7,0,7,56,3,0,6,71,-1,,0,7,3,1949091800
gym-opening-solo,control-hold,56,Defeat,6,0,6,48,3,0,5,83,-1,,0,4,4,3190794969
gym-opening-solo,control-hold,57,Defeat,5,0,5,40,3,0,6,80,-1,,0,4,4,276226807
gym-opening-solo,control-hold,58,Defeat,7,0,7,56,3,0,7,128,-1,,0,17,2,1855766758
gym-opening-solo,control-hold,59,Defeat,6,0,6,48,4,0,7,66,-1,,0,7,2,4120165019
gym-opening-solo,control-hold,60,Defeat,7,0,7,56,4,0,6,71,-1,,0,9,2,144850131
gym-opening-solo,control-hold,61,Defeat,4,0,4,32,8,0,6,125,-1,,0,2,4,1761359426
gym-opening-solo,control-hold,62,Defeat,6,0,6,48,6,0,5,100,-1,,0,5,2,3698390523
gym-opening-solo,control-hold,63,Defeat,5,0,5,40,11,0,6,80,-1,,0,6,3,128277815
gym-opening-solo,control-hold,64,Defeat,7,0,7,56,7,0,7,114,-1,,0,10,2,678427121
gym-opening-solo,control-hold,65,Defeat,5,0,5,40,3,0,6,100,-1,,0,4,4,1963949505
gym-opening-solo,control-hold,66,Defeat,5,0,5,40,3,0,6,120,-1,,0,4,4,3385638604
gym-opening-solo,control-hold,67,Defeat,7,0,7,56,6,0,6,85,-1,,0,10,2,2001217553
gym-opening-solo,control-hold,68,Defeat,7,0,7,56,8,0,7,57,-1,,0,10,3,830450305
gym-opening-solo,control-hold,69,Defeat,4,0,4,32,11,0,7,125,-1,,0,3,5,1431203627
gym-opening-solo,control-hold,70,Defeat,17,0,17,136,20,0,5,23,2,1:2,0,45,1,2743278826
gym-opening-solo,control-hold,71,Defeat,6,0,6,48,6,0,5,100,-1,,0,6,3,2632992813
gym-opening-solo,control-hold,72,Defeat,5,0,5,40,4,0,6,100,-1,,0,5,3,1663533232
gym-opening-solo,control-hold,73,Defeat,4,0,4,32,8,0,7,125,-1,,0,3,5,2245988904
gym-opening-solo,control-hold,74,Defeat,6,0,6,48,3,0,5,100,-1,,0,5,2,2264843259
gym-opening-solo,control-hold,75,Defeat,6,0,6,48,1,0,7,150,-1,,0,10,2,352538559
gym-opening-solo,control-hold,76,Defeat,4,0,4,32,4,0,7,125,-1,,0,2,4,47502435
gym-opening-solo,control-hold,77,Defeat,7,0,7,56,6,0,6,71,-1,,0,9,2,144850131
gym-opening-solo,control-hold,78,Defeat,8,0,8,64,6,0,5,100,-1,,0,13,2,3771890115
gym-opening-solo,control-hold,79,Defeat,8,0,8,64,3,0,5,75,-1,,0,13,2,3547742296
gym-opening-solo,control-hold,80,Defeat,5,0,5,40,5,0,6,100,-1,,0,5,4,2292583672
gym-opening-solo,control-hold,81,Defeat,7,0,7,56,3,0,5,100,-1,,0,9,3,2515927263
gym-opening-solo,control-hold,82,Defeat,7,0,7,56,10,0,7,100,-1,,0,10,2,561813568
gym-opening-solo,control-hold,83,Defeat,4,0,4,32,6,0,7,125,-1,,0,4,4,3622309966
gym-opening-solo,control-hold,84,Defeat,7,0,7,56,6,0,7,114,-1,,0,10,2,678427121
gym-opening-solo,control-hold,85,Defeat,6,0,6,48,3,0,5,83,-1,,0,4,4,3190794969
gym-opening-solo,control-hold,86,Defeat,6,0,6,48,3,0,5,100,-1,,0,7,3,43210268
gym-opening-solo,control-hold,87,Defeat,4,0,4,32,3,0,6,100,-1,,0,2,4,2903246561
gym-opening-solo,control-hold,88,Defeat,10,0,10,80,6,0,4,60,-1,,0,16,2,1629711258
gym-opening-solo,control-hold,89,Defeat,7,0,7,56,11,0,8,128,13,1:13,0,15,1,3908300117
gym-opening-solo,control-hold,90,Defeat,7,0,7,56,8,0,7,114,-1,,0,10,2,3405568239
gym-opening-solo,control-hold,91,Defeat,7,0,7,56,12,0,6,85,-1,,0,10,2,2001217553
gym-opening-solo,control-hold,92,Defeat,7,0,7,56,6,0,6,71,-1,,0,9,2,144850131
gym-opening-solo,control-hold,93,Defeat,7,0,7,56,4,0,7,114,-1,,0,10,2,678427121
gym-opening-solo,control-hold,94,Defeat,7,0,7,56,9,0,7,114,-1,,0,10,2,1823499553
gym-opening-solo,control-hold,95,Defeat,5,0,5,40,5,0,6,120,-1,,0,6,3,3336715853
gym-opening-solo,control-hold,96,Defeat,7,0,7,56,6,0,6,71,-1,,0,9,2,3936172979
gym-opening-solo,control-hold,97,Defeat,7,0,7,56,13,0,7,114,-1,,0,10,2,3405568239
gym-opening-solo,control-hold,98,Defeat,7,0,7,56,6,0,6,71,-1,,0,9,2,144850131
gym-opening-solo,control-hold,99,Defeat,8,0,8,64,5,0,7,87,-1,,0,14,3,3501477421
gym-opening-solo,control-hold,100,Defeat,7,0,7,56,9,0,8,100,13,1:13,0,14,1,3944815142
gym-opening-solo,control-hold,101,Defeat,7,0,7,56,3,0,5,71,-1,,0,6,2,4183004960
gym-opening-solo,control-hold,102,Defeat,7,0,7,56,9,0,6,85,-1,,0,10,3,1716844204
gym-opening-solo,control-hold,103,Defeat,7,0,7,56,6,0,6,71,-1,,0,9,2,3626815689
gym-opening-solo,control-hold,104,Defeat,8,0,8,64,7,0,5,100,-1,,0,12,2,4100482507
gym-opening-solo,control-hold,105,Defeat,8,0,8,64,4,0,5,100,-1,,0,13,2,1505042199
gym-opening-solo,control-hold,106,Defeat,5,0,5,40,1,0,6,100,-1,,0,4,4,1182994491
gym-opening-solo,control-hold,107,Defeat,4,0,4,32,8,0,6,75,-1,,0,3,5,3717106215
gym-opening-solo,control-hold,108,Defeat,7,0,7,56,6,0,6,114,-1,,0,8,2,2959598499
gym-opening-solo,control-hold,109,Defeat,7,0,7,56,1,0,5,71,-1,,0,12,3,660602730
gym-opening-solo,control-hold,110,Defeat,6,0,6,48,3,0,5,83,-1,,0,4,4,3190794969
gym-opening-solo,control-hold,111,Defeat,4,0,4,32,8,0,7,75,-1,,0,4,4,430037936
gym-opening-solo,control-hold,112,Defeat,10,0,10,80,8,0,4,60,-1,,0,16,2,2193527451
gym-opening-solo,control-hold,113,Defeat,5,0,5,40,2,0,6,100,-1,,0,6,3,2450528693
gym-opening-solo,control-hold,114,Defeat,5,0,5,40,7,0,8,180,-1,,0,6,4,974670525
gym-opening-solo,control-hold,115,Defeat,22,0,22,176,21,0,3,77,2,1:2,0,72,0,2649637243
gym-opening-solo,control-hold,116,Defeat,4,0,4,32,3,0,7,125,-1,,0,3,5,3590322981
gym-opening-solo,control-hold,117,Defeat,7,0,7,56,6,0,6,85,-1,,0,9,2,198541984
gym-opening-solo,control-hold,118,Defeat,7,0,7,56,7,0,6,71,-1,,0,10,4,3527758452
gym-opening-solo,control-hold,119,Defeat,7,0,7,56,6,0,7,142,-1,,0,11,2,184399389
gym-opening-solo,control-hold,120,Defeat,7,0,7,56,7,0,7,114,13,1:13,0,10,1,166098628
gym-opening-solo,control-hold,121,Defeat,7,0,7,56,8,0,7,100,-1,,0,10,3,1798558362
gym-opening-solo,control-hold,122,Defeat,6,0,6,48,11,0,5,66,-1,,0,6,4,262894912
gym-opening-solo,control-hold,123,Defeat,7,0,7,56,6,0,7,100,-1,,0,10,2,761193142
gym-opening-solo,control-hold,124,Defeat,7,0,7,56,4,0,6,100,-1,,0,10,4,2538429709
gym-opening-solo,control-hold,125,Defeat,6,0,6,48,3,0,6,66,-1,,0,7,3,3544428465
gym-opening-solo,control-hold,126,Defeat,6,0,6,48,7,0,5,83,-1,,0,5,4,3531071957
gym-opening-solo,control-hold,127,Defeat,6,0,6,48,4,0,7,116,-1,,0,9,4,4105986851
gym-opening-solo,control-hold,128,Defeat,7,0,7,56,4,0,6,142,-1,,0,12,2,1043329162
gym-opening-solo,control-hold,129,Defeat,7,0,7,56,6,0,6,85,-1,,0,7,4,2165469781
gym-opening-solo,control-hold,130,Defeat,7,0,7,56,7,0,7,114,-1,,0,10,2,1823499553
gym-opening-solo,control-hold,131,Defeat,7,0,7,56,9,0,6,71,-1,,0,9,2,144850131
gym-opening-solo,control-hold,132,Defeat,6,0,6,48,3,0,7,100,-1,,0,6,4,1361046415
gym-opening-solo,control-hold,133,Defeat,15,0,15,120,23,0,5,53,2,1:2,0,30,1,850140173
gym-opening-solo,control-hold,134,Defeat,9,0,9,72,2,0,6,66,-1,,0,17,2,2672844556
gym-opening-solo,control-hold,135,Defeat,7,0,7,56,4,0,6,128,-1,,0,7,2,2024234901
gym-opening-solo,control-hold,136,Defeat,11,0,11,88,9,0,5,72,13,1:13,0,25,1,4077326141
gym-opening-solo,control-hold,137,Defeat,4,0,4,32,4,0,6,125,-1,,0,4,4,2966024382
gym-opening-solo,control-hold,138,Defeat,7,0,7,56,3,0,5,100,-1,,0,6,2,2469766647
gym-opening-solo,control-hold,139,Defeat,7,0,7,56,6,0,6,71,-1,,0,9,2,144850131
gym-opening-solo,control-hold,140,Defeat,9,0,9,72,10,0,4,66,-1,,0,12,2,3499566020
gym-opening-solo,control-hold,141,Defeat,7,0,7,56,5,0,6,71,-1,,0,8,2,723792526
gym-opening-solo,control-hold,142,Defeat,4,0,4,32,4,0,7,175,-1,,0,4,5,3484654231
gym-opening-solo,control-hold,143,Defeat,15,0,15,120,18,0,6,40,2,1:2,0,37,2,578020400
gym-opening-solo,control-hold,144,Defeat,6,0,6,48,7,0,6,100,-1,,0,6,3,1999891673
gym-opening-solo,control-hold,145,Defeat,7,0,7,56,7,0,7,114,-1,,0,10,2,1823499553
gym-opening-solo,control-hold,146,Defeat,5,0,5,40,3,0,6,120,-1,,0,3,4,400235395
gym-opening-solo,control-hold,147,Defeat,7,0,7,56,10,0,7,114,13,1:13,0,11,2,311942456
gym-opening-solo,control-hold,148,Defeat,4,0,4,32,1,0,7,175,12,1:12,0,3,4,3315354125
gym-opening-solo,control-hold,149,Defeat,7,0,7,56,13,0,7,100,-1,,0,10,2,3531040830
gym-opening-solo,control-hold,150,Defeat,8,0,8,64,4,0,5,75,-1,,0,8,2,111809418
gym-opening-solo,control-hold,151,Defeat,7,0,7,56,4,0,5,85,-1,,0,5,3,2303482384
gym-opening-solo,control-hold,152,Defeat,7,0,7,56,7,0,7,100,-1,,0,10,2,1544135163
gym-opening-solo,control-hold,153,Defeat,7,0,7,56,7,0,6,71,-1,,0,9,2,144850131
gym-opening-solo,control-hold,154,Defeat,7,0,7,56,13,0,7,142,-1,,0,10,2,301134667
gym-opening-solo,control-hold,155,Defeat,4,0,4,32,3,0,6,100,-1,,0,2,4,2903246561
gym-opening-solo,control-hold,156,Defeat,6,0,6,48,4,0,7,150,-1,,0,7,2,1244252877
gym-opening-solo,control-hold,157,Defeat,4,0,4,32,2,0,6,125,-1,,0,2,4,3884899532
gym-opening-solo,control-hold,158,Defeat,7,0,7,56,12,0,7,100,-1,,0,10,2,3531040830
gym-opening-solo,control-hold,159,Defeat,6,0,6,48,6,0,6,83,-1,,0,6,5,3269992299
gym-opening-solo,control-hold,160,Defeat,7,0,7,56,4,0,7,114,-1,,0,12,2,2836441234
gym-opening-solo,control-hold,161,Defeat,5,0,5,40,4,0,5,120,-1,,0,4,3,931746397
gym-opening-solo,control-hold,162,Defeat,14,0,14,112,11,0,4,35,-1,,0,32,2,2609570512
gym-opening-solo,control-hold,163,Defeat,7,0,7,56,6,0,7,114,-1,,0,10,2,678427121
gym-opening-solo,control-hold,164,Defeat,7,0,7,56,9,0,7,100,-1,,0,9,2,4065456309
gym-opening-solo,control-hold,165,Defeat,7,0,7,56,3,0,4,71,-1,,0,6,3,1485110842
gym-opening-solo,control-hold,166,Defeat,7,0,7,56,4,0,6,100,-1,,0,11,2,2865537998
gym-opening-solo,control-hold,167,Defeat,7,0,7,56,9,0,6,100,-1,,0,9,2,2133619529
gym-opening-solo,control-hold,168,Defeat,7,0,7,56,8,0,6,57,-1,,0,7,2,1653194267
gym-opening-solo,control-hold,169,Defeat,17,0,17,136,27,0,6,41,2,1:2,0,46,1,214455555
gym-opening-solo,control-hold,170,Defeat,7,0,7,56,7,0,6,85,-1,,0,7,3,1972379683
gym-opening-solo,control-hold,171,Defeat,5,0,5,40,4,0,7,180,-1,,0,4,4,2924352390
gym-opening-solo,control-hold,172,Defeat,7,0,7,56,2,0,7,114,-1,,0,12,2,2433723376
gym-opening-solo,control-hold,173,Defeat,6,0,6,48,10,0,7,66,-1,,0,7,3,3584313960
gym-opening-solo,control-hold,174,Defeat,7,0,7,56,4,0,6,71,-1,,0,9,2,144850131
gym-opening-solo,control-hold,175,Defeat,4,0,4,32,2,0,7,150,-1,,0,4,4,4152396012
gym-opening-solo,control-hold,176,Defeat,6,0,6,48,9,0,7,83,-1,,0,6,3,3743307418
gym-opening-solo,control-hold,177,Defeat,5,0,5,40,4,0,6,100,-1,,0,6,3,486111227
gym-opening-solo,control-hold,178,Defeat,6,0,6,48,6,0,6,83,-1,,0,6,3,834667641
gym-opening-solo,control-hold,179,Defeat,7,0,7,56,7,0,5,85,-1,,0,7,2,3064766473
gym-opening-solo,control-hold,180,Defeat,5,0,5,40,2,0,6,100,-1,,0,5,4,61080535
gym-opening-solo,control-hold,181,Defeat,7,0,7,56,4,0,6,85,-1,,0,9,2,3456197636
gym-opening-solo,control-hold,182,Defeat,5,0,5,40,4,0,5,100,-1,,0,5,4,1755486293
gym-opening-solo,control-hold,183,Defeat,7,0,7,56,7,0,6,71,-1,,0,9,2,144850131
gym-opening-solo,control-hold,184,Defeat,6,0,6,48,3,0,5,83,-1,,0,4,4,3190794969
gym-opening-solo,control-hold,185,Defeat,7,0,7,56,6,0,6,71,-1,,0,9,2,144850131
gym-opening-solo,control-hold,186,Defeat,6,0,6,48,4,0,6,150,-1,,0,7,3,891722045
gym-opening-solo,control-hold,187,Defeat,7,0,7,56,6,0,6,71,-1,,0,9,2,144850131
gym-opening-solo,control-hold,188,Defeat,7,0,7,56,3,0,5,71,-1,,0,6,3,1456111319
gym-opening-solo,control-hold,189,Defeat,5,0,5,40,4,0,7,80,-1,,0,3,5,3209334089
gym-opening-solo,control-hold,190,Defeat,6,0,6,48,8,0,7,50,-1,,0,6,3,4004186873
gym-opening-solo,control-hold,191,Defeat,4,0,4,32,3,0,7,175,-1,,0,2,4,1745666105
gym-opening-solo,control-hold,192,Defeat,7,0,7,56,1,0,5,128,-1,,0,11,3,2175175169
gym-opening-solo,control-hold,193,Defeat,7,0,7,56,10,0,7,114,-1,,0,10,2,3405568239
gym-opening-solo,control-hold,194,Defeat,8,0,8,64,3,0,5,112,-1,,0,12,2,267970446
gym-opening-solo,control-hold,195,Defeat,6,0,6,48,10,0,6,100,-1,,0,5,4,1725033333
gym-opening-solo,control-hold,196,Defeat,6,0,6,48,2,0,5,83,-1,,0,6,4,2069715189
gym-opening-solo,control-hold,197,Defeat,5,0,5,40,10,0,6,80,-1,,0,6,4,2406457131
gym-opening-solo,control-hold,198,Defeat,6,0,6,48,7,0,7,166,-1,,0,7,4,3049514684
gym-opening-solo,control-hold,199,Defeat,6,0,6,48,3,0,6,133,-1,,0,7,2,1647381814
gym-opening-solo,control-hold,200,Defeat,6,0,6,48,2,0,7,166,-1,,0,7,2,849432234
gym-opening-solo,charge,1,Defeat,4,0,4,32,4,0,6,125,-1,,0,1,5,2025916144
gym-opening-solo,charge,2,Defeat,4,0,4,32,4,0,6,150,-1,,0,1,5,3724344488
gym-opening-solo,charge,3,Defeat,3,0,3,24,10,0,7,133,-1,,0,1,5,2947421102
gym-opening-solo,charge,4,Defeat,4,0,4,32,14,0,8,100,-1,,0,3,5,4138710875
gym-opening-solo,charge,5,Defeat,4,0,4,32,7,0,6,125,-1,,0,1,6,1355247150
gym-opening-solo,charge,6,Defeat,4,0,4,32,4,0,6,125,-1,,0,3,5,4268291592
gym-opening-solo,charge,7,Defeat,3,0,3,24,4,0,7,100,-1,,0,1,5,210221973
gym-opening-solo,charge,8,Defeat,4,0,4,32,4,0,7,175,-1,,0,1,5,130299030
gym-opening-solo,charge,9,Defeat,5,0,5,40,4,0,6,140,-1,,0,2,2,4262619441
gym-opening-solo,charge,10,Defeat,3,0,3,24,4,0,7,100,-1,,0,1,6,1521098653
gym-opening-solo,charge,11,Defeat,4,0,4,32,4,0,6,150,-1,,0,1,5,3724344488
gym-opening-solo,charge,12,Defeat,4,0,4,32,4,0,6,150,-1,,0,1,5,3724344488
gym-opening-solo,charge,13,Defeat,4,0,4,32,4,0,6,150,-1,,0,1,5,1349240189
gym-opening-solo,charge,14,Defeat,4,0,4,32,7,0,6,125,-1,,0,3,5,1864936765
gym-opening-solo,charge,15,Defeat,4,0,4,32,4,0,7,175,-1,,0,1,5,4125144349
gym-opening-solo,charge,16,Defeat,3,0,3,24,4,0,7,100,-1,,0,1,6,3215184423
gym-opening-solo,charge,17,Defeat,4,0,4,32,2,0,6,150,-1,,0,1,5,3724344488
gym-opening-solo,charge,18,Defeat,4,0,4,32,5,0,6,75,-1,,0,2,5,3242450161
gym-opening-solo,charge,19,Defeat,4,0,4,32,4,0,6,150,-1,,0,1,5,3724344488
gym-opening-solo,charge,20,Defeat,4,0,4,32,4,0,6,150,-1,,0,1,5,3724344488
gym-opening-solo,charge,21,Defeat,4,0,4,32,4,0,6,125,-1,,0,1,5,2025916144
gym-opening-solo,charge,22,Defeat,3,0,3,24,4,0,7,100,-1,,0,1,6,1521098653
gym-opening-solo,charge,23,Defeat,5,0,5,40,8,0,6,120,-1,,0,2,3,3046675054
gym-opening-solo,charge,24,Defeat,3,0,3,24,8,0,7,133,-1,,0,1,6,2035189510
gym-opening-solo,charge,25,Defeat,4,0,4,32,4,0,6,150,-1,,0,1,5,3724344488
gym-opening-solo,charge,26,Defeat,4,0,4,32,4,0,6,100,12,1:12,0,2,5,711868621
gym-opening-solo,charge,27,Defeat,4,0,4,32,5,0,6,75,-1,,0,2,5,3242450161
gym-opening-solo,charge,28,Defeat,4,0,4,32,5,0,7,125,-1,,0,3,5,763324202
gym-opening-solo,charge,29,Defeat,4,0,4,32,4,0,6,100,-1,,0,1,5,950268563
gym-opening-solo,charge,30,Defeat,4,0,4,32,9,0,7,100,-1,,0,2,5,3343385991
gym-opening-solo,charge,31,Defeat,4,0,4,32,5,0,6,100,-1,,0,2,5,2484718684
gym-opening-solo,charge,32,Defeat,4,0,4,32,6,0,7,125,-1,,0,2,5,3020369559
gym-opening-solo,charge,33,Defeat,4,0,4,32,4,0,6,100,-1,,0,2,5,4028698735
gym-opening-solo,charge,34,Defeat,4,0,4,32,4,0,6,75,-1,,0,2,5,1566935219
gym-opening-solo,charge,35,Defeat,4,0,4,32,5,0,6,150,-1,,0,2,4,615707265
gym-opening-solo,charge,36,Defeat,4,0,4,32,4,0,6,150,-1,,0,1,5,3724344488
gym-opening-solo,charge,37,Defeat,4,0,4,32,4,0,6,150,12,1:12,0,1,5,179717602
gym-opening-solo,charge,38,Defeat,4,0,4,32,1,0,6,125,-1,,0,2,5,45781623
gym-opening-solo,charge,39,Defeat,4,0,4,32,5,0,6,125,-1,,0,1,5,2529839688
gym-opening-solo,charge,40,Defeat,4,0,4,32,2,0,6,150,-1,,0,1,5,3724344488
gym-opening-solo,charge,41,Defeat,4,0,4,32,4,0,6,125,-1,,0,1,5,1509837230
gym-opening-solo,charge,42,Defeat,4,0,4,32,4,0,6,150,-1,,0,1,5,3724344488
gym-opening-solo,charge,43,Defeat,4,0,4,32,2,0,6,125,-1,,0,2,4,3564573154
gym-opening-solo,charge,44,Defeat,5,0,5,40,12,0,8,160,-1,,0,7,2,1087678912
gym-opening-solo,charge,45,Defeat,3,0,3,24,7,0,8,133,-1,,0,1,5,737322958
gym-opening-solo,charge,46,Defeat,4,0,4,32,4,0,6,100,-1,,0,2,5,708203546
gym-opening-solo,charge,47,Defeat,4,0,4,32,4,0,6,150,-1,,0,1,5,3724344488
gym-opening-solo,charge,48,Defeat,4,0,4,32,4,0,6,150,-1,,0,1,5,3724344488
gym-opening-solo,charge,49,Defeat,4,0,4,32,6,0,6,100,-1,,0,2,5,3715564430
gym-opening-solo,charge,50,Defeat,4,0,4,32,7,0,6,150,-1,,0,1,3,2000747193
gym-opening-solo,charge,51,Defeat,3,0,3,24,4,0,7,100,-1,,0,1,5,1357908983
gym-opening-solo,charge,52,Defeat,4,0,4,32,4,0,6,125,-1,,0,1,5,1236619182
gym-opening-solo,charge,53,Defeat,4,0,4,32,7,0,7,125,-1,,0,2,5,1306717055
gym-opening-solo,charge,54,Defeat,4,0,4,32,7,0,6,150,-1,,0,1,3,75711551
gym-opening-solo,charge,55,Defeat,5,0,5,40,8,0,6,100,-1,,0,3,4,3089821204
gym-opening-solo,charge,56,Defeat,4,0,4,32,4,0,7,175,13,1:13,0,1,5,1372508250
gym-opening-solo,charge,57,Defeat,4,0,4,32,4,0,6,150,-1,,0,1,5,2632013134
gym-opening-solo,charge,58,Defeat,4,0,4,32,0,0,6,150,-1,,0,1,5,220705019
gym-opening-solo,charge,59,Defeat,4,0,4,32,8,0,6,125,-1,,0,3,5,1864936765
gym-opening-solo,charge,60,Defeat,4,0,4,32,6,0,6,150,-1,,0,3,4,178463565
gym-opening-solo,charge,61,Defeat,4,0,4,32,4,0,6,125,-1,,0,1,5,2025916144
gym-opening-solo,charge,62,Defeat,4,0,4,32,3,0,6,150,-1,,0,1,5,3133394664
gym-opening-solo,charge,63,Defeat,5,0,5,40,4,0,7,180,-1,,0,3,3,1919424961
gym-opening-solo,charge,64,Defeat,4,0,4,32,7,0,6,125,-1,,0,1,6,1355247150
gym-opening-solo,charge,65,Defeat,4,0,4,32,4,0,7,175,13,1:13,0,1,5,942118543
gym-opening-solo,charge,66,Defeat,5,0,5,40,7,0,6,140,-1,,0,1,3,4207674668
gym-opening-solo,charge,67,Defeat,4,0,4,32,4,0,6,100,-1,,0,2,5,4028698735
gym-opening-solo,charge,68,Defeat,5,0,5,40,9,0,7,140,-1,,0,2,4,1318667927
gym-opening-solo,charge,69,Defeat,4,0,4,32,5,0,7,100,-1,,0,2,4,1445507734
gym-opening-solo,charge,70,Defeat,4,0,4,32,4,0,7,175,13,1:13,0,1,5,1372508250
gym-opening-solo,charge,71,Defeat,5,0,5,40,1,0,5,100,-1,,0,4,4,3814313905
gym-opening-solo,charge,72,Defeat,4,0,4,32,2,0,6,125,-1,,0,2,4,3818695487
gym-opening-solo,charge,73,Defeat,4,0,4,32,4,0,6,125,-1,,0,2,4,2706739075
gym-opening-solo,charge,74,Defeat,4,0,4,32,11,0,7,200,-1,,0,1,5,2851870998
gym-opening-solo,charge,75,Defeat,5,0,5,40,4,0,6,80,-1,,0,2,4,1663931808
gym-opening-solo,charge,76,Defeat,4,0,4,32,6,0,6,100,-1,,0,2,4,482330966
gym-opening-solo,charge,77,Defeat,4,0,4,32,4,0,6,150,-1,,0,1,5,3724344488
gym-opening-solo,charge,78,Defeat,4,0,4,32,4,0,6,100,-1,,0,1,5,3471844130
gym-opening-solo,charge,79,Defeat,3,0,3,24,4,0,8,133,-1,,0,1,6,4032108861
gym-opening-solo,charge,80,Defeat,4,0,4,32,1,0,6,100,-1,,0,1,5,629431517
gym-opening-solo,charge,81,Defeat,3,0,3,24,6,0,8,133,-1,,0,1,5,2545682361
gym-opening-solo,charge,82,Defeat,4,0,4,32,4,0,6,150,-1,,0,1,5,3724344488
gym-opening-solo,charge,83,Defeat,4,0,4,32,9,0,6,75,-1,,0,2,5,3035258056
gym-opening-solo,charge,84,Defeat,4,0,4,32,4,0,6,150,-1,,0,1,5,950436822
gym-opening-solo,charge,85,Defeat,5,0,5,40,5,0,6,140,-1,,0,3,3,2249277762
gym-opening-solo,charge,86,Defeat,4,0,4,32,4,0,6,150,-1,,0,3,5,3999859855
gym-opening-solo,charge,87,Defeat,5,0,5,40,6,0,5,80,-1,,0,3,4,3577452985
gym-opening-solo,charge,88,Defeat,3,0,3,24,4,0,7,133,-1,,0,1,6,3073659624
gym-opening-solo,charge,89,Defeat,4,0,4,32,4,0,6,150,-1,,0,1,5,3724344488
gym-opening-solo,charge,90,Defeat,4,0,4,32,4,0,6,150,-1,,0,1,5,3724344488
gym-opening-solo,charge,91,Defeat,4,0,4,32,4,0,6,125,-1,,0,2,4,844267979
gym-opening-solo,charge,92,Defeat,4,0,4,32,4,0,6,150,-1,,0,1,5,3724344488
gym-opening-solo,charge,93,Defeat,4,0,4,32,8,0,6,125,-1,,0,3,5,1864936765
gym-opening-solo,charge,94,Defeat,4,0,4,32,4,0,6,150,-1,,0,1,5,3724344488
gym-opening-solo,charge,95,Defeat,4,0,4,32,1,0,6,150,-1,,0,2,5,1298310878
gym-opening-solo,charge,96,Defeat,4,0,4,32,8,0,6,150,-1,,0,1,5,143920359
gym-opening-solo,charge,97,Defeat,4,0,4,32,2,0,6,150,-1,,0,1,3,3063535913
gym-opening-solo,charge,98,Defeat,3,0,3,24,7,0,7,133,-1,,0,1,5,802711969
gym-opening-solo,charge,99,Defeat,4,0,4,32,4,0,6,150,-1,,0,1,5,2938103294
gym-opening-solo,charge,100,Defeat,4,0,4,32,4,0,6,125,-1,,0,1,3,38655374
gym-opening-solo,charge,101,Defeat,4,0,4,32,4,0,6,150,-1,,0,1,5,3724344488
gym-opening-solo,charge,102,Defeat,4,0,4,32,2,0,6,150,-1,,0,1,5,3724344488
gym-opening-solo,charge,103,Defeat,4,0,4,32,4,0,6,150,-1,,0,1,5,3724344488
gym-opening-solo,charge,104,Defeat,4,0,4,32,4,0,6,100,-1,,0,2,5,2606297418
gym-opening-solo,charge,105,Defeat,4,0,4,32,4,0,6,150,-1,,0,1,5,3724344488
gym-opening-solo,charge,106,Defeat,4,0,4,32,12,0,7,175,-1,,0,3,5,3602452673
gym-opening-solo,charge,107,Defeat,4,0,4,32,6,0,6,125,-1,,0,1,5,1948791485
gym-opening-solo,charge,108,Defeat,4,0,4,32,8,0,6,150,-1,,0,1,5,101673795
gym-opening-solo,charge,109,Defeat,4,0,4,32,2,0,6,125,-1,,0,2,4,3564573154
gym-opening-solo,charge,110,Defeat,5,0,5,40,4,0,5,120,-1,,0,2,3,688956246
gym-opening-solo,charge,111,Defeat,3,0,3,24,4,0,7,100,-1,,0,1,6,1521098653
gym-opening-solo,charge,112,Defeat,4,0,4,32,4,0,6,125,-1,,0,1,5,1509837230
gym-opening-solo,charge,113,Defeat,4,0,4,32,13,0,7,125,-1,,0,4,5,3410185793
gym-opening-solo,charge,114,Defeat,4,0,4,32,4,0,7,125,-1,,0,3,4,2570050019
gym-opening-solo,charge,115,Defeat,5,0,5,40,4,0,5,120,-1,,0,2,3,4041330570
gym-opening-solo,charge,116,Defeat,4,0,4,32,4,0,6,150,-1,,0,1,5,3530884052
gym-opening-solo,charge,117,Defeat,4,0,4,32,4,0,6,150,-1,,0,1,5,3724344488
gym-opening-solo,charge,118,Defeat,4,0,4,32,6,0,6,75,-1,,0,2,4,3386445131
gym-opening-solo,charge,119,Defeat,4,0,4,32,5,0,6,150,-1,,0,1,5,3228696995
gym-opening-solo,charge,120,Defeat,4,0,4,32,7,0,6,150,-1,,0,1,3,2000747193
gym-opening-solo,charge,121,Defeat,3,0,3,24,4,0,7,100,-1,,0,1,5,2749912928
gym-opening-solo,charge,122,Defeat,4,0,4,32,4,0,6,150,-1,,0,1,5,950436822
gym-opening-solo,charge,123,Defeat,4,0,4,32,4,0,6,150,-1,,0,1,5,3724344488
gym-opening-solo,charge,124,Defeat,4,0,4,32,4,0,6,100,-1,,0,3,5,1918117101
gym-opening-solo,charge,125,Defeat,5,0,5,40,4,0,5,140,-1,,0,1,3,1971761527
gym-opening-solo,charge,126,Defeat,4,0,4,32,4,0,6,150,-1,,0,1,6,1499682894
gym-opening-solo,charge,127,Defeat,4,0,4,32,4,0,6,100,-1,,0,2,5,2447317261
gym-opening-solo,charge,128,Defeat,4,0,4,32,4,0,6,150,-1,,0,1,5,3724344488
gym-opening-solo,charge,129,Defeat,4,0,4,32,4,0,6,150,-1,,0,1,5,3724344488
gym-opening-solo,charge,130,Defeat,4,0,4,32,4,0,6,150,-1,,0,1,5,3724344488
gym-opening-solo,charge,131,Defeat,4,0,4,32,4,0,6,150,-1,,0,1,5,3724344488
gym-opening-solo,charge,132,Defeat,4,0,4,32,4,0,6,150,13,1:13,0,1,5,3778306502
gym-opening-solo,charge,133,Defeat,4,0,4,32,5,0,6,150,-1,,0,1,5,3228696995
gym-opening-solo,charge,134,Defeat,5,0,5,40,4,0,5,140,-1,,0,1,3,1971761527
gym-opening-solo,charge,135,Defeat,4,0,4,32,4,0,6,150,-1,,0,1,5,3724344488
gym-opening-solo,charge,136,Defeat,3,0,3,24,4,0,7,100,-1,,0,1,6,3215184423
gym-opening-solo,charge,137,Defeat,3,0,3,24,2,0,7,133,-1,,0,1,5,4200183867
gym-opening-solo,charge,138,Defeat,4,0,4,32,4,0,6,150,-1,,0,1,5,3724344488
gym-opening-solo,charge,139,Defeat,4,0,4,32,4,0,6,150,-1,,0,1,5,3724344488
gym-opening-solo,charge,140,Defeat,3,0,3,24,4,0,7,100,-1,,0,1,6,3215184423
gym-opening-solo,charge,141,Defeat,4,0,4,32,4,0,6,150,-1,,0,1,5,3724344488
gym-opening-solo,charge,142,Defeat,4,0,4,32,1,0,6,125,-1,,0,1,5,3787153226
gym-opening-solo,charge,143,Defeat,4,0,4,32,1,0,6,150,-1,,0,1,5,3825845516
gym-opening-solo,charge,144,Defeat,4,0,4,32,4,0,6,150,-1,,0,1,5,950436822
gym-opening-solo,charge,145,Defeat,4,0,4,32,4,0,6,150,-1,,0,1,5,3724344488
gym-opening-solo,charge,146,Defeat,4,0,4,32,4,0,6,150,-1,,0,1,5,3724344488
gym-opening-solo,charge,147,Defeat,4,0,4,32,5,0,6,75,-1,,0,2,5,3402273465
gym-opening-solo,charge,148,Defeat,3,0,3,24,4,0,7,133,-1,,0,1,5,2335349711
gym-opening-solo,charge,149,Defeat,4,0,4,32,4,0,6,175,-1,,0,1,3,699034342
gym-opening-solo,charge,150,Defeat,4,0,4,32,8,0,6,150,-1,,0,1,5,143920359
gym-opening-solo,charge,151,Defeat,4,0,4,32,4,0,6,150,-1,,0,1,5,3724344488
gym-opening-solo,charge,152,Defeat,4,0,4,32,4,0,6,175,-1,,0,1,3,2403043570
gym-opening-solo,charge,153,Defeat,4,0,4,32,4,0,7,200,-1,,0,1,5,1869019906
gym-opening-solo,charge,154,Defeat,4,0,4,32,7,0,6,125,-1,,0,1,6,1355247150
gym-opening-solo,charge,155,Defeat,4,0,4,32,4,0,6,100,-1,,0,1,5,950268563
gym-opening-solo,charge,156,Defeat,3,0,3,24,4,0,7,133,-1,,0,0,6,2727350679
gym-opening-solo,charge,157,Defeat,3,0,3,24,8,0,8,100,-1,,0,1,6,2934432856
gym-opening-solo,charge,158,Defeat,4,0,4,32,4,0,6,150,-1,,0,1,5,3724344488
gym-opening-solo,charge,159,Defeat,4,0,4,32,4,0,6,150,-1,,0,1,5,3724344488
gym-opening-solo,charge,160,Defeat,3,0,3,24,7,0,7,166,-1,,0,1,6,2790705438
gym-opening-solo,charge,161,Defeat,4,0,4,32,4,0,6,75,-1,,0,2,5,1566935219
gym-opening-solo,charge,162,Defeat,4,0,4,32,4,0,6,125,-1,,0,2,4,3564573154
gym-opening-solo,charge,163,Defeat,4,0,4,32,4,0,6,150,-1,,0,1,5,3724344488
gym-opening-solo,charge,164,Defeat,5,0,5,40,4,0,6,140,-1,,0,2,3,2654325990
gym-opening-solo,charge,165,Defeat,4,0,4,32,4,0,6,125,-1,,0,2,5,3731709894
gym-opening-solo,charge,166,Defeat,4,0,4,32,5,0,6,175,-1,,0,3,4,3845759727
gym-opening-solo,charge,167,Defeat,4,0,4,32,2,0,6,125,-1,,0,1,5,2025916144
gym-opening-solo,charge,168,Defeat,4,0,4,32,4,0,6,150,-1,,0,1,5,3724344488
gym-opening-solo,charge,169,Defeat,4,0,4,32,1,0,6,150,-1,,0,2,5,1087052160
gym-opening-solo,charge,170,Defeat,4,0,4,32,4,0,6,150,-1,,0,1,3,2584191770
gym-opening-solo,charge,171,Defeat,4,0,4,32,5,0,6,125,-1,,0,1,4,1546943451
gym-opening-solo,charge,172,Defeat,5,0,5,40,1,0,6,80,-1,,0,3,4,554648848
gym-opening-solo,charge,173,Defeat,4,0,4,32,4,0,6,125,-1,,0,1,5,2025916144
gym-opening-solo,charge,174,Defeat,4,0,4,32,5,0,6,150,-1,,0,1,4,1076513671
gym-opening-solo,charge,175,Defeat,3,0,3,24,4,0,7,100,-1,,0,1,5,2216936382
gym-opening-solo,charge,176,Defeat,4,0,4,32,4,0,6,150,-1,,0,1,5,3724344488
gym-opening-solo,charge,177,Defeat,4,0,4,32,4,0,6,100,-1,,0,1,5,950268563
gym-opening-solo,charge,178,Defeat,4,0,4,32,5,0,6,150,-1,,0,1,5,1691667756
gym-opening-solo,charge,179,Defeat,4,0,4,32,4,0,6,125,-1,,0,2,4,3564573154
gym-opening-solo,charge,180,Defeat,4,0,4,32,4,0,7,150,-1,,0,2,4,728633378
gym-opening-solo,charge,181,Defeat,4,0,4,32,2,0,6,150,-1,,0,1,5,3724344488
gym-opening-solo,charge,182,Defeat,4,0,4,32,4,0,6,125,-1,,0,2,4,3564573154
gym-opening-solo,charge,183,Defeat,4,0,4,32,4,0,6,150,-1,,0,1,5,3724344488
gym-opening-solo,charge,184,Defeat,4,0,4,32,4,0,7,200,-1,,0,1,5,1869019906
gym-opening-solo,charge,185,Defeat,4,0,4,32,5,0,6,75,-1,,0,2,5,3242450161
gym-opening-solo,charge,186,Defeat,5,0,5,40,4,0,6,60,-1,,0,3,4,1446566827
gym-opening-solo,charge,187,Defeat,4,0,4,32,4,0,6,150,-1,,0,1,5,3724344488
gym-opening-solo,charge,188,Defeat,4,0,4,32,7,0,7,175,13,1:13,0,1,3,3411086480
gym-opening-solo,charge,189,Defeat,4,0,4,32,6,0,7,150,-1,,0,3,4,2784008090
gym-opening-solo,charge,190,Defeat,4,0,4,32,4,0,6,150,-1,,0,1,5,3724344488
gym-opening-solo,charge,191,Defeat,3,0,3,24,4,0,8,166,-1,,0,1,5,584488953
gym-opening-solo,charge,192,Defeat,3,0,3,24,4,0,7,133,-1,,0,1,5,1144610188
gym-opening-solo,charge,193,Defeat,4,0,4,32,4,0,6,150,-1,,0,1,5,3514940547
gym-opening-solo,charge,194,Defeat,4,0,4,32,6,0,6,100,-1,,0,2,5,24031404
gym-opening-solo,charge,195,Defeat,4,0,4,32,4,0,6,125,-1,,0,2,4,844267979
gym-opening-solo,charge,196,Defeat,4,0,4,32,5,0,7,200,-1,,0,1,5,1320090093
gym-opening-solo,charge,197,Defeat,5,0,5,40,5,0,5,80,-1,,0,3,5,676793101
gym-opening-solo,charge,198,Defeat,3,0,3,24,4,0,8,133,-1,,0,1,5,2660489198
gym-opening-solo,charge,199,Defeat,4,0,4,32,4,0,6,100,-1,,0,1,6,2788478438
gym-opening-solo,charge,200,Defeat,5,0,5,40,4,0,5,140,-1,,0,1,3,2465351276
gym-big-split,corridor-hold,1,Victory,7,0,7,56,7,125,0,42,-1,,0,4,0,2066916879
gym-big-split,corridor-hold,2,Victory,7,0,7,56,8,100,0,42,-1,,0,4,0,85933604
gym-big-split,corridor-hold,3,Victory,7,0,7,56,5,125,0,42,-1,,0,5,0,4118809245
gym-big-split,corridor-hold,4,Victory,24,0,24,192,33,265,0,16,3,1:3,0,23,0,1182610652
gym-big-split,corridor-hold,5,Victory,7,0,7,56,15,100,0,42,-1,,0,5,0,2434940135
gym-big-split,corridor-hold,6,Victory,7,0,7,56,5,175,0,28,-1,,0,4,0,2766753704
gym-big-split,corridor-hold,7,Defeat,7,0,7,56,6,0,1,71,-1,,0,6,0,1806763788
gym-big-split,corridor-hold,8,Defeat,5,0,5,40,10,0,2,80,-1,,0,3,1,2962281407
gym-big-split,corridor-hold,9,Defeat,7,0,7,56,6,0,3,114,-1,,0,10,0,2793112091
gym-big-split,corridor-hold,10,Victory,27,0,27,216,35,115,0,25,3,1:3,0,26,0,1473799581
gym-big-split,corridor-hold,11,Victory,7,0,7,56,7,175,0,28,-1,,0,4,0,2766753704
gym-big-split,corridor-hold,12,Victory,7,0,7,56,7,175,0,28,-1,,0,4,0,2766753704
gym-big-split,corridor-hold,13,Defeat,6,0,6,48,6,0,2,66,-1,,0,3,0,136891931
gym-big-split,corridor-hold,14,Victory,8,0,8,64,8,100,0,50,-1,,0,5,0,1004525757
gym-big-split,corridor-hold,15,Defeat,5,0,5,40,12,0,3,80,-1,,0,3,0,2010915226
gym-big-split,corridor-hold,16,Victory,8,0,8,64,3,75,0,50,-1,,0,7,0,3328995211
gym-big-split,corridor-hold,17,Victory,8,0,8,64,3,75,0,50,-1,,0,5,0,2181081345
gym-big-split,corridor-hold,18,Victory,7,0,7,56,4,80,0,57,-1,,0,4,0,567213635
gym-big-split,corridor-hold,19,Defeat,6,0,6,48,5,0,2,83,-1,,0,3,0,1022630901
gym-big-split,corridor-hold,20,Victory,7,0,7,56,5,175,0,28,-1,,0,4,0,2766753704
gym-big-split,corridor-hold,21,Victory,11,0,11,88,12,165,0,36,-1,,0,8,0,1977021118
gym-big-split,corridor-hold,22,Defeat,6,0,6,48,5,0,2,83,7,1:7,0,9,0,3553825414
gym-big-split,corridor-hold,23,Victory,7,0,7,56,5,175,0,28,-1,,0,4,0,2766753704
gym-big-split,corridor-hold,24,Defeat,5,0,5,40,5,0,3,60,7,1:7,0,6,0,480189285
gym-big-split,corridor-hold,25,Defeat,6,0,6,48,6,0,1,100,-1,,0,4,0,672626690
gym-big-split,corridor-hold,26,Victory,7,0,7,56,4,100,0,42,-1,,0,4,0,3506454695
gym-big-split,corridor-hold,27,Defeat,14,0,14,112,12,0,1,64,3,1:3,0,22,0,2228001475
gym-big-split,corridor-hold,28,Victory,11,0,11,88,5,170,0,36,3,1:3,0,10,0,3896946452
gym-big-split,corridor-hold,29,Defeat,10,0,10,80,14,0,1,70,-1,,0,13,0,3282226975
gym-big-split,corridor-hold,30,Victory,7,0,7,56,7,175,0,28,-1,,0,4,0,1221289387
gym-big-split,corridor-hold,31,Defeat,4,0,4,32,4,0,3,75,-1,,0,2,2,1838834188
gym-big-split,corridor-hold,32,Defeat,4,0,4,32,2,0,4,150,-1,,0,2,1,2176253168
gym-big-split,corridor-hold,33,Victory,7,0,7,56,10,150,0,28,-1,,0,4,0,1331738193
gym-big-split,corridor-hold,34,Defeat,7,0,7,56,10,0,2,57,-1,,0,6,1,3891689110
gym-big-split,corridor-hold,35,Victory,8,0,8,64,13,5,0,50,-1,,0,5,0,4135645995
gym-big-split,corridor-hold,36,Defeat,7,0,7,56,7,0,1,57,-1,,0,4,0,1486900616
gym-big-split,corridor-hold,37,Victory,7,0,7,56,5,105,0,42,-1,,0,4,0,3906630363
gym-big-split,corridor-hold,38,Defeat,5,0,5,40,5,0,2,60,7,1:7,0,6,0,3528230640
gym-big-split,corridor-hold,39,Victory,7,0,7,56,5,25,0,57,-1,,0,5,0,4128059599
gym-big-split,corridor-hold,40,Victory,7,0,7,56,5,175,0,28,-1,,0,4,0,2766753704
gym-big-split,corridor-hold,41,Victory,7,0,7,56,5,150,0,42,-1,,0,4,0,2597567062
gym-big-split,corridor-hold,42,Victory,7,0,7,56,7,175,0,28,-1,,0,4,0,2766753704
gym-big-split,corridor-hold,43,Victory,8,0,8,64,4,75,0,37,-1,,0,8,0,115526266
gym-big-split,corridor-hold,44,Defeat,6,0,6,48,7,0,1,66,-1,,0,3,0,481333896
gym-big-split,corridor-hold,45,Victory,8,0,8,64,3,5,0,50,-1,,0,5,0,1734636143
gym-big-split,corridor-hold,46,Victory,8,0,8,64,10,125,0,37,-1,,0,5,0,3788029506
gym-big-split,corridor-hold,47,Victory,8,0,8,64,7,125,0,37,-1,,0,5,0,686147232
gym-big-split,corridor-hold,48,Victory,7,0,7,56,7,175,0,28,-1,,0,4,0,2766753704
gym-big-split,corridor-hold,49,Defeat,7,0,7,56,9,0,2,71,-1,,0,5,0,4123630629
gym-big-split,corridor-hold,50,Victory,7,0,7,56,4,100,0,57,-1,,0,4,0,259919954
gym-big-split,corridor-hold,51,Victory,20,0,20,160,27,215,0,15,12,1:12,0,23,0,746727502
gym-big-split,corridor-hold,52,Victory,7,0,7,56,5,125,0,42,-1,,0,4,0,1126204797
gym-big-split,corridor-hold,53,Defeat,5,0,5,40,10,0,3,100,-1,,0,3,1,2270928764
gym-big-split,corridor-hold,54,Victory,8,0,8,64,8,60,0,62,-1,,0,6,0,4044945573
gym-big-split,corridor-hold,55,Defeat,7,0,7,56,6,0,2,57,-1,,0,7,0,3398537640
gym-big-split,corridor-hold,56,Defeat,5,0,5,40,10,0,3,60,-1,,0,3,1,3889790048
gym-big-split,corridor-hold,57,Victory,7,0,7,56,6,125,0,42,-1,,0,4,0,612880527
gym-big-split,corridor-hold,58,Victory,7,0,7,56,3,175,0,28,-1,,0,5,0,1189574424
gym-big-split,corridor-hold,59,Defeat,9,0,9,72,9,0,1,55,-1,,0,10,0,1369603222
gym-big-split,corridor-hold,60,Defeat,5,0,5,40,5,0,3,60,7,1:7,0,6,0,2908553857
gym-big-split,corridor-hold,61,Defeat,7,0,7,56,10,0,1,71,-1,,0,6,0,3304747002
gym-big-split,corridor-hold,62,Defeat,7,0,7,56,8,0,1,85,-1,,0,5,0,3990518272
gym-big-split,corridor-hold,63,Defeat,7,0,7,56,3,0,1,71,-1,,0,4,0,220893196
gym-big-split,corridor-hold,64,Defeat,6,0,6,48,10,0,1,83,-1,,0,4,0,1898873942
gym-big-split,corridor-hold,65,Defeat,6,0,6,48,15,0,1,83,-1,,0,4,0,1939539778
gym-big-split,corridor-hold,66,Victory,7,0,7,56,6,125,0,42,-1,,0,5,0,3861905165
gym-big-split,corridor-hold,67,Victory,8,0,8,64,5,100,0,50,-1,,0,5,0,1004525757
gym-big-split,corridor-hold,68,Defeat,5,0,5,40,14,0,3,120,-1,,0,4,1,3264856531
gym-big-split,corridor-hold,69,Defeat,6,0,6,48,6,0,1,83,-1,,0,4,0,627543534
gym-big-split,corridor-hold,70,Defeat,6,0,6,48,10,0,1,66,-1,,0,4,0,3808075923
gym-big-split,corridor-hold,71,Victory,11,0,11,88,14,100,0,45,-1,,0,12,0,1564399460
gym-big-split,corridor-hold,72,Victory,10,0,10,80,3,5,0,60,-1,,0,12,0,3828042072
gym-big-split,corridor-hold,73,Defeat,6,0,6,48,5,0,2,83,-1,,0,6,1,3244475333
gym-big-split,corridor-hold,74,Defeat,5,0,5,40,3,0,2,80,-1,,0,3,1,3881207749
gym-big-split,corridor-hold,75,Defeat,5,0,5,40,3,0,3,80,-1,,0,3,1,3850600978
gym-big-split,corridor-hold,76,Defeat,7,0,7,56,3,0,1,71,-1,,0,5,0,8631848
gym-big-split,corridor-hold,77,Defeat,7,0,7,56,11,0,1,57,-1,,0,5,0,4242029038
gym-big-split,corridor-hold,78,Defeat,7,0,7,56,13,0,2,85,-1,,0,5,0,2190911414
gym-big-split,corridor-hold,79,Victory,7,0,7,56,7,175,0,28,-1,,0,5,0,2766753704
gym-big-split,corridor-hold,80,Defeat,7,0,7,56,3,0,1,57,-1,,0,6,0,2907540909
gym-big-split,corridor-hold,81,Victory,8,0,8,64,4,130,0,50,3,1:3,0,5,0,525213110
gym-big-split,corridor-hold,82,Victory,7,0,7,56,5,150,0,42,-1,,0,4,0,3470206659
gym-big-split,corridor-hold,83,Defeat,5,0,5,40,3,0,3,100,7,1:7,0,5,1,4115344380
gym-big-split,corridor-hold,84,Defeat,5,0,5,40,5,0,2,100,-1,,0,3,1,3915912021
gym-big-split,corridor-hold,85,Defeat,6,0,6,48,2,0,1,66,-1,,0,4,0,1160267072
gym-big-split,corridor-hold,86,Victory,7,0,7,56,9,75,0,57,-1,,0,4,0,660423933
gym-big-split,corridor-hold,87,Defeat,7,0,7,56,10,0,1,71,-1,,0,5,0,201579434
gym-big-split,corridor-hold,88,Defeat,6,0,6,48,5,0,1,66,-1,,0,4,0,1889477809
gym-big-split,corridor-hold,89,Victory,7,0,7,56,3,175,0,28,-1,,0,4,0,2766753704
gym-big-split,corridor-hold,90,Victory,7,0,7,56,5,100,0,42,-1,,0,4,0,1476390565
gym-big-split,corridor-hold,91,Defeat,7,0,7,56,11,0,1,57,-1,,0,6,0,1635329551
gym-big-split,corridor-hold,92,Victory,7,0,7,56,7,175,0,28,-1,,0,4,0,2766753704
gym-big-split,corridor-hold,93,Defeat,7,0,7,56,3,0,1,71,-1,,0,7,0,2820796947
gym-big-split,corridor-hold,94,Victory,7,0,7,56,5,175,0,28,-1,,0,4,0,1189574424
gym-big-split,corridor-hold,95,Victory,7,0,7,56,5,75,0,71,-1,,0,3,0,2840175057
gym-big-split,corridor-hold,96,Victory,7,0,7,56,5,175,0,28,-1,,0,4,0,3686170505
gym-big-split,corridor-hold,97,Victory,7,0,7,56,15,175,0,28,-1,,0,4,0,4237550009
gym-big-split,corridor-hold,98,Defeat,5,0,5,40,5,0,2,60,7,1:7,0,6,0,3528230640
gym-big-split,corridor-hold,99,Defeat,7,0,7,56,13,0,1,71,-1,,0,5,0,4011634034
gym-big-split,corridor-hold,100,Victory,23,0,23,184,32,165,0,21,3,1:3,0,40,0,990770218
gym-big-split,corridor-hold,101,Defeat,6,0,6,48,8,0,1,66,-1,,0,4,0,578312356
gym-big-split,corridor-hold,102,Victory,7,0,7,56,5,175,0,28,-1,,0,5,0,2766753704
gym-big-split,corridor-hold,103,Victory,7,0,7,56,7,175,0,28,-1,,0,4,0,1221289387
gym-big-split,corridor-hold,104,Victory,10,0,10,80,8,115,0,50,-1,,0,11,0,2877227148
gym-big-split,corridor-hold,105,Defeat,6,0,6,48,5,0,2,66,-1,,0,3,0,136891931
gym-big-split,corridor-hold,106,Defeat,6,0,6,48,3,0,1,83,-1,,0,4,0,151585488
gym-big-split,corridor-hold,107,Victory,20,0,20,160,25,190,0,35,3,1:3,0,20,0,3029437576
gym-big-split,corridor-hold,108,Defeat,6,0,6,48,4,0,2,83,-1,,0,4,0,3766705591
gym-big-split,corridor-hold,109,Victory,7,0,7,56,9,175,0,28,-1,,0,4,0,2766753704
gym-big-split,corridor-hold,110,Defeat,6,0,6,48,3,0,1,83,-1,,0,4,0,4016782179
gym-big-split,corridor-hold,111,Defeat,6,0,6,48,14,0,1,83,-1,,0,5,0,620639827
gym-big-split,corridor-hold,112,Defeat,5,0,5,40,5,0,2,80,-1,,0,3,1,3603081066
gym-big-split,corridor-hold,113,Defeat,7,0,7,56,14,0,2,71,-1,,0,6,1,318191985
gym-big-split,corridor-hold,114,Defeat,6,0,6,48,4,0,1,83,-1,,0,4,0,1160000160
gym-big-split,corridor-hold,115,Victory,16,0,16,128,26,210,0,31,-1,,0,14,0,4221633450
gym-big-split,corridor-hold,116,Victory,10,0,10,80,7,85,0,40,7,1:7,0,9,0,14236785
gym-big-split,corridor-hold,117,Victory,7,0,7,56,5,125,0,42,-1,,0,4,0,3805252269
gym-big-split,corridor-hold,118,Victory,7,0,7,56,4,125,0,42,-1,,0,4,0,2066916879
gym-big-split,corridor-hold,119,Victory,14,0,14,112,15,170,0,28,7,1:7,0,13,0,567663679
gym-big-split,corridor-hold,120,Defeat,7,0,7,56,4,0,1,71,-1,,0,5,0,1961626861
gym-big-split,corridor-hold,121,Defeat,7,0,7,56,2,0,1,71,-1,,0,5,0,2208083095
gym-big-split,corridor-hold,122,Victory,8,0,8,64,5,55,0,62,-1,,0,6,0,1551268990
gym-big-split,corridor-hold,123,Defeat,8,0,8,64,11,0,1,75,-1,,0,7,0,1257458197
gym-big-split,corridor-hold,124,Defeat,7,0,7,56,3,0,1,71,-1,,0,5,0,1617359338
gym-big-split,corridor-hold,125,Victory,7,0,7,56,5,175,0,28,-1,,0,5,0,2766753704
gym-big-split,corridor-hold,126,Defeat,6,0,6,48,11,0,2,100,-1,,0,5,1,709773537
gym-big-split,corridor-hold,127,Defeat,6,0,6,48,8,0,1,66,-1,,0,4,0,2824148691
gym-big-split,corridor-hold,128,Defeat,5,0,5,40,9,0,3,80,-1,,0,3,1,3583514726
gym-big-split,corridor-hold,129,Defeat,7,0,7,56,10,0,1,71,-1,,0,5,0,2718397824
gym-big-split,corridor-hold,130,Victory,7,0,7,56,5,175,0,28,-1,,0,4,0,1189574424
gym-big-split,corridor-hold,131,Victory,7,0,7,56,8,175,0,28,-1,,0,4,0,2766753704
gym-big-split,corridor-hold,132,Defeat,7,0,7,56,16,0,2,71,-1,,0,5,0,176373542
gym-big-split,corridor-hold,133,Victory,7,0,7,56,4,125,0,42,-1,,0,4,0,2066916879
gym-big-split,corridor-hold,134,Defeat,7,0,7,56,9,0,1,57,-1,,0,5,0,2114708158
gym-big-split,corridor-hold,135,Defeat,7,0,7,56,15,0,1,57,-1,,0,5,0,2821595190
gym-big-split,corridor-hold,136,Defeat,5,0,5,40,5,0,4,80,7,1:7,0,7,1,774743321
gym-big-split,corridor-hold,137,Victory,13,0,13,104,18,5,0,46,3,1:3,0,21,0,4237265455
gym-big-split,corridor-hold,138,Victory,7,0,7,56,5,75,0,57,-1,,0,3,0,2790528664
gym-big-split,corridor-hold,139,Victory,7,0,7,56,7,175,0,28,-1,,0,4,0,2766753704
gym-big-split,corridor-hold,140,Victory,9,0,9,72,12,5,0,44,-1,,0,7,0,2295269828
gym-big-split,corridor-hold,141,Victory,7,0,7,56,5,150,0,42,-1,,0,4,0,2597567062
gym-big-split,corridor-hold,142,Victory,11,0,11,88,9,100,0,54,-1,,0,17,0,1100544107
gym-big-split,corridor-hold,143,Defeat,5,0,5,40,5,0,2,60,7,1:7,0,6,0,3528230640
gym-big-split,corridor-hold,144,Victory,11,0,11,88,11,60,0,45,-1,,0,10,0,2136639734
gym-big-split,corridor-hold,145,Victory,10,0,10,80,10,215,0,40,3,1:3,0,7,0,3785477310
gym-big-split,corridor-hold,146,Victory,9,0,9,72,6,30,0,55,-1,,0,5,0,4260542092
gym-big-split,corridor-hold,147,Defeat,6,0,6,48,5,0,2,100,-1,,0,4,0,3370781797
gym-big-split,corridor-hold,148,Defeat,6,0,6,48,10,0,1,83,-1,,0,5,0,151585488
gym-big-split,corridor-hold,149,Victory,7,0,7,56,6,150,0,42,-1,,0,4,0,3870207364
gym-big-split,corridor-hold,150,Defeat,7,0,7,56,4,0,2,85,-1,,0,6,1,560554395
gym-big-split,corridor-hold,151,Defeat,5,0,5,40,5,0,3,80,-1,,0,2,1,794739837
gym-big-split,corridor-hold,152,Defeat,7,0,7,56,15,0,1,57,-1,,0,5,0,1815766918
gym-big-split,corridor-hold,153,Defeat,5,0,5,40,10,0,2,80,-1,,0,3,0,3111472069
gym-big-split,corridor-hold,154,Victory,9,0,9,72,3,80,0,77,3,1:3,0,8,0,1164117021
gym-big-split,corridor-hold,155,Victory,7,0,7,56,4,125,0,42,-1,,0,4,0,2066916879
gym-big-split,corridor-hold,156,Victory,8,0,8,64,7,25,0,50,-1,,0,6,0,1378083475
gym-big-split,corridor-hold,157,Defeat,6,0,6,48,2,0,2,83,-1,,0,4,0,3673811723
gym-big-split,corridor-hold,158,Victory,7,0,7,56,5,175,0,28,-1,,0,4,0,1221289387
gym-big-split,corridor-hold,159,Defeat,6,0,6,48,12,0,2,83,-1,,0,4,0,2251965125
gym-big-split,corridor-hold,160,Victory,7,0,7,56,8,125,0,42,-1,,0,5,0,4118809245
gym-big-split,corridor-hold,161,Victory,7,0,7,56,13,100,0,42,-1,,0,6,0,1536653268
gym-big-split,corridor-hold,162,Victory,7,0,7,56,7,150,0,42,-1,,0,3,0,2513630357
gym-big-split,corridor-hold,163,Victory,8,0,8,64,5,75,0,37,-1,,0,5,0,973256965
gym-big-split,corridor-hold,164,Defeat,6,0,6,48,15,0,2,100,-1,,0,5,1,298045217
gym-big-split,corridor-hold,165,Victory,7,0,7,56,7,175,0,28,-1,,0,4,0,2766753704
gym-big-split,corridor-hold,166,Victory,7,0,7,56,3,25,0,57,-1,,0,5,0,2809751644
gym-big-split,corridor-hold,167,Victory,8,0,8,64,8,100,0,25,-1,,0,6,0,2501704448
gym-big-split,corridor-hold,168,Victory,7,0,7,56,7,175,0,28,-1,,0,4,0,2766753704
gym-big-split,corridor-hold,169,Victory,7,0,7,56,7,175,0,28,-1,,0,5,0,2766753704
gym-big-split,corridor-hold,170,Defeat,5,0,5,40,11,0,3,100,7,1:7,0,7,0,378884384
gym-big-split,corridor-hold,171,Defeat,6,0,6,48,5,0,1,66,-1,,0,4,1,4225415477
gym-big-split,corridor-hold,172,Defeat,5,0,5,40,3,0,2,80,7,1:7,0,6,0,2606417480
gym-big-split,corridor-hold,173,Victory,7,0,7,56,4,100,0,57,-1,,0,5,0,3021716433
gym-big-split,corridor-hold,174,Victory,8,0,8,64,5,25,0,62,-1,,0,7,0,1274028754
gym-big-split,corridor-hold,175,Defeat,6,0,6,48,3,0,1,83,-1,,0,5,0,271692884
gym-big-split,corridor-hold,176,Victory,7,0,7,56,5,175,0,28,-1,,0,4,0,1189574424
gym-big-split,corridor-hold,177,Victory,7,0,7,56,5,75,0,42,-1,,0,4,0,2395343770
gym-big-split,corridor-hold,178,Victory,7,0,7,56,5,50,0,42,-1,,0,4,0,1359564770
gym-big-split,corridor-hold,179,Victory,7,0,7,56,4,50,0,57,-1,,0,5,0,694307605
gym-big-split,corridor-hold,180,Victory,11,0,11,88,12,40,0,45,3,1:3,0,7,0,1699868221
gym-big-split,corridor-hold,181,Victory,7,0,7,56,7,175,0,28,-1,,0,4,0,2766753704
gym-big-split,corridor-hold,182,Defeat,7,0,7,56,11,0,1,57,-1,,0,5,0,2702905588
gym-big-split,corridor-hold,183,Defeat,7,0,7,56,15,0,1,57,-1,,0,5,0,2821595190
gym-big-split,corridor-hold,184,Defeat,6,0,6,48,10,0,1,66,-1,,0,4,0,3808075923
gym-big-split,corridor-hold,185,Victory,7,0,7,56,8,75,0,42,-1,,0,5,0,1898512565
gym-big-split,corridor-hold,186,Victory,13,0,13,104,16,115,0,30,-1,,0,15,0,2771933715
gym-big-split,corridor-hold,187,Victory,7,0,7,56,7,175,0,28,-1,,0,4,0,2766753704
gym-big-split,corridor-hold,188,Victory,7,0,7,56,7,175,0,28,-1,,0,4,0,2766753704
gym-big-split,corridor-hold,189,Defeat,6,0,6,48,0,0,2,100,7,1:7,0,7,1,102037123
gym-big-split,corridor-hold,190,Defeat,6,0,6,48,5,0,2,100,-1,,0,4,0,1472658531
gym-big-split,corridor-hold,191,Defeat,6,0,6,48,9,0,1,100,-1,,0,4,0,3581354673
gym-big-split,corridor-hold,192,Defeat,7,0,7,56,14,0,1,57,-1,,0,4,0,2967716556
gym-big-split,corridor-hold,193,Defeat,6,0,6,48,5,0,1,66,-1,,0,4,0,2040444965
gym-big-split,corridor-hold,194,Defeat,5,0,5,40,3,0,3,80,-1,,0,3,1,4224327339
gym-big-split,corridor-hold,195,Defeat,6,0,6,48,12,0,2,66,-1,,0,4,0,3163756342
gym-big-split,corridor-hold,196,Defeat,7,0,7,56,3,0,1,71,-1,,0,8,0,841707551
gym-big-split,corridor-hold,197,Defeat,6,0,6,48,6,0,2,83,-1,,0,5,1,989753053
gym-big-split,corridor-hold,198,Defeat,6,0,6,48,3,0,2,66,-1,,0,3,0,1442718694
gym-big-split,corridor-hold,199,Defeat,5,0,5,40,20,0,2,80,-1,,0,3,1,3579003268
gym-big-split,corridor-hold,200,Victory,7,0,7,56,10,175,0,28,-1,,0,4,0,2766753704
gym-big-split,tpa-order,1,Victory,7,0,7,56,7,125,0,42,-1,,0,4,0,2066916879
gym-big-split,tpa-order,2,Victory,7,0,7,56,8,100,0,42,-1,,0,4,0,85933604
gym-big-split,tpa-order,3,Victory,7,0,7,56,5,125,0,42,-1,,0,5,0,4118809245
gym-big-split,tpa-order,4,Victory,24,0,24,192,33,265,0,16,3,1:3,0,23,0,1182610652
gym-big-split,tpa-order,5,Victory,7,0,7,56,15,100,0,42,-1,,0,5,0,2434940135
gym-big-split,tpa-order,6,Victory,7,0,7,56,5,175,0,28,-1,,0,4,0,2766753704
gym-big-split,tpa-order,7,Defeat,7,0,7,56,6,0,1,71,-1,,0,6,0,1806763788
gym-big-split,tpa-order,8,Defeat,5,0,5,40,10,0,2,80,-1,,0,3,1,2962281407
gym-big-split,tpa-order,9,Defeat,5,0,5,40,5,0,3,100,-1,,0,5,1,204113977
gym-big-split,tpa-order,10,Defeat,5,0,5,40,3,0,2,80,-1,,0,3,1,1592124659
gym-big-split,tpa-order,11,Victory,7,0,7,56,7,175,0,28,-1,,0,4,0,2766753704
gym-big-split,tpa-order,12,Victory,7,0,7,56,7,175,0,28,-1,,0,4,0,2766753704
gym-big-split,tpa-order,13,Defeat,6,0,6,48,6,0,2,66,-1,,0,3,0,136891931
gym-big-split,tpa-order,14,Victory,8,0,8,64,8,100,0,50,-1,,0,5,0,1004525757
gym-big-split,tpa-order,15,Defeat,5,0,5,40,12,0,3,80,-1,,0,3,0,2010915226
gym-big-split,tpa-order,16,Victory,8,0,8,64,3,75,0,50,-1,,0,7,0,3328995211
gym-big-split,tpa-order,17,Victory,8,0,8,64,3,75,0,50,-1,,0,5,0,2181081345
gym-big-split,tpa-order,18,Victory,7,0,7,56,4,80,0,57,-1,,0,4,0,567213635
gym-big-split,tpa-order,19,Defeat,6,0,6,48,5,0,2,83,-1,,0,3,0,1022630901
gym-big-split,tpa-order,20,Victory,7,0,7,56,5,175,0,28,-1,,0,4,0,2766753704
gym-big-split,tpa-order,21,Victory,11,0,11,88,12,165,0,36,-1,,0,8,0,1977021118
gym-big-split,tpa-order,22,Defeat,6,0,6,48,5,0,2,83,7,1:7,0,9,0,3553825414
gym-big-split,tpa-order,23,Victory,7,0,7,56,5,175,0,28,-1,,0,4,0,2766753704
gym-big-split,tpa-order,24,Defeat,5,0,5,40,5,0,3,60,7,1:7,0,6,0,480189285
gym-big-split,tpa-order,25,Defeat,6,0,6,48,6,0,1,100,-1,,0,4,0,672626690
gym-big-split,tpa-order,26,Victory,7,0,7,56,4,100,0,42,-1,,0,4,0,3506454695
gym-big-split,tpa-order,27,Defeat,14,0,14,112,12,0,1,64,3,1:3,0,22,0,2743563491
gym-big-split,tpa-order,28,Victory,11,0,11,88,5,170,0,36,3,1:3,0,10,0,3896946452
gym-big-split,tpa-order,29,Defeat,10,0,10,80,14,0,1,70,-1,,0,13,0,3282226975
gym-big-split,tpa-order,30,Victory,7,0,7,56,7,175,0,28,-1,,0,4,0,1221289387
gym-big-split,tpa-order,31,Defeat,4,0,4,32,4,0,3,75,-1,,0,2,2,1838834188
gym-big-split,tpa-order,32,Defeat,5,0,5,40,2,0,2,120,-1,,0,4,0,2069623095
gym-big-split,tpa-order,33,Victory,7,0,7,56,10,150,0,28,-1,,0,4,0,1331738193
gym-big-split,tpa-order,34,Defeat,7,0,7,56,10,0,2,57,-1,,0,6,1,3891689110
gym-big-split,tpa-order,35,Victory,8,0,8,64,13,5,0,50,-1,,0,5,0,4135645995
gym-big-split,tpa-order,36,Defeat,7,0,7,56,7,0,1,57,-1,,0,4,0,1486900616
gym-big-split,tpa-order,37,Victory,7,0,7,56,5,105,0,42,-1,,0,4,0,3906630363
gym-big-split,tpa-order,38,Defeat,5,0,5,40,5,0,2,60,7,1:7,0,6,0,3528230640
gym-big-split,tpa-order,39,Victory,7,0,7,56,5,25,0,57,-1,,0,5,0,4128059599
gym-big-split,tpa-order,40,Victory,7,0,7,56,5,175,0,28,-1,,0,4,0,2766753704
gym-big-split,tpa-order,41,Victory,7,0,7,56,5,150,0,42,-1,,0,4,0,2597567062
gym-big-split,tpa-order,42,Victory,7,0,7,56,7,175,0,28,-1,,0,4,0,2766753704
gym-big-split,tpa-order,43,Victory,8,0,8,64,4,75,0,37,-1,,0,8,0,115526266
gym-big-split,tpa-order,44,Defeat,6,0,6,48,7,0,1,66,-1,,0,3,0,481333896
gym-big-split,tpa-order,45,Victory,8,0,8,64,3,5,0,50,-1,,0,5,0,1734636143
gym-big-split,tpa-order,46,Victory,8,0,8,64,10,125,0,37,-1,,0,5,0,3788029506
gym-big-split,tpa-order,47,Victory,8,0,8,64,7,125,0,37,-1,,0,5,0,686147232
gym-big-split,tpa-order,48,Victory,7,0,7,56,7,175,0,28,-1,,0,4,0,2766753704
gym-big-split,tpa-order,49,Victory,8,0,8,64,11,30,0,50,-1,,0,6,0,3559054772
gym-big-split,tpa-order,50,Victory,7,0,7,56,4,100,0,57,-1,,0,4,0,259919954
gym-big-split,tpa-order,51,Victory,20,0,20,160,27,215,0,15,12,1:12,0,23,0,746727502
gym-big-split,tpa-order,52,Victory,7,0,7,56,5,125,0,42,-1,,0,4,0,1126204797
gym-big-split,tpa-order,53,Defeat,5,0,5,40,10,0,3,100,-1,,0,3,1,2270928764
gym-big-split,tpa-order,54,Victory,8,0,8,64,8,30,0,62,-1,,0,6,0,1243382806
gym-big-split,tpa-order,55,Defeat,7,0,7,56,6,0,2,57,-1,,0,7,0,3398537640
gym-big-split,tpa-order,56,Defeat,5,0,5,40,10,0,3,60,-1,,0,3,1,3889790048
gym-big-split,tpa-order,57,Victory,7,0,7,56,6,125,0,42,-1,,0,4,0,612880527
gym-big-split,tpa-order,58,Victory,7,0,7,56,3,175,0,28,-1,,0,5,0,1189574424
gym-big-split,tpa-order,59,Defeat,9,0,9,72,9,0,1,55,-1,,0,10,0,1369603222
gym-big-split,tpa-order,60,Defeat,5,0,5,40,5,0,3,60,7,1:7,0,6,0,2908553857
gym-big-split,tpa-order,61,Defeat,7,0,7,56,10,0,1,71,-1,,0,6,0,2825368395
gym-big-split,tpa-order,62,Defeat,7,0,7,56,8,0,1,85,-1,,0,5,0,3990518272
gym-big-split,tpa-order,63,Defeat,7,0,7,56,3,0,1,71,-1,,0,4,0,220893196
gym-big-split,tpa-order,64,Defeat,6,0,6,48,10,0,1,83,-1,,0,4,0,1898873942
gym-big-split,tpa-order,65,Defeat,6,0,6,48,15,0,1,83,-1,,0,4,0,1939539778
gym-big-split,tpa-order,66,Victory,7,0,7,56,6,125,0,42,-1,,0,5,0,3861905165
gym-big-split,tpa-order,67,Victory,8,0,8,64,5,100,0,50,-1,,0,5,0,1004525757
gym-big-split,tpa-order,68,Defeat,5,0,5,40,14,0,3,120,-1,,0,4,1,3264856531
gym-big-split,tpa-order,69,Defeat,6,0,6,48,6,0,1,83,-1,,0,4,0,627543534
gym-big-split,tpa-order,70,Defeat,6,0,6,48,10,0,1,66,-1,,0,4,0,3808075923
gym-big-split,tpa-order,71,Victory,11,0,11,88,14,100,0,45,-1,,0,12,0,1564399460
gym-big-split,tpa-order,72,Victory,10,0,10,80,3,5,0,60,-1,,0,12,0,3828042072
gym-big-split,tpa-order,73,Defeat,6,0,6,48,5,0,2,83,-1,,0,6,1,3244475333
gym-big-split,tpa-order,74,Defeat,5,0,5,40,3,0,2,80,-1,,0,3,1,3881207749
gym-big-split,tpa-order,75,Defeat,5,0,5,40,3,0,3,80,-1,,0,3,1,3850600978
gym-big-split,tpa-order,76,Defeat,7,0,7,56,3,0,1,71,-1,,0,5,0,8631848
gym-big-split,tpa-order,77,Defeat,7,0,7,56,11,0,1,57,-1,,0,5,0,634871999
gym-big-split,tpa-order,78,Defeat,7,0,7,56,13,0,2,85,-1,,0,5,0,2190911414
gym-big-split,tpa-order,79,Victory,7,0,7,56,7,175,0,28,-1,,0,5,0,2766753704
gym-big-split,tpa-order,80,Defeat,7,0,7,56,3,0,1,57,-1,,0,6,0,2907540909
gym-big-split,tpa-order,81,Victory,8,0,8,64,4,130,0,50,3,1:3,0,5,0,525213110
gym-big-split,tpa-order,82,Victory,7,0,7,56,5,150,0,42,-1,,0,4,0,3470206659
gym-big-split,tpa-order,83,Defeat,5,0,5,40,3,0,3,100,7,1:7,0,5,1,4115344380
gym-big-split,tpa-order,84,Defeat,5,0,5,40,5,0,2,100,-1,,0,3,1,3915912021
gym-big-split,tpa-order,85,Defeat,6,0,6,48,2,0,1,66,-1,,0,4,0,1160267072
gym-big-split,tpa-order,86,Victory,7,0,7,56,9,75,0,57,-1,,0,4,0,660423933
gym-big-split,tpa-order,87,Defeat,7,0,7,56,10,0,1,71,-1,,0,5,0,407644539
gym-big-split,tpa-order,88,Defeat,6,0,6,48,5,0,1,66,-1,,0,4,0,1889477809
gym-big-split,tpa-order,89,Victory,7,0,7,56,3,175,0,28,-1,,0,4,0,2766753704
gym-big-split,tpa-order,90,Victory,7,0,7,56,5,100,0,42,-1,,0,4,0,1476390565
gym-big-split,tpa-order,91,Defeat,8,0,8,64,13,0,1,62,-1,,0,7,0,686997754
gym-big-split,tpa-order,92,Victory,7,0,7,56,7,175,0,28,-1,,0,4,0,2766753704
gym-big-split,tpa-order,93,Defeat,7,0,7,56,3,0,1,71,-1,,0,7,0,2820796947
gym-big-split,tpa-order,94,Victory,7,0,7,56,5,175,0,28,-1,,0,4,0,1189574424
gym-big-split,tpa-order,95,Victory,7,0,7,56,5,75,0,71,-1,,0,3,0,2840175057
gym-big-split,tpa-order,96,Victory,7,0,7,56,5,175,0,28,-1,,0,4,0,3686170505
gym-big-split,tpa-order,97,Victory,7,0,7,56,15,175,0,28,-1,,0,4,0,4237550009
gym-big-split,tpa-order,98,Defeat,5,0,5,40,5,0,2,60,7,1:7,0,6,0,3528230640
gym-big-split,tpa-order,99,Defeat,7,0,7,56,13,0,1,71,-1,,0,5,0,4011634034
gym-big-split,tpa-order,100,Victory,23,0,23,184,32,165,0,21,3,1:3,0,40,0,990770218
gym-big-split,tpa-order,101,Defeat,6,0,6,48,8,0,1,66,-1,,0,4,0,578312356
gym-big-split,tpa-order,102,Victory,7,0,7,56,5,175,0,28,-1,,0,5,0,2766753704
gym-big-split,tpa-order,103,Victory,7,0,7,56,7,175,0,28,-1,,0,4,0,1221289387
gym-big-split,tpa-order,104,Victory,10,0,10,80,8,115,0,50,-1,,0,11,0,2877227148
gym-big-split,tpa-order,105,Defeat,6,0,6,48,5,0,2,66,-1,,0,3,0,136891931
gym-big-split,tpa-order,106,Defeat,6,0,6,48,3,0,1,83,-1,,0,4,0,151585488
gym-big-split,tpa-order,107,Victory,20,0,20,160,25,190,0,35,3,1:3,0,20,0,3029437576
gym-big-split,tpa-order,108,Defeat,6,0,6,48,4,0,2,83,-1,,0,4,0,3766705591
gym-big-split,tpa-order,109,Victory,7,0,7,56,9,175,0,28,-1,,0,4,0,2766753704
gym-big-split,tpa-order,110,Defeat,6,0,6,48,3,0,1,83,-1,,0,4,0,4016782179
gym-big-split,tpa-order,111,Defeat,6,0,6,48,14,0,1,83,-1,,0,5,0,620639827
gym-big-split,tpa-order,112,Defeat,5,0,5,40,5,0,2,80,-1,,0,3,1,3603081066
gym-big-split,tpa-order,113,Defeat,7,0,7,56,14,0,2,71,-1,,0,6,1,318191985
gym-big-split,tpa-order,114,Defeat,6,0,6,48,4,0,1,83,-1,,0,4,0,1160000160
gym-big-split,tpa-order,115,Victory,16,0,16,128,26,210,0,31,-1,,0,14,0,4221633450
gym-big-split,tpa-order,116,Victory,10,0,10,80,7,85,0,40,7,1:7,0,9,0,14236785
gym-big-split,tpa-order,117,Victory,7,0,7,56,5,125,0,42,-1,,0,4,0,3805252269
gym-big-split,tpa-order,118,Victory,7,0,7,56,4,125,0,42,-1,,0,4,0,2066916879
gym-big-split,tpa-order,119,Victory,14,0,14,112,15,170,0,28,7,1:7,0,13,0,567663679
gym-big-split,tpa-order,120,Defeat,7,0,7,56,4,0,1,71,-1,,0,5,0,1961626861
gym-big-split,tpa-order,121,Defeat,7,0,7,56,2,0,1,71,-1,,0,5,0,2208083095
gym-big-split,tpa-order,122,Victory,8,0,8,64,5,55,0,62,-1,,0,6,0,1551268990
gym-big-split,tpa-order,123,Defeat,8,0,8,64,11,0,1,75,-1,,0,7,0,1902370325
gym-big-split,tpa-order,124,Defeat,7,0,7,56,3,0,1,71,-1,,0,5,0,338421003
gym-big-split,tpa-order,125,Victory,7,0,7,56,5,175,0,28,-1,,0,5,0,2766753704
gym-big-split,tpa-order,126,Defeat,6,0,6,48,11,0,2,100,-1,,0,5,1,709773537
gym-big-split,tpa-order,127,Defeat,6,0,6,48,8,0,1,66,-1,,0,4,0,2824148691
gym-big-split,tpa-order,128,Defeat,5,0,5,40,9,0,3,80,-1,,0,3,1,3583514726
gym-big-split,tpa-order,129,Defeat,7,0,7,56,10,0,1,71,-1,,0,5,0,2718397824
gym-big-split,tpa-order,130,Victory,7,0,7,56,5,175,0,28,-1,,0,4,0,1189574424
gym-big-split,tpa-order,131,Victory,7,0,7,56,8,175,0,28,-1,,0,4,0,2766753704
gym-big-split,tpa-order,132,Defeat,7,0,7,56,16,0,2,71,-1,,0,5,0,176373542
gym-big-split,tpa-order,133,Victory,7,0,7,56,4,125,0,42,-1,,0,4,0,2066916879
gym-big-split,tpa-order,134,Defeat,7,0,7,56,9,0,1,57,-1,,0,5,0,4218523551
gym-big-split,tpa-order,135,Defeat,7,0,7,56,15,0,1,57,-1,,0,5,0,2821595190
gym-big-split,tpa-order,136,Defeat,6,0,6,48,5,0,3,116,7,1:7,0,9,0,1575835610
gym-big-split,tpa-order,137,Victory,13,0,13,104,18,5,0,46,3,1:3,0,21,0,4237265455
gym-big-split,tpa-order,138,Victory,7,0,7,56,5,75,0,57,-1,,0,3,0,2790528664
gym-big-split,tpa-order,139,Victory,7,0,7,56,7,175,0,28,-1,,0,4,0,2766753704
gym-big-split,tpa-order,140,Victory,9,0,9,72,12,5,0,44,-1,,0,7,0,2295269828
gym-big-split,tpa-order,141,Victory,7,0,7,56,5,150,0,42,-1,,0,4,0,2597567062
gym-big-split,tpa-order,142,Victory,11,0,11,88,9,100,0,54,-1,,0,17,0,1100544107
gym-big-split,tpa-order,143,Defeat,5,0,5,40,5,0,2,60,7,1:7,0,6,0,3528230640
gym-big-split,tpa-order,144,Victory,11,0,11,88,11,60,0,45,-1,,0,10,0,2136639734
gym-big-split,tpa-order,145,Victory,10,0,10,80,10,215,0,40,3,1:3,0,7,0,3785477310
gym-big-split,tpa-order,146,Victory,9,0,9,72,6,30,0,55,-1,,0,5,0,4260542092
gym-big-split,tpa-order,147,Defeat,6,0,6,48,5,0,1,83,-1,,0,4,0,4682492
gym-big-split,tpa-order,148,Defeat,6,0,6,48,10,0,1,83,-1,,0,5,0,151585488
gym-big-split,tpa-order,149,Victory,7,0,7,56,6,150,0,42,-1,,0,4,0,3870207364
gym-big-split,tpa-order,150,Defeat,7,0,7,56,4,0,2,85,-1,,0,6,1,3057765348
gym-big-split,tpa-order,151,Defeat,5,0,5,40,5,0,3,80,-1,,0,2,1,794739837
gym-big-split,tpa-order,152,Defeat,7,0,7,56,15,0,1,57,-1,,0,5,0,1815766918
gym-big-split,tpa-order,153,Defeat,5,0,5,40,10,0,2,80,-1,,0,3,0,3111472069
gym-big-split,tpa-order,154,Victory,9,0,9,72,3,80,0,77,3,1:3,0,8,0,1164117021
gym-big-split,tpa-order,155,Victory,7,0,7,56,4,125,0,42,-1,,0,4,0,2066916879
gym-big-split,tpa-order,156,Victory,8,0,8,64,7,25,0,50,-1,,0,6,0,1378083475
gym-big-split,tpa-order,157,Defeat,6,0,6,48,2,0,2,83,-1,,0,4,0,3673811723
gym-big-split,tpa-order,158,Victory,7,0,7,56,5,175,0,28,-1,,0,4,0,1221289387
gym-big-split,tpa-order,159,Defeat,6,0,6,48,12,0,2,83,-1,,0,4,0,2251965125
gym-big-split,tpa-order,160,Victory,7,0,7,56,8,125,0,42,-1,,0,5,0,4118809245
gym-big-split,tpa-order,161,Victory,7,0,7,56,13,100,0,42,-1,,0,6,0,1536653268
gym-big-split,tpa-order,162,Victory,7,0,7,56,7,150,0,42,-1,,0,3,0,2513630357
gym-big-split,tpa-order,163,Victory,8,0,8,64,5,75,0,37,-1,,0,5,0,973256965
gym-big-split,tpa-order,164,Defeat,6,0,6,48,15,0,2,100,-1,,0,5,1,298045217
gym-big-split,tpa-order,165,Victory,7,0,7,56,7,175,0,28,-1,,0,4,0,2766753704
gym-big-split,tpa-order,166,Victory,7,0,7,56,3,25,0,57,-1,,0,5,0,2809751644
gym-big-split,tpa-order,167,Victory,8,0,8,64,8,100,0,25,-1,,0,6,0,2501704448
gym-big-split,tpa-order,168,Victory,7,0,7,56,7,175,0,28,-1,,0,4,0,2766753704
gym-big-split,tpa-order,169,Victory,7,0,7,56,7,175,0,28,-1,,0,5,0,2766753704
gym-big-split,tpa-order,170,Defeat,5,0,5,40,11,0,3,100,7,1:7,0,7,0,378884384
gym-big-split,tpa-order,171,Defeat,6,0,6,48,5,0,1,66,-1,,0,4,1,4225415477
gym-big-split,tpa-order,172,Defeat,5,0,5,40,3,0,2,80,7,1:7,0,6,0,2606417480
gym-big-split,tpa-order,173,Victory,7,0,7,56,4,100,0,57,-1,,0,5,0,3021716433
gym-big-split,tpa-order,174,Victory,8,0,8,64,5,25,0,62,-1,,0,7,0,1894584419
gym-big-split,tpa-order,175,Defeat,6,0,6,48,3,0,1,83,-1,,0,5,0,271692884
gym-big-split,tpa-order,176,Victory,7,0,7,56,5,175,0,28,-1,,0,4,0,1189574424
gym-big-split,tpa-order,177,Victory,7,0,7,56,5,75,0,42,-1,,0,4,0,2395343770
gym-big-split,tpa-order,178,Victory,7,0,7,56,5,50,0,42,-1,,0,4,0,1359564770
gym-big-split,tpa-order,179,Victory,7,0,7,56,4,50,0,57,-1,,0,5,0,694307605
gym-big-split,tpa-order,180,Defeat,5,0,5,40,4,0,2,100,-1,,0,2,1,1013900941
gym-big-split,tpa-order,181,Victory,7,0,7,56,7,175,0,28,-1,,0,4,0,2766753704
gym-big-split,tpa-order,182,Defeat,7,0,7,56,11,0,1,57,-1,,0,5,0,2702905588
gym-big-split,tpa-order,183,Defeat,7,0,7,56,15,0,1,57,-1,,0,5,0,2821595190
gym-big-split,tpa-order,184,Defeat,6,0,6,48,10,0,1,66,-1,,0,4,0,3808075923
gym-big-split,tpa-order,185,Victory,7,0,7,56,8,75,0,42,-1,,0,5,0,1898512565
gym-big-split,tpa-order,186,Victory,13,0,13,104,16,115,0,30,-1,,0,15,0,2771933715
gym-big-split,tpa-order,187,Victory,7,0,7,56,7,175,0,28,-1,,0,4,0,2766753704
gym-big-split,tpa-order,188,Victory,7,0,7,56,7,175,0,28,-1,,0,4,0,2766753704
gym-big-split,tpa-order,189,Defeat,6,0,6,48,0,0,2,100,7,1:7,0,7,1,102037123
gym-big-split,tpa-order,190,Defeat,6,0,6,48,5,0,2,100,-1,,0,4,0,1472658531
gym-big-split,tpa-order,191,Defeat,6,0,6,48,9,0,1,100,-1,,0,4,0,3581354673
gym-big-split,tpa-order,192,Defeat,7,0,7,56,14,0,1,57,-1,,0,4,0,2967716556
gym-big-split,tpa-order,193,Defeat,6,0,6,48,5,0,1,66,-1,,0,4,0,2040444965
gym-big-split,tpa-order,194,Defeat,6,0,6,48,3,0,1,83,-1,,0,4,0,4061112000
gym-big-split,tpa-order,195,Defeat,6,0,6,48,12,0,2,66,-1,,0,4,0,3163756342
gym-big-split,tpa-order,196,Defeat,7,0,7,56,3,0,1,71,-1,,0,8,0,1485417503
gym-big-split,tpa-order,197,Defeat,6,0,6,48,6,0,2,83,-1,,0,5,1,989753053
gym-big-split,tpa-order,198,Victory,10,0,10,80,3,55,0,50,-1,,0,7,0,510610201
gym-big-split,tpa-order,199,Defeat,5,0,5,40,20,0,2,80,-1,,0,3,1,3579003268
gym-big-split,tpa-order,200,Victory,7,0,7,56,10,175,0,28,-1,,0,4,0,2766753704
gym-big-split,control-hold,1,Victory,7,0,7,56,7,125,0,42,-1,,0,4,0,2066916879
gym-big-split,control-hold,2,Victory,7,0,7,56,8,100,0,42,-1,,0,4,0,85933604
gym-big-split,control-hold,3,Victory,7,0,7,56,5,125,0,42,-1,,0,5,0,4118809245
gym-big-split,control-hold,4,Victory,24,0,24,192,33,265,0,16,3,1:3,0,23,0,1182610652
gym-big-split,control-hold,5,Victory,7,0,7,56,15,100,0,42,-1,,0,5,0,2434940135
gym-big-split,control-hold,6,Victory,7,0,7,56,5,175,0,28,-1,,0,4,0,2766753704
gym-big-split,control-hold,7,Defeat,7,0,7,56,6,0,1,71,-1,,0,6,0,1806763788
gym-big-split,control-hold,8,Defeat,5,0,5,40,10,0,2,80,-1,,0,3,1,2962281407
gym-big-split,control-hold,9,Defeat,7,0,7,56,6,0,3,114,-1,,0,10,0,2793112091
gym-big-split,control-hold,10,Victory,27,0,27,216,35,115,0,25,3,1:3,0,26,0,1473799581
gym-big-split,control-hold,11,Victory,7,0,7,56,7,175,0,28,-1,,0,4,0,2766753704
gym-big-split,control-hold,12,Victory,7,0,7,56,7,175,0,28,-1,,0,4,0,2766753704
gym-big-split,control-hold,13,Defeat,6,0,6,48,6,0,2,66,-1,,0,3,0,136891931
gym-big-split,control-hold,14,Victory,8,0,8,64,8,100,0,50,-1,,0,5,0,1004525757
gym-big-split,control-hold,15,Defeat,5,0,5,40,12,0,3,80,-1,,0,3,0,2010915226
gym-big-split,control-hold,16,Victory,8,0,8,64,3,75,0,50,-1,,0,7,0,3328995211
gym-big-split,control-hold,17,Victory,8,0,8,64,3,75,0,50,-1,,0,5,0,2181081345
gym-big-split,control-hold,18,Victory,7,0,7,56,4,80,0,57,-1,,0,4,0,567213635
gym-big-split,control-hold,19,Defeat,6,0,6,48,5,0,2,83,-1,,0,3,0,1022630901
gym-big-split,control-hold,20,Victory,7,0,7,56,5,175,0,28,-1,,0,4,0,2766753704
gym-big-split,control-hold,21,Victory,11,0,11,88,12,165,0,36,-1,,0,8,0,1977021118
gym-big-split,control-hold,22,Defeat,6,0,6,48,5,0,2,83,7,1:7,0,9,0,3553825414
gym-big-split,control-hold,23,Victory,7,0,7,56,5,175,0,28,-1,,0,4,0,2766753704
gym-big-split,control-hold,24,Defeat,5,0,5,40,5,0,3,60,7,1:7,0,6,0,480189285
gym-big-split,control-hold,25,Defeat,6,0,6,48,6,0,1,100,-1,,0,4,0,672626690
gym-big-split,control-hold,26,Victory,7,0,7,56,4,100,0,42,-1,,0,4,0,3506454695
gym-big-split,control-hold,27,Defeat,14,0,14,112,12,0,1,64,3,1:3,0,22,0,2228001475
gym-big-split,control-hold,28,Victory,11,0,11,88,5,170,0,36,3,1:3,0,10,0,3896946452
gym-big-split,control-hold,29,Defeat,10,0,10,80,14,0,1,70,-1,,0,13,0,3282226975
gym-big-split,control-hold,30,Victory,7,0,7,56,7,175,0,28,-1,,0,4,0,1221289387
gym-big-split,control-hold,31,Defeat,4,0,4,32,4,0,3,75,-1,,0,2,2,1838834188
gym-big-split,control-hold,32,Defeat,4,0,4,32,2,0,4,150,-1,,0,2,1,2176253168
gym-big-split,control-hold,33,Victory,7,0,7,56,10,150,0,28,-1,,0,4,0,1331738193
gym-big-split,control-hold,34,Defeat,7,0,7,56,10,0,2,57,-1,,0,6,1,3891689110
gym-big-split,control-hold,35,Victory,8,0,8,64,13,5,0,50,-1,,0,5,0,4135645995
gym-big-split,control-hold,36,Defeat,7,0,7,56,7,0,1,57,-1,,0,4,0,1486900616
gym-big-split,control-hold,37,Victory,7,0,7,56,5,105,0,42,-1,,0,4,0,3906630363
gym-big-split,control-hold,38,Defeat,5,0,5,40,5,0,2,60,7,1:7,0,6,0,3528230640
gym-big-split,control-hold,39,Victory,7,0,7,56,5,25,0,57,-1,,0,5,0,4128059599
gym-big-split,control-hold,40,Victory,7,0,7,56,5,175,0,28,-1,,0,4,0,2766753704
gym-big-split,control-hold,41,Victory,7,0,7,56,5,150,0,42,-1,,0,4,0,2597567062
gym-big-split,control-hold,42,Victory,7,0,7,56,7,175,0,28,-1,,0,4,0,2766753704
gym-big-split,control-hold,43,Victory,8,0,8,64,4,75,0,37,-1,,0,8,0,115526266
gym-big-split,control-hold,44,Defeat,6,0,6,48,7,0,1,66,-1,,0,3,0,481333896
gym-big-split,control-hold,45,Victory,8,0,8,64,3,5,0,50,-1,,0,5,0,1734636143
gym-big-split,control-hold,46,Victory,8,0,8,64,10,125,0,37,-1,,0,5,0,3788029506
gym-big-split,control-hold,47,Victory,8,0,8,64,7,125,0,37,-1,,0,5,0,686147232
gym-big-split,control-hold,48,Victory,7,0,7,56,7,175,0,28,-1,,0,4,0,2766753704
gym-big-split,control-hold,49,Defeat,7,0,7,56,9,0,2,71,-1,,0,5,0,4123630629
gym-big-split,control-hold,50,Victory,7,0,7,56,4,100,0,57,-1,,0,4,0,259919954
gym-big-split,control-hold,51,Victory,20,0,20,160,27,215,0,15,12,1:12,0,23,0,746727502
gym-big-split,control-hold,52,Victory,7,0,7,56,5,125,0,42,-1,,0,4,0,1126204797
gym-big-split,control-hold,53,Defeat,5,0,5,40,10,0,3,100,-1,,0,3,1,2270928764
gym-big-split,control-hold,54,Victory,8,0,8,64,8,60,0,62,-1,,0,6,0,4044945573
gym-big-split,control-hold,55,Defeat,7,0,7,56,6,0,2,57,-1,,0,7,0,3398537640
gym-big-split,control-hold,56,Defeat,5,0,5,40,10,0,3,60,-1,,0,3,1,3889790048
gym-big-split,control-hold,57,Victory,7,0,7,56,6,125,0,42,-1,,0,4,0,612880527
gym-big-split,control-hold,58,Victory,7,0,7,56,3,175,0,28,-1,,0,5,0,1189574424
gym-big-split,control-hold,59,Defeat,9,0,9,72,9,0,1,55,-1,,0,10,0,1369603222
gym-big-split,control-hold,60,Defeat,5,0,5,40,5,0,3,60,7,1:7,0,6,0,2908553857
gym-big-split,control-hold,61,Defeat,7,0,7,56,10,0,1,71,-1,,0,6,0,3304747002
gym-big-split,control-hold,62,Defeat,7,0,7,56,8,0,1,85,-1,,0,5,0,3990518272
gym-big-split,control-hold,63,Defeat,7,0,7,56,3,0,1,71,-1,,0,4,0,220893196
gym-big-split,control-hold,64,Defeat,6,0,6,48,10,0,1,83,-1,,0,4,0,1898873942
gym-big-split,control-hold,65,Defeat,6,0,6,48,15,0,1,83,-1,,0,4,0,1939539778
gym-big-split,control-hold,66,Victory,7,0,7,56,6,125,0,42,-1,,0,5,0,3861905165
gym-big-split,control-hold,67,Victory,8,0,8,64,5,100,0,50,-1,,0,5,0,1004525757
gym-big-split,control-hold,68,Defeat,5,0,5,40,14,0,3,120,-1,,0,4,1,3264856531
gym-big-split,control-hold,69,Defeat,6,0,6,48,6,0,1,83,-1,,0,4,0,627543534
gym-big-split,control-hold,70,Defeat,6,0,6,48,10,0,1,66,-1,,0,4,0,3808075923
gym-big-split,control-hold,71,Victory,11,0,11,88,14,100,0,45,-1,,0,12,0,1564399460
gym-big-split,control-hold,72,Victory,10,0,10,80,3,5,0,60,-1,,0,12,0,3828042072
gym-big-split,control-hold,73,Defeat,6,0,6,48,5,0,2,83,-1,,0,6,1,3244475333
gym-big-split,control-hold,74,Defeat,5,0,5,40,3,0,2,80,-1,,0,3,1,3881207749
gym-big-split,control-hold,75,Defeat,5,0,5,40,3,0,3,80,-1,,0,3,1,3850600978
gym-big-split,control-hold,76,Defeat,7,0,7,56,3,0,1,71,-1,,0,5,0,8631848
gym-big-split,control-hold,77,Defeat,7,0,7,56,11,0,1,57,-1,,0,5,0,4242029038
gym-big-split,control-hold,78,Defeat,7,0,7,56,13,0,2,85,-1,,0,5,0,2190911414
gym-big-split,control-hold,79,Victory,7,0,7,56,7,175,0,28,-1,,0,5,0,2766753704
gym-big-split,control-hold,80,Defeat,7,0,7,56,3,0,1,57,-1,,0,6,0,2907540909
gym-big-split,control-hold,81,Victory,8,0,8,64,4,130,0,50,3,1:3,0,5,0,525213110
gym-big-split,control-hold,82,Victory,7,0,7,56,5,150,0,42,-1,,0,4,0,3470206659
gym-big-split,control-hold,83,Defeat,5,0,5,40,3,0,3,100,7,1:7,0,5,1,4115344380
gym-big-split,control-hold,84,Defeat,5,0,5,40,5,0,2,100,-1,,0,3,1,3915912021
gym-big-split,control-hold,85,Defeat,6,0,6,48,2,0,1,66,-1,,0,4,0,1160267072
gym-big-split,control-hold,86,Victory,7,0,7,56,9,75,0,57,-1,,0,4,0,660423933
gym-big-split,control-hold,87,Defeat,7,0,7,56,10,0,1,71,-1,,0,5,0,201579434
gym-big-split,control-hold,88,Defeat,6,0,6,48,5,0,1,66,-1,,0,4,0,1889477809
gym-big-split,control-hold,89,Victory,7,0,7,56,3,175,0,28,-1,,0,4,0,2766753704
gym-big-split,control-hold,90,Victory,7,0,7,56,5,100,0,42,-1,,0,4,0,1476390565
gym-big-split,control-hold,91,Defeat,7,0,7,56,11,0,1,57,-1,,0,6,0,1635329551
gym-big-split,control-hold,92,Victory,7,0,7,56,7,175,0,28,-1,,0,4,0,2766753704
gym-big-split,control-hold,93,Defeat,7,0,7,56,3,0,1,71,-1,,0,7,0,2820796947
gym-big-split,control-hold,94,Victory,7,0,7,56,5,175,0,28,-1,,0,4,0,1189574424
gym-big-split,control-hold,95,Victory,7,0,7,56,5,75,0,71,-1,,0,3,0,2840175057
gym-big-split,control-hold,96,Victory,7,0,7,56,5,175,0,28,-1,,0,4,0,3686170505
gym-big-split,control-hold,97,Victory,7,0,7,56,15,175,0,28,-1,,0,4,0,4237550009
gym-big-split,control-hold,98,Defeat,5,0,5,40,5,0,2,60,7,1:7,0,6,0,3528230640
gym-big-split,control-hold,99,Defeat,7,0,7,56,13,0,1,71,-1,,0,5,0,4011634034
gym-big-split,control-hold,100,Victory,23,0,23,184,32,165,0,21,3,1:3,0,40,0,990770218
gym-big-split,control-hold,101,Defeat,6,0,6,48,8,0,1,66,-1,,0,4,0,578312356
gym-big-split,control-hold,102,Victory,7,0,7,56,5,175,0,28,-1,,0,5,0,2766753704
gym-big-split,control-hold,103,Victory,7,0,7,56,7,175,0,28,-1,,0,4,0,1221289387
gym-big-split,control-hold,104,Victory,10,0,10,80,8,115,0,50,-1,,0,11,0,2877227148
gym-big-split,control-hold,105,Defeat,6,0,6,48,5,0,2,66,-1,,0,3,0,136891931
gym-big-split,control-hold,106,Defeat,6,0,6,48,3,0,1,83,-1,,0,4,0,151585488
gym-big-split,control-hold,107,Victory,20,0,20,160,25,190,0,35,3,1:3,0,20,0,3029437576
gym-big-split,control-hold,108,Defeat,6,0,6,48,4,0,2,83,-1,,0,4,0,3766705591
gym-big-split,control-hold,109,Victory,7,0,7,56,9,175,0,28,-1,,0,4,0,2766753704
gym-big-split,control-hold,110,Defeat,6,0,6,48,3,0,1,83,-1,,0,4,0,4016782179
gym-big-split,control-hold,111,Defeat,6,0,6,48,14,0,1,83,-1,,0,5,0,620639827
gym-big-split,control-hold,112,Defeat,5,0,5,40,5,0,2,80,-1,,0,3,1,3603081066
gym-big-split,control-hold,113,Defeat,7,0,7,56,14,0,2,71,-1,,0,6,1,318191985
gym-big-split,control-hold,114,Defeat,6,0,6,48,4,0,1,83,-1,,0,4,0,1160000160
gym-big-split,control-hold,115,Victory,16,0,16,128,26,210,0,31,-1,,0,14,0,4221633450
gym-big-split,control-hold,116,Victory,10,0,10,80,7,85,0,40,7,1:7,0,9,0,14236785
gym-big-split,control-hold,117,Victory,7,0,7,56,5,125,0,42,-1,,0,4,0,3805252269
gym-big-split,control-hold,118,Victory,7,0,7,56,4,125,0,42,-1,,0,4,0,2066916879
gym-big-split,control-hold,119,Victory,14,0,14,112,15,170,0,28,7,1:7,0,13,0,567663679
gym-big-split,control-hold,120,Defeat,7,0,7,56,4,0,1,71,-1,,0,5,0,1961626861
gym-big-split,control-hold,121,Defeat,7,0,7,56,2,0,1,71,-1,,0,5,0,2208083095
gym-big-split,control-hold,122,Victory,8,0,8,64,5,55,0,62,-1,,0,6,0,1551268990
gym-big-split,control-hold,123,Defeat,8,0,8,64,11,0,1,75,-1,,0,7,0,1257458197
gym-big-split,control-hold,124,Defeat,7,0,7,56,3,0,1,71,-1,,0,5,0,1617359338
gym-big-split,control-hold,125,Victory,7,0,7,56,5,175,0,28,-1,,0,5,0,2766753704
gym-big-split,control-hold,126,Defeat,6,0,6,48,11,0,2,100,-1,,0,5,1,709773537
gym-big-split,control-hold,127,Defeat,6,0,6,48,8,0,1,66,-1,,0,4,0,2824148691
gym-big-split,control-hold,128,Defeat,5,0,5,40,9,0,3,80,-1,,0,3,1,3583514726
gym-big-split,control-hold,129,Defeat,7,0,7,56,10,0,1,71,-1,,0,5,0,2718397824
gym-big-split,control-hold,130,Victory,7,0,7,56,5,175,0,28,-1,,0,4,0,1189574424
gym-big-split,control-hold,131,Victory,7,0,7,56,8,175,0,28,-1,,0,4,0,2766753704
gym-big-split,control-hold,132,Defeat,7,0,7,56,16,0,2,71,-1,,0,5,0,176373542
gym-big-split,control-hold,133,Victory,7,0,7,56,4,125,0,42,-1,,0,4,0,2066916879
gym-big-split,control-hold,134,Defeat,7,0,7,56,9,0,1,57,-1,,0,5,0,2114708158
gym-big-split,control-hold,135,Defeat,7,0,7,56,15,0,1,57,-1,,0,5,0,2821595190
gym-big-split,control-hold,136,Defeat,5,0,5,40,5,0,4,80,7,1:7,0,7,1,774743321
gym-big-split,control-hold,137,Victory,13,0,13,104,18,5,0,46,3,1:3,0,21,0,4237265455
gym-big-split,control-hold,138,Victory,7,0,7,56,5,75,0,57,-1,,0,3,0,2790528664
gym-big-split,control-hold,139,Victory,7,0,7,56,7,175,0,28,-1,,0,4,0,2766753704
gym-big-split,control-hold,140,Victory,9,0,9,72,12,5,0,44,-1,,0,7,0,2295269828
gym-big-split,control-hold,141,Victory,7,0,7,56,5,150,0,42,-1,,0,4,0,2597567062
gym-big-split,control-hold,142,Victory,11,0,11,88,9,100,0,54,-1,,0,17,0,1100544107
gym-big-split,control-hold,143,Defeat,5,0,5,40,5,0,2,60,7,1:7,0,6,0,3528230640
gym-big-split,control-hold,144,Victory,11,0,11,88,11,60,0,45,-1,,0,10,0,2136639734
gym-big-split,control-hold,145,Victory,10,0,10,80,10,215,0,40,3,1:3,0,7,0,3785477310
gym-big-split,control-hold,146,Victory,9,0,9,72,6,30,0,55,-1,,0,5,0,4260542092
gym-big-split,control-hold,147,Defeat,6,0,6,48,5,0,2,100,-1,,0,4,0,3370781797
gym-big-split,control-hold,148,Defeat,6,0,6,48,10,0,1,83,-1,,0,5,0,151585488
gym-big-split,control-hold,149,Victory,7,0,7,56,6,150,0,42,-1,,0,4,0,3870207364
gym-big-split,control-hold,150,Defeat,7,0,7,56,4,0,2,85,-1,,0,6,1,560554395
gym-big-split,control-hold,151,Defeat,5,0,5,40,5,0,3,80,-1,,0,2,1,794739837
gym-big-split,control-hold,152,Defeat,7,0,7,56,15,0,1,57,-1,,0,5,0,1815766918
gym-big-split,control-hold,153,Defeat,5,0,5,40,10,0,2,80,-1,,0,3,0,3111472069
gym-big-split,control-hold,154,Victory,9,0,9,72,3,80,0,77,3,1:3,0,8,0,1164117021
gym-big-split,control-hold,155,Victory,7,0,7,56,4,125,0,42,-1,,0,4,0,2066916879
gym-big-split,control-hold,156,Victory,8,0,8,64,7,25,0,50,-1,,0,6,0,1378083475
gym-big-split,control-hold,157,Defeat,6,0,6,48,2,0,2,83,-1,,0,4,0,3673811723
gym-big-split,control-hold,158,Victory,7,0,7,56,5,175,0,28,-1,,0,4,0,1221289387
gym-big-split,control-hold,159,Defeat,6,0,6,48,12,0,2,83,-1,,0,4,0,2251965125
gym-big-split,control-hold,160,Victory,7,0,7,56,8,125,0,42,-1,,0,5,0,4118809245
gym-big-split,control-hold,161,Victory,7,0,7,56,13,100,0,42,-1,,0,6,0,1536653268
gym-big-split,control-hold,162,Victory,7,0,7,56,7,150,0,42,-1,,0,3,0,2513630357
gym-big-split,control-hold,163,Victory,8,0,8,64,5,75,0,37,-1,,0,5,0,973256965
gym-big-split,control-hold,164,Defeat,6,0,6,48,15,0,2,100,-1,,0,5,1,298045217
gym-big-split,control-hold,165,Victory,7,0,7,56,7,175,0,28,-1,,0,4,0,2766753704
gym-big-split,control-hold,166,Victory,7,0,7,56,3,25,0,57,-1,,0,5,0,2809751644
gym-big-split,control-hold,167,Victory,8,0,8,64,8,100,0,25,-1,,0,6,0,2501704448
gym-big-split,control-hold,168,Victory,7,0,7,56,7,175,0,28,-1,,0,4,0,2766753704
gym-big-split,control-hold,169,Victory,7,0,7,56,7,175,0,28,-1,,0,5,0,2766753704
gym-big-split,control-hold,170,Defeat,5,0,5,40,11,0,3,100,7,1:7,0,7,0,378884384
gym-big-split,control-hold,171,Defeat,6,0,6,48,5,0,1,66,-1,,0,4,1,4225415477
gym-big-split,control-hold,172,Defeat,5,0,5,40,3,0,2,80,7,1:7,0,6,0,2606417480
gym-big-split,control-hold,173,Victory,7,0,7,56,4,100,0,57,-1,,0,5,0,3021716433
gym-big-split,control-hold,174,Victory,8,0,8,64,5,25,0,62,-1,,0,7,0,1274028754
gym-big-split,control-hold,175,Defeat,6,0,6,48,3,0,1,83,-1,,0,5,0,271692884
gym-big-split,control-hold,176,Victory,7,0,7,56,5,175,0,28,-1,,0,4,0,1189574424
gym-big-split,control-hold,177,Victory,7,0,7,56,5,75,0,42,-1,,0,4,0,2395343770
gym-big-split,control-hold,178,Victory,7,0,7,56,5,50,0,42,-1,,0,4,0,1359564770
gym-big-split,control-hold,179,Victory,7,0,7,56,4,50,0,57,-1,,0,5,0,694307605
gym-big-split,control-hold,180,Victory,11,0,11,88,12,40,0,45,3,1:3,0,7,0,1699868221
gym-big-split,control-hold,181,Victory,7,0,7,56,7,175,0,28,-1,,0,4,0,2766753704
gym-big-split,control-hold,182,Defeat,7,0,7,56,11,0,1,57,-1,,0,5,0,2702905588
gym-big-split,control-hold,183,Defeat,7,0,7,56,15,0,1,57,-1,,0,5,0,2821595190
gym-big-split,control-hold,184,Defeat,6,0,6,48,10,0,1,66,-1,,0,4,0,3808075923
gym-big-split,control-hold,185,Victory,7,0,7,56,8,75,0,42,-1,,0,5,0,1898512565
gym-big-split,control-hold,186,Victory,13,0,13,104,16,115,0,30,-1,,0,15,0,2771933715
gym-big-split,control-hold,187,Victory,7,0,7,56,7,175,0,28,-1,,0,4,0,2766753704
gym-big-split,control-hold,188,Victory,7,0,7,56,7,175,0,28,-1,,0,4,0,2766753704
gym-big-split,control-hold,189,Defeat,6,0,6,48,0,0,2,100,7,1:7,0,7,1,102037123
gym-big-split,control-hold,190,Defeat,6,0,6,48,5,0,2,100,-1,,0,4,0,1472658531
gym-big-split,control-hold,191,Defeat,6,0,6,48,9,0,1,100,-1,,0,4,0,3581354673
gym-big-split,control-hold,192,Defeat,7,0,7,56,14,0,1,57,-1,,0,4,0,2967716556
gym-big-split,control-hold,193,Defeat,6,0,6,48,5,0,1,66,-1,,0,4,0,2040444965
gym-big-split,control-hold,194,Defeat,5,0,5,40,3,0,3,80,-1,,0,3,1,4224327339
gym-big-split,control-hold,195,Defeat,6,0,6,48,12,0,2,66,-1,,0,4,0,3163756342
gym-big-split,control-hold,196,Defeat,7,0,7,56,3,0,1,71,-1,,0,8,0,841707551
gym-big-split,control-hold,197,Defeat,6,0,6,48,6,0,2,83,-1,,0,5,1,989753053
gym-big-split,control-hold,198,Defeat,6,0,6,48,3,0,2,66,-1,,0,3,0,1442718694
gym-big-split,control-hold,199,Defeat,5,0,5,40,20,0,2,80,-1,,0,3,1,3579003268
gym-big-split,control-hold,200,Victory,7,0,7,56,10,175,0,28,-1,,0,4,0,2766753704
gym-big-split,charge,1,Victory,6,0,6,48,6,100,0,50,-1,,0,3,0,2712349065
gym-big-split,charge,2,Defeat,4,0,4,32,4,0,2,75,-1,,0,1,2,592109095
gym-big-split,charge,3,Defeat,4,0,4,32,8,0,2,75,-1,,0,2,1,3115146907
gym-big-split,charge,4,Defeat,7,0,7,56,12,0,2,71,-1,,0,5,0,3267851814
gym-big-split,charge,5,Defeat,5,0,5,40,4,0,2,60,-1,,0,1,2,2258711985
gym-big-split,charge,6,Defeat,5,0,5,40,4,0,1,80,-1,,0,2,1,3676787747
gym-big-split,charge,7,Defeat,3,0,3,24,12,0,3,100,-1,,0,1,3,1824029820
gym-big-split,charge,8,Defeat,4,0,4,32,4,0,3,75,-1,,0,1,2,418708687
gym-big-split,charge,9,Defeat,5,0,5,40,6,0,2,80,-1,,0,1,2,1444699399
gym-big-split,charge,10,Defeat,3,0,3,24,8,0,4,133,-1,,0,1,2,1956139751
gym-big-split,charge,11,Defeat,4,0,4,32,4,0,2,75,-1,,0,1,2,592109095
gym-big-split,charge,12,Defeat,4,0,4,32,4,0,2,75,-1,,0,1,2,592109095
gym-big-split,charge,13,Defeat,6,0,6,48,8,0,1,50,-1,,0,1,0,2311738363
gym-big-split,charge,14,Defeat,5,0,5,40,5,0,2,80,-1,,0,2,1,4187009991
gym-big-split,charge,15,Defeat,4,0,4,32,4,0,3,75,-1,,0,1,2,2030596543
gym-big-split,charge,16,Defeat,4,0,4,32,4,0,2,75,-1,,0,0,2,4221049541
gym-big-split,charge,17,Defeat,4,0,4,32,2,0,2,75,-1,,0,1,2,592109095
gym-big-split,charge,18,Defeat,4,0,4,32,4,0,2,75,-1,,0,1,2,3429597259
gym-big-split,charge,19,Defeat,4,0,4,32,4,0,2,75,-1,,0,1,2,592109095
gym-big-split,charge,20,Defeat,5,0,5,40,4,0,1,60,-1,,0,0,1,1718209938
gym-big-split,charge,21,Defeat,5,0,5,40,10,0,2,100,-1,,0,1,0,3595382212
gym-big-split,charge,22,Defeat,4,0,4,32,5,0,3,100,-1,,0,1,2,1293091907
gym-big-split,charge,23,Defeat,4,0,4,32,6,0,2,75,-1,,0,1,2,3408945581
gym-big-split,charge,24,Defeat,3,0,3,24,4,0,3,100,-1,,0,1,2,120674298
gym-big-split,charge,25,Defeat,5,0,5,40,4,0,2,60,-1,,0,1,1,608902853
gym-big-split,charge,26,Defeat,4,0,4,32,4,0,2,75,-1,,0,1,2,3429597259
gym-big-split,charge,27,Defeat,4,0,4,32,4,0,2,75,-1,,0,1,2,3429597259
gym-big-split,charge,28,Defeat,5,0,5,40,8,0,2,60,-1,,0,1,1,4153043808
gym-big-split,charge,29,Defeat,4,0,4,32,4,0,2,75,-1,,0,1,2,592109095
gym-big-split,charge,30,Defeat,6,0,6,48,6,0,1,66,-1,,0,1,0,3180645993
gym-big-split,charge,31,Victory,8,0,8,64,3,50,0,37,-1,,0,1,0,1348455225
gym-big-split,charge,32,Defeat,4,0,4,32,8,0,3,100,-1,,0,2,2,1773723467
gym-big-split,charge,33,Defeat,4,0,4,32,4,0,2,75,-1,,0,0,2,592109095
gym-big-split,charge,34,Defeat,3,0,3,24,4,0,3,133,-1,,0,1,2,747285756
gym-big-split,charge,35,Defeat,5,0,5,40,4,0,2,60,-1,,0,1,2,3810538975
gym-big-split,charge,36,Defeat,4,0,4,32,4,0,2,75,-1,,0,1,2,592109095
gym-big-split,charge,37,Defeat,5,0,5,40,4,0,1,80,-1,,0,1,1,3625124721
gym-big-split,charge,38,Defeat,5,0,5,40,1,0,2,80,-1,,0,0,1,1294657172
gym-big-split,charge,39,Victory,6,0,6,48,4,30,0,66,-1,,0,2,0,421284916
gym-big-split,charge,40,Defeat,4,0,4,32,2,0,2,75,-1,,0,1,2,592109095
gym-big-split,charge,41,Defeat,4,0,4,32,4,0,2,75,-1,,0,1,2,4221049541
gym-big-split,charge,42,Defeat,4,0,4,32,4,0,2,75,-1,,0,1,2,592109095
gym-big-split,charge,43,Defeat,4,0,4,32,2,0,2,75,-1,,0,1,2,592109095
gym-big-split,charge,44,Defeat,5,0,5,40,9,0,2,80,-1,,0,2,0,3506584687
gym-big-split,charge,45,Defeat,4,0,4,32,9,0,3,100,-1,,0,2,2,1344218300
gym-big-split,charge,46,Defeat,4,0,4,32,6,0,2,75,-1,,0,1,1,2652544971
gym-big-split,charge,47,Defeat,4,0,4,32,4,0,2,75,-1,,0,1,2,592109095
gym-big-split,charge,48,Defeat,4,0,4,32,4,0,2,75,-1,,0,1,2,592109095
gym-big-split,charge,49,Defeat,4,0,4,32,4,0,2,75,-1,,0,1,2,3429597259
gym-big-split,charge,50,Defeat,4,0,4,32,4,0,2,75,-1,,0,1,2,592109095
gym-big-split,charge,51,Defeat,5,0,5,40,4,0,2,100,-1,,0,2,1,2618335648
gym-big-split,charge,52,Defeat,4,0,4,32,4,0,2,75,-1,,0,1,2,592109095
gym-big-split,charge,53,Defeat,6,0,6,48,11,0,2,66,-1,,0,2,1,2044726707
gym-big-split,charge,54,Defeat,8,0,8,64,5,0,1,62,3,1:3,0,3,0,3274235058
gym-big-split,charge,55,Defeat,5,0,5,40,8,0,2,60,-1,,0,2,2,2820548516
gym-big-split,charge,56,Defeat,6,0,6,48,4,0,1,66,-1,,0,2,0,2472069278
gym-big-split,charge,57,Defeat,5,0,5,40,4,0,2,80,-1,,0,1,1,325455094
gym-big-split,charge,58,Defeat,7,0,7,56,2,0,1,71,-1,,0,3,0,3865050980
gym-big-split,charge,59,Defeat,3,0,3,24,8,0,4,133,-1,,0,1,2,3589559323
gym-big-split,charge,60,Defeat,5,0,5,40,8,0,2,80,-1,,0,2,0,3425231059
gym-big-split,charge,61,Defeat,4,0,4,32,4,0,2,75,-1,,0,1,2,592109095
gym-big-split,charge,62,Defeat,5,0,5,40,3,0,2,80,-1,,0,1,1,1366251952
gym-big-split,charge,63,Defeat,4,0,4,32,4,0,3,75,-1,,0,2,1,1694414441
gym-big-split,charge,64,Defeat,4,0,4,32,8,0,2,75,-1,,0,1,2,3963869199
gym-big-split,charge,65,Defeat,4,0,4,32,4,0,3,75,-1,,0,1,2,418708687
gym-big-split,charge,66,Defeat,4,0,4,32,4,0,2,75,-1,,0,1,2,462632777
gym-big-split,charge,67,Defeat,4,0,4,32,4,0,2,75,-1,,0,1,2,3429597259
gym-big-split,charge,68,Defeat,6,0,6,48,6,0,1,66,3,1:3,0,1,1,3539151308
gym-big-split,charge,69,Defeat,4,0,4,32,10,0,3,100,-1,,0,1,2,1113782003
gym-big-split,charge,70,Defeat,4,0,4,32,4,0,3,75,-1,,0,1,2,2747079735
gym-big-split,charge,71,Defeat,4,0,4,32,1,0,2,100,-1,,0,1,2,3718375407
gym-big-split,charge,72,Defeat,5,0,5,40,4,0,2,80,-1,,0,3,1,1464786815
gym-big-split,charge,73,Defeat,4,0,4,32,4,0,2,75,-1,,0,1,2,4221049541
gym-big-split,charge,74,Defeat,5,0,5,40,10,0,2,60,-1,,0,2,2,291091648
gym-big-split,charge,75,Defeat,5,0,5,40,4,0,2,60,-1,,0,0,1,3929247121
gym-big-split,charge,76,Victory,7,0,7,56,5,30,0,57,-1,,0,3,0,736610067
gym-big-split,charge,77,Defeat,4,0,4,32,4,0,2,75,-1,,0,1,2,592109095
gym-big-split,charge,78,Defeat,4,0,4,32,4,0,2,75,-1,,0,1,2,4221049541
gym-big-split,charge,79,Defeat,3,0,3,24,4,0,4,100,-1,,0,1,2,3382055727
gym-big-split,charge,80,Defeat,6,0,6,48,1,0,1,100,-1,,0,3,0,1145377857
gym-big-split,charge,81,Defeat,6,0,6,48,4,0,2,100,3,1:3,0,3,0,4203733439
gym-big-split,charge,82,Defeat,4,0,4,32,4,0,2,75,-1,,0,1,2,592109095
gym-big-split,charge,83,Defeat,5,0,5,40,8,0,2,80,-1,,0,2,2,4259792591
gym-big-split,charge,84,Defeat,5,0,5,40,4,0,1,60,-1,,0,1,1,2494593362
gym-big-split,charge,85,Defeat,5,0,5,40,4,0,1,60,-1,,0,0,1,1718209938
gym-big-split,charge,86,Defeat,3,0,3,24,4,0,3,100,-1,,0,1,2,190819060
gym-big-split,charge,87,Defeat,4,0,4,32,4,0,2,75,-1,,0,1,2,592109095
gym-big-split,charge,88,Defeat,5,0,5,40,4,0,2,80,-1,,0,1,1,884164224
gym-big-split,charge,89,Defeat,4,0,4,32,6,0,2,75,-1,,0,1,1,3966995521
gym-big-split,charge,90,Defeat,4,0,4,32,4,0,2,75,-1,,0,1,2,592109095
gym-big-split,charge,91,Defeat,4,0,4,32,4,0,2,75,-1,,0,0,2,592109095
gym-big-split,charge,92,Defeat,4,0,4,32,4,0,2,75,-1,,0,1,2,592109095
gym-big-split,charge,93,Defeat,5,0,5,40,8,0,2,80,-1,,0,2,1,3929148604
gym-big-split,charge,94,Defeat,4,0,4,32,4,0,2,75,-1,,0,1,2,592109095
gym-big-split,charge,95,Defeat,4,0,4,32,0,0,2,125,-1,,0,2,2,2164360524
gym-big-split,charge,96,Defeat,5,0,5,40,6,0,1,80,-1,,0,1,1,4090995821
gym-big-split,charge,97,Victory,8,0,8,64,16,50,0,37,-1,,0,5,0,2592364228
gym-big-split,charge,98,Defeat,5,0,5,40,8,0,2,80,-1,,0,2,2,3207648507
gym-big-split,charge,99,Defeat,4,0,4,32,4,0,2,75,-1,,0,1,2,592109095
gym-big-split,charge,100,Defeat,5,0,5,40,8,0,3,60,-1,,0,2,2,4289257036
gym-big-split,charge,101,Defeat,6,0,6,48,6,0,1,66,-1,,0,2,0,2949659462
gym-big-split,charge,102,Defeat,4,0,4,32,2,0,2,75,-1,,0,1,2,592109095
gym-big-split,charge,103,Defeat,4,0,4,32,4,0,2,75,-1,,0,1,2,592109095
gym-big-split,charge,104,Defeat,5,0,5,40,4,0,2,60,-1,,0,1,2,3487704863
gym-big-split,charge,105,Defeat,4,0,4,32,4,0,2,75,-1,,0,1,2,592109095
gym-big-split,charge,106,Defeat,4,0,4,32,4,0,2,75,-1,,0,0,2,4221049541
gym-big-split,charge,107,Defeat,5,0,5,40,4,0,2,80,8,1:8,0,0,1,1856482554
gym-big-split,charge,108,Defeat,4,0,4,32,4,0,2,75,-1,,0,1,2,592109095
gym-big-split,charge,109,Defeat,4,0,4,32,2,0,2,75,-1,,0,1,2,592109095
gym-big-split,charge,110,Defeat,5,0,5,40,4,0,2,60,-1,,0,1,1,608902853
gym-big-split,charge,111,Defeat,5,0,5,40,5,0,2,100,3,1:3,0,2,2,3630438209
gym-big-split,charge,112,Defeat,4,0,4,32,4,0,2,75,-1,,0,1,2,3494924710
gym-big-split,charge,113,Defeat,3,0,3,24,9,0,4,133,-1,,0,1,2,3128595448
gym-big-split,charge,114,Defeat,4,0,4,32,4,0,3,100,-1,,0,1,2,2258701002
gym-big-split,charge,115,Defeat,4,0,4,32,6,0,2,75,-1,,0,2,2,2086620670
gym-big-split,charge,116,Defeat,5,0,5,40,4,0,2,80,-1,,0,1,0,1118555055
gym-big-split,charge,117,Defeat,4,0,4,32,4,0,2,75,-1,,0,1,2,592109095
gym-big-split,charge,118,Defeat,6,0,6,48,6,0,1,66,-1,,0,1,0,3180645993
gym-big-split,charge,119,Defeat,4,0,4,32,8,0,2,75,-1,,0,1,2,3963869199
gym-big-split,charge,120,Defeat,5,0,5,40,6,0,1,80,-1,,0,1,0,4145387557
gym-big-split,charge,121,Defeat,5,0,5,40,10,0,2,80,-1,,0,2,2,4189921260
gym-big-split,charge,122,Defeat,5,0,5,40,4,0,1,80,-1,,0,1,1,3625124721
gym-big-split,charge,123,Defeat,4,0,4,32,4,0,2,75,-1,,0,1,2,592109095
gym-big-split,charge,124,Defeat,3,0,3,24,8,0,4,166,-1,,0,1,2,179453723
gym-big-split,charge,125,Defeat,5,0,5,40,4,0,1,80,-1,,0,2,1,3676787747
gym-big-split,charge,126,Defeat,5,0,5,40,4,0,2,80,8,1:8,0,1,1,3821881496
gym-big-split,charge,127,Defeat,4,0,4,32,4,0,3,75,-1,,0,0,2,2468577325
gym-big-split,charge,128,Defeat,6,0,6,48,4,0,1,66,-1,,0,2,0,434222856
gym-big-split,charge,129,Defeat,4,0,4,32,4,0,2,75,-1,,0,1,2,592109095
gym-big-split,charge,130,Defeat,4,0,4,32,4,0,2,75,-1,,0,1,2,592109095
gym-big-split,charge,131,Defeat,5,0,5,40,4,0,1,60,-1,,0,0,1,1718209938
gym-big-split,charge,132,Defeat,4,0,4,32,4,0,2,75,7,1:7,0,1,2,3366352183
gym-big-split,charge,133,Defeat,4,0,4,32,8,0,2,75,-1,,0,1,2,3963869199
gym-big-split,charge,134,Defeat,5,0,5,40,4,0,1,60,-1,,0,0,1,1718209938
gym-big-split,charge,135,Defeat,4,0,4,32,4,0,2,75,-1,,0,1,2,592109095
gym-big-split,charge,136,Defeat,3,0,3,24,12,0,3,100,-1,,0,1,3,1824029820
gym-big-split,charge,137,Defeat,5,0,5,40,6,0,2,120,-1,,0,3,1,81754181
gym-big-split,charge,138,Defeat,4,0,4,32,4,0,2,75,-1,,0,1,2,592109095
gym-big-split,charge,139,Defeat,4,0,4,32,4,0,2,75,-1,,0,1,2,592109095
gym-big-split,charge,140,Defeat,3,0,3,24,4,0,3,100,-1,,0,1,2,120674298
gym-big-split,charge,141,Defeat,4,0,4,32,4,0,2,75,-1,,0,1,2,592109095
gym-big-split,charge,142,Defeat,5,0,5,40,1,0,1,80,-1,,0,2,1,1290138799
gym-big-split,charge,143,Defeat,5,0,5,40,1,0,1,80,-1,,0,1,1,3625124721
gym-big-split,charge,144,Defeat,5,0,5,40,4,0,1,80,-1,,0,1,1,3625124721
gym-big-split,charge,145,Defeat,4,0,4,32,4,0,2,75,-1,,0,1,2,592109095
gym-big-split,charge,146,Defeat,4,0,4,32,4,0,2,75,-1,,0,1,2,592109095
gym-big-split,charge,147,Defeat,5,0,5,40,4,0,1,80,-1,,0,0,1,3625124721
gym-big-split,charge,148,Victory,6,0,6,48,8,50,0,66,-1,,0,2,0,2570541865
gym-big-split,charge,149,Defeat,5,0,5,40,4,0,2,60,-1,,0,0,1,3929247121
gym-big-split,charge,150,Defeat,4,0,4,32,6,0,2,75,-1,,0,1,1,3966995521
gym-big-split,charge,151,Defeat,4,0,4,32,4,0,2,75,-1,,0,1,2,592109095
gym-big-split,charge,152,Defeat,4,0,4,32,6,0,2,75,-1,,0,1,1,3966995521
gym-big-split,charge,153,Defeat,5,0,5,40,4,0,2,80,8,1:8,0,1,1,2208989998
gym-big-split,charge,154,Defeat,5,0,5,40,6,0,2,80,-1,,0,1,0,907132887
gym-big-split,charge,155,Defeat,4,0,4,32,4,0,2,75,-1,,0,1,2,592109095
gym-big-split,charge,156,Defeat,5,0,5,40,4,0,2,100,-1,,0,1,0,3156819693
gym-big-split,charge,157,Defeat,3,0,3,24,12,0,3,100,-1,,0,1,3,1824029820
gym-big-split,charge,158,Defeat,4,0,4,32,4,0,2,75,-1,,0,1,2,592109095
gym-big-split,charge,159,Defeat,4,0,4,32,4,0,2,75,-1,,0,1,2,592109095
gym-big-split,charge,160,Defeat,3,0,3,24,8,0,3,133,-1,,0,1,2,641545978
gym-big-split,charge,161,Defeat,3,0,3,24,8,0,4,100,-1,,0,1,3,2820360943
gym-big-split,charge,162,Defeat,6,0,6,48,6,0,1,66,-1,,0,2,0,814995591
gym-big-split,charge,163,Defeat,4,0,4,32,4,0,2,75,-1,,0,1,2,592109095
gym-big-split,charge,164,Defeat,6,0,6,48,10,0,2,83,-1,,0,2,0,1006489438
gym-big-split,charge,165,Defeat,4,0,4,32,4,0,2,75,-1,,0,1,2,3429597259
gym-big-split,charge,166,Defeat,3,0,3,24,2,0,3,133,-1,,0,1,2,949201394
gym-big-split,charge,167,Defeat,4,0,4,32,2,0,2,75,-1,,0,1,2,592109095
gym-big-split,charge,168,Defeat,5,0,5,40,6,0,2,60,-1,,0,1,1,572470502
gym-big-split,charge,169,Defeat,5,0,5,40,6,0,2,80,-1,,0,3,1,1861724558
gym-big-split,charge,170,Defeat,4,0,4,32,4,0,2,75,-1,,0,1,1,141632623
gym-big-split,charge,171,Defeat,4,0,4,32,4,0,2,75,-1,,0,0,2,4221049541
gym-big-split,charge,172,Defeat,4,0,4,32,1,0,2,100,-1,,0,2,2,1637376271
gym-big-split,charge,173,Defeat,4,0,4,32,4,0,2,75,-1,,0,1,2,592109095
gym-big-split,charge,174,Defeat,4,0,4,32,4,0,2,75,-1,,0,1,2,592109095
gym-big-split,charge,175,Defeat,3,0,3,24,4,0,3,100,-1,,0,1,2,120674298
gym-big-split,charge,176,Defeat,4,0,4,32,4,0,2,75,-1,,0,1,2,592109095
gym-big-split,charge,177,Defeat,5,0,5,40,4,0,2,80,-1,,0,1,0,667667663
gym-big-split,charge,178,Defeat,5,0,5,40,4,0,2,60,-1,,0,1,1,4258376199
gym-big-split,charge,179,Defeat,4,0,4,32,4,0,2,75,-1,,0,1,2,592109095
gym-big-split,charge,180,Defeat,6,0,6,48,5,0,1,66,-1,,0,2,1,2891684395
gym-big-split,charge,181,Defeat,4,0,4,32,2,0,2,75,-1,,0,1,2,592109095
gym-big-split,charge,182,Defeat,5,0,5,40,4,0,1,80,-1,,0,1,0,2770027745
gym-big-split,charge,183,Defeat,4,0,4,32,4,0,2,75,-1,,0,1,2,592109095
gym-big-split,charge,184,Defeat,5,0,5,40,8,0,2,60,-1,,0,2,2,1351481166
gym-big-split,charge,185,Defeat,4,0,4,32,4,0,2,75,-1,,0,1,2,592109095
gym-big-split,charge,186,Defeat,3,0,3,24,4,0,3,133,-1,,0,1,2,949201394
gym-big-split,charge,187,Defeat,4,0,4,32,4,0,2,75,-1,,0,1,2,592109095
gym-big-split,charge,188,Defeat,5,0,5,40,5,0,2,100,7,1:7,0,2,1,3773650382
gym-big-split,charge,189,Defeat,5,0,5,40,5,0,2,60,-1,,0,2,0,3424899575
gym-big-split,charge,190,Defeat,4,0,4,32,4,0,2,75,-1,,0,1,2,592109095
gym-big-split,charge,191,Defeat,3,0,3,24,4,0,4,133,-1,,0,1,2,2414405633
gym-big-split,charge,192,Defeat,5,0,5,40,5,0,2,80,-1,,0,1,0,1957054487
gym-big-split,charge,193,Defeat,4,0,4,32,4,0,2,75,7,1:7,0,1,2,3366352183
gym-big-split,charge,194,Defeat,5,0,5,40,14,0,2,100,-1,,0,3,1,2111885890
gym-big-split,charge,195,Defeat,4,0,4,32,4,0,2,75,-1,,0,1,2,592109095
gym-big-split,charge,196,Defeat,5,0,5,40,8,0,2,80,-1,,0,2,0,1834237755
gym-big-split,charge,197,Defeat,5,0,5,40,4,0,1,80,-1,,0,0,1,3625124721
gym-big-split,charge,198,Defeat,3,0,3,24,12,0,3,100,-1,,0,1,3,1824029820
gym-big-split,charge,199,Defeat,4,0,4,32,17,0,3,75,-1,,0,2,1,3438313217
gym-big-split,charge,200,Defeat,4,0,4,32,7,0,2,75,-1,,0,1,1,2867549025
gym-big-split-kill,corridor-hold,1,Victory,6,0,6,48,7,225,1,50,-1,,0,3,0,804998818
gym-big-split-kill,corridor-hold,2,Victory,6,0,6,48,8,200,1,50,-1,,0,3,0,662541754
gym-big-split-kill,corridor-hold,3,Victory,6,0,6,48,5,225,1,50,-1,,0,4,0,3169780929
gym-big-split-kill,corridor-hold,4,Victory,7,0,7,56,4,135,1,57,3,1:3,0,6,0,3258357865
gym-big-split-kill,corridor-hold,5,Victory,7,0,7,56,15,100,0,42,-1,,0,5,0,1041678498
gym-big-split-kill,corridor-hold,6,Victory,6,0,6,48,5,275,1,33,-1,,0,3,0,3945439135
gym-big-split-kill,corridor-hold,7,Defeat,7,0,7,56,6,0,1,71,-1,,0,6,0,2932362297
gym-big-split-kill,corridor-hold,8,Defeat,5,0,5,40,10,0,2,80,-1,,0,3,1,105231098
gym-big-split-kill,corridor-hold,9,Victory,5,0,5,40,5,50,3,120,-1,,0,5,1,1968582495
gym-big-split-kill,corridor-hold,10,Victory,27,0,27,216,35,115,0,25,3,1:3,0,26,0,1354035256
gym-big-split-kill,corridor-hold,11,Victory,6,0,6,48,7,275,1,33,-1,,0,3,0,3945439135
gym-big-split-kill,corridor-hold,12,Victory,6,0,6,48,7,275,1,33,-1,,0,3,0,3945439135
gym-big-split-kill,corridor-hold,13,Defeat,6,0,6,48,6,0,2,66,-1,,0,3,0,2587969566
gym-big-split-kill,corridor-hold,14,Victory,6,0,6,48,8,250,1,50,-1,,0,3,0,3941186617
gym-big-split-kill,corridor-hold,15,Defeat,5,0,5,40,12,0,3,80,-1,,0,3,0,2887469871
gym-big-split-kill,corridor-hold,16,Victory,8,0,8,64,3,75,0,50,-1,,0,7,0,3546582158
gym-big-split-kill,corridor-hold,17,Victory,6,0,6,48,3,225,1,50,-1,,0,3,0,3169780929
gym-big-split-kill,corridor-hold,18,Victory,7,0,7,56,4,80,0,57,-1,,0,4,0,552094918
gym-big-split-kill,corridor-hold,19,Defeat,6,0,6,48,5,0,2,83,-1,,0,3,0,3011009040
gym-big-split-kill,corridor-hold,20,Victory,6,0,6,48,5,275,1,33,-1,,0,3,0,3945439135
gym-big-split-kill,corridor-hold,21,Victory,11,0,11,88,12,165,0,36,-1,,0,8,0,4265318795
gym-big-split-kill,corridor-hold,22,Defeat,6,0,6,48,5,0,2,83,7,1:7,0,9,0,3668283347
gym-big-split-kill,corridor-hold,23,Victory,6,0,6,48,5,275,1,33,-1,,0,3,0,3945439135
gym-big-split-kill,corridor-hold,24,Defeat,5,0,5,40,5,0,3,60,7,1:7,0,6,0,1676041344
gym-big-split-kill,corridor-hold,25,Defeat,6,0,6,48,6,0,1,100,-1,,0,4,0,4208634391
gym-big-split-kill,corridor-hold,26,Victory,7,0,7,56,4,100,0,42,-1,,0,4,0,746631266
gym-big-split-kill,corridor-hold,27,Victory,14,0,14,112,12,65,1,64,3,1:3,0,22,0,2227014935
gym-big-split-kill,corridor-hold,28,Victory,7,0,7,56,2,130,1,57,3,1:3,0,6,0,3564142882
gym-big-split-kill,corridor-hold,29,Victory,9,0,9,72,14,160,2,66,-1,,0,11,0,1051731952
gym-big-split-kill,corridor-hold,30,Victory,6,0,6,48,7,275,1,33,-1,,0,3,0,3945439135
gym-big-split-kill,corridor-hold,31,Defeat,4,0,4,32,4,0,3,75,-1,,0,2,2,272963385
gym-big-split-kill,corridor-hold,32,Defeat,4,0,4,32,2,0,4,150,-1,,0,2,1,2660704101
gym-big-split-kill,corridor-hold,33,Victory,6,0,6,48,10,250,1,33,-1,,0,3,0,3874412733
gym-big-split-kill,corridor-hold,34,Defeat,7,0,7,56,10,0,2,57,-1,,0,6,1,1109821667
gym-big-split-kill,corridor-hold,35,Victory,5,0,5,40,4,75,1,60,-1,,0,3,1,3543892148
gym-big-split-kill,corridor-hold,36,Defeat,7,0,7,56,7,0,1,57,-1,,0,4,0,3977484157
gym-big-split-kill,corridor-hold,37,Victory,6,0,6,48,5,205,1,50,-1,,0,3,0,3228176814
gym-big-split-kill,corridor-hold,38,Defeat,5,0,5,40,5,0,2,60,7,1:7,0,6,0,31050085
gym-big-split-kill,corridor-hold,39,Victory,6,0,6,48,5,125,1,66,-1,,0,4,0,2320945129
gym-big-split-kill,corridor-hold,40,Victory,6,0,6,48,5,275,1,33,-1,,0,3,0,3945439135
gym-big-split-kill,corridor-hold,41,Victory,6,0,6,48,5,250,1,50,-1,,0,3,0,3941186617
gym-big-split-kill,corridor-hold,42,Victory,6,0,6,48,7,275,1,33,-1,,0,3,0,3945439135
gym-big-split-kill,corridor-hold,43,Victory,8,0,8,64,4,75,0,37,-1,,0,8,0,3278838287
gym-big-split-kill,corridor-hold,44,Victory,6,0,6,48,7,75,1,66,-1,,0,3,0,1823651539
gym-big-split-kill,corridor-hold,45,Victory,5,0,5,40,2,75,1,60,-1,,0,3,1,3543892148
gym-big-split-kill,corridor-hold,46,Victory,6,0,6,48,10,275,1,33,-1,,0,3,0,3945439135
gym-big-split-kill,corridor-hold,47,Victory,6,0,6,48,7,275,1,33,-1,,0,3,0,3945439135
gym-big-split-kill,corridor-hold,48,Victory,6,0,6,48,7,275,1,33,-1,,0,3,0,3945439135
gym-big-split-kill,corridor-hold,49,Defeat,7,0,7,56,9,0,2,71,-1,,0,5,0,3105151296
gym-big-split-kill,corridor-hold,50,Victory,6,0,6,48,4,200,1,66,-1,,0,3,0,10908319
gym-big-split-kill,corridor-hold,51,Victory,11,0,11,88,13,225,1,27,-1,,0,14,0,1457934097
gym-big-split-kill,corridor-hold,52,Victory,6,0,6,48,5,225,1,50,-1,,0,3,0,3309255939
gym-big-split-kill,corridor-hold,53,Defeat,5,0,5,40,10,0,3,100,-1,,0,3,1,498251689
gym-big-split-kill,corridor-hold,54,Victory,8,0,8,64,8,60,0,62,-1,,0,6,0,911187392
gym-big-split-kill,corridor-hold,55,Victory,7,0,7,56,6,200,2,57,-1,,0,7,0,2990920372
gym-big-split-kill,corridor-hold,56,Defeat,5,0,5,40,10,0,3,60,-1,,0,3,1,1616159189
gym-big-split-kill,corridor-hold,57,Victory,7,0,7,56,6,125,0,42,-1,,0,4,0,2465054922
gym-big-split-kill,corridor-hold,58,Victory,7,0,7,56,3,175,0,28,-1,,0,5,0,3484519949
gym-big-split-kill,corridor-hold,59,Defeat,9,0,9,72,9,0,1,55,-1,,0,10,0,1601335011
gym-big-split-kill,corridor-hold,60,Defeat,5,0,5,40,5,0,3,60,7,1:7,0,6,0,876190308
gym-big-split-kill,corridor-hold,61,Defeat,7,0,7,56,10,0,1,71,-1,,0,6,0,3994417039
gym-big-split-kill,corridor-hold,62,Defeat,7,0,7,56,8,0,1,85,-1,,0,5,0,1933377909
gym-big-split-kill,corridor-hold,63,Defeat,7,0,7,56,3,0,1,71,-1,,0,4,0,1351198009
gym-big-split-kill,corridor-hold,64,Defeat,6,0,6,48,10,0,1,83,-1,,0,4,0,1887412899
gym-big-split-kill,corridor-hold,65,Defeat,6,0,6,48,15,0,1,83,-1,,0,4,0,1091517783
gym-big-split-kill,corridor-hold,66,Victory,7,0,7,56,6,125,0,42,-1,,0,5,0,3607211176
gym-big-split-kill,corridor-hold,67,Victory,6,0,6,48,5,250,1,50,-1,,0,3,0,3941186617
gym-big-split-kill,corridor-hold,68,Defeat,5,0,5,40,14,0,3,120,-1,,0,4,1,2741763414
gym-big-split-kill,corridor-hold,69,Defeat,6,0,6,48,6,0,1,83,-1,,0,4,0,3430065083
gym-big-split-kill,corridor-hold,70,Victory,6,0,6,48,10,50,1,66,-1,,0,4,0,2587386039
gym-big-split-kill,corridor-hold,71,Victory,11,0,11,88,14,100,0,45,-1,,0,12,0,1583869969
gym-big-split-kill,corridor-hold,72,Victory,10,0,10,80,3,5,0,60,-1,,0,12,0,99243085
gym-big-split-kill,corridor-hold,73,Defeat,6,0,6,48,5,0,2,83,-1,,0,6,1,104104672
gym-big-split-kill,corridor-hold,74,Defeat,5,0,5,40,3,0,2,80,-1,,0,3,1,430540512
gym-big-split-kill,corridor-hold,75,Defeat,5,0,5,40,3,0,3,80,-1,,0,3,1,3008768295
gym-big-split-kill,corridor-hold,76,Defeat,7,0,7,56,3,0,1,71,-1,,0,5,0,1452724765
gym-big-split-kill,corridor-hold,77,Defeat,7,0,7,56,11,0,1,57,-1,,0,5,0,1375014843
gym-big-split-kill,corridor-hold,78,Defeat,7,0,7,56,13,0,2,85,-1,,0,5,0,1965011971
gym-big-split-kill,corridor-hold,79,Victory,6,0,6,48,7,275,1,33,-1,,0,4,0,3945439135
gym-big-split-kill,corridor-hold,80,Victory,7,0,7,56,3,100,1,57,-1,,0,6,0,2300375724
gym-big-split-kill,corridor-hold,81,Victory,6,0,6,48,4,155,1,66,-1,,0,3,0,2279943093
gym-big-split-kill,corridor-hold,82,Victory,7,0,7,56,5,150,0,42,-1,,0,4,0,1360502086
gym-big-split-kill,corridor-hold,83,Defeat,5,0,5,40,3,0,3,100,7,1:7,0,5,1,2391583785
gym-big-split-kill,corridor-hold,84,Defeat,5,0,5,40,5,0,2,100,-1,,0,3,1,712671088
gym-big-split-kill,corridor-hold,85,Defeat,6,0,6,48,2,0,1,66,-1,,0,4,0,3642396853
gym-big-split-kill,corridor-hold,86,Victory,6,0,6,48,9,175,1,66,-1,,0,3,0,2124871400
gym-big-split-kill,corridor-hold,87,Defeat,7,0,7,56,10,0,1,71,-1,,0,5,0,1047099967
gym-big-split-kill,corridor-hold,88,Defeat,6,0,6,48,5,0,1,66,-1,,0,4,0,1151294356
gym-big-split-kill,corridor-hold,89,Victory,6,0,6,48,3,275,1,33,-1,,0,3,0,3945439135
gym-big-split-kill,corridor-hold,90,Victory,7,0,7,56,5,100,0,42,-1,,0,4,0,2683401152
gym-big-split-kill,corridor-hold,91,Victory,7,0,7,56,11,75,1,57,-1,,0,6,0,3927055778
gym-big-split-kill,corridor-hold,92,Victory,6,0,6,48,7,275,1,33,-1,,0,3,0,3945439135
gym-big-split-kill,corridor-hold,93,Victory,6,0,6,48,3,125,2,66,-1,,0,5,0,4136077861
gym-big-split-kill,corridor-hold,94,Victory,7,0,7,56,5,175,0,28,-1,,0,4,0,3484519949
gym-big-split-kill,corridor-hold,95,Victory,7,0,7,56,5,75,0,71,-1,,0,3,0,4158034612
gym-big-split-kill,corridor-hold,96,Victory,6,0,6,48,5,275,1,33,-1,,0,3,0,3945439135
gym-big-split-kill,corridor-hold,97,Victory,6,0,6,48,15,275,1,33,-1,,0,3,0,3945439135
gym-big-split-kill,corridor-hold,98,Defeat,5,0,5,40,5,0,2,60,7,1:7,0,6,0,31050085
gym-big-split-kill,corridor-hold,99,Defeat,7,0,7,56,13,0,1,71,-1,,0,5,0,1101120135
gym-big-split-kill,corridor-hold,100,Victory,17,0,17,136,21,260,1,17,3,1:3,0,34,0,274715119
gym-big-split-kill,corridor-hold,101,Victory,6,0,6,48,8,100,1,66,-1,,0,4,0,4029377954
gym-big-split-kill,corridor-hold,102,Victory,6,0,6,48,5,275,1,33,-1,,0,4,0,3945439135
gym-big-split-kill,corridor-hold,103,Victory,6,0,6,48,7,275,1,33,-1,,0,3,0,3945439135
gym-big-split-kill,corridor-hold,104,Victory,9,0,9,72,8,165,1,55,-1,,0,10,0,1712930623
gym-big-split-kill,corridor-hold,105,Defeat,6,0,6,48,5,0,2,66,-1,,0,3,0,2587969566
gym-big-split-kill,corridor-hold,106,Defeat,6,0,6,48,3,0,1,83,-1,,0,4,0,3518257989
gym-big-split-kill,corridor-hold,107,Victory,20,0,20,160,25,190,0,35,3,1:3,0,20,0,1963165309
gym-big-split-kill,corridor-hold,108,Defeat,6,0,6,48,4,0,2,83,-1,,0,4,0,1955082866
gym-big-split-kill,corridor-hold,109,Victory,6,0,6,48,9,275,1,33,-1,,0,3,0,3945439135
gym-big-split-kill,corridor-hold,110,Victory,6,0,6,48,3,25,1,83,-1,,0,4,0,892491868
gym-big-split-kill,corridor-hold,111,Defeat,6,0,6,48,14,0,1,83,-1,,0,5,0,2395691478
gym-big-split-kill,corridor-hold,112,Defeat,5,0,5,40,5,0,2,80,-1,,0,3,1,651866623
gym-big-split-kill,corridor-hold,113,Defeat,7,0,7,56,14,0,2,71,-1,,0,6,1,631090260
gym-big-split-kill,corridor-hold,114,Victory,6,0,6,48,4,50,1,83,-1,,0,4,0,3243696630
gym-big-split-kill,corridor-hold,115,Victory,6,0,6,48,10,175,1,50,-1,,0,4,0,3470940049
gym-big-split-kill,corridor-hold,116,Victory,8,0,8,64,7,110,1,50,-1,,0,7,0,3515738172
gym-big-split-kill,corridor-hold,117,Victory,6,0,6,48,5,225,1,50,-1,,0,3,0,3309255939
gym-big-split-kill,corridor-hold,118,Victory,6,0,6,48,4,225,1,50,-1,,0,3,0,804998818
gym-big-split-kill,corridor-hold,119,Victory,14,0,14,112,15,170,0,28,7,1:7,0,13,0,3927434106
gym-big-split-kill,corridor-hold,120,Defeat,7,0,7,56,4,0,1,71,-1,,0,5,0,567505032
gym-big-split-kill,corridor-hold,121,Victory,7,0,7,56,2,75,1,71,-1,,0,5,0,4098285400
gym-big-split-kill,corridor-hold,122,Victory,8,0,8,64,5,55,0,62,-1,,0,6,0,3107909451
gym-big-split-kill,corridor-hold,123,Defeat,8,0,8,64,11,0,1,75,-1,,0,7,0,3113259568
gym-big-split-kill,corridor-hold,124,Defeat,7,0,7,56,3,0,1,71,-1,,0,5,0,5948543
gym-big-split-kill,corridor-hold,125,Victory,6,0,6,48,5,275,1,33,-1,,0,4,0,3945439135
gym-big-split-kill,corridor-hold,126,Defeat,6,0,6,48,11,0,2,100,-1,,0,5,1,701284036
gym-big-split-kill,corridor-hold,127,Defeat,6,0,6,48,8,0,1,66,-1,,0,4,0,2725962326
gym-big-split-kill,corridor-hold,128,Defeat,5,0,5,40,9,0,3,80,-1,,0,3,1,3945122739
gym-big-split-kill,corridor-hold,129,Defeat,7,0,7,56,10,0,1,71,-1,,0,5,0,420615413
gym-big-split-kill,corridor-hold,130,Victory,7,0,7,56,5,175,0,28,-1,,0,4,0,3484519949
gym-big-split-kill,corridor-hold,131,Victory,6,0,6,48,8,275,1,33,-1,,0,3,0,3945439135
gym-big-split-kill,corridor-hold,132,Defeat,7,0,7,56,16,0,2,71,-1,,0,5,0,1632030323
gym-big-split-kill,corridor-hold,133,Victory,6,0,6,48,4,225,1,50,-1,,0,3,0,804998818
gym-big-split-kill,corridor-hold,134,Defeat,7,0,7,56,9,0,1,57,-1,,0,5,0,3853224331
gym-big-split-kill,corridor-hold,135,Defeat,7,0,7,56,15,0,1,57,-1,,0,5,0,959927427
gym-big-split-kill,corridor-hold,136,Defeat,5,0,5,40,5,0,4,80,7,1:7,0,7,1,113312892
gym-big-split-kill,corridor-hold,137,Victory,13,0,13,104,18,5,0,46,3,1:3,0,21,0,4246969450
gym-big-split-kill,corridor-hold,138,Victory,7,0,7,56,5,75,0,57,-1,,0,3,0,4250764685
gym-big-split-kill,corridor-hold,139,Victory,6,0,6,48,7,275,1,33,-1,,0,3,0,3945439135
gym-big-split-kill,corridor-hold,140,Victory,9,0,9,72,12,5,0,44,-1,,0,7,0,4267688049
gym-big-split-kill,corridor-hold,141,Victory,6,0,6,48,5,250,1,50,-1,,0,3,0,3941186617
gym-big-split-kill,corridor-hold,142,Victory,10,0,10,80,9,150,1,60,-1,,0,16,0,3911410552
gym-big-split-kill,corridor-hold,143,Defeat,5,0,5,40,5,0,2,60,7,1:7,0,6,0,31050085
gym-big-split-kill,corridor-hold,144,Victory,11,0,11,88,11,60,0,45,-1,,0,10,0,4018682179
gym-big-split-kill,corridor-hold,145,Victory,10,0,10,80,10,215,0,40,3,1:3,0,7,0,1777111947
gym-big-split-kill,corridor-hold,146,Victory,9,0,9,72,6,30,0,55,-1,,0,5,0,355357625
gym-big-split-kill,corridor-hold,147,Defeat,6,0,6,48,5,0,2,100,-1,,0,4,0,2985401728
gym-big-split-kill,corridor-hold,148,Defeat,6,0,6,48,10,0,1,83,-1,,0,5,0,3518257989
gym-big-split-kill,corridor-hold,149,Victory,7,0,7,56,6,150,0,42,-1,,0,4,0,2540523569
gym-big-split-kill,corridor-hold,150,Defeat,7,0,7,56,4,0,2,85,-1,,0,6,1,2487317406
gym-big-split-kill,corridor-hold,151,Defeat,5,0,5,40,5,0,3,80,-1,,0,2,1,1723815192
gym-big-split-kill,corridor-hold,152,Defeat,7,0,7,56,15,0,1,57,-1,,0,5,0,1042314451
gym-big-split-kill,corridor-hold,153,Defeat,5,0,5,40,10,0,2,80,-1,,0,3,0,1572440800
gym-big-split-kill,corridor-hold,154,Victory,8,0,8,64,3,180,1,87,3,1:3,0,7,0,383956004
gym-big-split-kill,corridor-hold,155,Victory,6,0,6,48,4,225,1,50,-1,,0,3,0,804998818
gym-big-split-kill,corridor-hold,156,Victory,6,0,6,48,7,225,1,50,-1,,0,4,0,2240245650
gym-big-split-kill,corridor-hold,157,Defeat,6,0,6,48,2,0,2,83,-1,,0,4,0,2856460302
gym-big-split-kill,corridor-hold,158,Victory,6,0,6,48,5,275,1,33,-1,,0,3,0,3945439135
gym-big-split-kill,corridor-hold,159,Defeat,6,0,6,48,12,0,2,83,-1,,0,4,0,1715384800
gym-big-split-kill,corridor-hold,160,Victory,6,0,6,48,8,225,1,50,-1,,0,4,0,3169780929
gym-big-split-kill,corridor-hold,161,Victory,7,0,7,56,13,100,0,42,-1,,0,6,0,428532609
gym-big-split-kill,corridor-hold,162,Victory,6,0,6,48,7,250,1,50,-1,,0,2,0,3941186617
gym-big-split-kill,corridor-hold,163,Victory,8,0,8,64,5,75,0,37,-1,,0,5,0,2384682016
gym-big-split-kill,corridor-hold,164,Defeat,6,0,6,48,15,0,2,100,-1,,0,5,1,113473796
gym-big-split-kill,corridor-hold,165,Victory,6,0,6,48,7,275,1,33,-1,,0,3,0,3945439135
gym-big-split-kill,corridor-hold,166,Victory,6,0,6,48,3,125,1,66,-1,,0,4,0,3978848377
gym-big-split-kill,corridor-hold,167,Victory,8,0,8,64,8,100,0,25,-1,,0,6,0,158126709
gym-big-split-kill,corridor-hold,168,Victory,6,0,6,48,7,275,1,33,-1,,0,3,0,3945439135
gym-big-split-kill,corridor-hold,169,Victory,6,0,6,48,7,275,1,33,-1,,0,4,0,3945439135
gym-big-split-kill,corridor-hold,170,Defeat,5,0,5,40,11,0,3,100,7,1:7,0,7,0,3080893077
gym-big-split-kill,corridor-hold,171,Defeat,6,0,6,48,5,0,1,66,-1,,0,4,1,2315934544
gym-big-split-kill,corridor-hold,172,Defeat,5,0,5,40,3,0,2,80,7,1:7,0,6,0,195529789
gym-big-split-kill,corridor-hold,173,Victory,6,0,6,48,4,200,1,66,-1,,0,4,0,2268328927
gym-big-split-kill,corridor-hold,174,Victory,8,0,8,64,5,25,0,62,-1,,0,7,0,4178626023
gym-big-split-kill,corridor-hold,175,Victory,6,0,6,48,3,75,1,83,-1,,0,5,0,2081063597
gym-big-split-kill,corridor-hold,176,Victory,7,0,7,56,5,175,0,28,-1,,0,4,0,3484519949
gym-big-split-kill,corridor-hold,177,Victory,6,0,6,48,5,175,1,50,-1,,0,3,0,3393885742
gym-big-split-kill,corridor-hold,178,Victory,7,0,7,56,5,50,0,42,-1,,0,4,0,2112051191
gym-big-split-kill,corridor-hold,179,Victory,7,0,7,56,4,50,0,57,-1,,0,5,0,4082426672
gym-big-split-kill,corridor-hold,180,Victory,11,0,11,88,12,40,0,45,3,1:3,0,7,0,1096305368
gym-big-split-kill,corridor-hold,181,Victory,6,0,6,48,7,275,1,33,-1,,0,3,0,3945439135
gym-big-split-kill,corridor-hold,182,Victory,6,0,6,48,11,150,1,50,-1,,0,4,0,1183057732
gym-big-split-kill,corridor-hold,183,Defeat,7,0,7,56,15,0,1,57,-1,,0,5,0,959927427
gym-big-split-kill,corridor-hold,184,Victory,6,0,6,48,10,50,1,66,-1,,0,4,0,2587386039
gym-big-split-kill,corridor-hold,185,Victory,6,0,6,48,8,175,1,50,-1,,0,4,0,3470940049
gym-big-split-kill,corridor-hold,186,Victory,13,0,13,104,16,115,0,30,-1,,0,15,0,3673909654
gym-big-split-kill,corridor-hold,187,Victory,6,0,6,48,7,275,1,33,-1,,0,3,0,3945439135
gym-big-split-kill,corridor-hold,188,Victory,6,0,6,48,7,275,1,33,-1,,0,3,0,3945439135
gym-big-split-kill,corridor-hold,189,Victory,6,0,6,48,0,30,2,100,7,1:7,0,7,1,3735973178
gym-big-split-kill,corridor-hold,190,Defeat,6,0,6,48,5,0,2,100,-1,,0,4,0,3133822182
gym-big-split-kill,corridor-hold,191,Victory,6,0,6,48,9,5,1,100,-1,,0,4,0,1430700560
gym-big-split-kill,corridor-hold,192,Victory,7,0,7,56,14,80,1,57,-1,,0,4,0,2066047305
gym-big-split-kill,corridor-hold,193,Victory,6,0,6,48,5,100,1,66,-1,,0,4,0,3796694033
gym-big-split-kill,corridor-hold,194,Defeat,5,0,5,40,3,0,3,80,-1,,0,3,1,76060078
gym-big-split-kill,corridor-hold,195,Defeat,6,0,6,48,12,0,2,66,-1,,0,4,0,190610307
gym-big-split-kill,corridor-hold,196,Victory,5,0,5,40,3,100,2,60,-1,,0,5,1,2003977490
gym-big-split-kill,corridor-hold,197,Defeat,6,0,6,48,6,0,2,83,-1,,0,5,1,4227079544
gym-big-split-kill,corridor-hold,198,Defeat,6,0,6,48,3,0,2,66,-1,,0,3,0,3327717171
gym-big-split-kill,corridor-hold,199,Defeat,5,0,5,40,20,0,2,80,-1,,0,3,1,2967741489
gym-big-split-kill,corridor-hold,200,Victory,6,0,6,48,10,275,1,33,-1,,0,3,0,3945439135
gym-big-split-kill,tpa-order,1,Victory,6,0,6,48,7,225,1,50,-1,,0,3,0,804998818
gym-big-split-kill,tpa-order,2,Victory,6,0,6,48,8,200,1,50,-1,,0,3,0,662541754
gym-big-split-kill,tpa-order,3,Victory,6,0,6,48,5,225,1,50,-1,,0,4,0,3169780929
gym-big-split-kill,tpa-order,4,Victory,7,0,7,56,4,135,1,57,3,1:3,0,6,0,3258357865
gym-big-split-kill,tpa-order,5,Victory,7,0,7,56,15,100,0,42,-1,,0,5,0,1041678498
gym-big-split-kill,tpa-order,6,Victory,6,0,6,48,5,275,1,33,-1,,0,3,0,3945439135
gym-big-split-kill,tpa-order,7,Defeat,7,0,7,56,6,0,1,71,-1,,0,6,0,2932362297
gym-big-split-kill,tpa-order,8,Defeat,5,0,5,40,10,0,2,80,-1,,0,3,1,105231098
gym-big-split-kill,tpa-order,9,Defeat,5,0,5,40,5,0,3,100,-1,,0,5,1,3536355740
gym-big-split-kill,tpa-order,10,Defeat,5,0,5,40,3,0,2,80,-1,,0,3,1,4207327862
gym-big-split-kill,tpa-order,11,Victory,6,0,6,48,7,275,1,33,-1,,0,3,0,3945439135
gym-big-split-kill,tpa-order,12,Victory,6,0,6,48,7,275,1,33,-1,,0,3,0,3945439135
gym-big-split-kill,tpa-order,13,Defeat,6,0,6,48,6,0,2,66,-1,,0,3,0,2587969566
gym-big-split-kill,tpa-order,14,Victory,6,0,6,48,8,250,1,50,-1,,0,3,0,3941186617
gym-big-split-kill,tpa-order,15,Defeat,5,0,5,40,12,0,3,80,-1,,0,3,0,2887469871
gym-big-split-kill,tpa-order,16,Victory,8,0,8,64,3,75,0,50,-1,,0,7,0,3546582158
gym-big-split-kill,tpa-order,17,Victory,6,0,6,48,3,225,1,50,-1,,0,3,0,3169780929
gym-big-split-kill,tpa-order,18,Victory,7,0,7,56,4,80,0,57,-1,,0,4,0,552094918
gym-big-split-kill,tpa-order,19,Defeat,6,0,6,48,5,0,2,83,-1,,0,3,0,3011009040
gym-big-split-kill,tpa-order,20,Victory,6,0,6,48,5,275,1,33,-1,,0,3,0,3945439135
gym-big-split-kill,tpa-order,21,Victory,11,0,11,88,12,165,0,36,-1,,0,8,0,4265318795
gym-big-split-kill,tpa-order,22,Defeat,6,0,6,48,5,0,2,83,7,1:7,0,9,0,3668283347
gym-big-split-kill,tpa-order,23,Victory,6,0,6,48,5,275,1,33,-1,,0,3,0,3945439135
gym-big-split-kill,tpa-order,24,Defeat,5,0,5,40,5,0,3,60,7,1:7,0,6,0,1676041344
gym-big-split-kill,tpa-order,25,Defeat,6,0,6,48,6,0,1,100,-1,,0,4,0,4208634391
gym-big-split-kill,tpa-order,26,Victory,7,0,7,56,4,100,0,42,-1,,0,4,0,746631266
gym-big-split-kill,tpa-order,27,Defeat,14,0,14,112,12,0,1,64,3,1:3,0,22,0,4275762534
gym-big-split-kill,tpa-order,28,Victory,7,0,7,56,2,130,1,57,3,1:3,0,6,0,3564142882
gym-big-split-kill,tpa-order,29,Victory,9,0,9,72,14,160,2,66,-1,,0,11,0,1051731952
gym-big-split-kill,tpa-order,30,Victory,6,0,6,48,7,275,1,33,-1,,0,3,0,3945439135
gym-big-split-kill,tpa-order,31,Defeat,4,0,4,32,4,0,3,75,-1,,0,2,2,272963385
gym-big-split-kill,tpa-order,32,Victory,5,0,5,40,2,5,2,120,-1,,0,4,0,2240323002
gym-big-split-kill,tpa-order,33,Victory,6,0,6,48,10,250,1,33,-1,,0,3,0,3874412733
gym-big-split-kill,tpa-order,34,Defeat,7,0,7,56,10,0,2,57,-1,,0,6,1,1109821667
gym-big-split-kill,tpa-order,35,Victory,5,0,5,40,4,75,1,60,-1,,0,3,1,3543892148
gym-big-split-kill,tpa-order,36,Defeat,7,0,7,56,7,0,1,57,-1,,0,4,0,3977484157
gym-big-split-kill,tpa-order,37,Victory,6,0,6,48,5,205,1,50,-1,,0,3,0,3228176814
gym-big-split-kill,tpa-order,38,Defeat,5,0,5,40,5,0,2,60,7,1:7,0,6,0,31050085
gym-big-split-kill,tpa-order,39,Victory,6,0,6,48,5,125,1,66,-1,,0,4,0,2320945129
gym-big-split-kill,tpa-order,40,Victory,6,0,6,48,5,275,1,33,-1,,0,3,0,3945439135
gym-big-split-kill,tpa-order,41,Victory,6,0,6,48,5,250,1,50,-1,,0,3,0,3941186617
gym-big-split-kill,tpa-order,42,Victory,6,0,6,48,7,275,1,33,-1,,0,3,0,3945439135
gym-big-split-kill,tpa-order,43,Victory,8,0,8,64,4,75,0,37,-1,,0,8,0,3278838287
gym-big-split-kill,tpa-order,44,Victory,6,0,6,48,7,75,1,66,-1,,0,3,0,1823651539
gym-big-split-kill,tpa-order,45,Victory,5,0,5,40,2,75,1,60,-1,,0,3,1,3543892148
gym-big-split-kill,tpa-order,46,Victory,6,0,6,48,10,275,1,33,-1,,0,3,0,3945439135
gym-big-split-kill,tpa-order,47,Victory,6,0,6,48,7,275,1,33,-1,,0,3,0,3945439135
gym-big-split-kill,tpa-order,48,Victory,6,0,6,48,7,275,1,33,-1,,0,3,0,3945439135
gym-big-split-kill,tpa-order,49,Victory,7,0,7,56,9,100,1,57,-1,,0,5,0,3083901233
gym-big-split-kill,tpa-order,50,Victory,6,0,6,48,4,200,1,66,-1,,0,3,0,10908319
gym-big-split-kill,tpa-order,51,Victory,11,0,11,88,13,225,1,27,-1,,0,14,0,1457934097
gym-big-split-kill,tpa-order,52,Victory,6,0,6,48,5,225,1,50,-1,,0,3,0,3309255939
gym-big-split-kill,tpa-order,53,Defeat,5,0,5,40,10,0,3,100,-1,,0,3,1,498251689
gym-big-split-kill,tpa-order,54,Victory,7,0,7,56,8,130,1,71,-1,,0,5,0,2651521011
gym-big-split-kill,tpa-order,55,Victory,7,0,7,56,6,200,2,57,-1,,0,7,0,2990920372
gym-big-split-kill,tpa-order,56,Defeat,5,0,5,40,10,0,3,60,-1,,0,3,1,1616159189
gym-big-split-kill,tpa-order,57,Victory,7,0,7,56,6,125,0,42,-1,,0,4,0,2465054922
gym-big-split-kill,tpa-order,58,Victory,7,0,7,56,3,175,0,28,-1,,0,5,0,3484519949
gym-big-split-kill,tpa-order,59,Defeat,9,0,9,72,9,0,1,55,-1,,0,10,0,1601335011
gym-big-split-kill,tpa-order,60,Defeat,5,0,5,40,5,0,3,60,7,1:7,0,6,0,876190308
gym-big-split-kill,tpa-order,61,Victory,7,0,7,56,10,55,1,71,-1,,0,6,0,4078843126
gym-big-split-kill,tpa-order,62,Defeat,7,0,7,56,8,0,1,85,-1,,0,5,0,1933377909
gym-big-split-kill,tpa-order,63,Defeat,7,0,7,56,3,0,1,71,-1,,0,4,0,1351198009
gym-big-split-kill,tpa-order,64,Defeat,6,0,6,48,10,0,1,83,-1,,0,4,0,1887412899
gym-big-split-kill,tpa-order,65,Defeat,6,0,6,48,15,0,1,83,-1,,0,4,0,1091517783
gym-big-split-kill,tpa-order,66,Victory,7,0,7,56,6,125,0,42,-1,,0,5,0,3607211176
gym-big-split-kill,tpa-order,67,Victory,6,0,6,48,5,250,1,50,-1,,0,3,0,3941186617
gym-big-split-kill,tpa-order,68,Defeat,5,0,5,40,14,0,3,120,-1,,0,4,1,2741763414
gym-big-split-kill,tpa-order,69,Defeat,6,0,6,48,6,0,1,83,-1,,0,4,0,3430065083
gym-big-split-kill,tpa-order,70,Victory,6,0,6,48,10,50,1,66,-1,,0,4,0,2587386039
gym-big-split-kill,tpa-order,71,Victory,11,0,11,88,14,100,0,45,-1,,0,12,0,1583869969
gym-big-split-kill,tpa-order,72,Victory,10,0,10,80,3,5,0,60,-1,,0,12,0,99243085
gym-big-split-kill,tpa-order,73,Defeat,6,0,6,48,5,0,2,83,-1,,0,6,1,104104672
gym-big-split-kill,tpa-order,74,Defeat,5,0,5,40,3,0,2,80,-1,,0,3,1,430540512
gym-big-split-kill,tpa-order,75,Defeat,5,0,5,40,3,0,3,80,-1,,0,3,1,3008768295
gym-big-split-kill,tpa-order,76,Defeat,7,0,7,56,3,0,1,71,-1,,0,5,0,1452724765
gym-big-split-kill,tpa-order,77,Victory,7,0,7,56,11,75,1,57,-1,,0,5,0,2733545326
gym-big-split-kill,tpa-order,78,Defeat,7,0,7,56,13,0,2,85,-1,,0,5,0,1965011971
gym-big-split-kill,tpa-order,79,Victory,6,0,6,48,7,275,1,33,-1,,0,4,0,3945439135
gym-big-split-kill,tpa-order,80,Victory,7,0,7,56,3,100,1,57,-1,,0,6,0,2300375724
gym-big-split-kill,tpa-order,81,Victory,6,0,6,48,4,155,1,66,-1,,0,3,0,2279943093
gym-big-split-kill,tpa-order,82,Victory,7,0,7,56,5,150,0,42,-1,,0,4,0,1360502086
gym-big-split-kill,tpa-order,83,Defeat,5,0,5,40,3,0,3,100,7,1:7,0,5,1,2391583785
gym-big-split-kill,tpa-order,84,Defeat,5,0,5,40,5,0,2,100,-1,,0,3,1,712671088
gym-big-split-kill,tpa-order,85,Defeat,6,0,6,48,2,0,1,66,-1,,0,4,0,3642396853
gym-big-split-kill,tpa-order,86,Victory,6,0,6,48,9,175,1,66,-1,,0,3,0,2124871400
gym-big-split-kill,tpa-order,87,Victory,7,0,7,56,10,55,1,71,-1,,0,5,0,2664714614
gym-big-split-kill,tpa-order,88,Defeat,6,0,6,48,5,0,1,66,-1,,0,4,0,1151294356
gym-big-split-kill,tpa-order,89,Victory,6,0,6,48,3,275,1,33,-1,,0,3,0,3945439135
gym-big-split-kill,tpa-order,90,Victory,7,0,7,56,5,100,0,42,-1,,0,4,0,2683401152
gym-big-split-kill,tpa-order,91,Victory,7,0,7,56,11,75,1,57,-1,,0,6,0,2733545326
gym-big-split-kill,tpa-order,92,Victory,6,0,6,48,7,275,1,33,-1,,0,3,0,3945439135
gym-big-split-kill,tpa-order,93,Victory,6,0,6,48,3,125,2,66,-1,,0,5,0,4136077861
gym-big-split-kill,tpa-order,94,Victory,7,0,7,56,5,175,0,28,-1,,0,4,0,3484519949
gym-big-split-kill,tpa-order,95,Victory,7,0,7,56,5,75,0,71,-1,,0,3,0,4158034612
gym-big-split-kill,tpa-order,96,Victory,6,0,6,48,5,275,1,33,-1,,0,3,0,3945439135
gym-big-split-kill,tpa-order,97,Victory,6,0,6,48,15,275,1,33,-1,,0,3,0,3945439135
gym-big-split-kill,tpa-order,98,Defeat,5,0,5,40,5,0,2,60,7,1:7,0,6,0,31050085
gym-big-split-kill,tpa-order,99,Defeat,7,0,7,56,13,0,1,71,-1,,0,5,0,1101120135
gym-big-split-kill,tpa-order,100,Victory,17,0,17,136,21,260,1,17,3,1:3,0,34,0,274715119
gym-big-split-kill,tpa-order,101,Victory,6,0,6,48,8,100,1,66,-1,,0,4,0,4029377954
gym-big-split-kill,tpa-order,102,Victory,6,0,6,48,5,275,1,33,-1,,0,4,0,3945439135
gym-big-split-kill,tpa-order,103,Victory,6,0,6,48,7,275,1,33,-1,,0,3,0,3945439135
gym-big-split-kill,tpa-order,104,Victory,9,0,9,72,8,165,1,55,-1,,0,10,0,1712930623
gym-big-split-kill,tpa-order,105,Defeat,6,0,6,48,5,0,2,66,-1,,0,3,0,2587969566
gym-big-split-kill,tpa-order,106,Defeat,6,0,6,48,3,0,1,83,-1,,0,4,0,3518257989
gym-big-split-kill,tpa-order,107,Victory,20,0,20,160,25,190,0,35,3,1:3,0,20,0,1963165309
gym-big-split-kill,tpa-order,108,Defeat,6,0,6,48,4,0,2,83,-1,,0,4,0,1955082866
gym-big-split-kill,tpa-order,109,Victory,6,0,6,48,9,275,1,33,-1,,0,3,0,3945439135
gym-big-split-kill,tpa-order,110,Victory,6,0,6,48,3,25,1,83,-1,,0,4,0,892491868
gym-big-split-kill,tpa-order,111,Defeat,6,0,6,48,14,0,1,83,-1,,0,5,0,2395691478
gym-big-split-kill,tpa-order,112,Defeat,5,0,5,40,5,0,2,80,-1,,0,3,1,651866623
gym-big-split-kill,tpa-order,113,Defeat,7,0,7,56,14,0,2,71,-1,,0,6,1,631090260
gym-big-split-kill,tpa-order,114,Victory,6,0,6,48,4,50,1,83,-1,,0,4,0,3243696630
gym-big-split-kill,tpa-order,115,Victory,6,0,6,48,10,175,1,50,-1,,0,4,0,3470940049
gym-big-split-kill,tpa-order,116,Victory,8,0,8,64,7,110,1,50,-1,,0,7,0,3515738172
gym-big-split-kill,tpa-order,117,Victory,6,0,6,48,5,225,1,50,-1,,0,3,0,3309255939
gym-big-split-kill,tpa-order,118,Victory,6,0,6,48,4,225,1,50,-1,,0,3,0,804998818
gym-big-split-kill,tpa-order,119,Victory,14,0,14,112,15,170,0,28,7,1:7,0,13,0,3927434106
gym-big-split-kill,tpa-order,120,Defeat,7,0,7,56,4,0,1,71,-1,,0,5,0,567505032
gym-big-split-kill,tpa-order,121,Victory,7,0,7,56,2,75,1,71,-1,,0,5,0,4098285400
gym-big-split-kill,tpa-order,122,Victory,8,0,8,64,5,55,0,62,-1,,0,6,0,3107909451
gym-big-split-kill,tpa-order,123,Victory,8,0,8,64,11,5,1,75,-1,,0,7,0,228248719
gym-big-split-kill,tpa-order,124,Victory,7,0,7,56,3,75,1,71,-1,,0,5,0,1683694875
gym-big-split-kill,tpa-order,125,Victory,6,0,6,48,5,275,1,33,-1,,0,4,0,3945439135
gym-big-split-kill,tpa-order,126,Defeat,6,0,6,48,11,0,2,100,-1,,0,5,1,701284036
gym-big-split-kill,tpa-order,127,Defeat,6,0,6,48,8,0,1,66,-1,,0,4,0,2725962326
gym-big-split-kill,tpa-order,128,Defeat,5,0,5,40,9,0,3,80,-1,,0,3,1,3945122739
gym-big-split-kill,tpa-order,129,Defeat,7,0,7,56,10,0,1,71,-1,,0,5,0,420615413
gym-big-split-kill,tpa-order,130,Victory,7,0,7,56,5,175,0,28,-1,,0,4,0,3484519949
gym-big-split-kill,tpa-order,131,Victory,6,0,6,48,8,275,1,33,-1,,0,3,0,3945439135
gym-big-split-kill,tpa-order,132,Defeat,7,0,7,56,16,0,2,71,-1,,0,5,0,1632030323
gym-big-split-kill,tpa-order,133,Victory,6,0,6,48,4,225,1,50,-1,,0,3,0,804998818
gym-big-split-kill,tpa-order,134,Victory,7,0,7,56,9,75,1,57,-1,,0,5,0,2733545326
gym-big-split-kill,tpa-order,135,Defeat,7,0,7,56,15,0,1,57,-1,,0,5,0,959927427
gym-big-split-kill,tpa-order,136,Defeat,6,0,6,48,5,0,3,116,7,1:7,0,9,0,1623504239
gym-big-split-kill,tpa-order,137,Victory,13,0,13,104,18,5,0,46,3,1:3,0,21,0,4246969450
gym-big-split-kill,tpa-order,138,Victory,7,0,7,56,5,75,0,57,-1,,0,3,0,4250764685
gym-big-split-kill,tpa-order,139,Victory,6,0,6,48,7,275,1,33,-1,,0,3,0,3945439135
gym-big-split-kill,tpa-order,140,Victory,9,0,9,72,12,5,0,44,-1,,0,7,0,4267688049
gym-big-split-kill,tpa-order,141,Victory,6,0,6,48,5,250,1,50,-1,,0,3,0,3941186617
gym-big-split-kill,tpa-order,142,Victory,10,0,10,80,9,150,1,60,-1,,0,16,0,3911410552
gym-big-split-kill,tpa-order,143,Defeat,5,0,5,40,5,0,2,60,7,1:7,0,6,0,31050085
gym-big-split-kill,tpa-order,144,Victory,11,0,11,88,11,60,0,45,-1,,0,10,0,4018682179
gym-big-split-kill,tpa-order,145,Victory,10,0,10,80,10,215,0,40,3,1:3,0,7,0,1777111947
gym-big-split-kill,tpa-order,146,Victory,9,0,9,72,6,30,0,55,-1,,0,5,0,355357625
gym-big-split-kill,tpa-order,147,Victory,6,0,6,48,5,30,1,83,-1,,0,4,0,2788913315
gym-big-split-kill,tpa-order,148,Defeat,6,0,6,48,10,0,1,83,-1,,0,5,0,3518257989
gym-big-split-kill,tpa-order,149,Victory,7,0,7,56,6,150,0,42,-1,,0,4,0,2540523569
gym-big-split-kill,tpa-order,150,Defeat,7,0,7,56,4,0,2,85,-1,,0,6,1,4201499793
gym-big-split-kill,tpa-order,151,Defeat,5,0,5,40,5,0,3,80,-1,,0,2,1,1723815192
gym-big-split-kill,tpa-order,152,Defeat,7,0,7,56,15,0,1,57,-1,,0,5,0,1042314451
gym-big-split-kill,tpa-order,153,Defeat,5,0,5,40,10,0,2,80,-1,,0,3,0,1572440800
gym-big-split-kill,tpa-order,154,Victory,8,0,8,64,3,180,1,87,3,1:3,0,7,0,383956004
gym-big-split-kill,tpa-order,155,Victory,6,0,6,48,4,225,1,50,-1,,0,3,0,804998818
gym-big-split-kill,tpa-order,156,Victory,6,0,6,48,7,225,1,50,-1,,0,4,0,2240245650
gym-big-split-kill,tpa-order,157,Defeat,6,0,6,48,2,0,2,83,-1,,0,4,0,2856460302
gym-big-split-kill,tpa-order,158,Victory,6,0,6,48,5,275,1,33,-1,,0,3,0,3945439135
gym-big-split-kill,tpa-order,159,Defeat,6,0,6,48,12,0,2,83,-1,,0,4,0,1715384800
gym-big-split-kill,tpa-order,160,Victory,6,0,6,48,8,225,1,50,-1,,0,4,0,3169780929
gym-big-split-kill,tpa-order,161,Victory,7,0,7,56,13,100,0,42,-1,,0,6,0,428532609
gym-big-split-kill,tpa-order,162,Victory,6,0,6,48,7,250,1,50,-1,,0,2,0,3941186617
gym-big-split-kill,tpa-order,163,Victory,8,0,8,64,5,75,0,37,-1,,0,5,0,2384682016
gym-big-split-kill,tpa-order,164,Defeat,6,0,6,48,15,0,2,100,-1,,0,5,1,113473796
gym-big-split-kill,tpa-order,165,Victory,6,0,6,48,7,275,1,33,-1,,0,3,0,3945439135
gym-big-split-kill,tpa-order,166,Victory,6,0,6,48,3,125,1,66,-1,,0,4,0,3978848377
gym-big-split-kill,tpa-order,167,Victory,8,0,8,64,8,100,0,25,-1,,0,6,0,158126709
gym-big-split-kill,tpa-order,168,Victory,6,0,6,48,7,275,1,33,-1,,0,3,0,3945439135
gym-big-split-kill,tpa-order,169,Victory,6,0,6,48,7,275,1,33,-1,,0,4,0,3945439135
gym-big-split-kill,tpa-order,170,Defeat,5,0,5,40,11,0,3,100,7,1:7,0,7,0,3080893077
gym-big-split-kill,tpa-order,171,Defeat,6,0,6,48,5,0,1,66,-1,,0,4,1,2315934544
gym-big-split-kill,tpa-order,172,Defeat,5,0,5,40,3,0,2,80,7,1:7,0,6,0,195529789
gym-big-split-kill,tpa-order,173,Victory,6,0,6,48,4,200,1,66,-1,,0,4,0,2268328927
gym-big-split-kill,tpa-order,174,Victory,7,0,7,56,5,125,1,71,-1,,0,6,0,3310635468
gym-big-split-kill,tpa-order,175,Victory,6,0,6,48,3,75,1,83,-1,,0,5,0,2081063597
gym-big-split-kill,tpa-order,176,Victory,7,0,7,56,5,175,0,28,-1,,0,4,0,3484519949
gym-big-split-kill,tpa-order,177,Victory,6,0,6,48,5,175,1,50,-1,,0,3,0,3393885742
gym-big-split-kill,tpa-order,178,Victory,7,0,7,56,5,50,0,42,-1,,0,4,0,2112051191
gym-big-split-kill,tpa-order,179,Victory,7,0,7,56,4,50,0,57,-1,,0,5,0,4082426672
gym-big-split-kill,tpa-order,180,Defeat,5,0,5,40,4,0,2,100,-1,,0,2,1,1302228008
gym-big-split-kill,tpa-order,181,Victory,6,0,6,48,7,275,1,33,-1,,0,3,0,3945439135
gym-big-split-kill,tpa-order,182,Victory,6,0,6,48,11,150,1,50,-1,,0,4,0,1183057732
gym-big-split-kill,tpa-order,183,Defeat,7,0,7,56,15,0,1,57,-1,,0,5,0,959927427
gym-big-split-kill,tpa-order,184,Victory,6,0,6,48,10,50,1,66,-1,,0,4,0,2587386039
gym-big-split-kill,tpa-order,185,Victory,6,0,6,48,8,175,1,50,-1,,0,4,0,3470940049
gym-big-split-kill,tpa-order,186,Victory,13,0,13,104,16,115,0,30,-1,,0,15,0,3673909654
gym-big-split-kill,tpa-order,187,Victory,6,0,6,48,7,275,1,33,-1,,0,3,0,3945439135
gym-big-split-kill,tpa-order,188,Victory,6,0,6,48,7,275,1,33,-1,,0,3,0,3945439135
gym-big-split-kill,tpa-order,189,Victory,6,0,6,48,0,30,2,100,7,1:7,0,7,1,3735973178
gym-big-split-kill,tpa-order,190,Defeat,6,0,6,48,5,0,2,100,-1,,0,4,0,3133822182
gym-big-split-kill,tpa-order,191,Victory,6,0,6,48,9,5,1,100,-1,,0,4,0,1430700560
gym-big-split-kill,tpa-order,192,Victory,7,0,7,56,14,80,1,57,-1,,0,4,0,2066047305
gym-big-split-kill,tpa-order,193,Victory,6,0,6,48,5,100,1,66,-1,,0,4,0,3796694033
gym-big-split-kill,tpa-order,194,Defeat,6,0,6,48,3,0,1,83,-1,,0,4,0,61336117
gym-big-split-kill,tpa-order,195,Defeat,6,0,6,48,12,0,2,66,-1,,0,4,0,190610307
gym-big-split-kill,tpa-order,196,Victory,5,0,5,40,3,100,2,60,-1,,0,5,1,2003977490
gym-big-split-kill,tpa-order,197,Defeat,6,0,6,48,6,0,2,83,-1,,0,5,1,4227079544
gym-big-split-kill,tpa-order,198,Victory,6,0,6,48,3,150,1,50,-1,,0,3,0,2249300897
gym-big-split-kill,tpa-order,199,Defeat,5,0,5,40,20,0,2,80,-1,,0,3,1,2967741489
gym-big-split-kill,tpa-order,200,Victory,6,0,6,48,10,275,1,33,-1,,0,3,0,3945439135
gym-big-split-kill,control-hold,1,Victory,6,0,6,48,7,225,1,50,-1,,0,3,0,804998818
gym-big-split-kill,control-hold,2,Victory,6,0,6,48,8,200,1,50,-1,,0,3,0,662541754
gym-big-split-kill,control-hold,3,Victory,6,0,6,48,5,225,1,50,-1,,0,4,0,3169780929
gym-big-split-kill,control-hold,4,Victory,7,0,7,56,4,135,1,57,3,1:3,0,6,0,3258357865
gym-big-split-kill,control-hold,5,Victory,7,0,7,56,15,100,0,42,-1,,0,5,0,1041678498
gym-big-split-kill,control-hold,6,Victory,6,0,6,48,5,275,1,33,-1,,0,3,0,3945439135
gym-big-split-kill,control-hold,7,Defeat,7,0,7,56,6,0,1,71,-1,,0,6,0,2932362297
gym-big-split-kill,control-hold,8,Defeat,5,0,5,40,10,0,2,80,-1,,0,3,1,105231098
gym-big-split-kill,control-hold,9,Victory,5,0,5,40,5,50,3,120,-1,,0,5,1,1968582495
gym-big-split-kill,control-hold,10,Victory,27,0,27,216,35,115,0,25,3,1:3,0,26,0,1354035256
gym-big-split-kill,control-hold,11,Victory,6,0,6,48,7,275,1,33,-1,,0,3,0,3945439135
gym-big-split-kill,control-hold,12,Victory,6,0,6,48,7,275,1,33,-1,,0,3,0,3945439135
gym-big-split-kill,control-hold,13,Defeat,6,0,6,48,6,0,2,66,-1,,0,3,0,2587969566
gym-big-split-kill,control-hold,14,Victory,6,0,6,48,8,250,1,50,-1,,0,3,0,3941186617
gym-big-split-kill,control-hold,15,Defeat,5,0,5,40,12,0,3,80,-1,,0,3,0,2887469871
gym-big-split-kill,control-hold,16,Victory,8,0,8,64,3,75,0,50,-1,,0,7,0,3546582158
gym-big-split-kill,control-hold,17,Victory,6,0,6,48,3,225,1,50,-1,,0,3,0,3169780929
gym-big-split-kill,control-hold,18,Victory,7,0,7,56,4,80,0,57,-1,,0,4,0,552094918
gym-big-split-kill,control-hold,19,Defeat,6,0,6,48,5,0,2,83,-1,,0,3,0,3011009040
gym-big-split-kill,control-hold,20,Victory,6,0,6,48,5,275,1,33,-1,,0,3,0,3945439135
gym-big-split-kill,control-hold,21,Victory,11,0,11,88,12,165,0,36,-1,,0,8,0,4265318795
gym-big-split-kill,control-hold,22,Defeat,6,0,6,48,5,0,2,83,7,1:7,0,9,0,3668283347
gym-big-split-kill,control-hold,23,Victory,6,0,6,48,5,275,1,33,-1,,0,3,0,3945439135
gym-big-split-kill,control-hold,24,Defeat,5,0,5,40,5,0,3,60,7,1:7,0,6,0,1676041344
gym-big-split-kill,control-hold,25,Defeat,6,0,6,48,6,0,1,100,-1,,0,4,0,4208634391
gym-big-split-kill,control-hold,26,Victory,7,0,7,56,4,100,0,42,-1,,0,4,0,746631266
gym-big-split-kill,control-hold,27,Victory,14,0,14,112,12,65,1,64,3,1:3,0,22,0,2227014935
gym-big-split-kill,control-hold,28,Victory,7,0,7,56,2,130,1,57,3,1:3,0,6,0,3564142882
gym-big-split-kill,control-hold,29,Victory,9,0,9,72,14,160,2,66,-1,,0,11,0,1051731952
gym-big-split-kill,control-hold,30,Victory,6,0,6,48,7,275,1,33,-1,,0,3,0,3945439135
gym-big-split-kill,control-hold,31,Defeat,4,0,4,32,4,0,3,75,-1,,0,2,2,272963385
gym-big-split-kill,control-hold,32,Defeat,4,0,4,32,2,0,4,150,-1,,0,2,1,2660704101
gym-big-split-kill,control-hold,33,Victory,6,0,6,48,10,250,1,33,-1,,0,3,0,3874412733
gym-big-split-kill,control-hold,34,Defeat,7,0,7,56,10,0,2,57,-1,,0,6,1,1109821667
gym-big-split-kill,control-hold,35,Victory,5,0,5,40,4,75,1,60,-1,,0,3,1,3543892148
gym-big-split-kill,control-hold,36,Defeat,7,0,7,56,7,0,1,57,-1,,0,4,0,3977484157
gym-big-split-kill,control-hold,37,Victory,6,0,6,48,5,205,1,50,-1,,0,3,0,3228176814
gym-big-split-kill,control-hold,38,Defeat,5,0,5,40,5,0,2,60,7,1:7,0,6,0,31050085
gym-big-split-kill,control-hold,39,Victory,6,0,6,48,5,125,1,66,-1,,0,4,0,2320945129
gym-big-split-kill,control-hold,40,Victory,6,0,6,48,5,275,1,33,-1,,0,3,0,3945439135
gym-big-split-kill,control-hold,41,Victory,6,0,6,48,5,250,1,50,-1,,0,3,0,3941186617
gym-big-split-kill,control-hold,42,Victory,6,0,6,48,7,275,1,33,-1,,0,3,0,3945439135
gym-big-split-kill,control-hold,43,Victory,8,0,8,64,4,75,0,37,-1,,0,8,0,3278838287
gym-big-split-kill,control-hold,44,Victory,6,0,6,48,7,75,1,66,-1,,0,3,0,1823651539
gym-big-split-kill,control-hold,45,Victory,5,0,5,40,2,75,1,60,-1,,0,3,1,3543892148
gym-big-split-kill,control-hold,46,Victory,6,0,6,48,10,275,1,33,-1,,0,3,0,3945439135
gym-big-split-kill,control-hold,47,Victory,6,0,6,48,7,275,1,33,-1,,0,3,0,3945439135
gym-big-split-kill,control-hold,48,Victory,6,0,6,48,7,275,1,33,-1,,0,3,0,3945439135
gym-big-split-kill,control-hold,49,Defeat,7,0,7,56,9,0,2,71,-1,,0,5,0,3105151296
gym-big-split-kill,control-hold,50,Victory,6,0,6,48,4,200,1,66,-1,,0,3,0,10908319
gym-big-split-kill,control-hold,51,Victory,11,0,11,88,13,225,1,27,-1,,0,14,0,1457934097
gym-big-split-kill,control-hold,52,Victory,6,0,6,48,5,225,1,50,-1,,0,3,0,3309255939
gym-big-split-kill,control-hold,53,Defeat,5,0,5,40,10,0,3,100,-1,,0,3,1,498251689
gym-big-split-kill,control-hold,54,Victory,8,0,8,64,8,60,0,62,-1,,0,6,0,911187392
gym-big-split-kill,control-hold,55,Victory,7,0,7,56,6,200,2,57,-1,,0,7,0,2990920372
gym-big-split-kill,control-hold,56,Defeat,5,0,5,40,10,0,3,60,-1,,0,3,1,1616159189
gym-big-split-kill,control-hold,57,Victory,7,0,7,56,6,125,0,42,-1,,0,4,0,2465054922
gym-big-split-kill,control-hold,58,Victory,7,0,7,56,3,175,0,28,-1,,0,5,0,3484519949
gym-big-split-kill,control-hold,59,Defeat,9,0,9,72,9,0,1,55,-1,,0,10,0,1601335011
gym-big-split-kill,control-hold,60,Defeat,5,0,5,40,5,0,3,60,7,1:7,0,6,0,876190308
gym-big-split-kill,control-hold,61,Defeat,7,0,7,56,10,0,1,71,-1,,0,6,0,3994417039
gym-big-split-kill,control-hold,62,Defeat,7,0,7,56,8,0,1,85,-1,,0,5,0,1933377909
gym-big-split-kill,control-hold,63,Defeat,7,0,7,56,3,0,1,71,-1,,0,4,0,1351198009
gym-big-split-kill,control-hold,64,Defeat,6,0,6,48,10,0,1,83,-1,,0,4,0,1887412899
gym-big-split-kill,control-hold,65,Defeat,6,0,6,48,15,0,1,83,-1,,0,4,0,1091517783
gym-big-split-kill,control-hold,66,Victory,7,0,7,56,6,125,0,42,-1,,0,5,0,3607211176
gym-big-split-kill,control-hold,67,Victory,6,0,6,48,5,250,1,50,-1,,0,3,0,3941186617
gym-big-split-kill,control-hold,68,Defeat,5,0,5,40,14,0,3,120,-1,,0,4,1,2741763414
gym-big-split-kill,control-hold,69,Defeat,6,0,6,48,6,0,1,83,-1,,0,4,0,3430065083
gym-big-split-kill,control-hold,70,Victory,6,0,6,48,10,50,1,66,-1,,0,4,0,2587386039
gym-big-split-kill,control-hold,71,Victory,11,0,11,88,14,100,0,45,-1,,0,12,0,1583869969
gym-big-split-kill,control-hold,72,Victory,10,0,10,80,3,5,0,60,-1,,0,12,0,99243085
gym-big-split-kill,control-hold,73,Defeat,6,0,6,48,5,0,2,83,-1,,0,6,1,104104672
gym-big-split-kill,control-hold,74,Defeat,5,0,5,40,3,0,2,80,-1,,0,3,1,430540512
gym-big-split-kill,control-hold,75,Defeat,5,0,5,40,3,0,3,80,-1,,0,3,1,3008768295
gym-big-split-kill,control-hold,76,Defeat,7,0,7,56,3,0,1,71,-1,,0,5,0,1452724765
gym-big-split-kill,control-hold,77,Defeat,7,0,7,56,11,0,1,57,-1,,0,5,0,1375014843
gym-big-split-kill,control-hold,78,Defeat,7,0,7,56,13,0,2,85,-1,,0,5,0,1965011971
gym-big-split-kill,control-hold,79,Victory,6,0,6,48,7,275,1,33,-1,,0,4,0,3945439135
gym-big-split-kill,control-hold,80,Victory,7,0,7,56,3,100,1,57,-1,,0,6,0,2300375724
gym-big-split-kill,control-hold,81,Victory,6,0,6,48,4,155,1,66,-1,,0,3,0,2279943093
gym-big-split-kill,control-hold,82,Victory,7,0,7,56,5,150,0,42,-1,,0,4,0,1360502086
gym-big-split-kill,control-hold,83,Defeat,5,0,5,40,3,0,3,100,7,1:7,0,5,1,2391583785
gym-big-split-kill,control-hold,84,Defeat,5,0,5,40,5,0,2,100,-1,,0,3,1,712671088
gym-big-split-kill,control-hold,85,Defeat,6,0,6,48,2,0,1,66,-1,,0,4,0,3642396853
gym-big-split-kill,control-hold,86,Victory,6,0,6,48,9,175,1,66,-1,,0,3,0,2124871400
gym-big-split-kill,control-hold,87,Defeat,7,0,7,56,10,0,1,71,-1,,0,5,0,1047099967
gym-big-split-kill,control-hold,88,Defeat,6,0,6,48,5,0,1,66,-1,,0,4,0,1151294356
gym-big-split-kill,control-hold,89,Victory,6,0,6,48,3,275,1,33,-1,,0,3,0,3945439135
gym-big-split-kill,control-hold,90,Victory,7,0,7,56,5,100,0,42,-1,,0,4,0,2683401152
gym-big-split-kill,control-hold,91,Victory,7,0,7,56,11,75,1,57,-1,,0,6,0,3927055778
gym-big-split-kill,control-hold,92,Victory,6,0,6,48,7,275,1,33,-1,,0,3,0,3945439135
gym-big-split-kill,control-hold,93,Victory,6,0,6,48,3,125,2,66,-1,,0,5,0,4136077861
gym-big-split-kill,control-hold,94,Victory,7,0,7,56,5,175,0,28,-1,,0,4,0,3484519949
gym-big-split-kill,control-hold,95,Victory,7,0,7,56,5,75,0,71,-1,,0,3,0,4158034612
gym-big-split-kill,control-hold,96,Victory,6,0,6,48,5,275,1,33,-1,,0,3,0,3945439135
gym-big-split-kill,control-hold,97,Victory,6,0,6,48,15,275,1,33,-1,,0,3,0,3945439135
gym-big-split-kill,control-hold,98,Defeat,5,0,5,40,5,0,2,60,7,1:7,0,6,0,31050085
gym-big-split-kill,control-hold,99,Defeat,7,0,7,56,13,0,1,71,-1,,0,5,0,1101120135
gym-big-split-kill,control-hold,100,Victory,17,0,17,136,21,260,1,17,3,1:3,0,34,0,274715119
gym-big-split-kill,control-hold,101,Victory,6,0,6,48,8,100,1,66,-1,,0,4,0,4029377954
gym-big-split-kill,control-hold,102,Victory,6,0,6,48,5,275,1,33,-1,,0,4,0,3945439135
gym-big-split-kill,control-hold,103,Victory,6,0,6,48,7,275,1,33,-1,,0,3,0,3945439135
gym-big-split-kill,control-hold,104,Victory,9,0,9,72,8,165,1,55,-1,,0,10,0,1712930623
gym-big-split-kill,control-hold,105,Defeat,6,0,6,48,5,0,2,66,-1,,0,3,0,2587969566
gym-big-split-kill,control-hold,106,Defeat,6,0,6,48,3,0,1,83,-1,,0,4,0,3518257989
gym-big-split-kill,control-hold,107,Victory,20,0,20,160,25,190,0,35,3,1:3,0,20,0,1963165309
gym-big-split-kill,control-hold,108,Defeat,6,0,6,48,4,0,2,83,-1,,0,4,0,1955082866
gym-big-split-kill,control-hold,109,Victory,6,0,6,48,9,275,1,33,-1,,0,3,0,3945439135
gym-big-split-kill,control-hold,110,Victory,6,0,6,48,3,25,1,83,-1,,0,4,0,892491868
gym-big-split-kill,control-hold,111,Defeat,6,0,6,48,14,0,1,83,-1,,0,5,0,2395691478
gym-big-split-kill,control-hold,112,Defeat,5,0,5,40,5,0,2,80,-1,,0,3,1,651866623
gym-big-split-kill,control-hold,113,Defeat,7,0,7,56,14,0,2,71,-1,,0,6,1,631090260
gym-big-split-kill,control-hold,114,Victory,6,0,6,48,4,50,1,83,-1,,0,4,0,3243696630
gym-big-split-kill,control-hold,115,Victory,6,0,6,48,10,175,1,50,-1,,0,4,0,3470940049
gym-big-split-kill,control-hold,116,Victory,8,0,8,64,7,110,1,50,-1,,0,7,0,3515738172
gym-big-split-kill,control-hold,117,Victory,6,0,6,48,5,225,1,50,-1,,0,3,0,3309255939
gym-big-split-kill,control-hold,118,Victory,6,0,6,48,4,225,1,50,-1,,0,3,0,804998818
gym-big-split-kill,control-hold,119,Victory,14,0,14,112,15,170,0,28,7,1:7,0,13,0,3927434106
gym-big-split-kill,control-hold,120,Defeat,7,0,7,56,4,0,1,71,-1,,0,5,0,567505032
gym-big-split-kill,control-hold,121,Victory,7,0,7,56,2,75,1,71,-1,,0,5,0,4098285400
gym-big-split-kill,control-hold,122,Victory,8,0,8,64,5,55,0,62,-1,,0,6,0,3107909451
gym-big-split-kill,control-hold,123,Defeat,8,0,8,64,11,0,1,75,-1,,0,7,0,3113259568
gym-big-split-kill,control-hold,124,Defeat,7,0,7,56,3,0,1,71,-1,,0,5,0,5948543
gym-big-split-kill,control-hold,125,Victory,6,0,6,48,5,275,1,33,-1,,0,4,0,3945439135
gym-big-split-kill,control-hold,126,Defeat,6,0,6,48,11,0,2,100,-1,,0,5,1,701284036
gym-big-split-kill,control-hold,127,Defeat,6,0,6,48,8,0,1,66,-1,,0,4,0,2725962326
gym-big-split-kill,control-hold,128,Defeat,5,0,5,40,9,0,3,80,-1,,0,3,1,3945122739
gym-big-split-kill,control-hold,129,Defeat,7,0,7,56,10,0,1,71,-1,,0,5,0,420615413
gym-big-split-kill,control-hold,130,Victory,7,0,7,56,5,175,0,28,-1,,0,4,0,3484519949
gym-big-split-kill,control-hold,131,Victory,6,0,6,48,8,275,1,33,-1,,0,3,0,3945439135
gym-big-split-kill,control-hold,132,Defeat,7,0,7,56,16,0,2,71,-1,,0,5,0,1632030323
gym-big-split-kill,control-hold,133,Victory,6,0,6,48,4,225,1,50,-1,,0,3,0,804998818
gym-big-split-kill,control-hold,134,Defeat,7,0,7,56,9,0,1,57,-1,,0,5,0,3853224331
gym-big-split-kill,control-hold,135,Defeat,7,0,7,56,15,0,1,57,-1,,0,5,0,959927427
gym-big-split-kill,control-hold,136,Defeat,5,0,5,40,5,0,4,80,7,1:7,0,7,1,113312892
gym-big-split-kill,control-hold,137,Victory,13,0,13,104,18,5,0,46,3,1:3,0,21,0,4246969450
gym-big-split-kill,control-hold,138,Victory,7,0,7,56,5,75,0,57,-1,,0,3,0,4250764685
gym-big-split-kill,control-hold,139,Victory,6,0,6,48,7,275,1,33,-1,,0,3,0,3945439135
gym-big-split-kill,control-hold,140,Victory,9,0,9,72,12,5,0,44,-1,,0,7,0,4267688049
gym-big-split-kill,control-hold,141,Victory,6,0,6,48,5,250,1,50,-1,,0,3,0,3941186617
gym-big-split-kill,control-hold,142,Victory,10,0,10,80,9,150,1,60,-1,,0,16,0,3911410552
gym-big-split-kill,control-hold,143,Defeat,5,0,5,40,5,0,2,60,7,1:7,0,6,0,31050085
gym-big-split-kill,control-hold,144,Victory,11,0,11,88,11,60,0,45,-1,,0,10,0,4018682179
gym-big-split-kill,control-hold,145,Victory,10,0,10,80,10,215,0,40,3,1:3,0,7,0,1777111947
gym-big-split-kill,control-hold,146,Victory,9,0,9,72,6,30,0,55,-1,,0,5,0,355357625
gym-big-split-kill,control-hold,147,Defeat,6,0,6,48,5,0,2,100,-1,,0,4,0,2985401728
gym-big-split-kill,control-hold,148,Defeat,6,0,6,48,10,0,1,83,-1,,0,5,0,3518257989
gym-big-split-kill,control-hold,149,Victory,7,0,7,56,6,150,0,42,-1,,0,4,0,2540523569
gym-big-split-kill,control-hold,150,Defeat,7,0,7,56,4,0,2,85,-1,,0,6,1,2487317406
gym-big-split-kill,control-hold,151,Defeat,5,0,5,40,5,0,3,80,-1,,0,2,1,1723815192
gym-big-split-kill,control-hold,152,Defeat,7,0,7,56,15,0,1,57,-1,,0,5,0,1042314451
gym-big-split-kill,control-hold,153,Defeat,5,0,5,40,10,0,2,80,-1,,0,3,0,1572440800
gym-big-split-kill,control-hold,154,Victory,8,0,8,64,3,180,1,87,3,1:3,0,7,0,383956004
gym-big-split-kill,control-hold,155,Victory,6,0,6,48,4,225,1,50,-1,,0,3,0,804998818
gym-big-split-kill,control-hold,156,Victory,6,0,6,48,7,225,1,50,-1,,0,4,0,2240245650
gym-big-split-kill,control-hold,157,Defeat,6,0,6,48,2,0,2,83,-1,,0,4,0,2856460302
gym-big-split-kill,control-hold,158,Victory,6,0,6,48,5,275,1,33,-1,,0,3,0,3945439135
gym-big-split-kill,control-hold,159,Defeat,6,0,6,48,12,0,2,83,-1,,0,4,0,1715384800
gym-big-split-kill,control-hold,160,Victory,6,0,6,48,8,225,1,50,-1,,0,4,0,3169780929
gym-big-split-kill,control-hold,161,Victory,7,0,7,56,13,100,0,42,-1,,0,6,0,428532609
gym-big-split-kill,control-hold,162,Victory,6,0,6,48,7,250,1,50,-1,,0,2,0,3941186617
gym-big-split-kill,control-hold,163,Victory,8,0,8,64,5,75,0,37,-1,,0,5,0,2384682016
gym-big-split-kill,control-hold,164,Defeat,6,0,6,48,15,0,2,100,-1,,0,5,1,113473796
gym-big-split-kill,control-hold,165,Victory,6,0,6,48,7,275,1,33,-1,,0,3,0,3945439135
gym-big-split-kill,control-hold,166,Victory,6,0,6,48,3,125,1,66,-1,,0,4,0,3978848377
gym-big-split-kill,control-hold,167,Victory,8,0,8,64,8,100,0,25,-1,,0,6,0,158126709
gym-big-split-kill,control-hold,168,Victory,6,0,6,48,7,275,1,33,-1,,0,3,0,3945439135
gym-big-split-kill,control-hold,169,Victory,6,0,6,48,7,275,1,33,-1,,0,4,0,3945439135
gym-big-split-kill,control-hold,170,Defeat,5,0,5,40,11,0,3,100,7,1:7,0,7,0,3080893077
gym-big-split-kill,control-hold,171,Defeat,6,0,6,48,5,0,1,66,-1,,0,4,1,2315934544
gym-big-split-kill,control-hold,172,Defeat,5,0,5,40,3,0,2,80,7,1:7,0,6,0,195529789
gym-big-split-kill,control-hold,173,Victory,6,0,6,48,4,200,1,66,-1,,0,4,0,2268328927
gym-big-split-kill,control-hold,174,Victory,8,0,8,64,5,25,0,62,-1,,0,7,0,4178626023
gym-big-split-kill,control-hold,175,Victory,6,0,6,48,3,75,1,83,-1,,0,5,0,2081063597
gym-big-split-kill,control-hold,176,Victory,7,0,7,56,5,175,0,28,-1,,0,4,0,3484519949
gym-big-split-kill,control-hold,177,Victory,6,0,6,48,5,175,1,50,-1,,0,3,0,3393885742
gym-big-split-kill,control-hold,178,Victory,7,0,7,56,5,50,0,42,-1,,0,4,0,2112051191
gym-big-split-kill,control-hold,179,Victory,7,0,7,56,4,50,0,57,-1,,0,5,0,4082426672
gym-big-split-kill,control-hold,180,Victory,11,0,11,88,12,40,0,45,3,1:3,0,7,0,1096305368
gym-big-split-kill,control-hold,181,Victory,6,0,6,48,7,275,1,33,-1,,0,3,0,3945439135
gym-big-split-kill,control-hold,182,Victory,6,0,6,48,11,150,1,50,-1,,0,4,0,1183057732
gym-big-split-kill,control-hold,183,Defeat,7,0,7,56,15,0,1,57,-1,,0,5,0,959927427
gym-big-split-kill,control-hold,184,Victory,6,0,6,48,10,50,1,66,-1,,0,4,0,2587386039
gym-big-split-kill,control-hold,185,Victory,6,0,6,48,8,175,1,50,-1,,0,4,0,3470940049
gym-big-split-kill,control-hold,186,Victory,13,0,13,104,16,115,0,30,-1,,0,15,0,3673909654
gym-big-split-kill,control-hold,187,Victory,6,0,6,48,7,275,1,33,-1,,0,3,0,3945439135
gym-big-split-kill,control-hold,188,Victory,6,0,6,48,7,275,1,33,-1,,0,3,0,3945439135
gym-big-split-kill,control-hold,189,Victory,6,0,6,48,0,30,2,100,7,1:7,0,7,1,3735973178
gym-big-split-kill,control-hold,190,Defeat,6,0,6,48,5,0,2,100,-1,,0,4,0,3133822182
gym-big-split-kill,control-hold,191,Victory,6,0,6,48,9,5,1,100,-1,,0,4,0,1430700560
gym-big-split-kill,control-hold,192,Victory,7,0,7,56,14,80,1,57,-1,,0,4,0,2066047305
gym-big-split-kill,control-hold,193,Victory,6,0,6,48,5,100,1,66,-1,,0,4,0,3796694033
gym-big-split-kill,control-hold,194,Defeat,5,0,5,40,3,0,3,80,-1,,0,3,1,76060078
gym-big-split-kill,control-hold,195,Defeat,6,0,6,48,12,0,2,66,-1,,0,4,0,190610307
gym-big-split-kill,control-hold,196,Victory,5,0,5,40,3,100,2,60,-1,,0,5,1,2003977490
gym-big-split-kill,control-hold,197,Defeat,6,0,6,48,6,0,2,83,-1,,0,5,1,4227079544
gym-big-split-kill,control-hold,198,Defeat,6,0,6,48,3,0,2,66,-1,,0,3,0,3327717171
gym-big-split-kill,control-hold,199,Defeat,5,0,5,40,20,0,2,80,-1,,0,3,1,2967741489
gym-big-split-kill,control-hold,200,Victory,6,0,6,48,10,275,1,33,-1,,0,3,0,3945439135
gym-big-split-kill,charge,1,Victory,6,0,6,48,6,100,0,50,-1,,0,3,0,763632620
gym-big-split-kill,charge,2,Defeat,4,0,4,32,4,0,2,75,-1,,0,1,2,2904557026
gym-big-split-kill,charge,3,Defeat,4,0,4,32,8,0,2,75,-1,,0,2,1,2899673246
gym-big-split-kill,charge,4,Defeat,7,0,7,56,12,0,2,71,-1,,0,5,0,827274611
gym-big-split-kill,charge,5,Defeat,5,0,5,40,4,0,2,60,-1,,0,1,2,2906373268
gym-big-split-kill,charge,6,Victory,5,0,5,40,4,50,1,80,-1,,0,2,1,492081208
gym-big-split-kill,charge,7,Defeat,3,0,3,24,12,0,3,100,-1,,0,1,3,59090089
gym-big-split-kill,charge,8,Defeat,4,0,4,32,4,0,3,75,-1,,0,1,2,373162250
gym-big-split-kill,charge,9,Defeat,5,0,5,40,6,0,2,80,-1,,0,1,2,2978974402
gym-big-split-kill,charge,10,Defeat,3,0,3,24,8,0,4,133,-1,,0,1,2,4037129890
gym-big-split-kill,charge,11,Defeat,4,0,4,32,4,0,2,75,-1,,0,1,2,2904557026
gym-big-split-kill,charge,12,Defeat,4,0,4,32,4,0,2,75,-1,,0,1,2,2904557026
gym-big-split-kill,charge,13,Victory,6,0,6,48,8,100,1,50,-1,,0,1,0,3889399871
gym-big-split-kill,charge,14,Defeat,5,0,5,40,5,0,2,80,-1,,0,2,1,4245208450
gym-big-split-kill,charge,15,Defeat,4,0,4,32,4,0,3,75,-1,,0,1,2,318025978
gym-big-split-kill,charge,16,Defeat,4,0,4,32,4,0,2,75,-1,,0,0,2,4247259616
gym-big-split-kill,charge,17,Defeat,4,0,4,32,2,0,2,75,-1,,0,1,2,2904557026
gym-big-split-kill,charge,18,Defeat,4,0,4,32,4,0,2,75,-1,,0,1,2,2829359438
gym-big-split-kill,charge,19,Defeat,4,0,4,32,4,0,2,75,-1,,0,1,2,2904557026
gym-big-split-kill,charge,20,Victory,5,0,5,40,4,100,1,60,-1,,0,0,1,1761517867
gym-big-split-kill,charge,21,Defeat,5,0,5,40,10,0,2,100,-1,,0,1,0,2759664753
gym-big-split-kill,charge,22,Defeat,4,0,4,32,5,0,3,100,-1,,0,1,2,2001482438
gym-big-split-kill,charge,23,Defeat,4,0,4,32,6,0,2,75,-1,,0,1,2,1976697160
gym-big-split-kill,charge,24,Defeat,3,0,3,24,4,0,3,100,-1,,0,1,2,217931663
gym-big-split-kill,charge,25,Defeat,5,0,5,40,4,0,2,60,-1,,0,1,1,1935691232
gym-big-split-kill,charge,26,Defeat,4,0,4,32,4,0,2,75,-1,,0,1,2,2829359438
gym-big-split-kill,charge,27,Defeat,4,0,4,32,4,0,2,75,-1,,0,1,2,2829359438
gym-big-split-kill,charge,28,Defeat,5,0,5,40,8,0,2,60,-1,,0,1,1,1146831061
gym-big-split-kill,charge,29,Defeat,4,0,4,32,4,0,2,75,-1,,0,1,2,2904557026
gym-big-split-kill,charge,30,Victory,6,0,6,48,6,50,1,66,-1,,0,1,0,1080701352
gym-big-split-kill,charge,31,Victory,6,0,6,48,2,150,1,33,-1,,0,0,1,3778054791
gym-big-split-kill,charge,32,Defeat,4,0,4,32,8,0,3,100,-1,,0,2,2,3747260494
gym-big-split-kill,charge,33,Defeat,4,0,4,32,4,0,2,75,-1,,0,0,2,2904557026
gym-big-split-kill,charge,34,Defeat,3,0,3,24,4,0,3,133,-1,,0,1,2,3301539113
gym-big-split-kill,charge,35,Defeat,5,0,5,40,4,0,2,60,-1,,0,1,2,864182042
gym-big-split-kill,charge,36,Defeat,4,0,4,32,4,0,2,75,-1,,0,1,2,2904557026
gym-big-split-kill,charge,37,Victory,5,0,5,40,4,30,1,80,-1,,0,1,1,82924294
gym-big-split-kill,charge,38,Defeat,5,0,5,40,1,0,2,80,-1,,0,0,1,1599254081
gym-big-split-kill,charge,39,Victory,6,0,6,48,4,30,0,66,-1,,0,2,0,1314125281
gym-big-split-kill,charge,40,Defeat,4,0,4,32,2,0,2,75,-1,,0,1,2,2904557026
gym-big-split-kill,charge,41,Defeat,4,0,4,32,4,0,2,75,-1,,0,1,2,4247259616
gym-big-split-kill,charge,42,Defeat,4,0,4,32,4,0,2,75,-1,,0,1,2,2904557026
gym-big-split-kill,charge,43,Defeat,4,0,4,32,2,0,2,75,-1,,0,1,2,2904557026
gym-big-split-kill,charge,44,Defeat,5,0,5,40,9,0,2,80,-1,,0,2,0,1066484394
gym-big-split-kill,charge,45,Defeat,4,0,4,32,9,0,3,100,-1,,0,2,2,1018306793
gym-big-split-kill,charge,46,Defeat,4,0,4,32,6,0,2,75,-1,,0,1,1,1507528910
gym-big-split-kill,charge,47,Defeat,4,0,4,32,4,0,2,75,-1,,0,1,2,2904557026
gym-big-split-kill,charge,48,Defeat,4,0,4,32,4,0,2,75,-1,,0,1,2,2904557026
gym-big-split-kill,charge,49,Defeat,4,0,4,32,4,0,2,75,-1,,0,1,2,2829359438
gym-big-split-kill,charge,50,Defeat,4,0,4,32,4,0,2,75,-1,,0,1,2,2904557026
gym-big-split-kill,charge,51,Defeat,5,0,5,40,4,0,2,100,-1,,0,2,1,2768874261
gym-big-split-kill,charge,52,Defeat,4,0,4,32,4,0,2,75,-1,,0,1,2,2904557026
gym-big-split-kill,charge,53,Defeat,6,0,6,48,11,0,2,66,-1,,0,2,1,2180079414
gym-big-split-kill,charge,54,Victory,8,0,8,64,5,55,1,62,3,1:3,0,3,0,2619405458
gym-big-split-kill,charge,55,Defeat,5,0,5,40,8,0,2,60,-1,,0,2,2,2701759569
gym-big-split-kill,charge,56,Victory,6,0,6,48,4,50,1,66,-1,,0,2,0,293767420
gym-big-split-kill,charge,57,Defeat,5,0,5,40,4,0,2,80,-1,,0,1,1,3879796035
gym-big-split-kill,charge,58,Victory,5,0,5,40,0,80,1,80,-1,,0,2,1,3119562597
gym-big-split-kill,charge,59,Defeat,3,0,3,24,8,0,4,133,-1,,0,1,2,855944734
gym-big-split-kill,charge,60,Defeat,5,0,5,40,8,0,2,80,-1,,0,2,0,1001376854
gym-big-split-kill,charge,61,Defeat,4,0,4,32,4,0,2,75,-1,,0,1,2,2904557026
gym-big-split-kill,charge,62,Defeat,5,0,5,40,3,0,2,80,-1,,0,1,1,2440312869
gym-big-split-kill,charge,63,Defeat,4,0,4,32,4,0,3,75,-1,,0,2,1,4095741644
gym-big-split-kill,charge,64,Defeat,4,0,4,32,8,0,2,75,-1,,0,1,2,935436362
gym-big-split-kill,charge,65,Defeat,4,0,4,32,4,0,3,75,-1,,0,1,2,373162250
gym-big-split-kill,charge,66,Defeat,4,0,4,32,4,0,2,75,-1,,0,1,2,4086117804
gym-big-split-kill,charge,67,Defeat,4,0,4,32,4,0,2,75,-1,,0,1,2,2829359438
gym-big-split-kill,charge,68,Victory,6,0,6,48,6,50,1,66,3,1:3,0,1,1,3459224159
gym-big-split-kill,charge,69,Defeat,4,0,4,32,10,0,3,100,-1,,0,1,2,4227034230
gym-big-split-kill,charge,70,Defeat,4,0,4,32,4,0,3,75,-1,,0,1,2,3189111026
gym-big-split-kill,charge,71,Defeat,4,0,4,32,1,0,2,100,-1,,0,1,2,3172992554
gym-big-split-kill,charge,72,Victory,5,0,5,40,4,50,2,80,-1,,0,3,1,796091113
gym-big-split-kill,charge,73,Defeat,4,0,4,32,4,0,2,75,-1,,0,1,2,4247259616
gym-big-split-kill,charge,74,Defeat,5,0,5,40,10,0,2,60,-1,,0,2,2,3676067893
gym-big-split-kill,charge,75,Defeat,5,0,5,40,4,0,2,60,-1,,0,0,1,2945247860
gym-big-split-kill,charge,76,Victory,7,0,7,56,5,30,0,57,-1,,0,3,0,1388177046
gym-big-split-kill,charge,77,Defeat,4,0,4,32,4,0,2,75,-1,,0,1,2,2904557026
gym-big-split-kill,charge,78,Defeat,4,0,4,32,4,0,2,75,-1,,0,1,2,4247259616
gym-big-split-kill,charge,79,Defeat,3,0,3,24,4,0,4,100,-1,,0,1,2,1199699306
gym-big-split-kill,charge,80,Victory,6,0,6,48,1,25,1,100,-1,,0,3,0,2242657449
gym-big-split-kill,charge,81,Defeat,6,0,6,48,4,0,2,100,3,1:3,0,3,0,167715066
gym-big-split-kill,charge,82,Defeat,4,0,4,32,4,0,2,75,-1,,0,1,2,2904557026
gym-big-split-kill,charge,83,Defeat,5,0,5,40,8,0,2,80,-1,,0,2,2,4070140682
gym-big-split-kill,charge,84,Victory,5,0,5,40,4,100,1,60,-1,,0,1,1,1028642967
gym-big-split-kill,charge,85,Victory,5,0,5,40,4,100,1,60,-1,,0,0,1,1761517867
gym-big-split-kill,charge,86,Defeat,3,0,3,24,4,0,3,100,-1,,0,1,2,1635168417
gym-big-split-kill,charge,87,Defeat,4,0,4,32,4,0,2,75,-1,,0,1,2,2904557026
gym-big-split-kill,charge,88,Defeat,5,0,5,40,4,0,2,80,-1,,0,1,1,472135157
gym-big-split-kill,charge,89,Defeat,4,0,4,32,6,0,2,75,-1,,0,1,1,2682515492
gym-big-split-kill,charge,90,Defeat,4,0,4,32,4,0,2,75,-1,,0,1,2,2904557026
gym-big-split-kill,charge,91,Defeat,4,0,4,32,4,0,2,75,-1,,0,0,2,2904557026
gym-big-split-kill,charge,92,Defeat,4,0,4,32,4,0,2,75,-1,,0,1,2,2904557026
gym-big-split-kill,charge,93,Defeat,5,0,5,40,8,0,2,80,-1,,0,2,1,4097149161
gym-big-split-kill,charge,94,Defeat,4,0,4,32,4,0,2,75,-1,,0,1,2,2904557026
gym-big-split-kill,charge,95,Defeat,4,0,4,32,0,0,2,125,-1,,0,2,2,3353312889
gym-big-split-kill,charge,96,Victory,5,0,5,40,6,30,1,80,-1,,0,1,1,650957797
gym-big-split-kill,charge,97,Victory,6,0,6,48,14,100,1,50,-1,,0,3,0,3355270078
gym-big-split-kill,charge,98,Defeat,5,0,5,40,8,0,2,80,-1,,0,2,2,2174342398
gym-big-split-kill,charge,99,Defeat,4,0,4,32,4,0,2,75,-1,,0,1,2,2904557026
gym-big-split-kill,charge,100,Defeat,5,0,5,40,8,0,3,60,-1,,0,2,2,2083497849
gym-big-split-kill,charge,101,Victory,6,0,6,48,6,80,1,66,-1,,0,2,0,1842359468
gym-big-split-kill,charge,102,Defeat,4,0,4,32,2,0,2,75,-1,,0,1,2,2904557026
gym-big-split-kill,charge,103,Defeat,4,0,4,32,4,0,2,75,-1,,0,1,2,2904557026
gym-big-split-kill,charge,104,Defeat,5,0,5,40,4,0,2,60,-1,,0,1,2,765326426
gym-big-split-kill,charge,105,Defeat,4,0,4,32,4,0,2,75,-1,,0,1,2,2904557026
gym-big-split-kill,charge,106,Defeat,4,0,4,32,4,0,2,75,-1,,0,0,2,4247259616
gym-big-split-kill,charge,107,Defeat,5,0,5,40,4,0,2,80,8,1:8,0,0,1,2671199375
gym-big-split-kill,charge,108,Defeat,4,0,4,32,4,0,2,75,-1,,0,1,2,2904557026
gym-big-split-kill,charge,109,Defeat,4,0,4,32,2,0,2,75,-1,,0,1,2,2904557026
gym-big-split-kill,charge,110,Defeat,5,0,5,40,4,0,2,60,-1,,0,1,1,1935691232
gym-big-split-kill,charge,111,Defeat,5,0,5,40,5,0,2,100,3,1:3,0,2,2,529984292
gym-big-split-kill,charge,112,Defeat,4,0,4,32,4,0,2,75,-1,,0,1,2,3029739763
gym-big-split-kill,charge,113,Defeat,3,0,3,24,9,0,4,133,-1,,0,1,2,2721714413
gym-big-split-kill,charge,114,Defeat,4,0,4,32,4,0,3,100,-1,,0,1,2,3324314463
gym-big-split-kill,charge,115,Defeat,4,0,4,32,6,0,2,75,-1,,0,2,2,3832592587
gym-big-split-kill,charge,116,Defeat,5,0,5,40,4,0,2,80,-1,,0,1,0,365680106
gym-big-split-kill,charge,117,Defeat,4,0,4,32,4,0,2,75,-1,,0,1,2,2904557026
gym-big-split-kill,charge,118,Victory,6,0,6,48,6,50,1,66,-1,,0,1,0,1080701352
gym-big-split-kill,charge,119,Defeat,4,0,4,32,8,0,2,75,-1,,0,1,2,935436362
gym-big-split-kill,charge,120,Defeat,5,0,5,40,6,0,1,80,-1,,0,1,0,3884684608
gym-big-split-kill,charge,121,Defeat,5,0,5,40,10,0,2,80,-1,,0,2,2,2818870041
gym-big-split-kill,charge,122,Victory,5,0,5,40,4,30,1,80,-1,,0,1,1,82924294
gym-big-split-kill,charge,123,Defeat,4,0,4,32,4,0,2,75,-1,,0,1,2,2904557026
gym-big-split-kill,charge,124,Defeat,3,0,3,24,8,0,4,166,-1,,0,1,2,4203940126
gym-big-split-kill,charge,125,Victory,5,0,5,40,4,50,1,80,-1,,0,2,1,492081208
gym-big-split-kill,charge,126,Defeat,5,0,5,40,4,0,2,80,8,1:8,0,1,1,2549110669
gym-big-split-kill,charge,127,Defeat,4,0,4,32,4,0,3,75,-1,,0,0,2,2565285832
gym-big-split-kill,charge,128,Victory,6,0,6,48,4,80,1,66,-1,,0,2,0,2832015260
gym-big-split-kill,charge,129,Defeat,4,0,4,32,4,0,2,75,-1,,0,1,2,2904557026
gym-big-split-kill,charge,130,Defeat,4,0,4,32,4,0,2,75,-1,,0,1,2,2904557026
gym-big-split-kill,charge,131,Victory,5,0,5,40,4,100,1,60,-1,,0,0,1,1761517867
gym-big-split-kill,charge,132,Defeat,4,0,4,32,4,0,2,75,7,1:7,0,1,2,2538086898
gym-big-split-kill,charge,133,Defeat,4,0,4,32,8,0,2,75,-1,,0,1,2,935436362
gym-big-split-kill,charge,134,Victory,5,0,5,40,4,100,1,60,-1,,0,0,1,1761517867
gym-big-split-kill,charge,135,Defeat,4,0,4,32,4,0,2,75,-1,,0,1,2,2904557026
gym-big-split-kill,charge,136,Defeat,3,0,3,24,12,0,3,100,-1,,0,1,3,59090089
gym-big-split-kill,charge,137,Defeat,5,0,5,40,6,0,2,120,-1,,0,3,1,192946016
gym-big-split-kill,charge,138,Defeat,4,0,4,32,4,0,2,75,-1,,0,1,2,2904557026
gym-big-split-kill,charge,139,Defeat,4,0,4,32,4,0,2,75,-1,,0,1,2,2904557026
gym-big-split-kill,charge,140,Defeat,3,0,3,24,4,0,3,100,-1,,0,1,2,217931663
gym-big-split-kill,charge,141,Defeat,4,0,4,32,4,0,2,75,-1,,0,1,2,2904557026
gym-big-split-kill,charge,142,Victory,5,0,5,40,1,50,1,80,-1,,0,2,1,3223813259
gym-big-split-kill,charge,143,Victory,5,0,5,40,1,50,1,80,-1,,0,1,1,2571941194
gym-big-split-kill,charge,144,Victory,5,0,5,40,4,30,1,80,-1,,0,1,1,82924294
gym-big-split-kill,charge,145,Defeat,4,0,4,32,4,0,2,75,-1,,0,1,2,2904557026
gym-big-split-kill,charge,146,Defeat,4,0,4,32,4,0,2,75,-1,,0,1,2,2904557026
gym-big-split-kill,charge,147,Victory,5,0,5,40,4,30,1,80,-1,,0,0,1,82924294
gym-big-split-kill,charge,148,Victory,5,0,5,40,8,100,1,80,-1,,0,2,1,2665479345
gym-big-split-kill,charge,149,Defeat,5,0,5,40,4,0,2,60,-1,,0,0,1,2945247860
gym-big-split-kill,charge,150,Defeat,4,0,4,32,6,0,2,75,-1,,0,1,1,2682515492
gym-big-split-kill,charge,151,Defeat,4,0,4,32,4,0,2,75,-1,,0,1,2,2904557026
gym-big-split-kill,charge,152,Defeat,4,0,4,32,6,0,2,75,-1,,0,1,1,2682515492
gym-big-split-kill,charge,153,Defeat,5,0,5,40,4,0,2,80,8,1:8,0,1,1,200572155
gym-big-split-kill,charge,154,Defeat,5,0,5,40,6,0,2,80,-1,,0,1,0,259251858
gym-big-split-kill,charge,155,Defeat,4,0,4,32,4,0,2,75,-1,,0,1,2,2904557026
gym-big-split-kill,charge,156,Defeat,5,0,5,40,4,0,2,100,-1,,0,1,0,661275272
gym-big-split-kill,charge,157,Defeat,3,0,3,24,12,0,3,100,-1,,0,1,3,59090089
gym-big-split-kill,charge,158,Defeat,4,0,4,32,4,0,2,75,-1,,0,1,2,2904557026
gym-big-split-kill,charge,159,Defeat,4,0,4,32,4,0,2,75,-1,,0,1,2,2904557026
gym-big-split-kill,charge,160,Defeat,3,0,3,24,8,0,3,133,-1,,0,1,2,2574904975
gym-big-split-kill,charge,161,Defeat,3,0,3,24,8,0,4,100,-1,,0,1,3,3512162602
gym-big-split-kill,charge,162,Victory,6,0,6,48,6,50,1,66,-1,,0,2,0,1606878278
gym-big-split-kill,charge,163,Defeat,4,0,4,32,4,0,2,75,-1,,0,1,2,2904557026
gym-big-split-kill,charge,164,Defeat,6,0,6,48,10,0,2,83,-1,,0,2,0,1490716715
gym-big-split-kill,charge,165,Defeat,4,0,4,32,4,0,2,75,-1,,0,1,2,2829359438
gym-big-split-kill,charge,166,Defeat,3,0,3,24,2,0,3,133,-1,,0,1,2,595994375
gym-big-split-kill,charge,167,Defeat,4,0,4,32,2,0,2,75,-1,,0,1,2,2904557026
gym-big-split-kill,charge,168,Defeat,5,0,5,40,6,0,2,60,-1,,0,1,1,3385086003
gym-big-split-kill,charge,169,Defeat,5,0,5,40,6,0,2,80,-1,,0,3,1,2214166875
gym-big-split-kill,charge,170,Defeat,4,0,4,32,4,0,2,75,-1,,0,1,1,221293226
gym-big-split-kill,charge,171,Defeat,4,0,4,32,4,0,2,75,-1,,0,0,2,4247259616
gym-big-split-kill,charge,172,Defeat,4,0,4,32,1,0,2,100,-1,,0,2,2,147716426
gym-big-split-kill,charge,173,Defeat,4,0,4,32,4,0,2,75,-1,,0,1,2,2904557026
gym-big-split-kill,charge,174,Defeat,4,0,4,32,4,0,2,75,-1,,0,1,2,2904557026
gym-big-split-kill,charge,175,Defeat,3,0,3,24,4,0,3,100,-1,,0,1,2,217931663
gym-big-split-kill,charge,176,Defeat,4,0,4,32,4,0,2,75,-1,,0,1,2,2904557026
gym-big-split-kill,charge,177,Defeat,5,0,5,40,4,0,2,80,-1,,0,1,0,3427127562
gym-big-split-kill,charge,178,Defeat,5,0,5,40,4,0,2,60,-1,,0,1,1,3314411458
gym-big-split-kill,charge,179,Defeat,4,0,4,32,4,0,2,75,-1,,0,1,2,2904557026
gym-big-split-kill,charge,180,Victory,6,0,6,48,5,50,1,50,-1,,0,2,1,3984497707
gym-big-split-kill,charge,181,Defeat,4,0,4,32,2,0,2,75,-1,,0,1,2,2904557026
gym-big-split-kill,charge,182,Defeat,5,0,5,40,4,0,1,80,-1,,0,1,0,4011096772
gym-big-split-kill,charge,183,Defeat,4,0,4,32,4,0,2,75,-1,,0,1,2,2904557026
gym-big-split-kill,charge,184,Defeat,5,0,5,40,8,0,2,60,-1,,0,2,2,2808404763
gym-big-split-kill,charge,185,Defeat,4,0,4,32,4,0,2,75,-1,,0,1,2,2904557026
gym-big-split-kill,charge,186,Defeat,3,0,3,24,4,0,3,133,-1,,0,1,2,595994375
gym-big-split-kill,charge,187,Defeat,4,0,4,32,4,0,2,75,-1,,0,1,2,2904557026
gym-big-split-kill,charge,188,Victory,5,0,5,40,5,50,2,100,7,1:7,0,2,1,2450891258
gym-big-split-kill,charge,189,Defeat,5,0,5,40,5,0,2,60,-1,,0,2,0,3833215666
gym-big-split-kill,charge,190,Defeat,4,0,4,32,4,0,2,75,-1,,0,1,2,2904557026
gym-big-split-kill,charge,191,Defeat,3,0,3,24,4,0,4,133,-1,,0,1,2,350795748
gym-big-split-kill,charge,192,Defeat,5,0,5,40,5,0,2,80,-1,,0,1,0,327432914
gym-big-split-kill,charge,193,Defeat,4,0,4,32,4,0,2,75,7,1:7,0,1,2,2538086898
gym-big-split-kill,charge,194,Defeat,5,0,5,40,14,0,2,100,-1,,0,3,1,2348513367
gym-big-split-kill,charge,195,Defeat,4,0,4,32,4,0,2,75,-1,,0,1,2,2904557026
gym-big-split-kill,charge,196,Defeat,5,0,5,40,8,0,2,80,-1,,0,2,0,3817452350
gym-big-split-kill,charge,197,Victory,5,0,5,40,4,30,1,80,-1,,0,0,1,82924294
gym-big-split-kill,charge,198,Defeat,3,0,3,24,12,0,3,100,-1,,0,1,3,59090089
gym-big-split-kill,charge,199,Defeat,4,0,4,32,17,0,3,75,-1,,0,2,1,3013770980
gym-big-split-kill,charge,200,Defeat,4,0,4,32,7,0,2,75,-1,,0,1,1,1002541380
gym-big-split-boss3,corridor-hold,1,Defeat,7,0,7,56,7,0,1,71,-1,,0,5,0,2465647711
gym-big-split-boss3,corridor-hold,2,Defeat,6,0,6,48,8,0,2,66,-1,,0,3,0,3922482730
gym-big-split-boss3,corridor-hold,3,Defeat,7,0,7,56,5,0,1,71,-1,,0,6,0,2289387767
gym-big-split-boss3,corridor-hold,4,Victory,8,0,8,64,4,35,0,50,3,1:3,0,7,0,76758590
gym-big-split-boss3,corridor-hold,5,Defeat,7,0,7,56,15,0,1,57,-1,,0,5,0,3498249521
gym-big-split-boss3,corridor-hold,6,Defeat,7,0,7,56,5,0,1,57,-1,,0,5,0,3937231725
gym-big-split-boss3,corridor-hold,7,Defeat,7,0,7,56,6,0,1,71,-1,,0,6,0,436344501
gym-big-split-boss3,corridor-hold,8,Defeat,5,0,5,40,10,0,2,80,-1,,0,3,1,2412498854
gym-big-split-boss3,corridor-hold,9,Defeat,5,0,5,40,5,0,4,120,-1,,0,5,1,3965808851
gym-big-split-boss3,corridor-hold,10,Victory,27,0,27,216,35,115,0,25,3,1:3,0,26,0,3175528192
gym-big-split-boss3,corridor-hold,11,Defeat,7,0,7,56,7,0,1,57,-1,,0,5,0,3937231725
gym-big-split-boss3,corridor-hold,12,Defeat,7,0,7,56,7,0,1,57,-1,,0,5,0,3272376748
gym-big-split-boss3,corridor-hold,13,Defeat,6,0,6,48,6,0,2,66,-1,,0,3,0,4222136626
gym-big-split-boss3,corridor-hold,14,Defeat,7,0,7,56,8,0,2,85,-1,,0,5,0,409824089
gym-big-split-boss3,corridor-hold,15,Defeat,5,0,5,40,12,0,3,80,-1,,0,3,0,893449835
gym-big-split-boss3,corridor-hold,16,Defeat,8,0,8,64,3,0,1,62,-1,,0,7,0,2624529185
gym-big-split-boss3,corridor-hold,17,Defeat,7,0,7,56,3,0,1,71,-1,,0,5,0,1611314542
gym-big-split-boss3,corridor-hold,18,Defeat,7,0,7,56,4,0,1,71,-1,,0,4,0,431283946
gym-big-split-boss3,corridor-hold,19,Defeat,6,0,6,48,5,0,2,83,-1,,0,3,0,1190974652
gym-big-split-boss3,corridor-hold,20,Defeat,7,0,7,56,5,0,1,57,-1,,0,5,0,3937231725
gym-big-split-boss3,corridor-hold,21,Victory,12,0,12,96,15,65,0,41,-1,,0,9,0,71528512
gym-big-split-boss3,corridor-hold,22,Defeat,6,0,6,48,5,0,2,83,7,1:7,0,9,0,4086281231
gym-big-split-boss3,corridor-hold,23,Defeat,7,0,7,56,5,0,1,57,-1,,0,5,0,3937231725
gym-big-split-boss3,corridor-hold,24,Defeat,5,0,5,40,5,0,3,60,7,1:7,0,6,0,2732722036
gym-big-split-boss3,corridor-hold,25,Defeat,6,0,6,48,6,0,1,100,-1,,0,4,0,59988291
gym-big-split-boss3,corridor-hold,26,Defeat,7,0,7,56,4,0,1,57,-1,,0,4,0,2057775641
gym-big-split-boss3,corridor-hold,27,Defeat,14,0,14,112,12,0,2,71,3,1:3,0,22,0,3513528817
gym-big-split-boss3,corridor-hold,28,Victory,8,0,8,64,2,80,0,50,3,1:3,0,7,0,3149725080
gym-big-split-boss3,corridor-hold,29,Defeat,10,0,10,80,14,0,2,80,-1,,0,14,0,3960229171
gym-big-split-boss3,corridor-hold,30,Defeat,7,0,7,56,7,0,1,57,-1,,0,5,0,3937231725
gym-big-split-boss3,corridor-hold,31,Defeat,4,0,4,32,4,0,3,75,-1,,0,2,2,311370165
gym-big-split-boss3,corridor-hold,32,Defeat,4,0,4,32,2,0,4,150,-1,,0,2,1,4066899577
gym-big-split-boss3,corridor-hold,33,Defeat,7,0,7,56,10,0,1,57,-1,,0,5,0,2362450345
gym-big-split-boss3,corridor-hold,34,Defeat,7,0,7,56,10,0,2,57,-1,,0,6,1,508430991
gym-big-split-boss3,corridor-hold,35,Defeat,5,0,5,40,4,0,2,80,-1,,0,3,1,2363256277
gym-big-split-boss3,corridor-hold,36,Defeat,7,0,7,56,7,0,1,57,-1,,0,4,0,587826097
gym-big-split-boss3,corridor-hold,37,Defeat,7,0,7,56,5,0,1,71,-1,,0,5,0,2465647711
gym-big-split-boss3,corridor-hold,38,Defeat,5,0,5,40,5,0,2,60,7,1:7,0,6,0,1616793385
gym-big-split-boss3,corridor-hold,39,Defeat,6,0,6,48,5,0,2,83,-1,,0,4,0,2218534584
gym-big-split-boss3,corridor-hold,40,Defeat,7,0,7,56,5,0,2,71,-1,,0,5,0,294428152
gym-big-split-boss3,corridor-hold,41,Defeat,7,0,7,56,5,0,2,85,-1,,0,5,0,177669369
gym-big-split-boss3,corridor-hold,42,Defeat,7,0,7,56,7,0,1,57,-1,,0,5,0,3937231725
gym-big-split-boss3,corridor-hold,43,Defeat,8,0,8,64,4,0,1,50,-1,,0,8,0,1439036123
gym-big-split-boss3,corridor-hold,44,Defeat,6,0,6,48,7,0,2,83,-1,,0,3,0,352735346
gym-big-split-boss3,corridor-hold,45,Defeat,5,0,5,40,2,0,2,80,-1,,0,3,1,2363256277
gym-big-split-boss3,corridor-hold,46,Defeat,7,0,7,56,10,0,1,57,-1,,0,5,0,3937231725
gym-big-split-boss3,corridor-hold,47,Defeat,7,0,7,56,7,0,1,57,-1,,0,5,0,3937231725
gym-big-split-boss3,corridor-hold,48,Defeat,7,0,7,56,7,0,2,71,-1,,0,5,0,1985500794
gym-big-split-boss3,corridor-hold,49,Defeat,7,0,7,56,9,0,2,71,-1,,0,5,0,3797596756
gym-big-split-boss3,corridor-hold,50,Defeat,6,0,6,48,4,0,2,83,-1,,0,3,0,4264295526
gym-big-split-boss3,corridor-hold,51,Victory,24,0,24,192,30,170,0,20,12,1:12,0,36,0,3904726336
gym-big-split-boss3,corridor-hold,52,Defeat,7,0,7,56,5,0,1,71,-1,,0,5,0,2146055999
gym-big-split-boss3,corridor-hold,53,Defeat,5,0,5,40,10,0,3,100,-1,,0,3,1,3131934549
gym-big-split-boss3,corridor-hold,54,Victory,8,0,8,64,8,60,0,62,-1,,0,6,0,3788696896
gym-big-split-boss3,corridor-hold,55,Defeat,7,0,7,56,6,0,3,71,-1,,0,7,0,2977560681
gym-big-split-boss3,corridor-hold,56,Defeat,5,0,5,40,10,0,3,60,-1,,0,3,1,3875362457
gym-big-split-boss3,corridor-hold,57,Victory,8,0,8,64,6,25,0,50,-1,,0,5,0,2840035625
gym-big-split-boss3,corridor-hold,58,Victory,8,0,8,64,3,75,0,37,-1,,0,6,0,458263942
gym-big-split-boss3,corridor-hold,59,Defeat,9,0,9,72,9,0,1,55,-1,,0,10,0,158749471
gym-big-split-boss3,corridor-hold,60,Defeat,5,0,5,40,5,0,3,60,7,1:7,0,6,0,2865580336
gym-big-split-boss3,corridor-hold,61,Defeat,7,0,7,56,10,0,1,71,-1,,0,6,0,2925410547
gym-big-split-boss3,corridor-hold,62,Defeat,7,0,7,56,8,0,1,85,-1,,0,5,0,1290302745
gym-big-split-boss3,corridor-hold,63,Defeat,7,0,7,56,3,0,1,71,-1,,0,4,0,3923245701
gym-big-split-boss3,corridor-hold,64,Defeat,6,0,6,48,10,0,1,83,-1,,0,4,0,2715831607
gym-big-split-boss3,corridor-hold,65,Defeat,6,0,6,48,15,0,1,83,-1,,0,4,0,2720141139
gym-big-split-boss3,corridor-hold,66,Victory,8,0,8,64,6,25,0,50,-1,,0,6,0,2901972515
gym-big-split-boss3,corridor-hold,67,Defeat,7,0,7,56,5,0,2,85,-1,,0,5,0,3283001257
gym-big-split-boss3,corridor-hold,68,Defeat,5,0,5,40,14,0,3,120,-1,,0,4,1,3821317626
gym-big-split-boss3,corridor-hold,69,Defeat,6,0,6,48,6,0,1,83,-1,,0,4,0,1393443855
gym-big-split-boss3,corridor-hold,70,Defeat,6,0,6,48,10,0,2,83,-1,,0,4,0,1165862577
gym-big-split-boss3,corridor-hold,71,Defeat,11,0,11,88,14,0,1,54,-1,,0,12,0,140372165
gym-big-split-boss3,corridor-hold,72,Victory,10,0,10,80,3,5,0,60,-1,,0,12,0,3907922805
gym-big-split-boss3,corridor-hold,73,Defeat,6,0,6,48,5,0,2,83,-1,,0,6,1,4245457556
gym-big-split-boss3,corridor-hold,74,Defeat,5,0,5,40,3,0,2,80,-1,,0,3,1,669863812
gym-big-split-boss3,corridor-hold,75,Defeat,5,0,5,40,3,0,3,80,-1,,0,3,1,19956947
gym-big-split-boss3,corridor-hold,76,Defeat,7,0,7,56,3,0,1,71,-1,,0,5,0,3859999633
gym-big-split-boss3,corridor-hold,77,Defeat,7,0,7,56,11,0,1,57,-1,,0,5,0,2573654887
gym-big-split-boss3,corridor-hold,78,Defeat,7,0,7,56,13,0,2,85,-1,,0,5,0,3274421503
gym-big-split-boss3,corridor-hold,79,Defeat,7,0,7,56,7,0,1,57,-1,,0,6,0,3937231725
gym-big-split-boss3,corridor-hold,80,Defeat,7,0,7,56,3,0,2,71,-1,,0,6,0,1646459220
gym-big-split-boss3,corridor-hold,81,Victory,14,0,14,112,19,25,0,50,3,1:3,0,15,0,1128437596
gym-big-split-boss3,corridor-hold,82,Victory,8,0,8,64,5,50,0,50,-1,,0,5,0,2872753253
gym-big-split-boss3,corridor-hold,83,Defeat,5,0,5,40,3,0,3,100,7,1:7,0,5,1,4184292621
gym-big-split-boss3,corridor-hold,84,Defeat,5,0,5,40,5,0,2,100,-1,,0,3,1,2219938764
gym-big-split-boss3,corridor-hold,85,Defeat,6,0,6,48,2,0,1,66,-1,,0,4,0,564084929
gym-big-split-boss3,corridor-hold,86,Defeat,6,0,6,48,9,0,2,83,-1,,0,3,0,4264295526
gym-big-split-boss3,corridor-hold,87,Defeat,7,0,7,56,10,0,1,71,-1,,0,5,0,631184931
gym-big-split-boss3,corridor-hold,88,Defeat,6,0,6,48,5,0,1,66,-1,,0,4,0,1509695736
gym-big-split-boss3,corridor-hold,89,Defeat,7,0,7,56,3,0,1,57,-1,,0,5,0,3937231725
gym-big-split-boss3,corridor-hold,90,Defeat,7,0,7,56,5,0,1,57,-1,,0,4,0,3858467322
gym-big-split-boss3,corridor-hold,91,Defeat,7,0,7,56,11,0,2,71,-1,,0,6,0,2648108783
gym-big-split-boss3,corridor-hold,92,Defeat,7,0,7,56,7,0,1,57,-1,,0,5,0,3937231725
gym-big-split-boss3,corridor-hold,93,Defeat,6,0,6,48,3,0,3,83,-1,,0,5,0,1095268173
gym-big-split-boss3,corridor-hold,94,Victory,8,0,8,64,5,75,0,37,-1,,0,5,0,458263942
gym-big-split-boss3,corridor-hold,95,Defeat,7,0,7,56,5,0,1,85,-1,,0,3,0,3876619019
gym-big-split-boss3,corridor-hold,96,Defeat,7,0,7,56,5,0,1,57,-1,,0,5,0,3937231725
gym-big-split-boss3,corridor-hold,97,Defeat,7,0,7,56,15,0,1,57,-1,,0,5,0,3937231725
gym-big-split-boss3,corridor-hold,98,Defeat,5,0,5,40,5,0,2,60,7,1:7,0,6,0,1616793385
gym-big-split-boss3,corridor-hold,99,Defeat,7,0,7,56,13,0,1,71,-1,,0,5,0,1728831019
gym-big-split-boss3,corridor-hold,100,Victory,36,0,36,288,46,175,0,16,3,1:3,0,54,0,3314878938
gym-big-split-boss3,corridor-hold,101,Defeat,6,0,6,48,8,0,2,83,-1,,0,4,0,4086355062
gym-big-split-boss3,corridor-hold,102,Defeat,7,0,7,56,5,0,1,57,-1,,0,6,0,3937231725
gym-big-split-boss3,corridor-hold,103,Defeat,7,0,7,56,7,0,1,57,-1,,0,5,0,3937231725
gym-big-split-boss3,corridor-hold,104,Defeat,10,0,10,80,8,0,1,70,-1,,0,12,0,338628055
gym-big-split-boss3,corridor-hold,105,Defeat,6,0,6,48,5,0,2,66,-1,,0,3,0,4222136626
gym-big-split-boss3,corridor-hold,106,Defeat,6,0,6,48,3,0,1,83,-1,,0,4,0,1693009457
gym-big-split-boss3,corridor-hold,107,Victory,20,0,20,160,25,190,0,35,3,1:3,0,20,0,2309150845
gym-big-split-boss3,corridor-hold,108,Defeat,6,0,6,48,4,0,2,83,-1,,0,4,0,1658187166
gym-big-split-boss3,corridor-hold,109,Defeat,7,0,7,56,9,0,1,57,-1,,0,5,0,3937231725
gym-big-split-boss3,corridor-hold,110,Defeat,6,0,6,48,3,0,2,100,-1,,0,4,0,1374568833
gym-big-split-boss3,corridor-hold,111,Defeat,6,0,6,48,14,0,1,83,-1,,0,5,0,1999602
gym-big-split-boss3,corridor-hold,112,Defeat,5,0,5,40,5,0,2,80,-1,,0,3,1,4112858699
gym-big-split-boss3,corridor-hold,113,Defeat,7,0,7,56,14,0,2,71,-1,,0,6,1,1307469432
gym-big-split-boss3,corridor-hold,114,Defeat,6,0,6,48,4,0,2,100,-1,,0,4,0,3756698906
gym-big-split-boss3,corridor-hold,115,Defeat,6,0,6,48,10,0,2,66,-1,,0,4,0,772490399
gym-big-split-boss3,corridor-hold,116,Defeat,10,0,10,80,7,0,1,50,7,1:7,0,10,0,2832903182
gym-big-split-boss3,corridor-hold,117,Defeat,7,0,7,56,5,0,1,71,-1,,0,5,0,4169529446
gym-big-split-boss3,corridor-hold,118,Defeat,7,0,7,56,4,0,1,71,-1,,0,5,0,2465647711
gym-big-split-boss3,corridor-hold,119,Victory,15,0,15,120,15,120,0,33,7,1:7,0,14,0,3047352330
gym-big-split-boss3,corridor-hold,120,Defeat,7,0,7,56,4,0,1,71,-1,,0,5,0,3695738828
gym-big-split-boss3,corridor-hold,121,Defeat,7,0,7,56,2,0,2,85,-1,,0,5,0,2045460134
gym-big-split-boss3,corridor-hold,122,Victory,8,0,8,64,5,55,0,62,-1,,0,6,0,77285331
gym-big-split-boss3,corridor-hold,123,Defeat,8,0,8,64,11,0,1,75,-1,,0,7,0,989396532
gym-big-split-boss3,corridor-hold,124,Defeat,7,0,7,56,3,0,1,71,-1,,0,5,0,2243805859
gym-big-split-boss3,corridor-hold,125,Defeat,7,0,7,56,5,0,1,57,-1,,0,6,0,3937231725
gym-big-split-boss3,corridor-hold,126,Defeat,6,0,6,48,11,0,2,100,-1,,0,5,1,2067508024
gym-big-split-boss3,corridor-hold,127,Defeat,6,0,6,48,8,0,1,66,-1,,0,4,0,160391066
gym-big-split-boss3,corridor-hold,128,Defeat,5,0,5,40,9,0,3,80,-1,,0,3,1,3521833111
gym-big-split-boss3,corridor-hold,129,Defeat,7,0,7,56,10,0,1,71,-1,,0,5,0,18182297
gym-big-split-boss3,corridor-hold,130,Victory,8,0,8,64,5,75,0,37,-1,,0,5,0,458263942
gym-big-split-boss3,corridor-hold,131,Defeat,7,0,7,56,8,0,1,57,-1,,0,5,0,3937231725
gym-big-split-boss3,corridor-hold,132,Defeat,7,0,7,56,16,0,2,71,-1,,0,5,0,2246293487
gym-big-split-boss3,corridor-hold,133,Defeat,7,0,7,56,4,0,1,71,-1,,0,5,0,2465647711
gym-big-split-boss3,corridor-hold,134,Defeat,7,0,7,56,9,0,1,57,-1,,0,5,0,1735371703
gym-big-split-boss3,corridor-hold,135,Defeat,7,0,7,56,15,0,1,57,-1,,0,5,0,538792175
gym-big-split-boss3,corridor-hold,136,Defeat,5,0,5,40,5,0,4,80,7,1:7,0,7,1,1108072072
gym-big-split-boss3,corridor-hold,137,Defeat,13,0,13,104,18,0,1,53,3,1:3,0,21,0,2660113596
gym-big-split-boss3,corridor-hold,138,Defeat,7,0,7,56,5,0,1,71,-1,,0,3,0,699406554
gym-big-split-boss3,corridor-hold,139,Defeat,7,0,7,56,7,0,1,57,-1,,0,5,0,3937231725
gym-big-split-boss3,corridor-hold,140,Defeat,9,0,9,72,12,0,1,55,-1,,0,7,0,3725152508
gym-big-split-boss3,corridor-hold,141,Defeat,7,0,7,56,5,0,1,71,-1,,0,5,0,4260517869
gym-big-split-boss3,corridor-hold,142,Defeat,10,0,10,80,9,0,2,70,-1,,0,16,0,4290945565
gym-big-split-boss3,corridor-hold,143,Defeat,5,0,5,40,5,0,2,60,7,1:7,0,6,0,1616793385
gym-big-split-boss3,corridor-hold,144,Victory,12,0,12,96,11,10,0,50,-1,,0,11,0,3703385030
gym-big-split-boss3,corridor-hold,145,Victory,11,0,11,88,10,115,0,45,3,1:3,0,8,0,1788604737
gym-big-split-boss3,corridor-hold,146,Victory,9,0,9,72,6,30,0,55,-1,,0,5,0,844424473
gym-big-split-boss3,corridor-hold,147,Defeat,6,0,6,48,5,0,2,100,-1,,0,4,0,2083601068
gym-big-split-boss3,corridor-hold,148,Defeat,6,0,6,48,10,0,1,83,-1,,0,5,0,1693009457
gym-big-split-boss3,corridor-hold,149,Victory,8,0,8,64,6,50,0,50,-1,,0,5,0,2718803499
gym-big-split-boss3,corridor-hold,150,Defeat,7,0,7,56,4,0,2,85,-1,,0,6,1,2050299658
gym-big-split-boss3,corridor-hold,151,Defeat,5,0,5,40,5,0,3,80,-1,,0,2,1,1040742660
gym-big-split-boss3,corridor-hold,152,Defeat,7,0,7,56,15,0,1,57,-1,,0,5,0,2634299279
gym-big-split-boss3,corridor-hold,153,Defeat,5,0,5,40,10,0,2,80,-1,,0,3,0,3274056540
gym-big-split-boss3,corridor-hold,154,Victory,15,0,15,120,15,205,0,53,3,1:3,0,15,0,2619028681
gym-big-split-boss3,corridor-hold,155,Defeat,7,0,7,56,4,0,1,71,-1,,0,5,0,2465647711
gym-big-split-boss3,corridor-hold,156,Defeat,7,0,7,56,7,0,2,85,-1,,0,6,0,1120439513
gym-big-split-boss3,corridor-hold,157,Defeat,6,0,6,48,2,0,2,83,-1,,0,4,0,2466357114
gym-big-split-boss3,corridor-hold,158,Defeat,7,0,7,56,5,0,1,57,-1,,0,5,0,3937231725
gym-big-split-boss3,corridor-hold,159,Defeat,6,0,6,48,12,0,2,83,-1,,0,4,0,1072625196
gym-big-split-boss3,corridor-hold,160,Defeat,7,0,7,56,8,0,1,71,-1,,0,6,0,1611314542
gym-big-split-boss3,corridor-hold,161,Defeat,7,0,7,56,13,0,1,57,-1,,0,6,0,3134879299
gym-big-split-boss3,corridor-hold,162,Defeat,7,0,7,56,7,0,1,71,-1,,0,4,0,4260517869
gym-big-split-boss3,corridor-hold,163,Victory,8,0,8,64,5,75,0,37,-1,,0,5,0,347469440
gym-big-split-boss3,corridor-hold,164,Defeat,6,0,6,48,15,0,2,100,-1,,0,5,1,2711890184
gym-big-split-boss3,corridor-hold,165,Defeat,7,0,7,56,7,0,1,57,-1,,0,5,0,3937231725
gym-big-split-boss3,corridor-hold,166,Defeat,6,0,6,48,3,0,2,83,-1,,0,4,0,1424858737
gym-big-split-boss3,corridor-hold,167,Defeat,8,0,8,64,8,0,1,37,-1,,0,6,0,3297116782
gym-big-split-boss3,corridor-hold,168,Defeat,7,0,7,56,7,0,1,57,-1,,0,5,0,3937231725
gym-big-split-boss3,corridor-hold,169,Defeat,7,0,7,56,7,0,1,57,-1,,0,6,0,3937231725
gym-big-split-boss3,corridor-hold,170,Defeat,5,0,5,40,11,0,3,100,7,1:7,0,7,0,3029793129
gym-big-split-boss3,corridor-hold,171,Defeat,6,0,6,48,5,0,1,66,-1,,0,4,1,2967788116
gym-big-split-boss3,corridor-hold,172,Defeat,5,0,5,40,3,0,2,80,7,1:7,0,6,0,3459504017
gym-big-split-boss3,corridor-hold,173,Defeat,6,0,6,48,4,0,2,83,-1,,0,4,0,764113823
gym-big-split-boss3,corridor-hold,174,Victory,8,0,8,64,5,25,0,62,-1,,0,7,0,4264713023
gym-big-split-boss3,corridor-hold,175,Defeat,6,0,6,48,3,0,2,100,-1,,0,5,0,152692870
gym-big-split-boss3,corridor-hold,176,Victory,8,0,8,64,5,75,0,37,-1,,0,5,0,458263942
gym-big-split-boss3,corridor-hold,177,Defeat,6,0,6,48,5,0,2,66,-1,,0,3,0,3841979600
gym-big-split-boss3,corridor-hold,178,Defeat,7,0,7,56,5,0,1,57,-1,,0,4,0,3711862447
gym-big-split-boss3,corridor-hold,179,Defeat,7,0,7,56,4,0,1,71,-1,,0,5,0,3329896089
gym-big-split-boss3,corridor-hold,180,Victory,11,0,11,88,12,40,0,45,3,1:3,0,7,0,1416005760
gym-big-split-boss3,corridor-hold,181,Defeat,7,0,7,56,7,0,1,57,-1,,0,5,0,3937231725
gym-big-split-boss3,corridor-hold,182,Defeat,6,0,6,48,11,0,2,66,-1,,0,4,0,339313134
gym-big-split-boss3,corridor-hold,183,Defeat,7,0,7,56,15,0,1,57,-1,,0,5,0,538792175
gym-big-split-boss3,corridor-hold,184,Defeat,6,0,6,48,10,0,2,83,-1,,0,4,0,1165862577
gym-big-split-boss3,corridor-hold,185,Defeat,6,0,6,48,8,0,2,66,-1,,0,4,0,772490399
gym-big-split-boss3,corridor-hold,186,Victory,13,0,13,104,16,115,0,30,-1,,0,15,0,3301881510
gym-big-split-boss3,corridor-hold,187,Defeat,7,0,7,56,7,0,1,57,-1,,0,5,0,3937231725
gym-big-split-boss3,corridor-hold,188,Defeat,7,0,7,56,7,0,1,57,-1,,0,5,0,3937231725
gym-big-split-boss3,corridor-hold,189,Defeat,6,0,6,48,0,0,3,100,7,1:7,0,7,1,3249421280
gym-big-split-boss3,corridor-hold,190,Defeat,6,0,6,48,5,0,2,100,-1,,0,4,0,3068715018
gym-big-split-boss3,corridor-hold,191,Defeat,6,0,6,48,9,0,2,116,-1,,0,4,0,3057706091
gym-big-split-boss3,corridor-hold,192,Defeat,7,0,7,56,14,0,2,71,-1,,0,4,0,2426436725
gym-big-split-boss3,corridor-hold,193,Defeat,6,0,6,48,5,0,2,83,-1,,0,4,0,2353746559
gym-big-split-boss3,corridor-hold,194,Defeat,5,0,5,40,3,0,3,80,-1,,0,3,1,3802415914
gym-big-split-boss3,corridor-hold,195,Defeat,6,0,6,48,12,0,2,66,-1,,0,4,0,874793895
gym-big-split-boss3,corridor-hold,196,Defeat,5,0,5,40,3,0,3,60,-1,,0,5,1,3383685552
gym-big-split-boss3,corridor-hold,197,Defeat,6,0,6,48,6,0,2,83,-1,,0,5,1,1242160644
gym-big-split-boss3,corridor-hold,198,Defeat,6,0,6,48,3,0,2,66,-1,,0,3,0,1448508263
gym-big-split-boss3,corridor-hold,199,Defeat,5,0,5,40,20,0,2,80,-1,,0,3,1,3398722269
gym-big-split-boss3,corridor-hold,200,Defeat,7,0,7,56,10,0,1,57,-1,,0,5,0,3937231725
gym-big-split-boss3,tpa-order,1,Defeat,7,0,7,56,7,0,1,71,-1,,0,5,0,1001265566
gym-big-split-boss3,tpa-order,2,Defeat,6,0,6,48,8,0,2,66,-1,,0,3,0,3922482730
gym-big-split-boss3,tpa-order,3,Defeat,7,0,7,56,5,0,1,71,-1,,0,6,0,24012494
gym-big-split-boss3,tpa-order,4,Victory,8,0,8,64,4,35,0,50,3,1:3,0,7,0,76758590
gym-big-split-boss3,tpa-order,5,Defeat,7,0,7,56,15,0,1,57,-1,,0,5,0,3498249521
gym-big-split-boss3,tpa-order,6,Defeat,7,0,7,56,5,0,1,57,-1,,0,5,0,3272376748
gym-big-split-boss3,tpa-order,7,Defeat,7,0,7,56,6,0,1,71,-1,,0,6,0,436344501
gym-big-split-boss3,tpa-order,8,Defeat,5,0,5,40,10,0,2,80,-1,,0,3,1,2412498854
gym-big-split-boss3,tpa-order,9,Defeat,5,0,5,40,5,0,3,100,-1,,0,5,1,1162883224
gym-big-split-boss3,tpa-order,10,Defeat,5,0,5,40,3,0,2,80,-1,,0,3,1,2264873202
gym-big-split-boss3,tpa-order,11,Defeat,7,0,7,56,7,0,1,57,-1,,0,5,0,3272376748
gym-big-split-boss3,tpa-order,12,Victory,8,0,8,64,7,5,0,50,-1,,0,6,0,3199865934
gym-big-split-boss3,tpa-order,13,Defeat,6,0,6,48,6,0,2,66,-1,,0,3,0,4222136626
gym-big-split-boss3,tpa-order,14,Defeat,7,0,7,56,8,0,1,71,-1,,0,5,0,3118215123
gym-big-split-boss3,tpa-order,15,Defeat,5,0,5,40,12,0,3,80,-1,,0,3,0,893449835
gym-big-split-boss3,tpa-order,16,Defeat,8,0,8,64,3,0,1,62,-1,,0,7,0,2624529185
gym-big-split-boss3,tpa-order,17,Defeat,7,0,7,56,3,0,1,71,-1,,0,5,0,3030218703
gym-big-split-boss3,tpa-order,18,Defeat,7,0,7,56,4,0,1,71,-1,,0,4,0,431283946
gym-big-split-boss3,tpa-order,19,Defeat,6,0,6,48,5,0,2,83,-1,,0,3,0,1190974652
gym-big-split-boss3,tpa-order,20,Defeat,7,0,7,56,5,0,1,57,-1,,0,5,0,3272376748
gym-big-split-boss3,tpa-order,21,Victory,12,0,12,96,15,65,0,41,-1,,0,9,0,71528512
gym-big-split-boss3,tpa-order,22,Defeat,6,0,6,48,5,0,2,83,7,1:7,0,9,0,4086281231
gym-big-split-boss3,tpa-order,23,Defeat,7,0,7,56,5,0,1,57,-1,,0,5,0,3272376748
gym-big-split-boss3,tpa-order,24,Defeat,5,0,5,40,5,0,3,60,7,1:7,0,6,0,2732722036
gym-big-split-boss3,tpa-order,25,Defeat,6,0,6,48,6,0,1,100,-1,,0,4,0,59988291
gym-big-split-boss3,tpa-order,26,Defeat,7,0,7,56,4,0,1,57,-1,,0,4,0,2057775641
gym-big-split-boss3,tpa-order,27,Defeat,14,0,14,112,12,0,1,64,3,1:3,0,22,0,1860464970
gym-big-split-boss3,tpa-order,28,Victory,8,0,8,64,2,80,0,50,3,1:3,0,7,0,3149725080
gym-big-split-boss3,tpa-order,29,Defeat,10,0,10,80,14,0,2,70,-1,,0,13,0,3354963159
gym-big-split-boss3,tpa-order,30,Defeat,7,0,7,56,7,0,1,57,-1,,0,5,0,3272376748
gym-big-split-boss3,tpa-order,31,Defeat,4,0,4,32,4,0,3,75,-1,,0,2,2,311370165
gym-big-split-boss3,tpa-order,32,Defeat,5,0,5,40,2,0,3,140,-1,,0,4,0,2405524025
gym-big-split-boss3,tpa-order,33,Defeat,7,0,7,56,10,0,1,57,-1,,0,5,0,480655688
gym-big-split-boss3,tpa-order,34,Defeat,7,0,7,56,10,0,2,57,-1,,0,6,1,508430991
gym-big-split-boss3,tpa-order,35,Defeat,5,0,5,40,4,0,2,80,-1,,0,3,1,2363256277
gym-big-split-boss3,tpa-order,36,Defeat,7,0,7,56,7,0,1,57,-1,,0,4,0,587826097
gym-big-split-boss3,tpa-order,37,Defeat,7,0,7,56,5,0,1,71,-1,,0,5,0,1001265566
gym-big-split-boss3,tpa-order,38,Defeat,5,0,5,40,5,0,2,60,7,1:7,0,6,0,1616793385
gym-big-split-boss3,tpa-order,39,Defeat,6,0,6,48,5,0,2,83,-1,,0,4,0,2218534584
gym-big-split-boss3,tpa-order,40,Victory,10,0,10,80,8,35,0,40,-1,,0,8,0,3952761235
gym-big-split-boss3,tpa-order,41,Defeat,7,0,7,56,5,0,2,85,-1,,0,5,0,177669369
gym-big-split-boss3,tpa-order,42,Defeat,7,0,7,56,7,0,1,57,-1,,0,5,0,3272376748
gym-big-split-boss3,tpa-order,43,Defeat,8,0,8,64,4,0,1,50,-1,,0,8,0,1439036123
gym-big-split-boss3,tpa-order,44,Defeat,6,0,6,48,7,0,2,83,-1,,0,3,0,352735346
gym-big-split-boss3,tpa-order,45,Defeat,5,0,5,40,2,0,2,80,-1,,0,3,1,2363256277
gym-big-split-boss3,tpa-order,46,Defeat,7,0,7,56,10,0,1,57,-1,,0,5,0,3272376748
gym-big-split-boss3,tpa-order,47,Defeat,7,0,7,56,7,0,1,57,-1,,0,5,0,3937231725
gym-big-split-boss3,tpa-order,48,Defeat,7,0,7,56,7,0,1,57,-1,,0,5,0,3272376748
gym-big-split-boss3,tpa-order,49,Defeat,7,0,7,56,9,0,2,71,-1,,0,5,0,3797596756
gym-big-split-boss3,tpa-order,50,Defeat,6,0,6,48,4,0,2,83,-1,,0,3,0,4264295526
gym-big-split-boss3,tpa-order,51,Victory,24,0,24,192,30,170,0,20,12,1:12,0,36,0,3904726336
gym-big-split-boss3,tpa-order,52,Defeat,7,0,7,56,5,0,1,71,-1,,0,5,0,3754184214
gym-big-split-boss3,tpa-order,53,Defeat,5,0,5,40,10,0,3,100,-1,,0,3,1,3131934549
gym-big-split-boss3,tpa-order,54,Victory,8,0,8,64,8,60,0,62,-1,,0,6,0,3788696896
gym-big-split-boss3,tpa-order,55,Defeat,7,0,7,56,6,0,3,71,-1,,0,7,0,2977560681
gym-big-split-boss3,tpa-order,56,Defeat,5,0,5,40,10,0,3,60,-1,,0,3,1,3875362457
gym-big-split-boss3,tpa-order,57,Victory,8,0,8,64,6,25,0,50,-1,,0,5,0,2840035625
gym-big-split-boss3,tpa-order,58,Victory,8,0,8,64,3,75,0,37,-1,,0,6,0,458263942
gym-big-split-boss3,tpa-order,59,Defeat,9,0,9,72,9,0,1,55,-1,,0,10,0,158749471
gym-big-split-boss3,tpa-order,60,Defeat,5,0,5,40,5,0,3,60,7,1:7,0,6,0,2865580336
gym-big-split-boss3,tpa-order,61,Defeat,7,0,7,56,10,0,1,71,-1,,0,6,0,2925410547
gym-big-split-boss3,tpa-order,62,Defeat,7,0,7,56,8,0,1,85,-1,,0,5,0,1290302745
gym-big-split-boss3,tpa-order,63,Defeat,7,0,7,56,3,0,1,71,-1,,0,4,0,3923245701
gym-big-split-boss3,tpa-order,64,Defeat,6,0,6,48,10,0,1,83,-1,,0,4,0,2715831607
gym-big-split-boss3,tpa-order,65,Defeat,6,0,6,48,15,0,1,83,-1,,0,4,0,2720141139
gym-big-split-boss3,tpa-order,66,Victory,8,0,8,64,6,25,0,50,-1,,0,6,0,2901972515
gym-big-split-boss3,tpa-order,67,Defeat,7,0,7,56,5,0,1,71,-1,,0,5,0,1396794624
gym-big-split-boss3,tpa-order,68,Defeat,5,0,5,40,14,0,3,120,-1,,0,4,1,3821317626
gym-big-split-boss3,tpa-order,69,Defeat,6,0,6,48,6,0,1,83,-1,,0,4,0,1393443855
gym-big-split-boss3,tpa-order,70,Defeat,6,0,6,48,10,0,2,83,-1,,0,4,0,1165862577
gym-big-split-boss3,tpa-order,71,Defeat,11,0,11,88,14,0,1,54,-1,,0,12,0,140372165
gym-big-split-boss3,tpa-order,72,Victory,10,0,10,80,3,5,0,60,-1,,0,12,0,3907922805
gym-big-split-boss3,tpa-order,73,Defeat,6,0,6,48,5,0,2,83,-1,,0,6,1,4245457556
gym-big-split-boss3,tpa-order,74,Defeat,5,0,5,40,3,0,2,80,-1,,0,3,1,669863812
gym-big-split-boss3,tpa-order,75,Defeat,5,0,5,40,3,0,3,80,-1,,0,3,1,19956947
gym-big-split-boss3,tpa-order,76,Defeat,7,0,7,56,3,0,1,71,-1,,0,5,0,3859999633
gym-big-split-boss3,tpa-order,77,Defeat,7,0,7,56,11,0,1,57,-1,,0,5,0,2573654887
gym-big-split-boss3,tpa-order,78,Defeat,7,0,7,56,13,0,2,85,-1,,0,5,0,3274421503
gym-big-split-boss3,tpa-order,79,Defeat,7,0,7,56,7,0,1,57,-1,,0,6,0,3272376748
gym-big-split-boss3,tpa-order,80,Defeat,7,0,7,56,3,0,1,57,-1,,0,6,0,1713091423
gym-big-split-boss3,tpa-order,81,Victory,14,0,14,112,19,25,0,50,3,1:3,0,15,0,1128437596
gym-big-split-boss3,tpa-order,82,Victory,8,0,8,64,5,50,0,50,-1,,0,5,0,2872753253
gym-big-split-boss3,tpa-order,83,Defeat,5,0,5,40,3,0,3,100,7,1:7,0,5,1,4184292621
gym-big-split-boss3,tpa-order,84,Defeat,5,0,5,40,5,0,2,100,-1,,0,3,1,2219938764
gym-big-split-boss3,tpa-order,85,Defeat,6,0,6,48,2,0,1,66,-1,,0,4,0,564084929
gym-big-split-boss3,tpa-order,86,Defeat,6,0,6,48,9,0,2,83,-1,,0,3,0,4264295526
gym-big-split-boss3,tpa-order,87,Defeat,7,0,7,56,10,0,1,71,-1,,0,5,0,631184931
gym-big-split-boss3,tpa-order,88,Defeat,6,0,6,48,5,0,1,66,-1,,0,4,0,1509695736
gym-big-split-boss3,tpa-order,89,Defeat,7,0,7,56,3,0,1,57,-1,,0,5,0,3272376748
gym-big-split-boss3,tpa-order,90,Defeat,7,0,7,56,5,0,1,57,-1,,0,4,0,3858467322
gym-big-split-boss3,tpa-order,91,Defeat,7,0,7,56,11,0,2,71,-1,,0,6,0,2648108783
gym-big-split-boss3,tpa-order,92,Defeat,7,0,7,56,7,0,1,57,-1,,0,5,0,3272376748
gym-big-split-boss3,tpa-order,93,Defeat,6,0,6,48,3,0,3,83,-1,,0,5,0,1095268173
gym-big-split-boss3,tpa-order,94,Victory,8,0,8,64,5,75,0,37,-1,,0,5,0,458263942
gym-big-split-boss3,tpa-order,95,Defeat,7,0,7,56,5,0,1,85,-1,,0,3,0,3876619019
gym-big-split-boss3,tpa-order,96,Defeat,7,0,7,56,5,0,1,57,-1,,0,5,0,3272376748
gym-big-split-boss3,tpa-order,97,Defeat,7,0,7,56,15,0,1,57,-1,,0,5,0,3272376748
gym-big-split-boss3,tpa-order,98,Defeat,5,0,5,40,5,0,2,60,7,1:7,0,6,0,1616793385
gym-big-split-boss3,tpa-order,99,Defeat,7,0,7,56,13,0,1,71,-1,,0,5,0,1728831019
gym-big-split-boss3,tpa-order,100,Victory,36,0,36,288,46,175,0,16,3,1:3,0,54,0,3314878938
gym-big-split-boss3,tpa-order,101,Defeat,6,0,6,48,8,0,2,83,-1,,0,4,0,4086355062
gym-big-split-boss3,tpa-order,102,Defeat,7,0,7,56,5,0,1,57,-1,,0,6,0,3272376748
gym-big-split-boss3,tpa-order,103,Defeat,7,0,7,56,7,0,1,57,-1,,0,5,0,3272376748
gym-big-split-boss3,tpa-order,104,Victory,11,0,11,88,8,15,0,54,-1,,0,12,0,284918585
gym-big-split-boss3,tpa-order,105,Defeat,6,0,6,48,5,0,2,66,-1,,0,3,0,4222136626
gym-big-split-boss3,tpa-order,106,Defeat,6,0,6,48,3,0,1,83,-1,,0,4,0,1693009457
gym-big-split-boss3,tpa-order,107,Victory,20,0,20,160,25,190,0,35,3,1:3,0,20,0,2309150845
gym-big-split-boss3,tpa-order,108,Defeat,6,0,6,48,4,0,2,83,-1,,0,4,0,1658187166
gym-big-split-boss3,tpa-order,109,Defeat,7,0,7,56,9,0,1,57,-1,,0,5,0,3272376748
gym-big-split-boss3,tpa-order,110,Defeat,6,0,6,48,3,0,2,100,-1,,0,4,0,1374568833
gym-big-split-boss3,tpa-order,111,Defeat,6,0,6,48,14,0,1,83,-1,,0,5,0,1999602
gym-big-split-boss3,tpa-order,112,Defeat,5,0,5,40,5,0,2,80,-1,,0,3,1,4112858699
gym-big-split-boss3,tpa-order,113,Defeat,7,0,7,56,14,0,2,71,-1,,0,6,1,1307469432
gym-big-split-boss3,tpa-order,114,Defeat,6,0,6,48,4,0,2,100,-1,,0,4,0,3756698906
gym-big-split-boss3,tpa-order,115,Defeat,6,0,6,48,10,0,2,66,-1,,0,4,0,772490399
gym-big-split-boss3,tpa-order,116,Defeat,10,0,10,80,7,0,1,50,7,1:7,0,10,0,2832903182
gym-big-split-boss3,tpa-order,117,Defeat,7,0,7,56,5,0,1,71,-1,,0,5,0,2983994487
gym-big-split-boss3,tpa-order,118,Defeat,7,0,7,56,4,0,1,71,-1,,0,5,0,1001265566
gym-big-split-boss3,tpa-order,119,Victory,15,0,15,120,15,120,0,33,7,1:7,0,14,0,3047352330
gym-big-split-boss3,tpa-order,120,Defeat,7,0,7,56,4,0,1,71,-1,,0,5,0,3695738828
gym-big-split-boss3,tpa-order,121,Defeat,7,0,7,56,2,0,1,71,-1,,0,5,0,1453532780
gym-big-split-boss3,tpa-order,122,Victory,8,0,8,64,5,55,0,62,-1,,0,6,0,77285331
gym-big-split-boss3,tpa-order,123,Defeat,8,0,8,64,11,0,1,75,-1,,0,7,0,989396532
gym-big-split-boss3,tpa-order,124,Defeat,7,0,7,56,3,0,1,71,-1,,0,5,0,2243805859
gym-big-split-boss3,tpa-order,125,Defeat,7,0,7,56,5,0,1,57,-1,,0,6,0,3272376748
gym-big-split-boss3,tpa-order,126,Defeat,6,0,6,48,11,0,2,100,-1,,0,5,1,2067508024
gym-big-split-boss3,tpa-order,127,Defeat,6,0,6,48,8,0,1,66,-1,,0,4,0,160391066
gym-big-split-boss3,tpa-order,128,Defeat,5,0,5,40,9,0,3,80,-1,,0,3,1,3521833111
gym-big-split-boss3,tpa-order,129,Defeat,7,0,7,56,10,0,1,71,-1,,0,5,0,18182297
gym-big-split-boss3,tpa-order,130,Victory,8,0,8,64,5,75,0,37,-1,,0,5,0,458263942
gym-big-split-boss3,tpa-order,131,Defeat,7,0,7,56,8,0,1,57,-1,,0,5,0,3272376748
gym-big-split-boss3,tpa-order,132,Defeat,7,0,7,56,16,0,2,71,-1,,0,5,0,2246293487
gym-big-split-boss3,tpa-order,133,Defeat,7,0,7,56,4,0,1,71,-1,,0,5,0,1001265566
gym-big-split-boss3,tpa-order,134,Defeat,7,0,7,56,9,0,1,57,-1,,0,5,0,1735371703
gym-big-split-boss3,tpa-order,135,Defeat,7,0,7,56,15,0,1,57,-1,,0,5,0,538792175
gym-big-split-boss3,tpa-order,136,Defeat,6,0,6,48,5,0,3,116,7,1:7,0,9,0,4008732755
gym-big-split-boss3,tpa-order,137,Defeat,13,0,13,104,18,0,1,53,3,1:3,0,21,0,2660113596
gym-big-split-boss3,tpa-order,138,Defeat,7,0,7,56,5,0,1,71,-1,,0,3,0,699406554
gym-big-split-boss3,tpa-order,139,Defeat,7,0,7,56,7,0,1,57,-1,,0,5,0,3272376748
gym-big-split-boss3,tpa-order,140,Defeat,9,0,9,72,12,0,1,55,-1,,0,7,0,3725152508
gym-big-split-boss3,tpa-order,141,Defeat,7,0,7,56,5,0,1,71,-1,,0,5,0,182027660
gym-big-split-boss3,tpa-order,142,Defeat,10,0,10,80,9,0,2,70,-1,,0,16,0,4290945565
gym-big-split-boss3,tpa-order,143,Defeat,5,0,5,40,5,0,2,60,7,1:7,0,6,0,1616793385
gym-big-split-boss3,tpa-order,144,Victory,12,0,12,96,11,10,0,50,-1,,0,11,0,3703385030
gym-big-split-boss3,tpa-order,145,Victory,11,0,11,88,10,115,0,45,3,1:3,0,8,0,1788604737
gym-big-split-boss3,tpa-order,146,Victory,9,0,9,72,6,30,0,55,-1,,0,5,0,844424473
gym-big-split-boss3,tpa-order,147,Defeat,6,0,6,48,5,0,2,100,-1,,0,4,0,2083601068
gym-big-split-boss3,tpa-order,148,Defeat,6,0,6,48,10,0,1,83,-1,,0,5,0,1693009457
gym-big-split-boss3,tpa-order,149,Victory,8,0,8,64,6,50,0,50,-1,,0,5,0,2718803499
gym-big-split-boss3,tpa-order,150,Defeat,7,0,7,56,4,0,2,85,-1,,0,6,1,577093789
gym-big-split-boss3,tpa-order,151,Defeat,5,0,5,40,5,0,3,80,-1,,0,2,1,1040742660
gym-big-split-boss3,tpa-order,152,Defeat,7,0,7,56,15,0,1,57,-1,,0,5,0,2634299279
gym-big-split-boss3,tpa-order,153,Defeat,5,0,5,40,10,0,2,80,-1,,0,3,0,3274056540
gym-big-split-boss3,tpa-order,154,Victory,15,0,15,120,15,205,0,53,3,1:3,0,15,0,2619028681
gym-big-split-boss3,tpa-order,155,Defeat,7,0,7,56,4,0,1,71,-1,,0,5,0,1001265566
gym-big-split-boss3,tpa-order,156,Victory,11,0,11,88,13,115,0,36,8,1:8,0,10,0,1747796696
gym-big-split-boss3,tpa-order,157,Defeat,6,0,6,48,2,0,2,83,-1,,0,4,0,2466357114
gym-big-split-boss3,tpa-order,158,Defeat,7,0,7,56,5,0,1,57,-1,,0,5,0,3272376748
gym-big-split-boss3,tpa-order,159,Defeat,6,0,6,48,12,0,2,83,-1,,0,4,0,1072625196
gym-big-split-boss3,tpa-order,160,Defeat,7,0,7,56,8,0,1,71,-1,,0,6,0,3030218703
gym-big-split-boss3,tpa-order,161,Defeat,7,0,7,56,13,0,1,57,-1,,0,6,0,3134879299
gym-big-split-boss3,tpa-order,162,Defeat,7,0,7,56,7,0,1,71,-1,,0,4,0,182027660
gym-big-split-boss3,tpa-order,163,Victory,8,0,8,64,5,75,0,37,-1,,0,5,0,347469440
gym-big-split-boss3,tpa-order,164,Defeat,6,0,6,48,15,0,2,100,-1,,0,5,1,2711890184
gym-big-split-boss3,tpa-order,165,Defeat,7,0,7,56,7,0,1,57,-1,,0,5,0,3272376748
gym-big-split-boss3,tpa-order,166,Defeat,6,0,6,48,3,0,2,83,-1,,0,4,0,1424858737
gym-big-split-boss3,tpa-order,167,Defeat,8,0,8,64,8,0,1,37,-1,,0,6,0,3297116782
gym-big-split-boss3,tpa-order,168,Defeat,7,0,7,56,7,0,1,57,-1,,0,5,0,3272376748
gym-big-split-boss3,tpa-order,169,Defeat,7,0,7,56,7,0,1,57,-1,,0,6,0,3272376748
gym-big-split-boss3,tpa-order,170,Defeat,5,0,5,40,11,0,3,100,7,1:7,0,7,0,3029793129
gym-big-split-boss3,tpa-order,171,Defeat,6,0,6,48,5,0,1,66,-1,,0,4,1,2967788116
gym-big-split-boss3,tpa-order,172,Defeat,5,0,5,40,3,0,2,80,7,1:7,0,6,0,3459504017
gym-big-split-boss3,tpa-order,173,Defeat,6,0,6,48,4,0,2,83,-1,,0,4,0,764113823
gym-big-split-boss3,tpa-order,174,Victory,8,0,8,64,5,25,0,62,-1,,0,7,0,4264713023
gym-big-split-boss3,tpa-order,175,Defeat,6,0,6,48,3,0,2,100,-1,,0,5,0,152692870
gym-big-split-boss3,tpa-order,176,Victory,8,0,8,64,5,75,0,37,-1,,0,5,0,458263942
gym-big-split-boss3,tpa-order,177,Defeat,6,0,6,48,5,0,2,66,-1,,0,3,0,3841979600
gym-big-split-boss3,tpa-order,178,Defeat,7,0,7,56,5,0,1,57,-1,,0,4,0,3711862447
gym-big-split-boss3,tpa-order,179,Defeat,7,0,7,56,4,0,1,71,-1,,0,5,0,3329896089
gym-big-split-boss3,tpa-order,180,Defeat,5,0,5,40,4,0,2,100,-1,,0,2,1,1657471732
gym-big-split-boss3,tpa-order,181,Defeat,7,0,7,56,7,0,1,57,-1,,0,5,0,3272376748
gym-big-split-boss3,tpa-order,182,Defeat,6,0,6,48,11,0,2,66,-1,,0,4,0,339313134
gym-big-split-boss3,tpa-order,183,Defeat,7,0,7,56,15,0,1,57,-1,,0,5,0,538792175
gym-big-split-boss3,tpa-order,184,Defeat,6,0,6,48,10,0,2,83,-1,,0,4,0,1165862577
gym-big-split-boss3,tpa-order,185,Defeat,6,0,6,48,8,0,2,66,-1,,0,4,0,772490399
gym-big-split-boss3,tpa-order,186,Victory,13,0,13,104,16,115,0,30,-1,,0,15,0,3301881510
gym-big-split-boss3,tpa-order,187,Defeat,7,0,7,56,7,0,1,57,-1,,0,5,0,3272376748
gym-big-split-boss3,tpa-order,188,Defeat,7,0,7,56,7,0,1,57,-1,,0,5,0,3272376748
gym-big-split-boss3,tpa-order,189,Defeat,6,0,6,48,0,0,2,83,7,1:7,0,7,1,2603546907
gym-big-split-boss3,tpa-order,190,Defeat,6,0,6,48,5,0,2,100,-1,,0,4,0,3068715018
gym-big-split-boss3,tpa-order,191,Defeat,6,0,6,48,9,0,2,116,-1,,0,4,0,3057706091
gym-big-split-boss3,tpa-order,192,Defeat,7,0,7,56,14,0,1,57,-1,,0,4,0,358615038
gym-big-split-boss3,tpa-order,193,Defeat,6,0,6,48,5,0,2,83,-1,,0,4,0,2353746559
gym-big-split-boss3,tpa-order,194,Defeat,6,0,6,48,3,0,1,83,-1,,0,4,0,257080785
gym-big-split-boss3,tpa-order,195,Defeat,6,0,6,48,12,0,2,66,-1,,0,4,0,874793895
gym-big-split-boss3,tpa-order,196,Defeat,5,0,5,40,3,0,3,60,-1,,0,5,1,3383685552
gym-big-split-boss3,tpa-order,197,Defeat,6,0,6,48,6,0,2,83,-1,,0,5,1,1242160644
gym-big-split-boss3,tpa-order,198,Defeat,6,0,6,48,3,0,2,66,-1,,0,3,0,1448508263
gym-big-split-boss3,tpa-order,199,Defeat,5,0,5,40,20,0,2,80,-1,,0,3,1,3398722269
gym-big-split-boss3,tpa-order,200,Defeat,7,0,7,56,10,0,1,57,-1,,0,5,0,3272376748
gym-big-split-boss3,control-hold,1,Defeat,7,0,7,56,7,0,1,71,-1,,0,5,0,2465647711
gym-big-split-boss3,control-hold,2,Defeat,6,0,6,48,8,0,2,66,-1,,0,3,0,3922482730
gym-big-split-boss3,control-hold,3,Defeat,7,0,7,56,5,0,1,71,-1,,0,6,0,2289387767
gym-big-split-boss3,control-hold,4,Victory,8,0,8,64,4,35,0,50,3,1:3,0,7,0,76758590
gym-big-split-boss3,control-hold,5,Defeat,7,0,7,56,15,0,1,57,-1,,0,5,0,3498249521
gym-big-split-boss3,control-hold,6,Defeat,7,0,7,56,5,0,1,57,-1,,0,5,0,3937231725
gym-big-split-boss3,control-hold,7,Defeat,7,0,7,56,6,0,1,71,-1,,0,6,0,436344501
gym-big-split-boss3,control-hold,8,Defeat,5,0,5,40,10,0,2,80,-1,,0,3,1,2412498854
gym-big-split-boss3,control-hold,9,Defeat,5,0,5,40,5,0,4,120,-1,,0,5,1,3965808851
gym-big-split-boss3,control-hold,10,Victory,27,0,27,216,35,115,0,25,3,1:3,0,26,0,3175528192
gym-big-split-boss3,control-hold,11,Defeat,7,0,7,56,7,0,1,57,-1,,0,5,0,3937231725
gym-big-split-boss3,control-hold,12,Defeat,7,0,7,56,7,0,1,57,-1,,0,5,0,3272376748
gym-big-split-boss3,control-hold,13,Defeat,6,0,6,48,6,0,2,66,-1,,0,3,0,4222136626
gym-big-split-boss3,control-hold,14,Defeat,7,0,7,56,8,0,2,85,-1,,0,5,0,409824089
gym-big-split-boss3,control-hold,15,Defeat,5,0,5,40,12,0,3,80,-1,,0,3,0,893449835
gym-big-split-boss3,control-hold,16,Defeat,8,0,8,64,3,0,1,62,-1,,0,7,0,2624529185
gym-big-split-boss3,control-hold,17,Defeat,7,0,7,56,3,0,1,71,-1,,0,5,0,1611314542
gym-big-split-boss3,control-hold,18,Defeat,7,0,7,56,4,0,1,71,-1,,0,4,0,431283946
gym-big-split-boss3,control-hold,19,Defeat,6,0,6,48,5,0,2,83,-1,,0,3,0,1190974652
gym-big-split-boss3,control-hold,20,Defeat,7,0,7,56,5,0,1,57,-1,,0,5,0,3937231725
gym-big-split-boss3,control-hold,21,Victory,12,0,12,96,15,65,0,41,-1,,0,9,0,71528512
gym-big-split-boss3,control-hold,22,Defeat,6,0,6,48,5,0,2,83,7,1:7,0,9,0,4086281231
gym-big-split-boss3,control-hold,23,Defeat,7,0,7,56,5,0,1,57,-1,,0,5,0,3937231725
gym-big-split-boss3,control-hold,24,Defeat,5,0,5,40,5,0,3,60,7,1:7,0,6,0,2732722036
gym-big-split-boss3,control-hold,25,Defeat,6,0,6,48,6,0,1,100,-1,,0,4,0,59988291
gym-big-split-boss3,control-hold,26,Defeat,7,0,7,56,4,0,1,57,-1,,0,4,0,2057775641
gym-big-split-boss3,control-hold,27,Defeat,14,0,14,112,12,0,2,71,3,1:3,0,22,0,3513528817
gym-big-split-boss3,control-hold,28,Victory,8,0,8,64,2,80,0,50,3,1:3,0,7,0,3149725080
gym-big-split-boss3,control-hold,29,Defeat,10,0,10,80,14,0,2,80,-1,,0,14,0,3960229171
gym-big-split-boss3,control-hold,30,Defeat,7,0,7,56,7,0,1,57,-1,,0,5,0,3937231725
gym-big-split-boss3,control-hold,31,Defeat,4,0,4,32,4,0,3,75,-1,,0,2,2,311370165
gym-big-split-boss3,control-hold,32,Defeat,4,0,4,32,2,0,4,150,-1,,0,2,1,4066899577
gym-big-split-boss3,control-hold,33,Defeat,7,0,7,56,10,0,1,57,-1,,0,5,0,2362450345
gym-big-split-boss3,control-hold,34,Defeat,7,0,7,56,10,0,2,57,-1,,0,6,1,508430991
gym-big-split-boss3,control-hold,35,Defeat,5,0,5,40,4,0,2,80,-1,,0,3,1,2363256277
gym-big-split-boss3,control-hold,36,Defeat,7,0,7,56,7,0,1,57,-1,,0,4,0,587826097
gym-big-split-boss3,control-hold,37,Defeat,7,0,7,56,5,0,1,71,-1,,0,5,0,2465647711
gym-big-split-boss3,control-hold,38,Defeat,5,0,5,40,5,0,2,60,7,1:7,0,6,0,1616793385
gym-big-split-boss3,control-hold,39,Defeat,6,0,6,48,5,0,2,83,-1,,0,4,0,2218534584
gym-big-split-boss3,control-hold,40,Defeat,7,0,7,56,5,0,2,71,-1,,0,5,0,294428152
gym-big-split-boss3,control-hold,41,Defeat,7,0,7,56,5,0,2,85,-1,,0,5,0,177669369
gym-big-split-boss3,control-hold,42,Defeat,7,0,7,56,7,0,1,57,-1,,0,5,0,3937231725
gym-big-split-boss3,control-hold,43,Defeat,8,0,8,64,4,0,1,50,-1,,0,8,0,1439036123
gym-big-split-boss3,control-hold,44,Defeat,6,0,6,48,7,0,2,83,-1,,0,3,0,352735346
gym-big-split-boss3,control-hold,45,Defeat,5,0,5,40,2,0,2,80,-1,,0,3,1,2363256277
gym-big-split-boss3,control-hold,46,Defeat,7,0,7,56,10,0,1,57,-1,,0,5,0,3937231725
gym-big-split-boss3,control-hold,47,Defeat,7,0,7,56,7,0,1,57,-1,,0,5,0,3937231725
gym-big-split-boss3,control-hold,48,Defeat,7,0,7,56,7,0,2,71,-1,,0,5,0,1985500794
gym-big-split-boss3,control-hold,49,Defeat,7,0,7,56,9,0,2,71,-1,,0,5,0,3797596756
gym-big-split-boss3,control-hold,50,Defeat,6,0,6,48,4,0,2,83,-1,,0,3,0,4264295526
gym-big-split-boss3,control-hold,51,Victory,24,0,24,192,30,170,0,20,12,1:12,0,36,0,3904726336
gym-big-split-boss3,control-hold,52,Defeat,7,0,7,56,5,0,1,71,-1,,0,5,0,2146055999
gym-big-split-boss3,control-hold,53,Defeat,5,0,5,40,10,0,3,100,-1,,0,3,1,3131934549
gym-big-split-boss3,control-hold,54,Victory,8,0,8,64,8,60,0,62,-1,,0,6,0,3788696896
gym-big-split-boss3,control-hold,55,Defeat,7,0,7,56,6,0,3,71,-1,,0,7,0,2977560681
gym-big-split-boss3,control-hold,56,Defeat,5,0,5,40,10,0,3,60,-1,,0,3,1,3875362457
gym-big-split-boss3,control-hold,57,Victory,8,0,8,64,6,25,0,50,-1,,0,5,0,2840035625
gym-big-split-boss3,control-hold,58,Victory,8,0,8,64,3,75,0,37,-1,,0,6,0,458263942
gym-big-split-boss3,control-hold,59,Defeat,9,0,9,72,9,0,1,55,-1,,0,10,0,158749471
gym-big-split-boss3,control-hold,60,Defeat,5,0,5,40,5,0,3,60,7,1:7,0,6,0,2865580336
gym-big-split-boss3,control-hold,61,Defeat,7,0,7,56,10,0,1,71,-1,,0,6,0,2925410547
gym-big-split-boss3,control-hold,62,Defeat,7,0,7,56,8,0,1,85,-1,,0,5,0,1290302745
gym-big-split-boss3,control-hold,63,Defeat,7,0,7,56,3,0,1,71,-1,,0,4,0,3923245701
gym-big-split-boss3,control-hold,64,Defeat,6,0,6,48,10,0,1,83,-1,,0,4,0,2715831607
gym-big-split-boss3,control-hold,65,Defeat,6,0,6,48,15,0,1,83,-1,,0,4,0,2720141139
gym-big-split-boss3,control-hold,66,Victory,8,0,8,64,6,25,0,50,-1,,0,6,0,2901972515
gym-big-split-boss3,control-hold,67,Defeat,7,0,7,56,5,0,2,85,-1,,0,5,0,3283001257
gym-big-split-boss3,control-hold,68,Defeat,5,0,5,40,14,0,3,120,-1,,0,4,1,3821317626
gym-big-split-boss3,control-hold,69,Defeat,6,0,6,48,6,0,1,83,-1,,0,4,0,1393443855
gym-big-split-boss3,control-hold,70,Defeat,6,0,6,48,10,0,2,83,-1,,0,4,0,1165862577
gym-big-split-boss3,control-hold,71,Defeat,11,0,11,88,14,0,1,54,-1,,0,12,0,140372165
gym-big-split-boss3,control-hold,72,Victory,10,0,10,80,3,5,0,60,-1,,0,12,0,3907922805
gym-big-split-boss3,control-hold,73,Defeat,6,0,6,48,5,0,2,83,-1,,0,6,1,4245457556
gym-big-split-boss3,control-hold,74,Defeat,5,0,5,40,3,0,2,80,-1,,0,3,1,669863812
gym-big-split-boss3,control-hold,75,Defeat,5,0,5,40,3,0,3,80,-1,,0,3,1,19956947
gym-big-split-boss3,control-hold,76,Defeat,7,0,7,56,3,0,1,71,-1,,0,5,0,3859999633
gym-big-split-boss3,control-hold,77,Defeat,7,0,7,56,11,0,1,57,-1,,0,5,0,2573654887
gym-big-split-boss3,control-hold,78,Defeat,7,0,7,56,13,0,2,85,-1,,0,5,0,3274421503
gym-big-split-boss3,control-hold,79,Defeat,7,0,7,56,7,0,1,57,-1,,0,6,0,3937231725
gym-big-split-boss3,control-hold,80,Defeat,7,0,7,56,3,0,2,71,-1,,0,6,0,1646459220
gym-big-split-boss3,control-hold,81,Victory,14,0,14,112,19,25,0,50,3,1:3,0,15,0,1128437596
gym-big-split-boss3,control-hold,82,Victory,8,0,8,64,5,50,0,50,-1,,0,5,0,2872753253
gym-big-split-boss3,control-hold,83,Defeat,5,0,5,40,3,0,3,100,7,1:7,0,5,1,4184292621
gym-big-split-boss3,control-hold,84,Defeat,5,0,5,40,5,0,2,100,-1,,0,3,1,2219938764
gym-big-split-boss3,control-hold,85,Defeat,6,0,6,48,2,0,1,66,-1,,0,4,0,564084929
gym-big-split-boss3,control-hold,86,Defeat,6,0,6,48,9,0,2,83,-1,,0,3,0,4264295526
gym-big-split-boss3,control-hold,87,Defeat,7,0,7,56,10,0,1,71,-1,,0,5,0,631184931
gym-big-split-boss3,control-hold,88,Defeat,6,0,6,48,5,0,1,66,-1,,0,4,0,1509695736
gym-big-split-boss3,control-hold,89,Defeat,7,0,7,56,3,0,1,57,-1,,0,5,0,3937231725
gym-big-split-boss3,control-hold,90,Defeat,7,0,7,56,5,0,1,57,-1,,0,4,0,3858467322
gym-big-split-boss3,control-hold,91,Defeat,7,0,7,56,11,0,2,71,-1,,0,6,0,2648108783
gym-big-split-boss3,control-hold,92,Defeat,7,0,7,56,7,0,1,57,-1,,0,5,0,3937231725
gym-big-split-boss3,control-hold,93,Defeat,6,0,6,48,3,0,3,83,-1,,0,5,0,1095268173
gym-big-split-boss3,control-hold,94,Victory,8,0,8,64,5,75,0,37,-1,,0,5,0,458263942
gym-big-split-boss3,control-hold,95,Defeat,7,0,7,56,5,0,1,85,-1,,0,3,0,3876619019
gym-big-split-boss3,control-hold,96,Defeat,7,0,7,56,5,0,1,57,-1,,0,5,0,3937231725
gym-big-split-boss3,control-hold,97,Defeat,7,0,7,56,15,0,1,57,-1,,0,5,0,3937231725
gym-big-split-boss3,control-hold,98,Defeat,5,0,5,40,5,0,2,60,7,1:7,0,6,0,1616793385
gym-big-split-boss3,control-hold,99,Defeat,7,0,7,56,13,0,1,71,-1,,0,5,0,1728831019
gym-big-split-boss3,control-hold,100,Victory,36,0,36,288,46,175,0,16,3,1:3,0,54,0,3314878938
gym-big-split-boss3,control-hold,101,Defeat,6,0,6,48,8,0,2,83,-1,,0,4,0,4086355062
gym-big-split-boss3,control-hold,102,Defeat,7,0,7,56,5,0,1,57,-1,,0,6,0,3937231725
gym-big-split-boss3,control-hold,103,Defeat,7,0,7,56,7,0,1,57,-1,,0,5,0,3937231725
gym-big-split-boss3,control-hold,104,Defeat,10,0,10,80,8,0,1,70,-1,,0,12,0,338628055
gym-big-split-boss3,control-hold,105,Defeat,6,0,6,48,5,0,2,66,-1,,0,3,0,4222136626
gym-big-split-boss3,control-hold,106,Defeat,6,0,6,48,3,0,1,83,-1,,0,4,0,1693009457
gym-big-split-boss3,control-hold,107,Victory,20,0,20,160,25,190,0,35,3,1:3,0,20,0,2309150845
gym-big-split-boss3,control-hold,108,Defeat,6,0,6,48,4,0,2,83,-1,,0,4,0,1658187166
gym-big-split-boss3,control-hold,109,Defeat,7,0,7,56,9,0,1,57,-1,,0,5,0,3937231725
gym-big-split-boss3,control-hold,110,Defeat,6,0,6,48,3,0,2,100,-1,,0,4,0,1374568833
gym-big-split-boss3,control-hold,111,Defeat,6,0,6,48,14,0,1,83,-1,,0,5,0,1999602
gym-big-split-boss3,control-hold,112,Defeat,5,0,5,40,5,0,2,80,-1,,0,3,1,4112858699
gym-big-split-boss3,control-hold,113,Defeat,7,0,7,56,14,0,2,71,-1,,0,6,1,1307469432
gym-big-split-boss3,control-hold,114,Defeat,6,0,6,48,4,0,2,100,-1,,0,4,0,3756698906
gym-big-split-boss3,control-hold,115,Defeat,6,0,6,48,10,0,2,66,-1,,0,4,0,772490399
gym-big-split-boss3,control-hold,116,Defeat,10,0,10,80,7,0,1,50,7,1:7,0,10,0,2832903182
gym-big-split-boss3,control-hold,117,Defeat,7,0,7,56,5,0,1,71,-1,,0,5,0,4169529446
gym-big-split-boss3,control-hold,118,Defeat,7,0,7,56,4,0,1,71,-1,,0,5,0,2465647711
gym-big-split-boss3,control-hold,119,Victory,15,0,15,120,15,120,0,33,7,1:7,0,14,0,3047352330
gym-big-split-boss3,control-hold,120,Defeat,7,0,7,56,4,0,1,71,-1,,0,5,0,3695738828
gym-big-split-boss3,control-hold,121,Defeat,7,0,7,56,2,0,2,85,-1,,0,5,0,2045460134
gym-big-split-boss3,control-hold,122,Victory,8,0,8,64,5,55,0,62,-1,,0,6,0,77285331
gym-big-split-boss3,control-hold,123,Defeat,8,0,8,64,11,0,1,75,-1,,0,7,0,989396532
gym-big-split-boss3,control-hold,124,Defeat,7,0,7,56,3,0,1,71,-1,,0,5,0,2243805859
gym-big-split-boss3,control-hold,125,Defeat,7,0,7,56,5,0,1,57,-1,,0,6,0,3937231725
gym-big-split-boss3,control-hold,126,Defeat,6,0,6,48,11,0,2,100,-1,,0,5,1,2067508024
gym-big-split-boss3,control-hold,127,Defeat,6,0,6,48,8,0,1,66,-1,,0,4,0,160391066
gym-big-split-boss3,control-hold,128,Defeat,5,0,5,40,9,0,3,80,-1,,0,3,1,3521833111
gym-big-split-boss3,control-hold,129,Defeat,7,0,7,56,10,0,1,71,-1,,0,5,0,18182297
gym-big-split-boss3,control-hold,130,Victory,8,0,8,64,5,75,0,37,-1,,0,5,0,458263942
gym-big-split-boss3,control-hold,131,Defeat,7,0,7,56,8,0,1,57,-1,,0,5,0,3937231725
gym-big-split-boss3,control-hold,132,Defeat,7,0,7,56,16,0,2,71,-1,,0,5,0,2246293487
gym-big-split-boss3,control-hold,133,Defeat,7,0,7,56,4,0,1,71,-1,,0,5,0,2465647711
gym-big-split-boss3,control-hold,134,Defeat,7,0,7,56,9,0,1,57,-1,,0,5,0,1735371703
gym-big-split-boss3,control-hold,135,Defeat,7,0,7,56,15,0,1,57,-1,,0,5,0,538792175
gym-big-split-boss3,control-hold,136,Defeat,5,0,5,40,5,0,4,80,7,1:7,0,7,1,1108072072
gym-big-split-boss3,control-hold,137,Defeat,13,0,13,104,18,0,1,53,3,1:3,0,21,0,2660113596
gym-big-split-boss3,control-hold,138,Defeat,7,0,7,56,5,0,1,71,-1,,0,3,0,699406554
gym-big-split-boss3,control-hold,139,Defeat,7,0,7,56,7,0,1,57,-1,,0,5,0,3937231725
gym-big-split-boss3,control-hold,140,Defeat,9,0,9,72,12,0,1,55,-1,,0,7,0,3725152508
gym-big-split-boss3,control-hold,141,Defeat,7,0,7,56,5,0,1,71,-1,,0,5,0,4260517869
gym-big-split-boss3,control-hold,142,Defeat,10,0,10,80,9,0,2,70,-1,,0,16,0,4290945565
gym-big-split-boss3,control-hold,143,Defeat,5,0,5,40,5,0,2,60,7,1:7,0,6,0,1616793385
gym-big-split-boss3,control-hold,144,Victory,12,0,12,96,11,10,0,50,-1,,0,11,0,3703385030
gym-big-split-boss3,control-hold,145,Victory,11,0,11,88,10,115,0,45,3,1:3,0,8,0,1788604737
gym-big-split-boss3,control-hold,146,Victory,9,0,9,72,6,30,0,55,-1,,0,5,0,844424473
gym-big-split-boss3,control-hold,147,Defeat,6,0,6,48,5,0,2,100,-1,,0,4,0,2083601068
gym-big-split-boss3,control-hold,148,Defeat,6,0,6,48,10,0,1,83,-1,,0,5,0,1693009457
gym-big-split-boss3,control-hold,149,Victory,8,0,8,64,6,50,0,50,-1,,0,5,0,2718803499
gym-big-split-boss3,control-hold,150,Defeat,7,0,7,56,4,0,2,85,-1,,0,6,1,2050299658
gym-big-split-boss3,control-hold,151,Defeat,5,0,5,40,5,0,3,80,-1,,0,2,1,1040742660
gym-big-split-boss3,control-hold,152,Defeat,7,0,7,56,15,0,1,57,-1,,0,5,0,2634299279
gym-big-split-boss3,control-hold,153,Defeat,5,0,5,40,10,0,2,80,-1,,0,3,0,3274056540
gym-big-split-boss3,control-hold,154,Victory,15,0,15,120,15,205,0,53,3,1:3,0,15,0,2619028681
gym-big-split-boss3,control-hold,155,Defeat,7,0,7,56,4,0,1,71,-1,,0,5,0,2465647711
gym-big-split-boss3,control-hold,156,Defeat,7,0,7,56,7,0,2,85,-1,,0,6,0,1120439513
gym-big-split-boss3,control-hold,157,Defeat,6,0,6,48,2,0,2,83,-1,,0,4,0,2466357114
gym-big-split-boss3,control-hold,158,Defeat,7,0,7,56,5,0,1,57,-1,,0,5,0,3937231725
gym-big-split-boss3,control-hold,159,Defeat,6,0,6,48,12,0,2,83,-1,,0,4,0,1072625196
gym-big-split-boss3,control-hold,160,Defeat,7,0,7,56,8,0,1,71,-1,,0,6,0,1611314542
gym-big-split-boss3,control-hold,161,Defeat,7,0,7,56,13,0,1,57,-1,,0,6,0,3134879299
gym-big-split-boss3,control-hold,162,Defeat,7,0,7,56,7,0,1,71,-1,,0,4,0,4260517869
gym-big-split-boss3,control-hold,163,Victory,8,0,8,64,5,75,0,37,-1,,0,5,0,347469440
gym-big-split-boss3,control-hold,164,Defeat,6,0,6,48,15,0,2,100,-1,,0,5,1,2711890184
gym-big-split-boss3,control-hold,165,Defeat,7,0,7,56,7,0,1,57,-1,,0,5,0,3937231725
gym-big-split-boss3,control-hold,166,Defeat,6,0,6,48,3,0,2,83,-1,,0,4,0,1424858737
gym-big-split-boss3,control-hold,167,Defeat,8,0,8,64,8,0,1,37,-1,,0,6,0,3297116782
gym-big-split-boss3,control-hold,168,Defeat,7,0,7,56,7,0,1,57,-1,,0,5,0,3937231725
gym-big-split-boss3,control-hold,169,Defeat,7,0,7,56,7,0,1,57,-1,,0,6,0,3937231725
gym-big-split-boss3,control-hold,170,Defeat,5,0,5,40,11,0,3,100,7,1:7,0,7,0,3029793129
gym-big-split-boss3,control-hold,171,Defeat,6,0,6,48,5,0,1,66,-1,,0,4,1,2967788116
gym-big-split-boss3,control-hold,172,Defeat,5,0,5,40,3,0,2,80,7,1:7,0,6,0,3459504017
gym-big-split-boss3,control-hold,173,Defeat,6,0,6,48,4,0,2,83,-1,,0,4,0,764113823
gym-big-split-boss3,control-hold,174,Victory,8,0,8,64,5,25,0,62,-1,,0,7,0,4264713023
gym-big-split-boss3,control-hold,175,Defeat,6,0,6,48,3,0,2,100,-1,,0,5,0,152692870
gym-big-split-boss3,control-hold,176,Victory,8,0,8,64,5,75,0,37,-1,,0,5,0,458263942
gym-big-split-boss3,control-hold,177,Defeat,6,0,6,48,5,0,2,66,-1,,0,3,0,3841979600
gym-big-split-boss3,control-hold,178,Defeat,7,0,7,56,5,0,1,57,-1,,0,4,0,3711862447
gym-big-split-boss3,control-hold,179,Defeat,7,0,7,56,4,0,1,71,-1,,0,5,0,3329896089
gym-big-split-boss3,control-hold,180,Victory,11,0,11,88,12,40,0,45,3,1:3,0,7,0,1416005760
gym-big-split-boss3,control-hold,181,Defeat,7,0,7,56,7,0,1,57,-1,,0,5,0,3937231725
gym-big-split-boss3,control-hold,182,Defeat,6,0,6,48,11,0,2,66,-1,,0,4,0,339313134
gym-big-split-boss3,control-hold,183,Defeat,7,0,7,56,15,0,1,57,-1,,0,5,0,538792175
gym-big-split-boss3,control-hold,184,Defeat,6,0,6,48,10,0,2,83,-1,,0,4,0,1165862577
gym-big-split-boss3,control-hold,185,Defeat,6,0,6,48,8,0,2,66,-1,,0,4,0,772490399
gym-big-split-boss3,control-hold,186,Victory,13,0,13,104,16,115,0,30,-1,,0,15,0,3301881510
gym-big-split-boss3,control-hold,187,Defeat,7,0,7,56,7,0,1,57,-1,,0,5,0,3937231725
gym-big-split-boss3,control-hold,188,Defeat,7,0,7,56,7,0,1,57,-1,,0,5,0,3937231725
gym-big-split-boss3,control-hold,189,Defeat,6,0,6,48,0,0,3,100,7,1:7,0,7,1,3249421280
gym-big-split-boss3,control-hold,190,Defeat,6,0,6,48,5,0,2,100,-1,,0,4,0,3068715018
gym-big-split-boss3,control-hold,191,Defeat,6,0,6,48,9,0,2,116,-1,,0,4,0,3057706091
gym-big-split-boss3,control-hold,192,Defeat,7,0,7,56,14,0,2,71,-1,,0,4,0,2426436725
gym-big-split-boss3,control-hold,193,Defeat,6,0,6,48,5,0,2,83,-1,,0,4,0,2353746559
gym-big-split-boss3,control-hold,194,Defeat,5,0,5,40,3,0,3,80,-1,,0,3,1,3802415914
gym-big-split-boss3,control-hold,195,Defeat,6,0,6,48,12,0,2,66,-1,,0,4,0,874793895
gym-big-split-boss3,control-hold,196,Defeat,5,0,5,40,3,0,3,60,-1,,0,5,1,3383685552
gym-big-split-boss3,control-hold,197,Defeat,6,0,6,48,6,0,2,83,-1,,0,5,1,1242160644
gym-big-split-boss3,control-hold,198,Defeat,6,0,6,48,3,0,2,66,-1,,0,3,0,1448508263
gym-big-split-boss3,control-hold,199,Defeat,5,0,5,40,20,0,2,80,-1,,0,3,1,3398722269
gym-big-split-boss3,control-hold,200,Defeat,7,0,7,56,10,0,1,57,-1,,0,5,0,3937231725
gym-big-split-boss3,charge,1,Defeat,6,0,6,48,6,0,1,66,-1,,0,3,0,3080381036
gym-big-split-boss3,charge,2,Defeat,4,0,4,32,4,0,2,75,-1,,0,1,2,2354294134
gym-big-split-boss3,charge,3,Defeat,4,0,4,32,8,0,2,75,-1,,0,2,1,140697266
gym-big-split-boss3,charge,4,Defeat,7,0,7,56,12,0,2,71,-1,,0,5,0,1443845119
gym-big-split-boss3,charge,5,Defeat,5,0,5,40,4,0,2,60,-1,,0,1,2,4017419896
gym-big-split-boss3,charge,6,Defeat,5,0,5,40,4,0,2,80,-1,,0,2,1,2390625393
gym-big-split-boss3,charge,7,Defeat,3,0,3,24,12,0,3,100,-1,,0,1,3,4075286637
gym-big-split-boss3,charge,8,Defeat,4,0,4,32,4,0,3,75,-1,,0,1,2,3338389606
gym-big-split-boss3,charge,9,Defeat,5,0,5,40,6,0,2,80,-1,,0,1,2,1410748798
gym-big-split-boss3,charge,10,Defeat,3,0,3,24,8,0,4,133,-1,,0,1,2,317699494
gym-big-split-boss3,charge,11,Defeat,4,0,4,32,4,0,2,75,-1,,0,1,2,2354294134
gym-big-split-boss3,charge,12,Defeat,4,0,4,32,4,0,2,75,-1,,0,1,2,2354294134
gym-big-split-boss3,charge,13,Defeat,6,0,6,48,8,0,2,66,-1,,0,1,0,1127882283
gym-big-split-boss3,charge,14,Defeat,5,0,5,40,5,0,2,80,-1,,0,2,1,2571758198
gym-big-split-boss3,charge,15,Defeat,4,0,4,32,4,0,3,75,-1,,0,1,2,328649078
gym-big-split-boss3,charge,16,Defeat,4,0,4,32,4,0,2,75,-1,,0,0,2,3885577060
gym-big-split-boss3,charge,17,Defeat,4,0,4,32,2,0,2,75,-1,,0,1,2,2354294134
gym-big-split-boss3,charge,18,Defeat,4,0,4,32,4,0,2,75,-1,,0,1,2,2709835178
gym-big-split-boss3,charge,19,Defeat,4,0,4,32,4,0,2,75,-1,,0,1,2,2354294134
gym-big-split-boss3,charge,20,Defeat,5,0,5,40,4,0,2,60,-1,,0,0,1,736788096
gym-big-split-boss3,charge,21,Defeat,5,0,5,40,10,0,2,100,-1,,0,1,0,1662852957
gym-big-split-boss3,charge,22,Defeat,4,0,4,32,5,0,3,100,-1,,0,1,2,2196497226
gym-big-split-boss3,charge,23,Defeat,4,0,4,32,6,0,2,75,-1,,0,1,2,2911126236
gym-big-split-boss3,charge,24,Defeat,3,0,3,24,4,0,3,100,-1,,0,1,2,4214615451
gym-big-split-boss3,charge,25,Defeat,5,0,5,40,4,0,2,60,-1,,0,1,1,2414794084
gym-big-split-boss3,charge,26,Defeat,4,0,4,32,4,0,2,75,-1,,0,1,2,2709835178
gym-big-split-boss3,charge,27,Defeat,4,0,4,32,4,0,2,75,-1,,0,1,2,2709835178
gym-big-split-boss3,charge,28,Defeat,5,0,5,40,8,0,2,60,-1,,0,1,1,2995334969
gym-big-split-boss3,charge,29,Defeat,4,0,4,32,4,0,2,75,-1,,0,1,2,2354294134
gym-big-split-boss3,charge,30,Defeat,6,0,6,48,6,0,2,83,-1,,0,1,0,1363243499
gym-big-split-boss3,charge,31,Defeat,7,0,7,56,2,0,1,57,-1,,0,1,0,1829908061
gym-big-split-boss3,charge,32,Defeat,4,0,4,32,8,0,3,100,-1,,0,2,2,2991508450
gym-big-split-boss3,charge,33,Defeat,4,0,4,32,4,0,2,75,-1,,0,0,2,2354294134
gym-big-split-boss3,charge,34,Defeat,3,0,3,24,4,0,3,133,-1,,0,1,2,507217605
gym-big-split-boss3,charge,35,Defeat,5,0,5,40,4,0,2,60,-1,,0,1,2,3233823366
gym-big-split-boss3,charge,36,Defeat,4,0,4,32,4,0,2,75,-1,,0,1,2,2354294134
gym-big-split-boss3,charge,37,Defeat,5,0,5,40,4,0,2,80,-1,,0,1,1,3333351171
gym-big-split-boss3,charge,38,Defeat,5,0,5,40,1,0,2,80,-1,,0,0,1,4138859533
gym-big-split-boss3,charge,39,Defeat,6,0,6,48,4,0,1,83,-1,,0,2,0,2212507343
gym-big-split-boss3,charge,40,Defeat,4,0,4,32,2,0,2,75,-1,,0,1,2,2354294134
gym-big-split-boss3,charge,41,Defeat,4,0,4,32,4,0,2,75,-1,,0,1,2,3885577060
gym-big-split-boss3,charge,42,Defeat,4,0,4,32,4,0,2,75,-1,,0,1,2,2354294134
gym-big-split-boss3,charge,43,Defeat,4,0,4,32,2,0,2,75,-1,,0,1,2,2354294134
gym-big-split-boss3,charge,44,Defeat,5,0,5,40,9,0,2,80,-1,,0,2,0,2145383542
gym-big-split-boss3,charge,45,Defeat,4,0,4,32,9,0,3,100,-1,,0,2,2,3742534917
gym-big-split-boss3,charge,46,Defeat,4,0,4,32,6,0,2,75,-1,,0,1,1,2063460034
gym-big-split-boss3,charge,47,Defeat,4,0,4,32,4,0,2,75,-1,,0,1,2,2354294134
gym-big-split-boss3,charge,48,Defeat,4,0,4,32,4,0,2,75,-1,,0,1,2,2354294134
gym-big-split-boss3,charge,49,Defeat,4,0,4,32,4,0,2,75,-1,,0,1,2,2709835178
gym-big-split-boss3,charge,50,Defeat,4,0,4,32,4,0,2,75,-1,,0,1,2,2354294134
gym-big-split-boss3,charge,51,Defeat,5,0,5,40,4,0,2,100,-1,,0,2,1,2686620497
gym-big-split-boss3,charge,52,Defeat,4,0,4,32,4,0,2,75,-1,,0,1,2,2354294134
gym-big-split-boss3,charge,53,Defeat,6,0,6,48,11,0,2,66,-1,,0,2,1,346012082
gym-big-split-boss3,charge,54,Defeat,8,0,8,64,5,0,2,75,3,1:3,0,3,0,1880646336
gym-big-split-boss3,charge,55,Defeat,5,0,5,40,8,0,2,60,-1,,0,2,2,1291323869
gym-big-split-boss3,charge,56,Defeat,7,0,7,56,4,0,1,71,-1,,0,4,0,2235591027
gym-big-split-boss3,charge,57,Defeat,5,0,5,40,4,0,2,80,-1,,0,1,1,2043306143
gym-big-split-boss3,charge,58,Defeat,5,0,5,40,0,0,2,80,-1,,0,2,1,1304174054
gym-big-split-boss3,charge,59,Defeat,3,0,3,24,8,0,4,133,-1,,0,1,2,933401626
gym-big-split-boss3,charge,60,Defeat,5,0,5,40,8,0,2,80,-1,,0,2,0,110134074
gym-big-split-boss3,charge,61,Defeat,4,0,4,32,4,0,2,75,-1,,0,1,2,2354294134
gym-big-split-boss3,charge,62,Defeat,5,0,5,40,3,0,2,80,-1,,0,1,1,908394369
gym-big-split-boss3,charge,63,Defeat,4,0,4,32,4,0,3,75,-1,,0,2,1,2676583712
gym-big-split-boss3,charge,64,Defeat,4,0,4,32,8,0,2,75,-1,,0,1,2,3831261326
gym-big-split-boss3,charge,65,Defeat,4,0,4,32,4,0,3,75,-1,,0,1,2,3338389606
gym-big-split-boss3,charge,66,Defeat,4,0,4,32,4,0,2,75,-1,,0,1,2,205487128
gym-big-split-boss3,charge,67,Defeat,4,0,4,32,4,0,2,75,-1,,0,1,2,2709835178
gym-big-split-boss3,charge,68,Defeat,6,0,6,48,6,0,2,66,3,1:3,0,1,1,2591245474
gym-big-split-boss3,charge,69,Defeat,4,0,4,32,10,0,3,100,-1,,0,1,2,3744259482
gym-big-split-boss3,charge,70,Defeat,4,0,4,32,4,0,3,75,-1,,0,1,2,2234973294
gym-big-split-boss3,charge,71,Defeat,4,0,4,32,1,0,2,100,-1,,0,1,2,961640302
gym-big-split-boss3,charge,72,Defeat,5,0,5,40,4,0,3,100,-1,,0,3,1,1942299990
gym-big-split-boss3,charge,73,Defeat,4,0,4,32,4,0,2,75,-1,,0,1,2,3885577060
gym-big-split-boss3,charge,74,Defeat,5,0,5,40,10,0,2,60,-1,,0,2,2,2007199889
gym-big-split-boss3,charge,75,Defeat,5,0,5,40,4,0,2,60,-1,,0,0,1,1640118168
gym-big-split-boss3,charge,76,Defeat,7,0,7,56,5,0,1,71,-1,,0,3,0,4283387120
gym-big-split-boss3,charge,77,Defeat,4,0,4,32,4,0,2,75,-1,,0,1,2,2354294134
gym-big-split-boss3,charge,78,Defeat,4,0,4,32,4,0,2,75,-1,,0,1,2,3885577060
gym-big-split-boss3,charge,79,Defeat,3,0,3,24,4,0,4,100,-1,,0,1,2,52790478
gym-big-split-boss3,charge,80,Defeat,6,0,6,48,1,0,2,116,-1,,0,3,0,2218567923
gym-big-split-boss3,charge,81,Defeat,6,0,6,48,4,0,2,100,3,1:3,0,3,0,4269670246
gym-big-split-boss3,charge,82,Defeat,4,0,4,32,4,0,2,75,-1,,0,1,2,2354294134
gym-big-split-boss3,charge,83,Defeat,5,0,5,40,8,0,2,80,-1,,0,2,2,2479470550
gym-big-split-boss3,charge,84,Defeat,5,0,5,40,4,0,2,60,-1,,0,1,1,4261274492
gym-big-split-boss3,charge,85,Defeat,5,0,5,40,4,0,2,60,-1,,0,0,1,736788096
gym-big-split-boss3,charge,86,Defeat,3,0,3,24,4,0,3,100,-1,,0,1,2,1266023877
gym-big-split-boss3,charge,87,Defeat,4,0,4,32,4,0,2,75,-1,,0,1,2,2354294134
gym-big-split-boss3,charge,88,Defeat,5,0,5,40,4,0,2,80,-1,,0,1,1,3792844929
gym-big-split-boss3,charge,89,Defeat,4,0,4,32,6,0,2,75,-1,,0,1,1,185586304
gym-big-split-boss3,charge,90,Defeat,4,0,4,32,4,0,2,75,-1,,0,1,2,2354294134
gym-big-split-boss3,charge,91,Defeat,4,0,4,32,4,0,2,75,-1,,0,0,2,2354294134
gym-big-split-boss3,charge,92,Defeat,4,0,4,32,4,0,2,75,-1,,0,1,2,2354294134
gym-big-split-boss3,charge,93,Defeat,5,0,5,40,8,0,2,80,-1,,0,2,1,3895526781
gym-big-split-boss3,charge,94,Defeat,4,0,4,32,4,0,2,75,-1,,0,1,2,2354294134
gym-big-split-boss3,charge,95,Defeat,4,0,4,32,0,0,2,125,-1,,0,2,2,3486676677
gym-big-split-boss3,charge,96,Defeat,5,0,5,40,6,0,2,80,-1,,0,1,1,3030879404
gym-big-split-boss3,charge,97,Defeat,6,0,6,48,14,0,2,66,-1,,0,3,0,3380159317
gym-big-split-boss3,charge,98,Defeat,5,0,5,40,8,0,2,80,-1,,0,2,2,3290818370
gym-big-split-boss3,charge,99,Defeat,4,0,4,32,4,0,2,75,-1,,0,1,2,2354294134
gym-big-split-boss3,charge,100,Defeat,5,0,5,40,8,0,3,60,-1,,0,2,2,31558197
gym-big-split-boss3,charge,101,Defeat,6,0,6,48,6,0,1,66,-1,,0,2,0,3842871917
gym-big-split-boss3,charge,102,Defeat,4,0,4,32,2,0,2,75,-1,,0,1,2,2354294134
gym-big-split-boss3,charge,103,Defeat,4,0,4,32,4,0,2,75,-1,,0,1,2,2354294134
gym-big-split-boss3,charge,104,Defeat,5,0,5,40,4,0,2,60,-1,,0,1,2,1257859782
gym-big-split-boss3,charge,105,Defeat,4,0,4,32,4,0,2,75,-1,,0,1,2,2354294134
gym-big-split-boss3,charge,106,Defeat,4,0,4,32,4,0,2,75,-1,,0,0,2,3885577060
gym-big-split-boss3,charge,107,Defeat,5,0,5,40,4,0,2,80,8,1:8,0,0,1,1629580755
gym-big-split-boss3,charge,108,Defeat,4,0,4,32,4,0,2,75,-1,,0,1,2,2354294134
gym-big-split-boss3,charge,109,Defeat,4,0,4,32,2,0,2,75,-1,,0,1,2,2354294134
gym-big-split-boss3,charge,110,Defeat,5,0,5,40,4,0,2,60,-1,,0,1,1,2414794084
gym-big-split-boss3,charge,111,Defeat,5,0,5,40,5,0,2,100,3,1:3,0,2,2,949452592
gym-big-split-boss3,charge,112,Defeat,4,0,4,32,4,0,2,75,-1,,0,1,2,3355632951
gym-big-split-boss3,charge,113,Defeat,3,0,3,24,9,0,4,133,-1,,0,1,2,3788734841
gym-big-split-boss3,charge,114,Defeat,4,0,4,32,4,0,3,100,-1,,0,1,2,3878714867
gym-big-split-boss3,charge,115,Defeat,4,0,4,32,6,0,2,75,-1,,0,2,2,1857240799
gym-big-split-boss3,charge,116,Defeat,5,0,5,40,4,0,2,80,-1,,0,1,0,3941601846
gym-big-split-boss3,charge,117,Defeat,4,0,4,32,4,0,2,75,-1,,0,1,2,2354294134
gym-big-split-boss3,charge,118,Defeat,6,0,6,48,6,0,2,83,-1,,0,1,0,1363243499
gym-big-split-boss3,charge,119,Defeat,4,0,4,32,8,0,2,75,-1,,0,1,2,3831261326
gym-big-split-boss3,charge,120,Defeat,5,0,5,40,6,0,1,80,-1,,0,1,0,1576386812
gym-big-split-boss3,charge,121,Defeat,5,0,5,40,10,0,2,80,-1,,0,2,2,2970353709
gym-big-split-boss3,charge,122,Defeat,5,0,5,40,4,0,2,80,-1,,0,1,1,3333351171
gym-big-split-boss3,charge,123,Defeat,4,0,4,32,4,0,2,75,-1,,0,1,2,2354294134
gym-big-split-boss3,charge,124,Defeat,3,0,3,24,8,0,4,166,-1,,0,1,2,1877562170
gym-big-split-boss3,charge,125,Defeat,5,0,5,40,4,0,2,80,-1,,0,2,1,2390625393
gym-big-split-boss3,charge,126,Defeat,5,0,5,40,4,0,2,80,8,1:8,0,1,1,3721238689
gym-big-split-boss3,charge,127,Defeat,4,0,4,32,4,0,3,75,-1,,0,0,2,2995706132
gym-big-split-boss3,charge,128,Defeat,6,0,6,48,4,0,2,83,-1,,0,2,0,52182679
gym-big-split-boss3,charge,129,Defeat,4,0,4,32,4,0,2,75,-1,,0,1,2,2354294134
gym-big-split-boss3,charge,130,Defeat,4,0,4,32,4,0,2,75,-1,,0,1,2,2354294134
gym-big-split-boss3,charge,131,Defeat,5,0,5,40,4,0,2,60,-1,,0,0,1,736788096
gym-big-split-boss3,charge,132,Defeat,4,0,4,32,4,0,2,75,7,1:7,0,1,2,1523262838
gym-big-split-boss3,charge,133,Defeat,4,0,4,32,8,0,2,75,-1,,0,1,2,3831261326
gym-big-split-boss3,charge,134,Defeat,5,0,5,40,4,0,2,60,-1,,0,0,1,736788096
gym-big-split-boss3,charge,135,Defeat,4,0,4,32,4,0,2,75,-1,,0,1,2,2354294134
gym-big-split-boss3,charge,136,Defeat,3,0,3,24,12,0,3,100,-1,,0,1,3,4075286637
gym-big-split-boss3,charge,137,Defeat,5,0,5,40,6,0,2,120,-1,,0,3,1,3541986708
gym-big-split-boss3,charge,138,Defeat,4,0,4,32,4,0,2,75,-1,,0,1,2,2354294134
gym-big-split-boss3,charge,139,Defeat,4,0,4,32,4,0,2,75,-1,,0,1,2,2354294134
gym-big-split-boss3,charge,140,Defeat,3,0,3,24,4,0,3,100,-1,,0,1,2,4214615451
gym-big-split-boss3,charge,141,Defeat,4,0,4,32,4,0,2,75,-1,,0,1,2,2354294134
gym-big-split-boss3,charge,142,Defeat,5,0,5,40,1,0,2,80,-1,,0,2,1,528453150
gym-big-split-boss3,charge,143,Defeat,5,0,5,40,1,0,2,80,-1,,0,1,1,3333351171
gym-big-split-boss3,charge,144,Defeat,5,0,5,40,4,0,2,80,-1,,0,1,1,3333351171
gym-big-split-boss3,charge,145,Defeat,4,0,4,32,4,0,2,75,-1,,0,1,2,2354294134
gym-big-split-boss3,charge,146,Defeat,4,0,4,32,4,0,2,75,-1,,0,1,2,2354294134
gym-big-split-boss3,charge,147,Defeat,5,0,5,40,4,0,2,80,-1,,0,0,1,3333351171
gym-big-split-boss3,charge,148,Defeat,5,0,5,40,8,0,2,80,-1,,0,2,1,1304174054
gym-big-split-boss3,charge,149,Defeat,5,0,5,40,4,0,2,60,-1,,0,0,1,1640118168
gym-big-split-boss3,charge,150,Defeat,4,0,4,32,6,0,2,75,-1,,0,1,1,185586304
gym-big-split-boss3,charge,151,Defeat,4,0,4,32,4,0,2,75,-1,,0,1,2,2354294134
gym-big-split-boss3,charge,152,Defeat,4,0,4,32,6,0,2,75,-1,,0,1,1,185586304
gym-big-split-boss3,charge,153,Defeat,5,0,5,40,4,0,2,80,8,1:8,0,1,1,843552863
gym-big-split-boss3,charge,154,Defeat,5,0,5,40,6,0,2,80,-1,,0,1,0,1676177662
gym-big-split-boss3,charge,155,Defeat,4,0,4,32,4,0,2,75,-1,,0,1,2,2354294134
gym-big-split-boss3,charge,156,Defeat,5,0,5,40,4,0,2,100,-1,,0,1,0,2847688292
gym-big-split-boss3,charge,157,Defeat,3,0,3,24,12,0,3,100,-1,,0,1,3,4075286637
gym-big-split-boss3,charge,158,Defeat,4,0,4,32,4,0,2,75,-1,,0,1,2,2354294134
gym-big-split-boss3,charge,159,Defeat,4,0,4,32,4,0,2,75,-1,,0,1,2,2354294134
gym-big-split-boss3,charge,160,Defeat,3,0,3,24,8,0,3,133,-1,,0,1,2,2187256387
gym-big-split-boss3,charge,161,Defeat,3,0,3,24,8,0,4,100,-1,,0,1,3,310821006
gym-big-split-boss3,charge,162,Defeat,6,0,6,48,6,0,2,83,-1,,0,2,0,2362148005
gym-big-split-boss3,charge,163,Defeat,4,0,4,32,4,0,2,75,-1,,0,1,2,2354294134
gym-big-split-boss3,charge,164,Defeat,6,0,6,48,10,0,2,83,-1,,0,2,0,2886217823
gym-big-split-boss3,charge,165,Defeat,4,0,4,32,4,0,2,75,-1,,0,1,2,2709835178
gym-big-split-boss3,charge,166,Defeat,3,0,3,24,2,0,3,133,-1,,0,1,2,2332745867
gym-big-split-boss3,charge,167,Defeat,4,0,4,32,2,0,2,75,-1,,0,1,2,2354294134
gym-big-split-boss3,charge,168,Defeat,5,0,5,40,6,0,2,60,-1,,0,1,1,575045903
gym-big-split-boss3,charge,169,Defeat,5,0,5,40,6,0,2,80,-1,,0,3,1,4191802335
gym-big-split-boss3,charge,170,Defeat,4,0,4,32,4,0,2,75,-1,,0,1,1,3585303438
gym-big-split-boss3,charge,171,Defeat,4,0,4,32,4,0,2,75,-1,,0,0,2,3885577060
gym-big-split-boss3,charge,172,Defeat,4,0,4,32,1,0,2,100,-1,,0,2,2,4163162462
gym-big-split-boss3,charge,173,Defeat,4,0,4,32,4,0,2,75,-1,,0,1,2,2354294134
gym-big-split-boss3,charge,174,Defeat,4,0,4,32,4,0,2,75,-1,,0,1,2,2354294134
gym-big-split-boss3,charge,175,Defeat,3,0,3,24,4,0,3,100,-1,,0,1,2,4214615451
gym-big-split-boss3,charge,176,Defeat,4,0,4,32,4,0,2,75,-1,,0,1,2,2354294134
gym-big-split-boss3,charge,177,Defeat,5,0,5,40,4,0,2,80,-1,,0,1,0,3443382886
gym-big-split-boss3,charge,178,Defeat,5,0,5,40,4,0,2,60,-1,,0,1,1,1499809462
gym-big-split-boss3,charge,179,Defeat,4,0,4,32,4,0,2,75,-1,,0,1,2,2354294134
gym-big-split-boss3,charge,180,Defeat,6,0,6,48,5,0,2,66,-1,,0,2,1,1308213214
gym-big-split-boss3,charge,181,Defeat,4,0,4,32,2,0,2,75,-1,,0,1,2,2354294134
gym-big-split-boss3,charge,182,Defeat,5,0,5,40,4,0,1,80,-1,,0,1,0,4125190552
gym-big-split-boss3,charge,183,Defeat,4,0,4,32,4,0,2,75,-1,,0,1,2,2354294134
gym-big-split-boss3,charge,184,Defeat,5,0,5,40,8,0,2,60,-1,,0,2,2,128788479
gym-big-split-boss3,charge,185,Defeat,4,0,4,32,4,0,2,75,-1,,0,1,2,2354294134
gym-big-split-boss3,charge,186,Defeat,3,0,3,24,4,0,3,133,-1,,0,1,2,2332745867
gym-big-split-boss3,charge,187,Defeat,4,0,4,32,4,0,2,75,-1,,0,1,2,2354294134
gym-big-split-boss3,charge,188,Defeat,5,0,5,40,5,0,3,100,7,1:7,0,2,1,3074311401
gym-big-split-boss3,charge,189,Defeat,5,0,5,40,5,0,2,60,-1,,0,2,0,2424693726
gym-big-split-boss3,charge,190,Defeat,4,0,4,32,4,0,2,75,-1,,0,1,2,2354294134
gym-big-split-boss3,charge,191,Defeat,3,0,3,24,4,0,4,133,-1,,0,1,2,523246736
gym-big-split-boss3,charge,192,Defeat,5,0,5,40,5,0,2,80,-1,,0,1,0,3121829246
gym-big-split-boss3,charge,193,Defeat,4,0,4,32,4,0,2,75,7,1:7,0,1,2,1523262838
gym-big-split-boss3,charge,194,Defeat,5,0,5,40,14,0,2,100,-1,,0,3,1,3271032939
gym-big-split-boss3,charge,195,Defeat,4,0,4,32,4,0,2,75,-1,,0,1,2,2354294134
gym-big-split-boss3,charge,196,Defeat,5,0,5,40,8,0,2,80,-1,,0,2,0,2928262682
gym-big-split-boss3,charge,197,Defeat,5,0,5,40,4,0,2,80,-1,,0,0,1,3333351171
gym-big-split-boss3,charge,198,Defeat,3,0,3,24,12,0,3,100,-1,,0,1,3,4075286637
gym-big-split-boss3,charge,199,Defeat,4,0,4,32,17,0,3,75,-1,,0,2,1,4120437960
gym-big-split-boss3,charge,200,Defeat,4,0,4,32,7,0,2,75,-1,,0,1,1,1250638368
gym-big-split-boss3-kill,corridor-hold,1,Defeat,7,0,7,56,7,0,1,71,-1,,0,5,0,1776844186
gym-big-split-boss3-kill,corridor-hold,2,Defeat,6,0,6,48,8,0,2,66,-1,,0,3,0,2051849407
gym-big-split-boss3-kill,corridor-hold,3,Defeat,7,0,7,56,5,0,1,71,-1,,0,6,0,3337871794
gym-big-split-boss3-kill,corridor-hold,4,Victory,7,0,7,56,4,135,1,57,3,1:3,0,6,0,4168177868
gym-big-split-boss3-kill,corridor-hold,5,Defeat,7,0,7,56,15,0,1,57,-1,,0,5,0,1863740436
gym-big-split-boss3-kill,corridor-hold,6,Defeat,7,0,7,56,5,0,1,57,-1,,0,5,0,88100616
gym-big-split-boss3-kill,corridor-hold,7,Defeat,7,0,7,56,6,0,1,71,-1,,0,6,0,2470605008
gym-big-split-boss3-kill,corridor-hold,8,Defeat,5,0,5,40,10,0,2,80,-1,,0,3,1,3370059507
gym-big-split-boss3-kill,corridor-hold,9,Defeat,5,0,5,40,5,0,4,120,-1,,0,5,1,845503574
gym-big-split-boss3-kill,corridor-hold,10,Victory,27,0,27,216,35,115,0,25,3,1:3,0,26,0,818761333
gym-big-split-boss3-kill,corridor-hold,11,Defeat,7,0,7,56,7,0,1,57,-1,,0,5,0,88100616
gym-big-split-boss3-kill,corridor-hold,12,Victory,7,0,7,56,7,75,1,57,-1,,0,5,0,3770565009
gym-big-split-boss3-kill,corridor-hold,13,Defeat,6,0,6,48,6,0,2,66,-1,,0,3,0,421114439
gym-big-split-boss3-kill,corridor-hold,14,Defeat,7,0,7,56,8,0,2,85,-1,,0,5,0,1626734268
gym-big-split-boss3-kill,corridor-hold,15,Defeat,5,0,5,40,12,0,3,80,-1,,0,3,0,821139822
gym-big-split-boss3-kill,corridor-hold,16,Defeat,8,0,8,64,3,0,1,62,-1,,0,7,0,2552040708
gym-big-split-boss3-kill,corridor-hold,17,Defeat,7,0,7,56,3,0,1,71,-1,,0,5,0,1678222139
gym-big-split-boss3-kill,corridor-hold,18,Defeat,7,0,7,56,4,0,1,71,-1,,0,4,0,616808831
gym-big-split-boss3-kill,corridor-hold,19,Defeat,6,0,6,48,5,0,2,83,-1,,0,3,0,726061289
gym-big-split-boss3-kill,corridor-hold,20,Defeat,7,0,7,56,5,0,1,57,-1,,0,5,0,88100616
gym-big-split-boss3-kill,corridor-hold,21,Victory,12,0,12,96,15,65,0,41,-1,,0,9,0,3261737909
gym-big-split-boss3-kill,corridor-hold,22,Defeat,6,0,6,48,5,0,2,83,7,1:7,0,9,0,2542681162
gym-big-split-boss3-kill,corridor-hold,23,Defeat,7,0,7,56,5,0,1,57,-1,,0,5,0,88100616
gym-big-split-boss3-kill,corridor-hold,24,Defeat,5,0,5,40,5,0,3,60,7,1:7,0,6,0,701789473
gym-big-split-boss3-kill,corridor-hold,25,Defeat,6,0,6,48,6,0,1,100,-1,,0,4,0,2108692422
gym-big-split-boss3-kill,corridor-hold,26,Defeat,7,0,7,56,4,0,1,57,-1,,0,4,0,2364348796
gym-big-split-boss3-kill,corridor-hold,27,Defeat,14,0,14,112,12,0,2,71,3,1:3,0,22,0,2336935124
gym-big-split-boss3-kill,corridor-hold,28,Victory,7,0,7,56,2,130,1,57,3,1:3,0,6,0,1878656591
gym-big-split-boss3-kill,corridor-hold,29,Victory,10,0,10,80,14,10,2,80,-1,,0,14,0,3221516608
gym-big-split-boss3-kill,corridor-hold,30,Defeat,7,0,7,56,7,0,1,57,-1,,0,5,0,88100616
gym-big-split-boss3-kill,corridor-hold,31,Defeat,4,0,4,32,4,0,3,75,-1,,0,2,2,1861872592
gym-big-split-boss3-kill,corridor-hold,32,Defeat,4,0,4,32,2,0,4,150,-1,,0,2,1,3985089500
gym-big-split-boss3-kill,corridor-hold,33,Defeat,7,0,7,56,10,0,1,57,-1,,0,5,0,1237532172
gym-big-split-boss3-kill,corridor-hold,34,Defeat,7,0,7,56,10,0,2,57,-1,,0,6,1,3490192074
gym-big-split-boss3-kill,corridor-hold,35,Defeat,5,0,5,40,4,0,2,80,-1,,0,3,1,421503472
gym-big-split-boss3-kill,corridor-hold,36,Defeat,7,0,7,56,7,0,1,57,-1,,0,4,0,3665980052
gym-big-split-boss3-kill,corridor-hold,37,Defeat,7,0,7,56,5,0,1,71,-1,,0,5,0,1776844186
gym-big-split-boss3-kill,corridor-hold,38,Defeat,5,0,5,40,5,0,2,60,7,1:7,0,6,0,2358453132
gym-big-split-boss3-kill,corridor-hold,39,Defeat,6,0,6,48,5,0,2,83,-1,,0,4,0,3754901421
gym-big-split-boss3-kill,corridor-hold,40,Defeat,7,0,7,56,5,0,2,71,-1,,0,5,0,3512810221
gym-big-split-boss3-kill,corridor-hold,41,Defeat,7,0,7,56,5,0,2,85,-1,,0,5,0,1162066524
gym-big-split-boss3-kill,corridor-hold,42,Defeat,7,0,7,56,7,0,1,57,-1,,0,5,0,88100616
gym-big-split-boss3-kill,corridor-hold,43,Defeat,8,0,8,64,4,0,1,50,-1,,0,8,0,4285114590
gym-big-split-boss3-kill,corridor-hold,44,Defeat,6,0,6,48,7,0,2,83,-1,,0,3,0,3718075783
gym-big-split-boss3-kill,corridor-hold,45,Defeat,5,0,5,40,2,0,2,80,-1,,0,3,1,421503472
gym-big-split-boss3-kill,corridor-hold,46,Defeat,7,0,7,56,10,0,1,57,-1,,0,5,0,88100616
gym-big-split-boss3-kill,corridor-hold,47,Defeat,7,0,7,56,7,0,1,57,-1,,0,5,0,88100616
gym-big-split-boss3-kill,corridor-hold,48,Defeat,7,0,7,56,7,0,2,71,-1,,0,5,0,3873203727
gym-big-split-boss3-kill,corridor-hold,49,Defeat,7,0,7,56,9,0,2,71,-1,,0,5,0,2544856577
gym-big-split-boss3-kill,corridor-hold,50,Defeat,6,0,6,48,4,0,2,83,-1,,0,3,0,2816798643
gym-big-split-boss3-kill,corridor-hold,51,Victory,20,0,20,160,27,215,1,20,12,1:12,0,32,0,3382425937
gym-big-split-boss3-kill,corridor-hold,52,Defeat,7,0,7,56,5,0,1,71,-1,,0,5,0,741322362
gym-big-split-boss3-kill,corridor-hold,53,Defeat,5,0,5,40,10,0,3,100,-1,,0,3,1,154678128
gym-big-split-boss3-kill,corridor-hold,54,Victory,8,0,8,64,8,60,0,62,-1,,0,6,0,4049713333
gym-big-split-boss3-kill,corridor-hold,55,Defeat,7,0,7,56,6,0,3,71,-1,,0,7,0,1923739852
gym-big-split-boss3-kill,corridor-hold,56,Defeat,5,0,5,40,10,0,3,60,-1,,0,3,1,3244273148
gym-big-split-boss3-kill,corridor-hold,57,Victory,8,0,8,64,6,25,0,50,-1,,0,5,0,4120245644
gym-big-split-boss3-kill,corridor-hold,58,Victory,8,0,8,64,3,75,0,37,-1,,0,6,0,1486912211
gym-big-split-boss3-kill,corridor-hold,59,Defeat,9,0,9,72,9,0,1,55,-1,,0,10,0,568057946
gym-big-split-boss3-kill,corridor-hold,60,Defeat,5,0,5,40,5,0,3,60,7,1:7,0,6,0,1829404581
gym-big-split-boss3-kill,corridor-hold,61,Defeat,7,0,7,56,10,0,1,71,-1,,0,6,0,4059909750
gym-big-split-boss3-kill,corridor-hold,62,Defeat,7,0,7,56,8,0,1,85,-1,,0,5,0,3085751420
gym-big-split-boss3-kill,corridor-hold,63,Defeat,7,0,7,56,3,0,1,71,-1,,0,4,0,1465161120
gym-big-split-boss3-kill,corridor-hold,64,Defeat,6,0,6,48,10,0,1,83,-1,,0,4,0,2462939634
gym-big-split-boss3-kill,corridor-hold,65,Defeat,6,0,6,48,15,0,1,83,-1,,0,4,0,2264924886
gym-big-split-boss3-kill,corridor-hold,66,Victory,8,0,8,64,6,25,0,50,-1,,0,6,0,1716828838
gym-big-split-boss3-kill,corridor-hold,67,Defeat,7,0,7,56,5,0,2,85,-1,,0,5,0,4083096588
gym-big-split-boss3-kill,corridor-hold,68,Defeat,5,0,5,40,14,0,3,120,-1,,0,4,1,2886309263
gym-big-split-boss3-kill,corridor-hold,69,Defeat,6,0,6,48,6,0,1,83,-1,,0,4,0,2976500810
gym-big-split-boss3-kill,corridor-hold,70,Defeat,6,0,6,48,10,0,2,83,-1,,0,4,0,584088980
gym-big-split-boss3-kill,corridor-hold,71,Defeat,11,0,11,88,14,0,1,54,-1,,0,12,0,2072262624
gym-big-split-boss3-kill,corridor-hold,72,Victory,10,0,10,80,3,5,0,60,-1,,0,12,0,4078223760
gym-big-split-boss3-kill,corridor-hold,73,Defeat,6,0,6,48,5,0,2,83,-1,,0,6,1,3362492993
gym-big-split-boss3-kill,corridor-hold,74,Defeat,5,0,5,40,3,0,2,80,-1,,0,3,1,1420333617
gym-big-split-boss3-kill,corridor-hold,75,Defeat,5,0,5,40,3,0,3,80,-1,,0,3,1,1137619030
gym-big-split-boss3-kill,corridor-hold,76,Defeat,7,0,7,56,3,0,1,71,-1,,0,5,0,2664409204
gym-big-split-boss3-kill,corridor-hold,77,Defeat,7,0,7,56,11,0,1,57,-1,,0,5,0,3262474018
gym-big-split-boss3-kill,corridor-hold,78,Defeat,7,0,7,56,13,0,2,85,-1,,0,5,0,4239734842
gym-big-split-boss3-kill,corridor-hold,79,Defeat,7,0,7,56,7,0,1,57,-1,,0,6,0,88100616
gym-big-split-boss3-kill,corridor-hold,80,Defeat,7,0,7,56,3,0,2,71,-1,,0,6,0,161897729
gym-big-split-boss3-kill,corridor-hold,81,Victory,14,0,14,112,19,25,0,50,3,1:3,0,15,0,3186263433
gym-big-split-boss3-kill,corridor-hold,82,Victory,8,0,8,64,5,50,0,50,-1,,0,5,0,1055477120
gym-big-split-boss3-kill,corridor-hold,83,Defeat,5,0,5,40,3,0,3,100,7,1:7,0,5,1,745687720
gym-big-split-boss3-kill,corridor-hold,84,Defeat,5,0,5,40,5,0,2,100,-1,,0,3,1,3389822201
gym-big-split-boss3-kill,corridor-hold,85,Defeat,6,0,6,48,2,0,1,66,-1,,0,4,0,3901656228
gym-big-split-boss3-kill,corridor-hold,86,Defeat,6,0,6,48,9,0,2,83,-1,,0,3,0,2816798643
gym-big-split-boss3-kill,corridor-hold,87,Defeat,7,0,7,56,10,0,1,71,-1,,0,5,0,3501048486
gym-big-split-boss3-kill,corridor-hold,88,Defeat,6,0,6,48,5,0,1,66,-1,,0,4,0,51949037
gym-big-split-boss3-kill,corridor-hold,89,Defeat,7,0,7,56,3,0,1,57,-1,,0,5,0,88100616
gym-big-split-boss3-kill,corridor-hold,90,Defeat,7,0,7,56,5,0,1,57,-1,,0,4,0,3878760847
gym-big-split-boss3-kill,corridor-hold,91,Defeat,7,0,7,56,11,0,2,71,-1,,0,6,0,3597286698
gym-big-split-boss3-kill,corridor-hold,92,Defeat,7,0,7,56,7,0,1,57,-1,,0,5,0,88100616
gym-big-split-boss3-kill,corridor-hold,93,Defeat,6,0,6,48,3,0,3,83,-1,,0,5,0,444659944
gym-big-split-boss3-kill,corridor-hold,94,Victory,8,0,8,64,5,75,0,37,-1,,0,5,0,1486912211
gym-big-split-boss3-kill,corridor-hold,95,Defeat,7,0,7,56,5,0,1,85,-1,,0,3,0,3311417358
gym-big-split-boss3-kill,corridor-hold,96,Defeat,7,0,7,56,5,0,1,57,-1,,0,5,0,88100616
gym-big-split-boss3-kill,corridor-hold,97,Defeat,7,0,7,56,15,0,1,57,-1,,0,5,0,88100616
gym-big-split-boss3-kill,corridor-hold,98,Defeat,5,0,5,40,5,0,2,60,7,1:7,0,6,0,2358453132
gym-big-split-boss3-kill,corridor-hold,99,Defeat,7,0,7,56,13,0,1,71,-1,,0,5,0,3997412654
gym-big-split-boss3-kill,corridor-hold,100,Victory,18,0,18,144,21,160,1,27,3,1:3,0,36,0,726531404
gym-big-split-boss3-kill,corridor-hold,101,Defeat,6,0,6,48,8,0,2,83,-1,,0,4,0,1759485123
gym-big-split-boss3-kill,corridor-hold,102,Defeat,7,0,7,56,5,0,1,57,-1,,0,6,0,88100616
gym-big-split-boss3-kill,corridor-hold,103,Defeat,7,0,7,56,7,0,1,57,-1,,0,5,0,88100616
gym-big-split-boss3-kill,corridor-hold,104,Victory,10,0,10,80,8,15,1,70,-1,,0,12,0,2267642020
gym-big-split-boss3-kill,corridor-hold,105,Defeat,6,0,6,48,5,0,2,66,-1,,0,3,0,421114439
gym-big-split-boss3-kill,corridor-hold,106,Defeat,6,0,6,48,3,0,1,83,-1,,0,4,0,1798010132
gym-big-split-boss3-kill,corridor-hold,107,Victory,20,0,20,160,25,190,0,35,3,1:3,0,20,0,3677202712
gym-big-split-boss3-kill,corridor-hold,108,Defeat,6,0,6,48,4,0,2,83,-1,,0,4,0,2281396843
gym-big-split-boss3-kill,corridor-hold,109,Defeat,7,0,7,56,9,0,1,57,-1,,0,5,0,88100616
gym-big-split-boss3-kill,corridor-hold,110,Defeat,6,0,6,48,3,0,2,100,-1,,0,4,0,3603532132
gym-big-split-boss3-kill,corridor-hold,111,Defeat,6,0,6,48,14,0,1,83,-1,,0,5,0,156356615
gym-big-split-boss3-kill,corridor-hold,112,Defeat,5,0,5,40,5,0,2,80,-1,,0,3,1,1759491918
gym-big-split-boss3-kill,corridor-hold,113,Defeat,7,0,7,56,14,0,2,71,-1,,0,6,1,1091316589
gym-big-split-boss3-kill,corridor-hold,114,Defeat,6,0,6,48,4,0,2,100,-1,,0,4,0,3995004591
gym-big-split-boss3-kill,corridor-hold,115,Defeat,6,0,6,48,10,0,2,66,-1,,0,4,0,1478740442
gym-big-split-boss3-kill,corridor-hold,116,Victory,9,0,9,72,7,10,1,55,-1,,0,9,0,3380443359
gym-big-split-boss3-kill,corridor-hold,117,Defeat,7,0,7,56,5,0,1,71,-1,,0,5,0,2848566195
gym-big-split-boss3-kill,corridor-hold,118,Defeat,7,0,7,56,4,0,1,71,-1,,0,5,0,1776844186
gym-big-split-boss3-kill,corridor-hold,119,Victory,15,0,15,120,15,120,0,33,7,1:7,0,14,0,3851830431
gym-big-split-boss3-kill,corridor-hold,120,Defeat,7,0,7,56,4,0,1,71,-1,,0,5,0,3242803449
gym-big-split-boss3-kill,corridor-hold,121,Defeat,7,0,7,56,2,0,2,85,-1,,0,5,0,2187077107
gym-big-split-boss3-kill,corridor-hold,122,Victory,8,0,8,64,5,55,0,62,-1,,0,6,0,3477431126
gym-big-split-boss3-kill,corridor-hold,123,Defeat,8,0,8,64,11,0,1,75,-1,,0,7,0,3454158817
gym-big-split-boss3-kill,corridor-hold,124,Defeat,7,0,7,56,3,0,1,71,-1,,0,5,0,1961250598
gym-big-split-boss3-kill,corridor-hold,125,Defeat,7,0,7,56,5,0,1,57,-1,,0,6,0,88100616
gym-big-split-boss3-kill,corridor-hold,126,Defeat,6,0,6,48,11,0,2,100,-1,,0,5,1,2442046509
gym-big-split-boss3-kill,corridor-hold,127,Defeat,6,0,6,48,8,0,1,66,-1,,0,4,0,4073187631
gym-big-split-boss3-kill,corridor-hold,128,Defeat,5,0,5,40,9,0,3,80,-1,,0,3,1,405635922
gym-big-split-boss3-kill,corridor-hold,129,Defeat,7,0,7,56,10,0,1,71,-1,,0,5,0,1572988924
gym-big-split-boss3-kill,corridor-hold,130,Victory,8,0,8,64,5,75,0,37,-1,,0,5,0,1486912211
gym-big-split-boss3-kill,corridor-hold,131,Defeat,7,0,7,56,8,0,1,57,-1,,0,5,0,88100616
gym-big-split-boss3-kill,corridor-hold,132,Defeat,7,0,7,56,16,0,2,71,-1,,0,5,0,4110603818
gym-big-split-boss3-kill,corridor-hold,133,Defeat,7,0,7,56,4,0,1,71,-1,,0,5,0,1776844186
gym-big-split-boss3-kill,corridor-hold,134,Defeat,7,0,7,56,9,0,1,57,-1,,0,5,0,3918717042
gym-big-split-boss3-kill,corridor-hold,135,Defeat,7,0,7,56,15,0,1,57,-1,,0,5,0,3856219946
gym-big-split-boss3-kill,corridor-hold,136,Defeat,5,0,5,40,5,0,4,80,7,1:7,0,7,1,1281814653
gym-big-split-boss3-kill,corridor-hold,137,Defeat,13,0,13,104,18,0,1,53,3,1:3,0,21,0,732338409
gym-big-split-boss3-kill,corridor-hold,138,Defeat,7,0,7,56,5,0,1,71,-1,,0,3,0,1825097327
gym-big-split-boss3-kill,corridor-hold,139,Defeat,7,0,7,56,7,0,1,57,-1,,0,5,0,88100616
gym-big-split-boss3-kill,corridor-hold,140,Defeat,9,0,9,72,12,0,1,55,-1,,0,7,0,3784270121
gym-big-split-boss3-kill,corridor-hold,141,Defeat,7,0,7,56,5,0,1,71,-1,,0,5,0,438840200
gym-big-split-boss3-kill,corridor-hold,142,Defeat,10,0,10,80,9,0,2,70,-1,,0,16,0,2639303864
gym-big-split-boss3-kill,corridor-hold,143,Defeat,5,0,5,40,5,0,2,60,7,1:7,0,6,0,2358453132
gym-big-split-boss3-kill,corridor-hold,144,Victory,12,0,12,96,11,10,0,50,-1,,0,11,0,2805845267
gym-big-split-boss3-kill,corridor-hold,145,Victory,11,0,11,88,10,115,0,45,3,1:3,0,8,0,4106544420
gym-big-split-boss3-kill,corridor-hold,146,Victory,9,0,9,72,6,30,0,55,-1,,0,5,0,3815523452
gym-big-split-boss3-kill,corridor-hold,147,Defeat,6,0,6,48,5,0,2,100,-1,,0,4,0,1337901529
gym-big-split-boss3-kill,corridor-hold,148,Defeat,6,0,6,48,10,0,1,83,-1,,0,5,0,1798010132
gym-big-split-boss3-kill,corridor-hold,149,Victory,8,0,8,64,6,50,0,50,-1,,0,5,0,3887854894
gym-big-split-boss3-kill,corridor-hold,150,Defeat,7,0,7,56,4,0,2,85,-1,,0,6,1,1931617183
gym-big-split-boss3-kill,corridor-hold,151,Defeat,5,0,5,40,5,0,3,80,-1,,0,2,1,1350579121
gym-big-split-boss3-kill,corridor-hold,152,Defeat,7,0,7,56,15,0,1,57,-1,,0,5,0,3685570506
gym-big-split-boss3-kill,corridor-hold,153,Defeat,5,0,5,40,10,0,2,80,-1,,0,3,0,4196782473
gym-big-split-boss3-kill,corridor-hold,154,Victory,9,0,9,72,3,80,1,88,3,1:3,0,9,0,755952782
gym-big-split-boss3-kill,corridor-hold,155,Defeat,7,0,7,56,4,0,1,71,-1,,0,5,0,1776844186
gym-big-split-boss3-kill,corridor-hold,156,Defeat,7,0,7,56,7,0,2,85,-1,,0,6,0,2548242492
gym-big-split-boss3-kill,corridor-hold,157,Defeat,6,0,6,48,2,0,2,83,-1,,0,4,0,158957327
gym-big-split-boss3-kill,corridor-hold,158,Defeat,7,0,7,56,5,0,1,57,-1,,0,5,0,88100616
gym-big-split-boss3-kill,corridor-hold,159,Defeat,6,0,6,48,12,0,2,83,-1,,0,4,0,3995112793
gym-big-split-boss3-kill,corridor-hold,160,Defeat,7,0,7,56,8,0,1,71,-1,,0,6,0,1678222139
gym-big-split-boss3-kill,corridor-hold,161,Defeat,7,0,7,56,13,0,1,57,-1,,0,6,0,165758150
gym-big-split-boss3-kill,corridor-hold,162,Defeat,7,0,7,56,7,0,1,71,-1,,0,4,0,438840200
gym-big-split-boss3-kill,corridor-hold,163,Victory,8,0,8,64,5,75,0,37,-1,,0,5,0,2825774581
gym-big-split-boss3-kill,corridor-hold,164,Defeat,6,0,6,48,15,0,2,100,-1,,0,5,1,2303036157
gym-big-split-boss3-kill,corridor-hold,165,Defeat,7,0,7,56,7,0,1,57,-1,,0,5,0,88100616
gym-big-split-boss3-kill,corridor-hold,166,Defeat,6,0,6,48,3,0,2,83,-1,,0,4,0,883728724
gym-big-split-boss3-kill,corridor-hold,167,Defeat,8,0,8,64,8,0,1,37,-1,,0,6,0,3500933179
gym-big-split-boss3-kill,corridor-hold,168,Defeat,7,0,7,56,7,0,1,57,-1,,0,5,0,88100616
gym-big-split-boss3-kill,corridor-hold,169,Defeat,7,0,7,56,7,0,1,57,-1,,0,6,0,88100616
gym-big-split-boss3-kill,corridor-hold,170,Defeat,5,0,5,40,11,0,3,100,7,1:7,0,7,0,1836859852
gym-big-split-boss3-kill,corridor-hold,171,Defeat,6,0,6,48,5,0,1,66,-1,,0,4,1,2550369793
gym-big-split-boss3-kill,corridor-hold,172,Defeat,5,0,5,40,3,0,2,80,7,1:7,0,6,0,1163285620
gym-big-split-boss3-kill,corridor-hold,173,Defeat,6,0,6,48,4,0,2,83,-1,,0,4,0,4043155674
gym-big-split-boss3-kill,corridor-hold,174,Victory,8,0,8,64,5,25,0,62,-1,,0,7,0,1949766266
gym-big-split-boss3-kill,corridor-hold,175,Defeat,6,0,6,48,3,0,2,100,-1,,0,5,0,3153937875
gym-big-split-boss3-kill,corridor-hold,176,Victory,8,0,8,64,5,75,0,37,-1,,0,5,0,1486912211
gym-big-split-boss3-kill,corridor-hold,177,Defeat,6,0,6,48,5,0,2,66,-1,,0,3,0,1590750533
gym-big-split-boss3-kill,corridor-hold,178,Defeat,7,0,7,56,5,0,1,57,-1,,0,4,0,3485466858
gym-big-split-boss3-kill,corridor-hold,179,Defeat,7,0,7,56,4,0,1,71,-1,,0,5,0,3877111292
gym-big-split-boss3-kill,corridor-hold,180,Victory,11,0,11,88,12,40,0,45,3,1:3,0,7,0,2271614965
gym-big-split-boss3-kill,corridor-hold,181,Defeat,7,0,7,56,7,0,1,57,-1,,0,5,0,88100616
gym-big-split-boss3-kill,corridor-hold,182,Defeat,6,0,6,48,11,0,2,66,-1,,0,4,0,321181627
gym-big-split-boss3-kill,corridor-hold,183,Defeat,7,0,7,56,15,0,1,57,-1,,0,5,0,3856219946
gym-big-split-boss3-kill,corridor-hold,184,Defeat,6,0,6,48,10,0,2,83,-1,,0,4,0,584088980
gym-big-split-boss3-kill,corridor-hold,185,Defeat,6,0,6,48,8,0,2,66,-1,,0,4,0,1478740442
gym-big-split-boss3-kill,corridor-hold,186,Victory,13,0,13,104,16,115,0,30,-1,,0,15,0,3903659507
gym-big-split-boss3-kill,corridor-hold,187,Defeat,7,0,7,56,7,0,1,57,-1,,0,5,0,88100616
gym-big-split-boss3-kill,corridor-hold,188,Defeat,7,0,7,56,7,0,1,57,-1,,0,5,0,88100616
gym-big-split-boss3-kill,corridor-hold,189,Defeat,6,0,6,48,0,0,3,100,7,1:7,0,7,1,93501781
gym-big-split-boss3-kill,corridor-hold,190,Defeat,6,0,6,48,5,0,2,100,-1,,0,4,0,4254186655
gym-big-split-boss3-kill,corridor-hold,191,Defeat,6,0,6,48,9,0,2,116,-1,,0,4,0,2354177902
gym-big-split-boss3-kill,corridor-hold,192,Defeat,7,0,7,56,14,0,2,71,-1,,0,4,0,1303732880
gym-big-split-boss3-kill,corridor-hold,193,Defeat,6,0,6,48,5,0,2,83,-1,,0,4,0,1605995962
gym-big-split-boss3-kill,corridor-hold,194,Defeat,5,0,5,40,3,0,3,80,-1,,0,3,1,2875177407
gym-big-split-boss3-kill,corridor-hold,195,Defeat,6,0,6,48,12,0,2,66,-1,,0,4,0,352267106
gym-big-split-boss3-kill,corridor-hold,196,Defeat,5,0,5,40,3,0,3,60,-1,,0,5,1,1384861733
gym-big-split-boss3-kill,corridor-hold,197,Defeat,6,0,6,48,6,0,2,83,-1,,0,5,1,1678387377
gym-big-split-boss3-kill,corridor-hold,198,Defeat,6,0,6,48,3,0,2,66,-1,,0,3,0,476514082
gym-big-split-boss3-kill,corridor-hold,199,Defeat,5,0,5,40,20,0,2,80,-1,,0,3,1,1957319032
gym-big-split-boss3-kill,corridor-hold,200,Defeat,7,0,7,56,10,0,1,57,-1,,0,5,0,88100616
gym-big-split-boss3-kill,tpa-order,1,Victory,7,0,7,56,7,25,1,71,-1,,0,5,0,1621620537
gym-big-split-boss3-kill,tpa-order,2,Defeat,6,0,6,48,8,0,2,66,-1,,0,3,0,2051849407
gym-big-split-boss3-kill,tpa-order,3,Victory,7,0,7,56,5,25,1,71,-1,,0,6,0,1594337168
gym-big-split-boss3-kill,tpa-order,4,Victory,7,0,7,56,4,135,1,57,3,1:3,0,6,0,4168177868
gym-big-split-boss3-kill,tpa-order,5,Defeat,7,0,7,56,15,0,1,57,-1,,0,5,0,1863740436
gym-big-split-boss3-kill,tpa-order,6,Victory,7,0,7,56,5,75,1,57,-1,,0,5,0,2470582413
gym-big-split-boss3-kill,tpa-order,7,Defeat,7,0,7,56,6,0,1,71,-1,,0,6,0,2470605008
gym-big-split-boss3-kill,tpa-order,8,Defeat,5,0,5,40,10,0,2,80,-1,,0,3,1,3370059507
gym-big-split-boss3-kill,tpa-order,9,Defeat,5,0,5,40,5,0,3,100,-1,,0,5,1,2581839757
gym-big-split-boss3-kill,tpa-order,10,Defeat,5,0,5,40,3,0,2,80,-1,,0,3,1,1236887047
gym-big-split-boss3-kill,tpa-order,11,Victory,7,0,7,56,7,75,1,57,-1,,0,5,0,2470582413
gym-big-split-boss3-kill,tpa-order,12,Victory,7,0,7,56,7,75,1,57,-1,,0,5,0,2470582413
gym-big-split-boss3-kill,tpa-order,13,Defeat,6,0,6,48,6,0,2,66,-1,,0,3,0,421114439
gym-big-split-boss3-kill,tpa-order,14,Victory,7,0,7,56,8,50,1,71,-1,,0,5,0,1287005376
gym-big-split-boss3-kill,tpa-order,15,Defeat,5,0,5,40,12,0,3,80,-1,,0,3,0,821139822
gym-big-split-boss3-kill,tpa-order,16,Defeat,8,0,8,64,3,0,1,62,-1,,0,7,0,2552040708
gym-big-split-boss3-kill,tpa-order,17,Victory,7,0,7,56,3,25,1,71,-1,,0,5,0,1720242584
gym-big-split-boss3-kill,tpa-order,18,Defeat,7,0,7,56,4,0,1,71,-1,,0,4,0,616808831
gym-big-split-boss3-kill,tpa-order,19,Defeat,6,0,6,48,5,0,2,83,-1,,0,3,0,726061289
gym-big-split-boss3-kill,tpa-order,20,Victory,7,0,7,56,5,75,1,57,-1,,0,5,0,2470582413
gym-big-split-boss3-kill,tpa-order,21,Victory,12,0,12,96,15,65,0,41,-1,,0,9,0,3261737909
gym-big-split-boss3-kill,tpa-order,22,Defeat,6,0,6,48,5,0,2,83,7,1:7,0,9,0,2542681162
gym-big-split-boss3-kill,tpa-order,23,Victory,7,0,7,56,5,75,1,57,-1,,0,5,0,2470582413
gym-big-split-boss3-kill,tpa-order,24,Defeat,5,0,5,40,5,0,3,60,7,1:7,0,6,0,701789473
gym-big-split-boss3-kill,tpa-order,25,Defeat,6,0,6,48,6,0,1,100,-1,,0,4,0,2108692422
gym-big-split-boss3-kill,tpa-order,26,Defeat,7,0,7,56,4,0,1,57,-1,,0,4,0,2364348796
gym-big-split-boss3-kill,tpa-order,27,Defeat,14,0,14,112,12,0,1,64,3,1:3,0,22,0,2299064799
gym-big-split-boss3-kill,tpa-order,28,Victory,7,0,7,56,2,130,1,57,3,1:3,0,6,0,1878656591
gym-big-split-boss3-kill,tpa-order,29,Defeat,10,0,10,80,14,0,2,70,-1,,0,13,0,1497750418
gym-big-split-boss3-kill,tpa-order,30,Victory,7,0,7,56,7,75,1,57,-1,,0,5,0,2470582413
gym-big-split-boss3-kill,tpa-order,31,Defeat,4,0,4,32,4,0,3,75,-1,,0,2,2,1861872592
gym-big-split-boss3-kill,tpa-order,32,Defeat,5,0,5,40,2,0,3,140,-1,,0,4,0,1134918556
gym-big-split-boss3-kill,tpa-order,33,Victory,7,0,7,56,10,50,1,57,-1,,0,5,0,2046138492
gym-big-split-boss3-kill,tpa-order,34,Defeat,7,0,7,56,10,0,2,57,-1,,0,6,1,3490192074
gym-big-split-boss3-kill,tpa-order,35,Defeat,5,0,5,40,4,0,2,80,-1,,0,3,1,421503472
gym-big-split-boss3-kill,tpa-order,36,Defeat,7,0,7,56,7,0,1,57,-1,,0,4,0,3665980052
gym-big-split-boss3-kill,tpa-order,37,Victory,7,0,7,56,5,5,1,71,-1,,0,5,0,236793141
gym-big-split-boss3-kill,tpa-order,38,Defeat,5,0,5,40,5,0,2,60,7,1:7,0,6,0,2358453132
gym-big-split-boss3-kill,tpa-order,39,Defeat,6,0,6,48,5,0,2,83,-1,,0,4,0,3754901421
gym-big-split-boss3-kill,tpa-order,40,Victory,7,0,7,56,5,75,1,57,-1,,0,5,0,2470582413
gym-big-split-boss3-kill,tpa-order,41,Defeat,7,0,7,56,5,0,2,85,-1,,0,5,0,1162066524
gym-big-split-boss3-kill,tpa-order,42,Victory,7,0,7,56,7,75,1,57,-1,,0,5,0,2470582413
gym-big-split-boss3-kill,tpa-order,43,Defeat,8,0,8,64,4,0,1,50,-1,,0,8,0,4285114590
gym-big-split-boss3-kill,tpa-order,44,Defeat,6,0,6,48,7,0,2,83,-1,,0,3,0,3718075783
gym-big-split-boss3-kill,tpa-order,45,Defeat,5,0,5,40,2,0,2,80,-1,,0,3,1,421503472
gym-big-split-boss3-kill,tpa-order,46,Victory,7,0,7,56,10,75,1,57,-1,,0,5,0,2470582413
gym-big-split-boss3-kill,tpa-order,47,Defeat,7,0,7,56,7,0,1,57,-1,,0,5,0,88100616
gym-big-split-boss3-kill,tpa-order,48,Victory,7,0,7,56,7,75,1,57,-1,,0,5,0,2470582413
gym-big-split-boss3-kill,tpa-order,49,Defeat,7,0,7,56,9,0,2,71,-1,,0,5,0,2544856577
gym-big-split-boss3-kill,tpa-order,50,Defeat,6,0,6,48,4,0,2,83,-1,,0,3,0,2816798643
gym-big-split-boss3-kill,tpa-order,51,Victory,20,0,20,160,27,215,1,20,12,1:12,0,32,0,3382425937
gym-big-split-boss3-kill,tpa-order,52,Victory,7,0,7,56,5,25,1,71,-1,,0,5,0,4239268456
gym-big-split-boss3-kill,tpa-order,53,Defeat,5,0,5,40,10,0,3,100,-1,,0,3,1,154678128
gym-big-split-boss3-kill,tpa-order,54,Victory,8,0,8,64,8,60,0,62,-1,,0,6,0,4049713333
gym-big-split-boss3-kill,tpa-order,55,Defeat,7,0,7,56,6,0,3,71,-1,,0,7,0,1923739852
gym-big-split-boss3-kill,tpa-order,56,Defeat,5,0,5,40,10,0,3,60,-1,,0,3,1,3244273148
gym-big-split-boss3-kill,tpa-order,57,Victory,8,0,8,64,6,25,0,50,-1,,0,5,0,4120245644
gym-big-split-boss3-kill,tpa-order,58,Victory,8,0,8,64,3,75,0,37,-1,,0,6,0,1486912211
gym-big-split-boss3-kill,tpa-order,59,Defeat,9,0,9,72,9,0,1,55,-1,,0,10,0,568057946
gym-big-split-boss3-kill,tpa-order,60,Defeat,5,0,5,40,5,0,3,60,7,1:7,0,6,0,1829404581
gym-big-split-boss3-kill,tpa-order,61,Defeat,7,0,7,56,10,0,1,71,-1,,0,6,0,4059909750
gym-big-split-boss3-kill,tpa-order,62,Defeat,7,0,7,56,8,0,1,85,-1,,0,5,0,3085751420
gym-big-split-boss3-kill,tpa-order,63,Defeat,7,0,7,56,3,0,1,71,-1,,0,4,0,1465161120
gym-big-split-boss3-kill,tpa-order,64,Defeat,6,0,6,48,10,0,1,83,-1,,0,4,0,2462939634
gym-big-split-boss3-kill,tpa-order,65,Defeat,6,0,6,48,15,0,1,83,-1,,0,4,0,2264924886
gym-big-split-boss3-kill,tpa-order,66,Victory,8,0,8,64,6,25,0,50,-1,,0,6,0,1716828838
gym-big-split-boss3-kill,tpa-order,67,Victory,7,0,7,56,5,50,1,71,-1,,0,5,0,560277772
gym-big-split-boss3-kill,tpa-order,68,Defeat,5,0,5,40,14,0,3,120,-1,,0,4,1,2886309263
gym-big-split-boss3-kill,tpa-order,69,Defeat,6,0,6,48,6,0,1,83,-1,,0,4,0,2976500810
gym-big-split-boss3-kill,tpa-order,70,Defeat,6,0,6,48,10,0,2,83,-1,,0,4,0,584088980
gym-big-split-boss3-kill,tpa-order,71,Defeat,11,0,11,88,14,0,1,54,-1,,0,12,0,2072262624
gym-big-split-boss3-kill,tpa-order,72,Victory,10,0,10,80,3,5,0,60,-1,,0,12,0,4078223760
gym-big-split-boss3-kill,tpa-order,73,Defeat,6,0,6,48,5,0,2,83,-1,,0,6,1,3362492993
gym-big-split-boss3-kill,tpa-order,74,Defeat,5,0,5,40,3,0,2,80,-1,,0,3,1,1420333617
gym-big-split-boss3-kill,tpa-order,75,Defeat,5,0,5,40,3,0,3,80,-1,,0,3,1,1137619030
gym-big-split-boss3-kill,tpa-order,76,Defeat,7,0,7,56,3,0,1,71,-1,,0,5,0,2664409204
gym-big-split-boss3-kill,tpa-order,77,Defeat,7,0,7,56,11,0,1,57,-1,,0,5,0,3262474018
gym-big-split-boss3-kill,tpa-order,78,Defeat,7,0,7,56,13,0,2,85,-1,,0,5,0,4239734842
gym-big-split-boss3-kill,tpa-order,79,Victory,7,0,7,56,7,75,1,57,-1,,0,6,0,2470582413
gym-big-split-boss3-kill,tpa-order,80,Defeat,7,0,7,56,3,0,1,57,-1,,0,6,0,2088277146
gym-big-split-boss3-kill,tpa-order,81,Victory,14,0,14,112,19,25,0,50,3,1:3,0,15,0,3186263433
gym-big-split-boss3-kill,tpa-order,82,Victory,8,0,8,64,5,50,0,50,-1,,0,5,0,1055477120
gym-big-split-boss3-kill,tpa-order,83,Defeat,5,0,5,40,3,0,3,100,7,1:7,0,5,1,745687720
gym-big-split-boss3-kill,tpa-order,84,Defeat,5,0,5,40,5,0,2,100,-1,,0,3,1,3389822201
gym-big-split-boss3-kill,tpa-order,85,Defeat,6,0,6,48,2,0,1,66,-1,,0,4,0,3901656228
gym-big-split-boss3-kill,tpa-order,86,Defeat,6,0,6,48,9,0,2,83,-1,,0,3,0,2816798643
gym-big-split-boss3-kill,tpa-order,87,Defeat,7,0,7,56,10,0,1,71,-1,,0,5,0,3501048486
gym-big-split-boss3-kill,tpa-order,88,Defeat,6,0,6,48,5,0,1,66,-1,,0,4,0,51949037
gym-big-split-boss3-kill,tpa-order,89,Victory,7,0,7,56,3,75,1,57,-1,,0,5,0,2470582413
gym-big-split-boss3-kill,tpa-order,90,Defeat,7,0,7,56,5,0,1,57,-1,,0,4,0,3878760847
gym-big-split-boss3-kill,tpa-order,91,Defeat,7,0,7,56,11,0,2,71,-1,,0,6,0,3597286698
gym-big-split-boss3-kill,tpa-order,92,Victory,7,0,7,56,7,75,1,57,-1,,0,5,0,2470582413
gym-big-split-boss3-kill,tpa-order,93,Defeat,6,0,6,48,3,0,3,83,-1,,0,5,0,444659944
gym-big-split-boss3-kill,tpa-order,94,Victory,8,0,8,64,5,75,0,37,-1,,0,5,0,1486912211
gym-big-split-boss3-kill,tpa-order,95,Defeat,7,0,7,56,5,0,1,85,-1,,0,3,0,3311417358
gym-big-split-boss3-kill,tpa-order,96,Victory,7,0,7,56,5,100,1,57,-1,,0,5,0,2801576506
gym-big-split-boss3-kill,tpa-order,97,Victory,7,0,7,56,15,75,1,57,-1,,0,5,0,2470582413
gym-big-split-boss3-kill,tpa-order,98,Defeat,5,0,5,40,5,0,2,60,7,1:7,0,6,0,2358453132
gym-big-split-boss3-kill,tpa-order,99,Defeat,7,0,7,56,13,0,1,71,-1,,0,5,0,3997412654
gym-big-split-boss3-kill,tpa-order,100,Victory,18,0,18,144,21,160,1,27,3,1:3,0,36,0,726531404
gym-big-split-boss3-kill,tpa-order,101,Defeat,6,0,6,48,8,0,2,83,-1,,0,4,0,1759485123
gym-big-split-boss3-kill,tpa-order,102,Victory,7,0,7,56,5,75,1,57,-1,,0,6,0,2470582413
gym-big-split-boss3-kill,tpa-order,103,Victory,7,0,7,56,7,75,1,57,-1,,0,5,0,2470582413
gym-big-split-boss3-kill,tpa-order,104,Victory,11,0,11,88,8,15,0,54,-1,,0,12,0,2309942428
gym-big-split-boss3-kill,tpa-order,105,Defeat,6,0,6,48,5,0,2,66,-1,,0,3,0,421114439
gym-big-split-boss3-kill,tpa-order,106,Defeat,6,0,6,48,3,0,1,83,-1,,0,4,0,1798010132
gym-big-split-boss3-kill,tpa-order,107,Victory,20,0,20,160,25,190,0,35,3,1:3,0,20,0,3677202712
gym-big-split-boss3-kill,tpa-order,108,Defeat,6,0,6,48,4,0,2,83,-1,,0,4,0,2281396843
gym-big-split-boss3-kill,tpa-order,109,Victory,7,0,7,56,9,75,1,57,-1,,0,5,0,2470582413
gym-big-split-boss3-kill,tpa-order,110,Defeat,6,0,6,48,3,0,2,100,-1,,0,4,0,3603532132
gym-big-split-boss3-kill,tpa-order,111,Defeat,6,0,6,48,14,0,1,83,-1,,0,5,0,156356615
gym-big-split-boss3-kill,tpa-order,112,Defeat,5,0,5,40,5,0,2,80,-1,,0,3,1,1759491918
gym-big-split-boss3-kill,tpa-order,113,Defeat,7,0,7,56,14,0,2,71,-1,,0,6,1,1091316589
gym-big-split-boss3-kill,tpa-order,114,Defeat,6,0,6,48,4,0,2,100,-1,,0,4,0,3995004591
gym-big-split-boss3-kill,tpa-order,115,Defeat,6,0,6,48,10,0,2,66,-1,,0,4,0,1478740442
gym-big-split-boss3-kill,tpa-order,116,Victory,9,0,9,72,7,10,1,55,-1,,0,9,0,3380443359
gym-big-split-boss3-kill,tpa-order,117,Victory,7,0,7,56,5,25,1,71,-1,,0,5,0,3369967200
gym-big-split-boss3-kill,tpa-order,118,Victory,7,0,7,56,4,25,1,71,-1,,0,5,0,1621620537
gym-big-split-boss3-kill,tpa-order,119,Victory,15,0,15,120,15,120,0,33,7,1:7,0,14,0,3851830431
gym-big-split-boss3-kill,tpa-order,120,Defeat,7,0,7,56,4,0,1,71,-1,,0,5,0,3242803449
gym-big-split-boss3-kill,tpa-order,121,Defeat,7,0,7,56,2,0,1,71,-1,,0,5,0,1132272025
gym-big-split-boss3-kill,tpa-order,122,Victory,8,0,8,64,5,55,0,62,-1,,0,6,0,3477431126
gym-big-split-boss3-kill,tpa-order,123,Defeat,8,0,8,64,11,0,1,75,-1,,0,7,0,3454158817
gym-big-split-boss3-kill,tpa-order,124,Defeat,7,0,7,56,3,0,1,71,-1,,0,5,0,1961250598
gym-big-split-boss3-kill,tpa-order,125,Victory,7,0,7,56,5,75,1,57,-1,,0,6,0,2470582413
gym-big-split-boss3-kill,tpa-order,126,Defeat,6,0,6,48,11,0,2,100,-1,,0,5,1,2442046509
gym-big-split-boss3-kill,tpa-order,127,Defeat,6,0,6,48,8,0,1,66,-1,,0,4,0,4073187631
gym-big-split-boss3-kill,tpa-order,128,Defeat,5,0,5,40,9,0,3,80,-1,,0,3,1,405635922
gym-big-split-boss3-kill,tpa-order,129,Defeat,7,0,7,56,10,0,1,71,-1,,0,5,0,1572988924
gym-big-split-boss3-kill,tpa-order,130,Victory,8,0,8,64,5,75,0,37,-1,,0,5,0,1486912211
gym-big-split-boss3-kill,tpa-order,131,Victory,7,0,7,56,8,75,1,57,-1,,0,5,0,2470582413
gym-big-split-boss3-kill,tpa-order,132,Defeat,7,0,7,56,16,0,2,71,-1,,0,5,0,4110603818
gym-big-split-boss3-kill,tpa-order,133,Victory,7,0,7,56,4,25,1,71,-1,,0,5,0,1621620537
gym-big-split-boss3-kill,tpa-order,134,Defeat,7,0,7,56,9,0,1,57,-1,,0,5,0,3918717042
gym-big-split-boss3-kill,tpa-order,135,Defeat,7,0,7,56,15,0,1,57,-1,,0,5,0,3856219946
gym-big-split-boss3-kill,tpa-order,136,Defeat,6,0,6,48,5,0,3,116,7,1:7,0,9,0,2561092566
gym-big-split-boss3-kill,tpa-order,137,Defeat,13,0,13,104,18,0,1,53,3,1:3,0,21,0,732338409
gym-big-split-boss3-kill,tpa-order,138,Defeat,7,0,7,56,5,0,1,71,-1,,0,3,0,1825097327
gym-big-split-boss3-kill,tpa-order,139,Victory,7,0,7,56,7,75,1,57,-1,,0,5,0,2470582413
gym-big-split-boss3-kill,tpa-order,140,Defeat,9,0,9,72,12,0,1,55,-1,,0,7,0,3784270121
gym-big-split-boss3-kill,tpa-order,141,Victory,7,0,7,56,5,50,1,71,-1,,0,5,0,3057933304
gym-big-split-boss3-kill,tpa-order,142,Defeat,10,0,10,80,9,0,2,70,-1,,0,16,0,2639303864
gym-big-split-boss3-kill,tpa-order,143,Defeat,5,0,5,40,5,0,2,60,7,1:7,0,6,0,2358453132
gym-big-split-boss3-kill,tpa-order,144,Victory,12,0,12,96,11,10,0,50,-1,,0,11,0,2805845267
gym-big-split-boss3-kill,tpa-order,145,Victory,11,0,11,88,10,115,0,45,3,1:3,0,8,0,4106544420
gym-big-split-boss3-kill,tpa-order,146,Victory,9,0,9,72,6,30,0,55,-1,,0,5,0,3815523452
gym-big-split-boss3-kill,tpa-order,147,Defeat,6,0,6,48,5,0,2,100,-1,,0,4,0,1337901529
gym-big-split-boss3-kill,tpa-order,148,Defeat,6,0,6,48,10,0,1,83,-1,,0,5,0,1798010132
gym-big-split-boss3-kill,tpa-order,149,Victory,8,0,8,64,6,50,0,50,-1,,0,5,0,3887854894
gym-big-split-boss3-kill,tpa-order,150,Defeat,7,0,7,56,4,0,2,85,-1,,0,6,1,3793075000
gym-big-split-boss3-kill,tpa-order,151,Defeat,5,0,5,40,5,0,3,80,-1,,0,2,1,1350579121
gym-big-split-boss3-kill,tpa-order,152,Defeat,7,0,7,56,15,0,1,57,-1,,0,5,0,3685570506
gym-big-split-boss3-kill,tpa-order,153,Defeat,5,0,5,40,10,0,2,80,-1,,0,3,0,4196782473
gym-big-split-boss3-kill,tpa-order,154,Victory,9,0,9,72,3,80,1,88,3,1:3,0,9,0,755952782
gym-big-split-boss3-kill,tpa-order,155,Victory,7,0,7,56,4,25,1,71,-1,,0,5,0,1621620537
gym-big-split-boss3-kill,tpa-order,156,Victory,7,0,7,56,7,25,1,71,-1,,0,6,0,2302125259
gym-big-split-boss3-kill,tpa-order,157,Defeat,6,0,6,48,2,0,2,83,-1,,0,4,0,158957327
gym-big-split-boss3-kill,tpa-order,158,Victory,7,0,7,56,5,75,1,57,-1,,0,5,0,2470582413
gym-big-split-boss3-kill,tpa-order,159,Defeat,6,0,6,48,12,0,2,83,-1,,0,4,0,3995112793
gym-big-split-boss3-kill,tpa-order,160,Victory,7,0,7,56,8,25,1,71,-1,,0,6,0,1720242584
gym-big-split-boss3-kill,tpa-order,161,Defeat,7,0,7,56,13,0,1,57,-1,,0,6,0,165758150
gym-big-split-boss3-kill,tpa-order,162,Victory,7,0,7,56,7,50,1,71,-1,,0,4,0,3057933304
gym-big-split-boss3-kill,tpa-order,163,Victory,8,0,8,64,5,75,0,37,-1,,0,5,0,2825774581
gym-big-split-boss3-kill,tpa-order,164,Defeat,6,0,6,48,15,0,2,100,-1,,0,5,1,2303036157
gym-big-split-boss3-kill,tpa-order,165,Victory,7,0,7,56,7,75,1,57,-1,,0,5,0,2470582413
gym-big-split-boss3-kill,tpa-order,166,Defeat,6,0,6,48,3,0,2,83,-1,,0,4,0,883728724
gym-big-split-boss3-kill,tpa-order,167,Defeat,8,0,8,64,8,0,1,37,-1,,0,6,0,3500933179
gym-big-split-boss3-kill,tpa-order,168,Victory,7,0,7,56,7,75,1,57,-1,,0,5,0,2470582413
gym-big-split-boss3-kill,tpa-order,169,Victory,7,0,7,56,7,75,1,57,-1,,0,6,0,2470582413
gym-big-split-boss3-kill,tpa-order,170,Defeat,5,0,5,40,11,0,3,100,7,1:7,0,7,0,1836859852
gym-big-split-boss3-kill,tpa-order,171,Defeat,6,0,6,48,5,0,1,66,-1,,0,4,1,2550369793
gym-big-split-boss3-kill,tpa-order,172,Defeat,5,0,5,40,3,0,2,80,7,1:7,0,6,0,1163285620
gym-big-split-boss3-kill,tpa-order,173,Defeat,6,0,6,48,4,0,2,83,-1,,0,4,0,4043155674
gym-big-split-boss3-kill,tpa-order,174,Victory,8,0,8,64,5,25,0,62,-1,,0,7,0,1949766266
gym-big-split-boss3-kill,tpa-order,175,Defeat,6,0,6,48,3,0,2,100,-1,,0,5,0,3153937875
gym-big-split-boss3-kill,tpa-order,176,Victory,8,0,8,64,5,75,0,37,-1,,0,5,0,1486912211
gym-big-split-boss3-kill,tpa-order,177,Defeat,6,0,6,48,5,0,2,66,-1,,0,3,0,1590750533
gym-big-split-boss3-kill,tpa-order,178,Defeat,7,0,7,56,5,0,1,57,-1,,0,4,0,3485466858
gym-big-split-boss3-kill,tpa-order,179,Defeat,7,0,7,56,4,0,1,71,-1,,0,5,0,3877111292
gym-big-split-boss3-kill,tpa-order,180,Defeat,5,0,5,40,4,0,2,100,-1,,0,2,1,2988804257
gym-big-split-boss3-kill,tpa-order,181,Victory,7,0,7,56,7,75,1,57,-1,,0,5,0,2470582413
gym-big-split-boss3-kill,tpa-order,182,Defeat,6,0,6,48,11,0,2,66,-1,,0,4,0,321181627
gym-big-split-boss3-kill,tpa-order,183,Defeat,7,0,7,56,15,0,1,57,-1,,0,5,0,3856219946
gym-big-split-boss3-kill,tpa-order,184,Defeat,6,0,6,48,10,0,2,83,-1,,0,4,0,584088980
gym-big-split-boss3-kill,tpa-order,185,Defeat,6,0,6,48,8,0,2,66,-1,,0,4,0,1478740442
gym-big-split-boss3-kill,tpa-order,186,Victory,13,0,13,104,16,115,0,30,-1,,0,15,0,3903659507
gym-big-split-boss3-kill,tpa-order,187,Victory,7,0,7,56,7,75,1,57,-1,,0,5,0,2470582413
gym-big-split-boss3-kill,tpa-order,188,Victory,7,0,7,56,7,75,1,57,-1,,0,5,0,2470582413
gym-big-split-boss3-kill,tpa-order,189,Defeat,6,0,6,48,0,0,2,83,7,1:7,0,7,1,132899614
gym-big-split-boss3-kill,tpa-order,190,Defeat,6,0,6,48,5,0,2,100,-1,,0,4,0,4254186655
gym-big-split-boss3-kill,tpa-order,191,Defeat,6,0,6,48,9,0,2,116,-1,,0,4,0,2354177902
gym-big-split-boss3-kill,tpa-order,192,Defeat,7,0,7,56,14,0,1,57,-1,,0,4,0,3079508683
gym-big-split-boss3-kill,tpa-order,193,Defeat,6,0,6,48,5,0,2,83,-1,,0,4,0,1605995962
gym-big-split-boss3-kill,tpa-order,194,Defeat,6,0,6,48,3,0,1,83,-1,,0,4,0,2344906420
gym-big-split-boss3-kill,tpa-order,195,Defeat,6,0,6,48,12,0,2,66,-1,,0,4,0,352267106
gym-big-split-boss3-kill,tpa-order,196,Defeat,5,0,5,40,3,0,3,60,-1,,0,5,1,1384861733
gym-big-split-boss3-kill,tpa-order,197,Defeat,6,0,6,48,6,0,2,83,-1,,0,5,1,1678387377
gym-big-split-boss3-kill,tpa-order,198,Defeat,6,0,6,48,3,0,2,66,-1,,0,3,0,476514082
gym-big-split-boss3-kill,tpa-order,199,Defeat,5,0,5,40,20,0,2,80,-1,,0,3,1,1957319032
gym-big-split-boss3-kill,tpa-order,200,Victory,7,0,7,56,10,75,1,57,-1,,0,5,0,2470582413
gym-big-split-boss3-kill,control-hold,1,Defeat,7,0,7,56,7,0,1,71,-1,,0,5,0,1776844186
gym-big-split-boss3-kill,control-hold,2,Defeat,6,0,6,48,8,0,2,66,-1,,0,3,0,2051849407
gym-big-split-boss3-kill,control-hold,3,Defeat,7,0,7,56,5,0,1,71,-1,,0,6,0,3337871794
gym-big-split-boss3-kill,control-hold,4,Victory,7,0,7,56,4,135,1,57,3,1:3,0,6,0,4168177868
gym-big-split-boss3-kill,control-hold,5,Defeat,7,0,7,56,15,0,1,57,-1,,0,5,0,1863740436
gym-big-split-boss3-kill,control-hold,6,Defeat,7,0,7,56,5,0,1,57,-1,,0,5,0,88100616
gym-big-split-boss3-kill,control-hold,7,Defeat,7,0,7,56,6,0,1,71,-1,,0,6,0,2470605008
gym-big-split-boss3-kill,control-hold,8,Defeat,5,0,5,40,10,0,2,80,-1,,0,3,1,3370059507
gym-big-split-boss3-kill,control-hold,9,Defeat,5,0,5,40,5,0,4,120,-1,,0,5,1,845503574
gym-big-split-boss3-kill,control-hold,10,Victory,27,0,27,216,35,115,0,25,3,1:3,0,26,0,818761333
gym-big-split-boss3-kill,control-hold,11,Defeat,7,0,7,56,7,0,1,57,-1,,0,5,0,88100616
gym-big-split-boss3-kill,control-hold,12,Victory,7,0,7,56,7,75,1,57,-1,,0,5,0,3770565009
gym-big-split-boss3-kill,control-hold,13,Defeat,6,0,6,48,6,0,2,66,-1,,0,3,0,421114439
gym-big-split-boss3-kill,control-hold,14,Defeat,7,0,7,56,8,0,2,85,-1,,0,5,0,1626734268
gym-big-split-boss3-kill,control-hold,15,Defeat,5,0,5,40,12,0,3,80,-1,,0,3,0,821139822
gym-big-split-boss3-kill,control-hold,16,Defeat,8,0,8,64,3,0,1,62,-1,,0,7,0,2552040708
gym-big-split-boss3-kill,control-hold,17,Defeat,7,0,7,56,3,0,1,71,-1,,0,5,0,1678222139
gym-big-split-boss3-kill,control-hold,18,Defeat,7,0,7,56,4,0,1,71,-1,,0,4,0,616808831
gym-big-split-boss3-kill,control-hold,19,Defeat,6,0,6,48,5,0,2,83,-1,,0,3,0,726061289
gym-big-split-boss3-kill,control-hold,20,Defeat,7,0,7,56,5,0,1,57,-1,,0,5,0,88100616
gym-big-split-boss3-kill,control-hold,21,Victory,12,0,12,96,15,65,0,41,-1,,0,9,0,3261737909
gym-big-split-boss3-kill,control-hold,22,Defeat,6,0,6,48,5,0,2,83,7,1:7,0,9,0,2542681162
gym-big-split-boss3-kill,control-hold,23,Defeat,7,0,7,56,5,0,1,57,-1,,0,5,0,88100616
gym-big-split-boss3-kill,control-hold,24,Defeat,5,0,5,40,5,0,3,60,7,1:7,0,6,0,701789473
gym-big-split-boss3-kill,control-hold,25,Defeat,6,0,6,48,6,0,1,100,-1,,0,4,0,2108692422
gym-big-split-boss3-kill,control-hold,26,Defeat,7,0,7,56,4,0,1,57,-1,,0,4,0,2364348796
gym-big-split-boss3-kill,control-hold,27,Defeat,14,0,14,112,12,0,2,71,3,1:3,0,22,0,2336935124
gym-big-split-boss3-kill,control-hold,28,Victory,7,0,7,56,2,130,1,57,3,1:3,0,6,0,1878656591
gym-big-split-boss3-kill,control-hold,29,Victory,10,0,10,80,14,10,2,80,-1,,0,14,0,3221516608
gym-big-split-boss3-kill,control-hold,30,Defeat,7,0,7,56,7,0,1,57,-1,,0,5,0,88100616
gym-big-split-boss3-kill,control-hold,31,Defeat,4,0,4,32,4,0,3,75,-1,,0,2,2,1861872592
gym-big-split-boss3-kill,control-hold,32,Defeat,4,0,4,32,2,0,4,150,-1,,0,2,1,3985089500
gym-big-split-boss3-kill,control-hold,33,Defeat,7,0,7,56,10,0,1,57,-1,,0,5,0,1237532172
gym-big-split-boss3-kill,control-hold,34,Defeat,7,0,7,56,10,0,2,57,-1,,0,6,1,3490192074
gym-big-split-boss3-kill,control-hold,35,Defeat,5,0,5,40,4,0,2,80,-1,,0,3,1,421503472
gym-big-split-boss3-kill,control-hold,36,Defeat,7,0,7,56,7,0,1,57,-1,,0,4,0,3665980052
gym-big-split-boss3-kill,control-hold,37,Defeat,7,0,7,56,5,0,1,71,-1,,0,5,0,1776844186
gym-big-split-boss3-kill,control-hold,38,Defeat,5,0,5,40,5,0,2,60,7,1:7,0,6,0,2358453132
gym-big-split-boss3-kill,control-hold,39,Defeat,6,0,6,48,5,0,2,83,-1,,0,4,0,3754901421
gym-big-split-boss3-kill,control-hold,40,Defeat,7,0,7,56,5,0,2,71,-1,,0,5,0,3512810221
gym-big-split-boss3-kill,control-hold,41,Defeat,7,0,7,56,5,0,2,85,-1,,0,5,0,1162066524
gym-big-split-boss3-kill,control-hold,42,Defeat,7,0,7,56,7,0,1,57,-1,,0,5,0,88100616
gym-big-split-boss3-kill,control-hold,43,Defeat,8,0,8,64,4,0,1,50,-1,,0,8,0,4285114590
gym-big-split-boss3-kill,control-hold,44,Defeat,6,0,6,48,7,0,2,83,-1,,0,3,0,3718075783
gym-big-split-boss3-kill,control-hold,45,Defeat,5,0,5,40,2,0,2,80,-1,,0,3,1,421503472
gym-big-split-boss3-kill,control-hold,46,Defeat,7,0,7,56,10,0,1,57,-1,,0,5,0,88100616
gym-big-split-boss3-kill,control-hold,47,Defeat,7,0,7,56,7,0,1,57,-1,,0,5,0,88100616
gym-big-split-boss3-kill,control-hold,48,Defeat,7,0,7,56,7,0,2,71,-1,,0,5,0,3873203727
gym-big-split-boss3-kill,control-hold,49,Defeat,7,0,7,56,9,0,2,71,-1,,0,5,0,2544856577
gym-big-split-boss3-kill,control-hold,50,Defeat,6,0,6,48,4,0,2,83,-1,,0,3,0,2816798643
gym-big-split-boss3-kill,control-hold,51,Victory,20,0,20,160,27,215,1,20,12,1:12,0,32,0,3382425937
gym-big-split-boss3-kill,control-hold,52,Defeat,7,0,7,56,5,0,1,71,-1,,0,5,0,741322362
gym-big-split-boss3-kill,control-hold,53,Defeat,5,0,5,40,10,0,3,100,-1,,0,3,1,154678128
gym-big-split-boss3-kill,control-hold,54,Victory,8,0,8,64,8,60,0,62,-1,,0,6,0,4049713333
gym-big-split-boss3-kill,control-hold,55,Defeat,7,0,7,56,6,0,3,71,-1,,0,7,0,1923739852
gym-big-split-boss3-kill,control-hold,56,Defeat,5,0,5,40,10,0,3,60,-1,,0,3,1,3244273148
gym-big-split-boss3-kill,control-hold,57,Victory,8,0,8,64,6,25,0,50,-1,,0,5,0,4120245644
gym-big-split-boss3-kill,control-hold,58,Victory,8,0,8,64,3,75,0,37,-1,,0,6,0,1486912211
gym-big-split-boss3-kill,control-hold,59,Defeat,9,0,9,72,9,0,1,55,-1,,0,10,0,568057946
gym-big-split-boss3-kill,control-hold,60,Defeat,5,0,5,40,5,0,3,60,7,1:7,0,6,0,1829404581
gym-big-split-boss3-kill,control-hold,61,Defeat,7,0,7,56,10,0,1,71,-1,,0,6,0,4059909750
gym-big-split-boss3-kill,control-hold,62,Defeat,7,0,7,56,8,0,1,85,-1,,0,5,0,3085751420
gym-big-split-boss3-kill,control-hold,63,Defeat,7,0,7,56,3,0,1,71,-1,,0,4,0,1465161120
gym-big-split-boss3-kill,control-hold,64,Defeat,6,0,6,48,10,0,1,83,-1,,0,4,0,2462939634
gym-big-split-boss3-kill,control-hold,65,Defeat,6,0,6,48,15,0,1,83,-1,,0,4,0,2264924886
gym-big-split-boss3-kill,control-hold,66,Victory,8,0,8,64,6,25,0,50,-1,,0,6,0,1716828838
gym-big-split-boss3-kill,control-hold,67,Defeat,7,0,7,56,5,0,2,85,-1,,0,5,0,4083096588
gym-big-split-boss3-kill,control-hold,68,Defeat,5,0,5,40,14,0,3,120,-1,,0,4,1,2886309263
gym-big-split-boss3-kill,control-hold,69,Defeat,6,0,6,48,6,0,1,83,-1,,0,4,0,2976500810
gym-big-split-boss3-kill,control-hold,70,Defeat,6,0,6,48,10,0,2,83,-1,,0,4,0,584088980
gym-big-split-boss3-kill,control-hold,71,Defeat,11,0,11,88,14,0,1,54,-1,,0,12,0,2072262624
gym-big-split-boss3-kill,control-hold,72,Victory,10,0,10,80,3,5,0,60,-1,,0,12,0,4078223760
gym-big-split-boss3-kill,control-hold,73,Defeat,6,0,6,48,5,0,2,83,-1,,0,6,1,3362492993
gym-big-split-boss3-kill,control-hold,74,Defeat,5,0,5,40,3,0,2,80,-1,,0,3,1,1420333617
gym-big-split-boss3-kill,control-hold,75,Defeat,5,0,5,40,3,0,3,80,-1,,0,3,1,1137619030
gym-big-split-boss3-kill,control-hold,76,Defeat,7,0,7,56,3,0,1,71,-1,,0,5,0,2664409204
gym-big-split-boss3-kill,control-hold,77,Defeat,7,0,7,56,11,0,1,57,-1,,0,5,0,3262474018
gym-big-split-boss3-kill,control-hold,78,Defeat,7,0,7,56,13,0,2,85,-1,,0,5,0,4239734842
gym-big-split-boss3-kill,control-hold,79,Defeat,7,0,7,56,7,0,1,57,-1,,0,6,0,88100616
gym-big-split-boss3-kill,control-hold,80,Defeat,7,0,7,56,3,0,2,71,-1,,0,6,0,161897729
gym-big-split-boss3-kill,control-hold,81,Victory,14,0,14,112,19,25,0,50,3,1:3,0,15,0,3186263433
gym-big-split-boss3-kill,control-hold,82,Victory,8,0,8,64,5,50,0,50,-1,,0,5,0,1055477120
gym-big-split-boss3-kill,control-hold,83,Defeat,5,0,5,40,3,0,3,100,7,1:7,0,5,1,745687720
gym-big-split-boss3-kill,control-hold,84,Defeat,5,0,5,40,5,0,2,100,-1,,0,3,1,3389822201
gym-big-split-boss3-kill,control-hold,85,Defeat,6,0,6,48,2,0,1,66,-1,,0,4,0,3901656228
gym-big-split-boss3-kill,control-hold,86,Defeat,6,0,6,48,9,0,2,83,-1,,0,3,0,2816798643
gym-big-split-boss3-kill,control-hold,87,Defeat,7,0,7,56,10,0,1,71,-1,,0,5,0,3501048486
gym-big-split-boss3-kill,control-hold,88,Defeat,6,0,6,48,5,0,1,66,-1,,0,4,0,51949037
gym-big-split-boss3-kill,control-hold,89,Defeat,7,0,7,56,3,0,1,57,-1,,0,5,0,88100616
gym-big-split-boss3-kill,control-hold,90,Defeat,7,0,7,56,5,0,1,57,-1,,0,4,0,3878760847
gym-big-split-boss3-kill,control-hold,91,Defeat,7,0,7,56,11,0,2,71,-1,,0,6,0,3597286698
gym-big-split-boss3-kill,control-hold,92,Defeat,7,0,7,56,7,0,1,57,-1,,0,5,0,88100616
gym-big-split-boss3-kill,control-hold,93,Defeat,6,0,6,48,3,0,3,83,-1,,0,5,0,444659944
gym-big-split-boss3-kill,control-hold,94,Victory,8,0,8,64,5,75,0,37,-1,,0,5,0,1486912211
gym-big-split-boss3-kill,control-hold,95,Defeat,7,0,7,56,5,0,1,85,-1,,0,3,0,3311417358
gym-big-split-boss3-kill,control-hold,96,Defeat,7,0,7,56,5,0,1,57,-1,,0,5,0,88100616
gym-big-split-boss3-kill,control-hold,97,Defeat,7,0,7,56,15,0,1,57,-1,,0,5,0,88100616
gym-big-split-boss3-kill,control-hold,98,Defeat,5,0,5,40,5,0,2,60,7,1:7,0,6,0,2358453132
gym-big-split-boss3-kill,control-hold,99,Defeat,7,0,7,56,13,0,1,71,-1,,0,5,0,3997412654
gym-big-split-boss3-kill,control-hold,100,Victory,18,0,18,144,21,160,1,27,3,1:3,0,36,0,726531404
gym-big-split-boss3-kill,control-hold,101,Defeat,6,0,6,48,8,0,2,83,-1,,0,4,0,1759485123
gym-big-split-boss3-kill,control-hold,102,Defeat,7,0,7,56,5,0,1,57,-1,,0,6,0,88100616
gym-big-split-boss3-kill,control-hold,103,Defeat,7,0,7,56,7,0,1,57,-1,,0,5,0,88100616
gym-big-split-boss3-kill,control-hold,104,Victory,10,0,10,80,8,15,1,70,-1,,0,12,0,2267642020
gym-big-split-boss3-kill,control-hold,105,Defeat,6,0,6,48,5,0,2,66,-1,,0,3,0,421114439
gym-big-split-boss3-kill,control-hold,106,Defeat,6,0,6,48,3,0,1,83,-1,,0,4,0,1798010132
gym-big-split-boss3-kill,control-hold,107,Victory,20,0,20,160,25,190,0,35,3,1:3,0,20,0,3677202712
gym-big-split-boss3-kill,control-hold,108,Defeat,6,0,6,48,4,0,2,83,-1,,0,4,0,2281396843
gym-big-split-boss3-kill,control-hold,109,Defeat,7,0,7,56,9,0,1,57,-1,,0,5,0,88100616
gym-big-split-boss3-kill,control-hold,110,Defeat,6,0,6,48,3,0,2,100,-1,,0,4,0,3603532132
gym-big-split-boss3-kill,control-hold,111,Defeat,6,0,6,48,14,0,1,83,-1,,0,5,0,156356615
gym-big-split-boss3-kill,control-hold,112,Defeat,5,0,5,40,5,0,2,80,-1,,0,3,1,1759491918
gym-big-split-boss3-kill,control-hold,113,Defeat,7,0,7,56,14,0,2,71,-1,,0,6,1,1091316589
gym-big-split-boss3-kill,control-hold,114,Defeat,6,0,6,48,4,0,2,100,-1,,0,4,0,3995004591
gym-big-split-boss3-kill,control-hold,115,Defeat,6,0,6,48,10,0,2,66,-1,,0,4,0,1478740442
gym-big-split-boss3-kill,control-hold,116,Victory,9,0,9,72,7,10,1,55,-1,,0,9,0,3380443359
gym-big-split-boss3-kill,control-hold,117,Defeat,7,0,7,56,5,0,1,71,-1,,0,5,0,2848566195
gym-big-split-boss3-kill,control-hold,118,Defeat,7,0,7,56,4,0,1,71,-1,,0,5,0,1776844186
gym-big-split-boss3-kill,control-hold,119,Victory,15,0,15,120,15,120,0,33,7,1:7,0,14,0,3851830431
gym-big-split-boss3-kill,control-hold,120,Defeat,7,0,7,56,4,0,1,71,-1,,0,5,0,3242803449
gym-big-split-boss3-kill,control-hold,121,Defeat,7,0,7,56,2,0,2,85,-1,,0,5,0,2187077107
gym-big-split-boss3-kill,control-hold,122,Victory,8,0,8,64,5,55,0,62,-1,,0,6,0,3477431126
gym-big-split-boss3-kill,control-hold,123,Defeat,8,0,8,64,11,0,1,75,-1,,0,7,0,3454158817
gym-big-split-boss3-kill,control-hold,124,Defeat,7,0,7,56,3,0,1,71,-1,,0,5,0,1961250598
gym-big-split-boss3-kill,control-hold,125,Defeat,7,0,7,56,5,0,1,57,-1,,0,6,0,88100616
gym-big-split-boss3-kill,control-hold,126,Defeat,6,0,6,48,11,0,2,100,-1,,0,5,1,2442046509
gym-big-split-boss3-kill,control-hold,127,Defeat,6,0,6,48,8,0,1,66,-1,,0,4,0,4073187631
gym-big-split-boss3-kill,control-hold,128,Defeat,5,0,5,40,9,0,3,80,-1,,0,3,1,405635922
gym-big-split-boss3-kill,control-hold,129,Defeat,7,0,7,56,10,0,1,71,-1,,0,5,0,1572988924
gym-big-split-boss3-kill,control-hold,130,Victory,8,0,8,64,5,75,0,37,-1,,0,5,0,1486912211
gym-big-split-boss3-kill,control-hold,131,Defeat,7,0,7,56,8,0,1,57,-1,,0,5,0,88100616
gym-big-split-boss3-kill,control-hold,132,Defeat,7,0,7,56,16,0,2,71,-1,,0,5,0,4110603818
gym-big-split-boss3-kill,control-hold,133,Defeat,7,0,7,56,4,0,1,71,-1,,0,5,0,1776844186
gym-big-split-boss3-kill,control-hold,134,Defeat,7,0,7,56,9,0,1,57,-1,,0,5,0,3918717042
gym-big-split-boss3-kill,control-hold,135,Defeat,7,0,7,56,15,0,1,57,-1,,0,5,0,3856219946
gym-big-split-boss3-kill,control-hold,136,Defeat,5,0,5,40,5,0,4,80,7,1:7,0,7,1,1281814653
gym-big-split-boss3-kill,control-hold,137,Defeat,13,0,13,104,18,0,1,53,3,1:3,0,21,0,732338409
gym-big-split-boss3-kill,control-hold,138,Defeat,7,0,7,56,5,0,1,71,-1,,0,3,0,1825097327
gym-big-split-boss3-kill,control-hold,139,Defeat,7,0,7,56,7,0,1,57,-1,,0,5,0,88100616
gym-big-split-boss3-kill,control-hold,140,Defeat,9,0,9,72,12,0,1,55,-1,,0,7,0,3784270121
gym-big-split-boss3-kill,control-hold,141,Defeat,7,0,7,56,5,0,1,71,-1,,0,5,0,438840200
gym-big-split-boss3-kill,control-hold,142,Defeat,10,0,10,80,9,0,2,70,-1,,0,16,0,2639303864
gym-big-split-boss3-kill,control-hold,143,Defeat,5,0,5,40,5,0,2,60,7,1:7,0,6,0,2358453132
gym-big-split-boss3-kill,control-hold,144,Victory,12,0,12,96,11,10,0,50,-1,,0,11,0,2805845267
gym-big-split-boss3-kill,control-hold,145,Victory,11,0,11,88,10,115,0,45,3,1:3,0,8,0,4106544420
gym-big-split-boss3-kill,control-hold,146,Victory,9,0,9,72,6,30,0,55,-1,,0,5,0,3815523452
gym-big-split-boss3-kill,control-hold,147,Defeat,6,0,6,48,5,0,2,100,-1,,0,4,0,1337901529
gym-big-split-boss3-kill,control-hold,148,Defeat,6,0,6,48,10,0,1,83,-1,,0,5,0,1798010132
gym-big-split-boss3-kill,control-hold,149,Victory,8,0,8,64,6,50,0,50,-1,,0,5,0,3887854894
gym-big-split-boss3-kill,control-hold,150,Defeat,7,0,7,56,4,0,2,85,-1,,0,6,1,1931617183
gym-big-split-boss3-kill,control-hold,151,Defeat,5,0,5,40,5,0,3,80,-1,,0,2,1,1350579121
gym-big-split-boss3-kill,control-hold,152,Defeat,7,0,7,56,15,0,1,57,-1,,0,5,0,3685570506
gym-big-split-boss3-kill,control-hold,153,Defeat,5,0,5,40,10,0,2,80,-1,,0,3,0,4196782473
gym-big-split-boss3-kill,control-hold,154,Victory,9,0,9,72,3,80,1,88,3,1:3,0,9,0,755952782
gym-big-split-boss3-kill,control-hold,155,Defeat,7,0,7,56,4,0,1,71,-1,,0,5,0,1776844186
gym-big-split-boss3-kill,control-hold,156,Defeat,7,0,7,56,7,0,2,85,-1,,0,6,0,2548242492
gym-big-split-boss3-kill,control-hold,157,Defeat,6,0,6,48,2,0,2,83,-1,,0,4,0,158957327
gym-big-split-boss3-kill,control-hold,158,Defeat,7,0,7,56,5,0,1,57,-1,,0,5,0,88100616
gym-big-split-boss3-kill,control-hold,159,Defeat,6,0,6,48,12,0,2,83,-1,,0,4,0,3995112793
gym-big-split-boss3-kill,control-hold,160,Defeat,7,0,7,56,8,0,1,71,-1,,0,6,0,1678222139
gym-big-split-boss3-kill,control-hold,161,Defeat,7,0,7,56,13,0,1,57,-1,,0,6,0,165758150
gym-big-split-boss3-kill,control-hold,162,Defeat,7,0,7,56,7,0,1,71,-1,,0,4,0,438840200
gym-big-split-boss3-kill,control-hold,163,Victory,8,0,8,64,5,75,0,37,-1,,0,5,0,2825774581
gym-big-split-boss3-kill,control-hold,164,Defeat,6,0,6,48,15,0,2,100,-1,,0,5,1,2303036157
gym-big-split-boss3-kill,control-hold,165,Defeat,7,0,7,56,7,0,1,57,-1,,0,5,0,88100616
gym-big-split-boss3-kill,control-hold,166,Defeat,6,0,6,48,3,0,2,83,-1,,0,4,0,883728724
gym-big-split-boss3-kill,control-hold,167,Defeat,8,0,8,64,8,0,1,37,-1,,0,6,0,3500933179
gym-big-split-boss3-kill,control-hold,168,Defeat,7,0,7,56,7,0,1,57,-1,,0,5,0,88100616
gym-big-split-boss3-kill,control-hold,169,Defeat,7,0,7,56,7,0,1,57,-1,,0,6,0,88100616
gym-big-split-boss3-kill,control-hold,170,Defeat,5,0,5,40,11,0,3,100,7,1:7,0,7,0,1836859852
gym-big-split-boss3-kill,control-hold,171,Defeat,6,0,6,48,5,0,1,66,-1,,0,4,1,2550369793
gym-big-split-boss3-kill,control-hold,172,Defeat,5,0,5,40,3,0,2,80,7,1:7,0,6,0,1163285620
gym-big-split-boss3-kill,control-hold,173,Defeat,6,0,6,48,4,0,2,83,-1,,0,4,0,4043155674
gym-big-split-boss3-kill,control-hold,174,Victory,8,0,8,64,5,25,0,62,-1,,0,7,0,1949766266
gym-big-split-boss3-kill,control-hold,175,Defeat,6,0,6,48,3,0,2,100,-1,,0,5,0,3153937875
gym-big-split-boss3-kill,control-hold,176,Victory,8,0,8,64,5,75,0,37,-1,,0,5,0,1486912211
gym-big-split-boss3-kill,control-hold,177,Defeat,6,0,6,48,5,0,2,66,-1,,0,3,0,1590750533
gym-big-split-boss3-kill,control-hold,178,Defeat,7,0,7,56,5,0,1,57,-1,,0,4,0,3485466858
gym-big-split-boss3-kill,control-hold,179,Defeat,7,0,7,56,4,0,1,71,-1,,0,5,0,3877111292
gym-big-split-boss3-kill,control-hold,180,Victory,11,0,11,88,12,40,0,45,3,1:3,0,7,0,2271614965
gym-big-split-boss3-kill,control-hold,181,Defeat,7,0,7,56,7,0,1,57,-1,,0,5,0,88100616
gym-big-split-boss3-kill,control-hold,182,Defeat,6,0,6,48,11,0,2,66,-1,,0,4,0,321181627
gym-big-split-boss3-kill,control-hold,183,Defeat,7,0,7,56,15,0,1,57,-1,,0,5,0,3856219946
gym-big-split-boss3-kill,control-hold,184,Defeat,6,0,6,48,10,0,2,83,-1,,0,4,0,584088980
gym-big-split-boss3-kill,control-hold,185,Defeat,6,0,6,48,8,0,2,66,-1,,0,4,0,1478740442
gym-big-split-boss3-kill,control-hold,186,Victory,13,0,13,104,16,115,0,30,-1,,0,15,0,3903659507
gym-big-split-boss3-kill,control-hold,187,Defeat,7,0,7,56,7,0,1,57,-1,,0,5,0,88100616
gym-big-split-boss3-kill,control-hold,188,Defeat,7,0,7,56,7,0,1,57,-1,,0,5,0,88100616
gym-big-split-boss3-kill,control-hold,189,Defeat,6,0,6,48,0,0,3,100,7,1:7,0,7,1,93501781
gym-big-split-boss3-kill,control-hold,190,Defeat,6,0,6,48,5,0,2,100,-1,,0,4,0,4254186655
gym-big-split-boss3-kill,control-hold,191,Defeat,6,0,6,48,9,0,2,116,-1,,0,4,0,2354177902
gym-big-split-boss3-kill,control-hold,192,Defeat,7,0,7,56,14,0,2,71,-1,,0,4,0,1303732880
gym-big-split-boss3-kill,control-hold,193,Defeat,6,0,6,48,5,0,2,83,-1,,0,4,0,1605995962
gym-big-split-boss3-kill,control-hold,194,Defeat,5,0,5,40,3,0,3,80,-1,,0,3,1,2875177407
gym-big-split-boss3-kill,control-hold,195,Defeat,6,0,6,48,12,0,2,66,-1,,0,4,0,352267106
gym-big-split-boss3-kill,control-hold,196,Defeat,5,0,5,40,3,0,3,60,-1,,0,5,1,1384861733
gym-big-split-boss3-kill,control-hold,197,Defeat,6,0,6,48,6,0,2,83,-1,,0,5,1,1678387377
gym-big-split-boss3-kill,control-hold,198,Defeat,6,0,6,48,3,0,2,66,-1,,0,3,0,476514082
gym-big-split-boss3-kill,control-hold,199,Defeat,5,0,5,40,20,0,2,80,-1,,0,3,1,1957319032
gym-big-split-boss3-kill,control-hold,200,Defeat,7,0,7,56,10,0,1,57,-1,,0,5,0,88100616
gym-big-split-boss3-kill,charge,1,Defeat,6,0,6,48,6,0,1,66,-1,,0,3,0,705402265
gym-big-split-boss3-kill,charge,2,Defeat,4,0,4,32,4,0,2,75,-1,,0,1,2,2573419971
gym-big-split-boss3-kill,charge,3,Defeat,4,0,4,32,8,0,2,75,-1,,0,2,1,3470104519
gym-big-split-boss3-kill,charge,4,Defeat,7,0,7,56,12,0,2,71,-1,,0,5,0,4281698106
gym-big-split-boss3-kill,charge,5,Defeat,5,0,5,40,4,0,2,60,-1,,0,1,2,1735375725
gym-big-split-boss3-kill,charge,6,Defeat,5,0,5,40,4,0,2,80,-1,,0,2,1,2554687316
gym-big-split-boss3-kill,charge,7,Defeat,3,0,3,24,12,0,3,100,-1,,0,1,3,3316116488
gym-big-split-boss3-kill,charge,8,Defeat,4,0,4,32,4,0,3,75,-1,,0,1,2,2082503603
gym-big-split-boss3-kill,charge,9,Defeat,5,0,5,40,6,0,2,80,-1,,0,1,2,672814155
gym-big-split-boss3-kill,charge,10,Defeat,3,0,3,24,8,0,4,133,-1,,0,1,2,2558053619
gym-big-split-boss3-kill,charge,11,Defeat,4,0,4,32,4,0,2,75,-1,,0,1,2,2573419971
gym-big-split-boss3-kill,charge,12,Defeat,4,0,4,32,4,0,2,75,-1,,0,1,2,2573419971
gym-big-split-boss3-kill,charge,13,Defeat,6,0,6,48,8,0,2,66,-1,,0,1,0,2821057838
gym-big-split-boss3-kill,charge,14,Defeat,5,0,5,40,5,0,2,80,-1,,0,2,1,3248329411
gym-big-split-boss3-kill,charge,15,Defeat,4,0,4,32,4,0,3,75,-1,,0,1,2,313205187
gym-big-split-boss3-kill,charge,16,Defeat,4,0,4,32,4,0,2,75,-1,,0,0,2,239799313
gym-big-split-boss3-kill,charge,17,Defeat,4,0,4,32,2,0,2,75,-1,,0,1,2,2573419971
gym-big-split-boss3-kill,charge,18,Defeat,4,0,4,32,4,0,2,75,-1,,0,1,2,1915751487
gym-big-split-boss3-kill,charge,19,Defeat,4,0,4,32,4,0,2,75,-1,,0,1,2,2573419971
gym-big-split-boss3-kill,charge,20,Defeat,5,0,5,40,4,0,2,60,-1,,0,0,1,3283414517
gym-big-split-boss3-kill,charge,21,Defeat,5,0,5,40,10,0,2,100,-1,,0,1,0,2347529720
gym-big-split-boss3-kill,charge,22,Defeat,4,0,4,32,5,0,3,100,-1,,0,1,2,4124967903
gym-big-split-boss3-kill,charge,23,Defeat,4,0,4,32,6,0,2,75,-1,,0,1,2,1169901833
gym-big-split-boss3-kill,charge,24,Defeat,3,0,3,24,4,0,3,100,-1,,0,1,2,1882570654
gym-big-split-boss3-kill,charge,25,Defeat,5,0,5,40,4,0,2,60,-1,,0,1,1,1020087825
gym-big-split-boss3-kill,charge,26,Defeat,4,0,4,32,4,0,2,75,-1,,0,1,2,1915751487
gym-big-split-boss3-kill,charge,27,Defeat,4,0,4,32,4,0,2,75,-1,,0,1,2,1915751487
gym-big-split-boss3-kill,charge,28,Defeat,5,0,5,40,8,0,2,60,-1,,0,1,1,3009304732
gym-big-split-boss3-kill,charge,29,Defeat,4,0,4,32,4,0,2,75,-1,,0,1,2,2573419971
gym-big-split-boss3-kill,charge,30,Defeat,6,0,6,48,6,0,2,83,-1,,0,1,0,2184326382
gym-big-split-boss3-kill,charge,31,Victory,7,0,7,56,2,50,1,57,-1,,0,1,0,1511130180
gym-big-split-boss3-kill,charge,32,Defeat,4,0,4,32,8,0,3,100,-1,,0,2,2,1506513911
gym-big-split-boss3-kill,charge,33,Defeat,4,0,4,32,4,0,2,75,-1,,0,0,2,2573419971
gym-big-split-boss3-kill,charge,34,Defeat,3,0,3,24,4,0,3,133,-1,,0,1,2,3279500768
gym-big-split-boss3-kill,charge,35,Defeat,5,0,5,40,4,0,2,60,-1,,0,1,2,3027711955
gym-big-split-boss3-kill,charge,36,Defeat,4,0,4,32,4,0,2,75,-1,,0,1,2,2573419971
gym-big-split-boss3-kill,charge,37,Defeat,5,0,5,40,4,0,2,80,-1,,0,1,1,512012678
gym-big-split-boss3-kill,charge,38,Defeat,5,0,5,40,1,0,2,80,-1,,0,0,1,4046698920
gym-big-split-boss3-kill,charge,39,Defeat,6,0,6,48,4,0,1,83,-1,,0,2,0,2346898186
gym-big-split-boss3-kill,charge,40,Defeat,4,0,4,32,2,0,2,75,-1,,0,1,2,2573419971
gym-big-split-boss3-kill,charge,41,Defeat,4,0,4,32,4,0,2,75,-1,,0,1,2,239799313
gym-big-split-boss3-kill,charge,42,Defeat,4,0,4,32,4,0,2,75,-1,,0,1,2,2573419971
gym-big-split-boss3-kill,charge,43,Defeat,4,0,4,32,2,0,2,75,-1,,0,1,2,2573419971
gym-big-split-boss3-kill,charge,44,Defeat,5,0,5,40,9,0,2,80,-1,,0,2,0,1837677763
gym-big-split-boss3-kill,charge,45,Defeat,4,0,4,32,9,0,3,100,-1,,0,2,2,3217649696
gym-big-split-boss3-kill,charge,46,Defeat,4,0,4,32,6,0,2,75,-1,,0,1,1,2330293463
gym-big-split-boss3-kill,charge,47,Defeat,4,0,4,32,4,0,2,75,-1,,0,1,2,2573419971
gym-big-split-boss3-kill,charge,48,Defeat,4,0,4,32,4,0,2,75,-1,,0,1,2,2573419971
gym-big-split-boss3-kill,charge,49,Defeat,4,0,4,32,4,0,2,75,-1,,0,1,2,1915751487
gym-big-split-boss3-kill,charge,50,Defeat,4,0,4,32,4,0,2,75,-1,,0,1,2,2573419971
gym-big-split-boss3-kill,charge,51,Defeat,5,0,5,40,4,0,2,100,-1,,0,2,1,2309127220
gym-big-split-boss3-kill,charge,52,Defeat,4,0,4,32,4,0,2,75,-1,,0,1,2,2573419971
gym-big-split-boss3-kill,charge,53,Defeat,6,0,6,48,11,0,2,66,-1,,0,2,1,3325944519
gym-big-split-boss3-kill,charge,54,Defeat,8,0,8,64,5,0,2,75,3,1:3,0,3,0,295134773
gym-big-split-boss3-kill,charge,55,Defeat,5,0,5,40,8,0,2,60,-1,,0,2,2,735389816
gym-big-split-boss3-kill,charge,56,Victory,7,0,7,56,4,50,1,71,-1,,0,4,0,943514361
gym-big-split-boss3-kill,charge,57,Defeat,5,0,5,40,4,0,2,80,-1,,0,1,1,3903301082
gym-big-split-boss3-kill,charge,58,Defeat,5,0,5,40,0,0,2,80,-1,,0,2,1,3449227571
gym-big-split-boss3-kill,charge,59,Defeat,3,0,3,24,8,0,4,133,-1,,0,1,2,2989622703
gym-big-split-boss3-kill,charge,60,Defeat,5,0,5,40,8,0,2,80,-1,,0,2,0,3006942927
gym-big-split-boss3-kill,charge,61,Defeat,4,0,4,32,4,0,2,75,-1,,0,1,2,2573419971
gym-big-split-boss3-kill,charge,62,Defeat,5,0,5,40,3,0,2,80,-1,,0,1,1,2056365924
gym-big-split-boss3-kill,charge,63,Defeat,4,0,4,32,4,0,3,75,-1,,0,2,1,3471543957
gym-big-split-boss3-kill,charge,64,Defeat,4,0,4,32,8,0,2,75,-1,,0,1,2,183824475
gym-big-split-boss3-kill,charge,65,Defeat,4,0,4,32,4,0,3,75,-1,,0,1,2,2082503603
gym-big-split-boss3-kill,charge,66,Defeat,4,0,4,32,4,0,2,75,-1,,0,1,2,2093228813
gym-big-split-boss3-kill,charge,67,Defeat,4,0,4,32,4,0,2,75,-1,,0,1,2,1915751487
gym-big-split-boss3-kill,charge,68,Defeat,6,0,6,48,6,0,2,66,3,1:3,0,1,1,552175799
gym-big-split-boss3-kill,charge,69,Defeat,4,0,4,32,10,0,3,100,-1,,0,1,2,4057122607
gym-big-split-boss3-kill,charge,70,Defeat,4,0,4,32,4,0,3,75,-1,,0,1,2,197990971
gym-big-split-boss3-kill,charge,71,Defeat,4,0,4,32,1,0,2,100,-1,,0,1,2,410322235
gym-big-split-boss3-kill,charge,72,Defeat,5,0,5,40,4,0,3,100,-1,,0,3,1,3303904163
gym-big-split-boss3-kill,charge,73,Defeat,4,0,4,32,4,0,2,75,-1,,0,1,2,239799313
gym-big-split-boss3-kill,charge,74,Defeat,5,0,5,40,10,0,2,60,-1,,0,2,2,3561143668
gym-big-split-boss3-kill,charge,75,Defeat,5,0,5,40,4,0,2,60,-1,,0,0,1,863696525
gym-big-split-boss3-kill,charge,76,Defeat,7,0,7,56,5,0,1,71,-1,,0,3,0,2539155301
gym-big-split-boss3-kill,charge,77,Defeat,4,0,4,32,4,0,2,75,-1,,0,1,2,2573419971
gym-big-split-boss3-kill,charge,78,Defeat,4,0,4,32,4,0,2,75,-1,,0,1,2,239799313
gym-big-split-boss3-kill,charge,79,Defeat,3,0,3,24,4,0,4,100,-1,,0,1,2,1728848027
gym-big-split-boss3-kill,charge,80,Defeat,6,0,6,48,1,0,2,116,-1,,0,3,0,2878258806
gym-big-split-boss3-kill,charge,81,Defeat,6,0,6,48,4,0,2,100,3,1:3,0,3,0,2227626675
gym-big-split-boss3-kill,charge,82,Defeat,4,0,4,32,4,0,2,75,-1,,0,1,2,2573419971
gym-big-split-boss3-kill,charge,83,Defeat,5,0,5,40,8,0,2,80,-1,,0,2,2,3914100259
gym-big-split-boss3-kill,charge,84,Defeat,5,0,5,40,4,0,2,60,-1,,0,1,1,2967354281
gym-big-split-boss3-kill,charge,85,Defeat,5,0,5,40,4,0,2,60,-1,,0,0,1,3283414517
gym-big-split-boss3-kill,charge,86,Defeat,3,0,3,24,4,0,3,100,-1,,0,1,2,2360073440
gym-big-split-boss3-kill,charge,87,Defeat,4,0,4,32,4,0,2,75,-1,,0,1,2,2573419971
gym-big-split-boss3-kill,charge,88,Defeat,5,0,5,40,4,0,2,80,-1,,0,1,1,3948785764
gym-big-split-boss3-kill,charge,89,Defeat,4,0,4,32,6,0,2,75,-1,,0,1,1,2980610549
gym-big-split-boss3-kill,charge,90,Defeat,4,0,4,32,4,0,2,75,-1,,0,1,2,2573419971
gym-big-split-boss3-kill,charge,91,Defeat,4,0,4,32,4,0,2,75,-1,,0,0,2,2573419971
gym-big-split-boss3-kill,charge,92,Defeat,4,0,4,32,4,0,2,75,-1,,0,1,2,2573419971
gym-big-split-boss3-kill,charge,93,Defeat,5,0,5,40,8,0,2,80,-1,,0,2,1,4062897688
gym-big-split-boss3-kill,charge,94,Defeat,4,0,4,32,4,0,2,75,-1,,0,1,2,2573419971
gym-big-split-boss3-kill,charge,95,Defeat,4,0,4,32,0,0,2,125,-1,,0,2,2,1827349984
gym-big-split-boss3-kill,charge,96,Defeat,5,0,5,40,6,0,2,80,-1,,0,1,1,436777945
gym-big-split-boss3-kill,charge,97,Defeat,6,0,6,48,14,0,2,66,-1,,0,3,0,3744501616
gym-big-split-boss3-kill,charge,98,Defeat,5,0,5,40,8,0,2,80,-1,,0,2,2,2673876311
gym-big-split-boss3-kill,charge,99,Defeat,4,0,4,32,4,0,2,75,-1,,0,1,2,2573419971
gym-big-split-boss3-kill,charge,100,Defeat,5,0,5,40,8,0,3,60,-1,,0,2,2,3018292304
gym-big-split-boss3-kill,charge,101,Victory,6,0,6,48,6,80,1,66,-1,,0,2,0,2969930409
gym-big-split-boss3-kill,charge,102,Defeat,4,0,4,32,2,0,2,75,-1,,0,1,2,2573419971
gym-big-split-boss3-kill,charge,103,Defeat,4,0,4,32,4,0,2,75,-1,,0,1,2,2573419971
gym-big-split-boss3-kill,charge,104,Defeat,5,0,5,40,4,0,2,60,-1,,0,1,2,1340652563
gym-big-split-boss3-kill,charge,105,Defeat,4,0,4,32,4,0,2,75,-1,,0,1,2,2573419971
gym-big-split-boss3-kill,charge,106,Defeat,4,0,4,32,4,0,2,75,-1,,0,0,2,239799313
gym-big-split-boss3-kill,charge,107,Defeat,5,0,5,40,4,0,2,80,8,1:8,0,0,1,4197804374
gym-big-split-boss3-kill,charge,108,Defeat,4,0,4,32,4,0,2,75,-1,,0,1,2,2573419971
gym-big-split-boss3-kill,charge,109,Defeat,4,0,4,32,2,0,2,75,-1,,0,1,2,2573419971
gym-big-split-boss3-kill,charge,110,Defeat,5,0,5,40,4,0,2,60,-1,,0,1,1,1020087825
gym-big-split-boss3-kill,charge,111,Defeat,5,0,5,40,5,0,2,100,3,1:3,0,2,2,3704853925
gym-big-split-boss3-kill,charge,112,Defeat,4,0,4,32,4,0,2,75,-1,,0,1,2,2813825522
gym-big-split-boss3-kill,charge,113,Defeat,3,0,3,24,9,0,4,133,-1,,0,1,2,3458571996
gym-big-split-boss3-kill,charge,114,Defeat,4,0,4,32,4,0,3,100,-1,,0,1,2,872293238
gym-big-split-boss3-kill,charge,115,Defeat,4,0,4,32,6,0,2,75,-1,,0,2,2,3604297754
gym-big-split-boss3-kill,charge,116,Defeat,5,0,5,40,4,0,2,80,-1,,0,1,0,596567683
gym-big-split-boss3-kill,charge,117,Defeat,4,0,4,32,4,0,2,75,-1,,0,1,2,2573419971
gym-big-split-boss3-kill,charge,118,Defeat,6,0,6,48,6,0,2,83,-1,,0,1,0,2184326382
gym-big-split-boss3-kill,charge,119,Defeat,4,0,4,32,8,0,2,75,-1,,0,1,2,183824475
gym-big-split-boss3-kill,charge,120,Defeat,5,0,5,40,6,0,1,80,-1,,0,1,0,1871630633
gym-big-split-boss3-kill,charge,121,Defeat,5,0,5,40,10,0,2,80,-1,,0,2,2,1777838024
gym-big-split-boss3-kill,charge,122,Defeat,5,0,5,40,4,0,2,80,-1,,0,1,1,512012678
gym-big-split-boss3-kill,charge,123,Defeat,4,0,4,32,4,0,2,75,-1,,0,1,2,2573419971
gym-big-split-boss3-kill,charge,124,Defeat,3,0,3,24,8,0,4,166,-1,,0,1,2,3596885711
gym-big-split-boss3-kill,charge,125,Defeat,5,0,5,40,4,0,2,80,-1,,0,2,1,2554687316
gym-big-split-boss3-kill,charge,126,Defeat,5,0,5,40,4,0,2,80,8,1:8,0,1,1,2151398020
gym-big-split-boss3-kill,charge,127,Defeat,4,0,4,32,4,0,3,75,-1,,0,0,2,3485395137
gym-big-split-boss3-kill,charge,128,Defeat,6,0,6,48,4,0,2,83,-1,,0,2,0,1396160850
gym-big-split-boss3-kill,charge,129,Defeat,4,0,4,32,4,0,2,75,-1,,0,1,2,2573419971
gym-big-split-boss3-kill,charge,130,Defeat,4,0,4,32,4,0,2,75,-1,,0,1,2,2573419971
gym-big-split-boss3-kill,charge,131,Defeat,5,0,5,40,4,0,2,60,-1,,0,0,1,3283414517
gym-big-split-boss3-kill,charge,132,Defeat,4,0,4,32,4,0,2,75,7,1:7,0,1,2,92814787
gym-big-split-boss3-kill,charge,133,Defeat,4,0,4,32,8,0,2,75,-1,,0,1,2,183824475
gym-big-split-boss3-kill,charge,134,Defeat,5,0,5,40,4,0,2,60,-1,,0,0,1,3283414517
gym-big-split-boss3-kill,charge,135,Defeat,4,0,4,32,4,0,2,75,-1,,0,1,2,2573419971
gym-big-split-boss3-kill,charge,136,Defeat,3,0,3,24,12,0,3,100,-1,,0,1,3,3316116488
gym-big-split-boss3-kill,charge,137,Defeat,5,0,5,40,6,0,2,120,-1,,0,3,1,1382245697
gym-big-split-boss3-kill,charge,138,Defeat,4,0,4,32,4,0,2,75,-1,,0,1,2,2573419971
gym-big-split-boss3-kill,charge,139,Defeat,4,0,4,32,4,0,2,75,-1,,0,1,2,2573419971
gym-big-split-boss3-kill,charge,140,Defeat,3,0,3,24,4,0,3,100,-1,,0,1,2,1882570654
gym-big-split-boss3-kill,charge,141,Defeat,4,0,4,32,4,0,2,75,-1,,0,1,2,2573419971
gym-big-split-boss3-kill,charge,142,Defeat,5,0,5,40,1,0,2,80,-1,,0,2,1,3566838507
gym-big-split-boss3-kill,charge,143,Defeat,5,0,5,40,1,0,2,80,-1,,0,1,1,512012678
gym-big-split-boss3-kill,charge,144,Defeat,5,0,5,40,4,0,2,80,-1,,0,1,1,512012678
gym-big-split-boss3-kill,charge,145,Defeat,4,0,4,32,4,0,2,75,-1,,0,1,2,2573419971
gym-big-split-boss3-kill,charge,146,Defeat,4,0,4,32,4,0,2,75,-1,,0,1,2,2573419971
gym-big-split-boss3-kill,charge,147,Defeat,5,0,5,40,4,0,2,80,-1,,0,0,1,512012678
gym-big-split-boss3-kill,charge,148,Defeat,5,0,5,40,8,0,2,80,-1,,0,2,1,3449227571
gym-big-split-boss3-kill,charge,149,Defeat,5,0,5,40,4,0,2,60,-1,,0,0,1,863696525
gym-big-split-boss3-kill,charge,150,Defeat,4,0,4,32,6,0,2,75,-1,,0,1,1,2980610549
gym-big-split-boss3-kill,charge,151,Defeat,4,0,4,32,4,0,2,75,-1,,0,1,2,2573419971
gym-big-split-boss3-kill,charge,152,Defeat,4,0,4,32,6,0,2,75,-1,,0,1,1,2980610549
gym-big-split-boss3-kill,charge,153,Defeat,5,0,5,40,4,0,2,80,8,1:8,0,1,1,1106577818
gym-big-split-boss3-kill,charge,154,Defeat,5,0,5,40,6,0,2,80,-1,,0,1,0,291752907
gym-big-split-boss3-kill,charge,155,Defeat,4,0,4,32,4,0,2,75,-1,,0,1,2,2573419971
gym-big-split-boss3-kill,charge,156,Defeat,5,0,5,40,4,0,2,100,-1,,0,1,0,3450015505
gym-big-split-boss3-kill,charge,157,Defeat,3,0,3,24,12,0,3,100,-1,,0,1,3,3316116488
gym-big-split-boss3-kill,charge,158,Defeat,4,0,4,32,4,0,2,75,-1,,0,1,2,2573419971
gym-big-split-boss3-kill,charge,159,Defeat,4,0,4,32,4,0,2,75,-1,,0,1,2,2573419971
gym-big-split-boss3-kill,charge,160,Defeat,3,0,3,24,8,0,3,133,-1,,0,1,2,6516934
gym-big-split-boss3-kill,charge,161,Defeat,3,0,3,24,8,0,4,100,-1,,0,1,3,1762838619
gym-big-split-boss3-kill,charge,162,Defeat,6,0,6,48,6,0,2,83,-1,,0,2,0,2852776384
gym-big-split-boss3-kill,charge,163,Defeat,4,0,4,32,4,0,2,75,-1,,0,1,2,2573419971
gym-big-split-boss3-kill,charge,164,Defeat,6,0,6,48,10,0,2,83,-1,,0,2,0,2715623834
gym-big-split-boss3-kill,charge,165,Defeat,4,0,4,32,4,0,2,75,-1,,0,1,2,1915751487
gym-big-split-boss3-kill,charge,166,Defeat,3,0,3,24,2,0,3,133,-1,,0,1,2,626740622
gym-big-split-boss3-kill,charge,167,Defeat,4,0,4,32,2,0,2,75,-1,,0,1,2,2573419971
gym-big-split-boss3-kill,charge,168,Defeat,5,0,5,40,6,0,2,60,-1,,0,1,1,3666221386
gym-big-split-boss3-kill,charge,169,Defeat,5,0,5,40,6,0,2,80,-1,,0,3,1,2366856474
gym-big-split-boss3-kill,charge,170,Defeat,4,0,4,32,4,0,2,75,-1,,0,1,1,4131478363
gym-big-split-boss3-kill,charge,171,Defeat,4,0,4,32,4,0,2,75,-1,,0,0,2,239799313
gym-big-split-boss3-kill,charge,172,Defeat,4,0,4,32,1,0,2,100,-1,,0,2,2,2675714603
gym-big-split-boss3-kill,charge,173,Defeat,4,0,4,32,4,0,2,75,-1,,0,1,2,2573419971
gym-big-split-boss3-kill,charge,174,Defeat,4,0,4,32,4,0,2,75,-1,,0,1,2,2573419971
gym-big-split-boss3-kill,charge,175,Defeat,3,0,3,24,4,0,3,100,-1,,0,1,2,1882570654
gym-big-split-boss3-kill,charge,176,Defeat,4,0,4,32,4,0,2,75,-1,,0,1,2,2573419971
gym-big-split-boss3-kill,charge,177,Defeat,5,0,5,40,4,0,2,80,-1,,0,1,0,1990340019
gym-big-split-boss3-kill,charge,178,Defeat,5,0,5,40,4,0,2,60,-1,,0,1,1,1811612419
gym-big-split-boss3-kill,charge,179,Defeat,4,0,4,32,4,0,2,75,-1,,0,1,2,2573419971
gym-big-split-boss3-kill,charge,180,Defeat,6,0,6,48,5,0,2,66,-1,,0,2,1,3256098987
gym-big-split-boss3-kill,charge,181,Defeat,4,0,4,32,2,0,2,75,-1,,0,1,2,2573419971
gym-big-split-boss3-kill,charge,182,Defeat,5,0,5,40,4,0,1,80,-1,,0,1,0,915654797
gym-big-split-boss3-kill,charge,183,Defeat,4,0,4,32,4,0,2,75,-1,,0,1,2,2573419971
gym-big-split-boss3-kill,charge,184,Defeat,5,0,5,40,8,0,2,60,-1,,0,2,2,2949225274
gym-big-split-boss3-kill,charge,185,Defeat,4,0,4,32,4,0,2,75,-1,,0,1,2,2573419971
gym-big-split-boss3-kill,charge,186,Defeat,3,0,3,24,4,0,3,133,-1,,0,1,2,626740622
gym-big-split-boss3-kill,charge,187,Defeat,4,0,4,32,4,0,2,75,-1,,0,1,2,2573419971
gym-big-split-boss3-kill,charge,188,Defeat,5,0,5,40,5,0,3,100,7,1:7,0,2,1,3449070924
gym-big-split-boss3-kill,charge,189,Defeat,5,0,5,40,5,0,2,60,-1,,0,2,0,4154426539
gym-big-split-boss3-kill,charge,190,Defeat,4,0,4,32,4,0,2,75,-1,,0,1,2,2573419971
gym-big-split-boss3-kill,charge,191,Defeat,3,0,3,24,4,0,4,133,-1,,0,1,2,1181499653
gym-big-split-boss3-kill,charge,192,Defeat,5,0,5,40,5,0,2,80,-1,,0,1,0,3032258635
gym-big-split-boss3-kill,charge,193,Defeat,4,0,4,32,4,0,2,75,7,1:7,0,1,2,92814787
gym-big-split-boss3-kill,charge,194,Defeat,5,0,5,40,14,0,2,100,-1,,0,3,1,55427950
gym-big-split-boss3-kill,charge,195,Defeat,4,0,4,32,4,0,2,75,-1,,0,1,2,2573419971
gym-big-split-boss3-kill,charge,196,Defeat,5,0,5,40,8,0,2,80,-1,,0,2,0,4050145199
gym-big-split-boss3-kill,charge,197,Defeat,5,0,5,40,4,0,2,80,-1,,0,0,1,512012678
gym-big-split-boss3-kill,charge,198,Defeat,3,0,3,24,12,0,3,100,-1,,0,1,3,3316116488
gym-big-split-boss3-kill,charge,199,Defeat,4,0,4,32,17,0,3,75,-1,,0,2,1,3480728253
gym-big-split-boss3-kill,charge,200,Defeat,4,0,4,32,7,0,2,75,-1,,0,1,1,3164498837
gym-big-split-boss4,corridor-hold,1,Defeat,7,0,7,56,7,0,1,71,-1,,0,5,0,3844335821
gym-big-split-boss4,corridor-hold,2,Defeat,6,0,6,48,8,0,2,66,-1,,0,3,0,4177186664
gym-big-split-boss4,corridor-hold,3,Defeat,7,0,7,56,5,0,1,71,-1,,0,6,0,3256197917
gym-big-split-boss4,corridor-hold,4,Defeat,9,0,9,72,4,0,1,55,3,1:3,0,9,0,278189875
gym-big-split-boss4,corridor-hold,5,Defeat,7,0,7,56,15,0,1,57,-1,,0,5,0,2752721003
gym-big-split-boss4,corridor-hold,6,Defeat,7,0,7,56,5,0,1,57,-1,,0,5,0,923417951
gym-big-split-boss4,corridor-hold,7,Defeat,7,0,7,56,6,0,1,71,-1,,0,6,0,2965014839
gym-big-split-boss4,corridor-hold,8,Defeat,5,0,5,40,10,0,2,80,-1,,0,3,1,1468411076
gym-big-split-boss4,corridor-hold,9,Defeat,5,0,5,40,5,0,4,120,-1,,0,5,1,3074313657
gym-big-split-boss4,corridor-hold,10,Victory,28,0,28,224,35,15,0,28,3,1:3,0,27,0,2198290223
gym-big-split-boss4,corridor-hold,11,Defeat,7,0,7,56,7,0,1,57,-1,,0,5,0,923417951
gym-big-split-boss4,corridor-hold,12,Defeat,7,0,7,56,7,0,2,71,-1,,0,5,0,407743831
gym-big-split-boss4,corridor-hold,13,Defeat,6,0,6,48,6,0,2,66,-1,,0,3,0,3747616720
gym-big-split-boss4,corridor-hold,14,Defeat,7,0,7,56,8,0,2,85,-1,,0,5,0,4210755035
gym-big-split-boss4,corridor-hold,15,Defeat,5,0,5,40,12,0,3,80,-1,,0,3,0,2955518497
gym-big-split-boss4,corridor-hold,16,Defeat,8,0,8,64,3,0,1,62,-1,,0,7,0,656311387
gym-big-split-boss4,corridor-hold,17,Defeat,7,0,7,56,3,0,1,71,-1,,0,5,0,1815382684
gym-big-split-boss4,corridor-hold,18,Defeat,7,0,7,56,4,0,1,71,-1,,0,4,0,1884845304
gym-big-split-boss4,corridor-hold,19,Defeat,6,0,6,48,5,0,2,83,-1,,0,3,0,25884398
gym-big-split-boss4,corridor-hold,20,Defeat,7,0,7,56,5,0,1,57,-1,,0,5,0,923417951
gym-big-split-boss4,corridor-hold,21,Victory,12,0,12,96,15,65,0,41,-1,,0,9,0,1894600806
gym-big-split-boss4,corridor-hold,22,Defeat,6,0,6,48,5,0,2,83,7,1:7,0,9,0,3621138525
gym-big-split-boss4,corridor-hold,23,Defeat,7,0,7,56,5,0,1,57,-1,,0,5,0,923417951
gym-big-split-boss4,corridor-hold,24,Defeat,5,0,5,40,5,0,3,60,7,1:7,0,6,0,1635929134
gym-big-split-boss4,corridor-hold,25,Defeat,6,0,6,48,6,0,1,100,-1,,0,4,0,2119197369
gym-big-split-boss4,corridor-hold,26,Defeat,7,0,7,56,4,0,1,57,-1,,0,4,0,3846721835
gym-big-split-boss4,corridor-hold,27,Defeat,14,0,14,112,12,0,2,71,3,1:3,0,22,0,1220612515
gym-big-split-boss4,corridor-hold,28,Victory,15,0,15,120,17,205,0,33,3,1:3,0,15,0,2915683867
gym-big-split-boss4,corridor-hold,29,Defeat,10,0,10,80,14,0,2,80,-1,,0,14,0,1607750081
gym-big-split-boss4,corridor-hold,30,Defeat,7,0,7,56,7,0,1,57,-1,,0,5,0,923417951
gym-big-split-boss4,corridor-hold,31,Defeat,4,0,4,32,4,0,3,75,-1,,0,2,2,1411839207
gym-big-split-boss4,corridor-hold,32,Defeat,4,0,4,32,2,0,4,150,-1,,0,2,1,2198323227
gym-big-split-boss4,corridor-hold,33,Defeat,7,0,7,56,10,0,1,57,-1,,0,5,0,2450056091
gym-big-split-boss4,corridor-hold,34,Defeat,7,0,7,56,10,0,2,57,-1,,0,6,1,60296557
gym-big-split-boss4,corridor-hold,35,Defeat,5,0,5,40,4,0,2,80,-1,,0,3,1,501910607
gym-big-split-boss4,corridor-hold,36,Defeat,7,0,7,56,7,0,1,57,-1,,0,4,0,4186770067
gym-big-split-boss4,corridor-hold,37,Defeat,7,0,7,56,5,0,1,71,-1,,0,5,0,3844335821
gym-big-split-boss4,corridor-hold,38,Defeat,5,0,5,40,5,0,2,60,7,1:7,0,6,0,4230417291
gym-big-split-boss4,corridor-hold,39,Defeat,6,0,6,48,5,0,2,83,-1,,0,4,0,4181252282
gym-big-split-boss4,corridor-hold,40,Defeat,7,0,7,56,5,0,2,71,-1,,0,5,0,2691546514
gym-big-split-boss4,corridor-hold,41,Defeat,7,0,7,56,5,0,2,85,-1,,0,5,0,2585704171
gym-big-split-boss4,corridor-hold,42,Defeat,7,0,7,56,7,0,1,57,-1,,0,5,0,923417951
gym-big-split-boss4,corridor-hold,43,Defeat,8,0,8,64,4,0,1,50,-1,,0,8,0,346276841
gym-big-split-boss4,corridor-hold,44,Defeat,6,0,6,48,7,0,2,83,-1,,0,3,0,3730527768
gym-big-split-boss4,corridor-hold,45,Defeat,5,0,5,40,2,0,2,80,-1,,0,3,1,501910607
gym-big-split-boss4,corridor-hold,46,Defeat,7,0,7,56,10,0,1,57,-1,,0,5,0,923417951
gym-big-split-boss4,corridor-hold,47,Defeat,7,0,7,56,7,0,1,57,-1,,0,5,0,923417951
gym-big-split-boss4,corridor-hold,48,Defeat,7,0,7,56,7,0,2,71,-1,,0,5,0,63845376
gym-big-split-boss4,corridor-hold,49,Defeat,7,0,7,56,9,0,2,71,-1,,0,5,0,1429063502
gym-big-split-boss4,corridor-hold,50,Defeat,6,0,6,48,4,0,2,83,-1,,0,3,0,2451150972
gym-big-split-boss4,corridor-hold,51,Victory,27,0,27,216,43,115,0,22,12,1:12,0,39,0,2573557956
gym-big-split-boss4,corridor-hold,52,Defeat,7,0,7,56,5,0,1,71,-1,,0,5,0,940160573
gym-big-split-boss4,corridor-hold,53,Defeat,5,0,5,40,10,0,3,100,-1,,0,3,1,11766071
gym-big-split-boss4,corridor-hold,54,Defeat,8,0,8,64,8,0,1,75,-1,,0,6,0,2747531932
gym-big-split-boss4,corridor-hold,55,Defeat,7,0,7,56,6,0,3,71,-1,,0,7,0,3828365339
gym-big-split-boss4,corridor-hold,56,Defeat,5,0,5,40,10,0,3,60,-1,,0,3,1,3441574555
gym-big-split-boss4,corridor-hold,57,Victory,8,0,8,64,6,25,0,50,-1,,0,5,0,1277590607
gym-big-split-boss4,corridor-hold,58,Victory,8,0,8,64,3,75,0,37,-1,,0,6,0,50908376
gym-big-split-boss4,corridor-hold,59,Defeat,9,0,9,72,9,0,1,55,-1,,0,10,0,1469228445
gym-big-split-boss4,corridor-hold,60,Defeat,5,0,5,40,5,0,3,60,7,1:7,0,6,0,1976678282
gym-big-split-boss4,corridor-hold,61,Defeat,7,0,7,56,10,0,1,71,-1,,0,6,0,2492821057
gym-big-split-boss4,corridor-hold,62,Defeat,7,0,7,56,8,0,1,85,-1,,0,5,0,2611394459
gym-big-split-boss4,corridor-hold,63,Defeat,7,0,7,56,3,0,1,71,-1,,0,4,0,3774574791
gym-big-split-boss4,corridor-hold,64,Defeat,6,0,6,48,10,0,1,83,-1,,0,4,0,3077154637
gym-big-split-boss4,corridor-hold,65,Defeat,6,0,6,48,15,0,1,83,-1,,0,4,0,2061617689
gym-big-split-boss4,corridor-hold,66,Victory,8,0,8,64,6,25,0,50,-1,,0,6,0,4050797613
gym-big-split-boss4,corridor-hold,67,Defeat,7,0,7,56,5,0,2,85,-1,,0,5,0,1892554971
gym-big-split-boss4,corridor-hold,68,Defeat,5,0,5,40,14,0,3,120,-1,,0,4,1,1806803768
gym-big-split-boss4,corridor-hold,69,Defeat,6,0,6,48,6,0,1,83,-1,,0,4,0,213499285
gym-big-split-boss4,corridor-hold,70,Defeat,6,0,6,48,10,0,2,83,-1,,0,4,0,3900754243
gym-big-split-boss4,corridor-hold,71,Defeat,11,0,11,88,14,0,1,54,-1,,0,12,0,1204581295
gym-big-split-boss4,corridor-hold,72,Defeat,10,0,10,80,3,0,1,70,-1,,0,12,0,1001728893
gym-big-split-boss4,corridor-hold,73,Defeat,6,0,6,48,5,0,2,83,-1,,0,6,1,3833460254
gym-big-split-boss4,corridor-hold,74,Defeat,5,0,5,40,3,0,2,80,-1,,0,3,1,692960638
gym-big-split-boss4,corridor-hold,75,Defeat,5,0,5,40,3,0,3,80,-1,,0,3,1,3817224297
gym-big-split-boss4,corridor-hold,76,Defeat,7,0,7,56,3,0,1,71,-1,,0,5,0,2307175699
gym-big-split-boss4,corridor-hold,77,Defeat,7,0,7,56,11,0,1,57,-1,,0,5,0,2363051669
gym-big-split-boss4,corridor-hold,78,Defeat,7,0,7,56,13,0,2,85,-1,,0,5,0,503491293
gym-big-split-boss4,corridor-hold,79,Defeat,7,0,7,56,7,0,1,57,-1,,0,6,0,923417951
gym-big-split-boss4,corridor-hold,80,Defeat,7,0,7,56,3,0,2,71,-1,,0,6,0,319950798
gym-big-split-boss4,corridor-hold,81,Victory,14,0,14,112,19,25,0,50,3,1:3,0,15,0,2058387122
gym-big-split-boss4,corridor-hold,82,Victory,8,0,8,64,5,50,0,50,-1,,0,5,0,1985554787
gym-big-split-boss4,corridor-hold,83,Defeat,5,0,5,40,3,0,3,100,7,1:7,0,5,1,4091642743
gym-big-split-boss4,corridor-hold,84,Defeat,5,0,5,40,5,0,2,100,-1,,0,3,1,2379421486
gym-big-split-boss4,corridor-hold,85,Defeat,6,0,6,48,2,0,1,66,-1,,0,4,0,3515572859
gym-big-split-boss4,corridor-hold,86,Defeat,6,0,6,48,9,0,2,83,-1,,0,3,0,2451150972
gym-big-split-boss4,corridor-hold,87,Defeat,7,0,7,56,10,0,1,71,-1,,0,5,0,1181159505
gym-big-split-boss4,corridor-hold,88,Defeat,6,0,6,48,5,0,1,66,-1,,0,4,0,3313847850
gym-big-split-boss4,corridor-hold,89,Defeat,7,0,7,56,3,0,1,57,-1,,0,5,0,923417951
gym-big-split-boss4,corridor-hold,90,Defeat,7,0,7,56,5,0,1,57,-1,,0,4,0,3987812456
gym-big-split-boss4,corridor-hold,91,Defeat,7,0,7,56,11,0,2,71,-1,,0,6,0,769978317
gym-big-split-boss4,corridor-hold,92,Defeat,7,0,7,56,7,0,1,57,-1,,0,5,0,923417951
gym-big-split-boss4,corridor-hold,93,Defeat,6,0,6,48,3,0,3,83,-1,,0,5,0,4248106407
gym-big-split-boss4,corridor-hold,94,Defeat,8,0,8,64,5,0,1,50,-1,,0,5,0,3368320573
gym-big-split-boss4,corridor-hold,95,Defeat,7,0,7,56,5,0,1,85,-1,,0,3,0,3117134593
gym-big-split-boss4,corridor-hold,96,Defeat,7,0,7,56,5,0,1,57,-1,,0,5,0,923417951
gym-big-split-boss4,corridor-hold,97,Defeat,7,0,7,56,15,0,1,57,-1,,0,5,0,923417951
gym-big-split-boss4,corridor-hold,98,Defeat,5,0,5,40,5,0,2,60,7,1:7,0,6,0,4230417291
gym-big-split-boss4,corridor-hold,99,Defeat,7,0,7,56,13,0,1,71,-1,,0,5,0,994872105
gym-big-split-boss4,corridor-hold,100,Victory,19,0,19,152,21,60,0,26,3,1:3,0,37,0,3895311034
gym-big-split-boss4,corridor-hold,101,Defeat,6,0,6,48,8,0,2,83,-1,,0,4,0,1013606676
gym-big-split-boss4,corridor-hold,102,Defeat,7,0,7,56,5,0,1,57,-1,,0,6,0,923417951
gym-big-split-boss4,corridor-hold,103,Defeat,7,0,7,56,7,0,1,57,-1,,0,5,0,923417951
gym-big-split-boss4,corridor-hold,104,Defeat,10,0,10,80,8,0,1,70,-1,,0,12,0,3472129277
gym-big-split-boss4,corridor-hold,105,Defeat,6,0,6,48,5,0,2,66,-1,,0,3,0,3747616720
gym-big-split-boss4,corridor-hold,106,Defeat,6,0,6,48,3,0,1,83,-1,,0,4,0,1824415531
gym-big-split-boss4,corridor-hold,107,Victory,21,0,21,168,25,90,0,38,3,1:3,0,21,0,1986634820
gym-big-split-boss4,corridor-hold,108,Defeat,6,0,6,48,4,0,2,83,-1,,0,4,0,4181144284
gym-big-split-boss4,corridor-hold,109,Defeat,7,0,7,56,9,0,1,57,-1,,0,5,0,923417951
gym-big-split-boss4,corridor-hold,110,Defeat,6,0,6,48,3,0,2,100,-1,,0,4,0,4109460499
gym-big-split-boss4,corridor-hold,111,Defeat,6,0,6,48,14,0,1,83,-1,,0,5,0,430618664
gym-big-split-boss4,corridor-hold,112,Defeat,5,0,5,40,5,0,2,80,-1,,0,3,1,2335009761
gym-big-split-boss4,corridor-hold,113,Defeat,7,0,7,56,14,0,2,71,-1,,0,6,1,1632021226
gym-big-split-boss4,corridor-hold,114,Defeat,6,0,6,48,4,0,2,100,-1,,0,4,0,458500336
gym-big-split-boss4,corridor-hold,115,Defeat,6,0,6,48,10,0,2,66,-1,,0,4,0,847003957
gym-big-split-boss4,corridor-hold,116,Defeat,9,0,9,72,7,0,1,55,-1,,0,9,0,134525805
gym-big-split-boss4,corridor-hold,117,Defeat,7,0,7,56,5,0,1,71,-1,,0,5,0,1702605180
gym-big-split-boss4,corridor-hold,118,Defeat,7,0,7,56,4,0,1,71,-1,,0,5,0,3844335821
gym-big-split-boss4,corridor-hold,119,Victory,15,0,15,120,15,120,0,33,7,1:7,0,14,0,13043524
gym-big-split-boss4,corridor-hold,120,Defeat,7,0,7,56,4,0,1,71,-1,,0,5,0,4122561110
gym-big-split-boss4,corridor-hold,121,Defeat,7,0,7,56,2,0,2,85,-1,,0,5,0,2055070516
gym-big-split-boss4,corridor-hold,122,Defeat,8,0,8,64,5,0,1,75,-1,,0,6,0,949561644
gym-big-split-boss4,corridor-hold,123,Defeat,8,0,8,64,11,0,1,75,-1,,0,7,0,751871774
gym-big-split-boss4,corridor-hold,124,Defeat,7,0,7,56,3,0,1,71,-1,,0,5,0,2129029425
gym-big-split-boss4,corridor-hold,125,Defeat,7,0,7,56,5,0,1,57,-1,,0,6,0,923417951
gym-big-split-boss4,corridor-hold,126,Defeat,6,0,6,48,11,0,2,100,-1,,0,5,1,471848042
gym-big-split-boss4,corridor-hold,127,Defeat,6,0,6,48,8,0,1,66,-1,,0,4,0,2565765832
gym-big-split-boss4,corridor-hold,128,Defeat,5,0,5,40,9,0,3,80,-1,,0,3,1,2306474509
gym-big-split-boss4,corridor-hold,129,Defeat,7,0,7,56,10,0,1,71,-1,,0,5,0,2288108315
gym-big-split-boss4,corridor-hold,130,Victory,8,0,8,64,5,75,0,37,-1,,0,5,0,50908376
gym-big-split-boss4,corridor-hold,131,Defeat,7,0,7,56,8,0,1,57,-1,,0,5,0,923417951
gym-big-split-boss4,corridor-hold,132,Defeat,7,0,7,56,16,0,2,71,-1,,0,5,0,2524813229
gym-big-split-boss4,corridor-hold,133,Defeat,7,0,7,56,4,0,1,71,-1,,0,5,0,3844335821
gym-big-split-boss4,corridor-hold,134,Defeat,7,0,7,56,9,0,1,57,-1,,0,5,0,1302782213
gym-big-split-boss4,corridor-hold,135,Defeat,7,0,7,56,15,0,1,57,-1,,0,5,0,4099800557
gym-big-split-boss4,corridor-hold,136,Defeat,5,0,5,40,5,0,4,80,7,1:7,0,7,1,3955352882
gym-big-split-boss4,corridor-hold,137,Defeat,13,0,13,104,18,0,1,53,3,1:3,0,21,0,1989511990
gym-big-split-boss4,corridor-hold,138,Defeat,7,0,7,56,5,0,1,71,-1,,0,3,0,584190424
gym-big-split-boss4,corridor-hold,139,Defeat,7,0,7,56,7,0,1,57,-1,,0,5,0,923417951
gym-big-split-boss4,corridor-hold,140,Defeat,9,0,9,72,12,0,1,55,-1,,0,7,0,3709664654
gym-big-split-boss4,corridor-hold,141,Defeat,7,0,7,56,5,0,1,71,-1,,0,5,0,2195538399
gym-big-split-boss4,corridor-hold,142,Defeat,10,0,10,80,9,0,2,70,-1,,0,16,0,3627875223
gym-big-split-boss4,corridor-hold,143,Defeat,5,0,5,40,5,0,2,60,7,1:7,0,6,0,4230417291
gym-big-split-boss4,corridor-hold,144,Victory,12,0,12,96,11,10,0,50,-1,,0,11,0,1258640344
gym-big-split-boss4,corridor-hold,145,Victory,11,0,11,88,10,115,0,45,3,1:3,0,8,0,2570049319
gym-big-split-boss4,corridor-hold,146,Defeat,9,0,9,72,6,0,1,66,-1,,0,5,0,3842827171
gym-big-split-boss4,corridor-hold,147,Defeat,6,0,6,48,5,0,2,100,-1,,0,4,0,830630574
gym-big-split-boss4,corridor-hold,148,Defeat,6,0,6,48,10,0,1,83,-1,,0,5,0,1824415531
gym-big-split-boss4,corridor-hold,149,Victory,8,0,8,64,6,50,0,50,-1,,0,5,0,1664015285
gym-big-split-boss4,corridor-hold,150,Defeat,7,0,7,56,4,0,2,85,-1,,0,6,1,1489877952
gym-big-split-boss4,corridor-hold,151,Defeat,5,0,5,40,5,0,3,80,-1,,0,2,1,874519430
gym-big-split-boss4,corridor-hold,152,Defeat,7,0,7,56,15,0,1,57,-1,,0,5,0,557917661
gym-big-split-boss4,corridor-hold,153,Defeat,5,0,5,40,10,0,2,80,-1,,0,3,0,3416983518
gym-big-split-boss4,corridor-hold,154,Defeat,9,0,9,72,3,0,1,88,3,1:3,0,9,0,3824783876
gym-big-split-boss4,corridor-hold,155,Defeat,7,0,7,56,4,0,1,71,-1,,0,5,0,3844335821
gym-big-split-boss4,corridor-hold,156,Defeat,7,0,7,56,7,0,2,85,-1,,0,6,0,511556811
gym-big-split-boss4,corridor-hold,157,Defeat,6,0,6,48,2,0,2,83,-1,,0,4,0,3926016368
gym-big-split-boss4,corridor-hold,158,Defeat,7,0,7,56,5,0,1,57,-1,,0,5,0,923417951
gym-big-split-boss4,corridor-hold,159,Defeat,6,0,6,48,12,0,2,83,-1,,0,4,0,3481310222
gym-big-split-boss4,corridor-hold,160,Defeat,7,0,7,56,8,0,1,71,-1,,0,6,0,1815382684
gym-big-split-boss4,corridor-hold,161,Defeat,7,0,7,56,13,0,1,57,-1,,0,6,0,4179600025
gym-big-split-boss4,corridor-hold,162,Defeat,7,0,7,56,7,0,1,71,-1,,0,4,0,2195538399
gym-big-split-boss4,corridor-hold,163,Defeat,8,0,8,64,5,0,1,50,-1,,0,5,0,2406387659
gym-big-split-boss4,corridor-hold,164,Defeat,6,0,6,48,15,0,2,100,-1,,0,5,1,2254278826
gym-big-split-boss4,corridor-hold,165,Defeat,7,0,7,56,7,0,1,57,-1,,0,5,0,923417951
gym-big-split-boss4,corridor-hold,166,Defeat,6,0,6,48,3,0,2,83,-1,,0,4,0,890403211
gym-big-split-boss4,corridor-hold,167,Defeat,8,0,8,64,8,0,1,37,-1,,0,6,0,2501953276
gym-big-split-boss4,corridor-hold,168,Defeat,7,0,7,56,7,0,1,57,-1,,0,5,0,923417951
gym-big-split-boss4,corridor-hold,169,Defeat,7,0,7,56,7,0,1,57,-1,,0,6,0,923417951
gym-big-split-boss4,corridor-hold,170,Defeat,5,0,5,40,11,0,3,100,7,1:7,0,7,0,1313689915
gym-big-split-boss4,corridor-hold,171,Defeat,6,0,6,48,5,0,1,66,-1,,0,4,1,3684272590
gym-big-split-boss4,corridor-hold,172,Defeat,5,0,5,40,3,0,2,80,7,1:7,0,6,0,3501064611
gym-big-split-boss4,corridor-hold,173,Defeat,6,0,6,48,4,0,2,83,-1,,0,4,0,753374621
gym-big-split-boss4,corridor-hold,174,Defeat,8,0,8,64,5,0,1,75,-1,,0,7,0,3868421738
gym-big-split-boss4,corridor-hold,175,Defeat,6,0,6,48,3,0,2,100,-1,,0,5,0,92232996
gym-big-split-boss4,corridor-hold,176,Victory,9,0,9,72,5,5,0,44,-1,,0,6,0,1056402017
gym-big-split-boss4,corridor-hold,177,Defeat,6,0,6,48,5,0,2,66,-1,,0,3,0,1343835162
gym-big-split-boss4,corridor-hold,178,Defeat,7,0,7,56,5,0,1,57,-1,,0,4,0,3875515229
gym-big-split-boss4,corridor-hold,179,Defeat,7,0,7,56,4,0,1,71,-1,,0,5,0,4170007979
gym-big-split-boss4,corridor-hold,180,Defeat,11,0,11,88,12,0,1,54,3,1:3,0,7,0,242929956
gym-big-split-boss4,corridor-hold,181,Defeat,7,0,7,56,7,0,1,57,-1,,0,5,0,923417951
gym-big-split-boss4,corridor-hold,182,Defeat,6,0,6,48,11,0,2,66,-1,,0,4,0,1503193900
gym-big-split-boss4,corridor-hold,183,Defeat,7,0,7,56,15,0,1,57,-1,,0,5,0,4099800557
gym-big-split-boss4,corridor-hold,184,Defeat,6,0,6,48,10,0,2,83,-1,,0,4,0,3900754243
gym-big-split-boss4,corridor-hold,185,Defeat,6,0,6,48,8,0,2,66,-1,,0,4,0,847003957
gym-big-split-boss4,corridor-hold,186,Victory,14,0,14,112,16,15,0,35,-1,,0,16,0,3109725472
gym-big-split-boss4,corridor-hold,187,Defeat,7,0,7,56,7,0,1,57,-1,,0,5,0,923417951
gym-big-split-boss4,corridor-hold,188,Defeat,7,0,7,56,7,0,1,57,-1,,0,5,0,923417951
gym-big-split-boss4,corridor-hold,189,Defeat,6,0,6,48,0,0,3,100,7,1:7,0,7,1,1887323826
gym-big-split-boss4,corridor-hold,190,Defeat,6,0,6,48,5,0,2,100,-1,,0,4,0,3801615880
gym-big-split-boss4,corridor-hold,191,Defeat,6,0,6,48,9,0,2,116,-1,,0,4,0,2879854849
gym-big-split-boss4,corridor-hold,192,Defeat,7,0,7,56,14,0,2,71,-1,,0,4,0,1576528495
gym-big-split-boss4,corridor-hold,193,Defeat,6,0,6,48,5,0,2,83,-1,,0,4,0,3035541813
gym-big-split-boss4,corridor-hold,194,Defeat,5,0,5,40,3,0,3,80,-1,,0,3,1,2592763936
gym-big-split-boss4,corridor-hold,195,Defeat,6,0,6,48,12,0,2,66,-1,,0,4,0,2333970717
gym-big-split-boss4,corridor-hold,196,Defeat,5,0,5,40,3,0,3,60,-1,,0,5,1,68641714
gym-big-split-boss4,corridor-hold,197,Defeat,6,0,6,48,6,0,2,83,-1,,0,5,1,2771449062
gym-big-split-boss4,corridor-hold,198,Defeat,6,0,6,48,3,0,2,66,-1,,0,3,0,3823340301
gym-big-split-boss4,corridor-hold,199,Defeat,5,0,5,40,20,0,2,80,-1,,0,3,1,2383539199
gym-big-split-boss4,corridor-hold,200,Defeat,7,0,7,56,10,0,1,57,-1,,0,5,0,923417951
gym-big-split-boss4,tpa-order,1,Defeat,7,0,7,56,7,0,1,71,-1,,0,5,0,3844335821
gym-big-split-boss4,tpa-order,2,Defeat,6,0,6,48,8,0,2,66,-1,,0,3,0,4177186664
gym-big-split-boss4,tpa-order,3,Defeat,7,0,7,56,5,0,1,71,-1,,0,6,0,3256197917
gym-big-split-boss4,tpa-order,4,Defeat,9,0,9,72,4,0,1,55,3,1:3,0,9,0,278189875
gym-big-split-boss4,tpa-order,5,Defeat,7,0,7,56,15,0,1,57,-1,,0,5,0,2752721003
gym-big-split-boss4,tpa-order,6,Defeat,7,0,7,56,5,0,1,57,-1,,0,5,0,923417951
gym-big-split-boss4,tpa-order,7,Defeat,7,0,7,56,6,0,1,71,-1,,0,6,0,2965014839
gym-big-split-boss4,tpa-order,8,Defeat,5,0,5,40,10,0,2,80,-1,,0,3,1,1468411076
gym-big-split-boss4,tpa-order,9,Defeat,5,0,5,40,5,0,3,100,-1,,0,5,1,3113112098
gym-big-split-boss4,tpa-order,10,Defeat,5,0,5,40,3,0,2,80,-1,,0,3,1,2169748808
gym-big-split-boss4,tpa-order,11,Defeat,7,0,7,56,7,0,1,57,-1,,0,5,0,923417951
gym-big-split-boss4,tpa-order,12,Defeat,7,0,7,56,7,0,2,71,-1,,0,5,0,407743831
gym-big-split-boss4,tpa-order,13,Defeat,6,0,6,48,6,0,2,66,-1,,0,3,0,3747616720
gym-big-split-boss4,tpa-order,14,Defeat,7,0,7,56,8,0,2,85,-1,,0,5,0,4210755035
gym-big-split-boss4,tpa-order,15,Defeat,5,0,5,40,12,0,3,80,-1,,0,3,0,2955518497
gym-big-split-boss4,tpa-order,16,Defeat,8,0,8,64,3,0,1,62,-1,,0,7,0,656311387
gym-big-split-boss4,tpa-order,17,Defeat,7,0,7,56,3,0,1,71,-1,,0,5,0,1815382684
gym-big-split-boss4,tpa-order,18,Defeat,7,0,7,56,4,0,1,71,-1,,0,4,0,1884845304
gym-big-split-boss4,tpa-order,19,Defeat,6,0,6,48,5,0,2,83,-1,,0,3,0,25884398
gym-big-split-boss4,tpa-order,20,Defeat,7,0,7,56,5,0,1,57,-1,,0,5,0,923417951
gym-big-split-boss4,tpa-order,21,Victory,12,0,12,96,15,65,0,41,-1,,0,9,0,1894600806
gym-big-split-boss4,tpa-order,22,Defeat,6,0,6,48,5,0,2,83,7,1:7,0,9,0,3621138525
gym-big-split-boss4,tpa-order,23,Defeat,7,0,7,56,5,0,1,57,-1,,0,5,0,923417951
gym-big-split-boss4,tpa-order,24,Defeat,5,0,5,40,5,0,3,60,7,1:7,0,6,0,1635929134
gym-big-split-boss4,tpa-order,25,Defeat,6,0,6,48,6,0,1,100,-1,,0,4,0,2119197369
gym-big-split-boss4,tpa-order,26,Defeat,7,0,7,56,4,0,1,57,-1,,0,4,0,3846721835
gym-big-split-boss4,tpa-order,27,Defeat,14,0,14,112,12,0,1,64,3,1:3,0,22,0,2351695896
gym-big-split-boss4,tpa-order,28,Victory,15,0,15,120,17,205,0,33,3,1:3,0,15,0,2915683867
gym-big-split-boss4,tpa-order,29,Defeat,10,0,10,80,14,0,2,70,-1,,0,13,0,2244905365
gym-big-split-boss4,tpa-order,30,Defeat,7,0,7,56,7,0,1,57,-1,,0,5,0,923417951
gym-big-split-boss4,tpa-order,31,Defeat,4,0,4,32,4,0,3,75,-1,,0,2,2,1411839207
gym-big-split-boss4,tpa-order,32,Defeat,5,0,5,40,2,0,3,140,-1,,0,4,0,638322115
gym-big-split-boss4,tpa-order,33,Defeat,7,0,7,56,10,0,1,57,-1,,0,5,0,2450056091
gym-big-split-boss4,tpa-order,34,Defeat,7,0,7,56,10,0,2,57,-1,,0,6,1,60296557
gym-big-split-boss4,tpa-order,35,Defeat,5,0,5,40,4,0,2,80,-1,,0,3,1,501910607
gym-big-split-boss4,tpa-order,36,Defeat,7,0,7,56,7,0,1,57,-1,,0,4,0,4186770067
gym-big-split-boss4,tpa-order,37,Defeat,7,0,7,56,5,0,1,71,-1,,0,5,0,3844335821
gym-big-split-boss4,tpa-order,38,Defeat,5,0,5,40,5,0,2,60,7,1:7,0,6,0,4230417291
gym-big-split-boss4,tpa-order,39,Defeat,6,0,6,48,5,0,2,83,-1,,0,4,0,4181252282
gym-big-split-boss4,tpa-order,40,Defeat,7,0,7,56,5,0,2,71,-1,,0,5,0,2691546514
gym-big-split-boss4,tpa-order,41,Defeat,7,0,7,56,5,0,2,85,-1,,0,5,0,2585704171
gym-big-split-boss4,tpa-order,42,Defeat,7,0,7,56,7,0,1,57,-1,,0,5,0,923417951
gym-big-split-boss4,tpa-order,43,Defeat,8,0,8,64,4,0,1,50,-1,,0,8,0,346276841
gym-big-split-boss4,tpa-order,44,Defeat,6,0,6,48,7,0,2,83,-1,,0,3,0,3730527768
gym-big-split-boss4,tpa-order,45,Defeat,5,0,5,40,2,0,2,80,-1,,0,3,1,501910607
gym-big-split-boss4,tpa-order,46,Defeat,7,0,7,56,10,0,1,57,-1,,0,5,0,923417951
gym-big-split-boss4,tpa-order,47,Defeat,7,0,7,56,7,0,1,57,-1,,0,5,0,923417951
gym-big-split-boss4,tpa-order,48,Defeat,7,0,7,56,7,0,2,71,-1,,0,5,0,63845376
gym-big-split-boss4,tpa-order,49,Defeat,7,0,7,56,9,0,2,71,-1,,0,5,0,1429063502
gym-big-split-boss4,tpa-order,50,Defeat,6,0,6,48,4,0,2,83,-1,,0,3,0,2451150972
gym-big-split-boss4,tpa-order,51,Victory,27,0,27,216,43,115,0,22,12,1:12,0,39,0,2573557956
gym-big-split-boss4,tpa-order,52,Defeat,7,0,7,56,5,0,1,71,-1,,0,5,0,940160573
gym-big-split-boss4,tpa-order,53,Defeat,5,0,5,40,10,0,3,100,-1,,0,3,1,11766071
gym-big-split-boss4,tpa-order,54,Defeat,8,0,8,64,8,0,1,75,-1,,0,6,0,2747531932
gym-big-split-boss4,tpa-order,55,Defeat,7,0,7,56,6,0,3,71,-1,,0,7,0,3828365339
gym-big-split-boss4,tpa-order,56,Defeat,5,0,5,40,10,0,3,60,-1,,0,3,1,3441574555
gym-big-split-boss4,tpa-order,57,Victory,8,0,8,64,6,25,0,50,-1,,0,5,0,1277590607
gym-big-split-boss4,tpa-order,58,Victory,8,0,8,64,3,75,0,37,-1,,0,6,0,50908376
gym-big-split-boss4,tpa-order,59,Defeat,9,0,9,72,9,0,1,55,-1,,0,10,0,1469228445
gym-big-split-boss4,tpa-order,60,Defeat,5,0,5,40,5,0,3,60,7,1:7,0,6,0,1976678282
gym-big-split-boss4,tpa-order,61,Defeat,7,0,7,56,10,0,1,71,-1,,0,6,0,2492821057
gym-big-split-boss4,tpa-order,62,Defeat,7,0,7,56,8,0,1,85,-1,,0,5,0,2611394459
gym-big-split-boss4,tpa-order,63,Defeat,7,0,7,56,3,0,1,71,-1,,0,4,0,3774574791
gym-big-split-boss4,tpa-order,64,Defeat,6,0,6,48,10,0,1,83,-1,,0,4,0,3077154637
gym-big-split-boss4,tpa-order,65,Defeat,6,0,6,48,15,0,1,83,-1,,0,4,0,2061617689
gym-big-split-boss4,tpa-order,66,Victory,8,0,8,64,6,25,0,50,-1,,0,6,0,4050797613
gym-big-split-boss4,tpa-order,67,Defeat,7,0,7,56,5,0,2,85,-1,,0,5,0,1892554971
gym-big-split-boss4,tpa-order,68,Defeat,5,0,5,40,14,0,3,120,-1,,0,4,1,1806803768
gym-big-split-boss4,tpa-order,69,Defeat,6,0,6,48,6,0,1,83,-1,,0,4,0,213499285
gym-big-split-boss4,tpa-order,70,Defeat,6,0,6,48,10,0,2,83,-1,,0,4,0,3900754243
gym-big-split-boss4,tpa-order,71,Defeat,11,0,11,88,14,0,1,54,-1,,0,12,0,1204581295
gym-big-split-boss4,tpa-order,72,Defeat,10,0,10,80,3,0,1,70,-1,,0,12,0,1001728893
gym-big-split-boss4,tpa-order,73,Defeat,6,0,6,48,5,0,2,83,-1,,0,6,1,3833460254
gym-big-split-boss4,tpa-order,74,Defeat,5,0,5,40,3,0,2,80,-1,,0,3,1,692960638
gym-big-split-boss4,tpa-order,75,Defeat,5,0,5,40,3,0,3,80,-1,,0,3,1,3817224297
gym-big-split-boss4,tpa-order,76,Defeat,7,0,7,56,3,0,1,71,-1,,0,5,0,2307175699
gym-big-split-boss4,tpa-order,77,Defeat,7,0,7,56,11,0,1,57,-1,,0,5,0,2363051669
gym-big-split-boss4,tpa-order,78,Defeat,7,0,7,56,13,0,2,85,-1,,0,5,0,503491293
gym-big-split-boss4,tpa-order,79,Defeat,7,0,7,56,7,0,1,57,-1,,0,6,0,923417951
gym-big-split-boss4,tpa-order,80,Defeat,7,0,7,56,3,0,1,57,-1,,0,6,0,1798507365
gym-big-split-boss4,tpa-order,81,Victory,14,0,14,112,19,25,0,50,3,1:3,0,15,0,2058387122
gym-big-split-boss4,tpa-order,82,Victory,8,0,8,64,5,50,0,50,-1,,0,5,0,1985554787
gym-big-split-boss4,tpa-order,83,Defeat,5,0,5,40,3,0,3,100,7,1:7,0,5,1,4091642743
gym-big-split-boss4,tpa-order,84,Defeat,5,0,5,40,5,0,2,100,-1,,0,3,1,2379421486
gym-big-split-boss4,tpa-order,85,Defeat,6,0,6,48,2,0,1,66,-1,,0,4,0,3515572859
gym-big-split-boss4,tpa-order,86,Defeat,6,0,6,48,9,0,2,83,-1,,0,3,0,2451150972
gym-big-split-boss4,tpa-order,87,Defeat,7,0,7,56,10,0,1,71,-1,,0,5,0,1181159505
gym-big-split-boss4,tpa-order,88,Defeat,6,0,6,48,5,0,1,66,-1,,0,4,0,3313847850
gym-big-split-boss4,tpa-order,89,Defeat,7,0,7,56,3,0,1,57,-1,,0,5,0,923417951
gym-big-split-boss4,tpa-order,90,Defeat,7,0,7,56,5,0,1,57,-1,,0,4,0,3987812456
gym-big-split-boss4,tpa-order,91,Defeat,7,0,7,56,11,0,2,71,-1,,0,6,0,769978317
gym-big-split-boss4,tpa-order,92,Defeat,7,0,7,56,7,0,1,57,-1,,0,5,0,923417951
gym-big-split-boss4,tpa-order,93,Defeat,6,0,6,48,3,0,3,83,-1,,0,5,0,4248106407
gym-big-split-boss4,tpa-order,94,Defeat,8,0,8,64,5,0,1,50,-1,,0,5,0,3368320573
gym-big-split-boss4,tpa-order,95,Defeat,7,0,7,56,5,0,1,85,-1,,0,3,0,3117134593
gym-big-split-boss4,tpa-order,96,Defeat,7,0,7,56,5,0,1,57,-1,,0,5,0,923417951
gym-big-split-boss4,tpa-order,97,Defeat,7,0,7,56,15,0,1,57,-1,,0,5,0,923417951
gym-big-split-boss4,tpa-order,98,Defeat,5,0,5,40,5,0,2,60,7,1:7,0,6,0,4230417291
gym-big-split-boss4,tpa-order,99,Defeat,7,0,7,56,13,0,1,71,-1,,0,5,0,994872105
gym-big-split-boss4,tpa-order,100,Victory,19,0,19,152,21,60,0,26,3,1:3,0,37,0,3895311034
gym-big-split-boss4,tpa-order,101,Defeat,6,0,6,48,8,0,2,83,-1,,0,4,0,1013606676
gym-big-split-boss4,tpa-order,102,Defeat,7,0,7,56,5,0,1,57,-1,,0,6,0,923417951
gym-big-split-boss4,tpa-order,103,Defeat,7,0,7,56,7,0,1,57,-1,,0,5,0,923417951
gym-big-split-boss4,tpa-order,104,Victory,11,0,11,88,8,15,0,54,-1,,0,12,0,3100922583
gym-big-split-boss4,tpa-order,105,Defeat,6,0,6,48,5,0,2,66,-1,,0,3,0,3747616720
gym-big-split-boss4,tpa-order,106,Defeat,6,0,6,48,3,0,1,83,-1,,0,4,0,1824415531
gym-big-split-boss4,tpa-order,107,Victory,21,0,21,168,25,90,0,38,3,1:3,0,21,0,1986634820
gym-big-split-boss4,tpa-order,108,Defeat,6,0,6,48,4,0,2,83,-1,,0,4,0,4181144284
gym-big-split-boss4,tpa-order,109,Defeat,7,0,7,56,9,0,1,57,-1,,0,5,0,923417951
gym-big-split-boss4,tpa-order,110,Defeat,6,0,6,48,3,0,2,100,-1,,0,4,0,4109460499
gym-big-split-boss4,tpa-order,111,Defeat,6,0,6,48,14,0,1,83,-1,,0,5,0,430618664
gym-big-split-boss4,tpa-order,112,Defeat,5,0,5,40,5,0,2,80,-1,,0,3,1,2335009761
gym-big-split-boss4,tpa-order,113,Defeat,7,0,7,56,14,0,2,71,-1,,0,6,1,1632021226
gym-big-split-boss4,tpa-order,114,Defeat,6,0,6,48,4,0,2,100,-1,,0,4,0,458500336
gym-big-split-boss4,tpa-order,115,Defeat,6,0,6,48,10,0,2,66,-1,,0,4,0,847003957
gym-big-split-boss4,tpa-order,116,Defeat,9,0,9,72,7,0,1,55,-1,,0,9,0,134525805
gym-big-split-boss4,tpa-order,117,Defeat,7,0,7,56,5,0,1,71,-1,,0,5,0,1702605180
gym-big-split-boss4,tpa-order,118,Defeat,7,0,7,56,4,0,1,71,-1,,0,5,0,3844335821
gym-big-split-boss4,tpa-order,119,Victory,15,0,15,120,15,120,0,33,7,1:7,0,14,0,13043524
gym-big-split-boss4,tpa-order,120,Defeat,7,0,7,56,4,0,1,71,-1,,0,5,0,4122561110
gym-big-split-boss4,tpa-order,121,Defeat,7,0,7,56,2,0,1,71,-1,,0,5,0,4231326622
gym-big-split-boss4,tpa-order,122,Defeat,8,0,8,64,5,0,1,75,-1,,0,6,0,949561644
gym-big-split-boss4,tpa-order,123,Defeat,8,0,8,64,11,0,1,75,-1,,0,7,0,751871774
gym-big-split-boss4,tpa-order,124,Defeat,7,0,7,56,3,0,1,71,-1,,0,5,0,2129029425
gym-big-split-boss4,tpa-order,125,Defeat,7,0,7,56,5,0,1,57,-1,,0,6,0,923417951
gym-big-split-boss4,tpa-order,126,Defeat,6,0,6,48,11,0,2,100,-1,,0,5,1,471848042
gym-big-split-boss4,tpa-order,127,Defeat,6,0,6,48,8,0,1,66,-1,,0,4,0,2565765832
gym-big-split-boss4,tpa-order,128,Defeat,5,0,5,40,9,0,3,80,-1,,0,3,1,2306474509
gym-big-split-boss4,tpa-order,129,Defeat,7,0,7,56,10,0,1,71,-1,,0,5,0,2288108315
gym-big-split-boss4,tpa-order,130,Victory,8,0,8,64,5,75,0,37,-1,,0,5,0,50908376
gym-big-split-boss4,tpa-order,131,Defeat,7,0,7,56,8,0,1,57,-1,,0,5,0,923417951
gym-big-split-boss4,tpa-order,132,Defeat,7,0,7,56,16,0,2,71,-1,,0,5,0,2524813229
gym-big-split-boss4,tpa-order,133,Defeat,7,0,7,56,4,0,1,71,-1,,0,5,0,3844335821
gym-big-split-boss4,tpa-order,134,Defeat,7,0,7,56,9,0,1,57,-1,,0,5,0,1302782213
gym-big-split-boss4,tpa-order,135,Defeat,7,0,7,56,15,0,1,57,-1,,0,5,0,4099800557
gym-big-split-boss4,tpa-order,136,Defeat,6,0,6,48,5,0,3,116,7,1:7,0,9,0,1284371281
gym-big-split-boss4,tpa-order,137,Defeat,13,0,13,104,18,0,1,53,3,1:3,0,21,0,1989511990
gym-big-split-boss4,tpa-order,138,Defeat,7,0,7,56,5,0,1,71,-1,,0,3,0,584190424
gym-big-split-boss4,tpa-order,139,Defeat,7,0,7,56,7,0,1,57,-1,,0,5,0,923417951
gym-big-split-boss4,tpa-order,140,Defeat,9,0,9,72,12,0,1,55,-1,,0,7,0,3709664654
gym-big-split-boss4,tpa-order,141,Defeat,7,0,7,56,5,0,1,71,-1,,0,5,0,2195538399
gym-big-split-boss4,tpa-order,142,Defeat,10,0,10,80,9,0,2,70,-1,,0,16,0,3627875223
gym-big-split-boss4,tpa-order,143,Defeat,5,0,5,40,5,0,2,60,7,1:7,0,6,0,4230417291
gym-big-split-boss4,tpa-order,144,Victory,12,0,12,96,11,10,0,50,-1,,0,11,0,1258640344
gym-big-split-boss4,tpa-order,145,Victory,11,0,11,88,10,115,0,45,3,1:3,0,8,0,2570049319
gym-big-split-boss4,tpa-order,146,Defeat,9,0,9,72,6,0,1,66,-1,,0,5,0,3842827171
gym-big-split-boss4,tpa-order,147,Defeat,6,0,6,48,5,0,2,100,-1,,0,4,0,830630574
gym-big-split-boss4,tpa-order,148,Defeat,6,0,6,48,10,0,1,83,-1,,0,5,0,1824415531
gym-big-split-boss4,tpa-order,149,Victory,8,0,8,64,6,50,0,50,-1,,0,5,0,1664015285
gym-big-split-boss4,tpa-order,150,Defeat,7,0,7,56,4,0,2,85,-1,,0,6,1,3314258895
gym-big-split-boss4,tpa-order,151,Defeat,5,0,5,40,5,0,3,80,-1,,0,2,1,874519430
gym-big-split-boss4,tpa-order,152,Defeat,7,0,7,56,15,0,1,57,-1,,0,5,0,557917661
gym-big-split-boss4,tpa-order,153,Defeat,5,0,5,40,10,0,2,80,-1,,0,3,0,3416983518
gym-big-split-boss4,tpa-order,154,Defeat,9,0,9,72,3,0,1,88,3,1:3,0,9,0,3824783876
gym-big-split-boss4,tpa-order,155,Defeat,7,0,7,56,4,0,1,71,-1,,0,5,0,3844335821
gym-big-split-boss4,tpa-order,156,Defeat,7,0,7,56,7,0,2,85,-1,,0,6,0,511556811
gym-big-split-boss4,tpa-order,157,Defeat,6,0,6,48,2,0,2,83,-1,,0,4,0,3926016368
gym-big-split-boss4,tpa-order,158,Defeat,7,0,7,56,5,0,1,57,-1,,0,5,0,923417951
gym-big-split-boss4,tpa-order,159,Defeat,6,0,6,48,12,0,2,83,-1,,0,4,0,3481310222
gym-big-split-boss4,tpa-order,160,Defeat,7,0,7,56,8,0,1,71,-1,,0,6,0,1815382684
gym-big-split-boss4,tpa-order,161,Defeat,7,0,7,56,13,0,1,57,-1,,0,6,0,4179600025
gym-big-split-boss4,tpa-order,162,Defeat,7,0,7,56,7,0,1,71,-1,,0,4,0,2195538399
gym-big-split-boss4,tpa-order,163,Defeat,8,0,8,64,5,0,1,50,-1,,0,5,0,2406387659
gym-big-split-boss4,tpa-order,164,Defeat,6,0,6,48,15,0,2,100,-1,,0,5,1,2254278826
gym-big-split-boss4,tpa-order,165,Defeat,7,0,7,56,7,0,1,57,-1,,0,5,0,923417951
gym-big-split-boss4,tpa-order,166,Defeat,6,0,6,48,3,0,2,83,-1,,0,4,0,890403211
gym-big-split-boss4,tpa-order,167,Defeat,8,0,8,64,8,0,1,37,-1,,0,6,0,2501953276
gym-big-split-boss4,tpa-order,168,Defeat,7,0,7,56,7,0,1,57,-1,,0,5,0,923417951
gym-big-split-boss4,tpa-order,169,Defeat,7,0,7,56,7,0,1,57,-1,,0,6,0,923417951
gym-big-split-boss4,tpa-order,170,Defeat,5,0,5,40,11,0,3,100,7,1:7,0,7,0,1313689915
gym-big-split-boss4,tpa-order,171,Defeat,6,0,6,48,5,0,1,66,-1,,0,4,1,3684272590
gym-big-split-boss4,tpa-order,172,Defeat,5,0,5,40,3,0,2,80,7,1:7,0,6,0,3501064611
gym-big-split-boss4,tpa-order,173,Defeat,6,0,6,48,4,0,2,83,-1,,0,4,0,753374621
gym-big-split-boss4,tpa-order,174,Defeat,8,0,8,64,5,0,1,75,-1,,0,7,0,3868421738
gym-big-split-boss4,tpa-order,175,Defeat,6,0,6,48,3,0,2,100,-1,,0,5,0,92232996
gym-big-split-boss4,tpa-order,176,Victory,9,0,9,72,5,5,0,44,-1,,0,6,0,1056402017
gym-big-split-boss4,tpa-order,177,Defeat,6,0,6,48,5,0,2,66,-1,,0,3,0,1343835162
gym-big-split-boss4,tpa-order,178,Defeat,7,0,7,56,5,0,1,57,-1,,0,4,0,3875515229
gym-big-split-boss4,tpa-order,179,Defeat,7,0,7,56,4,0,1,71,-1,,0,5,0,4170007979
gym-big-split-boss4,tpa-order,180,Defeat,5,0,5,40,4,0,2,100,-1,,0,2,1,1972966982
gym-big-split-boss4,tpa-order,181,Defeat,7,0,7,56,7,0,1,57,-1,,0,5,0,923417951
gym-big-split-boss4,tpa-order,182,Defeat,6,0,6,48,11,0,2,66,-1,,0,4,0,1503193900
gym-big-split-boss4,tpa-order,183,Defeat,7,0,7,56,15,0,1,57,-1,,0,5,0,4099800557
gym-big-split-boss4,tpa-order,184,Defeat,6,0,6,48,10,0,2,83,-1,,0,4,0,3900754243
gym-big-split-boss4,tpa-order,185,Defeat,6,0,6,48,8,0,2,66,-1,,0,4,0,847003957
gym-big-split-boss4,tpa-order,186,Victory,14,0,14,112,16,15,0,35,-1,,0,16,0,3109725472
gym-big-split-boss4,tpa-order,187,Defeat,7,0,7,56,7,0,1,57,-1,,0,5,0,923417951
gym-big-split-boss4,tpa-order,188,Defeat,7,0,7,56,7,0,1,57,-1,,0,5,0,923417951
gym-big-split-boss4,tpa-order,189,Defeat,6,0,6,48,0,0,2,83,7,1:7,0,7,1,247244553
gym-big-split-boss4,tpa-order,190,Defeat,6,0,6,48,5,0,2,100,-1,,0,4,0,3801615880
gym-big-split-boss4,tpa-order,191,Defeat,6,0,6,48,9,0,2,116,-1,,0,4,0,2879854849
gym-big-split-boss4,tpa-order,192,Defeat,7,0,7,56,14,0,1,57,-1,,0,4,0,1449622916
gym-big-split-boss4,tpa-order,193,Defeat,6,0,6,48,5,0,2,83,-1,,0,4,0,3035541813
gym-big-split-boss4,tpa-order,194,Defeat,6,0,6,48,3,0,1,83,-1,,0,4,0,2639606171
gym-big-split-boss4,tpa-order,195,Defeat,6,0,6,48,12,0,2,66,-1,,0,4,0,2333970717
gym-big-split-boss4,tpa-order,196,Defeat,5,0,5,40,3,0,3,60,-1,,0,5,1,68641714
gym-big-split-boss4,tpa-order,197,Defeat,6,0,6,48,6,0,2,83,-1,,0,5,1,2771449062
gym-big-split-boss4,tpa-order,198,Defeat,6,0,6,48,3,0,2,66,-1,,0,3,0,3823340301
gym-big-split-boss4,tpa-order,199,Defeat,5,0,5,40,20,0,2,80,-1,,0,3,1,2383539199
gym-big-split-boss4,tpa-order,200,Defeat,7,0,7,56,10,0,1,57,-1,,0,5,0,923417951
gym-big-split-boss4,control-hold,1,Defeat,7,0,7,56,7,0,1,71,-1,,0,5,0,3844335821
gym-big-split-boss4,control-hold,2,Defeat,6,0,6,48,8,0,2,66,-1,,0,3,0,4177186664
gym-big-split-boss4,control-hold,3,Defeat,7,0,7,56,5,0,1,71,-1,,0,6,0,3256197917
gym-big-split-boss4,control-hold,4,Defeat,9,0,9,72,4,0,1,55,3,1:3,0,9,0,278189875
gym-big-split-boss4,control-hold,5,Defeat,7,0,7,56,15,0,1,57,-1,,0,5,0,2752721003
gym-big-split-boss4,control-hold,6,Defeat,7,0,7,56,5,0,1,57,-1,,0,5,0,923417951
gym-big-split-boss4,control-hold,7,Defeat,7,0,7,56,6,0,1,71,-1,,0,6,0,2965014839
gym-big-split-boss4,control-hold,8,Defeat,5,0,5,40,10,0,2,80,-1,,0,3,1,1468411076
gym-big-split-boss4,control-hold,9,Defeat,5,0,5,40,5,0,4,120,-1,,0,5,1,3074313657
gym-big-split-boss4,control-hold,10,Victory,28,0,28,224,35,15,0,28,3,1:3,0,27,0,2198290223
gym-big-split-boss4,control-hold,11,Defeat,7,0,7,56,7,0,1,57,-1,,0,5,0,923417951
gym-big-split-boss4,control-hold,12,Defeat,7,0,7,56,7,0,2,71,-1,,0,5,0,407743831
gym-big-split-boss4,control-hold,13,Defeat,6,0,6,48,6,0,2,66,-1,,0,3,0,3747616720
gym-big-split-boss4,control-hold,14,Defeat,7,0,7,56,8,0,2,85,-1,,0,5,0,4210755035
gym-big-split-boss4,control-hold,15,Defeat,5,0,5,40,12,0,3,80,-1,,0,3,0,2955518497
gym-big-split-boss4,control-hold,16,Defeat,8,0,8,64,3,0,1,62,-1,,0,7,0,656311387
gym-big-split-boss4,control-hold,17,Defeat,7,0,7,56,3,0,1,71,-1,,0,5,0,1815382684
gym-big-split-boss4,control-hold,18,Defeat,7,0,7,56,4,0,1,71,-1,,0,4,0,1884845304
gym-big-split-boss4,control-hold,19,Defeat,6,0,6,48,5,0,2,83,-1,,0,3,0,25884398
gym-big-split-boss4,control-hold,20,Defeat,7,0,7,56,5,0,1,57,-1,,0,5,0,923417951
gym-big-split-boss4,control-hold,21,Victory,12,0,12,96,15,65,0,41,-1,,0,9,0,1894600806
gym-big-split-boss4,control-hold,22,Defeat,6,0,6,48,5,0,2,83,7,1:7,0,9,0,3621138525
gym-big-split-boss4,control-hold,23,Defeat,7,0,7,56,5,0,1,57,-1,,0,5,0,923417951
gym-big-split-boss4,control-hold,24,Defeat,5,0,5,40,5,0,3,60,7,1:7,0,6,0,1635929134
gym-big-split-boss4,control-hold,25,Defeat,6,0,6,48,6,0,1,100,-1,,0,4,0,2119197369
gym-big-split-boss4,control-hold,26,Defeat,7,0,7,56,4,0,1,57,-1,,0,4,0,3846721835
gym-big-split-boss4,control-hold,27,Defeat,14,0,14,112,12,0,2,71,3,1:3,0,22,0,1220612515
gym-big-split-boss4,control-hold,28,Victory,15,0,15,120,17,205,0,33,3,1:3,0,15,0,2915683867
gym-big-split-boss4,control-hold,29,Defeat,10,0,10,80,14,0,2,80,-1,,0,14,0,1607750081
gym-big-split-boss4,control-hold,30,Defeat,7,0,7,56,7,0,1,57,-1,,0,5,0,923417951
gym-big-split-boss4,control-hold,31,Defeat,4,0,4,32,4,0,3,75,-1,,0,2,2,1411839207
gym-big-split-boss4,control-hold,32,Defeat,4,0,4,32,2,0,4,150,-1,,0,2,1,2198323227
gym-big-split-boss4,control-hold,33,Defeat,7,0,7,56,10,0,1,57,-1,,0,5,0,2450056091
gym-big-split-boss4,control-hold,34,Defeat,7,0,7,56,10,0,2,57,-1,,0,6,1,60296557
gym-big-split-boss4,control-hold,35,Defeat,5,0,5,40,4,0,2,80,-1,,0,3,1,501910607
gym-big-split-boss4,control-hold,36,Defeat,7,0,7,56,7,0,1,57,-1,,0,4,0,4186770067
gym-big-split-boss4,control-hold,37,Defeat,7,0,7,56,5,0,1,71,-1,,0,5,0,3844335821
gym-big-split-boss4,control-hold,38,Defeat,5,0,5,40,5,0,2,60,7,1:7,0,6,0,4230417291
gym-big-split-boss4,control-hold,39,Defeat,6,0,6,48,5,0,2,83,-1,,0,4,0,4181252282
gym-big-split-boss4,control-hold,40,Defeat,7,0,7,56,5,0,2,71,-1,,0,5,0,2691546514
gym-big-split-boss4,control-hold,41,Defeat,7,0,7,56,5,0,2,85,-1,,0,5,0,2585704171
gym-big-split-boss4,control-hold,42,Defeat,7,0,7,56,7,0,1,57,-1,,0,5,0,923417951
gym-big-split-boss4,control-hold,43,Defeat,8,0,8,64,4,0,1,50,-1,,0,8,0,346276841
gym-big-split-boss4,control-hold,44,Defeat,6,0,6,48,7,0,2,83,-1,,0,3,0,3730527768
gym-big-split-boss4,control-hold,45,Defeat,5,0,5,40,2,0,2,80,-1,,0,3,1,501910607
gym-big-split-boss4,control-hold,46,Defeat,7,0,7,56,10,0,1,57,-1,,0,5,0,923417951
gym-big-split-boss4,control-hold,47,Defeat,7,0,7,56,7,0,1,57,-1,,0,5,0,923417951
gym-big-split-boss4,control-hold,48,Defeat,7,0,7,56,7,0,2,71,-1,,0,5,0,63845376
gym-big-split-boss4,control-hold,49,Defeat,7,0,7,56,9,0,2,71,-1,,0,5,0,1429063502
gym-big-split-boss4,control-hold,50,Defeat,6,0,6,48,4,0,2,83,-1,,0,3,0,2451150972
gym-big-split-boss4,control-hold,51,Victory,27,0,27,216,43,115,0,22,12,1:12,0,39,0,2573557956
gym-big-split-boss4,control-hold,52,Defeat,7,0,7,56,5,0,1,71,-1,,0,5,0,940160573
gym-big-split-boss4,control-hold,53,Defeat,5,0,5,40,10,0,3,100,-1,,0,3,1,11766071
gym-big-split-boss4,control-hold,54,Defeat,8,0,8,64,8,0,1,75,-1,,0,6,0,2747531932
gym-big-split-boss4,control-hold,55,Defeat,7,0,7,56,6,0,3,71,-1,,0,7,0,3828365339
gym-big-split-boss4,control-hold,56,Defeat,5,0,5,40,10,0,3,60,-1,,0,3,1,3441574555
gym-big-split-boss4,control-hold,57,Victory,8,0,8,64,6,25,0,50,-1,,0,5,0,1277590607
gym-big-split-boss4,control-hold,58,Victory,8,0,8,64,3,75,0,37,-1,,0,6,0,50908376
gym-big-split-boss4,control-hold,59,Defeat,9,0,9,72,9,0,1,55,-1,,0,10,0,1469228445
gym-big-split-boss4,control-hold,60,Defeat,5,0,5,40,5,0,3,60,7,1:7,0,6,0,1976678282
gym-big-split-boss4,control-hold,61,Defeat,7,0,7,56,10,0,1,71,-1,,0,6,0,2492821057
gym-big-split-boss4,control-hold,62,Defeat,7,0,7,56,8,0,1,85,-1,,0,5,0,2611394459
gym-big-split-boss4,control-hold,63,Defeat,7,0,7,56,3,0,1,71,-1,,0,4,0,3774574791
gym-big-split-boss4,control-hold,64,Defeat,6,0,6,48,10,0,1,83,-1,,0,4,0,3077154637
gym-big-split-boss4,control-hold,65,Defeat,6,0,6,48,15,0,1,83,-1,,0,4,0,2061617689
gym-big-split-boss4,control-hold,66,Victory,8,0,8,64,6,25,0,50,-1,,0,6,0,4050797613
gym-big-split-boss4,control-hold,67,Defeat,7,0,7,56,5,0,2,85,-1,,0,5,0,1892554971
gym-big-split-boss4,control-hold,68,Defeat,5,0,5,40,14,0,3,120,-1,,0,4,1,1806803768
gym-big-split-boss4,control-hold,69,Defeat,6,0,6,48,6,0,1,83,-1,,0,4,0,213499285
gym-big-split-boss4,control-hold,70,Defeat,6,0,6,48,10,0,2,83,-1,,0,4,0,3900754243
gym-big-split-boss4,control-hold,71,Defeat,11,0,11,88,14,0,1,54,-1,,0,12,0,1204581295
gym-big-split-boss4,control-hold,72,Defeat,10,0,10,80,3,0,1,70,-1,,0,12,0,1001728893
gym-big-split-boss4,control-hold,73,Defeat,6,0,6,48,5,0,2,83,-1,,0,6,1,3833460254
gym-big-split-boss4,control-hold,74,Defeat,5,0,5,40,3,0,2,80,-1,,0,3,1,692960638
gym-big-split-boss4,control-hold,75,Defeat,5,0,5,40,3,0,3,80,-1,,0,3,1,3817224297
gym-big-split-boss4,control-hold,76,Defeat,7,0,7,56,3,0,1,71,-1,,0,5,0,2307175699
gym-big-split-boss4,control-hold,77,Defeat,7,0,7,56,11,0,1,57,-1,,0,5,0,2363051669
gym-big-split-boss4,control-hold,78,Defeat,7,0,7,56,13,0,2,85,-1,,0,5,0,503491293
gym-big-split-boss4,control-hold,79,Defeat,7,0,7,56,7,0,1,57,-1,,0,6,0,923417951
gym-big-split-boss4,control-hold,80,Defeat,7,0,7,56,3,0,2,71,-1,,0,6,0,319950798
gym-big-split-boss4,control-hold,81,Victory,14,0,14,112,19,25,0,50,3,1:3,0,15,0,2058387122
gym-big-split-boss4,control-hold,82,Victory,8,0,8,64,5,50,0,50,-1,,0,5,0,1985554787
gym-big-split-boss4,control-hold,83,Defeat,5,0,5,40,3,0,3,100,7,1:7,0,5,1,4091642743
gym-big-split-boss4,control-hold,84,Defeat,5,0,5,40,5,0,2,100,-1,,0,3,1,2379421486
gym-big-split-boss4,control-hold,85,Defeat,6,0,6,48,2,0,1,66,-1,,0,4,0,3515572859
gym-big-split-boss4,control-hold,86,Defeat,6,0,6,48,9,0,2,83,-1,,0,3,0,2451150972
gym-big-split-boss4,control-hold,87,Defeat,7,0,7,56,10,0,1,71,-1,,0,5,0,1181159505
gym-big-split-boss4,control-hold,88,Defeat,6,0,6,48,5,0,1,66,-1,,0,4,0,3313847850
gym-big-split-boss4,control-hold,89,Defeat,7,0,7,56,3,0,1,57,-1,,0,5,0,923417951
gym-big-split-boss4,control-hold,90,Defeat,7,0,7,56,5,0,1,57,-1,,0,4,0,3987812456
gym-big-split-boss4,control-hold,91,Defeat,7,0,7,56,11,0,2,71,-1,,0,6,0,769978317
gym-big-split-boss4,control-hold,92,Defeat,7,0,7,56,7,0,1,57,-1,,0,5,0,923417951
gym-big-split-boss4,control-hold,93,Defeat,6,0,6,48,3,0,3,83,-1,,0,5,0,4248106407
gym-big-split-boss4,control-hold,94,Defeat,8,0,8,64,5,0,1,50,-1,,0,5,0,3368320573
gym-big-split-boss4,control-hold,95,Defeat,7,0,7,56,5,0,1,85,-1,,0,3,0,3117134593
gym-big-split-boss4,control-hold,96,Defeat,7,0,7,56,5,0,1,57,-1,,0,5,0,923417951
gym-big-split-boss4,control-hold,97,Defeat,7,0,7,56,15,0,1,57,-1,,0,5,0,923417951
gym-big-split-boss4,control-hold,98,Defeat,5,0,5,40,5,0,2,60,7,1:7,0,6,0,4230417291
gym-big-split-boss4,control-hold,99,Defeat,7,0,7,56,13,0,1,71,-1,,0,5,0,994872105
gym-big-split-boss4,control-hold,100,Victory,19,0,19,152,21,60,0,26,3,1:3,0,37,0,3895311034
gym-big-split-boss4,control-hold,101,Defeat,6,0,6,48,8,0,2,83,-1,,0,4,0,1013606676
gym-big-split-boss4,control-hold,102,Defeat,7,0,7,56,5,0,1,57,-1,,0,6,0,923417951
gym-big-split-boss4,control-hold,103,Defeat,7,0,7,56,7,0,1,57,-1,,0,5,0,923417951
gym-big-split-boss4,control-hold,104,Defeat,10,0,10,80,8,0,1,70,-1,,0,12,0,3472129277
gym-big-split-boss4,control-hold,105,Defeat,6,0,6,48,5,0,2,66,-1,,0,3,0,3747616720
gym-big-split-boss4,control-hold,106,Defeat,6,0,6,48,3,0,1,83,-1,,0,4,0,1824415531
gym-big-split-boss4,control-hold,107,Victory,21,0,21,168,25,90,0,38,3,1:3,0,21,0,1986634820
gym-big-split-boss4,control-hold,108,Defeat,6,0,6,48,4,0,2,83,-1,,0,4,0,4181144284
gym-big-split-boss4,control-hold,109,Defeat,7,0,7,56,9,0,1,57,-1,,0,5,0,923417951
gym-big-split-boss4,control-hold,110,Defeat,6,0,6,48,3,0,2,100,-1,,0,4,0,4109460499
gym-big-split-boss4,control-hold,111,Defeat,6,0,6,48,14,0,1,83,-1,,0,5,0,430618664
gym-big-split-boss4,control-hold,112,Defeat,5,0,5,40,5,0,2,80,-1,,0,3,1,2335009761
gym-big-split-boss4,control-hold,113,Defeat,7,0,7,56,14,0,2,71,-1,,0,6,1,1632021226
gym-big-split-boss4,control-hold,114,Defeat,6,0,6,48,4,0,2,100,-1,,0,4,0,458500336
gym-big-split-boss4,control-hold,115,Defeat,6,0,6,48,10,0,2,66,-1,,0,4,0,847003957
gym-big-split-boss4,control-hold,116,Defeat,9,0,9,72,7,0,1,55,-1,,0,9,0,134525805
gym-big-split-boss4,control-hold,117,Defeat,7,0,7,56,5,0,1,71,-1,,0,5,0,1702605180
gym-big-split-boss4,control-hold,118,Defeat,7,0,7,56,4,0,1,71,-1,,0,5,0,3844335821
gym-big-split-boss4,control-hold,119,Victory,15,0,15,120,15,120,0,33,7,1:7,0,14,0,13043524
gym-big-split-boss4,control-hold,120,Defeat,7,0,7,56,4,0,1,71,-1,,0,5,0,4122561110
gym-big-split-boss4,control-hold,121,Defeat,7,0,7,56,2,0,2,85,-1,,0,5,0,2055070516
gym-big-split-boss4,control-hold,122,Defeat,8,0,8,64,5,0,1,75,-1,,0,6,0,949561644
gym-big-split-boss4,control-hold,123,Defeat,8,0,8,64,11,0,1,75,-1,,0,7,0,751871774
gym-big-split-boss4,control-hold,124,Defeat,7,0,7,56,3,0,1,71,-1,,0,5,0,2129029425
gym-big-split-boss4,control-hold,125,Defeat,7,0,7,56,5,0,1,57,-1,,0,6,0,923417951
gym-big-split-boss4,control-hold,126,Defeat,6,0,6,48,11,0,2,100,-1,,0,5,1,471848042
gym-big-split-boss4,control-hold,127,Defeat,6,0,6,48,8,0,1,66,-1,,0,4,0,2565765832
gym-big-split-boss4,control-hold,128,Defeat,5,0,5,40,9,0,3,80,-1,,0,3,1,2306474509
gym-big-split-boss4,control-hold,129,Defeat,7,0,7,56,10,0,1,71,-1,,0,5,0,2288108315
gym-big-split-boss4,control-hold,130,Victory,8,0,8,64,5,75,0,37,-1,,0,5,0,50908376
gym-big-split-boss4,control-hold,131,Defeat,7,0,7,56,8,0,1,57,-1,,0,5,0,923417951
gym-big-split-boss4,control-hold,132,Defeat,7,0,7,56,16,0,2,71,-1,,0,5,0,2524813229
gym-big-split-boss4,control-hold,133,Defeat,7,0,7,56,4,0,1,71,-1,,0,5,0,3844335821
gym-big-split-boss4,control-hold,134,Defeat,7,0,7,56,9,0,1,57,-1,,0,5,0,1302782213
gym-big-split-boss4,control-hold,135,Defeat,7,0,7,56,15,0,1,57,-1,,0,5,0,4099800557
gym-big-split-boss4,control-hold,136,Defeat,5,0,5,40,5,0,4,80,7,1:7,0,7,1,3955352882
gym-big-split-boss4,control-hold,137,Defeat,13,0,13,104,18,0,1,53,3,1:3,0,21,0,1989511990
gym-big-split-boss4,control-hold,138,Defeat,7,0,7,56,5,0,1,71,-1,,0,3,0,584190424
gym-big-split-boss4,control-hold,139,Defeat,7,0,7,56,7,0,1,57,-1,,0,5,0,923417951
gym-big-split-boss4,control-hold,140,Defeat,9,0,9,72,12,0,1,55,-1,,0,7,0,3709664654
gym-big-split-boss4,control-hold,141,Defeat,7,0,7,56,5,0,1,71,-1,,0,5,0,2195538399
gym-big-split-boss4,control-hold,142,Defeat,10,0,10,80,9,0,2,70,-1,,0,16,0,3627875223
gym-big-split-boss4,control-hold,143,Defeat,5,0,5,40,5,0,2,60,7,1:7,0,6,0,4230417291
gym-big-split-boss4,control-hold,144,Victory,12,0,12,96,11,10,0,50,-1,,0,11,0,1258640344
gym-big-split-boss4,control-hold,145,Victory,11,0,11,88,10,115,0,45,3,1:3,0,8,0,2570049319
gym-big-split-boss4,control-hold,146,Defeat,9,0,9,72,6,0,1,66,-1,,0,5,0,3842827171
gym-big-split-boss4,control-hold,147,Defeat,6,0,6,48,5,0,2,100,-1,,0,4,0,830630574
gym-big-split-boss4,control-hold,148,Defeat,6,0,6,48,10,0,1,83,-1,,0,5,0,1824415531
gym-big-split-boss4,control-hold,149,Victory,8,0,8,64,6,50,0,50,-1,,0,5,0,1664015285
gym-big-split-boss4,control-hold,150,Defeat,7,0,7,56,4,0,2,85,-1,,0,6,1,1489877952
gym-big-split-boss4,control-hold,151,Defeat,5,0,5,40,5,0,3,80,-1,,0,2,1,874519430
gym-big-split-boss4,control-hold,152,Defeat,7,0,7,56,15,0,1,57,-1,,0,5,0,557917661
gym-big-split-boss4,control-hold,153,Defeat,5,0,5,40,10,0,2,80,-1,,0,3,0,3416983518
gym-big-split-boss4,control-hold,154,Defeat,9,0,9,72,3,0,1,88,3,1:3,0,9,0,3824783876
gym-big-split-boss4,control-hold,155,Defeat,7,0,7,56,4,0,1,71,-1,,0,5,0,3844335821
gym-big-split-boss4,control-hold,156,Defeat,7,0,7,56,7,0,2,85,-1,,0,6,0,511556811
gym-big-split-boss4,control-hold,157,Defeat,6,0,6,48,2,0,2,83,-1,,0,4,0,3926016368
gym-big-split-boss4,control-hold,158,Defeat,7,0,7,56,5,0,1,57,-1,,0,5,0,923417951
gym-big-split-boss4,control-hold,159,Defeat,6,0,6,48,12,0,2,83,-1,,0,4,0,3481310222
gym-big-split-boss4,control-hold,160,Defeat,7,0,7,56,8,0,1,71,-1,,0,6,0,1815382684
gym-big-split-boss4,control-hold,161,Defeat,7,0,7,56,13,0,1,57,-1,,0,6,0,4179600025
gym-big-split-boss4,control-hold,162,Defeat,7,0,7,56,7,0,1,71,-1,,0,4,0,2195538399
gym-big-split-boss4,control-hold,163,Defeat,8,0,8,64,5,0,1,50,-1,,0,5,0,2406387659
gym-big-split-boss4,control-hold,164,Defeat,6,0,6,48,15,0,2,100,-1,,0,5,1,2254278826
gym-big-split-boss4,control-hold,165,Defeat,7,0,7,56,7,0,1,57,-1,,0,5,0,923417951
gym-big-split-boss4,control-hold,166,Defeat,6,0,6,48,3,0,2,83,-1,,0,4,0,890403211
gym-big-split-boss4,control-hold,167,Defeat,8,0,8,64,8,0,1,37,-1,,0,6,0,2501953276
gym-big-split-boss4,control-hold,168,Defeat,7,0,7,56,7,0,1,57,-1,,0,5,0,923417951
gym-big-split-boss4,control-hold,169,Defeat,7,0,7,56,7,0,1,57,-1,,0,6,0,923417951
gym-big-split-boss4,control-hold,170,Defeat,5,0,5,40,11,0,3,100,7,1:7,0,7,0,1313689915
gym-big-split-boss4,control-hold,171,Defeat,6,0,6,48,5,0,1,66,-1,,0,4,1,3684272590
gym-big-split-boss4,control-hold,172,Defeat,5,0,5,40,3,0,2,80,7,1:7,0,6,0,3501064611
gym-big-split-boss4,control-hold,173,Defeat,6,0,6,48,4,0,2,83,-1,,0,4,0,753374621
gym-big-split-boss4,control-hold,174,Defeat,8,0,8,64,5,0,1,75,-1,,0,7,0,3868421738
gym-big-split-boss4,control-hold,175,Defeat,6,0,6,48,3,0,2,100,-1,,0,5,0,92232996
gym-big-split-boss4,control-hold,176,Victory,9,0,9,72,5,5,0,44,-1,,0,6,0,1056402017
gym-big-split-boss4,control-hold,177,Defeat,6,0,6,48,5,0,2,66,-1,,0,3,0,1343835162
gym-big-split-boss4,control-hold,178,Defeat,7,0,7,56,5,0,1,57,-1,,0,4,0,3875515229
gym-big-split-boss4,control-hold,179,Defeat,7,0,7,56,4,0,1,71,-1,,0,5,0,4170007979
gym-big-split-boss4,control-hold,180,Defeat,11,0,11,88,12,0,1,54,3,1:3,0,7,0,242929956
gym-big-split-boss4,control-hold,181,Defeat,7,0,7,56,7,0,1,57,-1,,0,5,0,923417951
gym-big-split-boss4,control-hold,182,Defeat,6,0,6,48,11,0,2,66,-1,,0,4,0,1503193900
gym-big-split-boss4,control-hold,183,Defeat,7,0,7,56,15,0,1,57,-1,,0,5,0,4099800557
gym-big-split-boss4,control-hold,184,Defeat,6,0,6,48,10,0,2,83,-1,,0,4,0,3900754243
gym-big-split-boss4,control-hold,185,Defeat,6,0,6,48,8,0,2,66,-1,,0,4,0,847003957
gym-big-split-boss4,control-hold,186,Victory,14,0,14,112,16,15,0,35,-1,,0,16,0,3109725472
gym-big-split-boss4,control-hold,187,Defeat,7,0,7,56,7,0,1,57,-1,,0,5,0,923417951
gym-big-split-boss4,control-hold,188,Defeat,7,0,7,56,7,0,1,57,-1,,0,5,0,923417951
gym-big-split-boss4,control-hold,189,Defeat,6,0,6,48,0,0,3,100,7,1:7,0,7,1,1887323826
gym-big-split-boss4,control-hold,190,Defeat,6,0,6,48,5,0,2,100,-1,,0,4,0,3801615880
gym-big-split-boss4,control-hold,191,Defeat,6,0,6,48,9,0,2,116,-1,,0,4,0,2879854849
gym-big-split-boss4,control-hold,192,Defeat,7,0,7,56,14,0,2,71,-1,,0,4,0,1576528495
gym-big-split-boss4,control-hold,193,Defeat,6,0,6,48,5,0,2,83,-1,,0,4,0,3035541813
gym-big-split-boss4,control-hold,194,Defeat,5,0,5,40,3,0,3,80,-1,,0,3,1,2592763936
gym-big-split-boss4,control-hold,195,Defeat,6,0,6,48,12,0,2,66,-1,,0,4,0,2333970717
gym-big-split-boss4,control-hold,196,Defeat,5,0,5,40,3,0,3,60,-1,,0,5,1,68641714
gym-big-split-boss4,control-hold,197,Defeat,6,0,6,48,6,0,2,83,-1,,0,5,1,2771449062
gym-big-split-boss4,control-hold,198,Defeat,6,0,6,48,3,0,2,66,-1,,0,3,0,3823340301
gym-big-split-boss4,control-hold,199,Defeat,5,0,5,40,20,0,2,80,-1,,0,3,1,2383539199
gym-big-split-boss4,control-hold,200,Defeat,7,0,7,56,10,0,1,57,-1,,0,5,0,923417951
gym-big-split-boss4,charge,1,Defeat,6,0,6,48,6,0,1,66,-1,,0,3,0,3226821366
gym-big-split-boss4,charge,2,Defeat,4,0,4,32,4,0,2,75,-1,,0,1,2,2911288620
gym-big-split-boss4,charge,3,Defeat,4,0,4,32,8,0,2,75,-1,,0,2,1,3581967088
gym-big-split-boss4,charge,4,Defeat,7,0,7,56,12,0,2,71,-1,,0,5,0,3548293277
gym-big-split-boss4,charge,5,Defeat,5,0,5,40,4,0,2,60,-1,,0,1,2,2893642922
gym-big-split-boss4,charge,6,Defeat,5,0,5,40,4,0,2,80,-1,,0,2,1,224395843
gym-big-split-boss4,charge,7,Defeat,3,0,3,24,12,0,3,100,-1,,0,1,3,2340981495
gym-big-split-boss4,charge,8,Defeat,4,0,4,32,4,0,3,75,-1,,0,1,2,3124059908
gym-big-split-boss4,charge,9,Defeat,5,0,5,40,6,0,2,80,-1,,0,1,2,2968563692
gym-big-split-boss4,charge,10,Defeat,3,0,3,24,8,0,4,133,-1,,0,1,2,3958391724
gym-big-split-boss4,charge,11,Defeat,4,0,4,32,4,0,2,75,-1,,0,1,2,2911288620
gym-big-split-boss4,charge,12,Defeat,4,0,4,32,4,0,2,75,-1,,0,1,2,2911288620
gym-big-split-boss4,charge,13,Defeat,6,0,6,48,8,0,2,66,-1,,0,1,0,1186989417
gym-big-split-boss4,charge,14,Defeat,5,0,5,40,5,0,2,80,-1,,0,2,1,2094547996
gym-big-split-boss4,charge,15,Defeat,4,0,4,32,4,0,3,75,-1,,0,1,2,3743860436
gym-big-split-boss4,charge,16,Defeat,4,0,4,32,4,0,2,75,-1,,0,0,2,3649846958
gym-big-split-boss4,charge,17,Defeat,4,0,4,32,2,0,2,75,-1,,0,1,2,2911288620
gym-big-split-boss4,charge,18,Defeat,4,0,4,32,4,0,2,75,-1,,0,1,2,55314608
gym-big-split-boss4,charge,19,Defeat,4,0,4,32,4,0,2,75,-1,,0,1,2,2911288620
gym-big-split-boss4,charge,20,Defeat,5,0,5,40,4,0,2,60,-1,,0,0,1,3241070610
gym-big-split-boss4,charge,21,Defeat,5,0,5,40,10,0,2,100,-1,,0,1,0,1528756687
gym-big-split-boss4,charge,22,Defeat,4,0,4,32,5,0,3,100,-1,,0,1,2,3286651544
gym-big-split-boss4,charge,23,Defeat,4,0,4,32,6,0,2,75,-1,,0,1,2,2723472118
gym-big-split-boss4,charge,24,Defeat,3,0,3,24,4,0,3,100,-1,,0,1,2,1519094161
gym-big-split-boss4,charge,25,Defeat,5,0,5,40,4,0,2,60,-1,,0,1,1,3836292926
gym-big-split-boss4,charge,26,Defeat,4,0,4,32,4,0,2,75,-1,,0,1,2,55314608
gym-big-split-boss4,charge,27,Defeat,4,0,4,32,4,0,2,75,-1,,0,1,2,55314608
gym-big-split-boss4,charge,28,Defeat,5,0,5,40,8,0,2,60,-1,,0,1,1,2473333595
gym-big-split-boss4,charge,29,Defeat,4,0,4,32,4,0,2,75,-1,,0,1,2,2911288620
gym-big-split-boss4,charge,30,Defeat,6,0,6,48,6,0,2,83,-1,,0,1,0,912475849
gym-big-split-boss4,charge,31,Defeat,7,0,7,56,2,0,1,57,-1,,0,1,0,3301338515
gym-big-split-boss4,charge,32,Defeat,4,0,4,32,8,0,3,100,-1,,0,2,2,2573901440
gym-big-split-boss4,charge,33,Defeat,4,0,4,32,4,0,2,75,-1,,0,0,2,2911288620
gym-big-split-boss4,charge,34,Defeat,3,0,3,24,4,0,3,133,-1,,0,1,2,4210394487
gym-big-split-boss4,charge,35,Defeat,5,0,5,40,4,0,2,60,-1,,0,1,2,2876951204
gym-big-split-boss4,charge,36,Defeat,4,0,4,32,4,0,2,75,-1,,0,1,2,2911288620
gym-big-split-boss4,charge,37,Defeat,5,0,5,40,4,0,2,80,-1,,0,1,1,2299044241
gym-big-split-boss4,charge,38,Defeat,5,0,5,40,1,0,2,80,-1,,0,0,1,1782157055
gym-big-split-boss4,charge,39,Defeat,6,0,6,48,4,0,1,83,-1,,0,2,0,3761044629
gym-big-split-boss4,charge,40,Defeat,4,0,4,32,2,0,2,75,-1,,0,1,2,2911288620
gym-big-split-boss4,charge,41,Defeat,4,0,4,32,4,0,2,75,-1,,0,1,2,3649846958
gym-big-split-boss4,charge,42,Defeat,4,0,4,32,4,0,2,75,-1,,0,1,2,2911288620
gym-big-split-boss4,charge,43,Defeat,4,0,4,32,2,0,2,75,-1,,0,1,2,2911288620
gym-big-split-boss4,charge,44,Defeat,5,0,5,40,9,0,2,80,-1,,0,2,0,3242760148
gym-big-split-boss4,charge,45,Defeat,4,0,4,32,9,0,3,100,-1,,0,2,2,128479895
gym-big-split-boss4,charge,46,Defeat,4,0,4,32,6,0,2,75,-1,,0,1,1,2601726400
gym-big-split-boss4,charge,47,Defeat,4,0,4,32,4,0,2,75,-1,,0,1,2,2911288620
gym-big-split-boss4,charge,48,Defeat,4,0,4,32,4,0,2,75,-1,,0,1,2,2911288620
gym-big-split-boss4,charge,49,Defeat,4,0,4,32,4,0,2,75,-1,,0,1,2,55314608
gym-big-split-boss4,charge,50,Defeat,4,0,4,32,4,0,2,75,-1,,0,1,2,2911288620
gym-big-split-boss4,charge,51,Defeat,5,0,5,40,4,0,2,100,-1,,0,2,1,15223099
gym-big-split-boss4,charge,52,Defeat,4,0,4,32,4,0,2,75,-1,,0,1,2,2911288620
gym-big-split-boss4,charge,53,Defeat,6,0,6,48,11,0,2,66,-1,,0,2,1,4048012424
gym-big-split-boss4,charge,54,Defeat,8,0,8,64,5,0,2,75,3,1:3,0,3,0,2781550930
gym-big-split-boss4,charge,55,Defeat,5,0,5,40,8,0,2,60,-1,,0,2,2,859996319
gym-big-split-boss4,charge,56,Defeat,7,0,7,56,4,0,1,71,-1,,0,4,0,716059537
gym-big-split-boss4,charge,57,Defeat,5,0,5,40,4,0,2,80,-1,,0,1,1,2301753725
gym-big-split-boss4,charge,58,Defeat,5,0,5,40,0,0,2,80,-1,,0,2,1,4240859732
gym-big-split-boss4,charge,59,Defeat,3,0,3,24,8,0,4,133,-1,,0,1,2,1650482144
gym-big-split-boss4,charge,60,Defeat,5,0,5,40,8,0,2,80,-1,,0,2,0,1733373384
gym-big-split-boss4,charge,61,Defeat,4,0,4,32,4,0,2,75,-1,,0,1,2,2911288620
gym-big-split-boss4,charge,62,Defeat,5,0,5,40,3,0,2,80,-1,,0,1,1,297546155
gym-big-split-boss4,charge,63,Defeat,4,0,4,32,4,0,3,75,-1,,0,2,1,1782034178
gym-big-split-boss4,charge,64,Defeat,4,0,4,32,8,0,2,75,-1,,0,1,2,1645267060
gym-big-split-boss4,charge,65,Defeat,4,0,4,32,4,0,3,75,-1,,0,1,2,3124059908
gym-big-split-boss4,charge,66,Defeat,4,0,4,32,4,0,2,75,-1,,0,1,2,2000034450
gym-big-split-boss4,charge,67,Defeat,4,0,4,32,4,0,2,75,-1,,0,1,2,55314608
gym-big-split-boss4,charge,68,Defeat,6,0,6,48,6,0,2,66,3,1:3,0,1,1,3894196808
gym-big-split-boss4,charge,69,Defeat,4,0,4,32,10,0,3,100,-1,,0,1,2,142757224
gym-big-split-boss4,charge,70,Defeat,4,0,4,32,4,0,3,75,-1,,0,1,2,4236788300
gym-big-split-boss4,charge,71,Defeat,4,0,4,32,1,0,2,100,-1,,0,1,2,3281390740
gym-big-split-boss4,charge,72,Defeat,5,0,5,40,4,0,3,100,-1,,0,3,1,798345148
gym-big-split-boss4,charge,73,Defeat,4,0,4,32,4,0,2,75,-1,,0,1,2,3649846958
gym-big-split-boss4,charge,74,Defeat,5,0,5,40,10,0,2,60,-1,,0,2,2,2086464347
gym-big-split-boss4,charge,75,Defeat,5,0,5,40,4,0,2,60,-1,,0,0,1,3648796122
gym-big-split-boss4,charge,76,Defeat,7,0,7,56,5,0,1,71,-1,,0,3,0,3647504658
gym-big-split-boss4,charge,77,Defeat,4,0,4,32,4,0,2,75,-1,,0,1,2,2911288620
gym-big-split-boss4,charge,78,Defeat,4,0,4,32,4,0,2,75,-1,,0,1,2,3649846958
gym-big-split-boss4,charge,79,Defeat,3,0,3,24,4,0,4,100,-1,,0,1,2,1772518564
gym-big-split-boss4,charge,80,Defeat,6,0,6,48,1,0,2,116,-1,,0,3,0,4212927393
gym-big-split-boss4,charge,81,Defeat,6,0,6,48,4,0,2,100,3,1:3,0,3,0,2248377540
gym-big-split-boss4,charge,82,Defeat,4,0,4,32,4,0,2,75,-1,,0,1,2,2911288620
gym-big-split-boss4,charge,83,Defeat,5,0,5,40,8,0,2,80,-1,,0,2,2,3479101172
gym-big-split-boss4,charge,84,Defeat,5,0,5,40,4,0,2,60,-1,,0,1,1,1959297782
gym-big-split-boss4,charge,85,Defeat,5,0,5,40,4,0,2,60,-1,,0,0,1,3241070610
gym-big-split-boss4,charge,86,Defeat,3,0,3,24,4,0,3,100,-1,,0,1,2,2479668751
gym-big-split-boss4,charge,87,Defeat,4,0,4,32,4,0,2,75,-1,,0,1,2,2911288620
gym-big-split-boss4,charge,88,Defeat,5,0,5,40,4,0,2,80,-1,,0,1,1,297503675
gym-big-split-boss4,charge,89,Defeat,4,0,4,32,6,0,2,75,-1,,0,1,1,179124202
gym-big-split-boss4,charge,90,Defeat,4,0,4,32,4,0,2,75,-1,,0,1,2,2911288620
gym-big-split-boss4,charge,91,Defeat,4,0,4,32,4,0,2,75,-1,,0,0,2,2911288620
gym-big-split-boss4,charge,92,Defeat,4,0,4,32,4,0,2,75,-1,,0,1,2,2911288620
gym-big-split-boss4,charge,93,Defeat,5,0,5,40,8,0,2,80,-1,,0,2,1,239460807
gym-big-split-boss4,charge,94,Defeat,4,0,4,32,4,0,2,75,-1,,0,1,2,2911288620
gym-big-split-boss4,charge,95,Defeat,4,0,4,32,0,0,2,125,-1,,0,2,2,3398276503
gym-big-split-boss4,charge,96,Defeat,5,0,5,40,6,0,2,80,-1,,0,1,1,2586187502
gym-big-split-boss4,charge,97,Defeat,6,0,6,48,14,0,2,66,-1,,0,3,0,162226479
gym-big-split-boss4,charge,98,Defeat,5,0,5,40,8,0,2,80,-1,,0,2,2,2526307520
gym-big-split-boss4,charge,99,Defeat,4,0,4,32,4,0,2,75,-1,,0,1,2,2911288620
gym-big-split-boss4,charge,100,Defeat,5,0,5,40,8,0,3,60,-1,,0,2,2,59048311
gym-big-split-boss4,charge,101,Defeat,6,0,6,48,6,0,2,83,-1,,0,2,0,441648705
gym-big-split-boss4,charge,102,Defeat,4,0,4,32,2,0,2,75,-1,,0,1,2,2911288620
gym-big-split-boss4,charge,103,Defeat,4,0,4,32,4,0,2,75,-1,,0,1,2,2911288620
gym-big-split-boss4,charge,104,Defeat,5,0,5,40,4,0,2,60,-1,,0,1,2,900987620
gym-big-split-boss4,charge,105,Defeat,4,0,4,32,4,0,2,75,-1,,0,1,2,2911288620
gym-big-split-boss4,charge,106,Defeat,4,0,4,32,4,0,2,75,-1,,0,0,2,3649846958
gym-big-split-boss4,charge,107,Defeat,5,0,5,40,4,0,2,80,8,1:8,0,0,1,3557704145
gym-big-split-boss4,charge,108,Defeat,4,0,4,32,4,0,2,75,-1,,0,1,2,2911288620
gym-big-split-boss4,charge,109,Defeat,4,0,4,32,2,0,2,75,-1,,0,1,2,2911288620
gym-big-split-boss4,charge,110,Defeat,5,0,5,40,4,0,2,60,-1,,0,1,1,3836292926
gym-big-split-boss4,charge,111,Defeat,5,0,5,40,5,0,2,100,3,1:3,0,2,2,763393498
gym-big-split-boss4,charge,112,Defeat,4,0,4,32,4,0,2,75,-1,,0,1,2,128757997
gym-big-split-boss4,charge,113,Defeat,3,0,3,24,9,0,4,133,-1,,0,1,2,3939696115
gym-big-split-boss4,charge,114,Defeat,4,0,4,32,4,0,3,100,-1,,0,1,2,1630704001
gym-big-split-boss4,charge,115,Defeat,4,0,4,32,6,0,2,75,-1,,0,2,2,1787474245
gym-big-split-boss4,charge,116,Defeat,5,0,5,40,4,0,2,80,-1,,0,1,0,2201691364
gym-big-split-boss4,charge,117,Defeat,4,0,4,32,4,0,2,75,-1,,0,1,2,2911288620
gym-big-split-boss4,charge,118,Defeat,6,0,6,48,6,0,2,83,-1,,0,1,0,912475849
gym-big-split-boss4,charge,119,Defeat,4,0,4,32,8,0,2,75,-1,,0,1,2,1645267060
gym-big-split-boss4,charge,120,Defeat,5,0,5,40,6,0,1,80,-1,,0,1,0,3644498926
gym-big-split-boss4,charge,121,Defeat,5,0,5,40,10,0,2,80,-1,,0,2,2,2114864215
gym-big-split-boss4,charge,122,Defeat,5,0,5,40,4,0,2,80,-1,,0,1,1,2299044241
gym-big-split-boss4,charge,123,Defeat,4,0,4,32,4,0,2,75,-1,,0,1,2,2911288620
gym-big-split-boss4,charge,124,Defeat,3,0,3,24,8,0,4,166,-1,,0,1,2,408400432
gym-big-split-boss4,charge,125,Defeat,5,0,5,40,4,0,2,80,-1,,0,2,1,224395843
gym-big-split-boss4,charge,126,Defeat,5,0,5,40,4,0,2,80,8,1:8,0,1,1,1334030547
gym-big-split-boss4,charge,127,Defeat,4,0,4,32,4,0,3,75,-1,,0,0,2,328185990
gym-big-split-boss4,charge,128,Defeat,6,0,6,48,4,0,2,83,-1,,0,2,0,1593202621
gym-big-split-boss4,charge,129,Defeat,4,0,4,32,4,0,2,75,-1,,0,1,2,2911288620
gym-big-split-boss4,charge,130,Defeat,4,0,4,32,4,0,2,75,-1,,0,1,2,2911288620
gym-big-split-boss4,charge,131,Defeat,5,0,5,40,4,0,2,60,-1,,0,0,1,3241070610
gym-big-split-boss4,charge,132,Defeat,4,0,4,32,4,0,2,75,7,1:7,0,1,2,3670970940
gym-big-split-boss4,charge,133,Defeat,4,0,4,32,8,0,2,75,-1,,0,1,2,1645267060
gym-big-split-boss4,charge,134,Defeat,5,0,5,40,4,0,2,60,-1,,0,0,1,3241070610
gym-big-split-boss4,charge,135,Defeat,4,0,4,32,4,0,2,75,-1,,0,1,2,2911288620
gym-big-split-boss4,charge,136,Defeat,3,0,3,24,12,0,3,100,-1,,0,1,3,2340981495
gym-big-split-boss4,charge,137,Defeat,5,0,5,40,6,0,2,120,-1,,0,3,1,6335838
gym-big-split-boss4,charge,138,Defeat,4,0,4,32,4,0,2,75,-1,,0,1,2,2911288620
gym-big-split-boss4,charge,139,Defeat,4,0,4,32,4,0,2,75,-1,,0,1,2,2911288620
gym-big-split-boss4,charge,140,Defeat,3,0,3,24,4,0,3,100,-1,,0,1,2,1519094161
gym-big-split-boss4,charge,141,Defeat,4,0,4,32,4,0,2,75,-1,,0,1,2,2911288620
gym-big-split-boss4,charge,142,Defeat,5,0,5,40,1,0,2,80,-1,,0,2,1,3841604428
gym-big-split-boss4,charge,143,Defeat,5,0,5,40,1,0,2,80,-1,,0,1,1,2299044241
gym-big-split-boss4,charge,144,Defeat,5,0,5,40,4,0,2,80,-1,,0,1,1,2299044241
gym-big-split-boss4,charge,145,Defeat,4,0,4,32,4,0,2,75,-1,,0,1,2,2911288620
gym-big-split-boss4,charge,146,Defeat,4,0,4,32,4,0,2,75,-1,,0,1,2,2911288620
gym-big-split-boss4,charge,147,Defeat,5,0,5,40,4,0,2,80,-1,,0,0,1,2299044241
gym-big-split-boss4,charge,148,Defeat,5,0,5,40,8,0,2,80,-1,,0,2,1,4240859732
gym-big-split-boss4,charge,149,Defeat,5,0,5,40,4,0,2,60,-1,,0,0,1,3648796122
gym-big-split-boss4,charge,150,Defeat,4,0,4,32,6,0,2,75,-1,,0,1,1,179124202
gym-big-split-boss4,charge,151,Defeat,4,0,4,32,4,0,2,75,-1,,0,1,2,2911288620
gym-big-split-boss4,charge,152,Defeat,4,0,4,32,6,0,2,75,-1,,0,1,1,179124202
gym-big-split-boss4,charge,153,Defeat,5,0,5,40,4,0,2,80,8,1:8,0,1,1,2259290565
gym-big-split-boss4,charge,154,Defeat,5,0,5,40,6,0,2,80,-1,,0,1,0,1888766684
gym-big-split-boss4,charge,155,Defeat,4,0,4,32,4,0,2,75,-1,,0,1,2,2911288620
gym-big-split-boss4,charge,156,Defeat,5,0,5,40,4,0,2,100,-1,,0,1,0,4255686406
gym-big-split-boss4,charge,157,Defeat,3,0,3,24,12,0,3,100,-1,,0,1,3,2340981495
gym-big-split-boss4,charge,158,Defeat,4,0,4,32,4,0,2,75,-1,,0,1,2,2911288620
gym-big-split-boss4,charge,159,Defeat,4,0,4,32,4,0,2,75,-1,,0,1,2,2911288620
gym-big-split-boss4,charge,160,Defeat,3,0,3,24,8,0,3,133,-1,,0,1,2,2857007169
gym-big-split-boss4,charge,161,Defeat,3,0,3,24,8,0,4,100,-1,,0,1,3,2383896164
gym-big-split-boss4,charge,162,Defeat,6,0,6,48,6,0,2,83,-1,,0,2,0,1583445815
gym-big-split-boss4,charge,163,Defeat,4,0,4,32,4,0,2,75,-1,,0,1,2,2911288620
gym-big-split-boss4,charge,164,Defeat,6,0,6,48,10,0,2,83,-1,,0,2,0,2538286501
gym-big-split-boss4,charge,165,Defeat,4,0,4,32,4,0,2,75,-1,,0,1,2,55314608
gym-big-split-boss4,charge,166,Defeat,3,0,3,24,2,0,3,133,-1,,0,1,2,694942025
gym-big-split-boss4,charge,167,Defeat,4,0,4,32,2,0,2,75,-1,,0,1,2,2911288620
gym-big-split-boss4,charge,168,Defeat,5,0,5,40,6,0,2,60,-1,,0,1,1,2505695997
gym-big-split-boss4,charge,169,Defeat,5,0,5,40,6,0,2,80,-1,,0,3,1,509235797
gym-big-split-boss4,charge,170,Defeat,4,0,4,32,4,0,2,75,-1,,0,1,1,1648363796
gym-big-split-boss4,charge,171,Defeat,4,0,4,32,4,0,2,75,-1,,0,0,2,3649846958
gym-big-split-boss4,charge,172,Defeat,4,0,4,32,1,0,2,100,-1,,0,2,2,2685376852
gym-big-split-boss4,charge,173,Defeat,4,0,4,32,4,0,2,75,-1,,0,1,2,2911288620
gym-big-split-boss4,charge,174,Defeat,4,0,4,32,4,0,2,75,-1,,0,1,2,2911288620
gym-big-split-boss4,charge,175,Defeat,3,0,3,24,4,0,3,100,-1,,0,1,2,1519094161
gym-big-split-boss4,charge,176,Defeat,4,0,4,32,4,0,2,75,-1,,0,1,2,2911288620
gym-big-split-boss4,charge,177,Defeat,5,0,5,40,4,0,2,80,-1,,0,1,0,4086931780
gym-big-split-boss4,charge,178,Defeat,5,0,5,40,4,0,2,60,-1,,0,1,1,2702265564
gym-big-split-boss4,charge,179,Defeat,4,0,4,32,4,0,2,75,-1,,0,1,2,2911288620
gym-big-split-boss4,charge,180,Defeat,6,0,6,48,5,0,2,66,-1,,0,2,1,717456500
gym-big-split-boss4,charge,181,Defeat,4,0,4,32,2,0,2,75,-1,,0,1,2,2911288620
gym-big-split-boss4,charge,182,Defeat,5,0,5,40,4,0,1,80,-1,,0,1,0,1568519018
gym-big-split-boss4,charge,183,Defeat,4,0,4,32,4,0,2,75,-1,,0,1,2,2911288620
gym-big-split-boss4,charge,184,Defeat,5,0,5,40,8,0,2,60,-1,,0,2,2,328376645
gym-big-split-boss4,charge,185,Defeat,4,0,4,32,4,0,2,75,-1,,0,1,2,2911288620
gym-big-split-boss4,charge,186,Defeat,3,0,3,24,4,0,3,133,-1,,0,1,2,694942025
gym-big-split-boss4,charge,187,Defeat,4,0,4,32,4,0,2,75,-1,,0,1,2,2911288620
gym-big-split-boss4,charge,188,Defeat,5,0,5,40,5,0,3,100,7,1:7,0,2,1,393865891
gym-big-split-boss4,charge,189,Defeat,5,0,5,40,5,0,2,60,-1,,0,2,0,1245234028
gym-big-split-boss4,charge,190,Defeat,4,0,4,32,4,0,2,75,-1,,0,1,2,2911288620
gym-big-split-boss4,charge,191,Defeat,3,0,3,24,4,0,4,133,-1,,0,1,2,569953210
gym-big-split-boss4,charge,192,Defeat,5,0,5,40,5,0,2,80,-1,,0,1,0,2025456140
gym-big-split-boss4,charge,193,Defeat,4,0,4,32,4,0,2,75,7,1:7,0,1,2,3670970940
gym-big-split-boss4,charge,194,Defeat,5,0,5,40,14,0,2,100,-1,,0,3,1,1754186713
gym-big-split-boss4,charge,195,Defeat,4,0,4,32,4,0,2,75,-1,,0,1,2,2911288620
gym-big-split-boss4,charge,196,Defeat,5,0,5,40,8,0,2,80,-1,,0,2,0,1315377360
gym-big-split-boss4,charge,197,Defeat,5,0,5,40,4,0,2,80,-1,,0,0,1,2299044241
gym-big-split-boss4,charge,198,Defeat,3,0,3,24,12,0,3,100,-1,,0,1,3,2340981495
gym-big-split-boss4,charge,199,Defeat,4,0,4,32,17,0,3,75,-1,,0,2,1,3661493274
gym-big-split-boss4,charge,200,Defeat,4,0,4,32,7,0,2,75,-1,,0,1,1,2985077450
gym-big-split-boss4-kill,corridor-hold,1,Defeat,7,0,7,56,7,0,1,71,-1,,0,5,0,2258068072
gym-big-split-boss4-kill,corridor-hold,2,Defeat,6,0,6,48,8,0,2,66,-1,,0,3,0,3486256989
gym-big-split-boss4-kill,corridor-hold,3,Defeat,7,0,7,56,5,0,1,71,-1,,0,6,0,3862488504
gym-big-split-boss4-kill,corridor-hold,4,Victory,8,0,8,64,4,35,1,62,3,1:3,0,8,0,1416334230
gym-big-split-boss4-kill,corridor-hold,5,Defeat,7,0,7,56,15,0,1,57,-1,,0,5,0,853013358
gym-big-split-boss4-kill,corridor-hold,6,Defeat,7,0,7,56,5,0,1,57,-1,,0,5,0,3638836890
gym-big-split-boss4-kill,corridor-hold,7,Defeat,7,0,7,56,6,0,1,71,-1,,0,6,0,4203116018
gym-big-split-boss4-kill,corridor-hold,8,Defeat,5,0,5,40,10,0,2,80,-1,,0,3,1,4141929329
gym-big-split-boss4-kill,corridor-hold,9,Defeat,5,0,5,40,5,0,4,120,-1,,0,5,1,433422108
gym-big-split-boss4-kill,corridor-hold,10,Victory,28,0,28,224,35,15,0,28,3,1:3,0,27,0,564978026
gym-big-split-boss4-kill,corridor-hold,11,Defeat,7,0,7,56,7,0,1,57,-1,,0,5,0,3638836890
gym-big-split-boss4-kill,corridor-hold,12,Defeat,7,0,7,56,7,0,2,71,-1,,0,5,0,3019736082
gym-big-split-boss4-kill,corridor-hold,13,Defeat,6,0,6,48,6,0,2,66,-1,,0,3,0,348848197
gym-big-split-boss4-kill,corridor-hold,14,Defeat,7,0,7,56,8,0,2,85,-1,,0,5,0,829664222
gym-big-split-boss4-kill,corridor-hold,15,Defeat,5,0,5,40,12,0,3,80,-1,,0,3,0,1023032324
gym-big-split-boss4-kill,corridor-hold,16,Defeat,8,0,8,64,3,0,1,62,-1,,0,7,0,364327518
gym-big-split-boss4-kill,corridor-hold,17,Defeat,7,0,7,56,3,0,1,71,-1,,0,5,0,1317059785
gym-big-split-boss4-kill,corridor-hold,18,Defeat,7,0,7,56,4,0,1,71,-1,,0,4,0,3698541037
gym-big-split-boss4-kill,corridor-hold,19,Defeat,6,0,6,48,5,0,2,83,-1,,0,3,0,3679706299
gym-big-split-boss4-kill,corridor-hold,20,Defeat,7,0,7,56,5,0,1,57,-1,,0,5,0,3638836890
gym-big-split-boss4-kill,corridor-hold,21,Victory,12,0,12,96,15,65,0,41,-1,,0,9,0,3593765811
gym-big-split-boss4-kill,corridor-hold,22,Defeat,6,0,6,48,5,0,2,83,7,1:7,0,9,0,3748648696
gym-big-split-boss4-kill,corridor-hold,23,Defeat,7,0,7,56,5,0,1,57,-1,,0,5,0,3638836890
gym-big-split-boss4-kill,corridor-hold,24,Defeat,5,0,5,40,5,0,3,60,7,1:7,0,6,0,3335001595
gym-big-split-boss4-kill,corridor-hold,25,Defeat,6,0,6,48,6,0,1,100,-1,,0,4,0,253174812
gym-big-split-boss4-kill,corridor-hold,26,Defeat,7,0,7,56,4,0,1,57,-1,,0,4,0,1820528686
gym-big-split-boss4-kill,corridor-hold,27,Defeat,14,0,14,112,12,0,2,71,3,1:3,0,22,0,232607270
gym-big-split-boss4-kill,corridor-hold,28,Victory,8,0,8,64,2,80,1,62,3,1:3,0,8,0,742555209
gym-big-split-boss4-kill,corridor-hold,29,Victory,10,0,10,80,14,10,2,80,-1,,0,14,0,2187081030
gym-big-split-boss4-kill,corridor-hold,30,Defeat,7,0,7,56,7,0,1,57,-1,,0,5,0,3638836890
gym-big-split-boss4-kill,corridor-hold,31,Defeat,4,0,4,32,4,0,3,75,-1,,0,2,2,1429010594
gym-big-split-boss4-kill,corridor-hold,32,Defeat,4,0,4,32,2,0,4,150,-1,,0,2,1,4140161566
gym-big-split-boss4-kill,corridor-hold,33,Defeat,7,0,7,56,10,0,1,57,-1,,0,5,0,528717214
gym-big-split-boss4-kill,corridor-hold,34,Defeat,7,0,7,56,10,0,2,57,-1,,0,6,1,1225922824
gym-big-split-boss4-kill,corridor-hold,35,Defeat,5,0,5,40,4,0,2,80,-1,,0,3,1,384690314
gym-big-split-boss4-kill,corridor-hold,36,Defeat,7,0,7,56,7,0,1,57,-1,,0,4,0,906609174
gym-big-split-boss4-kill,corridor-hold,37,Defeat,7,0,7,56,5,0,1,71,-1,,0,5,0,2258068072
gym-big-split-boss4-kill,corridor-hold,38,Defeat,5,0,5,40,5,0,2,60,7,1:7,0,6,0,100395150
gym-big-split-boss4-kill,corridor-hold,39,Defeat,6,0,6,48,5,0,2,83,-1,,0,4,0,2971196495
gym-big-split-boss4-kill,corridor-hold,40,Defeat,7,0,7,56,5,0,2,71,-1,,0,5,0,3041688743
gym-big-split-boss4-kill,corridor-hold,41,Defeat,7,0,7,56,5,0,2,85,-1,,0,5,0,4004381166
gym-big-split-boss4-kill,corridor-hold,42,Defeat,7,0,7,56,7,0,1,57,-1,,0,5,0,3638836890
gym-big-split-boss4-kill,corridor-hold,43,Defeat,8,0,8,64,4,0,1,50,-1,,0,8,0,4169978956
gym-big-split-boss4-kill,corridor-hold,44,Defeat,6,0,6,48,7,0,2,83,-1,,0,3,0,2098601229
gym-big-split-boss4-kill,corridor-hold,45,Defeat,5,0,5,40,2,0,2,80,-1,,0,3,1,384690314
gym-big-split-boss4-kill,corridor-hold,46,Defeat,7,0,7,56,10,0,1,57,-1,,0,5,0,3638836890
gym-big-split-boss4-kill,corridor-hold,47,Defeat,7,0,7,56,7,0,1,57,-1,,0,5,0,3638836890
gym-big-split-boss4-kill,corridor-hold,48,Defeat,7,0,7,56,7,0,2,71,-1,,0,5,0,1849482101
gym-big-split-boss4-kill,corridor-hold,49,Defeat,7,0,7,56,9,0,2,71,-1,,0,5,0,2936384283
gym-big-split-boss4-kill,corridor-hold,50,Defeat,6,0,6,48,4,0,2,83,-1,,0,3,0,3662381225
gym-big-split-boss4-kill,corridor-hold,51,Victory,20,0,20,160,27,215,1,20,12,1:12,0,32,0,477762863
gym-big-split-boss4-kill,corridor-hold,52,Defeat,7,0,7,56,5,0,1,71,-1,,0,5,0,2305200856
gym-big-split-boss4-kill,corridor-hold,53,Defeat,5,0,5,40,10,0,3,100,-1,,0,3,1,3310319090
gym-big-split-boss4-kill,corridor-hold,54,Defeat,8,0,8,64,8,0,1,75,-1,,0,6,0,1933423817
gym-big-split-boss4-kill,corridor-hold,55,Defeat,7,0,7,56,6,0,3,71,-1,,0,7,0,3790328350
gym-big-split-boss4-kill,corridor-hold,56,Defeat,5,0,5,40,10,0,3,60,-1,,0,3,1,3217400990
gym-big-split-boss4-kill,corridor-hold,57,Victory,8,0,8,64,6,25,0,50,-1,,0,5,0,2308233354
gym-big-split-boss4-kill,corridor-hold,58,Victory,8,0,8,64,3,75,0,37,-1,,0,6,0,490893261
gym-big-split-boss4-kill,corridor-hold,59,Defeat,9,0,9,72,9,0,1,55,-1,,0,10,0,2246258744
gym-big-split-boss4-kill,corridor-hold,60,Defeat,5,0,5,40,5,0,3,60,7,1:7,0,6,0,1235446815
gym-big-split-boss4-kill,corridor-hold,61,Defeat,7,0,7,56,10,0,1,71,-1,,0,6,0,2739302948
gym-big-split-boss4-kill,corridor-hold,62,Defeat,7,0,7,56,8,0,1,85,-1,,0,5,0,2820123038
gym-big-split-boss4-kill,corridor-hold,63,Defeat,7,0,7,56,3,0,1,71,-1,,0,4,0,3667888770
gym-big-split-boss4-kill,corridor-hold,64,Defeat,6,0,6,48,10,0,1,83,-1,,0,4,0,1324427496
gym-big-split-boss4-kill,corridor-hold,65,Defeat,6,0,6,48,15,0,1,83,-1,,0,4,0,2291775868
gym-big-split-boss4-kill,corridor-hold,66,Victory,8,0,8,64,6,25,0,50,-1,,0,6,0,673655752
gym-big-split-boss4-kill,corridor-hold,67,Defeat,7,0,7,56,5,0,2,85,-1,,0,5,0,997961438
gym-big-split-boss4-kill,corridor-hold,68,Defeat,5,0,5,40,14,0,3,120,-1,,0,4,1,1203381293
gym-big-split-boss4-kill,corridor-hold,69,Defeat,6,0,6,48,6,0,1,83,-1,,0,4,0,2941033904
gym-big-split-boss4-kill,corridor-hold,70,Defeat,6,0,6,48,10,0,2,83,-1,,0,4,0,2785052614
gym-big-split-boss4-kill,corridor-hold,71,Defeat,11,0,11,88,14,0,1,54,-1,,0,12,0,1231617514
gym-big-split-boss4-kill,corridor-hold,72,Defeat,10,0,10,80,3,0,1,70,-1,,0,12,0,4185451544
gym-big-split-boss4-kill,corridor-hold,73,Defeat,6,0,6,48,5,0,2,83,-1,,0,6,1,1780517611
gym-big-split-boss4-kill,corridor-hold,74,Defeat,5,0,5,40,3,0,2,80,-1,,0,3,1,3544154187
gym-big-split-boss4-kill,corridor-hold,75,Defeat,5,0,5,40,3,0,3,80,-1,,0,3,1,1841967308
gym-big-split-boss4-kill,corridor-hold,76,Defeat,7,0,7,56,3,0,1,71,-1,,0,5,0,2898998422
gym-big-split-boss4-kill,corridor-hold,77,Defeat,7,0,7,56,11,0,1,57,-1,,0,5,0,784236208
gym-big-split-boss4-kill,corridor-hold,78,Defeat,7,0,7,56,13,0,2,85,-1,,0,5,0,2532776312
gym-big-split-boss4-kill,corridor-hold,79,Defeat,7,0,7,56,7,0,1,57,-1,,0,6,0,3638836890
gym-big-split-boss4-kill,corridor-hold,80,Defeat,7,0,7,56,3,0,2,71,-1,,0,6,0,3044744091
gym-big-split-boss4-kill,corridor-hold,81,Victory,14,0,14,112,19,25,0,50,3,1:3,0,15,0,562378695
gym-big-split-boss4-kill,corridor-hold,82,Victory,8,0,8,64,5,50,0,50,-1,,0,5,0,655069670
gym-big-split-boss4-kill,corridor-hold,83,Defeat,5,0,5,40,3,0,3,100,7,1:7,0,5,1,510059570
gym-big-split-boss4-kill,corridor-hold,84,Defeat,5,0,5,40,5,0,2,100,-1,,0,3,1,3996078331
gym-big-split-boss4-kill,corridor-hold,85,Defeat,6,0,6,48,2,0,1,66,-1,,0,4,0,1022630526
gym-big-split-boss4-kill,corridor-hold,86,Defeat,6,0,6,48,9,0,2,83,-1,,0,3,0,3662381225
gym-big-split-boss4-kill,corridor-hold,87,Defeat,7,0,7,56,10,0,1,71,-1,,0,5,0,3806267700
gym-big-split-boss4-kill,corridor-hold,88,Defeat,6,0,6,48,5,0,1,66,-1,,0,4,0,3484103871
gym-big-split-boss4-kill,corridor-hold,89,Defeat,7,0,7,56,3,0,1,57,-1,,0,5,0,3638836890
gym-big-split-boss4-kill,corridor-hold,90,Defeat,7,0,7,56,5,0,1,57,-1,,0,4,0,4144349277
gym-big-split-boss4-kill,corridor-hold,91,Defeat,7,0,7,56,11,0,2,71,-1,,0,6,0,271423848
gym-big-split-boss4-kill,corridor-hold,92,Defeat,7,0,7,56,7,0,1,57,-1,,0,5,0,3638836890
gym-big-split-boss4-kill,corridor-hold,93,Defeat,6,0,6,48,3,0,3,83,-1,,0,5,0,2463561058
gym-big-split-boss4-kill,corridor-hold,94,Defeat,8,0,8,64,5,0,1,50,-1,,0,5,0,3748125400
gym-big-split-boss4-kill,corridor-hold,95,Defeat,7,0,7,56,5,0,1,85,-1,,0,3,0,2441212644
gym-big-split-boss4-kill,corridor-hold,96,Defeat,7,0,7,56,5,0,1,57,-1,,0,5,0,3638836890
gym-big-split-boss4-kill,corridor-hold,97,Defeat,7,0,7,56,15,0,1,57,-1,,0,5,0,3638836890
gym-big-split-boss4-kill,corridor-hold,98,Defeat,5,0,5,40,5,0,2,60,7,1:7,0,6,0,100395150
gym-big-split-boss4-kill,corridor-hold,99,Defeat,7,0,7,56,13,0,1,71,-1,,0,5,0,1788878732
gym-big-split-boss4-kill,corridor-hold,100,Victory,18,0,18,144,21,160,1,27,3,1:3,0,36,0,3328998066
gym-big-split-boss4-kill,corridor-hold,101,Defeat,6,0,6,48,8,0,2,83,-1,,0,4,0,1107785921
gym-big-split-boss4-kill,corridor-hold,102,Defeat,7,0,7,56,5,0,1,57,-1,,0,6,0,3638836890
gym-big-split-boss4-kill,corridor-hold,103,Defeat,7,0,7,56,7,0,1,57,-1,,0,5,0,3638836890
gym-big-split-boss4-kill,corridor-hold,104,Victory,10,0,10,80,8,15,1,70,-1,,0,12,0,3674078306
gym-big-split-boss4-kill,corridor-hold,105,Defeat,6,0,6,48,5,0,2,66,-1,,0,3,0,348848197
gym-big-split-boss4-kill,corridor-hold,106,Defeat,6,0,6,48,3,0,1,83,-1,,0,4,0,2514714158
gym-big-split-boss4-kill,corridor-hold,107,Victory,21,0,21,168,25,90,0,38,3,1:3,0,21,0,1247748849
gym-big-split-boss4-kill,corridor-hold,108,Defeat,6,0,6,48,4,0,2,83,-1,,0,4,0,3188275465
gym-big-split-boss4-kill,corridor-hold,109,Defeat,7,0,7,56,9,0,1,57,-1,,0,5,0,3638836890
gym-big-split-boss4-kill,corridor-hold,110,Defeat,6,0,6,48,3,0,2,100,-1,,0,4,0,1509528470
gym-big-split-boss4-kill,corridor-hold,111,Defeat,6,0,6,48,14,0,1,83,-1,,0,5,0,171471901
gym-big-split-boss4-kill,corridor-hold,112,Defeat,5,0,5,40,5,0,2,80,-1,,0,3,1,687198660
gym-big-split-boss4-kill,corridor-hold,113,Defeat,7,0,7,56,14,0,2,71,-1,,0,6,1,509693311
gym-big-split-boss4-kill,corridor-hold,114,Defeat,6,0,6,48,4,0,2,100,-1,,0,4,0,3266186085
gym-big-split-boss4-kill,corridor-hold,115,Defeat,6,0,6,48,10,0,2,66,-1,,0,4,0,3620627280
gym-big-split-boss4-kill,corridor-hold,116,Victory,9,0,9,72,7,10,1,55,-1,,0,9,0,792721297
gym-big-split-boss4-kill,corridor-hold,117,Defeat,7,0,7,56,5,0,1,71,-1,,0,5,0,2071095721
gym-big-split-boss4-kill,corridor-hold,118,Defeat,7,0,7,56,4,0,1,71,-1,,0,5,0,2258068072
gym-big-split-boss4-kill,corridor-hold,119,Victory,15,0,15,120,15,120,0,33,7,1:7,0,14,0,163214833
gym-big-split-boss4-kill,corridor-hold,120,Defeat,7,0,7,56,4,0,1,71,-1,,0,5,0,1611024547
gym-big-split-boss4-kill,corridor-hold,121,Defeat,7,0,7,56,2,0,2,85,-1,,0,5,0,1871166689
gym-big-split-boss4-kill,corridor-hold,122,Defeat,8,0,8,64,5,0,1,75,-1,,0,6,0,2782509145
gym-big-split-boss4-kill,corridor-hold,123,Defeat,8,0,8,64,11,0,1,75,-1,,0,7,0,3579808747
gym-big-split-boss4-kill,corridor-hold,124,Defeat,7,0,7,56,3,0,1,71,-1,,0,5,0,1389529108
gym-big-split-boss4-kill,corridor-hold,125,Defeat,7,0,7,56,5,0,1,57,-1,,0,6,0,3638836890
gym-big-split-boss4-kill,corridor-hold,126,Defeat,6,0,6,48,11,0,2,100,-1,,0,5,1,2958487295
gym-big-split-boss4-kill,corridor-hold,127,Defeat,6,0,6,48,8,0,1,66,-1,,0,4,0,3308923069
gym-big-split-boss4-kill,corridor-hold,128,Defeat,5,0,5,40,9,0,3,80,-1,,0,3,1,475766696
gym-big-split-boss4-kill,corridor-hold,129,Defeat,7,0,7,56,10,0,1,71,-1,,0,5,0,2469383454
gym-big-split-boss4-kill,corridor-hold,130,Victory,8,0,8,64,5,75,0,37,-1,,0,5,0,490893261
gym-big-split-boss4-kill,corridor-hold,131,Defeat,7,0,7,56,8,0,1,57,-1,,0,5,0,3638836890
gym-big-split-boss4-kill,corridor-hold,132,Defeat,7,0,7,56,16,0,2,71,-1,,0,5,0,3406698312
gym-big-split-boss4-kill,corridor-hold,133,Defeat,7,0,7,56,4,0,1,71,-1,,0,5,0,2258068072
gym-big-split-boss4-kill,corridor-hold,134,Defeat,7,0,7,56,9,0,1,57,-1,,0,5,0,2598110240
gym-big-split-boss4-kill,corridor-hold,135,Defeat,7,0,7,56,15,0,1,57,-1,,0,5,0,1647686024
gym-big-split-boss4-kill,corridor-hold,136,Defeat,5,0,5,40,5,0,4,80,7,1:7,0,7,1,4086769223
gym-big-split-boss4-kill,corridor-hold,137,Defeat,13,0,13,104,18,0,1,53,3,1:3,0,21,0,1592209283
gym-big-split-boss4-kill,corridor-hold,138,Defeat,7,0,7,56,5,0,1,71,-1,,0,3,0,960478413
gym-big-split-boss4-kill,corridor-hold,139,Defeat,7,0,7,56,7,0,1,57,-1,,0,5,0,3638836890
gym-big-split-boss4-kill,corridor-hold,140,Defeat,9,0,9,72,12,0,1,55,-1,,0,7,0,2968327515
gym-big-split-boss4-kill,corridor-hold,141,Defeat,7,0,7,56,5,0,1,71,-1,,0,5,0,856632090
gym-big-split-boss4-kill,corridor-hold,142,Defeat,10,0,10,80,9,0,2,70,-1,,0,16,0,3043264082
gym-big-split-boss4-kill,corridor-hold,143,Defeat,5,0,5,40,5,0,2,60,7,1:7,0,6,0,100395150
gym-big-split-boss4-kill,corridor-hold,144,Victory,12,0,12,96,11,10,0,50,-1,,0,11,0,1110189773
gym-big-split-boss4-kill,corridor-hold,145,Victory,11,0,11,88,10,115,0,45,3,1:3,0,8,0,1947193058
gym-big-split-boss4-kill,corridor-hold,146,Defeat,9,0,9,72,6,0,1,66,-1,,0,5,0,2318712870
gym-big-split-boss4-kill,corridor-hold,147,Defeat,6,0,6,48,5,0,2,100,-1,,0,4,0,3606723707
gym-big-split-boss4-kill,corridor-hold,148,Defeat,6,0,6,48,10,0,1,83,-1,,0,5,0,2514714158
gym-big-split-boss4-kill,corridor-hold,149,Victory,8,0,8,64,6,50,0,50,-1,,0,5,0,3596994000
gym-big-split-boss4-kill,corridor-hold,150,Defeat,7,0,7,56,4,0,2,85,-1,,0,6,1,1515556661
gym-big-split-boss4-kill,corridor-hold,151,Defeat,5,0,5,40,5,0,3,80,-1,,0,2,1,2933024979
gym-big-split-boss4-kill,corridor-hold,152,Defeat,7,0,7,56,15,0,1,57,-1,,0,5,0,3791848568
gym-big-split-boss4-kill,corridor-hold,153,Defeat,5,0,5,40,10,0,2,80,-1,,0,3,0,1922295979
gym-big-split-boss4-kill,corridor-hold,154,Victory,9,0,9,72,3,80,1,88,3,1:3,0,9,0,2405084232
gym-big-split-boss4-kill,corridor-hold,155,Defeat,7,0,7,56,4,0,1,71,-1,,0,5,0,2258068072
gym-big-split-boss4-kill,corridor-hold,156,Defeat,7,0,7,56,7,0,2,85,-1,,0,6,0,2481470926
gym-big-split-boss4-kill,corridor-hold,157,Defeat,6,0,6,48,2,0,2,83,-1,,0,4,0,3155053541
gym-big-split-boss4-kill,corridor-hold,158,Defeat,7,0,7,56,5,0,1,57,-1,,0,5,0,3638836890
gym-big-split-boss4-kill,corridor-hold,159,Defeat,6,0,6,48,12,0,2,83,-1,,0,4,0,3606066139
gym-big-split-boss4-kill,corridor-hold,160,Defeat,7,0,7,56,8,0,1,71,-1,,0,6,0,1317059785
gym-big-split-boss4-kill,corridor-hold,161,Defeat,7,0,7,56,13,0,1,57,-1,,0,6,0,1966455292
gym-big-split-boss4-kill,corridor-hold,162,Defeat,7,0,7,56,7,0,1,71,-1,,0,4,0,856632090
gym-big-split-boss4-kill,corridor-hold,163,Defeat,8,0,8,64,5,0,1,50,-1,,0,5,0,4279894222
gym-big-split-boss4-kill,corridor-hold,164,Defeat,6,0,6,48,15,0,2,100,-1,,0,5,1,930398015
gym-big-split-boss4-kill,corridor-hold,165,Defeat,7,0,7,56,7,0,1,57,-1,,0,5,0,3638836890
gym-big-split-boss4-kill,corridor-hold,166,Defeat,6,0,6,48,3,0,2,83,-1,,0,4,0,3697260174
gym-big-split-boss4-kill,corridor-hold,167,Defeat,8,0,8,64,8,0,1,37,-1,,0,6,0,1829353257
gym-big-split-boss4-kill,corridor-hold,168,Defeat,7,0,7,56,7,0,1,57,-1,,0,5,0,3638836890
gym-big-split-boss4-kill,corridor-hold,169,Defeat,7,0,7,56,7,0,1,57,-1,,0,6,0,3638836890
gym-big-split-boss4-kill,corridor-hold,170,Defeat,5,0,5,40,11,0,3,100,7,1:7,0,7,0,82994494
gym-big-split-boss4-kill,corridor-hold,171,Defeat,6,0,6,48,5,0,1,66,-1,,0,4,1,737850779
gym-big-split-boss4-kill,corridor-hold,172,Defeat,5,0,5,40,3,0,2,80,7,1:7,0,6,0,4135927334
gym-big-split-boss4-kill,corridor-hold,173,Defeat,6,0,6,48,4,0,2,83,-1,,0,4,0,4101185592
gym-big-split-boss4-kill,corridor-hold,174,Defeat,8,0,8,64,5,0,1,75,-1,,0,7,0,2469177599
gym-big-split-boss4-kill,corridor-hold,175,Defeat,6,0,6,48,3,0,2,100,-1,,0,5,0,3955687889
gym-big-split-boss4-kill,corridor-hold,176,Victory,9,0,9,72,5,5,0,44,-1,,0,6,0,3379025988
gym-big-split-boss4-kill,corridor-hold,177,Defeat,6,0,6,48,5,0,2,66,-1,,0,3,0,1280982447
gym-big-split-boss4-kill,corridor-hold,178,Defeat,7,0,7,56,5,0,1,57,-1,,0,4,0,1725350392
gym-big-split-boss4-kill,corridor-hold,179,Defeat,7,0,7,56,4,0,1,71,-1,,0,5,0,2171268270
gym-big-split-boss4-kill,corridor-hold,180,Defeat,11,0,11,88,12,0,1,54,3,1:3,0,7,0,3105535441
gym-big-split-boss4-kill,corridor-hold,181,Defeat,7,0,7,56,7,0,1,57,-1,,0,5,0,3638836890
gym-big-split-boss4-kill,corridor-hold,182,Defeat,6,0,6,48,11,0,2,66,-1,,0,4,0,1221597785
gym-big-split-boss4-kill,corridor-hold,183,Defeat,7,0,7,56,15,0,1,57,-1,,0,5,0,1647686024
gym-big-split-boss4-kill,corridor-hold,184,Defeat,6,0,6,48,10,0,2,83,-1,,0,4,0,2785052614
gym-big-split-boss4-kill,corridor-hold,185,Defeat,6,0,6,48,8,0,2,66,-1,,0,4,0,3620627280
gym-big-split-boss4-kill,corridor-hold,186,Victory,14,0,14,112,16,15,0,35,-1,,0,16,0,2872460949
gym-big-split-boss4-kill,corridor-hold,187,Defeat,7,0,7,56,7,0,1,57,-1,,0,5,0,3638836890
gym-big-split-boss4-kill,corridor-hold,188,Defeat,7,0,7,56,7,0,1,57,-1,,0,5,0,3638836890
gym-big-split-boss4-kill,corridor-hold,189,Defeat,6,0,6,48,0,0,3,100,7,1:7,0,7,1,2978578375
gym-big-split-boss4-kill,corridor-hold,190,Defeat,6,0,6,48,5,0,2,100,-1,,0,4,0,705298429
gym-big-split-boss4-kill,corridor-hold,191,Defeat,6,0,6,48,9,0,2,116,-1,,0,4,0,782973156
gym-big-split-boss4-kill,corridor-hold,192,Defeat,7,0,7,56,14,0,2,71,-1,,0,4,0,2289258666
gym-big-split-boss4-kill,corridor-hold,193,Defeat,6,0,6,48,5,0,2,83,-1,,0,4,0,2419315536
gym-big-split-boss4-kill,corridor-hold,194,Defeat,5,0,5,40,3,0,3,80,-1,,0,3,1,3358359957
gym-big-split-boss4-kill,corridor-hold,195,Defeat,6,0,6,48,12,0,2,66,-1,,0,4,0,874591160
gym-big-split-boss4-kill,corridor-hold,196,Defeat,5,0,5,40,3,0,3,60,-1,,0,5,1,3450645703
gym-big-split-boss4-kill,corridor-hold,197,Defeat,6,0,6,48,6,0,2,83,-1,,0,5,1,1931612211
gym-big-split-boss4-kill,corridor-hold,198,Defeat,6,0,6,48,3,0,2,66,-1,,0,3,0,4060936360
gym-big-split-boss4-kill,corridor-hold,199,Defeat,5,0,5,40,20,0,2,80,-1,,0,3,1,469737274
gym-big-split-boss4-kill,corridor-hold,200,Defeat,7,0,7,56,10,0,1,57,-1,,0,5,0,3638836890
gym-big-split-boss4-kill,tpa-order,1,Defeat,7,0,7,56,7,0,1,71,-1,,0,5,0,2258068072
gym-big-split-boss4-kill,tpa-order,2,Defeat,6,0,6,48,8,0,2,66,-1,,0,3,0,3486256989
gym-big-split-boss4-kill,tpa-order,3,Defeat,7,0,7,56,5,0,1,71,-1,,0,6,0,3862488504
gym-big-split-boss4-kill,tpa-order,4,Victory,8,0,8,64,4,35,1,62,3,1:3,0,8,0,1416334230
gym-big-split-boss4-kill,tpa-order,5,Defeat,7,0,7,56,15,0,1,57,-1,,0,5,0,853013358
gym-big-split-boss4-kill,tpa-order,6,Defeat,7,0,7,56,5,0,1,57,-1,,0,5,0,3638836890
gym-big-split-boss4-kill,tpa-order,7,Defeat,7,0,7,56,6,0,1,71,-1,,0,6,0,4203116018
gym-big-split-boss4-kill,tpa-order,8,Defeat,5,0,5,40,10,0,2,80,-1,,0,3,1,4141929329
gym-big-split-boss4-kill,tpa-order,9,Defeat,5,0,5,40,5,0,3,100,-1,,0,5,1,2007780919
gym-big-split-boss4-kill,tpa-order,10,Defeat,5,0,5,40,3,0,2,80,-1,,0,3,1,2443227965
gym-big-split-boss4-kill,tpa-order,11,Defeat,7,0,7,56,7,0,1,57,-1,,0,5,0,3638836890
gym-big-split-boss4-kill,tpa-order,12,Defeat,7,0,7,56,7,0,2,71,-1,,0,5,0,3019736082
gym-big-split-boss4-kill,tpa-order,13,Defeat,6,0,6,48,6,0,2,66,-1,,0,3,0,348848197
gym-big-split-boss4-kill,tpa-order,14,Defeat,7,0,7,56,8,0,2,85,-1,,0,5,0,829664222
gym-big-split-boss4-kill,tpa-order,15,Defeat,5,0,5,40,12,0,3,80,-1,,0,3,0,1023032324
gym-big-split-boss4-kill,tpa-order,16,Defeat,8,0,8,64,3,0,1,62,-1,,0,7,0,364327518
gym-big-split-boss4-kill,tpa-order,17,Defeat,7,0,7,56,3,0,1,71,-1,,0,5,0,1317059785
gym-big-split-boss4-kill,tpa-order,18,Defeat,7,0,7,56,4,0,1,71,-1,,0,4,0,3698541037
gym-big-split-boss4-kill,tpa-order,19,Defeat,6,0,6,48,5,0,2,83,-1,,0,3,0,3679706299
gym-big-split-boss4-kill,tpa-order,20,Defeat,7,0,7,56,5,0,1,57,-1,,0,5,0,3638836890
gym-big-split-boss4-kill,tpa-order,21,Victory,12,0,12,96,15,65,0,41,-1,,0,9,0,3593765811
gym-big-split-boss4-kill,tpa-order,22,Defeat,6,0,6,48,5,0,2,83,7,1:7,0,9,0,3748648696
gym-big-split-boss4-kill,tpa-order,23,Defeat,7,0,7,56,5,0,1,57,-1,,0,5,0,3638836890
gym-big-split-boss4-kill,tpa-order,24,Defeat,5,0,5,40,5,0,3,60,7,1:7,0,6,0,3335001595
gym-big-split-boss4-kill,tpa-order,25,Defeat,6,0,6,48,6,0,1,100,-1,,0,4,0,253174812
gym-big-split-boss4-kill,tpa-order,26,Defeat,7,0,7,56,4,0,1,57,-1,,0,4,0,1820528686
gym-big-split-boss4-kill,tpa-order,27,Defeat,14,0,14,112,12,0,1,64,3,1:3,0,22,0,2295885581
gym-big-split-boss4-kill,tpa-order,28,Victory,8,0,8,64,2,80,1,62,3,1:3,0,8,0,742555209
gym-big-split-boss4-kill,tpa-order,29,Defeat,10,0,10,80,14,0,2,70,-1,,0,13,0,3260885424
gym-big-split-boss4-kill,tpa-order,30,Defeat,7,0,7,56,7,0,1,57,-1,,0,5,0,3638836890
gym-big-split-boss4-kill,tpa-order,31,Defeat,4,0,4,32,4,0,3,75,-1,,0,2,2,1429010594
gym-big-split-boss4-kill,tpa-order,32,Defeat,5,0,5,40,2,0,3,140,-1,,0,4,0,260910150
gym-big-split-boss4-kill,tpa-order,33,Defeat,7,0,7,56,10,0,1,57,-1,,0,5,0,528717214
gym-big-split-boss4-kill,tpa-order,34,Defeat,7,0,7,56,10,0,2,57,-1,,0,6,1,1225922824
gym-big-split-boss4-kill,tpa-order,35,Defeat,5,0,5,40,4,0,2,80,-1,,0,3,1,384690314
gym-big-split-boss4-kill,tpa-order,36,Defeat,7,0,7,56,7,0,1,57,-1,,0,4,0,906609174
gym-big-split-boss4-kill,tpa-order,37,Defeat,7,0,7,56,5,0,1,71,-1,,0,5,0,2258068072
gym-big-split-boss4-kill,tpa-order,38,Defeat,5,0,5,40,5,0,2,60,7,1:7,0,6,0,100395150
gym-big-split-boss4-kill,tpa-order,39,Defeat,6,0,6,48,5,0,2,83,-1,,0,4,0,2971196495
gym-big-split-boss4-kill,tpa-order,40,Defeat,7,0,7,56,5,0,2,71,-1,,0,5,0,3041688743
gym-big-split-boss4-kill,tpa-order,41,Defeat,7,0,7,56,5,0,2,85,-1,,0,5,0,4004381166
gym-big-split-boss4-kill,tpa-order,42,Defeat,7,0,7,56,7,0,1,57,-1,,0,5,0,3638836890
gym-big-split-boss4-kill,tpa-order,43,Defeat,8,0,8,64,4,0,1,50,-1,,0,8,0,4169978956
gym-big-split-boss4-kill,tpa-order,44,Defeat,6,0,6,48,7,0,2,83,-1,,0,3,0,2098601229
gym-big-split-boss4-kill,tpa-order,45,Defeat,5,0,5,40,2,0,2,80,-1,,0,3,1,384690314
gym-big-split-boss4-kill,tpa-order,46,Defeat,7,0,7,56,10,0,1,57,-1,,0,5,0,3638836890
gym-big-split-boss4-kill,tpa-order,47,Defeat,7,0,7,56,7,0,1,57,-1,,0,5,0,3638836890
gym-big-split-boss4-kill,tpa-order,48,Defeat,7,0,7,56,7,0,2,71,-1,,0,5,0,1849482101
gym-big-split-boss4-kill,tpa-order,49,Defeat,7,0,7,56,9,0,2,71,-1,,0,5,0,2936384283
gym-big-split-boss4-kill,tpa-order,50,Defeat,6,0,6,48,4,0,2,83,-1,,0,3,0,3662381225
gym-big-split-boss4-kill,tpa-order,51,Victory,20,0,20,160,27,215,1,20,12,1:12,0,32,0,477762863
gym-big-split-boss4-kill,tpa-order,52,Defeat,7,0,7,56,5,0,1,71,-1,,0,5,0,2305200856
gym-big-split-boss4-kill,tpa-order,53,Defeat,5,0,5,40,10,0,3,100,-1,,0,3,1,3310319090
gym-big-split-boss4-kill,tpa-order,54,Defeat,8,0,8,64,8,0,1,75,-1,,0,6,0,1933423817
gym-big-split-boss4-kill,tpa-order,55,Defeat,7,0,7,56,6,0,3,71,-1,,0,7,0,3790328350
gym-big-split-boss4-kill,tpa-order,56,Defeat,5,0,5,40,10,0,3,60,-1,,0,3,1,3217400990
gym-big-split-boss4-kill,tpa-order,57,Victory,8,0,8,64,6,25,0,50,-1,,0,5,0,2308233354
gym-big-split-boss4-kill,tpa-order,58,Victory,8,0,8,64,3,75,0,37,-1,,0,6,0,490893261
gym-big-split-boss4-kill,tpa-order,59,Defeat,9,0,9,72,9,0,1,55,-1,,0,10,0,2246258744
gym-big-split-boss4-kill,tpa-order,60,Defeat,5,0,5,40,5,0,3,60,7,1:7,0,6,0,1235446815
gym-big-split-boss4-kill,tpa-order,61,Defeat,7,0,7,56,10,0,1,71,-1,,0,6,0,2739302948
gym-big-split-boss4-kill,tpa-order,62,Defeat,7,0,7,56,8,0,1,85,-1,,0,5,0,2820123038
gym-big-split-boss4-kill,tpa-order,63,Defeat,7,0,7,56,3,0,1,71,-1,,0,4,0,3667888770
gym-big-split-boss4-kill,tpa-order,64,Defeat,6,0,6,48,10,0,1,83,-1,,0,4,0,1324427496
gym-big-split-boss4-kill,tpa-order,65,Defeat,6,0,6,48,15,0,1,83,-1,,0,4,0,2291775868
gym-big-split-boss4-kill,tpa-order,66,Victory,8,0,8,64,6,25,0,50,-1,,0,6,0,673655752
gym-big-split-boss4-kill,tpa-order,67,Defeat,7,0,7,56,5,0,2,85,-1,,0,5,0,997961438
gym-big-split-boss4-kill,tpa-order,68,Defeat,5,0,5,40,14,0,3,120,-1,,0,4,1,1203381293
gym-big-split-boss4-kill,tpa-order,69,Defeat,6,0,6,48,6,0,1,83,-1,,0,4,0,2941033904
gym-big-split-boss4-kill,tpa-order,70,Defeat,6,0,6,48,10,0,2,83,-1,,0,4,0,2785052614
gym-big-split-boss4-kill,tpa-order,71,Defeat,11,0,11,88,14,0,1,54,-1,,0,12,0,1231617514
gym-big-split-boss4-kill,tpa-order,72,Defeat,10,0,10,80,3,0,1,70,-1,,0,12,0,4185451544
gym-big-split-boss4-kill,tpa-order,73,Defeat,6,0,6,48,5,0,2,83,-1,,0,6,1,1780517611
gym-big-split-boss4-kill,tpa-order,74,Defeat,5,0,5,40,3,0,2,80,-1,,0,3,1,3544154187
gym-big-split-boss4-kill,tpa-order,75,Defeat,5,0,5,40,3,0,3,80,-1,,0,3,1,1841967308
gym-big-split-boss4-kill,tpa-order,76,Defeat,7,0,7,56,3,0,1,71,-1,,0,5,0,2898998422
gym-big-split-boss4-kill,tpa-order,77,Defeat,7,0,7,56,11,0,1,57,-1,,0,5,0,784236208
gym-big-split-boss4-kill,tpa-order,78,Defeat,7,0,7,56,13,0,2,85,-1,,0,5,0,2532776312
gym-big-split-boss4-kill,tpa-order,79,Defeat,7,0,7,56,7,0,1,57,-1,,0,6,0,3638836890
gym-big-split-boss4-kill,tpa-order,80,Defeat,7,0,7,56,3,0,1,57,-1,,0,6,0,3395636352
gym-big-split-boss4-kill,tpa-order,81,Victory,14,0,14,112,19,25,0,50,3,1:3,0,15,0,562378695
gym-big-split-boss4-kill,tpa-order,82,Victory,8,0,8,64,5,50,0,50,-1,,0,5,0,655069670
gym-big-split-boss4-kill,tpa-order,83,Defeat,5,0,5,40,3,0,3,100,7,1:7,0,5,1,510059570
gym-big-split-boss4-kill,tpa-order,84,Defeat,5,0,5,40,5,0,2,100,-1,,0,3,1,3996078331
gym-big-split-boss4-kill,tpa-order,85,Defeat,6,0,6,48,2,0,1,66,-1,,0,4,0,1022630526
gym-big-split-boss4-kill,tpa-order,86,Defeat,6,0,6,48,9,0,2,83,-1,,0,3,0,3662381225
gym-big-split-boss4-kill,tpa-order,87,Defeat,7,0,7,56,10,0,1,71,-1,,0,5,0,3806267700
gym-big-split-boss4-kill,tpa-order,88,Defeat,6,0,6,48,5,0,1,66,-1,,0,4,0,3484103871
gym-big-split-boss4-kill,tpa-order,89,Defeat,7,0,7,56,3,0,1,57,-1,,0,5,0,3638836890
gym-big-split-boss4-kill,tpa-order,90,Defeat,7,0,7,56,5,0,1,57,-1,,0,4,0,4144349277
gym-big-split-boss4-kill,tpa-order,91,Defeat,7,0,7,56,11,0,2,71,-1,,0,6,0,271423848
gym-big-split-boss4-kill,tpa-order,92,Defeat,7,0,7,56,7,0,1,57,-1,,0,5,0,3638836890
gym-big-split-boss4-kill,tpa-order,93,Defeat,6,0,6,48,3,0,3,83,-1,,0,5,0,2463561058
gym-big-split-boss4-kill,tpa-order,94,Defeat,8,0,8,64,5,0,1,50,-1,,0,5,0,3748125400
gym-big-split-boss4-kill,tpa-order,95,Defeat,7,0,7,56,5,0,1,85,-1,,0,3,0,2441212644
gym-big-split-boss4-kill,tpa-order,96,Defeat,7,0,7,56,5,0,1,57,-1,,0,5,0,3638836890
gym-big-split-boss4-kill,tpa-order,97,Defeat,7,0,7,56,15,0,1,57,-1,,0,5,0,3638836890
gym-big-split-boss4-kill,tpa-order,98,Defeat,5,0,5,40,5,0,2,60,7,1:7,0,6,0,100395150
gym-big-split-boss4-kill,tpa-order,99,Defeat,7,0,7,56,13,0,1,71,-1,,0,5,0,1788878732
gym-big-split-boss4-kill,tpa-order,100,Victory,18,0,18,144,21,160,1,27,3,1:3,0,36,0,3328998066
gym-big-split-boss4-kill,tpa-order,101,Defeat,6,0,6,48,8,0,2,83,-1,,0,4,0,1107785921
gym-big-split-boss4-kill,tpa-order,102,Defeat,7,0,7,56,5,0,1,57,-1,,0,6,0,3638836890
gym-big-split-boss4-kill,tpa-order,103,Defeat,7,0,7,56,7,0,1,57,-1,,0,5,0,3638836890
gym-big-split-boss4-kill,tpa-order,104,Victory,11,0,11,88,8,15,0,54,-1,,0,12,0,247685522
gym-big-split-boss4-kill,tpa-order,105,Defeat,6,0,6,48,5,0,2,66,-1,,0,3,0,348848197
gym-big-split-boss4-kill,tpa-order,106,Defeat,6,0,6,48,3,0,1,83,-1,,0,4,0,2514714158
gym-big-split-boss4-kill,tpa-order,107,Victory,21,0,21,168,25,90,0,38,3,1:3,0,21,0,1247748849
gym-big-split-boss4-kill,tpa-order,108,Defeat,6,0,6,48,4,0,2,83,-1,,0,4,0,3188275465
gym-big-split-boss4-kill,tpa-order,109,Defeat,7,0,7,56,9,0,1,57,-1,,0,5,0,3638836890
gym-big-split-boss4-kill,tpa-order,110,Defeat,6,0,6,48,3,0,2,100,-1,,0,4,0,1509528470
gym-big-split-boss4-kill,tpa-order,111,Defeat,6,0,6,48,14,0,1,83,-1,,0,5,0,171471901
gym-big-split-boss4-kill,tpa-order,112,Defeat,5,0,5,40,5,0,2,80,-1,,0,3,1,687198660
gym-big-split-boss4-kill,tpa-order,113,Defeat,7,0,7,56,14,0,2,71,-1,,0,6,1,509693311
gym-big-split-boss4-kill,tpa-order,114,Defeat,6,0,6,48,4,0,2,100,-1,,0,4,0,3266186085
gym-big-split-boss4-kill,tpa-order,115,Defeat,6,0,6,48,10,0,2,66,-1,,0,4,0,3620627280
gym-big-split-boss4-kill,tpa-order,116,Victory,9,0,9,72,7,10,1,55,-1,,0,9,0,792721297
gym-big-split-boss4-kill,tpa-order,117,Defeat,7,0,7,56,5,0,1,71,-1,,0,5,0,2071095721
gym-big-split-boss4-kill,tpa-order,118,Defeat,7,0,7,56,4,0,1,71,-1,,0,5,0,2258068072
gym-big-split-boss4-kill,tpa-order,119,Victory,15,0,15,120,15,120,0,33,7,1:7,0,14,0,163214833
gym-big-split-boss4-kill,tpa-order,120,Defeat,7,0,7,56,4,0,1,71,-1,,0,5,0,1611024547
gym-big-split-boss4-kill,tpa-order,121,Defeat,7,0,7,56,2,0,1,71,-1,,0,5,0,2931800171
gym-big-split-boss4-kill,tpa-order,122,Defeat,8,0,8,64,5,0,1,75,-1,,0,6,0,2782509145
gym-big-split-boss4-kill,tpa-order,123,Defeat,8,0,8,64,11,0,1,75,-1,,0,7,0,3579808747
gym-big-split-boss4-kill,tpa-order,124,Defeat,7,0,7,56,3,0,1,71,-1,,0,5,0,1389529108
gym-big-split-boss4-kill,tpa-order,125,Defeat,7,0,7,56,5,0,1,57,-1,,0,6,0,3638836890
gym-big-split-boss4-kill,tpa-order,126,Defeat,6,0,6,48,11,0,2,100,-1,,0,5,1,2958487295
gym-big-split-boss4-kill,tpa-order,127,Defeat,6,0,6,48,8,0,1,66,-1,,0,4,0,3308923069
gym-big-split-boss4-kill,tpa-order,128,Defeat,5,0,5,40,9,0,3,80,-1,,0,3,1,475766696
gym-big-split-boss4-kill,tpa-order,129,Defeat,7,0,7,56,10,0,1,71,-1,,0,5,0,2469383454
gym-big-split-boss4-kill,tpa-order,130,Victory,8,0,8,64,5,75,0,37,-1,,0,5,0,490893261
gym-big-split-boss4-kill,tpa-order,131,Defeat,7,0,7,56,8,0,1,57,-1,,0,5,0,3638836890
gym-big-split-boss4-kill,tpa-order,132,Defeat,7,0,7,56,16,0,2,71,-1,,0,5,0,3406698312
gym-big-split-boss4-kill,tpa-order,133,Defeat,7,0,7,56,4,0,1,71,-1,,0,5,0,2258068072
gym-big-split-boss4-kill,tpa-order,134,Defeat,7,0,7,56,9,0,1,57,-1,,0,5,0,2598110240
gym-big-split-boss4-kill,tpa-order,135,Defeat,7,0,7,56,15,0,1,57,-1,,0,5,0,1647686024
gym-big-split-boss4-kill,tpa-order,136,Defeat,6,0,6,48,5,0,3,116,7,1:7,0,9,0,746314804
gym-big-split-boss4-kill,tpa-order,137,Defeat,13,0,13,104,18,0,1,53,3,1:3,0,21,0,1592209283
gym-big-split-boss4-kill,tpa-order,138,Defeat,7,0,7,56,5,0,1,71,-1,,0,3,0,960478413
gym-big-split-boss4-kill,tpa-order,139,Defeat,7,0,7,56,7,0,1,57,-1,,0,5,0,3638836890
gym-big-split-boss4-kill,tpa-order,140,Defeat,9,0,9,72,12,0,1,55,-1,,0,7,0,2968327515
gym-big-split-boss4-kill,tpa-order,141,Defeat,7,0,7,56,5,0,1,71,-1,,0,5,0,856632090
gym-big-split-boss4-kill,tpa-order,142,Defeat,10,0,10,80,9,0,2,70,-1,,0,16,0,3043264082
gym-big-split-boss4-kill,tpa-order,143,Defeat,5,0,5,40,5,0,2,60,7,1:7,0,6,0,100395150
gym-big-split-boss4-kill,tpa-order,144,Victory,12,0,12,96,11,10,0,50,-1,,0,11,0,1110189773
gym-big-split-boss4-kill,tpa-order,145,Victory,11,0,11,88,10,115,0,45,3,1:3,0,8,0,1947193058
gym-big-split-boss4-kill,tpa-order,146,Defeat,9,0,9,72,6,0,1,66,-1,,0,5,0,2318712870
gym-big-split-boss4-kill,tpa-order,147,Defeat,6,0,6,48,5,0,2,100,-1,,0,4,0,3606723707
gym-big-split-boss4-kill,tpa-order,148,Defeat,6,0,6,48,10,0,1,83,-1,,0,5,0,2514714158
gym-big-split-boss4-kill,tpa-order,149,Victory,8,0,8,64,6,50,0,50,-1,,0,5,0,3596994000
gym-big-split-boss4-kill,tpa-order,150,Defeat,7,0,7,56,4,0,2,85,-1,,0,6,1,741787658
gym-big-split-boss4-kill,tpa-order,151,Defeat,5,0,5,40,5,0,3,80,-1,,0,2,1,2933024979
gym-big-split-boss4-kill,tpa-order,152,Defeat,7,0,7,56,15,0,1,57,-1,,0,5,0,3791848568
gym-big-split-boss4-kill,tpa-order,153,Defeat,5,0,5,40,10,0,2,80,-1,,0,3,0,1922295979
gym-big-split-boss4-kill,tpa-order,154,Victory,9,0,9,72,3,80,1,88,3,1:3,0,9,0,2405084232
gym-big-split-boss4-kill,tpa-order,155,Defeat,7,0,7,56,4,0,1,71,-1,,0,5,0,2258068072
gym-big-split-boss4-kill,tpa-order,156,Defeat,7,0,7,56,7,0,2,85,-1,,0,6,0,2481470926
gym-big-split-boss4-kill,tpa-order,157,Defeat,6,0,6,48,2,0,2,83,-1,,0,4,0,3155053541
gym-big-split-boss4-kill,tpa-order,158,Defeat,7,0,7,56,5,0,1,57,-1,,0,5,0,3638836890
gym-big-split-boss4-kill,tpa-order,159,Defeat,6,0,6,48,12,0,2,83,-1,,0,4,0,3606066139
gym-big-split-boss4-kill,tpa-order,160,Defeat,7,0,7,56,8,0,1,71,-1,,0,6,0,1317059785
gym-big-split-boss4-kill,tpa-order,161,Defeat,7,0,7,56,13,0,1,57,-1,,0,6,0,1966455292
gym-big-split-boss4-kill,tpa-order,162,Defeat,7,0,7,56,7,0,1,71,-1,,0,4,0,856632090
gym-big-split-boss4-kill,tpa-order,163,Defeat,8,0,8,64,5,0,1,50,-1,,0,5,0,4279894222
gym-big-split-boss4-kill,tpa-order,164,Defeat,6,0,6,48,15,0,2,100,-1,,0,5,1,930398015
gym-big-split-boss4-kill,tpa-order,165,Defeat,7,0,7,56,7,0,1,57,-1,,0,5,0,3638836890
gym-big-split-boss4-kill,tpa-order,166,Defeat,6,0,6,48,3,0,2,83,-1,,0,4,0,3697260174
gym-big-split-boss4-kill,tpa-order,167,Defeat,8,0,8,64,8,0,1,37,-1,,0,6,0,1829353257
gym-big-split-boss4-kill,tpa-order,168,Defeat,7,0,7,56,7,0,1,57,-1,,0,5,0,3638836890
gym-big-split-boss4-kill,tpa-order,169,Defeat,7,0,7,56,7,0,1,57,-1,,0,6,0,3638836890
gym-big-split-boss4-kill,tpa-order,170,Defeat,5,0,5,40,11,0,3,100,7,1:7,0,7,0,82994494
gym-big-split-boss4-kill,tpa-order,171,Defeat,6,0,6,48,5,0,1,66,-1,,0,4,1,737850779
gym-big-split-boss4-kill,tpa-order,172,Defeat,5,0,5,40,3,0,2,80,7,1:7,0,6,0,4135927334
gym-big-split-boss4-kill,tpa-order,173,Defeat,6,0,6,48,4,0,2,83,-1,,0,4,0,4101185592
gym-big-split-boss4-kill,tpa-order,174,Defeat,8,0,8,64,5,0,1,75,-1,,0,7,0,2469177599
gym-big-split-boss4-kill,tpa-order,175,Defeat,6,0,6,48,3,0,2,100,-1,,0,5,0,3955687889
gym-big-split-boss4-kill,tpa-order,176,Victory,9,0,9,72,5,5,0,44,-1,,0,6,0,3379025988
gym-big-split-boss4-kill,tpa-order,177,Defeat,6,0,6,48,5,0,2,66,-1,,0,3,0,1280982447
gym-big-split-boss4-kill,tpa-order,178,Defeat,7,0,7,56,5,0,1,57,-1,,0,4,0,1725350392
gym-big-split-boss4-kill,tpa-order,179,Defeat,7,0,7,56,4,0,1,71,-1,,0,5,0,2171268270
gym-big-split-boss4-kill,tpa-order,180,Defeat,5,0,5,40,4,0,2,100,-1,,0,2,1,1266122643
gym-big-split-boss4-kill,tpa-order,181,Defeat,7,0,7,56,7,0,1,57,-1,,0,5,0,3638836890
gym-big-split-boss4-kill,tpa-order,182,Defeat,6,0,6,48,11,0,2,66,-1,,0,4,0,1221597785
gym-big-split-boss4-kill,tpa-order,183,Defeat,7,0,7,56,15,0,1,57,-1,,0,5,0,1647686024
gym-big-split-boss4-kill,tpa-order,184,Defeat,6,0,6,48,10,0,2,83,-1,,0,4,0,2785052614
gym-big-split-boss4-kill,tpa-order,185,Defeat,6,0,6,48,8,0,2,66,-1,,0,4,0,3620627280
gym-big-split-boss4-kill,tpa-order,186,Victory,14,0,14,112,16,15,0,35,-1,,0,16,0,2872460949
gym-big-split-boss4-kill,tpa-order,187,Defeat,7,0,7,56,7,0,1,57,-1,,0,5,0,3638836890
gym-big-split-boss4-kill,tpa-order,188,Defeat,7,0,7,56,7,0,1,57,-1,,0,5,0,3638836890
gym-big-split-boss4-kill,tpa-order,189,Defeat,6,0,6,48,0,0,2,83,7,1:7,0,7,1,3044036972
gym-big-split-boss4-kill,tpa-order,190,Defeat,6,0,6,48,5,0,2,100,-1,,0,4,0,705298429
gym-big-split-boss4-kill,tpa-order,191,Defeat,6,0,6,48,9,0,2,116,-1,,0,4,0,782973156
gym-big-split-boss4-kill,tpa-order,192,Defeat,7,0,7,56,14,0,1,57,-1,,0,4,0,2666995761
gym-big-split-boss4-kill,tpa-order,193,Defeat,6,0,6,48,5,0,2,83,-1,,0,4,0,2419315536
gym-big-split-boss4-kill,tpa-order,194,Defeat,6,0,6,48,3,0,1,83,-1,,0,4,0,1458455454
gym-big-split-boss4-kill,tpa-order,195,Defeat,6,0,6,48,12,0,2,66,-1,,0,4,0,874591160
gym-big-split-boss4-kill,tpa-order,196,Defeat,5,0,5,40,3,0,3,60,-1,,0,5,1,3450645703
gym-big-split-boss4-kill,tpa-order,197,Defeat,6,0,6,48,6,0,2,83,-1,,0,5,1,1931612211
gym-big-split-boss4-kill,tpa-order,198,Defeat,6,0,6,48,3,0,2,66,-1,,0,3,0,4060936360
gym-big-split-boss4-kill,tpa-order,199,Defeat,5,0,5,40,20,0,2,80,-1,,0,3,1,469737274
gym-big-split-boss4-kill,tpa-order,200,Defeat,7,0,7,56,10,0,1,57,-1,,0,5,0,3638836890
gym-big-split-boss4-kill,control-hold,1,Defeat,7,0,7,56,7,0,1,71,-1,,0,5,0,2258068072
gym-big-split-boss4-kill,control-hold,2,Defeat,6,0,6,48,8,0,2,66,-1,,0,3,0,3486256989
gym-big-split-boss4-kill,control-hold,3,Defeat,7,0,7,56,5,0,1,71,-1,,0,6,0,3862488504
gym-big-split-boss4-kill,control-hold,4,Victory,8,0,8,64,4,35,1,62,3,1:3,0,8,0,1416334230
gym-big-split-boss4-kill,control-hold,5,Defeat,7,0,7,56,15,0,1,57,-1,,0,5,0,853013358
gym-big-split-boss4-kill,control-hold,6,Defeat,7,0,7,56,5,0,1,57,-1,,0,5,0,3638836890
gym-big-split-boss4-kill,control-hold,7,Defeat,7,0,7,56,6,0,1,71,-1,,0,6,0,4203116018
gym-big-split-boss4-kill,control-hold,8,Defeat,5,0,5,40,10,0,2,80,-1,,0,3,1,4141929329
gym-big-split-boss4-kill,control-hold,9,Defeat,5,0,5,40,5,0,4,120,-1,,0,5,1,433422108
gym-big-split-boss4-kill,control-hold,10,Victory,28,0,28,224,35,15,0,28,3,1:3,0,27,0,564978026
gym-big-split-boss4-kill,control-hold,11,Defeat,7,0,7,56,7,0,1,57,-1,,0,5,0,3638836890
gym-big-split-boss4-kill,control-hold,12,Defeat,7,0,7,56,7,0,2,71,-1,,0,5,0,3019736082
gym-big-split-boss4-kill,control-hold,13,Defeat,6,0,6,48,6,0,2,66,-1,,0,3,0,348848197
gym-big-split-boss4-kill,control-hold,14,Defeat,7,0,7,56,8,0,2,85,-1,,0,5,0,829664222
gym-big-split-boss4-kill,control-hold,15,Defeat,5,0,5,40,12,0,3,80,-1,,0,3,0,1023032324
gym-big-split-boss4-kill,control-hold,16,Defeat,8,0,8,64,3,0,1,62,-1,,0,7,0,364327518
gym-big-split-boss4-kill,control-hold,17,Defeat,7,0,7,56,3,0,1,71,-1,,0,5,0,1317059785
gym-big-split-boss4-kill,control-hold,18,Defeat,7,0,7,56,4,0,1,71,-1,,0,4,0,3698541037
gym-big-split-boss4-kill,control-hold,19,Defeat,6,0,6,48,5,0,2,83,-1,,0,3,0,3679706299
gym-big-split-boss4-kill,control-hold,20,Defeat,7,0,7,56,5,0,1,57,-1,,0,5,0,3638836890
gym-big-split-boss4-kill,control-hold,21,Victory,12,0,12,96,15,65,0,41,-1,,0,9,0,3593765811
gym-big-split-boss4-kill,control-hold,22,Defeat,6,0,6,48,5,0,2,83,7,1:7,0,9,0,3748648696
gym-big-split-boss4-kill,control-hold,23,Defeat,7,0,7,56,5,0,1,57,-1,,0,5,0,3638836890
gym-big-split-boss4-kill,control-hold,24,Defeat,5,0,5,40,5,0,3,60,7,1:7,0,6,0,3335001595
gym-big-split-boss4-kill,control-hold,25,Defeat,6,0,6,48,6,0,1,100,-1,,0,4,0,253174812
gym-big-split-boss4-kill,control-hold,26,Defeat,7,0,7,56,4,0,1,57,-1,,0,4,0,1820528686
gym-big-split-boss4-kill,control-hold,27,Defeat,14,0,14,112,12,0,2,71,3,1:3,0,22,0,232607270
gym-big-split-boss4-kill,control-hold,28,Victory,8,0,8,64,2,80,1,62,3,1:3,0,8,0,742555209
gym-big-split-boss4-kill,control-hold,29,Victory,10,0,10,80,14,10,2,80,-1,,0,14,0,2187081030
gym-big-split-boss4-kill,control-hold,30,Defeat,7,0,7,56,7,0,1,57,-1,,0,5,0,3638836890
gym-big-split-boss4-kill,control-hold,31,Defeat,4,0,4,32,4,0,3,75,-1,,0,2,2,1429010594
gym-big-split-boss4-kill,control-hold,32,Defeat,4,0,4,32,2,0,4,150,-1,,0,2,1,4140161566
gym-big-split-boss4-kill,control-hold,33,Defeat,7,0,7,56,10,0,1,57,-1,,0,5,0,528717214
gym-big-split-boss4-kill,control-hold,34,Defeat,7,0,7,56,10,0,2,57,-1,,0,6,1,1225922824
gym-big-split-boss4-kill,control-hold,35,Defeat,5,0,5,40,4,0,2,80,-1,,0,3,1,384690314
gym-big-split-boss4-kill,control-hold,36,Defeat,7,0,7,56,7,0,1,57,-1,,0,4,0,906609174
gym-big-split-boss4-kill,control-hold,37,Defeat,7,0,7,56,5,0,1,71,-1,,0,5,0,2258068072
gym-big-split-boss4-kill,control-hold,38,Defeat,5,0,5,40,5,0,2,60,7,1:7,0,6,0,100395150
gym-big-split-boss4-kill,control-hold,39,Defeat,6,0,6,48,5,0,2,83,-1,,0,4,0,2971196495
gym-big-split-boss4-kill,control-hold,40,Defeat,7,0,7,56,5,0,2,71,-1,,0,5,0,3041688743
gym-big-split-boss4-kill,control-hold,41,Defeat,7,0,7,56,5,0,2,85,-1,,0,5,0,4004381166
gym-big-split-boss4-kill,control-hold,42,Defeat,7,0,7,56,7,0,1,57,-1,,0,5,0,3638836890
gym-big-split-boss4-kill,control-hold,43,Defeat,8,0,8,64,4,0,1,50,-1,,0,8,0,4169978956
gym-big-split-boss4-kill,control-hold,44,Defeat,6,0,6,48,7,0,2,83,-1,,0,3,0,2098601229
gym-big-split-boss4-kill,control-hold,45,Defeat,5,0,5,40,2,0,2,80,-1,,0,3,1,384690314
gym-big-split-boss4-kill,control-hold,46,Defeat,7,0,7,56,10,0,1,57,-1,,0,5,0,3638836890
gym-big-split-boss4-kill,control-hold,47,Defeat,7,0,7,56,7,0,1,57,-1,,0,5,0,3638836890
gym-big-split-boss4-kill,control-hold,48,Defeat,7,0,7,56,7,0,2,71,-1,,0,5,0,1849482101
gym-big-split-boss4-kill,control-hold,49,Defeat,7,0,7,56,9,0,2,71,-1,,0,5,0,2936384283
gym-big-split-boss4-kill,control-hold,50,Defeat,6,0,6,48,4,0,2,83,-1,,0,3,0,3662381225
gym-big-split-boss4-kill,control-hold,51,Victory,20,0,20,160,27,215,1,20,12,1:12,0,32,0,477762863
gym-big-split-boss4-kill,control-hold,52,Defeat,7,0,7,56,5,0,1,71,-1,,0,5,0,2305200856
gym-big-split-boss4-kill,control-hold,53,Defeat,5,0,5,40,10,0,3,100,-1,,0,3,1,3310319090
gym-big-split-boss4-kill,control-hold,54,Defeat,8,0,8,64,8,0,1,75,-1,,0,6,0,1933423817
gym-big-split-boss4-kill,control-hold,55,Defeat,7,0,7,56,6,0,3,71,-1,,0,7,0,3790328350
gym-big-split-boss4-kill,control-hold,56,Defeat,5,0,5,40,10,0,3,60,-1,,0,3,1,3217400990
gym-big-split-boss4-kill,control-hold,57,Victory,8,0,8,64,6,25,0,50,-1,,0,5,0,2308233354
gym-big-split-boss4-kill,control-hold,58,Victory,8,0,8,64,3,75,0,37,-1,,0,6,0,490893261
gym-big-split-boss4-kill,control-hold,59,Defeat,9,0,9,72,9,0,1,55,-1,,0,10,0,2246258744
gym-big-split-boss4-kill,control-hold,60,Defeat,5,0,5,40,5,0,3,60,7,1:7,0,6,0,1235446815
gym-big-split-boss4-kill,control-hold,61,Defeat,7,0,7,56,10,0,1,71,-1,,0,6,0,2739302948
gym-big-split-boss4-kill,control-hold,62,Defeat,7,0,7,56,8,0,1,85,-1,,0,5,0,2820123038
gym-big-split-boss4-kill,control-hold,63,Defeat,7,0,7,56,3,0,1,71,-1,,0,4,0,3667888770
gym-big-split-boss4-kill,control-hold,64,Defeat,6,0,6,48,10,0,1,83,-1,,0,4,0,1324427496
gym-big-split-boss4-kill,control-hold,65,Defeat,6,0,6,48,15,0,1,83,-1,,0,4,0,2291775868
gym-big-split-boss4-kill,control-hold,66,Victory,8,0,8,64,6,25,0,50,-1,,0,6,0,673655752
gym-big-split-boss4-kill,control-hold,67,Defeat,7,0,7,56,5,0,2,85,-1,,0,5,0,997961438
gym-big-split-boss4-kill,control-hold,68,Defeat,5,0,5,40,14,0,3,120,-1,,0,4,1,1203381293
gym-big-split-boss4-kill,control-hold,69,Defeat,6,0,6,48,6,0,1,83,-1,,0,4,0,2941033904
gym-big-split-boss4-kill,control-hold,70,Defeat,6,0,6,48,10,0,2,83,-1,,0,4,0,2785052614
gym-big-split-boss4-kill,control-hold,71,Defeat,11,0,11,88,14,0,1,54,-1,,0,12,0,1231617514
gym-big-split-boss4-kill,control-hold,72,Defeat,10,0,10,80,3,0,1,70,-1,,0,12,0,4185451544
gym-big-split-boss4-kill,control-hold,73,Defeat,6,0,6,48,5,0,2,83,-1,,0,6,1,1780517611
gym-big-split-boss4-kill,control-hold,74,Defeat,5,0,5,40,3,0,2,80,-1,,0,3,1,3544154187
gym-big-split-boss4-kill,control-hold,75,Defeat,5,0,5,40,3,0,3,80,-1,,0,3,1,1841967308
gym-big-split-boss4-kill,control-hold,76,Defeat,7,0,7,56,3,0,1,71,-1,,0,5,0,2898998422
gym-big-split-boss4-kill,control-hold,77,Defeat,7,0,7,56,11,0,1,57,-1,,0,5,0,784236208
gym-big-split-boss4-kill,control-hold,78,Defeat,7,0,7,56,13,0,2,85,-1,,0,5,0,2532776312
gym-big-split-boss4-kill,control-hold,79,Defeat,7,0,7,56,7,0,1,57,-1,,0,6,0,3638836890
gym-big-split-boss4-kill,control-hold,80,Defeat,7,0,7,56,3,0,2,71,-1,,0,6,0,3044744091
gym-big-split-boss4-kill,control-hold,81,Victory,14,0,14,112,19,25,0,50,3,1:3,0,15,0,562378695
gym-big-split-boss4-kill,control-hold,82,Victory,8,0,8,64,5,50,0,50,-1,,0,5,0,655069670
gym-big-split-boss4-kill,control-hold,83,Defeat,5,0,5,40,3,0,3,100,7,1:7,0,5,1,510059570
gym-big-split-boss4-kill,control-hold,84,Defeat,5,0,5,40,5,0,2,100,-1,,0,3,1,3996078331
gym-big-split-boss4-kill,control-hold,85,Defeat,6,0,6,48,2,0,1,66,-1,,0,4,0,1022630526
gym-big-split-boss4-kill,control-hold,86,Defeat,6,0,6,48,9,0,2,83,-1,,0,3,0,3662381225
gym-big-split-boss4-kill,control-hold,87,Defeat,7,0,7,56,10,0,1,71,-1,,0,5,0,3806267700
gym-big-split-boss4-kill,control-hold,88,Defeat,6,0,6,48,5,0,1,66,-1,,0,4,0,3484103871
gym-big-split-boss4-kill,control-hold,89,Defeat,7,0,7,56,3,0,1,57,-1,,0,5,0,3638836890
gym-big-split-boss4-kill,control-hold,90,Defeat,7,0,7,56,5,0,1,57,-1,,0,4,0,4144349277
gym-big-split-boss4-kill,control-hold,91,Defeat,7,0,7,56,11,0,2,71,-1,,0,6,0,271423848
gym-big-split-boss4-kill,control-hold,92,Defeat,7,0,7,56,7,0,1,57,-1,,0,5,0,3638836890
gym-big-split-boss4-kill,control-hold,93,Defeat,6,0,6,48,3,0,3,83,-1,,0,5,0,2463561058
gym-big-split-boss4-kill,control-hold,94,Defeat,8,0,8,64,5,0,1,50,-1,,0,5,0,3748125400
gym-big-split-boss4-kill,control-hold,95,Defeat,7,0,7,56,5,0,1,85,-1,,0,3,0,2441212644
gym-big-split-boss4-kill,control-hold,96,Defeat,7,0,7,56,5,0,1,57,-1,,0,5,0,3638836890
gym-big-split-boss4-kill,control-hold,97,Defeat,7,0,7,56,15,0,1,57,-1,,0,5,0,3638836890
gym-big-split-boss4-kill,control-hold,98,Defeat,5,0,5,40,5,0,2,60,7,1:7,0,6,0,100395150
gym-big-split-boss4-kill,control-hold,99,Defeat,7,0,7,56,13,0,1,71,-1,,0,5,0,1788878732
gym-big-split-boss4-kill,control-hold,100,Victory,18,0,18,144,21,160,1,27,3,1:3,0,36,0,3328998066
gym-big-split-boss4-kill,control-hold,101,Defeat,6,0,6,48,8,0,2,83,-1,,0,4,0,1107785921
gym-big-split-boss4-kill,control-hold,102,Defeat,7,0,7,56,5,0,1,57,-1,,0,6,0,3638836890
gym-big-split-boss4-kill,control-hold,103,Defeat,7,0,7,56,7,0,1,57,-1,,0,5,0,3638836890
gym-big-split-boss4-kill,control-hold,104,Victory,10,0,10,80,8,15,1,70,-1,,0,12,0,3674078306
gym-big-split-boss4-kill,control-hold,105,Defeat,6,0,6,48,5,0,2,66,-1,,0,3,0,348848197
gym-big-split-boss4-kill,control-hold,106,Defeat,6,0,6,48,3,0,1,83,-1,,0,4,0,2514714158
gym-big-split-boss4-kill,control-hold,107,Victory,21,0,21,168,25,90,0,38,3,1:3,0,21,0,1247748849
gym-big-split-boss4-kill,control-hold,108,Defeat,6,0,6,48,4,0,2,83,-1,,0,4,0,3188275465
gym-big-split-boss4-kill,control-hold,109,Defeat,7,0,7,56,9,0,1,57,-1,,0,5,0,3638836890
gym-big-split-boss4-kill,control-hold,110,Defeat,6,0,6,48,3,0,2,100,-1,,0,4,0,1509528470
gym-big-split-boss4-kill,control-hold,111,Defeat,6,0,6,48,14,0,1,83,-1,,0,5,0,171471901
gym-big-split-boss4-kill,control-hold,112,Defeat,5,0,5,40,5,0,2,80,-1,,0,3,1,687198660
gym-big-split-boss4-kill,control-hold,113,Defeat,7,0,7,56,14,0,2,71,-1,,0,6,1,509693311
gym-big-split-boss4-kill,control-hold,114,Defeat,6,0,6,48,4,0,2,100,-1,,0,4,0,3266186085
gym-big-split-boss4-kill,control-hold,115,Defeat,6,0,6,48,10,0,2,66,-1,,0,4,0,3620627280
gym-big-split-boss4-kill,control-hold,116,Victory,9,0,9,72,7,10,1,55,-1,,0,9,0,792721297
gym-big-split-boss4-kill,control-hold,117,Defeat,7,0,7,56,5,0,1,71,-1,,0,5,0,2071095721
gym-big-split-boss4-kill,control-hold,118,Defeat,7,0,7,56,4,0,1,71,-1,,0,5,0,2258068072
gym-big-split-boss4-kill,control-hold,119,Victory,15,0,15,120,15,120,0,33,7,1:7,0,14,0,163214833
gym-big-split-boss4-kill,control-hold,120,Defeat,7,0,7,56,4,0,1,71,-1,,0,5,0,1611024547
gym-big-split-boss4-kill,control-hold,121,Defeat,7,0,7,56,2,0,2,85,-1,,0,5,0,1871166689
gym-big-split-boss4-kill,control-hold,122,Defeat,8,0,8,64,5,0,1,75,-1,,0,6,0,2782509145
gym-big-split-boss4-kill,control-hold,123,Defeat,8,0,8,64,11,0,1,75,-1,,0,7,0,3579808747
gym-big-split-boss4-kill,control-hold,124,Defeat,7,0,7,56,3,0,1,71,-1,,0,5,0,1389529108
gym-big-split-boss4-kill,control-hold,125,Defeat,7,0,7,56,5,0,1,57,-1,,0,6,0,3638836890
gym-big-split-boss4-kill,control-hold,126,Defeat,6,0,6,48,11,0,2,100,-1,,0,5,1,2958487295
gym-big-split-boss4-kill,control-hold,127,Defeat,6,0,6,48,8,0,1,66,-1,,0,4,0,3308923069
gym-big-split-boss4-kill,control-hold,128,Defeat,5,0,5,40,9,0,3,80,-1,,0,3,1,475766696
gym-big-split-boss4-kill,control-hold,129,Defeat,7,0,7,56,10,0,1,71,-1,,0,5,0,2469383454
gym-big-split-boss4-kill,control-hold,130,Victory,8,0,8,64,5,75,0,37,-1,,0,5,0,490893261
gym-big-split-boss4-kill,control-hold,131,Defeat,7,0,7,56,8,0,1,57,-1,,0,5,0,3638836890
gym-big-split-boss4-kill,control-hold,132,Defeat,7,0,7,56,16,0,2,71,-1,,0,5,0,3406698312
gym-big-split-boss4-kill,control-hold,133,Defeat,7,0,7,56,4,0,1,71,-1,,0,5,0,2258068072
gym-big-split-boss4-kill,control-hold,134,Defeat,7,0,7,56,9,0,1,57,-1,,0,5,0,2598110240
gym-big-split-boss4-kill,control-hold,135,Defeat,7,0,7,56,15,0,1,57,-1,,0,5,0,1647686024
gym-big-split-boss4-kill,control-hold,136,Defeat,5,0,5,40,5,0,4,80,7,1:7,0,7,1,4086769223
gym-big-split-boss4-kill,control-hold,137,Defeat,13,0,13,104,18,0,1,53,3,1:3,0,21,0,1592209283
gym-big-split-boss4-kill,control-hold,138,Defeat,7,0,7,56,5,0,1,71,-1,,0,3,0,960478413
gym-big-split-boss4-kill,control-hold,139,Defeat,7,0,7,56,7,0,1,57,-1,,0,5,0,3638836890
gym-big-split-boss4-kill,control-hold,140,Defeat,9,0,9,72,12,0,1,55,-1,,0,7,0,2968327515
gym-big-split-boss4-kill,control-hold,141,Defeat,7,0,7,56,5,0,1,71,-1,,0,5,0,856632090
gym-big-split-boss4-kill,control-hold,142,Defeat,10,0,10,80,9,0,2,70,-1,,0,16,0,3043264082
gym-big-split-boss4-kill,control-hold,143,Defeat,5,0,5,40,5,0,2,60,7,1:7,0,6,0,100395150
gym-big-split-boss4-kill,control-hold,144,Victory,12,0,12,96,11,10,0,50,-1,,0,11,0,1110189773
gym-big-split-boss4-kill,control-hold,145,Victory,11,0,11,88,10,115,0,45,3,1:3,0,8,0,1947193058
gym-big-split-boss4-kill,control-hold,146,Defeat,9,0,9,72,6,0,1,66,-1,,0,5,0,2318712870
gym-big-split-boss4-kill,control-hold,147,Defeat,6,0,6,48,5,0,2,100,-1,,0,4,0,3606723707
gym-big-split-boss4-kill,control-hold,148,Defeat,6,0,6,48,10,0,1,83,-1,,0,5,0,2514714158
gym-big-split-boss4-kill,control-hold,149,Victory,8,0,8,64,6,50,0,50,-1,,0,5,0,3596994000
gym-big-split-boss4-kill,control-hold,150,Defeat,7,0,7,56,4,0,2,85,-1,,0,6,1,1515556661
gym-big-split-boss4-kill,control-hold,151,Defeat,5,0,5,40,5,0,3,80,-1,,0,2,1,2933024979
gym-big-split-boss4-kill,control-hold,152,Defeat,7,0,7,56,15,0,1,57,-1,,0,5,0,3791848568
gym-big-split-boss4-kill,control-hold,153,Defeat,5,0,5,40,10,0,2,80,-1,,0,3,0,1922295979
gym-big-split-boss4-kill,control-hold,154,Victory,9,0,9,72,3,80,1,88,3,1:3,0,9,0,2405084232
gym-big-split-boss4-kill,control-hold,155,Defeat,7,0,7,56,4,0,1,71,-1,,0,5,0,2258068072
gym-big-split-boss4-kill,control-hold,156,Defeat,7,0,7,56,7,0,2,85,-1,,0,6,0,2481470926
gym-big-split-boss4-kill,control-hold,157,Defeat,6,0,6,48,2,0,2,83,-1,,0,4,0,3155053541
gym-big-split-boss4-kill,control-hold,158,Defeat,7,0,7,56,5,0,1,57,-1,,0,5,0,3638836890
gym-big-split-boss4-kill,control-hold,159,Defeat,6,0,6,48,12,0,2,83,-1,,0,4,0,3606066139
gym-big-split-boss4-kill,control-hold,160,Defeat,7,0,7,56,8,0,1,71,-1,,0,6,0,1317059785
gym-big-split-boss4-kill,control-hold,161,Defeat,7,0,7,56,13,0,1,57,-1,,0,6,0,1966455292
gym-big-split-boss4-kill,control-hold,162,Defeat,7,0,7,56,7,0,1,71,-1,,0,4,0,856632090
gym-big-split-boss4-kill,control-hold,163,Defeat,8,0,8,64,5,0,1,50,-1,,0,5,0,4279894222
gym-big-split-boss4-kill,control-hold,164,Defeat,6,0,6,48,15,0,2,100,-1,,0,5,1,930398015
gym-big-split-boss4-kill,control-hold,165,Defeat,7,0,7,56,7,0,1,57,-1,,0,5,0,3638836890
gym-big-split-boss4-kill,control-hold,166,Defeat,6,0,6,48,3,0,2,83,-1,,0,4,0,3697260174
gym-big-split-boss4-kill,control-hold,167,Defeat,8,0,8,64,8,0,1,37,-1,,0,6,0,1829353257
gym-big-split-boss4-kill,control-hold,168,Defeat,7,0,7,56,7,0,1,57,-1,,0,5,0,3638836890
gym-big-split-boss4-kill,control-hold,169,Defeat,7,0,7,56,7,0,1,57,-1,,0,6,0,3638836890
gym-big-split-boss4-kill,control-hold,170,Defeat,5,0,5,40,11,0,3,100,7,1:7,0,7,0,82994494
gym-big-split-boss4-kill,control-hold,171,Defeat,6,0,6,48,5,0,1,66,-1,,0,4,1,737850779
gym-big-split-boss4-kill,control-hold,172,Defeat,5,0,5,40,3,0,2,80,7,1:7,0,6,0,4135927334
gym-big-split-boss4-kill,control-hold,173,Defeat,6,0,6,48,4,0,2,83,-1,,0,4,0,4101185592
gym-big-split-boss4-kill,control-hold,174,Defeat,8,0,8,64,5,0,1,75,-1,,0,7,0,2469177599
gym-big-split-boss4-kill,control-hold,175,Defeat,6,0,6,48,3,0,2,100,-1,,0,5,0,3955687889
gym-big-split-boss4-kill,control-hold,176,Victory,9,0,9,72,5,5,0,44,-1,,0,6,0,3379025988
gym-big-split-boss4-kill,control-hold,177,Defeat,6,0,6,48,5,0,2,66,-1,,0,3,0,1280982447
gym-big-split-boss4-kill,control-hold,178,Defeat,7,0,7,56,5,0,1,57,-1,,0,4,0,1725350392
gym-big-split-boss4-kill,control-hold,179,Defeat,7,0,7,56,4,0,1,71,-1,,0,5,0,2171268270
gym-big-split-boss4-kill,control-hold,180,Defeat,11,0,11,88,12,0,1,54,3,1:3,0,7,0,3105535441
gym-big-split-boss4-kill,control-hold,181,Defeat,7,0,7,56,7,0,1,57,-1,,0,5,0,3638836890
gym-big-split-boss4-kill,control-hold,182,Defeat,6,0,6,48,11,0,2,66,-1,,0,4,0,1221597785
gym-big-split-boss4-kill,control-hold,183,Defeat,7,0,7,56,15,0,1,57,-1,,0,5,0,1647686024
gym-big-split-boss4-kill,control-hold,184,Defeat,6,0,6,48,10,0,2,83,-1,,0,4,0,2785052614
gym-big-split-boss4-kill,control-hold,185,Defeat,6,0,6,48,8,0,2,66,-1,,0,4,0,3620627280
gym-big-split-boss4-kill,control-hold,186,Victory,14,0,14,112,16,15,0,35,-1,,0,16,0,2872460949
gym-big-split-boss4-kill,control-hold,187,Defeat,7,0,7,56,7,0,1,57,-1,,0,5,0,3638836890
gym-big-split-boss4-kill,control-hold,188,Defeat,7,0,7,56,7,0,1,57,-1,,0,5,0,3638836890
gym-big-split-boss4-kill,control-hold,189,Defeat,6,0,6,48,0,0,3,100,7,1:7,0,7,1,2978578375
gym-big-split-boss4-kill,control-hold,190,Defeat,6,0,6,48,5,0,2,100,-1,,0,4,0,705298429
gym-big-split-boss4-kill,control-hold,191,Defeat,6,0,6,48,9,0,2,116,-1,,0,4,0,782973156
gym-big-split-boss4-kill,control-hold,192,Defeat,7,0,7,56,14,0,2,71,-1,,0,4,0,2289258666
gym-big-split-boss4-kill,control-hold,193,Defeat,6,0,6,48,5,0,2,83,-1,,0,4,0,2419315536
gym-big-split-boss4-kill,control-hold,194,Defeat,5,0,5,40,3,0,3,80,-1,,0,3,1,3358359957
gym-big-split-boss4-kill,control-hold,195,Defeat,6,0,6,48,12,0,2,66,-1,,0,4,0,874591160
gym-big-split-boss4-kill,control-hold,196,Defeat,5,0,5,40,3,0,3,60,-1,,0,5,1,3450645703
gym-big-split-boss4-kill,control-hold,197,Defeat,6,0,6,48,6,0,2,83,-1,,0,5,1,1931612211
gym-big-split-boss4-kill,control-hold,198,Defeat,6,0,6,48,3,0,2,66,-1,,0,3,0,4060936360
gym-big-split-boss4-kill,control-hold,199,Defeat,5,0,5,40,20,0,2,80,-1,,0,3,1,469737274
gym-big-split-boss4-kill,control-hold,200,Defeat,7,0,7,56,10,0,1,57,-1,,0,5,0,3638836890
gym-big-split-boss4-kill,charge,1,Defeat,6,0,6,48,6,0,1,66,-1,,0,3,0,3211342659
gym-big-split-boss4-kill,charge,2,Defeat,4,0,4,32,4,0,2,75,-1,,0,1,2,1231653977
gym-big-split-boss4-kill,charge,3,Defeat,4,0,4,32,8,0,2,75,-1,,0,2,1,3851287909
gym-big-split-boss4-kill,charge,4,Defeat,7,0,7,56,12,0,2,71,-1,,0,5,0,3229557560
gym-big-split-boss4-kill,charge,5,Defeat,5,0,5,40,4,0,2,60,-1,,0,1,2,1097231167
gym-big-split-boss4-kill,charge,6,Defeat,5,0,5,40,4,0,2,80,-1,,0,2,1,1432260806
gym-big-split-boss4-kill,charge,7,Defeat,3,0,3,24,12,0,3,100,-1,,0,1,3,60146610
gym-big-split-boss4-kill,charge,8,Defeat,4,0,4,32,4,0,3,75,-1,,0,1,2,3102931377
gym-big-split-boss4-kill,charge,9,Defeat,5,0,5,40,6,0,2,80,-1,,0,1,2,723852057
gym-big-split-boss4-kill,charge,10,Defeat,3,0,3,24,8,0,4,133,-1,,0,1,2,2164103897
gym-big-split-boss4-kill,charge,11,Defeat,4,0,4,32,4,0,2,75,-1,,0,1,2,1231653977
gym-big-split-boss4-kill,charge,12,Defeat,4,0,4,32,4,0,2,75,-1,,0,1,2,1231653977
gym-big-split-boss4-kill,charge,13,Defeat,6,0,6,48,8,0,2,66,-1,,0,1,0,3174370764
gym-big-split-boss4-kill,charge,14,Defeat,5,0,5,40,5,0,2,80,-1,,0,2,1,3831361097
gym-big-split-boss4-kill,charge,15,Defeat,4,0,4,32,4,0,3,75,-1,,0,1,2,3670925953
gym-big-split-boss4-kill,charge,16,Defeat,4,0,4,32,4,0,2,75,-1,,0,0,2,465195131
gym-big-split-boss4-kill,charge,17,Defeat,4,0,4,32,2,0,2,75,-1,,0,1,2,1231653977
gym-big-split-boss4-kill,charge,18,Defeat,4,0,4,32,4,0,2,75,-1,,0,1,2,3088226085
gym-big-split-boss4-kill,charge,19,Defeat,4,0,4,32,4,0,2,75,-1,,0,1,2,1231653977
gym-big-split-boss4-kill,charge,20,Defeat,5,0,5,40,4,0,2,60,-1,,0,0,1,332388135
gym-big-split-boss4-kill,charge,21,Defeat,5,0,5,40,10,0,2,100,-1,,0,1,0,781717002
gym-big-split-boss4-kill,charge,22,Defeat,4,0,4,32,5,0,3,100,-1,,0,1,2,2773385613
gym-big-split-boss4-kill,charge,23,Defeat,4,0,4,32,6,0,2,75,-1,,0,1,2,1858122563
gym-big-split-boss4-kill,charge,24,Defeat,3,0,3,24,4,0,3,100,-1,,0,1,2,3167725172
gym-big-split-boss4-kill,charge,25,Defeat,5,0,5,40,4,0,2,60,-1,,0,1,1,3258924555
gym-big-split-boss4-kill,charge,26,Defeat,4,0,4,32,4,0,2,75,-1,,0,1,2,3088226085
gym-big-split-boss4-kill,charge,27,Defeat,4,0,4,32,4,0,2,75,-1,,0,1,2,3088226085
gym-big-split-boss4-kill,charge,28,Defeat,5,0,5,40,8,0,2,60,-1,,0,1,1,1517056350
gym-big-split-boss4-kill,charge,29,Defeat,4,0,4,32,4,0,2,75,-1,,0,1,2,1231653977
gym-big-split-boss4-kill,charge,30,Defeat,6,0,6,48,6,0,2,83,-1,,0,1,0,853515564
gym-big-split-boss4-kill,charge,31,Victory,7,0,7,56,2,50,1,57,-1,,0,1,0,1227931130
gym-big-split-boss4-kill,charge,32,Defeat,4,0,4,32,8,0,3,100,-1,,0,2,2,2648641013
gym-big-split-boss4-kill,charge,33,Defeat,4,0,4,32,4,0,2,75,-1,,0,0,2,1231653977
gym-big-split-boss4-kill,charge,34,Defeat,3,0,3,24,4,0,3,133,-1,,0,1,2,3674572338
gym-big-split-boss4-kill,charge,35,Defeat,5,0,5,40,4,0,2,60,-1,,0,1,2,1835542353
gym-big-split-boss4-kill,charge,36,Defeat,4,0,4,32,4,0,2,75,-1,,0,1,2,1231653977
gym-big-split-boss4-kill,charge,37,Defeat,5,0,5,40,4,0,2,80,-1,,0,1,1,1255947892
gym-big-split-boss4-kill,charge,38,Defeat,5,0,5,40,1,0,2,80,-1,,0,0,1,1469657658
gym-big-split-boss4-kill,charge,39,Defeat,6,0,6,48,4,0,1,83,-1,,0,2,0,3512634544
gym-big-split-boss4-kill,charge,40,Defeat,4,0,4,32,2,0,2,75,-1,,0,1,2,1231653977
gym-big-split-boss4-kill,charge,41,Defeat,4,0,4,32,4,0,2,75,-1,,0,1,2,465195131
gym-big-split-boss4-kill,charge,42,Defeat,4,0,4,32,4,0,2,75,-1,,0,1,2,1231653977
gym-big-split-boss4-kill,charge,43,Defeat,4,0,4,32,2,0,2,75,-1,,0,1,2,1231653977
gym-big-split-boss4-kill,charge,44,Defeat,5,0,5,40,9,0,2,80,-1,,0,2,0,271975297
gym-big-split-boss4-kill,charge,45,Defeat,4,0,4,32,9,0,3,100,-1,,0,2,2,3306696018
gym-big-split-boss4-kill,charge,46,Defeat,4,0,4,32,6,0,2,75,-1,,0,1,1,2505958709
gym-big-split-boss4-kill,charge,47,Defeat,4,0,4,32,4,0,2,75,-1,,0,1,2,1231653977
gym-big-split-boss4-kill,charge,48,Defeat,4,0,4,32,4,0,2,75,-1,,0,1,2,1231653977
gym-big-split-boss4-kill,charge,49,Defeat,4,0,4,32,4,0,2,75,-1,,0,1,2,3088226085
gym-big-split-boss4-kill,charge,50,Defeat,4,0,4,32,4,0,2,75,-1,,0,1,2,1231653977
gym-big-split-boss4-kill,charge,51,Defeat,5,0,5,40,4,0,2,100,-1,,0,2,1,30596414
gym-big-split-boss4-kill,charge,52,Defeat,4,0,4,32,4,0,2,75,-1,,0,1,2,1231653977
gym-big-split-boss4-kill,charge,53,Defeat,6,0,6,48,11,0,2,66,-1,,0,2,1,4106436221
gym-big-split-boss4-kill,charge,54,Defeat,8,0,8,64,5,0,2,75,3,1:3,0,3,0,2897822823
gym-big-split-boss4-kill,charge,55,Defeat,5,0,5,40,8,0,2,60,-1,,0,2,2,2756298202
gym-big-split-boss4-kill,charge,56,Victory,7,0,7,56,4,50,1,71,-1,,0,4,0,2575078439
gym-big-split-boss4-kill,charge,57,Defeat,5,0,5,40,4,0,2,80,-1,,0,1,1,3837532696
gym-big-split-boss4-kill,charge,58,Defeat,5,0,5,40,0,0,2,80,-1,,0,2,1,3741816321
gym-big-split-boss4-kill,charge,59,Defeat,3,0,3,24,8,0,4,133,-1,,0,1,2,1284430165
gym-big-split-boss4-kill,charge,60,Defeat,5,0,5,40,8,0,2,80,-1,,0,2,0,2262027197
gym-big-split-boss4-kill,charge,61,Defeat,4,0,4,32,4,0,2,75,-1,,0,1,2,1231653977
gym-big-split-boss4-kill,charge,62,Defeat,5,0,5,40,3,0,2,80,-1,,0,1,1,3009386670
gym-big-split-boss4-kill,charge,63,Defeat,4,0,4,32,4,0,3,75,-1,,0,2,1,897519895
gym-big-split-boss4-kill,charge,64,Defeat,4,0,4,32,8,0,2,75,-1,,0,1,2,3607397921
gym-big-split-boss4-kill,charge,65,Defeat,4,0,4,32,4,0,3,75,-1,,0,1,2,3102931377
gym-big-split-boss4-kill,charge,66,Defeat,4,0,4,32,4,0,2,75,-1,,0,1,2,3349342631
gym-big-split-boss4-kill,charge,67,Defeat,4,0,4,32,4,0,2,75,-1,,0,1,2,3088226085
gym-big-split-boss4-kill,charge,68,Defeat,6,0,6,48,6,0,2,66,3,1:3,0,1,1,3142172733
gym-big-split-boss4-kill,charge,69,Defeat,4,0,4,32,10,0,3,100,-1,,0,1,2,4091604317
gym-big-split-boss4-kill,charge,70,Defeat,4,0,4,32,4,0,3,75,-1,,0,1,2,2387757945
gym-big-split-boss4-kill,charge,71,Defeat,4,0,4,32,1,0,2,100,-1,,0,1,2,1421325377
gym-big-split-boss4-kill,charge,72,Defeat,5,0,5,40,4,0,3,100,-1,,0,3,1,1867166697
gym-big-split-boss4-kill,charge,73,Defeat,4,0,4,32,4,0,2,75,-1,,0,1,2,465195131
gym-big-split-boss4-kill,charge,74,Defeat,5,0,5,40,10,0,2,60,-1,,0,2,2,1104726366
gym-big-split-boss4-kill,charge,75,Defeat,5,0,5,40,4,0,2,60,-1,,0,0,1,1410265967
gym-big-split-boss4-kill,charge,76,Defeat,7,0,7,56,5,0,1,71,-1,,0,3,0,707123239
gym-big-split-boss4-kill,charge,77,Defeat,4,0,4,32,4,0,2,75,-1,,0,1,2,1231653977
gym-big-split-boss4-kill,charge,78,Defeat,4,0,4,32,4,0,2,75,-1,,0,1,2,465195131
gym-big-split-boss4-kill,charge,79,Defeat,3,0,3,24,4,0,4,100,-1,,0,1,2,1291155793
gym-big-split-boss4-kill,charge,80,Defeat,6,0,6,48,1,0,2,116,-1,,0,3,0,2715237764
gym-big-split-boss4-kill,charge,81,Defeat,6,0,6,48,4,0,2,100,3,1:3,0,3,0,3997281137
gym-big-split-boss4-kill,charge,82,Defeat,4,0,4,32,4,0,2,75,-1,,0,1,2,1231653977
gym-big-split-boss4-kill,charge,83,Defeat,5,0,5,40,8,0,2,80,-1,,0,2,2,2243568801
gym-big-split-boss4-kill,charge,84,Defeat,5,0,5,40,4,0,2,60,-1,,0,1,1,2876658499
gym-big-split-boss4-kill,charge,85,Defeat,5,0,5,40,4,0,2,60,-1,,0,0,1,332388135
gym-big-split-boss4-kill,charge,86,Defeat,3,0,3,24,4,0,3,100,-1,,0,1,2,2756732490
gym-big-split-boss4-kill,charge,87,Defeat,4,0,4,32,4,0,2,75,-1,,0,1,2,1231653977
gym-big-split-boss4-kill,charge,88,Defeat,5,0,5,40,4,0,2,80,-1,,0,1,1,2131191742
gym-big-split-boss4-kill,charge,89,Defeat,4,0,4,32,6,0,2,75,-1,,0,1,1,968157823
gym-big-split-boss4-kill,charge,90,Defeat,4,0,4,32,4,0,2,75,-1,,0,1,2,1231653977
gym-big-split-boss4-kill,charge,91,Defeat,4,0,4,32,4,0,2,75,-1,,0,0,2,1231653977
gym-big-split-boss4-kill,charge,92,Defeat,4,0,4,32,4,0,2,75,-1,,0,1,2,1231653977
gym-big-split-boss4-kill,charge,93,Defeat,5,0,5,40,8,0,2,80,-1,,0,2,1,654461826
gym-big-split-boss4-kill,charge,94,Defeat,4,0,4,32,4,0,2,75,-1,,0,1,2,1231653977
gym-big-split-boss4-kill,charge,95,Defeat,4,0,4,32,0,0,2,125,-1,,0,2,2,2787590226
gym-big-split-boss4-kill,charge,96,Defeat,5,0,5,40,6,0,2,80,-1,,0,1,1,3221814459
gym-big-split-boss4-kill,charge,97,Defeat,6,0,6,48,14,0,2,66,-1,,0,3,0,3213206378
gym-big-split-boss4-kill,charge,98,Defeat,5,0,5,40,8,0,2,80,-1,,0,2,2,3323856949
gym-big-split-boss4-kill,charge,99,Defeat,4,0,4,32,4,0,2,75,-1,,0,1,2,1231653977
gym-big-split-boss4-kill,charge,100,Defeat,5,0,5,40,8,0,3,60,-1,,0,2,2,1465369138
gym-big-split-boss4-kill,charge,101,Defeat,6,0,6,48,6,0,2,83,-1,,0,2,0,3745221156
gym-big-split-boss4-kill,charge,102,Defeat,4,0,4,32,2,0,2,75,-1,,0,1,2,1231653977
gym-big-split-boss4-kill,charge,103,Defeat,4,0,4,32,4,0,2,75,-1,,0,1,2,1231653977
gym-big-split-boss4-kill,charge,104,Defeat,5,0,5,40,4,0,2,60,-1,,0,1,2,148482961
gym-big-split-boss4-kill,charge,105,Defeat,4,0,4,32,4,0,2,75,-1,,0,1,2,1231653977
gym-big-split-boss4-kill,charge,106,Defeat,4,0,4,32,4,0,2,75,-1,,0,0,2,465195131
gym-big-split-boss4-kill,charge,107,Defeat,5,0,5,40,4,0,2,80,8,1:8,0,0,1,1529688756
gym-big-split-boss4-kill,charge,108,Defeat,4,0,4,32,4,0,2,75,-1,,0,1,2,1231653977
gym-big-split-boss4-kill,charge,109,Defeat,4,0,4,32,2,0,2,75,-1,,0,1,2,1231653977
gym-big-split-boss4-kill,charge,110,Defeat,5,0,5,40,4,0,2,60,-1,,0,1,1,3258924555
gym-big-split-boss4-kill,charge,111,Defeat,5,0,5,40,5,0,2,100,3,1:3,0,2,2,3869717359
gym-big-split-boss4-kill,charge,112,Defeat,4,0,4,32,4,0,2,75,-1,,0,1,2,242963592
gym-big-split-boss4-kill,charge,113,Defeat,3,0,3,24,9,0,4,133,-1,,0,1,2,2531828598
gym-big-split-boss4-kill,charge,114,Defeat,4,0,4,32,4,0,3,100,-1,,0,1,2,3270957412
gym-big-split-boss4-kill,charge,115,Defeat,4,0,4,32,6,0,2,75,-1,,0,2,2,3077187680
gym-big-split-boss4-kill,charge,116,Defeat,5,0,5,40,4,0,2,80,-1,,0,1,0,1353708945
gym-big-split-boss4-kill,charge,117,Defeat,4,0,4,32,4,0,2,75,-1,,0,1,2,1231653977
gym-big-split-boss4-kill,charge,118,Defeat,6,0,6,48,6,0,2,83,-1,,0,1,0,853515564
gym-big-split-boss4-kill,charge,119,Defeat,4,0,4,32,8,0,2,75,-1,,0,1,2,3607397921
gym-big-split-boss4-kill,charge,120,Defeat,5,0,5,40,6,0,1,80,-1,,0,1,0,1567267259
gym-big-split-boss4-kill,charge,121,Defeat,5,0,5,40,10,0,2,80,-1,,0,2,2,1916816146
gym-big-split-boss4-kill,charge,122,Defeat,5,0,5,40,4,0,2,80,-1,,0,1,1,1255947892
gym-big-split-boss4-kill,charge,123,Defeat,4,0,4,32,4,0,2,75,-1,,0,1,2,1231653977
gym-big-split-boss4-kill,charge,124,Defeat,3,0,3,24,8,0,4,166,-1,,0,1,2,3766663333
gym-big-split-boss4-kill,charge,125,Defeat,5,0,5,40,4,0,2,80,-1,,0,2,1,1432260806
gym-big-split-boss4-kill,charge,126,Defeat,5,0,5,40,4,0,2,80,8,1:8,0,1,1,3816528982
gym-big-split-boss4-kill,charge,127,Defeat,4,0,4,32,4,0,3,75,-1,,0,0,2,2320766419
gym-big-split-boss4-kill,charge,128,Defeat,6,0,6,48,4,0,2,83,-1,,0,2,0,4057803864
gym-big-split-boss4-kill,charge,129,Defeat,4,0,4,32,4,0,2,75,-1,,0,1,2,1231653977
gym-big-split-boss4-kill,charge,130,Defeat,4,0,4,32,4,0,2,75,-1,,0,1,2,1231653977
gym-big-split-boss4-kill,charge,131,Defeat,5,0,5,40,4,0,2,60,-1,,0,0,1,332388135
gym-big-split-boss4-kill,charge,132,Defeat,4,0,4,32,4,0,2,75,7,1:7,0,1,2,524764777
gym-big-split-boss4-kill,charge,133,Defeat,4,0,4,32,8,0,2,75,-1,,0,1,2,3607397921
gym-big-split-boss4-kill,charge,134,Defeat,5,0,5,40,4,0,2,60,-1,,0,0,1,332388135
gym-big-split-boss4-kill,charge,135,Defeat,4,0,4,32,4,0,2,75,-1,,0,1,2,1231653977
gym-big-split-boss4-kill,charge,136,Defeat,3,0,3,24,12,0,3,100,-1,,0,1,3,60146610
gym-big-split-boss4-kill,charge,137,Defeat,5,0,5,40,6,0,2,120,-1,,0,3,1,4214801963
gym-big-split-boss4-kill,charge,138,Defeat,4,0,4,32,4,0,2,75,-1,,0,1,2,1231653977
gym-big-split-boss4-kill,charge,139,Defeat,4,0,4,32,4,0,2,75,-1,,0,1,2,1231653977
gym-big-split-boss4-kill,charge,140,Defeat,3,0,3,24,4,0,3,100,-1,,0,1,2,3167725172
gym-big-split-boss4-kill,charge,141,Defeat,4,0,4,32,4,0,2,75,-1,,0,1,2,1231653977
gym-big-split-boss4-kill,charge,142,Defeat,5,0,5,40,1,0,2,80,-1,,0,2,1,1960776825
gym-big-split-boss4-kill,charge,143,Defeat,5,0,5,40,1,0,2,80,-1,,0,1,1,1255947892
gym-big-split-boss4-kill,charge,144,Defeat,5,0,5,40,4,0,2,80,-1,,0,1,1,1255947892
gym-big-split-boss4-kill,charge,145,Defeat,4,0,4,32,4,0,2,75,-1,,0,1,2,1231653977
gym-big-split-boss4-kill,charge,146,Defeat,4,0,4,32,4,0,2,75,-1,,0,1,2,1231653977
gym-big-split-boss4-kill,charge,147,Defeat,5,0,5,40,4,0,2,80,-1,,0,0,1,1255947892
gym-big-split-boss4-kill,charge,148,Defeat,5,0,5,40,8,0,2,80,-1,,0,2,1,3741816321
gym-big-split-boss4-kill,charge,149,Defeat,5,0,5,40,4,0,2,60,-1,,0,0,1,1410265967
gym-big-split-boss4-kill,charge,150,Defeat,4,0,4,32,6,0,2,75,-1,,0,1,1,968157823
gym-big-split-boss4-kill,charge,151,Defeat,4,0,4,32,4,0,2,75,-1,,0,1,2,1231653977
gym-big-split-boss4-kill,charge,152,Defeat,4,0,4,32,6,0,2,75,-1,,0,1,1,968157823
gym-big-split-boss4-kill,charge,153,Defeat,5,0,5,40,4,0,2,80,8,1:8,0,1,1,1876928736
gym-big-split-boss4-kill,charge,154,Defeat,5,0,5,40,6,0,2,80,-1,,0,1,0,3136672009
gym-big-split-boss4-kill,charge,155,Defeat,4,0,4,32,4,0,2,75,-1,,0,1,2,1231653977
gym-big-split-boss4-kill,charge,156,Defeat,5,0,5,40,4,0,2,100,-1,,0,1,0,4249191507
gym-big-split-boss4-kill,charge,157,Defeat,3,0,3,24,12,0,3,100,-1,,0,1,3,60146610
gym-big-split-boss4-kill,charge,158,Defeat,4,0,4,32,4,0,2,75,-1,,0,1,2,1231653977
gym-big-split-boss4-kill,charge,159,Defeat,4,0,4,32,4,0,2,75,-1,,0,1,2,1231653977
gym-big-split-boss4-kill,charge,160,Defeat,3,0,3,24,8,0,3,133,-1,,0,1,2,855677988
gym-big-split-boss4-kill,charge,161,Defeat,3,0,3,24,8,0,4,100,-1,,0,1,3,4243433233
gym-big-split-boss4-kill,charge,162,Defeat,6,0,6,48,6,0,2,83,-1,,0,2,0,431866866
gym-big-split-boss4-kill,charge,163,Defeat,4,0,4,32,4,0,2,75,-1,,0,1,2,1231653977
gym-big-split-boss4-kill,charge,164,Defeat,6,0,6,48,10,0,2,83,-1,,0,2,0,425419456
gym-big-split-boss4-kill,charge,165,Defeat,4,0,4,32,4,0,2,75,-1,,0,1,2,3088226085
gym-big-split-boss4-kill,charge,166,Defeat,3,0,3,24,2,0,3,133,-1,,0,1,2,1680644012
gym-big-split-boss4-kill,charge,167,Defeat,4,0,4,32,2,0,2,75,-1,,0,1,2,1231653977
gym-big-split-boss4-kill,charge,168,Defeat,5,0,5,40,6,0,2,60,-1,,0,1,1,2992405400
gym-big-split-boss4-kill,charge,169,Defeat,5,0,5,40,6,0,2,80,-1,,0,3,1,12283504
gym-big-split-boss4-kill,charge,170,Defeat,4,0,4,32,4,0,2,75,-1,,0,1,1,180295873
gym-big-split-boss4-kill,charge,171,Defeat,4,0,4,32,4,0,2,75,-1,,0,0,2,465195131
gym-big-split-boss4-kill,charge,172,Defeat,4,0,4,32,1,0,2,100,-1,,0,2,2,1151663361
gym-big-split-boss4-kill,charge,173,Defeat,4,0,4,32,4,0,2,75,-1,,0,1,2,1231653977
gym-big-split-boss4-kill,charge,174,Defeat,4,0,4,32,4,0,2,75,-1,,0,1,2,1231653977
gym-big-split-boss4-kill,charge,175,Defeat,3,0,3,24,4,0,3,100,-1,,0,1,2,3167725172
gym-big-split-boss4-kill,charge,176,Defeat,4,0,4,32,4,0,2,75,-1,,0,1,2,1231653977
gym-big-split-boss4-kill,charge,177,Defeat,5,0,5,40,4,0,2,80,-1,,0,1,0,3986632689
gym-big-split-boss4-kill,charge,178,Defeat,5,0,5,40,4,0,2,60,-1,,0,1,1,1053651721
gym-big-split-boss4-kill,charge,179,Defeat,4,0,4,32,4,0,2,75,-1,,0,1,2,1231653977
gym-big-split-boss4-kill,charge,180,Defeat,6,0,6,48,5,0,2,66,-1,,0,2,1,381551137
gym-big-split-boss4-kill,charge,181,Defeat,4,0,4,32,2,0,2,75,-1,,0,1,2,1231653977
gym-big-split-boss4-kill,charge,182,Defeat,5,0,5,40,4,0,1,80,-1,,0,1,0,4073029119
gym-big-split-boss4-kill,charge,183,Defeat,4,0,4,32,4,0,2,75,-1,,0,1,2,1231653977
gym-big-split-boss4-kill,charge,184,Defeat,5,0,5,40,8,0,2,60,-1,,0,2,2,2157779040
gym-big-split-boss4-kill,charge,185,Defeat,4,0,4,32,4,0,2,75,-1,,0,1,2,1231653977
gym-big-split-boss4-kill,charge,186,Defeat,3,0,3,24,4,0,3,133,-1,,0,1,2,1680644012
gym-big-split-boss4-kill,charge,187,Defeat,4,0,4,32,4,0,2,75,-1,,0,1,2,1231653977
gym-big-split-boss4-kill,charge,188,Defeat,5,0,5,40,5,0,3,100,7,1:7,0,2,1,3744921382
gym-big-split-boss4-kill,charge,189,Defeat,5,0,5,40,5,0,2,60,-1,,0,2,0,4244948633
gym-big-split-boss4-kill,charge,190,Defeat,4,0,4,32,4,0,2,75,-1,,0,1,2,1231653977
gym-big-split-boss4-kill,charge,191,Defeat,3,0,3,24,4,0,4,133,-1,,0,1,2,1685307215
gym-big-split-boss4-kill,charge,192,Defeat,5,0,5,40,5,0,2,80,-1,,0,1,0,392607545
gym-big-split-boss4-kill,charge,193,Defeat,4,0,4,32,4,0,2,75,7,1:7,0,1,2,524764777
gym-big-split-boss4-kill,charge,194,Defeat,5,0,5,40,14,0,2,100,-1,,0,3,1,3624763196
gym-big-split-boss4-kill,charge,195,Defeat,4,0,4,32,4,0,2,75,-1,,0,1,2,1231653977
gym-big-split-boss4-kill,charge,196,Defeat,5,0,5,40,8,0,2,80,-1,,0,2,0,2575092037
gym-big-split-boss4-kill,charge,197,Defeat,5,0,5,40,4,0,2,80,-1,,0,0,1,1255947892
gym-big-split-boss4-kill,charge,198,Defeat,3,0,3,24,12,0,3,100,-1,,0,1,3,60146610
gym-big-split-boss4-kill,charge,199,Defeat,4,0,4,32,17,0,3,75,-1,,0,2,1,708535727
gym-big-split-boss4-kill,charge,200,Defeat,4,0,4,32,7,0,2,75,-1,,0,1,1,1462936415
gym-big-split-boss6,corridor-hold,1,Defeat,7,0,7,56,7,0,1,71,-1,,0,5,0,2776717199
gym-big-split-boss6,corridor-hold,2,Defeat,6,0,6,48,8,0,2,66,-1,,0,3,0,3451911530
gym-big-split-boss6,corridor-hold,3,Defeat,7,0,7,56,5,0,1,71,-1,,0,6,0,2674327135
gym-big-split-boss6,corridor-hold,4,Defeat,8,0,8,64,4,0,2,62,3,1:3,0,8,0,3637484859
gym-big-split-boss6,corridor-hold,5,Defeat,7,0,7,56,15,0,1,57,-1,,0,5,0,201032297
gym-big-split-boss6,corridor-hold,6,Defeat,7,0,7,56,5,0,1,57,-1,,0,5,0,2002352029
gym-big-split-boss6,corridor-hold,7,Defeat,7,0,7,56,6,0,1,71,-1,,0,6,0,860574069
gym-big-split-boss6,corridor-hold,8,Defeat,5,0,5,40,10,0,2,80,-1,,0,3,1,2827220934
gym-big-split-boss6,corridor-hold,9,Defeat,5,0,5,40,5,0,4,120,-1,,0,5,1,2328010267
gym-big-split-boss6,corridor-hold,10,Defeat,28,0,28,224,35,0,1,32,3,1:3,0,27,0,56538712
gym-big-split-boss6,corridor-hold,11,Defeat,7,0,7,56,7,0,1,57,-1,,0,5,0,2002352029
gym-big-split-boss6,corridor-hold,12,Defeat,7,0,7,56,7,0,2,71,-1,,0,5,0,490678229
gym-big-split-boss6,corridor-hold,13,Defeat,6,0,6,48,6,0,2,66,-1,,0,3,0,1968947442
gym-big-split-boss6,corridor-hold,14,Defeat,7,0,7,56,8,0,2,85,-1,,0,5,0,1873751769
gym-big-split-boss6,corridor-hold,15,Defeat,5,0,5,40,12,0,3,80,-1,,0,3,0,317460163
gym-big-split-boss6,corridor-hold,16,Defeat,8,0,8,64,3,0,1,62,-1,,0,7,0,997123289
gym-big-split-boss6,corridor-hold,17,Defeat,7,0,7,56,3,0,1,71,-1,,0,5,0,1922384030
gym-big-split-boss6,corridor-hold,18,Defeat,7,0,7,56,4,0,1,71,-1,,0,4,0,2820695962
gym-big-split-boss6,corridor-hold,19,Defeat,6,0,6,48,5,0,2,83,-1,,0,3,0,2782932940
gym-big-split-boss6,corridor-hold,20,Defeat,7,0,7,56,5,0,1,57,-1,,0,5,0,2002352029
gym-big-split-boss6,corridor-hold,21,Defeat,12,0,12,96,15,0,1,50,3,1:3,0,9,0,108208389
gym-big-split-boss6,corridor-hold,22,Defeat,6,0,6,48,5,0,2,83,7,1:7,0,9,0,1415035039
gym-big-split-boss6,corridor-hold,23,Defeat,7,0,7,56,5,0,1,57,-1,,0,5,0,2002352029
gym-big-split-boss6,corridor-hold,24,Defeat,5,0,5,40,5,0,3,60,7,1:7,0,6,0,732945420
gym-big-split-boss6,corridor-hold,25,Defeat,6,0,6,48,6,0,1,100,-1,,0,4,0,2601001947
gym-big-split-boss6,corridor-hold,26,Defeat,7,0,7,56,4,0,1,57,-1,,0,4,0,705537033
gym-big-split-boss6,corridor-hold,27,Defeat,14,0,14,112,12,0,2,71,3,1:3,0,22,0,177127265
gym-big-split-boss6,corridor-hold,28,Defeat,8,0,8,64,2,0,2,62,3,1:3,0,8,0,2976350305
gym-big-split-boss6,corridor-hold,29,Defeat,10,0,10,80,14,0,3,90,-1,,0,14,0,3714508523
gym-big-split-boss6,corridor-hold,30,Defeat,7,0,7,56,7,0,1,57,-1,,0,5,0,2002352029
gym-big-split-boss6,corridor-hold,31,Defeat,4,0,4,32,4,0,3,75,-1,,0,2,2,1851876261
gym-big-split-boss6,corridor-hold,32,Defeat,4,0,4,32,2,0,4,150,-1,,0,2,1,4036331545
gym-big-split-boss6,corridor-hold,33,Defeat,7,0,7,56,10,0,1,57,-1,,0,5,0,2673519833
gym-big-split-boss6,corridor-hold,34,Defeat,7,0,7,56,10,0,2,57,-1,,0,6,1,2124044047
gym-big-split-boss6,corridor-hold,35,Defeat,5,0,5,40,4,0,2,80,-1,,0,3,1,4221019277
gym-big-split-boss6,corridor-hold,36,Defeat,7,0,7,56,7,0,1,57,-1,,0,4,0,2790355057
gym-big-split-boss6,corridor-hold,37,Defeat,7,0,7,56,5,0,1,71,-1,,0,5,0,2776717199
gym-big-split-boss6,corridor-hold,38,Defeat,5,0,5,40,5,0,2,60,7,1:7,0,6,0,453304841
gym-big-split-boss6,corridor-hold,39,Defeat,6,0,6,48,5,0,2,83,-1,,0,4,0,2431990264
gym-big-split-boss6,corridor-hold,40,Defeat,7,0,7,56,5,0,2,71,-1,,0,5,0,1909966032
gym-big-split-boss6,corridor-hold,41,Defeat,7,0,7,56,5,0,2,85,-1,,0,5,0,2975886025
gym-big-split-boss6,corridor-hold,42,Defeat,7,0,7,56,7,0,1,57,-1,,0,5,0,2002352029
gym-big-split-boss6,corridor-hold,43,Defeat,8,0,8,64,4,0,1,50,-1,,0,8,0,3707028299
gym-big-split-boss6,corridor-hold,44,Defeat,6,0,6,48,7,0,2,83,-1,,0,3,0,165815994
gym-big-split-boss6,corridor-hold,45,Defeat,5,0,5,40,2,0,2,80,-1,,0,3,1,4221019277
gym-big-split-boss6,corridor-hold,46,Defeat,7,0,7,56,10,0,1,57,-1,,0,5,0,2002352029
gym-big-split-boss6,corridor-hold,47,Defeat,7,0,7,56,7,0,1,57,-1,,0,5,0,2002352029
gym-big-split-boss6,corridor-hold,48,Defeat,7,0,7,56,7,0,2,71,-1,,0,5,0,1154138114
gym-big-split-boss6,corridor-hold,49,Defeat,7,0,7,56,9,0,2,71,-1,,0,5,0,3966837612
gym-big-split-boss6,corridor-hold,50,Defeat,6,0,6,48,4,0,2,83,-1,,0,3,0,2046763422
gym-big-split-boss6,corridor-hold,51,Defeat,21,0,21,168,27,0,2,33,12,1:12,0,34,0,1788074010
gym-big-split-boss6,corridor-hold,52,Defeat,7,0,7,56,5,0,1,71,-1,,0,5,0,534326303
gym-big-split-boss6,corridor-hold,53,Defeat,5,0,5,40,10,0,3,100,-1,,0,3,1,1466889525
gym-big-split-boss6,corridor-hold,54,Defeat,8,0,8,64,8,0,1,75,-1,,0,6,0,2357210238
gym-big-split-boss6,corridor-hold,55,Defeat,7,0,7,56,6,0,3,71,-1,,0,7,0,1366309945
gym-big-split-boss6,corridor-hold,56,Defeat,5,0,5,40,10,0,3,60,-1,,0,3,1,2393336281
gym-big-split-boss6,corridor-hold,57,Defeat,8,0,8,64,6,0,1,62,-1,,0,5,0,3406140754
gym-big-split-boss6,corridor-hold,58,Defeat,8,0,8,64,3,0,1,50,-1,,0,6,0,1498412307
gym-big-split-boss6,corridor-hold,59,Defeat,9,0,9,72,9,0,1,55,-1,,0,10,0,1127350207
gym-big-split-boss6,corridor-hold,60,Defeat,5,0,5,40,5,0,3,60,7,1:7,0,6,0,182833000
gym-big-split-boss6,corridor-hold,61,Defeat,7,0,7,56,10,0,1,71,-1,,0,6,0,4292252931
gym-big-split-boss6,corridor-hold,62,Defeat,7,0,7,56,8,0,1,85,-1,,0,5,0,3706072857
gym-big-split-boss6,corridor-hold,63,Defeat,7,0,7,56,3,0,1,71,-1,,0,4,0,1623118661
gym-big-split-boss6,corridor-hold,64,Defeat,6,0,6,48,10,0,1,83,-1,,0,4,0,3829003823
gym-big-split-boss6,corridor-hold,65,Defeat,6,0,6,48,15,0,1,83,-1,,0,4,0,2081266811
gym-big-split-boss6,corridor-hold,66,Defeat,8,0,8,64,6,0,1,62,-1,,0,6,0,2615987792
gym-big-split-boss6,corridor-hold,67,Defeat,7,0,7,56,5,0,2,85,-1,,0,5,0,853299865
gym-big-split-boss6,corridor-hold,68,Defeat,5,0,5,40,14,0,3,120,-1,,0,4,1,2945672218
gym-big-split-boss6,corridor-hold,69,Defeat,6,0,6,48,6,0,1,83,-1,,0,4,0,3172563511
gym-big-split-boss6,corridor-hold,70,Defeat,6,0,6,48,10,0,2,83,-1,,0,4,0,4156795297
gym-big-split-boss6,corridor-hold,71,Defeat,11,0,11,88,14,0,1,54,-1,,0,12,0,1714844909
gym-big-split-boss6,corridor-hold,72,Defeat,10,0,10,80,3,0,1,70,-1,,0,12,0,2013148351
gym-big-split-boss6,corridor-hold,73,Defeat,6,0,6,48,5,0,2,83,-1,,0,6,1,90518492
gym-big-split-boss6,corridor-hold,74,Defeat,5,0,5,40,3,0,2,80,-1,,0,3,1,2252598556
gym-big-split-boss6,corridor-hold,75,Defeat,5,0,5,40,3,0,3,80,-1,,0,3,1,306185835
gym-big-split-boss6,corridor-hold,76,Defeat,7,0,7,56,3,0,1,71,-1,,0,5,0,2245567473
gym-big-split-boss6,corridor-hold,77,Defeat,7,0,7,56,11,0,1,57,-1,,0,5,0,409269559
gym-big-split-boss6,corridor-hold,78,Defeat,7,0,7,56,13,0,2,85,-1,,0,5,0,382006079
gym-big-split-boss6,corridor-hold,79,Defeat,7,0,7,56,7,0,1,57,-1,,0,6,0,2002352029
gym-big-split-boss6,corridor-hold,80,Defeat,7,0,7,56,3,0,2,71,-1,,0,6,0,1578025356
gym-big-split-boss6,corridor-hold,81,Defeat,14,0,14,112,19,0,1,57,3,1:3,0,15,0,1308508061
gym-big-split-boss6,corridor-hold,82,Defeat,8,0,8,64,5,0,1,62,-1,,0,5,0,3708220933
gym-big-split-boss6,corridor-hold,83,Defeat,5,0,5,40,3,0,3,100,7,1:7,0,5,1,483544053
gym-big-split-boss6,corridor-hold,84,Defeat,5,0,5,40,5,0,2,100,-1,,0,3,1,301528460
gym-big-split-boss6,corridor-hold,85,Defeat,6,0,6,48,2,0,1,66,-1,,0,4,0,3466796665
gym-big-split-boss6,corridor-hold,86,Defeat,6,0,6,48,9,0,2,83,-1,,0,3,0,2046763422
gym-big-split-boss6,corridor-hold,87,Defeat,7,0,7,56,10,0,1,71,-1,,0,5,0,3522344691
gym-big-split-boss6,corridor-hold,88,Defeat,6,0,6,48,5,0,1,66,-1,,0,4,0,1071476392
gym-big-split-boss6,corridor-hold,89,Defeat,7,0,7,56,3,0,1,57,-1,,0,5,0,2002352029
gym-big-split-boss6,corridor-hold,90,Defeat,7,0,7,56,5,0,1,57,-1,,0,4,0,3912668810
gym-big-split-boss6,corridor-hold,91,Defeat,7,0,7,56,11,0,2,71,-1,,0,6,0,3197617359
gym-big-split-boss6,corridor-hold,92,Defeat,7,0,7,56,7,0,1,57,-1,,0,5,0,2002352029
gym-big-split-boss6,corridor-hold,93,Defeat,6,0,6,48,3,0,3,83,-1,,0,5,0,424408165
gym-big-split-boss6,corridor-hold,94,Defeat,8,0,8,64,5,0,1,50,-1,,0,5,0,2747280287
gym-big-split-boss6,corridor-hold,95,Defeat,7,0,7,56,5,0,1,85,-1,,0,3,0,2009837379
gym-big-split-boss6,corridor-hold,96,Defeat,7,0,7,56,5,0,1,57,-1,,0,5,0,2002352029
gym-big-split-boss6,corridor-hold,97,Defeat,7,0,7,56,15,0,1,57,-1,,0,5,0,2002352029
gym-big-split-boss6,corridor-hold,98,Defeat,5,0,5,40,5,0,2,60,7,1:7,0,6,0,453304841
gym-big-split-boss6,corridor-hold,99,Defeat,7,0,7,56,13,0,1,71,-1,,0,5,0,4144601131
gym-big-split-boss6,corridor-hold,100,Defeat,18,0,18,144,21,0,2,33,3,1:3,0,36,0,521246455
gym-big-split-boss6,corridor-hold,101,Defeat,6,0,6,48,8,0,2,83,-1,,0,4,0,378970134
gym-big-split-boss6,corridor-hold,102,Defeat,7,0,7,56,5,0,1,57,-1,,0,6,0,2002352029
gym-big-split-boss6,corridor-hold,103,Defeat,7,0,7,56,7,0,1,57,-1,,0,5,0,2002352029
gym-big-split-boss6,corridor-hold,104,Defeat,10,0,10,80,8,0,2,80,-1,,0,12,0,2445537734
gym-big-split-boss6,corridor-hold,105,Defeat,6,0,6,48,5,0,2,66,-1,,0,3,0,1968947442
gym-big-split-boss6,corridor-hold,106,Defeat,6,0,6,48,3,0,1,83,-1,,0,4,0,1986886281
gym-big-split-boss6,corridor-hold,107,Defeat,21,0,21,168,25,0,1,42,3,1:3,0,21,0,601025186
gym-big-split-boss6,corridor-hold,108,Defeat,6,0,6,48,4,0,2,83,-1,,0,4,0,2514111582
gym-big-split-boss6,corridor-hold,109,Defeat,7,0,7,56,9,0,1,57,-1,,0,5,0,2002352029
gym-big-split-boss6,corridor-hold,110,Defeat,6,0,6,48,3,0,2,100,-1,,0,4,0,70534257
gym-big-split-boss6,corridor-hold,111,Defeat,6,0,6,48,14,0,1,83,-1,,0,5,0,4257844714
gym-big-split-boss6,corridor-hold,112,Defeat,5,0,5,40,5,0,2,80,-1,,0,3,1,2334651843
gym-big-split-boss6,corridor-hold,113,Defeat,7,0,7,56,14,0,2,71,-1,,0,6,1,2553898440
gym-big-split-boss6,corridor-hold,114,Defeat,6,0,6,48,4,0,2,100,-1,,0,4,0,1144466258
gym-big-split-boss6,corridor-hold,115,Defeat,6,0,6,48,10,0,2,66,-1,,0,4,0,171203255
gym-big-split-boss6,corridor-hold,116,Defeat,9,0,9,72,7,0,2,66,-1,,0,9,0,995441351
gym-big-split-boss6,corridor-hold,117,Defeat,7,0,7,56,5,0,1,71,-1,,0,5,0,2680984478
gym-big-split-boss6,corridor-hold,118,Defeat,7,0,7,56,4,0,1,71,-1,,0,5,0,2776717199
gym-big-split-boss6,corridor-hold,119,Victory,16,0,16,128,15,20,0,37,7,1:7,0,15,0,4203009398
gym-big-split-boss6,corridor-hold,120,Defeat,7,0,7,56,4,0,1,71,-1,,0,5,0,3362922452
gym-big-split-boss6,corridor-hold,121,Defeat,7,0,7,56,2,0,2,85,-1,,0,5,0,4236900982
gym-big-split-boss6,corridor-hold,122,Defeat,8,0,8,64,5,0,1,75,-1,,0,6,0,3504000750
gym-big-split-boss6,corridor-hold,123,Defeat,8,0,8,64,11,0,1,75,-1,,0,7,0,2438917532
gym-big-split-boss6,corridor-hold,124,Defeat,7,0,7,56,3,0,1,71,-1,,0,5,0,3324846099
gym-big-split-boss6,corridor-hold,125,Defeat,7,0,7,56,5,0,1,57,-1,,0,6,0,2002352029
gym-big-split-boss6,corridor-hold,126,Defeat,6,0,6,48,11,0,2,100,-1,,0,5,1,2092127816
gym-big-split-boss6,corridor-hold,127,Defeat,6,0,6,48,8,0,1,66,-1,,0,4,0,1265290698
gym-big-split-boss6,corridor-hold,128,Defeat,5,0,5,40,9,0,3,80,-1,,0,3,1,2510723375
gym-big-split-boss6,corridor-hold,129,Defeat,7,0,7,56,10,0,1,71,-1,,0,5,0,2433952409
gym-big-split-boss6,corridor-hold,130,Defeat,8,0,8,64,5,0,1,50,-1,,0,5,0,1498412307
gym-big-split-boss6,corridor-hold,131,Defeat,7,0,7,56,8,0,1,57,-1,,0,5,0,2002352029
gym-big-split-boss6,corridor-hold,132,Defeat,7,0,7,56,16,0,2,71,-1,,0,5,0,929038127
gym-big-split-boss6,corridor-hold,133,Defeat,7,0,7,56,4,0,1,71,-1,,0,5,0,2776717199
gym-big-split-boss6,corridor-hold,134,Defeat,7,0,7,56,9,0,1,57,-1,,0,5,0,3102214087
gym-big-split-boss6,corridor-hold,135,Defeat,7,0,7,56,15,0,1,57,-1,,0,5,0,2954562287
gym-big-split-boss6,corridor-hold,136,Defeat,5,0,5,40,5,0,4,80,7,1:7,0,7,1,3222717936
gym-big-split-boss6,corridor-hold,137,Defeat,13,0,13,104,18,0,1,53,3,1:3,0,21,0,106967156
gym-big-split-boss6,corridor-hold,138,Defeat,7,0,7,56,5,0,1,71,-1,,0,3,0,1199082682
gym-big-split-boss6,corridor-hold,139,Defeat,7,0,7,56,7,0,1,57,-1,,0,5,0,2002352029
gym-big-split-boss6,corridor-hold,140,Defeat,9,0,9,72,12,0,1,55,-1,,0,7,0,959013164
gym-big-split-boss6,corridor-hold,141,Defeat,7,0,7,56,5,0,1,71,-1,,0,5,0,2035972893
gym-big-split-boss6,corridor-hold,142,Defeat,10,0,10,80,9,0,2,70,-1,,0,16,0,3097031733
gym-big-split-boss6,corridor-hold,143,Defeat,5,0,5,40,5,0,2,60,7,1:7,0,6,0,453304841
gym-big-split-boss6,corridor-hold,144,Defeat,12,0,12,96,11,0,1,58,-1,,0,11,0,3835342260
gym-big-split-boss6,corridor-hold,145,Victory,12,0,12,96,10,15,0,50,3,1:3,0,9,0,1895070174
gym-big-split-boss6,corridor-hold,146,Defeat,9,0,9,72,6,0,1,66,-1,,0,5,0,4078874817
gym-big-split-boss6,corridor-hold,147,Defeat,6,0,6,48,5,0,2,100,-1,,0,4,0,1098274188
gym-big-split-boss6,corridor-hold,148,Defeat,6,0,6,48,10,0,1,83,-1,,0,5,0,1986886281
gym-big-split-boss6,corridor-hold,149,Defeat,8,0,8,64,6,0,1,62,-1,,0,5,0,4106604179
gym-big-split-boss6,corridor-hold,150,Defeat,7,0,7,56,4,0,2,85,-1,,0,6,1,1077931426
gym-big-split-boss6,corridor-hold,151,Defeat,5,0,5,40,5,0,3,80,-1,,0,2,1,3492755236
gym-big-split-boss6,corridor-hold,152,Defeat,7,0,7,56,15,0,1,57,-1,,0,5,0,2819599551
gym-big-split-boss6,corridor-hold,153,Defeat,5,0,5,40,10,0,2,80,-1,,0,3,0,3417152572
gym-big-split-boss6,corridor-hold,154,Defeat,9,0,9,72,3,0,2,88,3,1:3,0,9,0,2911910940
gym-big-split-boss6,corridor-hold,155,Defeat,7,0,7,56,4,0,1,71,-1,,0,5,0,2776717199
gym-big-split-boss6,corridor-hold,156,Defeat,7,0,7,56,7,0,2,85,-1,,0,6,0,1063960553
gym-big-split-boss6,corridor-hold,157,Defeat,6,0,6,48,2,0,2,83,-1,,0,4,0,3072139794
gym-big-split-boss6,corridor-hold,158,Defeat,7,0,7,56,5,0,1,57,-1,,0,5,0,2002352029
gym-big-split-boss6,corridor-hold,159,Defeat,6,0,6,48,12,0,2,83,-1,,0,4,0,2452534348
gym-big-split-boss6,corridor-hold,160,Defeat,7,0,7,56,8,0,1,71,-1,,0,6,0,1922384030
gym-big-split-boss6,corridor-hold,161,Defeat,7,0,7,56,13,0,1,57,-1,,0,6,0,2901502683
gym-big-split-boss6,corridor-hold,162,Defeat,7,0,7,56,7,0,1,71,-1,,0,4,0,2035972893
gym-big-split-boss6,corridor-hold,163,Defeat,8,0,8,64,5,0,1,50,-1,,0,5,0,684745321
gym-big-split-boss6,corridor-hold,164,Defeat,6,0,6,48,15,0,2,100,-1,,0,5,1,453658216
gym-big-split-boss6,corridor-hold,165,Defeat,7,0,7,56,7,0,1,57,-1,,0,5,0,2002352029
gym-big-split-boss6,corridor-hold,166,Defeat,6,0,6,48,3,0,2,83,-1,,0,4,0,2680511145
gym-big-split-boss6,corridor-hold,167,Defeat,8,0,8,64,8,0,1,37,-1,,0,6,0,2868976158
gym-big-split-boss6,corridor-hold,168,Defeat,7,0,7,56,7,0,1,57,-1,,0,5,0,2002352029
gym-big-split-boss6,corridor-hold,169,Defeat,7,0,7,56,7,0,1,57,-1,,0,6,0,2002352029
gym-big-split-boss6,corridor-hold,170,Defeat,5,0,5,40,11,0,3,100,7,1:7,0,7,0,3007597209
gym-big-split-boss6,corridor-hold,171,Defeat,6,0,6,48,5,0,1,66,-1,,0,4,1,3339164236
gym-big-split-boss6,corridor-hold,172,Defeat,5,0,5,40,3,0,2,80,7,1:7,0,6,0,2519435329
gym-big-split-boss6,corridor-hold,173,Defeat,6,0,6,48,4,0,2,83,-1,,0,4,0,1594574303
gym-big-split-boss6,corridor-hold,174,Defeat,8,0,8,64,5,0,1,75,-1,,0,7,0,2382138824
gym-big-split-boss6,corridor-hold,175,Defeat,6,0,6,48,3,0,2,100,-1,,0,5,0,3455864422
gym-big-split-boss6,corridor-hold,176,Defeat,9,0,9,72,5,0,1,55,-1,,0,6,0,817048716
gym-big-split-boss6,corridor-hold,177,Defeat,6,0,6,48,5,0,2,66,-1,,0,3,0,3027649880
gym-big-split-boss6,corridor-hold,178,Defeat,7,0,7,56,5,0,1,57,-1,,0,4,0,1572428607
gym-big-split-boss6,corridor-hold,179,Defeat,7,0,7,56,4,0,1,71,-1,,0,5,0,1977657481
gym-big-split-boss6,corridor-hold,180,Defeat,11,0,11,88,12,0,1,54,3,1:3,0,7,0,2366961158
gym-big-split-boss6,corridor-hold,181,Defeat,7,0,7,56,7,0,1,57,-1,,0,5,0,2002352029
gym-big-split-boss6,corridor-hold,182,Defeat,6,0,6,48,11,0,2,66,-1,,0,4,0,4041670446
gym-big-split-boss6,corridor-hold,183,Defeat,7,0,7,56,15,0,1,57,-1,,0,5,0,2954562287
gym-big-split-boss6,corridor-hold,184,Defeat,6,0,6,48,10,0,2,83,-1,,0,4,0,4156795297
gym-big-split-boss6,corridor-hold,185,Defeat,6,0,6,48,8,0,2,66,-1,,0,4,0,171203255
gym-big-split-boss6,corridor-hold,186,Defeat,14,0,14,112,16,0,1,42,-1,,0,16,0,1019550871
gym-big-split-boss6,corridor-hold,187,Defeat,7,0,7,56,7,0,1,57,-1,,0,5,0,2002352029
gym-big-split-boss6,corridor-hold,188,Defeat,7,0,7,56,7,0,1,57,-1,,0,5,0,2002352029
gym-big-split-boss6,corridor-hold,189,Defeat,6,0,6,48,0,0,3,100,7,1:7,0,7,1,3933362864
gym-big-split-boss6,corridor-hold,190,Defeat,6,0,6,48,5,0,2,100,-1,,0,4,0,2702216298
gym-big-split-boss6,corridor-hold,191,Defeat,6,0,6,48,9,0,2,116,-1,,0,4,0,445473443
gym-big-split-boss6,corridor-hold,192,Defeat,7,0,7,56,14,0,2,71,-1,,0,4,0,4294490221
gym-big-split-boss6,corridor-hold,193,Defeat,6,0,6,48,5,0,2,83,-1,,0,4,0,3810837079
gym-big-split-boss6,corridor-hold,194,Defeat,5,0,5,40,3,0,3,80,-1,,0,3,1,3397560514
gym-big-split-boss6,corridor-hold,195,Defeat,6,0,6,48,12,0,2,66,-1,,0,4,0,3218778207
gym-big-split-boss6,corridor-hold,196,Defeat,5,0,5,40,3,0,3,60,-1,,0,5,1,747252432
gym-big-split-boss6,corridor-hold,197,Defeat,6,0,6,48,6,0,2,83,-1,,0,5,1,600181284
gym-big-split-boss6,corridor-hold,198,Defeat,6,0,6,48,3,0,2,66,-1,,0,3,0,738314575
gym-big-split-boss6,corridor-hold,199,Defeat,5,0,5,40,20,0,2,80,-1,,0,3,1,1573709789
gym-big-split-boss6,corridor-hold,200,Defeat,7,0,7,56,10,0,1,57,-1,,0,5,0,2002352029
gym-big-split-boss6,tpa-order,1,Defeat,7,0,7,56,7,0,1,71,-1,,0,5,0,2776717199
gym-big-split-boss6,tpa-order,2,Defeat,6,0,6,48,8,0,2,66,-1,,0,3,0,3451911530
gym-big-split-boss6,tpa-order,3,Defeat,7,0,7,56,5,0,1,71,-1,,0,6,0,2674327135
gym-big-split-boss6,tpa-order,4,Defeat,8,0,8,64,4,0,2,62,3,1:3,0,8,0,3637484859
gym-big-split-boss6,tpa-order,5,Defeat,7,0,7,56,15,0,1,57,-1,,0,5,0,201032297
gym-big-split-boss6,tpa-order,6,Defeat,7,0,7,56,5,0,1,57,-1,,0,5,0,2002352029
gym-big-split-boss6,tpa-order,7,Defeat,7,0,7,56,6,0,1,71,-1,,0,6,0,860574069
gym-big-split-boss6,tpa-order,8,Defeat,5,0,5,40,10,0,2,80,-1,,0,3,1,2827220934
gym-big-split-boss6,tpa-order,9,Defeat,5,0,5,40,5,0,3,100,-1,,0,5,1,747679040
gym-big-split-boss6,tpa-order,10,Defeat,5,0,5,40,3,0,2,80,-1,,0,3,1,1200809386
gym-big-split-boss6,tpa-order,11,Defeat,7,0,7,56,7,0,1,57,-1,,0,5,0,2002352029
gym-big-split-boss6,tpa-order,12,Defeat,7,0,7,56,7,0,2,71,-1,,0,5,0,490678229
gym-big-split-boss6,tpa-order,13,Defeat,6,0,6,48,6,0,2,66,-1,,0,3,0,1968947442
gym-big-split-boss6,tpa-order,14,Defeat,7,0,7,56,8,0,2,85,-1,,0,5,0,1873751769
gym-big-split-boss6,tpa-order,15,Defeat,5,0,5,40,12,0,3,80,-1,,0,3,0,317460163
gym-big-split-boss6,tpa-order,16,Defeat,8,0,8,64,3,0,1,62,-1,,0,7,0,997123289
gym-big-split-boss6,tpa-order,17,Defeat,7,0,7,56,3,0,1,71,-1,,0,5,0,1922384030
gym-big-split-boss6,tpa-order,18,Defeat,7,0,7,56,4,0,1,71,-1,,0,4,0,2820695962
gym-big-split-boss6,tpa-order,19,Defeat,6,0,6,48,5,0,2,83,-1,,0,3,0,2782932940
gym-big-split-boss6,tpa-order,20,Defeat,7,0,7,56,5,0,1,57,-1,,0,5,0,2002352029
gym-big-split-boss6,tpa-order,21,Defeat,12,0,12,96,15,0,1,50,3,1:3,0,9,0,108208389
gym-big-split-boss6,tpa-order,22,Defeat,6,0,6,48,5,0,2,83,7,1:7,0,9,0,1415035039
gym-big-split-boss6,tpa-order,23,Defeat,7,0,7,56,5,0,1,57,-1,,0,5,0,2002352029
gym-big-split-boss6,tpa-order,24,Defeat,5,0,5,40,5,0,3,60,7,1:7,0,6,0,732945420
gym-big-split-boss6,tpa-order,25,Defeat,6,0,6,48,6,0,1,100,-1,,0,4,0,2601001947
gym-big-split-boss6,tpa-order,26,Defeat,7,0,7,56,4,0,1,57,-1,,0,4,0,705537033
gym-big-split-boss6,tpa-order,27,Defeat,14,0,14,112,12,0,1,64,3,1:3,0,22,0,1788280922
gym-big-split-boss6,tpa-order,28,Defeat,8,0,8,64,2,0,2,62,3,1:3,0,8,0,2976350305
gym-big-split-boss6,tpa-order,29,Defeat,10,0,10,80,14,0,2,70,-1,,0,13,0,3166777783
gym-big-split-boss6,tpa-order,30,Defeat,7,0,7,56,7,0,1,57,-1,,0,5,0,2002352029
gym-big-split-boss6,tpa-order,31,Defeat,4,0,4,32,4,0,3,75,-1,,0,2,2,1851876261
gym-big-split-boss6,tpa-order,32,Defeat,5,0,5,40,2,0,3,140,-1,,0,4,0,1989907521
gym-big-split-boss6,tpa-order,33,Defeat,7,0,7,56,10,0,1,57,-1,,0,5,0,2673519833
gym-big-split-boss6,tpa-order,34,Defeat,7,0,7,56,10,0,2,57,-1,,0,6,1,2124044047
gym-big-split-boss6,tpa-order,35,Defeat,5,0,5,40,4,0,2,80,-1,,0,3,1,4221019277
gym-big-split-boss6,tpa-order,36,Defeat,7,0,7,56,7,0,1,57,-1,,0,4,0,2790355057
gym-big-split-boss6,tpa-order,37,Defeat,7,0,7,56,5,0,1,71,-1,,0,5,0,2776717199
gym-big-split-boss6,tpa-order,38,Defeat,5,0,5,40,5,0,2,60,7,1:7,0,6,0,453304841
gym-big-split-boss6,tpa-order,39,Defeat,6,0,6,48,5,0,2,83,-1,,0,4,0,2431990264
gym-big-split-boss6,tpa-order,40,Defeat,7,0,7,56,5,0,2,71,-1,,0,5,0,1909966032
gym-big-split-boss6,tpa-order,41,Defeat,7,0,7,56,5,0,2,85,-1,,0,5,0,2975886025
gym-big-split-boss6,tpa-order,42,Defeat,7,0,7,56,7,0,1,57,-1,,0,5,0,2002352029
gym-big-split-boss6,tpa-order,43,Defeat,8,0,8,64,4,0,1,50,-1,,0,8,0,3707028299
gym-big-split-boss6,tpa-order,44,Defeat,6,0,6,48,7,0,2,83,-1,,0,3,0,165815994
gym-big-split-boss6,tpa-order,45,Defeat,5,0,5,40,2,0,2,80,-1,,0,3,1,4221019277
gym-big-split-boss6,tpa-order,46,Defeat,7,0,7,56,10,0,1,57,-1,,0,5,0,2002352029
gym-big-split-boss6,tpa-order,47,Defeat,7,0,7,56,7,0,1,57,-1,,0,5,0,2002352029
gym-big-split-boss6,tpa-order,48,Defeat,7,0,7,56,7,0,2,71,-1,,0,5,0,1154138114
gym-big-split-boss6,tpa-order,49,Defeat,7,0,7,56,9,0,2,71,-1,,0,5,0,3966837612
gym-big-split-boss6,tpa-order,50,Defeat,6,0,6,48,4,0,2,83,-1,,0,3,0,2046763422
gym-big-split-boss6,tpa-order,51,Defeat,21,0,21,168,27,0,2,33,12,1:12,0,34,0,1788074010
gym-big-split-boss6,tpa-order,52,Defeat,7,0,7,56,5,0,1,71,-1,,0,5,0,534326303
gym-big-split-boss6,tpa-order,53,Defeat,5,0,5,40,10,0,3,100,-1,,0,3,1,1466889525
gym-big-split-boss6,tpa-order,54,Defeat,8,0,8,64,8,0,1,75,-1,,0,6,0,2357210238
gym-big-split-boss6,tpa-order,55,Defeat,7,0,7,56,6,0,3,71,-1,,0,7,0,1366309945
gym-big-split-boss6,tpa-order,56,Defeat,5,0,5,40,10,0,3,60,-1,,0,3,1,2393336281
gym-big-split-boss6,tpa-order,57,Defeat,8,0,8,64,6,0,1,62,-1,,0,5,0,3406140754
gym-big-split-boss6,tpa-order,58,Defeat,8,0,8,64,3,0,1,50,-1,,0,6,0,1498412307
gym-big-split-boss6,tpa-order,59,Defeat,9,0,9,72,9,0,1,55,-1,,0,10,0,1127350207
gym-big-split-boss6,tpa-order,60,Defeat,5,0,5,40,5,0,3,60,7,1:7,0,6,0,182833000
gym-big-split-boss6,tpa-order,61,Defeat,7,0,7,56,10,0,1,71,-1,,0,6,0,4292252931
gym-big-split-boss6,tpa-order,62,Defeat,7,0,7,56,8,0,1,85,-1,,0,5,0,3706072857
gym-big-split-boss6,tpa-order,63,Defeat,7,0,7,56,3,0,1,71,-1,,0,4,0,1623118661
gym-big-split-boss6,tpa-order,64,Defeat,6,0,6,48,10,0,1,83,-1,,0,4,0,3829003823
gym-big-split-boss6,tpa-order,65,Defeat,6,0,6,48,15,0,1,83,-1,,0,4,0,2081266811
gym-big-split-boss6,tpa-order,66,Defeat,8,0,8,64,6,0,1,62,-1,,0,6,0,2615987792
gym-big-split-boss6,tpa-order,67,Defeat,7,0,7,56,5,0,2,85,-1,,0,5,0,853299865
gym-big-split-boss6,tpa-order,68,Defeat,5,0,5,40,14,0,3,120,-1,,0,4,1,2945672218
gym-big-split-boss6,tpa-order,69,Defeat,6,0,6,48,6,0,1,83,-1,,0,4,0,3172563511
gym-big-split-boss6,tpa-order,70,Defeat,6,0,6,48,10,0,2,83,-1,,0,4,0,4156795297
gym-big-split-boss6,tpa-order,71,Defeat,11,0,11,88,14,0,1,54,-1,,0,12,0,1714844909
gym-big-split-boss6,tpa-order,72,Defeat,10,0,10,80,3,0,1,70,-1,,0,12,0,2013148351
gym-big-split-boss6,tpa-order,73,Defeat,6,0,6,48,5,0,2,83,-1,,0,6,1,90518492
gym-big-split-boss6,tpa-order,74,Defeat,5,0,5,40,3,0,2,80,-1,,0,3,1,2252598556
gym-big-split-boss6,tpa-order,75,Defeat,5,0,5,40,3,0,3,80,-1,,0,3,1,306185835
gym-big-split-boss6,tpa-order,76,Defeat,7,0,7,56,3,0,1,71,-1,,0,5,0,2245567473
gym-big-split-boss6,tpa-order,77,Defeat,7,0,7,56,11,0,1,57,-1,,0,5,0,409269559
gym-big-split-boss6,tpa-order,78,Defeat,7,0,7,56,13,0,2,85,-1,,0,5,0,382006079
gym-big-split-boss6,tpa-order,79,Defeat,7,0,7,56,7,0,1,57,-1,,0,6,0,2002352029
gym-big-split-boss6,tpa-order,80,Defeat,7,0,7,56,3,0,1,57,-1,,0,6,0,3194710855
gym-big-split-boss6,tpa-order,81,Defeat,14,0,14,112,19,0,1,57,3,1:3,0,15,0,1308508061
gym-big-split-boss6,tpa-order,82,Defeat,8,0,8,64,5,0,1,62,-1,,0,5,0,3708220933
gym-big-split-boss6,tpa-order,83,Defeat,5,0,5,40,3,0,3,100,7,1:7,0,5,1,483544053
gym-big-split-boss6,tpa-order,84,Defeat,5,0,5,40,5,0,2,100,-1,,0,3,1,301528460
gym-big-split-boss6,tpa-order,85,Defeat,6,0,6,48,2,0,1,66,-1,,0,4,0,3466796665
gym-big-split-boss6,tpa-order,86,Defeat,6,0,6,48,9,0,2,83,-1,,0,3,0,2046763422
gym-big-split-boss6,tpa-order,87,Defeat,7,0,7,56,10,0,1,71,-1,,0,5,0,3522344691
gym-big-split-boss6,tpa-order,88,Defeat,6,0,6,48,5,0,1,66,-1,,0,4,0,1071476392
gym-big-split-boss6,tpa-order,89,Defeat,7,0,7,56,3,0,1,57,-1,,0,5,0,2002352029
gym-big-split-boss6,tpa-order,90,Defeat,7,0,7,56,5,0,1,57,-1,,0,4,0,3912668810
gym-big-split-boss6,tpa-order,91,Defeat,7,0,7,56,11,0,2,71,-1,,0,6,0,3197617359
gym-big-split-boss6,tpa-order,92,Defeat,7,0,7,56,7,0,1,57,-1,,0,5,0,2002352029
gym-big-split-boss6,tpa-order,93,Defeat,6,0,6,48,3,0,3,83,-1,,0,5,0,424408165
gym-big-split-boss6,tpa-order,94,Defeat,8,0,8,64,5,0,1,50,-1,,0,5,0,2747280287
gym-big-split-boss6,tpa-order,95,Defeat,7,0,7,56,5,0,1,85,-1,,0,3,0,2009837379
gym-big-split-boss6,tpa-order,96,Defeat,7,0,7,56,5,0,1,57,-1,,0,5,0,2002352029
gym-big-split-boss6,tpa-order,97,Defeat,7,0,7,56,15,0,1,57,-1,,0,5,0,2002352029
gym-big-split-boss6,tpa-order,98,Defeat,5,0,5,40,5,0,2,60,7,1:7,0,6,0,453304841
gym-big-split-boss6,tpa-order,99,Defeat,7,0,7,56,13,0,1,71,-1,,0,5,0,4144601131
gym-big-split-boss6,tpa-order,100,Defeat,18,0,18,144,21,0,2,33,3,1:3,0,36,0,521246455
gym-big-split-boss6,tpa-order,101,Defeat,6,0,6,48,8,0,2,83,-1,,0,4,0,378970134
gym-big-split-boss6,tpa-order,102,Defeat,7,0,7,56,5,0,1,57,-1,,0,6,0,2002352029
gym-big-split-boss6,tpa-order,103,Defeat,7,0,7,56,7,0,1,57,-1,,0,5,0,2002352029
gym-big-split-boss6,tpa-order,104,Defeat,11,0,11,88,8,0,1,63,-1,,0,12,0,2269050204
gym-big-split-boss6,tpa-order,105,Defeat,6,0,6,48,5,0,2,66,-1,,0,3,0,1968947442
gym-big-split-boss6,tpa-order,106,Defeat,6,0,6,48,3,0,1,83,-1,,0,4,0,1986886281
gym-big-split-boss6,tpa-order,107,Defeat,21,0,21,168,25,0,1,42,3,1:3,0,21,0,601025186
gym-big-split-boss6,tpa-order,108,Defeat,6,0,6,48,4,0,2,83,-1,,0,4,0,2514111582
gym-big-split-boss6,tpa-order,109,Defeat,7,0,7,56,9,0,1,57,-1,,0,5,0,2002352029
gym-big-split-boss6,tpa-order,110,Defeat,6,0,6,48,3,0,2,100,-1,,0,4,0,70534257
gym-big-split-boss6,tpa-order,111,Defeat,6,0,6,48,14,0,1,83,-1,,0,5,0,4257844714
gym-big-split-boss6,tpa-order,112,Defeat,5,0,5,40,5,0,2,80,-1,,0,3,1,2334651843
gym-big-split-boss6,tpa-order,113,Defeat,7,0,7,56,14,0,2,71,-1,,0,6,1,2553898440
gym-big-split-boss6,tpa-order,114,Defeat,6,0,6,48,4,0,2,100,-1,,0,4,0,1144466258
gym-big-split-boss6,tpa-order,115,Defeat,6,0,6,48,10,0,2,66,-1,,0,4,0,171203255
gym-big-split-boss6,tpa-order,116,Defeat,9,0,9,72,7,0,2,66,-1,,0,9,0,995441351
gym-big-split-boss6,tpa-order,117,Defeat,7,0,7,56,5,0,1,71,-1,,0,5,0,2680984478
gym-big-split-boss6,tpa-order,118,Defeat,7,0,7,56,4,0,1,71,-1,,0,5,0,2776717199
gym-big-split-boss6,tpa-order,119,Victory,16,0,16,128,15,20,0,37,7,1:7,0,15,0,4203009398
gym-big-split-boss6,tpa-order,120,Defeat,7,0,7,56,4,0,1,71,-1,,0,5,0,3362922452
gym-big-split-boss6,tpa-order,121,Defeat,7,0,7,56,2,0,1,71,-1,,0,5,0,1675884156
gym-big-split-boss6,tpa-order,122,Defeat,8,0,8,64,5,0,1,75,-1,,0,6,0,3504000750
gym-big-split-boss6,tpa-order,123,Defeat,8,0,8,64,11,0,1,75,-1,,0,7,0,2438917532
gym-big-split-boss6,tpa-order,124,Defeat,7,0,7,56,3,0,1,71,-1,,0,5,0,3324846099
gym-big-split-boss6,tpa-order,125,Defeat,7,0,7,56,5,0,1,57,-1,,0,6,0,2002352029
gym-big-split-boss6,tpa-order,126,Defeat,6,0,6,48,11,0,2,100,-1,,0,5,1,2092127816
gym-big-split-boss6,tpa-order,127,Defeat,6,0,6,48,8,0,1,66,-1,,0,4,0,1265290698
gym-big-split-boss6,tpa-order,128,Defeat,5,0,5,40,9,0,3,80,-1,,0,3,1,2510723375
gym-big-split-boss6,tpa-order,129,Defeat,7,0,7,56,10,0,1,71,-1,,0,5,0,2433952409
gym-big-split-boss6,tpa-order,130,Defeat,8,0,8,64,5,0,1,50,-1,,0,5,0,1498412307
gym-big-split-boss6,tpa-order,131,Defeat,7,0,7,56,8,0,1,57,-1,,0,5,0,2002352029
gym-big-split-boss6,tpa-order,132,Defeat,7,0,7,56,16,0,2,71,-1,,0,5,0,929038127
gym-big-split-boss6,tpa-order,133,Defeat,7,0,7,56,4,0,1,71,-1,,0,5,0,2776717199
gym-big-split-boss6,tpa-order,134,Defeat,7,0,7,56,9,0,1,57,-1,,0,5,0,3102214087
gym-big-split-boss6,tpa-order,135,Defeat,7,0,7,56,15,0,1,57,-1,,0,5,0,2954562287
gym-big-split-boss6,tpa-order,136,Defeat,6,0,6,48,5,0,3,116,7,1:7,0,9,0,2921203763
gym-big-split-boss6,tpa-order,137,Defeat,13,0,13,104,18,0,1,53,3,1:3,0,21,0,106967156
gym-big-split-boss6,tpa-order,138,Defeat,7,0,7,56,5,0,1,71,-1,,0,3,0,1199082682
gym-big-split-boss6,tpa-order,139,Defeat,7,0,7,56,7,0,1,57,-1,,0,5,0,2002352029
gym-big-split-boss6,tpa-order,140,Defeat,9,0,9,72,12,0,1,55,-1,,0,7,0,959013164
gym-big-split-boss6,tpa-order,141,Defeat,7,0,7,56,5,0,1,71,-1,,0,5,0,2035972893
gym-big-split-boss6,tpa-order,142,Defeat,10,0,10,80,9,0,2,70,-1,,0,16,0,3097031733
gym-big-split-boss6,tpa-order,143,Defeat,5,0,5,40,5,0,2,60,7,1:7,0,6,0,453304841
gym-big-split-boss6,tpa-order,144,Defeat,12,0,12,96,11,0,1,58,-1,,0,11,0,3835342260
gym-big-split-boss6,tpa-order,145,Victory,12,0,12,96,10,15,0,50,3,1:3,0,9,0,1895070174
gym-big-split-boss6,tpa-order,146,Defeat,9,0,9,72,6,0,1,66,-1,,0,5,0,4078874817
gym-big-split-boss6,tpa-order,147,Defeat,6,0,6,48,5,0,2,100,-1,,0,4,0,1098274188
gym-big-split-boss6,tpa-order,148,Defeat,6,0,6,48,10,0,1,83,-1,,0,5,0,1986886281
gym-big-split-boss6,tpa-order,149,Defeat,8,0,8,64,6,0,1,62,-1,,0,5,0,4106604179
gym-big-split-boss6,tpa-order,150,Defeat,7,0,7,56,4,0,2,85,-1,,0,6,1,3199339373
gym-big-split-boss6,tpa-order,151,Defeat,5,0,5,40,5,0,3,80,-1,,0,2,1,3492755236
gym-big-split-boss6,tpa-order,152,Defeat,7,0,7,56,15,0,1,57,-1,,0,5,0,2819599551
gym-big-split-boss6,tpa-order,153,Defeat,5,0,5,40,10,0,2,80,-1,,0,3,0,3417152572
gym-big-split-boss6,tpa-order,154,Defeat,9,0,9,72,3,0,2,88,3,1:3,0,9,0,2911910940
gym-big-split-boss6,tpa-order,155,Defeat,7,0,7,56,4,0,1,71,-1,,0,5,0,2776717199
gym-big-split-boss6,tpa-order,156,Defeat,7,0,7,56,7,0,2,85,-1,,0,6,0,1063960553
gym-big-split-boss6,tpa-order,157,Defeat,6,0,6,48,2,0,2,83,-1,,0,4,0,3072139794
gym-big-split-boss6,tpa-order,158,Defeat,7,0,7,56,5,0,1,57,-1,,0,5,0,2002352029
gym-big-split-boss6,tpa-order,159,Defeat,6,0,6,48,12,0,2,83,-1,,0,4,0,2452534348
gym-big-split-boss6,tpa-order,160,Defeat,7,0,7,56,8,0,1,71,-1,,0,6,0,1922384030
gym-big-split-boss6,tpa-order,161,Defeat,7,0,7,56,13,0,1,57,-1,,0,6,0,2901502683
gym-big-split-boss6,tpa-order,162,Defeat,7,0,7,56,7,0,1,71,-1,,0,4,0,2035972893
gym-big-split-boss6,tpa-order,163,Defeat,8,0,8,64,5,0,1,50,-1,,0,5,0,684745321
gym-big-split-boss6,tpa-order,164,Defeat,6,0,6,48,15,0,2,100,-1,,0,5,1,453658216
gym-big-split-boss6,tpa-order,165,Defeat,7,0,7,56,7,0,1,57,-1,,0,5,0,2002352029
gym-big-split-boss6,tpa-order,166,Defeat,6,0,6,48,3,0,2,83,-1,,0,4,0,2680511145
gym-big-split-boss6,tpa-order,167,Defeat,8,0,8,64,8,0,1,37,-1,,0,6,0,2868976158
gym-big-split-boss6,tpa-order,168,Defeat,7,0,7,56,7,0,1,57,-1,,0,5,0,2002352029
gym-big-split-boss6,tpa-order,169,Defeat,7,0,7,56,7,0,1,57,-1,,0,6,0,2002352029
gym-big-split-boss6,tpa-order,170,Defeat,5,0,5,40,11,0,3,100,7,1:7,0,7,0,3007597209
gym-big-split-boss6,tpa-order,171,Defeat,6,0,6,48,5,0,1,66,-1,,0,4,1,3339164236
gym-big-split-boss6,tpa-order,172,Defeat,5,0,5,40,3,0,2,80,7,1:7,0,6,0,2519435329
gym-big-split-boss6,tpa-order,173,Defeat,6,0,6,48,4,0,2,83,-1,,0,4,0,1594574303
gym-big-split-boss6,tpa-order,174,Defeat,8,0,8,64,5,0,1,75,-1,,0,7,0,2382138824
gym-big-split-boss6,tpa-order,175,Defeat,6,0,6,48,3,0,2,100,-1,,0,5,0,3455864422
gym-big-split-boss6,tpa-order,176,Defeat,9,0,9,72,5,0,1,55,-1,,0,6,0,817048716
gym-big-split-boss6,tpa-order,177,Defeat,6,0,6,48,5,0,2,66,-1,,0,3,0,3027649880
gym-big-split-boss6,tpa-order,178,Defeat,7,0,7,56,5,0,1,57,-1,,0,4,0,1572428607
gym-big-split-boss6,tpa-order,179,Defeat,7,0,7,56,4,0,1,71,-1,,0,5,0,1977657481
gym-big-split-boss6,tpa-order,180,Defeat,5,0,5,40,4,0,2,100,-1,,0,2,1,2660045764
gym-big-split-boss6,tpa-order,181,Defeat,7,0,7,56,7,0,1,57,-1,,0,5,0,2002352029
gym-big-split-boss6,tpa-order,182,Defeat,6,0,6,48,11,0,2,66,-1,,0,4,0,4041670446
gym-big-split-boss6,tpa-order,183,Defeat,7,0,7,56,15,0,1,57,-1,,0,5,0,2954562287
gym-big-split-boss6,tpa-order,184,Defeat,6,0,6,48,10,0,2,83,-1,,0,4,0,4156795297
gym-big-split-boss6,tpa-order,185,Defeat,6,0,6,48,8,0,2,66,-1,,0,4,0,171203255
gym-big-split-boss6,tpa-order,186,Defeat,14,0,14,112,16,0,1,42,-1,,0,16,0,1019550871
gym-big-split-boss6,tpa-order,187,Defeat,7,0,7,56,7,0,1,57,-1,,0,5,0,2002352029
gym-big-split-boss6,tpa-order,188,Defeat,7,0,7,56,7,0,1,57,-1,,0,5,0,2002352029
gym-big-split-boss6,tpa-order,189,Defeat,6,0,6,48,0,0,2,83,7,1:7,0,7,1,782013995
gym-big-split-boss6,tpa-order,190,Defeat,6,0,6,48,5,0,2,100,-1,,0,4,0,2702216298
gym-big-split-boss6,tpa-order,191,Defeat,6,0,6,48,9,0,2,116,-1,,0,4,0,445473443
gym-big-split-boss6,tpa-order,192,Defeat,7,0,7,56,14,0,1,57,-1,,0,4,0,859720230
gym-big-split-boss6,tpa-order,193,Defeat,6,0,6,48,5,0,2,83,-1,,0,4,0,3810837079
gym-big-split-boss6,tpa-order,194,Defeat,6,0,6,48,3,0,1,83,-1,,0,4,0,2964339449
gym-big-split-boss6,tpa-order,195,Defeat,6,0,6,48,12,0,2,66,-1,,0,4,0,3218778207
gym-big-split-boss6,tpa-order,196,Defeat,5,0,5,40,3,0,3,60,-1,,0,5,1,747252432
gym-big-split-boss6,tpa-order,197,Defeat,6,0,6,48,6,0,2,83,-1,,0,5,1,600181284
gym-big-split-boss6,tpa-order,198,Defeat,6,0,6,48,3,0,2,66,-1,,0,3,0,738314575
gym-big-split-boss6,tpa-order,199,Defeat,5,0,5,40,20,0,2,80,-1,,0,3,1,1573709789
gym-big-split-boss6,tpa-order,200,Defeat,7,0,7,56,10,0,1,57,-1,,0,5,0,2002352029
gym-big-split-boss6,control-hold,1,Defeat,7,0,7,56,7,0,1,71,-1,,0,5,0,2776717199
gym-big-split-boss6,control-hold,2,Defeat,6,0,6,48,8,0,2,66,-1,,0,3,0,3451911530
gym-big-split-boss6,control-hold,3,Defeat,7,0,7,56,5,0,1,71,-1,,0,6,0,2674327135
gym-big-split-boss6,control-hold,4,Defeat,8,0,8,64,4,0,2,62,3,1:3,0,8,0,3637484859
gym-big-split-boss6,control-hold,5,Defeat,7,0,7,56,15,0,1,57,-1,,0,5,0,201032297
gym-big-split-boss6,control-hold,6,Defeat,7,0,7,56,5,0,1,57,-1,,0,5,0,2002352029
gym-big-split-boss6,control-hold,7,Defeat,7,0,7,56,6,0,1,71,-1,,0,6,0,860574069
gym-big-split-boss6,control-hold,8,Defeat,5,0,5,40,10,0,2,80,-1,,0,3,1,2827220934
gym-big-split-boss6,control-hold,9,Defeat,5,0,5,40,5,0,4,120,-1,,0,5,1,2328010267
gym-big-split-boss6,control-hold,10,Defeat,28,0,28,224,35,0,1,32,3,1:3,0,27,0,56538712
gym-big-split-boss6,control-hold,11,Defeat,7,0,7,56,7,0,1,57,-1,,0,5,0,2002352029
gym-big-split-boss6,control-hold,12,Defeat,7,0,7,56,7,0,2,71,-1,,0,5,0,490678229
gym-big-split-boss6,control-hold,13,Defeat,6,0,6,48,6,0,2,66,-1,,0,3,0,1968947442
gym-big-split-boss6,control-hold,14,Defeat,7,0,7,56,8,0,2,85,-1,,0,5,0,1873751769
gym-big-split-boss6,control-hold,15,Defeat,5,0,5,40,12,0,3,80,-1,,0,3,0,317460163
gym-big-split-boss6,control-hold,16,Defeat,8,0,8,64,3,0,1,62,-1,,0,7,0,997123289
gym-big-split-boss6,control-hold,17,Defeat,7,0,7,56,3,0,1,71,-1,,0,5,0,1922384030
gym-big-split-boss6,control-hold,18,Defeat,7,0,7,56,4,0,1,71,-1,,0,4,0,2820695962
gym-big-split-boss6,control-hold,19,Defeat,6,0,6,48,5,0,2,83,-1,,0,3,0,2782932940
gym-big-split-boss6,control-hold,20,Defeat,7,0,7,56,5,0,1,57,-1,,0,5,0,2002352029
gym-big-split-boss6,control-hold,21,Defeat,12,0,12,96,15,0,1,50,3,1:3,0,9,0,108208389
gym-big-split-boss6,control-hold,22,Defeat,6,0,6,48,5,0,2,83,7,1:7,0,9,0,1415035039
gym-big-split-boss6,control-hold,23,Defeat,7,0,7,56,5,0,1,57,-1,,0,5,0,2002352029
gym-big-split-boss6,control-hold,24,Defeat,5,0,5,40,5,0,3,60,7,1:7,0,6,0,732945420
gym-big-split-boss6,control-hold,25,Defeat,6,0,6,48,6,0,1,100,-1,,0,4,0,2601001947
gym-big-split-boss6,control-hold,26,Defeat,7,0,7,56,4,0,1,57,-1,,0,4,0,705537033
gym-big-split-boss6,control-hold,27,Defeat,14,0,14,112,12,0,2,71,3,1:3,0,22,0,177127265
gym-big-split-boss6,control-hold,28,Defeat,8,0,8,64,2,0,2,62,3,1:3,0,8,0,2976350305
gym-big-split-boss6,control-hold,29,Defeat,10,0,10,80,14,0,3,90,-1,,0,14,0,3714508523
gym-big-split-boss6,control-hold,30,Defeat,7,0,7,56,7,0,1,57,-1,,0,5,0,2002352029
gym-big-split-boss6,control-hold,31,Defeat,4,0,4,32,4,0,3,75,-1,,0,2,2,1851876261
gym-big-split-boss6,control-hold,32,Defeat,4,0,4,32,2,0,4,150,-1,,0,2,1,4036331545
gym-big-split-boss6,control-hold,33,Defeat,7,0,7,56,10,0,1,57,-1,,0,5,0,2673519833
gym-big-split-boss6,control-hold,34,Defeat,7,0,7,56,10,0,2,57,-1,,0,6,1,2124044047
gym-big-split-boss6,control-hold,35,Defeat,5,0,5,40,4,0,2,80,-1,,0,3,1,4221019277
gym-big-split-boss6,control-hold,36,Defeat,7,0,7,56,7,0,1,57,-1,,0,4,0,2790355057
gym-big-split-boss6,control-hold,37,Defeat,7,0,7,56,5,0,1,71,-1,,0,5,0,2776717199
gym-big-split-boss6,control-hold,38,Defeat,5,0,5,40,5,0,2,60,7,1:7,0,6,0,453304841
gym-big-split-boss6,control-hold,39,Defeat,6,0,6,48,5,0,2,83,-1,,0,4,0,2431990264
gym-big-split-boss6,control-hold,40,Defeat,7,0,7,56,5,0,2,71,-1,,0,5,0,1909966032
gym-big-split-boss6,control-hold,41,Defeat,7,0,7,56,5,0,2,85,-1,,0,5,0,2975886025
gym-big-split-boss6,control-hold,42,Defeat,7,0,7,56,7,0,1,57,-1,,0,5,0,2002352029
gym-big-split-boss6,control-hold,43,Defeat,8,0,8,64,4,0,1,50,-1,,0,8,0,3707028299
gym-big-split-boss6,control-hold,44,Defeat,6,0,6,48,7,0,2,83,-1,,0,3,0,165815994
gym-big-split-boss6,control-hold,45,Defeat,5,0,5,40,2,0,2,80,-1,,0,3,1,4221019277
gym-big-split-boss6,control-hold,46,Defeat,7,0,7,56,10,0,1,57,-1,,0,5,0,2002352029
gym-big-split-boss6,control-hold,47,Defeat,7,0,7,56,7,0,1,57,-1,,0,5,0,2002352029
gym-big-split-boss6,control-hold,48,Defeat,7,0,7,56,7,0,2,71,-1,,0,5,0,1154138114
gym-big-split-boss6,control-hold,49,Defeat,7,0,7,56,9,0,2,71,-1,,0,5,0,3966837612
gym-big-split-boss6,control-hold,50,Defeat,6,0,6,48,4,0,2,83,-1,,0,3,0,2046763422
gym-big-split-boss6,control-hold,51,Defeat,21,0,21,168,27,0,2,33,12,1:12,0,34,0,1788074010
gym-big-split-boss6,control-hold,52,Defeat,7,0,7,56,5,0,1,71,-1,,0,5,0,534326303
gym-big-split-boss6,control-hold,53,Defeat,5,0,5,40,10,0,3,100,-1,,0,3,1,1466889525
gym-big-split-boss6,control-hold,54,Defeat,8,0,8,64,8,0,1,75,-1,,0,6,0,2357210238
gym-big-split-boss6,control-hold,55,Defeat,7,0,7,56,6,0,3,71,-1,,0,7,0,1366309945
gym-big-split-boss6,control-hold,56,Defeat,5,0,5,40,10,0,3,60,-1,,0,3,1,2393336281
gym-big-split-boss6,control-hold,57,Defeat,8,0,8,64,6,0,1,62,-1,,0,5,0,3406140754
gym-big-split-boss6,control-hold,58,Defeat,8,0,8,64,3,0,1,50,-1,,0,6,0,1498412307
gym-big-split-boss6,control-hold,59,Defeat,9,0,9,72,9,0,1,55,-1,,0,10,0,1127350207
gym-big-split-boss6,control-hold,60,Defeat,5,0,5,40,5,0,3,60,7,1:7,0,6,0,182833000
gym-big-split-boss6,control-hold,61,Defeat,7,0,7,56,10,0,1,71,-1,,0,6,0,4292252931
gym-big-split-boss6,control-hold,62,Defeat,7,0,7,56,8,0,1,85,-1,,0,5,0,3706072857
gym-big-split-boss6,control-hold,63,Defeat,7,0,7,56,3,0,1,71,-1,,0,4,0,1623118661
gym-big-split-boss6,control-hold,64,Defeat,6,0,6,48,10,0,1,83,-1,,0,4,0,3829003823
gym-big-split-boss6,control-hold,65,Defeat,6,0,6,48,15,0,1,83,-1,,0,4,0,2081266811
gym-big-split-boss6,control-hold,66,Defeat,8,0,8,64,6,0,1,62,-1,,0,6,0,2615987792
gym-big-split-boss6,control-hold,67,Defeat,7,0,7,56,5,0,2,85,-1,,0,5,0,853299865
gym-big-split-boss6,control-hold,68,Defeat,5,0,5,40,14,0,3,120,-1,,0,4,1,2945672218
gym-big-split-boss6,control-hold,69,Defeat,6,0,6,48,6,0,1,83,-1,,0,4,0,3172563511
gym-big-split-boss6,control-hold,70,Defeat,6,0,6,48,10,0,2,83,-1,,0,4,0,4156795297
gym-big-split-boss6,control-hold,71,Defeat,11,0,11,88,14,0,1,54,-1,,0,12,0,1714844909
gym-big-split-boss6,control-hold,72,Defeat,10,0,10,80,3,0,1,70,-1,,0,12,0,2013148351
gym-big-split-boss6,control-hold,73,Defeat,6,0,6,48,5,0,2,83,-1,,0,6,1,90518492
gym-big-split-boss6,control-hold,74,Defeat,5,0,5,40,3,0,2,80,-1,,0,3,1,2252598556
gym-big-split-boss6,control-hold,75,Defeat,5,0,5,40,3,0,3,80,-1,,0,3,1,306185835
gym-big-split-boss6,control-hold,76,Defeat,7,0,7,56,3,0,1,71,-1,,0,5,0,2245567473
gym-big-split-boss6,control-hold,77,Defeat,7,0,7,56,11,0,1,57,-1,,0,5,0,409269559
gym-big-split-boss6,control-hold,78,Defeat,7,0,7,56,13,0,2,85,-1,,0,5,0,382006079
gym-big-split-boss6,control-hold,79,Defeat,7,0,7,56,7,0,1,57,-1,,0,6,0,2002352029
gym-big-split-boss6,control-hold,80,Defeat,7,0,7,56,3,0,2,71,-1,,0,6,0,1578025356
gym-big-split-boss6,control-hold,81,Defeat,14,0,14,112,19,0,1,57,3,1:3,0,15,0,1308508061
gym-big-split-boss6,control-hold,82,Defeat,8,0,8,64,5,0,1,62,-1,,0,5,0,3708220933
gym-big-split-boss6,control-hold,83,Defeat,5,0,5,40,3,0,3,100,7,1:7,0,5,1,483544053
gym-big-split-boss6,control-hold,84,Defeat,5,0,5,40,5,0,2,100,-1,,0,3,1,301528460
gym-big-split-boss6,control-hold,85,Defeat,6,0,6,48,2,0,1,66,-1,,0,4,0,3466796665
gym-big-split-boss6,control-hold,86,Defeat,6,0,6,48,9,0,2,83,-1,,0,3,0,2046763422
gym-big-split-boss6,control-hold,87,Defeat,7,0,7,56,10,0,1,71,-1,,0,5,0,3522344691
gym-big-split-boss6,control-hold,88,Defeat,6,0,6,48,5,0,1,66,-1,,0,4,0,1071476392
gym-big-split-boss6,control-hold,89,Defeat,7,0,7,56,3,0,1,57,-1,,0,5,0,2002352029
gym-big-split-boss6,control-hold,90,Defeat,7,0,7,56,5,0,1,57,-1,,0,4,0,3912668810
gym-big-split-boss6,control-hold,91,Defeat,7,0,7,56,11,0,2,71,-1,,0,6,0,3197617359
gym-big-split-boss6,control-hold,92,Defeat,7,0,7,56,7,0,1,57,-1,,0,5,0,2002352029
gym-big-split-boss6,control-hold,93,Defeat,6,0,6,48,3,0,3,83,-1,,0,5,0,424408165
gym-big-split-boss6,control-hold,94,Defeat,8,0,8,64,5,0,1,50,-1,,0,5,0,2747280287
gym-big-split-boss6,control-hold,95,Defeat,7,0,7,56,5,0,1,85,-1,,0,3,0,2009837379
gym-big-split-boss6,control-hold,96,Defeat,7,0,7,56,5,0,1,57,-1,,0,5,0,2002352029
gym-big-split-boss6,control-hold,97,Defeat,7,0,7,56,15,0,1,57,-1,,0,5,0,2002352029
gym-big-split-boss6,control-hold,98,Defeat,5,0,5,40,5,0,2,60,7,1:7,0,6,0,453304841
gym-big-split-boss6,control-hold,99,Defeat,7,0,7,56,13,0,1,71,-1,,0,5,0,4144601131
gym-big-split-boss6,control-hold,100,Defeat,18,0,18,144,21,0,2,33,3,1:3,0,36,0,521246455
gym-big-split-boss6,control-hold,101,Defeat,6,0,6,48,8,0,2,83,-1,,0,4,0,378970134
gym-big-split-boss6,control-hold,102,Defeat,7,0,7,56,5,0,1,57,-1,,0,6,0,2002352029
gym-big-split-boss6,control-hold,103,Defeat,7,0,7,56,7,0,1,57,-1,,0,5,0,2002352029
gym-big-split-boss6,control-hold,104,Defeat,10,0,10,80,8,0,2,80,-1,,0,12,0,2445537734
gym-big-split-boss6,control-hold,105,Defeat,6,0,6,48,5,0,2,66,-1,,0,3,0,1968947442
gym-big-split-boss6,control-hold,106,Defeat,6,0,6,48,3,0,1,83,-1,,0,4,0,1986886281
gym-big-split-boss6,control-hold,107,Defeat,21,0,21,168,25,0,1,42,3,1:3,0,21,0,601025186
gym-big-split-boss6,control-hold,108,Defeat,6,0,6,48,4,0,2,83,-1,,0,4,0,2514111582
gym-big-split-boss6,control-hold,109,Defeat,7,0,7,56,9,0,1,57,-1,,0,5,0,2002352029
gym-big-split-boss6,control-hold,110,Defeat,6,0,6,48,3,0,2,100,-1,,0,4,0,70534257
gym-big-split-boss6,control-hold,111,Defeat,6,0,6,48,14,0,1,83,-1,,0,5,0,4257844714
gym-big-split-boss6,control-hold,112,Defeat,5,0,5,40,5,0,2,80,-1,,0,3,1,2334651843
gym-big-split-boss6,control-hold,113,Defeat,7,0,7,56,14,0,2,71,-1,,0,6,1,2553898440
gym-big-split-boss6,control-hold,114,Defeat,6,0,6,48,4,0,2,100,-1,,0,4,0,1144466258
gym-big-split-boss6,control-hold,115,Defeat,6,0,6,48,10,0,2,66,-1,,0,4,0,171203255
gym-big-split-boss6,control-hold,116,Defeat,9,0,9,72,7,0,2,66,-1,,0,9,0,995441351
gym-big-split-boss6,control-hold,117,Defeat,7,0,7,56,5,0,1,71,-1,,0,5,0,2680984478
gym-big-split-boss6,control-hold,118,Defeat,7,0,7,56,4,0,1,71,-1,,0,5,0,2776717199
gym-big-split-boss6,control-hold,119,Victory,16,0,16,128,15,20,0,37,7,1:7,0,15,0,4203009398
gym-big-split-boss6,control-hold,120,Defeat,7,0,7,56,4,0,1,71,-1,,0,5,0,3362922452
gym-big-split-boss6,control-hold,121,Defeat,7,0,7,56,2,0,2,85,-1,,0,5,0,4236900982
gym-big-split-boss6,control-hold,122,Defeat,8,0,8,64,5,0,1,75,-1,,0,6,0,3504000750
gym-big-split-boss6,control-hold,123,Defeat,8,0,8,64,11,0,1,75,-1,,0,7,0,2438917532
gym-big-split-boss6,control-hold,124,Defeat,7,0,7,56,3,0,1,71,-1,,0,5,0,3324846099
gym-big-split-boss6,control-hold,125,Defeat,7,0,7,56,5,0,1,57,-1,,0,6,0,2002352029
gym-big-split-boss6,control-hold,126,Defeat,6,0,6,48,11,0,2,100,-1,,0,5,1,2092127816
gym-big-split-boss6,control-hold,127,Defeat,6,0,6,48,8,0,1,66,-1,,0,4,0,1265290698
gym-big-split-boss6,control-hold,128,Defeat,5,0,5,40,9,0,3,80,-1,,0,3,1,2510723375
gym-big-split-boss6,control-hold,129,Defeat,7,0,7,56,10,0,1,71,-1,,0,5,0,2433952409
gym-big-split-boss6,control-hold,130,Defeat,8,0,8,64,5,0,1,50,-1,,0,5,0,1498412307
gym-big-split-boss6,control-hold,131,Defeat,7,0,7,56,8,0,1,57,-1,,0,5,0,2002352029
gym-big-split-boss6,control-hold,132,Defeat,7,0,7,56,16,0,2,71,-1,,0,5,0,929038127
gym-big-split-boss6,control-hold,133,Defeat,7,0,7,56,4,0,1,71,-1,,0,5,0,2776717199
gym-big-split-boss6,control-hold,134,Defeat,7,0,7,56,9,0,1,57,-1,,0,5,0,3102214087
gym-big-split-boss6,control-hold,135,Defeat,7,0,7,56,15,0,1,57,-1,,0,5,0,2954562287
gym-big-split-boss6,control-hold,136,Defeat,5,0,5,40,5,0,4,80,7,1:7,0,7,1,3222717936
gym-big-split-boss6,control-hold,137,Defeat,13,0,13,104,18,0,1,53,3,1:3,0,21,0,106967156
gym-big-split-boss6,control-hold,138,Defeat,7,0,7,56,5,0,1,71,-1,,0,3,0,1199082682
gym-big-split-boss6,control-hold,139,Defeat,7,0,7,56,7,0,1,57,-1,,0,5,0,2002352029
gym-big-split-boss6,control-hold,140,Defeat,9,0,9,72,12,0,1,55,-1,,0,7,0,959013164
gym-big-split-boss6,control-hold,141,Defeat,7,0,7,56,5,0,1,71,-1,,0,5,0,2035972893
gym-big-split-boss6,control-hold,142,Defeat,10,0,10,80,9,0,2,70,-1,,0,16,0,3097031733
gym-big-split-boss6,control-hold,143,Defeat,5,0,5,40,5,0,2,60,7,1:7,0,6,0,453304841
gym-big-split-boss6,control-hold,144,Defeat,12,0,12,96,11,0,1,58,-1,,0,11,0,3835342260
gym-big-split-boss6,control-hold,145,Victory,12,0,12,96,10,15,0,50,3,1:3,0,9,0,1895070174
gym-big-split-boss6,control-hold,146,Defeat,9,0,9,72,6,0,1,66,-1,,0,5,0,4078874817
gym-big-split-boss6,control-hold,147,Defeat,6,0,6,48,5,0,2,100,-1,,0,4,0,1098274188
gym-big-split-boss6,control-hold,148,Defeat,6,0,6,48,10,0,1,83,-1,,0,5,0,1986886281
gym-big-split-boss6,control-hold,149,Defeat,8,0,8,64,6,0,1,62,-1,,0,5,0,4106604179
gym-big-split-boss6,control-hold,150,Defeat,7,0,7,56,4,0,2,85,-1,,0,6,1,1077931426
gym-big-split-boss6,control-hold,151,Defeat,5,0,5,40,5,0,3,80,-1,,0,2,1,3492755236
gym-big-split-boss6,control-hold,152,Defeat,7,0,7,56,15,0,1,57,-1,,0,5,0,2819599551
gym-big-split-boss6,control-hold,153,Defeat,5,0,5,40,10,0,2,80,-1,,0,3,0,3417152572
gym-big-split-boss6,control-hold,154,Defeat,9,0,9,72,3,0,2,88,3,1:3,0,9,0,2911910940
gym-big-split-boss6,control-hold,155,Defeat,7,0,7,56,4,0,1,71,-1,,0,5,0,2776717199
gym-big-split-boss6,control-hold,156,Defeat,7,0,7,56,7,0,2,85,-1,,0,6,0,1063960553
gym-big-split-boss6,control-hold,157,Defeat,6,0,6,48,2,0,2,83,-1,,0,4,0,3072139794
gym-big-split-boss6,control-hold,158,Defeat,7,0,7,56,5,0,1,57,-1,,0,5,0,2002352029
gym-big-split-boss6,control-hold,159,Defeat,6,0,6,48,12,0,2,83,-1,,0,4,0,2452534348
gym-big-split-boss6,control-hold,160,Defeat,7,0,7,56,8,0,1,71,-1,,0,6,0,1922384030
gym-big-split-boss6,control-hold,161,Defeat,7,0,7,56,13,0,1,57,-1,,0,6,0,2901502683
gym-big-split-boss6,control-hold,162,Defeat,7,0,7,56,7,0,1,71,-1,,0,4,0,2035972893
gym-big-split-boss6,control-hold,163,Defeat,8,0,8,64,5,0,1,50,-1,,0,5,0,684745321
gym-big-split-boss6,control-hold,164,Defeat,6,0,6,48,15,0,2,100,-1,,0,5,1,453658216
gym-big-split-boss6,control-hold,165,Defeat,7,0,7,56,7,0,1,57,-1,,0,5,0,2002352029
gym-big-split-boss6,control-hold,166,Defeat,6,0,6,48,3,0,2,83,-1,,0,4,0,2680511145
gym-big-split-boss6,control-hold,167,Defeat,8,0,8,64,8,0,1,37,-1,,0,6,0,2868976158
gym-big-split-boss6,control-hold,168,Defeat,7,0,7,56,7,0,1,57,-1,,0,5,0,2002352029
gym-big-split-boss6,control-hold,169,Defeat,7,0,7,56,7,0,1,57,-1,,0,6,0,2002352029
gym-big-split-boss6,control-hold,170,Defeat,5,0,5,40,11,0,3,100,7,1:7,0,7,0,3007597209
gym-big-split-boss6,control-hold,171,Defeat,6,0,6,48,5,0,1,66,-1,,0,4,1,3339164236
gym-big-split-boss6,control-hold,172,Defeat,5,0,5,40,3,0,2,80,7,1:7,0,6,0,2519435329
gym-big-split-boss6,control-hold,173,Defeat,6,0,6,48,4,0,2,83,-1,,0,4,0,1594574303
gym-big-split-boss6,control-hold,174,Defeat,8,0,8,64,5,0,1,75,-1,,0,7,0,2382138824
gym-big-split-boss6,control-hold,175,Defeat,6,0,6,48,3,0,2,100,-1,,0,5,0,3455864422
gym-big-split-boss6,control-hold,176,Defeat,9,0,9,72,5,0,1,55,-1,,0,6,0,817048716
gym-big-split-boss6,control-hold,177,Defeat,6,0,6,48,5,0,2,66,-1,,0,3,0,3027649880
gym-big-split-boss6,control-hold,178,Defeat,7,0,7,56,5,0,1,57,-1,,0,4,0,1572428607
gym-big-split-boss6,control-hold,179,Defeat,7,0,7,56,4,0,1,71,-1,,0,5,0,1977657481
gym-big-split-boss6,control-hold,180,Defeat,11,0,11,88,12,0,1,54,3,1:3,0,7,0,2366961158
gym-big-split-boss6,control-hold,181,Defeat,7,0,7,56,7,0,1,57,-1,,0,5,0,2002352029
gym-big-split-boss6,control-hold,182,Defeat,6,0,6,48,11,0,2,66,-1,,0,4,0,4041670446
gym-big-split-boss6,control-hold,183,Defeat,7,0,7,56,15,0,1,57,-1,,0,5,0,2954562287
gym-big-split-boss6,control-hold,184,Defeat,6,0,6,48,10,0,2,83,-1,,0,4,0,4156795297
gym-big-split-boss6,control-hold,185,Defeat,6,0,6,48,8,0,2,66,-1,,0,4,0,171203255
gym-big-split-boss6,control-hold,186,Defeat,14,0,14,112,16,0,1,42,-1,,0,16,0,1019550871
gym-big-split-boss6,control-hold,187,Defeat,7,0,7,56,7,0,1,57,-1,,0,5,0,2002352029
gym-big-split-boss6,control-hold,188,Defeat,7,0,7,56,7,0,1,57,-1,,0,5,0,2002352029
gym-big-split-boss6,control-hold,189,Defeat,6,0,6,48,0,0,3,100,7,1:7,0,7,1,3933362864
gym-big-split-boss6,control-hold,190,Defeat,6,0,6,48,5,0,2,100,-1,,0,4,0,2702216298
gym-big-split-boss6,control-hold,191,Defeat,6,0,6,48,9,0,2,116,-1,,0,4,0,445473443
gym-big-split-boss6,control-hold,192,Defeat,7,0,7,56,14,0,2,71,-1,,0,4,0,4294490221
gym-big-split-boss6,control-hold,193,Defeat,6,0,6,48,5,0,2,83,-1,,0,4,0,3810837079
gym-big-split-boss6,control-hold,194,Defeat,5,0,5,40,3,0,3,80,-1,,0,3,1,3397560514
gym-big-split-boss6,control-hold,195,Defeat,6,0,6,48,12,0,2,66,-1,,0,4,0,3218778207
gym-big-split-boss6,control-hold,196,Defeat,5,0,5,40,3,0,3,60,-1,,0,5,1,747252432
gym-big-split-boss6,control-hold,197,Defeat,6,0,6,48,6,0,2,83,-1,,0,5,1,600181284
gym-big-split-boss6,control-hold,198,Defeat,6,0,6,48,3,0,2,66,-1,,0,3,0,738314575
gym-big-split-boss6,control-hold,199,Defeat,5,0,5,40,20,0,2,80,-1,,0,3,1,1573709789
gym-big-split-boss6,control-hold,200,Defeat,7,0,7,56,10,0,1,57,-1,,0,5,0,2002352029
gym-big-split-boss6,charge,1,Defeat,6,0,6,48,6,0,1,66,-1,,0,3,0,619349876
gym-big-split-boss6,charge,2,Defeat,4,0,4,32,4,0,2,75,-1,,0,1,2,3620541326
gym-big-split-boss6,charge,3,Defeat,4,0,4,32,8,0,2,75,-1,,0,2,1,3647410354
gym-big-split-boss6,charge,4,Defeat,7,0,7,56,12,0,2,71,-1,,0,5,0,3112844575
gym-big-split-boss6,charge,5,Defeat,5,0,5,40,4,0,2,60,-1,,0,1,2,3483730120
gym-big-split-boss6,charge,6,Defeat,5,0,5,40,4,0,2,80,-1,,0,2,1,983486113
gym-big-split-boss6,charge,7,Defeat,3,0,3,24,12,0,3,100,-1,,0,1,3,1951791797
gym-big-split-boss6,charge,8,Defeat,4,0,4,32,4,0,3,75,-1,,0,1,2,2321548518
gym-big-split-boss6,charge,9,Defeat,5,0,5,40,6,0,2,80,-1,,0,1,2,2329643790
gym-big-split-boss6,charge,10,Defeat,3,0,3,24,8,0,4,133,-1,,0,1,2,4158319566
gym-big-split-boss6,charge,11,Defeat,4,0,4,32,4,0,2,75,-1,,0,1,2,3620541326
gym-big-split-boss6,charge,12,Defeat,4,0,4,32,4,0,2,75,-1,,0,1,2,3620541326
gym-big-split-boss6,charge,13,Defeat,6,0,6,48,8,0,2,66,-1,,0,1,0,1308600267
gym-big-split-boss6,charge,14,Defeat,5,0,5,40,5,0,2,80,-1,,0,2,1,3513297342
gym-big-split-boss6,charge,15,Defeat,4,0,4,32,4,0,3,75,-1,,0,1,2,1931519574
gym-big-split-boss6,charge,16,Defeat,4,0,4,32,4,0,2,75,-1,,0,0,2,1981626540
gym-big-split-boss6,charge,17,Defeat,4,0,4,32,2,0,2,75,-1,,0,1,2,3620541326
gym-big-split-boss6,charge,18,Defeat,4,0,4,32,4,0,2,75,-1,,0,1,2,3509749586
gym-big-split-boss6,charge,19,Defeat,4,0,4,32,4,0,2,75,-1,,0,1,2,3620541326
gym-big-split-boss6,charge,20,Defeat,5,0,5,40,4,0,2,60,-1,,0,0,1,3087899056
gym-big-split-boss6,charge,21,Defeat,5,0,5,40,10,0,2,100,-1,,0,1,0,2679439501
gym-big-split-boss6,charge,22,Defeat,4,0,4,32,5,0,3,100,-1,,0,1,2,2605229306
gym-big-split-boss6,charge,23,Defeat,4,0,4,32,6,0,2,75,-1,,0,1,2,1153838580
gym-big-split-boss6,charge,24,Defeat,3,0,3,24,4,0,3,100,-1,,0,1,2,4049311091
gym-big-split-boss6,charge,25,Defeat,5,0,5,40,4,0,2,60,-1,,0,1,1,1833413564
gym-big-split-boss6,charge,26,Defeat,4,0,4,32,4,0,2,75,-1,,0,1,2,3509749586
gym-big-split-boss6,charge,27,Defeat,4,0,4,32,4,0,2,75,-1,,0,1,2,3509749586
gym-big-split-boss6,charge,28,Defeat,5,0,5,40,8,0,2,60,-1,,0,1,1,3434197145
gym-big-split-boss6,charge,29,Defeat,4,0,4,32,4,0,2,75,-1,,0,1,2,3620541326
gym-big-split-boss6,charge,30,Defeat,6,0,6,48,6,0,2,83,-1,,0,1,0,2266599563
gym-big-split-boss6,charge,31,Defeat,7,0,7,56,2,0,2,71,-1,,0,1,0,2826473302
gym-big-split-boss6,charge,32,Defeat,4,0,4,32,8,0,3,100,-1,,0,2,2,3446802530
gym-big-split-boss6,charge,33,Defeat,4,0,4,32,4,0,2,75,-1,,0,0,2,3620541326
gym-big-split-boss6,charge,34,Defeat,3,0,3,24,4,0,3,133,-1,,0,1,2,3620596405
gym-big-split-boss6,charge,35,Defeat,5,0,5,40,4,0,2,60,-1,,0,1,2,4286334246
gym-big-split-boss6,charge,36,Defeat,4,0,4,32,4,0,2,75,-1,,0,1,2,3620541326
gym-big-split-boss6,charge,37,Defeat,5,0,5,40,4,0,2,80,-1,,0,1,1,1434731955
gym-big-split-boss6,charge,38,Defeat,5,0,5,40,1,0,2,80,-1,,0,0,1,1682484157
gym-big-split-boss6,charge,39,Defeat,6,0,6,48,4,0,1,83,-1,,0,2,0,3084002519
gym-big-split-boss6,charge,40,Defeat,4,0,4,32,2,0,2,75,-1,,0,1,2,3620541326
gym-big-split-boss6,charge,41,Defeat,4,0,4,32,4,0,2,75,-1,,0,1,2,1981626540
gym-big-split-boss6,charge,42,Defeat,4,0,4,32,4,0,2,75,-1,,0,1,2,3620541326
gym-big-split-boss6,charge,43,Defeat,4,0,4,32,2,0,2,75,-1,,0,1,2,3620541326
gym-big-split-boss6,charge,44,Defeat,5,0,5,40,9,0,2,80,-1,,0,2,0,1621154838
gym-big-split-boss6,charge,45,Defeat,4,0,4,32,9,0,3,100,-1,,0,2,2,3396709333
gym-big-split-boss6,charge,46,Defeat,4,0,4,32,6,0,2,75,-1,,0,1,1,719765762
gym-big-split-boss6,charge,47,Defeat,4,0,4,32,4,0,2,75,-1,,0,1,2,3620541326
gym-big-split-boss6,charge,48,Defeat,4,0,4,32,4,0,2,75,-1,,0,1,2,3620541326
gym-big-split-boss6,charge,49,Defeat,4,0,4,32,4,0,2,75,-1,,0,1,2,3509749586
gym-big-split-boss6,charge,50,Defeat,4,0,4,32,4,0,2,75,-1,,0,1,2,3620541326
gym-big-split-boss6,charge,51,Defeat,5,0,5,40,4,0,2,100,-1,,0,2,1,4185558169
gym-big-split-boss6,charge,52,Defeat,4,0,4,32,4,0,2,75,-1,,0,1,2,3620541326
gym-big-split-boss6,charge,53,Defeat,6,0,6,48,11,0,2,66,-1,,0,2,1,533951178
gym-big-split-boss6,charge,54,Defeat,8,0,8,64,5,0,2,75,3,1:3,0,3,0,3017881776
gym-big-split-boss6,charge,55,Defeat,5,0,5,40,8,0,2,60,-1,,0,2,2,2883512157
gym-big-split-boss6,charge,56,Defeat,7,0,7,56,4,0,2,85,-1,,0,4,0,963582305
gym-big-split-boss6,charge,57,Defeat,5,0,5,40,4,0,2,80,-1,,0,1,1,4263345439
gym-big-split-boss6,charge,58,Defeat,5,0,5,40,0,0,2,80,-1,,0,2,1,2576597654
gym-big-split-boss6,charge,59,Defeat,3,0,3,24,8,0,4,133,-1,,0,1,2,2426795074
gym-big-split-boss6,charge,60,Defeat,5,0,5,40,8,0,2,80,-1,,0,2,0,3875816106
gym-big-split-boss6,charge,61,Defeat,4,0,4,32,4,0,2,75,-1,,0,1,2,3620541326
gym-big-split-boss6,charge,62,Defeat,5,0,5,40,3,0,2,80,-1,,0,1,1,960240585
gym-big-split-boss6,charge,63,Defeat,4,0,4,32,4,0,3,75,-1,,0,2,1,197138080
gym-big-split-boss6,charge,64,Defeat,4,0,4,32,8,0,2,75,-1,,0,1,2,3940384726
gym-big-split-boss6,charge,65,Defeat,4,0,4,32,4,0,3,75,-1,,0,1,2,2321548518
gym-big-split-boss6,charge,66,Defeat,4,0,4,32,4,0,2,75,-1,,0,1,2,2291513296
gym-big-split-boss6,charge,67,Defeat,4,0,4,32,4,0,2,75,-1,,0,1,2,3509749586
gym-big-split-boss6,charge,68,Defeat,6,0,6,48,6,0,2,66,3,1:3,0,1,1,2973859818
gym-big-split-boss6,charge,69,Defeat,4,0,4,32,10,0,3,100,-1,,0,1,2,3597517674
gym-big-split-boss6,charge,70,Defeat,4,0,4,32,4,0,3,75,-1,,0,1,2,1541695790
gym-big-split-boss6,charge,71,Defeat,4,0,4,32,1,0,2,100,-1,,0,1,2,2830116534
gym-big-split-boss6,charge,72,Defeat,5,0,5,40,4,0,3,100,-1,,0,3,1,2301531102
gym-big-split-boss6,charge,73,Defeat,4,0,4,32,4,0,2,75,-1,,0,1,2,1981626540
gym-big-split-boss6,charge,74,Defeat,5,0,5,40,10,0,2,60,-1,,0,2,2,3615364473
gym-big-split-boss6,charge,75,Defeat,5,0,5,40,4,0,2,60,-1,,0,0,1,2237874744
gym-big-split-boss6,charge,76,Defeat,7,0,7,56,5,0,1,71,-1,,0,3,0,2911515120
gym-big-split-boss6,charge,77,Defeat,4,0,4,32,4,0,2,75,-1,,0,1,2,3620541326
gym-big-split-boss6,charge,78,Defeat,4,0,4,32,4,0,2,75,-1,,0,1,2,1981626540
gym-big-split-boss6,charge,79,Defeat,3,0,3,24,4,0,4,100,-1,,0,1,2,3075289766
gym-big-split-boss6,charge,80,Defeat,6,0,6,48,1,0,2,116,-1,,0,3,0,1712896035
gym-big-split-boss6,charge,81,Defeat,6,0,6,48,4,0,2,100,3,1:3,0,3,0,2257272166
gym-big-split-boss6,charge,82,Defeat,4,0,4,32,4,0,2,75,-1,,0,1,2,3620541326
gym-big-split-boss6,charge,83,Defeat,5,0,5,40,8,0,2,80,-1,,0,2,2,2182673494
gym-big-split-boss6,charge,84,Defeat,5,0,5,40,4,0,2,60,-1,,0,1,1,3563144948
gym-big-split-boss6,charge,85,Defeat,5,0,5,40,4,0,2,60,-1,,0,0,1,3087899056
gym-big-split-boss6,charge,86,Defeat,3,0,3,24,4,0,3,100,-1,,0,1,2,264118061
gym-big-split-boss6,charge,87,Defeat,4,0,4,32,4,0,2,75,-1,,0,1,2,3620541326
gym-big-split-boss6,charge,88,Defeat,5,0,5,40,4,0,2,80,-1,,0,1,1,738483769
gym-big-split-boss6,charge,89,Defeat,4,0,4,32,6,0,2,75,-1,,0,1,1,1040474728
gym-big-split-boss6,charge,90,Defeat,4,0,4,32,4,0,2,75,-1,,0,1,2,3620541326
gym-big-split-boss6,charge,91,Defeat,4,0,4,32,4,0,2,75,-1,,0,0,2,3620541326
gym-big-split-boss6,charge,92,Defeat,4,0,4,32,4,0,2,75,-1,,0,1,2,3620541326
gym-big-split-boss6,charge,93,Defeat,5,0,5,40,8,0,2,80,-1,,0,2,1,4054757093
gym-big-split-boss6,charge,94,Defeat,4,0,4,32,4,0,2,75,-1,,0,1,2,3620541326
gym-big-split-boss6,charge,95,Defeat,4,0,4,32,0,0,2,125,-1,,0,2,2,3628167925
gym-big-split-boss6,charge,96,Defeat,5,0,5,40,6,0,2,80,-1,,0,1,1,1609334796
gym-big-split-boss6,charge,97,Defeat,6,0,6,48,14,0,2,66,-1,,0,3,0,517543789
gym-big-split-boss6,charge,98,Defeat,5,0,5,40,8,0,2,80,-1,,0,2,2,454788482
gym-big-split-boss6,charge,99,Defeat,4,0,4,32,4,0,2,75,-1,,0,1,2,3620541326
gym-big-split-boss6,charge,100,Defeat,5,0,5,40,8,0,3,60,-1,,0,2,2,4130369045
gym-big-split-boss6,charge,101,Defeat,6,0,6,48,6,0,2,83,-1,,0,2,0,1647497891
gym-big-split-boss6,charge,102,Defeat,4,0,4,32,2,0,2,75,-1,,0,1,2,3620541326
gym-big-split-boss6,charge,103,Defeat,4,0,4,32,4,0,2,75,-1,,0,1,2,3620541326
gym-big-split-boss6,charge,104,Defeat,5,0,5,40,4,0,2,60,-1,,0,1,2,3288249446
gym-big-split-boss6,charge,105,Defeat,4,0,4,32,4,0,2,75,-1,,0,1,2,3620541326
gym-big-split-boss6,charge,106,Defeat,4,0,4,32,4,0,2,75,-1,,0,0,2,1981626540
gym-big-split-boss6,charge,107,Defeat,5,0,5,40,4,0,2,80,8,1:8,0,0,1,7739219
gym-big-split-boss6,charge,108,Defeat,4,0,4,32,4,0,2,75,-1,,0,1,2,3620541326
gym-big-split-boss6,charge,109,Defeat,4,0,4,32,2,0,2,75,-1,,0,1,2,3620541326
gym-big-split-boss6,charge,110,Defeat,5,0,5,40,4,0,2,60,-1,,0,1,1,1833413564
gym-big-split-boss6,charge,111,Defeat,5,0,5,40,5,0,2,100,3,1:3,0,2,2,2186099640
gym-big-split-boss6,charge,112,Defeat,4,0,4,32,4,0,2,75,-1,,0,1,2,741647471
gym-big-split-boss6,charge,113,Defeat,3,0,3,24,9,0,4,133,-1,,0,1,2,312828209
gym-big-split-boss6,charge,114,Defeat,4,0,4,32,4,0,3,100,-1,,0,1,2,3156330211
gym-big-split-boss6,charge,115,Defeat,4,0,4,32,6,0,2,75,-1,,0,2,2,3817960039
gym-big-split-boss6,charge,116,Defeat,5,0,5,40,4,0,2,80,-1,,0,1,0,4188741062
gym-big-split-boss6,charge,117,Defeat,4,0,4,32,4,0,2,75,-1,,0,1,2,3620541326
gym-big-split-boss6,charge,118,Defeat,6,0,6,48,6,0,2,83,-1,,0,1,0,2266599563
gym-big-split-boss6,charge,119,Defeat,4,0,4,32,8,0,2,75,-1,,0,1,2,3940384726
gym-big-split-boss6,charge,120,Defeat,5,0,5,40,6,0,1,80,-1,,0,1,0,2357031532
gym-big-split-boss6,charge,121,Defeat,5,0,5,40,10,0,2,80,-1,,0,2,2,452057429
gym-big-split-boss6,charge,122,Defeat,5,0,5,40,4,0,2,80,-1,,0,1,1,1434731955
gym-big-split-boss6,charge,123,Defeat,4,0,4,32,4,0,2,75,-1,,0,1,2,3620541326
gym-big-split-boss6,charge,124,Defeat,3,0,3,24,8,0,4,166,-1,,0,1,2,1436006546
gym-big-split-boss6,charge,125,Defeat,5,0,5,40,4,0,2,80,-1,,0,2,1,983486113
gym-big-split-boss6,charge,126,Defeat,5,0,5,40,4,0,2,80,8,1:8,0,1,1,2071301233
gym-big-split-boss6,charge,127,Defeat,4,0,4,32,4,0,3,75,-1,,0,0,2,964782212
gym-big-split-boss6,charge,128,Defeat,6,0,6,48,4,0,2,83,-1,,0,2,0,2842708703
gym-big-split-boss6,charge,129,Defeat,4,0,4,32,4,0,2,75,-1,,0,1,2,3620541326
gym-big-split-boss6,charge,130,Defeat,4,0,4,32,4,0,2,75,-1,,0,1,2,3620541326
gym-big-split-boss6,charge,131,Defeat,5,0,5,40,4,0,2,60,-1,,0,0,1,3087899056
gym-big-split-boss6,charge,132,Defeat,4,0,4,32,4,0,2,75,7,1:7,0,1,2,3216355358
gym-big-split-boss6,charge,133,Defeat,4,0,4,32,8,0,2,75,-1,,0,1,2,3940384726
gym-big-split-boss6,charge,134,Defeat,5,0,5,40,4,0,2,60,-1,,0,0,1,3087899056
gym-big-split-boss6,charge,135,Defeat,4,0,4,32,4,0,2,75,-1,,0,1,2,3620541326
gym-big-split-boss6,charge,136,Defeat,3,0,3,24,12,0,3,100,-1,,0,1,3,1951791797
gym-big-split-boss6,charge,137,Defeat,5,0,5,40,6,0,2,120,-1,,0,3,1,4236095612
gym-big-split-boss6,charge,138,Defeat,4,0,4,32,4,0,2,75,-1,,0,1,2,3620541326
gym-big-split-boss6,charge,139,Defeat,4,0,4,32,4,0,2,75,-1,,0,1,2,3620541326
gym-big-split-boss6,charge,140,Defeat,3,0,3,24,4,0,3,100,-1,,0,1,2,4049311091
gym-big-split-boss6,charge,141,Defeat,4,0,4,32,4,0,2,75,-1,,0,1,2,3620541326
gym-big-split-boss6,charge,142,Defeat,5,0,5,40,1,0,2,80,-1,,0,2,1,1499280590
gym-big-split-boss6,charge,143,Defeat,5,0,5,40,1,0,2,80,-1,,0,1,1,1434731955
gym-big-split-boss6,charge,144,Defeat,5,0,5,40,4,0,2,80,-1,,0,1,1,1434731955
gym-big-split-boss6,charge,145,Defeat,4,0,4,32,4,0,2,75,-1,,0,1,2,3620541326
gym-big-split-boss6,charge,146,Defeat,4,0,4,32,4,0,2,75,-1,,0,1,2,3620541326
gym-big-split-boss6,charge,147,Defeat,5,0,5,40,4,0,2,80,-1,,0,0,1,1434731955
gym-big-split-boss6,charge,148,Defeat,5,0,5,40,8,0,2,80,-1,,0,2,1,2576597654
gym-big-split-boss6,charge,149,Defeat,5,0,5,40,4,0,2,60,-1,,0,0,1,2237874744
gym-big-split-boss6,charge,150,Defeat,4,0,4,32,6,0,2,75,-1,,0,1,1,1040474728
gym-big-split-boss6,charge,151,Defeat,4,0,4,32,4,0,2,75,-1,,0,1,2,3620541326
gym-big-split-boss6,charge,152,Defeat,4,0,4,32,6,0,2,75,-1,,0,1,1,1040474728
gym-big-split-boss6,charge,153,Defeat,5,0,5,40,4,0,2,80,8,1:8,0,1,1,1680807367
gym-big-split-boss6,charge,154,Defeat,5,0,5,40,6,0,2,80,-1,,0,1,0,244554622
gym-big-split-boss6,charge,155,Defeat,4,0,4,32,4,0,2,75,-1,,0,1,2,3620541326
gym-big-split-boss6,charge,156,Defeat,5,0,5,40,4,0,2,100,-1,,0,1,0,3267283972
gym-big-split-boss6,charge,157,Defeat,3,0,3,24,12,0,3,100,-1,,0,1,3,1951791797
gym-big-split-boss6,charge,158,Defeat,4,0,4,32,4,0,2,75,-1,,0,1,2,3620541326
gym-big-split-boss6,charge,159,Defeat,4,0,4,32,4,0,2,75,-1,,0,1,2,3620541326
gym-big-split-boss6,charge,160,Defeat,3,0,3,24,8,0,3,133,-1,,0,1,2,3285600835
gym-big-split-boss6,charge,161,Defeat,3,0,3,24,8,0,4,100,-1,,0,1,3,202481638
gym-big-split-boss6,charge,162,Defeat,6,0,6,48,6,0,2,83,-1,,0,2,0,2868455285
gym-big-split-boss6,charge,163,Defeat,4,0,4,32,4,0,2,75,-1,,0,1,2,3620541326
gym-big-split-boss6,charge,164,Defeat,6,0,6,48,10,0,2,83,-1,,0,2,0,479281639
gym-big-split-boss6,charge,165,Defeat,4,0,4,32,4,0,2,75,-1,,0,1,2,3509749586
gym-big-split-boss6,charge,166,Defeat,3,0,3,24,2,0,3,133,-1,,0,1,2,3431090315
gym-big-split-boss6,charge,167,Defeat,4,0,4,32,2,0,2,75,-1,,0,1,2,3620541326
gym-big-split-boss6,charge,168,Defeat,5,0,5,40,6,0,2,60,-1,,0,1,1,2751069471
gym-big-split-boss6,charge,169,Defeat,5,0,5,40,6,0,2,80,-1,,0,3,1,220864887
gym-big-split-boss6,charge,170,Defeat,4,0,4,32,4,0,2,75,-1,,0,1,1,2758820534
gym-big-split-boss6,charge,171,Defeat,4,0,4,32,4,0,2,75,-1,,0,0,2,1981626540
gym-big-split-boss6,charge,172,Defeat,4,0,4,32,1,0,2,100,-1,,0,2,2,2998202262
gym-big-split-boss6,charge,173,Defeat,4,0,4,32,4,0,2,75,-1,,0,1,2,3620541326
gym-big-split-boss6,charge,174,Defeat,4,0,4,32,4,0,2,75,-1,,0,1,2,3620541326
gym-big-split-boss6,charge,175,Defeat,3,0,3,24,4,0,3,100,-1,,0,1,2,4049311091
gym-big-split-boss6,charge,176,Defeat,4,0,4,32,4,0,2,75,-1,,0,1,2,3620541326
gym-big-split-boss6,charge,177,Defeat,5,0,5,40,4,0,2,80,-1,,0,1,0,2817761574
gym-big-split-boss6,charge,178,Defeat,5,0,5,40,4,0,2,60,-1,,0,1,1,3356225534
gym-big-split-boss6,charge,179,Defeat,4,0,4,32,4,0,2,75,-1,,0,1,2,3620541326
gym-big-split-boss6,charge,180,Defeat,6,0,6,48,5,0,2,66,-1,,0,2,1,1713950582
gym-big-split-boss6,charge,181,Defeat,4,0,4,32,2,0,2,75,-1,,0,1,2,3620541326
gym-big-split-boss6,charge,182,Defeat,5,0,5,40,4,0,1,80,-1,,0,1,0,2390985704
gym-big-split-boss6,charge,183,Defeat,4,0,4,32,4,0,2,75,-1,,0,1,2,3620541326
gym-big-split-boss6,charge,184,Defeat,5,0,5,40,8,0,2,60,-1,,0,2,2,3753494215
gym-big-split-boss6,charge,185,Defeat,4,0,4,32,4,0,2,75,-1,,0,1,2,3620541326
gym-big-split-boss6,charge,186,Defeat,3,0,3,24,4,0,3,133,-1,,0,1,2,3431090315
gym-big-split-boss6,charge,187,Defeat,4,0,4,32,4,0,2,75,-1,,0,1,2,3620541326
gym-big-split-boss6,charge,188,Defeat,5,0,5,40,5,0,3,100,7,1:7,0,2,1,2931498305
gym-big-split-boss6,charge,189,Defeat,5,0,5,40,5,0,2,60,-1,,0,2,0,2105725134
gym-big-split-boss6,charge,190,Defeat,4,0,4,32,4,0,2,75,-1,,0,1,2,3620541326
gym-big-split-boss6,charge,191,Defeat,3,0,3,24,4,0,4,133,-1,,0,1,2,509081656
gym-big-split-boss6,charge,192,Defeat,5,0,5,40,5,0,2,80,-1,,0,1,0,2204078062
gym-big-split-boss6,charge,193,Defeat,4,0,4,32,4,0,2,75,7,1:7,0,1,2,3216355358
gym-big-split-boss6,charge,194,Defeat,5,0,5,40,14,0,2,100,-1,,0,3,1,3683316987
gym-big-split-boss6,charge,195,Defeat,4,0,4,32,4,0,2,75,-1,,0,1,2,3620541326
gym-big-split-boss6,charge,196,Defeat,5,0,5,40,8,0,2,80,-1,,0,2,0,1152358098
gym-big-split-boss6,charge,197,Defeat,5,0,5,40,4,0,2,80,-1,,0,0,1,1434731955
gym-big-split-boss6,charge,198,Defeat,3,0,3,24,12,0,3,100,-1,,0,1,3,1951791797
gym-big-split-boss6,charge,199,Defeat,4,0,4,32,17,0,3,75,-1,,0,2,1,3511961112
gym-big-split-boss6,charge,200,Defeat,4,0,4,32,7,0,2,75,-1,,0,1,1,1711893832
gym-big-split-boss6-kill,corridor-hold,1,Defeat,7,0,7,56,7,0,1,71,-1,,0,5,0,3504633802
gym-big-split-boss6-kill,corridor-hold,2,Defeat,6,0,6,48,8,0,2,66,-1,,0,3,0,1936779263
gym-big-split-boss6-kill,corridor-hold,3,Defeat,7,0,7,56,5,0,1,71,-1,,0,6,0,3013758874
gym-big-split-boss6-kill,corridor-hold,4,Defeat,8,0,8,64,4,0,2,62,3,1:3,0,8,0,2938663230
gym-big-split-boss6-kill,corridor-hold,5,Defeat,7,0,7,56,15,0,1,57,-1,,0,5,0,362322636
gym-big-split-boss6-kill,corridor-hold,6,Defeat,7,0,7,56,5,0,1,57,-1,,0,5,0,3810894392
gym-big-split-boss6-kill,corridor-hold,7,Defeat,7,0,7,56,6,0,1,71,-1,,0,6,0,4060858256
gym-big-split-boss6-kill,corridor-hold,8,Defeat,5,0,5,40,10,0,2,80,-1,,0,3,1,2661308691
gym-big-split-boss6-kill,corridor-hold,9,Defeat,5,0,5,40,5,0,4,120,-1,,0,5,1,2684098590
gym-big-split-boss6-kill,corridor-hold,10,Defeat,28,0,28,224,35,0,1,32,3,1:3,0,27,0,3547386189
gym-big-split-boss6-kill,corridor-hold,11,Defeat,7,0,7,56,7,0,1,57,-1,,0,5,0,3810894392
gym-big-split-boss6-kill,corridor-hold,12,Defeat,7,0,7,56,7,0,2,71,-1,,0,5,0,1547598832
gym-big-split-boss6-kill,corridor-hold,13,Defeat,6,0,6,48,6,0,2,66,-1,,0,3,0,1084780039
gym-big-split-boss6-kill,corridor-hold,14,Defeat,7,0,7,56,8,0,2,85,-1,,0,5,0,759585340
gym-big-split-boss6-kill,corridor-hold,15,Defeat,5,0,5,40,12,0,3,80,-1,,0,3,0,490538310
gym-big-split-boss6-kill,corridor-hold,16,Defeat,8,0,8,64,3,0,1,62,-1,,0,7,0,4080857148
gym-big-split-boss6-kill,corridor-hold,17,Defeat,7,0,7,56,3,0,1,71,-1,,0,5,0,3406011755
gym-big-split-boss6-kill,corridor-hold,18,Defeat,7,0,7,56,4,0,1,71,-1,,0,4,0,13857071
gym-big-split-boss6-kill,corridor-hold,19,Defeat,6,0,6,48,5,0,2,83,-1,,0,3,0,1052242169
gym-big-split-boss6-kill,corridor-hold,20,Defeat,7,0,7,56,5,0,1,57,-1,,0,5,0,3810894392
gym-big-split-boss6-kill,corridor-hold,21,Defeat,12,0,12,96,15,0,1,50,3,1:3,0,9,0,4173087776
gym-big-split-boss6-kill,corridor-hold,22,Defeat,6,0,6,48,5,0,2,83,7,1:7,0,9,0,2702736858
gym-big-split-boss6-kill,corridor-hold,23,Defeat,7,0,7,56,5,0,1,57,-1,,0,5,0,3810894392
gym-big-split-boss6-kill,corridor-hold,24,Defeat,5,0,5,40,5,0,3,60,7,1:7,0,6,0,3199381817
gym-big-split-boss6-kill,corridor-hold,25,Defeat,6,0,6,48,6,0,1,100,-1,,0,4,0,1341139422
gym-big-split-boss6-kill,corridor-hold,26,Defeat,7,0,7,56,4,0,1,57,-1,,0,4,0,2787204716
gym-big-split-boss6-kill,corridor-hold,27,Defeat,14,0,14,112,12,0,2,71,3,1:3,0,22,0,1326628164
gym-big-split-boss6-kill,corridor-hold,28,Defeat,8,0,8,64,2,0,2,62,3,1:3,0,8,0,3675049540
gym-big-split-boss6-kill,corridor-hold,29,Defeat,10,0,10,80,14,0,3,90,-1,,0,14,0,796209646
gym-big-split-boss6-kill,corridor-hold,30,Defeat,7,0,7,56,7,0,1,57,-1,,0,5,0,3810894392
gym-big-split-boss6-kill,corridor-hold,31,Defeat,4,0,4,32,4,0,3,75,-1,,0,2,2,3056629952
gym-big-split-boss6-kill,corridor-hold,32,Defeat,4,0,4,32,2,0,4,150,-1,,0,2,1,3320764284
gym-big-split-boss6-kill,corridor-hold,33,Defeat,7,0,7,56,10,0,1,57,-1,,0,5,0,2965321788
gym-big-split-boss6-kill,corridor-hold,34,Defeat,7,0,7,56,10,0,2,57,-1,,0,6,1,2012925770
gym-big-split-boss6-kill,corridor-hold,35,Defeat,5,0,5,40,4,0,2,80,-1,,0,3,1,838371880
gym-big-split-boss6-kill,corridor-hold,36,Defeat,7,0,7,56,7,0,1,57,-1,,0,4,0,1973162836
gym-big-split-boss6-kill,corridor-hold,37,Defeat,7,0,7,56,5,0,1,71,-1,,0,5,0,3504633802
gym-big-split-boss6-kill,corridor-hold,38,Defeat,5,0,5,40,5,0,2,60,7,1:7,0,6,0,3847355500
gym-big-split-boss6-kill,corridor-hold,39,Defeat,6,0,6,48,5,0,2,83,-1,,0,4,0,2047252205
gym-big-split-boss6-kill,corridor-hold,40,Defeat,7,0,7,56,5,0,2,71,-1,,0,5,0,2552872261
gym-big-split-boss6-kill,corridor-hold,41,Defeat,7,0,7,56,5,0,2,85,-1,,0,5,0,422314284
gym-big-split-boss6-kill,corridor-hold,42,Defeat,7,0,7,56,7,0,1,57,-1,,0,5,0,3810894392
gym-big-split-boss6-kill,corridor-hold,43,Defeat,8,0,8,64,4,0,1,50,-1,,0,8,0,2202127438
gym-big-split-boss6-kill,corridor-hold,44,Defeat,6,0,6,48,7,0,2,83,-1,,0,3,0,2347797071
gym-big-split-boss6-kill,corridor-hold,45,Defeat,5,0,5,40,2,0,2,80,-1,,0,3,1,838371880
gym-big-split-boss6-kill,corridor-hold,46,Defeat,7,0,7,56,10,0,1,57,-1,,0,5,0,3810894392
gym-big-split-boss6-kill,corridor-hold,47,Defeat,7,0,7,56,7,0,1,57,-1,,0,5,0,3810894392
gym-big-split-boss6-kill,corridor-hold,48,Defeat,7,0,7,56,7,0,2,71,-1,,0,5,0,1157394967
gym-big-split-boss6-kill,corridor-hold,49,Defeat,7,0,7,56,9,0,2,71,-1,,0,5,0,2260412057
gym-big-split-boss6-kill,corridor-hold,50,Defeat,6,0,6,48,4,0,2,83,-1,,0,3,0,243846763
gym-big-split-boss6-kill,corridor-hold,51,Defeat,21,0,21,168,27,0,2,33,12,1:12,0,34,0,3311176111
gym-big-split-boss6-kill,corridor-hold,52,Defeat,7,0,7,56,5,0,1,71,-1,,0,5,0,838830426
gym-big-split-boss6-kill,corridor-hold,53,Defeat,5,0,5,40,10,0,3,100,-1,,0,3,1,446519120
gym-big-split-boss6-kill,corridor-hold,54,Defeat,8,0,8,64,8,0,1,75,-1,,0,6,0,448765771
gym-big-split-boss6-kill,corridor-hold,55,Defeat,7,0,7,56,6,0,3,71,-1,,0,7,0,3470423452
gym-big-split-boss6-kill,corridor-hold,56,Defeat,5,0,5,40,10,0,3,60,-1,,0,3,1,3067610428
gym-big-split-boss6-kill,corridor-hold,57,Defeat,8,0,8,64,6,0,1,62,-1,,0,5,0,1915125863
gym-big-split-boss6-kill,corridor-hold,58,Defeat,8,0,8,64,3,0,1,50,-1,,0,6,0,2891609238
gym-big-split-boss6-kill,corridor-hold,59,Defeat,9,0,9,72,9,0,1,55,-1,,0,10,0,2292227834
gym-big-split-boss6-kill,corridor-hold,60,Defeat,5,0,5,40,5,0,3,60,7,1:7,0,6,0,4062646109
gym-big-split-boss6-kill,corridor-hold,61,Defeat,7,0,7,56,10,0,1,71,-1,,0,6,0,490258310
gym-big-split-boss6-kill,corridor-hold,62,Defeat,7,0,7,56,8,0,1,85,-1,,0,5,0,3256266364
gym-big-split-boss6-kill,corridor-hold,63,Defeat,7,0,7,56,3,0,1,71,-1,,0,4,0,1909647968
gym-big-split-boss6-kill,corridor-hold,64,Defeat,6,0,6,48,10,0,1,83,-1,,0,4,0,2645280874
gym-big-split-boss6-kill,corridor-hold,65,Defeat,6,0,6,48,15,0,1,83,-1,,0,4,0,2441770110
gym-big-split-boss6-kill,corridor-hold,66,Defeat,8,0,8,64,6,0,1,62,-1,,0,6,0,1399930565
gym-big-split-boss6-kill,corridor-hold,67,Defeat,7,0,7,56,5,0,2,85,-1,,0,5,0,1197042172
gym-big-split-boss6-kill,corridor-hold,68,Defeat,5,0,5,40,14,0,3,120,-1,,0,4,1,1802753455
gym-big-split-boss6-kill,corridor-hold,69,Defeat,6,0,6,48,6,0,1,83,-1,,0,4,0,2464528114
gym-big-split-boss6-kill,corridor-hold,70,Defeat,6,0,6,48,10,0,2,83,-1,,0,4,0,1829510020
gym-big-split-boss6-kill,corridor-hold,71,Defeat,11,0,11,88,14,0,1,54,-1,,0,12,0,3076937864
gym-big-split-boss6-kill,corridor-hold,72,Defeat,10,0,10,80,3,0,1,70,-1,,0,12,0,3429262330
gym-big-split-boss6-kill,corridor-hold,73,Defeat,6,0,6,48,5,0,2,83,-1,,0,6,1,2352777737
gym-big-split-boss6-kill,corridor-hold,74,Defeat,5,0,5,40,3,0,2,80,-1,,0,3,1,408643401
gym-big-split-boss6-kill,corridor-hold,75,Defeat,5,0,5,40,3,0,3,80,-1,,0,3,1,1391831406
gym-big-split-boss6-kill,corridor-hold,76,Defeat,7,0,7,56,3,0,1,71,-1,,0,5,0,3507805908
gym-big-split-boss6-kill,corridor-hold,77,Defeat,7,0,7,56,11,0,1,57,-1,,0,5,0,453943794
gym-big-split-boss6-kill,corridor-hold,78,Defeat,7,0,7,56,13,0,2,85,-1,,0,5,0,1855007354
gym-big-split-boss6-kill,corridor-hold,79,Defeat,7,0,7,56,7,0,1,57,-1,,0,6,0,3810894392
gym-big-split-boss6-kill,corridor-hold,80,Defeat,7,0,7,56,3,0,2,71,-1,,0,6,0,3760508601
gym-big-split-boss6-kill,corridor-hold,81,Defeat,14,0,14,112,19,0,1,57,3,1:3,0,15,0,707848760
gym-big-split-boss6-kill,corridor-hold,82,Defeat,8,0,8,64,5,0,1,62,-1,,0,5,0,919316768
gym-big-split-boss6-kill,corridor-hold,83,Defeat,5,0,5,40,3,0,3,100,7,1:7,0,5,1,766872080
gym-big-split-boss6-kill,corridor-hold,84,Defeat,5,0,5,40,5,0,2,100,-1,,0,3,1,1690518201
gym-big-split-boss6-kill,corridor-hold,85,Defeat,6,0,6,48,2,0,1,66,-1,,0,4,0,3305589724
gym-big-split-boss6-kill,corridor-hold,86,Defeat,6,0,6,48,9,0,2,83,-1,,0,3,0,243846763
gym-big-split-boss6-kill,corridor-hold,87,Defeat,7,0,7,56,10,0,1,71,-1,,0,5,0,3475975286
gym-big-split-boss6-kill,corridor-hold,88,Defeat,6,0,6,48,5,0,1,66,-1,,0,4,0,3026498205
gym-big-split-boss6-kill,corridor-hold,89,Defeat,7,0,7,56,3,0,1,57,-1,,0,5,0,3810894392
gym-big-split-boss6-kill,corridor-hold,90,Defeat,7,0,7,56,5,0,1,57,-1,,0,4,0,3813210911
gym-big-split-boss6-kill,corridor-hold,91,Defeat,7,0,7,56,11,0,2,71,-1,,0,6,0,2443659530
gym-big-split-boss6-kill,corridor-hold,92,Defeat,7,0,7,56,7,0,1,57,-1,,0,5,0,3810894392
gym-big-split-boss6-kill,corridor-hold,93,Defeat,6,0,6,48,3,0,3,83,-1,,0,5,0,57935232
gym-big-split-boss6-kill,corridor-hold,94,Defeat,8,0,8,64,5,0,1,50,-1,,0,5,0,2856575194
gym-big-split-boss6-kill,corridor-hold,95,Defeat,7,0,7,56,5,0,1,85,-1,,0,3,0,1894862278
gym-big-split-boss6-kill,corridor-hold,96,Defeat,7,0,7,56,5,0,1,57,-1,,0,5,0,3810894392
gym-big-split-boss6-kill,corridor-hold,97,Defeat,7,0,7,56,15,0,1,57,-1,,0,5,0,3810894392
gym-big-split-boss6-kill,corridor-hold,98,Defeat,5,0,5,40,5,0,2,60,7,1:7,0,6,0,3847355500
gym-big-split-boss6-kill,corridor-hold,99,Defeat,7,0,7,56,13,0,1,71,-1,,0,5,0,4167927598
gym-big-split-boss6-kill,corridor-hold,100,Defeat,18,0,18,144,21,0,2,33,3,1:3,0,36,0,2729349042
gym-big-split-boss6-kill,corridor-hold,101,Defeat,6,0,6,48,8,0,2,83,-1,,0,4,0,3105040995
gym-big-split-boss6-kill,corridor-hold,102,Defeat,7,0,7,56,5,0,1,57,-1,,0,6,0,3810894392
gym-big-split-boss6-kill,corridor-hold,103,Defeat,7,0,7,56,7,0,1,57,-1,,0,5,0,3810894392
gym-big-split-boss6-kill,corridor-hold,104,Defeat,10,0,10,80,8,0,2,80,-1,,0,12,0,3657462547
gym-big-split-boss6-kill,corridor-hold,105,Defeat,6,0,6,48,5,0,2,66,-1,,0,3,0,1084780039
gym-big-split-boss6-kill,corridor-hold,106,Defeat,6,0,6,48,3,0,1,83,-1,,0,4,0,439663852
gym-big-split-boss6-kill,corridor-hold,107,Defeat,21,0,21,168,25,0,1,42,3,1:3,0,21,0,741019319
gym-big-split-boss6-kill,corridor-hold,108,Defeat,6,0,6,48,4,0,2,83,-1,,0,4,0,2100237611
gym-big-split-boss6-kill,corridor-hold,109,Defeat,7,0,7,56,9,0,1,57,-1,,0,5,0,3810894392
gym-big-split-boss6-kill,corridor-hold,110,Defeat,6,0,6,48,3,0,2,100,-1,,0,4,0,553985876
gym-big-split-boss6-kill,corridor-hold,111,Defeat,6,0,6,48,14,0,1,83,-1,,0,5,0,1192894591
gym-big-split-boss6-kill,corridor-hold,112,Defeat,5,0,5,40,5,0,2,80,-1,,0,3,1,1058282566
gym-big-split-boss6-kill,corridor-hold,113,Defeat,7,0,7,56,14,0,2,71,-1,,0,6,1,2221245373
gym-big-split-boss6-kill,corridor-hold,114,Defeat,6,0,6,48,4,0,2,100,-1,,0,4,0,3733255783
gym-big-split-boss6-kill,corridor-hold,115,Defeat,6,0,6,48,10,0,2,66,-1,,0,4,0,3516481394
gym-big-split-boss6-kill,corridor-hold,116,Defeat,9,0,9,72,7,0,2,66,-1,,0,9,0,305820802
gym-big-split-boss6-kill,corridor-hold,117,Defeat,7,0,7,56,5,0,1,71,-1,,0,5,0,3104039019
gym-big-split-boss6-kill,corridor-hold,118,Defeat,7,0,7,56,4,0,1,71,-1,,0,5,0,3504633802
gym-big-split-boss6-kill,corridor-hold,119,Victory,16,0,16,128,15,20,0,37,7,1:7,0,15,0,767094211
gym-big-split-boss6-kill,corridor-hold,120,Defeat,7,0,7,56,4,0,1,71,-1,,0,5,0,16911233
gym-big-split-boss6-kill,corridor-hold,121,Defeat,7,0,7,56,2,0,2,85,-1,,0,5,0,1127391939
gym-big-split-boss6-kill,corridor-hold,122,Defeat,8,0,8,64,5,0,1,75,-1,,0,6,0,3788453051
gym-big-split-boss6-kill,corridor-hold,123,Defeat,8,0,8,64,11,0,1,75,-1,,0,7,0,699994057
gym-big-split-boss6-kill,corridor-hold,124,Defeat,7,0,7,56,3,0,1,71,-1,,0,5,0,2584481686
gym-big-split-boss6-kill,corridor-hold,125,Defeat,7,0,7,56,5,0,1,57,-1,,0,6,0,3810894392
gym-big-split-boss6-kill,corridor-hold,126,Defeat,6,0,6,48,11,0,2,100,-1,,0,5,1,3179093053
gym-big-split-boss6-kill,corridor-hold,127,Defeat,6,0,6,48,8,0,1,66,-1,,0,4,0,3148527199
gym-big-split-boss6-kill,corridor-hold,128,Defeat,5,0,5,40,9,0,3,80,-1,,0,3,1,3441056618
gym-big-split-boss6-kill,corridor-hold,129,Defeat,7,0,7,56,10,0,1,71,-1,,0,5,0,1743503868
gym-big-split-boss6-kill,corridor-hold,130,Defeat,8,0,8,64,5,0,1,50,-1,,0,5,0,2891609238
gym-big-split-boss6-kill,corridor-hold,131,Defeat,7,0,7,56,8,0,1,57,-1,,0,5,0,3810894392
gym-big-split-boss6-kill,corridor-hold,132,Defeat,7,0,7,56,16,0,2,71,-1,,0,5,0,629252458
gym-big-split-boss6-kill,corridor-hold,133,Defeat,7,0,7,56,4,0,1,71,-1,,0,5,0,3504633802
gym-big-split-boss6-kill,corridor-hold,134,Defeat,7,0,7,56,9,0,1,57,-1,,0,5,0,349065602
gym-big-split-boss6-kill,corridor-hold,135,Defeat,7,0,7,56,15,0,1,57,-1,,0,5,0,4026734890
gym-big-split-boss6-kill,corridor-hold,136,Defeat,5,0,5,40,5,0,4,80,7,1:7,0,7,1,2356328549
gym-big-split-boss6-kill,corridor-hold,137,Defeat,13,0,13,104,18,0,1,53,3,1:3,0,21,0,1244425761
gym-big-split-boss6-kill,corridor-hold,138,Defeat,7,0,7,56,5,0,1,71,-1,,0,3,0,2789527631
gym-big-split-boss6-kill,corridor-hold,139,Defeat,7,0,7,56,7,0,1,57,-1,,0,5,0,3810894392
gym-big-split-boss6-kill,corridor-hold,140,Defeat,9,0,9,72,12,0,1,55,-1,,0,7,0,2677239897
gym-big-split-boss6-kill,corridor-hold,141,Defeat,7,0,7,56,5,0,1,71,-1,,0,5,0,976829880
gym-big-split-boss6-kill,corridor-hold,142,Defeat,10,0,10,80,9,0,2,70,-1,,0,16,0,2638349904
gym-big-split-boss6-kill,corridor-hold,143,Defeat,5,0,5,40,5,0,2,60,7,1:7,0,6,0,3847355500
gym-big-split-boss6-kill,corridor-hold,144,Defeat,12,0,12,96,11,0,1,58,-1,,0,11,0,2041073505
gym-big-split-boss6-kill,corridor-hold,145,Victory,12,0,12,96,10,15,0,50,3,1:3,0,9,0,1598749355
gym-big-split-boss6-kill,corridor-hold,146,Defeat,9,0,9,72,6,0,1,66,-1,,0,5,0,84999332
gym-big-split-boss6-kill,corridor-hold,147,Defeat,6,0,6,48,5,0,2,100,-1,,0,4,0,441361081
gym-big-split-boss6-kill,corridor-hold,148,Defeat,6,0,6,48,10,0,1,83,-1,,0,5,0,439663852
gym-big-split-boss6-kill,corridor-hold,149,Defeat,8,0,8,64,6,0,1,62,-1,,0,5,0,1028900374
gym-big-split-boss6-kill,corridor-hold,150,Defeat,7,0,7,56,4,0,2,85,-1,,0,6,1,1419248055
gym-big-split-boss6-kill,corridor-hold,151,Defeat,5,0,5,40,5,0,3,80,-1,,0,2,1,4142726097
gym-big-split-boss6-kill,corridor-hold,152,Defeat,7,0,7,56,15,0,1,57,-1,,0,5,0,1548049402
gym-big-split-boss6-kill,corridor-hold,153,Defeat,5,0,5,40,10,0,2,80,-1,,0,3,0,424374377
gym-big-split-boss6-kill,corridor-hold,154,Defeat,9,0,9,72,3,0,2,88,3,1:3,0,9,0,2037081673
gym-big-split-boss6-kill,corridor-hold,155,Defeat,7,0,7,56,4,0,1,71,-1,,0,5,0,3504633802
gym-big-split-boss6-kill,corridor-hold,156,Defeat,7,0,7,56,7,0,2,85,-1,,0,6,0,2381221964
gym-big-split-boss6-kill,corridor-hold,157,Defeat,6,0,6,48,2,0,2,83,-1,,0,4,0,689031463
gym-big-split-boss6-kill,corridor-hold,158,Defeat,7,0,7,56,5,0,1,57,-1,,0,5,0,3810894392
gym-big-split-boss6-kill,corridor-hold,159,Defeat,6,0,6,48,12,0,2,83,-1,,0,4,0,2037800313
gym-big-split-boss6-kill,corridor-hold,160,Defeat,7,0,7,56,8,0,1,71,-1,,0,6,0,3406011755
gym-big-split-boss6-kill,corridor-hold,161,Defeat,7,0,7,56,13,0,1,57,-1,,0,6,0,2961350878
gym-big-split-boss6-kill,corridor-hold,162,Defeat,7,0,7,56,7,0,1,71,-1,,0,4,0,976829880
gym-big-split-boss6-kill,corridor-hold,163,Defeat,8,0,8,64,5,0,1,50,-1,,0,5,0,3377691340
gym-big-split-boss6-kill,corridor-hold,164,Defeat,6,0,6,48,15,0,2,100,-1,,0,5,1,1499706973
gym-big-split-boss6-kill,corridor-hold,165,Defeat,7,0,7,56,7,0,1,57,-1,,0,5,0,3810894392
gym-big-split-boss6-kill,corridor-hold,166,Defeat,6,0,6,48,3,0,2,83,-1,,0,4,0,2081900300
gym-big-split-boss6-kill,corridor-hold,167,Defeat,8,0,8,64,8,0,1,37,-1,,0,6,0,2480074475
gym-big-split-boss6-kill,corridor-hold,168,Defeat,7,0,7,56,7,0,1,57,-1,,0,5,0,3810894392
gym-big-split-boss6-kill,corridor-hold,169,Defeat,7,0,7,56,7,0,1,57,-1,,0,6,0,3810894392
gym-big-split-boss6-kill,corridor-hold,170,Defeat,5,0,5,40,11,0,3,100,7,1:7,0,7,0,2199314940
gym-big-split-boss6-kill,corridor-hold,171,Defeat,6,0,6,48,5,0,1,66,-1,,0,4,1,743777145
gym-big-split-boss6-kill,corridor-hold,172,Defeat,5,0,5,40,3,0,2,80,7,1:7,0,6,0,3028724772
gym-big-split-boss6-kill,corridor-hold,173,Defeat,6,0,6,48,4,0,2,83,-1,,0,4,0,3123867418
gym-big-split-boss6-kill,corridor-hold,174,Defeat,8,0,8,64,5,0,1,75,-1,,0,7,0,401419197
gym-big-split-boss6-kill,corridor-hold,175,Defeat,6,0,6,48,3,0,2,100,-1,,0,5,0,1470685619
gym-big-split-boss6-kill,corridor-hold,176,Defeat,9,0,9,72,5,0,1,55,-1,,0,6,0,2921441721
gym-big-split-boss6-kill,corridor-hold,177,Defeat,6,0,6,48,5,0,2,66,-1,,0,3,0,235933773
gym-big-split-boss6-kill,corridor-hold,178,Defeat,7,0,7,56,5,0,1,57,-1,,0,4,0,2968392314
gym-big-split-boss6-kill,corridor-hold,179,Defeat,7,0,7,56,4,0,1,71,-1,,0,5,0,4999916
gym-big-split-boss6-kill,corridor-hold,180,Defeat,11,0,11,88,12,0,1,54,3,1:3,0,7,0,1570769747
gym-big-split-boss6-kill,corridor-hold,181,Defeat,7,0,7,56,7,0,1,57,-1,,0,5,0,3810894392
gym-big-split-boss6-kill,corridor-hold,182,Defeat,6,0,6,48,11,0,2,66,-1,,0,4,0,3825449211
gym-big-split-boss6-kill,corridor-hold,183,Defeat,7,0,7,56,15,0,1,57,-1,,0,5,0,4026734890
gym-big-split-boss6-kill,corridor-hold,184,Defeat,6,0,6,48,10,0,2,83,-1,,0,4,0,1829510020
gym-big-split-boss6-kill,corridor-hold,185,Defeat,6,0,6,48,8,0,2,66,-1,,0,4,0,3516481394
gym-big-split-boss6-kill,corridor-hold,186,Defeat,14,0,14,112,16,0,1,42,-1,,0,16,0,784070482
gym-big-split-boss6-kill,corridor-hold,187,Defeat,7,0,7,56,7,0,1,57,-1,,0,5,0,3810894392
gym-big-split-boss6-kill,corridor-hold,188,Defeat,7,0,7,56,7,0,1,57,-1,,0,5,0,3810894392
gym-big-split-boss6-kill,corridor-hold,189,Defeat,6,0,6,48,0,0,3,100,7,1:7,0,7,1,940345637
gym-big-split-boss6-kill,corridor-hold,190,Defeat,6,0,6,48,5,0,2,100,-1,,0,4,0,1058612991
gym-big-split-boss6-kill,corridor-hold,191,Defeat,6,0,6,48,9,0,2,116,-1,,0,4,0,2092429094
gym-big-split-boss6-kill,corridor-hold,192,Defeat,7,0,7,56,14,0,2,71,-1,,0,4,0,3772724232
gym-big-split-boss6-kill,corridor-hold,193,Defeat,6,0,6,48,5,0,2,83,-1,,0,4,0,3549702418
gym-big-split-boss6-kill,corridor-hold,194,Defeat,5,0,5,40,3,0,3,80,-1,,0,3,1,2666583767
gym-big-split-boss6-kill,corridor-hold,195,Defeat,6,0,6,48,12,0,2,66,-1,,0,4,0,2798459290
gym-big-split-boss6-kill,corridor-hold,196,Defeat,5,0,5,40,3,0,3,60,-1,,0,5,1,1415185221
gym-big-split-boss6-kill,corridor-hold,197,Defeat,6,0,6,48,6,0,2,83,-1,,0,5,1,379895505
gym-big-split-boss6-kill,corridor-hold,198,Defeat,6,0,6,48,3,0,2,66,-1,,0,3,0,3751359882
gym-big-split-boss6-kill,corridor-hold,199,Defeat,5,0,5,40,20,0,2,80,-1,,0,3,1,2017814136
gym-big-split-boss6-kill,corridor-hold,200,Defeat,7,0,7,56,10,0,1,57,-1,,0,5,0,3810894392
gym-big-split-boss6-kill,tpa-order,1,Defeat,7,0,7,56,7,0,1,71,-1,,0,5,0,3504633802
gym-big-split-boss6-kill,tpa-order,2,Defeat,6,0,6,48,8,0,2,66,-1,,0,3,0,1936779263
gym-big-split-boss6-kill,tpa-order,3,Defeat,7,0,7,56,5,0,1,71,-1,,0,6,0,3013758874
gym-big-split-boss6-kill,tpa-order,4,Defeat,8,0,8,64,4,0,2,62,3,1:3,0,8,0,2938663230
gym-big-split-boss6-kill,tpa-order,5,Defeat,7,0,7,56,15,0,1,57,-1,,0,5,0,362322636
gym-big-split-boss6-kill,tpa-order,6,Defeat,7,0,7,56,5,0,1,57,-1,,0,5,0,3810894392
gym-big-split-boss6-kill,tpa-order,7,Defeat,7,0,7,56,6,0,1,71,-1,,0,6,0,4060858256
gym-big-split-boss6-kill,tpa-order,8,Defeat,5,0,5,40,10,0,2,80,-1,,0,3,1,2661308691
gym-big-split-boss6-kill,tpa-order,9,Defeat,5,0,5,40,5,0,3,100,-1,,0,5,1,2754312373
gym-big-split-boss6-kill,tpa-order,10,Defeat,5,0,5,40,3,0,2,80,-1,,0,3,1,1243456575
gym-big-split-boss6-kill,tpa-order,11,Defeat,7,0,7,56,7,0,1,57,-1,,0,5,0,3810894392
gym-big-split-boss6-kill,tpa-order,12,Defeat,7,0,7,56,7,0,2,71,-1,,0,5,0,1547598832
gym-big-split-boss6-kill,tpa-order,13,Defeat,6,0,6,48,6,0,2,66,-1,,0,3,0,1084780039
gym-big-split-boss6-kill,tpa-order,14,Defeat,7,0,7,56,8,0,2,85,-1,,0,5,0,759585340
gym-big-split-boss6-kill,tpa-order,15,Defeat,5,0,5,40,12,0,3,80,-1,,0,3,0,490538310
gym-big-split-boss6-kill,tpa-order,16,Defeat,8,0,8,64,3,0,1,62,-1,,0,7,0,4080857148
gym-big-split-boss6-kill,tpa-order,17,Defeat,7,0,7,56,3,0,1,71,-1,,0,5,0,3406011755
gym-big-split-boss6-kill,tpa-order,18,Defeat,7,0,7,56,4,0,1,71,-1,,0,4,0,13857071
gym-big-split-boss6-kill,tpa-order,19,Defeat,6,0,6,48,5,0,2,83,-1,,0,3,0,1052242169
gym-big-split-boss6-kill,tpa-order,20,Defeat,7,0,7,56,5,0,1,57,-1,,0,5,0,3810894392
gym-big-split-boss6-kill,tpa-order,21,Defeat,12,0,12,96,15,0,1,50,3,1:3,0,9,0,4173087776
gym-big-split-boss6-kill,tpa-order,22,Defeat,6,0,6,48,5,0,2,83,7,1:7,0,9,0,2702736858
gym-big-split-boss6-kill,tpa-order,23,Defeat,7,0,7,56,5,0,1,57,-1,,0,5,0,3810894392
gym-big-split-boss6-kill,tpa-order,24,Defeat,5,0,5,40,5,0,3,60,7,1:7,0,6,0,3199381817
gym-big-split-boss6-kill,tpa-order,25,Defeat,6,0,6,48,6,0,1,100,-1,,0,4,0,1341139422
gym-big-split-boss6-kill,tpa-order,26,Defeat,7,0,7,56,4,0,1,57,-1,,0,4,0,2787204716
gym-big-split-boss6-kill,tpa-order,27,Defeat,14,0,14,112,12,0,1,64,3,1:3,0,22,0,1787659759
gym-big-split-boss6-kill,tpa-order,28,Defeat,8,0,8,64,2,0,2,62,3,1:3,0,8,0,3675049540
gym-big-split-boss6-kill,tpa-order,29,Defeat,10,0,10,80,14,0,2,70,-1,,0,13,0,3250341490
gym-big-split-boss6-kill,tpa-order,30,Defeat,7,0,7,56,7,0,1,57,-1,,0,5,0,3810894392
gym-big-split-boss6-kill,tpa-order,31,Defeat,4,0,4,32,4,0,3,75,-1,,0,2,2,3056629952
gym-big-split-boss6-kill,tpa-order,32,Defeat,5,0,5,40,2,0,3,140,-1,,0,4,0,2343991332
gym-big-split-boss6-kill,tpa-order,33,Defeat,7,0,7,56,10,0,1,57,-1,,0,5,0,2965321788
gym-big-split-boss6-kill,tpa-order,34,Defeat,7,0,7,56,10,0,2,57,-1,,0,6,1,2012925770
gym-big-split-boss6-kill,tpa-order,35,Defeat,5,0,5,40,4,0,2,80,-1,,0,3,1,838371880
gym-big-split-boss6-kill,tpa-order,36,Defeat,7,0,7,56,7,0,1,57,-1,,0,4,0,1973162836
gym-big-split-boss6-kill,tpa-order,37,Defeat,7,0,7,56,5,0,1,71,-1,,0,5,0,3504633802
gym-big-split-boss6-kill,tpa-order,38,Defeat,5,0,5,40,5,0,2,60,7,1:7,0,6,0,3847355500
gym-big-split-boss6-kill,tpa-order,39,Defeat,6,0,6,48,5,0,2,83,-1,,0,4,0,2047252205
gym-big-split-boss6-kill,tpa-order,40,Defeat,7,0,7,56,5,0,2,71,-1,,0,5,0,2552872261
gym-big-split-boss6-kill,tpa-order,41,Defeat,7,0,7,56,5,0,2,85,-1,,0,5,0,422314284
gym-big-split-boss6-kill,tpa-order,42,Defeat,7,0,7,56,7,0,1,57,-1,,0,5,0,3810894392
gym-big-split-boss6-kill,tpa-order,43,Defeat,8,0,8,64,4,0,1,50,-1,,0,8,0,2202127438
gym-big-split-boss6-kill,tpa-order,44,Defeat,6,0,6,48,7,0,2,83,-1,,0,3,0,2347797071
gym-big-split-boss6-kill,tpa-order,45,Defeat,5,0,5,40,2,0,2,80,-1,,0,3,1,838371880
gym-big-split-boss6-kill,tpa-order,46,Defeat,7,0,7,56,10,0,1,57,-1,,0,5,0,3810894392
gym-big-split-boss6-kill,tpa-order,47,Defeat,7,0,7,56,7,0,1,57,-1,,0,5,0,3810894392
gym-big-split-boss6-kill,tpa-order,48,Defeat,7,0,7,56,7,0,2,71,-1,,0,5,0,1157394967
gym-big-split-boss6-kill,tpa-order,49,Defeat,7,0,7,56,9,0,2,71,-1,,0,5,0,2260412057
gym-big-split-boss6-kill,tpa-order,50,Defeat,6,0,6,48,4,0,2,83,-1,,0,3,0,243846763
gym-big-split-boss6-kill,tpa-order,51,Defeat,21,0,21,168,27,0,2,33,12,1:12,0,34,0,3311176111
gym-big-split-boss6-kill,tpa-order,52,Defeat,7,0,7,56,5,0,1,71,-1,,0,5,0,838830426
gym-big-split-boss6-kill,tpa-order,53,Defeat,5,0,5,40,10,0,3,100,-1,,0,3,1,446519120
gym-big-split-boss6-kill,tpa-order,54,Defeat,8,0,8,64,8,0,1,75,-1,,0,6,0,448765771
gym-big-split-boss6-kill,tpa-order,55,Defeat,7,0,7,56,6,0,3,71,-1,,0,7,0,3470423452
gym-big-split-boss6-kill,tpa-order,56,Defeat,5,0,5,40,10,0,3,60,-1,,0,3,1,3067610428
gym-big-split-boss6-kill,tpa-order,57,Defeat,8,0,8,64,6,0,1,62,-1,,0,5,0,1915125863
gym-big-split-boss6-kill,tpa-order,58,Defeat,8,0,8,64,3,0,1,50,-1,,0,6,0,2891609238
gym-big-split-boss6-kill,tpa-order,59,Defeat,9,0,9,72,9,0,1,55,-1,,0,10,0,2292227834
gym-big-split-boss6-kill,tpa-order,60,Defeat,5,0,5,40,5,0,3,60,7,1:7,0,6,0,4062646109
gym-big-split-boss6-kill,tpa-order,61,Defeat,7,0,7,56,10,0,1,71,-1,,0,6,0,490258310
gym-big-split-boss6-kill,tpa-order,62,Defeat,7,0,7,56,8,0,1,85,-1,,0,5,0,3256266364
gym-big-split-boss6-kill,tpa-order,63,Defeat,7,0,7,56,3,0,1,71,-1,,0,4,0,1909647968
gym-big-split-boss6-kill,tpa-order,64,Defeat,6,0,6,48,10,0,1,83,-1,,0,4,0,2645280874
gym-big-split-boss6-kill,tpa-order,65,Defeat,6,0,6,48,15,0,1,83,-1,,0,4,0,2441770110
gym-big-split-boss6-kill,tpa-order,66,Defeat,8,0,8,64,6,0,1,62,-1,,0,6,0,1399930565
gym-big-split-boss6-kill,tpa-order,67,Defeat,7,0,7,56,5,0,2,85,-1,,0,5,0,1197042172
gym-big-split-boss6-kill,tpa-order,68,Defeat,5,0,5,40,14,0,3,120,-1,,0,4,1,1802753455
gym-big-split-boss6-kill,tpa-order,69,Defeat,6,0,6,48,6,0,1,83,-1,,0,4,0,2464528114
gym-big-split-boss6-kill,tpa-order,70,Defeat,6,0,6,48,10,0,2,83,-1,,0,4,0,1829510020
gym-big-split-boss6-kill,tpa-order,71,Defeat,11,0,11,88,14,0,1,54,-1,,0,12,0,3076937864
gym-big-split-boss6-kill,tpa-order,72,Defeat,10,0,10,80,3,0,1,70,-1,,0,12,0,3429262330
gym-big-split-boss6-kill,tpa-order,73,Defeat,6,0,6,48,5,0,2,83,-1,,0,6,1,2352777737
gym-big-split-boss6-kill,tpa-order,74,Defeat,5,0,5,40,3,0,2,80,-1,,0,3,1,408643401
gym-big-split-boss6-kill,tpa-order,75,Defeat,5,0,5,40,3,0,3,80,-1,,0,3,1,1391831406
gym-big-split-boss6-kill,tpa-order,76,Defeat,7,0,7,56,3,0,1,71,-1,,0,5,0,3507805908
gym-big-split-boss6-kill,tpa-order,77,Defeat,7,0,7,56,11,0,1,57,-1,,0,5,0,453943794
gym-big-split-boss6-kill,tpa-order,78,Defeat,7,0,7,56,13,0,2,85,-1,,0,5,0,1855007354
gym-big-split-boss6-kill,tpa-order,79,Defeat,7,0,7,56,7,0,1,57,-1,,0,6,0,3810894392
gym-big-split-boss6-kill,tpa-order,80,Defeat,7,0,7,56,3,0,1,57,-1,,0,6,0,1879198978
gym-big-split-boss6-kill,tpa-order,81,Defeat,14,0,14,112,19,0,1,57,3,1:3,0,15,0,707848760
gym-big-split-boss6-kill,tpa-order,82,Defeat,8,0,8,64,5,0,1,62,-1,,0,5,0,919316768
gym-big-split-boss6-kill,tpa-order,83,Defeat,5,0,5,40,3,0,3,100,7,1:7,0,5,1,766872080
gym-big-split-boss6-kill,tpa-order,84,Defeat,5,0,5,40,5,0,2,100,-1,,0,3,1,1690518201
gym-big-split-boss6-kill,tpa-order,85,Defeat,6,0,6,48,2,0,1,66,-1,,0,4,0,3305589724
gym-big-split-boss6-kill,tpa-order,86,Defeat,6,0,6,48,9,0,2,83,-1,,0,3,0,243846763
gym-big-split-boss6-kill,tpa-order,87,Defeat,7,0,7,56,10,0,1,71,-1,,0,5,0,3475975286
gym-big-split-boss6-kill,tpa-order,88,Defeat,6,0,6,48,5,0,1,66,-1,,0,4,0,3026498205
gym-big-split-boss6-kill,tpa-order,89,Defeat,7,0,7,56,3,0,1,57,-1,,0,5,0,3810894392
gym-big-split-boss6-kill,tpa-order,90,Defeat,7,0,7,56,5,0,1,57,-1,,0,4,0,3813210911
gym-big-split-boss6-kill,tpa-order,91,Defeat,7,0,7,56,11,0,2,71,-1,,0,6,0,2443659530
gym-big-split-boss6-kill,tpa-order,92,Defeat,7,0,7,56,7,0,1,57,-1,,0,5,0,3810894392
gym-big-split-boss6-kill,tpa-order,93,Defeat,6,0,6,48,3,0,3,83,-1,,0,5,0,57935232
gym-big-split-boss6-kill,tpa-order,94,Defeat,8,0,8,64,5,0,1,50,-1,,0,5,0,2856575194
gym-big-split-boss6-kill,tpa-order,95,Defeat,7,0,7,56,5,0,1,85,-1,,0,3,0,1894862278
gym-big-split-boss6-kill,tpa-order,96,Defeat,7,0,7,56,5,0,1,57,-1,,0,5,0,3810894392
gym-big-split-boss6-kill,tpa-order,97,Defeat,7,0,7,56,15,0,1,57,-1,,0,5,0,3810894392
gym-big-split-boss6-kill,tpa-order,98,Defeat,5,0,5,40,5,0,2,60,7,1:7,0,6,0,3847355500
gym-big-split-boss6-kill,tpa-order,99,Defeat,7,0,7,56,13,0,1,71,-1,,0,5,0,4167927598
gym-big-split-boss6-kill,tpa-order,100,Defeat,18,0,18,144,21,0,2,33,3,1:3,0,36,0,2729349042
gym-big-split-boss6-kill,tpa-order,101,Defeat,6,0,6,48,8,0,2,83,-1,,0,4,0,3105040995
gym-big-split-boss6-kill,tpa-order,102,Defeat,7,0,7,56,5,0,1,57,-1,,0,6,0,3810894392
gym-big-split-boss6-kill,tpa-order,103,Defeat,7,0,7,56,7,0,1,57,-1,,0,5,0,3810894392
gym-big-split-boss6-kill,tpa-order,104,Defeat,11,0,11,88,8,0,1,63,-1,,0,12,0,794444681
gym-big-split-boss6-kill,tpa-order,105,Defeat,6,0,6,48,5,0,2,66,-1,,0,3,0,1084780039
gym-big-split-boss6-kill,tpa-order,106,Defeat,6,0,6,48,3,0,1,83,-1,,0,4,0,439663852
gym-big-split-boss6-kill,tpa-order,107,Defeat,21,0,21,168,25,0,1,42,3,1:3,0,21,0,741019319
gym-big-split-boss6-kill,tpa-order,108,Defeat,6,0,6,48,4,0,2,83,-1,,0,4,0,2100237611
gym-big-split-boss6-kill,tpa-order,109,Defeat,7,0,7,56,9,0,1,57,-1,,0,5,0,3810894392
gym-big-split-boss6-kill,tpa-order,110,Defeat,6,0,6,48,3,0,2,100,-1,,0,4,0,553985876
gym-big-split-boss6-kill,tpa-order,111,Defeat,6,0,6,48,14,0,1,83,-1,,0,5,0,1192894591
gym-big-split-boss6-kill,tpa-order,112,Defeat,5,0,5,40,5,0,2,80,-1,,0,3,1,1058282566
gym-big-split-boss6-kill,tpa-order,113,Defeat,7,0,7,56,14,0,2,71,-1,,0,6,1,2221245373
gym-big-split-boss6-kill,tpa-order,114,Defeat,6,0,6,48,4,0,2,100,-1,,0,4,0,3733255783
gym-big-split-boss6-kill,tpa-order,115,Defeat,6,0,6,48,10,0,2,66,-1,,0,4,0,3516481394
gym-big-split-boss6-kill,tpa-order,116,Defeat,9,0,9,72,7,0,2,66,-1,,0,9,0,305820802
gym-big-split-boss6-kill,tpa-order,117,Defeat,7,0,7,56,5,0,1,71,-1,,0,5,0,3104039019
gym-big-split-boss6-kill,tpa-order,118,Defeat,7,0,7,56,4,0,1,71,-1,,0,5,0,3504633802
gym-big-split-boss6-kill,tpa-order,119,Victory,16,0,16,128,15,20,0,37,7,1:7,0,15,0,767094211
gym-big-split-boss6-kill,tpa-order,120,Defeat,7,0,7,56,4,0,1,71,-1,,0,5,0,16911233
gym-big-split-boss6-kill,tpa-order,121,Defeat,7,0,7,56,2,0,1,71,-1,,0,5,0,4025040553
gym-big-split-boss6-kill,tpa-order,122,Defeat,8,0,8,64,5,0,1,75,-1,,0,6,0,3788453051
gym-big-split-boss6-kill,tpa-order,123,Defeat,8,0,8,64,11,0,1,75,-1,,0,7,0,699994057
gym-big-split-boss6-kill,tpa-order,124,Defeat,7,0,7,56,3,0,1,71,-1,,0,5,0,2584481686
gym-big-split-boss6-kill,tpa-order,125,Defeat,7,0,7,56,5,0,1,57,-1,,0,6,0,3810894392
gym-big-split-boss6-kill,tpa-order,126,Defeat,6,0,6,48,11,0,2,100,-1,,0,5,1,3179093053
gym-big-split-boss6-kill,tpa-order,127,Defeat,6,0,6,48,8,0,1,66,-1,,0,4,0,3148527199
gym-big-split-boss6-kill,tpa-order,128,Defeat,5,0,5,40,9,0,3,80,-1,,0,3,1,3441056618
gym-big-split-boss6-kill,tpa-order,129,Defeat,7,0,7,56,10,0,1,71,-1,,0,5,0,1743503868
gym-big-split-boss6-kill,tpa-order,130,Defeat,8,0,8,64,5,0,1,50,-1,,0,5,0,2891609238
gym-big-split-boss6-kill,tpa-order,131,Defeat,7,0,7,56,8,0,1,57,-1,,0,5,0,3810894392
gym-big-split-boss6-kill,tpa-order,132,Defeat,7,0,7,56,16,0,2,71,-1,,0,5,0,629252458
gym-big-split-boss6-kill,tpa-order,133,Defeat,7,0,7,56,4,0,1,71,-1,,0,5,0,3504633802
gym-big-split-boss6-kill,tpa-order,134,Defeat,7,0,7,56,9,0,1,57,-1,,0,5,0,349065602
gym-big-split-boss6-kill,tpa-order,135,Defeat,7,0,7,56,15,0,1,57,-1,,0,5,0,4026734890
gym-big-split-boss6-kill,tpa-order,136,Defeat,6,0,6,48,5,0,3,116,7,1:7,0,9,0,1417814454
gym-big-split-boss6-kill,tpa-order,137,Defeat,13,0,13,104,18,0,1,53,3,1:3,0,21,0,1244425761
gym-big-split-boss6-kill,tpa-order,138,Defeat,7,0,7,56,5,0,1,71,-1,,0,3,0,2789527631
gym-big-split-boss6-kill,tpa-order,139,Defeat,7,0,7,56,7,0,1,57,-1,,0,5,0,3810894392
gym-big-split-boss6-kill,tpa-order,140,Defeat,9,0,9,72,12,0,1,55,-1,,0,7,0,2677239897
gym-big-split-boss6-kill,tpa-order,141,Defeat,7,0,7,56,5,0,1,71,-1,,0,5,0,976829880
gym-big-split-boss6-kill,tpa-order,142,Defeat,10,0,10,80,9,0,2,70,-1,,0,16,0,2638349904
gym-big-split-boss6-kill,tpa-order,143,Defeat,5,0,5,40,5,0,2,60,7,1:7,0,6,0,3847355500
gym-big-split-boss6-kill,tpa-order,144,Defeat,12,0,12,96,11,0,1,58,-1,,0,11,0,2041073505
gym-big-split-boss6-kill,tpa-order,145,Victory,12,0,12,96,10,15,0,50,3,1:3,0,9,0,1598749355
gym-big-split-boss6-kill,tpa-order,146,Defeat,9,0,9,72,6,0,1,66,-1,,0,5,0,84999332
gym-big-split-boss6-kill,tpa-order,147,Defeat,6,0,6,48,5,0,2,100,-1,,0,4,0,441361081
gym-big-split-boss6-kill,tpa-order,148,Defeat,6,0,6,48,10,0,1,83,-1,,0,5,0,439663852
gym-big-split-boss6-kill,tpa-order,149,Defeat,8,0,8,64,6,0,1,62,-1,,0,5,0,1028900374
gym-big-split-boss6-kill,tpa-order,150,Defeat,7,0,7,56,4,0,2,85,-1,,0,6,1,2734782216
gym-big-split-boss6-kill,tpa-order,151,Defeat,5,0,5,40,5,0,3,80,-1,,0,2,1,4142726097
gym-big-split-boss6-kill,tpa-order,152,Defeat,7,0,7,56,15,0,1,57,-1,,0,5,0,1548049402
gym-big-split-boss6-kill,tpa-order,153,Defeat,5,0,5,40,10,0,2,80,-1,,0,3,0,424374377
gym-big-split-boss6-kill,tpa-order,154,Defeat,9,0,9,72,3,0,2,88,3,1:3,0,9,0,2037081673
gym-big-split-boss6-kill,tpa-order,155,Defeat,7,0,7,56,4,0,1,71,-1,,0,5,0,3504633802
gym-big-split-boss6-kill,tpa-order,156,Defeat,7,0,7,56,7,0,2,85,-1,,0,6,0,2381221964
gym-big-split-boss6-kill,tpa-order,157,Defeat,6,0,6,48,2,0,2,83,-1,,0,4,0,689031463
gym-big-split-boss6-kill,tpa-order,158,Defeat,7,0,7,56,5,0,1,57,-1,,0,5,0,3810894392
gym-big-split-boss6-kill,tpa-order,159,Defeat,6,0,6,48,12,0,2,83,-1,,0,4,0,2037800313
gym-big-split-boss6-kill,tpa-order,160,Defeat,7,0,7,56,8,0,1,71,-1,,0,6,0,3406011755
gym-big-split-boss6-kill,tpa-order,161,Defeat,7,0,7,56,13,0,1,57,-1,,0,6,0,2961350878
gym-big-split-boss6-kill,tpa-order,162,Defeat,7,0,7,56,7,0,1,71,-1,,0,4,0,976829880
gym-big-split-boss6-kill,tpa-order,163,Defeat,8,0,8,64,5,0,1,50,-1,,0,5,0,3377691340
gym-big-split-boss6-kill,tpa-order,164,Defeat,6,0,6,48,15,0,2,100,-1,,0,5,1,1499706973
gym-big-split-boss6-kill,tpa-order,165,Defeat,7,0,7,56,7,0,1,57,-1,,0,5,0,3810894392
gym-big-split-boss6-kill,tpa-order,166,Defeat,6,0,6,48,3,0,2,83,-1,,0,4,0,2081900300
gym-big-split-boss6-kill,tpa-order,167,Defeat,8,0,8,64,8,0,1,37,-1,,0,6,0,2480074475
gym-big-split-boss6-kill,tpa-order,168,Defeat,7,0,7,56,7,0,1,57,-1,,0,5,0,3810894392
gym-big-split-boss6-kill,tpa-order,169,Defeat,7,0,7,56,7,0,1,57,-1,,0,6,0,3810894392
gym-big-split-boss6-kill,tpa-order,170,Defeat,5,0,5,40,11,0,3,100,7,1:7,0,7,0,2199314940
gym-big-split-boss6-kill,tpa-order,171,Defeat,6,0,6,48,5,0,1,66,-1,,0,4,1,743777145
gym-big-split-boss6-kill,tpa-order,172,Defeat,5,0,5,40,3,0,2,80,7,1:7,0,6,0,3028724772
gym-big-split-boss6-kill,tpa-order,173,Defeat,6,0,6,48,4,0,2,83,-1,,0,4,0,3123867418
gym-big-split-boss6-kill,tpa-order,174,Defeat,8,0,8,64,5,0,1,75,-1,,0,7,0,401419197
gym-big-split-boss6-kill,tpa-order,175,Defeat,6,0,6,48,3,0,2,100,-1,,0,5,0,1470685619
gym-big-split-boss6-kill,tpa-order,176,Defeat,9,0,9,72,5,0,1,55,-1,,0,6,0,2921441721
gym-big-split-boss6-kill,tpa-order,177,Defeat,6,0,6,48,5,0,2,66,-1,,0,3,0,235933773
gym-big-split-boss6-kill,tpa-order,178,Defeat,7,0,7,56,5,0,1,57,-1,,0,4,0,2968392314
gym-big-split-boss6-kill,tpa-order,179,Defeat,7,0,7,56,4,0,1,71,-1,,0,5,0,4999916
gym-big-split-boss6-kill,tpa-order,180,Defeat,5,0,5,40,4,0,2,100,-1,,0,2,1,1576200817
gym-big-split-boss6-kill,tpa-order,181,Defeat,7,0,7,56,7,0,1,57,-1,,0,5,0,3810894392
gym-big-split-boss6-kill,tpa-order,182,Defeat,6,0,6,48,11,0,2,66,-1,,0,4,0,3825449211
gym-big-split-boss6-kill,tpa-order,183,Defeat,7,0,7,56,15,0,1,57,-1,,0,5,0,4026734890
gym-big-split-boss6-kill,tpa-order,184,Defeat,6,0,6,48,10,0,2,83,-1,,0,4,0,1829510020
gym-big-split-boss6-kill,tpa-order,185,Defeat,6,0,6,48,8,0,2,66,-1,,0,4,0,3516481394
gym-big-split-boss6-kill,tpa-order,186,Defeat,14,0,14,112,16,0,1,42,-1,,0,16,0,784070482
gym-big-split-boss6-kill,tpa-order,187,Defeat,7,0,7,56,7,0,1,57,-1,,0,5,0,3810894392
gym-big-split-boss6-kill,tpa-order,188,Defeat,7,0,7,56,7,0,1,57,-1,,0,5,0,3810894392
gym-big-split-boss6-kill,tpa-order,189,Defeat,6,0,6,48,0,0,2,83,7,1:7,0,7,1,2980439342
gym-big-split-boss6-kill,tpa-order,190,Defeat,6,0,6,48,5,0,2,100,-1,,0,4,0,1058612991
gym-big-split-boss6-kill,tpa-order,191,Defeat,6,0,6,48,9,0,2,116,-1,,0,4,0,2092429094
gym-big-split-boss6-kill,tpa-order,192,Defeat,7,0,7,56,14,0,1,57,-1,,0,4,0,562841971
gym-big-split-boss6-kill,tpa-order,193,Defeat,6,0,6,48,5,0,2,83,-1,,0,4,0,3549702418
gym-big-split-boss6-kill,tpa-order,194,Defeat,6,0,6,48,3,0,1,83,-1,,0,4,0,1359728732
gym-big-split-boss6-kill,tpa-order,195,Defeat,6,0,6,48,12,0,2,66,-1,,0,4,0,2798459290
gym-big-split-boss6-kill,tpa-order,196,Defeat,5,0,5,40,3,0,3,60,-1,,0,5,1,1415185221
gym-big-split-boss6-kill,tpa-order,197,Defeat,6,0,6,48,6,0,2,83,-1,,0,5,1,379895505
gym-big-split-boss6-kill,tpa-order,198,Defeat,6,0,6,48,3,0,2,66,-1,,0,3,0,3751359882
gym-big-split-boss6-kill,tpa-order,199,Defeat,5,0,5,40,20,0,2,80,-1,,0,3,1,2017814136
gym-big-split-boss6-kill,tpa-order,200,Defeat,7,0,7,56,10,0,1,57,-1,,0,5,0,3810894392
gym-big-split-boss6-kill,control-hold,1,Defeat,7,0,7,56,7,0,1,71,-1,,0,5,0,3504633802
gym-big-split-boss6-kill,control-hold,2,Defeat,6,0,6,48,8,0,2,66,-1,,0,3,0,1936779263
gym-big-split-boss6-kill,control-hold,3,Defeat,7,0,7,56,5,0,1,71,-1,,0,6,0,3013758874
gym-big-split-boss6-kill,control-hold,4,Defeat,8,0,8,64,4,0,2,62,3,1:3,0,8,0,2938663230
gym-big-split-boss6-kill,control-hold,5,Defeat,7,0,7,56,15,0,1,57,-1,,0,5,0,362322636
gym-big-split-boss6-kill,control-hold,6,Defeat,7,0,7,56,5,0,1,57,-1,,0,5,0,3810894392
gym-big-split-boss6-kill,control-hold,7,Defeat,7,0,7,56,6,0,1,71,-1,,0,6,0,4060858256
gym-big-split-boss6-kill,control-hold,8,Defeat,5,0,5,40,10,0,2,80,-1,,0,3,1,2661308691
gym-big-split-boss6-kill,control-hold,9,Defeat,5,0,5,40,5,0,4,120,-1,,0,5,1,2684098590
gym-big-split-boss6-kill,control-hold,10,Defeat,28,0,28,224,35,0,1,32,3,1:3,0,27,0,3547386189
gym-big-split-boss6-kill,control-hold,11,Defeat,7,0,7,56,7,0,1,57,-1,,0,5,0,3810894392
gym-big-split-boss6-kill,control-hold,12,Defeat,7,0,7,56,7,0,2,71,-1,,0,5,0,1547598832
gym-big-split-boss6-kill,control-hold,13,Defeat,6,0,6,48,6,0,2,66,-1,,0,3,0,1084780039
gym-big-split-boss6-kill,control-hold,14,Defeat,7,0,7,56,8,0,2,85,-1,,0,5,0,759585340
gym-big-split-boss6-kill,control-hold,15,Defeat,5,0,5,40,12,0,3,80,-1,,0,3,0,490538310
gym-big-split-boss6-kill,control-hold,16,Defeat,8,0,8,64,3,0,1,62,-1,,0,7,0,4080857148
gym-big-split-boss6-kill,control-hold,17,Defeat,7,0,7,56,3,0,1,71,-1,,0,5,0,3406011755
gym-big-split-boss6-kill,control-hold,18,Defeat,7,0,7,56,4,0,1,71,-1,,0,4,0,13857071
gym-big-split-boss6-kill,control-hold,19,Defeat,6,0,6,48,5,0,2,83,-1,,0,3,0,1052242169
gym-big-split-boss6-kill,control-hold,20,Defeat,7,0,7,56,5,0,1,57,-1,,0,5,0,3810894392
gym-big-split-boss6-kill,control-hold,21,Defeat,12,0,12,96,15,0,1,50,3,1:3,0,9,0,4173087776
gym-big-split-boss6-kill,control-hold,22,Defeat,6,0,6,48,5,0,2,83,7,1:7,0,9,0,2702736858
gym-big-split-boss6-kill,control-hold,23,Defeat,7,0,7,56,5,0,1,57,-1,,0,5,0,3810894392
gym-big-split-boss6-kill,control-hold,24,Defeat,5,0,5,40,5,0,3,60,7,1:7,0,6,0,3199381817
gym-big-split-boss6-kill,control-hold,25,Defeat,6,0,6,48,6,0,1,100,-1,,0,4,0,1341139422
gym-big-split-boss6-kill,control-hold,26,Defeat,7,0,7,56,4,0,1,57,-1,,0,4,0,2787204716
gym-big-split-boss6-kill,control-hold,27,Defeat,14,0,14,112,12,0,2,71,3,1:3,0,22,0,1326628164
gym-big-split-boss6-kill,control-hold,28,Defeat,8,0,8,64,2,0,2,62,3,1:3,0,8,0,3675049540
gym-big-split-boss6-kill,control-hold,29,Defeat,10,0,10,80,14,0,3,90,-1,,0,14,0,796209646
gym-big-split-boss6-kill,control-hold,30,Defeat,7,0,7,56,7,0,1,57,-1,,0,5,0,3810894392
gym-big-split-boss6-kill,control-hold,31,Defeat,4,0,4,32,4,0,3,75,-1,,0,2,2,3056629952
gym-big-split-boss6-kill,control-hold,32,Defeat,4,0,4,32,2,0,4,150,-1,,0,2,1,3320764284
gym-big-split-boss6-kill,control-hold,33,Defeat,7,0,7,56,10,0,1,57,-1,,0,5,0,2965321788
gym-big-split-boss6-kill,control-hold,34,Defeat,7,0,7,56,10,0,2,57,-1,,0,6,1,2012925770
gym-big-split-boss6-kill,control-hold,35,Defeat,5,0,5,40,4,0,2,80,-1,,0,3,1,838371880
gym-big-split-boss6-kill,control-hold,36,Defeat,7,0,7,56,7,0,1,57,-1,,0,4,0,1973162836
gym-big-split-boss6-kill,control-hold,37,Defeat,7,0,7,56,5,0,1,71,-1,,0,5,0,3504633802
gym-big-split-boss6-kill,control-hold,38,Defeat,5,0,5,40,5,0,2,60,7,1:7,0,6,0,3847355500
gym-big-split-boss6-kill,control-hold,39,Defeat,6,0,6,48,5,0,2,83,-1,,0,4,0,2047252205
gym-big-split-boss6-kill,control-hold,40,Defeat,7,0,7,56,5,0,2,71,-1,,0,5,0,2552872261
gym-big-split-boss6-kill,control-hold,41,Defeat,7,0,7,56,5,0,2,85,-1,,0,5,0,422314284
gym-big-split-boss6-kill,control-hold,42,Defeat,7,0,7,56,7,0,1,57,-1,,0,5,0,3810894392
gym-big-split-boss6-kill,control-hold,43,Defeat,8,0,8,64,4,0,1,50,-1,,0,8,0,2202127438
gym-big-split-boss6-kill,control-hold,44,Defeat,6,0,6,48,7,0,2,83,-1,,0,3,0,2347797071
gym-big-split-boss6-kill,control-hold,45,Defeat,5,0,5,40,2,0,2,80,-1,,0,3,1,838371880
gym-big-split-boss6-kill,control-hold,46,Defeat,7,0,7,56,10,0,1,57,-1,,0,5,0,3810894392
gym-big-split-boss6-kill,control-hold,47,Defeat,7,0,7,56,7,0,1,57,-1,,0,5,0,3810894392
gym-big-split-boss6-kill,control-hold,48,Defeat,7,0,7,56,7,0,2,71,-1,,0,5,0,1157394967
gym-big-split-boss6-kill,control-hold,49,Defeat,7,0,7,56,9,0,2,71,-1,,0,5,0,2260412057
gym-big-split-boss6-kill,control-hold,50,Defeat,6,0,6,48,4,0,2,83,-1,,0,3,0,243846763
gym-big-split-boss6-kill,control-hold,51,Defeat,21,0,21,168,27,0,2,33,12,1:12,0,34,0,3311176111
gym-big-split-boss6-kill,control-hold,52,Defeat,7,0,7,56,5,0,1,71,-1,,0,5,0,838830426
gym-big-split-boss6-kill,control-hold,53,Defeat,5,0,5,40,10,0,3,100,-1,,0,3,1,446519120
gym-big-split-boss6-kill,control-hold,54,Defeat,8,0,8,64,8,0,1,75,-1,,0,6,0,448765771
gym-big-split-boss6-kill,control-hold,55,Defeat,7,0,7,56,6,0,3,71,-1,,0,7,0,3470423452
gym-big-split-boss6-kill,control-hold,56,Defeat,5,0,5,40,10,0,3,60,-1,,0,3,1,3067610428
gym-big-split-boss6-kill,control-hold,57,Defeat,8,0,8,64,6,0,1,62,-1,,0,5,0,1915125863
gym-big-split-boss6-kill,control-hold,58,Defeat,8,0,8,64,3,0,1,50,-1,,0,6,0,2891609238
gym-big-split-boss6-kill,control-hold,59,Defeat,9,0,9,72,9,0,1,55,-1,,0,10,0,2292227834
gym-big-split-boss6-kill,control-hold,60,Defeat,5,0,5,40,5,0,3,60,7,1:7,0,6,0,4062646109
gym-big-split-boss6-kill,control-hold,61,Defeat,7,0,7,56,10,0,1,71,-1,,0,6,0,490258310
gym-big-split-boss6-kill,control-hold,62,Defeat,7,0,7,56,8,0,1,85,-1,,0,5,0,3256266364
gym-big-split-boss6-kill,control-hold,63,Defeat,7,0,7,56,3,0,1,71,-1,,0,4,0,1909647968
gym-big-split-boss6-kill,control-hold,64,Defeat,6,0,6,48,10,0,1,83,-1,,0,4,0,2645280874
gym-big-split-boss6-kill,control-hold,65,Defeat,6,0,6,48,15,0,1,83,-1,,0,4,0,2441770110
gym-big-split-boss6-kill,control-hold,66,Defeat,8,0,8,64,6,0,1,62,-1,,0,6,0,1399930565
gym-big-split-boss6-kill,control-hold,67,Defeat,7,0,7,56,5,0,2,85,-1,,0,5,0,1197042172
gym-big-split-boss6-kill,control-hold,68,Defeat,5,0,5,40,14,0,3,120,-1,,0,4,1,1802753455
gym-big-split-boss6-kill,control-hold,69,Defeat,6,0,6,48,6,0,1,83,-1,,0,4,0,2464528114
gym-big-split-boss6-kill,control-hold,70,Defeat,6,0,6,48,10,0,2,83,-1,,0,4,0,1829510020
gym-big-split-boss6-kill,control-hold,71,Defeat,11,0,11,88,14,0,1,54,-1,,0,12,0,3076937864
gym-big-split-boss6-kill,control-hold,72,Defeat,10,0,10,80,3,0,1,70,-1,,0,12,0,3429262330
gym-big-split-boss6-kill,control-hold,73,Defeat,6,0,6,48,5,0,2,83,-1,,0,6,1,2352777737
gym-big-split-boss6-kill,control-hold,74,Defeat,5,0,5,40,3,0,2,80,-1,,0,3,1,408643401
gym-big-split-boss6-kill,control-hold,75,Defeat,5,0,5,40,3,0,3,80,-1,,0,3,1,1391831406
gym-big-split-boss6-kill,control-hold,76,Defeat,7,0,7,56,3,0,1,71,-1,,0,5,0,3507805908
gym-big-split-boss6-kill,control-hold,77,Defeat,7,0,7,56,11,0,1,57,-1,,0,5,0,453943794
gym-big-split-boss6-kill,control-hold,78,Defeat,7,0,7,56,13,0,2,85,-1,,0,5,0,1855007354
gym-big-split-boss6-kill,control-hold,79,Defeat,7,0,7,56,7,0,1,57,-1,,0,6,0,3810894392
gym-big-split-boss6-kill,control-hold,80,Defeat,7,0,7,56,3,0,2,71,-1,,0,6,0,3760508601
gym-big-split-boss6-kill,control-hold,81,Defeat,14,0,14,112,19,0,1,57,3,1:3,0,15,0,707848760
gym-big-split-boss6-kill,control-hold,82,Defeat,8,0,8,64,5,0,1,62,-1,,0,5,0,919316768
gym-big-split-boss6-kill,control-hold,83,Defeat,5,0,5,40,3,0,3,100,7,1:7,0,5,1,766872080
gym-big-split-boss6-kill,control-hold,84,Defeat,5,0,5,40,5,0,2,100,-1,,0,3,1,1690518201
gym-big-split-boss6-kill,control-hold,85,Defeat,6,0,6,48,2,0,1,66,-1,,0,4,0,3305589724
gym-big-split-boss6-kill,control-hold,86,Defeat,6,0,6,48,9,0,2,83,-1,,0,3,0,243846763
gym-big-split-boss6-kill,control-hold,87,Defeat,7,0,7,56,10,0,1,71,-1,,0,5,0,3475975286
gym-big-split-boss6-kill,control-hold,88,Defeat,6,0,6,48,5,0,1,66,-1,,0,4,0,3026498205
gym-big-split-boss6-kill,control-hold,89,Defeat,7,0,7,56,3,0,1,57,-1,,0,5,0,3810894392
gym-big-split-boss6-kill,control-hold,90,Defeat,7,0,7,56,5,0,1,57,-1,,0,4,0,3813210911
gym-big-split-boss6-kill,control-hold,91,Defeat,7,0,7,56,11,0,2,71,-1,,0,6,0,2443659530
gym-big-split-boss6-kill,control-hold,92,Defeat,7,0,7,56,7,0,1,57,-1,,0,5,0,3810894392
gym-big-split-boss6-kill,control-hold,93,Defeat,6,0,6,48,3,0,3,83,-1,,0,5,0,57935232
gym-big-split-boss6-kill,control-hold,94,Defeat,8,0,8,64,5,0,1,50,-1,,0,5,0,2856575194
gym-big-split-boss6-kill,control-hold,95,Defeat,7,0,7,56,5,0,1,85,-1,,0,3,0,1894862278
gym-big-split-boss6-kill,control-hold,96,Defeat,7,0,7,56,5,0,1,57,-1,,0,5,0,3810894392
gym-big-split-boss6-kill,control-hold,97,Defeat,7,0,7,56,15,0,1,57,-1,,0,5,0,3810894392
gym-big-split-boss6-kill,control-hold,98,Defeat,5,0,5,40,5,0,2,60,7,1:7,0,6,0,3847355500
gym-big-split-boss6-kill,control-hold,99,Defeat,7,0,7,56,13,0,1,71,-1,,0,5,0,4167927598
gym-big-split-boss6-kill,control-hold,100,Defeat,18,0,18,144,21,0,2,33,3,1:3,0,36,0,2729349042
gym-big-split-boss6-kill,control-hold,101,Defeat,6,0,6,48,8,0,2,83,-1,,0,4,0,3105040995
gym-big-split-boss6-kill,control-hold,102,Defeat,7,0,7,56,5,0,1,57,-1,,0,6,0,3810894392
gym-big-split-boss6-kill,control-hold,103,Defeat,7,0,7,56,7,0,1,57,-1,,0,5,0,3810894392
gym-big-split-boss6-kill,control-hold,104,Defeat,10,0,10,80,8,0,2,80,-1,,0,12,0,3657462547
gym-big-split-boss6-kill,control-hold,105,Defeat,6,0,6,48,5,0,2,66,-1,,0,3,0,1084780039
gym-big-split-boss6-kill,control-hold,106,Defeat,6,0,6,48,3,0,1,83,-1,,0,4,0,439663852
gym-big-split-boss6-kill,control-hold,107,Defeat,21,0,21,168,25,0,1,42,3,1:3,0,21,0,741019319
gym-big-split-boss6-kill,control-hold,108,Defeat,6,0,6,48,4,0,2,83,-1,,0,4,0,2100237611
gym-big-split-boss6-kill,control-hold,109,Defeat,7,0,7,56,9,0,1,57,-1,,0,5,0,3810894392
gym-big-split-boss6-kill,control-hold,110,Defeat,6,0,6,48,3,0,2,100,-1,,0,4,0,553985876
gym-big-split-boss6-kill,control-hold,111,Defeat,6,0,6,48,14,0,1,83,-1,,0,5,0,1192894591
gym-big-split-boss6-kill,control-hold,112,Defeat,5,0,5,40,5,0,2,80,-1,,0,3,1,1058282566
gym-big-split-boss6-kill,control-hold,113,Defeat,7,0,7,56,14,0,2,71,-1,,0,6,1,2221245373
gym-big-split-boss6-kill,control-hold,114,Defeat,6,0,6,48,4,0,2,100,-1,,0,4,0,3733255783
gym-big-split-boss6-kill,control-hold,115,Defeat,6,0,6,48,10,0,2,66,-1,,0,4,0,3516481394
gym-big-split-boss6-kill,control-hold,116,Defeat,9,0,9,72,7,0,2,66,-1,,0,9,0,305820802
gym-big-split-boss6-kill,control-hold,117,Defeat,7,0,7,56,5,0,1,71,-1,,0,5,0,3104039019
gym-big-split-boss6-kill,control-hold,118,Defeat,7,0,7,56,4,0,1,71,-1,,0,5,0,3504633802
gym-big-split-boss6-kill,control-hold,119,Victory,16,0,16,128,15,20,0,37,7,1:7,0,15,0,767094211
gym-big-split-boss6-kill,control-hold,120,Defeat,7,0,7,56,4,0,1,71,-1,,0,5,0,16911233
gym-big-split-boss6-kill,control-hold,121,Defeat,7,0,7,56,2,0,2,85,-1,,0,5,0,1127391939
gym-big-split-boss6-kill,control-hold,122,Defeat,8,0,8,64,5,0,1,75,-1,,0,6,0,3788453051
gym-big-split-boss6-kill,control-hold,123,Defeat,8,0,8,64,11,0,1,75,-1,,0,7,0,699994057
gym-big-split-boss6-kill,control-hold,124,Defeat,7,0,7,56,3,0,1,71,-1,,0,5,0,2584481686
gym-big-split-boss6-kill,control-hold,125,Defeat,7,0,7,56,5,0,1,57,-1,,0,6,0,3810894392
gym-big-split-boss6-kill,control-hold,126,Defeat,6,0,6,48,11,0,2,100,-1,,0,5,1,3179093053
gym-big-split-boss6-kill,control-hold,127,Defeat,6,0,6,48,8,0,1,66,-1,,0,4,0,3148527199
gym-big-split-boss6-kill,control-hold,128,Defeat,5,0,5,40,9,0,3,80,-1,,0,3,1,3441056618
gym-big-split-boss6-kill,control-hold,129,Defeat,7,0,7,56,10,0,1,71,-1,,0,5,0,1743503868
gym-big-split-boss6-kill,control-hold,130,Defeat,8,0,8,64,5,0,1,50,-1,,0,5,0,2891609238
gym-big-split-boss6-kill,control-hold,131,Defeat,7,0,7,56,8,0,1,57,-1,,0,5,0,3810894392
gym-big-split-boss6-kill,control-hold,132,Defeat,7,0,7,56,16,0,2,71,-1,,0,5,0,629252458
gym-big-split-boss6-kill,control-hold,133,Defeat,7,0,7,56,4,0,1,71,-1,,0,5,0,3504633802
gym-big-split-boss6-kill,control-hold,134,Defeat,7,0,7,56,9,0,1,57,-1,,0,5,0,349065602
gym-big-split-boss6-kill,control-hold,135,Defeat,7,0,7,56,15,0,1,57,-1,,0,5,0,4026734890
gym-big-split-boss6-kill,control-hold,136,Defeat,5,0,5,40,5,0,4,80,7,1:7,0,7,1,2356328549
gym-big-split-boss6-kill,control-hold,137,Defeat,13,0,13,104,18,0,1,53,3,1:3,0,21,0,1244425761
gym-big-split-boss6-kill,control-hold,138,Defeat,7,0,7,56,5,0,1,71,-1,,0,3,0,2789527631
gym-big-split-boss6-kill,control-hold,139,Defeat,7,0,7,56,7,0,1,57,-1,,0,5,0,3810894392
gym-big-split-boss6-kill,control-hold,140,Defeat,9,0,9,72,12,0,1,55,-1,,0,7,0,2677239897
gym-big-split-boss6-kill,control-hold,141,Defeat,7,0,7,56,5,0,1,71,-1,,0,5,0,976829880
gym-big-split-boss6-kill,control-hold,142,Defeat,10,0,10,80,9,0,2,70,-1,,0,16,0,2638349904
gym-big-split-boss6-kill,control-hold,143,Defeat,5,0,5,40,5,0,2,60,7,1:7,0,6,0,3847355500
gym-big-split-boss6-kill,control-hold,144,Defeat,12,0,12,96,11,0,1,58,-1,,0,11,0,2041073505
gym-big-split-boss6-kill,control-hold,145,Victory,12,0,12,96,10,15,0,50,3,1:3,0,9,0,1598749355
gym-big-split-boss6-kill,control-hold,146,Defeat,9,0,9,72,6,0,1,66,-1,,0,5,0,84999332
gym-big-split-boss6-kill,control-hold,147,Defeat,6,0,6,48,5,0,2,100,-1,,0,4,0,441361081
gym-big-split-boss6-kill,control-hold,148,Defeat,6,0,6,48,10,0,1,83,-1,,0,5,0,439663852
gym-big-split-boss6-kill,control-hold,149,Defeat,8,0,8,64,6,0,1,62,-1,,0,5,0,1028900374
gym-big-split-boss6-kill,control-hold,150,Defeat,7,0,7,56,4,0,2,85,-1,,0,6,1,1419248055
gym-big-split-boss6-kill,control-hold,151,Defeat,5,0,5,40,5,0,3,80,-1,,0,2,1,4142726097
gym-big-split-boss6-kill,control-hold,152,Defeat,7,0,7,56,15,0,1,57,-1,,0,5,0,1548049402
gym-big-split-boss6-kill,control-hold,153,Defeat,5,0,5,40,10,0,2,80,-1,,0,3,0,424374377
gym-big-split-boss6-kill,control-hold,154,Defeat,9,0,9,72,3,0,2,88,3,1:3,0,9,0,2037081673
gym-big-split-boss6-kill,control-hold,155,Defeat,7,0,7,56,4,0,1,71,-1,,0,5,0,3504633802
gym-big-split-boss6-kill,control-hold,156,Defeat,7,0,7,56,7,0,2,85,-1,,0,6,0,2381221964
gym-big-split-boss6-kill,control-hold,157,Defeat,6,0,6,48,2,0,2,83,-1,,0,4,0,689031463
gym-big-split-boss6-kill,control-hold,158,Defeat,7,0,7,56,5,0,1,57,-1,,0,5,0,3810894392
gym-big-split-boss6-kill,control-hold,159,Defeat,6,0,6,48,12,0,2,83,-1,,0,4,0,2037800313
gym-big-split-boss6-kill,control-hold,160,Defeat,7,0,7,56,8,0,1,71,-1,,0,6,0,3406011755
gym-big-split-boss6-kill,control-hold,161,Defeat,7,0,7,56,13,0,1,57,-1,,0,6,0,2961350878
gym-big-split-boss6-kill,control-hold,162,Defeat,7,0,7,56,7,0,1,71,-1,,0,4,0,976829880
gym-big-split-boss6-kill,control-hold,163,Defeat,8,0,8,64,5,0,1,50,-1,,0,5,0,3377691340
gym-big-split-boss6-kill,control-hold,164,Defeat,6,0,6,48,15,0,2,100,-1,,0,5,1,1499706973
gym-big-split-boss6-kill,control-hold,165,Defeat,7,0,7,56,7,0,1,57,-1,,0,5,0,3810894392
gym-big-split-boss6-kill,control-hold,166,Defeat,6,0,6,48,3,0,2,83,-1,,0,4,0,2081900300
gym-big-split-boss6-kill,control-hold,167,Defeat,8,0,8,64,8,0,1,37,-1,,0,6,0,2480074475
gym-big-split-boss6-kill,control-hold,168,Defeat,7,0,7,56,7,0,1,57,-1,,0,5,0,3810894392
gym-big-split-boss6-kill,control-hold,169,Defeat,7,0,7,56,7,0,1,57,-1,,0,6,0,3810894392
gym-big-split-boss6-kill,control-hold,170,Defeat,5,0,5,40,11,0,3,100,7,1:7,0,7,0,2199314940
gym-big-split-boss6-kill,control-hold,171,Defeat,6,0,6,48,5,0,1,66,-1,,0,4,1,743777145
gym-big-split-boss6-kill,control-hold,172,Defeat,5,0,5,40,3,0,2,80,7,1:7,0,6,0,3028724772
gym-big-split-boss6-kill,control-hold,173,Defeat,6,0,6,48,4,0,2,83,-1,,0,4,0,3123867418
gym-big-split-boss6-kill,control-hold,174,Defeat,8,0,8,64,5,0,1,75,-1,,0,7,0,401419197
gym-big-split-boss6-kill,control-hold,175,Defeat,6,0,6,48,3,0,2,100,-1,,0,5,0,1470685619
gym-big-split-boss6-kill,control-hold,176,Defeat,9,0,9,72,5,0,1,55,-1,,0,6,0,2921441721
gym-big-split-boss6-kill,control-hold,177,Defeat,6,0,6,48,5,0,2,66,-1,,0,3,0,235933773
gym-big-split-boss6-kill,control-hold,178,Defeat,7,0,7,56,5,0,1,57,-1,,0,4,0,2968392314
gym-big-split-boss6-kill,control-hold,179,Defeat,7,0,7,56,4,0,1,71,-1,,0,5,0,4999916
gym-big-split-boss6-kill,control-hold,180,Defeat,11,0,11,88,12,0,1,54,3,1:3,0,7,0,1570769747
gym-big-split-boss6-kill,control-hold,181,Defeat,7,0,7,56,7,0,1,57,-1,,0,5,0,3810894392
gym-big-split-boss6-kill,control-hold,182,Defeat,6,0,6,48,11,0,2,66,-1,,0,4,0,3825449211
gym-big-split-boss6-kill,control-hold,183,Defeat,7,0,7,56,15,0,1,57,-1,,0,5,0,4026734890
gym-big-split-boss6-kill,control-hold,184,Defeat,6,0,6,48,10,0,2,83,-1,,0,4,0,1829510020
gym-big-split-boss6-kill,control-hold,185,Defeat,6,0,6,48,8,0,2,66,-1,,0,4,0,3516481394
gym-big-split-boss6-kill,control-hold,186,Defeat,14,0,14,112,16,0,1,42,-1,,0,16,0,784070482
gym-big-split-boss6-kill,control-hold,187,Defeat,7,0,7,56,7,0,1,57,-1,,0,5,0,3810894392
gym-big-split-boss6-kill,control-hold,188,Defeat,7,0,7,56,7,0,1,57,-1,,0,5,0,3810894392
gym-big-split-boss6-kill,control-hold,189,Defeat,6,0,6,48,0,0,3,100,7,1:7,0,7,1,940345637
gym-big-split-boss6-kill,control-hold,190,Defeat,6,0,6,48,5,0,2,100,-1,,0,4,0,1058612991
gym-big-split-boss6-kill,control-hold,191,Defeat,6,0,6,48,9,0,2,116,-1,,0,4,0,2092429094
gym-big-split-boss6-kill,control-hold,192,Defeat,7,0,7,56,14,0,2,71,-1,,0,4,0,3772724232
gym-big-split-boss6-kill,control-hold,193,Defeat,6,0,6,48,5,0,2,83,-1,,0,4,0,3549702418
gym-big-split-boss6-kill,control-hold,194,Defeat,5,0,5,40,3,0,3,80,-1,,0,3,1,2666583767
gym-big-split-boss6-kill,control-hold,195,Defeat,6,0,6,48,12,0,2,66,-1,,0,4,0,2798459290
gym-big-split-boss6-kill,control-hold,196,Defeat,5,0,5,40,3,0,3,60,-1,,0,5,1,1415185221
gym-big-split-boss6-kill,control-hold,197,Defeat,6,0,6,48,6,0,2,83,-1,,0,5,1,379895505
gym-big-split-boss6-kill,control-hold,198,Defeat,6,0,6,48,3,0,2,66,-1,,0,3,0,3751359882
gym-big-split-boss6-kill,control-hold,199,Defeat,5,0,5,40,20,0,2,80,-1,,0,3,1,2017814136
gym-big-split-boss6-kill,control-hold,200,Defeat,7,0,7,56,10,0,1,57,-1,,0,5,0,3810894392
gym-big-split-boss6-kill,charge,1,Defeat,6,0,6,48,6,0,1,66,-1,,0,3,0,1225061665
gym-big-split-boss6-kill,charge,2,Defeat,4,0,4,32,4,0,2,75,-1,,0,1,2,517081947
gym-big-split-boss6-kill,charge,3,Defeat,4,0,4,32,8,0,2,75,-1,,0,2,1,2942527943
gym-big-split-boss6-kill,charge,4,Defeat,7,0,7,56,12,0,2,71,-1,,0,5,0,268102234
gym-big-split-boss6-kill,charge,5,Defeat,5,0,5,40,4,0,2,60,-1,,0,1,2,3657502397
gym-big-split-boss6-kill,charge,6,Defeat,5,0,5,40,4,0,2,80,-1,,0,2,1,4097560708
gym-big-split-boss6-kill,charge,7,Defeat,3,0,3,24,12,0,3,100,-1,,0,1,3,3452015824
gym-big-split-boss6-kill,charge,8,Defeat,4,0,4,32,4,0,3,75,-1,,0,1,2,475406387
gym-big-split-boss6-kill,charge,9,Defeat,5,0,5,40,6,0,2,80,-1,,0,1,2,183196379
gym-big-split-boss6-kill,charge,10,Defeat,3,0,3,24,8,0,4,133,-1,,0,1,2,3134502811
gym-big-split-boss6-kill,charge,11,Defeat,4,0,4,32,4,0,2,75,-1,,0,1,2,517081947
gym-big-split-boss6-kill,charge,12,Defeat,4,0,4,32,4,0,2,75,-1,,0,1,2,517081947
gym-big-split-boss6-kill,charge,13,Defeat,6,0,6,48,8,0,2,66,-1,,0,1,0,125475022
gym-big-split-boss6-kill,charge,14,Defeat,5,0,5,40,5,0,2,80,-1,,0,2,1,3981017227
gym-big-split-boss6-kill,charge,15,Defeat,4,0,4,32,4,0,3,75,-1,,0,1,2,1476813987
gym-big-split-boss6-kill,charge,16,Defeat,4,0,4,32,4,0,2,75,-1,,0,0,2,3827310553
gym-big-split-boss6-kill,charge,17,Defeat,4,0,4,32,2,0,2,75,-1,,0,1,2,517081947
gym-big-split-boss6-kill,charge,18,Defeat,4,0,4,32,4,0,2,75,-1,,0,1,2,676926055
gym-big-split-boss6-kill,charge,19,Defeat,4,0,4,32,4,0,2,75,-1,,0,1,2,517081947
gym-big-split-boss6-kill,charge,20,Defeat,5,0,5,40,4,0,2,60,-1,,0,0,1,1220966437
gym-big-split-boss6-kill,charge,21,Defeat,5,0,5,40,10,0,2,100,-1,,0,1,0,3079579176
gym-big-split-boss6-kill,charge,22,Defeat,4,0,4,32,5,0,3,100,-1,,0,1,2,368950415
gym-big-split-boss6-kill,charge,23,Defeat,4,0,4,32,6,0,2,75,-1,,0,1,2,72688545
gym-big-split-boss6-kill,charge,24,Defeat,3,0,3,24,4,0,3,100,-1,,0,1,2,1128665846
gym-big-split-boss6-kill,charge,25,Defeat,5,0,5,40,4,0,2,60,-1,,0,1,1,814209001
gym-big-split-boss6-kill,charge,26,Defeat,4,0,4,32,4,0,2,75,-1,,0,1,2,676926055
gym-big-split-boss6-kill,charge,27,Defeat,4,0,4,32,4,0,2,75,-1,,0,1,2,676926055
gym-big-split-boss6-kill,charge,28,Defeat,5,0,5,40,8,0,2,60,-1,,0,1,1,3211929596
gym-big-split-boss6-kill,charge,29,Defeat,4,0,4,32,4,0,2,75,-1,,0,1,2,517081947
gym-big-split-boss6-kill,charge,30,Defeat,6,0,6,48,6,0,2,83,-1,,0,1,0,1299250574
gym-big-split-boss6-kill,charge,31,Defeat,7,0,7,56,2,0,2,71,-1,,0,1,0,4144242083
gym-big-split-boss6-kill,charge,32,Defeat,4,0,4,32,8,0,3,100,-1,,0,2,2,3631233143
gym-big-split-boss6-kill,charge,33,Defeat,4,0,4,32,4,0,2,75,-1,,0,0,2,517081947
gym-big-split-boss6-kill,charge,34,Defeat,3,0,3,24,4,0,3,133,-1,,0,1,2,3294921936
gym-big-split-boss6-kill,charge,35,Defeat,5,0,5,40,4,0,2,60,-1,,0,1,2,854570099
gym-big-split-boss6-kill,charge,36,Defeat,4,0,4,32,4,0,2,75,-1,,0,1,2,517081947
gym-big-split-boss6-kill,charge,37,Defeat,5,0,5,40,4,0,2,80,-1,,0,1,1,2969507638
gym-big-split-boss6-kill,charge,38,Defeat,5,0,5,40,1,0,2,80,-1,,0,0,1,4111319128
gym-big-split-boss6-kill,charge,39,Defeat,6,0,6,48,4,0,1,83,-1,,0,2,0,2137838482
gym-big-split-boss6-kill,charge,40,Defeat,4,0,4,32,2,0,2,75,-1,,0,1,2,517081947
gym-big-split-boss6-kill,charge,41,Defeat,4,0,4,32,4,0,2,75,-1,,0,1,2,3827310553
gym-big-split-boss6-kill,charge,42,Defeat,4,0,4,32,4,0,2,75,-1,,0,1,2,517081947
gym-big-split-boss6-kill,charge,43,Defeat,4,0,4,32,2,0,2,75,-1,,0,1,2,517081947
gym-big-split-boss6-kill,charge,44,Defeat,5,0,5,40,9,0,2,80,-1,,0,2,0,3405522531
gym-big-split-boss6-kill,charge,45,Defeat,4,0,4,32,9,0,3,100,-1,,0,2,2,26361840
gym-big-split-boss6-kill,charge,46,Defeat,4,0,4,32,6,0,2,75,-1,,0,1,1,1836958487
gym-big-split-boss6-kill,charge,47,Defeat,4,0,4,32,4,0,2,75,-1,,0,1,2,517081947
gym-big-split-boss6-kill,charge,48,Defeat,4,0,4,32,4,0,2,75,-1,,0,1,2,517081947
gym-big-split-boss6-kill,charge,49,Defeat,4,0,4,32,4,0,2,75,-1,,0,1,2,676926055
gym-big-split-boss6-kill,charge,50,Defeat,4,0,4,32,4,0,2,75,-1,,0,1,2,517081947
gym-big-split-boss6-kill,charge,51,Defeat,5,0,5,40,4,0,2,100,-1,,0,2,1,2362164220
gym-big-split-boss6-kill,charge,52,Defeat,4,0,4,32,4,0,2,75,-1,,0,1,2,517081947
gym-big-split-boss6-kill,charge,53,Defeat,6,0,6,48,11,0,2,66,-1,,0,2,1,69200735
gym-big-split-boss6-kill,charge,54,Defeat,8,0,8,64,5,0,2,75,3,1:3,0,3,0,792119077
gym-big-split-boss6-kill,charge,55,Defeat,5,0,5,40,8,0,2,60,-1,,0,2,2,2669985272
gym-big-split-boss6-kill,charge,56,Defeat,7,0,7,56,4,0,2,85,-1,,0,4,0,3490789188
gym-big-split-boss6-kill,charge,57,Defeat,5,0,5,40,4,0,2,80,-1,,0,1,1,3939641946
gym-big-split-boss6-kill,charge,58,Defeat,5,0,5,40,0,0,2,80,-1,,0,2,1,3001521379
gym-big-split-boss6-kill,charge,59,Defeat,3,0,3,24,8,0,4,133,-1,,0,1,2,3309648471
gym-big-split-boss6-kill,charge,60,Defeat,5,0,5,40,8,0,2,80,-1,,0,2,0,3337425215
gym-big-split-boss6-kill,charge,61,Defeat,4,0,4,32,4,0,2,75,-1,,0,1,2,517081947
gym-big-split-boss6-kill,charge,62,Defeat,5,0,5,40,3,0,2,80,-1,,0,1,1,3955491372
gym-big-split-boss6-kill,charge,63,Defeat,4,0,4,32,4,0,3,75,-1,,0,2,1,1123463189
gym-big-split-boss6-kill,charge,64,Defeat,4,0,4,32,8,0,2,75,-1,,0,1,2,1584838179
gym-big-split-boss6-kill,charge,65,Defeat,4,0,4,32,4,0,3,75,-1,,0,1,2,475406387
gym-big-split-boss6-kill,charge,66,Defeat,4,0,4,32,4,0,2,75,-1,,0,1,2,1323475013
gym-big-split-boss6-kill,charge,67,Defeat,4,0,4,32,4,0,2,75,-1,,0,1,2,676926055
gym-big-split-boss6-kill,charge,68,Defeat,6,0,6,48,6,0,2,66,3,1:3,0,1,1,688370303
gym-big-split-boss6-kill,charge,69,Defeat,4,0,4,32,10,0,3,100,-1,,0,1,2,3238694399
gym-big-split-boss6-kill,charge,70,Defeat,4,0,4,32,4,0,3,75,-1,,0,1,2,4119085819
gym-big-split-boss6-kill,charge,71,Defeat,4,0,4,32,1,0,2,100,-1,,0,1,2,621536003
gym-big-split-boss6-kill,charge,72,Defeat,5,0,5,40,4,0,3,100,-1,,0,3,1,1315910827
gym-big-split-boss6-kill,charge,73,Defeat,4,0,4,32,4,0,2,75,-1,,0,1,2,3827310553
gym-big-split-boss6-kill,charge,74,Defeat,5,0,5,40,10,0,2,60,-1,,0,2,2,4269961948
gym-big-split-boss6-kill,charge,75,Defeat,5,0,5,40,4,0,2,60,-1,,0,0,1,3077075757
gym-big-split-boss6-kill,charge,76,Defeat,7,0,7,56,5,0,1,71,-1,,0,3,0,2392056933
gym-big-split-boss6-kill,charge,77,Defeat,4,0,4,32,4,0,2,75,-1,,0,1,2,517081947
gym-big-split-boss6-kill,charge,78,Defeat,4,0,4,32,4,0,2,75,-1,,0,1,2,3827310553
gym-big-split-boss6-kill,charge,79,Defeat,3,0,3,24,4,0,4,100,-1,,0,1,2,1956534771
gym-big-split-boss6-kill,charge,80,Defeat,6,0,6,48,1,0,2,116,-1,,0,3,0,3916004518
gym-big-split-boss6-kill,charge,81,Defeat,6,0,6,48,4,0,2,100,3,1:3,0,3,0,3220013235
gym-big-split-boss6-kill,charge,82,Defeat,4,0,4,32,4,0,2,75,-1,,0,1,2,517081947
gym-big-split-boss6-kill,charge,83,Defeat,5,0,5,40,8,0,2,80,-1,,0,2,2,2497516195
gym-big-split-boss6-kill,charge,84,Defeat,5,0,5,40,4,0,2,60,-1,,0,1,1,4035251361
gym-big-split-boss6-kill,charge,85,Defeat,5,0,5,40,4,0,2,60,-1,,0,0,1,1220966437
gym-big-split-boss6-kill,charge,86,Defeat,3,0,3,24,4,0,3,100,-1,,0,1,2,2169403080
gym-big-split-boss6-kill,charge,87,Defeat,4,0,4,32,4,0,2,75,-1,,0,1,2,517081947
gym-big-split-boss6-kill,charge,88,Defeat,5,0,5,40,4,0,2,80,-1,,0,1,1,2879600540
gym-big-split-boss6-kill,charge,89,Defeat,4,0,4,32,6,0,2,75,-1,,0,1,1,177377885
gym-big-split-boss6-kill,charge,90,Defeat,4,0,4,32,4,0,2,75,-1,,0,1,2,517081947
gym-big-split-boss6-kill,charge,91,Defeat,4,0,4,32,4,0,2,75,-1,,0,0,2,517081947
gym-big-split-boss6-kill,charge,92,Defeat,4,0,4,32,4,0,2,75,-1,,0,1,2,517081947
gym-big-split-boss6-kill,charge,93,Defeat,5,0,5,40,8,0,2,80,-1,,0,2,1,895846400
gym-big-split-boss6-kill,charge,94,Defeat,4,0,4,32,4,0,2,75,-1,,0,1,2,517081947
gym-big-split-boss6-kill,charge,95,Defeat,4,0,4,32,0,0,2,125,-1,,0,2,2,3674464528
gym-big-split-boss6-kill,charge,96,Defeat,5,0,5,40,6,0,2,80,-1,,0,1,1,2945881401
gym-big-split-boss6-kill,charge,97,Defeat,6,0,6,48,14,0,2,66,-1,,0,3,0,3591914248
gym-big-split-boss6-kill,charge,98,Defeat,5,0,5,40,8,0,2,80,-1,,0,2,2,2337697687
gym-big-split-boss6-kill,charge,99,Defeat,4,0,4,32,4,0,2,75,-1,,0,1,2,517081947
gym-big-split-boss6-kill,charge,100,Defeat,5,0,5,40,8,0,3,60,-1,,0,2,2,605877808
gym-big-split-boss6-kill,charge,101,Defeat,6,0,6,48,6,0,2,83,-1,,0,2,0,2034261798
gym-big-split-boss6-kill,charge,102,Defeat,4,0,4,32,2,0,2,75,-1,,0,1,2,517081947
gym-big-split-boss6-kill,charge,103,Defeat,4,0,4,32,4,0,2,75,-1,,0,1,2,517081947
gym-big-split-boss6-kill,charge,104,Defeat,5,0,5,40,4,0,2,60,-1,,0,1,2,1747527603
gym-big-split-boss6-kill,charge,105,Defeat,4,0,4,32,4,0,2,75,-1,,0,1,2,517081947
gym-big-split-boss6-kill,charge,106,Defeat,4,0,4,32,4,0,2,75,-1,,0,0,2,3827310553
gym-big-split-boss6-kill,charge,107,Defeat,5,0,5,40,4,0,2,80,8,1:8,0,0,1,4039019222
gym-big-split-boss6-kill,charge,108,Defeat,4,0,4,32,4,0,2,75,-1,,0,1,2,517081947
gym-big-split-boss6-kill,charge,109,Defeat,4,0,4,32,2,0,2,75,-1,,0,1,2,517081947
gym-big-split-boss6-kill,charge,110,Defeat,5,0,5,40,4,0,2,60,-1,,0,1,1,814209001
gym-big-split-boss6-kill,charge,111,Defeat,5,0,5,40,5,0,2,100,3,1:3,0,2,2,2529158317
gym-big-split-boss6-kill,charge,112,Defeat,4,0,4,32,4,0,2,75,-1,,0,1,2,3750505130
gym-big-split-boss6-kill,charge,113,Defeat,3,0,3,24,9,0,4,133,-1,,0,1,2,3222732820
gym-big-split-boss6-kill,charge,114,Defeat,4,0,4,32,4,0,3,100,-1,,0,1,2,3901286246
gym-big-split-boss6-kill,charge,115,Defeat,4,0,4,32,6,0,2,75,-1,,0,2,2,406990370
gym-big-split-boss6-kill,charge,116,Defeat,5,0,5,40,4,0,2,80,-1,,0,1,0,4118896403
gym-big-split-boss6-kill,charge,117,Defeat,4,0,4,32,4,0,2,75,-1,,0,1,2,517081947
gym-big-split-boss6-kill,charge,118,Defeat,6,0,6,48,6,0,2,83,-1,,0,1,0,1299250574
gym-big-split-boss6-kill,charge,119,Defeat,4,0,4,32,8,0,2,75,-1,,0,1,2,1584838179
gym-big-split-boss6-kill,charge,120,Defeat,5,0,5,40,6,0,1,80,-1,,0,1,0,3700106649
gym-big-split-boss6-kill,charge,121,Defeat,5,0,5,40,10,0,2,80,-1,,0,2,2,833627504
gym-big-split-boss6-kill,charge,122,Defeat,5,0,5,40,4,0,2,80,-1,,0,1,1,2969507638
gym-big-split-boss6-kill,charge,123,Defeat,4,0,4,32,4,0,2,75,-1,,0,1,2,517081947
gym-big-split-boss6-kill,charge,124,Defeat,3,0,3,24,8,0,4,166,-1,,0,1,2,2505828263
gym-big-split-boss6-kill,charge,125,Defeat,5,0,5,40,4,0,2,80,-1,,0,2,1,4097560708
gym-big-split-boss6-kill,charge,126,Defeat,5,0,5,40,4,0,2,80,8,1:8,0,1,1,2551508820
gym-big-split-boss6-kill,charge,127,Defeat,4,0,4,32,4,0,3,75,-1,,0,0,2,3718347569
gym-big-split-boss6-kill,charge,128,Defeat,6,0,6,48,4,0,2,83,-1,,0,2,0,3781297178
gym-big-split-boss6-kill,charge,129,Defeat,4,0,4,32,4,0,2,75,-1,,0,1,2,517081947
gym-big-split-boss6-kill,charge,130,Defeat,4,0,4,32,4,0,2,75,-1,,0,1,2,517081947
gym-big-split-boss6-kill,charge,131,Defeat,5,0,5,40,4,0,2,60,-1,,0,0,1,1220966437
gym-big-split-boss6-kill,charge,132,Defeat,4,0,4,32,4,0,2,75,7,1:7,0,1,2,2745459947
gym-big-split-boss6-kill,charge,133,Defeat,4,0,4,32,8,0,2,75,-1,,0,1,2,1584838179
gym-big-split-boss6-kill,charge,134,Defeat,5,0,5,40,4,0,2,60,-1,,0,0,1,1220966437
gym-big-split-boss6-kill,charge,135,Defeat,4,0,4,32,4,0,2,75,-1,,0,1,2,517081947
gym-big-split-boss6-kill,charge,136,Defeat,3,0,3,24,12,0,3,100,-1,,0,1,3,3452015824
gym-big-split-boss6-kill,charge,137,Defeat,5,0,5,40,6,0,2,120,-1,,0,3,1,1064245417
gym-big-split-boss6-kill,charge,138,Defeat,4,0,4,32,4,0,2,75,-1,,0,1,2,517081947
gym-big-split-boss6-kill,charge,139,Defeat,4,0,4,32,4,0,2,75,-1,,0,1,2,517081947
gym-big-split-boss6-kill,charge,140,Defeat,3,0,3,24,4,0,3,100,-1,,0,1,2,1128665846
gym-big-split-boss6-kill,charge,141,Defeat,4,0,4,32,4,0,2,75,-1,,0,1,2,517081947
gym-big-split-boss6-kill,charge,142,Defeat,5,0,5,40,1,0,2,80,-1,,0,2,1,2199572635
gym-big-split-boss6-kill,charge,143,Defeat,5,0,5,40,1,0,2,80,-1,,0,1,1,2969507638
gym-big-split-boss6-kill,charge,144,Defeat,5,0,5,40,4,0,2,80,-1,,0,1,1,2969507638
gym-big-split-boss6-kill,charge,145,Defeat,4,0,4,32,4,0,2,75,-1,,0,1,2,517081947
gym-big-split-boss6-kill,charge,146,Defeat,4,0,4,32,4,0,2,75,-1,,0,1,2,517081947
gym-big-split-boss6-kill,charge,147,Defeat,5,0,5,40,4,0,2,80,-1,,0,0,1,2969507638
gym-big-split-boss6-kill,charge,148,Defeat,5,0,5,40,8,0,2,80,-1,,0,2,1,3001521379
gym-big-split-boss6-kill,charge,149,Defeat,5,0,5,40,4,0,2,60,-1,,0,0,1,3077075757
gym-big-split-boss6-kill,charge,150,Defeat,4,0,4,32,6,0,2,75,-1,,0,1,1,177377885
gym-big-split-boss6-kill,charge,151,Defeat,4,0,4,32,4,0,2,75,-1,,0,1,2,517081947
gym-big-split-boss6-kill,charge,152,Defeat,4,0,4,32,6,0,2,75,-1,,0,1,1,177377885
gym-big-split-boss6-kill,charge,153,Defeat,5,0,5,40,4,0,2,80,8,1:8,0,1,1,1213185922
gym-big-split-boss6-kill,charge,154,Defeat,5,0,5,40,6,0,2,80,-1,,0,1,0,745586251
gym-big-split-boss6-kill,charge,155,Defeat,4,0,4,32,4,0,2,75,-1,,0,1,2,517081947
gym-big-split-boss6-kill,charge,156,Defeat,5,0,5,40,4,0,2,100,-1,,0,1,0,3366942385
gym-big-split-boss6-kill,charge,157,Defeat,3,0,3,24,12,0,3,100,-1,,0,1,3,3452015824
gym-big-split-boss6-kill,charge,158,Defeat,4,0,4,32,4,0,2,75,-1,,0,1,2,517081947
gym-big-split-boss6-kill,charge,159,Defeat,4,0,4,32,4,0,2,75,-1,,0,1,2,517081947
gym-big-split-boss6-kill,charge,160,Defeat,3,0,3,24,8,0,3,133,-1,,0,1,2,4113782982
gym-big-split-boss6-kill,charge,161,Defeat,3,0,3,24,8,0,4,100,-1,,0,1,3,1030695731
gym-big-split-boss6-kill,charge,162,Defeat,6,0,6,48,6,0,2,83,-1,,0,2,0,955940240
gym-big-split-boss6-kill,charge,163,Defeat,4,0,4,32,4,0,2,75,-1,,0,1,2,517081947
gym-big-split-boss6-kill,charge,164,Defeat,6,0,6,48,10,0,2,83,-1,,0,2,0,1802524066
gym-big-split-boss6-kill,charge,165,Defeat,4,0,4,32,4,0,2,75,-1,,0,1,2,676926055
gym-big-split-boss6-kill,charge,166,Defeat,3,0,3,24,2,0,3,133,-1,,0,1,2,439039374
gym-big-split-boss6-kill,charge,167,Defeat,4,0,4,32,2,0,2,75,-1,,0,1,2,517081947
gym-big-split-boss6-kill,charge,168,Defeat,5,0,5,40,6,0,2,60,-1,,0,1,1,68594266
gym-big-split-boss6-kill,charge,169,Defeat,5,0,5,40,6,0,2,80,-1,,0,3,1,1916199474
gym-big-split-boss6-kill,charge,170,Defeat,4,0,4,32,4,0,2,75,-1,,0,1,1,182501123
gym-big-split-boss6-kill,charge,171,Defeat,4,0,4,32,4,0,2,75,-1,,0,0,2,3827310553
gym-big-split-boss6-kill,charge,172,Defeat,4,0,4,32,1,0,2,100,-1,,0,2,2,2439500259
gym-big-split-boss6-kill,charge,173,Defeat,4,0,4,32,4,0,2,75,-1,,0,1,2,517081947
gym-big-split-boss6-kill,charge,174,Defeat,4,0,4,32,4,0,2,75,-1,,0,1,2,517081947
gym-big-split-boss6-kill,charge,175,Defeat,3,0,3,24,4,0,3,100,-1,,0,1,2,1128665846
gym-big-split-boss6-kill,charge,176,Defeat,4,0,4,32,4,0,2,75,-1,,0,1,2,517081947
gym-big-split-boss6-kill,charge,177,Defeat,5,0,5,40,4,0,2,80,-1,,0,1,0,452972659
gym-big-split-boss6-kill,charge,178,Defeat,5,0,5,40,4,0,2,60,-1,,0,1,1,3564763851
gym-big-split-boss6-kill,charge,179,Defeat,4,0,4,32,4,0,2,75,-1,,0,1,2,517081947
gym-big-split-boss6-kill,charge,180,Defeat,6,0,6,48,5,0,2,66,-1,,0,2,1,515704771
gym-big-split-boss6-kill,charge,181,Defeat,4,0,4,32,2,0,2,75,-1,,0,1,2,517081947
gym-big-split-boss6-kill,charge,182,Defeat,5,0,5,40,4,0,1,80,-1,,0,1,0,4094571485
gym-big-split-boss6-kill,charge,183,Defeat,4,0,4,32,4,0,2,75,-1,,0,1,2,517081947
gym-big-split-boss6-kill,charge,184,Defeat,5,0,5,40,8,0,2,60,-1,,0,2,2,4636802
gym-big-split-boss6-kill,charge,185,Defeat,4,0,4,32,4,0,2,75,-1,,0,1,2,517081947
gym-big-split-boss6-kill,charge,186,Defeat,3,0,3,24,4,0,3,133,-1,,0,1,2,439039374
gym-big-split-boss6-kill,charge,187,Defeat,4,0,4,32,4,0,2,75,-1,,0,1,2,517081947
gym-big-split-boss6-kill,charge,188,Defeat,5,0,5,40,5,0,3,100,7,1:7,0,2,1,3590181156
gym-big-split-boss6-kill,charge,189,Defeat,5,0,5,40,5,0,2,60,-1,,0,2,0,479014043
gym-big-split-boss6-kill,charge,190,Defeat,4,0,4,32,4,0,2,75,-1,,0,1,2,517081947
gym-big-split-boss6-kill,charge,191,Defeat,3,0,3,24,4,0,4,133,-1,,0,1,2,2485389613
gym-big-split-boss6-kill,charge,192,Defeat,5,0,5,40,5,0,2,80,-1,,0,1,0,4214572475
gym-big-split-boss6-kill,charge,193,Defeat,4,0,4,32,4,0,2,75,7,1:7,0,1,2,2745459947
gym-big-split-boss6-kill,charge,194,Defeat,5,0,5,40,14,0,2,100,-1,,0,3,1,817755390
gym-big-split-boss6-kill,charge,195,Defeat,4,0,4,32,4,0,2,75,-1,,0,1,2,517081947
gym-big-split-boss6-kill,charge,196,Defeat,5,0,5,40,8,0,2,80,-1,,0,2,0,4150819303
gym-big-split-boss6-kill,charge,197,Defeat,5,0,5,40,4,0,2,80,-1,,0,0,1,2969507638
gym-big-split-boss6-kill,charge,198,Defeat,3,0,3,24,12,0,3,100,-1,,0,1,3,3452015824
gym-big-split-boss6-kill,charge,199,Defeat,4,0,4,32,17,0,3,75,-1,,0,2,1,9047309
gym-big-split-boss6-kill,charge,200,Defeat,4,0,4,32,7,0,2,75,-1,,0,1,1,4186792765
gym-lanes,corridor-hold,1,Victory,13,0,13,104,12,155,0,30,3,1:3,0,15,0,3171886118
gym-lanes,corridor-hold,2,Victory,23,0,23,184,24,135,0,26,20,1:20,0,34,0,1199618548
gym-lanes,corridor-hold,3,Victory,11,0,11,88,7,75,0,36,-1,,0,13,0,3135252869
gym-lanes,corridor-hold,4,Victory,10,0,10,80,7,135,0,40,-1,,0,7,0,1152316914
gym-lanes,corridor-hold,5,Victory,20,0,20,160,34,215,0,20,12,1:12,0,23,0,3852542665
gym-lanes,corridor-hold,6,Victory,16,0,16,128,23,105,0,25,-1,,0,18,0,1302201745
gym-lanes,corridor-hold,7,Defeat,10,0,10,80,13,0,2,50,-1,,0,10,1,2677475225
gym-lanes,corridor-hold,8,Defeat,12,0,12,96,9,0,1,58,-1,,0,11,0,3472514916
gym-lanes,corridor-hold,9,Defeat,10,0,10,80,6,0,1,50,-1,,0,11,0,3658055636
gym-lanes,corridor-hold,10,Victory,24,0,24,192,28,185,0,20,12,1:12,0,18,0,1740368140
gym-lanes,corridor-hold,11,Victory,20,0,20,160,26,190,0,15,20,1:20,0,17,0,3182282564
gym-lanes,corridor-hold,12,Victory,13,0,13,104,15,230,0,23,-1,,0,8,0,2167551967
gym-lanes,corridor-hold,13,Defeat,10,0,10,80,14,0,2,50,-1,,0,10,0,1334624352
gym-lanes,corridor-hold,14,Victory,17,0,17,136,27,160,0,35,-1,,0,26,0,2141189943
gym-lanes,corridor-hold,15,Defeat,8,0,8,64,14,0,2,50,-1,,0,6,1,2065811484
gym-lanes,corridor-hold,16,Victory,13,0,13,104,17,80,0,23,-1,,0,12,0,2100155970
gym-lanes,corridor-hold,17,Victory,16,0,16,128,27,140,0,18,-1,,0,12,0,24260969
gym-lanes,corridor-hold,18,Defeat,11,0,11,88,9,0,2,54,-1,,0,12,0,498724401
gym-lanes,corridor-hold,19,Defeat,13,0,13,104,15,0,1,53,-1,,0,15,0,3995163837
gym-lanes,corridor-hold,20,Victory,12,0,12,96,16,155,0,25,-1,,0,9,0,566958299
gym-lanes,corridor-hold,21,Victory,12,0,12,96,13,5,0,41,-1,,0,9,0,401304469
gym-lanes,corridor-hold,22,Defeat,6,0,6,48,8,0,3,83,-1,,0,6,1,2592688664
gym-lanes,corridor-hold,23,Victory,17,0,17,136,24,115,0,29,-1,,0,23,0,511690292
gym-lanes,corridor-hold,24,Victory,11,0,11,88,7,210,0,27,12,1:12,0,7,0,4035252600
gym-lanes,corridor-hold,25,Victory,19,0,19,152,25,160,0,26,3,1:3,0,18,0,2170325122
gym-lanes,corridor-hold,26,Victory,14,0,14,112,14,50,0,35,-1,,0,15,0,2359195191
gym-lanes,corridor-hold,27,Victory,9,0,9,72,2,55,0,55,-1,,0,5,0,4162913394
gym-lanes,corridor-hold,28,Defeat,7,0,7,56,3,0,1,85,-1,,0,4,0,429894624
gym-lanes,corridor-hold,29,Victory,13,0,13,104,18,130,0,23,-1,,0,11,0,4223515540
gym-lanes,corridor-hold,30,Victory,11,0,11,88,15,130,0,27,-1,,0,9,0,4064205261
gym-lanes,corridor-hold,31,Defeat,14,0,14,112,16,0,1,42,-1,,0,13,0,564918856
gym-lanes,corridor-hold,32,Defeat,12,0,12,96,12,0,3,66,-1,,0,18,1,3635365746
gym-lanes,corridor-hold,33,Victory,14,0,14,112,13,160,0,35,11,1:11,0,17,0,1776329574
gym-lanes,corridor-hold,34,Defeat,13,0,13,104,21,0,1,53,11,1:11,0,18,0,151639625
gym-lanes,corridor-hold,35,Victory,14,0,14,112,17,10,0,35,-1,,0,16,0,488928768
gym-lanes,corridor-hold,36,Defeat,7,0,7,56,9,0,2,57,-1,,0,5,1,2444002712
gym-lanes,corridor-hold,37,Victory,13,0,13,104,14,235,0,23,-1,,0,12,0,3743114393
gym-lanes,corridor-hold,38,Victory,16,0,16,128,21,120,0,37,-1,,0,19,0,558643030
gym-lanes,corridor-hold,39,Victory,15,0,15,120,15,10,0,26,-1,,0,23,0,520195109
gym-lanes,corridor-hold,40,Victory,28,0,28,224,49,60,0,14,12,1:12,0,27,0,4164740028
gym-lanes,corridor-hold,41,Defeat,8,0,8,64,10,0,2,62,-1,,0,6,0,546822691
gym-lanes,corridor-hold,42,Victory,16,0,16,128,19,160,0,37,-1,,0,20,0,759366344
gym-lanes,corridor-hold,43,Victory,11,0,11,88,9,155,0,27,-1,,0,10,0,2639582576
gym-lanes,corridor-hold,44,Victory,13,0,13,104,12,60,0,30,-1,,0,14,0,1830330664
gym-lanes,corridor-hold,45,Victory,14,0,14,112,15,25,0,28,-1,,0,20,0,884890672
gym-lanes,corridor-hold,46,Victory,25,0,25,200,32,190,0,12,11,1:11,0,21,0,2064069350
gym-lanes,corridor-hold,47,Victory,24,0,24,192,43,160,0,12,12,1:12,0,19,0,102242446
gym-lanes,corridor-hold,48,Victory,10,0,10,80,10,185,0,30,-1,,0,5,0,3196321654
gym-lanes,corridor-hold,49,Victory,13,0,13,104,12,90,0,30,-1,,0,14,0,776271343
gym-lanes,corridor-hold,50,Victory,14,0,14,112,17,150,0,21,20,1:20,0,14,0,2372416848
gym-lanes,corridor-hold,51,Victory,13,0,13,104,16,130,0,23,3,1:3,0,7,0,2225880986
gym-lanes,corridor-hold,52,Victory,12,0,12,96,9,125,0,25,-1,,0,11,0,645568826
gym-lanes,corridor-hold,53,Victory,16,0,16,128,19,80,0,25,-1,,0,19,0,597205620
gym-lanes,corridor-hold,54,Defeat,6,0,6,48,10,0,4,100,-1,,0,5,2,3455682129
gym-lanes,corridor-hold,55,Victory,15,0,15,120,22,135,0,26,-1,,0,18,0,2060839359
gym-lanes,corridor-hold,56,Victory,28,0,28,224,38,205,0,17,20,1:20,0,43,0,2826162739
gym-lanes,corridor-hold,57,Defeat,12,0,12,96,13,0,1,41,-1,,0,15,0,3504538221
gym-lanes,corridor-hold,58,Defeat,10,0,10,80,6,0,1,60,-1,,0,7,0,3155884708
gym-lanes,corridor-hold,59,Victory,19,0,19,152,21,205,0,21,12,1:12,0,14,0,687896236
gym-lanes,corridor-hold,60,Victory,18,0,18,144,17,165,0,22,-1,,0,16,0,3304031112
gym-lanes,corridor-hold,61,Victory,10,0,10,80,11,35,0,50,3,1:3,0,7,0,3991801878
gym-lanes,corridor-hold,62,Victory,26,0,26,208,37,100,0,15,20,1:20,0,42,0,3513757703
gym-lanes,corridor-hold,63,Victory,18,0,18,144,22,175,0,33,3,1:3,0,18,0,468779701
gym-lanes,corridor-hold,64,Victory,22,0,22,176,39,30,0,18,3,1:3,0,17,0,2796085758
gym-lanes,corridor-hold,65,Victory,16,0,16,128,11,65,0,31,3,1:3,0,27,0,2912936321
gym-lanes,corridor-hold,66,Victory,19,0,19,152,29,120,0,31,-1,,0,26,0,4100902575
gym-lanes,corridor-hold,67,Victory,10,0,10,80,9,100,0,30,11,1:11,0,13,0,2479311946
gym-lanes,corridor-hold,68,Defeat,11,0,11,88,6,0,3,45,20,1:20,0,14,0,1232242014
gym-lanes,corridor-hold,69,Victory,15,0,15,120,14,175,0,26,-1,,0,14,0,4065389861
gym-lanes,corridor-hold,70,Victory,13,0,13,104,17,100,0,23,-1,,0,12,0,841504692
gym-lanes,corridor-hold,71,Victory,24,0,24,192,38,120,0,20,11,1:11,0,23,0,481688877
gym-lanes,corridor-hold,72,Victory,21,0,21,168,28,185,0,23,3,1:3,0,17,0,622101546
gym-lanes,corridor-hold,73,Victory,14,0,14,112,14,170,0,28,-1,,0,10,0,270122266
gym-lanes,corridor-hold,74,Defeat,12,0,12,96,5,0,1,41,-1,,0,17,0,3929802457
gym-lanes,corridor-hold,75,Defeat,7,0,7,56,14,0,2,57,-1,,0,6,0,1394833659
gym-lanes,corridor-hold,76,Defeat,9,0,9,72,15,0,1,55,-1,,0,7,0,4082712215
gym-lanes,corridor-hold,77,Victory,14,0,14,112,15,200,0,21,-1,,0,10,0,3445092026
gym-lanes,corridor-hold,78,Victory,21,0,21,168,32,195,0,23,12,1:12,0,16,0,405913588
gym-lanes,corridor-hold,79,Victory,11,0,11,88,11,105,0,45,-1,,0,8,0,3616034609
gym-lanes,corridor-hold,80,Victory,23,0,23,184,35,215,0,17,12,1:12,0,23,0,2664170346
gym-lanes,corridor-hold,81,Victory,13,0,13,104,20,50,0,53,-1,,0,12,0,2560754557
gym-lanes,corridor-hold,82,Victory,15,0,15,120,22,185,0,26,12,1:12,0,11,0,1621150578
gym-lanes,corridor-hold,83,Defeat,9,0,9,72,7,0,2,55,-1,,0,8,0,4238847711
gym-lanes,corridor-hold,84,Victory,10,0,10,80,5,150,0,40,-1,,0,8,0,3790423132
gym-lanes,corridor-hold,85,Defeat,15,0,15,120,23,0,2,40,11,1:11,0,27,0,1094891774
gym-lanes,corridor-hold,86,Victory,13,0,13,104,10,150,0,30,3,1:3,0,9,0,487028572
gym-lanes,corridor-hold,87,Victory,12,0,12,96,9,20,0,41,-1,,0,12,0,501323261
gym-lanes,corridor-hold,88,Defeat,13,0,13,104,17,0,1,30,-1,,0,12,0,231953016
gym-lanes,corridor-hold,89,Victory,13,0,13,104,16,110,0,23,-1,,0,12,0,1460784829
gym-lanes,corridor-hold,90,Defeat,6,0,6,48,6,0,3,66,-1,,0,6,2,1622567294
gym-lanes,corridor-hold,91,Victory,14,0,14,112,12,200,0,21,-1,,0,12,0,245069596
gym-lanes,corridor-hold,92,Victory,15,0,15,120,18,200,0,20,-1,,0,11,0,881663374
gym-lanes,corridor-hold,93,Victory,13,0,13,104,12,65,0,38,-1,,0,12,0,323032290
gym-lanes,corridor-hold,94,Defeat,12,0,12,96,12,0,1,33,-1,,0,19,0,3886415151
gym-lanes,corridor-hold,95,Victory,17,0,17,136,19,75,0,35,12,1:12,0,21,0,2674778432
gym-lanes,corridor-hold,96,Victory,10,0,10,80,9,150,0,30,-1,,0,6,0,3765480619
gym-lanes,corridor-hold,97,Victory,12,0,12,96,16,140,0,25,-1,,0,7,0,673235986
gym-lanes,corridor-hold,98,Victory,14,0,14,112,18,30,0,28,-1,,0,13,0,1539908360
gym-lanes,corridor-hold,99,Victory,16,0,16,128,21,80,0,37,-1,,0,14,0,1322600337
gym-lanes,corridor-hold,100,Victory,16,0,16,128,12,50,0,31,-1,,0,21,0,1738138244
gym-lanes,corridor-hold,101,Victory,27,0,27,216,35,210,0,22,20,1:20,0,35,0,3760590334
gym-lanes,corridor-hold,102,Victory,13,0,13,104,22,100,0,23,-1,,0,12,0,841504692
gym-lanes,corridor-hold,103,Victory,13,0,13,104,20,20,0,38,-1,,0,15,0,1276470309
gym-lanes,corridor-hold,104,Victory,10,0,10,80,10,25,0,50,-1,,0,6,0,2441120780
gym-lanes,corridor-hold,105,Defeat,9,0,9,72,6,0,1,66,-1,,0,9,0,281068045
gym-lanes,corridor-hold,106,Defeat,7,0,7,56,4,0,2,100,11,1:11,0,7,0,2239281542
gym-lanes,corridor-hold,107,Victory,10,0,10,80,8,105,0,40,-1,,0,5,0,2348887792
gym-lanes,corridor-hold,108,Victory,22,0,22,176,22,170,0,31,20,1:20,0,35,0,1628705029
gym-lanes,corridor-hold,109,Victory,11,0,11,88,16,205,0,27,-1,,0,7,0,3781441969
gym-lanes,corridor-hold,110,Defeat,10,0,10,80,7,0,2,50,-1,,0,10,0,2380274298
gym-lanes,corridor-hold,111,Victory,14,0,14,112,11,5,0,42,-1,,0,15,0,2212691103
gym-lanes,corridor-hold,112,Victory,20,0,20,160,30,170,0,20,12,1:12,0,16,0,1035838239
gym-lanes,corridor-hold,113,Defeat,10,0,10,80,13,0,1,50,-1,,0,9,0,1158200532
gym-lanes,corridor-hold,114,Defeat,10,0,10,80,10,0,2,40,-1,,0,9,0,1347675669
gym-lanes,corridor-hold,115,Defeat,11,0,11,88,23,0,1,45,-1,,0,14,0,2421380312
gym-lanes,corridor-hold,116,Victory,11,0,11,88,10,55,0,36,-1,,0,14,0,1936663962
gym-lanes,corridor-hold,117,Defeat,11,0,11,88,15,0,2,54,-1,,0,15,0,1319348427
gym-lanes,corridor-hold,118,Defeat,6,0,6,48,4,0,2,66,-1,,0,6,0,846417601
gym-lanes,corridor-hold,119,Victory,22,0,22,176,22,155,0,22,20,1:20,0,37,0,785784419
gym-lanes,corridor-hold,120,Victory,25,0,25,200,28,165,0,24,12,1:12,0,35,0,1617021679
gym-lanes,corridor-hold,121,Victory,15,0,15,120,17,95,0,33,20,1:20,0,11,0,2152000921
gym-lanes,corridor-hold,122,Victory,14,0,14,112,9,145,0,28,20,1:20,0,14,0,26435500
gym-lanes,corridor-hold,123,Victory,11,0,11,88,12,10,0,45,3,1:3,0,12,0,1971486920
gym-lanes,corridor-hold,124,Victory,12,0,12,96,9,60,0,33,-1,,0,11,0,2927018281
gym-lanes,corridor-hold,125,Victory,18,0,18,144,28,175,0,11,3,1:3,0,14,0,1502249279
gym-lanes,corridor-hold,126,Defeat,11,0,11,88,13,0,1,45,-1,,0,13,0,1538202481
gym-lanes,corridor-hold,127,Defeat,7,0,7,56,14,0,3,42,11,1:11,0,9,1,2805017032
gym-lanes,corridor-hold,128,Defeat,22,0,22,176,29,0,2,27,20,1:20,0,60,0,603882434
gym-lanes,corridor-hold,129,Defeat,6,0,6,48,12,0,3,83,-1,,0,5,1,3392596985
gym-lanes,corridor-hold,130,Defeat,11,0,11,88,10,0,2,54,-1,,0,13,0,3999467541
gym-lanes,corridor-hold,131,Victory,13,0,13,104,22,100,0,23,-1,,0,12,0,841504692
gym-lanes,corridor-hold,132,Defeat,6,0,6,48,11,0,3,66,-1,,0,3,1,3543639051
gym-lanes,corridor-hold,133,Defeat,12,0,12,96,14,0,1,50,-1,,0,13,0,1606961426
gym-lanes,corridor-hold,134,Victory,10,0,10,80,9,155,0,30,-1,,0,4,0,3626010934
gym-lanes,corridor-hold,135,Victory,12,0,12,96,10,135,0,33,-1,,0,11,0,3863729411
gym-lanes,corridor-hold,136,Victory,18,0,18,144,25,195,0,27,12,1:12,0,15,0,2810440066
gym-lanes,corridor-hold,137,Victory,13,0,13,104,11,115,0,38,3,1:3,0,8,0,1307067104
gym-lanes,corridor-hold,138,Defeat,5,0,5,40,10,0,3,80,-1,,0,4,2,2361165094
gym-lanes,corridor-hold,139,Victory,14,0,14,112,16,180,0,21,20,1:20,0,14,0,3569983858
gym-lanes,corridor-hold,140,Defeat,12,0,12,96,8,0,2,50,-1,,0,13,0,273374099
gym-lanes,corridor-hold,141,Defeat,9,0,9,72,14,0,2,55,-1,,0,8,0,871039044
gym-lanes,corridor-hold,142,Victory,13,0,13,104,12,205,0,30,3,1:3,0,14,0,2478998817
gym-lanes,corridor-hold,143,Defeat,12,0,12,96,19,0,2,41,-1,,0,18,0,885080412
gym-lanes,corridor-hold,144,Victory,18,0,18,144,29,185,0,16,12,1:12,0,16,0,568720909
gym-lanes,corridor-hold,145,Victory,26,0,26,208,35,215,0,19,20,1:20,0,26,0,932059005
gym-lanes,corridor-hold,146,Defeat,11,0,11,88,11,0,1,45,-1,,0,17,0,1140798200
gym-lanes,corridor-hold,147,Victory,21,0,21,168,20,215,0,14,3,1:3,0,30,0,1802369921
gym-lanes,corridor-hold,148,Defeat,11,0,11,88,10,0,1,54,-1,,0,13,0,3587407512
gym-lanes,corridor-hold,149,Victory,13,0,13,104,23,130,0,23,-1,,0,12,0,403654226
gym-lanes,corridor-hold,150,Victory,11,0,11,88,12,185,0,36,-1,,0,8,0,1012286689
gym-lanes,corridor-hold,151,Victory,12,0,12,96,8,50,0,33,20,1:20,0,11,0,884062129
gym-lanes,corridor-hold,152,Victory,9,0,9,72,2,150,0,44,-1,,0,4,0,1142516335
gym-lanes,corridor-hold,153,Victory,30,0,30,240,61,120,0,33,12,1:12,0,56,0,3812336211
gym-lanes,corridor-hold,154,Defeat,12,0,12,96,20,0,1,41,-1,,0,13,0,1387994930
gym-lanes,corridor-hold,155,Victory,12,0,12,96,15,25,0,41,-1,,0,13,0,29566631
gym-lanes,corridor-hold,156,Defeat,17,0,17,136,21,0,1,41,20,1:20,0,29,0,4050244188
gym-lanes,corridor-hold,157,Victory,15,0,15,120,14,130,0,33,20,1:20,0,16,0,4067885766
gym-lanes,corridor-hold,158,Defeat,12,0,12,96,17,0,1,33,-1,,0,18,0,1781020378
gym-lanes,corridor-hold,159,Defeat,17,0,17,136,20,0,2,47,20,1:20,0,19,0,1804148755
gym-lanes,corridor-hold,160,Defeat,7,0,7,56,9,0,1,57,-1,,0,5,1,3943623844
gym-lanes,corridor-hold,161,Victory,13,0,13,104,16,5,0,30,11,1:11,0,18,0,3161859797
gym-lanes,corridor-hold,162,Victory,13,0,13,104,17,80,0,23,-1,,0,13,0,651939030
gym-lanes,corridor-hold,163,Victory,24,0,24,192,30,155,0,12,12,1:12,0,20,0,2239270159
gym-lanes,corridor-hold,164,Victory,12,0,12,96,12,25,0,33,-1,,0,16,0,3191375941
gym-lanes,corridor-hold,165,Victory,12,0,12,96,13,130,0,25,3,1:3,0,8,0,3912288231
gym-lanes,corridor-hold,166,Victory,22,0,22,176,38,220,0,27,12,1:12,0,19,0,611581255
gym-lanes,corridor-hold,167,Victory,19,0,19,152,27,160,0,15,12,1:12,0,15,0,2423224944
gym-lanes,corridor-hold,168,Defeat,13,0,13,104,18,0,1,38,-1,,0,12,0,2272820415
gym-lanes,corridor-hold,169,Defeat,15,0,15,120,35,0,1,40,-1,,0,18,0,450235236
gym-lanes,corridor-hold,170,Victory,14,0,14,112,17,160,0,21,-1,,0,14,0,863811822
gym-lanes,corridor-hold,171,Victory,16,0,16,128,15,115,0,31,-1,,0,20,0,1945252809
gym-lanes,corridor-hold,172,Victory,12,0,12,96,7,285,0,16,3,1:3,0,8,0,3511560623
gym-lanes,corridor-hold,173,Defeat,12,0,12,96,16,0,1,33,-1,,0,19,0,4154068552
gym-lanes,corridor-hold,174,Victory,20,0,20,160,19,80,0,15,20,1:20,0,19,0,277087230
gym-lanes,corridor-hold,175,Defeat,11,0,11,88,10,0,1,45,-1,,0,13,0,2659321460
gym-lanes,corridor-hold,176,Defeat,5,0,5,40,5,0,4,80,-1,,0,4,2,1174208179
gym-lanes,corridor-hold,177,Victory,11,0,11,88,8,225,0,18,-1,,0,12,0,2232952494
gym-lanes,corridor-hold,178,Victory,12,0,12,96,9,25,0,33,-1,,0,15,0,674860465
gym-lanes,corridor-hold,179,Victory,13,0,13,104,14,180,0,23,-1,,0,8,0,785270057
gym-lanes,corridor-hold,180,Victory,12,0,12,96,24,140,0,33,-1,,0,8,0,1229379456
gym-lanes,corridor-hold,181,Victory,18,0,18,144,28,190,0,16,-1,,0,14,0,3542155690
gym-lanes,corridor-hold,182,Defeat,11,0,11,88,28,0,2,45,-1,,0,11,0,1403874742
gym-lanes,corridor-hold,183,Victory,12,0,12,96,8,10,0,58,-1,,0,16,0,3650175555
gym-lanes,corridor-hold,184,Defeat,12,0,12,96,6,0,1,66,-1,,0,13,0,782449392
gym-lanes,corridor-hold,185,Defeat,6,0,6,48,12,0,2,66,-1,,0,5,1,1090104110
gym-lanes,corridor-hold,186,Victory,12,0,12,96,6,205,0,33,3,1:3,0,6,0,619217975
gym-lanes,corridor-hold,187,Defeat,13,0,13,104,21,0,1,38,-1,,0,13,0,2070465079
gym-lanes,corridor-hold,188,Defeat,12,0,12,96,7,0,2,33,20,1:20,0,15,0,3174201932
gym-lanes,corridor-hold,189,Defeat,13,0,13,104,14,0,1,53,-1,,0,19,0,1404977833
gym-lanes,corridor-hold,190,Defeat,5,0,5,40,12,0,4,80,-1,,0,4,2,1777900924
gym-lanes,corridor-hold,191,Victory,16,0,16,128,28,200,0,31,3,1:3,0,12,0,2460938920
gym-lanes,corridor-hold,192,Victory,21,0,21,168,24,160,0,28,12,1:12,0,22,0,3565812469
gym-lanes,corridor-hold,193,Victory,12,0,12,96,13,125,0,25,-1,,0,10,0,1424497981
gym-lanes,corridor-hold,194,Defeat,13,0,13,104,16,0,2,46,-1,,0,15,0,3513779044
gym-lanes,corridor-hold,195,Victory,13,0,13,104,13,140,0,38,-1,,0,9,0,1872072116
gym-lanes,corridor-hold,196,Victory,11,0,11,88,16,155,0,27,-1,,0,6,0,3368026629
gym-lanes,corridor-hold,197,Victory,19,0,19,152,32,210,0,10,12,1:12,0,14,0,827252334
gym-lanes,corridor-hold,198,Defeat,11,0,11,88,8,0,1,45,-1,,0,12,0,1989368848
gym-lanes,corridor-hold,199,Victory,11,0,11,88,5,175,0,27,-1,,0,6,0,1257669932
gym-lanes,corridor-hold,200,Victory,13,0,13,104,20,125,0,38,-1,,0,14,0,3835855640
gym-lanes,tpa-order,1,Victory,13,0,13,104,12,155,0,30,3,1:3,0,15,0,3171886118
gym-lanes,tpa-order,2,Victory,23,0,23,184,24,135,0,26,20,1:20,0,34,0,1199618548
gym-lanes,tpa-order,3,Victory,11,0,11,88,7,75,0,36,-1,,0,13,0,3135252869
gym-lanes,tpa-order,4,Victory,10,0,10,80,7,135,0,40,-1,,0,7,0,1152316914
gym-lanes,tpa-order,5,Victory,20,0,20,160,34,215,0,20,12,1:12,0,23,0,3852542665
gym-lanes,tpa-order,6,Victory,16,0,16,128,23,105,0,25,-1,,0,18,0,1302201745
gym-lanes,tpa-order,7,Defeat,10,0,10,80,13,0,2,50,-1,,0,10,1,2677475225
gym-lanes,tpa-order,8,Defeat,12,0,12,96,9,0,1,58,-1,,0,11,0,3472514916
gym-lanes,tpa-order,9,Defeat,10,0,10,80,6,0,1,50,-1,,0,11,0,1167067621
gym-lanes,tpa-order,10,Victory,24,0,24,192,28,185,0,20,12,1:12,0,18,0,1740368140
gym-lanes,tpa-order,11,Victory,20,0,20,160,26,190,0,15,20,1:20,0,17,0,3182282564
gym-lanes,tpa-order,12,Victory,13,0,13,104,15,230,0,23,-1,,0,8,0,2167551967
gym-lanes,tpa-order,13,Defeat,10,0,10,80,14,0,2,40,-1,,0,10,0,2246204216
gym-lanes,tpa-order,14,Victory,17,0,17,136,27,160,0,35,-1,,0,26,0,2141189943
gym-lanes,tpa-order,15,Defeat,8,0,8,64,14,0,2,50,-1,,0,6,1,2065811484
gym-lanes,tpa-order,16,Victory,13,0,13,104,17,80,0,23,-1,,0,12,0,2100155970
gym-lanes,tpa-order,17,Victory,16,0,16,128,27,140,0,18,-1,,0,12,0,24260969
gym-lanes,tpa-order,18,Defeat,11,0,11,88,9,0,2,54,-1,,0,12,0,498724401
gym-lanes,tpa-order,19,Defeat,13,0,13,104,15,0,1,53,-1,,0,15,0,3995163837
gym-lanes,tpa-order,20,Victory,12,0,12,96,16,155,0,25,-1,,0,9,0,566958299
gym-lanes,tpa-order,21,Victory,12,0,12,96,13,5,0,41,-1,,0,9,0,401304469
gym-lanes,tpa-order,22,Defeat,6,0,6,48,8,0,3,83,-1,,0,6,1,2592688664
gym-lanes,tpa-order,23,Victory,17,0,17,136,24,115,0,29,-1,,0,23,0,511690292
gym-lanes,tpa-order,24,Victory,11,0,11,88,7,210,0,27,12,1:12,0,7,0,4035252600
gym-lanes,tpa-order,25,Victory,19,0,19,152,25,160,0,26,3,1:3,0,18,0,2170325122
gym-lanes,tpa-order,26,Victory,14,0,14,112,14,50,0,35,-1,,0,15,0,2359195191
gym-lanes,tpa-order,27,Victory,9,0,9,72,2,55,0,55,-1,,0,5,0,4162913394
gym-lanes,tpa-order,28,Defeat,6,0,6,48,3,0,2,83,11,1:11,0,2,0,1877134654
gym-lanes,tpa-order,29,Victory,13,0,13,104,18,130,0,23,-1,,0,11,0,4223515540
gym-lanes,tpa-order,30,Victory,11,0,11,88,15,130,0,27,-1,,0,9,0,4064205261
gym-lanes,tpa-order,31,Defeat,14,0,14,112,16,0,1,42,-1,,0,13,0,564918856
gym-lanes,tpa-order,32,Defeat,12,0,12,96,12,0,3,66,-1,,0,18,1,3635365746
gym-lanes,tpa-order,33,Victory,14,0,14,112,13,160,0,35,11,1:11,0,17,0,1776329574
gym-lanes,tpa-order,34,Defeat,13,0,13,104,21,0,1,53,11,1:11,0,18,0,151639625
gym-lanes,tpa-order,35,Victory,14,0,14,112,17,10,0,35,-1,,0,16,0,488928768
gym-lanes,tpa-order,36,Defeat,7,0,7,56,9,0,2,57,-1,,0,5,1,2444002712
gym-lanes,tpa-order,37,Victory,13,0,13,104,14,235,0,23,-1,,0,12,0,3743114393
gym-lanes,tpa-order,38,Victory,16,0,16,128,21,120,0,37,-1,,0,19,0,558643030
gym-lanes,tpa-order,39,Victory,15,0,15,120,15,10,0,26,-1,,0,23,0,3641409063
gym-lanes,tpa-order,40,Victory,28,0,28,224,49,60,0,14,12,1:12,0,27,0,4164740028
gym-lanes,tpa-order,41,Defeat,8,0,8,64,10,0,2,62,-1,,0,6,0,1228551582
gym-lanes,tpa-order,42,Victory,16,0,16,128,19,160,0,37,-1,,0,20,0,759366344
gym-lanes,tpa-order,43,Victory,11,0,11,88,9,155,0,27,-1,,0,10,0,2639582576
gym-lanes,tpa-order,44,Victory,13,0,13,104,12,60,0,30,-1,,0,14,0,1830330664
gym-lanes,tpa-order,45,Victory,14,0,14,112,15,25,0,28,-1,,0,20,0,884890672
gym-lanes,tpa-order,46,Victory,25,0,25,200,32,190,0,12,11,1:11,0,21,0,2064069350
gym-lanes,tpa-order,47,Victory,24,0,24,192,43,160,0,12,12,1:12,0,19,0,102242446
gym-lanes,tpa-order,48,Victory,10,0,10,80,10,185,0,30,-1,,0,5,0,3196321654
gym-lanes,tpa-order,49,Victory,13,0,13,104,12,90,0,30,-1,,0,14,0,776271343
gym-lanes,tpa-order,50,Victory,14,0,14,112,17,150,0,21,20,1:20,0,14,0,2372416848
gym-lanes,tpa-order,51,Victory,13,0,13,104,16,130,0,23,3,1:3,0,7,0,2225880986
gym-lanes,tpa-order,52,Victory,12,0,12,96,9,125,0,25,-1,,0,11,0,645568826
gym-lanes,tpa-order,53,Victory,16,0,16,128,19,80,0,25,-1,,0,19,0,597205620
gym-lanes,tpa-order,54,Defeat,6,0,6,48,10,0,4,100,-1,,0,5,2,3455682129
gym-lanes,tpa-order,55,Victory,15,0,15,120,22,135,0,26,-1,,0,18,0,2060839359
gym-lanes,tpa-order,56,Victory,28,0,28,224,38,205,0,17,20,1:20,0,43,0,2826162739
gym-lanes,tpa-order,57,Defeat,12,0,12,96,13,0,1,41,-1,,0,15,0,3504538221
gym-lanes,tpa-order,58,Defeat,10,0,10,80,6,0,1,60,-1,,0,7,0,3155884708
gym-lanes,tpa-order,59,Victory,19,0,19,152,21,205,0,21,12,1:12,0,14,0,687896236
gym-lanes,tpa-order,60,Victory,18,0,18,144,17,165,0,22,-1,,0,16,0,3304031112
gym-lanes,tpa-order,61,Victory,10,0,10,80,11,35,0,50,3,1:3,0,7,0,3991801878
gym-lanes,tpa-order,62,Victory,26,0,26,208,37,100,0,15,20,1:20,0,42,0,3513757703
gym-lanes,tpa-order,63,Victory,18,0,18,144,22,175,0,33,3,1:3,0,18,0,468779701
gym-lanes,tpa-order,64,Victory,22,0,22,176,39,30,0,18,3,1:3,0,17,0,2796085758
gym-lanes,tpa-order,65,Victory,16,0,16,128,11,65,0,31,3,1:3,0,27,0,2912936321
gym-lanes,tpa-order,66,Victory,19,0,19,152,29,120,0,31,-1,,0,26,0,4100902575
gym-lanes,tpa-order,67,Victory,10,0,10,80,9,100,0,30,11,1:11,0,13,0,2479311946
gym-lanes,tpa-order,68,Defeat,11,0,11,88,6,0,3,45,20,1:20,0,14,0,1232242014
gym-lanes,tpa-order,69,Victory,15,0,15,120,14,175,0,26,-1,,0,14,0,4065389861
gym-lanes,tpa-order,70,Victory,13,0,13,104,17,100,0,23,-1,,0,12,0,841504692
gym-lanes,tpa-order,71,Victory,24,0,24,192,38,120,0,20,11,1:11,0,23,0,481688877
gym-lanes,tpa-order,72,Victory,21,0,21,168,28,185,0,23,3,1:3,0,17,0,622101546
gym-lanes,tpa-order,73,Victory,14,0,14,112,14,170,0,28,-1,,0,10,0,270122266
gym-lanes,tpa-order,74,Defeat,12,0,12,96,5,0,1,41,-1,,0,17,0,3929802457
gym-lanes,tpa-order,75,Defeat,7,0,7,56,14,0,2,57,-1,,0,6,0,1394833659
gym-lanes,tpa-order,76,Defeat,9,0,9,72,15,0,1,55,-1,,0,7,0,4082712215
gym-lanes,tpa-order,77,Victory,14,0,14,112,15,200,0,21,-1,,0,10,0,3445092026
gym-lanes,tpa-order,78,Victory,21,0,21,168,32,195,0,23,12,1:12,0,16,0,405913588
gym-lanes,tpa-order,79,Victory,11,0,11,88,11,105,0,45,-1,,0,8,0,3616034609
gym-lanes,tpa-order,80,Victory,23,0,23,184,35,215,0,17,12,1:12,0,23,0,2664170346
gym-lanes,tpa-order,81,Victory,13,0,13,104,20,50,0,53,-1,,0,12,0,2560754557
gym-lanes,tpa-order,82,Victory,15,0,15,120,22,185,0,26,12,1:12,0,11,0,1621150578
gym-lanes,tpa-order,83,Defeat,9,0,9,72,7,0,2,55,-1,,0,8,0,4238847711
gym-lanes,tpa-order,84,Victory,10,0,10,80,5,150,0,40,-1,,0,8,0,3790423132
gym-lanes,tpa-order,85,Defeat,15,0,15,120,23,0,2,40,11,1:11,0,27,0,1094891774
gym-lanes,tpa-order,86,Victory,13,0,13,104,10,150,0,30,3,1:3,0,9,0,487028572
gym-lanes,tpa-order,87,Victory,12,0,12,96,9,20,0,41,-1,,0,11,0,1627467503
gym-lanes,tpa-order,88,Defeat,13,0,13,104,17,0,1,30,-1,,0,12,0,231953016
gym-lanes,tpa-order,89,Victory,13,0,13,104,16,110,0,23,-1,,0,12,0,1460784829
gym-lanes,tpa-order,90,Defeat,6,0,6,48,6,0,3,66,-1,,0,6,2,1622567294
gym-lanes,tpa-order,91,Victory,14,0,14,112,12,200,0,21,-1,,0,12,0,245069596
gym-lanes,tpa-order,92,Victory,15,0,15,120,18,200,0,20,-1,,0,11,0,881663374
gym-lanes,tpa-order,93,Victory,13,0,13,104,12,65,0,38,-1,,0,12,0,323032290
gym-lanes,tpa-order,94,Defeat,12,0,12,96,12,0,1,33,-1,,0,19,0,3886415151
gym-lanes,tpa-order,95,Victory,17,0,17,136,19,75,0,35,12,1:12,0,21,0,2674778432
gym-lanes,tpa-order,96,Victory,10,0,10,80,9,150,0,30,-1,,0,6,0,3765480619
gym-lanes,tpa-order,97,Victory,12,0,12,96,16,140,0,25,-1,,0,7,0,673235986
gym-lanes,tpa-order,98,Victory,14,0,14,112,18,30,0,28,-1,,0,13,0,1539908360
gym-lanes,tpa-order,99,Victory,16,0,16,128,21,80,0,37,-1,,0,14,0,1322600337
gym-lanes,tpa-order,100,Victory,16,0,16,128,12,50,0,31,-1,,0,21,0,1738138244
gym-lanes,tpa-order,101,Victory,27,0,27,216,35,210,0,22,20,1:20,0,35,0,3760590334
gym-lanes,tpa-order,102,Victory,13,0,13,104,22,100,0,23,-1,,0,12,0,841504692
gym-lanes,tpa-order,103,Victory,13,0,13,104,20,20,0,38,-1,,0,15,0,1276470309
gym-lanes,tpa-order,104,Victory,10,0,10,80,10,25,0,50,-1,,0,6,0,2441120780
gym-lanes,tpa-order,105,Defeat,9,0,9,72,6,0,1,66,-1,,0,9,0,281068045
gym-lanes,tpa-order,106,Defeat,7,0,7,56,4,0,2,100,11,1:11,0,7,0,2239281542
gym-lanes,tpa-order,107,Victory,10,0,10,80,8,105,0,40,-1,,0,5,0,2348887792
gym-lanes,tpa-order,108,Victory,22,0,22,176,22,170,0,31,20,1:20,0,35,0,1628705029
gym-lanes,tpa-order,109,Victory,11,0,11,88,16,205,0,27,-1,,0,7,0,3781441969
gym-lanes,tpa-order,110,Defeat,10,0,10,80,7,0,2,50,-1,,0,10,0,2380274298
gym-lanes,tpa-order,111,Victory,14,0,14,112,11,5,0,42,-1,,0,15,0,2212691103
gym-lanes,tpa-order,112,Victory,20,0,20,160,30,170,0,20,12,1:12,0,16,0,1035838239
gym-lanes,tpa-order,113,Defeat,10,0,10,80,13,0,1,50,-1,,0,9,0,1158200532
gym-lanes,tpa-order,114,Defeat,10,0,10,80,10,0,2,40,-1,,0,9,0,1347675669
gym-lanes,tpa-order,115,Defeat,11,0,11,88,23,0,1,45,-1,,0,14,0,2421380312
gym-lanes,tpa-order,116,Victory,11,0,11,88,10,55,0,36,-1,,0,14,0,1936663962
gym-lanes,tpa-order,117,Defeat,11,0,11,88,15,0,2,54,-1,,0,15,0,1319348427
gym-lanes,tpa-order,118,Defeat,6,0,6,48,4,0,2,66,-1,,0,6,0,846417601
gym-lanes,tpa-order,119,Victory,22,0,22,176,22,155,0,22,20,1:20,0,37,0,785784419
gym-lanes,tpa-order,120,Victory,25,0,25,200,28,165,0,24,12,1:12,0,35,0,1617021679
gym-lanes,tpa-order,121,Victory,15,0,15,120,17,95,0,33,20,1:20,0,11,0,2152000921
gym-lanes,tpa-order,122,Victory,14,0,14,112,9,145,0,28,20,1:20,0,14,0,26435500
gym-lanes,tpa-order,123,Victory,11,0,11,88,12,10,0,45,3,1:3,0,12,0,1971486920
gym-lanes,tpa-order,124,Victory,12,0,12,96,9,60,0,33,-1,,0,11,0,2927018281
gym-lanes,tpa-order,125,Victory,18,0,18,144,28,175,0,11,3,1:3,0,14,0,1502249279
gym-lanes,tpa-order,126,Defeat,11,0,11,88,13,0,1,45,-1,,0,13,0,1538202481
gym-lanes,tpa-order,127,Defeat,7,0,7,56,14,0,3,42,11,1:11,0,9,1,2805017032
gym-lanes,tpa-order,128,Defeat,22,0,22,176,29,0,2,27,20,1:20,0,60,0,603882434
gym-lanes,tpa-order,129,Defeat,6,0,6,48,12,0,3,83,-1,,0,5,1,3392596985
gym-lanes,tpa-order,130,Defeat,11,0,11,88,10,0,2,54,-1,,0,13,0,3999467541
gym-lanes,tpa-order,131,Victory,13,0,13,104,22,100,0,23,-1,,0,12,0,841504692
gym-lanes,tpa-order,132,Defeat,6,0,6,48,11,0,3,66,-1,,0,3,1,3543639051
gym-lanes,tpa-order,133,Defeat,12,0,12,96,14,0,1,50,-1,,0,13,0,1606961426
gym-lanes,tpa-order,134,Victory,10,0,10,80,9,155,0,30,-1,,0,4,0,3626010934
gym-lanes,tpa-order,135,Victory,12,0,12,96,10,135,0,33,-1,,0,11,0,3863729411
gym-lanes,tpa-order,136,Victory,18,0,18,144,25,195,0,27,12,1:12,0,15,0,2810440066
gym-lanes,tpa-order,137,Victory,13,0,13,104,11,115,0,38,3,1:3,0,8,0,1307067104
gym-lanes,tpa-order,138,Defeat,5,0,5,40,10,0,3,80,-1,,0,4,2,2361165094
gym-lanes,tpa-order,139,Victory,14,0,14,112,16,180,0,21,20,1:20,0,14,0,3569983858
gym-lanes,tpa-order,140,Defeat,12,0,12,96,8,0,2,50,-1,,0,13,0,273374099
gym-lanes,tpa-order,141,Defeat,9,0,9,72,14,0,2,55,-1,,0,8,0,871039044
gym-lanes,tpa-order,142,Victory,13,0,13,104,12,205,0,30,3,1:3,0,14,0,2478998817
gym-lanes,tpa-order,143,Defeat,12,0,12,96,19,0,2,41,-1,,0,18,0,885080412
gym-lanes,tpa-order,144,Victory,18,0,18,144,29,185,0,16,12,1:12,0,16,0,568720909
gym-lanes,tpa-order,145,Victory,26,0,26,208,35,215,0,19,20,1:20,0,26,0,932059005
gym-lanes,tpa-order,146,Defeat,11,0,11,88,11,0,1,45,-1,,0,17,0,1140798200
gym-lanes,tpa-order,147,Victory,21,0,21,168,20,215,0,14,3,1:3,0,30,0,1802369921
gym-lanes,tpa-order,148,Defeat,11,0,11,88,10,0,1,54,-1,,0,13,0,3587407512
gym-lanes,tpa-order,149,Victory,13,0,13,104,23,130,0,23,-1,,0,12,0,403654226
gym-lanes,tpa-order,150,Victory,11,0,11,88,12,185,0,36,-1,,0,8,0,1012286689
gym-lanes,tpa-order,151,Victory,12,0,12,96,8,50,0,33,20,1:20,0,11,0,884062129
gym-lanes,tpa-order,152,Victory,9,0,9,72,2,150,0,44,-1,,0,4,0,1142516335
gym-lanes,tpa-order,153,Victory,30,0,30,240,61,120,0,33,12,1:12,0,56,0,3812336211
gym-lanes,tpa-order,154,Defeat,12,0,12,96,20,0,1,41,-1,,0,13,0,1387994930
gym-lanes,tpa-order,155,Victory,12,0,12,96,15,25,0,41,-1,,0,13,0,29566631
gym-lanes,tpa-order,156,Defeat,17,0,17,136,21,0,1,41,20,1:20,0,29,0,4050244188
gym-lanes,tpa-order,157,Victory,15,0,15,120,14,130,0,33,20,1:20,0,16,0,2846734308
gym-lanes,tpa-order,158,Defeat,12,0,12,96,17,0,1,33,-1,,0,18,0,1781020378
gym-lanes,tpa-order,159,Defeat,17,0,17,136,20,0,2,47,20,1:20,0,19,0,1804148755
gym-lanes,tpa-order,160,Defeat,7,0,7,56,9,0,1,57,-1,,0,5,1,3943623844
gym-lanes,tpa-order,161,Victory,13,0,13,104,16,5,0,30,11,1:11,0,18,0,3161859797
gym-lanes,tpa-order,162,Victory,13,0,13,104,17,80,0,23,-1,,0,13,0,651939030
gym-lanes,tpa-order,163,Victory,24,0,24,192,30,155,0,12,12,1:12,0,20,0,2239270159
gym-lanes,tpa-order,164,Victory,12,0,12,96,12,25,0,33,-1,,0,16,0,3191375941
gym-lanes,tpa-order,165,Victory,12,0,12,96,13,130,0,25,3,1:3,0,8,0,3912288231
gym-lanes,tpa-order,166,Victory,22,0,22,176,38,220,0,27,12,1:12,0,19,0,611581255
gym-lanes,tpa-order,167,Victory,19,0,19,152,27,160,0,15,12,1:12,0,15,0,2423224944
gym-lanes,tpa-order,168,Defeat,13,0,13,104,18,0,1,38,-1,,0,12,0,2272820415
gym-lanes,tpa-order,169,Defeat,15,0,15,120,35,0,1,40,-1,,0,18,0,450235236
gym-lanes,tpa-order,170,Victory,14,0,14,112,17,160,0,21,-1,,0,14,0,863811822
gym-lanes,tpa-order,171,Victory,16,0,16,128,15,115,0,31,-1,,0,20,0,1945252809
gym-lanes,tpa-order,172,Victory,12,0,12,96,7,285,0,16,3,1:3,0,8,0,3511560623
gym-lanes,tpa-order,173,Defeat,12,0,12,96,16,0,1,33,-1,,0,19,0,4154068552
gym-lanes,tpa-order,174,Victory,20,0,20,160,19,80,0,15,20,1:20,0,19,0,277087230
gym-lanes,tpa-order,175,Defeat,11,0,11,88,10,0,1,45,-1,,0,13,0,2659321460
gym-lanes,tpa-order,176,Defeat,5,0,5,40,5,0,4,80,-1,,0,4,2,1174208179
gym-lanes,tpa-order,177,Victory,11,0,11,88,8,225,0,18,-1,,0,12,0,2232952494
gym-lanes,tpa-order,178,Victory,12,0,12,96,9,25,0,33,-1,,0,15,0,674860465
gym-lanes,tpa-order,179,Victory,13,0,13,104,14,180,0,23,-1,,0,8,0,785270057
gym-lanes,tpa-order,180,Victory,12,0,12,96,24,140,0,33,-1,,0,8,0,1229379456
gym-lanes,tpa-order,181,Victory,18,0,18,144,28,190,0,16,-1,,0,14,0,3542155690
gym-lanes,tpa-order,182,Defeat,11,0,11,88,28,0,2,45,-1,,0,11,0,1403874742
gym-lanes,tpa-order,183,Victory,12,0,12,96,8,60,0,50,-1,,0,15,0,2672920949
gym-lanes,tpa-order,184,Defeat,12,0,12,96,6,0,1,66,-1,,0,13,0,782449392
gym-lanes,tpa-order,185,Defeat,6,0,6,48,12,0,2,66,-1,,0,5,1,1090104110
gym-lanes,tpa-order,186,Victory,12,0,12,96,6,205,0,33,3,1:3,0,6,0,619217975
gym-lanes,tpa-order,187,Defeat,13,0,13,104,21,0,1,38,-1,,0,13,0,2070465079
gym-lanes,tpa-order,188,Defeat,12,0,12,96,7,0,2,33,20,1:20,0,15,0,3174201932
gym-lanes,tpa-order,189,Defeat,13,0,13,104,14,0,1,53,-1,,0,19,0,1404977833
gym-lanes,tpa-order,190,Defeat,5,0,5,40,12,0,4,80,-1,,0,4,2,1777900924
gym-lanes,tpa-order,191,Victory,16,0,16,128,28,200,0,31,3,1:3,0,12,0,2460938920
gym-lanes,tpa-order,192,Victory,18,0,18,144,27,155,0,33,-1,,0,19,0,1391459103
gym-lanes,tpa-order,193,Victory,12,0,12,96,13,125,0,25,-1,,0,10,0,1424497981
gym-lanes,tpa-order,194,Defeat,13,0,13,104,16,0,2,46,-1,,0,15,0,3513779044
gym-lanes,tpa-order,195,Victory,13,0,13,104,13,140,0,38,-1,,0,9,0,1872072116
gym-lanes,tpa-order,196,Victory,11,0,11,88,16,155,0,27,-1,,0,6,0,3368026629
gym-lanes,tpa-order,197,Victory,19,0,19,152,32,210,0,10,12,1:12,0,14,0,827252334
gym-lanes,tpa-order,198,Defeat,11,0,11,88,8,0,1,45,-1,,0,12,0,1989368848
gym-lanes,tpa-order,199,Victory,11,0,11,88,5,175,0,27,-1,,0,6,0,1257669932
gym-lanes,tpa-order,200,Victory,13,0,13,104,20,125,0,38,-1,,0,14,0,3835855640
gym-lanes,control-hold,1,Victory,13,0,13,104,12,155,0,30,3,1:3,0,15,0,3171886118
gym-lanes,control-hold,2,Victory,23,0,23,184,24,135,0,26,20,1:20,0,34,0,1199618548
gym-lanes,control-hold,3,Victory,11,0,11,88,7,75,0,36,-1,,0,13,0,3135252869
gym-lanes,control-hold,4,Victory,10,0,10,80,7,135,0,40,-1,,0,7,0,1152316914
gym-lanes,control-hold,5,Victory,20,0,20,160,34,215,0,20,12,1:12,0,23,0,3852542665
gym-lanes,control-hold,6,Victory,16,0,16,128,23,105,0,25,-1,,0,18,0,1302201745
gym-lanes,control-hold,7,Defeat,10,0,10,80,13,0,2,50,-1,,0,10,1,2677475225
gym-lanes,control-hold,8,Defeat,12,0,12,96,9,0,1,58,-1,,0,11,0,3472514916
gym-lanes,control-hold,9,Defeat,10,0,10,80,6,0,1,50,-1,,0,11,0,3658055636
gym-lanes,control-hold,10,Victory,24,0,24,192,28,185,0,20,12,1:12,0,18,0,1740368140
gym-lanes,control-hold,11,Victory,20,0,20,160,26,190,0,15,20,1:20,0,17,0,3182282564
gym-lanes,control-hold,12,Victory,13,0,13,104,15,230,0,23,-1,,0,8,0,2167551967
gym-lanes,control-hold,13,Defeat,10,0,10,80,14,0,2,50,-1,,0,10,0,1334624352
gym-lanes,control-hold,14,Victory,17,0,17,136,27,160,0,35,-1,,0,26,0,2141189943
gym-lanes,control-hold,15,Defeat,8,0,8,64,14,0,2,50,-1,,0,6,1,2065811484
gym-lanes,control-hold,16,Victory,13,0,13,104,17,80,0,23,-1,,0,12,0,2100155970
gym-lanes,control-hold,17,Victory,16,0,16,128,27,140,0,18,-1,,0,12,0,24260969
gym-lanes,control-hold,18,Defeat,11,0,11,88,9,0,2,54,-1,,0,12,0,498724401
gym-lanes,control-hold,19,Defeat,13,0,13,104,15,0,1,53,-1,,0,15,0,3995163837
gym-lanes,control-hold,20,Victory,12,0,12,96,16,155,0,25,-1,,0,9,0,566958299
gym-lanes,control-hold,21,Victory,12,0,12,96,13,5,0,41,-1,,0,9,0,401304469
gym-lanes,control-hold,22,Defeat,6,0,6,48,8,0,3,83,-1,,0,6,1,2592688664
gym-lanes,control-hold,23,Victory,17,0,17,136,24,115,0,29,-1,,0,23,0,511690292
gym-lanes,control-hold,24,Victory,11,0,11,88,7,210,0,27,12,1:12,0,7,0,4035252600
gym-lanes,control-hold,25,Victory,19,0,19,152,25,160,0,26,3,1:3,0,18,0,2170325122
gym-lanes,control-hold,26,Victory,14,0,14,112,14,50,0,35,-1,,0,15,0,2359195191
gym-lanes,control-hold,27,Victory,9,0,9,72,2,55,0,55,-1,,0,5,0,4162913394
gym-lanes,control-hold,28,Defeat,7,0,7,56,3,0,1,85,-1,,0,4,0,429894624
gym-lanes,control-hold,29,Victory,13,0,13,104,18,130,0,23,-1,,0,11,0,4223515540
gym-lanes,control-hold,30,Victory,11,0,11,88,15,130,0,27,-1,,0,9,0,4064205261
gym-lanes,control-hold,31,Defeat,14,0,14,112,16,0,1,42,-1,,0,13,0,564918856
gym-lanes,control-hold,32,Defeat,12,0,12,96,12,0,3,66,-1,,0,18,1,3635365746
gym-lanes,control-hold,33,Victory,14,0,14,112,13,160,0,35,11,1:11,0,17,0,1776329574
gym-lanes,control-hold,34,Defeat,13,0,13,104,21,0,1,53,11,1:11,0,18,0,151639625
gym-lanes,control-hold,35,Victory,14,0,14,112,17,10,0,35,-1,,0,16,0,488928768
gym-lanes,control-hold,36,Defeat,7,0,7,56,9,0,2,57,-1,,0,5,1,2444002712
gym-lanes,control-hold,37,Victory,13,0,13,104,14,235,0,23,-1,,0,12,0,3743114393
gym-lanes,control-hold,38,Victory,16,0,16,128,21,120,0,37,-1,,0,19,0,558643030
gym-lanes,control-hold,39,Victory,15,0,15,120,15,10,0,26,-1,,0,23,0,520195109
gym-lanes,control-hold,40,Victory,28,0,28,224,49,60,0,14,12,1:12,0,27,0,4164740028
gym-lanes,control-hold,41,Defeat,8,0,8,64,10,0,2,62,-1,,0,6,0,546822691
gym-lanes,control-hold,42,Victory,16,0,16,128,19,160,0,37,-1,,0,20,0,759366344
gym-lanes,control-hold,43,Victory,11,0,11,88,9,155,0,27,-1,,0,10,0,2639582576
gym-lanes,control-hold,44,Victory,13,0,13,104,12,60,0,30,-1,,0,14,0,1830330664
gym-lanes,control-hold,45,Victory,14,0,14,112,15,25,0,28,-1,,0,20,0,884890672
gym-lanes,control-hold,46,Victory,25,0,25,200,32,190,0,12,11,1:11,0,21,0,2064069350
gym-lanes,control-hold,47,Victory,24,0,24,192,43,160,0,12,12,1:12,0,19,0,102242446
gym-lanes,control-hold,48,Victory,10,0,10,80,10,185,0,30,-1,,0,5,0,3196321654
gym-lanes,control-hold,49,Victory,13,0,13,104,12,90,0,30,-1,,0,14,0,776271343
gym-lanes,control-hold,50,Victory,14,0,14,112,17,150,0,21,20,1:20,0,14,0,2372416848
gym-lanes,control-hold,51,Victory,13,0,13,104,16,130,0,23,3,1:3,0,7,0,2225880986
gym-lanes,control-hold,52,Victory,12,0,12,96,9,125,0,25,-1,,0,11,0,645568826
gym-lanes,control-hold,53,Victory,16,0,16,128,19,80,0,25,-1,,0,19,0,597205620
gym-lanes,control-hold,54,Defeat,6,0,6,48,10,0,4,100,-1,,0,5,2,3455682129
gym-lanes,control-hold,55,Victory,15,0,15,120,22,135,0,26,-1,,0,18,0,2060839359
gym-lanes,control-hold,56,Victory,28,0,28,224,38,205,0,17,20,1:20,0,43,0,2826162739
gym-lanes,control-hold,57,Defeat,12,0,12,96,13,0,1,41,-1,,0,15,0,3504538221
gym-lanes,control-hold,58,Defeat,10,0,10,80,6,0,1,60,-1,,0,7,0,3155884708
gym-lanes,control-hold,59,Victory,19,0,19,152,21,205,0,21,12,1:12,0,14,0,687896236
gym-lanes,control-hold,60,Victory,18,0,18,144,17,165,0,22,-1,,0,16,0,3304031112
gym-lanes,control-hold,61,Victory,10,0,10,80,11,35,0,50,3,1:3,0,7,0,3991801878
gym-lanes,control-hold,62,Victory,26,0,26,208,37,100,0,15,20,1:20,0,42,0,3513757703
gym-lanes,control-hold,63,Victory,18,0,18,144,22,175,0,33,3,1:3,0,18,0,468779701
gym-lanes,control-hold,64,Victory,22,0,22,176,39,30,0,18,3,1:3,0,17,0,2796085758
gym-lanes,control-hold,65,Victory,16,0,16,128,11,65,0,31,3,1:3,0,27,0,2912936321
gym-lanes,control-hold,66,Victory,19,0,19,152,29,120,0,31,-1,,0,26,0,4100902575
gym-lanes,control-hold,67,Victory,10,0,10,80,9,100,0,30,11,1:11,0,13,0,2479311946
gym-lanes,control-hold,68,Defeat,11,0,11,88,6,0,3,45,20,1:20,0,14,0,1232242014
gym-lanes,control-hold,69,Victory,15,0,15,120,14,175,0,26,-1,,0,14,0,4065389861
gym-lanes,control-hold,70,Victory,13,0,13,104,17,100,0,23,-1,,0,12,0,841504692
gym-lanes,control-hold,71,Victory,24,0,24,192,38,120,0,20,11,1:11,0,23,0,481688877
gym-lanes,control-hold,72,Victory,21,0,21,168,28,185,0,23,3,1:3,0,17,0,622101546
gym-lanes,control-hold,73,Victory,14,0,14,112,14,170,0,28,-1,,0,10,0,270122266
gym-lanes,control-hold,74,Defeat,12,0,12,96,5,0,1,41,-1,,0,17,0,3929802457
gym-lanes,control-hold,75,Defeat,7,0,7,56,14,0,2,57,-1,,0,6,0,1394833659
gym-lanes,control-hold,76,Defeat,9,0,9,72,15,0,1,55,-1,,0,7,0,4082712215
gym-lanes,control-hold,77,Victory,14,0,14,112,15,200,0,21,-1,,0,10,0,3445092026
gym-lanes,control-hold,78,Victory,21,0,21,168,32,195,0,23,12,1:12,0,16,0,405913588
gym-lanes,control-hold,79,Victory,11,0,11,88,11,105,0,45,-1,,0,8,0,3616034609
gym-lanes,control-hold,80,Victory,23,0,23,184,35,215,0,17,12,1:12,0,23,0,2664170346
gym-lanes,control-hold,81,Victory,13,0,13,104,20,50,0,53,-1,,0,12,0,2560754557
gym-lanes,control-hold,82,Victory,15,0,15,120,22,185,0,26,12,1:12,0,11,0,1621150578
gym-lanes,control-hold,83,Defeat,9,0,9,72,7,0,2,55,-1,,0,8,0,4238847711
gym-lanes,control-hold,84,Victory,10,0,10,80,5,150,0,40,-1,,0,8,0,3790423132
gym-lanes,control-hold,85,Defeat,15,0,15,120,23,0,2,40,11,1:11,0,27,0,1094891774
gym-lanes,control-hold,86,Victory,13,0,13,104,10,150,0,30,3,1:3,0,9,0,487028572
gym-lanes,control-hold,87,Victory,12,0,12,96,9,20,0,41,-1,,0,12,0,501323261
gym-lanes,control-hold,88,Defeat,13,0,13,104,17,0,1,30,-1,,0,12,0,231953016
gym-lanes,control-hold,89,Victory,13,0,13,104,16,110,0,23,-1,,0,12,0,1460784829
gym-lanes,control-hold,90,Defeat,6,0,6,48,6,0,3,66,-1,,0,6,2,1622567294
gym-lanes,control-hold,91,Victory,14,0,14,112,12,200,0,21,-1,,0,12,0,245069596
gym-lanes,control-hold,92,Victory,15,0,15,120,18,200,0,20,-1,,0,11,0,881663374
gym-lanes,control-hold,93,Victory,13,0,13,104,12,65,0,38,-1,,0,12,0,323032290
gym-lanes,control-hold,94,Defeat,12,0,12,96,12,0,1,33,-1,,0,19,0,3886415151
gym-lanes,control-hold,95,Victory,17,0,17,136,19,75,0,35,12,1:12,0,21,0,2674778432
gym-lanes,control-hold,96,Victory,10,0,10,80,9,150,0,30,-1,,0,6,0,3765480619
gym-lanes,control-hold,97,Victory,12,0,12,96,16,140,0,25,-1,,0,7,0,673235986
gym-lanes,control-hold,98,Victory,14,0,14,112,18,30,0,28,-1,,0,13,0,1539908360
gym-lanes,control-hold,99,Victory,16,0,16,128,21,80,0,37,-1,,0,14,0,1322600337
gym-lanes,control-hold,100,Victory,16,0,16,128,12,50,0,31,-1,,0,21,0,1738138244
gym-lanes,control-hold,101,Victory,27,0,27,216,35,210,0,22,20,1:20,0,35,0,3760590334
gym-lanes,control-hold,102,Victory,13,0,13,104,22,100,0,23,-1,,0,12,0,841504692
gym-lanes,control-hold,103,Victory,13,0,13,104,20,20,0,38,-1,,0,15,0,1276470309
gym-lanes,control-hold,104,Victory,10,0,10,80,10,25,0,50,-1,,0,6,0,2441120780
gym-lanes,control-hold,105,Defeat,9,0,9,72,6,0,1,66,-1,,0,9,0,281068045
gym-lanes,control-hold,106,Defeat,7,0,7,56,4,0,2,100,11,1:11,0,7,0,2239281542
gym-lanes,control-hold,107,Victory,10,0,10,80,8,105,0,40,-1,,0,5,0,2348887792
gym-lanes,control-hold,108,Victory,22,0,22,176,22,170,0,31,20,1:20,0,35,0,1628705029
gym-lanes,control-hold,109,Victory,11,0,11,88,16,205,0,27,-1,,0,7,0,3781441969
gym-lanes,control-hold,110,Defeat,10,0,10,80,7,0,2,50,-1,,0,10,0,2380274298
gym-lanes,control-hold,111,Victory,14,0,14,112,11,5,0,42,-1,,0,15,0,2212691103
gym-lanes,control-hold,112,Victory,20,0,20,160,30,170,0,20,12,1:12,0,16,0,1035838239
gym-lanes,control-hold,113,Defeat,10,0,10,80,13,0,1,50,-1,,0,9,0,1158200532
gym-lanes,control-hold,114,Defeat,10,0,10,80,10,0,2,40,-1,,0,9,0,1347675669
gym-lanes,control-hold,115,Defeat,11,0,11,88,23,0,1,45,-1,,0,14,0,2421380312
gym-lanes,control-hold,116,Victory,11,0,11,88,10,55,0,36,-1,,0,14,0,1936663962
gym-lanes,control-hold,117,Defeat,11,0,11,88,15,0,2,54,-1,,0,15,0,1319348427
gym-lanes,control-hold,118,Defeat,6,0,6,48,4,0,2,66,-1,,0,6,0,846417601
gym-lanes,control-hold,119,Victory,22,0,22,176,22,155,0,22,20,1:20,0,37,0,785784419
gym-lanes,control-hold,120,Victory,25,0,25,200,28,165,0,24,12,1:12,0,35,0,1617021679
gym-lanes,control-hold,121,Victory,15,0,15,120,17,95,0,33,20,1:20,0,11,0,2152000921
gym-lanes,control-hold,122,Victory,14,0,14,112,9,145,0,28,20,1:20,0,14,0,26435500
gym-lanes,control-hold,123,Victory,11,0,11,88,12,10,0,45,3,1:3,0,12,0,1971486920
gym-lanes,control-hold,124,Victory,12,0,12,96,9,60,0,33,-1,,0,11,0,2927018281
gym-lanes,control-hold,125,Victory,18,0,18,144,28,175,0,11,3,1:3,0,14,0,1502249279
gym-lanes,control-hold,126,Defeat,11,0,11,88,13,0,1,45,-1,,0,13,0,1538202481
gym-lanes,control-hold,127,Defeat,7,0,7,56,14,0,3,42,11,1:11,0,9,1,2805017032
gym-lanes,control-hold,128,Defeat,22,0,22,176,29,0,2,27,20,1:20,0,60,0,603882434
gym-lanes,control-hold,129,Defeat,6,0,6,48,12,0,3,83,-1,,0,5,1,3392596985
gym-lanes,control-hold,130,Defeat,11,0,11,88,10,0,2,54,-1,,0,13,0,3999467541
gym-lanes,control-hold,131,Victory,13,0,13,104,22,100,0,23,-1,,0,12,0,841504692
gym-lanes,control-hold,132,Defeat,6,0,6,48,11,0,3,66,-1,,0,3,1,3543639051
gym-lanes,control-hold,133,Defeat,12,0,12,96,14,0,1,50,-1,,0,13,0,1606961426
gym-lanes,control-hold,134,Victory,10,0,10,80,9,155,0,30,-1,,0,4,0,3626010934
gym-lanes,control-hold,135,Victory,12,0,12,96,10,135,0,33,-1,,0,11,0,3863729411
gym-lanes,control-hold,136,Victory,18,0,18,144,25,195,0,27,12,1:12,0,15,0,2810440066
gym-lanes,control-hold,137,Victory,13,0,13,104,11,115,0,38,3,1:3,0,8,0,1307067104
gym-lanes,control-hold,138,Defeat,5,0,5,40,10,0,3,80,-1,,0,4,2,2361165094
gym-lanes,control-hold,139,Victory,14,0,14,112,16,180,0,21,20,1:20,0,14,0,3569983858
gym-lanes,control-hold,140,Defeat,12,0,12,96,8,0,2,50,-1,,0,13,0,273374099
gym-lanes,control-hold,141,Defeat,9,0,9,72,14,0,2,55,-1,,0,8,0,871039044
gym-lanes,control-hold,142,Victory,13,0,13,104,12,205,0,30,3,1:3,0,14,0,2478998817
gym-lanes,control-hold,143,Defeat,12,0,12,96,19,0,2,41,-1,,0,18,0,885080412
gym-lanes,control-hold,144,Victory,18,0,18,144,29,185,0,16,12,1:12,0,16,0,568720909
gym-lanes,control-hold,145,Victory,26,0,26,208,35,215,0,19,20,1:20,0,26,0,932059005
gym-lanes,control-hold,146,Defeat,11,0,11,88,11,0,1,45,-1,,0,17,0,1140798200
gym-lanes,control-hold,147,Victory,21,0,21,168,20,215,0,14,3,1:3,0,30,0,1802369921
gym-lanes,control-hold,148,Defeat,11,0,11,88,10,0,1,54,-1,,0,13,0,3587407512
gym-lanes,control-hold,149,Victory,13,0,13,104,23,130,0,23,-1,,0,12,0,403654226
gym-lanes,control-hold,150,Victory,11,0,11,88,12,185,0,36,-1,,0,8,0,1012286689
gym-lanes,control-hold,151,Victory,12,0,12,96,8,50,0,33,20,1:20,0,11,0,884062129
gym-lanes,control-hold,152,Victory,9,0,9,72,2,150,0,44,-1,,0,4,0,1142516335
gym-lanes,control-hold,153,Victory,30,0,30,240,61,120,0,33,12,1:12,0,56,0,3812336211
gym-lanes,control-hold,154,Defeat,12,0,12,96,20,0,1,41,-1,,0,13,0,1387994930
gym-lanes,control-hold,155,Victory,12,0,12,96,15,25,0,41,-1,,0,13,0,29566631
gym-lanes,control-hold,156,Defeat,17,0,17,136,21,0,1,41,20,1:20,0,29,0,4050244188
gym-lanes,control-hold,157,Victory,15,0,15,120,14,130,0,33,20,1:20,0,16,0,4067885766
gym-lanes,control-hold,158,Defeat,12,0,12,96,17,0,1,33,-1,,0,18,0,1781020378
gym-lanes,control-hold,159,Defeat,17,0,17,136,20,0,2,47,20,1:20,0,19,0,1804148755
gym-lanes,control-hold,160,Defeat,7,0,7,56,9,0,1,57,-1,,0,5,1,3943623844
gym-lanes,control-hold,161,Victory,13,0,13,104,16,5,0,30,11,1:11,0,18,0,3161859797
gym-lanes,control-hold,162,Victory,13,0,13,104,17,80,0,23,-1,,0,13,0,651939030
gym-lanes,control-hold,163,Victory,24,0,24,192,30,155,0,12,12,1:12,0,20,0,2239270159
gym-lanes,control-hold,164,Victory,12,0,12,96,12,25,0,33,-1,,0,16,0,3191375941
gym-lanes,control-hold,165,Victory,12,0,12,96,13,130,0,25,3,1:3,0,8,0,3912288231
gym-lanes,control-hold,166,Victory,22,0,22,176,38,220,0,27,12,1:12,0,19,0,611581255
gym-lanes,control-hold,167,Victory,19,0,19,152,27,160,0,15,12,1:12,0,15,0,2423224944
gym-lanes,control-hold,168,Defeat,13,0,13,104,18,0,1,38,-1,,0,12,0,2272820415
gym-lanes,control-hold,169,Defeat,15,0,15,120,35,0,1,40,-1,,0,18,0,450235236
gym-lanes,control-hold,170,Victory,14,0,14,112,17,160,0,21,-1,,0,14,0,863811822
gym-lanes,control-hold,171,Victory,16,0,16,128,15,115,0,31,-1,,0,20,0,1945252809
gym-lanes,control-hold,172,Victory,12,0,12,96,7,285,0,16,3,1:3,0,8,0,3511560623
gym-lanes,control-hold,173,Defeat,12,0,12,96,16,0,1,33,-1,,0,19,0,4154068552
gym-lanes,control-hold,174,Victory,20,0,20,160,19,80,0,15,20,1:20,0,19,0,277087230
gym-lanes,control-hold,175,Defeat,11,0,11,88,10,0,1,45,-1,,0,13,0,2659321460
gym-lanes,control-hold,176,Defeat,5,0,5,40,5,0,4,80,-1,,0,4,2,1174208179
gym-lanes,control-hold,177,Victory,11,0,11,88,8,225,0,18,-1,,0,12,0,2232952494
gym-lanes,control-hold,178,Victory,12,0,12,96,9,25,0,33,-1,,0,15,0,674860465
gym-lanes,control-hold,179,Victory,13,0,13,104,14,180,0,23,-1,,0,8,0,785270057
gym-lanes,control-hold,180,Victory,12,0,12,96,24,140,0,33,-1,,0,8,0,1229379456
gym-lanes,control-hold,181,Victory,18,0,18,144,28,190,0,16,-1,,0,14,0,3542155690
gym-lanes,control-hold,182,Defeat,11,0,11,88,28,0,2,45,-1,,0,11,0,1403874742
gym-lanes,control-hold,183,Victory,12,0,12,96,8,10,0,58,-1,,0,16,0,3650175555
gym-lanes,control-hold,184,Defeat,12,0,12,96,6,0,1,66,-1,,0,13,0,782449392
gym-lanes,control-hold,185,Defeat,6,0,6,48,12,0,2,66,-1,,0,5,1,1090104110
gym-lanes,control-hold,186,Victory,12,0,12,96,6,205,0,33,3,1:3,0,6,0,619217975
gym-lanes,control-hold,187,Defeat,13,0,13,104,21,0,1,38,-1,,0,13,0,2070465079
gym-lanes,control-hold,188,Defeat,12,0,12,96,7,0,2,33,20,1:20,0,15,0,3174201932
gym-lanes,control-hold,189,Defeat,13,0,13,104,14,0,1,53,-1,,0,19,0,1404977833
gym-lanes,control-hold,190,Defeat,5,0,5,40,12,0,4,80,-1,,0,4,2,1777900924
gym-lanes,control-hold,191,Victory,16,0,16,128,28,200,0,31,3,1:3,0,12,0,2460938920
gym-lanes,control-hold,192,Victory,21,0,21,168,24,160,0,28,12,1:12,0,22,0,3565812469
gym-lanes,control-hold,193,Victory,12,0,12,96,13,125,0,25,-1,,0,10,0,1424497981
gym-lanes,control-hold,194,Defeat,13,0,13,104,16,0,2,46,-1,,0,15,0,3513779044
gym-lanes,control-hold,195,Victory,13,0,13,104,13,140,0,38,-1,,0,9,0,1872072116
gym-lanes,control-hold,196,Victory,11,0,11,88,16,155,0,27,-1,,0,6,0,3368026629
gym-lanes,control-hold,197,Victory,19,0,19,152,32,210,0,10,12,1:12,0,14,0,827252334
gym-lanes,control-hold,198,Defeat,11,0,11,88,8,0,1,45,-1,,0,12,0,1989368848
gym-lanes,control-hold,199,Victory,11,0,11,88,5,175,0,27,-1,,0,6,0,1257669932
gym-lanes,control-hold,200,Victory,13,0,13,104,20,125,0,38,-1,,0,14,0,3835855640
gym-lanes,charge,1,Victory,7,0,7,56,6,150,0,28,-1,,0,0,0,282198739
gym-lanes,charge,2,Victory,7,0,7,56,8,50,0,42,11,1:11,0,1,0,684479610
gym-lanes,charge,3,Defeat,7,0,7,56,14,0,1,71,-1,,0,2,1,3597884726
gym-lanes,charge,4,Defeat,8,0,8,64,10,0,1,50,-1,,0,1,0,2875851702
gym-lanes,charge,5,Victory,7,0,7,56,6,100,0,42,11,1:11,0,1,0,3022655825
gym-lanes,charge,6,Defeat,6,0,6,48,5,0,1,66,-1,,0,2,1,3303723858
gym-lanes,charge,7,Defeat,7,0,7,56,10,0,2,57,-1,,0,3,1,3187567856
gym-lanes,charge,8,Victory,9,0,9,72,12,100,0,33,-1,,0,3,0,1522782391
gym-lanes,charge,9,Defeat,7,0,7,56,15,0,1,42,-1,,0,2,1,3213047067
gym-lanes,charge,10,Defeat,6,0,6,48,8,0,1,66,-1,,0,2,1,1932104325
gym-lanes,charge,11,Victory,7,0,7,56,7,50,0,42,11,1:11,0,1,0,2883836585
gym-lanes,charge,12,Victory,7,0,7,56,7,50,0,42,11,1:11,0,1,0,2883836585
gym-lanes,charge,13,Victory,7,0,7,56,8,200,0,28,-1,,0,0,0,2730859276
gym-lanes,charge,14,Defeat,6,0,6,48,14,0,2,66,-1,,0,2,2,2473438806
gym-lanes,charge,15,Defeat,8,0,8,64,20,0,1,62,-1,,0,2,0,2216074531
gym-lanes,charge,16,Defeat,6,0,6,48,10,0,2,66,-1,,0,1,1,2420745440
gym-lanes,charge,17,Victory,7,0,7,56,5,50,0,42,11,1:11,0,1,0,2883836585
gym-lanes,charge,18,Victory,8,0,8,64,7,30,0,37,-1,,0,2,0,1037124677
gym-lanes,charge,19,Victory,7,0,7,56,8,50,0,42,11,1:11,0,1,0,684479610
gym-lanes,charge,20,Defeat,6,0,6,48,7,0,1,50,11,1:11,0,1,1,3319050255
gym-lanes,charge,21,Defeat,7,0,7,56,8,0,1,57,-1,,0,2,1,2409357775
gym-lanes,charge,22,Defeat,6,0,6,48,9,0,1,66,-1,,0,3,1,3472354944
gym-lanes,charge,23,Victory,9,0,9,72,12,100,0,22,-1,,0,2,0,3617206545
gym-lanes,charge,24,Defeat,7,0,7,56,11,0,2,57,-1,,0,2,1,4263288084
gym-lanes,charge,25,Defeat,6,0,6,48,10,0,1,66,-1,,0,1,1,3361094050
gym-lanes,charge,26,Victory,8,0,8,64,7,50,0,37,-1,,0,2,0,708386143
gym-lanes,charge,27,Defeat,5,0,5,40,5,0,2,60,-1,,0,1,2,231377129
gym-lanes,charge,28,Defeat,4,0,4,32,8,0,3,75,-1,,0,2,3,1165792374
gym-lanes,charge,29,Victory,7,0,7,56,7,50,0,42,11,1:11,0,1,0,2883836585
gym-lanes,charge,30,Defeat,6,0,6,48,10,0,2,66,-1,,0,1,2,1764781494
gym-lanes,charge,31,Defeat,7,0,7,56,5,0,1,57,11,1:11,0,2,1,911010520
gym-lanes,charge,32,Defeat,8,0,8,64,12,0,1,50,-1,,0,4,1,376361254
gym-lanes,charge,33,Defeat,6,0,6,48,5,0,2,66,-1,,0,1,1,1695939398
gym-lanes,charge,34,Defeat,5,0,5,40,9,0,2,60,-1,,0,2,2,4102064075
gym-lanes,charge,35,Defeat,7,0,7,56,7,0,1,57,-1,,0,2,0,3922281148
gym-lanes,charge,36,Victory,7,0,7,56,9,130,0,42,-1,,0,0,0,2315314322
gym-lanes,charge,37,Victory,7,0,7,56,8,200,0,28,-1,,0,0,0,2730859276
gym-lanes,charge,38,Defeat,7,0,7,56,6,0,1,57,-1,,0,2,1,2867640381
gym-lanes,charge,39,Victory,7,0,7,56,5,50,0,42,11,1:11,0,1,0,2883836585
gym-lanes,charge,40,Victory,7,0,7,56,5,50,0,42,11,1:11,0,1,0,2883836585
gym-lanes,charge,41,Victory,7,0,7,56,6,80,0,42,11,1:11,0,1,0,2940724248
gym-lanes,charge,42,Victory,7,0,7,56,7,50,0,42,11,1:11,0,1,0,2883836585
gym-lanes,charge,43,Victory,7,0,7,56,4,80,0,42,-1,,0,1,0,2769949623
gym-lanes,charge,44,Defeat,7,0,7,56,6,0,1,57,-1,,0,2,1,2513749014
gym-lanes,charge,45,Defeat,4,0,4,32,8,0,3,75,-1,,0,2,2,591228338
gym-lanes,charge,46,Defeat,7,0,7,56,11,0,1,42,-1,,0,1,1,3678179539
gym-lanes,charge,47,Victory,7,0,7,56,7,50,0,42,11,1:11,0,1,0,2883836585
gym-lanes,charge,48,Victory,7,0,7,56,7,50,0,42,11,1:11,0,1,0,2883836585
gym-lanes,charge,49,Defeat,7,0,7,56,10,0,1,42,-1,,0,1,1,696337558
gym-lanes,charge,50,Victory,7,0,7,56,7,50,0,42,11,1:11,0,1,0,2883836585
gym-lanes,charge,51,Defeat,5,0,5,40,8,0,3,80,-1,,0,2,2,147599384
gym-lanes,charge,52,Victory,7,0,7,56,7,50,0,42,11,1:11,0,1,0,2883836585
gym-lanes,charge,53,Defeat,6,0,6,48,6,0,1,66,-1,,0,2,1,2390810769
gym-lanes,charge,54,Victory,9,0,9,72,7,50,0,33,-1,,0,3,0,1113475649
gym-lanes,charge,55,Victory,7,0,7,56,10,100,0,42,-1,,0,0,0,12236551
gym-lanes,charge,56,Victory,10,0,10,80,17,50,0,30,-1,,0,2,0,2005655156
gym-lanes,charge,57,Defeat,7,0,7,56,8,0,1,57,12,1:12,0,0,0,2268477046
gym-lanes,charge,58,Defeat,7,0,7,56,5,0,2,57,-1,,0,1,1,1389209386
gym-lanes,charge,59,Victory,7,0,7,56,6,50,0,42,11,1:11,0,1,0,3673505116
gym-lanes,charge,60,Defeat,5,0,5,40,8,0,2,60,-1,,0,2,2,1050305467
gym-lanes,charge,61,Defeat,8,0,8,64,13,0,1,50,-1,,0,2,0,3508837041
gym-lanes,charge,62,Victory,7,0,7,56,3,100,0,28,-1,,0,0,0,3527794211
gym-lanes,charge,63,Defeat,7,0,7,56,14,0,2,57,-1,,0,3,1,3210055927
gym-lanes,charge,64,Victory,7,0,7,56,6,230,0,28,-1,,0,0,0,1696574167
gym-lanes,charge,65,Defeat,7,0,7,56,11,0,1,57,-1,,0,3,1,2024471298
gym-lanes,charge,66,Victory,8,0,8,64,12,50,0,37,-1,,0,0,0,2392916014
gym-lanes,charge,67,Victory,7,0,7,56,6,50,0,42,11,1:11,0,1,0,3673505116
gym-lanes,charge,68,Defeat,7,0,7,56,11,0,2,71,11,1:11,0,5,0,4169344256
gym-lanes,charge,69,Defeat,7,0,7,56,10,0,1,57,-1,,0,1,1,1232191894
gym-lanes,charge,70,Defeat,7,0,7,56,14,0,1,57,-1,,0,2,1,618130439
gym-lanes,charge,71,Defeat,6,0,6,48,2,0,1,66,-1,,0,2,1,2967741409
gym-lanes,charge,72,Defeat,9,0,9,72,6,0,1,55,-1,,0,2,0,3007985808
gym-lanes,charge,73,Victory,8,0,8,64,6,50,0,37,-1,,0,2,0,2305247082
gym-lanes,charge,74,Victory,7,0,7,56,6,125,0,42,-1,,0,0,0,3929385453
gym-lanes,charge,75,Defeat,8,0,8,64,16,0,2,62,-1,,0,1,1,3132168989
gym-lanes,charge,76,Victory,8,0,8,64,12,50,0,37,-1,,0,0,0,3498816926
gym-lanes,charge,77,Victory,7,0,7,56,7,50,0,42,11,1:11,0,1,0,2883836585
gym-lanes,charge,78,Defeat,7,0,7,56,7,0,1,57,11,1:11,0,1,0,2222476415
gym-lanes,charge,79,Defeat,8,0,8,64,12,0,1,50,-1,,0,1,0,1900184117
gym-lanes,charge,80,Victory,7,0,7,56,2,130,0,42,-1,,0,1,0,1539255619
gym-lanes,charge,81,Defeat,7,0,7,56,11,0,3,71,-1,,0,6,1,2493688429
gym-lanes,charge,82,Victory,7,0,7,56,6,100,0,42,11,1:11,0,1,0,2192366803
gym-lanes,charge,83,Defeat,8,0,8,64,7,0,1,50,-1,,0,2,1,2933378447
gym-lanes,charge,84,Defeat,8,0,8,64,12,0,1,50,-1,,0,2,1,1304579181
gym-lanes,charge,85,Victory,8,0,8,64,9,80,0,37,-1,,0,0,0,2919074444
gym-lanes,charge,86,Defeat,6,0,6,48,11,0,2,50,-1,,0,2,1,4257811529
gym-lanes,charge,87,Defeat,7,0,7,56,6,0,1,57,-1,,0,2,0,2660463819
gym-lanes,charge,88,Defeat,6,0,6,48,6,0,1,66,-1,,0,3,1,2836622020
gym-lanes,charge,89,Victory,8,0,8,64,13,150,0,25,-1,,0,1,0,1894386763
gym-lanes,charge,90,Victory,7,0,7,56,8,50,0,42,11,1:11,0,1,0,706853879
gym-lanes,charge,91,Defeat,5,0,5,40,4,0,2,60,-1,,0,1,2,245031129
gym-lanes,charge,92,Victory,7,0,7,56,7,50,0,42,11,1:11,0,1,0,2883836585
gym-lanes,charge,93,Defeat,6,0,6,48,8,0,2,66,-1,,0,1,1,244110570
gym-lanes,charge,94,Victory,7,0,7,56,6,100,0,42,11,1:11,0,1,0,2857698813
gym-lanes,charge,95,Defeat,7,0,7,56,4,0,1,57,-1,,0,3,1,3947497666
gym-lanes,charge,96,Defeat,6,0,6,48,6,0,1,50,-1,,0,0,1,1402888432
gym-lanes,charge,97,Defeat,6,0,6,48,14,0,2,50,-1,,0,2,2,947981367
gym-lanes,charge,98,Defeat,5,0,5,40,6,0,2,60,-1,,0,2,2,2842029896
gym-lanes,charge,99,Victory,7,0,7,56,8,200,0,28,-1,,0,0,0,2730859276
gym-lanes,charge,100,Defeat,6,0,6,48,7,0,2,50,-1,,0,2,1,2420485647
gym-lanes,charge,101,Defeat,6,0,6,48,8,0,1,66,-1,,0,1,1,1402888432
gym-lanes,charge,102,Defeat,7,0,7,56,7,0,1,42,11,1:11,0,0,0,2513731790
gym-lanes,charge,103,Victory,7,0,7,56,7,50,0,42,11,1:11,0,1,0,2883836585
gym-lanes,charge,104,Defeat,7,0,7,56,4,0,1,57,-1,,0,3,1,3371224158
gym-lanes,charge,105,Victory,8,0,8,64,8,130,0,37,-1,,0,1,0,1794539165
gym-lanes,charge,106,Victory,9,0,9,72,11,50,0,44,-1,,0,2,0,3648261806
gym-lanes,charge,107,Defeat,7,0,7,56,11,0,1,57,-1,,0,2,1,4111704152
gym-lanes,charge,108,Victory,9,0,9,72,12,200,0,11,-1,,0,2,0,336097475
gym-lanes,charge,109,Victory,7,0,7,56,6,100,0,28,-1,,0,0,0,3527794211
gym-lanes,charge,110,Victory,7,0,7,56,10,100,0,42,-1,,0,2,0,1193566946
gym-lanes,charge,111,Defeat,6,0,6,48,6,0,2,83,-1,,0,2,2,2295574041
gym-lanes,charge,112,Defeat,7,0,7,56,4,0,1,57,11,1:11,0,1,0,1005013696
gym-lanes,charge,113,Defeat,6,0,6,48,8,0,1,50,-1,,0,2,1,1516107767
gym-lanes,charge,114,Defeat,4,0,4,32,12,0,3,75,-1,,0,2,2,3068370880
gym-lanes,charge,115,Defeat,7,0,7,56,14,0,1,57,-1,,0,1,1,3230406990
gym-lanes,charge,116,Defeat,6,0,6,48,4,0,2,50,-1,,0,1,1,4194979373
gym-lanes,charge,117,Victory,7,0,7,56,8,50,0,42,-1,,0,0,0,3308573713
gym-lanes,charge,118,Defeat,6,0,6,48,7,0,1,50,11,1:11,0,1,1,3319050255
gym-lanes,charge,119,Victory,7,0,7,56,7,50,0,42,11,1:11,0,1,0,715751497
gym-lanes,charge,120,Victory,8,0,8,64,10,30,0,50,-1,,0,1,0,2503715136
gym-lanes,charge,121,Defeat,6,0,6,48,6,0,1,66,-1,,0,2,1,3303723858
gym-lanes,charge,122,Defeat,7,0,7,56,8,0,1,57,12,1:12,0,0,0,3749639180
gym-lanes,charge,123,Defeat,7,0,7,56,7,0,1,57,11,1:11,0,1,0,3145547187
gym-lanes,charge,124,Victory,7,0,7,56,6,50,0,42,-1,,0,1,0,23740720
gym-lanes,charge,125,Defeat,7,0,7,56,6,0,1,57,-1,,0,3,1,1185773739
gym-lanes,charge,126,Victory,8,0,8,64,4,55,0,50,12,1:12,0,1,0,365086555
gym-lanes,charge,127,Defeat,4,0,4,32,5,0,3,75,-1,,0,1,2,4217837371
gym-lanes,charge,128,Victory,10,0,10,80,12,150,0,20,-1,,0,2,0,1304763776
gym-lanes,charge,129,Defeat,7,0,7,56,7,0,1,57,11,1:11,0,1,0,969682783
gym-lanes,charge,130,Victory,7,0,7,56,6,50,0,42,11,1:11,0,1,0,706853879
gym-lanes,charge,131,Defeat,6,0,6,48,7,0,1,50,11,1:11,0,1,1,3319050255
gym-lanes,charge,132,Defeat,7,0,7,56,6,0,2,85,11,1:11,0,4,0,3864266703
gym-lanes,charge,133,Defeat,6,0,6,48,6,0,1,50,-1,,0,0,1,1402888432
gym-lanes,charge,134,Defeat,6,0,6,48,9,0,1,66,-1,,0,1,1,650216451
gym-lanes,charge,135,Defeat,7,0,7,56,7,0,1,57,11,1:11,0,1,0,1559415481
gym-lanes,charge,136,Victory,8,0,8,64,11,100,0,37,-1,,0,2,0,2081600287
gym-lanes,charge,137,Defeat,6,0,6,48,6,0,2,100,-1,,0,4,2,1480440316
gym-lanes,charge,138,Victory,7,0,7,56,6,80,0,42,11,1:11,0,1,0,2940724248
gym-lanes,charge,139,Victory,7,0,7,56,7,50,0,42,11,1:11,0,1,0,2883836585
gym-lanes,charge,140,Defeat,6,0,6,48,8,0,1,66,-1,,0,1,1,3098608581
gym-lanes,charge,141,Victory,7,0,7,56,8,100,0,28,-1,,0,0,0,3527794211
gym-lanes,charge,142,Victory,7,0,7,56,2,50,0,42,11,1:11,0,1,0,2883836585
gym-lanes,charge,143,Victory,7,0,7,56,3,75,0,42,11,1:11,0,0,0,1794462023
gym-lanes,charge,144,Defeat,7,0,7,56,7,0,1,57,11,1:11,0,1,0,4105826447
gym-lanes,charge,145,Victory,7,0,7,56,6,50,0,42,11,1:11,0,1,0,3248093889
gym-lanes,charge,146,Victory,8,0,8,64,8,180,0,25,-1,,0,1,0,1285616923
gym-lanes,charge,147,Defeat,6,0,6,48,9,0,1,66,-1,,0,3,1,3472354944
gym-lanes,charge,148,Victory,7,0,7,56,5,50,0,57,-1,,0,1,0,2960380294
gym-lanes,charge,149,Victory,8,0,8,64,8,150,0,25,-1,,0,2,0,390677452
gym-lanes,charge,150,Defeat,8,0,8,64,6,0,1,50,-1,,0,1,0,2248596375
gym-lanes,charge,151,Victory,8,0,8,64,8,50,0,37,-1,,0,1,0,3065671786
gym-lanes,charge,152,Defeat,7,0,7,56,6,0,1,57,11,1:11,0,1,0,3680733422
gym-lanes,charge,153,Victory,7,0,7,56,7,150,0,42,-1,,0,1,0,4219161760
gym-lanes,charge,154,Victory,9,0,9,72,10,100,0,33,3,1:3,0,1,0,171194925
gym-lanes,charge,155,Victory,7,0,7,56,9,100,0,28,11,1:11,0,0,0,1319042284
gym-lanes,charge,156,Victory,9,0,9,72,11,30,0,33,-1,,0,3,0,3142487661
gym-lanes,charge,157,Defeat,5,0,5,40,6,0,3,60,-1,,0,2,2,2687829075
gym-lanes,charge,158,Victory,7,0,7,56,6,50,0,42,11,1:11,0,1,0,2781548583
gym-lanes,charge,159,Victory,7,0,7,56,6,50,0,42,-1,,0,1,0,706853879
gym-lanes,charge,160,Defeat,6,0,6,48,10,0,1,66,-1,,0,1,1,3850683715
gym-lanes,charge,161,Defeat,7,0,7,56,9,0,2,57,11,1:11,0,5,0,2578831806
gym-lanes,charge,162,Victory,8,0,8,64,12,50,0,37,-1,,0,1,0,616860008
gym-lanes,charge,163,Victory,7,0,7,56,6,50,0,42,12,1:12,0,1,0,3914837730
gym-lanes,charge,164,Defeat,7,0,7,56,10,0,1,57,-1,,0,2,1,2899290211
gym-lanes,charge,165,Defeat,6,0,6,48,4,0,1,66,11,1:11,0,1,0,195637561
gym-lanes,charge,166,Victory,7,0,7,56,4,10,0,57,-1,,0,2,0,3908255407
gym-lanes,charge,167,Defeat,7,0,7,56,7,0,1,42,11,1:11,0,0,0,2976211352
gym-lanes,charge,168,Victory,7,0,7,56,7,50,0,42,11,1:11,0,1,0,2883836585
gym-lanes,charge,169,Defeat,6,0,6,48,5,0,2,50,-1,,0,1,2,3333663690
gym-lanes,charge,170,Defeat,7,0,7,56,9,0,1,57,-1,,0,3,1,1935636905
gym-lanes,charge,171,Defeat,5,0,5,40,8,0,2,60,-1,,0,2,2,2273545496
gym-lanes,charge,172,Victory,8,0,8,64,5,50,0,37,-1,,0,2,0,662659211
gym-lanes,charge,173,Victory,8,0,8,64,6,100,0,25,-1,,0,1,0,328518923
gym-lanes,charge,174,Defeat,7,0,7,56,8,0,1,57,-1,,0,2,1,4281429724
gym-lanes,charge,175,Defeat,4,0,4,32,8,0,3,75,-1,,0,2,3,591228338
gym-lanes,charge,176,Victory,7,0,7,56,6,50,0,42,11,1:11,0,1,0,2781548583
gym-lanes,charge,177,Victory,9,0,9,72,11,50,0,33,-1,,0,3,0,2714938773
gym-lanes,charge,178,Defeat,8,0,8,64,8,0,1,50,3,1:3,0,1,0,3750282078
gym-lanes,charge,179,Victory,7,0,7,56,7,50,0,42,11,1:11,0,1,0,2883836585
gym-lanes,charge,180,Defeat,8,0,8,64,14,0,1,50,-1,,0,1,0,1125490899
gym-lanes,charge,181,Victory,7,0,7,56,5,50,0,42,11,1:11,0,1,0,2883836585
gym-lanes,charge,182,Defeat,7,0,7,56,7,0,1,57,-1,,0,2,0,3922281148
gym-lanes,charge,183,Defeat,7,0,7,56,7,0,1,57,11,1:11,0,1,0,3703706451
gym-lanes,charge,184,Victory,9,0,9,72,12,50,0,33,-1,,0,2,0,2302717374
gym-lanes,charge,185,Victory,8,0,8,64,10,100,0,25,-1,,0,2,0,2515372057
gym-lanes,charge,186,Defeat,5,0,5,40,7,0,3,60,-1,,0,2,2,1608681037
gym-lanes,charge,187,Victory,7,0,7,56,7,50,0,42,11,1:11,0,1,0,2883836585
gym-lanes,charge,188,Victory,8,0,8,64,8,150,0,25,11,1:11,0,1,0,4196409105
gym-lanes,charge,189,Defeat,7,0,7,56,8,0,1,57,-1,,0,2,1,1241577076
gym-lanes,charge,190,Defeat,6,0,6,48,8,0,2,66,-1,,0,0,0,1249175358
gym-lanes,charge,191,Defeat,7,0,7,56,4,0,1,57,-1,,0,2,0,950963018
gym-lanes,charge,192,Defeat,7,0,7,56,5,0,1,57,-1,,0,3,1,217447870
gym-lanes,charge,193,Defeat,6,0,6,48,6,0,2,66,-1,,0,1,1,974963003
gym-lanes,charge,194,Defeat,8,0,8,64,16,0,1,62,-1,,0,3,1,388381815
gym-lanes,charge,195,Defeat,9,0,9,72,19,0,1,44,-1,,0,6,0,3601130884
gym-lanes,charge,196,Defeat,8,0,8,64,4,0,1,50,-1,,0,2,1,1464724022
gym-lanes,charge,197,Defeat,7,0,7,56,4,0,1,71,-1,,0,2,0,2260194340
gym-lanes,charge,198,Defeat,7,0,7,56,7,0,2,57,-1,,0,3,1,1515723691
gym-lanes,charge,199,Defeat,7,0,7,56,14,0,1,57,-1,,0,2,1,999546535
gym-lanes,charge,200,Victory,8,0,8,64,8,100,0,25,-1,,0,2,0,2515372057
gym-lanes-kill,corridor-hold,1,Victory,12,0,12,96,12,205,1,33,3,1:3,0,14,0,3444498313
gym-lanes-kill,corridor-hold,2,Victory,23,0,23,184,24,135,0,26,20,1:20,0,34,0,966225825
gym-lanes-kill,corridor-hold,3,Victory,11,0,11,88,7,75,0,36,-1,,0,13,0,3828774048
gym-lanes-kill,corridor-hold,4,Victory,10,0,10,80,7,135,0,40,-1,,0,7,0,1814377223
gym-lanes-kill,corridor-hold,5,Victory,20,0,20,160,34,215,0,20,12,1:12,0,23,0,2956867884
gym-lanes-kill,corridor-hold,6,Victory,16,0,16,128,23,105,0,25,-1,,0,18,0,3683967604
gym-lanes-kill,corridor-hold,7,Defeat,10,0,10,80,13,0,2,50,-1,,0,10,1,1981132540
gym-lanes-kill,corridor-hold,8,Defeat,12,0,12,96,9,0,1,58,-1,,0,11,0,560330769
gym-lanes-kill,corridor-hold,9,Defeat,10,0,10,80,6,0,1,50,-1,,0,11,0,46623617
gym-lanes-kill,corridor-hold,10,Victory,24,0,24,192,28,185,0,20,12,1:12,0,18,0,1810091577
gym-lanes-kill,corridor-hold,11,Victory,10,0,10,80,12,150,1,30,-1,,0,7,0,3965027291
gym-lanes-kill,corridor-hold,12,Victory,13,0,13,104,15,230,0,23,-1,,0,8,0,1820262682
gym-lanes-kill,corridor-hold,13,Defeat,10,0,10,80,14,0,2,50,-1,,0,10,0,786507221
gym-lanes-kill,corridor-hold,14,Victory,17,0,17,136,27,160,0,35,-1,,0,26,0,1728332786
gym-lanes-kill,corridor-hold,15,Defeat,8,0,8,64,14,0,2,50,-1,,0,6,1,1874113097
gym-lanes-kill,corridor-hold,16,Victory,13,0,13,104,17,80,0,23,-1,,0,12,0,720223319
gym-lanes-kill,corridor-hold,17,Victory,16,0,16,128,27,140,0,18,-1,,0,12,0,3790666188
gym-lanes-kill,corridor-hold,18,Victory,11,0,11,88,9,125,2,54,-1,,0,12,0,1648241131
gym-lanes-kill,corridor-hold,19,Defeat,13,0,13,104,15,0,1,53,-1,,0,15,0,2041758040
gym-lanes-kill,corridor-hold,20,Victory,12,0,12,96,16,155,0,25,-1,,0,9,0,1284026078
gym-lanes-kill,corridor-hold,21,Victory,12,0,12,96,13,5,0,41,-1,,0,9,0,2502601648
gym-lanes-kill,corridor-hold,22,Defeat,6,0,6,48,8,0,3,83,-1,,0,6,1,165957901
gym-lanes-kill,corridor-hold,23,Victory,16,0,16,128,24,165,1,31,-1,,0,22,0,2714886047
gym-lanes-kill,corridor-hold,24,Victory,9,0,9,72,7,230,1,33,-1,,0,5,0,251743065
gym-lanes-kill,corridor-hold,25,Victory,19,0,19,152,25,160,0,26,3,1:3,0,18,0,3017237143
gym-lanes-kill,corridor-hold,26,Victory,13,0,13,104,14,150,1,38,-1,,0,14,0,1170826695
gym-lanes-kill,corridor-hold,27,Victory,8,0,8,64,2,155,1,62,-1,,0,4,0,2021246856
gym-lanes-kill,corridor-hold,28,Victory,7,0,7,56,3,75,1,85,-1,,0,4,0,462513317
gym-lanes-kill,corridor-hold,29,Victory,13,0,13,104,18,130,0,23,-1,,0,11,0,1343296321
gym-lanes-kill,corridor-hold,30,Victory,8,0,8,64,15,230,2,25,-1,,0,7,1,3138879005
gym-lanes-kill,corridor-hold,31,Defeat,14,0,14,112,16,0,1,42,-1,,0,13,0,2245853245
gym-lanes-kill,corridor-hold,32,Defeat,12,0,12,96,12,0,3,66,-1,,0,18,1,4165368967
gym-lanes-kill,corridor-hold,33,Victory,6,0,6,48,8,275,3,66,11,1:11,0,6,1,566251826
gym-lanes-kill,corridor-hold,34,Victory,6,0,6,48,8,250,3,66,11,1:11,0,6,1,1553497951
gym-lanes-kill,corridor-hold,35,Victory,13,0,13,104,17,110,1,38,-1,,0,15,0,88909709
gym-lanes-kill,corridor-hold,36,Defeat,7,0,7,56,9,0,2,57,-1,,0,5,1,3605243021
gym-lanes-kill,corridor-hold,37,Victory,13,0,13,104,14,235,0,23,-1,,0,12,0,3622312956
gym-lanes-kill,corridor-hold,38,Victory,15,0,15,120,21,170,1,40,-1,,0,18,0,1852428469
gym-lanes-kill,corridor-hold,39,Victory,14,0,14,112,15,80,1,28,-1,,0,22,0,1761965733
gym-lanes-kill,corridor-hold,40,Victory,12,0,12,96,21,210,1,16,-1,,0,11,0,3668039044
gym-lanes-kill,corridor-hold,41,Defeat,8,0,8,64,10,0,2,62,-1,,0,6,0,378355366
gym-lanes-kill,corridor-hold,42,Victory,16,0,16,128,19,160,0,37,-1,,0,20,0,396439741
gym-lanes-kill,corridor-hold,43,Victory,11,0,11,88,9,155,0,27,-1,,0,10,0,915611621
gym-lanes-kill,corridor-hold,44,Victory,13,0,13,104,12,60,0,30,-1,,0,14,0,1546399005
gym-lanes-kill,corridor-hold,45,Victory,14,0,14,112,15,25,0,28,-1,,0,20,0,714113701
gym-lanes-kill,corridor-hold,46,Victory,25,0,25,200,32,190,0,12,11,1:11,0,21,0,3621891635
gym-lanes-kill,corridor-hold,47,Victory,24,0,24,192,43,160,0,12,12,1:12,0,19,0,2680660059
gym-lanes-kill,corridor-hold,48,Victory,10,0,10,80,10,185,0,30,-1,,0,5,0,1233598403
gym-lanes-kill,corridor-hold,49,Victory,13,0,13,104,12,90,0,30,-1,,0,14,0,2394780714
gym-lanes-kill,corridor-hold,50,Victory,13,0,13,104,17,200,1,23,20,1:20,0,13,0,3328777905
gym-lanes-kill,corridor-hold,51,Victory,13,0,13,104,16,130,0,23,3,1:3,0,7,0,3813329199
gym-lanes-kill,corridor-hold,52,Victory,12,0,12,96,9,125,0,25,-1,,0,11,0,1249461455
gym-lanes-kill,corridor-hold,53,Victory,16,0,16,128,19,80,0,25,-1,,0,19,0,880967713
gym-lanes-kill,corridor-hold,54,Defeat,6,0,6,48,10,0,4,100,-1,,0,5,2,2890161972
gym-lanes-kill,corridor-hold,55,Victory,15,0,15,120,22,135,0,26,-1,,0,18,0,726640890
gym-lanes-kill,corridor-hold,56,Victory,19,0,19,152,23,200,1,15,20,1:20,0,34,0,2717204026
gym-lanes-kill,corridor-hold,57,Defeat,12,0,12,96,13,0,1,41,-1,,0,15,0,1051893256
gym-lanes-kill,corridor-hold,58,Victory,7,0,7,56,5,125,2,57,-1,,0,5,1,285674228
gym-lanes-kill,corridor-hold,59,Victory,19,0,19,152,21,205,0,21,12,1:12,0,14,0,2600254937
gym-lanes-kill,corridor-hold,60,Victory,11,0,11,88,11,235,1,27,-1,,0,9,0,510415807
gym-lanes-kill,corridor-hold,61,Victory,9,0,9,72,11,135,1,55,-1,,0,6,0,3211816938
gym-lanes-kill,corridor-hold,62,Victory,26,0,26,208,37,100,0,15,20,1:20,0,42,0,1651232194
gym-lanes-kill,corridor-hold,63,Victory,18,0,18,144,22,175,0,33,3,1:3,0,18,0,704060624
gym-lanes-kill,corridor-hold,64,Victory,22,0,22,176,39,30,0,18,3,1:3,0,17,0,907840715
gym-lanes-kill,corridor-hold,65,Victory,13,0,13,104,11,135,2,30,3,1:3,0,23,0,1089574027
gym-lanes-kill,corridor-hold,66,Victory,13,0,13,104,20,125,1,38,-1,,0,20,0,1505925248
gym-lanes-kill,corridor-hold,67,Victory,7,0,7,56,9,250,3,42,11,1:11,0,9,1,2124049010
gym-lanes-kill,corridor-hold,68,Defeat,11,0,11,88,6,0,3,45,20,1:20,0,14,0,2450923051
gym-lanes-kill,corridor-hold,69,Victory,15,0,15,120,14,175,0,26,-1,,0,14,0,874150464
gym-lanes-kill,corridor-hold,70,Victory,13,0,13,104,17,100,0,23,-1,,0,12,0,1947015521
gym-lanes-kill,corridor-hold,71,Victory,24,0,24,192,38,120,0,20,11,1:11,0,23,0,600945864
gym-lanes-kill,corridor-hold,72,Victory,21,0,21,168,28,185,0,23,3,1:3,0,17,0,2546551487
gym-lanes-kill,corridor-hold,73,Victory,14,0,14,112,14,170,0,28,-1,,0,10,0,1381170863
gym-lanes-kill,corridor-hold,74,Victory,11,0,11,88,5,200,2,36,-1,,0,15,0,4038340821
gym-lanes-kill,corridor-hold,75,Defeat,7,0,7,56,14,0,2,57,-1,,0,6,0,152287486
gym-lanes-kill,corridor-hold,76,Victory,9,0,9,72,15,25,1,55,-1,,0,7,0,2930775321
gym-lanes-kill,corridor-hold,77,Victory,14,0,14,112,15,200,0,21,-1,,0,10,0,1981600335
gym-lanes-kill,corridor-hold,78,Victory,21,0,21,168,32,195,0,23,12,1:12,0,16,0,678974881
gym-lanes-kill,corridor-hold,79,Victory,10,0,10,80,11,155,1,50,-1,,0,7,0,1309323104
gym-lanes-kill,corridor-hold,80,Victory,23,0,23,184,35,215,0,17,12,1:12,0,23,0,639421951
gym-lanes-kill,corridor-hold,81,Victory,12,0,12,96,20,150,1,58,-1,,0,11,0,3017429041
gym-lanes-kill,corridor-hold,82,Victory,15,0,15,120,22,185,0,26,12,1:12,0,11,0,1506099335
gym-lanes-kill,corridor-hold,83,Defeat,9,0,9,72,7,0,2,55,-1,,0,8,0,4250707994
gym-lanes-kill,corridor-hold,84,Victory,10,0,10,80,5,150,0,40,-1,,0,8,0,4234953353
gym-lanes-kill,corridor-hold,85,Defeat,15,0,15,120,23,0,2,40,11,1:11,0,27,0,4082930635
gym-lanes-kill,corridor-hold,86,Victory,13,0,13,104,10,150,0,30,3,1:3,0,9,0,3918882185
gym-lanes-kill,corridor-hold,87,Victory,12,0,12,96,9,20,0,41,-1,,0,12,0,850075288
gym-lanes-kill,corridor-hold,88,Defeat,13,0,13,104,17,0,1,30,-1,,0,12,0,2157369197
gym-lanes-kill,corridor-hold,89,Victory,13,0,13,104,16,110,0,23,-1,,0,12,0,4047557464
gym-lanes-kill,corridor-hold,90,Defeat,6,0,6,48,6,0,3,66,-1,,0,6,2,2386160715
gym-lanes-kill,corridor-hold,91,Victory,14,0,14,112,12,200,0,21,-1,,0,12,0,704647497
gym-lanes-kill,corridor-hold,92,Victory,15,0,15,120,18,200,0,20,-1,,0,11,0,1074214235
gym-lanes-kill,corridor-hold,93,Victory,12,0,12,96,12,165,1,41,-1,,0,11,0,2812405147
gym-lanes-kill,corridor-hold,94,Defeat,12,0,12,96,12,0,1,33,-1,,0,19,0,1851588458
gym-lanes-kill,corridor-hold,95,Victory,14,0,14,112,14,165,1,35,-1,,0,18,0,629333147
gym-lanes-kill,corridor-hold,96,Victory,10,0,10,80,9,150,0,30,-1,,0,6,0,1824621486
gym-lanes-kill,corridor-hold,97,Victory,12,0,12,96,16,140,0,25,-1,,0,7,0,4238478119
gym-lanes-kill,corridor-hold,98,Victory,14,0,14,112,18,30,0,28,-1,,0,13,0,1981457661
gym-lanes-kill,corridor-hold,99,Victory,16,0,16,128,21,80,0,37,-1,,0,14,0,3046818932
gym-lanes-kill,corridor-hold,100,Victory,16,0,16,128,12,50,0,31,-1,,0,21,0,3959559473
gym-lanes-kill,corridor-hold,101,Victory,12,0,12,96,18,205,2,33,-1,,0,19,0,556939067
gym-lanes-kill,corridor-hold,102,Victory,13,0,13,104,22,100,0,23,-1,,0,12,0,1947015521
gym-lanes-kill,corridor-hold,103,Victory,13,0,13,104,20,20,0,38,-1,,0,15,0,116859200
gym-lanes-kill,corridor-hold,104,Victory,10,0,10,80,10,25,0,50,-1,,0,6,0,1730830649
gym-lanes-kill,corridor-hold,105,Defeat,9,0,9,72,6,0,1,66,-1,,0,9,0,1132355496
gym-lanes-kill,corridor-hold,106,Defeat,7,0,7,56,4,0,2,100,11,1:11,0,7,0,263349971
gym-lanes-kill,corridor-hold,107,Victory,10,0,10,80,8,105,0,40,-1,,0,5,0,3159028069
gym-lanes-kill,corridor-hold,108,Victory,21,0,21,168,22,220,1,33,20,1:20,0,34,0,2327365177
gym-lanes-kill,corridor-hold,109,Victory,11,0,11,88,16,205,0,27,-1,,0,7,0,1250164884
gym-lanes-kill,corridor-hold,110,Defeat,10,0,10,80,7,0,2,50,-1,,0,10,0,3458558479
gym-lanes-kill,corridor-hold,111,Victory,14,0,14,112,11,5,0,42,-1,,0,15,0,3808231898
gym-lanes-kill,corridor-hold,112,Victory,20,0,20,160,30,170,0,20,12,1:12,0,16,0,3002871898
gym-lanes-kill,corridor-hold,113,Defeat,10,0,10,80,13,0,1,50,-1,,0,9,0,3101341825
gym-lanes-kill,corridor-hold,114,Defeat,10,0,10,80,10,0,2,40,-1,,0,9,0,2645421616
gym-lanes-kill,corridor-hold,115,Victory,10,0,10,80,23,185,2,50,-1,,0,12,0,2584526555
gym-lanes-kill,corridor-hold,116,Victory,11,0,11,88,10,55,0,36,-1,,0,14,0,993234735
gym-lanes-kill,corridor-hold,117,Defeat,11,0,11,88,15,0,2,54,-1,,0,15,0,1023666638
gym-lanes-kill,corridor-hold,118,Defeat,6,0,6,48,4,0,2,66,-1,,0,6,0,514652836
gym-lanes-kill,corridor-hold,119,Victory,12,0,12,96,11,250,2,33,20,1:20,0,18,0,67878918
gym-lanes-kill,corridor-hold,120,Victory,19,0,19,152,22,235,1,26,12,1:12,0,29,0,856083105
gym-lanes-kill,corridor-hold,121,Victory,15,0,15,120,17,95,0,33,20,1:20,0,11,0,3495523580
gym-lanes-kill,corridor-hold,122,Victory,10,0,10,80,7,185,1,40,-1,,0,10,0,610674764
gym-lanes-kill,corridor-hold,123,Victory,10,0,10,80,12,60,1,50,3,1:3,0,11,0,1226676075
gym-lanes-kill,corridor-hold,124,Victory,12,0,12,96,9,60,0,33,-1,,0,11,0,1305032076
gym-lanes-kill,corridor-hold,125,Victory,18,0,18,144,28,175,0,11,3,1:3,0,14,0,2576947322
gym-lanes-kill,corridor-hold,126,Victory,11,0,11,88,13,90,1,45,-1,,0,13,0,1591081768
gym-lanes-kill,corridor-hold,127,Victory,7,0,7,56,14,200,3,42,11,1:11,0,9,1,2684890470
gym-lanes-kill,corridor-hold,128,Defeat,22,0,22,176,29,0,2,27,20,1:20,0,60,0,2722636247
gym-lanes-kill,corridor-hold,129,Defeat,6,0,6,48,12,0,3,83,-1,,0,5,1,1908330844
gym-lanes-kill,corridor-hold,130,Defeat,11,0,11,88,10,0,2,54,-1,,0,13,0,2606870576
gym-lanes-kill,corridor-hold,131,Victory,13,0,13,104,22,100,0,23,-1,,0,12,0,1947015521
gym-lanes-kill,corridor-hold,132,Defeat,6,0,6,48,11,0,3,66,-1,,0,3,1,2735122702
gym-lanes-kill,corridor-hold,133,Defeat,12,0,12,96,14,0,1,50,-1,,0,13,0,2455511079
gym-lanes-kill,corridor-hold,134,Victory,8,0,8,64,9,150,1,25,-1,,0,3,1,2888658506
gym-lanes-kill,corridor-hold,135,Victory,11,0,11,88,10,235,1,36,-1,,0,10,0,2702576041
gym-lanes-kill,corridor-hold,136,Victory,18,0,18,144,25,195,0,27,12,1:12,0,15,0,1423053719
gym-lanes-kill,corridor-hold,137,Victory,13,0,13,104,11,115,0,38,3,1:3,0,8,0,3849449557
gym-lanes-kill,corridor-hold,138,Defeat,5,0,5,40,10,0,3,80,-1,,0,4,2,2374235251
gym-lanes-kill,corridor-hold,139,Victory,13,0,13,104,16,230,1,23,20,1:20,0,13,0,2188787807
gym-lanes-kill,corridor-hold,140,Defeat,12,0,12,96,8,0,2,50,-1,,0,13,0,1870029590
gym-lanes-kill,corridor-hold,141,Defeat,9,0,9,72,14,0,2,55,-1,,0,8,0,1285111537
gym-lanes-kill,corridor-hold,142,Victory,10,0,10,80,8,115,1,50,3,1:3,0,11,0,3864112995
gym-lanes-kill,corridor-hold,143,Defeat,12,0,12,96,19,0,2,41,-1,,0,18,0,3968880521
gym-lanes-kill,corridor-hold,144,Victory,18,0,18,144,29,185,0,16,12,1:12,0,16,0,3153222568
gym-lanes-kill,corridor-hold,145,Victory,26,0,26,208,35,215,0,19,20,1:20,0,26,0,1966577688
gym-lanes-kill,corridor-hold,146,Defeat,11,0,11,88,11,0,1,45,-1,,0,17,0,1923833837
gym-lanes-kill,corridor-hold,147,Victory,12,0,12,96,14,300,2,0,3,1:3,0,20,0,816550819
gym-lanes-kill,corridor-hold,148,Victory,10,0,10,80,10,230,2,50,-1,,0,11,0,980361181
gym-lanes-kill,corridor-hold,149,Victory,13,0,13,104,23,130,0,23,-1,,0,12,0,1313636711
gym-lanes-kill,corridor-hold,150,Victory,11,0,11,88,12,185,0,36,-1,,0,8,0,3485432516
gym-lanes-kill,corridor-hold,151,Victory,11,0,11,88,8,150,1,36,20,1:20,0,10,0,2051915715
gym-lanes-kill,corridor-hold,152,Victory,9,0,9,72,2,150,0,44,-1,,0,4,0,1888276650
gym-lanes-kill,corridor-hold,153,Victory,22,0,22,176,38,160,1,45,12,1:12,0,48,0,2633938739
gym-lanes-kill,corridor-hold,154,Defeat,12,0,12,96,20,0,1,41,-1,,0,13,0,2631172167
gym-lanes-kill,corridor-hold,155,Victory,12,0,12,96,15,25,0,41,-1,,0,13,0,1718187618
gym-lanes-kill,corridor-hold,156,Victory,16,0,16,128,21,145,1,37,20,1:20,0,28,0,2522993991
gym-lanes-kill,corridor-hold,157,Victory,11,0,11,88,13,140,1,45,-1,,0,12,0,3844944860
gym-lanes-kill,corridor-hold,158,Defeat,12,0,12,96,17,0,1,33,-1,,0,18,0,1142965359
gym-lanes-kill,corridor-hold,159,Defeat,17,0,17,136,20,0,2,47,20,1:20,0,19,0,942149526
gym-lanes-kill,corridor-hold,160,Defeat,7,0,7,56,9,0,1,57,-1,,0,5,1,1060170065
gym-lanes-kill,corridor-hold,161,Victory,7,0,7,56,12,200,3,42,11,1:11,0,9,1,2776397136
gym-lanes-kill,corridor-hold,162,Victory,13,0,13,104,17,80,0,23,-1,,0,13,0,1787695907
gym-lanes-kill,corridor-hold,163,Victory,24,0,24,192,30,155,0,12,12,1:12,0,20,0,454550858
gym-lanes-kill,corridor-hold,164,Victory,12,0,12,96,12,25,0,33,-1,,0,16,0,3892195168
gym-lanes-kill,corridor-hold,165,Victory,12,0,12,96,13,130,0,25,3,1:3,0,8,0,1229437858
gym-lanes-kill,corridor-hold,166,Victory,22,0,22,176,38,220,0,27,12,1:12,0,19,0,684883714
gym-lanes-kill,corridor-hold,167,Victory,19,0,19,152,27,160,0,15,12,1:12,0,15,0,4015674597
gym-lanes-kill,corridor-hold,168,Defeat,13,0,13,104,18,0,1,38,-1,,0,12,0,712977402
gym-lanes-kill,corridor-hold,169,Defeat,15,0,15,120,35,0,1,40,-1,,0,18,0,1942184977
gym-lanes-kill,corridor-hold,170,Victory,14,0,14,112,17,160,0,21,-1,,0,14,0,3571203771
gym-lanes-kill,corridor-hold,171,Victory,15,0,15,120,15,165,1,33,-1,,0,19,0,654473024
gym-lanes-kill,corridor-hold,172,Victory,12,0,12,96,7,285,0,16,3,1:3,0,8,0,599888874
gym-lanes-kill,corridor-hold,173,Defeat,12,0,12,96,16,0,1,33,-1,,0,19,0,2903856189
gym-lanes-kill,corridor-hold,174,Victory,20,0,20,160,19,80,0,15,20,1:20,0,19,0,727469771
gym-lanes-kill,corridor-hold,175,Defeat,11,0,11,88,10,0,1,45,-1,,0,13,0,2580489249
gym-lanes-kill,corridor-hold,176,Defeat,5,0,5,40,5,0,4,80,-1,,0,4,2,997105718
gym-lanes-kill,corridor-hold,177,Victory,11,0,11,88,8,225,0,18,-1,,0,12,0,1468446843
gym-lanes-kill,corridor-hold,178,Victory,12,0,12,96,9,25,0,33,-1,,0,15,0,1999082644
gym-lanes-kill,corridor-hold,179,Victory,13,0,13,104,14,180,0,23,-1,,0,8,0,93190540
gym-lanes-kill,corridor-hold,180,Victory,12,0,12,96,24,140,0,33,-1,,0,8,0,1481250549
gym-lanes-kill,corridor-hold,181,Victory,18,0,18,144,28,190,0,16,-1,,0,14,0,1981841471
gym-lanes-kill,corridor-hold,182,Defeat,11,0,11,88,28,0,2,45,-1,,0,11,0,3639761411
gym-lanes-kill,corridor-hold,183,Victory,12,0,12,96,8,10,0,58,-1,,0,16,0,4013150406
gym-lanes-kill,corridor-hold,184,Defeat,12,0,12,96,6,0,1,66,-1,,0,13,0,1061993829
gym-lanes-kill,corridor-hold,185,Defeat,6,0,6,48,12,0,2,66,-1,,0,5,1,4274529531
gym-lanes-kill,corridor-hold,186,Victory,12,0,12,96,6,205,0,33,3,1:3,0,6,0,3738820850
gym-lanes-kill,corridor-hold,187,Defeat,13,0,13,104,21,0,1,38,-1,,0,13,0,4170057458
gym-lanes-kill,corridor-hold,188,Defeat,12,0,12,96,7,0,2,33,20,1:20,0,15,0,306578297
gym-lanes-kill,corridor-hold,189,Victory,13,0,13,104,14,25,1,53,-1,,0,19,0,3381045843
gym-lanes-kill,corridor-hold,190,Defeat,5,0,5,40,12,0,4,80,-1,,0,4,2,1729435049
gym-lanes-kill,corridor-hold,191,Victory,16,0,16,128,28,200,0,31,3,1:3,0,12,0,2797827741
gym-lanes-kill,corridor-hold,192,Victory,21,0,21,168,24,160,0,28,12,1:12,0,22,0,1436477712
gym-lanes-kill,corridor-hold,193,Victory,12,0,12,96,13,125,0,25,-1,,0,10,0,4280822232
gym-lanes-kill,corridor-hold,194,Defeat,13,0,13,104,16,0,2,46,-1,,0,15,0,257088529
gym-lanes-kill,corridor-hold,195,Victory,13,0,13,104,13,140,0,38,-1,,0,9,0,2238263137
gym-lanes-kill,corridor-hold,196,Victory,11,0,11,88,16,155,0,27,-1,,0,6,0,2903799072
gym-lanes-kill,corridor-hold,197,Victory,19,0,19,152,32,210,0,10,12,1:12,0,14,0,3724909627
gym-lanes-kill,corridor-hold,198,Defeat,11,0,11,88,8,0,1,45,-1,,0,12,0,4265662597
gym-lanes-kill,corridor-hold,199,Victory,11,0,11,88,5,175,0,27,-1,,0,6,0,1303368793
gym-lanes-kill,corridor-hold,200,Victory,12,0,12,96,20,195,1,41,-1,,0,13,0,2282006341
gym-lanes-kill,tpa-order,1,Victory,12,0,12,96,12,205,1,33,3,1:3,0,14,0,3444498313
gym-lanes-kill,tpa-order,2,Victory,23,0,23,184,24,135,0,26,20,1:20,0,34,0,966225825
gym-lanes-kill,tpa-order,3,Victory,11,0,11,88,7,75,0,36,-1,,0,13,0,3828774048
gym-lanes-kill,tpa-order,4,Victory,10,0,10,80,7,135,0,40,-1,,0,7,0,1814377223
gym-lanes-kill,tpa-order,5,Victory,20,0,20,160,34,215,0,20,12,1:12,0,23,0,2956867884
gym-lanes-kill,tpa-order,6,Victory,16,0,16,128,23,105,0,25,-1,,0,18,0,3683967604
gym-lanes-kill,tpa-order,7,Defeat,10,0,10,80,13,0,2,50,-1,,0,10,1,1981132540
gym-lanes-kill,tpa-order,8,Defeat,12,0,12,96,9,0,1,58,-1,,0,11,0,560330769
gym-lanes-kill,tpa-order,9,Victory,10,0,10,80,6,5,1,50,-1,,0,11,0,3951434366
gym-lanes-kill,tpa-order,10,Victory,24,0,24,192,28,185,0,20,12,1:12,0,18,0,1810091577
gym-lanes-kill,tpa-order,11,Victory,10,0,10,80,12,150,1,30,-1,,0,7,0,3965027291
gym-lanes-kill,tpa-order,12,Victory,13,0,13,104,15,230,0,23,-1,,0,8,0,1820262682
gym-lanes-kill,tpa-order,13,Defeat,10,0,10,80,14,0,2,40,-1,,0,10,0,1337744429
gym-lanes-kill,tpa-order,14,Victory,17,0,17,136,27,160,0,35,-1,,0,26,0,1728332786
gym-lanes-kill,tpa-order,15,Defeat,8,0,8,64,14,0,2,50,-1,,0,6,1,1874113097
gym-lanes-kill,tpa-order,16,Victory,13,0,13,104,17,80,0,23,-1,,0,12,0,720223319
gym-lanes-kill,tpa-order,17,Victory,16,0,16,128,27,140,0,18,-1,,0,12,0,3790666188
gym-lanes-kill,tpa-order,18,Victory,11,0,11,88,9,125,2,54,-1,,0,12,0,1648241131
gym-lanes-kill,tpa-order,19,Defeat,13,0,13,104,15,0,1,53,-1,,0,15,0,2041758040
gym-lanes-kill,tpa-order,20,Victory,12,0,12,96,16,155,0,25,-1,,0,9,0,1284026078
gym-lanes-kill,tpa-order,21,Victory,12,0,12,96,13,5,0,41,-1,,0,9,0,2502601648
gym-lanes-kill,tpa-order,22,Defeat,6,0,6,48,8,0,3,83,-1,,0,6,1,165957901
gym-lanes-kill,tpa-order,23,Victory,16,0,16,128,24,165,1,31,-1,,0,22,0,2714886047
gym-lanes-kill,tpa-order,24,Victory,9,0,9,72,7,230,1,33,-1,,0,5,0,251743065
gym-lanes-kill,tpa-order,25,Victory,19,0,19,152,25,160,0,26,3,1:3,0,18,0,3017237143
gym-lanes-kill,tpa-order,26,Victory,13,0,13,104,14,150,1,38,-1,,0,14,0,1170826695
gym-lanes-kill,tpa-order,27,Victory,8,0,8,64,2,155,1,62,-1,,0,4,0,2021246856
gym-lanes-kill,tpa-order,28,Defeat,6,0,6,48,3,0,2,83,11,1:11,0,2,0,2018524171
gym-lanes-kill,tpa-order,29,Victory,13,0,13,104,18,130,0,23,-1,,0,11,0,1343296321
gym-lanes-kill,tpa-order,30,Victory,8,0,8,64,15,230,2,25,-1,,0,7,1,3138879005
gym-lanes-kill,tpa-order,31,Defeat,14,0,14,112,16,0,1,42,-1,,0,13,0,2245853245
gym-lanes-kill,tpa-order,32,Defeat,12,0,12,96,12,0,3,66,-1,,0,18,1,4165368967
gym-lanes-kill,tpa-order,33,Victory,6,0,6,48,8,275,3,66,11,1:11,0,6,1,566251826
gym-lanes-kill,tpa-order,34,Victory,6,0,6,48,8,250,3,66,11,1:11,0,6,1,1553497951
gym-lanes-kill,tpa-order,35,Victory,13,0,13,104,17,110,1,38,-1,,0,15,0,88909709
gym-lanes-kill,tpa-order,36,Defeat,7,0,7,56,9,0,2,57,-1,,0,5,1,3605243021
gym-lanes-kill,tpa-order,37,Victory,13,0,13,104,14,235,0,23,-1,,0,12,0,3622312956
gym-lanes-kill,tpa-order,38,Victory,15,0,15,120,21,170,1,40,-1,,0,18,0,1852428469
gym-lanes-kill,tpa-order,39,Victory,15,0,15,120,15,10,0,26,-1,,0,23,0,1983030754
gym-lanes-kill,tpa-order,40,Victory,12,0,12,96,21,210,1,16,-1,,0,11,0,3668039044
gym-lanes-kill,tpa-order,41,Defeat,8,0,8,64,10,0,2,62,-1,,0,6,0,3088982635
gym-lanes-kill,tpa-order,42,Victory,16,0,16,128,19,160,0,37,-1,,0,20,0,396439741
gym-lanes-kill,tpa-order,43,Victory,11,0,11,88,9,155,0,27,-1,,0,10,0,915611621
gym-lanes-kill,tpa-order,44,Victory,13,0,13,104,12,60,0,30,-1,,0,14,0,1546399005
gym-lanes-kill,tpa-order,45,Victory,14,0,14,112,15,25,0,28,-1,,0,20,0,714113701
gym-lanes-kill,tpa-order,46,Victory,25,0,25,200,32,190,0,12,11,1:11,0,21,0,3621891635
gym-lanes-kill,tpa-order,47,Victory,24,0,24,192,43,160,0,12,12,1:12,0,19,0,2680660059
gym-lanes-kill,tpa-order,48,Victory,10,0,10,80,10,185,0,30,-1,,0,5,0,1233598403
gym-lanes-kill,tpa-order,49,Victory,13,0,13,104,12,90,0,30,-1,,0,14,0,2394780714
gym-lanes-kill,tpa-order,50,Victory,13,0,13,104,17,200,1,23,20,1:20,0,13,0,3328777905
gym-lanes-kill,tpa-order,51,Victory,13,0,13,104,16,130,0,23,3,1:3,0,7,0,3813329199
gym-lanes-kill,tpa-order,52,Victory,12,0,12,96,9,125,0,25,-1,,0,11,0,1249461455
gym-lanes-kill,tpa-order,53,Victory,16,0,16,128,19,80,0,25,-1,,0,19,0,880967713
gym-lanes-kill,tpa-order,54,Defeat,6,0,6,48,10,0,4,100,-1,,0,5,2,2890161972
gym-lanes-kill,tpa-order,55,Victory,15,0,15,120,22,135,0,26,-1,,0,18,0,726640890
gym-lanes-kill,tpa-order,56,Victory,19,0,19,152,23,200,1,15,20,1:20,0,34,0,2717204026
gym-lanes-kill,tpa-order,57,Defeat,12,0,12,96,13,0,1,41,-1,,0,15,0,1051893256
gym-lanes-kill,tpa-order,58,Victory,7,0,7,56,5,125,2,57,-1,,0,5,1,285674228
gym-lanes-kill,tpa-order,59,Victory,19,0,19,152,21,205,0,21,12,1:12,0,14,0,2600254937
gym-lanes-kill,tpa-order,60,Victory,11,0,11,88,11,235,1,27,-1,,0,9,0,510415807
gym-lanes-kill,tpa-order,61,Victory,9,0,9,72,11,135,1,55,-1,,0,6,0,3211816938
gym-lanes-kill,tpa-order,62,Victory,26,0,26,208,37,100,0,15,20,1:20,0,42,0,1651232194
gym-lanes-kill,tpa-order,63,Victory,18,0,18,144,22,175,0,33,3,1:3,0,18,0,704060624
gym-lanes-kill,tpa-order,64,Victory,22,0,22,176,39,30,0,18,3,1:3,0,17,0,907840715
gym-lanes-kill,tpa-order,65,Victory,13,0,13,104,11,135,2,30,3,1:3,0,23,0,1089574027
gym-lanes-kill,tpa-order,66,Victory,13,0,13,104,20,125,1,38,-1,,0,20,0,1505925248
gym-lanes-kill,tpa-order,67,Victory,7,0,7,56,9,250,3,42,11,1:11,0,9,1,2124049010
gym-lanes-kill,tpa-order,68,Defeat,11,0,11,88,6,0,3,45,20,1:20,0,14,0,2450923051
gym-lanes-kill,tpa-order,69,Victory,15,0,15,120,14,175,0,26,-1,,0,14,0,874150464
gym-lanes-kill,tpa-order,70,Victory,13,0,13,104,17,100,0,23,-1,,0,12,0,1947015521
gym-lanes-kill,tpa-order,71,Victory,24,0,24,192,38,120,0,20,11,1:11,0,23,0,600945864
gym-lanes-kill,tpa-order,72,Victory,21,0,21,168,28,185,0,23,3,1:3,0,17,0,2546551487
gym-lanes-kill,tpa-order,73,Victory,14,0,14,112,14,170,0,28,-1,,0,10,0,1381170863
gym-lanes-kill,tpa-order,74,Victory,11,0,11,88,5,200,2,36,-1,,0,15,0,4038340821
gym-lanes-kill,tpa-order,75,Defeat,7,0,7,56,14,0,2,57,-1,,0,6,0,152287486
gym-lanes-kill,tpa-order,76,Victory,9,0,9,72,15,25,1,55,-1,,0,7,0,2930775321
gym-lanes-kill,tpa-order,77,Victory,14,0,14,112,15,200,0,21,-1,,0,10,0,1981600335
gym-lanes-kill,tpa-order,78,Victory,21,0,21,168,32,195,0,23,12,1:12,0,16,0,678974881
gym-lanes-kill,tpa-order,79,Victory,10,0,10,80,11,155,1,50,-1,,0,7,0,1309323104
gym-lanes-kill,tpa-order,80,Victory,23,0,23,184,35,215,0,17,12,1:12,0,23,0,639421951
gym-lanes-kill,tpa-order,81,Victory,12,0,12,96,20,150,1,58,-1,,0,11,0,3017429041
gym-lanes-kill,tpa-order,82,Victory,15,0,15,120,22,185,0,26,12,1:12,0,11,0,1506099335
gym-lanes-kill,tpa-order,83,Defeat,9,0,9,72,7,0,2,55,-1,,0,8,0,4250707994
gym-lanes-kill,tpa-order,84,Victory,10,0,10,80,5,150,0,40,-1,,0,8,0,4234953353
gym-lanes-kill,tpa-order,85,Defeat,15,0,15,120,23,0,2,40,11,1:11,0,27,0,4082930635
gym-lanes-kill,tpa-order,86,Victory,13,0,13,104,10,150,0,30,3,1:3,0,9,0,3918882185
gym-lanes-kill,tpa-order,87,Victory,12,0,12,96,9,20,0,41,-1,,0,11,0,302546218
gym-lanes-kill,tpa-order,88,Defeat,13,0,13,104,17,0,1,30,-1,,0,12,0,2157369197
gym-lanes-kill,tpa-order,89,Victory,13,0,13,104,16,110,0,23,-1,,0,12,0,4047557464
gym-lanes-kill,tpa-order,90,Defeat,6,0,6,48,6,0,3,66,-1,,0,6,2,2386160715
gym-lanes-kill,tpa-order,91,Victory,14,0,14,112,12,200,0,21,-1,,0,12,0,704647497
gym-lanes-kill,tpa-order,92,Victory,15,0,15,120,18,200,0,20,-1,,0,11,0,1074214235
gym-lanes-kill,tpa-order,93,Victory,12,0,12,96,12,165,1,41,-1,,0,11,0,2812405147
gym-lanes-kill,tpa-order,94,Defeat,12,0,12,96,12,0,1,33,-1,,0,19,0,1851588458
gym-lanes-kill,tpa-order,95,Victory,14,0,14,112,14,165,1,35,-1,,0,18,0,629333147
gym-lanes-kill,tpa-order,96,Victory,10,0,10,80,9,150,0,30,-1,,0,6,0,1824621486
gym-lanes-kill,tpa-order,97,Victory,12,0,12,96,16,140,0,25,-1,,0,7,0,4238478119
gym-lanes-kill,tpa-order,98,Victory,14,0,14,112,18,30,0,28,-1,,0,13,0,1981457661
gym-lanes-kill,tpa-order,99,Victory,16,0,16,128,21,80,0,37,-1,,0,14,0,3046818932
gym-lanes-kill,tpa-order,100,Victory,16,0,16,128,12,50,0,31,-1,,0,21,0,3959559473
gym-lanes-kill,tpa-order,101,Victory,12,0,12,96,18,205,2,33,-1,,0,19,0,556939067
gym-lanes-kill,tpa-order,102,Victory,13,0,13,104,22,100,0,23,-1,,0,12,0,1947015521
gym-lanes-kill,tpa-order,103,Victory,13,0,13,104,20,20,0,38,-1,,0,15,0,116859200
gym-lanes-kill,tpa-order,104,Victory,10,0,10,80,10,25,0,50,-1,,0,6,0,1730830649
gym-lanes-kill,tpa-order,105,Defeat,9,0,9,72,6,0,1,66,-1,,0,9,0,1132355496
gym-lanes-kill,tpa-order,106,Defeat,7,0,7,56,4,0,2,100,11,1:11,0,7,0,263349971
gym-lanes-kill,tpa-order,107,Victory,10,0,10,80,8,105,0,40,-1,,0,5,0,3159028069
gym-lanes-kill,tpa-order,108,Victory,21,0,21,168,22,220,1,33,20,1:20,0,34,0,2327365177
gym-lanes-kill,tpa-order,109,Victory,11,0,11,88,16,205,0,27,-1,,0,7,0,1250164884
gym-lanes-kill,tpa-order,110,Defeat,10,0,10,80,7,0,2,50,-1,,0,10,0,3458558479
gym-lanes-kill,tpa-order,111,Victory,14,0,14,112,11,5,0,42,-1,,0,15,0,3808231898
gym-lanes-kill,tpa-order,112,Victory,20,0,20,160,30,170,0,20,12,1:12,0,16,0,3002871898
gym-lanes-kill,tpa-order,113,Defeat,10,0,10,80,13,0,1,50,-1,,0,9,0,3101341825
gym-lanes-kill,tpa-order,114,Defeat,10,0,10,80,10,0,2,40,-1,,0,9,0,2645421616
gym-lanes-kill,tpa-order,115,Victory,10,0,10,80,23,185,2,50,-1,,0,12,0,2584526555
gym-lanes-kill,tpa-order,116,Victory,11,0,11,88,10,55,0,36,-1,,0,14,0,993234735
gym-lanes-kill,tpa-order,117,Defeat,11,0,11,88,15,0,2,54,-1,,0,15,0,1023666638
gym-lanes-kill,tpa-order,118,Defeat,6,0,6,48,4,0,2,66,-1,,0,6,0,514652836
gym-lanes-kill,tpa-order,119,Victory,12,0,12,96,11,250,2,33,20,1:20,0,18,0,67878918
gym-lanes-kill,tpa-order,120,Victory,19,0,19,152,22,235,1,26,12,1:12,0,29,0,856083105
gym-lanes-kill,tpa-order,121,Victory,15,0,15,120,17,95,0,33,20,1:20,0,11,0,3495523580
gym-lanes-kill,tpa-order,122,Victory,10,0,10,80,7,185,1,40,-1,,0,10,0,610674764
gym-lanes-kill,tpa-order,123,Victory,10,0,10,80,12,60,1,50,3,1:3,0,11,0,1226676075
gym-lanes-kill,tpa-order,124,Victory,12,0,12,96,9,60,0,33,-1,,0,11,0,1305032076
gym-lanes-kill,tpa-order,125,Victory,18,0,18,144,28,175,0,11,3,1:3,0,14,0,2576947322
gym-lanes-kill,tpa-order,126,Victory,11,0,11,88,13,90,1,45,-1,,0,13,0,1591081768
gym-lanes-kill,tpa-order,127,Victory,7,0,7,56,14,200,3,42,11,1:11,0,9,1,2684890470
gym-lanes-kill,tpa-order,128,Defeat,22,0,22,176,29,0,2,27,20,1:20,0,60,0,2722636247
gym-lanes-kill,tpa-order,129,Defeat,6,0,6,48,12,0,3,83,-1,,0,5,1,1908330844
gym-lanes-kill,tpa-order,130,Defeat,11,0,11,88,10,0,2,54,-1,,0,13,0,2606870576
gym-lanes-kill,tpa-order,131,Victory,13,0,13,104,22,100,0,23,-1,,0,12,0,1947015521
gym-lanes-kill,tpa-order,132,Defeat,6,0,6,48,11,0,3,66,-1,,0,3,1,2735122702
gym-lanes-kill,tpa-order,133,Defeat,12,0,12,96,14,0,1,50,-1,,0,13,0,2455511079
gym-lanes-kill,tpa-order,134,Victory,8,0,8,64,9,150,1,25,-1,,0,3,1,2888658506
gym-lanes-kill,tpa-order,135,Victory,11,0,11,88,10,235,1,36,-1,,0,10,0,2702576041
gym-lanes-kill,tpa-order,136,Victory,18,0,18,144,25,195,0,27,12,1:12,0,15,0,1423053719
gym-lanes-kill,tpa-order,137,Victory,13,0,13,104,11,115,0,38,3,1:3,0,8,0,3849449557
gym-lanes-kill,tpa-order,138,Defeat,5,0,5,40,10,0,3,80,-1,,0,4,2,2374235251
gym-lanes-kill,tpa-order,139,Victory,13,0,13,104,16,230,1,23,20,1:20,0,13,0,2188787807
gym-lanes-kill,tpa-order,140,Defeat,12,0,12,96,8,0,2,50,-1,,0,13,0,1870029590
gym-lanes-kill,tpa-order,141,Defeat,9,0,9,72,14,0,2,55,-1,,0,8,0,1285111537
gym-lanes-kill,tpa-order,142,Victory,10,0,10,80,8,115,1,50,3,1:3,0,11,0,3864112995
gym-lanes-kill,tpa-order,143,Defeat,12,0,12,96,19,0,2,41,-1,,0,18,0,3968880521
gym-lanes-kill,tpa-order,144,Victory,18,0,18,144,29,185,0,16,12,1:12,0,16,0,3153222568
gym-lanes-kill,tpa-order,145,Victory,26,0,26,208,35,215,0,19,20,1:20,0,26,0,1966577688
gym-lanes-kill,tpa-order,146,Defeat,11,0,11,88,11,0,1,45,-1,,0,17,0,1923833837
gym-lanes-kill,tpa-order,147,Victory,12,0,12,96,14,300,2,0,3,1:3,0,20,0,816550819
gym-lanes-kill,tpa-order,148,Victory,10,0,10,80,10,230,2,50,-1,,0,11,0,980361181
gym-lanes-kill,tpa-order,149,Victory,13,0,13,104,23,130,0,23,-1,,0,12,0,1313636711
gym-lanes-kill,tpa-order,150,Victory,11,0,11,88,12,185,0,36,-1,,0,8,0,3485432516
gym-lanes-kill,tpa-order,151,Victory,11,0,11,88,8,150,1,36,20,1:20,0,10,0,2051915715
gym-lanes-kill,tpa-order,152,Victory,9,0,9,72,2,150,0,44,-1,,0,4,0,1888276650
gym-lanes-kill,tpa-order,153,Victory,22,0,22,176,38,160,1,45,12,1:12,0,48,0,2633938739
gym-lanes-kill,tpa-order,154,Defeat,12,0,12,96,20,0,1,41,-1,,0,13,0,2631172167
gym-lanes-kill,tpa-order,155,Victory,12,0,12,96,15,25,0,41,-1,,0,13,0,1718187618
gym-lanes-kill,tpa-order,156,Victory,16,0,16,128,21,145,1,37,20,1:20,0,28,0,2522993991
gym-lanes-kill,tpa-order,157,Victory,11,0,11,88,13,140,1,45,-1,,0,12,0,3161009758
gym-lanes-kill,tpa-order,158,Defeat,12,0,12,96,17,0,1,33,-1,,0,18,0,1142965359
gym-lanes-kill,tpa-order,159,Defeat,17,0,17,136,20,0,2,47,20,1:20,0,19,0,942149526
gym-lanes-kill,tpa-order,160,Defeat,7,0,7,56,9,0,1,57,-1,,0,5,1,1060170065
gym-lanes-kill,tpa-order,161,Victory,7,0,7,56,12,200,3,42,11,1:11,0,9,1,2776397136
gym-lanes-kill,tpa-order,162,Victory,13,0,13,104,17,80,0,23,-1,,0,13,0,1787695907
gym-lanes-kill,tpa-order,163,Victory,24,0,24,192,30,155,0,12,12,1:12,0,20,0,454550858
gym-lanes-kill,tpa-order,164,Victory,12,0,12,96,12,25,0,33,-1,,0,16,0,3892195168
gym-lanes-kill,tpa-order,165,Victory,12,0,12,96,13,130,0,25,3,1:3,0,8,0,1229437858
gym-lanes-kill,tpa-order,166,Victory,22,0,22,176,38,220,0,27,12,1:12,0,19,0,684883714
gym-lanes-kill,tpa-order,167,Victory,19,0,19,152,27,160,0,15,12,1:12,0,15,0,4015674597
gym-lanes-kill,tpa-order,168,Defeat,13,0,13,104,18,0,1,38,-1,,0,12,0,712977402
gym-lanes-kill,tpa-order,169,Defeat,15,0,15,120,35,0,1,40,-1,,0,18,0,1942184977
gym-lanes-kill,tpa-order,170,Victory,14,0,14,112,17,160,0,21,-1,,0,14,0,3571203771
gym-lanes-kill,tpa-order,171,Victory,15,0,15,120,15,165,1,33,-1,,0,19,0,654473024
gym-lanes-kill,tpa-order,172,Victory,12,0,12,96,7,285,0,16,3,1:3,0,8,0,599888874
gym-lanes-kill,tpa-order,173,Defeat,12,0,12,96,16,0,1,33,-1,,0,19,0,2903856189
gym-lanes-kill,tpa-order,174,Victory,20,0,20,160,19,80,0,15,20,1:20,0,19,0,727469771
gym-lanes-kill,tpa-order,175,Defeat,11,0,11,88,10,0,1,45,-1,,0,13,0,2580489249
gym-lanes-kill,tpa-order,176,Defeat,5,0,5,40,5,0,4,80,-1,,0,4,2,997105718
gym-lanes-kill,tpa-order,177,Victory,11,0,11,88,8,225,0,18,-1,,0,12,0,1468446843
gym-lanes-kill,tpa-order,178,Victory,12,0,12,96,9,25,0,33,-1,,0,15,0,1999082644
gym-lanes-kill,tpa-order,179,Victory,13,0,13,104,14,180,0,23,-1,,0,8,0,93190540
gym-lanes-kill,tpa-order,180,Victory,12,0,12,96,24,140,0,33,-1,,0,8,0,1481250549
gym-lanes-kill,tpa-order,181,Victory,18,0,18,144,28,190,0,16,-1,,0,14,0,1981841471
gym-lanes-kill,tpa-order,182,Defeat,11,0,11,88,28,0,2,45,-1,,0,11,0,3639761411
gym-lanes-kill,tpa-order,183,Victory,11,0,11,88,8,160,1,54,-1,,0,14,0,2675205193
gym-lanes-kill,tpa-order,184,Defeat,12,0,12,96,6,0,1,66,-1,,0,13,0,1061993829
gym-lanes-kill,tpa-order,185,Defeat,6,0,6,48,12,0,2,66,-1,,0,5,1,4274529531
gym-lanes-kill,tpa-order,186,Victory,12,0,12,96,6,205,0,33,3,1:3,0,6,0,3738820850
gym-lanes-kill,tpa-order,187,Defeat,13,0,13,104,21,0,1,38,-1,,0,13,0,4170057458
gym-lanes-kill,tpa-order,188,Defeat,12,0,12,96,7,0,2,33,20,1:20,0,15,0,306578297
gym-lanes-kill,tpa-order,189,Victory,13,0,13,104,14,25,1,53,-1,,0,19,0,3381045843
gym-lanes-kill,tpa-order,190,Defeat,5,0,5,40,12,0,4,80,-1,,0,4,2,1729435049
gym-lanes-kill,tpa-order,191,Victory,16,0,16,128,28,200,0,31,3,1:3,0,12,0,2797827741
gym-lanes-kill,tpa-order,192,Victory,18,0,18,144,27,155,0,33,-1,,0,19,0,1386350682
gym-lanes-kill,tpa-order,193,Victory,12,0,12,96,13,125,0,25,-1,,0,10,0,4280822232
gym-lanes-kill,tpa-order,194,Defeat,13,0,13,104,16,0,2,46,-1,,0,15,0,257088529
gym-lanes-kill,tpa-order,195,Victory,13,0,13,104,13,140,0,38,-1,,0,9,0,2238263137
gym-lanes-kill,tpa-order,196,Victory,11,0,11,88,16,155,0,27,-1,,0,6,0,2903799072
gym-lanes-kill,tpa-order,197,Victory,19,0,19,152,32,210,0,10,12,1:12,0,14,0,3724909627
gym-lanes-kill,tpa-order,198,Defeat,11,0,11,88,8,0,1,45,-1,,0,12,0,4265662597
gym-lanes-kill,tpa-order,199,Victory,11,0,11,88,5,175,0,27,-1,,0,6,0,1303368793
gym-lanes-kill,tpa-order,200,Victory,12,0,12,96,20,195,1,41,-1,,0,13,0,2282006341
gym-lanes-kill,control-hold,1,Victory,12,0,12,96,12,205,1,33,3,1:3,0,14,0,3444498313
gym-lanes-kill,control-hold,2,Victory,23,0,23,184,24,135,0,26,20,1:20,0,34,0,966225825
gym-lanes-kill,control-hold,3,Victory,11,0,11,88,7,75,0,36,-1,,0,13,0,3828774048
gym-lanes-kill,control-hold,4,Victory,10,0,10,80,7,135,0,40,-1,,0,7,0,1814377223
gym-lanes-kill,control-hold,5,Victory,20,0,20,160,34,215,0,20,12,1:12,0,23,0,2956867884
gym-lanes-kill,control-hold,6,Victory,16,0,16,128,23,105,0,25,-1,,0,18,0,3683967604
gym-lanes-kill,control-hold,7,Defeat,10,0,10,80,13,0,2,50,-1,,0,10,1,1981132540
gym-lanes-kill,control-hold,8,Defeat,12,0,12,96,9,0,1,58,-1,,0,11,0,560330769
gym-lanes-kill,control-hold,9,Defeat,10,0,10,80,6,0,1,50,-1,,0,11,0,46623617
gym-lanes-kill,control-hold,10,Victory,24,0,24,192,28,185,0,20,12,1:12,0,18,0,1810091577
gym-lanes-kill,control-hold,11,Victory,10,0,10,80,12,150,1,30,-1,,0,7,0,3965027291
gym-lanes-kill,control-hold,12,Victory,13,0,13,104,15,230,0,23,-1,,0,8,0,1820262682
gym-lanes-kill,control-hold,13,Defeat,10,0,10,80,14,0,2,50,-1,,0,10,0,786507221
gym-lanes-kill,control-hold,14,Victory,17,0,17,136,27,160,0,35,-1,,0,26,0,1728332786
gym-lanes-kill,control-hold,15,Defeat,8,0,8,64,14,0,2,50,-1,,0,6,1,1874113097
gym-lanes-kill,control-hold,16,Victory,13,0,13,104,17,80,0,23,-1,,0,12,0,720223319
gym-lanes-kill,control-hold,17,Victory,16,0,16,128,27,140,0,18,-1,,0,12,0,3790666188
gym-lanes-kill,control-hold,18,Victory,11,0,11,88,9,125,2,54,-1,,0,12,0,1648241131
gym-lanes-kill,control-hold,19,Defeat,13,0,13,104,15,0,1,53,-1,,0,15,0,2041758040
gym-lanes-kill,control-hold,20,Victory,12,0,12,96,16,155,0,25,-1,,0,9,0,1284026078
gym-lanes-kill,control-hold,21,Victory,12,0,12,96,13,5,0,41,-1,,0,9,0,2502601648
gym-lanes-kill,control-hold,22,Defeat,6,0,6,48,8,0,3,83,-1,,0,6,1,165957901
gym-lanes-kill,control-hold,23,Victory,16,0,16,128,24,165,1,31,-1,,0,22,0,2714886047
gym-lanes-kill,control-hold,24,Victory,9,0,9,72,7,230,1,33,-1,,0,5,0,251743065
gym-lanes-kill,control-hold,25,Victory,19,0,19,152,25,160,0,26,3,1:3,0,18,0,3017237143
gym-lanes-kill,control-hold,26,Victory,13,0,13,104,14,150,1,38,-1,,0,14,0,1170826695
gym-lanes-kill,control-hold,27,Victory,8,0,8,64,2,155,1,62,-1,,0,4,0,2021246856
gym-lanes-kill,control-hold,28,Victory,7,0,7,56,3,75,1,85,-1,,0,4,0,462513317
gym-lanes-kill,control-hold,29,Victory,13,0,13,104,18,130,0,23,-1,,0,11,0,1343296321
gym-lanes-kill,control-hold,30,Victory,8,0,8,64,15,230,2,25,-1,,0,7,1,3138879005
gym-lanes-kill,control-hold,31,Defeat,14,0,14,112,16,0,1,42,-1,,0,13,0,2245853245
gym-lanes-kill,control-hold,32,Defeat,12,0,12,96,12,0,3,66,-1,,0,18,1,4165368967
gym-lanes-kill,control-hold,33,Victory,6,0,6,48,8,275,3,66,11,1:11,0,6,1,566251826
gym-lanes-kill,control-hold,34,Victory,6,0,6,48,8,250,3,66,11,1:11,0,6,1,1553497951
gym-lanes-kill,control-hold,35,Victory,13,0,13,104,17,110,1,38,-1,,0,15,0,88909709
gym-lanes-kill,control-hold,36,Defeat,7,0,7,56,9,0,2,57,-1,,0,5,1,3605243021
gym-lanes-kill,control-hold,37,Victory,13,0,13,104,14,235,0,23,-1,,0,12,0,3622312956
gym-lanes-kill,control-hold,38,Victory,15,0,15,120,21,170,1,40,-1,,0,18,0,1852428469
gym-lanes-kill,control-hold,39,Victory,14,0,14,112,15,80,1,28,-1,,0,22,0,1761965733
gym-lanes-kill,control-hold,40,Victory,12,0,12,96,21,210,1,16,-1,,0,11,0,3668039044
gym-lanes-kill,control-hold,41,Defeat,8,0,8,64,10,0,2,62,-1,,0,6,0,378355366
gym-lanes-kill,control-hold,42,Victory,16,0,16,128,19,160,0,37,-1,,0,20,0,396439741
gym-lanes-kill,control-hold,43,Victory,11,0,11,88,9,155,0,27,-1,,0,10,0,915611621
gym-lanes-kill,control-hold,44,Victory,13,0,13,104,12,60,0,30,-1,,0,14,0,1546399005
gym-lanes-kill,control-hold,45,Victory,14,0,14,112,15,25,0,28,-1,,0,20,0,714113701
gym-lanes-kill,control-hold,46,Victory,25,0,25,200,32,190,0,12,11,1:11,0,21,0,3621891635
gym-lanes-kill,control-hold,47,Victory,24,0,24,192,43,160,0,12,12,1:12,0,19,0,2680660059
gym-lanes-kill,control-hold,48,Victory,10,0,10,80,10,185,0,30,-1,,0,5,0,1233598403
gym-lanes-kill,control-hold,49,Victory,13,0,13,104,12,90,0,30,-1,,0,14,0,2394780714
gym-lanes-kill,control-hold,50,Victory,13,0,13,104,17,200,1,23,20,1:20,0,13,0,3328777905
gym-lanes-kill,control-hold,51,Victory,13,0,13,104,16,130,0,23,3,1:3,0,7,0,3813329199
gym-lanes-kill,control-hold,52,Victory,12,0,12,96,9,125,0,25,-1,,0,11,0,1249461455
gym-lanes-kill,control-hold,53,Victory,16,0,16,128,19,80,0,25,-1,,0,19,0,880967713
gym-lanes-kill,control-hold,54,Defeat,6,0,6,48,10,0,4,100,-1,,0,5,2,2890161972
gym-lanes-kill,control-hold,55,Victory,15,0,15,120,22,135,0,26,-1,,0,18,0,726640890
gym-lanes-kill,control-hold,56,Victory,19,0,19,152,23,200,1,15,20,1:20,0,34,0,2717204026
gym-lanes-kill,control-hold,57,Defeat,12,0,12,96,13,0,1,41,-1,,0,15,0,1051893256
gym-lanes-kill,control-hold,58,Victory,7,0,7,56,5,125,2,57,-1,,0,5,1,285674228
gym-lanes-kill,control-hold,59,Victory,19,0,19,152,21,205,0,21,12,1:12,0,14,0,2600254937
gym-lanes-kill,control-hold,60,Victory,11,0,11,88,11,235,1,27,-1,,0,9,0,510415807
gym-lanes-kill,control-hold,61,Victory,9,0,9,72,11,135,1,55,-1,,0,6,0,3211816938
gym-lanes-kill,control-hold,62,Victory,26,0,26,208,37,100,0,15,20,1:20,0,42,0,1651232194
gym-lanes-kill,control-hold,63,Victory,18,0,18,144,22,175,0,33,3,1:3,0,18,0,704060624
gym-lanes-kill,control-hold,64,Victory,22,0,22,176,39,30,0,18,3,1:3,0,17,0,907840715
gym-lanes-kill,control-hold,65,Victory,13,0,13,104,11,135,2,30,3,1:3,0,23,0,1089574027
gym-lanes-kill,control-hold,66,Victory,13,0,13,104,20,125,1,38,-1,,0,20,0,1505925248
gym-lanes-kill,control-hold,67,Victory,7,0,7,56,9,250,3,42,11,1:11,0,9,1,2124049010
gym-lanes-kill,control-hold,68,Defeat,11,0,11,88,6,0,3,45,20,1:20,0,14,0,2450923051
gym-lanes-kill,control-hold,69,Victory,15,0,15,120,14,175,0,26,-1,,0,14,0,874150464
gym-lanes-kill,control-hold,70,Victory,13,0,13,104,17,100,0,23,-1,,0,12,0,1947015521
gym-lanes-kill,control-hold,71,Victory,24,0,24,192,38,120,0,20,11,1:11,0,23,0,600945864
gym-lanes-kill,control-hold,72,Victory,21,0,21,168,28,185,0,23,3,1:3,0,17,0,2546551487
gym-lanes-kill,control-hold,73,Victory,14,0,14,112,14,170,0,28,-1,,0,10,0,1381170863
gym-lanes-kill,control-hold,74,Victory,11,0,11,88,5,200,2,36,-1,,0,15,0,4038340821
gym-lanes-kill,control-hold,75,Defeat,7,0,7,56,14,0,2,57,-1,,0,6,0,152287486
gym-lanes-kill,control-hold,76,Victory,9,0,9,72,15,25,1,55,-1,,0,7,0,2930775321
gym-lanes-kill,control-hold,77,Victory,14,0,14,112,15,200,0,21,-1,,0,10,0,1981600335
gym-lanes-kill,control-hold,78,Victory,21,0,21,168,32,195,0,23,12,1:12,0,16,0,678974881
gym-lanes-kill,control-hold,79,Victory,10,0,10,80,11,155,1,50,-1,,0,7,0,1309323104
gym-lanes-kill,control-hold,80,Victory,23,0,23,184,35,215,0,17,12,1:12,0,23,0,639421951
gym-lanes-kill,control-hold,81,Victory,12,0,12,96,20,150,1,58,-1,,0,11,0,3017429041
gym-lanes-kill,control-hold,82,Victory,15,0,15,120,22,185,0,26,12,1:12,0,11,0,1506099335
gym-lanes-kill,control-hold,83,Defeat,9,0,9,72,7,0,2,55,-1,,0,8,0,4250707994
gym-lanes-kill,control-hold,84,Victory,10,0,10,80,5,150,0,40,-1,,0,8,0,4234953353
gym-lanes-kill,control-hold,85,Defeat,15,0,15,120,23,0,2,40,11,1:11,0,27,0,4082930635
gym-lanes-kill,control-hold,86,Victory,13,0,13,104,10,150,0,30,3,1:3,0,9,0,3918882185
gym-lanes-kill,control-hold,87,Victory,12,0,12,96,9,20,0,41,-1,,0,12,0,850075288
gym-lanes-kill,control-hold,88,Defeat,13,0,13,104,17,0,1,30,-1,,0,12,0,2157369197
gym-lanes-kill,control-hold,89,Victory,13,0,13,104,16,110,0,23,-1,,0,12,0,4047557464
gym-lanes-kill,control-hold,90,Defeat,6,0,6,48,6,0,3,66,-1,,0,6,2,2386160715
gym-lanes-kill,control-hold,91,Victory,14,0,14,112,12,200,0,21,-1,,0,12,0,704647497
gym-lanes-kill,control-hold,92,Victory,15,0,15,120,18,200,0,20,-1,,0,11,0,1074214235
gym-lanes-kill,control-hold,93,Victory,12,0,12,96,12,165,1,41,-1,,0,11,0,2812405147
gym-lanes-kill,control-hold,94,Defeat,12,0,12,96,12,0,1,33,-1,,0,19,0,1851588458
gym-lanes-kill,control-hold,95,Victory,14,0,14,112,14,165,1,35,-1,,0,18,0,629333147
gym-lanes-kill,control-hold,96,Victory,10,0,10,80,9,150,0,30,-1,,0,6,0,1824621486
gym-lanes-kill,control-hold,97,Victory,12,0,12,96,16,140,0,25,-1,,0,7,0,4238478119
gym-lanes-kill,control-hold,98,Victory,14,0,14,112,18,30,0,28,-1,,0,13,0,1981457661
gym-lanes-kill,control-hold,99,Victory,16,0,16,128,21,80,0,37,-1,,0,14,0,3046818932
gym-lanes-kill,control-hold,100,Victory,16,0,16,128,12,50,0,31,-1,,0,21,0,3959559473
gym-lanes-kill,control-hold,101,Victory,12,0,12,96,18,205,2,33,-1,,0,19,0,556939067
gym-lanes-kill,control-hold,102,Victory,13,0,13,104,22,100,0,23,-1,,0,12,0,1947015521
gym-lanes-kill,control-hold,103,Victory,13,0,13,104,20,20,0,38,-1,,0,15,0,116859200
gym-lanes-kill,control-hold,104,Victory,10,0,10,80,10,25,0,50,-1,,0,6,0,1730830649
gym-lanes-kill,control-hold,105,Defeat,9,0,9,72,6,0,1,66,-1,,0,9,0,1132355496
gym-lanes-kill,control-hold,106,Defeat,7,0,7,56,4,0,2,100,11,1:11,0,7,0,263349971
gym-lanes-kill,control-hold,107,Victory,10,0,10,80,8,105,0,40,-1,,0,5,0,3159028069
gym-lanes-kill,control-hold,108,Victory,21,0,21,168,22,220,1,33,20,1:20,0,34,0,2327365177
gym-lanes-kill,control-hold,109,Victory,11,0,11,88,16,205,0,27,-1,,0,7,0,1250164884
gym-lanes-kill,control-hold,110,Defeat,10,0,10,80,7,0,2,50,-1,,0,10,0,3458558479
gym-lanes-kill,control-hold,111,Victory,14,0,14,112,11,5,0,42,-1,,0,15,0,3808231898
gym-lanes-kill,control-hold,112,Victory,20,0,20,160,30,170,0,20,12,1:12,0,16,0,3002871898
gym-lanes-kill,control-hold,113,Defeat,10,0,10,80,13,0,1,50,-1,,0,9,0,3101341825
gym-lanes-kill,control-hold,114,Defeat,10,0,10,80,10,0,2,40,-1,,0,9,0,2645421616
gym-lanes-kill,control-hold,115,Victory,10,0,10,80,23,185,2,50,-1,,0,12,0,2584526555
gym-lanes-kill,control-hold,116,Victory,11,0,11,88,10,55,0,36,-1,,0,14,0,993234735
gym-lanes-kill,control-hold,117,Defeat,11,0,11,88,15,0,2,54,-1,,0,15,0,1023666638
gym-lanes-kill,control-hold,118,Defeat,6,0,6,48,4,0,2,66,-1,,0,6,0,514652836
gym-lanes-kill,control-hold,119,Victory,12,0,12,96,11,250,2,33,20,1:20,0,18,0,67878918
gym-lanes-kill,control-hold,120,Victory,19,0,19,152,22,235,1,26,12,1:12,0,29,0,856083105
gym-lanes-kill,control-hold,121,Victory,15,0,15,120,17,95,0,33,20,1:20,0,11,0,3495523580
gym-lanes-kill,control-hold,122,Victory,10,0,10,80,7,185,1,40,-1,,0,10,0,610674764
gym-lanes-kill,control-hold,123,Victory,10,0,10,80,12,60,1,50,3,1:3,0,11,0,1226676075
gym-lanes-kill,control-hold,124,Victory,12,0,12,96,9,60,0,33,-1,,0,11,0,1305032076
gym-lanes-kill,control-hold,125,Victory,18,0,18,144,28,175,0,11,3,1:3,0,14,0,2576947322
gym-lanes-kill,control-hold,126,Victory,11,0,11,88,13,90,1,45,-1,,0,13,0,1591081768
gym-lanes-kill,control-hold,127,Victory,7,0,7,56,14,200,3,42,11,1:11,0,9,1,2684890470
gym-lanes-kill,control-hold,128,Defeat,22,0,22,176,29,0,2,27,20,1:20,0,60,0,2722636247
gym-lanes-kill,control-hold,129,Defeat,6,0,6,48,12,0,3,83,-1,,0,5,1,1908330844
gym-lanes-kill,control-hold,130,Defeat,11,0,11,88,10,0,2,54,-1,,0,13,0,2606870576
gym-lanes-kill,control-hold,131,Victory,13,0,13,104,22,100,0,23,-1,,0,12,0,1947015521
gym-lanes-kill,control-hold,132,Defeat,6,0,6,48,11,0,3,66,-1,,0,3,1,2735122702
gym-lanes-kill,control-hold,133,Defeat,12,0,12,96,14,0,1,50,-1,,0,13,0,2455511079
gym-lanes-kill,control-hold,134,Victory,8,0,8,64,9,150,1,25,-1,,0,3,1,2888658506
gym-lanes-kill,control-hold,135,Victory,11,0,11,88,10,235,1,36,-1,,0,10,0,2702576041
gym-lanes-kill,control-hold,136,Victory,18,0,18,144,25,195,0,27,12,1:12,0,15,0,1423053719
gym-lanes-kill,control-hold,137,Victory,13,0,13,104,11,115,0,38,3,1:3,0,8,0,3849449557
gym-lanes-kill,control-hold,138,Defeat,5,0,5,40,10,0,3,80,-1,,0,4,2,2374235251
gym-lanes-kill,control-hold,139,Victory,13,0,13,104,16,230,1,23,20,1:20,0,13,0,2188787807
gym-lanes-kill,control-hold,140,Defeat,12,0,12,96,8,0,2,50,-1,,0,13,0,1870029590
gym-lanes-kill,control-hold,141,Defeat,9,0,9,72,14,0,2,55,-1,,0,8,0,1285111537
gym-lanes-kill,control-hold,142,Victory,10,0,10,80,8,115,1,50,3,1:3,0,11,0,3864112995
gym-lanes-kill,control-hold,143,Defeat,12,0,12,96,19,0,2,41,-1,,0,18,0,3968880521
gym-lanes-kill,control-hold,144,Victory,18,0,18,144,29,185,0,16,12,1:12,0,16,0,3153222568
gym-lanes-kill,control-hold,145,Victory,26,0,26,208,35,215,0,19,20,1:20,0,26,0,1966577688
gym-lanes-kill,control-hold,146,Defeat,11,0,11,88,11,0,1,45,-1,,0,17,0,1923833837
gym-lanes-kill,control-hold,147,Victory,12,0,12,96,14,300,2,0,3,1:3,0,20,0,816550819
gym-lanes-kill,control-hold,148,Victory,10,0,10,80,10,230,2,50,-1,,0,11,0,980361181
gym-lanes-kill,control-hold,149,Victory,13,0,13,104,23,130,0,23,-1,,0,12,0,1313636711
gym-lanes-kill,control-hold,150,Victory,11,0,11,88,12,185,0,36,-1,,0,8,0,3485432516
gym-lanes-kill,control-hold,151,Victory,11,0,11,88,8,150,1,36,20,1:20,0,10,0,2051915715
gym-lanes-kill,control-hold,152,Victory,9,0,9,72,2,150,0,44,-1,,0,4,0,1888276650
gym-lanes-kill,control-hold,153,Victory,22,0,22,176,38,160,1,45,12,1:12,0,48,0,2633938739
gym-lanes-kill,control-hold,154,Defeat,12,0,12,96,20,0,1,41,-1,,0,13,0,2631172167
gym-lanes-kill,control-hold,155,Victory,12,0,12,96,15,25,0,41,-1,,0,13,0,1718187618
gym-lanes-kill,control-hold,156,Victory,16,0,16,128,21,145,1,37,20,1:20,0,28,0,2522993991
gym-lanes-kill,control-hold,157,Victory,11,0,11,88,13,140,1,45,-1,,0,12,0,3844944860
gym-lanes-kill,control-hold,158,Defeat,12,0,12,96,17,0,1,33,-1,,0,18,0,1142965359
gym-lanes-kill,control-hold,159,Defeat,17,0,17,136,20,0,2,47,20,1:20,0,19,0,942149526
gym-lanes-kill,control-hold,160,Defeat,7,0,7,56,9,0,1,57,-1,,0,5,1,1060170065
gym-lanes-kill,control-hold,161,Victory,7,0,7,56,12,200,3,42,11,1:11,0,9,1,2776397136
gym-lanes-kill,control-hold,162,Victory,13,0,13,104,17,80,0,23,-1,,0,13,0,1787695907
gym-lanes-kill,control-hold,163,Victory,24,0,24,192,30,155,0,12,12,1:12,0,20,0,454550858
gym-lanes-kill,control-hold,164,Victory,12,0,12,96,12,25,0,33,-1,,0,16,0,3892195168
gym-lanes-kill,control-hold,165,Victory,12,0,12,96,13,130,0,25,3,1:3,0,8,0,1229437858
gym-lanes-kill,control-hold,166,Victory,22,0,22,176,38,220,0,27,12,1:12,0,19,0,684883714
gym-lanes-kill,control-hold,167,Victory,19,0,19,152,27,160,0,15,12,1:12,0,15,0,4015674597
gym-lanes-kill,control-hold,168,Defeat,13,0,13,104,18,0,1,38,-1,,0,12,0,712977402
gym-lanes-kill,control-hold,169,Defeat,15,0,15,120,35,0,1,40,-1,,0,18,0,1942184977
gym-lanes-kill,control-hold,170,Victory,14,0,14,112,17,160,0,21,-1,,0,14,0,3571203771
gym-lanes-kill,control-hold,171,Victory,15,0,15,120,15,165,1,33,-1,,0,19,0,654473024
gym-lanes-kill,control-hold,172,Victory,12,0,12,96,7,285,0,16,3,1:3,0,8,0,599888874
gym-lanes-kill,control-hold,173,Defeat,12,0,12,96,16,0,1,33,-1,,0,19,0,2903856189
gym-lanes-kill,control-hold,174,Victory,20,0,20,160,19,80,0,15,20,1:20,0,19,0,727469771
gym-lanes-kill,control-hold,175,Defeat,11,0,11,88,10,0,1,45,-1,,0,13,0,2580489249
gym-lanes-kill,control-hold,176,Defeat,5,0,5,40,5,0,4,80,-1,,0,4,2,997105718
gym-lanes-kill,control-hold,177,Victory,11,0,11,88,8,225,0,18,-1,,0,12,0,1468446843
gym-lanes-kill,control-hold,178,Victory,12,0,12,96,9,25,0,33,-1,,0,15,0,1999082644
gym-lanes-kill,control-hold,179,Victory,13,0,13,104,14,180,0,23,-1,,0,8,0,93190540
gym-lanes-kill,control-hold,180,Victory,12,0,12,96,24,140,0,33,-1,,0,8,0,1481250549
gym-lanes-kill,control-hold,181,Victory,18,0,18,144,28,190,0,16,-1,,0,14,0,1981841471
gym-lanes-kill,control-hold,182,Defeat,11,0,11,88,28,0,2,45,-1,,0,11,0,3639761411
gym-lanes-kill,control-hold,183,Victory,12,0,12,96,8,10,0,58,-1,,0,16,0,4013150406
gym-lanes-kill,control-hold,184,Defeat,12,0,12,96,6,0,1,66,-1,,0,13,0,1061993829
gym-lanes-kill,control-hold,185,Defeat,6,0,6,48,12,0,2,66,-1,,0,5,1,4274529531
gym-lanes-kill,control-hold,186,Victory,12,0,12,96,6,205,0,33,3,1:3,0,6,0,3738820850
gym-lanes-kill,control-hold,187,Defeat,13,0,13,104,21,0,1,38,-1,,0,13,0,4170057458
gym-lanes-kill,control-hold,188,Defeat,12,0,12,96,7,0,2,33,20,1:20,0,15,0,306578297
gym-lanes-kill,control-hold,189,Victory,13,0,13,104,14,25,1,53,-1,,0,19,0,3381045843
gym-lanes-kill,control-hold,190,Defeat,5,0,5,40,12,0,4,80,-1,,0,4,2,1729435049
gym-lanes-kill,control-hold,191,Victory,16,0,16,128,28,200,0,31,3,1:3,0,12,0,2797827741
gym-lanes-kill,control-hold,192,Victory,21,0,21,168,24,160,0,28,12,1:12,0,22,0,1436477712
gym-lanes-kill,control-hold,193,Victory,12,0,12,96,13,125,0,25,-1,,0,10,0,4280822232
gym-lanes-kill,control-hold,194,Defeat,13,0,13,104,16,0,2,46,-1,,0,15,0,257088529
gym-lanes-kill,control-hold,195,Victory,13,0,13,104,13,140,0,38,-1,,0,9,0,2238263137
gym-lanes-kill,control-hold,196,Victory,11,0,11,88,16,155,0,27,-1,,0,6,0,2903799072
gym-lanes-kill,control-hold,197,Victory,19,0,19,152,32,210,0,10,12,1:12,0,14,0,3724909627
gym-lanes-kill,control-hold,198,Defeat,11,0,11,88,8,0,1,45,-1,,0,12,0,4265662597
gym-lanes-kill,control-hold,199,Victory,11,0,11,88,5,175,0,27,-1,,0,6,0,1303368793
gym-lanes-kill,control-hold,200,Victory,12,0,12,96,20,195,1,41,-1,,0,13,0,2282006341
gym-lanes-kill,charge,1,Victory,7,0,7,56,6,150,0,28,-1,,0,0,0,840797782
gym-lanes-kill,charge,2,Victory,7,0,7,56,8,50,0,42,11,1:11,0,1,0,2252719119
gym-lanes-kill,charge,3,Defeat,7,0,7,56,14,0,1,71,-1,,0,2,1,3597705603
gym-lanes-kill,charge,4,Defeat,8,0,8,64,10,0,1,50,-1,,0,1,0,1179373571
gym-lanes-kill,charge,5,Victory,7,0,7,56,6,100,0,42,11,1:11,0,1,0,2587318836
gym-lanes-kill,charge,6,Defeat,6,0,6,48,5,0,1,66,-1,,0,2,1,3936689767
gym-lanes-kill,charge,7,Defeat,7,0,7,56,10,0,2,57,-1,,0,3,1,1818333029
gym-lanes-kill,charge,8,Victory,9,0,9,72,12,100,0,33,-1,,0,3,0,1141609842
gym-lanes-kill,charge,9,Defeat,7,0,7,56,15,0,1,42,-1,,0,2,1,3711885086
gym-lanes-kill,charge,10,Defeat,6,0,6,48,8,0,1,66,-1,,0,2,1,421375392
gym-lanes-kill,charge,11,Victory,7,0,7,56,7,50,0,42,11,1:11,0,1,0,2050869004
gym-lanes-kill,charge,12,Victory,7,0,7,56,7,50,0,42,11,1:11,0,1,0,2050869004
gym-lanes-kill,charge,13,Victory,7,0,7,56,8,200,0,28,-1,,0,0,0,3819905081
gym-lanes-kill,charge,14,Defeat,6,0,6,48,14,0,2,66,-1,,0,2,2,2660101283
gym-lanes-kill,charge,15,Defeat,8,0,8,64,20,0,1,62,-1,,0,2,0,3965186470
gym-lanes-kill,charge,16,Defeat,6,0,6,48,10,0,2,66,-1,,0,1,1,611054165
gym-lanes-kill,charge,17,Victory,7,0,7,56,5,50,0,42,11,1:11,0,1,0,2050869004
gym-lanes-kill,charge,18,Victory,8,0,8,64,7,30,0,37,-1,,0,2,0,1149086560
gym-lanes-kill,charge,19,Victory,7,0,7,56,8,50,0,42,11,1:11,0,1,0,2252719119
gym-lanes-kill,charge,20,Defeat,6,0,6,48,7,0,1,50,11,1:11,0,1,1,1640888394
gym-lanes-kill,charge,21,Defeat,7,0,7,56,8,0,1,57,-1,,0,2,1,329610762
gym-lanes-kill,charge,22,Defeat,6,0,6,48,9,0,1,66,-1,,0,3,1,3022347765
gym-lanes-kill,charge,23,Victory,9,0,9,72,12,100,0,22,-1,,0,2,0,568862196
gym-lanes-kill,charge,24,Defeat,7,0,7,56,11,0,2,57,-1,,0,2,1,183364801
gym-lanes-kill,charge,25,Defeat,6,0,6,48,10,0,1,66,-1,,0,1,1,2661420471
gym-lanes-kill,charge,26,Victory,8,0,8,64,7,50,0,37,-1,,0,2,0,1629036186
gym-lanes-kill,charge,27,Defeat,5,0,5,40,5,0,2,60,-1,,0,1,2,197798220
gym-lanes-kill,charge,28,Defeat,4,0,4,32,8,0,3,75,-1,,0,2,3,121068739
gym-lanes-kill,charge,29,Victory,7,0,7,56,7,50,0,42,11,1:11,0,1,0,2050869004
gym-lanes-kill,charge,30,Defeat,6,0,6,48,10,0,2,66,-1,,0,1,2,375740931
gym-lanes-kill,charge,31,Defeat,7,0,7,56,5,0,1,57,11,1:11,0,2,1,1126559181
gym-lanes-kill,charge,32,Defeat,8,0,8,64,12,0,1,50,-1,,0,4,1,3857318003
gym-lanes-kill,charge,33,Defeat,6,0,6,48,5,0,2,66,-1,,0,1,1,1922364563
gym-lanes-kill,charge,34,Defeat,5,0,5,40,9,0,2,60,-1,,0,2,2,648116430
gym-lanes-kill,charge,35,Defeat,7,0,7,56,7,0,1,57,-1,,0,2,0,2262540009
gym-lanes-kill,charge,36,Victory,7,0,7,56,9,130,0,42,-1,,0,0,0,805229479
gym-lanes-kill,charge,37,Victory,7,0,7,56,8,200,0,28,-1,,0,0,0,3819905081
gym-lanes-kill,charge,38,Defeat,7,0,7,56,6,0,1,57,-1,,0,2,1,3447993560
gym-lanes-kill,charge,39,Victory,7,0,7,56,5,50,0,42,11,1:11,0,1,0,2050869004
gym-lanes-kill,charge,40,Victory,7,0,7,56,5,50,0,42,11,1:11,0,1,0,2050869004
gym-lanes-kill,charge,41,Victory,7,0,7,56,6,80,0,42,11,1:11,0,1,0,3312782093
gym-lanes-kill,charge,42,Victory,7,0,7,56,7,50,0,42,11,1:11,0,1,0,2050869004
gym-lanes-kill,charge,43,Victory,7,0,7,56,4,80,0,42,-1,,0,1,0,2307246194
gym-lanes-kill,charge,44,Defeat,7,0,7,56,6,0,1,57,-1,,0,2,1,3706752611
gym-lanes-kill,charge,45,Defeat,4,0,4,32,8,0,3,75,-1,,0,2,2,791140039
gym-lanes-kill,charge,46,Victory,7,0,7,56,11,100,1,28,-1,,0,1,1,997699731
gym-lanes-kill,charge,47,Victory,7,0,7,56,7,50,0,42,11,1:11,0,1,0,2050869004
gym-lanes-kill,charge,48,Victory,7,0,7,56,7,50,0,42,11,1:11,0,1,0,2050869004
gym-lanes-kill,charge,49,Defeat,7,0,7,56,10,0,1,42,-1,,0,1,1,1809299171
gym-lanes-kill,charge,50,Victory,7,0,7,56,7,50,0,42,11,1:11,0,1,0,2050869004
gym-lanes-kill,charge,51,Defeat,5,0,5,40,8,0,3,80,-1,,0,2,2,961353485
gym-lanes-kill,charge,52,Victory,7,0,7,56,7,50,0,42,11,1:11,0,1,0,2050869004
gym-lanes-kill,charge,53,Defeat,6,0,6,48,6,0,1,66,-1,,0,2,1,2038639988
gym-lanes-kill,charge,54,Victory,9,0,9,72,7,50,0,33,-1,,0,3,0,1101008420
gym-lanes-kill,charge,55,Victory,7,0,7,56,10,100,0,42,-1,,0,0,0,3484157122
gym-lanes-kill,charge,56,Victory,10,0,10,80,17,50,0,30,-1,,0,2,0,2518973473
gym-lanes-kill,charge,57,Defeat,7,0,7,56,8,0,1,57,12,1:12,0,0,0,844996291
gym-lanes-kill,charge,58,Defeat,7,0,7,56,5,0,2,57,-1,,0,1,1,3924581823
gym-lanes-kill,charge,59,Victory,7,0,7,56,6,50,0,42,11,1:11,0,1,0,3496938377
gym-lanes-kill,charge,60,Defeat,5,0,5,40,8,0,2,60,-1,,0,2,2,1254211518
gym-lanes-kill,charge,61,Defeat,8,0,8,64,13,0,1,50,-1,,0,2,0,1374138772
gym-lanes-kill,charge,62,Victory,7,0,7,56,3,100,0,28,-1,,0,0,0,2872083110
gym-lanes-kill,charge,63,Defeat,7,0,7,56,14,0,2,57,-1,,0,3,1,1515366834
gym-lanes-kill,charge,64,Victory,7,0,7,56,6,230,0,28,-1,,0,0,0,2589079954
gym-lanes-kill,charge,65,Defeat,7,0,7,56,11,0,1,57,-1,,0,3,1,4092992791
gym-lanes-kill,charge,66,Victory,8,0,8,64,12,50,0,37,-1,,0,0,0,4219668987
gym-lanes-kill,charge,67,Victory,7,0,7,56,6,50,0,42,11,1:11,0,1,0,3496938377
gym-lanes-kill,charge,68,Defeat,7,0,7,56,11,0,2,71,11,1:11,0,5,0,4157742197
gym-lanes-kill,charge,69,Victory,7,0,7,56,10,80,1,42,-1,,0,1,1,1543871558
gym-lanes-kill,charge,70,Defeat,7,0,7,56,14,0,1,57,-1,,0,2,1,18008514
gym-lanes-kill,charge,71,Defeat,6,0,6,48,2,0,1,66,-1,,0,2,1,878578116
gym-lanes-kill,charge,72,Defeat,9,0,9,72,6,0,1,55,-1,,0,2,0,1656429829
gym-lanes-kill,charge,73,Victory,8,0,8,64,6,50,0,37,-1,,0,2,0,3893449215
gym-lanes-kill,charge,74,Victory,7,0,7,56,6,125,0,42,-1,,0,0,0,3914276232
gym-lanes-kill,charge,75,Defeat,8,0,8,64,16,0,2,62,-1,,0,1,1,3686915512
gym-lanes-kill,charge,76,Victory,7,0,7,56,12,150,1,28,-1,,0,0,1,3076448259
gym-lanes-kill,charge,77,Victory,7,0,7,56,7,50,0,42,11,1:11,0,1,0,2050869004
gym-lanes-kill,charge,78,Defeat,7,0,7,56,7,0,1,57,11,1:11,0,1,0,353806266
gym-lanes-kill,charge,79,Defeat,8,0,8,64,12,0,1,50,-1,,0,1,0,158200912
gym-lanes-kill,charge,80,Victory,7,0,7,56,2,130,0,42,-1,,0,1,0,1731341254
gym-lanes-kill,charge,81,Defeat,7,0,7,56,11,0,3,71,-1,,0,6,1,1033815560
gym-lanes-kill,charge,82,Victory,7,0,7,56,6,100,0,42,11,1:11,0,1,0,3638462550
gym-lanes-kill,charge,83,Victory,8,0,8,64,7,100,1,50,-1,,0,2,1,4114779241
gym-lanes-kill,charge,84,Defeat,8,0,8,64,12,0,1,50,-1,,0,2,1,3993700360
gym-lanes-kill,charge,85,Victory,8,0,8,64,9,80,0,37,-1,,0,0,0,2269079481
gym-lanes-kill,charge,86,Defeat,6,0,6,48,11,0,2,50,-1,,0,2,1,1239325356
gym-lanes-kill,charge,87,Defeat,7,0,7,56,6,0,1,57,-1,,0,2,0,1918858702
gym-lanes-kill,charge,88,Defeat,6,0,6,48,6,0,1,66,-1,,0,3,1,1938256241
gym-lanes-kill,charge,89,Victory,8,0,8,64,13,150,0,25,-1,,0,1,0,1626006862
gym-lanes-kill,charge,90,Victory,7,0,7,56,8,50,0,42,11,1:11,0,1,0,2879603890
gym-lanes-kill,charge,91,Defeat,5,0,5,40,4,0,2,60,-1,,0,1,2,3918769212
gym-lanes-kill,charge,92,Victory,7,0,7,56,7,50,0,42,11,1:11,0,1,0,2050869004
gym-lanes-kill,charge,93,Defeat,6,0,6,48,8,0,2,66,-1,,0,1,1,3433469823
gym-lanes-kill,charge,94,Victory,7,0,7,56,6,100,0,42,11,1:11,0,1,0,3126955672
gym-lanes-kill,charge,95,Defeat,7,0,7,56,4,0,1,57,-1,,0,3,1,1592145623
gym-lanes-kill,charge,96,Defeat,6,0,6,48,6,0,1,50,-1,,0,0,1,1078051685
gym-lanes-kill,charge,97,Defeat,6,0,6,48,14,0,2,50,-1,,0,2,2,1237641458
gym-lanes-kill,charge,98,Defeat,5,0,5,40,6,0,2,60,-1,,0,2,2,60589373
gym-lanes-kill,charge,99,Victory,7,0,7,56,8,200,0,28,-1,,0,0,0,3819905081
gym-lanes-kill,charge,100,Defeat,6,0,6,48,7,0,2,50,-1,,0,2,1,2839828042
gym-lanes-kill,charge,101,Defeat,6,0,6,48,8,0,1,66,-1,,0,1,1,1078051685
gym-lanes-kill,charge,102,Defeat,7,0,7,56,7,0,1,42,11,1:11,0,0,0,1691737243
gym-lanes-kill,charge,103,Victory,7,0,7,56,7,50,0,42,11,1:11,0,1,0,2050869004
gym-lanes-kill,charge,104,Defeat,7,0,7,56,4,0,1,57,-1,,0,3,1,2815268139
gym-lanes-kill,charge,105,Victory,8,0,8,64,8,130,0,37,-1,,0,1,0,1213716792
gym-lanes-kill,charge,106,Victory,9,0,9,72,11,50,0,44,-1,,0,2,0,220405883
gym-lanes-kill,charge,107,Defeat,7,0,7,56,11,0,1,57,-1,,0,2,1,1249958733
gym-lanes-kill,charge,108,Victory,9,0,9,72,12,200,0,11,-1,,0,2,0,1013057350
gym-lanes-kill,charge,109,Victory,7,0,7,56,6,100,0,28,-1,,0,0,0,2872083110
gym-lanes-kill,charge,110,Victory,7,0,7,56,10,100,0,42,-1,,0,2,0,2259901175
gym-lanes-kill,charge,111,Defeat,6,0,6,48,6,0,2,83,-1,,0,2,2,1846992252
gym-lanes-kill,charge,112,Defeat,7,0,7,56,4,0,1,57,11,1:11,0,1,0,2979450421
gym-lanes-kill,charge,113,Defeat,6,0,6,48,8,0,1,50,-1,,0,2,1,3445506226
gym-lanes-kill,charge,114,Defeat,4,0,4,32,12,0,3,75,-1,,0,2,2,3476468533
gym-lanes-kill,charge,115,Victory,7,0,7,56,14,50,1,57,-1,,0,1,1,1717212699
gym-lanes-kill,charge,116,Defeat,6,0,6,48,4,0,2,50,-1,,0,1,1,3769914824
gym-lanes-kill,charge,117,Victory,7,0,7,56,8,50,0,42,-1,,0,0,0,31766772
gym-lanes-kill,charge,118,Defeat,6,0,6,48,7,0,1,50,11,1:11,0,1,1,1640888394
gym-lanes-kill,charge,119,Victory,7,0,7,56,7,50,0,42,11,1:11,0,1,0,195514028
gym-lanes-kill,charge,120,Victory,8,0,8,64,10,30,0,50,-1,,0,1,0,3266393269
gym-lanes-kill,charge,121,Defeat,6,0,6,48,6,0,1,66,-1,,0,2,1,3936689767
gym-lanes-kill,charge,122,Defeat,7,0,7,56,8,0,1,57,12,1:12,0,0,0,1437681977
gym-lanes-kill,charge,123,Defeat,7,0,7,56,7,0,1,57,11,1:11,0,1,0,77434678
gym-lanes-kill,charge,124,Victory,7,0,7,56,6,50,0,42,-1,,0,1,0,2559375269
gym-lanes-kill,charge,125,Defeat,7,0,7,56,6,0,1,57,-1,,0,3,1,1366953902
gym-lanes-kill,charge,126,Victory,8,0,8,64,4,55,0,50,12,1:12,0,1,0,2648663390
gym-lanes-kill,charge,127,Defeat,4,0,4,32,5,0,3,75,-1,,0,1,2,4105702206
gym-lanes-kill,charge,128,Victory,10,0,10,80,12,150,0,20,-1,,0,2,0,895237365
gym-lanes-kill,charge,129,Defeat,7,0,7,56,7,0,1,57,11,1:11,0,1,0,2201735322
gym-lanes-kill,charge,130,Victory,7,0,7,56,6,50,0,42,11,1:11,0,1,0,2879603890
gym-lanes-kill,charge,131,Defeat,6,0,6,48,7,0,1,50,11,1:11,0,1,1,1640888394
gym-lanes-kill,charge,132,Defeat,7,0,7,56,6,0,2,85,11,1:11,0,4,0,2724690954
gym-lanes-kill,charge,133,Defeat,6,0,6,48,6,0,1,50,-1,,0,0,1,1078051685
gym-lanes-kill,charge,134,Victory,5,0,5,40,9,100,2,40,-1,,0,1,2,2140345670
gym-lanes-kill,charge,135,Defeat,7,0,7,56,7,0,1,57,11,1:11,0,1,0,1971457052
gym-lanes-kill,charge,136,Victory,8,0,8,64,11,100,0,37,-1,,0,2,0,255213658
gym-lanes-kill,charge,137,Defeat,6,0,6,48,6,0,2,100,-1,,0,4,2,3906050601
gym-lanes-kill,charge,138,Victory,7,0,7,56,6,80,0,42,11,1:11,0,1,0,3312782093
gym-lanes-kill,charge,139,Victory,7,0,7,56,7,50,0,42,11,1:11,0,1,0,2050869004
gym-lanes-kill,charge,140,Defeat,6,0,6,48,8,0,1,66,-1,,0,1,1,4114006752
gym-lanes-kill,charge,141,Victory,7,0,7,56,8,100,0,28,-1,,0,0,0,2872083110
gym-lanes-kill,charge,142,Victory,7,0,7,56,2,50,0,42,11,1:11,0,1,0,2050869004
gym-lanes-kill,charge,143,Victory,7,0,7,56,3,75,0,42,11,1:11,0,0,0,383914754
gym-lanes-kill,charge,144,Defeat,7,0,7,56,7,0,1,57,11,1:11,0,1,0,1634328778
gym-lanes-kill,charge,145,Victory,7,0,7,56,6,50,0,42,11,1:11,0,1,0,314926756
gym-lanes-kill,charge,146,Victory,8,0,8,64,8,180,0,25,-1,,0,1,0,1885904670
gym-lanes-kill,charge,147,Defeat,6,0,6,48,9,0,1,66,-1,,0,3,1,3022347765
gym-lanes-kill,charge,148,Victory,5,0,5,40,5,150,2,40,-1,,0,1,2,177181763
gym-lanes-kill,charge,149,Victory,8,0,8,64,8,150,0,25,-1,,0,2,0,3738911993
gym-lanes-kill,charge,150,Defeat,8,0,8,64,6,0,1,50,-1,,0,1,0,799303250
gym-lanes-kill,charge,151,Victory,8,0,8,64,8,50,0,37,-1,,0,1,0,768494335
gym-lanes-kill,charge,152,Defeat,7,0,7,56,6,0,1,57,11,1:11,0,1,0,1223954107
gym-lanes-kill,charge,153,Victory,7,0,7,56,7,150,0,42,-1,,0,1,0,83936789
gym-lanes-kill,charge,154,Victory,9,0,9,72,10,100,0,33,3,1:3,0,1,0,4279501256
gym-lanes-kill,charge,155,Victory,7,0,7,56,9,100,0,28,11,1:11,0,0,0,2414639129
gym-lanes-kill,charge,156,Victory,9,0,9,72,11,30,0,33,-1,,0,3,0,3623217672
gym-lanes-kill,charge,157,Defeat,5,0,5,40,6,0,3,60,-1,,0,2,2,3555231702
gym-lanes-kill,charge,158,Victory,7,0,7,56,6,50,0,42,11,1:11,0,1,0,2716456930
gym-lanes-kill,charge,159,Victory,7,0,7,56,6,50,0,42,-1,,0,1,0,2879603890
gym-lanes-kill,charge,160,Defeat,6,0,6,48,10,0,1,66,-1,,0,1,1,296698822
gym-lanes-kill,charge,161,Defeat,7,0,7,56,9,0,2,57,11,1:11,0,5,0,2108010635
gym-lanes-kill,charge,162,Victory,8,0,8,64,12,50,0,37,-1,,0,1,0,2709645661
gym-lanes-kill,charge,163,Victory,7,0,7,56,6,50,0,42,12,1:12,0,1,0,3303696119
gym-lanes-kill,charge,164,Defeat,7,0,7,56,10,0,1,57,-1,,0,2,1,4117020902
gym-lanes-kill,charge,165,Defeat,6,0,6,48,4,0,1,66,11,1:11,0,1,0,566819484
gym-lanes-kill,charge,166,Victory,7,0,7,56,4,10,0,57,-1,,0,2,0,1451636970
gym-lanes-kill,charge,167,Defeat,7,0,7,56,7,0,1,42,11,1:11,0,0,0,841826445
gym-lanes-kill,charge,168,Victory,7,0,7,56,7,50,0,42,11,1:11,0,1,0,2050869004
gym-lanes-kill,charge,169,Victory,5,0,5,40,5,100,2,40,-1,,0,1,2,461109506
gym-lanes-kill,charge,170,Defeat,7,0,7,56,9,0,1,57,-1,,0,3,1,416683532
gym-lanes-kill,charge,171,Defeat,5,0,5,40,8,0,2,60,-1,,0,2,2,2034402317
gym-lanes-kill,charge,172,Victory,8,0,8,64,5,50,0,37,-1,,0,2,0,1018678670
gym-lanes-kill,charge,173,Victory,8,0,8,64,6,100,0,25,-1,,0,1,0,1626186254
gym-lanes-kill,charge,174,Defeat,7,0,7,56,8,0,1,57,-1,,0,2,1,4142019849
gym-lanes-kill,charge,175,Defeat,4,0,4,32,8,0,3,75,-1,,0,2,3,791140039
gym-lanes-kill,charge,176,Victory,7,0,7,56,6,50,0,42,11,1:11,0,1,0,2716456930
gym-lanes-kill,charge,177,Victory,9,0,9,72,11,50,0,33,-1,,0,3,0,518032816
gym-lanes-kill,charge,178,Defeat,8,0,8,64,8,0,1,50,3,1:3,0,1,0,185973803
gym-lanes-kill,charge,179,Victory,7,0,7,56,7,50,0,42,11,1:11,0,1,0,2050869004
gym-lanes-kill,charge,180,Victory,7,0,7,56,14,100,1,42,-1,,0,1,1,2965645835
gym-lanes-kill,charge,181,Victory,7,0,7,56,5,50,0,42,11,1:11,0,1,0,2050869004
gym-lanes-kill,charge,182,Defeat,7,0,7,56,7,0,1,57,-1,,0,2,0,2262540009
gym-lanes-kill,charge,183,Defeat,7,0,7,56,7,0,1,57,11,1:11,0,1,0,1781876438
gym-lanes-kill,charge,184,Victory,9,0,9,72,12,50,0,33,-1,,0,2,0,2268513419
gym-lanes-kill,charge,185,Victory,8,0,8,64,10,100,0,25,-1,,0,2,0,3469137788
gym-lanes-kill,charge,186,Defeat,5,0,5,40,7,0,3,60,-1,,0,2,2,2548742120
gym-lanes-kill,charge,187,Victory,7,0,7,56,7,50,0,42,11,1:11,0,1,0,2050869004
gym-lanes-kill,charge,188,Victory,8,0,8,64,8,150,0,25,11,1:11,0,1,0,4138628084
gym-lanes-kill,charge,189,Defeat,7,0,7,56,8,0,1,57,-1,,0,2,1,3718845473
gym-lanes-kill,charge,190,Defeat,6,0,6,48,8,0,2,66,-1,,0,0,0,2639033867
gym-lanes-kill,charge,191,Defeat,7,0,7,56,4,0,1,57,-1,,0,2,0,1992109023
gym-lanes-kill,charge,192,Defeat,7,0,7,56,5,0,1,57,-1,,0,3,1,539301003
gym-lanes-kill,charge,193,Defeat,6,0,6,48,6,0,2,66,-1,,0,1,1,80008510
gym-lanes-kill,charge,194,Defeat,8,0,8,64,16,0,1,62,-1,,0,3,1,929197362
gym-lanes-kill,charge,195,Defeat,9,0,9,72,19,0,1,44,-1,,0,6,0,242026545
gym-lanes-kill,charge,196,Defeat,8,0,8,64,4,0,1,50,-1,,0,2,1,3782753923
gym-lanes-kill,charge,197,Defeat,7,0,7,56,4,0,1,71,-1,,0,2,0,4267157713
gym-lanes-kill,charge,198,Defeat,7,0,7,56,7,0,2,57,-1,,0,3,1,2357633710
gym-lanes-kill,charge,199,Defeat,7,0,7,56,14,0,1,57,-1,,0,2,1,2416684642
gym-lanes-kill,charge,200,Victory,8,0,8,64,8,100,0,25,-1,,0,2,0,3469137788
gym-lanes-boss6,corridor-hold,1,Defeat,14,0,14,112,12,0,1,42,3,1:3,0,18,0,1323464757
gym-lanes-boss6,corridor-hold,2,Defeat,24,0,24,192,24,0,1,33,20,1:20,0,35,0,3499877409
gym-lanes-boss6,corridor-hold,3,Defeat,12,0,12,96,7,0,1,50,-1,,0,14,0,2108579571
gym-lanes-boss6,corridor-hold,4,Defeat,11,0,11,88,7,0,1,54,-1,,0,8,0,3077036073
gym-lanes-boss6,corridor-hold,5,Defeat,22,0,22,176,34,0,1,31,12,1:12,0,25,0,3784225686
gym-lanes-boss6,corridor-hold,6,Defeat,17,0,17,136,23,0,1,35,-1,,0,19,0,2030701158
gym-lanes-boss6,corridor-hold,7,Defeat,10,0,10,80,13,0,2,50,-1,,0,10,1,2849229616
gym-lanes-boss6,corridor-hold,8,Defeat,12,0,12,96,9,0,1,58,-1,,0,11,0,2574688989
gym-lanes-boss6,corridor-hold,9,Defeat,10,0,10,80,6,0,1,50,-1,,0,11,0,420945965
gym-lanes-boss6,corridor-hold,10,Defeat,25,0,25,200,28,0,1,28,12,1:12,0,19,0,947273773
gym-lanes-boss6,corridor-hold,11,Defeat,21,0,21,168,25,0,1,28,20,1:20,0,28,0,3626931813
gym-lanes-boss6,corridor-hold,12,Victory,25,0,25,200,35,80,0,28,3,1:3,0,20,0,620279296
gym-lanes-boss6,corridor-hold,13,Defeat,10,0,10,80,14,0,2,50,-1,,0,10,0,2582038857
gym-lanes-boss6,corridor-hold,14,Defeat,18,0,18,144,27,0,1,44,-1,,0,27,0,1595937966
gym-lanes-boss6,corridor-hold,15,Defeat,8,0,8,64,14,0,2,50,-1,,0,6,1,2088307237
gym-lanes-boss6,corridor-hold,16,Defeat,13,0,13,104,17,0,1,30,-1,,0,12,0,2746127241
gym-lanes-boss6,corridor-hold,17,Defeat,17,0,17,136,27,0,1,29,-1,,0,13,0,1560924927
gym-lanes-boss6,corridor-hold,18,Defeat,11,0,11,88,9,0,3,63,-1,,0,12,0,2044108931
gym-lanes-boss6,corridor-hold,19,Defeat,13,0,13,104,15,0,1,53,-1,,0,15,0,1366710420
gym-lanes-boss6,corridor-hold,20,Defeat,13,0,13,104,16,0,1,38,-1,,0,10,0,3332575498
gym-lanes-boss6,corridor-hold,21,Defeat,12,0,12,96,13,0,1,50,-1,,0,9,0,1777800591
gym-lanes-boss6,corridor-hold,22,Defeat,6,0,6,48,8,0,3,83,-1,,0,6,1,3656982241
gym-lanes-boss6,corridor-hold,23,Defeat,18,0,18,144,24,0,1,38,-1,,0,26,0,3767884379
gym-lanes-boss6,corridor-hold,24,Defeat,10,0,10,80,7,0,2,50,-1,,0,7,0,3668257110
gym-lanes-boss6,corridor-hold,25,Defeat,20,0,20,160,25,0,1,35,3,1:3,0,19,0,769728066
gym-lanes-boss6,corridor-hold,26,Defeat,13,0,13,104,14,0,2,46,-1,,0,14,0,3374160219
gym-lanes-boss6,corridor-hold,27,Defeat,17,0,17,136,13,0,2,58,-1,,0,22,0,1580028597
gym-lanes-boss6,corridor-hold,28,Defeat,7,0,7,56,3,0,2,85,-1,,0,4,0,837078177
gym-lanes-boss6,corridor-hold,29,Defeat,14,0,14,112,18,0,1,35,-1,,0,12,0,1555193659
gym-lanes-boss6,corridor-hold,30,Defeat,9,0,9,72,15,0,3,55,-1,,0,9,1,3313928062
gym-lanes-boss6,corridor-hold,31,Defeat,14,0,14,112,16,0,1,42,-1,,0,13,0,3574149057
gym-lanes-boss6,corridor-hold,32,Defeat,12,0,12,96,12,0,3,66,-1,,0,18,1,1733329499
gym-lanes-boss6,corridor-hold,33,Defeat,7,0,7,56,8,0,4,85,11,1:11,0,9,1,3931359990
gym-lanes-boss6,corridor-hold,34,Defeat,7,0,7,56,8,0,4,100,11,1:11,0,9,1,4112472100
gym-lanes-boss6,corridor-hold,35,Defeat,13,0,13,104,17,0,2,46,-1,,0,15,0,2991720690
gym-lanes-boss6,corridor-hold,36,Defeat,7,0,7,56,9,0,2,57,-1,,0,5,1,3693189441
gym-lanes-boss6,corridor-hold,37,Defeat,15,0,15,120,14,0,1,40,-1,,0,14,0,4013050518
gym-lanes-boss6,corridor-hold,38,Victory,31,0,31,248,49,105,0,29,-1,,0,49,0,1289452761
gym-lanes-boss6,corridor-hold,39,Defeat,14,0,14,112,15,0,2,35,-1,,0,22,0,712954946
gym-lanes-boss6,corridor-hold,40,Defeat,13,0,13,104,21,0,1,38,-1,,0,13,0,1502061822
gym-lanes-boss6,corridor-hold,41,Defeat,8,0,8,64,10,0,2,62,-1,,0,6,0,1918101674
gym-lanes-boss6,corridor-hold,42,Defeat,17,0,17,136,19,0,1,47,-1,,0,21,0,3695747328
gym-lanes-boss6,corridor-hold,43,Victory,13,0,13,104,9,5,0,38,-1,,0,12,0,2141617607
gym-lanes-boss6,corridor-hold,44,Defeat,13,0,13,104,12,0,1,38,-1,,0,14,0,3571365903
gym-lanes-boss6,corridor-hold,45,Defeat,14,0,14,112,15,0,1,35,-1,,0,20,0,2083011060
gym-lanes-boss6,corridor-hold,46,Victory,27,0,27,216,32,20,0,18,11,1:11,0,23,0,2967205440
gym-lanes-boss6,corridor-hold,47,Victory,31,0,31,248,53,20,0,19,12,1:12,0,26,0,891245938
gym-lanes-boss6,corridor-hold,48,Defeat,11,0,11,88,10,0,1,45,-1,,0,6,0,3799610803
gym-lanes-boss6,corridor-hold,49,Defeat,13,0,13,104,12,0,1,38,-1,,0,14,0,154818702
gym-lanes-boss6,corridor-hold,50,Defeat,15,0,15,120,17,0,1,33,20,1:20,0,17,0,2278256487
gym-lanes-boss6,corridor-hold,51,Defeat,14,0,14,112,16,0,1,35,3,1:3,0,8,0,418618053
gym-lanes-boss6,corridor-hold,52,Defeat,13,0,13,104,9,0,1,38,-1,,0,12,0,1677453665
gym-lanes-boss6,corridor-hold,53,Defeat,16,0,16,128,19,0,1,31,-1,,0,19,0,3892439447
gym-lanes-boss6,corridor-hold,54,Defeat,6,0,6,48,10,0,4,100,-1,,0,5,2,487842504
gym-lanes-boss6,corridor-hold,55,Defeat,16,0,16,128,22,0,1,37,11,1:11,0,19,0,149827700
gym-lanes-boss6,corridor-hold,56,Defeat,20,0,20,160,23,0,2,30,20,1:20,0,36,0,1538200140
gym-lanes-boss6,corridor-hold,57,Defeat,12,0,12,96,13,0,1,41,-1,,0,15,0,3485677828
gym-lanes-boss6,corridor-hold,58,Defeat,7,0,7,56,5,0,3,71,-1,,0,5,1,2531877554
gym-lanes-boss6,corridor-hold,59,Victory,23,0,23,184,24,65,0,26,12,1:12,0,18,0,2920537948
gym-lanes-boss6,corridor-hold,60,Victory,26,0,26,208,30,110,0,26,3,1:3,0,34,0,96828324
gym-lanes-boss6,corridor-hold,61,Defeat,10,0,10,80,11,0,2,60,3,1:3,0,8,0,1948238290
gym-lanes-boss6,corridor-hold,62,Defeat,26,0,26,208,37,0,1,19,20,1:20,0,42,0,2228559896
gym-lanes-boss6,corridor-hold,63,Defeat,19,0,19,152,22,0,1,42,3,1:3,0,19,0,2457698070
gym-lanes-boss6,corridor-hold,64,Defeat,22,0,22,176,39,0,1,22,3,1:3,0,17,0,3811717999
gym-lanes-boss6,corridor-hold,65,Defeat,18,0,18,144,20,0,3,33,3,1:3,0,38,0,3874233133
gym-lanes-boss6,corridor-hold,66,Defeat,13,0,13,104,20,0,2,46,-1,,0,20,0,3667242132
gym-lanes-boss6,corridor-hold,67,Defeat,7,0,7,56,9,0,4,57,11,1:11,0,9,1,4272094757
gym-lanes-boss6,corridor-hold,68,Defeat,11,0,11,88,6,0,3,45,20,1:20,0,14,0,4224725223
gym-lanes-boss6,corridor-hold,69,Victory,24,0,24,192,22,85,0,25,20,1:20,0,23,0,243007893
gym-lanes-boss6,corridor-hold,70,Defeat,13,0,13,104,17,0,1,30,-1,,0,12,0,1334446251
gym-lanes-boss6,corridor-hold,71,Defeat,25,0,25,200,38,0,1,28,11,1:11,0,24,0,3662304657
gym-lanes-boss6,corridor-hold,72,Defeat,22,0,22,176,28,0,1,31,3,1:3,0,18,0,1175988872
gym-lanes-boss6,corridor-hold,73,Defeat,16,0,16,128,14,0,1,43,-1,,0,12,0,356298518
gym-lanes-boss6,corridor-hold,74,Defeat,12,0,12,96,5,0,2,50,-1,,0,18,0,998390383
gym-lanes-boss6,corridor-hold,75,Defeat,7,0,7,56,14,0,2,57,-1,,0,6,0,3645886882
gym-lanes-boss6,corridor-hold,76,Defeat,9,0,9,72,15,0,2,66,-1,,0,7,0,260689654
gym-lanes-boss6,corridor-hold,77,Defeat,15,0,15,120,15,0,1,33,-1,,0,11,0,2379447304
gym-lanes-boss6,corridor-hold,78,Defeat,22,0,22,176,32,0,1,31,12,1:12,0,17,0,581492755
gym-lanes-boss6,corridor-hold,79,Defeat,11,0,11,88,11,0,2,72,-1,,0,9,0,1748626743
gym-lanes-boss6,corridor-hold,80,Defeat,25,0,25,200,35,0,1,28,12,1:12,0,25,0,3005482769
gym-lanes-boss6,corridor-hold,81,Defeat,12,0,12,96,20,0,2,66,-1,,0,11,0,479143803
gym-lanes-boss6,corridor-hold,82,Defeat,16,0,16,128,22,0,1,37,12,1:12,0,12,0,312265325
gym-lanes-boss6,corridor-hold,83,Defeat,9,0,9,72,7,0,2,55,-1,,0,8,0,1497882710
gym-lanes-boss6,corridor-hold,84,Defeat,11,0,11,88,5,0,1,54,-1,,0,9,0,605165334
gym-lanes-boss6,corridor-hold,85,Defeat,15,0,15,120,23,0,2,40,11,1:11,0,27,0,3178461639
gym-lanes-boss6,corridor-hold,86,Defeat,14,0,14,112,10,0,1,42,3,1:3,0,10,0,3859915846
gym-lanes-boss6,corridor-hold,87,Defeat,12,0,12,96,9,0,1,50,-1,,0,12,0,4290130647
gym-lanes-boss6,corridor-hold,88,Defeat,13,0,13,104,17,0,1,30,-1,,0,12,0,785492561
gym-lanes-boss6,corridor-hold,89,Defeat,14,0,14,112,16,0,1,35,-1,,0,13,0,3768301821
gym-lanes-boss6,corridor-hold,90,Defeat,6,0,6,48,6,0,3,66,-1,,0,6,2,2520327495
gym-lanes-boss6,corridor-hold,91,Defeat,15,0,15,120,12,0,1,33,-1,,0,13,0,1074758592
gym-lanes-boss6,corridor-hold,92,Defeat,16,0,16,128,18,0,1,31,-1,,0,12,0,1244344018
gym-lanes-boss6,corridor-hold,93,Defeat,12,0,12,96,12,0,2,50,-1,,0,11,0,3028068353
gym-lanes-boss6,corridor-hold,94,Defeat,12,0,12,96,12,0,1,33,-1,,0,19,0,3838621574
gym-lanes-boss6,corridor-hold,95,Defeat,22,0,22,176,30,0,2,40,12,1:12,0,34,0,2660915257
gym-lanes-boss6,corridor-hold,96,Defeat,11,0,11,88,9,0,1,45,-1,,0,7,0,1600859457
gym-lanes-boss6,corridor-hold,97,Defeat,13,0,13,104,16,0,1,38,-1,,0,8,0,3823570351
gym-lanes-boss6,corridor-hold,98,Defeat,14,0,14,112,18,0,1,35,-1,,0,13,0,1948042421
gym-lanes-boss6,corridor-hold,99,Defeat,16,0,16,128,21,0,1,43,-1,,0,14,0,1291114832
gym-lanes-boss6,corridor-hold,100,Defeat,16,0,16,128,12,0,1,37,-1,,0,21,0,127820583
gym-lanes-boss6,corridor-hold,101,Defeat,13,0,13,104,18,0,3,53,-1,,0,22,0,678013787
gym-lanes-boss6,corridor-hold,102,Defeat,13,0,13,104,22,0,1,30,-1,,0,12,0,1334446251
gym-lanes-boss6,corridor-hold,103,Defeat,13,0,13,104,20,0,1,46,-1,,0,15,0,805908462
gym-lanes-boss6,corridor-hold,104,Defeat,10,0,10,80,10,0,1,60,-1,,0,6,0,2378490504
gym-lanes-boss6,corridor-hold,105,Defeat,9,0,9,72,6,0,1,66,-1,,0,9,0,2550567972
gym-lanes-boss6,corridor-hold,106,Defeat,7,0,7,56,4,0,2,100,11,1:11,0,7,0,3167943647
gym-lanes-boss6,corridor-hold,107,Defeat,11,0,11,88,8,0,1,54,-1,,0,6,0,2068930373
gym-lanes-boss6,corridor-hold,108,Defeat,23,0,23,184,26,0,2,39,20,1:20,0,38,0,532269999
gym-lanes-boss6,corridor-hold,109,Victory,13,0,13,104,16,5,0,38,-1,,0,9,0,1944727716
gym-lanes-boss6,corridor-hold,110,Defeat,10,0,10,80,7,0,2,50,-1,,0,10,0,3030048355
gym-lanes-boss6,corridor-hold,111,Defeat,14,0,14,112,11,0,1,50,-1,,0,15,0,2697514057
gym-lanes-boss6,corridor-hold,112,Defeat,30,0,30,240,52,0,1,26,12,1:12,0,26,0,3209754230
gym-lanes-boss6,corridor-hold,113,Defeat,10,0,10,80,13,0,1,50,-1,,0,9,0,2714378077
gym-lanes-boss6,corridor-hold,114,Defeat,10,0,10,80,10,0,2,40,-1,,0,9,0,851885660
gym-lanes-boss6,corridor-hold,115,Defeat,11,0,11,88,23,0,3,72,-1,,0,15,0,752257495
gym-lanes-boss6,corridor-hold,116,Defeat,11,0,11,88,10,0,1,45,-1,,0,14,0,1951915415
gym-lanes-boss6,corridor-hold,117,Defeat,11,0,11,88,15,0,2,54,-1,,0,15,0,1601230914
gym-lanes-boss6,corridor-hold,118,Defeat,6,0,6,48,4,0,2,66,-1,,0,6,0,2022608056
gym-lanes-boss6,corridor-hold,119,Defeat,14,0,14,112,11,0,2,35,20,1:20,0,24,0,2941484315
gym-lanes-boss6,corridor-hold,120,Defeat,21,0,21,168,22,0,2,42,12,1:12,0,33,0,713725493
gym-lanes-boss6,corridor-hold,121,Defeat,15,0,15,120,17,0,1,40,20,1:20,0,11,0,1107362286
gym-lanes-boss6,corridor-hold,122,Defeat,10,0,10,80,7,0,2,50,-1,,0,10,0,3219063852
gym-lanes-boss6,corridor-hold,123,Defeat,11,0,11,88,12,0,2,54,3,1:3,0,13,0,2224060585
gym-lanes-boss6,corridor-hold,124,Defeat,12,0,12,96,9,0,1,41,-1,,0,11,0,3490271343
gym-lanes-boss6,corridor-hold,125,Defeat,19,0,19,152,28,0,1,21,3,1:3,0,15,0,1688313549
gym-lanes-boss6,corridor-hold,126,Defeat,11,0,11,88,13,0,2,54,-1,,0,13,0,803661239
gym-lanes-boss6,corridor-hold,127,Defeat,8,0,8,64,14,0,4,87,11,1:11,0,12,0,175272465
gym-lanes-boss6,corridor-hold,128,Defeat,22,0,22,176,29,0,2,27,20,1:20,0,60,0,731219131
gym-lanes-boss6,corridor-hold,129,Defeat,6,0,6,48,12,0,3,83,-1,,0,5,1,3694278240
gym-lanes-boss6,corridor-hold,130,Defeat,11,0,11,88,10,0,2,54,-1,,0,13,0,4142600412
gym-lanes-boss6,corridor-hold,131,Defeat,13,0,13,104,22,0,1,30,-1,,0,12,0,1334446251
gym-lanes-boss6,corridor-hold,132,Defeat,6,0,6,48,11,0,3,66,-1,,0,3,1,2789866210
gym-lanes-boss6,corridor-hold,133,Defeat,12,0,12,96,14,0,1,50,-1,,0,13,0,3897293979
gym-lanes-boss6,corridor-hold,134,Victory,18,0,18,144,22,210,0,27,3,1:3,0,15,0,1854881624
gym-lanes-boss6,corridor-hold,135,Defeat,12,0,12,96,10,0,1,50,-1,,0,12,0,1604101227
gym-lanes-boss6,corridor-hold,136,Defeat,19,0,19,152,25,0,1,36,12,1:12,0,16,0,2122965533
gym-lanes-boss6,corridor-hold,137,Defeat,14,0,14,112,11,0,1,50,3,1:3,0,9,0,3322924275
gym-lanes-boss6,corridor-hold,138,Defeat,5,0,5,40,10,0,3,80,-1,,0,4,2,3082855935
gym-lanes-boss6,corridor-hold,139,Defeat,15,0,15,120,16,0,1,33,20,1:20,0,17,0,772322147
gym-lanes-boss6,corridor-hold,140,Defeat,12,0,12,96,8,0,2,50,-1,,0,13,0,178494442
gym-lanes-boss6,corridor-hold,141,Defeat,9,0,9,72,14,0,2,55,-1,,0,8,0,901886685
gym-lanes-boss6,corridor-hold,142,Defeat,11,0,11,88,8,0,2,54,3,1:3,0,13,0,895015670
gym-lanes-boss6,corridor-hold,143,Defeat,12,0,12,96,19,0,2,41,-1,,0,18,0,2876925653
gym-lanes-boss6,corridor-hold,144,Defeat,19,0,19,152,29,0,1,26,12,1:12,0,17,0,3449406552
gym-lanes-boss6,corridor-hold,145,Defeat,28,0,28,224,35,0,1,28,20,1:20,0,28,0,3257681224
gym-lanes-boss6,corridor-hold,146,Defeat,11,0,11,88,11,0,1,45,-1,,0,17,0,3269029649
gym-lanes-boss6,corridor-hold,147,Defeat,13,0,13,104,14,0,3,23,3,1:3,0,23,0,2102679323
gym-lanes-boss6,corridor-hold,148,Defeat,10,0,10,80,10,0,3,60,-1,,0,11,0,506832774
gym-lanes-boss6,corridor-hold,149,Defeat,14,0,14,112,23,0,1,35,-1,,0,13,0,1069646396
gym-lanes-boss6,corridor-hold,150,Defeat,13,0,13,104,12,0,1,53,-1,,0,10,0,4056052740
gym-lanes-boss6,corridor-hold,151,Defeat,12,0,12,96,8,0,2,41,20,1:20,0,12,0,2021350858
gym-lanes-boss6,corridor-hold,152,Defeat,10,0,10,80,2,0,1,60,-1,,0,5,0,1829516982
gym-lanes-boss6,corridor-hold,153,Defeat,23,0,23,184,38,0,2,56,12,1:12,0,50,0,4016547328
gym-lanes-boss6,corridor-hold,154,Defeat,12,0,12,96,20,0,1,41,-1,,0,13,0,2802596699
gym-lanes-boss6,corridor-hold,155,Defeat,12,0,12,96,15,0,1,50,-1,,0,13,0,2526526278
gym-lanes-boss6,corridor-hold,156,Defeat,16,0,16,128,21,0,2,43,20,1:20,0,28,0,567571055
gym-lanes-boss6,corridor-hold,157,Defeat,12,0,12,96,13,0,2,58,-1,,0,14,0,1602883932
gym-lanes-boss6,corridor-hold,158,Defeat,12,0,12,96,17,0,1,33,-1,,0,18,0,3723761043
gym-lanes-boss6,corridor-hold,159,Defeat,17,0,17,136,20,0,2,47,20,1:20,0,19,0,1288781610
gym-lanes-boss6,corridor-hold,160,Defeat,7,0,7,56,9,0,1,57,-1,,0,5,1,1674305725
gym-lanes-boss6,corridor-hold,161,Defeat,8,0,8,64,12,0,4,62,11,1:11,0,12,1,2655776834
gym-lanes-boss6,corridor-hold,162,Defeat,13,0,13,104,17,0,1,30,-1,,0,13,0,2241137341
gym-lanes-boss6,corridor-hold,163,Defeat,25,0,25,200,30,0,1,20,12,1:12,0,21,0,1463236467
gym-lanes-boss6,corridor-hold,164,Defeat,12,0,12,96,12,0,1,41,-1,,0,16,0,3198082562
gym-lanes-boss6,corridor-hold,165,Defeat,13,0,13,104,13,0,1,38,3,1:3,0,9,0,1972714767
gym-lanes-boss6,corridor-hold,166,Defeat,24,0,24,192,38,0,1,37,12,1:12,0,21,0,872563834
gym-lanes-boss6,corridor-hold,167,Defeat,20,0,20,160,27,0,1,25,12,1:12,0,16,0,1030498508
gym-lanes-boss6,corridor-hold,168,Defeat,13,0,13,104,18,0,1,38,-1,,0,12,0,590470806
gym-lanes-boss6,corridor-hold,169,Defeat,15,0,15,120,35,0,1,40,-1,,0,18,0,4150389837
gym-lanes-boss6,corridor-hold,170,Defeat,15,0,15,120,17,0,1,33,-1,,0,15,0,4254478662
gym-lanes-boss6,corridor-hold,171,Defeat,16,0,16,128,15,0,2,50,-1,,0,21,0,220780155
gym-lanes-boss6,corridor-hold,172,Defeat,15,0,15,120,12,0,1,40,3,1:3,0,11,0,1389725769
gym-lanes-boss6,corridor-hold,173,Defeat,12,0,12,96,16,0,1,33,-1,,0,19,0,2960954593
gym-lanes-boss6,corridor-hold,174,Defeat,20,0,20,160,19,0,1,20,20,1:20,0,19,0,2568829092
gym-lanes-boss6,corridor-hold,175,Defeat,11,0,11,88,10,0,1,45,-1,,0,13,0,3173251005
gym-lanes-boss6,corridor-hold,176,Defeat,5,0,5,40,5,0,4,80,-1,,0,4,2,220590554
gym-lanes-boss6,corridor-hold,177,Defeat,14,0,14,112,8,0,1,35,-1,,0,15,0,2079381370
gym-lanes-boss6,corridor-hold,178,Defeat,12,0,12,96,9,0,1,41,-1,,0,15,0,1831436534
gym-lanes-boss6,corridor-hold,179,Victory,18,0,18,144,15,90,0,27,12,1:12,0,13,0,2969197568
gym-lanes-boss6,corridor-hold,180,Defeat,13,0,13,104,24,0,1,46,-1,,0,9,0,4151073443
gym-lanes-boss6,corridor-hold,181,Defeat,19,0,19,152,28,0,1,26,-1,,0,15,0,540507772
gym-lanes-boss6,corridor-hold,182,Defeat,11,0,11,88,28,0,2,45,-1,,0,11,0,3011524319
gym-lanes-boss6,corridor-hold,183,Defeat,12,0,12,96,8,0,1,66,-1,,0,16,0,1413409734
gym-lanes-boss6,corridor-hold,184,Defeat,12,0,12,96,6,0,1,66,-1,,0,13,0,34154393
gym-lanes-boss6,corridor-hold,185,Defeat,6,0,6,48,12,0,2,66,-1,,0,5,1,2232068919
gym-lanes-boss6,corridor-hold,186,Victory,15,0,15,120,7,5,0,46,3,1:3,0,9,0,3798468901
gym-lanes-boss6,corridor-hold,187,Defeat,13,0,13,104,21,0,1,38,-1,,0,13,0,2368156798
gym-lanes-boss6,corridor-hold,188,Defeat,12,0,12,96,7,0,2,33,20,1:20,0,15,0,2347288325
gym-lanes-boss6,corridor-hold,189,Defeat,13,0,13,104,14,0,2,61,-1,,0,19,0,2168651995
gym-lanes-boss6,corridor-hold,190,Defeat,5,0,5,40,12,0,4,80,-1,,0,4,2,961355637
gym-lanes-boss6,corridor-hold,191,Defeat,17,0,17,136,28,0,1,41,3,1:3,0,13,0,2532537613
gym-lanes-boss6,corridor-hold,192,Defeat,22,0,22,176,24,0,1,36,12,1:12,0,23,0,409523387
gym-lanes-boss6,corridor-hold,193,Defeat,13,0,13,104,13,0,1,38,-1,,0,11,0,3838943578
gym-lanes-boss6,corridor-hold,194,Defeat,13,0,13,104,16,0,2,46,-1,,0,15,0,2069294893
gym-lanes-boss6,corridor-hold,195,Defeat,14,0,14,112,13,0,1,50,-1,,0,10,0,163893797
gym-lanes-boss6,corridor-hold,196,Defeat,12,0,12,96,16,0,1,41,-1,,0,7,0,1599256896
gym-lanes-boss6,corridor-hold,197,Defeat,21,0,21,168,32,0,1,23,12,1:12,0,16,0,1606309704
gym-lanes-boss6,corridor-hold,198,Defeat,11,0,11,88,8,0,1,45,-1,,0,12,0,431537721
gym-lanes-boss6,corridor-hold,199,Victory,13,0,13,104,5,25,0,38,-1,,0,8,0,1934599313
gym-lanes-boss6,corridor-hold,200,Defeat,13,0,13,104,20,0,1,53,-1,,0,15,0,3901909160
gym-lanes-boss6,tpa-order,1,Defeat,14,0,14,112,12,0,1,42,3,1:3,0,18,0,1323464757
gym-lanes-boss6,tpa-order,2,Defeat,24,0,24,192,24,0,1,33,20,1:20,0,35,0,3499877409
gym-lanes-boss6,tpa-order,3,Defeat,12,0,12,96,7,0,1,50,-1,,0,14,0,2108579571
gym-lanes-boss6,tpa-order,4,Defeat,11,0,11,88,7,0,1,54,-1,,0,8,0,3077036073
gym-lanes-boss6,tpa-order,5,Defeat,22,0,22,176,34,0,1,31,12,1:12,0,25,0,3784225686
gym-lanes-boss6,tpa-order,6,Defeat,17,0,17,136,23,0,1,35,-1,,0,19,0,2030701158
gym-lanes-boss6,tpa-order,7,Defeat,10,0,10,80,13,0,2,50,-1,,0,10,1,2849229616
gym-lanes-boss6,tpa-order,8,Defeat,12,0,12,96,9,0,1,58,-1,,0,11,0,2574688989
gym-lanes-boss6,tpa-order,9,Defeat,10,0,10,80,6,0,1,50,-1,,0,11,0,420945965
gym-lanes-boss6,tpa-order,10,Defeat,25,0,25,200,28,0,1,28,12,1:12,0,19,0,947273773
gym-lanes-boss6,tpa-order,11,Defeat,21,0,21,168,25,0,1,28,20,1:20,0,28,0,3626931813
gym-lanes-boss6,tpa-order,12,Victory,25,0,25,200,35,80,0,28,3,1:3,0,20,0,620279296
gym-lanes-boss6,tpa-order,13,Defeat,10,0,10,80,14,0,2,40,-1,,0,10,0,1203311329
gym-lanes-boss6,tpa-order,14,Defeat,18,0,18,144,27,0,1,44,-1,,0,27,0,1595937966
gym-lanes-boss6,tpa-order,15,Defeat,8,0,8,64,14,0,2,50,-1,,0,6,1,2088307237
gym-lanes-boss6,tpa-order,16,Defeat,13,0,13,104,17,0,1,30,-1,,0,12,0,2746127241
gym-lanes-boss6,tpa-order,17,Defeat,17,0,17,136,27,0,1,29,-1,,0,13,0,1560924927
gym-lanes-boss6,tpa-order,18,Defeat,11,0,11,88,9,0,2,54,-1,,0,12,0,2105034043
gym-lanes-boss6,tpa-order,19,Defeat,13,0,13,104,15,0,1,53,-1,,0,15,0,1366710420
gym-lanes-boss6,tpa-order,20,Defeat,13,0,13,104,16,0,1,38,-1,,0,10,0,3332575498
gym-lanes-boss6,tpa-order,21,Defeat,12,0,12,96,13,0,1,50,-1,,0,9,0,1777800591
gym-lanes-boss6,tpa-order,22,Defeat,6,0,6,48,8,0,3,83,-1,,0,6,1,3656982241
gym-lanes-boss6,tpa-order,23,Defeat,18,0,18,144,24,0,1,38,-1,,0,26,0,3767884379
gym-lanes-boss6,tpa-order,24,Defeat,10,0,10,80,7,0,2,50,-1,,0,7,0,3668257110
gym-lanes-boss6,tpa-order,25,Defeat,20,0,20,160,25,0,1,35,3,1:3,0,19,0,769728066
gym-lanes-boss6,tpa-order,26,Defeat,13,0,13,104,14,0,2,46,-1,,0,14,0,1796121675
gym-lanes-boss6,tpa-order,27,Defeat,11,0,11,88,2,0,1,63,-1,,0,7,0,2951465123
gym-lanes-boss6,tpa-order,28,Defeat,6,0,6,48,3,0,2,83,11,1:11,0,2,0,1343647415
gym-lanes-boss6,tpa-order,29,Defeat,14,0,14,112,18,0,1,35,-1,,0,12,0,1555193659
gym-lanes-boss6,tpa-order,30,Defeat,9,0,9,72,15,0,2,44,-1,,0,9,1,4230592869
gym-lanes-boss6,tpa-order,31,Defeat,14,0,14,112,16,0,1,42,-1,,0,13,0,3574149057
gym-lanes-boss6,tpa-order,32,Defeat,12,0,12,96,12,0,3,66,-1,,0,18,1,1733329499
gym-lanes-boss6,tpa-order,33,Defeat,7,0,7,56,8,0,4,85,11,1:11,0,9,1,3931359990
gym-lanes-boss6,tpa-order,34,Defeat,7,0,7,56,8,0,2,85,11,1:11,0,8,1,2792440723
gym-lanes-boss6,tpa-order,35,Defeat,13,0,13,104,17,0,2,46,-1,,0,15,0,2991720690
gym-lanes-boss6,tpa-order,36,Defeat,7,0,7,56,9,0,2,57,-1,,0,5,1,3693189441
gym-lanes-boss6,tpa-order,37,Defeat,15,0,15,120,14,0,1,40,-1,,0,14,0,4013050518
gym-lanes-boss6,tpa-order,38,Victory,31,0,31,248,49,105,0,29,-1,,0,49,0,1289452761
gym-lanes-boss6,tpa-order,39,Defeat,15,0,15,120,15,0,1,33,-1,,0,23,0,1784962590
gym-lanes-boss6,tpa-order,40,Defeat,13,0,13,104,21,0,1,38,-1,,0,13,0,1502061822
gym-lanes-boss6,tpa-order,41,Defeat,8,0,8,64,10,0,2,62,-1,,0,6,0,421654951
gym-lanes-boss6,tpa-order,42,Defeat,17,0,17,136,19,0,1,47,-1,,0,21,0,3695747328
gym-lanes-boss6,tpa-order,43,Victory,13,0,13,104,9,5,0,38,-1,,0,12,0,2141617607
gym-lanes-boss6,tpa-order,44,Defeat,13,0,13,104,12,0,1,38,-1,,0,14,0,3571365903
gym-lanes-boss6,tpa-order,45,Defeat,14,0,14,112,15,0,1,35,-1,,0,20,0,2083011060
gym-lanes-boss6,tpa-order,46,Victory,27,0,27,216,32,20,0,18,11,1:11,0,23,0,2967205440
gym-lanes-boss6,tpa-order,47,Victory,31,0,31,248,53,20,0,19,12,1:12,0,26,0,891245938
gym-lanes-boss6,tpa-order,48,Defeat,11,0,11,88,10,0,1,45,-1,,0,6,0,3799610803
gym-lanes-boss6,tpa-order,49,Defeat,13,0,13,104,12,0,1,38,-1,,0,14,0,154818702
gym-lanes-boss6,tpa-order,50,Defeat,15,0,15,120,17,0,1,33,20,1:20,0,17,0,2278256487
gym-lanes-boss6,tpa-order,51,Defeat,14,0,14,112,16,0,1,35,3,1:3,0,8,0,418618053
gym-lanes-boss6,tpa-order,52,Defeat,13,0,13,104,9,0,1,38,-1,,0,12,0,1677453665
gym-lanes-boss6,tpa-order,53,Defeat,16,0,16,128,19,0,1,31,-1,,0,19,0,3892439447
gym-lanes-boss6,tpa-order,54,Defeat,6,0,6,48,10,0,4,100,-1,,0,5,2,487842504
gym-lanes-boss6,tpa-order,55,Defeat,16,0,16,128,22,0,1,37,11,1:11,0,19,0,149827700
gym-lanes-boss6,tpa-order,56,Defeat,20,0,20,160,23,0,2,30,20,1:20,0,36,0,2315355548
gym-lanes-boss6,tpa-order,57,Defeat,12,0,12,96,13,0,1,41,-1,,0,15,0,3485677828
gym-lanes-boss6,tpa-order,58,Defeat,7,0,7,56,5,0,3,71,-1,,0,5,1,2531877554
gym-lanes-boss6,tpa-order,59,Victory,23,0,23,184,24,65,0,26,12,1:12,0,18,0,2920537948
gym-lanes-boss6,tpa-order,60,Victory,26,0,26,208,30,110,0,26,3,1:3,0,34,0,96828324
gym-lanes-boss6,tpa-order,61,Defeat,10,0,10,80,11,0,2,60,3,1:3,0,8,0,1948238290
gym-lanes-boss6,tpa-order,62,Defeat,26,0,26,208,37,0,1,19,20,1:20,0,42,0,2228559896
gym-lanes-boss6,tpa-order,63,Defeat,19,0,19,152,22,0,1,42,3,1:3,0,19,0,2457698070
gym-lanes-boss6,tpa-order,64,Defeat,22,0,22,176,39,0,1,22,3,1:3,0,17,0,3811717999
gym-lanes-boss6,tpa-order,65,Defeat,18,0,18,144,20,0,3,33,3,1:3,0,38,0,3874233133
gym-lanes-boss6,tpa-order,66,Defeat,20,0,20,160,29,0,1,40,-1,,0,27,0,2514280959
gym-lanes-boss6,tpa-order,67,Defeat,7,0,7,56,9,0,4,57,11,1:11,0,9,1,4272094757
gym-lanes-boss6,tpa-order,68,Defeat,11,0,11,88,6,0,3,45,20,1:20,0,14,0,4224725223
gym-lanes-boss6,tpa-order,69,Victory,24,0,24,192,22,85,0,25,20,1:20,0,23,0,243007893
gym-lanes-boss6,tpa-order,70,Defeat,13,0,13,104,17,0,1,30,-1,,0,12,0,1334446251
gym-lanes-boss6,tpa-order,71,Defeat,25,0,25,200,38,0,1,28,11,1:11,0,24,0,3662304657
gym-lanes-boss6,tpa-order,72,Defeat,22,0,22,176,28,0,1,31,3,1:3,0,18,0,1175988872
gym-lanes-boss6,tpa-order,73,Defeat,16,0,16,128,14,0,1,43,-1,,0,12,0,356298518
gym-lanes-boss6,tpa-order,74,Defeat,12,0,12,96,5,0,2,50,-1,,0,18,0,998390383
gym-lanes-boss6,tpa-order,75,Defeat,7,0,7,56,14,0,2,57,-1,,0,6,0,3645886882
gym-lanes-boss6,tpa-order,76,Defeat,9,0,9,72,15,0,2,66,-1,,0,7,0,260689654
gym-lanes-boss6,tpa-order,77,Defeat,15,0,15,120,15,0,1,33,-1,,0,11,0,2379447304
gym-lanes-boss6,tpa-order,78,Defeat,22,0,22,176,32,0,1,31,12,1:12,0,17,0,581492755
gym-lanes-boss6,tpa-order,79,Defeat,11,0,11,88,11,0,2,72,-1,,0,9,0,1748626743
gym-lanes-boss6,tpa-order,80,Defeat,25,0,25,200,35,0,1,28,12,1:12,0,25,0,3005482769
gym-lanes-boss6,tpa-order,81,Defeat,13,0,13,104,20,0,1,61,-1,,0,12,0,1867133372
gym-lanes-boss6,tpa-order,82,Defeat,16,0,16,128,22,0,1,37,12,1:12,0,12,0,312265325
gym-lanes-boss6,tpa-order,83,Defeat,9,0,9,72,7,0,2,55,-1,,0,8,0,1497882710
gym-lanes-boss6,tpa-order,84,Defeat,11,0,11,88,5,0,1,54,-1,,0,9,0,605165334
gym-lanes-boss6,tpa-order,85,Defeat,15,0,15,120,23,0,2,40,11,1:11,0,27,0,3178461639
gym-lanes-boss6,tpa-order,86,Defeat,14,0,14,112,10,0,1,42,3,1:3,0,10,0,3859915846
gym-lanes-boss6,tpa-order,87,Defeat,12,0,12,96,9,0,1,50,-1,,0,11,0,1218705061
gym-lanes-boss6,tpa-order,88,Defeat,13,0,13,104,17,0,1,30,-1,,0,12,0,785492561
gym-lanes-boss6,tpa-order,89,Defeat,14,0,14,112,16,0,1,35,-1,,0,13,0,3768301821
gym-lanes-boss6,tpa-order,90,Defeat,6,0,6,48,6,0,3,66,-1,,0,6,2,2520327495
gym-lanes-boss6,tpa-order,91,Defeat,15,0,15,120,12,0,1,33,-1,,0,13,0,1074758592
gym-lanes-boss6,tpa-order,92,Defeat,16,0,16,128,18,0,1,31,-1,,0,12,0,1244344018
gym-lanes-boss6,tpa-order,93,Defeat,12,0,12,96,12,0,2,50,-1,,0,11,0,3028068353
gym-lanes-boss6,tpa-order,94,Defeat,12,0,12,96,12,0,1,33,-1,,0,19,0,3838621574
gym-lanes-boss6,tpa-order,95,Victory,23,0,23,184,30,40,0,34,12,1:12,0,35,0,3426857770
gym-lanes-boss6,tpa-order,96,Defeat,11,0,11,88,9,0,1,45,-1,,0,7,0,1600859457
gym-lanes-boss6,tpa-order,97,Defeat,13,0,13,104,16,0,1,38,-1,,0,8,0,3823570351
gym-lanes-boss6,tpa-order,98,Defeat,14,0,14,112,18,0,1,35,-1,,0,13,0,1948042421
gym-lanes-boss6,tpa-order,99,Defeat,16,0,16,128,21,0,1,43,-1,,0,14,0,1291114832
gym-lanes-boss6,tpa-order,100,Defeat,16,0,16,128,12,0,1,37,-1,,0,21,0,127820583
gym-lanes-boss6,tpa-order,101,Defeat,13,0,13,104,18,0,2,53,-1,,0,22,0,1931650705
gym-lanes-boss6,tpa-order,102,Defeat,13,0,13,104,22,0,1,30,-1,,0,12,0,1334446251
gym-lanes-boss6,tpa-order,103,Defeat,13,0,13,104,20,0,1,46,-1,,0,15,0,805908462
gym-lanes-boss6,tpa-order,104,Defeat,10,0,10,80,10,0,1,60,-1,,0,6,0,2378490504
gym-lanes-boss6,tpa-order,105,Defeat,9,0,9,72,6,0,1,66,-1,,0,9,0,2550567972
gym-lanes-boss6,tpa-order,106,Defeat,7,0,7,56,4,0,2,100,11,1:11,0,7,0,3167943647
gym-lanes-boss6,tpa-order,107,Defeat,11,0,11,88,8,0,1,54,-1,,0,6,0,2068930373
gym-lanes-boss6,tpa-order,108,Defeat,23,0,23,184,26,0,2,39,20,1:20,0,38,0,532269999
gym-lanes-boss6,tpa-order,109,Victory,13,0,13,104,16,5,0,38,-1,,0,9,0,1944727716
gym-lanes-boss6,tpa-order,110,Defeat,10,0,10,80,7,0,2,50,-1,,0,10,0,3030048355
gym-lanes-boss6,tpa-order,111,Defeat,14,0,14,112,11,0,1,50,-1,,0,15,0,2697514057
gym-lanes-boss6,tpa-order,112,Defeat,30,0,30,240,52,0,1,26,12,1:12,0,26,0,3209754230
gym-lanes-boss6,tpa-order,113,Defeat,10,0,10,80,13,0,1,50,-1,,0,9,0,2714378077
gym-lanes-boss6,tpa-order,114,Defeat,10,0,10,80,10,0,2,40,-1,,0,9,0,851885660
gym-lanes-boss6,tpa-order,115,Defeat,11,0,11,88,23,0,2,45,-1,,0,14,0,60161508
gym-lanes-boss6,tpa-order,116,Defeat,11,0,11,88,10,0,1,45,-1,,0,14,0,1951915415
gym-lanes-boss6,tpa-order,117,Defeat,11,0,11,88,15,0,2,54,-1,,0,15,0,1601230914
gym-lanes-boss6,tpa-order,118,Defeat,6,0,6,48,4,0,2,66,-1,,0,6,0,2022608056
gym-lanes-boss6,tpa-order,119,Defeat,14,0,14,112,11,0,2,35,20,1:20,0,24,0,2941484315
gym-lanes-boss6,tpa-order,120,Defeat,21,0,21,168,22,0,1,38,12,1:12,0,33,0,1931434334
gym-lanes-boss6,tpa-order,121,Defeat,15,0,15,120,17,0,1,40,20,1:20,0,11,0,1107362286
gym-lanes-boss6,tpa-order,122,Defeat,10,0,10,80,7,0,2,50,-1,,0,10,0,3219063852
gym-lanes-boss6,tpa-order,123,Defeat,11,0,11,88,12,0,2,54,3,1:3,0,13,0,2224060585
gym-lanes-boss6,tpa-order,124,Defeat,12,0,12,96,9,0,1,41,-1,,0,11,0,3490271343
gym-lanes-boss6,tpa-order,125,Defeat,19,0,19,152,28,0,1,21,3,1:3,0,15,0,1688313549
gym-lanes-boss6,tpa-order,126,Defeat,11,0,11,88,13,0,2,54,-1,,0,13,0,803661239
gym-lanes-boss6,tpa-order,127,Defeat,8,0,8,64,14,0,3,75,11,1:11,0,12,0,696676026
gym-lanes-boss6,tpa-order,128,Defeat,22,0,22,176,29,0,2,27,20,1:20,0,60,0,731219131
gym-lanes-boss6,tpa-order,129,Defeat,6,0,6,48,12,0,3,83,-1,,0,5,1,3694278240
gym-lanes-boss6,tpa-order,130,Defeat,11,0,11,88,10,0,2,54,-1,,0,13,0,4142600412
gym-lanes-boss6,tpa-order,131,Defeat,13,0,13,104,22,0,1,30,-1,,0,12,0,1334446251
gym-lanes-boss6,tpa-order,132,Defeat,6,0,6,48,11,0,3,66,-1,,0,3,1,2789866210
gym-lanes-boss6,tpa-order,133,Defeat,12,0,12,96,14,0,1,50,-1,,0,13,0,3897293979
gym-lanes-boss6,tpa-order,134,Victory,18,0,18,144,22,210,0,27,3,1:3,0,15,0,1854881624
gym-lanes-boss6,tpa-order,135,Defeat,12,0,12,96,10,0,1,50,-1,,0,12,0,1604101227
gym-lanes-boss6,tpa-order,136,Defeat,19,0,19,152,25,0,1,36,12,1:12,0,16,0,2122965533
gym-lanes-boss6,tpa-order,137,Defeat,14,0,14,112,11,0,1,50,3,1:3,0,9,0,3322924275
gym-lanes-boss6,tpa-order,138,Defeat,5,0,5,40,10,0,3,80,-1,,0,4,2,3082855935
gym-lanes-boss6,tpa-order,139,Defeat,15,0,15,120,16,0,1,33,20,1:20,0,17,0,772322147
gym-lanes-boss6,tpa-order,140,Defeat,12,0,12,96,8,0,2,50,-1,,0,13,0,178494442
gym-lanes-boss6,tpa-order,141,Defeat,9,0,9,72,14,0,2,55,-1,,0,8,0,901886685
gym-lanes-boss6,tpa-order,142,Defeat,11,0,11,88,8,0,2,54,3,1:3,0,13,0,895015670
gym-lanes-boss6,tpa-order,143,Defeat,12,0,12,96,19,0,2,41,-1,,0,18,0,2876925653
gym-lanes-boss6,tpa-order,144,Defeat,19,0,19,152,29,0,1,26,12,1:12,0,17,0,3449406552
gym-lanes-boss6,tpa-order,145,Defeat,28,0,28,224,35,0,1,28,20,1:20,0,28,0,3257681224
gym-lanes-boss6,tpa-order,146,Defeat,11,0,11,88,11,0,1,45,-1,,0,17,0,3269029649
gym-lanes-boss6,tpa-order,147,Defeat,13,0,13,104,14,0,3,23,3,1:3,0,23,0,2102679323
gym-lanes-boss6,tpa-order,148,Defeat,12,0,12,96,10,0,1,58,-1,,0,14,0,999168145
gym-lanes-boss6,tpa-order,149,Defeat,14,0,14,112,23,0,1,35,-1,,0,13,0,1069646396
gym-lanes-boss6,tpa-order,150,Defeat,13,0,13,104,12,0,1,53,-1,,0,10,0,4056052740
gym-lanes-boss6,tpa-order,151,Defeat,12,0,12,96,8,0,2,41,20,1:20,0,12,0,2021350858
gym-lanes-boss6,tpa-order,152,Defeat,10,0,10,80,2,0,1,60,-1,,0,5,0,1829516982
gym-lanes-boss6,tpa-order,153,Defeat,23,0,23,184,38,0,1,52,12,1:12,0,50,0,3746526777
gym-lanes-boss6,tpa-order,154,Defeat,12,0,12,96,20,0,1,41,-1,,0,13,0,2802596699
gym-lanes-boss6,tpa-order,155,Defeat,12,0,12,96,15,0,1,50,-1,,0,13,0,2526526278
gym-lanes-boss6,tpa-order,156,Defeat,16,0,16,128,21,0,2,43,20,1:20,0,28,0,567571055
gym-lanes-boss6,tpa-order,157,Defeat,12,0,12,96,13,0,2,58,-1,,0,14,0,2572487102
gym-lanes-boss6,tpa-order,158,Defeat,12,0,12,96,17,0,1,33,-1,,0,18,0,3723761043
gym-lanes-boss6,tpa-order,159,Defeat,17,0,17,136,20,0,2,47,20,1:20,0,19,0,1288781610
gym-lanes-boss6,tpa-order,160,Defeat,7,0,7,56,9,0,1,57,-1,,0,5,1,1674305725
gym-lanes-boss6,tpa-order,161,Defeat,8,0,8,64,12,0,4,62,11,1:11,0,12,1,2655776834
gym-lanes-boss6,tpa-order,162,Defeat,13,0,13,104,17,0,1,30,-1,,0,13,0,2241137341
gym-lanes-boss6,tpa-order,163,Defeat,25,0,25,200,30,0,1,20,12,1:12,0,21,0,1463236467
gym-lanes-boss6,tpa-order,164,Defeat,12,0,12,96,12,0,1,41,-1,,0,16,0,3198082562
gym-lanes-boss6,tpa-order,165,Defeat,13,0,13,104,13,0,1,38,3,1:3,0,9,0,1972714767
gym-lanes-boss6,tpa-order,166,Defeat,24,0,24,192,38,0,1,37,12,1:12,0,21,0,872563834
gym-lanes-boss6,tpa-order,167,Defeat,20,0,20,160,27,0,1,25,12,1:12,0,16,0,1030498508
gym-lanes-boss6,tpa-order,168,Defeat,13,0,13,104,18,0,1,38,-1,,0,12,0,590470806
gym-lanes-boss6,tpa-order,169,Defeat,15,0,15,120,35,0,1,40,-1,,0,18,0,4150389837
gym-lanes-boss6,tpa-order,170,Defeat,15,0,15,120,17,0,1,33,-1,,0,15,0,4254478662
gym-lanes-boss6,tpa-order,171,Defeat,16,0,16,128,15,0,1,37,-1,,0,20,0,2748632484
gym-lanes-boss6,tpa-order,172,Defeat,15,0,15,120,12,0,1,40,3,1:3,0,11,0,1389725769
gym-lanes-boss6,tpa-order,173,Defeat,12,0,12,96,16,0,1,33,-1,,0,19,0,2960954593
gym-lanes-boss6,tpa-order,174,Defeat,20,0,20,160,19,0,1,20,20,1:20,0,19,0,2568829092
gym-lanes-boss6,tpa-order,175,Defeat,11,0,11,88,10,0,1,45,-1,,0,13,0,3173251005
gym-lanes-boss6,tpa-order,176,Defeat,5,0,5,40,5,0,4,80,-1,,0,4,2,220590554
gym-lanes-boss6,tpa-order,177,Defeat,14,0,14,112,8,0,1,35,-1,,0,15,0,2079381370
gym-lanes-boss6,tpa-order,178,Defeat,12,0,12,96,9,0,1,41,-1,,0,15,0,1831436534
gym-lanes-boss6,tpa-order,179,Victory,18,0,18,144,15,90,0,27,12,1:12,0,13,0,2969197568
gym-lanes-boss6,tpa-order,180,Defeat,13,0,13,104,24,0,1,46,-1,,0,9,0,4151073443
gym-lanes-boss6,tpa-order,181,Defeat,19,0,19,152,28,0,1,26,-1,,0,15,0,540507772
gym-lanes-boss6,tpa-order,182,Defeat,11,0,11,88,28,0,2,45,-1,,0,11,0,3011524319
gym-lanes-boss6,tpa-order,183,Defeat,12,0,12,96,8,0,1,66,-1,,0,16,0,1413409734
gym-lanes-boss6,tpa-order,184,Defeat,12,0,12,96,6,0,1,66,-1,,0,13,0,34154393
gym-lanes-boss6,tpa-order,185,Defeat,6,0,6,48,12,0,2,66,-1,,0,5,1,2232068919
gym-lanes-boss6,tpa-order,186,Victory,15,0,15,120,7,5,0,46,3,1:3,0,9,0,3798468901
gym-lanes-boss6,tpa-order,187,Defeat,13,0,13,104,21,0,1,38,-1,,0,13,0,2368156798
gym-lanes-boss6,tpa-order,188,Defeat,12,0,12,96,7,0,2,33,20,1:20,0,15,0,2347288325
gym-lanes-boss6,tpa-order,189,Defeat,13,0,13,104,14,0,1,53,-1,,0,19,0,462308290
gym-lanes-boss6,tpa-order,190,Defeat,5,0,5,40,12,0,4,80,-1,,0,4,2,961355637
gym-lanes-boss6,tpa-order,191,Defeat,17,0,17,136,28,0,1,41,3,1:3,0,13,0,2532537613
gym-lanes-boss6,tpa-order,192,Victory,27,0,27,216,41,55,0,33,12,1:12,0,28,0,2593478132
gym-lanes-boss6,tpa-order,193,Defeat,13,0,13,104,13,0,1,38,-1,,0,11,0,3838943578
gym-lanes-boss6,tpa-order,194,Defeat,13,0,13,104,16,0,2,46,-1,,0,15,0,1908013101
gym-lanes-boss6,tpa-order,195,Defeat,14,0,14,112,13,0,1,50,-1,,0,10,0,163893797
gym-lanes-boss6,tpa-order,196,Defeat,12,0,12,96,16,0,1,41,-1,,0,7,0,1599256896
gym-lanes-boss6,tpa-order,197,Defeat,21,0,21,168,32,0,1,23,12,1:12,0,16,0,1606309704
gym-lanes-boss6,tpa-order,198,Defeat,11,0,11,88,8,0,1,45,-1,,0,12,0,431537721
gym-lanes-boss6,tpa-order,199,Victory,13,0,13,104,5,25,0,38,-1,,0,8,0,1934599313
gym-lanes-boss6,tpa-order,200,Defeat,13,0,13,104,20,0,1,53,-1,,0,15,0,3901909160
gym-lanes-boss6,control-hold,1,Defeat,14,0,14,112,12,0,1,42,3,1:3,0,18,0,1323464757
gym-lanes-boss6,control-hold,2,Defeat,24,0,24,192,24,0,1,33,20,1:20,0,35,0,3499877409
gym-lanes-boss6,control-hold,3,Defeat,12,0,12,96,7,0,1,50,-1,,0,14,0,2108579571
gym-lanes-boss6,control-hold,4,Defeat,11,0,11,88,7,0,1,54,-1,,0,8,0,3077036073
gym-lanes-boss6,control-hold,5,Defeat,22,0,22,176,34,0,1,31,12,1:12,0,25,0,3784225686
gym-lanes-boss6,control-hold,6,Defeat,17,0,17,136,23,0,1,35,-1,,0,19,0,2030701158
gym-lanes-boss6,control-hold,7,Defeat,10,0,10,80,13,0,2,50,-1,,0,10,1,2849229616
gym-lanes-boss6,control-hold,8,Defeat,12,0,12,96,9,0,1,58,-1,,0,11,0,2574688989
gym-lanes-boss6,control-hold,9,Defeat,10,0,10,80,6,0,1,50,-1,,0,11,0,420945965
gym-lanes-boss6,control-hold,10,Defeat,25,0,25,200,28,0,1,28,12,1:12,0,19,0,947273773
gym-lanes-boss6,control-hold,11,Defeat,21,0,21,168,25,0,1,28,20,1:20,0,28,0,3626931813
gym-lanes-boss6,control-hold,12,Victory,25,0,25,200,35,80,0,28,3,1:3,0,20,0,620279296
gym-lanes-boss6,control-hold,13,Defeat,10,0,10,80,14,0,2,50,-1,,0,10,0,2582038857
gym-lanes-boss6,control-hold,14,Defeat,18,0,18,144,27,0,1,44,-1,,0,27,0,1595937966
gym-lanes-boss6,control-hold,15,Defeat,8,0,8,64,14,0,2,50,-1,,0,6,1,2088307237
gym-lanes-boss6,control-hold,16,Defeat,13,0,13,104,17,0,1,30,-1,,0,12,0,2746127241
gym-lanes-boss6,control-hold,17,Defeat,17,0,17,136,27,0,1,29,-1,,0,13,0,1560924927
gym-lanes-boss6,control-hold,18,Defeat,11,0,11,88,9,0,3,63,-1,,0,12,0,2044108931
gym-lanes-boss6,control-hold,19,Defeat,13,0,13,104,15,0,1,53,-1,,0,15,0,1366710420
gym-lanes-boss6,control-hold,20,Defeat,13,0,13,104,16,0,1,38,-1,,0,10,0,3332575498
gym-lanes-boss6,control-hold,21,Defeat,12,0,12,96,13,0,1,50,-1,,0,9,0,1777800591
gym-lanes-boss6,control-hold,22,Defeat,6,0,6,48,8,0,3,83,-1,,0,6,1,3656982241
gym-lanes-boss6,control-hold,23,Defeat,18,0,18,144,24,0,1,38,-1,,0,26,0,3767884379
gym-lanes-boss6,control-hold,24,Defeat,10,0,10,80,7,0,2,50,-1,,0,7,0,3668257110
gym-lanes-boss6,control-hold,25,Defeat,20,0,20,160,25,0,1,35,3,1:3,0,19,0,769728066
gym-lanes-boss6,control-hold,26,Defeat,13,0,13,104,14,0,2,46,-1,,0,14,0,3374160219
gym-lanes-boss6,control-hold,27,Defeat,17,0,17,136,13,0,2,58,-1,,0,22,0,1580028597
gym-lanes-boss6,control-hold,28,Defeat,7,0,7,56,3,0,2,85,-1,,0,4,0,837078177
gym-lanes-boss6,control-hold,29,Defeat,14,0,14,112,18,0,1,35,-1,,0,12,0,1555193659
gym-lanes-boss6,control-hold,30,Defeat,9,0,9,72,15,0,3,55,-1,,0,9,1,3313928062
gym-lanes-boss6,control-hold,31,Defeat,14,0,14,112,16,0,1,42,-1,,0,13,0,3574149057
gym-lanes-boss6,control-hold,32,Defeat,12,0,12,96,12,0,3,66,-1,,0,18,1,1733329499
gym-lanes-boss6,control-hold,33,Defeat,7,0,7,56,8,0,4,85,11,1:11,0,9,1,3931359990
gym-lanes-boss6,control-hold,34,Defeat,7,0,7,56,8,0,4,100,11,1:11,0,9,1,4112472100
gym-lanes-boss6,control-hold,35,Defeat,13,0,13,104,17,0,2,46,-1,,0,15,0,2991720690
gym-lanes-boss6,control-hold,36,Defeat,7,0,7,56,9,0,2,57,-1,,0,5,1,3693189441
gym-lanes-boss6,control-hold,37,Defeat,15,0,15,120,14,0,1,40,-1,,0,14,0,4013050518
gym-lanes-boss6,control-hold,38,Victory,31,0,31,248,49,105,0,29,-1,,0,49,0,1289452761
gym-lanes-boss6,control-hold,39,Defeat,14,0,14,112,15,0,2,35,-1,,0,22,0,712954946
gym-lanes-boss6,control-hold,40,Defeat,13,0,13,104,21,0,1,38,-1,,0,13,0,1502061822
gym-lanes-boss6,control-hold,41,Defeat,8,0,8,64,10,0,2,62,-1,,0,6,0,1918101674
gym-lanes-boss6,control-hold,42,Defeat,17,0,17,136,19,0,1,47,-1,,0,21,0,3695747328
gym-lanes-boss6,control-hold,43,Victory,13,0,13,104,9,5,0,38,-1,,0,12,0,2141617607
gym-lanes-boss6,control-hold,44,Defeat,13,0,13,104,12,0,1,38,-1,,0,14,0,3571365903
gym-lanes-boss6,control-hold,45,Defeat,14,0,14,112,15,0,1,35,-1,,0,20,0,2083011060
gym-lanes-boss6,control-hold,46,Victory,27,0,27,216,32,20,0,18,11,1:11,0,23,0,2967205440
gym-lanes-boss6,control-hold,47,Victory,31,0,31,248,53,20,0,19,12,1:12,0,26,0,891245938
gym-lanes-boss6,control-hold,48,Defeat,11,0,11,88,10,0,1,45,-1,,0,6,0,3799610803
gym-lanes-boss6,control-hold,49,Defeat,13,0,13,104,12,0,1,38,-1,,0,14,0,154818702
gym-lanes-boss6,control-hold,50,Defeat,15,0,15,120,17,0,1,33,20,1:20,0,17,0,2278256487
gym-lanes-boss6,control-hold,51,Defeat,14,0,14,112,16,0,1,35,3,1:3,0,8,0,418618053
gym-lanes-boss6,control-hold,52,Defeat,13,0,13,104,9,0,1,38,-1,,0,12,0,1677453665
gym-lanes-boss6,control-hold,53,Defeat,16,0,16,128,19,0,1,31,-1,,0,19,0,3892439447
gym-lanes-boss6,control-hold,54,Defeat,6,0,6,48,10,0,4,100,-1,,0,5,2,487842504
gym-lanes-boss6,control-hold,55,Defeat,16,0,16,128,22,0,1,37,11,1:11,0,19,0,149827700
gym-lanes-boss6,control-hold,56,Defeat,20,0,20,160,23,0,2,30,20,1:20,0,36,0,1538200140
gym-lanes-boss6,control-hold,57,Defeat,12,0,12,96,13,0,1,41,-1,,0,15,0,3485677828
gym-lanes-boss6,control-hold,58,Defeat,7,0,7,56,5,0,3,71,-1,,0,5,1,2531877554
gym-lanes-boss6,control-hold,59,Victory,23,0,23,184,24,65,0,26,12,1:12,0,18,0,2920537948
gym-lanes-boss6,control-hold,60,Victory,26,0,26,208,30,110,0,26,3,1:3,0,34,0,96828324
gym-lanes-boss6,control-hold,61,Defeat,10,0,10,80,11,0,2,60,3,1:3,0,8,0,1948238290
gym-lanes-boss6,control-hold,62,Defeat,26,0,26,208,37,0,1,19,20,1:20,0,42,0,2228559896
gym-lanes-boss6,control-hold,63,Defeat,19,0,19,152,22,0,1,42,3,1:3,0,19,0,2457698070
gym-lanes-boss6,control-hold,64,Defeat,22,0,22,176,39,0,1,22,3,1:3,0,17,0,3811717999
gym-lanes-boss6,control-hold,65,Defeat,18,0,18,144,20,0,3,33,3,1:3,0,38,0,3874233133
gym-lanes-boss6,control-hold,66,Defeat,13,0,13,104,20,0,2,46,-1,,0,20,0,3667242132
gym-lanes-boss6,control-hold,67,Defeat,7,0,7,56,9,0,4,57,11,1:11,0,9,1,4272094757
gym-lanes-boss6,control-hold,68,Defeat,11,0,11,88,6,0,3,45,20,1:20,0,14,0,4224725223
gym-lanes-boss6,control-hold,69,Victory,24,0,24,192,22,85,0,25,20,1:20,0,23,0,243007893
gym-lanes-boss6,control-hold,70,Defeat,13,0,13,104,17,0,1,30,-1,,0,12,0,1334446251
gym-lanes-boss6,control-hold,71,Defeat,25,0,25,200,38,0,1,28,11,1:11,0,24,0,3662304657
gym-lanes-boss6,control-hold,72,Defeat,22,0,22,176,28,0,1,31,3,1:3,0,18,0,1175988872
gym-lanes-boss6,control-hold,73,Defeat,16,0,16,128,14,0,1,43,-1,,0,12,0,356298518
gym-lanes-boss6,control-hold,74,Defeat,12,0,12,96,5,0,2,50,-1,,0,18,0,998390383
gym-lanes-boss6,control-hold,75,Defeat,7,0,7,56,14,0,2,57,-1,,0,6,0,3645886882
gym-lanes-boss6,control-hold,76,Defeat,9,0,9,72,15,0,2,66,-1,,0,7,0,260689654
gym-lanes-boss6,control-hold,77,Defeat,15,0,15,120,15,0,1,33,-1,,0,11,0,2379447304
gym-lanes-boss6,control-hold,78,Defeat,22,0,22,176,32,0,1,31,12,1:12,0,17,0,581492755
gym-lanes-boss6,control-hold,79,Defeat,11,0,11,88,11,0,2,72,-1,,0,9,0,1748626743
gym-lanes-boss6,control-hold,80,Defeat,25,0,25,200,35,0,1,28,12,1:12,0,25,0,3005482769
gym-lanes-boss6,control-hold,81,Defeat,12,0,12,96,20,0,2,66,-1,,0,11,0,479143803
gym-lanes-boss6,control-hold,82,Defeat,16,0,16,128,22,0,1,37,12,1:12,0,12,0,312265325
gym-lanes-boss6,control-hold,83,Defeat,9,0,9,72,7,0,2,55,-1,,0,8,0,1497882710
gym-lanes-boss6,control-hold,84,Defeat,11,0,11,88,5,0,1,54,-1,,0,9,0,605165334
gym-lanes-boss6,control-hold,85,Defeat,15,0,15,120,23,0,2,40,11,1:11,0,27,0,3178461639
gym-lanes-boss6,control-hold,86,Defeat,14,0,14,112,10,0,1,42,3,1:3,0,10,0,3859915846
gym-lanes-boss6,control-hold,87,Defeat,12,0,12,96,9,0,1,50,-1,,0,12,0,4290130647
gym-lanes-boss6,control-hold,88,Defeat,13,0,13,104,17,0,1,30,-1,,0,12,0,785492561
gym-lanes-boss6,control-hold,89,Defeat,14,0,14,112,16,0,1,35,-1,,0,13,0,3768301821
gym-lanes-boss6,control-hold,90,Defeat,6,0,6,48,6,0,3,66,-1,,0,6,2,2520327495
gym-lanes-boss6,control-hold,91,Defeat,15,0,15,120,12,0,1,33,-1,,0,13,0,1074758592
gym-lanes-boss6,control-hold,92,Defeat,16,0,16,128,18,0,1,31,-1,,0,12,0,1244344018
gym-lanes-boss6,control-hold,93,Defeat,12,0,12,96,12,0,2,50,-1,,0,11,0,3028068353
gym-lanes-boss6,control-hold,94,Defeat,12,0,12,96,12,0,1,33,-1,,0,19,0,3838621574
gym-lanes-boss6,control-hold,95,Defeat,22,0,22,176,30,0,2,40,12,1:12,0,34,0,2660915257
gym-lanes-boss6,control-hold,96,Defeat,11,0,11,88,9,0,1,45,-1,,0,7,0,1600859457
gym-lanes-boss6,control-hold,97,Defeat,13,0,13,104,16,0,1,38,-1,,0,8,0,3823570351
gym-lanes-boss6,control-hold,98,Defeat,14,0,14,112,18,0,1,35,-1,,0,13,0,1948042421
gym-lanes-boss6,control-hold,99,Defeat,16,0,16,128,21,0,1,43,-1,,0,14,0,1291114832
gym-lanes-boss6,control-hold,100,Defeat,16,0,16,128,12,0,1,37,-1,,0,21,0,127820583
gym-lanes-boss6,control-hold,101,Defeat,13,0,13,104,18,0,3,53,-1,,0,22,0,678013787
gym-lanes-boss6,control-hold,102,Defeat,13,0,13,104,22,0,1,30,-1,,0,12,0,1334446251
gym-lanes-boss6,control-hold,103,Defeat,13,0,13,104,20,0,1,46,-1,,0,15,0,805908462
gym-lanes-boss6,control-hold,104,Defeat,10,0,10,80,10,0,1,60,-1,,0,6,0,2378490504
gym-lanes-boss6,control-hold,105,Defeat,9,0,9,72,6,0,1,66,-1,,0,9,0,2550567972
gym-lanes-boss6,control-hold,106,Defeat,7,0,7,56,4,0,2,100,11,1:11,0,7,0,3167943647
gym-lanes-boss6,control-hold,107,Defeat,11,0,11,88,8,0,1,54,-1,,0,6,0,2068930373
gym-lanes-boss6,control-hold,108,Defeat,23,0,23,184,26,0,2,39,20,1:20,0,38,0,532269999
gym-lanes-boss6,control-hold,109,Victory,13,0,13,104,16,5,0,38,-1,,0,9,0,1944727716
gym-lanes-boss6,control-hold,110,Defeat,10,0,10,80,7,0,2,50,-1,,0,10,0,3030048355
gym-lanes-boss6,control-hold,111,Defeat,14,0,14,112,11,0,1,50,-1,,0,15,0,2697514057
gym-lanes-boss6,control-hold,112,Defeat,30,0,30,240,52,0,1,26,12,1:12,0,26,0,3209754230
gym-lanes-boss6,control-hold,113,Defeat,10,0,10,80,13,0,1,50,-1,,0,9,0,2714378077
gym-lanes-boss6,control-hold,114,Defeat,10,0,10,80,10,0,2,40,-1,,0,9,0,851885660
gym-lanes-boss6,control-hold,115,Defeat,11,0,11,88,23,0,3,72,-1,,0,15,0,752257495
gym-lanes-boss6,control-hold,116,Defeat,11,0,11,88,10,0,1,45,-1,,0,14,0,1951915415
gym-lanes-boss6,control-hold,117,Defeat,11,0,11,88,15,0,2,54,-1,,0,15,0,1601230914
gym-lanes-boss6,control-hold,118,Defeat,6,0,6,48,4,0,2,66,-1,,0,6,0,2022608056
gym-lanes-boss6,control-hold,119,Defeat,14,0,14,112,11,0,2,35,20,1:20,0,24,0,2941484315
gym-lanes-boss6,control-hold,120,Defeat,21,0,21,168,22,0,2,42,12,1:12,0,33,0,713725493
gym-lanes-boss6,control-hold,121,Defeat,15,0,15,120,17,0,1,40,20,1:20,0,11,0,1107362286
gym-lanes-boss6,control-hold,122,Defeat,10,0,10,80,7,0,2,50,-1,,0,10,0,3219063852
gym-lanes-boss6,control-hold,123,Defeat,11,0,11,88,12,0,2,54,3,1:3,0,13,0,2224060585
gym-lanes-boss6,control-hold,124,Defeat,12,0,12,96,9,0,1,41,-1,,0,11,0,3490271343
gym-lanes-boss6,control-hold,125,Defeat,19,0,19,152,28,0,1,21,3,1:3,0,15,0,1688313549
gym-lanes-boss6,control-hold,126,Defeat,11,0,11,88,13,0,2,54,-1,,0,13,0,803661239
gym-lanes-boss6,control-hold,127,Defeat,8,0,8,64,14,0,4,87,11,1:11,0,12,0,175272465
gym-lanes-boss6,control-hold,128,Defeat,22,0,22,176,29,0,2,27,20,1:20,0,60,0,731219131
gym-lanes-boss6,control-hold,129,Defeat,6,0,6,48,12,0,3,83,-1,,0,5,1,3694278240
gym-lanes-boss6,control-hold,130,Defeat,11,0,11,88,10,0,2,54,-1,,0,13,0,4142600412
gym-lanes-boss6,control-hold,131,Defeat,13,0,13,104,22,0,1,30,-1,,0,12,0,1334446251
gym-lanes-boss6,control-hold,132,Defeat,6,0,6,48,11,0,3,66,-1,,0,3,1,2789866210
gym-lanes-boss6,control-hold,133,Defeat,12,0,12,96,14,0,1,50,-1,,0,13,0,3897293979
gym-lanes-boss6,control-hold,134,Victory,18,0,18,144,22,210,0,27,3,1:3,0,15,0,1854881624
gym-lanes-boss6,control-hold,135,Defeat,12,0,12,96,10,0,1,50,-1,,0,12,0,1604101227
gym-lanes-boss6,control-hold,136,Defeat,19,0,19,152,25,0,1,36,12,1:12,0,16,0,2122965533
gym-lanes-boss6,control-hold,137,Defeat,14,0,14,112,11,0,1,50,3,1:3,0,9,0,3322924275
gym-lanes-boss6,control-hold,138,Defeat,5,0,5,40,10,0,3,80,-1,,0,4,2,3082855935
gym-lanes-boss6,control-hold,139,Defeat,15,0,15,120,16,0,1,33,20,1:20,0,17,0,772322147
gym-lanes-boss6,control-hold,140,Defeat,12,0,12,96,8,0,2,50,-1,,0,13,0,178494442
gym-lanes-boss6,control-hold,141,Defeat,9,0,9,72,14,0,2,55,-1,,0,8,0,901886685
gym-lanes-boss6,control-hold,142,Defeat,11,0,11,88,8,0,2,54,3,1:3,0,13,0,895015670
gym-lanes-boss6,control-hold,143,Defeat,12,0,12,96,19,0,2,41,-1,,0,18,0,2876925653
gym-lanes-boss6,control-hold,144,Defeat,19,0,19,152,29,0,1,26,12,1:12,0,17,0,3449406552
gym-lanes-boss6,control-hold,145,Defeat,28,0,28,224,35,0,1,28,20,1:20,0,28,0,3257681224
gym-lanes-boss6,control-hold,146,Defeat,11,0,11,88,11,0,1,45,-1,,0,17,0,3269029649
gym-lanes-boss6,control-hold,147,Defeat,13,0,13,104,14,0,3,23,3,1:3,0,23,0,2102679323
gym-lanes-boss6,control-hold,148,Defeat,10,0,10,80,10,0,3,60,-1,,0,11,0,506832774
gym-lanes-boss6,control-hold,149,Defeat,14,0,14,112,23,0,1,35,-1,,0,13,0,1069646396
gym-lanes-boss6,control-hold,150,Defeat,13,0,13,104,12,0,1,53,-1,,0,10,0,4056052740
gym-lanes-boss6,control-hold,151,Defeat,12,0,12,96,8,0,2,41,20,1:20,0,12,0,2021350858
gym-lanes-boss6,control-hold,152,Defeat,10,0,10,80,2,0,1,60,-1,,0,5,0,1829516982
gym-lanes-boss6,control-hold,153,Defeat,23,0,23,184,38,0,2,56,12,1:12,0,50,0,4016547328
gym-lanes-boss6,control-hold,154,Defeat,12,0,12,96,20,0,1,41,-1,,0,13,0,2802596699
gym-lanes-boss6,control-hold,155,Defeat,12,0,12,96,15,0,1,50,-1,,0,13,0,2526526278
gym-lanes-boss6,control-hold,156,Defeat,16,0,16,128,21,0,2,43,20,1:20,0,28,0,567571055
gym-lanes-boss6,control-hold,157,Defeat,12,0,12,96,13,0,2,58,-1,,0,14,0,1602883932
gym-lanes-boss6,control-hold,158,Defeat,12,0,12,96,17,0,1,33,-1,,0,18,0,3723761043
gym-lanes-boss6,control-hold,159,Defeat,17,0,17,136,20,0,2,47,20,1:20,0,19,0,1288781610
gym-lanes-boss6,control-hold,160,Defeat,7,0,7,56,9,0,1,57,-1,,0,5,1,1674305725
gym-lanes-boss6,control-hold,161,Defeat,8,0,8,64,12,0,4,62,11,1:11,0,12,1,2655776834
gym-lanes-boss6,control-hold,162,Defeat,13,0,13,104,17,0,1,30,-1,,0,13,0,2241137341
gym-lanes-boss6,control-hold,163,Defeat,25,0,25,200,30,0,1,20,12,1:12,0,21,0,1463236467
gym-lanes-boss6,control-hold,164,Defeat,12,0,12,96,12,0,1,41,-1,,0,16,0,3198082562
gym-lanes-boss6,control-hold,165,Defeat,13,0,13,104,13,0,1,38,3,1:3,0,9,0,1972714767
gym-lanes-boss6,control-hold,166,Defeat,24,0,24,192,38,0,1,37,12,1:12,0,21,0,872563834
gym-lanes-boss6,control-hold,167,Defeat,20,0,20,160,27,0,1,25,12,1:12,0,16,0,1030498508
gym-lanes-boss6,control-hold,168,Defeat,13,0,13,104,18,0,1,38,-1,,0,12,0,590470806
gym-lanes-boss6,control-hold,169,Defeat,15,0,15,120,35,0,1,40,-1,,0,18,0,4150389837
gym-lanes-boss6,control-hold,170,Defeat,15,0,15,120,17,0,1,33,-1,,0,15,0,4254478662
gym-lanes-boss6,control-hold,171,Defeat,16,0,16,128,15,0,2,50,-1,,0,21,0,220780155
gym-lanes-boss6,control-hold,172,Defeat,15,0,15,120,12,0,1,40,3,1:3,0,11,0,1389725769
gym-lanes-boss6,control-hold,173,Defeat,12,0,12,96,16,0,1,33,-1,,0,19,0,2960954593
gym-lanes-boss6,control-hold,174,Defeat,20,0,20,160,19,0,1,20,20,1:20,0,19,0,2568829092
gym-lanes-boss6,control-hold,175,Defeat,11,0,11,88,10,0,1,45,-1,,0,13,0,3173251005
gym-lanes-boss6,control-hold,176,Defeat,5,0,5,40,5,0,4,80,-1,,0,4,2,220590554
gym-lanes-boss6,control-hold,177,Defeat,14,0,14,112,8,0,1,35,-1,,0,15,0,2079381370
gym-lanes-boss6,control-hold,178,Defeat,12,0,12,96,9,0,1,41,-1,,0,15,0,1831436534
gym-lanes-boss6,control-hold,179,Victory,18,0,18,144,15,90,0,27,12,1:12,0,13,0,2969197568
gym-lanes-boss6,control-hold,180,Defeat,13,0,13,104,24,0,1,46,-1,,0,9,0,4151073443
gym-lanes-boss6,control-hold,181,Defeat,19,0,19,152,28,0,1,26,-1,,0,15,0,540507772
gym-lanes-boss6,control-hold,182,Defeat,11,0,11,88,28,0,2,45,-1,,0,11,0,3011524319
gym-lanes-boss6,control-hold,183,Defeat,12,0,12,96,8,0,1,66,-1,,0,16,0,1413409734
gym-lanes-boss6,control-hold,184,Defeat,12,0,12,96,6,0,1,66,-1,,0,13,0,34154393
gym-lanes-boss6,control-hold,185,Defeat,6,0,6,48,12,0,2,66,-1,,0,5,1,2232068919
gym-lanes-boss6,control-hold,186,Victory,15,0,15,120,7,5,0,46,3,1:3,0,9,0,3798468901
gym-lanes-boss6,control-hold,187,Defeat,13,0,13,104,21,0,1,38,-1,,0,13,0,2368156798
gym-lanes-boss6,control-hold,188,Defeat,12,0,12,96,7,0,2,33,20,1:20,0,15,0,2347288325
gym-lanes-boss6,control-hold,189,Defeat,13,0,13,104,14,0,2,61,-1,,0,19,0,2168651995
gym-lanes-boss6,control-hold,190,Defeat,5,0,5,40,12,0,4,80,-1,,0,4,2,961355637
gym-lanes-boss6,control-hold,191,Defeat,17,0,17,136,28,0,1,41,3,1:3,0,13,0,2532537613
gym-lanes-boss6,control-hold,192,Defeat,22,0,22,176,24,0,1,36,12,1:12,0,23,0,409523387
gym-lanes-boss6,control-hold,193,Defeat,13,0,13,104,13,0,1,38,-1,,0,11,0,3838943578
gym-lanes-boss6,control-hold,194,Defeat,13,0,13,104,16,0,2,46,-1,,0,15,0,2069294893
gym-lanes-boss6,control-hold,195,Defeat,14,0,14,112,13,0,1,50,-1,,0,10,0,163893797
gym-lanes-boss6,control-hold,196,Defeat,12,0,12,96,16,0,1,41,-1,,0,7,0,1599256896
gym-lanes-boss6,control-hold,197,Defeat,21,0,21,168,32,0,1,23,12,1:12,0,16,0,1606309704
gym-lanes-boss6,control-hold,198,Defeat,11,0,11,88,8,0,1,45,-1,,0,12,0,431537721
gym-lanes-boss6,control-hold,199,Victory,13,0,13,104,5,25,0,38,-1,,0,8,0,1934599313
gym-lanes-boss6,control-hold,200,Defeat,13,0,13,104,20,0,1,53,-1,,0,15,0,3901909160
gym-lanes-boss6,charge,1,Defeat,8,0,8,64,6,0,1,50,-1,,0,1,0,3391140599
gym-lanes-boss6,charge,2,Defeat,7,0,7,56,8,0,1,57,11,1:11,0,1,0,158879447
gym-lanes-boss6,charge,3,Defeat,7,0,7,56,14,0,1,71,-1,,0,2,1,1990482399
gym-lanes-boss6,charge,4,Defeat,8,0,8,64,10,0,1,50,-1,,0,1,0,225964703
gym-lanes-boss6,charge,5,Defeat,7,0,7,56,6,0,1,57,11,1:11,0,1,0,3692629596
gym-lanes-boss6,charge,6,Defeat,6,0,6,48,5,0,1,66,-1,,0,2,1,2317241179
gym-lanes-boss6,charge,7,Defeat,7,0,7,56,10,0,2,57,-1,,0,3,1,1834126793
gym-lanes-boss6,charge,8,Defeat,9,0,9,72,12,0,1,44,-1,,0,3,0,3632705652
gym-lanes-boss6,charge,9,Defeat,7,0,7,56,15,0,1,42,-1,,0,2,1,2610441810
gym-lanes-boss6,charge,10,Defeat,6,0,6,48,8,0,1,66,-1,,0,2,1,2994969132
gym-lanes-boss6,charge,11,Defeat,7,0,7,56,7,0,1,57,11,1:11,0,1,0,2862459844
gym-lanes-boss6,charge,12,Defeat,7,0,7,56,7,0,1,57,11,1:11,0,1,0,2862459844
gym-lanes-boss6,charge,13,Defeat,8,0,8,64,8,0,1,50,-1,,0,1,0,640606914
gym-lanes-boss6,charge,14,Defeat,6,0,6,48,14,0,2,66,-1,,0,2,2,1210900543
gym-lanes-boss6,charge,15,Defeat,8,0,8,64,20,0,1,62,-1,,0,2,0,533469866
gym-lanes-boss6,charge,16,Defeat,6,0,6,48,10,0,2,66,-1,,0,1,1,2016642521
gym-lanes-boss6,charge,17,Defeat,7,0,7,56,5,0,1,57,11,1:11,0,1,0,2862459844
gym-lanes-boss6,charge,18,Defeat,8,0,8,64,7,0,1,50,-1,,0,2,0,3824685269
gym-lanes-boss6,charge,19,Defeat,7,0,7,56,8,0,1,57,11,1:11,0,1,0,2863719067
gym-lanes-boss6,charge,20,Defeat,6,0,6,48,7,0,1,50,11,1:11,0,1,1,958597286
gym-lanes-boss6,charge,21,Defeat,7,0,7,56,8,0,1,57,-1,,0,2,1,1139192518
gym-lanes-boss6,charge,22,Defeat,6,0,6,48,9,0,1,66,-1,,0,3,1,2027217897
gym-lanes-boss6,charge,23,Defeat,9,0,9,72,12,0,1,33,-1,,0,2,0,2081082872
gym-lanes-boss6,charge,24,Defeat,7,0,7,56,11,0,2,57,-1,,0,2,1,4073129293
gym-lanes-boss6,charge,25,Defeat,6,0,6,48,10,0,1,66,-1,,0,1,1,1763008651
gym-lanes-boss6,charge,26,Defeat,8,0,8,64,7,0,1,50,-1,,0,2,0,1058765438
gym-lanes-boss6,charge,27,Defeat,5,0,5,40,5,0,2,60,-1,,0,1,2,4083446848
gym-lanes-boss6,charge,28,Defeat,4,0,4,32,8,0,3,75,-1,,0,2,3,3359409487
gym-lanes-boss6,charge,29,Defeat,7,0,7,56,7,0,1,57,11,1:11,0,1,0,2862459844
gym-lanes-boss6,charge,30,Defeat,6,0,6,48,10,0,2,66,-1,,0,1,2,1424353551
gym-lanes-boss6,charge,31,Defeat,7,0,7,56,5,0,1,57,11,1:11,0,2,1,2517791473
gym-lanes-boss6,charge,32,Defeat,8,0,8,64,12,0,1,50,-1,,0,4,1,4058131151
gym-lanes-boss6,charge,33,Defeat,6,0,6,48,5,0,2,66,-1,,0,1,1,1160236815
gym-lanes-boss6,charge,34,Defeat,5,0,5,40,9,0,2,60,-1,,0,2,2,918553506
gym-lanes-boss6,charge,35,Defeat,7,0,7,56,7,0,1,57,-1,,0,2,0,3036073285
gym-lanes-boss6,charge,36,Defeat,8,0,8,64,9,0,1,62,-1,,0,1,0,1722805904
gym-lanes-boss6,charge,37,Defeat,8,0,8,64,8,0,1,50,-1,,0,1,0,640606914
gym-lanes-boss6,charge,38,Defeat,7,0,7,56,6,0,1,57,-1,,0,2,1,1755524404
gym-lanes-boss6,charge,39,Defeat,7,0,7,56,5,0,1,57,11,1:11,0,1,0,2862459844
gym-lanes-boss6,charge,40,Defeat,7,0,7,56,5,0,1,57,11,1:11,0,1,0,2862459844
gym-lanes-boss6,charge,41,Defeat,7,0,7,56,6,0,1,57,11,1:11,0,1,0,132093203
gym-lanes-boss6,charge,42,Defeat,7,0,7,56,7,0,1,57,11,1:11,0,1,0,2862459844
gym-lanes-boss6,charge,43,Defeat,7,0,7,56,4,0,1,57,-1,,0,1,0,1979590909
gym-lanes-boss6,charge,44,Defeat,7,0,7,56,6,0,1,57,-1,,0,2,1,127569855
gym-lanes-boss6,charge,45,Defeat,4,0,4,32,8,0,3,75,-1,,0,2,2,2784845451
gym-lanes-boss6,charge,46,Defeat,7,0,7,56,11,0,2,42,-1,,0,1,1,3871821169
gym-lanes-boss6,charge,47,Defeat,7,0,7,56,7,0,1,57,11,1:11,0,1,0,2862459844
gym-lanes-boss6,charge,48,Defeat,7,0,7,56,7,0,1,57,11,1:11,0,1,0,2862459844
gym-lanes-boss6,charge,49,Defeat,7,0,7,56,10,0,1,42,-1,,0,1,1,3150221167
gym-lanes-boss6,charge,50,Defeat,7,0,7,56,7,0,1,57,11,1:11,0,1,0,2862459844
gym-lanes-boss6,charge,51,Defeat,5,0,5,40,8,0,3,80,-1,,0,2,2,2514531793
gym-lanes-boss6,charge,52,Defeat,7,0,7,56,7,0,1,57,11,1:11,0,1,0,2862459844
gym-lanes-boss6,charge,53,Defeat,6,0,6,48,6,0,1,66,-1,,0,2,1,1065927512
gym-lanes-boss6,charge,54,Defeat,9,0,9,72,7,0,1,44,-1,,0,3,0,3106550572
gym-lanes-boss6,charge,55,Defeat,7,0,7,56,10,0,1,57,-1,,0,0,0,521865898
gym-lanes-boss6,charge,56,Defeat,10,0,10,80,17,0,1,40,-1,,0,2,0,3320640202
gym-lanes-boss6,charge,57,Defeat,7,0,7,56,8,0,1,57,12,1:12,0,0,0,8818383
gym-lanes-boss6,charge,58,Defeat,7,0,7,56,5,0,2,57,-1,,0,1,1,1066498195
gym-lanes-boss6,charge,59,Defeat,7,0,7,56,6,0,1,57,11,1:11,0,1,0,2677491857
gym-lanes-boss6,charge,60,Defeat,5,0,5,40,8,0,2,60,-1,,0,2,2,656421522
gym-lanes-boss6,charge,61,Defeat,8,0,8,64,13,0,1,50,-1,,0,2,0,185261080
gym-lanes-boss6,charge,62,Defeat,7,0,7,56,3,0,1,42,-1,,0,0,0,2471701565
gym-lanes-boss6,charge,63,Defeat,7,0,7,56,14,0,2,57,-1,,0,3,1,967428878
gym-lanes-boss6,charge,64,Victory,9,0,9,72,6,30,0,44,-1,,0,2,0,1361021434
gym-lanes-boss6,charge,65,Defeat,7,0,7,56,11,0,1,57,-1,,0,3,1,743176203
gym-lanes-boss6,charge,66,Defeat,8,0,8,64,12,0,1,50,-1,,0,0,0,1070511475
gym-lanes-boss6,charge,67,Defeat,7,0,7,56,6,0,1,57,11,1:11,0,1,0,2677491857
gym-lanes-boss6,charge,68,Defeat,7,0,7,56,11,0,2,71,11,1:11,0,5,0,4117922345
gym-lanes-boss6,charge,69,Defeat,7,0,7,56,10,0,2,57,-1,,0,1,1,874173478
gym-lanes-boss6,charge,70,Defeat,7,0,7,56,14,0,1,57,-1,,0,2,1,3987915950
gym-lanes-boss6,charge,71,Defeat,6,0,6,48,2,0,1,66,-1,,0,2,1,2930317896
gym-lanes-boss6,charge,72,Defeat,9,0,9,72,6,0,1,55,-1,,0,2,0,2632225529
gym-lanes-boss6,charge,73,Defeat,8,0,8,64,6,0,1,50,-1,,0,2,0,436299990
gym-lanes-boss6,charge,74,Defeat,9,0,9,72,8,0,1,55,-1,,0,2,0,1281588879
gym-lanes-boss6,charge,75,Defeat,8,0,8,64,16,0,2,62,-1,,0,1,1,3277198196
gym-lanes-boss6,charge,76,Defeat,8,0,8,64,12,0,2,62,-1,,0,1,0,2342453986
gym-lanes-boss6,charge,77,Defeat,7,0,7,56,7,0,1,57,11,1:11,0,1,0,2862459844
gym-lanes-boss6,charge,78,Defeat,7,0,7,56,7,0,1,57,11,1:11,0,1,0,1682995446
gym-lanes-boss6,charge,79,Defeat,8,0,8,64,12,0,1,50,-1,,0,1,0,3353099932
gym-lanes-boss6,charge,80,Defeat,9,0,9,72,4,0,1,55,-1,,0,3,0,3868398508
gym-lanes-boss6,charge,81,Defeat,7,0,7,56,11,0,3,71,-1,,0,6,1,652377796
gym-lanes-boss6,charge,82,Defeat,7,0,7,56,6,0,1,57,11,1:11,0,1,0,2626406558
gym-lanes-boss6,charge,83,Defeat,8,0,8,64,7,0,2,62,-1,,0,2,1,2850872954
gym-lanes-boss6,charge,84,Defeat,8,0,8,64,12,0,1,50,-1,,0,2,1,4067973508
gym-lanes-boss6,charge,85,Defeat,8,0,8,64,9,0,1,50,-1,,0,0,0,3190247863
gym-lanes-boss6,charge,86,Defeat,6,0,6,48,11,0,2,50,-1,,0,2,1,734209312
gym-lanes-boss6,charge,87,Defeat,7,0,7,56,6,0,1,57,-1,,0,2,0,3157353138
gym-lanes-boss6,charge,88,Defeat,6,0,6,48,6,0,1,66,-1,,0,3,1,582066733
gym-lanes-boss6,charge,89,Defeat,9,0,9,72,13,0,1,44,-1,,0,2,0,2770261393
gym-lanes-boss6,charge,90,Defeat,7,0,7,56,8,0,1,57,11,1:11,0,1,0,1248962523
gym-lanes-boss6,charge,91,Defeat,5,0,5,40,4,0,2,60,-1,,0,1,2,294255728
gym-lanes-boss6,charge,92,Defeat,7,0,7,56,7,0,1,57,11,1:11,0,1,0,2862459844
gym-lanes-boss6,charge,93,Defeat,6,0,6,48,8,0,2,66,-1,,0,1,1,2923090723
gym-lanes-boss6,charge,94,Defeat,7,0,7,56,6,0,1,57,11,1:11,0,1,0,2287379682
gym-lanes-boss6,charge,95,Defeat,7,0,7,56,4,0,1,57,-1,,0,3,1,3295697835
gym-lanes-boss6,charge,96,Defeat,6,0,6,48,6,0,1,50,-1,,0,0,1,1406254201
gym-lanes-boss6,charge,97,Defeat,6,0,6,48,14,0,2,50,-1,,0,2,2,2153458798
gym-lanes-boss6,charge,98,Defeat,5,0,5,40,6,0,2,60,-1,,0,2,2,2053727169
gym-lanes-boss6,charge,99,Defeat,8,0,8,64,8,0,1,50,-1,,0,1,0,640606914
gym-lanes-boss6,charge,100,Defeat,6,0,6,48,7,0,2,50,-1,,0,2,1,702206854
gym-lanes-boss6,charge,101,Defeat,6,0,6,48,8,0,1,66,-1,,0,1,1,1406254201
gym-lanes-boss6,charge,102,Defeat,7,0,7,56,7,0,1,42,11,1:11,0,0,0,1742795351
gym-lanes-boss6,charge,103,Defeat,7,0,7,56,7,0,1,57,11,1:11,0,1,0,2862459844
gym-lanes-boss6,charge,104,Defeat,7,0,7,56,4,0,1,57,-1,,0,3,1,911506919
gym-lanes-boss6,charge,105,Defeat,9,0,9,72,8,0,1,55,-1,,0,2,0,302671617
gym-lanes-boss6,charge,106,Defeat,9,0,9,72,11,0,1,55,-1,,0,2,0,1341478577
gym-lanes-boss6,charge,107,Defeat,7,0,7,56,11,0,1,57,-1,,0,2,1,3480484689
gym-lanes-boss6,charge,108,Defeat,10,0,10,80,12,0,1,30,-1,,0,3,0,299393973
gym-lanes-boss6,charge,109,Defeat,7,0,7,56,6,0,1,42,-1,,0,0,0,2471701565
gym-lanes-boss6,charge,110,Defeat,7,0,7,56,10,0,1,57,-1,,0,2,0,872749391
gym-lanes-boss6,charge,111,Defeat,6,0,6,48,6,0,2,83,-1,,0,2,2,939922032
gym-lanes-boss6,charge,112,Defeat,7,0,7,56,4,0,1,57,11,1:11,0,1,0,4062595177
gym-lanes-boss6,charge,113,Defeat,6,0,6,48,8,0,1,50,-1,,0,2,1,3394366
gym-lanes-boss6,charge,114,Defeat,4,0,4,32,12,0,3,75,-1,,0,2,2,2980435801
gym-lanes-boss6,charge,115,Defeat,7,0,7,56,14,0,2,57,-1,,0,1,1,1211650158
gym-lanes-boss6,charge,116,Defeat,6,0,6,48,4,0,2,50,-1,,0,1,1,2106785828
gym-lanes-boss6,charge,117,Defeat,7,0,7,56,8,0,1,57,-1,,0,0,0,2701012733
gym-lanes-boss6,charge,118,Defeat,6,0,6,48,7,0,1,50,11,1:11,0,1,1,958597286
gym-lanes-boss6,charge,119,Defeat,7,0,7,56,7,0,1,57,11,1:11,0,1,0,1386015204
gym-lanes-boss6,charge,120,Defeat,8,0,8,64,10,0,1,62,-1,,0,1,0,890561168
gym-lanes-boss6,charge,121,Defeat,6,0,6,48,6,0,1,66,-1,,0,2,1,2317241179
gym-lanes-boss6,charge,122,Defeat,7,0,7,56,8,0,1,57,12,1:12,0,0,0,29139189
gym-lanes-boss6,charge,123,Defeat,7,0,7,56,7,0,1,57,11,1:11,0,1,0,1274147706
gym-lanes-boss6,charge,124,Defeat,7,0,7,56,6,0,1,57,-1,,0,1,0,3854597916
gym-lanes-boss6,charge,125,Defeat,7,0,7,56,6,0,1,57,-1,,0,3,1,2660499730
gym-lanes-boss6,charge,126,Defeat,8,0,8,64,4,0,1,62,12,1:12,0,1,0,2252173499
gym-lanes-boss6,charge,127,Defeat,4,0,4,32,5,0,3,75,-1,,0,1,2,1519063346
gym-lanes-boss6,charge,128,Defeat,11,0,11,88,12,0,1,36,-1,,0,3,0,4142838500
gym-lanes-boss6,charge,129,Defeat,7,0,7,56,7,0,1,57,11,1:11,0,1,0,1441159126
gym-lanes-boss6,charge,130,Defeat,7,0,7,56,6,0,1,57,11,1:11,0,1,0,1248962523
gym-lanes-boss6,charge,131,Defeat,6,0,6,48,7,0,1,50,11,1:11,0,1,1,958597286
gym-lanes-boss6,charge,132,Defeat,7,0,7,56,6,0,2,85,11,1:11,0,4,0,3833269494
gym-lanes-boss6,charge,133,Defeat,6,0,6,48,6,0,1,50,-1,,0,0,1,1406254201
gym-lanes-boss6,charge,134,Defeat,5,0,5,40,9,0,3,60,-1,,0,1,2,2784945084
gym-lanes-boss6,charge,135,Defeat,7,0,7,56,7,0,1,57,11,1:11,0,1,0,1833931808
gym-lanes-boss6,charge,136,Defeat,8,0,8,64,11,0,1,50,-1,,0,2,0,2006222992
gym-lanes-boss6,charge,137,Defeat,6,0,6,48,6,0,2,100,-1,,0,4,2,1588784261
gym-lanes-boss6,charge,138,Defeat,7,0,7,56,6,0,1,57,11,1:11,0,1,0,132093203
gym-lanes-boss6,charge,139,Defeat,7,0,7,56,7,0,1,57,11,1:11,0,1,0,2862459844
gym-lanes-boss6,charge,140,Defeat,6,0,6,48,8,0,1,66,-1,,0,1,1,1920375404
gym-lanes-boss6,charge,141,Defeat,7,0,7,56,8,0,1,42,-1,,0,0,0,2471701565
gym-lanes-boss6,charge,142,Defeat,7,0,7,56,2,0,1,57,11,1:11,0,1,0,2862459844
gym-lanes-boss6,charge,143,Defeat,7,0,7,56,3,0,1,57,11,1:11,0,0,0,3792019767
gym-lanes-boss6,charge,144,Defeat,7,0,7,56,7,0,1,57,11,1:11,0,1,0,3114751862
gym-lanes-boss6,charge,145,Defeat,7,0,7,56,6,0,1,57,11,1:11,0,1,0,2366185181
gym-lanes-boss6,charge,146,Defeat,10,0,10,80,8,0,1,50,-1,,0,3,0,1399842825
gym-lanes-boss6,charge,147,Defeat,6,0,6,48,9,0,1,66,-1,,0,3,1,2027217897
gym-lanes-boss6,charge,148,Defeat,6,0,6,48,5,0,3,66,-1,,0,2,2,138113123
gym-lanes-boss6,charge,149,Defeat,9,0,9,72,8,0,1,44,-1,,0,3,0,626936614
gym-lanes-boss6,charge,150,Defeat,8,0,8,64,6,0,1,50,-1,,0,1,0,2586256830
gym-lanes-boss6,charge,151,Defeat,8,0,8,64,8,0,1,50,-1,,0,1,0,462849867
gym-lanes-boss6,charge,152,Defeat,7,0,7,56,6,0,1,57,11,1:11,0,1,0,2674017207
gym-lanes-boss6,charge,153,Defeat,8,0,8,64,7,0,1,62,-1,,0,2,0,4246273940
gym-lanes-boss6,charge,154,Defeat,9,0,9,72,10,0,1,44,3,1:3,0,1,0,1436130274
gym-lanes-boss6,charge,155,Defeat,7,0,7,56,9,0,1,42,11,1:11,0,0,0,28632883
gym-lanes-boss6,charge,156,Defeat,9,0,9,72,11,0,1,44,-1,,0,3,0,1562911354
gym-lanes-boss6,charge,157,Defeat,5,0,5,40,6,0,3,60,-1,,0,2,2,1273343626
gym-lanes-boss6,charge,158,Defeat,7,0,7,56,6,0,1,57,11,1:11,0,1,0,2348560219
gym-lanes-boss6,charge,159,Defeat,7,0,7,56,6,0,1,57,-1,,0,1,0,1248962523
gym-lanes-boss6,charge,160,Defeat,6,0,6,48,10,0,1,66,-1,,0,1,1,2702903946
gym-lanes-boss6,charge,161,Defeat,7,0,7,56,9,0,2,57,11,1:11,0,5,0,2263447143
gym-lanes-boss6,charge,162,Defeat,8,0,8,64,12,0,1,50,-1,,0,1,0,2053594516
gym-lanes-boss6,charge,163,Defeat,7,0,7,56,6,0,1,57,12,1:12,0,1,0,3563092927
gym-lanes-boss6,charge,164,Defeat,7,0,7,56,10,0,1,57,-1,,0,2,1,1473939626
gym-lanes-boss6,charge,165,Defeat,6,0,6,48,4,0,1,66,11,1:11,0,1,0,2226721680
gym-lanes-boss6,charge,166,Defeat,7,0,7,56,4,0,1,71,-1,,0,2,0,1166253416
gym-lanes-boss6,charge,167,Defeat,7,0,7,56,7,0,1,42,11,1:11,0,0,0,3702432673
gym-lanes-boss6,charge,168,Defeat,7,0,7,56,7,0,1,57,11,1:11,0,1,0,2862459844
gym-lanes-boss6,charge,169,Defeat,5,0,5,40,5,0,3,60,-1,,0,1,2,3764013061
gym-lanes-boss6,charge,170,Defeat,7,0,7,56,9,0,1,57,-1,,0,3,1,647417376
gym-lanes-boss6,charge,171,Defeat,5,0,5,40,8,0,2,60,-1,,0,2,2,3667410801
gym-lanes-boss6,charge,172,Defeat,8,0,8,64,5,0,1,50,-1,,0,2,0,25596272
gym-lanes-boss6,charge,173,Defeat,8,0,8,64,6,0,1,37,-1,,0,1,0,1109096504
gym-lanes-boss6,charge,174,Defeat,7,0,7,56,8,0,1,57,-1,,0,2,1,415992869
gym-lanes-boss6,charge,175,Defeat,4,0,4,32,8,0,3,75,-1,,0,2,3,2784845451
gym-lanes-boss6,charge,176,Defeat,7,0,7,56,6,0,1,57,11,1:11,0,1,0,2348560219
gym-lanes-boss6,charge,177,Defeat,9,0,9,72,11,0,1,44,-1,,0,3,0,1829156312
gym-lanes-boss6,charge,178,Defeat,8,0,8,64,8,0,1,50,3,1:3,0,1,0,3478057479
gym-lanes-boss6,charge,179,Defeat,7,0,7,56,7,0,1,57,11,1:11,0,1,0,2862459844
gym-lanes-boss6,charge,180,Defeat,7,0,7,56,14,0,2,57,-1,,0,1,1,1213841214
gym-lanes-boss6,charge,181,Defeat,7,0,7,56,5,0,1,57,11,1:11,0,1,0,2862459844
gym-lanes-boss6,charge,182,Defeat,7,0,7,56,7,0,1,57,-1,,0,2,0,3036073285
gym-lanes-boss6,charge,183,Defeat,7,0,7,56,7,0,1,57,11,1:11,0,1,0,1485998762
gym-lanes-boss6,charge,184,Defeat,9,0,9,72,12,0,1,44,-1,,0,2,0,2516748357
gym-lanes-boss6,charge,185,Defeat,8,0,8,64,10,0,1,37,-1,,0,2,0,1519455530
gym-lanes-boss6,charge,186,Defeat,5,0,5,40,7,0,3,60,-1,,0,2,2,3109348900
gym-lanes-boss6,charge,187,Defeat,7,0,7,56,7,0,1,57,11,1:11,0,1,0,2862459844
gym-lanes-boss6,charge,188,Defeat,9,0,9,72,8,0,1,44,11,1:11,0,2,0,1343117419
gym-lanes-boss6,charge,189,Defeat,7,0,7,56,8,0,1,57,-1,,0,2,1,3919932621
gym-lanes-boss6,charge,190,Defeat,6,0,6,48,8,0,2,66,-1,,0,0,0,2569711911
gym-lanes-boss6,charge,191,Defeat,7,0,7,56,4,0,1,57,-1,,0,2,0,3262068963
gym-lanes-boss6,charge,192,Defeat,7,0,7,56,5,0,1,57,-1,,0,3,1,3582792055
gym-lanes-boss6,charge,193,Defeat,6,0,6,48,6,0,2,66,-1,,0,1,1,2351819378
gym-lanes-boss6,charge,194,Defeat,8,0,8,64,16,0,1,62,-1,,0,3,1,4271128030
gym-lanes-boss6,charge,195,Defeat,9,0,9,72,19,0,1,44,-1,,0,6,0,2138050221
gym-lanes-boss6,charge,196,Defeat,8,0,8,64,4,0,1,50,-1,,0,2,1,1083125967
gym-lanes-boss6,charge,197,Defeat,7,0,7,56,4,0,1,71,-1,,0,2,0,506352429
gym-lanes-boss6,charge,198,Defeat,7,0,7,56,7,0,2,57,-1,,0,3,1,3199571186
gym-lanes-boss6,charge,199,Defeat,7,0,7,56,14,0,1,57,-1,,0,2,1,3738482638
gym-lanes-boss6,charge,200,Defeat,8,0,8,64,8,0,1,37,-1,,0,2,0,1519455530
gym-lanes-boss6-kill,corridor-hold,1,Victory,14,0,14,112,12,5,1,42,3,1:3,0,18,0,1954841144
gym-lanes-boss6-kill,corridor-hold,2,Defeat,24,0,24,192,24,0,1,33,20,1:20,0,35,0,4289404420
gym-lanes-boss6-kill,corridor-hold,3,Defeat,12,0,12,96,7,0,1,50,-1,,0,14,0,2698466422
gym-lanes-boss6-kill,corridor-hold,4,Defeat,11,0,11,88,7,0,1,54,-1,,0,8,0,1894022284
gym-lanes-boss6-kill,corridor-hold,5,Defeat,22,0,22,176,34,0,1,31,12,1:12,0,25,0,3013793251
gym-lanes-boss6-kill,corridor-hold,6,Defeat,17,0,17,136,23,0,1,35,-1,,0,19,0,3710737843
gym-lanes-boss6-kill,corridor-hold,7,Defeat,10,0,10,80,13,0,2,50,-1,,0,10,1,1776525733
gym-lanes-boss6-kill,corridor-hold,8,Defeat,12,0,12,96,9,0,1,58,-1,,0,11,0,4253061496
gym-lanes-boss6-kill,corridor-hold,9,Defeat,10,0,10,80,6,0,1,50,-1,,0,11,0,555534280
gym-lanes-boss6-kill,corridor-hold,10,Defeat,25,0,25,200,28,0,1,28,12,1:12,0,19,0,4258654152
gym-lanes-boss6-kill,corridor-hold,11,Defeat,21,0,21,168,25,0,1,28,20,1:20,0,28,0,898844544
gym-lanes-boss6-kill,corridor-hold,12,Victory,25,0,25,200,35,80,0,28,3,1:3,0,20,0,1819934069
gym-lanes-boss6-kill,corridor-hold,13,Defeat,10,0,10,80,14,0,2,50,-1,,0,10,0,3004721068
gym-lanes-boss6-kill,corridor-hold,14,Defeat,18,0,18,144,27,0,1,44,-1,,0,27,0,107939451
gym-lanes-boss6-kill,corridor-hold,15,Defeat,8,0,8,64,14,0,2,50,-1,,0,6,1,2122098496
gym-lanes-boss6-kill,corridor-hold,16,Defeat,13,0,13,104,17,0,1,30,-1,,0,12,0,3857360364
gym-lanes-boss6-kill,corridor-hold,17,Defeat,17,0,17,136,27,0,1,29,-1,,0,13,0,3679630906
gym-lanes-boss6-kill,corridor-hold,18,Defeat,11,0,11,88,9,0,3,63,-1,,0,12,0,874898182
gym-lanes-boss6-kill,corridor-hold,19,Defeat,13,0,13,104,15,0,1,53,-1,,0,15,0,2779496513
gym-lanes-boss6-kill,corridor-hold,20,Defeat,13,0,13,104,16,0,1,38,-1,,0,10,0,3054517663
gym-lanes-boss6-kill,corridor-hold,21,Defeat,12,0,12,96,13,0,1,50,-1,,0,9,0,60528074
gym-lanes-boss6-kill,corridor-hold,22,Defeat,6,0,6,48,8,0,3,83,-1,,0,6,1,952661188
gym-lanes-boss6-kill,corridor-hold,23,Victory,18,0,18,144,24,15,1,38,-1,,0,26,0,239461868
gym-lanes-boss6-kill,corridor-hold,24,Defeat,10,0,10,80,7,0,2,50,-1,,0,7,0,3898791843
gym-lanes-boss6-kill,corridor-hold,25,Defeat,20,0,20,160,25,0,1,35,3,1:3,0,19,0,1225753687
gym-lanes-boss6-kill,corridor-hold,26,Defeat,13,0,13,104,14,0,2,46,-1,,0,14,0,284546910
gym-lanes-boss6-kill,corridor-hold,27,Defeat,17,0,17,136,13,0,2,58,-1,,0,22,0,245132496
gym-lanes-boss6-kill,corridor-hold,28,Defeat,7,0,7,56,3,0,2,85,-1,,0,4,0,3021418116
gym-lanes-boss6-kill,corridor-hold,29,Defeat,14,0,14,112,18,0,1,35,-1,,0,12,0,3941716798
gym-lanes-boss6-kill,corridor-hold,30,Defeat,9,0,9,72,15,0,3,55,-1,,0,9,1,2640931403
gym-lanes-boss6-kill,corridor-hold,31,Defeat,14,0,14,112,16,0,1,42,-1,,0,13,0,3609078692
gym-lanes-boss6-kill,corridor-hold,32,Defeat,12,0,12,96,12,0,3,66,-1,,0,18,1,71209054
gym-lanes-boss6-kill,corridor-hold,33,Defeat,7,0,7,56,8,0,4,85,11,1:11,0,9,1,1240472387
gym-lanes-boss6-kill,corridor-hold,34,Defeat,7,0,7,56,8,0,4,100,11,1:11,0,9,1,1496083665
gym-lanes-boss6-kill,corridor-hold,35,Defeat,13,0,13,104,17,0,2,46,-1,,0,15,0,4009571847
gym-lanes-boss6-kill,corridor-hold,36,Defeat,7,0,7,56,9,0,2,57,-1,,0,5,1,2371292452
gym-lanes-boss6-kill,corridor-hold,37,Defeat,15,0,15,120,14,0,1,40,-1,,0,14,0,3753417955
gym-lanes-boss6-kill,corridor-hold,38,Victory,30,0,30,240,49,205,1,30,-1,,0,48,0,994364255
gym-lanes-boss6-kill,corridor-hold,39,Defeat,14,0,14,112,15,0,2,35,-1,,0,22,0,2604931671
gym-lanes-boss6-kill,corridor-hold,40,Defeat,13,0,13,104,21,0,1,38,-1,,0,13,0,155664331
gym-lanes-boss6-kill,corridor-hold,41,Defeat,8,0,8,64,10,0,2,62,-1,,0,6,0,522098495
gym-lanes-boss6-kill,corridor-hold,42,Defeat,17,0,17,136,19,0,1,47,-1,,0,21,0,2654623861
gym-lanes-boss6-kill,corridor-hold,43,Victory,13,0,13,104,9,5,0,38,-1,,0,12,0,924821378
gym-lanes-boss6-kill,corridor-hold,44,Defeat,13,0,13,104,12,0,1,38,-1,,0,14,0,52592714
gym-lanes-boss6-kill,corridor-hold,45,Defeat,14,0,14,112,15,0,1,35,-1,,0,20,0,1477898145
gym-lanes-boss6-kill,corridor-hold,46,Victory,27,0,27,216,32,20,0,18,11,1:11,0,23,0,4211773877
gym-lanes-boss6-kill,corridor-hold,47,Victory,31,0,31,248,53,20,0,19,12,1:12,0,26,0,2797660807
gym-lanes-boss6-kill,corridor-hold,48,Defeat,11,0,11,88,10,0,1,45,-1,,0,6,0,3263383350
gym-lanes-boss6-kill,corridor-hold,49,Defeat,13,0,13,104,12,0,1,38,-1,,0,14,0,4041072731
gym-lanes-boss6-kill,corridor-hold,50,Victory,15,0,15,120,17,50,1,33,20,1:20,0,17,0,1010854736
gym-lanes-boss6-kill,corridor-hold,51,Defeat,14,0,14,112,16,0,1,35,3,1:3,0,8,0,3231418848
gym-lanes-boss6-kill,corridor-hold,52,Defeat,13,0,13,104,9,0,1,38,-1,,0,12,0,2561607492
gym-lanes-boss6-kill,corridor-hold,53,Defeat,16,0,16,128,19,0,1,31,-1,,0,19,0,907662418
gym-lanes-boss6-kill,corridor-hold,54,Defeat,6,0,6,48,10,0,4,100,-1,,0,5,2,4179103933
gym-lanes-boss6-kill,corridor-hold,55,Defeat,16,0,16,128,22,0,1,37,11,1:11,0,19,0,2669309473
gym-lanes-boss6-kill,corridor-hold,56,Defeat,20,0,20,160,23,0,2,30,20,1:20,0,36,0,1034558329
gym-lanes-boss6-kill,corridor-hold,57,Defeat,12,0,12,96,13,0,1,41,-1,,0,15,0,2320954289
gym-lanes-boss6-kill,corridor-hold,58,Defeat,7,0,7,56,5,0,3,71,-1,,0,5,1,1316576199
gym-lanes-boss6-kill,corridor-hold,59,Victory,23,0,23,184,24,65,0,26,12,1:12,0,18,0,361385353
gym-lanes-boss6-kill,corridor-hold,60,Victory,26,0,26,208,30,110,0,26,3,1:3,0,34,0,1612654673
gym-lanes-boss6-kill,corridor-hold,61,Defeat,10,0,10,80,11,0,2,60,3,1:3,0,8,0,882709735
gym-lanes-boss6-kill,corridor-hold,62,Defeat,26,0,26,208,37,0,1,19,20,1:20,0,42,0,1792083725
gym-lanes-boss6-kill,corridor-hold,63,Defeat,19,0,19,152,22,0,1,42,3,1:3,0,19,0,3453663587
gym-lanes-boss6-kill,corridor-hold,64,Defeat,22,0,22,176,39,0,1,22,3,1:3,0,17,0,905013674
gym-lanes-boss6-kill,corridor-hold,65,Defeat,18,0,18,144,20,0,3,33,3,1:3,0,38,0,105329352
gym-lanes-boss6-kill,corridor-hold,66,Defeat,13,0,13,104,20,0,2,46,-1,,0,20,0,2109297729
gym-lanes-boss6-kill,corridor-hold,67,Defeat,7,0,7,56,9,0,4,57,11,1:11,0,9,1,470211392
gym-lanes-boss6-kill,corridor-hold,68,Defeat,11,0,11,88,6,0,3,45,20,1:20,0,14,0,2170877090
gym-lanes-boss6-kill,corridor-hold,69,Victory,24,0,24,192,22,85,0,25,20,1:20,0,23,0,3885506992
gym-lanes-boss6-kill,corridor-hold,70,Defeat,13,0,13,104,17,0,1,30,-1,,0,12,0,2551422894
gym-lanes-boss6-kill,corridor-hold,71,Defeat,25,0,25,200,38,0,1,28,11,1:11,0,24,0,2108306036
gym-lanes-boss6-kill,corridor-hold,72,Defeat,22,0,22,176,28,0,1,31,3,1:3,0,18,0,3396437117
gym-lanes-boss6-kill,corridor-hold,73,Defeat,16,0,16,128,14,0,1,43,-1,,0,12,0,3595102563
gym-lanes-boss6-kill,corridor-hold,74,Defeat,12,0,12,96,5,0,2,50,-1,,0,18,0,3603341482
gym-lanes-boss6-kill,corridor-hold,75,Defeat,7,0,7,56,14,0,2,57,-1,,0,6,0,2492671415
gym-lanes-boss6-kill,corridor-hold,76,Defeat,9,0,9,72,15,0,2,66,-1,,0,7,0,345726787
gym-lanes-boss6-kill,corridor-hold,77,Defeat,15,0,15,120,15,0,1,33,-1,,0,11,0,3149778429
gym-lanes-boss6-kill,corridor-hold,78,Defeat,22,0,22,176,32,0,1,31,12,1:12,0,17,0,1609813910
gym-lanes-boss6-kill,corridor-hold,79,Defeat,11,0,11,88,11,0,2,72,-1,,0,9,0,961092082
gym-lanes-boss6-kill,corridor-hold,80,Defeat,25,0,25,200,35,0,1,28,12,1:12,0,25,0,3446856692
gym-lanes-boss6-kill,corridor-hold,81,Defeat,12,0,12,96,20,0,2,66,-1,,0,11,0,2820566910
gym-lanes-boss6-kill,corridor-hold,82,Defeat,16,0,16,128,22,0,1,37,12,1:12,0,12,0,4033013256
gym-lanes-boss6-kill,corridor-hold,83,Defeat,9,0,9,72,7,0,2,55,-1,,0,8,0,3838951075
gym-lanes-boss6-kill,corridor-hold,84,Defeat,11,0,11,88,5,0,1,54,-1,,0,9,0,1540804963
gym-lanes-boss6-kill,corridor-hold,85,Defeat,15,0,15,120,23,0,2,40,11,1:11,0,27,0,2942788482
gym-lanes-boss6-kill,corridor-hold,86,Defeat,14,0,14,112,10,0,1,42,3,1:3,0,10,0,1260547475
gym-lanes-boss6-kill,corridor-hold,87,Defeat,12,0,12,96,9,0,1,50,-1,,0,12,0,1906000274
gym-lanes-boss6-kill,corridor-hold,88,Defeat,13,0,13,104,17,0,1,30,-1,,0,12,0,1943782196
gym-lanes-boss6-kill,corridor-hold,89,Defeat,14,0,14,112,16,0,1,35,-1,,0,13,0,1327444376
gym-lanes-boss6-kill,corridor-hold,90,Defeat,6,0,6,48,6,0,3,66,-1,,0,6,2,1123821314
gym-lanes-boss6-kill,corridor-hold,91,Defeat,15,0,15,120,12,0,1,33,-1,,0,13,0,336451381
gym-lanes-boss6-kill,corridor-hold,92,Defeat,16,0,16,128,18,0,1,31,-1,,0,12,0,343642599
gym-lanes-boss6-kill,corridor-hold,93,Defeat,12,0,12,96,12,0,2,50,-1,,0,11,0,2724755428
gym-lanes-boss6-kill,corridor-hold,94,Defeat,12,0,12,96,12,0,1,33,-1,,0,19,0,3254502611
gym-lanes-boss6-kill,corridor-hold,95,Defeat,22,0,22,176,30,0,2,40,12,1:12,0,34,0,3375976860
gym-lanes-boss6-kill,corridor-hold,96,Defeat,11,0,11,88,9,0,1,45,-1,,0,7,0,134406436
gym-lanes-boss6-kill,corridor-hold,97,Defeat,13,0,13,104,16,0,1,38,-1,,0,8,0,622180330
gym-lanes-boss6-kill,corridor-hold,98,Defeat,14,0,14,112,18,0,1,35,-1,,0,13,0,2648276688
gym-lanes-boss6-kill,corridor-hold,99,Defeat,16,0,16,128,21,0,1,43,-1,,0,14,0,3574839749
gym-lanes-boss6-kill,corridor-hold,100,Defeat,16,0,16,128,12,0,1,37,-1,,0,21,0,3242597090
gym-lanes-boss6-kill,corridor-hold,101,Defeat,13,0,13,104,18,0,3,53,-1,,0,22,0,2845935966
gym-lanes-boss6-kill,corridor-hold,102,Defeat,13,0,13,104,22,0,1,30,-1,,0,12,0,2551422894
gym-lanes-boss6-kill,corridor-hold,103,Defeat,13,0,13,104,20,0,1,46,-1,,0,15,0,285271483
gym-lanes-boss6-kill,corridor-hold,104,Defeat,10,0,10,80,10,0,1,60,-1,,0,6,0,581942397
gym-lanes-boss6-kill,corridor-hold,105,Defeat,9,0,9,72,6,0,1,66,-1,,0,9,0,4194461905
gym-lanes-boss6-kill,corridor-hold,106,Defeat,7,0,7,56,4,0,2,100,11,1:11,0,7,0,3702588698
gym-lanes-boss6-kill,corridor-hold,107,Defeat,11,0,11,88,8,0,1,54,-1,,0,6,0,1785542240
gym-lanes-boss6-kill,corridor-hold,108,Defeat,23,0,23,184,26,0,2,39,20,1:20,0,38,0,221894122
gym-lanes-boss6-kill,corridor-hold,109,Victory,13,0,13,104,16,5,0,38,-1,,0,9,0,1399156049
gym-lanes-boss6-kill,corridor-hold,110,Defeat,10,0,10,80,7,0,2,50,-1,,0,10,0,2759775974
gym-lanes-boss6-kill,corridor-hold,111,Defeat,14,0,14,112,11,0,1,50,-1,,0,15,0,1938447020
gym-lanes-boss6-kill,corridor-hold,112,Defeat,30,0,30,240,52,0,1,26,12,1:12,0,26,0,4036255427
gym-lanes-boss6-kill,corridor-hold,113,Defeat,10,0,10,80,13,0,1,50,-1,,0,9,0,3785979384
gym-lanes-boss6-kill,corridor-hold,114,Defeat,10,0,10,80,10,0,2,40,-1,,0,9,0,1860033673
gym-lanes-boss6-kill,corridor-hold,115,Defeat,11,0,11,88,23,0,3,72,-1,,0,15,0,3152660626
gym-lanes-boss6-kill,corridor-hold,116,Defeat,11,0,11,88,10,0,1,45,-1,,0,14,0,1737492562
gym-lanes-boss6-kill,corridor-hold,117,Defeat,11,0,11,88,15,0,2,54,-1,,0,15,0,2355846743
gym-lanes-boss6-kill,corridor-hold,118,Defeat,6,0,6,48,4,0,2,66,-1,,0,6,0,4154426797
gym-lanes-boss6-kill,corridor-hold,119,Victory,14,0,14,112,11,50,2,35,20,1:20,0,24,0,1761644735
gym-lanes-boss6-kill,corridor-hold,120,Defeat,21,0,21,168,22,0,2,42,12,1:12,0,33,0,572541008
gym-lanes-boss6-kill,corridor-hold,121,Defeat,15,0,15,120,17,0,1,40,20,1:20,0,11,0,2764330939
gym-lanes-boss6-kill,corridor-hold,122,Defeat,10,0,10,80,7,0,2,50,-1,,0,10,0,1478165337
gym-lanes-boss6-kill,corridor-hold,123,Defeat,11,0,11,88,12,0,2,54,3,1:3,0,13,0,3501311244
gym-lanes-boss6-kill,corridor-hold,124,Defeat,12,0,12,96,9,0,1,41,-1,,0,11,0,2226296490
gym-lanes-boss6-kill,corridor-hold,125,Defeat,19,0,19,152,28,0,1,21,3,1:3,0,15,0,2712402024
gym-lanes-boss6-kill,corridor-hold,126,Defeat,11,0,11,88,13,0,2,54,-1,,0,13,0,2712550002
gym-lanes-boss6-kill,corridor-hold,127,Defeat,8,0,8,64,14,0,4,87,11,1:11,0,12,0,658093812
gym-lanes-boss6-kill,corridor-hold,128,Defeat,22,0,22,176,29,0,2,27,20,1:20,0,60,0,259797182
gym-lanes-boss6-kill,corridor-hold,129,Defeat,6,0,6,48,12,0,3,83,-1,,0,5,1,3528031189
gym-lanes-boss6-kill,corridor-hold,130,Defeat,11,0,11,88,10,0,2,54,-1,,0,13,0,3087562505
gym-lanes-boss6-kill,corridor-hold,131,Defeat,13,0,13,104,22,0,1,30,-1,,0,12,0,2551422894
gym-lanes-boss6-kill,corridor-hold,132,Defeat,6,0,6,48,11,0,3,66,-1,,0,3,1,2492494583
gym-lanes-boss6-kill,corridor-hold,133,Defeat,12,0,12,96,14,0,1,50,-1,,0,13,0,786136734
gym-lanes-boss6-kill,corridor-hold,134,Victory,15,0,15,120,20,175,1,26,3,1:3,0,12,0,74099709
gym-lanes-boss6-kill,corridor-hold,135,Defeat,12,0,12,96,10,0,1,50,-1,,0,12,0,85567342
gym-lanes-boss6-kill,corridor-hold,136,Defeat,19,0,19,152,25,0,1,36,12,1:12,0,16,0,1721488568
gym-lanes-boss6-kill,corridor-hold,137,Defeat,14,0,14,112,11,0,1,50,3,1:3,0,9,0,1771119222
gym-lanes-boss6-kill,corridor-hold,138,Defeat,5,0,5,40,10,0,3,80,-1,,0,4,2,3693771066
gym-lanes-boss6-kill,corridor-hold,139,Victory,15,0,15,120,16,80,1,33,20,1:20,0,17,0,755808850
gym-lanes-boss6-kill,corridor-hold,140,Defeat,12,0,12,96,8,0,2,50,-1,,0,13,0,421432959
gym-lanes-boss6-kill,corridor-hold,141,Defeat,9,0,9,72,14,0,2,55,-1,,0,8,0,2727387512
gym-lanes-boss6-kill,corridor-hold,142,Defeat,11,0,11,88,8,0,2,54,3,1:3,0,13,0,433728323
gym-lanes-boss6-kill,corridor-hold,143,Defeat,12,0,12,96,19,0,2,41,-1,,0,18,0,2140695280
gym-lanes-boss6-kill,corridor-hold,144,Defeat,19,0,19,152,29,0,1,26,12,1:12,0,17,0,371605325
gym-lanes-boss6-kill,corridor-hold,145,Defeat,28,0,28,224,35,0,1,28,20,1:20,0,28,0,2378939197
gym-lanes-boss6-kill,corridor-hold,146,Defeat,11,0,11,88,11,0,1,45,-1,,0,17,0,4192257012
gym-lanes-boss6-kill,corridor-hold,147,Defeat,13,0,13,104,14,0,3,23,3,1:3,0,23,0,4048855326
gym-lanes-boss6-kill,corridor-hold,148,Defeat,10,0,10,80,10,0,3,60,-1,,0,11,0,3202331859
gym-lanes-boss6-kill,corridor-hold,149,Defeat,14,0,14,112,23,0,1,35,-1,,0,13,0,3570742889
gym-lanes-boss6-kill,corridor-hold,150,Defeat,13,0,13,104,12,0,1,53,-1,,0,10,0,2350882481
gym-lanes-boss6-kill,corridor-hold,151,Defeat,12,0,12,96,8,0,2,41,20,1:20,0,12,0,4206380639
gym-lanes-boss6-kill,corridor-hold,152,Defeat,10,0,10,80,2,0,1,60,-1,,0,5,0,1820128003
gym-lanes-boss6-kill,corridor-hold,153,Defeat,23,0,23,184,38,0,2,56,12,1:12,0,50,0,709094773
gym-lanes-boss6-kill,corridor-hold,154,Defeat,12,0,12,96,20,0,1,41,-1,,0,13,0,3521190238
gym-lanes-boss6-kill,corridor-hold,155,Defeat,12,0,12,96,15,0,1,50,-1,,0,13,0,2103620755
gym-lanes-boss6-kill,corridor-hold,156,Defeat,16,0,16,128,21,0,2,43,20,1:20,0,28,0,2363644074
gym-lanes-boss6-kill,corridor-hold,157,Defeat,12,0,12,96,13,0,2,58,-1,,0,14,0,1948917641
gym-lanes-boss6-kill,corridor-hold,158,Defeat,12,0,12,96,17,0,1,33,-1,,0,18,0,867908886
gym-lanes-boss6-kill,corridor-hold,159,Defeat,17,0,17,136,20,0,2,47,20,1:20,0,19,0,235369919
gym-lanes-boss6-kill,corridor-hold,160,Defeat,7,0,7,56,9,0,1,57,-1,,0,5,1,1337623896
gym-lanes-boss6-kill,corridor-hold,161,Defeat,8,0,8,64,12,0,4,62,11,1:11,0,12,1,3728078423
gym-lanes-boss6-kill,corridor-hold,162,Defeat,13,0,13,104,17,0,1,30,-1,,0,13,0,1249038168
gym-lanes-boss6-kill,corridor-hold,163,Defeat,25,0,25,200,30,0,1,20,12,1:12,0,21,0,3341702390
gym-lanes-boss6-kill,corridor-hold,164,Defeat,12,0,12,96,12,0,1,41,-1,,0,16,0,2389700631
gym-lanes-boss6-kill,corridor-hold,165,Defeat,13,0,13,104,13,0,1,38,3,1:3,0,9,0,2174457162
gym-lanes-boss6-kill,corridor-hold,166,Defeat,24,0,24,192,38,0,1,37,12,1:12,0,21,0,101102607
gym-lanes-boss6-kill,corridor-hold,167,Defeat,20,0,20,160,27,0,1,25,12,1:12,0,16,0,1316927993
gym-lanes-boss6-kill,corridor-hold,168,Defeat,13,0,13,104,18,0,1,38,-1,,0,12,0,2449109219
gym-lanes-boss6-kill,corridor-hold,169,Defeat,15,0,15,120,35,0,1,40,-1,,0,18,0,1375206888
gym-lanes-boss6-kill,corridor-hold,170,Defeat,15,0,15,120,17,0,1,33,-1,,0,15,0,2482244243
gym-lanes-boss6-kill,corridor-hold,171,Defeat,16,0,16,128,15,0,2,50,-1,,0,21,0,2039074430
gym-lanes-boss6-kill,corridor-hold,172,Defeat,15,0,15,120,12,0,1,40,3,1:3,0,11,0,2327697068
gym-lanes-boss6-kill,corridor-hold,173,Defeat,12,0,12,96,16,0,1,33,-1,,0,19,0,1366215364
gym-lanes-boss6-kill,corridor-hold,174,Defeat,20,0,20,160,19,0,1,20,20,1:20,0,19,0,1689449809
gym-lanes-boss6-kill,corridor-hold,175,Defeat,11,0,11,88,10,0,1,45,-1,,0,13,0,1181535320
gym-lanes-boss6-kill,corridor-hold,176,Defeat,5,0,5,40,5,0,4,80,-1,,0,4,2,2666491759
gym-lanes-boss6-kill,corridor-hold,177,Defeat,14,0,14,112,8,0,1,35,-1,,0,15,0,3292673807
gym-lanes-boss6-kill,corridor-hold,178,Defeat,12,0,12,96,9,0,1,41,-1,,0,15,0,735883587
gym-lanes-boss6-kill,corridor-hold,179,Victory,18,0,18,144,15,90,0,27,12,1:12,0,13,0,3070067573
gym-lanes-boss6-kill,corridor-hold,180,Defeat,13,0,13,104,24,0,1,46,-1,,0,9,0,2904319782
gym-lanes-boss6-kill,corridor-hold,181,Defeat,19,0,19,152,28,0,1,26,-1,,0,15,0,1157580457
gym-lanes-boss6-kill,corridor-hold,182,Defeat,11,0,11,88,28,0,2,45,-1,,0,11,0,1334292506
gym-lanes-boss6-kill,corridor-hold,183,Defeat,12,0,12,96,8,0,1,66,-1,,0,16,0,3624635667
gym-lanes-boss6-kill,corridor-hold,184,Defeat,12,0,12,96,6,0,1,66,-1,,0,13,0,3402747644
gym-lanes-boss6-kill,corridor-hold,185,Defeat,6,0,6,48,12,0,2,66,-1,,0,5,1,130758642
gym-lanes-boss6-kill,corridor-hold,186,Victory,15,0,15,120,7,5,0,46,3,1:3,0,9,0,2088130112
gym-lanes-boss6-kill,corridor-hold,187,Defeat,13,0,13,104,21,0,1,38,-1,,0,13,0,1606494027
gym-lanes-boss6-kill,corridor-hold,188,Defeat,12,0,12,96,7,0,2,33,20,1:20,0,15,0,4109617696
gym-lanes-boss6-kill,corridor-hold,189,Defeat,13,0,13,104,14,0,2,61,-1,,0,19,0,2449544926
gym-lanes-boss6-kill,corridor-hold,190,Defeat,5,0,5,40,12,0,4,80,-1,,0,4,2,4167300496
gym-lanes-boss6-kill,corridor-hold,191,Defeat,17,0,17,136,28,0,1,41,3,1:3,0,13,0,1038615208
gym-lanes-boss6-kill,corridor-hold,192,Defeat,22,0,22,176,24,0,1,36,12,1:12,0,23,0,1088979134
gym-lanes-boss6-kill,corridor-hold,193,Defeat,13,0,13,104,13,0,1,38,-1,,0,11,0,1306490607
gym-lanes-boss6-kill,corridor-hold,194,Defeat,13,0,13,104,16,0,2,46,-1,,0,15,0,2595768008
gym-lanes-boss6-kill,corridor-hold,195,Defeat,14,0,14,112,13,0,1,50,-1,,0,10,0,861859648
gym-lanes-boss6-kill,corridor-hold,196,Defeat,12,0,12,96,16,0,1,41,-1,,0,7,0,1632453813
gym-lanes-boss6-kill,corridor-hold,197,Defeat,21,0,21,168,32,0,1,23,12,1:12,0,16,0,4171066685
gym-lanes-boss6-kill,corridor-hold,198,Defeat,11,0,11,88,8,0,1,45,-1,,0,12,0,60135324
gym-lanes-boss6-kill,corridor-hold,199,Victory,13,0,13,104,5,25,0,38,-1,,0,8,0,390279540
gym-lanes-boss6-kill,corridor-hold,200,Defeat,13,0,13,104,20,0,1,53,-1,,0,15,0,3972648093
gym-lanes-boss6-kill,tpa-order,1,Victory,14,0,14,112,12,5,1,42,3,1:3,0,18,0,1954841144
gym-lanes-boss6-kill,tpa-order,2,Defeat,24,0,24,192,24,0,1,33,20,1:20,0,35,0,4289404420
gym-lanes-boss6-kill,tpa-order,3,Defeat,12,0,12,96,7,0,1,50,-1,,0,14,0,2698466422
gym-lanes-boss6-kill,tpa-order,4,Defeat,11,0,11,88,7,0,1,54,-1,,0,8,0,1894022284
gym-lanes-boss6-kill,tpa-order,5,Defeat,22,0,22,176,34,0,1,31,12,1:12,0,25,0,3013793251
gym-lanes-boss6-kill,tpa-order,6,Defeat,17,0,17,136,23,0,1,35,-1,,0,19,0,3710737843
gym-lanes-boss6-kill,tpa-order,7,Defeat,10,0,10,80,13,0,2,50,-1,,0,10,1,1776525733
gym-lanes-boss6-kill,tpa-order,8,Defeat,12,0,12,96,9,0,1,58,-1,,0,11,0,4253061496
gym-lanes-boss6-kill,tpa-order,9,Defeat,10,0,10,80,6,0,1,50,-1,,0,11,0,555534280
gym-lanes-boss6-kill,tpa-order,10,Defeat,25,0,25,200,28,0,1,28,12,1:12,0,19,0,4258654152
gym-lanes-boss6-kill,tpa-order,11,Defeat,21,0,21,168,25,0,1,28,20,1:20,0,28,0,898844544
gym-lanes-boss6-kill,tpa-order,12,Victory,25,0,25,200,35,80,0,28,3,1:3,0,20,0,1819934069
gym-lanes-boss6-kill,tpa-order,13,Defeat,10,0,10,80,14,0,2,40,-1,,0,10,0,248031428
gym-lanes-boss6-kill,tpa-order,14,Defeat,18,0,18,144,27,0,1,44,-1,,0,27,0,107939451
gym-lanes-boss6-kill,tpa-order,15,Defeat,8,0,8,64,14,0,2,50,-1,,0,6,1,2122098496
gym-lanes-boss6-kill,tpa-order,16,Defeat,13,0,13,104,17,0,1,30,-1,,0,12,0,3857360364
gym-lanes-boss6-kill,tpa-order,17,Defeat,17,0,17,136,27,0,1,29,-1,,0,13,0,3679630906
gym-lanes-boss6-kill,tpa-order,18,Defeat,11,0,11,88,9,0,2,54,-1,,0,12,0,80582974
gym-lanes-boss6-kill,tpa-order,19,Defeat,13,0,13,104,15,0,1,53,-1,,0,15,0,2779496513
gym-lanes-boss6-kill,tpa-order,20,Defeat,13,0,13,104,16,0,1,38,-1,,0,10,0,3054517663
gym-lanes-boss6-kill,tpa-order,21,Defeat,12,0,12,96,13,0,1,50,-1,,0,9,0,60528074
gym-lanes-boss6-kill,tpa-order,22,Defeat,6,0,6,48,8,0,3,83,-1,,0,6,1,952661188
gym-lanes-boss6-kill,tpa-order,23,Victory,18,0,18,144,24,15,1,38,-1,,0,26,0,239461868
gym-lanes-boss6-kill,tpa-order,24,Defeat,10,0,10,80,7,0,2,50,-1,,0,7,0,3898791843
gym-lanes-boss6-kill,tpa-order,25,Defeat,20,0,20,160,25,0,1,35,3,1:3,0,19,0,1225753687
gym-lanes-boss6-kill,tpa-order,26,Defeat,13,0,13,104,14,0,2,46,-1,,0,14,0,3564567886
gym-lanes-boss6-kill,tpa-order,27,Defeat,11,0,11,88,2,0,1,63,-1,,0,7,0,1163146534
gym-lanes-boss6-kill,tpa-order,28,Defeat,6,0,6,48,3,0,2,83,11,1:11,0,2,0,2835714930
gym-lanes-boss6-kill,tpa-order,29,Defeat,14,0,14,112,18,0,1,35,-1,,0,12,0,3941716798
gym-lanes-boss6-kill,tpa-order,30,Defeat,9,0,9,72,15,0,2,44,-1,,0,9,1,4237843072
gym-lanes-boss6-kill,tpa-order,31,Defeat,14,0,14,112,16,0,1,42,-1,,0,13,0,3609078692
gym-lanes-boss6-kill,tpa-order,32,Defeat,12,0,12,96,12,0,3,66,-1,,0,18,1,71209054
gym-lanes-boss6-kill,tpa-order,33,Defeat,7,0,7,56,8,0,4,85,11,1:11,0,9,1,1240472387
gym-lanes-boss6-kill,tpa-order,34,Defeat,7,0,7,56,8,0,2,85,11,1:11,0,8,1,670878486
gym-lanes-boss6-kill,tpa-order,35,Defeat,13,0,13,104,17,0,2,46,-1,,0,15,0,4009571847
gym-lanes-boss6-kill,tpa-order,36,Defeat,7,0,7,56,9,0,2,57,-1,,0,5,1,2371292452
gym-lanes-boss6-kill,tpa-order,37,Defeat,15,0,15,120,14,0,1,40,-1,,0,14,0,3753417955
gym-lanes-boss6-kill,tpa-order,38,Victory,30,0,30,240,49,205,1,30,-1,,0,48,0,994364255
gym-lanes-boss6-kill,tpa-order,39,Defeat,15,0,15,120,15,0,1,33,-1,,0,23,0,2433708779
gym-lanes-boss6-kill,tpa-order,40,Defeat,13,0,13,104,21,0,1,38,-1,,0,13,0,155664331
gym-lanes-boss6-kill,tpa-order,41,Defeat,8,0,8,64,10,0,2,62,-1,,0,6,0,4080972130
gym-lanes-boss6-kill,tpa-order,42,Defeat,17,0,17,136,19,0,1,47,-1,,0,21,0,2654623861
gym-lanes-boss6-kill,tpa-order,43,Victory,13,0,13,104,9,5,0,38,-1,,0,12,0,924821378
gym-lanes-boss6-kill,tpa-order,44,Defeat,13,0,13,104,12,0,1,38,-1,,0,14,0,52592714
gym-lanes-boss6-kill,tpa-order,45,Defeat,14,0,14,112,15,0,1,35,-1,,0,20,0,1477898145
gym-lanes-boss6-kill,tpa-order,46,Victory,27,0,27,216,32,20,0,18,11,1:11,0,23,0,4211773877
gym-lanes-boss6-kill,tpa-order,47,Victory,31,0,31,248,53,20,0,19,12,1:12,0,26,0,2797660807
gym-lanes-boss6-kill,tpa-order,48,Defeat,11,0,11,88,10,0,1,45,-1,,0,6,0,3263383350
gym-lanes-boss6-kill,tpa-order,49,Defeat,13,0,13,104,12,0,1,38,-1,,0,14,0,4041072731
gym-lanes-boss6-kill,tpa-order,50,Victory,15,0,15,120,17,50,1,33,20,1:20,0,17,0,1010854736
gym-lanes-boss6-kill,tpa-order,51,Defeat,14,0,14,112,16,0,1,35,3,1:3,0,8,0,3231418848
gym-lanes-boss6-kill,tpa-order,52,Defeat,13,0,13,104,9,0,1,38,-1,,0,12,0,2561607492
gym-lanes-boss6-kill,tpa-order,53,Defeat,16,0,16,128,19,0,1,31,-1,,0,19,0,907662418
gym-lanes-boss6-kill,tpa-order,54,Defeat,6,0,6,48,10,0,4,100,-1,,0,5,2,4179103933
gym-lanes-boss6-kill,tpa-order,55,Defeat,16,0,16,128,22,0,1,37,11,1:11,0,19,0,2669309473
gym-lanes-boss6-kill,tpa-order,56,Defeat,20,0,20,160,23,0,2,30,20,1:20,0,36,0,1495476169
gym-lanes-boss6-kill,tpa-order,57,Defeat,12,0,12,96,13,0,1,41,-1,,0,15,0,2320954289
gym-lanes-boss6-kill,tpa-order,58,Defeat,7,0,7,56,5,0,3,71,-1,,0,5,1,1316576199
gym-lanes-boss6-kill,tpa-order,59,Victory,23,0,23,184,24,65,0,26,12,1:12,0,18,0,361385353
gym-lanes-boss6-kill,tpa-order,60,Victory,26,0,26,208,30,110,0,26,3,1:3,0,34,0,1612654673
gym-lanes-boss6-kill,tpa-order,61,Defeat,10,0,10,80,11,0,2,60,3,1:3,0,8,0,882709735
gym-lanes-boss6-kill,tpa-order,62,Defeat,26,0,26,208,37,0,1,19,20,1:20,0,42,0,1792083725
gym-lanes-boss6-kill,tpa-order,63,Defeat,19,0,19,152,22,0,1,42,3,1:3,0,19,0,3453663587
gym-lanes-boss6-kill,tpa-order,64,Defeat,22,0,22,176,39,0,1,22,3,1:3,0,17,0,905013674
gym-lanes-boss6-kill,tpa-order,65,Defeat,18,0,18,144,20,0,3,33,3,1:3,0,38,0,105329352
gym-lanes-boss6-kill,tpa-order,66,Defeat,20,0,20,160,29,0,1,40,-1,,0,27,0,1640330554
gym-lanes-boss6-kill,tpa-order,67,Defeat,7,0,7,56,9,0,4,57,11,1:11,0,9,1,470211392
gym-lanes-boss6-kill,tpa-order,68,Defeat,11,0,11,88,6,0,3,45,20,1:20,0,14,0,2170877090
gym-lanes-boss6-kill,tpa-order,69,Victory,24,0,24,192,22,85,0,25,20,1:20,0,23,0,3885506992
gym-lanes-boss6-kill,tpa-order,70,Defeat,13,0,13,104,17,0,1,30,-1,,0,12,0,2551422894
gym-lanes-boss6-kill,tpa-order,71,Defeat,25,0,25,200,38,0,1,28,11,1:11,0,24,0,2108306036
gym-lanes-boss6-kill,tpa-order,72,Defeat,22,0,22,176,28,0,1,31,3,1:3,0,18,0,3396437117
gym-lanes-boss6-kill,tpa-order,73,Defeat,16,0,16,128,14,0,1,43,-1,,0,12,0,3595102563
gym-lanes-boss6-kill,tpa-order,74,Defeat,12,0,12,96,5,0,2,50,-1,,0,18,0,3603341482
gym-lanes-boss6-kill,tpa-order,75,Defeat,7,0,7,56,14,0,2,57,-1,,0,6,0,2492671415
gym-lanes-boss6-kill,tpa-order,76,Defeat,9,0,9,72,15,0,2,66,-1,,0,7,0,345726787
gym-lanes-boss6-kill,tpa-order,77,Defeat,15,0,15,120,15,0,1,33,-1,,0,11,0,3149778429
gym-lanes-boss6-kill,tpa-order,78,Defeat,22,0,22,176,32,0,1,31,12,1:12,0,17,0,1609813910
gym-lanes-boss6-kill,tpa-order,79,Defeat,11,0,11,88,11,0,2,72,-1,,0,9,0,961092082
gym-lanes-boss6-kill,tpa-order,80,Defeat,25,0,25,200,35,0,1,28,12,1:12,0,25,0,3446856692
gym-lanes-boss6-kill,tpa-order,81,Defeat,13,0,13,104,20,0,1,61,-1,,0,12,0,3249683945
gym-lanes-boss6-kill,tpa-order,82,Defeat,16,0,16,128,22,0,1,37,12,1:12,0,12,0,4033013256
gym-lanes-boss6-kill,tpa-order,83,Defeat,9,0,9,72,7,0,2,55,-1,,0,8,0,3838951075
gym-lanes-boss6-kill,tpa-order,84,Defeat,11,0,11,88,5,0,1,54,-1,,0,9,0,1540804963
gym-lanes-boss6-kill,tpa-order,85,Defeat,15,0,15,120,23,0,2,40,11,1:11,0,27,0,2942788482
gym-lanes-boss6-kill,tpa-order,86,Defeat,14,0,14,112,10,0,1,42,3,1:3,0,10,0,1260547475
gym-lanes-boss6-kill,tpa-order,87,Defeat,12,0,12,96,9,0,1,50,-1,,0,11,0,3841981376
gym-lanes-boss6-kill,tpa-order,88,Defeat,13,0,13,104,17,0,1,30,-1,,0,12,0,1943782196
gym-lanes-boss6-kill,tpa-order,89,Defeat,14,0,14,112,16,0,1,35,-1,,0,13,0,1327444376
gym-lanes-boss6-kill,tpa-order,90,Defeat,6,0,6,48,6,0,3,66,-1,,0,6,2,1123821314
gym-lanes-boss6-kill,tpa-order,91,Defeat,15,0,15,120,12,0,1,33,-1,,0,13,0,336451381
gym-lanes-boss6-kill,tpa-order,92,Defeat,16,0,16,128,18,0,1,31,-1,,0,12,0,343642599
gym-lanes-boss6-kill,tpa-order,93,Defeat,12,0,12,96,12,0,2,50,-1,,0,11,0,2724755428
gym-lanes-boss6-kill,tpa-order,94,Defeat,12,0,12,96,12,0,1,33,-1,,0,19,0,3254502611
gym-lanes-boss6-kill,tpa-order,95,Victory,23,0,23,184,30,40,0,34,12,1:12,0,35,0,3210750399
gym-lanes-boss6-kill,tpa-order,96,Defeat,11,0,11,88,9,0,1,45,-1,,0,7,0,134406436
gym-lanes-boss6-kill,tpa-order,97,Defeat,13,0,13,104,16,0,1,38,-1,,0,8,0,622180330
gym-lanes-boss6-kill,tpa-order,98,Defeat,14,0,14,112,18,0,1,35,-1,,0,13,0,2648276688
gym-lanes-boss6-kill,tpa-order,99,Defeat,16,0,16,128,21,0,1,43,-1,,0,14,0,3574839749
gym-lanes-boss6-kill,tpa-order,100,Defeat,16,0,16,128,12,0,1,37,-1,,0,21,0,3242597090
gym-lanes-boss6-kill,tpa-order,101,Defeat,13,0,13,104,18,0,2,53,-1,,0,22,0,2739983220
gym-lanes-boss6-kill,tpa-order,102,Defeat,13,0,13,104,22,0,1,30,-1,,0,12,0,2551422894
gym-lanes-boss6-kill,tpa-order,103,Defeat,13,0,13,104,20,0,1,46,-1,,0,15,0,285271483
gym-lanes-boss6-kill,tpa-order,104,Defeat,10,0,10,80,10,0,1,60,-1,,0,6,0,581942397
gym-lanes-boss6-kill,tpa-order,105,Defeat,9,0,9,72,6,0,1,66,-1,,0,9,0,4194461905
gym-lanes-boss6-kill,tpa-order,106,Defeat,7,0,7,56,4,0,2,100,11,1:11,0,7,0,3702588698
gym-lanes-boss6-kill,tpa-order,107,Defeat,11,0,11,88,8,0,1,54,-1,,0,6,0,1785542240
gym-lanes-boss6-kill,tpa-order,108,Defeat,23,0,23,184,26,0,2,39,20,1:20,0,38,0,221894122
gym-lanes-boss6-kill,tpa-order,109,Victory,13,0,13,104,16,5,0,38,-1,,0,9,0,1399156049
gym-lanes-boss6-kill,tpa-order,110,Defeat,10,0,10,80,7,0,2,50,-1,,0,10,0,2759775974
gym-lanes-boss6-kill,tpa-order,111,Defeat,14,0,14,112,11,0,1,50,-1,,0,15,0,1938447020
gym-lanes-boss6-kill,tpa-order,112,Defeat,30,0,30,240,52,0,1,26,12,1:12,0,26,0,4036255427
gym-lanes-boss6-kill,tpa-order,113,Defeat,10,0,10,80,13,0,1,50,-1,,0,9,0,3785979384
gym-lanes-boss6-kill,tpa-order,114,Defeat,10,0,10,80,10,0,2,40,-1,,0,9,0,1860033673
gym-lanes-boss6-kill,tpa-order,115,Defeat,11,0,11,88,23,0,2,45,-1,,0,14,0,3226181265
gym-lanes-boss6-kill,tpa-order,116,Defeat,11,0,11,88,10,0,1,45,-1,,0,14,0,1737492562
gym-lanes-boss6-kill,tpa-order,117,Defeat,11,0,11,88,15,0,2,54,-1,,0,15,0,2355846743
gym-lanes-boss6-kill,tpa-order,118,Defeat,6,0,6,48,4,0,2,66,-1,,0,6,0,4154426797
gym-lanes-boss6-kill,tpa-order,119,Victory,14,0,14,112,11,50,2,35,20,1:20,0,24,0,1761644735
gym-lanes-boss6-kill,tpa-order,120,Defeat,21,0,21,168,22,0,1,38,12,1:12,0,33,0,3932762667
gym-lanes-boss6-kill,tpa-order,121,Defeat,15,0,15,120,17,0,1,40,20,1:20,0,11,0,2764330939
gym-lanes-boss6-kill,tpa-order,122,Defeat,10,0,10,80,7,0,2,50,-1,,0,10,0,1478165337
gym-lanes-boss6-kill,tpa-order,123,Defeat,11,0,11,88,12,0,2,54,3,1:3,0,13,0,3501311244
gym-lanes-boss6-kill,tpa-order,124,Defeat,12,0,12,96,9,0,1,41,-1,,0,11,0,2226296490
gym-lanes-boss6-kill,tpa-order,125,Defeat,19,0,19,152,28,0,1,21,3,1:3,0,15,0,2712402024
gym-lanes-boss6-kill,tpa-order,126,Defeat,11,0,11,88,13,0,2,54,-1,,0,13,0,2712550002
gym-lanes-boss6-kill,tpa-order,127,Defeat,8,0,8,64,14,0,3,75,11,1:11,0,12,0,424890959
gym-lanes-boss6-kill,tpa-order,128,Defeat,22,0,22,176,29,0,2,27,20,1:20,0,60,0,259797182
gym-lanes-boss6-kill,tpa-order,129,Defeat,6,0,6,48,12,0,3,83,-1,,0,5,1,3528031189
gym-lanes-boss6-kill,tpa-order,130,Defeat,11,0,11,88,10,0,2,54,-1,,0,13,0,3087562505
gym-lanes-boss6-kill,tpa-order,131,Defeat,13,0,13,104,22,0,1,30,-1,,0,12,0,2551422894
gym-lanes-boss6-kill,tpa-order,132,Defeat,6,0,6,48,11,0,3,66,-1,,0,3,1,2492494583
gym-lanes-boss6-kill,tpa-order,133,Defeat,12,0,12,96,14,0,1,50,-1,,0,13,0,786136734
gym-lanes-boss6-kill,tpa-order,134,Victory,15,0,15,120,20,175,1,26,3,1:3,0,12,0,74099709
gym-lanes-boss6-kill,tpa-order,135,Defeat,12,0,12,96,10,0,1,50,-1,,0,12,0,85567342
gym-lanes-boss6-kill,tpa-order,136,Defeat,19,0,19,152,25,0,1,36,12,1:12,0,16,0,1721488568
gym-lanes-boss6-kill,tpa-order,137,Defeat,14,0,14,112,11,0,1,50,3,1:3,0,9,0,1771119222
gym-lanes-boss6-kill,tpa-order,138,Defeat,5,0,5,40,10,0,3,80,-1,,0,4,2,3693771066
gym-lanes-boss6-kill,tpa-order,139,Victory,15,0,15,120,16,80,1,33,20,1:20,0,17,0,755808850
gym-lanes-boss6-kill,tpa-order,140,Defeat,12,0,12,96,8,0,2,50,-1,,0,13,0,421432959
gym-lanes-boss6-kill,tpa-order,141,Defeat,9,0,9,72,14,0,2,55,-1,,0,8,0,2727387512
gym-lanes-boss6-kill,tpa-order,142,Defeat,11,0,11,88,8,0,2,54,3,1:3,0,13,0,433728323
gym-lanes-boss6-kill,tpa-order,143,Defeat,12,0,12,96,19,0,2,41,-1,,0,18,0,2140695280
gym-lanes-boss6-kill,tpa-order,144,Defeat,19,0,19,152,29,0,1,26,12,1:12,0,17,0,371605325
gym-lanes-boss6-kill,tpa-order,145,Defeat,28,0,28,224,35,0,1,28,20,1:20,0,28,0,2378939197
gym-lanes-boss6-kill,tpa-order,146,Defeat,11,0,11,88,11,0,1,45,-1,,0,17,0,4192257012
gym-lanes-boss6-kill,tpa-order,147,Defeat,13,0,13,104,14,0,3,23,3,1:3,0,23,0,4048855326
gym-lanes-boss6-kill,tpa-order,148,Defeat,12,0,12,96,10,0,1,58,-1,,0,14,0,2546591092
gym-lanes-boss6-kill,tpa-order,149,Defeat,14,0,14,112,23,0,1,35,-1,,0,13,0,3570742889
gym-lanes-boss6-kill,tpa-order,150,Defeat,13,0,13,104,12,0,1,53,-1,,0,10,0,2350882481
gym-lanes-boss6-kill,tpa-order,151,Defeat,12,0,12,96,8,0,2,41,20,1:20,0,12,0,4206380639
gym-lanes-boss6-kill,tpa-order,152,Defeat,10,0,10,80,2,0,1,60,-1,,0,5,0,1820128003
gym-lanes-boss6-kill,tpa-order,153,Defeat,23,0,23,184,38,0,1,52,12,1:12,0,50,0,81645468
gym-lanes-boss6-kill,tpa-order,154,Defeat,12,0,12,96,20,0,1,41,-1,,0,13,0,3521190238
gym-lanes-boss6-kill,tpa-order,155,Defeat,12,0,12,96,15,0,1,50,-1,,0,13,0,2103620755
gym-lanes-boss6-kill,tpa-order,156,Defeat,16,0,16,128,21,0,2,43,20,1:20,0,28,0,2363644074
gym-lanes-boss6-kill,tpa-order,157,Defeat,12,0,12,96,13,0,2,58,-1,,0,14,0,1760813195
gym-lanes-boss6-kill,tpa-order,158,Defeat,12,0,12,96,17,0,1,33,-1,,0,18,0,867908886
gym-lanes-boss6-kill,tpa-order,159,Defeat,17,0,17,136,20,0,2,47,20,1:20,0,19,0,235369919
gym-lanes-boss6-kill,tpa-order,160,Defeat,7,0,7,56,9,0,1,57,-1,,0,5,1,1337623896
gym-lanes-boss6-kill,tpa-order,161,Defeat,8,0,8,64,12,0,4,62,11,1:11,0,12,1,3728078423
gym-lanes-boss6-kill,tpa-order,162,Defeat,13,0,13,104,17,0,1,30,-1,,0,13,0,1249038168
gym-lanes-boss6-kill,tpa-order,163,Defeat,25,0,25,200,30,0,1,20,12,1:12,0,21,0,3341702390
gym-lanes-boss6-kill,tpa-order,164,Defeat,12,0,12,96,12,0,1,41,-1,,0,16,0,2389700631
gym-lanes-boss6-kill,tpa-order,165,Defeat,13,0,13,104,13,0,1,38,3,1:3,0,9,0,2174457162
gym-lanes-boss6-kill,tpa-order,166,Defeat,24,0,24,192,38,0,1,37,12,1:12,0,21,0,101102607
gym-lanes-boss6-kill,tpa-order,167,Defeat,20,0,20,160,27,0,1,25,12,1:12,0,16,0,1316927993
gym-lanes-boss6-kill,tpa-order,168,Defeat,13,0,13,104,18,0,1,38,-1,,0,12,0,2449109219
gym-lanes-boss6-kill,tpa-order,169,Defeat,15,0,15,120,35,0,1,40,-1,,0,18,0,1375206888
gym-lanes-boss6-kill,tpa-order,170,Defeat,15,0,15,120,17,0,1,33,-1,,0,15,0,2482244243
gym-lanes-boss6-kill,tpa-order,171,Defeat,16,0,16,128,15,0,1,37,-1,,0,20,0,3973192273
gym-lanes-boss6-kill,tpa-order,172,Defeat,15,0,15,120,12,0,1,40,3,1:3,0,11,0,2327697068
gym-lanes-boss6-kill,tpa-order,173,Defeat,12,0,12,96,16,0,1,33,-1,,0,19,0,1366215364
gym-lanes-boss6-kill,tpa-order,174,Defeat,20,0,20,160,19,0,1,20,20,1:20,0,19,0,1689449809
gym-lanes-boss6-kill,tpa-order,175,Defeat,11,0,11,88,10,0,1,45,-1,,0,13,0,1181535320
gym-lanes-boss6-kill,tpa-order,176,Defeat,5,0,5,40,5,0,4,80,-1,,0,4,2,2666491759
gym-lanes-boss6-kill,tpa-order,177,Defeat,14,0,14,112,8,0,1,35,-1,,0,15,0,3292673807
gym-lanes-boss6-kill,tpa-order,178,Defeat,12,0,12,96,9,0,1,41,-1,,0,15,0,735883587
gym-lanes-boss6-kill,tpa-order,179,Victory,18,0,18,144,15,90,0,27,12,1:12,0,13,0,3070067573
gym-lanes-boss6-kill,tpa-order,180,Defeat,13,0,13,104,24,0,1,46,-1,,0,9,0,2904319782
gym-lanes-boss6-kill,tpa-order,181,Defeat,19,0,19,152,28,0,1,26,-1,,0,15,0,1157580457
gym-lanes-boss6-kill,tpa-order,182,Defeat,11,0,11,88,28,0,2,45,-1,,0,11,0,1334292506
gym-lanes-boss6-kill,tpa-order,183,Defeat,12,0,12,96,8,0,1,66,-1,,0,16,0,3624635667
gym-lanes-boss6-kill,tpa-order,184,Defeat,12,0,12,96,6,0,1,66,-1,,0,13,0,3402747644
gym-lanes-boss6-kill,tpa-order,185,Defeat,6,0,6,48,12,0,2,66,-1,,0,5,1,130758642
gym-lanes-boss6-kill,tpa-order,186,Victory,15,0,15,120,7,5,0,46,3,1:3,0,9,0,2088130112
gym-lanes-boss6-kill,tpa-order,187,Defeat,13,0,13,104,21,0,1,38,-1,,0,13,0,1606494027
gym-lanes-boss6-kill,tpa-order,188,Defeat,12,0,12,96,7,0,2,33,20,1:20,0,15,0,4109617696
gym-lanes-boss6-kill,tpa-order,189,Defeat,13,0,13,104,14,0,1,53,-1,,0,19,0,1568924119
gym-lanes-boss6-kill,tpa-order,190,Defeat,5,0,5,40,12,0,4,80,-1,,0,4,2,4167300496
gym-lanes-boss6-kill,tpa-order,191,Defeat,17,0,17,136,28,0,1,41,3,1:3,0,13,0,1038615208
gym-lanes-boss6-kill,tpa-order,192,Victory,27,0,27,216,41,55,0,33,12,1:12,0,28,0,3081292705
gym-lanes-boss6-kill,tpa-order,193,Defeat,13,0,13,104,13,0,1,38,-1,,0,11,0,1306490607
gym-lanes-boss6-kill,tpa-order,194,Defeat,13,0,13,104,16,0,2,46,-1,,0,15,0,433790920
gym-lanes-boss6-kill,tpa-order,195,Defeat,14,0,14,112,13,0,1,50,-1,,0,10,0,861859648
gym-lanes-boss6-kill,tpa-order,196,Defeat,12,0,12,96,16,0,1,41,-1,,0,7,0,1632453813
gym-lanes-boss6-kill,tpa-order,197,Defeat,21,0,21,168,32,0,1,23,12,1:12,0,16,0,4171066685
gym-lanes-boss6-kill,tpa-order,198,Defeat,11,0,11,88,8,0,1,45,-1,,0,12,0,60135324
gym-lanes-boss6-kill,tpa-order,199,Victory,13,0,13,104,5,25,0,38,-1,,0,8,0,390279540
gym-lanes-boss6-kill,tpa-order,200,Defeat,13,0,13,104,20,0,1,53,-1,,0,15,0,3972648093
gym-lanes-boss6-kill,control-hold,1,Victory,14,0,14,112,12,5,1,42,3,1:3,0,18,0,1954841144
gym-lanes-boss6-kill,control-hold,2,Defeat,24,0,24,192,24,0,1,33,20,1:20,0,35,0,4289404420
gym-lanes-boss6-kill,control-hold,3,Defeat,12,0,12,96,7,0,1,50,-1,,0,14,0,2698466422
gym-lanes-boss6-kill,control-hold,4,Defeat,11,0,11,88,7,0,1,54,-1,,0,8,0,1894022284
gym-lanes-boss6-kill,control-hold,5,Defeat,22,0,22,176,34,0,1,31,12,1:12,0,25,0,3013793251
gym-lanes-boss6-kill,control-hold,6,Defeat,17,0,17,136,23,0,1,35,-1,,0,19,0,3710737843
gym-lanes-boss6-kill,control-hold,7,Defeat,10,0,10,80,13,0,2,50,-1,,0,10,1,1776525733
gym-lanes-boss6-kill,control-hold,8,Defeat,12,0,12,96,9,0,1,58,-1,,0,11,0,4253061496
gym-lanes-boss6-kill,control-hold,9,Defeat,10,0,10,80,6,0,1,50,-1,,0,11,0,555534280
gym-lanes-boss6-kill,control-hold,10,Defeat,25,0,25,200,28,0,1,28,12,1:12,0,19,0,4258654152
gym-lanes-boss6-kill,control-hold,11,Defeat,21,0,21,168,25,0,1,28,20,1:20,0,28,0,898844544
gym-lanes-boss6-kill,control-hold,12,Victory,25,0,25,200,35,80,0,28,3,1:3,0,20,0,1819934069
gym-lanes-boss6-kill,control-hold,13,Defeat,10,0,10,80,14,0,2,50,-1,,0,10,0,3004721068
gym-lanes-boss6-kill,control-hold,14,Defeat,18,0,18,144,27,0,1,44,-1,,0,27,0,107939451
gym-lanes-boss6-kill,control-hold,15,Defeat,8,0,8,64,14,0,2,50,-1,,0,6,1,2122098496
gym-lanes-boss6-kill,control-hold,16,Defeat,13,0,13,104,17,0,1,30,-1,,0,12,0,3857360364
gym-lanes-boss6-kill,control-hold,17,Defeat,17,0,17,136,27,0,1,29,-1,,0,13,0,3679630906
gym-lanes-boss6-kill,control-hold,18,Defeat,11,0,11,88,9,0,3,63,-1,,0,12,0,874898182
gym-lanes-boss6-kill,control-hold,19,Defeat,13,0,13,104,15,0,1,53,-1,,0,15,0,2779496513
gym-lanes-boss6-kill,control-hold,20,Defeat,13,0,13,104,16,0,1,38,-1,,0,10,0,3054517663
gym-lanes-boss6-kill,control-hold,21,Defeat,12,0,12,96,13,0,1,50,-1,,0,9,0,60528074
gym-lanes-boss6-kill,control-hold,22,Defeat,6,0,6,48,8,0,3,83,-1,,0,6,1,952661188
gym-lanes-boss6-kill,control-hold,23,Victory,18,0,18,144,24,15,1,38,-1,,0,26,0,239461868
gym-lanes-boss6-kill,control-hold,24,Defeat,10,0,10,80,7,0,2,50,-1,,0,7,0,3898791843
gym-lanes-boss6-kill,control-hold,25,Defeat,20,0,20,160,25,0,1,35,3,1:3,0,19,0,1225753687
gym-lanes-boss6-kill,control-hold,26,Defeat,13,0,13,104,14,0,2,46,-1,,0,14,0,284546910
gym-lanes-boss6-kill,control-hold,27,Defeat,17,0,17,136,13,0,2,58,-1,,0,22,0,245132496
gym-lanes-boss6-kill,control-hold,28,Defeat,7,0,7,56,3,0,2,85,-1,,0,4,0,3021418116
gym-lanes-boss6-kill,control-hold,29,Defeat,14,0,14,112,18,0,1,35,-1,,0,12,0,3941716798
gym-lanes-boss6-kill,control-hold,30,Defeat,9,0,9,72,15,0,3,55,-1,,0,9,1,2640931403
gym-lanes-boss6-kill,control-hold,31,Defeat,14,0,14,112,16,0,1,42,-1,,0,13,0,3609078692
gym-lanes-boss6-kill,control-hold,32,Defeat,12,0,12,96,12,0,3,66,-1,,0,18,1,71209054
gym-lanes-boss6-kill,control-hold,33,Defeat,7,0,7,56,8,0,4,85,11,1:11,0,9,1,1240472387
gym-lanes-boss6-kill,control-hold,34,Defeat,7,0,7,56,8,0,4,100,11,1:11,0,9,1,1496083665
gym-lanes-boss6-kill,control-hold,35,Defeat,13,0,13,104,17,0,2,46,-1,,0,15,0,4009571847
gym-lanes-boss6-kill,control-hold,36,Defeat,7,0,7,56,9,0,2,57,-1,,0,5,1,2371292452
gym-lanes-boss6-kill,control-hold,37,Defeat,15,0,15,120,14,0,1,40,-1,,0,14,0,3753417955
gym-lanes-boss6-kill,control-hold,38,Victory,30,0,30,240,49,205,1,30,-1,,0,48,0,994364255
gym-lanes-boss6-kill,control-hold,39,Defeat,14,0,14,112,15,0,2,35,-1,,0,22,0,2604931671
gym-lanes-boss6-kill,control-hold,40,Defeat,13,0,13,104,21,0,1,38,-1,,0,13,0,155664331
gym-lanes-boss6-kill,control-hold,41,Defeat,8,0,8,64,10,0,2,62,-1,,0,6,0,522098495
gym-lanes-boss6-kill,control-hold,42,Defeat,17,0,17,136,19,0,1,47,-1,,0,21,0,2654623861
gym-lanes-boss6-kill,control-hold,43,Victory,13,0,13,104,9,5,0,38,-1,,0,12,0,924821378
gym-lanes-boss6-kill,control-hold,44,Defeat,13,0,13,104,12,0,1,38,-1,,0,14,0,52592714
gym-lanes-boss6-kill,control-hold,45,Defeat,14,0,14,112,15,0,1,35,-1,,0,20,0,1477898145
gym-lanes-boss6-kill,control-hold,46,Victory,27,0,27,216,32,20,0,18,11,1:11,0,23,0,4211773877
gym-lanes-boss6-kill,control-hold,47,Victory,31,0,31,248,53,20,0,19,12,1:12,0,26,0,2797660807
gym-lanes-boss6-kill,control-hold,48,Defeat,11,0,11,88,10,0,1,45,-1,,0,6,0,3263383350
gym-lanes-boss6-kill,control-hold,49,Defeat,13,0,13,104,12,0,1,38,-1,,0,14,0,4041072731
gym-lanes-boss6-kill,control-hold,50,Victory,15,0,15,120,17,50,1,33,20,1:20,0,17,0,1010854736
gym-lanes-boss6-kill,control-hold,51,Defeat,14,0,14,112,16,0,1,35,3,1:3,0,8,0,3231418848
gym-lanes-boss6-kill,control-hold,52,Defeat,13,0,13,104,9,0,1,38,-1,,0,12,0,2561607492
gym-lanes-boss6-kill,control-hold,53,Defeat,16,0,16,128,19,0,1,31,-1,,0,19,0,907662418
gym-lanes-boss6-kill,control-hold,54,Defeat,6,0,6,48,10,0,4,100,-1,,0,5,2,4179103933
gym-lanes-boss6-kill,control-hold,55,Defeat,16,0,16,128,22,0,1,37,11,1:11,0,19,0,2669309473
gym-lanes-boss6-kill,control-hold,56,Defeat,20,0,20,160,23,0,2,30,20,1:20,0,36,0,1034558329
gym-lanes-boss6-kill,control-hold,57,Defeat,12,0,12,96,13,0,1,41,-1,,0,15,0,2320954289
gym-lanes-boss6-kill,control-hold,58,Defeat,7,0,7,56,5,0,3,71,-1,,0,5,1,1316576199
gym-lanes-boss6-kill,control-hold,59,Victory,23,0,23,184,24,65,0,26,12,1:12,0,18,0,361385353
gym-lanes-boss6-kill,control-hold,60,Victory,26,0,26,208,30,110,0,26,3,1:3,0,34,0,1612654673
gym-lanes-boss6-kill,control-hold,61,Defeat,10,0,10,80,11,0,2,60,3,1:3,0,8,0,882709735
gym-lanes-boss6-kill,control-hold,62,Defeat,26,0,26,208,37,0,1,19,20,1:20,0,42,0,1792083725
gym-lanes-boss6-kill,control-hold,63,Defeat,19,0,19,152,22,0,1,42,3,1:3,0,19,0,3453663587
gym-lanes-boss6-kill,control-hold,64,Defeat,22,0,22,176,39,0,1,22,3,1:3,0,17,0,905013674
gym-lanes-boss6-kill,control-hold,65,Defeat,18,0,18,144,20,0,3,33,3,1:3,0,38,0,105329352
gym-lanes-boss6-kill,control-hold,66,Defeat,13,0,13,104,20,0,2,46,-1,,0,20,0,2109297729
gym-lanes-boss6-kill,control-hold,67,Defeat,7,0,7,56,9,0,4,57,11,1:11,0,9,1,470211392
gym-lanes-boss6-kill,control-hold,68,Defeat,11,0,11,88,6,0,3,45,20,1:20,0,14,0,2170877090
gym-lanes-boss6-kill,control-hold,69,Victory,24,0,24,192,22,85,0,25,20,1:20,0,23,0,3885506992
gym-lanes-boss6-kill,control-hold,70,Defeat,13,0,13,104,17,0,1,30,-1,,0,12,0,2551422894
gym-lanes-boss6-kill,control-hold,71,Defeat,25,0,25,200,38,0,1,28,11,1:11,0,24,0,2108306036
gym-lanes-boss6-kill,control-hold,72,Defeat,22,0,22,176,28,0,1,31,3,1:3,0,18,0,3396437117
gym-lanes-boss6-kill,control-hold,73,Defeat,16,0,16,128,14,0,1,43,-1,,0,12,0,3595102563
gym-lanes-boss6-kill,control-hold,74,Defeat,12,0,12,96,5,0,2,50,-1,,0,18,0,3603341482
gym-lanes-boss6-kill,control-hold,75,Defeat,7,0,7,56,14,0,2,57,-1,,0,6,0,2492671415
gym-lanes-boss6-kill,control-hold,76,Defeat,9,0,9,72,15,0,2,66,-1,,0,7,0,345726787
gym-lanes-boss6-kill,control-hold,77,Defeat,15,0,15,120,15,0,1,33,-1,,0,11,0,3149778429
gym-lanes-boss6-kill,control-hold,78,Defeat,22,0,22,176,32,0,1,31,12,1:12,0,17,0,1609813910
gym-lanes-boss6-kill,control-hold,79,Defeat,11,0,11,88,11,0,2,72,-1,,0,9,0,961092082
gym-lanes-boss6-kill,control-hold,80,Defeat,25,0,25,200,35,0,1,28,12,1:12,0,25,0,3446856692
gym-lanes-boss6-kill,control-hold,81,Defeat,12,0,12,96,20,0,2,66,-1,,0,11,0,2820566910
gym-lanes-boss6-kill,control-hold,82,Defeat,16,0,16,128,22,0,1,37,12,1:12,0,12,0,4033013256
gym-lanes-boss6-kill,control-hold,83,Defeat,9,0,9,72,7,0,2,55,-1,,0,8,0,3838951075
gym-lanes-boss6-kill,control-hold,84,Defeat,11,0,11,88,5,0,1,54,-1,,0,9,0,1540804963
gym-lanes-boss6-kill,control-hold,85,Defeat,15,0,15,120,23,0,2,40,11,1:11,0,27,0,2942788482
gym-lanes-boss6-kill,control-hold,86,Defeat,14,0,14,112,10,0,1,42,3,1:3,0,10,0,1260547475
gym-lanes-boss6-kill,control-hold,87,Defeat,12,0,12,96,9,0,1,50,-1,,0,12,0,1906000274
gym-lanes-boss6-kill,control-hold,88,Defeat,13,0,13,104,17,0,1,30,-1,,0,12,0,1943782196
gym-lanes-boss6-kill,control-hold,89,Defeat,14,0,14,112,16,0,1,35,-1,,0,13,0,1327444376
gym-lanes-boss6-kill,control-hold,90,Defeat,6,0,6,48,6,0,3,66,-1,,0,6,2,1123821314
gym-lanes-boss6-kill,control-hold,91,Defeat,15,0,15,120,12,0,1,33,-1,,0,13,0,336451381
gym-lanes-boss6-kill,control-hold,92,Defeat,16,0,16,128,18,0,1,31,-1,,0,12,0,343642599
gym-lanes-boss6-kill,control-hold,93,Defeat,12,0,12,96,12,0,2,50,-1,,0,11,0,2724755428
gym-lanes-boss6-kill,control-hold,94,Defeat,12,0,12,96,12,0,1,33,-1,,0,19,0,3254502611
gym-lanes-boss6-kill,control-hold,95,Defeat,22,0,22,176,30,0,2,40,12,1:12,0,34,0,3375976860
gym-lanes-boss6-kill,control-hold,96,Defeat,11,0,11,88,9,0,1,45,-1,,0,7,0,134406436
gym-lanes-boss6-kill,control-hold,97,Defeat,13,0,13,104,16,0,1,38,-1,,0,8,0,622180330
gym-lanes-boss6-kill,control-hold,98,Defeat,14,0,14,112,18,0,1,35,-1,,0,13,0,2648276688
gym-lanes-boss6-kill,control-hold,99,Defeat,16,0,16,128,21,0,1,43,-1,,0,14,0,3574839749
gym-lanes-boss6-kill,control-hold,100,Defeat,16,0,16,128,12,0,1,37,-1,,0,21,0,3242597090
gym-lanes-boss6-kill,control-hold,101,Defeat,13,0,13,104,18,0,3,53,-1,,0,22,0,2845935966
gym-lanes-boss6-kill,control-hold,102,Defeat,13,0,13,104,22,0,1,30,-1,,0,12,0,2551422894
gym-lanes-boss6-kill,control-hold,103,Defeat,13,0,13,104,20,0,1,46,-1,,0,15,0,285271483
gym-lanes-boss6-kill,control-hold,104,Defeat,10,0,10,80,10,0,1,60,-1,,0,6,0,581942397
gym-lanes-boss6-kill,control-hold,105,Defeat,9,0,9,72,6,0,1,66,-1,,0,9,0,4194461905
gym-lanes-boss6-kill,control-hold,106,Defeat,7,0,7,56,4,0,2,100,11,1:11,0,7,0,3702588698
gym-lanes-boss6-kill,control-hold,107,Defeat,11,0,11,88,8,0,1,54,-1,,0,6,0,1785542240
gym-lanes-boss6-kill,control-hold,108,Defeat,23,0,23,184,26,0,2,39,20,1:20,0,38,0,221894122
gym-lanes-boss6-kill,control-hold,109,Victory,13,0,13,104,16,5,0,38,-1,,0,9,0,1399156049
gym-lanes-boss6-kill,control-hold,110,Defeat,10,0,10,80,7,0,2,50,-1,,0,10,0,2759775974
gym-lanes-boss6-kill,control-hold,111,Defeat,14,0,14,112,11,0,1,50,-1,,0,15,0,1938447020
gym-lanes-boss6-kill,control-hold,112,Defeat,30,0,30,240,52,0,1,26,12,1:12,0,26,0,4036255427
gym-lanes-boss6-kill,control-hold,113,Defeat,10,0,10,80,13,0,1,50,-1,,0,9,0,3785979384
gym-lanes-boss6-kill,control-hold,114,Defeat,10,0,10,80,10,0,2,40,-1,,0,9,0,1860033673
gym-lanes-boss6-kill,control-hold,115,Defeat,11,0,11,88,23,0,3,72,-1,,0,15,0,3152660626
gym-lanes-boss6-kill,control-hold,116,Defeat,11,0,11,88,10,0,1,45,-1,,0,14,0,1737492562
gym-lanes-boss6-kill,control-hold,117,Defeat,11,0,11,88,15,0,2,54,-1,,0,15,0,2355846743
gym-lanes-boss6-kill,control-hold,118,Defeat,6,0,6,48,4,0,2,66,-1,,0,6,0,4154426797
gym-lanes-boss6-kill,control-hold,119,Victory,14,0,14,112,11,50,2,35,20,1:20,0,24,0,1761644735
gym-lanes-boss6-kill,control-hold,120,Defeat,21,0,21,168,22,0,2,42,12,1:12,0,33,0,572541008
gym-lanes-boss6-kill,control-hold,121,Defeat,15,0,15,120,17,0,1,40,20,1:20,0,11,0,2764330939
gym-lanes-boss6-kill,control-hold,122,Defeat,10,0,10,80,7,0,2,50,-1,,0,10,0,1478165337
gym-lanes-boss6-kill,control-hold,123,Defeat,11,0,11,88,12,0,2,54,3,1:3,0,13,0,3501311244
gym-lanes-boss6-kill,control-hold,124,Defeat,12,0,12,96,9,0,1,41,-1,,0,11,0,2226296490
gym-lanes-boss6-kill,control-hold,125,Defeat,19,0,19,152,28,0,1,21,3,1:3,0,15,0,2712402024
gym-lanes-boss6-kill,control-hold,126,Defeat,11,0,11,88,13,0,2,54,-1,,0,13,0,2712550002
gym-lanes-boss6-kill,control-hold,127,Defeat,8,0,8,64,14,0,4,87,11,1:11,0,12,0,658093812
gym-lanes-boss6-kill,control-hold,128,Defeat,22,0,22,176,29,0,2,27,20,1:20,0,60,0,259797182
gym-lanes-boss6-kill,control-hold,129,Defeat,6,0,6,48,12,0,3,83,-1,,0,5,1,3528031189
gym-lanes-boss6-kill,control-hold,130,Defeat,11,0,11,88,10,0,2,54,-1,,0,13,0,3087562505
gym-lanes-boss6-kill,control-hold,131,Defeat,13,0,13,104,22,0,1,30,-1,,0,12,0,2551422894
gym-lanes-boss6-kill,control-hold,132,Defeat,6,0,6,48,11,0,3,66,-1,,0,3,1,2492494583
gym-lanes-boss6-kill,control-hold,133,Defeat,12,0,12,96,14,0,1,50,-1,,0,13,0,786136734
gym-lanes-boss6-kill,control-hold,134,Victory,15,0,15,120,20,175,1,26,3,1:3,0,12,0,74099709
gym-lanes-boss6-kill,control-hold,135,Defeat,12,0,12,96,10,0,1,50,-1,,0,12,0,85567342
gym-lanes-boss6-kill,control-hold,136,Defeat,19,0,19,152,25,0,1,36,12,1:12,0,16,0,1721488568
gym-lanes-boss6-kill,control-hold,137,Defeat,14,0,14,112,11,0,1,50,3,1:3,0,9,0,1771119222
gym-lanes-boss6-kill,control-hold,138,Defeat,5,0,5,40,10,0,3,80,-1,,0,4,2,3693771066
gym-lanes-boss6-kill,control-hold,139,Victory,15,0,15,120,16,80,1,33,20,1:20,0,17,0,755808850
gym-lanes-boss6-kill,control-hold,140,Defeat,12,0,12,96,8,0,2,50,-1,,0,13,0,421432959
gym-lanes-boss6-kill,control-hold,141,Defeat,9,0,9,72,14,0,2,55,-1,,0,8,0,2727387512
gym-lanes-boss6-kill,control-hold,142,Defeat,11,0,11,88,8,0,2,54,3,1:3,0,13,0,433728323
gym-lanes-boss6-kill,control-hold,143,Defeat,12,0,12,96,19,0,2,41,-1,,0,18,0,2140695280
gym-lanes-boss6-kill,control-hold,144,Defeat,19,0,19,152,29,0,1,26,12,1:12,0,17,0,371605325
gym-lanes-boss6-kill,control-hold,145,Defeat,28,0,28,224,35,0,1,28,20,1:20,0,28,0,2378939197
gym-lanes-boss6-kill,control-hold,146,Defeat,11,0,11,88,11,0,1,45,-1,,0,17,0,4192257012
gym-lanes-boss6-kill,control-hold,147,Defeat,13,0,13,104,14,0,3,23,3,1:3,0,23,0,4048855326
gym-lanes-boss6-kill,control-hold,148,Defeat,10,0,10,80,10,0,3,60,-1,,0,11,0,3202331859
gym-lanes-boss6-kill,control-hold,149,Defeat,14,0,14,112,23,0,1,35,-1,,0,13,0,3570742889
gym-lanes-boss6-kill,control-hold,150,Defeat,13,0,13,104,12,0,1,53,-1,,0,10,0,2350882481
gym-lanes-boss6-kill,control-hold,151,Defeat,12,0,12,96,8,0,2,41,20,1:20,0,12,0,4206380639
gym-lanes-boss6-kill,control-hold,152,Defeat,10,0,10,80,2,0,1,60,-1,,0,5,0,1820128003
gym-lanes-boss6-kill,control-hold,153,Defeat,23,0,23,184,38,0,2,56,12,1:12,0,50,0,709094773
gym-lanes-boss6-kill,control-hold,154,Defeat,12,0,12,96,20,0,1,41,-1,,0,13,0,3521190238
gym-lanes-boss6-kill,control-hold,155,Defeat,12,0,12,96,15,0,1,50,-1,,0,13,0,2103620755
gym-lanes-boss6-kill,control-hold,156,Defeat,16,0,16,128,21,0,2,43,20,1:20,0,28,0,2363644074
gym-lanes-boss6-kill,control-hold,157,Defeat,12,0,12,96,13,0,2,58,-1,,0,14,0,1948917641
gym-lanes-boss6-kill,control-hold,158,Defeat,12,0,12,96,17,0,1,33,-1,,0,18,0,867908886
gym-lanes-boss6-kill,control-hold,159,Defeat,17,0,17,136,20,0,2,47,20,1:20,0,19,0,235369919
gym-lanes-boss6-kill,control-hold,160,Defeat,7,0,7,56,9,0,1,57,-1,,0,5,1,1337623896
gym-lanes-boss6-kill,control-hold,161,Defeat,8,0,8,64,12,0,4,62,11,1:11,0,12,1,3728078423
gym-lanes-boss6-kill,control-hold,162,Defeat,13,0,13,104,17,0,1,30,-1,,0,13,0,1249038168
gym-lanes-boss6-kill,control-hold,163,Defeat,25,0,25,200,30,0,1,20,12,1:12,0,21,0,3341702390
gym-lanes-boss6-kill,control-hold,164,Defeat,12,0,12,96,12,0,1,41,-1,,0,16,0,2389700631
gym-lanes-boss6-kill,control-hold,165,Defeat,13,0,13,104,13,0,1,38,3,1:3,0,9,0,2174457162
gym-lanes-boss6-kill,control-hold,166,Defeat,24,0,24,192,38,0,1,37,12,1:12,0,21,0,101102607
gym-lanes-boss6-kill,control-hold,167,Defeat,20,0,20,160,27,0,1,25,12,1:12,0,16,0,1316927993
gym-lanes-boss6-kill,control-hold,168,Defeat,13,0,13,104,18,0,1,38,-1,,0,12,0,2449109219
gym-lanes-boss6-kill,control-hold,169,Defeat,15,0,15,120,35,0,1,40,-1,,0,18,0,1375206888
gym-lanes-boss6-kill,control-hold,170,Defeat,15,0,15,120,17,0,1,33,-1,,0,15,0,2482244243
gym-lanes-boss6-kill,control-hold,171,Defeat,16,0,16,128,15,0,2,50,-1,,0,21,0,2039074430
gym-lanes-boss6-kill,control-hold,172,Defeat,15,0,15,120,12,0,1,40,3,1:3,0,11,0,2327697068
gym-lanes-boss6-kill,control-hold,173,Defeat,12,0,12,96,16,0,1,33,-1,,0,19,0,1366215364
gym-lanes-boss6-kill,control-hold,174,Defeat,20,0,20,160,19,0,1,20,20,1:20,0,19,0,1689449809
gym-lanes-boss6-kill,control-hold,175,Defeat,11,0,11,88,10,0,1,45,-1,,0,13,0,1181535320
gym-lanes-boss6-kill,control-hold,176,Defeat,5,0,5,40,5,0,4,80,-1,,0,4,2,2666491759
gym-lanes-boss6-kill,control-hold,177,Defeat,14,0,14,112,8,0,1,35,-1,,0,15,0,3292673807
gym-lanes-boss6-kill,control-hold,178,Defeat,12,0,12,96,9,0,1,41,-1,,0,15,0,735883587
gym-lanes-boss6-kill,control-hold,179,Victory,18,0,18,144,15,90,0,27,12,1:12,0,13,0,3070067573
gym-lanes-boss6-kill,control-hold,180,Defeat,13,0,13,104,24,0,1,46,-1,,0,9,0,2904319782
gym-lanes-boss6-kill,control-hold,181,Defeat,19,0,19,152,28,0,1,26,-1,,0,15,0,1157580457
gym-lanes-boss6-kill,control-hold,182,Defeat,11,0,11,88,28,0,2,45,-1,,0,11,0,1334292506
gym-lanes-boss6-kill,control-hold,183,Defeat,12,0,12,96,8,0,1,66,-1,,0,16,0,3624635667
gym-lanes-boss6-kill,control-hold,184,Defeat,12,0,12,96,6,0,1,66,-1,,0,13,0,3402747644
gym-lanes-boss6-kill,control-hold,185,Defeat,6,0,6,48,12,0,2,66,-1,,0,5,1,130758642
gym-lanes-boss6-kill,control-hold,186,Victory,15,0,15,120,7,5,0,46,3,1:3,0,9,0,2088130112
gym-lanes-boss6-kill,control-hold,187,Defeat,13,0,13,104,21,0,1,38,-1,,0,13,0,1606494027
gym-lanes-boss6-kill,control-hold,188,Defeat,12,0,12,96,7,0,2,33,20,1:20,0,15,0,4109617696
gym-lanes-boss6-kill,control-hold,189,Defeat,13,0,13,104,14,0,2,61,-1,,0,19,0,2449544926
gym-lanes-boss6-kill,control-hold,190,Defeat,5,0,5,40,12,0,4,80,-1,,0,4,2,4167300496
gym-lanes-boss6-kill,control-hold,191,Defeat,17,0,17,136,28,0,1,41,3,1:3,0,13,0,1038615208
gym-lanes-boss6-kill,control-hold,192,Defeat,22,0,22,176,24,0,1,36,12,1:12,0,23,0,1088979134
gym-lanes-boss6-kill,control-hold,193,Defeat,13,0,13,104,13,0,1,38,-1,,0,11,0,1306490607
gym-lanes-boss6-kill,control-hold,194,Defeat,13,0,13,104,16,0,2,46,-1,,0,15,0,2595768008
gym-lanes-boss6-kill,control-hold,195,Defeat,14,0,14,112,13,0,1,50,-1,,0,10,0,861859648
gym-lanes-boss6-kill,control-hold,196,Defeat,12,0,12,96,16,0,1,41,-1,,0,7,0,1632453813
gym-lanes-boss6-kill,control-hold,197,Defeat,21,0,21,168,32,0,1,23,12,1:12,0,16,0,4171066685
gym-lanes-boss6-kill,control-hold,198,Defeat,11,0,11,88,8,0,1,45,-1,,0,12,0,60135324
gym-lanes-boss6-kill,control-hold,199,Victory,13,0,13,104,5,25,0,38,-1,,0,8,0,390279540
gym-lanes-boss6-kill,control-hold,200,Defeat,13,0,13,104,20,0,1,53,-1,,0,15,0,3972648093
gym-lanes-boss6-kill,charge,1,Defeat,8,0,8,64,6,0,1,50,-1,,0,1,0,3951193010
gym-lanes-boss6-kill,charge,2,Defeat,7,0,7,56,8,0,1,57,11,1:11,0,1,0,269622674
gym-lanes-boss6-kill,charge,3,Defeat,7,0,7,56,14,0,1,71,-1,,0,2,1,3750085402
gym-lanes-boss6-kill,charge,4,Defeat,8,0,8,64,10,0,1,50,-1,,0,1,0,1806489562
gym-lanes-boss6-kill,charge,5,Defeat,7,0,7,56,6,0,1,57,11,1:11,0,1,0,528034953
gym-lanes-boss6-kill,charge,6,Defeat,6,0,6,48,5,0,1,66,-1,,0,2,1,518531422
gym-lanes-boss6-kill,charge,7,Defeat,7,0,7,56,10,0,2,57,-1,,0,3,1,676860972
gym-lanes-boss6-kill,charge,8,Defeat,9,0,9,72,12,0,1,44,-1,,0,3,0,417000993
gym-lanes-boss6-kill,charge,9,Defeat,7,0,7,56,15,0,1,42,-1,,0,2,1,4062570855
gym-lanes-boss6-kill,charge,10,Defeat,6,0,6,48,8,0,1,66,-1,,0,2,1,1356626265
gym-lanes-boss6-kill,charge,11,Defeat,7,0,7,56,7,0,1,57,11,1:11,0,1,0,2569732721
gym-lanes-boss6-kill,charge,12,Defeat,7,0,7,56,7,0,1,57,11,1:11,0,1,0,2569732721
gym-lanes-boss6-kill,charge,13,Defeat,8,0,8,64,8,0,1,50,-1,,0,1,0,332476631
gym-lanes-boss6-kill,charge,14,Defeat,6,0,6,48,14,0,2,66,-1,,0,2,2,1429481338
gym-lanes-boss6-kill,charge,15,Defeat,8,0,8,64,20,0,1,62,-1,,0,2,0,2220910911
gym-lanes-boss6-kill,charge,16,Defeat,6,0,6,48,10,0,2,66,-1,,0,1,1,1446568252
gym-lanes-boss6-kill,charge,17,Defeat,7,0,7,56,5,0,1,57,11,1:11,0,1,0,2569732721
gym-lanes-boss6-kill,charge,18,Defeat,8,0,8,64,7,0,1,50,-1,,0,2,0,2146252016
gym-lanes-boss6-kill,charge,19,Defeat,7,0,7,56,8,0,1,57,11,1:11,0,1,0,3875947678
gym-lanes-boss6-kill,charge,20,Defeat,6,0,6,48,7,0,1,50,11,1:11,0,1,1,3124039667
gym-lanes-boss6-kill,charge,21,Defeat,7,0,7,56,8,0,1,57,-1,,0,2,1,2858714131
gym-lanes-boss6-kill,charge,22,Defeat,6,0,6,48,9,0,1,66,-1,,0,3,1,4122473548
gym-lanes-boss6-kill,charge,23,Defeat,9,0,9,72,12,0,1,33,-1,,0,2,0,1212050157
gym-lanes-boss6-kill,charge,24,Defeat,7,0,7,56,11,0,2,57,-1,,0,2,1,2333206248
gym-lanes-boss6-kill,charge,25,Defeat,6,0,6,48,10,0,1,66,-1,,0,1,1,2871905678
gym-lanes-boss6-kill,charge,26,Defeat,8,0,8,64,7,0,1,50,-1,,0,2,0,757681483
gym-lanes-boss6-kill,charge,27,Defeat,5,0,5,40,5,0,2,60,-1,,0,1,2,3882905525
gym-lanes-boss6-kill,charge,28,Defeat,4,0,4,32,8,0,3,75,-1,,0,2,3,3042619786
gym-lanes-boss6-kill,charge,29,Defeat,7,0,7,56,7,0,1,57,11,1:11,0,1,0,2569732721
gym-lanes-boss6-kill,charge,30,Defeat,6,0,6,48,10,0,2,66,-1,,0,1,2,3841851722
gym-lanes-boss6-kill,charge,31,Defeat,7,0,7,56,5,0,1,57,11,1:11,0,2,1,2026528212
gym-lanes-boss6-kill,charge,32,Defeat,8,0,8,64,12,0,1,50,-1,,0,4,1,1844416266
gym-lanes-boss6-kill,charge,33,Defeat,6,0,6,48,5,0,2,66,-1,,0,1,1,2434123594
gym-lanes-boss6-kill,charge,34,Defeat,5,0,5,40,9,0,2,60,-1,,0,2,2,2135750583
gym-lanes-boss6-kill,charge,35,Defeat,7,0,7,56,7,0,1,57,-1,,0,2,0,1571488864
gym-lanes-boss6-kill,charge,36,Defeat,8,0,8,64,9,0,1,62,-1,,0,1,0,1916252933
gym-lanes-boss6-kill,charge,37,Defeat,8,0,8,64,8,0,1,50,-1,,0,1,0,332476631
gym-lanes-boss6-kill,charge,38,Defeat,7,0,7,56,6,0,1,57,-1,,0,2,1,335947489
gym-lanes-boss6-kill,charge,39,Defeat,7,0,7,56,5,0,1,57,11,1:11,0,1,0,2569732721
gym-lanes-boss6-kill,charge,40,Defeat,7,0,7,56,5,0,1,57,11,1:11,0,1,0,2569732721
gym-lanes-boss6-kill,charge,41,Defeat,7,0,7,56,6,0,1,57,11,1:11,0,1,0,2582385814
gym-lanes-boss6-kill,charge,42,Defeat,7,0,7,56,7,0,1,57,11,1:11,0,1,0,2569732721
gym-lanes-boss6-kill,charge,43,Defeat,7,0,7,56,4,0,1,57,-1,,0,1,0,3044319640
gym-lanes-boss6-kill,charge,44,Defeat,7,0,7,56,6,0,1,57,-1,,0,2,1,1652961018
gym-lanes-boss6-kill,charge,45,Defeat,4,0,4,32,8,0,3,75,-1,,0,2,2,3712691086
gym-lanes-boss6-kill,charge,46,Defeat,7,0,7,56,11,0,2,42,-1,,0,1,1,1264058452
gym-lanes-boss6-kill,charge,47,Defeat,7,0,7,56,7,0,1,57,11,1:11,0,1,0,2569732721
gym-lanes-boss6-kill,charge,48,Defeat,7,0,7,56,7,0,1,57,11,1:11,0,1,0,2569732721
gym-lanes-boss6-kill,charge,49,Defeat,7,0,7,56,10,0,1,42,-1,,0,1,1,3180103082
gym-lanes-boss6-kill,charge,50,Defeat,7,0,7,56,7,0,1,57,11,1:11,0,1,0,2569732721
gym-lanes-boss6-kill,charge,51,Defeat,5,0,5,40,8,0,3,80,-1,,0,2,2,931653300
gym-lanes-boss6-kill,charge,52,Defeat,7,0,7,56,7,0,1,57,11,1:11,0,1,0,2569732721
gym-lanes-boss6-kill,charge,53,Defeat,6,0,6,48,6,0,1,66,-1,,0,2,1,3760189005
gym-lanes-boss6-kill,charge,54,Defeat,9,0,9,72,7,0,1,44,-1,,0,3,0,3509576281
gym-lanes-boss6-kill,charge,55,Defeat,7,0,7,56,10,0,1,57,-1,,0,0,0,1560959295
gym-lanes-boss6-kill,charge,56,Defeat,10,0,10,80,17,0,1,40,-1,,0,2,0,2175888223
gym-lanes-boss6-kill,charge,57,Defeat,7,0,7,56,8,0,1,57,12,1:12,0,0,0,409416458
gym-lanes-boss6-kill,charge,58,Defeat,7,0,7,56,5,0,2,57,-1,,0,1,1,1314295830
gym-lanes-boss6-kill,charge,59,Defeat,7,0,7,56,6,0,1,57,11,1:11,0,1,0,2594313588
gym-lanes-boss6-kill,charge,60,Defeat,5,0,5,40,8,0,2,60,-1,,0,2,2,2318172583
gym-lanes-boss6-kill,charge,61,Defeat,8,0,8,64,13,0,1,50,-1,,0,2,0,268272397
gym-lanes-boss6-kill,charge,62,Defeat,7,0,7,56,3,0,1,42,-1,,0,0,0,1119021272
gym-lanes-boss6-kill,charge,63,Defeat,7,0,7,56,14,0,2,57,-1,,0,3,1,2305661659
gym-lanes-boss6-kill,charge,64,Victory,9,0,9,72,6,30,0,44,-1,,0,2,0,26554767
gym-lanes-boss6-kill,charge,65,Defeat,7,0,7,56,11,0,1,57,-1,,0,3,1,815349006
gym-lanes-boss6-kill,charge,66,Defeat,8,0,8,64,12,0,1,50,-1,,0,0,0,3914543862
gym-lanes-boss6-kill,charge,67,Defeat,7,0,7,56,6,0,1,57,11,1:11,0,1,0,2594313588
gym-lanes-boss6-kill,charge,68,Defeat,7,0,7,56,11,0,2,71,11,1:11,0,5,0,332809868
gym-lanes-boss6-kill,charge,69,Defeat,7,0,7,56,10,0,2,57,-1,,0,1,1,239465331
gym-lanes-boss6-kill,charge,70,Defeat,7,0,7,56,14,0,1,57,-1,,0,2,1,2655565435
gym-lanes-boss6-kill,charge,71,Defeat,6,0,6,48,2,0,1,66,-1,,0,2,1,3885244477
gym-lanes-boss6-kill,charge,72,Defeat,9,0,9,72,6,0,1,55,-1,,0,2,0,1112778844
gym-lanes-boss6-kill,charge,73,Defeat,8,0,8,64,6,0,1,50,-1,,0,2,0,2197843747
gym-lanes-boss6-kill,charge,74,Defeat,9,0,9,72,8,0,1,55,-1,,0,2,0,479579850
gym-lanes-boss6-kill,charge,75,Defeat,8,0,8,64,16,0,2,62,-1,,0,1,1,3595059489
gym-lanes-boss6-kill,charge,76,Defeat,8,0,8,64,12,0,2,62,-1,,0,1,0,1520433911
gym-lanes-boss6-kill,charge,77,Defeat,7,0,7,56,7,0,1,57,11,1:11,0,1,0,2569732721
gym-lanes-boss6-kill,charge,78,Defeat,7,0,7,56,7,0,1,57,11,1:11,0,1,0,352921923
gym-lanes-boss6-kill,charge,79,Defeat,8,0,8,64,12,0,1,50,-1,,0,1,0,2308223177
gym-lanes-boss6-kill,charge,80,Defeat,9,0,9,72,4,0,1,55,-1,,0,3,0,1318152921
gym-lanes-boss6-kill,charge,81,Defeat,7,0,7,56,11,0,3,71,-1,,0,6,1,3186673009
gym-lanes-boss6-kill,charge,82,Defeat,7,0,7,56,6,0,1,57,11,1:11,0,1,0,3752633707
gym-lanes-boss6-kill,charge,83,Defeat,8,0,8,64,7,0,2,62,-1,,0,2,1,3699600911
gym-lanes-boss6-kill,charge,84,Defeat,8,0,8,64,12,0,1,50,-1,,0,2,1,169393201
gym-lanes-boss6-kill,charge,85,Defeat,8,0,8,64,9,0,1,50,-1,,0,0,0,2779539058
gym-lanes-boss6-kill,charge,86,Defeat,6,0,6,48,11,0,2,50,-1,,0,2,1,3100034709
gym-lanes-boss6-kill,charge,87,Defeat,7,0,7,56,6,0,1,57,-1,,0,2,0,2185321415
gym-lanes-boss6-kill,charge,88,Defeat,6,0,6,48,6,0,1,66,-1,,0,3,1,3670665672
gym-lanes-boss6-kill,charge,89,Defeat,9,0,9,72,13,0,1,44,-1,,0,2,0,560378484
gym-lanes-boss6-kill,charge,90,Defeat,7,0,7,56,8,0,1,57,11,1:11,0,1,0,2254892510
gym-lanes-boss6-kill,charge,91,Defeat,5,0,5,40,4,0,2,60,-1,,0,1,2,4169627365
gym-lanes-boss6-kill,charge,92,Defeat,7,0,7,56,7,0,1,57,11,1:11,0,1,0,2569732721
gym-lanes-boss6-kill,charge,93,Defeat,6,0,6,48,8,0,2,66,-1,,0,1,1,3600484262
gym-lanes-boss6-kill,charge,94,Defeat,7,0,7,56,6,0,1,57,11,1:11,0,1,0,1713650935
gym-lanes-boss6-kill,charge,95,Defeat,7,0,7,56,4,0,1,57,-1,,0,3,1,4285719214
gym-lanes-boss6-kill,charge,96,Defeat,6,0,6,48,6,0,1,50,-1,,0,0,1,2057128412
gym-lanes-boss6-kill,charge,97,Defeat,6,0,6,48,14,0,2,50,-1,,0,2,2,1160792635
gym-lanes-boss6-kill,charge,98,Defeat,5,0,5,40,6,0,2,60,-1,,0,2,2,3490881444
gym-lanes-boss6-kill,charge,99,Defeat,8,0,8,64,8,0,1,50,-1,,0,1,0,332476631
gym-lanes-boss6-kill,charge,100,Defeat,6,0,6,48,7,0,2,50,-1,,0,2,1,528392403
gym-lanes-boss6-kill,charge,101,Defeat,6,0,6,48,8,0,1,66,-1,,0,1,1,2057128412
gym-lanes-boss6-kill,charge,102,Defeat,7,0,7,56,7,0,1,42,11,1:11,0,0,0,2383370514
gym-lanes-boss6-kill,charge,103,Defeat,7,0,7,56,7,0,1,57,11,1:11,0,1,0,2569732721
gym-lanes-boss6-kill,charge,104,Defeat,7,0,7,56,4,0,1,57,-1,,0,3,1,1944211874
gym-lanes-boss6-kill,charge,105,Defeat,9,0,9,72,8,0,1,55,-1,,0,2,0,190637796
gym-lanes-boss6-kill,charge,106,Defeat,9,0,9,72,11,0,1,55,-1,,0,2,0,2266967444
gym-lanes-boss6-kill,charge,107,Defeat,7,0,7,56,11,0,1,57,-1,,0,2,1,1114399796
gym-lanes-boss6-kill,charge,108,Defeat,10,0,10,80,12,0,1,30,-1,,0,3,0,1186057680
gym-lanes-boss6-kill,charge,109,Defeat,7,0,7,56,6,0,1,42,-1,,0,0,0,1119021272
gym-lanes-boss6-kill,charge,110,Defeat,7,0,7,56,10,0,1,57,-1,,0,2,0,2603976074
gym-lanes-boss6-kill,charge,111,Defeat,6,0,6,48,6,0,2,83,-1,,0,2,2,3187174629
gym-lanes-boss6-kill,charge,112,Defeat,7,0,7,56,4,0,1,57,11,1:11,0,1,0,146751692
gym-lanes-boss6-kill,charge,113,Defeat,6,0,6,48,8,0,1,50,-1,,0,2,1,3148257803
gym-lanes-boss6-kill,charge,114,Defeat,4,0,4,32,12,0,3,75,-1,,0,2,2,3043764924
gym-lanes-boss6-kill,charge,115,Defeat,7,0,7,56,14,0,2,57,-1,,0,1,1,3730615867
gym-lanes-boss6-kill,charge,116,Defeat,6,0,6,48,4,0,2,50,-1,,0,1,1,2567738577
gym-lanes-boss6-kill,charge,117,Defeat,7,0,7,56,8,0,1,57,-1,,0,0,0,575965080
gym-lanes-boss6-kill,charge,118,Defeat,6,0,6,48,7,0,1,50,11,1:11,0,1,1,3124039667
gym-lanes-boss6-kill,charge,119,Defeat,7,0,7,56,7,0,1,57,11,1:11,0,1,0,865618577
gym-lanes-boss6-kill,charge,120,Defeat,8,0,8,64,10,0,1,62,-1,,0,1,0,896329477
gym-lanes-boss6-kill,charge,121,Defeat,6,0,6,48,6,0,1,66,-1,,0,2,1,518531422
gym-lanes-boss6-kill,charge,122,Defeat,7,0,7,56,8,0,1,57,12,1:12,0,0,0,899903248
gym-lanes-boss6-kill,charge,123,Defeat,7,0,7,56,7,0,1,57,11,1:11,0,1,0,3081245455
gym-lanes-boss6-kill,charge,124,Defeat,7,0,7,56,6,0,1,57,-1,,0,1,0,2195691849
gym-lanes-boss6-kill,charge,125,Defeat,7,0,7,56,6,0,1,57,-1,,0,3,1,376002599
gym-lanes-boss6-kill,charge,126,Defeat,8,0,8,64,4,0,1,62,12,1:12,0,1,0,4122598590
gym-lanes-boss6-kill,charge,127,Defeat,4,0,4,32,5,0,3,75,-1,,0,1,2,3868856903
gym-lanes-boss6-kill,charge,128,Defeat,11,0,11,88,12,0,1,36,-1,,0,3,0,1560667025
gym-lanes-boss6-kill,charge,129,Defeat,7,0,7,56,7,0,1,57,11,1:11,0,1,0,3883601443
gym-lanes-boss6-kill,charge,130,Defeat,7,0,7,56,6,0,1,57,11,1:11,0,1,0,2254892510
gym-lanes-boss6-kill,charge,131,Defeat,6,0,6,48,7,0,1,50,11,1:11,0,1,1,3124039667
gym-lanes-boss6-kill,charge,132,Defeat,7,0,7,56,6,0,2,85,11,1:11,0,4,0,2548432195
gym-lanes-boss6-kill,charge,133,Defeat,6,0,6,48,6,0,1,50,-1,,0,0,1,2057128412
gym-lanes-boss6-kill,charge,134,Defeat,5,0,5,40,9,0,3,60,-1,,0,1,2,295210985
gym-lanes-boss6-kill,charge,135,Defeat,7,0,7,56,7,0,1,57,11,1:11,0,1,0,1556145557
gym-lanes-boss6-kill,charge,136,Defeat,8,0,8,64,11,0,1,50,-1,,0,2,0,1942908165
gym-lanes-boss6-kill,charge,137,Defeat,6,0,6,48,6,0,2,100,-1,,0,4,2,949299104
gym-lanes-boss6-kill,charge,138,Defeat,7,0,7,56,6,0,1,57,11,1:11,0,1,0,2582385814
gym-lanes-boss6-kill,charge,139,Defeat,7,0,7,56,7,0,1,57,11,1:11,0,1,0,2569732721
gym-lanes-boss6-kill,charge,140,Defeat,6,0,6,48,8,0,1,66,-1,,0,1,1,1059638681
gym-lanes-boss6-kill,charge,141,Defeat,7,0,7,56,8,0,1,42,-1,,0,0,0,1119021272
gym-lanes-boss6-kill,charge,142,Defeat,7,0,7,56,2,0,1,57,11,1:11,0,1,0,2569732721
gym-lanes-boss6-kill,charge,143,Defeat,7,0,7,56,3,0,1,57,11,1:11,0,0,0,834735602
gym-lanes-boss6-kill,charge,144,Defeat,7,0,7,56,7,0,1,57,11,1:11,0,1,0,4285403075
gym-lanes-boss6-kill,charge,145,Defeat,7,0,7,56,6,0,1,57,11,1:11,0,1,0,3301297528
gym-lanes-boss6-kill,charge,146,Defeat,10,0,10,80,8,0,1,50,-1,,0,3,0,2282545772
gym-lanes-boss6-kill,charge,147,Defeat,6,0,6,48,9,0,1,66,-1,,0,3,1,4122473548
gym-lanes-boss6-kill,charge,148,Defeat,6,0,6,48,5,0,3,66,-1,,0,2,2,2187790566
gym-lanes-boss6-kill,charge,149,Defeat,9,0,9,72,8,0,1,44,-1,,0,3,0,2874251891
gym-lanes-boss6-kill,charge,150,Defeat,8,0,8,64,6,0,1,50,-1,,0,1,0,2205858955
gym-lanes-boss6-kill,charge,151,Defeat,8,0,8,64,8,0,1,50,-1,,0,1,0,2344931406
gym-lanes-boss6-kill,charge,152,Defeat,7,0,7,56,6,0,1,57,11,1:11,0,1,0,2974611570
gym-lanes-boss6-kill,charge,153,Defeat,8,0,8,64,7,0,1,62,-1,,0,2,0,80058177
gym-lanes-boss6-kill,charge,154,Defeat,9,0,9,72,10,0,1,44,3,1:3,0,1,0,3431425015
gym-lanes-boss6-kill,charge,155,Defeat,7,0,7,56,9,0,1,42,11,1:11,0,0,0,402239670
gym-lanes-boss6-kill,charge,156,Defeat,9,0,9,72,11,0,1,44,-1,,0,3,0,957870607
gym-lanes-boss6-kill,charge,157,Defeat,5,0,5,40,6,0,3,60,-1,,0,2,2,791122719
gym-lanes-boss6-kill,charge,158,Defeat,7,0,7,56,6,0,1,57,11,1:11,0,1,0,1309756766
gym-lanes-boss6-kill,charge,159,Defeat,7,0,7,56,6,0,1,57,-1,,0,1,0,2254892510
gym-lanes-boss6-kill,charge,160,Defeat,6,0,6,48,10,0,1,66,-1,,0,1,1,894807839
gym-lanes-boss6-kill,charge,161,Defeat,7,0,7,56,9,0,2,57,11,1:11,0,5,0,3048174114
gym-lanes-boss6-kill,charge,162,Defeat,8,0,8,64,12,0,1,50,-1,,0,1,0,1931957569
gym-lanes-boss6-kill,charge,163,Defeat,7,0,7,56,6,0,1,57,12,1:12,0,1,0,3124878074
gym-lanes-boss6-kill,charge,164,Defeat,7,0,7,56,10,0,1,57,-1,,0,2,1,2748790591
gym-lanes-boss6-kill,charge,165,Defeat,6,0,6,48,4,0,1,66,11,1:11,0,1,0,4176832517
gym-lanes-boss6-kill,charge,166,Defeat,7,0,7,56,4,0,1,71,-1,,0,2,0,702233949
gym-lanes-boss6-kill,charge,167,Defeat,7,0,7,56,7,0,1,42,11,1:11,0,0,0,2156344708
gym-lanes-boss6-kill,charge,168,Defeat,7,0,7,56,7,0,1,57,11,1:11,0,1,0,2569732721
gym-lanes-boss6-kill,charge,169,Defeat,5,0,5,40,5,0,3,60,-1,,0,1,2,2718079776
gym-lanes-boss6-kill,charge,170,Defeat,7,0,7,56,9,0,1,57,-1,,0,3,1,1454129045
gym-lanes-boss6-kill,charge,171,Defeat,5,0,5,40,8,0,2,60,-1,,0,2,2,3866006100
gym-lanes-boss6-kill,charge,172,Defeat,8,0,8,64,5,0,1,50,-1,,0,2,0,2222693349
gym-lanes-boss6-kill,charge,173,Defeat,8,0,8,64,6,0,1,37,-1,,0,1,0,1719634221
gym-lanes-boss6-kill,charge,174,Defeat,7,0,7,56,8,0,1,57,-1,,0,2,1,1013041472
gym-lanes-boss6-kill,charge,175,Defeat,4,0,4,32,8,0,3,75,-1,,0,2,3,3712691086
gym-lanes-boss6-kill,charge,176,Defeat,7,0,7,56,6,0,1,57,11,1:11,0,1,0,1309756766
gym-lanes-boss6-kill,charge,177,Defeat,9,0,9,72,11,0,1,44,-1,,0,3,0,1657153741
gym-lanes-boss6-kill,charge,178,Defeat,8,0,8,64,8,0,1,50,3,1:3,0,1,0,1973006274
gym-lanes-boss6-kill,charge,179,Defeat,7,0,7,56,7,0,1,57,11,1:11,0,1,0,2569732721
gym-lanes-boss6-kill,charge,180,Defeat,7,0,7,56,14,0,2,57,-1,,0,1,1,1777126923
gym-lanes-boss6-kill,charge,181,Defeat,7,0,7,56,5,0,1,57,11,1:11,0,1,0,2569732721
gym-lanes-boss6-kill,charge,182,Defeat,7,0,7,56,7,0,1,57,-1,,0,2,0,1571488864
gym-lanes-boss6-kill,charge,183,Defeat,7,0,7,56,7,0,1,57,11,1:11,0,1,0,291100991
gym-lanes-boss6-kill,charge,184,Defeat,9,0,9,72,12,0,1,44,-1,,0,2,0,1625829216
gym-lanes-boss6-kill,charge,185,Defeat,8,0,8,64,10,0,1,37,-1,,0,2,0,4252869567
gym-lanes-boss6-kill,charge,186,Defeat,5,0,5,40,7,0,3,60,-1,,0,2,2,2829343441
gym-lanes-boss6-kill,charge,187,Defeat,7,0,7,56,7,0,1,57,11,1:11,0,1,0,2569732721
gym-lanes-boss6-kill,charge,188,Defeat,9,0,9,72,8,0,1,44,11,1:11,0,2,0,2249694062
gym-lanes-boss6-kill,charge,189,Defeat,7,0,7,56,8,0,1,57,-1,,0,2,1,564536936
gym-lanes-boss6-kill,charge,190,Defeat,6,0,6,48,8,0,2,66,-1,,0,0,0,3002124514
gym-lanes-boss6-kill,charge,191,Defeat,7,0,7,56,4,0,1,57,-1,,0,2,0,461633894
gym-lanes-boss6-kill,charge,192,Defeat,7,0,7,56,5,0,1,57,-1,,0,3,1,3459568178
gym-lanes-boss6-kill,charge,193,Defeat,6,0,6,48,6,0,2,66,-1,,0,1,1,1768361863
gym-lanes-boss6-kill,charge,194,Defeat,8,0,8,64,16,0,1,62,-1,,0,3,1,472645291
gym-lanes-boss6-kill,charge,195,Defeat,9,0,9,72,19,0,1,44,-1,,0,6,0,2440609352
gym-lanes-boss6-kill,charge,196,Defeat,8,0,8,64,4,0,1,50,-1,,0,2,1,2777445642
gym-lanes-boss6-kill,charge,197,Defeat,7,0,7,56,4,0,1,71,-1,,0,2,0,139651784
gym-lanes-boss6-kill,charge,198,Defeat,7,0,7,56,7,0,2,57,-1,,0,3,1,532185607
gym-lanes-boss6-kill,charge,199,Defeat,7,0,7,56,14,0,1,57,-1,,0,2,1,744113051
gym-lanes-boss6-kill,charge,200,Defeat,8,0,8,64,8,0,1,37,-1,,0,2,0,4252869567
