map,strategy,seed,outcome,turns,hit_round_cap,player_turns,ap_granted,ap_unused,final_player_hp,enemies_remaining,mean_exposure_x100,first_crossing_x,unit_crossings,contact_round1,contact_turns,never_in_contact,state_hash
gym-crucible-chasm/T01,control-hold,1,Victory,7,0,6,192,48,896,2,62,-1,,0,5,0,47480325
gym-crucible-chasm/T01,control-hold,2,Victory,7,0,6,192,63,873,2,75,-1,,0,6,0,1120421994
gym-crucible-chasm/T01,control-hold,3,Victory,7,0,6,192,58,909,2,83,-1,,0,6,0,3223165904
gym-crucible-chasm/T01,control-hold,4,Victory,7,0,6,184,34,673,3,82,-1,,0,6,0,4257221127
gym-crucible-chasm/T01,control-hold,5,Victory,7,0,6,184,49,706,3,100,-1,,0,6,0,2486447019
gym-crucible-chasm/T01,control-hold,6,Victory,7,0,6,192,45,962,4,87,-1,,0,8,0,3444856722
gym-crucible-chasm/T01,control-hold,7,Victory,7,0,6,192,45,853,3,83,-1,,0,6,1,2563221127
gym-crucible-chasm/T01,control-hold,8,Victory,7,0,6,168,53,681,4,100,-1,,0,8,1,786069628
gym-crucible-chasm/T01,control-hold,9,Victory,7,0,6,192,55,921,3,100,-1,,0,6,0,2463483457
gym-crucible-chasm/T01,control-hold,10,Victory,7,0,6,176,47,871,2,63,-1,,0,4,0,77494295
gym-crucible-chasm/T01,control-hold,11,Victory,7,0,6,192,78,926,4,112,-1,,0,8,1,2087949882
gym-crucible-chasm/T01,control-hold,12,Victory,7,0,6,192,81,892,4,112,-1,,0,8,0,112769545
gym-crucible-chasm/T01,control-hold,13,Victory,7,0,6,168,58,836,4,61,-1,,0,8,1,1074584514
gym-crucible-chasm/T01,control-hold,14,Victory,7,0,6,152,62,581,2,94,-1,,0,6,0,4281528426
gym-crucible-chasm/T01,control-hold,15,Victory,7,0,6,192,59,773,3,112,-1,,0,7,0,1260613281
gym-crucible-chasm/T01,control-hold,16,Victory,7,0,6,192,43,805,3,104,-1,,0,7,0,2953908184
gym-crucible-chasm/T01,control-hold,17,Victory,7,0,6,192,44,988,4,116,-1,,0,8,0,972812170
gym-crucible-chasm/T01,control-hold,18,Victory,7,0,6,184,58,781,3,91,-1,,0,6,0,1797685599
gym-crucible-chasm/T01,control-hold,19,Victory,7,0,6,192,66,1005,4,104,-1,,0,7,1,1302199486
gym-crucible-chasm/T01,control-hold,20,Victory,7,0,6,192,57,897,3,104,-1,,0,7,0,3251081422
gym-crucible-chasm/T01,control-hold,21,Victory,7,0,6,192,43,956,3,104,-1,,0,8,1,224152228
gym-crucible-chasm/T01,control-hold,22,Victory,7,0,6,192,41,734,2,66,-1,,0,7,0,1926990785
gym-crucible-chasm/T01,control-hold,23,Victory,7,0,6,192,60,972,4,95,-1,,0,8,1,709939096
gym-crucible-chasm/T01,control-hold,24,Victory,7,0,6,184,49,721,4,134,-1,,0,8,0,2320800725
gym-crucible-chasm/T01,control-hold,25,Victory,7,0,6,192,51,877,3,87,-1,,0,6,1,844272534
gym-crucible-chasm/T01,control-hold,26,Victory,7,0,6,176,66,601,4,118,-1,,0,8,0,1110933140
gym-crucible-chasm/T01,control-hold,27,Defeat,4,0,4,128,28,1095,3,87,-1,,0,3,1,1934628597
gym-crucible-chasm/T01,control-hold,28,Defeat,5,0,5,144,43,923,3,94,-1,,0,5,1,1893229406
gym-crucible-chasm/T01,control-hold,29,Victory,7,0,6,168,69,789,3,100,-1,,0,6,0,2534459881
gym-crucible-chasm/T01,control-hold,30,Victory,7,0,6,176,51,697,3,95,-1,,0,8,0,320365914
gym-crucible-chasm/T01,control-hold,31,Victory,7,0,6,176,59,886,3,113,-1,,0,8,0,1354843515
gym-crucible-chasm/T01,control-hold,32,Victory,7,0,6,192,50,1048,3,79,-1,,0,8,1,779834992
gym-crucible-chasm/T01,control-hold,33,Victory,7,0,6,176,47,558,2,95,-1,,0,6,0,401699192
gym-crucible-chasm/T01,control-hold,34,Victory,7,0,6,192,65,824,3,79,-1,,0,6,0,1932784327
gym-crucible-chasm/T01,control-hold,35,Victory,7,0,6,192,48,736,3,95,-1,,0,6,0,2921265142
gym-crucible-chasm/T01,control-hold,36,Defeat,5,0,5,152,37,916,3,78,-1,,0,4,1,1362702986
gym-crucible-chasm/T01,control-hold,37,Victory,7,0,6,184,55,781,3,91,-1,,0,6,0,1546574333
gym-crucible-chasm/T01,control-hold,38,Victory,7,0,6,184,64,560,3,82,-1,,0,8,0,526707555
gym-crucible-chasm/T01,control-hold,39,Victory,7,0,6,168,59,775,4,119,-1,,0,8,0,1501835541
gym-crucible-chasm/T01,control-hold,40,Defeat,5,0,5,160,50,1066,4,110,-1,,0,5,1,1798958847
gym-crucible-chasm/T01,control-hold,41,Victory,7,0,6,192,44,753,3,116,-1,,0,8,0,886172512
gym-crucible-chasm/T01,control-hold,42,Victory,7,0,6,192,56,1009,4,87,-1,,0,7,1,2115385788
gym-crucible-chasm/T01,control-hold,43,Defeat,4,0,4,120,40,852,3,100,-1,,0,3,1,4217993156
gym-crucible-chasm/T01,control-hold,44,Victory,7,0,6,168,61,630,3,109,-1,,0,8,0,3673416312
gym-crucible-chasm/T01,control-hold,45,Victory,7,0,6,168,58,693,2,76,-1,,0,5,0,727606766
gym-crucible-chasm/T01,control-hold,46,Victory,7,0,6,168,61,483,4,123,-1,,0,8,0,543662996
gym-crucible-chasm/T01,control-hold,47,Victory,7,0,6,184,71,820,3,108,-1,,0,7,1,656388929
gym-crucible-chasm/T01,control-hold,48,Victory,7,0,6,192,70,735,2,108,-1,,0,8,0,3668149296
gym-crucible-chasm/T01,control-hold,49,Victory,7,0,6,192,56,782,2,66,-1,,0,5,0,2034272616
gym-crucible-chasm/T01,control-hold,50,Victory,7,0,6,168,53,732,4,114,-1,,0,8,1,151783889
gym-crucible-chasm/T01,corridor-hold,1,Victory,7,0,6,192,55,627,3,108,-1,,0,7,0,2688729287
gym-crucible-chasm/T01,corridor-hold,2,Victory,7,0,6,192,67,777,2,75,-1,,0,6,0,3619773050
gym-crucible-chasm/T01,corridor-hold,3,Victory,7,0,6,192,63,686,2,79,-1,,0,6,0,3743922221
gym-crucible-chasm/T01,corridor-hold,4,Victory,7,0,6,184,42,627,2,78,-1,,0,6,0,1581712277
gym-crucible-chasm/T01,corridor-hold,5,Victory,7,0,6,176,53,592,3,100,-1,,0,6,0,115157865
gym-crucible-chasm/T01,corridor-hold,6,Victory,7,0,6,192,69,801,4,133,-1,,0,8,0,3546640253
gym-crucible-chasm/T01,corridor-hold,7,Defeat,5,0,5,160,37,1002,3,75,-1,,0,4,1,187287490
gym-crucible-chasm/T01,corridor-hold,8,Victory,7,0,6,168,54,509,4,114,-1,,0,7,0,1772125699
gym-crucible-chasm/T01,corridor-hold,9,Defeat,4,0,4,128,35,1026,2,62,-1,,0,3,1,3524460506
gym-crucible-chasm/T01,corridor-hold,10,Victory,7,0,6,168,46,679,2,71,-1,,0,5,0,546868259
gym-crucible-chasm/T01,corridor-hold,11,Victory,7,0,6,192,71,832,3,87,-1,,0,7,0,1161521660
gym-crucible-chasm/T01,corridor-hold,12,Defeat,6,0,6,176,56,793,4,109,-1,,0,8,1,843958044
gym-crucible-chasm/T01,corridor-hold,13,Victory,7,0,6,160,53,605,4,55,-1,,0,8,0,2113126101
gym-crucible-chasm/T01,corridor-hold,14,Victory,7,0,6,176,77,477,3,100,-1,,0,5,0,162916382
gym-crucible-chasm/T01,corridor-hold,15,Victory,7,0,6,192,70,837,4,125,-1,,0,8,1,2430779880
gym-crucible-chasm/T01,corridor-hold,16,Victory,7,0,6,192,68,843,2,87,-1,,0,6,0,909424081
gym-crucible-chasm/T01,corridor-hold,17,Defeat,6,0,6,168,48,794,3,100,-1,,0,7,1,1242834247
gym-crucible-chasm/T01,corridor-hold,18,Victory,7,0,6,184,59,749,2,91,-1,,0,6,0,4285709855
gym-crucible-chasm/T01,corridor-hold,19,Victory,7,0,6,192,66,718,4,116,-1,,0,8,1,226156978
gym-crucible-chasm/T01,corridor-hold,20,Victory,7,0,6,192,60,716,4,133,-1,,0,8,0,152448712
gym-crucible-chasm/T01,corridor-hold,21,Victory,7,0,6,192,51,732,4,112,-1,,0,8,1,2901658490
gym-crucible-chasm/T01,corridor-hold,22,Victory,7,0,6,192,37,729,2,66,-1,,0,7,0,1097613993
gym-crucible-chasm/T01,corridor-hold,23,Victory,7,0,6,176,64,779,4,100,-1,,0,8,1,4105250823
gym-crucible-chasm/T01,corridor-hold,24,Victory,7,0,6,184,46,614,3,126,-1,,0,8,0,2989221764
gym-crucible-chasm/T01,corridor-hold,25,Victory,7,0,6,160,47,526,3,105,-1,,0,7,0,519055194
gym-crucible-chasm/T01,corridor-hold,26,Victory,7,0,6,176,64,596,3,113,-1,,0,8,0,2179187753
gym-crucible-chasm/T01,corridor-hold,27,Victory,7,0,6,192,44,802,3,79,-1,,0,6,1,898926487
gym-crucible-chasm/T01,corridor-hold,28,Defeat,5,0,5,144,44,875,4,88,-1,,0,5,1,953676453
gym-crucible-chasm/T01,corridor-hold,29,Victory,7,0,6,176,73,617,3,95,-1,,0,5,0,1806932068
gym-crucible-chasm/T01,corridor-hold,30,Victory,7,0,6,184,37,706,3,86,-1,,0,8,0,2804103130
gym-crucible-chasm/T01,corridor-hold,31,Victory,7,0,6,176,46,817,3,90,-1,,0,7,1,3429091537
gym-crucible-chasm/T01,corridor-hold,32,Victory,7,0,6,176,59,491,3,90,-1,,0,8,0,3786377508
gym-crucible-chasm/T01,corridor-hold,33,Victory,7,0,6,184,48,746,2,69,-1,,0,4,0,978007960
gym-crucible-chasm/T01,corridor-hold,34,Victory,7,0,6,176,67,610,3,104,-1,,0,7,0,3487911919
gym-crucible-chasm/T01,corridor-hold,35,Victory,7,0,6,160,57,500,3,120,-1,,0,6,0,2370500097
gym-crucible-chasm/T01,corridor-hold,36,Defeat,5,0,5,152,40,916,3,78,-1,,0,4,1,408757239
gym-crucible-chasm/T01,corridor-hold,37,Victory,7,0,6,192,53,647,2,70,-1,,0,6,0,4087875226
gym-crucible-chasm/T01,corridor-hold,38,Victory,7,0,6,184,61,825,3,78,-1,,0,8,0,1299440724
gym-crucible-chasm/T01,corridor-hold,39,Victory,7,0,6,152,58,455,3,100,-1,,0,7,1,2782500693
gym-crucible-chasm/T01,corridor-hold,40,Defeat,6,0,6,184,51,796,3,82,-1,,0,8,1,3539173198
gym-crucible-chasm/T01,corridor-hold,41,Defeat,5,0,5,128,37,705,4,87,-1,,0,5,1,2062554098
gym-crucible-chasm/T01,corridor-hold,42,Victory,7,0,6,192,61,715,3,95,-1,,0,7,0,2889243828
gym-crucible-chasm/T01,corridor-hold,43,Defeat,6,0,6,152,46,671,4,100,-1,,0,8,1,4201149823
gym-crucible-chasm/T01,corridor-hold,44,Victory,7,0,6,168,62,490,3,109,-1,,0,8,0,2208452228
gym-crucible-chasm/T01,corridor-hold,45,Victory,7,0,6,168,55,679,2,71,-1,,0,5,0,3303432417
gym-crucible-chasm/T01,corridor-hold,46,Victory,7,0,6,168,59,518,3,114,-1,,0,8,0,3837747596
gym-crucible-chasm/T01,corridor-hold,47,Victory,7,0,6,192,61,738,3,104,-1,,0,7,0,4181318725
gym-crucible-chasm/T01,corridor-hold,48,Victory,7,0,6,192,57,876,3,91,-1,,0,6,0,1546470659
gym-crucible-chasm/T01,corridor-hold,49,Victory,7,0,6,192,42,755,2,70,-1,,0,5,0,179202367
gym-crucible-chasm/T01,corridor-hold,50,Victory,7,0,6,160,43,518,3,120,-1,,0,7,0,1435420195
gym-crucible-chasm/T02,control-hold,1,Victory,7,0,6,192,63,818,2,70,-1,,0,5,0,1343087794
gym-crucible-chasm/T02,control-hold,2,Victory,7,0,6,192,65,774,2,79,-1,,0,6,0,3816473553
gym-crucible-chasm/T02,control-hold,3,Victory,7,0,6,192,64,681,3,112,-1,,0,7,0,4022845668
gym-crucible-chasm/T02,control-hold,4,Defeat,6,0,6,160,54,718,3,85,-1,,0,5,0,1134046661
gym-crucible-chasm/T02,control-hold,5,Victory,7,0,6,176,37,564,3,100,-1,,0,6,0,2279438123
gym-crucible-chasm/T02,control-hold,6,Victory,7,0,6,192,54,536,3,87,-1,,0,7,0,2735651630
gym-crucible-chasm/T02,control-hold,7,Victory,7,0,6,192,53,871,2,62,-1,,0,5,0,1957839275
gym-crucible-chasm/T02,control-hold,8,Defeat,5,0,5,144,42,820,4,94,-1,,0,5,1,3897071658
gym-crucible-chasm/T02,control-hold,9,Victory,7,0,6,192,55,645,2,70,-1,,0,6,1,713417382
gym-crucible-chasm/T02,control-hold,10,Victory,7,0,6,176,51,713,2,68,-1,,0,4,0,1509406117
gym-crucible-chasm/T02,control-hold,11,Victory,7,0,6,184,69,466,4,86,-1,,0,8,1,3826392867
gym-crucible-chasm/T02,control-hold,12,Defeat,6,0,6,192,55,536,3,95,-1,,0,8,1,318371301
gym-crucible-chasm/T02,control-hold,13,Victory,7,0,6,168,49,590,4,61,-1,,0,8,0,596199352
gym-crucible-chasm/T02,control-hold,14,Victory,7,0,6,152,60,445,2,100,-1,,0,6,0,3366845920
gym-crucible-chasm/T02,control-hold,15,Victory,7,0,6,192,53,731,2,58,-1,,0,5,0,1771276252
gym-crucible-chasm/T02,control-hold,16,Victory,7,0,6,192,61,834,2,95,-1,,0,6,0,1570480373
gym-crucible-chasm/T02,control-hold,17,Defeat,5,0,5,160,40,862,4,105,-1,,0,5,2,2933023017
gym-crucible-chasm/T02,control-hold,18,Defeat,6,0,6,184,55,792,3,91,-1,,0,6,0,3055546698
gym-crucible-chasm/T02,control-hold,19,Defeat,4,0,4,128,30,1049,2,75,-1,,0,3,1,1974413457
gym-crucible-chasm/T02,control-hold,20,Defeat,6,0,6,176,37,630,3,95,-1,,0,8,1,358833976
gym-crucible-chasm/T02,control-hold,21,Victory,7,0,6,184,46,687,2,95,-1,,0,6,0,1287231825
gym-crucible-chasm/T02,control-hold,22,Victory,7,0,6,192,34,651,2,66,-1,,0,7,0,1986267132
gym-crucible-chasm/T02,control-hold,23,Victory,7,0,6,184,59,458,3,86,-1,,0,7,1,16935555
gym-crucible-chasm/T02,control-hold,24,Victory,7,0,6,192,54,631,2,66,-1,,0,6,0,1899991573
gym-crucible-chasm/T02,control-hold,25,Victory,7,0,6,192,60,812,2,70,-1,,0,5,0,3537406604
gym-crucible-chasm/T02,control-hold,26,Victory,7,0,6,168,63,490,3,104,-1,,0,8,0,1322577628
gym-crucible-chasm/T02,control-hold,27,Defeat,6,0,6,184,36,771,3,95,-1,,0,6,0,3775852815
gym-crucible-chasm/T02,control-hold,28,Victory,7,0,6,160,59,471,3,100,-1,,0,7,0,3578872066
gym-crucible-chasm/T02,control-hold,29,Defeat,6,0,6,168,67,803,3,100,-1,,0,6,0,425321870
gym-crucible-chasm/T02,control-hold,30,Defeat,4,0,4,128,26,1050,2,37,-1,,0,3,1,3904161100
gym-crucible-chasm/T02,control-hold,31,Defeat,6,0,6,168,43,651,4,109,-1,,0,8,0,3888671411
gym-crucible-chasm/T02,control-hold,32,Defeat,4,0,4,128,46,1021,3,56,-1,,0,3,1,781941386
gym-crucible-chasm/T02,control-hold,33,Victory,7,0,6,176,45,558,2,104,-1,,0,6,0,3546993500
gym-crucible-chasm/T02,control-hold,34,Defeat,6,0,6,184,57,805,3,100,-1,,0,6,0,1902897745
gym-crucible-chasm/T02,control-hold,35,Victory,7,0,6,192,60,609,2,87,-1,,0,6,0,678259837
gym-crucible-chasm/T02,control-hold,36,Victory,7,0,6,176,63,613,3,95,-1,,0,6,0,465195003
gym-crucible-chasm/T02,control-hold,37,Victory,7,0,6,192,59,611,3,70,-1,,0,6,1,981277278
gym-crucible-chasm/T02,control-hold,38,Victory,7,0,6,184,64,560,3,82,-1,,0,8,0,2293845890
gym-crucible-chasm/T02,control-hold,39,Victory,7,0,6,160,57,501,3,80,-1,,0,7,0,4111913845
gym-crucible-chasm/T02,control-hold,40,Victory,7,0,6,192,54,701,3,87,-1,,0,7,0,3001777441
gym-crucible-chasm/T02,control-hold,41,Defeat,6,0,6,176,40,555,4,113,-1,,0,8,0,592075079
gym-crucible-chasm/T02,control-hold,42,Defeat,5,0,5,160,52,900,4,105,-1,,0,5,1,517740042
gym-crucible-chasm/T02,control-hold,43,Defeat,4,0,4,120,40,852,3,100,-1,,0,3,1,2418589471
gym-crucible-chasm/T02,control-hold,44,Victory,7,0,6,168,62,490,3,104,-1,,0,8,0,1322577628
gym-crucible-chasm/T02,control-hold,45,Victory,7,0,6,168,58,693,2,76,-1,,0,5,0,460275221
gym-crucible-chasm/T02,control-hold,46,Victory,7,0,6,168,67,490,3,114,-1,,0,8,0,1322577628
gym-crucible-chasm/T02,control-hold,47,Victory,7,0,6,184,53,546,3,95,-1,,0,7,0,3169364319
gym-crucible-chasm/T02,control-hold,48,Victory,7,0,6,192,54,623,3,91,-1,,0,6,0,4283681215
gym-crucible-chasm/T02,control-hold,49,Victory,7,0,6,192,46,784,2,66,-1,,0,5,0,3493498258
gym-crucible-chasm/T02,control-hold,50,Victory,7,0,6,192,48,872,2,66,-1,,0,5,0,2100635024
gym-crucible-chasm/T02,corridor-hold,1,Victory,7,0,6,192,52,601,3,108,-1,,0,7,0,1692516077
gym-crucible-chasm/T02,corridor-hold,2,Victory,7,0,6,192,67,777,2,75,-1,,0,6,0,102850673
gym-crucible-chasm/T02,corridor-hold,3,Victory,7,0,6,192,69,700,2,79,-1,,0,6,0,1886201499
gym-crucible-chasm/T02,corridor-hold,4,Defeat,6,0,6,160,54,701,3,85,-1,,0,5,0,3948906845
gym-crucible-chasm/T02,corridor-hold,5,Victory,7,0,6,192,66,637,3,91,-1,,0,6,0,4100416993
gym-crucible-chasm/T02,corridor-hold,6,Victory,7,0,6,184,63,383,4,139,-1,,0,8,0,4150060901
gym-crucible-chasm/T02,corridor-hold,7,Victory,7,0,6,192,59,791,2,54,-1,,0,5,0,3818929506
gym-crucible-chasm/T02,corridor-hold,8,Victory,7,0,6,160,50,235,4,110,-1,,0,8,1,3363240435
gym-crucible-chasm/T02,corridor-hold,9,Victory,7,0,6,192,56,820,2,79,-1,,0,5,0,1067637758
gym-crucible-chasm/T02,corridor-hold,10,Victory,7,0,6,168,47,679,2,76,-1,,0,5,0,3151866170
gym-crucible-chasm/T02,corridor-hold,11,Victory,7,0,6,192,65,436,3,91,-1,,0,7,0,3320075858
gym-crucible-chasm/T02,corridor-hold,12,Victory,7,0,6,184,71,431,4,134,-1,,0,8,0,2540905955
gym-crucible-chasm/T02,corridor-hold,13,Victory,7,0,6,192,64,535,4,75,-1,,0,7,1,452174371
gym-crucible-chasm/T02,corridor-hold,14,Victory,7,0,6,176,69,475,3,100,-1,,0,5,0,3248075461
gym-crucible-chasm/T02,corridor-hold,15,Victory,7,0,6,192,54,731,2,54,-1,,0,5,0,3821391759
gym-crucible-chasm/T02,corridor-hold,16,Victory,7,0,6,192,74,759,2,91,-1,,0,6,0,1152519100
gym-crucible-chasm/T02,corridor-hold,17,Defeat,6,0,6,168,45,668,3,100,-1,,0,7,1,3402294854
gym-crucible-chasm/T02,corridor-hold,18,Victory,7,0,6,184,58,722,2,86,-1,,0,6,0,1242928956
gym-crucible-chasm/T02,corridor-hold,19,Victory,7,0,6,192,41,677,3,87,-1,,0,6,0,3443986122
gym-crucible-chasm/T02,corridor-hold,20,Victory,7,0,6,184,57,419,4,126,-1,,0,8,0,2605955937
gym-crucible-chasm/T02,corridor-hold,21,Victory,7,0,6,184,50,687,2,82,-1,,0,6,0,2513448542
gym-crucible-chasm/T02,corridor-hold,22,Victory,7,0,6,192,32,681,2,70,-1,,0,7,0,617869822
gym-crucible-chasm/T02,corridor-hold,23,Victory,7,0,6,184,71,596,3,91,-1,,0,7,1,1888473120
gym-crucible-chasm/T02,corridor-hold,24,Victory,7,0,6,192,51,611,2,62,-1,,0,6,0,2342586493
gym-crucible-chasm/T02,corridor-hold,25,Victory,7,0,6,176,60,686,2,72,-1,,0,5,0,616011731
gym-crucible-chasm/T02,corridor-hold,26,Victory,7,0,6,168,61,490,3,104,-1,,0,8,0,3674432215
gym-crucible-chasm/T02,corridor-hold,27,Victory,7,0,6,176,48,532,3,81,-1,,0,6,0,4139883366
gym-crucible-chasm/T02,corridor-hold,28,Defeat,5,0,5,144,44,825,4,88,-1,,0,5,1,2871206108
gym-crucible-chasm/T02,corridor-hold,29,Victory,7,0,6,176,70,591,3,95,-1,,0,5,0,1813609462
gym-crucible-chasm/T02,corridor-hold,30,Defeat,4,0,4,128,26,1050,2,37,-1,,0,3,1,3904161100
gym-crucible-chasm/T02,corridor-hold,31,Defeat,6,0,6,168,43,651,4,109,-1,,0,8,0,171885545
gym-crucible-chasm/T02,corridor-hold,32,Defeat,6,0,6,176,62,655,4,86,-1,,0,8,0,328279102
gym-crucible-chasm/T02,corridor-hold,33,Victory,7,0,6,192,56,758,2,66,-1,,0,4,0,314423600
gym-crucible-chasm/T02,corridor-hold,34,Victory,7,0,6,176,67,460,3,104,-1,,0,7,0,2788519153
gym-crucible-chasm/T02,corridor-hold,35,Victory,7,0,6,184,56,667,3,73,-1,,0,6,1,3370969685
gym-crucible-chasm/T02,corridor-hold,36,Victory,7,0,6,168,60,630,3,95,-1,,0,7,1,142126892
gym-crucible-chasm/T02,corridor-hold,37,Victory,7,0,6,192,59,626,3,66,-1,,0,6,1,3444920852
gym-crucible-chasm/T02,corridor-hold,38,Victory,7,0,6,184,61,670,3,78,-1,,0,8,0,2392771130
gym-crucible-chasm/T02,corridor-hold,39,Victory,7,0,6,152,58,455,3,100,-1,,0,7,1,2477674606
gym-crucible-chasm/T02,corridor-hold,40,Defeat,6,0,6,184,48,570,3,82,-1,,0,8,1,3964895784
gym-crucible-chasm/T02,corridor-hold,41,Defeat,5,0,5,136,37,804,4,88,-1,,0,5,1,3177819578
gym-crucible-chasm/T02,corridor-hold,42,Defeat,5,0,5,160,52,900,4,100,-1,,0,5,1,2995778309
gym-crucible-chasm/T02,corridor-hold,43,Defeat,6,0,6,152,46,621,4,100,-1,,0,8,1,375775134
gym-crucible-chasm/T02,corridor-hold,44,Victory,7,0,6,168,60,490,3,104,-1,,0,8,0,3674432215
gym-crucible-chasm/T02,corridor-hold,45,Victory,7,0,6,168,55,679,2,71,-1,,0,5,0,3151866170
gym-crucible-chasm/T02,corridor-hold,46,Victory,7,0,6,168,65,490,3,114,-1,,0,8,0,3674432215
gym-crucible-chasm/T02,corridor-hold,47,Victory,7,0,6,192,58,599,3,95,-1,,0,7,0,1913989689
gym-crucible-chasm/T02,corridor-hold,48,Victory,7,0,6,192,54,598,3,91,-1,,0,6,0,2532207944
gym-crucible-chasm/T02,corridor-hold,49,Victory,7,0,6,192,40,773,2,70,-1,,0,5,0,3591193679
gym-crucible-chasm/T02,corridor-hold,50,Victory,7,0,6,192,49,646,2,66,-1,,0,5,0,3365667858
gym-crucible-chasm/T03,control-hold,1,Victory,7,0,6,192,58,716,2,91,-1,,0,7,0,2769345719
gym-crucible-chasm/T03,control-hold,2,Victory,7,0,6,192,63,862,2,75,-1,,0,6,0,172493683
gym-crucible-chasm/T03,control-hold,3,Victory,7,0,6,192,64,817,3,100,-1,,0,7,0,4174247077
gym-crucible-chasm/T03,control-hold,4,Victory,7,0,6,192,54,832,2,95,-1,,0,6,0,806615780
gym-crucible-chasm/T03,control-hold,5,Victory,7,0,6,192,71,713,2,87,-1,,0,6,1,703226890
gym-crucible-chasm/T03,control-hold,6,Victory,7,0,6,192,73,901,4,112,-1,,0,8,0,3700615803
gym-crucible-chasm/T03,control-hold,7,Victory,7,0,6,184,51,785,4,86,-1,,0,8,1,3010542113
gym-crucible-chasm/T03,control-hold,8,Victory,7,0,6,184,67,754,4,100,-1,,0,8,1,3432452326
gym-crucible-chasm/T03,control-hold,9,Victory,7,0,6,184,59,668,3,100,-1,,0,8,1,4262671229
gym-crucible-chasm/T03,control-hold,10,Victory,7,0,6,168,39,744,3,80,-1,,0,6,1,454924898
gym-crucible-chasm/T03,control-hold,11,Victory,7,0,6,192,81,703,4,125,-1,,0,8,0,2384306878
gym-crucible-chasm/T03,control-hold,12,Victory,7,0,6,192,57,792,3,120,-1,,0,8,0,834866323
gym-crucible-chasm/T03,control-hold,13,Victory,7,0,6,192,60,920,4,104,-1,,0,7,1,1141597545
gym-crucible-chasm/T03,control-hold,14,Victory,7,0,6,168,71,720,3,90,-1,,0,6,0,1044387211
gym-crucible-chasm/T03,control-hold,15,Victory,7,0,6,192,75,942,4,120,-1,,0,7,0,4020564161
gym-crucible-chasm/T03,control-hold,16,Victory,7,0,6,184,62,732,3,108,-1,,0,7,0,4162277634
gym-crucible-chasm/T03,control-hold,17,Victory,7,0,6,184,55,600,3,78,-1,,0,6,0,997031225
gym-crucible-chasm/T03,control-hold,18,Victory,7,0,6,192,76,921,4,125,-1,,0,8,0,4141056261
gym-crucible-chasm/T03,control-hold,19,Defeat,3,0,3,96,20,1150,2,41,-1,,0,1,0,2373289466
gym-crucible-chasm/T03,control-hold,20,Victory,7,0,6,192,59,957,4,66,-1,,0,8,1,1315651756
gym-crucible-chasm/T03,control-hold,21,Victory,7,0,6,192,49,943,3,100,-1,,0,7,0,942883610
gym-crucible-chasm/T03,control-hold,22,Victory,7,0,6,184,62,642,4,121,-1,,0,8,0,3893045439
gym-crucible-chasm/T03,control-hold,23,Victory,7,0,6,192,59,957,4,95,-1,,0,8,1,257029066
gym-crucible-chasm/T03,control-hold,24,Victory,7,0,6,184,53,721,4,130,-1,,0,8,0,3738265307
gym-crucible-chasm/T03,control-hold,25,Victory,7,0,6,192,51,831,3,87,-1,,0,6,1,1420683824
gym-crucible-chasm/T03,control-hold,26,Victory,7,0,6,184,71,665,3,104,-1,,0,8,0,4221022075
gym-crucible-chasm/T03,control-hold,27,Victory,7,0,6,192,43,826,3,116,-1,,0,7,0,542025808
gym-crucible-chasm/T03,control-hold,28,Victory,7,0,6,192,69,894,3,100,-1,,0,7,0,856878136
gym-crucible-chasm/T03,control-hold,29,Victory,7,0,6,168,67,755,3,109,-1,,0,6,0,623032762
gym-crucible-chasm/T03,control-hold,30,Victory,7,0,6,184,42,694,3,82,-1,,0,7,0,1654679410
gym-crucible-chasm/T03,control-hold,31,Victory,7,0,6,176,59,886,3,113,-1,,0,8,0,4180669888
gym-crucible-chasm/T03,control-hold,32,Defeat,6,0,6,192,53,615,3,91,-1,,0,7,0,1110048371
gym-crucible-chasm/T03,control-hold,33,Victory,7,0,6,176,44,661,2,90,-1,,0,6,0,2281379077
gym-crucible-chasm/T03,control-hold,34,Victory,7,0,6,184,73,763,3,108,-1,,0,7,0,2016581400
gym-crucible-chasm/T03,control-hold,35,Victory,7,0,6,192,57,906,2,100,-1,,0,7,0,1680057132
gym-crucible-chasm/T03,control-hold,36,Defeat,5,0,5,152,44,916,3,78,-1,,0,4,1,3816671119
gym-crucible-chasm/T03,control-hold,37,Victory,7,0,6,184,65,774,3,91,-1,,0,6,0,4027436739
gym-crucible-chasm/T03,control-hold,38,Victory,7,0,6,184,67,825,4,78,-1,,0,8,0,1921251421
gym-crucible-chasm/T03,control-hold,39,Victory,7,0,6,192,77,797,2,75,-1,,0,6,0,1662163290
gym-crucible-chasm/T03,control-hold,40,Victory,7,0,6,192,58,830,2,66,-1,,0,6,1,367566808
gym-crucible-chasm/T03,control-hold,41,Victory,7,0,6,192,38,981,2,87,-1,,0,6,0,1395190967
gym-crucible-chasm/T03,control-hold,42,Victory,7,0,6,192,60,940,3,104,-1,,0,7,0,797966784
gym-crucible-chasm/T03,control-hold,43,Victory,7,0,6,192,66,1038,3,104,-1,,0,8,0,639371801
gym-crucible-chasm/T03,control-hold,44,Victory,7,0,6,168,47,867,4,90,-1,,0,8,1,3190213081
gym-crucible-chasm/T03,control-hold,45,Victory,7,0,6,168,58,732,3,76,-1,,0,6,0,3600092810
gym-crucible-chasm/T03,control-hold,46,Victory,7,0,6,176,64,606,3,118,-1,,0,8,0,2491812604
gym-crucible-chasm/T03,control-hold,47,Victory,7,0,6,192,69,752,3,116,-1,,0,8,0,1149696184
gym-crucible-chasm/T03,control-hold,48,Victory,7,0,6,192,74,795,2,108,-1,,0,8,0,2954090280
gym-crucible-chasm/T03,control-hold,49,Victory,7,0,6,184,71,741,3,126,-1,,0,8,0,3374502169
gym-crucible-chasm/T03,control-hold,50,Victory,7,0,6,192,84,777,4,116,-1,,0,8,0,451917992
gym-crucible-chasm/T03,corridor-hold,1,Victory,7,0,6,192,58,576,2,91,-1,,0,7,0,1846933826
gym-crucible-chasm/T03,corridor-hold,2,Victory,7,0,6,184,59,672,2,95,-1,,0,7,0,706364124
gym-crucible-chasm/T03,corridor-hold,3,Defeat,6,0,6,176,58,630,3,95,-1,,0,8,1,3400063475
gym-crucible-chasm/T03,corridor-hold,4,Victory,7,0,6,184,45,745,2,91,-1,,0,6,0,2700755024
gym-crucible-chasm/T03,corridor-hold,5,Victory,7,0,6,184,66,667,2,78,-1,,0,6,1,2388515083
gym-crucible-chasm/T03,corridor-hold,6,Victory,7,0,6,192,70,821,4,137,-1,,0,8,1,2681194789
gym-crucible-chasm/T03,corridor-hold,7,Defeat,6,0,6,184,45,790,4,91,-1,,0,8,0,712442940
gym-crucible-chasm/T03,corridor-hold,8,Defeat,6,0,6,192,69,810,4,91,-1,,0,8,1,517452101
gym-crucible-chasm/T03,corridor-hold,9,Victory,7,0,6,184,50,516,2,95,-1,,0,7,0,1337437675
gym-crucible-chasm/T03,corridor-hold,10,Victory,7,0,6,160,36,601,3,80,-1,,0,6,0,55370070
gym-crucible-chasm/T03,corridor-hold,11,Victory,7,0,6,184,76,692,4,86,-1,,0,8,1,3503368468
gym-crucible-chasm/T03,corridor-hold,12,Victory,7,0,6,184,67,703,4,108,-1,,0,8,0,3404624941
gym-crucible-chasm/T03,corridor-hold,13,Victory,7,0,6,192,59,864,3,100,-1,,0,6,0,2063789950
gym-crucible-chasm/T03,corridor-hold,14,Defeat,6,0,6,168,68,734,3,90,-1,,0,6,0,3344713271
gym-crucible-chasm/T03,corridor-hold,15,Victory,7,0,6,192,72,837,4,133,-1,,0,8,1,2970631503
gym-crucible-chasm/T03,corridor-hold,16,Victory,7,0,6,184,65,544,3,108,-1,,0,7,0,2538515757
gym-crucible-chasm/T03,corridor-hold,17,Victory,7,0,6,184,55,615,3,82,-1,,0,6,0,4229329756
gym-crucible-chasm/T03,corridor-hold,18,Victory,7,0,6,192,70,806,4,116,-1,,0,8,1,2365788078
gym-crucible-chasm/T03,corridor-hold,19,Defeat,3,0,3,96,20,1150,2,41,-1,,0,1,0,2373289466
gym-crucible-chasm/T03,corridor-hold,20,Victory,7,0,6,192,56,784,3,66,-1,,0,7,0,2995779943
gym-crucible-chasm/T03,corridor-hold,21,Victory,7,0,6,192,55,732,4,112,-1,,0,8,1,3163592841
gym-crucible-chasm/T03,corridor-hold,22,Victory,7,0,6,184,62,494,4,121,-1,,0,8,0,2813674696
gym-crucible-chasm/T03,corridor-hold,23,Victory,7,0,6,184,62,702,4,86,-1,,0,8,1,2302518663
gym-crucible-chasm/T03,corridor-hold,24,Victory,7,0,6,184,48,582,3,121,-1,,0,8,0,2181049716
gym-crucible-chasm/T03,corridor-hold,25,Victory,7,0,6,160,46,511,4,115,-1,,0,8,1,1040402866
gym-crucible-chasm/T03,corridor-hold,26,Defeat,6,0,6,184,66,749,3,104,-1,,0,8,0,3195172122
gym-crucible-chasm/T03,corridor-hold,27,Victory,7,0,6,192,53,593,3,108,-1,,0,6,0,1949747763
gym-crucible-chasm/T03,corridor-hold,28,Victory,7,0,6,184,57,727,2,91,-1,,0,6,1,648930491
gym-crucible-chasm/T03,corridor-hold,29,Defeat,6,0,6,168,62,769,3,109,-1,,0,6,0,1587239952
gym-crucible-chasm/T03,corridor-hold,30,Defeat,6,0,6,184,37,771,3,82,-1,,0,7,0,3113647337
gym-crucible-chasm/T03,corridor-hold,31,Victory,7,0,6,176,50,771,3,77,-1,,0,7,1,417458343
gym-crucible-chasm/T03,corridor-hold,32,Defeat,6,0,6,192,53,615,3,91,-1,,0,7,0,1110048371
gym-crucible-chasm/T03,corridor-hold,33,Victory,7,0,6,176,47,616,2,90,-1,,0,6,0,3300120819
gym-crucible-chasm/T03,corridor-hold,34,Victory,7,0,6,184,78,652,3,108,-1,,0,7,0,2539918141
gym-crucible-chasm/T03,corridor-hold,35,Victory,7,0,6,168,53,600,3,95,-1,,0,8,1,3150744732
gym-crucible-chasm/T03,corridor-hold,36,Defeat,5,0,5,152,44,916,3,78,-1,,0,4,1,3816671119
gym-crucible-chasm/T03,corridor-hold,37,Victory,7,0,6,184,58,576,2,73,-1,,0,6,0,3408126422
gym-crucible-chasm/T03,corridor-hold,38,Victory,7,0,6,184,67,825,4,78,-1,,0,8,0,1921251421
gym-crucible-chasm/T03,corridor-hold,39,Victory,7,0,6,192,77,797,2,75,-1,,0,6,0,1662163290
gym-crucible-chasm/T03,corridor-hold,40,Victory,7,0,6,184,49,747,2,69,-1,,0,6,0,1880971641
gym-crucible-chasm/T03,corridor-hold,41,Victory,7,0,6,192,46,754,2,87,-1,,0,6,0,228990497
gym-crucible-chasm/T03,corridor-hold,42,Defeat,6,0,6,184,58,727,3,95,-1,,0,8,0,4024957535
gym-crucible-chasm/T03,corridor-hold,43,Defeat,6,0,6,184,52,815,3,100,-1,,0,7,0,1795473714
gym-crucible-chasm/T03,corridor-hold,44,Victory,7,0,6,168,44,611,2,95,-1,,0,6,1,3559055402
gym-crucible-chasm/T03,corridor-hold,45,Defeat,6,0,6,168,56,732,3,76,-1,,0,6,0,1459953054
gym-crucible-chasm/T03,corridor-hold,46,Defeat,6,0,6,176,62,648,3,118,-1,,0,8,0,299107041
gym-crucible-chasm/T03,corridor-hold,47,Victory,7,0,6,184,64,692,4,91,-1,,0,8,1,1722756377
gym-crucible-chasm/T03,corridor-hold,48,Victory,7,0,6,192,84,816,4,108,-1,,0,8,1,2138303133
gym-crucible-chasm/T03,corridor-hold,49,Victory,7,0,6,184,71,658,3,126,-1,,0,8,0,1838897036
gym-crucible-chasm/T03,corridor-hold,50,Victory,7,0,6,184,74,692,4,86,-1,,0,8,1,3503368468
gym-crucible-chasm/T04,control-hold,1,Victory,7,0,6,192,58,576,2,91,-1,,0,7,0,306019537
gym-crucible-chasm/T04,control-hold,2,Victory,7,0,6,184,67,592,2,95,-1,,0,7,0,2472267334
gym-crucible-chasm/T04,control-hold,3,Defeat,6,0,6,176,60,590,3,95,-1,,0,8,1,127527395
gym-crucible-chasm/T04,control-hold,4,Defeat,6,0,6,160,54,684,3,100,-1,,0,6,0,2819063006
gym-crucible-chasm/T04,control-hold,5,Victory,7,0,6,184,77,612,3,73,-1,,0,6,1,1123660673
gym-crucible-chasm/T04,control-hold,6,Defeat,5,0,5,160,56,715,4,115,-1,,0,5,1,4175944257
gym-crucible-chasm/T04,control-hold,7,Defeat,6,0,6,176,47,535,4,109,-1,,0,8,1,4255674484
gym-crucible-chasm/T04,control-hold,8,Defeat,5,0,5,144,42,793,4,88,-1,,0,5,1,2587453786
gym-crucible-chasm/T04,control-hold,9,Victory,7,0,6,184,59,642,2,82,-1,,0,6,0,836973248
gym-crucible-chasm/T04,control-hold,10,Victory,7,0,6,168,44,610,2,71,-1,,0,5,0,2474449548
gym-crucible-chasm/T04,control-hold,11,Victory,7,0,6,184,73,466,4,86,-1,,0,8,1,1312420289
gym-crucible-chasm/T04,control-hold,12,Victory,7,0,6,176,61,582,3,109,-1,,0,8,1,1851824097
gym-crucible-chasm/T04,control-hold,13,Victory,7,0,6,184,38,587,2,91,-1,,0,7,0,3138038141
gym-crucible-chasm/T04,control-hold,14,Defeat,6,0,6,168,68,734,3,90,-1,,0,6,0,491240284
gym-crucible-chasm/T04,control-hold,15,Victory,7,0,6,192,67,799,2,58,-1,,0,5,0,4164793729
gym-crucible-chasm/T04,control-hold,16,Victory,7,0,6,184,65,544,3,108,-1,,0,7,0,2593075198
gym-crucible-chasm/T04,control-hold,17,Victory,7,0,6,184,61,563,3,78,-1,,0,6,0,513714147
gym-crucible-chasm/T04,control-hold,18,Victory,7,0,6,184,65,391,4,117,-1,,0,8,0,2662696964
gym-crucible-chasm/T04,control-hold,19,Victory,7,0,6,192,51,529,3,104,-1,,0,7,1,3473243416
gym-crucible-chasm/T04,control-hold,20,Victory,7,0,6,192,53,558,3,66,-1,,0,7,0,1363062990
gym-crucible-chasm/T04,control-hold,21,Victory,7,0,6,184,49,635,2,95,-1,,0,6,0,2334226428
gym-crucible-chasm/T04,control-hold,22,Defeat,5,0,5,160,43,921,4,70,-1,,0,5,1,467036958
gym-crucible-chasm/T04,control-hold,23,Victory,7,0,6,192,68,673,2,75,-1,,0,5,0,3215138666
gym-crucible-chasm/T04,control-hold,24,Victory,7,0,6,184,58,701,3,69,-1,,0,6,0,1734909104
gym-crucible-chasm/T04,control-hold,25,Victory,7,0,6,176,61,632,2,81,-1,,0,6,0,1472318340
gym-crucible-chasm/T04,control-hold,26,Defeat,6,0,6,176,72,718,3,118,-1,,0,8,0,3740185645
gym-crucible-chasm/T04,control-hold,27,Victory,7,0,6,184,55,612,3,78,-1,,0,6,0,3164077827
gym-crucible-chasm/T04,control-hold,28,Victory,7,0,6,184,57,727,2,91,-1,,0,6,1,8039920
gym-crucible-chasm/T04,control-hold,29,Defeat,6,0,6,168,62,769,3,109,-1,,0,6,0,55642619
gym-crucible-chasm/T04,control-hold,30,Victory,7,0,6,192,53,565,3,87,-1,,0,6,0,497740841
gym-crucible-chasm/T04,control-hold,31,Defeat,6,0,6,168,42,679,4,109,-1,,0,8,0,4162119049
gym-crucible-chasm/T04,control-hold,32,Victory,7,0,6,184,41,527,3,82,-1,,0,7,0,1292080099
gym-crucible-chasm/T04,control-hold,33,Victory,7,0,6,176,44,590,2,90,-1,,0,6,0,2630319665
gym-crucible-chasm/T04,control-hold,34,Victory,7,0,6,184,75,626,3,108,-1,,0,7,0,554911375
gym-crucible-chasm/T04,control-hold,35,Victory,7,0,6,192,54,641,2,79,-1,,0,6,0,905580971
gym-crucible-chasm/T04,control-hold,36,Victory,7,0,6,168,56,542,2,95,-1,,0,7,1,2913280929
gym-crucible-chasm/T04,control-hold,37,Victory,7,0,6,192,61,626,3,66,-1,,0,6,1,2742483392
gym-crucible-chasm/T04,control-hold,38,Victory,7,0,6,184,67,698,4,78,-1,,0,8,0,759907563
gym-crucible-chasm/T04,control-hold,39,Victory,7,0,6,192,73,827,2,75,-1,,0,6,0,2451353129
gym-crucible-chasm/T04,control-hold,40,Victory,7,0,6,184,49,684,2,69,-1,,0,6,0,1742483263
gym-crucible-chasm/T04,control-hold,41,Victory,7,0,6,192,64,755,2,87,-1,,0,6,0,2390450502
gym-crucible-chasm/T04,control-hold,42,Defeat,6,0,6,184,57,661,3,100,-1,,0,7,1,2368249149
gym-crucible-chasm/T04,control-hold,43,Victory,7,0,6,184,64,408,4,113,-1,,0,8,1,1748232033
gym-crucible-chasm/T04,control-hold,44,Victory,7,0,6,168,45,535,2,95,-1,,0,6,1,197229133
gym-crucible-chasm/T04,control-hold,45,Defeat,6,0,6,168,56,732,3,76,-1,,0,6,0,127870485
gym-crucible-chasm/T04,control-hold,46,Defeat,6,0,6,176,69,718,3,122,-1,,0,8,0,2633876604
gym-crucible-chasm/T04,control-hold,47,Victory,7,0,6,184,61,466,4,91,-1,,0,8,1,3513162176
gym-crucible-chasm/T04,control-hold,48,Victory,7,0,6,192,68,405,3,104,-1,,0,8,1,970928261
gym-crucible-chasm/T04,control-hold,49,Victory,7,0,6,184,73,654,3,121,-1,,0,8,0,3508643472
gym-crucible-chasm/T04,control-hold,50,Victory,7,0,6,184,73,466,4,86,-1,,0,8,1,1312420289
gym-crucible-chasm/T04,corridor-hold,1,Victory,7,0,6,192,58,576,2,91,-1,,0,7,0,306019537
gym-crucible-chasm/T04,corridor-hold,2,Victory,7,0,6,184,67,592,2,95,-1,,0,7,0,2472267334
gym-crucible-chasm/T04,corridor-hold,3,Defeat,6,0,6,176,60,590,3,95,-1,,0,8,1,127527395
gym-crucible-chasm/T04,corridor-hold,4,Defeat,6,0,6,160,54,684,3,100,-1,,0,6,0,2819063006
gym-crucible-chasm/T04,corridor-hold,5,Victory,7,0,6,184,77,612,3,73,-1,,0,6,1,1123660673
gym-crucible-chasm/T04,corridor-hold,6,Defeat,5,0,5,160,56,715,4,115,-1,,0,5,1,4175944257
gym-crucible-chasm/T04,corridor-hold,7,Defeat,6,0,6,176,47,535,4,109,-1,,0,8,1,4255674484
gym-crucible-chasm/T04,corridor-hold,8,Defeat,5,0,5,144,42,793,4,88,-1,,0,5,1,2587453786
gym-crucible-chasm/T04,corridor-hold,9,Victory,7,0,6,184,59,642,2,82,-1,,0,6,0,836973248
gym-crucible-chasm/T04,corridor-hold,10,Victory,7,0,6,168,44,610,2,71,-1,,0,5,0,2474449548
gym-crucible-chasm/T04,corridor-hold,11,Victory,7,0,6,184,73,466,4,86,-1,,0,8,1,1312420289
gym-crucible-chasm/T04,corridor-hold,12,Victory,7,0,6,176,61,582,3,109,-1,,0,8,1,1851824097
gym-crucible-chasm/T04,corridor-hold,13,Victory,7,0,6,184,38,587,2,91,-1,,0,7,0,3138038141
gym-crucible-chasm/T04,corridor-hold,14,Defeat,6,0,6,168,68,734,3,90,-1,,0,6,0,491240284
gym-crucible-chasm/T04,corridor-hold,15,Victory,7,0,6,192,67,799,2,58,-1,,0,5,0,4164793729
gym-crucible-chasm/T04,corridor-hold,16,Victory,7,0,6,184,65,544,3,108,-1,,0,7,0,2593075198
gym-crucible-chasm/T04,corridor-hold,17,Victory,7,0,6,184,61,563,3,78,-1,,0,6,0,513714147
gym-crucible-chasm/T04,corridor-hold,18,Victory,7,0,6,184,65,391,4,117,-1,,0,8,0,2662696964
gym-crucible-chasm/T04,corridor-hold,19,Victory,7,0,6,192,51,529,3,104,-1,,0,7,1,3473243416
gym-crucible-chasm/T04,corridor-hold,20,Victory,7,0,6,192,53,558,3,66,-1,,0,7,0,1363062990
gym-crucible-chasm/T04,corridor-hold,21,Victory,7,0,6,184,49,635,2,95,-1,,0,6,0,2334226428
gym-crucible-chasm/T04,corridor-hold,22,Defeat,5,0,5,160,43,921,4,70,-1,,0,5,1,467036958
gym-crucible-chasm/T04,corridor-hold,23,Victory,7,0,6,192,68,673,2,75,-1,,0,5,0,3215138666
gym-crucible-chasm/T04,corridor-hold,24,Victory,7,0,6,184,58,701,3,69,-1,,0,6,0,1734909104
gym-crucible-chasm/T04,corridor-hold,25,Victory,7,0,6,176,61,632,2,81,-1,,0,6,0,1472318340
gym-crucible-chasm/T04,corridor-hold,26,Defeat,6,0,6,176,72,718,3,118,-1,,0,8,0,3740185645
gym-crucible-chasm/T04,corridor-hold,27,Victory,7,0,6,184,55,612,3,78,-1,,0,6,0,3164077827
gym-crucible-chasm/T04,corridor-hold,28,Victory,7,0,6,184,57,727,2,91,-1,,0,6,1,8039920
gym-crucible-chasm/T04,corridor-hold,29,Defeat,6,0,6,168,62,769,3,109,-1,,0,6,0,55642619
gym-crucible-chasm/T04,corridor-hold,30,Victory,7,0,6,192,53,565,3,87,-1,,0,6,0,497740841
gym-crucible-chasm/T04,corridor-hold,31,Defeat,6,0,6,168,42,679,4,109,-1,,0,8,0,4162119049
gym-crucible-chasm/T04,corridor-hold,32,Victory,7,0,6,184,41,527,3,82,-1,,0,7,0,1292080099
gym-crucible-chasm/T04,corridor-hold,33,Victory,7,0,6,176,44,590,2,90,-1,,0,6,0,2630319665
gym-crucible-chasm/T04,corridor-hold,34,Victory,7,0,6,184,75,626,3,108,-1,,0,7,0,554911375
gym-crucible-chasm/T04,corridor-hold,35,Victory,7,0,6,192,54,641,2,79,-1,,0,6,0,905580971
gym-crucible-chasm/T04,corridor-hold,36,Victory,7,0,6,168,56,542,2,95,-1,,0,7,1,2913280929
gym-crucible-chasm/T04,corridor-hold,37,Victory,7,0,6,192,61,626,3,66,-1,,0,6,1,2742483392
gym-crucible-chasm/T04,corridor-hold,38,Victory,7,0,6,184,67,698,4,78,-1,,0,8,0,759907563
gym-crucible-chasm/T04,corridor-hold,39,Victory,7,0,6,192,73,827,2,75,-1,,0,6,0,2451353129
gym-crucible-chasm/T04,corridor-hold,40,Victory,7,0,6,184,49,684,2,69,-1,,0,6,0,1742483263
gym-crucible-chasm/T04,corridor-hold,41,Victory,7,0,6,192,64,755,2,87,-1,,0,6,0,2390450502
gym-crucible-chasm/T04,corridor-hold,42,Defeat,6,0,6,184,57,661,3,100,-1,,0,7,1,2368249149
gym-crucible-chasm/T04,corridor-hold,43,Victory,7,0,6,184,64,408,4,113,-1,,0,8,1,1748232033
gym-crucible-chasm/T04,corridor-hold,44,Victory,7,0,6,168,45,535,2,95,-1,,0,6,1,197229133
gym-crucible-chasm/T04,corridor-hold,45,Defeat,6,0,6,168,56,732,3,76,-1,,0,6,0,127870485
gym-crucible-chasm/T04,corridor-hold,46,Defeat,6,0,6,176,69,718,3,122,-1,,0,8,0,2633876604
gym-crucible-chasm/T04,corridor-hold,47,Victory,7,0,6,184,61,466,4,91,-1,,0,8,1,3513162176
gym-crucible-chasm/T04,corridor-hold,48,Victory,7,0,6,192,68,405,3,104,-1,,0,8,1,970928261
gym-crucible-chasm/T04,corridor-hold,49,Victory,7,0,6,184,73,654,3,121,-1,,0,8,0,3508643472
gym-crucible-chasm/T04,corridor-hold,50,Victory,7,0,6,184,73,466,4,86,-1,,0,8,1,1312420289
gym-crucible-chasm/T05,control-hold,1,Victory,7,0,6,192,52,896,2,62,-1,,0,5,0,3076152749
gym-crucible-chasm/T05,control-hold,2,Victory,7,0,6,192,65,882,2,62,-1,,0,5,0,3607874420
gym-crucible-chasm/T05,control-hold,3,Victory,7,0,6,192,59,932,2,70,-1,,0,5,0,3187503808
gym-crucible-chasm/T05,control-hold,4,Victory,7,0,6,192,55,779,2,58,-1,,0,5,1,1819649494
gym-crucible-chasm/T05,control-hold,5,Victory,7,0,6,192,59,861,2,66,-1,,0,4,0,2111411485
gym-crucible-chasm/T05,control-hold,6,Victory,7,0,6,192,45,962,3,87,-1,,0,8,0,3523192182
gym-crucible-chasm/T05,control-hold,7,Victory,7,0,6,192,41,939,3,83,-1,,0,6,1,1056776983
gym-crucible-chasm/T05,control-hold,8,Victory,7,0,6,168,45,681,2,100,-1,,0,6,0,48014419
gym-crucible-chasm/T05,control-hold,9,Victory,7,0,6,192,59,772,3,70,-1,,0,5,0,2433044482
gym-crucible-chasm/T05,control-hold,10,Defeat,5,0,5,160,41,879,3,65,-1,,0,3,1,2924132022
gym-crucible-chasm/T05,control-hold,11,Victory,7,0,6,192,78,926,4,112,-1,,0,8,1,4223742721
gym-crucible-chasm/T05,control-hold,12,Victory,7,0,6,192,78,697,3,116,-1,,0,8,0,3068424321
gym-crucible-chasm/T05,control-hold,13,Victory,7,0,6,168,58,836,4,61,-1,,0,8,1,3271891977
gym-crucible-chasm/T05,control-hold,14,Defeat,6,0,6,192,50,841,3,91,-1,,0,5,1,767919011
gym-crucible-chasm/T05,control-hold,15,Victory,7,0,6,192,57,1012,3,104,-1,,0,7,0,1685552876
gym-crucible-chasm/T05,control-hold,16,Victory,7,0,6,184,39,754,2,100,-1,,0,6,0,2133212012
gym-crucible-chasm/T05,control-hold,17,Victory,7,0,6,192,45,934,3,100,-1,,0,7,0,953305612
gym-crucible-chasm/T05,control-hold,18,Victory,7,0,6,176,50,893,2,68,-1,,0,5,0,2339679532
gym-crucible-chasm/T05,control-hold,19,Victory,7,0,6,192,66,1005,4,104,-1,,0,7,1,4112454765
gym-crucible-chasm/T05,control-hold,20,Victory,7,0,6,192,49,975,1,66,-1,,0,5,0,797106199
gym-crucible-chasm/T05,control-hold,21,Victory,7,0,6,192,43,956,3,104,-1,,0,8,1,4104761967
gym-crucible-chasm/T05,control-hold,22,Victory,7,0,6,192,41,734,2,66,-1,,0,7,0,1111483322
gym-crucible-chasm/T05,control-hold,23,Victory,7,0,6,192,60,972,4,95,-1,,0,8,1,2477172603
gym-crucible-chasm/T05,control-hold,24,Victory,7,0,6,192,50,846,2,91,-1,,0,7,0,2956873375
gym-crucible-chasm/T05,control-hold,25,Victory,7,0,6,192,63,893,2,45,-1,,0,3,0,3640861469
gym-crucible-chasm/T05,control-hold,26,Victory,7,0,6,168,58,558,3,90,-1,,0,7,0,3252060657
gym-crucible-chasm/T05,control-hold,27,Defeat,4,0,4,128,28,1095,3,87,-1,,0,3,1,3940591862
gym-crucible-chasm/T05,control-hold,28,Victory,7,0,6,168,56,785,3,114,-1,,0,6,0,3161047687
gym-crucible-chasm/T05,control-hold,29,Victory,7,0,6,184,60,817,3,86,-1,,0,5,0,3597087673
gym-crucible-chasm/T05,control-hold,30,Victory,7,0,6,192,37,928,2,54,-1,,0,5,0,183282140
gym-crucible-chasm/T05,control-hold,31,Victory,7,0,6,168,51,821,3,109,-1,,0,7,1,3343890601
gym-crucible-chasm/T05,control-hold,32,Victory,7,0,6,192,53,918,3,91,-1,,0,7,0,4044617415
gym-crucible-chasm/T05,control-hold,33,Victory,7,0,6,168,52,687,2,61,-1,,0,5,0,3558969608
gym-crucible-chasm/T05,control-hold,34,Victory,7,0,6,184,71,753,3,91,-1,,0,7,0,3804570861
gym-crucible-chasm/T05,control-hold,35,Victory,7,0,6,192,62,944,3,75,-1,,0,5,0,743460768
gym-crucible-chasm/T05,control-hold,36,Victory,7,0,6,192,61,850,2,45,-1,,0,3,0,2788030093
gym-crucible-chasm/T05,control-hold,37,Victory,7,0,6,192,48,882,2,50,-1,,0,3,0,247281213
gym-crucible-chasm/T05,control-hold,38,Victory,7,0,6,184,68,615,3,100,-1,,0,8,0,2604800505
gym-crucible-chasm/T05,control-hold,39,Victory,7,0,6,168,60,701,2,80,-1,,0,6,0,2661491009
gym-crucible-chasm/T05,control-hold,40,Defeat,5,0,5,160,50,1066,4,110,-1,,0,5,1,1845528441
gym-crucible-chasm/T05,control-hold,41,Victory,7,0,6,192,43,906,3,104,-1,,0,7,0,186224071
gym-crucible-chasm/T05,control-hold,42,Victory,7,0,6,192,52,896,3,91,-1,,0,7,1,1124771752
gym-crucible-chasm/T05,control-hold,43,Victory,7,0,6,160,55,595,4,130,-1,,0,8,1,2715958129
gym-crucible-chasm/T05,control-hold,44,Victory,7,0,6,176,62,700,2,100,-1,,0,7,0,3575419186
gym-crucible-chasm/T05,control-hold,45,Defeat,5,0,5,160,47,901,3,65,-1,,0,3,1,1217117991
gym-crucible-chasm/T05,control-hold,46,Victory,7,0,6,176,64,634,2,95,-1,,0,7,0,1891226986
gym-crucible-chasm/T05,control-hold,47,Victory,7,0,6,192,58,924,2,100,-1,,0,6,0,1640165305
gym-crucible-chasm/T05,control-hold,48,Victory,7,0,6,192,60,958,3,104,-1,,0,6,0,309667731
gym-crucible-chasm/T05,control-hold,49,Victory,7,0,6,192,63,1022,1,37,-1,,0,3,0,3087739454
gym-crucible-chasm/T05,control-hold,50,Victory,7,0,6,192,53,772,3,104,-1,,0,7,0,3178368923
gym-crucible-chasm/T05,corridor-hold,1,Victory,7,0,6,192,53,715,2,79,-1,,0,6,0,2352204223
gym-crucible-chasm/T05,corridor-hold,2,Victory,7,0,6,192,67,907,2,58,-1,,0,5,0,646440249
gym-crucible-chasm/T05,corridor-hold,3,Victory,7,0,6,192,69,707,2,62,-1,,0,5,0,1903757866
gym-crucible-chasm/T05,corridor-hold,4,Victory,7,0,6,192,58,779,2,58,-1,,0,5,1,4248488945
gym-crucible-chasm/T05,corridor-hold,5,Victory,7,0,6,192,68,852,2,50,-1,,0,3,0,1844606684
gym-crucible-chasm/T05,corridor-hold,6,Victory,7,0,6,192,69,751,4,133,-1,,0,8,0,2335651982
gym-crucible-chasm/T05,corridor-hold,7,Defeat,5,0,5,160,36,1002,3,65,-1,,0,4,1,713665293
gym-crucible-chasm/T05,corridor-hold,8,Victory,7,0,6,160,47,501,3,105,-1,,0,8,0,3219097923
gym-crucible-chasm/T05,corridor-hold,9,Victory,7,0,6,192,60,680,3,70,-1,,0,5,0,3804245892
gym-crucible-chasm/T05,corridor-hold,10,Victory,7,0,6,176,50,796,1,45,-1,,0,4,0,2692942502
gym-crucible-chasm/T05,corridor-hold,11,Victory,7,0,6,192,65,975,2,83,-1,,0,6,0,4270404783
gym-crucible-chasm/T05,corridor-hold,12,Victory,7,0,6,176,58,702,3,95,-1,,0,7,1,1068910200
gym-crucible-chasm/T05,corridor-hold,13,Victory,7,0,6,160,55,605,4,60,-1,,0,8,0,135758335
gym-crucible-chasm/T05,corridor-hold,14,Defeat,6,0,6,184,53,930,2,52,-1,,0,3,0,1754811090
gym-crucible-chasm/T05,corridor-hold,15,Victory,7,0,6,192,70,837,4,125,-1,,0,8,1,3682881651
gym-crucible-chasm/T05,corridor-hold,16,Victory,7,0,6,192,53,799,2,91,-1,,0,7,0,1035201745
gym-crucible-chasm/T05,corridor-hold,17,Defeat,6,0,6,168,48,794,3,100,-1,,0,7,1,4041488196
gym-crucible-chasm/T05,corridor-hold,18,Victory,7,0,6,192,64,925,1,45,-1,,0,4,0,3081468435
gym-crucible-chasm/T05,corridor-hold,19,Victory,7,0,6,192,66,773,3,116,-1,,0,8,1,2383992435
gym-crucible-chasm/T05,corridor-hold,20,Victory,7,0,6,192,61,716,4,133,-1,,0,8,0,957977619
gym-crucible-chasm/T05,corridor-hold,21,Victory,7,0,6,192,51,732,4,112,-1,,0,8,1,2949949697
gym-crucible-chasm/T05,corridor-hold,22,Victory,7,0,6,192,44,727,2,62,-1,,0,7,0,2107557592
gym-crucible-chasm/T05,corridor-hold,23,Victory,7,0,6,176,64,779,4,100,-1,,0,8,1,4203273676
gym-crucible-chasm/T05,corridor-hold,24,Victory,7,0,6,192,53,781,2,91,-1,,0,7,0,401125332
gym-crucible-chasm/T05,corridor-hold,25,Victory,7,0,6,192,63,883,1,37,-1,,0,3,0,426940483
gym-crucible-chasm/T05,corridor-hold,26,Victory,7,0,6,168,56,558,3,90,-1,,0,7,0,2598831443
gym-crucible-chasm/T05,corridor-hold,27,Victory,7,0,6,192,44,802,3,79,-1,,0,6,1,758227988
gym-crucible-chasm/T05,corridor-hold,28,Defeat,6,0,6,152,41,595,4,105,-1,,0,8,1,4134677240
gym-crucible-chasm/T05,corridor-hold,29,Defeat,6,0,6,184,65,852,3,91,-1,,0,5,0,1066173773
gym-crucible-chasm/T05,corridor-hold,30,Victory,7,0,6,184,57,771,3,86,-1,,0,6,0,852581850
gym-crucible-chasm/T05,corridor-hold,31,Victory,7,0,6,168,42,628,3,109,-1,,0,7,0,2942119179
gym-crucible-chasm/T05,corridor-hold,32,Victory,7,0,6,176,54,491,3,95,-1,,0,8,0,1935512056
gym-crucible-chasm/T05,corridor-hold,33,Victory,7,0,6,192,59,925,1,41,-1,,0,3,0,553546296
gym-crucible-chasm/T05,corridor-hold,34,Victory,7,0,6,176,74,591,3,104,-1,,0,6,0,3134996644
gym-crucible-chasm/T05,corridor-hold,35,Victory,7,0,6,176,64,752,2,59,-1,,0,4,0,336955949
gym-crucible-chasm/T05,corridor-hold,36,Victory,7,0,6,192,62,1010,2,50,-1,,0,3,0,1366560035
gym-crucible-chasm/T05,corridor-hold,37,Defeat,6,0,6,192,46,960,3,75,-1,,0,5,0,3938309423
gym-crucible-chasm/T05,corridor-hold,38,Victory,7,0,6,184,62,615,3,100,-1,,0,8,0,3061036394
gym-crucible-chasm/T05,corridor-hold,39,Victory,7,0,6,168,55,663,3,90,-1,,0,6,1,2535113675
gym-crucible-chasm/T05,corridor-hold,40,Defeat,5,0,5,160,50,1048,4,90,-1,,0,5,1,1564367742
gym-crucible-chasm/T05,corridor-hold,41,Defeat,5,0,5,128,37,721,4,87,-1,,0,5,1,3359667114
gym-crucible-chasm/T05,corridor-hold,42,Victory,7,0,6,192,61,715,3,95,-1,,0,7,0,3693299271
gym-crucible-chasm/T05,corridor-hold,43,Victory,7,0,6,160,50,557,3,115,-1,,0,8,1,1305955497
gym-crucible-chasm/T05,corridor-hold,44,Victory,7,0,6,176,63,560,2,100,-1,,0,7,0,3531659027
gym-crucible-chasm/T05,corridor-hold,45,Victory,7,0,6,176,62,752,1,54,-1,,0,4,0,1107526649
gym-crucible-chasm/T05,corridor-hold,46,Victory,7,0,6,176,62,617,2,95,-1,,0,7,0,2202467308
gym-crucible-chasm/T05,corridor-hold,47,Victory,7,0,6,192,58,862,3,91,-1,,0,6,0,3269594057
gym-crucible-chasm/T05,corridor-hold,48,Victory,7,0,6,192,65,876,3,91,-1,,0,6,0,1013709246
gym-crucible-chasm/T05,corridor-hold,49,Victory,7,0,6,192,52,954,2,45,-1,,0,3,0,526262252
gym-crucible-chasm/T05,corridor-hold,50,Victory,7,0,6,192,62,832,2,70,-1,,0,4,0,2509854787
gym-crucible-chasm/T06,control-hold,1,Victory,7,0,6,192,60,818,2,70,-1,,0,5,0,2966950537
gym-crucible-chasm/T06,control-hold,2,Victory,7,0,6,192,65,882,2,62,-1,,0,5,0,343698759
gym-crucible-chasm/T06,control-hold,3,Victory,7,0,6,192,55,601,3,70,-1,,0,6,0,1914247647
gym-crucible-chasm/T06,control-hold,4,Victory,7,0,6,192,47,807,2,50,-1,,0,3,0,3832781568
gym-crucible-chasm/T06,control-hold,5,Victory,7,0,6,192,47,897,2,50,-1,,0,4,0,3284685933
gym-crucible-chasm/T06,control-hold,6,Victory,7,0,6,192,56,706,2,83,-1,,0,6,0,609028138
gym-crucible-chasm/T06,control-hold,7,Defeat,6,0,6,184,51,871,3,73,-1,,0,5,0,3535536398
gym-crucible-chasm/T06,control-hold,8,Victory,7,0,6,176,57,680,2,63,-1,,0,5,0,3890343059
gym-crucible-chasm/T06,control-hold,9,Victory,7,0,6,192,51,762,2,66,-1,,0,5,0,4111826032
gym-crucible-chasm/T06,control-hold,10,Defeat,5,0,5,160,42,879,3,70,-1,,0,3,1,3748718047
gym-crucible-chasm/T06,control-hold,11,Victory,7,0,6,192,65,606,2,83,-1,,0,6,0,4145706671
gym-crucible-chasm/T06,control-hold,12,Victory,7,0,6,192,61,556,3,91,-1,,0,6,0,3574188569
gym-crucible-chasm/T06,control-hold,13,Victory,7,0,6,168,49,590,4,61,-1,,0,8,0,3977844691
gym-crucible-chasm/T06,control-hold,14,Victory,7,0,6,184,56,697,2,69,-1,,0,5,0,695657979
gym-crucible-chasm/T06,control-hold,15,Victory,7,0,6,184,50,676,2,47,-1,,0,4,0,307369069
gym-crucible-chasm/T06,control-hold,16,Victory,7,0,6,184,52,709,2,82,-1,,0,6,0,262549138
gym-crucible-chasm/T06,control-hold,17,Defeat,5,0,5,160,40,862,4,105,-1,,0,5,2,3442577914
gym-crucible-chasm/T06,control-hold,18,Victory,7,0,6,192,50,828,2,66,-1,,0,5,0,203742063
gym-crucible-chasm/T06,control-hold,19,Defeat,4,0,4,128,30,1049,2,75,-1,,0,3,1,1468697114
gym-crucible-chasm/T06,control-hold,20,Victory,7,0,6,192,52,673,3,91,-1,,0,7,0,3469189155
gym-crucible-chasm/T06,control-hold,21,Defeat,4,0,4,128,28,1021,2,56,-1,,0,3,1,2333540357
gym-crucible-chasm/T06,control-hold,22,Victory,7,0,6,192,34,651,2,66,-1,,0,7,0,3819687615
gym-crucible-chasm/T06,control-hold,23,Victory,7,0,6,192,41,638,2,79,-1,,0,6,0,4251272155
gym-crucible-chasm/T06,control-hold,24,Victory,7,0,6,192,55,701,2,66,-1,,0,5,0,2020797404
gym-crucible-chasm/T06,control-hold,25,Victory,7,0,6,192,52,703,2,58,-1,,0,5,0,2870503260
gym-crucible-chasm/T06,control-hold,26,Victory,7,0,6,176,64,580,2,109,-1,,0,7,0,996676709
gym-crucible-chasm/T06,control-hold,27,Defeat,6,0,6,184,36,814,3,86,-1,,0,6,0,2709283111
gym-crucible-chasm/T06,control-hold,28,Victory,7,0,6,168,53,516,3,104,-1,,0,6,0,2051790051
gym-crucible-chasm/T06,control-hold,29,Victory,7,0,6,192,53,568,3,79,-1,,0,5,0,2429313130
gym-crucible-chasm/T06,control-hold,30,Victory,7,0,6,184,49,771,2,52,-1,,0,6,1,1822896222
gym-crucible-chasm/T06,control-hold,31,Victory,7,0,6,168,44,551,3,119,-1,,0,7,0,3413856579
gym-crucible-chasm/T06,control-hold,32,Defeat,6,0,6,184,60,756,3,86,-1,,0,8,0,1416137599
gym-crucible-chasm/T06,control-hold,33,Victory,7,0,6,168,47,706,2,80,-1,,0,5,0,1371855753
gym-crucible-chasm/T06,control-hold,34,Victory,7,0,6,192,71,598,3,91,-1,,0,6,0,728407996
gym-crucible-chasm/T06,control-hold,35,Victory,7,0,6,192,59,703,2,79,-1,,0,5,0,3369120948
gym-crucible-chasm/T06,control-hold,36,Victory,7,0,6,176,60,578,3,90,-1,,0,6,0,616628286
gym-crucible-chasm/T06,control-hold,37,Victory,7,0,6,192,56,657,3,54,-1,,0,5,1,3336680916
gym-crucible-chasm/T06,control-hold,38,Victory,7,0,6,184,65,615,3,91,-1,,0,8,0,3614437661
gym-crucible-chasm/T06,control-hold,39,Victory,7,0,6,168,60,701,2,80,-1,,0,6,0,847884914
gym-crucible-chasm/T06,control-hold,40,Defeat,5,0,5,160,44,922,4,90,-1,,0,5,1,3089885518
gym-crucible-chasm/T06,control-hold,41,Victory,7,0,6,192,42,538,3,112,-1,,0,7,0,1715904749
gym-crucible-chasm/T06,control-hold,42,Defeat,5,0,5,160,52,900,4,105,-1,,0,5,1,4170860241
gym-crucible-chasm/T06,control-hold,43,Victory,7,0,6,152,50,363,3,131,-1,,0,8,0,4008985807
gym-crucible-chasm/T06,control-hold,44,Victory,7,0,6,176,65,560,2,100,-1,,0,7,0,196434178
gym-crucible-chasm/T06,control-hold,45,Defeat,5,0,5,160,47,901,3,65,-1,,0,3,1,3539800916
gym-crucible-chasm/T06,control-hold,46,Victory,7,0,6,176,66,595,2,104,-1,,0,7,0,709603651
gym-crucible-chasm/T06,control-hold,47,Victory,7,0,6,192,53,616,2,100,-1,,0,6,0,4234545092
gym-crucible-chasm/T06,control-hold,48,Victory,7,0,6,192,62,623,3,91,-1,,0,6,0,2827548039
gym-crucible-chasm/T06,control-hold,49,Victory,7,0,6,192,56,924,2,41,-1,,0,3,0,1358744718
gym-crucible-chasm/T06,control-hold,50,Victory,7,0,6,192,61,982,1,33,-1,,0,3,0,3369714384
gym-crucible-chasm/T06,corridor-hold,1,Victory,7,0,6,192,53,715,2,79,-1,,0,6,0,506727252
gym-crucible-chasm/T06,corridor-hold,2,Victory,7,0,6,192,67,907,2,58,-1,,0,5,0,2821458378
gym-crucible-chasm/T06,corridor-hold,3,Victory,7,0,6,192,75,700,2,62,-1,,0,5,0,1977758126
gym-crucible-chasm/T06,corridor-hold,4,Victory,7,0,6,184,52,876,2,52,-1,,0,3,0,1014604859
gym-crucible-chasm/T06,corridor-hold,5,Victory,7,0,6,192,50,897,2,50,-1,,0,4,0,27846473
gym-crucible-chasm/T06,corridor-hold,6,Victory,7,0,6,184,63,333,4,139,-1,,0,8,0,1131117142
gym-crucible-chasm/T06,corridor-hold,7,Defeat,4,0,4,128,33,1083,2,43,-1,,0,2,1,2746734983
gym-crucible-chasm/T06,corridor-hold,8,Victory,7,0,6,176,46,779,2,68,-1,,0,5,1,1794090907
gym-crucible-chasm/T06,corridor-hold,9,Victory,7,0,6,192,69,796,2,66,-1,,0,5,0,1285323655
gym-crucible-chasm/T06,corridor-hold,10,Victory,7,0,6,176,53,701,1,63,-1,,0,4,0,3080940132
gym-crucible-chasm/T06,corridor-hold,11,Victory,7,0,6,192,62,706,2,83,-1,,0,6,0,1490188902
gym-crucible-chasm/T06,corridor-hold,12,Victory,7,0,6,184,71,431,4,134,-1,,0,8,0,3130519272
gym-crucible-chasm/T06,corridor-hold,13,Victory,7,0,6,192,64,535,4,75,-1,,0,7,1,268959448
gym-crucible-chasm/T06,corridor-hold,14,Defeat,6,0,6,184,53,930,2,52,-1,,0,3,0,2273808225
gym-crucible-chasm/T06,corridor-hold,15,Victory,7,0,6,184,50,676,2,47,-1,,0,4,0,307369069
gym-crucible-chasm/T06,corridor-hold,16,Victory,7,0,6,192,56,768,2,95,-1,,0,7,0,1859071913
gym-crucible-chasm/T06,corridor-hold,17,Defeat,6,0,6,168,45,668,3,100,-1,,0,7,1,1510223437
gym-crucible-chasm/T06,corridor-hold,18,Victory,7,0,6,176,62,781,1,50,-1,,0,4,0,2358704639
gym-crucible-chasm/T06,corridor-hold,19,Victory,7,0,6,192,41,677,3,87,-1,,0,6,0,2076609665
gym-crucible-chasm/T06,corridor-hold,20,Victory,7,0,6,184,58,419,4,126,-1,,0,8,0,2722393818
gym-crucible-chasm/T06,corridor-hold,21,Victory,7,0,6,184,39,677,2,100,-1,,0,6,0,1492410254
gym-crucible-chasm/T06,corridor-hold,22,Victory,7,0,6,192,38,651,2,62,-1,,0,7,0,288723888
gym-crucible-chasm/T06,corridor-hold,23,Victory,7,0,6,184,65,596,3,95,-1,,0,7,1,118666016
gym-crucible-chasm/T06,corridor-hold,24,Victory,7,0,6,192,58,701,2,66,-1,,0,5,0,1632405657
gym-crucible-chasm/T06,corridor-hold,25,Victory,7,0,6,192,49,639,2,62,-1,,0,5,0,1055138558
gym-crucible-chasm/T06,corridor-hold,26,Victory,7,0,6,176,62,580,2,109,-1,,0,7,0,520427367
gym-crucible-chasm/T06,corridor-hold,27,Victory,7,0,6,176,48,532,3,81,-1,,0,6,0,2606531405
gym-crucible-chasm/T06,corridor-hold,28,Defeat,6,0,6,152,41,595,4,100,-1,,0,8,1,2112564492
gym-crucible-chasm/T06,corridor-hold,29,Victory,7,0,6,176,57,695,2,59,-1,,0,4,0,1589856108
gym-crucible-chasm/T06,corridor-hold,30,Victory,7,0,6,192,38,693,3,66,-1,,0,6,1,330755025
gym-crucible-chasm/T06,corridor-hold,31,Victory,7,0,6,168,42,478,3,109,-1,,0,7,0,1675282129
gym-crucible-chasm/T06,corridor-hold,32,Victory,7,0,6,176,61,505,2,90,-1,,0,8,0,3387884176
gym-crucible-chasm/T06,corridor-hold,33,Victory,7,0,6,192,60,850,2,50,-1,,0,3,0,2651122127
gym-crucible-chasm/T06,corridor-hold,34,Victory,7,0,6,192,69,598,3,91,-1,,0,6,0,3306272849
gym-crucible-chasm/T06,corridor-hold,35,Victory,7,0,6,184,56,667,3,73,-1,,0,6,1,1563552158
gym-crucible-chasm/T06,corridor-hold,36,Victory,7,0,6,168,60,630,2,90,-1,,0,6,1,3823758545
gym-crucible-chasm/T06,corridor-hold,37,Victory,7,0,6,192,56,657,3,54,-1,,0,5,1,3336680916
gym-crucible-chasm/T06,corridor-hold,38,Victory,7,0,6,184,62,615,3,100,-1,,0,8,0,2756628097
gym-crucible-chasm/T06,corridor-hold,39,Victory,7,0,6,168,55,563,3,90,-1,,0,6,1,3387772132
gym-crucible-chasm/T06,corridor-hold,40,Defeat,5,0,5,160,47,922,4,90,-1,,0,5,1,3271209555
gym-crucible-chasm/T06,corridor-hold,41,Defeat,5,0,5,136,34,804,3,88,-1,,0,5,1,3462501473
gym-crucible-chasm/T06,corridor-hold,42,Defeat,5,0,5,160,52,900,4,100,-1,,0,5,1,785192758
gym-crucible-chasm/T06,corridor-hold,43,Victory,7,0,6,152,45,455,3,100,-1,,0,7,1,4179352285
gym-crucible-chasm/T06,corridor-hold,44,Victory,7,0,6,176,63,560,2,100,-1,,0,7,0,1851608192
gym-crucible-chasm/T06,corridor-hold,45,Victory,7,0,6,176,57,718,1,54,-1,,0,4,0,1838220379
gym-crucible-chasm/T06,corridor-hold,46,Victory,7,0,6,176,64,595,2,104,-1,,0,7,0,1862624193
gym-crucible-chasm/T06,corridor-hold,47,Victory,7,0,6,192,55,636,3,91,-1,,0,6,0,4063139151
gym-crucible-chasm/T06,corridor-hold,48,Victory,7,0,6,192,62,623,3,91,-1,,0,6,0,1150775091
gym-crucible-chasm/T06,corridor-hold,49,Victory,7,0,6,192,55,869,2,45,-1,,0,3,0,806921170
gym-crucible-chasm/T06,corridor-hold,50,Victory,7,0,6,192,65,1012,1,37,-1,,0,3,0,2855788404
gym-crucible-chasm/T07,control-hold,1,Victory,7,0,6,192,56,803,1,66,-1,,0,6,0,3314011443
gym-crucible-chasm/T07,control-hold,2,Victory,7,0,6,192,60,911,2,79,-1,,0,6,0,2176028299
gym-crucible-chasm/T07,control-hold,3,Victory,7,0,6,192,71,707,2,70,-1,,0,5,0,3767906787
gym-crucible-chasm/T07,control-hold,4,Victory,7,0,6,176,43,831,2,68,-1,,0,5,0,8864241
gym-crucible-chasm/T07,control-hold,5,Victory,7,0,6,192,64,992,1,41,-1,,0,4,0,1037035828
gym-crucible-chasm/T07,control-hold,6,Victory,7,0,6,192,64,984,3,100,-1,,0,6,0,12303318
gym-crucible-chasm/T07,control-hold,7,Victory,7,0,6,184,49,798,3,91,-1,,0,8,1,2153337153
gym-crucible-chasm/T07,control-hold,8,Defeat,5,0,5,160,61,1005,4,100,-1,,0,5,1,3634324237
gym-crucible-chasm/T07,control-hold,9,Victory,7,0,6,192,60,895,3,112,-1,,0,7,0,2488236768
gym-crucible-chasm/T07,control-hold,10,Victory,7,0,6,184,65,782,3,82,-1,,0,5,0,2430535952
gym-crucible-chasm/T07,control-hold,11,Victory,7,0,6,192,77,777,3,116,-1,,0,8,0,3531615311
gym-crucible-chasm/T07,control-hold,12,Victory,7,0,6,192,64,841,3,112,-1,,0,7,0,1417984204
gym-crucible-chasm/T07,control-hold,13,Victory,7,0,6,192,60,808,2,66,-1,,0,4,0,2823273081
gym-crucible-chasm/T07,control-hold,14,Victory,7,0,6,176,58,786,2,77,-1,,0,4,0,1483248639
gym-crucible-chasm/T07,control-hold,15,Victory,7,0,6,192,72,915,4,116,-1,,0,8,0,2908465110
gym-crucible-chasm/T07,control-hold,16,Victory,7,0,6,192,56,859,2,54,-1,,0,5,0,1214854752
gym-crucible-chasm/T07,control-hold,17,Victory,7,0,6,192,53,763,2,70,-1,,0,5,0,2790709468
gym-crucible-chasm/T07,control-hold,18,Victory,7,0,6,192,76,921,4,125,-1,,0,8,0,1501032246
gym-crucible-chasm/T07,control-hold,19,Defeat,3,0,3,96,20,1150,2,41,-1,,0,1,0,2761654780
gym-crucible-chasm/T07,control-hold,20,Victory,7,0,6,192,72,957,3,70,-1,,0,8,0,759447362
gym-crucible-chasm/T07,control-hold,21,Victory,7,0,6,192,53,599,3,100,-1,,0,7,0,518104273
gym-crucible-chasm/T07,control-hold,22,Victory,7,0,6,192,66,724,3,100,-1,,0,7,0,3897589098
gym-crucible-chasm/T07,control-hold,23,Victory,7,0,6,192,59,957,4,95,-1,,0,8,1,260311009
gym-crucible-chasm/T07,control-hold,24,Victory,7,0,6,184,51,660,3,113,-1,,0,7,0,3892273917
gym-crucible-chasm/T07,control-hold,25,Victory,7,0,6,192,67,893,2,45,-1,,0,3,0,62169144
gym-crucible-chasm/T07,control-hold,26,Victory,7,0,6,184,81,734,3,113,-1,,0,7,0,2074530475
gym-crucible-chasm/T07,control-hold,27,Victory,7,0,6,192,48,989,3,116,-1,,0,6,0,4095274816
gym-crucible-chasm/T07,control-hold,28,Victory,7,0,6,192,69,894,3,100,-1,,0,7,0,847713555
gym-crucible-chasm/T07,control-hold,29,Victory,7,0,6,184,77,795,3,91,-1,,0,5,0,2840126190
gym-crucible-chasm/T07,control-hold,30,Victory,7,0,6,192,43,945,2,66,-1,,0,5,0,1694094773
gym-crucible-chasm/T07,control-hold,31,Victory,7,0,6,184,49,708,3,82,-1,,0,6,0,899275184
gym-crucible-chasm/T07,control-hold,32,Victory,7,0,6,192,50,707,2,70,-1,,0,5,0,3514411671
gym-crucible-chasm/T07,control-hold,33,Victory,7,0,6,168,52,704,2,76,-1,,0,5,0,839835889
gym-crucible-chasm/T07,control-hold,34,Victory,7,0,6,192,80,809,3,95,-1,,0,7,0,2890015668
gym-crucible-chasm/T07,control-hold,35,Victory,7,0,6,192,60,934,2,79,-1,,0,6,0,1005061794
gym-crucible-chasm/T07,control-hold,36,Victory,7,0,6,192,68,888,2,66,-1,,0,4,0,4066700053
gym-crucible-chasm/T07,control-hold,37,Victory,7,0,6,184,52,641,3,78,-1,,0,5,0,1384939837
gym-crucible-chasm/T07,control-hold,38,Victory,7,0,6,184,68,630,3,95,-1,,0,8,0,1011688738
gym-crucible-chasm/T07,control-hold,39,Victory,7,0,6,192,71,953,2,58,-1,,0,4,0,136307325
gym-crucible-chasm/T07,control-hold,40,Victory,7,0,6,192,52,844,1,50,-1,,0,5,0,1713984346
gym-crucible-chasm/T07,control-hold,41,Victory,7,0,6,192,49,843,2,70,-1,,0,5,0,621433702
gym-crucible-chasm/T07,control-hold,42,Victory,7,0,6,192,61,940,3,104,-1,,0,7,0,3914107227
gym-crucible-chasm/T07,control-hold,43,Victory,7,0,6,192,65,881,3,104,-1,,0,7,0,1792001627
gym-crucible-chasm/T07,control-hold,44,Victory,7,0,6,168,47,867,4,90,-1,,0,8,1,2832126634
gym-crucible-chasm/T07,control-hold,45,Victory,7,0,6,184,71,804,3,82,-1,,0,5,0,2691979184
gym-crucible-chasm/T07,control-hold,46,Victory,7,0,6,192,66,679,3,112,-1,,0,7,0,185215445
gym-crucible-chasm/T07,control-hold,47,Victory,7,0,6,192,65,991,3,108,-1,,0,8,0,4184651611
gym-crucible-chasm/T07,control-hold,48,Victory,7,0,6,192,62,973,3,100,-1,,0,6,0,410459900
gym-crucible-chasm/T07,control-hold,49,Victory,7,0,6,192,64,773,2,91,-1,,0,7,0,493051963
gym-crucible-chasm/T07,control-hold,50,Victory,7,0,6,192,81,777,4,116,-1,,0,8,0,831906797
gym-crucible-chasm/T07,corridor-hold,1,Victory,7,0,6,192,56,803,1,66,-1,,0,6,0,3314011443
gym-crucible-chasm/T07,corridor-hold,2,Victory,7,0,6,192,71,757,2,79,-1,,0,6,0,495024577
gym-crucible-chasm/T07,corridor-hold,3,Victory,7,0,6,192,71,707,2,70,-1,,0,5,0,3767906787
gym-crucible-chasm/T07,corridor-hold,4,Victory,7,0,6,176,43,691,2,68,-1,,0,5,0,3888068605
gym-crucible-chasm/T07,corridor-hold,5,Victory,7,0,6,192,68,715,2,87,-1,,0,6,1,781219317
gym-crucible-chasm/T07,corridor-hold,6,Victory,7,0,6,192,70,821,4,137,-1,,0,8,1,2849669214
gym-crucible-chasm/T07,corridor-hold,7,Defeat,6,0,6,184,45,790,4,91,-1,,0,8,0,24063639
gym-crucible-chasm/T07,corridor-hold,8,Defeat,5,0,5,152,51,760,4,78,-1,,0,5,1,526884055
gym-crucible-chasm/T07,corridor-hold,9,Victory,7,0,6,184,53,615,2,78,-1,,0,7,0,2510573295
gym-crucible-chasm/T07,corridor-hold,10,Defeat,6,0,6,184,58,796,3,82,-1,,0,5,0,1693301989
gym-crucible-chasm/T07,corridor-hold,11,Victory,7,0,6,192,69,738,2,87,-1,,0,7,0,1559387978
gym-crucible-chasm/T07,corridor-hold,12,Victory,7,0,6,192,58,669,3,87,-1,,0,7,0,484635306
gym-crucible-chasm/T07,corridor-hold,13,Victory,7,0,6,192,60,808,2,66,-1,,0,4,0,2823273081
gym-crucible-chasm/T07,corridor-hold,14,Victory,7,0,6,176,63,721,2,77,-1,,0,4,0,1433516933
gym-crucible-chasm/T07,corridor-hold,15,Victory,7,0,6,192,75,817,4,120,-1,,0,8,1,1684182844
gym-crucible-chasm/T07,corridor-hold,16,Victory,7,0,6,192,56,859,2,54,-1,,0,5,0,1214854752
gym-crucible-chasm/T07,corridor-hold,17,Victory,7,0,6,192,56,702,2,70,-1,,0,5,0,799929560
gym-crucible-chasm/T07,corridor-hold,18,Victory,7,0,6,192,70,806,4,116,-1,,0,8,1,1227819173
gym-crucible-chasm/T07,corridor-hold,19,Defeat,3,0,3,96,20,1150,2,41,-1,,0,1,0,2761654780
gym-crucible-chasm/T07,corridor-hold,20,Victory,7,0,6,192,51,899,2,62,-1,,0,6,0,3405727760
gym-crucible-chasm/T07,corridor-hold,21,Victory,7,0,6,192,55,732,4,112,-1,,0,8,1,3851420050
gym-crucible-chasm/T07,corridor-hold,22,Victory,7,0,6,192,69,558,3,100,-1,,0,7,0,1744593316
gym-crucible-chasm/T07,corridor-hold,23,Victory,7,0,6,184,62,702,4,86,-1,,0,8,1,918957348
gym-crucible-chasm/T07,corridor-hold,24,Victory,7,0,6,184,51,610,3,113,-1,,0,7,0,3337772427
gym-crucible-chasm/T07,corridor-hold,25,Victory,7,0,6,192,67,854,2,45,-1,,0,3,0,835403998
gym-crucible-chasm/T07,corridor-hold,26,Defeat,6,0,6,184,69,805,3,113,-1,,0,7,0,3669678342
gym-crucible-chasm/T07,corridor-hold,27,Victory,7,0,6,192,61,602,3,104,-1,,0,6,0,2301018847
gym-crucible-chasm/T07,corridor-hold,28,Victory,7,0,6,184,57,752,2,91,-1,,0,6,1,2189271803
gym-crucible-chasm/T07,corridor-hold,29,Defeat,6,0,6,184,67,852,3,91,-1,,0,5,0,2261525747
gym-crucible-chasm/T07,corridor-hold,30,Victory,7,0,6,192,45,819,2,66,-1,,0,5,0,2879055714
gym-crucible-chasm/T07,corridor-hold,31,Victory,7,0,6,184,46,617,3,82,-1,,0,6,0,621649716
gym-crucible-chasm/T07,corridor-hold,32,Victory,7,0,6,192,50,707,2,70,-1,,0,5,0,3514411671
gym-crucible-chasm/T07,corridor-hold,33,Victory,7,0,6,168,52,704,2,76,-1,,0,5,0,839835889
gym-crucible-chasm/T07,corridor-hold,34,Victory,7,0,6,184,77,658,3,100,-1,,0,6,0,297065565
gym-crucible-chasm/T07,corridor-hold,35,Defeat,5,0,5,152,51,876,4,84,-1,,0,5,1,4136690048
gym-crucible-chasm/T07,corridor-hold,36,Victory,7,0,6,192,68,888,2,66,-1,,0,4,0,4066700053
gym-crucible-chasm/T07,corridor-hold,37,Victory,7,0,6,184,52,582,3,78,-1,,0,5,0,1216445827
gym-crucible-chasm/T07,corridor-hold,38,Victory,7,0,6,184,68,630,3,95,-1,,0,8,0,1011688738
gym-crucible-chasm/T07,corridor-hold,39,Victory,7,0,6,192,71,936,2,58,-1,,0,4,0,2560710592
gym-crucible-chasm/T07,corridor-hold,40,Victory,7,0,6,192,52,844,1,50,-1,,0,5,0,1713984346
gym-crucible-chasm/T07,corridor-hold,41,Victory,7,0,6,192,49,843,2,70,-1,,0,5,0,621433702
gym-crucible-chasm/T07,corridor-hold,42,Victory,7,0,6,184,58,642,2,86,-1,,0,8,0,3980576725
gym-crucible-chasm/T07,corridor-hold,43,Defeat,6,0,6,184,57,842,3,100,-1,,0,7,0,194740944
gym-crucible-chasm/T07,corridor-hold,44,Victory,7,0,6,168,44,611,2,95,-1,,0,6,1,3744232561
gym-crucible-chasm/T07,corridor-hold,45,Defeat,6,0,6,184,67,818,3,82,-1,,0,5,0,1498005743
gym-crucible-chasm/T07,corridor-hold,46,Victory,7,0,6,192,66,694,3,104,-1,,0,7,0,3729421011
gym-crucible-chasm/T07,corridor-hold,47,Defeat,6,0,6,192,63,784,3,100,-1,,0,8,1,3717547792
gym-crucible-chasm/T07,corridor-hold,48,Victory,7,0,6,192,60,737,3,95,-1,,0,7,0,2388768019
gym-crucible-chasm/T07,corridor-hold,49,Victory,7,0,6,192,67,674,2,91,-1,,0,7,0,2377906652
gym-crucible-chasm/T07,corridor-hold,50,Victory,7,0,6,176,63,641,2,100,-1,,0,7,1,3146268514
gym-crucible-chasm/T08,control-hold,1,Victory,7,0,6,192,56,803,1,66,-1,,0,6,0,2682565112
gym-crucible-chasm/T08,control-hold,2,Victory,7,0,6,192,71,757,2,79,-1,,0,6,0,2838405074
gym-crucible-chasm/T08,control-hold,3,Victory,7,0,6,192,73,673,2,70,-1,,0,5,0,2462896387
gym-crucible-chasm/T08,control-hold,4,Victory,7,0,6,176,49,689,2,77,-1,,0,4,0,2565035676
gym-crucible-chasm/T08,control-hold,5,Victory,7,0,6,192,68,715,2,87,-1,,0,6,1,3640979614
gym-crucible-chasm/T08,control-hold,6,Defeat,5,0,5,160,56,715,4,115,-1,,0,5,1,401867082
gym-crucible-chasm/T08,control-hold,7,Victory,7,0,6,184,59,697,3,82,-1,,0,7,0,2592232180
gym-crucible-chasm/T08,control-hold,8,Victory,7,0,6,176,43,717,1,72,-1,,0,5,0,3451278175
gym-crucible-chasm/T08,control-hold,9,Victory,7,0,6,192,67,699,2,95,-1,,0,6,1,2272271403
gym-crucible-chasm/T08,control-hold,10,Defeat,6,0,6,184,59,796,3,86,-1,,0,5,0,49186060
gym-crucible-chasm/T08,control-hold,11,Victory,7,0,6,192,67,649,2,83,-1,,0,7,0,3799422085
gym-crucible-chasm/T08,control-hold,12,Defeat,5,0,5,152,47,890,3,89,-1,,0,5,1,1094829825
gym-crucible-chasm/T08,control-hold,13,Victory,7,0,6,192,52,762,2,79,-1,,0,7,0,4294733763
gym-crucible-chasm/T08,control-hold,14,Victory,7,0,6,176,73,634,2,77,-1,,0,4,0,271701737
gym-crucible-chasm/T08,control-hold,15,Victory,7,0,6,192,54,837,2,41,-1,,0,3,0,808863601
gym-crucible-chasm/T08,control-hold,16,Victory,7,0,6,192,60,859,2,66,-1,,0,5,0,2986626207
gym-crucible-chasm/T08,control-hold,17,Victory,7,0,6,192,53,697,2,66,-1,,0,5,0,1086874418
gym-crucible-chasm/T08,control-hold,18,Victory,7,0,6,184,62,376,3,126,-1,,0,8,0,3357128056
gym-crucible-chasm/T08,control-hold,19,Defeat,6,0,6,192,51,806,3,108,-1,,0,7,1,2131123777
gym-crucible-chasm/T08,control-hold,20,Victory,7,0,6,192,48,673,2,62,-1,,0,6,0,2483405181
gym-crucible-chasm/T08,control-hold,21,Victory,7,0,6,192,48,647,2,100,-1,,0,6,0,1230552289
gym-crucible-chasm/T08,control-hold,22,Defeat,5,0,5,160,43,921,4,70,-1,,0,5,1,3371516189
gym-crucible-chasm/T08,control-hold,23,Victory,7,0,6,192,64,712,2,62,-1,,0,4,0,3667640724
gym-crucible-chasm/T08,control-hold,24,Victory,7,0,6,184,58,751,3,69,-1,,0,6,0,789625299
gym-crucible-chasm/T08,control-hold,25,Victory,7,0,6,192,55,686,2,58,-1,,0,5,0,3930542992
gym-crucible-chasm/T08,control-hold,26,Defeat,6,0,6,184,69,805,3,113,-1,,0,7,0,3471562269
gym-crucible-chasm/T08,control-hold,27,Victory,7,0,6,184,55,612,3,78,-1,,0,6,0,988248328
gym-crucible-chasm/T08,control-hold,28,Victory,7,0,6,184,57,752,2,91,-1,,0,6,1,1440185904
gym-crucible-chasm/T08,control-hold,29,Defeat,6,0,6,184,54,862,3,60,-1,,0,5,0,327304044
gym-crucible-chasm/T08,control-hold,30,Victory,7,0,6,184,50,820,2,65,-1,,0,6,0,1737609573
gym-crucible-chasm/T08,control-hold,31,Victory,7,0,6,192,49,573,3,87,-1,,0,6,0,2712809353
gym-crucible-chasm/T08,control-hold,32,Victory,7,0,6,192,61,781,2,62,-1,,0,5,0,2776462523
gym-crucible-chasm/T08,control-hold,33,Victory,7,0,6,168,60,653,2,80,-1,,0,5,0,970701018
gym-crucible-chasm/T08,control-hold,34,Victory,7,0,6,192,58,655,3,83,-1,,0,6,0,49430061
gym-crucible-chasm/T08,control-hold,35,Victory,7,0,6,192,54,641,2,79,-1,,0,6,0,4255255376
gym-crucible-chasm/T08,control-hold,36,Victory,7,0,6,168,56,632,2,85,-1,,0,6,1,3721437698
gym-crucible-chasm/T08,control-hold,37,Victory,7,0,6,192,59,657,3,54,-1,,0,5,1,4069958919
gym-crucible-chasm/T08,control-hold,38,Victory,7,0,6,184,68,630,3,95,-1,,0,8,0,2386509505
gym-crucible-chasm/T08,control-hold,39,Victory,7,0,6,192,69,826,2,54,-1,,0,4,0,496101094
gym-crucible-chasm/T08,control-hold,40,Victory,7,0,6,192,51,782,1,45,-1,,0,5,0,490967919
gym-crucible-chasm/T08,control-hold,41,Victory,7,0,6,192,71,777,2,70,-1,,0,5,0,1015077162
gym-crucible-chasm/T08,control-hold,42,Victory,7,0,6,184,62,577,2,100,-1,,0,7,1,525135346
gym-crucible-chasm/T08,control-hold,43,Victory,7,0,6,184,64,408,4,113,-1,,0,8,1,3940292330
gym-crucible-chasm/T08,control-hold,44,Victory,7,0,6,168,45,535,2,95,-1,,0,6,1,2913202742
gym-crucible-chasm/T08,control-hold,45,Defeat,6,0,6,184,67,818,3,82,-1,,0,5,0,2903016860
gym-crucible-chasm/T08,control-hold,46,Defeat,6,0,6,184,68,805,3,113,-1,,0,7,0,1260226963
gym-crucible-chasm/T08,control-hold,47,Defeat,6,0,6,192,60,558,3,100,-1,,0,8,1,580481941
gym-crucible-chasm/T08,control-hold,48,Victory,7,0,6,192,57,469,3,95,-1,,0,7,0,4191153260
gym-crucible-chasm/T08,control-hold,49,Victory,7,0,6,192,67,674,2,91,-1,,0,7,0,1504586287
gym-crucible-chasm/T08,control-hold,50,Victory,7,0,6,176,62,565,2,100,-1,,0,7,1,2814186581
gym-crucible-chasm/T08,corridor-hold,1,Victory,7,0,6,192,56,803,1,66,-1,,0,6,0,2682565112
gym-crucible-chasm/T08,corridor-hold,2,Victory,7,0,6,192,71,757,2,79,-1,,0,6,0,2838405074
gym-crucible-chasm/T08,corridor-hold,3,Victory,7,0,6,192,73,673,2,70,-1,,0,5,0,2462896387
gym-crucible-chasm/T08,corridor-hold,4,Victory,7,0,6,176,49,689,2,77,-1,,0,4,0,2565035676
gym-crucible-chasm/T08,corridor-hold,5,Victory,7,0,6,192,68,715,2,87,-1,,0,6,1,3640979614
gym-crucible-chasm/T08,corridor-hold,6,Defeat,5,0,5,160,56,715,4,115,-1,,0,5,1,401867082
gym-crucible-chasm/T08,corridor-hold,7,Victory,7,0,6,184,59,697,3,82,-1,,0,7,0,2592232180
gym-crucible-chasm/T08,corridor-hold,8,Victory,7,0,6,176,43,717,1,72,-1,,0,5,0,3451278175
gym-crucible-chasm/T08,corridor-hold,9,Victory,7,0,6,192,67,699,2,95,-1,,0,6,1,2272271403
gym-crucible-chasm/T08,corridor-hold,10,Defeat,6,0,6,184,59,796,3,86,-1,,0,5,0,49186060
gym-crucible-chasm/T08,corridor-hold,11,Victory,7,0,6,192,67,649,2,83,-1,,0,7,0,3799422085
gym-crucible-chasm/T08,corridor-hold,12,Defeat,5,0,5,152,47,890,3,89,-1,,0,5,1,1094829825
gym-crucible-chasm/T08,corridor-hold,13,Victory,7,0,6,192,52,762,2,79,-1,,0,7,0,4294733763
gym-crucible-chasm/T08,corridor-hold,14,Victory,7,0,6,176,73,634,2,77,-1,,0,4,0,271701737
gym-crucible-chasm/T08,corridor-hold,15,Victory,7,0,6,192,54,837,2,41,-1,,0,3,0,808863601
gym-crucible-chasm/T08,corridor-hold,16,Victory,7,0,6,192,60,859,2,66,-1,,0,5,0,2986626207
gym-crucible-chasm/T08,corridor-hold,17,Victory,7,0,6,192,53,697,2,66,-1,,0,5,0,1086874418
gym-crucible-chasm/T08,corridor-hold,18,Victory,7,0,6,184,62,376,3,126,-1,,0,8,0,3357128056
gym-crucible-chasm/T08,corridor-hold,19,Defeat,6,0,6,192,51,806,3,108,-1,,0,7,1,2131123777
gym-crucible-chasm/T08,corridor-hold,20,Victory,7,0,6,192,48,673,2,62,-1,,0,6,0,2483405181
gym-crucible-chasm/T08,corridor-hold,21,Victory,7,0,6,192,48,647,2,100,-1,,0,6,0,1230552289
gym-crucible-chasm/T08,corridor-hold,22,Defeat,5,0,5,160,43,921,4,70,-1,,0,5,1,3371516189
gym-crucible-chasm/T08,corridor-hold,23,Victory,7,0,6,192,64,712,2,62,-1,,0,4,0,3667640724
gym-crucible-chasm/T08,corridor-hold,24,Victory,7,0,6,184,58,751,3,69,-1,,0,6,0,789625299
gym-crucible-chasm/T08,corridor-hold,25,Victory,7,0,6,192,55,686,2,58,-1,,0,5,0,3930542992
gym-crucible-chasm/T08,corridor-hold,26,Defeat,6,0,6,184,69,805,3,113,-1,,0,7,0,3471562269
gym-crucible-chasm/T08,corridor-hold,27,Victory,7,0,6,184,55,612,3,78,-1,,0,6,0,988248328
gym-crucible-chasm/T08,corridor-hold,28,Victory,7,0,6,184,57,752,2,91,-1,,0,6,1,1440185904
gym-crucible-chasm/T08,corridor-hold,29,Defeat,6,0,6,184,54,862,3,60,-1,,0,5,0,327304044
gym-crucible-chasm/T08,corridor-hold,30,Victory,7,0,6,184,50,820,2,65,-1,,0,6,0,1737609573
gym-crucible-chasm/T08,corridor-hold,31,Victory,7,0,6,192,49,573,3,87,-1,,0,6,0,2712809353
gym-crucible-chasm/T08,corridor-hold,32,Victory,7,0,6,192,61,781,2,62,-1,,0,5,0,2776462523
gym-crucible-chasm/T08,corridor-hold,33,Victory,7,0,6,168,60,653,2,80,-1,,0,5,0,970701018
gym-crucible-chasm/T08,corridor-hold,34,Victory,7,0,6,192,58,655,3,83,-1,,0,6,0,49430061
gym-crucible-chasm/T08,corridor-hold,35,Victory,7,0,6,192,54,641,2,79,-1,,0,6,0,4255255376
gym-crucible-chasm/T08,corridor-hold,36,Victory,7,0,6,168,56,632,2,85,-1,,0,6,1,3721437698
gym-crucible-chasm/T08,corridor-hold,37,Victory,7,0,6,192,59,657,3,54,-1,,0,5,1,4069958919
gym-crucible-chasm/T08,corridor-hold,38,Victory,7,0,6,184,68,630,3,95,-1,,0,8,0,2386509505
gym-crucible-chasm/T08,corridor-hold,39,Victory,7,0,6,192,69,826,2,54,-1,,0,4,0,496101094
gym-crucible-chasm/T08,corridor-hold,40,Victory,7,0,6,192,51,782,1,45,-1,,0,5,0,490967919
gym-crucible-chasm/T08,corridor-hold,41,Victory,7,0,6,192,71,777,2,70,-1,,0,5,0,1015077162
gym-crucible-chasm/T08,corridor-hold,42,Victory,7,0,6,184,62,577,2,100,-1,,0,7,1,525135346
gym-crucible-chasm/T08,corridor-hold,43,Victory,7,0,6,184,64,408,4,113,-1,,0,8,1,3940292330
gym-crucible-chasm/T08,corridor-hold,44,Victory,7,0,6,168,45,535,2,95,-1,,0,6,1,2913202742
gym-crucible-chasm/T08,corridor-hold,45,Defeat,6,0,6,184,67,818,3,82,-1,,0,5,0,2903016860
gym-crucible-chasm/T08,corridor-hold,46,Defeat,6,0,6,184,68,805,3,113,-1,,0,7,0,1260226963
gym-crucible-chasm/T08,corridor-hold,47,Defeat,6,0,6,192,60,558,3,100,-1,,0,8,1,580481941
gym-crucible-chasm/T08,corridor-hold,48,Victory,7,0,6,192,57,469,3,95,-1,,0,7,0,4191153260
gym-crucible-chasm/T08,corridor-hold,49,Victory,7,0,6,192,67,674,2,91,-1,,0,7,0,1504586287
gym-crucible-chasm/T08,corridor-hold,50,Victory,7,0,6,176,62,565,2,100,-1,,0,7,1,2814186581
gym-crucible-chasm/T09,control-hold,1,Victory,7,0,6,192,57,683,3,112,-1,,0,8,0,2749650714
gym-crucible-chasm/T09,control-hold,2,Victory,7,0,6,192,76,751,3,75,-1,,0,7,0,3471629550
gym-crucible-chasm/T09,control-hold,3,Victory,7,0,6,192,62,836,4,91,-1,,0,7,0,4242066412
gym-crucible-chasm/T09,control-hold,4,Victory,7,0,6,192,42,749,3,125,-1,,0,8,1,252624787
gym-crucible-chasm/T09,control-hold,5,Victory,7,0,6,192,62,860,2,87,-1,,0,7,0,3179768714
gym-crucible-chasm/T09,control-hold,6,Victory,7,0,6,192,45,980,4,87,-1,,0,8,0,2480491971
gym-crucible-chasm/T09,control-hold,7,Victory,7,0,6,192,61,766,3,116,-1,,0,8,0,425242159
gym-crucible-chasm/T09,control-hold,8,Victory,7,0,6,168,53,681,4,100,-1,,0,8,1,3814902183
gym-crucible-chasm/T09,control-hold,9,Victory,7,0,6,192,53,793,4,116,-1,,0,8,0,503085962
gym-crucible-chasm/T09,control-hold,10,Victory,7,0,6,176,56,882,3,81,-1,,0,5,0,3508163223
gym-crucible-chasm/T09,control-hold,11,Victory,7,0,6,192,78,926,4,112,-1,,0,8,1,1595050473
gym-crucible-chasm/T09,control-hold,12,Victory,7,0,6,192,73,912,4,116,-1,,0,8,0,838538746
gym-crucible-chasm/T09,control-hold,13,Victory,7,0,6,168,53,867,4,61,-1,,0,8,0,3839213856
gym-crucible-chasm/T09,control-hold,14,Victory,7,0,6,152,64,435,3,100,-1,,0,6,0,783878856
gym-crucible-chasm/T09,control-hold,15,Victory,7,0,6,192,61,826,3,112,-1,,0,7,0,648448918
gym-crucible-chasm/T09,control-hold,16,Victory,7,0,6,192,45,843,4,116,-1,,0,8,0,3210004282
gym-crucible-chasm/T09,control-hold,17,Victory,7,0,6,192,44,988,4,116,-1,,0,8,0,1096170761
gym-crucible-chasm/T09,control-hold,18,Victory,7,0,6,184,56,845,4,91,-1,,0,8,0,532381365
gym-crucible-chasm/T09,control-hold,19,Victory,7,0,6,192,66,1005,4,104,-1,,0,7,1,3481192165
gym-crucible-chasm/T09,control-hold,20,Victory,7,0,6,192,62,780,3,112,-1,,0,7,0,666076594
gym-crucible-chasm/T09,control-hold,21,Victory,7,0,6,192,54,835,3,104,-1,,0,7,0,1751425202
gym-crucible-chasm/T09,control-hold,22,Victory,7,0,6,184,52,780,4,100,-1,,0,8,1,3262238709
gym-crucible-chasm/T09,control-hold,23,Victory,7,0,6,192,60,972,4,95,-1,,0,8,1,307551667
gym-crucible-chasm/T09,control-hold,24,Victory,7,0,6,184,49,736,4,134,-1,,0,8,0,1201423346
gym-crucible-chasm/T09,control-hold,25,Victory,7,0,6,192,50,877,3,87,-1,,0,6,1,393505781
gym-crucible-chasm/T09,control-hold,26,Victory,7,0,6,176,68,649,4,118,-1,,0,8,0,1620468687
gym-crucible-chasm/T09,control-hold,27,Victory,7,0,6,192,59,970,4,125,-1,,0,8,0,1575643710
gym-crucible-chasm/T09,control-hold,28,Defeat,5,0,5,144,43,923,3,94,-1,,0,5,1,4100477181
gym-crucible-chasm/T09,control-hold,29,Victory,7,0,6,168,76,789,3,114,-1,,0,6,0,533942626
gym-crucible-chasm/T09,control-hold,30,Victory,7,0,6,176,56,697,4,100,-1,,0,8,0,3478029146
gym-crucible-chasm/T09,control-hold,31,Victory,7,0,6,176,59,715,4,113,-1,,0,8,0,2397443932
gym-crucible-chasm/T09,control-hold,32,Victory,7,0,6,192,65,848,4,87,-1,,0,8,0,1341471390
gym-crucible-chasm/T09,control-hold,33,Victory,7,0,6,192,51,696,2,87,-1,,0,6,1,761802490
gym-crucible-chasm/T09,control-hold,34,Victory,7,0,6,192,65,824,3,79,-1,,0,6,0,3525865532
gym-crucible-chasm/T09,control-hold,35,Victory,7,0,6,192,50,772,3,100,-1,,0,6,0,1487149742
gym-crucible-chasm/T09,control-hold,36,Victory,7,0,6,192,53,730,2,75,-1,,0,5,0,680795678
gym-crucible-chasm/T09,control-hold,37,Victory,7,0,6,192,54,865,3,100,-1,,0,8,0,4236180836
gym-crucible-chasm/T09,control-hold,38,Victory,7,0,6,184,68,565,4,108,-1,,0,8,0,3935627234
gym-crucible-chasm/T09,control-hold,39,Victory,7,0,6,168,57,745,3,95,-1,,0,8,0,1330210065
gym-crucible-chasm/T09,control-hold,40,Defeat,5,0,5,160,50,1066,4,110,-1,,0,5,1,4242660292
gym-crucible-chasm/T09,control-hold,41,Victory,7,0,6,192,44,753,3,116,-1,,0,8,0,276519347
gym-crucible-chasm/T09,control-hold,42,Victory,7,0,6,192,57,866,4,116,-1,,0,8,0,4226485855
gym-crucible-chasm/T09,control-hold,43,Defeat,4,0,4,120,40,852,3,100,-1,,0,3,1,1743956495
gym-crucible-chasm/T09,control-hold,44,Victory,7,0,6,168,69,526,4,109,-1,,0,8,0,3720046691
gym-crucible-chasm/T09,control-hold,45,Victory,7,0,6,168,60,806,3,85,-1,,0,5,0,1794165393
gym-crucible-chasm/T09,control-hold,46,Victory,7,0,6,168,70,536,4,114,-1,,0,8,0,621941480
gym-crucible-chasm/T09,control-hold,47,Victory,7,0,6,184,71,820,3,108,-1,,0,7,1,497859706
gym-crucible-chasm/T09,control-hold,48,Victory,7,0,6,192,76,719,3,112,-1,,0,8,0,3636764722
gym-crucible-chasm/T09,control-hold,49,Victory,7,0,6,192,52,863,3,91,-1,,0,7,0,23196466
gym-crucible-chasm/T09,control-hold,50,Victory,7,0,6,168,53,732,4,114,-1,,0,8,1,609785794
gym-crucible-chasm/T09,corridor-hold,1,Victory,7,0,6,192,57,697,3,104,-1,,0,8,0,2086763270
gym-crucible-chasm/T09,corridor-hold,2,Victory,7,0,6,192,82,671,3,75,-1,,0,7,0,2999800967
gym-crucible-chasm/T09,corridor-hold,3,Victory,7,0,6,192,65,631,4,104,-1,,0,8,0,1501284931
gym-crucible-chasm/T09,corridor-hold,4,Victory,7,0,6,184,50,527,3,104,-1,,0,7,0,1071543683
gym-crucible-chasm/T09,corridor-hold,5,Victory,7,0,6,184,75,707,2,73,-1,,0,6,1,1666062911
gym-crucible-chasm/T09,corridor-hold,6,Victory,7,0,6,192,69,801,4,133,-1,,0,8,0,1809710062
gym-crucible-chasm/T09,corridor-hold,7,Defeat,6,0,6,192,52,798,3,91,-1,,0,6,0,1733009014
gym-crucible-chasm/T09,corridor-hold,8,Victory,7,0,6,168,51,533,2,100,-1,,0,6,0,981290358
gym-crucible-chasm/T09,corridor-hold,9,Defeat,4,0,4,128,38,996,2,62,-1,,0,3,1,4045844180
gym-crucible-chasm/T09,corridor-hold,10,Victory,7,0,6,168,47,603,3,76,-1,,0,5,0,2920319041
gym-crucible-chasm/T09,corridor-hold,11,Victory,7,0,6,192,74,762,3,87,-1,,0,7,0,2902326342
gym-crucible-chasm/T09,corridor-hold,12,Victory,7,0,6,176,59,598,3,113,-1,,0,8,1,1990995921
gym-crucible-chasm/T09,corridor-hold,13,Defeat,6,0,6,160,53,735,4,55,-1,,0,8,0,3102357149
gym-crucible-chasm/T09,corridor-hold,14,Victory,7,0,6,176,65,623,2,86,-1,,0,5,0,4138911475
gym-crucible-chasm/T09,corridor-hold,15,Victory,7,0,6,192,70,837,4,125,-1,,0,8,1,74916123
gym-crucible-chasm/T09,corridor-hold,16,Victory,7,0,6,192,75,684,2,95,-1,,0,6,0,1795234682
gym-crucible-chasm/T09,corridor-hold,17,Victory,7,0,6,168,56,710,4,114,-1,,0,7,1,279168318
gym-crucible-chasm/T09,corridor-hold,18,Victory,7,0,6,192,56,811,3,100,-1,,0,7,0,1800288567
gym-crucible-chasm/T09,corridor-hold,19,Victory,7,0,6,192,66,718,4,116,-1,,0,8,1,1053440457
gym-crucible-chasm/T09,corridor-hold,20,Victory,7,0,6,192,60,716,4,133,-1,,0,8,0,744412251
gym-crucible-chasm/T09,corridor-hold,21,Defeat,6,0,6,192,44,902,4,91,-1,,0,8,0,2548542396
gym-crucible-chasm/T09,corridor-hold,22,Victory,7,0,6,192,46,733,2,75,-1,,0,7,1,1109001244
gym-crucible-chasm/T09,corridor-hold,23,Victory,7,0,6,176,64,779,4,100,-1,,0,8,1,3087575604
gym-crucible-chasm/T09,corridor-hold,24,Victory,7,0,6,184,46,614,3,126,-1,,0,8,0,3816307728
gym-crucible-chasm/T09,corridor-hold,25,Victory,7,0,6,160,50,526,3,105,-1,,0,7,0,4051005121
gym-crucible-chasm/T09,corridor-hold,26,Victory,7,0,6,176,67,596,3,113,-1,,0,8,0,3860706602
gym-crucible-chasm/T09,corridor-hold,27,Victory,7,0,6,192,59,671,3,83,-1,,0,7,0,1209116137
gym-crucible-chasm/T09,corridor-hold,28,Defeat,5,0,5,144,44,875,4,88,-1,,0,5,1,2876879414
gym-crucible-chasm/T09,corridor-hold,29,Victory,7,0,6,176,76,617,3,95,-1,,0,5,0,3292580447
gym-crucible-chasm/T09,corridor-hold,30,Victory,7,0,6,184,40,706,3,86,-1,,0,8,0,2346811897
gym-crucible-chasm/T09,corridor-hold,31,Victory,7,0,6,176,46,817,3,90,-1,,0,7,1,1208464746
gym-crucible-chasm/T09,corridor-hold,32,Victory,7,0,6,192,68,520,3,95,-1,,0,8,0,3374452367
gym-crucible-chasm/T09,corridor-hold,33,Victory,7,0,6,192,60,690,2,91,-1,,0,6,1,1403565807
gym-crucible-chasm/T09,corridor-hold,34,Defeat,6,0,6,168,68,700,3,100,-1,,0,7,0,3792341888
gym-crucible-chasm/T09,corridor-hold,35,Victory,7,0,6,168,68,546,3,123,-1,,0,6,0,651545770
gym-crucible-chasm/T09,corridor-hold,36,Victory,7,0,6,192,53,688,2,70,-1,,0,5,0,2826928948
gym-crucible-chasm/T09,corridor-hold,37,Defeat,6,0,6,184,67,722,3,95,-1,,0,6,0,4026712527
gym-crucible-chasm/T09,corridor-hold,38,Victory,7,0,6,192,59,750,3,95,-1,,0,7,1,852346492
gym-crucible-chasm/T09,corridor-hold,39,Defeat,6,0,6,152,58,635,4,100,-1,,0,8,1,265035570
gym-crucible-chasm/T09,corridor-hold,40,Defeat,6,0,6,184,51,796,3,82,-1,,0,8,1,3734656038
gym-crucible-chasm/T09,corridor-hold,41,Defeat,5,0,5,128,37,705,4,87,-1,,0,5,1,3564616113
gym-crucible-chasm/T09,corridor-hold,42,Victory,7,0,6,192,63,811,3,91,-1,,0,6,1,1624847217
gym-crucible-chasm/T09,corridor-hold,43,Victory,7,0,6,152,45,465,4,110,-1,,0,8,1,1803415078
gym-crucible-chasm/T09,corridor-hold,44,Victory,7,0,6,168,62,582,4,119,-1,,0,8,0,64716823
gym-crucible-chasm/T09,corridor-hold,45,Victory,7,0,6,168,61,578,3,76,-1,,0,5,0,4258057648
gym-crucible-chasm/T09,corridor-hold,46,Defeat,6,0,6,168,63,648,3,109,-1,,0,8,0,1762711961
gym-crucible-chasm/T09,corridor-hold,47,Victory,7,0,6,192,61,738,3,104,-1,,0,7,0,2186688510
gym-crucible-chasm/T09,corridor-hold,48,Victory,7,0,6,192,57,876,3,91,-1,,0,6,0,1945168336
gym-crucible-chasm/T09,corridor-hold,49,Victory,7,0,6,184,59,682,2,95,-1,,0,6,0,373164290
gym-crucible-chasm/T09,corridor-hold,50,Victory,7,0,6,160,49,518,3,120,-1,,0,7,0,145722714
gym-crucible-chasm/T10,control-hold,1,Victory,7,0,6,192,67,708,3,108,-1,,0,8,0,2387453791
gym-crucible-chasm/T10,control-hold,2,Victory,7,0,6,192,73,696,3,79,-1,,0,7,0,1476947568
gym-crucible-chasm/T10,control-hold,3,Defeat,6,0,6,176,56,546,4,81,-1,,0,7,2,1475924545
gym-crucible-chasm/T10,control-hold,4,Defeat,6,0,6,160,54,718,3,95,-1,,0,5,0,2228748065
gym-crucible-chasm/T10,control-hold,5,Victory,7,0,6,192,52,842,2,83,-1,,0,7,0,4201395955
gym-crucible-chasm/T10,control-hold,6,Victory,7,0,6,192,53,589,3,87,-1,,0,7,0,3341881096
gym-crucible-chasm/T10,control-hold,7,Victory,7,0,6,176,72,545,4,109,-1,,0,8,0,4189164348
gym-crucible-chasm/T10,control-hold,8,Defeat,5,0,5,144,42,820,4,94,-1,,0,5,1,3232451633
gym-crucible-chasm/T10,control-hold,9,Victory,7,0,6,192,36,685,3,104,-1,,0,8,0,177933489
gym-crucible-chasm/T10,control-hold,10,Victory,7,0,6,176,60,646,3,86,-1,,0,5,0,2076183343
gym-crucible-chasm/T10,control-hold,11,Victory,7,0,6,184,67,431,4,82,-1,,0,8,1,1889762236
gym-crucible-chasm/T10,control-hold,12,Victory,7,0,6,192,57,589,3,95,-1,,0,8,1,1002337237
gym-crucible-chasm/T10,control-hold,13,Victory,7,0,6,168,47,681,4,61,-1,,0,8,0,1366890318
gym-crucible-chasm/T10,control-hold,14,Victory,7,0,6,152,65,435,3,105,-1,,0,6,0,2847806246
gym-crucible-chasm/T10,control-hold,15,Victory,7,0,6,192,65,786,3,104,-1,,0,7,0,2833671155
gym-crucible-chasm/T10,control-hold,16,Victory,7,0,6,192,53,713,3,108,-1,,0,7,0,1122708733
gym-crucible-chasm/T10,control-hold,17,Defeat,6,0,6,192,48,801,4,125,-1,,0,7,0,4290162951
gym-crucible-chasm/T10,control-hold,18,Victory,7,0,6,184,61,648,4,95,-1,,0,8,0,4276014981
gym-crucible-chasm/T10,control-hold,19,Defeat,6,0,6,184,42,759,3,121,-1,,0,8,0,2063972585
gym-crucible-chasm/T10,control-hold,20,Defeat,6,0,6,176,37,799,4,100,-1,,0,8,1,1709576828
gym-crucible-chasm/T10,control-hold,21,Defeat,5,0,5,152,44,809,4,89,-1,,0,5,1,3071949866
gym-crucible-chasm/T10,control-hold,22,Victory,7,0,6,192,46,574,4,112,-1,,0,8,0,4038084467
gym-crucible-chasm/T10,control-hold,23,Victory,7,0,6,184,59,458,3,86,-1,,0,7,1,176246388
gym-crucible-chasm/T10,control-hold,24,Victory,7,0,6,192,65,741,4,112,-1,,0,8,0,2405358716
gym-crucible-chasm/T10,control-hold,25,Victory,7,0,6,192,54,818,2,83,-1,,0,7,0,3223882581
gym-crucible-chasm/T10,control-hold,26,Victory,7,0,6,168,68,491,4,109,-1,,0,8,0,911298138
gym-crucible-chasm/T10,control-hold,27,Victory,7,0,6,192,54,634,3,108,-1,,0,8,0,2593272843
gym-crucible-chasm/T10,control-hold,28,Victory,7,0,6,160,52,541,3,100,-1,,0,7,0,3029197505
gym-crucible-chasm/T10,control-hold,29,Defeat,6,0,6,168,67,803,3,114,-1,,0,6,0,4247424018
gym-crucible-chasm/T10,control-hold,30,Defeat,4,0,4,128,26,1050,2,37,-1,,0,3,1,4276052610
gym-crucible-chasm/T10,control-hold,31,Defeat,6,0,6,168,43,694,4,123,-1,,0,8,0,1233402180
gym-crucible-chasm/T10,control-hold,32,Defeat,6,0,6,192,66,848,4,87,-1,,0,8,0,3974445913
gym-crucible-chasm/T10,control-hold,33,Victory,7,0,6,192,50,710,2,83,-1,,0,6,1,18159719
gym-crucible-chasm/T10,control-hold,34,Defeat,6,0,6,184,57,805,3,100,-1,,0,6,0,3871365762
gym-crucible-chasm/T10,control-hold,35,Victory,7,0,6,192,67,593,4,108,-1,,0,8,0,953367456
gym-crucible-chasm/T10,control-hold,36,Victory,7,0,6,176,65,650,3,86,-1,,0,6,0,403937448
gym-crucible-chasm/T10,control-hold,37,Victory,7,0,6,192,60,444,4,120,-1,,0,8,1,1185302458
gym-crucible-chasm/T10,control-hold,38,Victory,7,0,6,184,69,565,4,113,-1,,0,8,0,3779340796
gym-crucible-chasm/T10,control-hold,39,Victory,7,0,6,160,57,501,3,80,-1,,0,7,0,2952240782
gym-crucible-chasm/T10,control-hold,40,Victory,7,0,6,192,55,681,3,91,-1,,0,7,0,3767741973
gym-crucible-chasm/T10,control-hold,41,Defeat,6,0,6,176,40,555,4,113,-1,,0,8,0,3113370148
gym-crucible-chasm/T10,control-hold,42,Victory,7,0,6,192,62,680,4,79,-1,,0,7,1,3817391855
gym-crucible-chasm/T10,control-hold,43,Defeat,4,0,4,120,40,852,3,100,-1,,0,3,1,1096075316
gym-crucible-chasm/T10,control-hold,44,Victory,7,0,6,168,71,491,4,114,-1,,0,8,0,911298138
gym-crucible-chasm/T10,control-hold,45,Victory,7,0,6,168,58,631,3,85,-1,,0,5,0,2632251008
gym-crucible-chasm/T10,control-hold,46,Victory,7,0,6,168,75,491,4,119,-1,,0,8,0,911298138
gym-crucible-chasm/T10,control-hold,47,Victory,7,0,6,184,55,599,3,100,-1,,0,7,0,3130229868
gym-crucible-chasm/T10,control-hold,48,Victory,7,0,6,192,54,623,3,91,-1,,0,6,0,215913292
gym-crucible-chasm/T10,control-hold,49,Victory,7,0,6,192,49,828,3,91,-1,,0,7,0,3808360636
gym-crucible-chasm/T10,control-hold,50,Victory,7,0,6,192,54,786,3,91,-1,,0,7,0,740689290
gym-crucible-chasm/T10,corridor-hold,1,Defeat,5,0,5,160,51,796,4,75,-1,,0,5,1,1787473540
gym-crucible-chasm/T10,corridor-hold,2,Victory,7,0,6,192,82,671,3,75,-1,,0,7,0,557170780
gym-crucible-chasm/T10,corridor-hold,3,Victory,7,0,6,192,67,481,4,104,-1,,0,8,0,706926713
gym-crucible-chasm/T10,corridor-hold,4,Defeat,6,0,6,160,54,701,3,85,-1,,0,5,0,3811656709
gym-crucible-chasm/T10,corridor-hold,5,Victory,7,0,6,192,63,742,2,62,-1,,0,5,0,3915245720
gym-crucible-chasm/T10,corridor-hold,6,Victory,7,0,6,184,63,419,4,139,-1,,0,8,0,1571276794
gym-crucible-chasm/T10,corridor-hold,7,Victory,7,0,6,184,41,583,2,91,-1,,0,6,1,140603899
gym-crucible-chasm/T10,corridor-hold,8,Victory,7,0,6,160,53,235,4,110,-1,,0,8,1,1613237856
gym-crucible-chasm/T10,corridor-hold,9,Victory,7,0,6,184,61,584,2,69,-1,,0,7,0,2949652747
gym-crucible-chasm/T10,corridor-hold,10,Victory,7,0,6,168,48,553,3,80,-1,,0,5,0,2593360994
gym-crucible-chasm/T10,corridor-hold,11,Victory,7,0,6,192,71,536,3,87,-1,,0,7,0,3583482020
gym-crucible-chasm/T10,corridor-hold,12,Victory,7,0,6,184,72,431,4,134,-1,,0,8,0,4078770858
gym-crucible-chasm/T10,corridor-hold,13,Victory,7,0,6,192,64,535,4,75,-1,,0,7,1,3131583936
gym-crucible-chasm/T10,corridor-hold,14,Victory,7,0,6,176,62,504,2,86,-1,,0,5,0,1822501678
gym-crucible-chasm/T10,corridor-hold,15,Defeat,6,0,6,184,48,697,3,69,-1,,0,6,0,740142187
gym-crucible-chasm/T10,corridor-hold,16,Victory,7,0,6,192,76,650,3,91,-1,,0,6,0,3905274886
gym-crucible-chasm/T10,corridor-hold,17,Victory,7,0,6,168,53,521,3,109,-1,,0,7,1,1210034084
gym-crucible-chasm/T10,corridor-hold,18,Defeat,6,0,6,184,58,792,3,91,-1,,0,6,0,1361959256
gym-crucible-chasm/T10,corridor-hold,19,Victory,7,0,6,192,60,496,4,83,-1,,0,7,1,1844360620
gym-crucible-chasm/T10,corridor-hold,20,Victory,7,0,6,184,57,419,4,126,-1,,0,8,0,506311674
gym-crucible-chasm/T10,corridor-hold,21,Defeat,5,0,5,152,46,862,3,84,-1,,0,5,1,3694609835
gym-crucible-chasm/T10,corridor-hold,22,Victory,7,0,6,192,52,683,2,87,-1,,0,7,1,2737104437
gym-crucible-chasm/T10,corridor-hold,23,Victory,7,0,6,184,74,596,3,91,-1,,0,7,1,3937567323
gym-crucible-chasm/T10,corridor-hold,24,Defeat,6,0,6,176,45,792,3,77,-1,,0,6,0,1719332124
gym-crucible-chasm/T10,corridor-hold,25,Victory,7,0,6,176,47,754,2,81,-1,,0,6,0,650936465
gym-crucible-chasm/T10,corridor-hold,26,Defeat,6,0,6,168,58,684,4,104,-1,,0,8,0,1203980914
gym-crucible-chasm/T10,corridor-hold,27,Victory,7,0,6,184,55,412,3,95,-1,,0,7,0,3926300265
gym-crucible-chasm/T10,corridor-hold,28,Defeat,5,0,5,144,44,825,4,88,-1,,0,5,1,2461306711
gym-crucible-chasm/T10,corridor-hold,29,Victory,7,0,6,176,73,591,3,95,-1,,0,5,0,2591500773
gym-crucible-chasm/T10,corridor-hold,30,Defeat,4,0,4,128,26,1050,2,37,-1,,0,3,1,4276052610
gym-crucible-chasm/T10,corridor-hold,31,Defeat,6,0,6,168,43,651,4,104,-1,,0,8,0,3381517598
gym-crucible-chasm/T10,corridor-hold,32,Victory,7,0,6,192,86,520,3,95,-1,,0,8,0,703242200
gym-crucible-chasm/T10,corridor-hold,33,Victory,7,0,6,192,65,619,2,83,-1,,0,6,1,1512461771
gym-crucible-chasm/T10,corridor-hold,34,Defeat,6,0,6,168,68,700,3,100,-1,,0,7,0,1883390987
gym-crucible-chasm/T10,corridor-hold,35,Victory,7,0,6,184,53,619,3,86,-1,,0,7,1,1828905327
gym-crucible-chasm/T10,corridor-hold,36,Victory,7,0,6,168,66,575,3,95,-1,,0,7,1,1190384325
gym-crucible-chasm/T10,corridor-hold,37,Victory,7,0,6,192,59,561,3,75,-1,,0,6,1,37173173
gym-crucible-chasm/T10,corridor-hold,38,Defeat,6,0,6,192,58,938,3,108,-1,,0,7,0,3263116174
gym-crucible-chasm/T10,corridor-hold,39,Defeat,6,0,6,152,58,585,4,100,-1,,0,8,1,2483337107
gym-crucible-chasm/T10,corridor-hold,40,Defeat,6,0,6,184,48,570,3,82,-1,,0,8,1,946855712
gym-crucible-chasm/T10,corridor-hold,41,Defeat,5,0,5,136,37,804,4,88,-1,,0,5,1,1404281346
gym-crucible-chasm/T10,corridor-hold,42,Victory,7,0,6,192,63,541,3,91,-1,,0,6,1,1133738886
gym-crucible-chasm/T10,corridor-hold,43,Victory,7,0,6,152,45,365,4,110,-1,,0,8,1,493165913
gym-crucible-chasm/T10,corridor-hold,44,Defeat,6,0,6,168,58,684,4,119,-1,,0,8,0,1212319796
gym-crucible-chasm/T10,corridor-hold,45,Victory,7,0,6,168,61,578,3,76,-1,,0,5,0,1345952827
gym-crucible-chasm/T10,corridor-hold,46,Victory,7,0,6,168,62,536,4,119,-1,,0,8,0,579233350
gym-crucible-chasm/T10,corridor-hold,47,Victory,7,0,6,192,58,599,3,95,-1,,0,7,0,2457533858
gym-crucible-chasm/T10,corridor-hold,48,Victory,7,0,6,192,54,598,3,91,-1,,0,6,0,2976983419
gym-crucible-chasm/T10,corridor-hold,49,Victory,7,0,6,184,56,682,2,86,-1,,0,6,0,3197067062
gym-crucible-chasm/T10,corridor-hold,50,Victory,7,0,6,192,55,817,2,70,-1,,0,5,0,2109913998
gym-crucible-chasm/T11,control-hold,1,Victory,7,0,6,192,70,748,3,70,-1,,0,7,0,491453192
gym-crucible-chasm/T11,control-hold,2,Defeat,6,0,6,184,73,623,4,91,-1,,0,8,0,375457575
gym-crucible-chasm/T11,control-hold,3,Victory,7,0,6,184,73,435,4,100,-1,,0,8,1,2496293122
gym-crucible-chasm/T11,control-hold,4,Victory,7,0,6,192,59,661,3,100,-1,,0,7,0,881714195
gym-crucible-chasm/T11,control-hold,5,Victory,7,0,6,192,61,829,3,95,-1,,0,7,0,2621308687
gym-crucible-chasm/T11,control-hold,6,Victory,7,0,6,192,76,831,4,112,-1,,0,8,0,2752956
gym-crucible-chasm/T11,control-hold,7,Victory,7,0,6,184,51,785,4,86,-1,,0,8,1,1589915098
gym-crucible-chasm/T11,control-hold,8,Victory,7,0,6,184,70,719,4,100,-1,,0,8,1,2654038851
gym-crucible-chasm/T11,control-hold,9,Victory,7,0,6,184,59,668,3,100,-1,,0,8,1,242548806
gym-crucible-chasm/T11,control-hold,10,Victory,7,0,6,168,32,762,4,114,-1,,0,8,1,1907007282
gym-crucible-chasm/T11,control-hold,11,Victory,7,0,6,192,83,756,4,125,-1,,0,8,0,3718645801
gym-crucible-chasm/T11,control-hold,12,Victory,7,0,6,192,61,845,3,125,-1,,0,8,0,474047461
gym-crucible-chasm/T11,control-hold,13,Victory,7,0,6,192,54,833,3,116,-1,,0,8,0,1311383674
gym-crucible-chasm/T11,control-hold,14,Victory,7,0,6,160,65,646,3,110,-1,,0,7,0,1053326548
gym-crucible-chasm/T11,control-hold,15,Victory,7,0,6,192,75,942,4,120,-1,,0,7,0,112450434
gym-crucible-chasm/T11,control-hold,16,Victory,7,0,6,184,65,623,4,113,-1,,0,8,0,2663533947
gym-crucible-chasm/T11,control-hold,17,Victory,7,0,6,192,73,732,3,83,-1,,0,7,0,1812295328
gym-crucible-chasm/T11,control-hold,18,Victory,7,0,6,192,76,921,4,125,-1,,0,8,0,3672951998
gym-crucible-chasm/T11,control-hold,19,Defeat,3,0,3,96,20,1150,2,41,-1,,0,1,0,2858101593
gym-crucible-chasm/T11,control-hold,20,Victory,7,0,6,176,58,745,4,95,-1,,0,8,1,1984424627
gym-crucible-chasm/T11,control-hold,21,Victory,7,0,6,192,51,1082,3,95,-1,,0,7,0,272872172
gym-crucible-chasm/T11,control-hold,22,Victory,7,0,6,184,56,701,4,108,-1,,0,8,0,566307203
gym-crucible-chasm/T11,control-hold,23,Victory,7,0,6,192,59,957,4,95,-1,,0,8,1,1702799161
gym-crucible-chasm/T11,control-hold,24,Victory,7,0,6,184,53,736,4,130,-1,,0,8,0,3858768508
gym-crucible-chasm/T11,control-hold,25,Victory,7,0,6,192,50,831,3,87,-1,,0,6,1,3316652971
gym-crucible-chasm/T11,control-hold,26,Victory,7,0,6,184,76,630,4,108,-1,,0,8,0,3688249779
gym-crucible-chasm/T11,control-hold,27,Victory,7,0,6,192,47,887,4,112,-1,,0,8,1,4270165392
gym-crucible-chasm/T11,control-hold,28,Defeat,4,0,4,128,42,1092,3,81,-1,,0,3,1,1655472869
gym-crucible-chasm/T11,control-hold,29,Victory,7,0,6,160,63,594,3,115,-1,,0,7,1,1185294394
gym-crucible-chasm/T11,control-hold,30,Victory,7,0,6,184,36,677,4,104,-1,,0,8,0,1945396768
gym-crucible-chasm/T11,control-hold,31,Victory,7,0,6,176,61,731,4,118,-1,,0,8,0,399473674
gym-crucible-chasm/T11,control-hold,32,Victory,7,0,6,192,54,583,4,104,-1,,0,8,0,3652316107
gym-crucible-chasm/T11,control-hold,33,Victory,7,0,6,192,61,776,3,104,-1,,0,8,0,2369685470
gym-crucible-chasm/T11,control-hold,34,Victory,7,0,6,184,76,565,4,104,-1,,0,8,0,1308419955
gym-crucible-chasm/T11,control-hold,35,Victory,7,0,6,192,58,786,2,112,-1,,0,8,1,2916147559
gym-crucible-chasm/T11,control-hold,36,Defeat,6,0,6,184,59,882,3,100,-1,,0,6,0,4189389235
gym-crucible-chasm/T11,control-hold,37,Victory,7,0,6,192,65,693,4,112,-1,,0,8,0,2766228725
gym-crucible-chasm/T11,control-hold,38,Victory,7,0,6,192,76,700,4,87,-1,,0,8,0,90363760
gym-crucible-chasm/T11,control-hold,39,Victory,7,0,6,184,69,766,3,95,-1,,0,8,1,2862781651
gym-crucible-chasm/T11,control-hold,40,Victory,7,0,6,184,63,726,4,100,-1,,0,8,1,2922904291
gym-crucible-chasm/T11,control-hold,41,Victory,7,0,6,192,55,816,4,108,-1,,0,8,0,1739402334
gym-crucible-chasm/T11,control-hold,42,Victory,7,0,6,192,68,818,4,116,-1,,0,8,0,3848167516
gym-crucible-chasm/T11,control-hold,43,Victory,7,0,6,192,60,914,3,100,-1,,0,8,0,443028902
gym-crucible-chasm/T11,control-hold,44,Victory,7,0,6,168,45,767,4,90,-1,,0,8,1,91813515
gym-crucible-chasm/T11,control-hold,45,Victory,7,0,6,168,56,738,3,90,-1,,0,7,1,1448378226
gym-crucible-chasm/T11,control-hold,46,Victory,7,0,6,176,65,618,4,122,-1,,0,8,0,3029020343
gym-crucible-chasm/T11,control-hold,47,Victory,7,0,6,192,69,752,3,116,-1,,0,8,0,2933107270
gym-crucible-chasm/T11,control-hold,48,Victory,7,0,6,192,82,807,4,112,-1,,0,8,0,1329413154
gym-crucible-chasm/T11,control-hold,49,Victory,7,0,6,184,77,581,4,108,-1,,0,8,0,3739393310
gym-crucible-chasm/T11,control-hold,50,Victory,7,0,6,192,86,830,4,116,-1,,0,8,0,1013992263
gym-crucible-chasm/T11,corridor-hold,1,Victory,7,0,6,192,70,748,3,70,-1,,0,7,0,491453192
gym-crucible-chasm/T11,corridor-hold,2,Defeat,6,0,6,184,73,623,4,91,-1,,0,8,0,375457575
gym-crucible-chasm/T11,corridor-hold,3,Victory,7,0,6,184,73,435,4,100,-1,,0,8,1,2496293122
gym-crucible-chasm/T11,corridor-hold,4,Victory,7,0,6,176,57,556,3,118,-1,,0,7,0,1259607020
gym-crucible-chasm/T11,corridor-hold,5,Victory,7,0,6,184,70,557,3,73,-1,,0,6,0,417692333
gym-crucible-chasm/T11,corridor-hold,6,Victory,7,0,6,192,70,821,4,137,-1,,0,8,1,3398192230
gym-crucible-chasm/T11,corridor-hold,7,Defeat,6,0,6,184,45,790,4,86,-1,,0,8,0,3674992826
gym-crucible-chasm/T11,corridor-hold,8,Defeat,6,0,6,192,69,810,4,91,-1,,0,8,1,2628351123
gym-crucible-chasm/T11,corridor-hold,9,Defeat,5,0,5,160,46,731,4,95,-1,,0,5,1,3622097131
gym-crucible-chasm/T11,corridor-hold,10,Victory,7,0,6,160,38,601,3,80,-1,,0,6,0,2644081781
gym-crucible-chasm/T11,corridor-hold,11,Victory,7,0,6,184,79,692,4,86,-1,,0,8,1,4245785359
gym-crucible-chasm/T11,corridor-hold,12,Victory,7,0,6,184,68,648,4,108,-1,,0,8,0,400655740
gym-crucible-chasm/T11,corridor-hold,13,Defeat,6,0,6,184,60,822,3,95,-1,,0,6,0,3391550284
gym-crucible-chasm/T11,corridor-hold,14,Defeat,6,0,6,168,67,764,3,90,-1,,0,6,0,2321767231
gym-crucible-chasm/T11,corridor-hold,15,Victory,7,0,6,192,72,837,4,133,-1,,0,8,1,2764154100
gym-crucible-chasm/T11,corridor-hold,16,Victory,7,0,6,192,74,608,4,112,-1,,0,7,0,3044451855
gym-crucible-chasm/T11,corridor-hold,17,Victory,7,0,6,176,68,561,3,95,-1,,0,7,1,3676962189
gym-crucible-chasm/T11,corridor-hold,18,Victory,7,0,6,192,68,846,4,120,-1,,0,8,1,790491377
gym-crucible-chasm/T11,corridor-hold,19,Defeat,3,0,3,96,20,1150,2,41,-1,,0,1,0,2858101593
gym-crucible-chasm/T11,corridor-hold,20,Defeat,6,0,6,192,60,733,4,100,-1,,0,8,1,1684455681
gym-crucible-chasm/T11,corridor-hold,21,Victory,7,0,6,192,57,758,4,104,-1,,0,8,1,2745200675
gym-crucible-chasm/T11,corridor-hold,22,Victory,7,0,6,184,74,491,4,113,-1,,0,8,0,196453320
gym-crucible-chasm/T11,corridor-hold,23,Victory,7,0,6,184,65,672,4,86,-1,,0,8,1,3624489904
gym-crucible-chasm/T11,corridor-hold,24,Victory,7,0,6,184,48,582,3,121,-1,,0,8,0,4208038424
gym-crucible-chasm/T11,corridor-hold,25,Victory,7,0,6,160,49,511,4,115,-1,,0,8,1,4066606617
gym-crucible-chasm/T11,corridor-hold,26,Defeat,6,0,6,184,66,749,3,104,-1,,0,8,0,3784865184
gym-crucible-chasm/T11,corridor-hold,27,Victory,7,0,6,192,62,498,4,100,-1,,0,8,1,3372742322
gym-crucible-chasm/T11,corridor-hold,28,Defeat,6,0,6,184,56,697,3,100,-1,,0,8,0,2421698792
gym-crucible-chasm/T11,corridor-hold,29,Defeat,6,0,6,168,61,769,3,109,-1,,0,6,0,3778398362
gym-crucible-chasm/T11,corridor-hold,30,Victory,7,0,6,184,31,666,2,82,-1,,0,7,0,3428302295
gym-crucible-chasm/T11,corridor-hold,31,Victory,7,0,6,176,48,736,3,77,-1,,0,7,1,4083261663
gym-crucible-chasm/T11,corridor-hold,32,Victory,7,0,6,192,58,737,3,83,-1,,0,8,0,626624202
gym-crucible-chasm/T11,corridor-hold,33,Victory,7,0,6,168,57,435,3,80,-1,,0,7,1,745773729
gym-crucible-chasm/T11,corridor-hold,34,Victory,7,0,6,184,73,570,3,100,-1,,0,8,0,2999195585
gym-crucible-chasm/T11,corridor-hold,35,Victory,7,0,6,168,56,490,4,95,-1,,0,8,1,1954635338
gym-crucible-chasm/T11,corridor-hold,36,Defeat,6,0,6,184,59,882,3,100,-1,,0,6,0,4064489522
gym-crucible-chasm/T11,corridor-hold,37,Defeat,6,0,6,184,62,722,3,95,-1,,0,6,0,1074706301
gym-crucible-chasm/T11,corridor-hold,38,Victory,7,0,6,192,58,769,4,91,-1,,0,7,1,1597994743
gym-crucible-chasm/T11,corridor-hold,39,Victory,7,0,6,192,58,783,3,95,-1,,0,6,0,4012955395
gym-crucible-chasm/T11,corridor-hold,40,Victory,7,0,6,192,63,428,4,112,-1,,0,8,0,3619531166
gym-crucible-chasm/T11,corridor-hold,41,Victory,7,0,6,184,53,486,4,121,-1,,0,8,0,708377549
gym-crucible-chasm/T11,corridor-hold,42,Victory,7,0,6,192,52,644,3,100,-1,,0,7,0,609051703
gym-crucible-chasm/T11,corridor-hold,43,Defeat,6,0,6,184,52,815,3,100,-1,,0,7,0,3128218305
gym-crucible-chasm/T11,corridor-hold,44,Victory,7,0,6,168,51,533,3,90,-1,,0,7,1,401720734
gym-crucible-chasm/T11,corridor-hold,45,Defeat,6,0,6,168,55,732,3,76,-1,,0,6,0,3899609937
gym-crucible-chasm/T11,corridor-hold,46,Defeat,6,0,6,176,65,648,3,113,-1,,0,8,0,3283085430
gym-crucible-chasm/T11,corridor-hold,47,Victory,7,0,6,184,67,692,4,91,-1,,0,8,1,4276398314
gym-crucible-chasm/T11,corridor-hold,48,Victory,7,0,6,192,84,816,4,108,-1,,0,8,1,966717918
gym-crucible-chasm/T11,corridor-hold,49,Victory,7,0,6,184,75,632,3,113,-1,,0,8,0,1448318074
gym-crucible-chasm/T11,corridor-hold,50,Victory,7,0,6,184,77,692,4,86,-1,,0,8,1,4245785359
gym-crucible-chasm/T12,control-hold,1,Victory,7,0,6,192,49,680,3,83,-1,,0,7,0,614932739
gym-crucible-chasm/T12,control-hold,2,Defeat,6,0,6,184,73,610,4,91,-1,,0,8,0,1615695646
gym-crucible-chasm/T12,control-hold,3,Victory,7,0,6,184,72,435,4,95,-1,,0,8,1,1504202758
gym-crucible-chasm/T12,control-hold,4,Defeat,6,0,6,160,49,667,4,110,-1,,0,7,0,2113666744
gym-crucible-chasm/T12,control-hold,5,Victory,7,0,6,176,64,611,3,109,-1,,0,7,1,948626096
gym-crucible-chasm/T12,control-hold,6,Defeat,5,0,5,160,56,715,4,115,-1,,0,5,1,2807740314
gym-crucible-chasm/T12,control-hold,7,Defeat,6,0,6,176,47,535,4,109,-1,,0,8,1,2540980487
gym-crucible-chasm/T12,control-hold,8,Defeat,5,0,5,144,42,793,4,88,-1,,0,5,1,1049351521
gym-crucible-chasm/T12,control-hold,9,Defeat,6,0,6,184,57,520,4,121,-1,,0,8,1,558331632
gym-crucible-chasm/T12,control-hold,10,Defeat,6,0,6,160,38,590,4,95,-1,,0,8,1,2806174435
gym-crucible-chasm/T12,control-hold,11,Victory,7,0,6,184,76,431,4,82,-1,,0,8,1,1099961105
gym-crucible-chasm/T12,control-hold,12,Victory,7,0,6,176,64,621,4,113,-1,,0,8,1,1660231683
gym-crucible-chasm/T12,control-hold,13,Victory,7,0,6,192,63,786,3,95,-1,,0,7,0,2552489920
gym-crucible-chasm/T12,control-hold,14,Defeat,6,0,6,160,63,667,3,110,-1,,0,7,0,2058475869
gym-crucible-chasm/T12,control-hold,15,Victory,7,0,6,192,57,741,3,100,-1,,0,7,0,1853612122
gym-crucible-chasm/T12,control-hold,16,Victory,7,0,6,184,67,590,4,113,-1,,0,8,0,429961361
gym-crucible-chasm/T12,control-hold,17,Victory,7,0,6,192,70,631,4,83,-1,,0,7,1,233702229
gym-crucible-chasm/T12,control-hold,18,Victory,7,0,6,184,67,474,4,117,-1,,0,8,0,131525316
gym-crucible-chasm/T12,control-hold,19,Victory,7,0,6,192,58,539,4,112,-1,,0,7,1,462120935
gym-crucible-chasm/T12,control-hold,20,Victory,7,0,6,176,51,575,4,95,-1,,0,8,1,3226251250
gym-crucible-chasm/T12,control-hold,21,Victory,7,0,6,192,39,738,3,108,-1,,0,8,0,3487261693
gym-crucible-chasm/T12,control-hold,22,Defeat,5,0,5,160,43,921,4,70,-1,,0,5,1,1040307838
gym-crucible-chasm/T12,control-hold,23,Defeat,6,0,6,184,60,665,4,86,-1,,0,7,1,3454465573
gym-crucible-chasm/T12,control-hold,24,Victory,7,0,6,192,62,786,3,91,-1,,0,7,0,1681544159
gym-crucible-chasm/T12,control-hold,25,Victory,7,0,6,176,65,469,4,113,-1,,0,8,0,3252894273
gym-crucible-chasm/T12,control-hold,26,Defeat,6,0,6,176,72,665,4,122,-1,,0,8,0,729064965
gym-crucible-chasm/T12,control-hold,27,Victory,7,0,6,192,51,659,3,95,-1,,0,8,0,3793788994
gym-crucible-chasm/T12,control-hold,28,Victory,7,0,6,184,68,504,4,117,-1,,0,8,0,2781532467
gym-crucible-chasm/T12,control-hold,29,Victory,7,0,6,160,63,507,3,115,-1,,0,7,1,2088475015
gym-crucible-chasm/T12,control-hold,30,Victory,7,0,6,192,52,565,3,87,-1,,0,6,0,9910490
gym-crucible-chasm/T12,control-hold,31,Defeat,6,0,6,168,42,722,4,123,-1,,0,8,0,57538660
gym-crucible-chasm/T12,control-hold,32,Defeat,4,0,4,128,31,1041,3,56,-1,,0,3,1,1449275209
gym-crucible-chasm/T12,control-hold,33,Defeat,6,0,6,168,52,550,3,85,-1,,0,7,1,636974055
gym-crucible-chasm/T12,control-hold,34,Victory,7,0,6,184,78,539,4,104,-1,,0,8,0,1567322662
gym-crucible-chasm/T12,control-hold,35,Victory,7,0,6,184,57,667,3,95,-1,,0,8,1,3303856413
gym-crucible-chasm/T12,control-hold,36,Defeat,6,0,6,160,53,630,4,100,-1,,0,8,1,1725849305
gym-crucible-chasm/T12,control-hold,37,Victory,7,0,6,192,63,444,4,120,-1,,0,8,1,2036125936
gym-crucible-chasm/T12,control-hold,38,Victory,7,0,6,192,76,700,4,87,-1,,0,8,0,1436055491
gym-crucible-chasm/T12,control-hold,39,Victory,7,0,6,192,75,786,3,91,-1,,0,7,0,3083284513
gym-crucible-chasm/T12,control-hold,40,Defeat,6,0,6,184,56,740,4,95,-1,,0,8,1,3191885980
gym-crucible-chasm/T12,control-hold,41,Victory,7,0,6,192,57,696,3,108,-1,,0,8,0,3130043213
gym-crucible-chasm/T12,control-hold,42,Victory,7,0,6,192,69,744,3,83,-1,,0,7,1,372846622
gym-crucible-chasm/T12,control-hold,43,Victory,7,0,6,184,71,517,4,113,-1,,0,8,1,1974649631
gym-crucible-chasm/T12,control-hold,44,Defeat,6,0,6,160,35,615,4,95,-1,,0,8,1,1241375580
gym-crucible-chasm/T12,control-hold,45,Victory,7,0,6,168,56,657,3,90,-1,,0,7,1,3633921467
gym-crucible-chasm/T12,control-hold,46,Defeat,6,0,6,176,69,701,4,127,-1,,0,8,0,3328843918
gym-crucible-chasm/T12,control-hold,47,Victory,7,0,6,184,64,431,4,86,-1,,0,8,1,452412656
gym-crucible-chasm/T12,control-hold,48,Victory,7,0,6,192,71,458,3,116,-1,,0,8,1,2123617738
gym-crucible-chasm/T12,control-hold,49,Victory,7,0,6,184,77,611,4,113,-1,,0,8,0,3218929476
gym-crucible-chasm/T12,control-hold,50,Victory,7,0,6,184,76,431,4,82,-1,,0,8,1,1099961105
gym-crucible-chasm/T12,corridor-hold,1,Victory,7,0,6,192,57,658,3,75,-1,,0,7,0,920144487
gym-crucible-chasm/T12,corridor-hold,2,Defeat,6,0,6,184,73,610,4,91,-1,,0,8,0,1615695646
gym-crucible-chasm/T12,corridor-hold,3,Victory,7,0,6,184,72,435,4,95,-1,,0,8,1,1504202758
gym-crucible-chasm/T12,corridor-hold,4,Defeat,6,0,6,160,53,684,3,105,-1,,0,6,0,2499842158
gym-crucible-chasm/T12,corridor-hold,5,Victory,7,0,6,184,70,557,3,73,-1,,0,6,0,1285681094
gym-crucible-chasm/T12,corridor-hold,6,Defeat,5,0,5,160,56,715,4,115,-1,,0,5,1,2807740314
gym-crucible-chasm/T12,corridor-hold,7,Defeat,6,0,6,176,47,535,4,109,-1,,0,8,1,2540980487
gym-crucible-chasm/T12,corridor-hold,8,Defeat,5,0,5,144,42,793,4,88,-1,,0,5,1,1049351521
gym-crucible-chasm/T12,corridor-hold,9,Victory,7,0,6,184,69,517,3,95,-1,,0,6,0,647345946
gym-crucible-chasm/T12,corridor-hold,10,Victory,7,0,6,168,30,591,2,76,-1,,0,6,0,1720562622
gym-crucible-chasm/T12,corridor-hold,11,Victory,7,0,6,184,76,466,4,86,-1,,0,8,1,2353226482
gym-crucible-chasm/T12,corridor-hold,12,Victory,7,0,6,176,49,448,4,109,-1,,0,8,1,3398432311
gym-crucible-chasm/T12,corridor-hold,13,Victory,7,0,6,192,39,597,2,87,-1,,0,7,0,3835158942
gym-crucible-chasm/T12,corridor-hold,14,Defeat,6,0,6,168,67,764,3,90,-1,,0,6,0,991408740
gym-crucible-chasm/T12,corridor-hold,15,Victory,7,0,6,192,58,557,3,91,-1,,0,7,0,327809474
gym-crucible-chasm/T12,corridor-hold,16,Victory,7,0,6,184,63,530,3,117,-1,,0,7,0,4071895854
gym-crucible-chasm/T12,corridor-hold,17,Victory,7,0,6,176,68,575,3,90,-1,,0,7,1,1759176800
gym-crucible-chasm/T12,corridor-hold,18,Victory,7,0,6,184,68,454,4,126,-1,,0,8,0,2591945580
gym-crucible-chasm/T12,corridor-hold,19,Victory,7,0,6,192,58,539,4,112,-1,,0,7,1,462120935
gym-crucible-chasm/T12,corridor-hold,20,Victory,7,0,6,192,67,553,3,79,-1,,0,7,0,4171406581
gym-crucible-chasm/T12,corridor-hold,21,Victory,7,0,6,192,56,726,2,79,-1,,0,7,1,2772538919
gym-crucible-chasm/T12,corridor-hold,22,Defeat,5,0,5,160,43,921,4,70,-1,,0,5,1,1040307838
gym-crucible-chasm/T12,corridor-hold,23,Victory,7,0,6,192,69,516,3,100,-1,,0,6,0,4135285837
gym-crucible-chasm/T12,corridor-hold,24,Victory,7,0,6,192,62,577,3,100,-1,,0,7,0,887938059
gym-crucible-chasm/T12,corridor-hold,25,Victory,7,0,6,176,53,706,3,86,-1,,0,6,0,921720094
gym-crucible-chasm/T12,corridor-hold,26,Defeat,6,0,6,176,72,665,4,122,-1,,0,8,0,729064965
gym-crucible-chasm/T12,corridor-hold,27,Victory,7,0,6,184,54,547,3,100,-1,,0,8,1,2800617952
gym-crucible-chasm/T12,corridor-hold,28,Victory,7,0,6,184,62,604,2,104,-1,,0,8,0,2395792908
gym-crucible-chasm/T12,corridor-hold,29,Defeat,6,0,6,168,61,769,3,109,-1,,0,6,0,1732103241
gym-crucible-chasm/T12,corridor-hold,30,Victory,7,0,6,192,52,565,3,87,-1,,0,6,0,9910490
gym-crucible-chasm/T12,corridor-hold,31,Defeat,6,0,6,168,42,679,4,109,-1,,0,8,0,3684092753
gym-crucible-chasm/T12,corridor-hold,32,Defeat,4,0,4,128,31,1041,3,56,-1,,0,3,1,1449275209
gym-crucible-chasm/T12,corridor-hold,33,Victory,7,0,6,168,59,550,3,66,-1,,0,6,1,294905619
gym-crucible-chasm/T12,corridor-hold,34,Victory,7,0,6,184,73,470,3,100,-1,,0,8,0,1104547374
gym-crucible-chasm/T12,corridor-hold,35,Victory,7,0,6,184,61,596,3,82,-1,,0,7,1,3281352770
gym-crucible-chasm/T12,corridor-hold,36,Victory,7,0,6,160,48,420,4,100,-1,,0,8,1,3949893945
gym-crucible-chasm/T12,corridor-hold,37,Victory,7,0,6,192,60,487,3,87,-1,,0,7,1,3061047401
gym-crucible-chasm/T12,corridor-hold,38,Victory,7,0,6,192,56,622,4,100,-1,,0,7,0,2083619825
gym-crucible-chasm/T12,corridor-hold,39,Victory,7,0,6,192,59,611,3,91,-1,,0,6,0,4055428531
gym-crucible-chasm/T12,corridor-hold,40,Victory,7,0,6,192,63,378,4,112,-1,,0,8,0,1673292791
gym-crucible-chasm/T12,corridor-hold,41,Victory,7,0,6,192,51,656,2,100,-1,,0,7,0,3799216011
gym-crucible-chasm/T12,corridor-hold,42,Victory,7,0,6,192,47,519,3,108,-1,,0,7,0,630520823
gym-crucible-chasm/T12,corridor-hold,43,Victory,7,0,6,184,67,408,4,113,-1,,0,8,1,3899968738
gym-crucible-chasm/T12,corridor-hold,44,Victory,7,0,6,168,45,407,3,90,-1,,0,7,1,486741457
gym-crucible-chasm/T12,corridor-hold,45,Defeat,6,0,6,168,55,732,3,76,-1,,0,6,0,3441636122
gym-crucible-chasm/T12,corridor-hold,46,Defeat,6,0,6,176,69,701,4,127,-1,,0,8,0,2375944059
gym-crucible-chasm/T12,corridor-hold,47,Victory,7,0,6,184,64,466,4,91,-1,,0,8,1,1006074483
gym-crucible-chasm/T12,corridor-hold,48,Victory,7,0,6,192,72,546,3,100,-1,,0,8,1,3561639662
gym-crucible-chasm/T12,corridor-hold,49,Victory,7,0,6,184,72,606,3,113,-1,,0,8,0,3848678256
gym-crucible-chasm/T12,corridor-hold,50,Victory,7,0,6,184,76,466,4,86,-1,,0,8,1,2353226482
gym-crucible-chasm/T13,control-hold,1,Victory,7,0,6,192,57,683,3,112,-1,,0,8,0,1016395121
gym-crucible-chasm/T13,control-hold,2,Victory,7,0,6,192,65,761,3,62,-1,,0,6,0,1607106996
gym-crucible-chasm/T13,control-hold,3,Victory,7,0,6,192,58,988,3,75,-1,,0,6,0,2584256799
gym-crucible-chasm/T13,control-hold,4,Victory,7,0,6,192,55,791,2,62,-1,,0,5,1,548375777
gym-crucible-chasm/T13,control-hold,5,Victory,7,0,6,192,69,903,2,79,-1,,0,6,0,2767652168
gym-crucible-chasm/T13,control-hold,6,Victory,7,0,6,192,45,980,3,91,-1,,0,8,0,3092277873
gym-crucible-chasm/T13,control-hold,7,Victory,7,0,6,192,49,983,3,108,-1,,0,7,0,1497462823
gym-crucible-chasm/T13,control-hold,8,Victory,7,0,6,168,47,674,2,109,-1,,0,6,0,3169688029
gym-crucible-chasm/T13,control-hold,9,Victory,7,0,6,192,56,818,3,112,-1,,0,8,0,689508583
gym-crucible-chasm/T13,control-hold,10,Defeat,5,0,5,160,41,879,3,65,-1,,0,3,1,3977255493
gym-crucible-chasm/T13,control-hold,11,Victory,7,0,6,192,78,926,4,112,-1,,0,8,1,1922944290
gym-crucible-chasm/T13,control-hold,12,Victory,7,0,6,192,82,775,4,125,-1,,0,8,0,3685028140
gym-crucible-chasm/T13,control-hold,13,Victory,7,0,6,168,50,867,4,61,-1,,0,8,0,433988785
gym-crucible-chasm/T13,control-hold,14,Defeat,6,0,6,192,50,841,3,91,-1,,0,5,1,1260061608
gym-crucible-chasm/T13,control-hold,15,Victory,7,0,6,192,60,840,3,112,-1,,0,7,0,265733694
gym-crucible-chasm/T13,control-hold,16,Victory,7,0,6,192,52,824,3,104,-1,,0,8,0,554515997
gym-crucible-chasm/T13,control-hold,17,Victory,7,0,6,192,49,914,3,91,-1,,0,7,0,1201843564
gym-crucible-chasm/T13,control-hold,18,Victory,7,0,6,192,53,735,2,87,-1,,0,7,0,938770027
gym-crucible-chasm/T13,control-hold,19,Victory,7,0,6,192,66,1005,4,104,-1,,0,7,1,363139958
gym-crucible-chasm/T13,control-hold,20,Victory,7,0,6,192,56,958,2,79,-1,,0,5,0,881596975
gym-crucible-chasm/T13,control-hold,21,Victory,7,0,6,192,53,760,3,104,-1,,0,7,0,3890640163
gym-crucible-chasm/T13,control-hold,22,Victory,7,0,6,184,52,780,4,100,-1,,0,8,1,2645727238
gym-crucible-chasm/T13,control-hold,23,Victory,7,0,6,192,60,972,4,95,-1,,0,8,1,1500300432
gym-crucible-chasm/T13,control-hold,24,Victory,7,0,6,192,50,846,2,91,-1,,0,7,0,2557131972
gym-crucible-chasm/T13,control-hold,25,Victory,7,0,6,192,70,841,2,54,-1,,0,3,0,2853181062
gym-crucible-chasm/T13,control-hold,26,Victory,7,0,6,168,61,593,3,90,-1,,0,7,0,2955904790
gym-crucible-chasm/T13,control-hold,27,Victory,7,0,6,192,59,970,4,125,-1,,0,8,0,3743443349
gym-crucible-chasm/T13,control-hold,28,Victory,7,0,6,168,56,785,3,114,-1,,0,6,0,814994036
gym-crucible-chasm/T13,control-hold,29,Victory,7,0,6,184,60,741,3,82,-1,,0,5,0,154874321
gym-crucible-chasm/T13,control-hold,30,Victory,7,0,6,192,35,952,2,62,-1,,0,5,0,3458998961
gym-crucible-chasm/T13,control-hold,31,Victory,7,0,6,168,51,821,3,109,-1,,0,7,1,940780850
gym-crucible-chasm/T13,control-hold,32,Defeat,4,0,4,128,41,1057,3,50,-1,,0,3,1,3171890755
gym-crucible-chasm/T13,control-hold,33,Victory,7,0,6,192,70,637,2,75,-1,,0,5,1,1091338681
gym-crucible-chasm/T13,control-hold,34,Victory,7,0,6,176,66,690,4,81,-1,,0,7,1,3530044534
gym-crucible-chasm/T13,control-hold,35,Victory,7,0,6,192,60,865,3,66,-1,,0,5,0,2004051909
gym-crucible-chasm/T13,control-hold,36,Victory,7,0,6,192,58,887,2,33,-1,,0,3,0,92950156
gym-crucible-chasm/T13,control-hold,37,Victory,7,0,6,192,54,833,3,91,-1,,0,6,0,2716183843
gym-crucible-chasm/T13,control-hold,38,Defeat,6,0,6,184,58,725,4,104,-1,,0,8,0,1778628476
gym-crucible-chasm/T13,control-hold,39,Victory,7,0,6,168,60,701,2,80,-1,,0,6,0,1174090690
gym-crucible-chasm/T13,control-hold,40,Defeat,5,0,5,160,50,1066,4,110,-1,,0,5,1,520081546
gym-crucible-chasm/T13,control-hold,41,Victory,7,0,6,192,43,906,3,104,-1,,0,7,0,612220372
gym-crucible-chasm/T13,control-hold,42,Victory,7,0,6,192,57,866,4,116,-1,,0,8,0,3829819444
gym-crucible-chasm/T13,control-hold,43,Victory,7,0,6,160,55,595,4,130,-1,,0,8,1,499174850
gym-crucible-chasm/T13,control-hold,44,Victory,7,0,6,176,67,764,3,109,-1,,0,7,0,721750229
gym-crucible-chasm/T13,control-hold,45,Defeat,5,0,5,160,47,901,3,65,-1,,0,3,1,404517948
gym-crucible-chasm/T13,control-hold,46,Victory,7,0,6,176,64,546,2,104,-1,,0,8,0,1183905006
gym-crucible-chasm/T13,control-hold,47,Victory,7,0,6,192,58,924,2,100,-1,,0,6,0,3766467466
gym-crucible-chasm/T13,control-hold,48,Victory,7,0,6,192,58,988,3,100,-1,,0,6,0,3715033607
gym-crucible-chasm/T13,control-hold,49,Victory,7,0,6,192,51,1009,3,83,-1,,0,6,0,1807229466
gym-crucible-chasm/T13,control-hold,50,Victory,7,0,6,192,52,707,3,104,-1,,0,7,0,828186255
gym-crucible-chasm/T13,corridor-hold,1,Victory,7,0,6,192,57,697,3,104,-1,,0,8,0,3597947029
gym-crucible-chasm/T13,corridor-hold,2,Victory,7,0,6,192,83,801,3,62,-1,,0,6,0,2281249523
gym-crucible-chasm/T13,corridor-hold,3,Victory,7,0,6,192,58,782,3,62,-1,,0,7,0,232762709
gym-crucible-chasm/T13,corridor-hold,4,Victory,7,0,6,192,55,784,2,62,-1,,0,5,1,107570122
gym-crucible-chasm/T13,corridor-hold,5,Victory,7,0,6,192,78,922,1,29,-1,,0,3,0,1489686336
gym-crucible-chasm/T13,corridor-hold,6,Victory,7,0,6,192,69,751,4,133,-1,,0,8,0,3995443597
gym-crucible-chasm/T13,corridor-hold,7,Victory,7,0,6,192,60,988,2,37,-1,,0,3,1,167037722
gym-crucible-chasm/T13,corridor-hold,8,Victory,7,0,6,160,51,518,3,95,-1,,0,6,0,2605487767
gym-crucible-chasm/T13,corridor-hold,9,Victory,7,0,6,192,51,882,3,83,-1,,0,5,0,3357878882
gym-crucible-chasm/T13,corridor-hold,10,Victory,7,0,6,176,53,796,1,45,-1,,0,4,0,2177749981
gym-crucible-chasm/T13,corridor-hold,11,Victory,7,0,6,192,68,975,2,83,-1,,0,6,0,1639175674
gym-crucible-chasm/T13,corridor-hold,12,Victory,7,0,6,176,77,616,3,104,-1,,0,7,0,1319845748
gym-crucible-chasm/T13,corridor-hold,13,Victory,7,0,6,160,58,605,4,60,-1,,0,8,0,3456819914
gym-crucible-chasm/T13,corridor-hold,14,Defeat,6,0,6,184,53,930,2,52,-1,,0,3,0,625350585
gym-crucible-chasm/T13,corridor-hold,15,Victory,7,0,6,192,70,837,4,125,-1,,0,8,1,182370576
gym-crucible-chasm/T13,corridor-hold,16,Victory,7,0,6,192,74,690,3,79,-1,,0,5,0,3523129155
gym-crucible-chasm/T13,corridor-hold,17,Victory,7,0,6,168,56,710,4,114,-1,,0,7,1,1023687005
gym-crucible-chasm/T13,corridor-hold,18,Victory,7,0,6,176,65,785,1,50,-1,,0,4,0,2347821315
gym-crucible-chasm/T13,corridor-hold,19,Victory,7,0,6,192,66,773,3,116,-1,,0,8,1,2885087272
gym-crucible-chasm/T13,corridor-hold,20,Victory,7,0,6,192,61,716,4,133,-1,,0,8,0,974529744
gym-crucible-chasm/T13,corridor-hold,21,Victory,7,0,6,192,48,855,3,91,-1,,0,8,0,205579104
gym-crucible-chasm/T13,corridor-hold,22,Victory,7,0,6,192,47,733,2,75,-1,,0,7,1,2119087695
gym-crucible-chasm/T13,corridor-hold,23,Victory,7,0,6,176,64,779,4,100,-1,,0,8,1,2872902767
gym-crucible-chasm/T13,corridor-hold,24,Victory,7,0,6,192,53,781,2,91,-1,,0,7,0,426310279
gym-crucible-chasm/T13,corridor-hold,25,Victory,7,0,6,192,70,841,2,54,-1,,0,3,0,2853181062
gym-crucible-chasm/T13,corridor-hold,26,Defeat,6,0,6,168,56,728,3,90,-1,,0,7,0,1882889006
gym-crucible-chasm/T13,corridor-hold,27,Victory,7,0,6,192,61,579,3,79,-1,,0,7,0,2644753759
gym-crucible-chasm/T13,corridor-hold,28,Victory,7,0,6,152,41,435,4,105,-1,,0,8,1,1483543207
gym-crucible-chasm/T13,corridor-hold,29,Defeat,6,0,6,184,65,852,3,91,-1,,0,5,0,3403470710
gym-crucible-chasm/T13,corridor-hold,30,Victory,7,0,6,184,57,771,3,86,-1,,0,6,0,4161609593
gym-crucible-chasm/T13,corridor-hold,31,Victory,7,0,6,168,42,607,3,109,-1,,0,7,0,391956152
gym-crucible-chasm/T13,corridor-hold,32,Victory,7,0,6,192,71,522,3,95,-1,,0,7,0,1399928198
gym-crucible-chasm/T13,corridor-hold,33,Victory,7,0,6,184,62,530,3,86,-1,,0,5,0,4054462638
gym-crucible-chasm/T13,corridor-hold,34,Victory,7,0,6,176,69,616,3,90,-1,,0,7,1,1006291293
gym-crucible-chasm/T13,corridor-hold,35,Victory,7,0,6,176,63,752,2,59,-1,,0,4,0,3357481686
gym-crucible-chasm/T13,corridor-hold,36,Victory,7,0,6,192,53,721,2,50,-1,,0,3,0,1298026426
gym-crucible-chasm/T13,corridor-hold,37,Victory,7,0,6,192,62,675,3,79,-1,,0,5,0,2243076717
gym-crucible-chasm/T13,corridor-hold,38,Victory,7,0,6,192,56,750,3,95,-1,,0,7,1,916959901
gym-crucible-chasm/T13,corridor-hold,39,Victory,7,0,6,168,58,727,3,90,-1,,0,6,1,1419212295
gym-crucible-chasm/T13,corridor-hold,40,Defeat,5,0,5,160,50,1048,4,90,-1,,0,5,1,283811045
gym-crucible-chasm/T13,corridor-hold,41,Defeat,5,0,5,128,37,721,4,87,-1,,0,5,1,2445780481
gym-crucible-chasm/T13,corridor-hold,42,Victory,7,0,6,192,64,811,3,91,-1,,0,6,1,2033404450
gym-crucible-chasm/T13,corridor-hold,43,Victory,7,0,6,160,53,557,3,115,-1,,0,8,1,1034786554
gym-crucible-chasm/T13,corridor-hold,44,Victory,7,0,6,176,63,652,3,109,-1,,0,7,0,1585018784
gym-crucible-chasm/T13,corridor-hold,45,Victory,7,0,6,176,65,752,1,54,-1,,0,4,0,3120369642
gym-crucible-chasm/T13,corridor-hold,46,Victory,7,0,6,176,68,564,2,90,-1,,0,7,0,2580094949
gym-crucible-chasm/T13,corridor-hold,47,Victory,7,0,6,192,61,811,3,95,-1,,0,6,0,2436642105
gym-crucible-chasm/T13,corridor-hold,48,Victory,7,0,6,192,65,876,3,91,-1,,0,6,0,2226629181
gym-crucible-chasm/T13,corridor-hold,49,Victory,7,0,6,192,69,929,2,45,-1,,0,3,0,3526378206
gym-crucible-chasm/T13,corridor-hold,50,Victory,7,0,6,192,73,826,2,58,-1,,0,4,0,2867028804
gym-crucible-chasm/T14,control-hold,1,Victory,7,0,6,192,67,708,3,108,-1,,0,8,0,3782266548
gym-crucible-chasm/T14,control-hold,2,Victory,7,0,6,192,68,745,3,66,-1,,0,6,0,271974974
gym-crucible-chasm/T14,control-hold,3,Victory,7,0,6,192,65,832,3,75,-1,,0,6,0,1900022895
gym-crucible-chasm/T14,control-hold,4,Victory,7,0,6,192,49,863,2,54,-1,,0,3,0,194086569
gym-crucible-chasm/T14,control-hold,5,Victory,7,0,6,192,65,903,2,79,-1,,0,6,0,1551463626
gym-crucible-chasm/T14,control-hold,6,Victory,7,0,6,192,63,689,3,87,-1,,0,6,0,354165338
gym-crucible-chasm/T14,control-hold,7,Victory,7,0,6,176,69,545,4,109,-1,,0,8,0,3618635533
gym-crucible-chasm/T14,control-hold,8,Victory,7,0,6,176,57,680,2,63,-1,,0,5,0,2327616112
gym-crucible-chasm/T14,control-hold,9,Victory,7,0,6,192,48,721,3,95,-1,,0,7,0,3934788485
gym-crucible-chasm/T14,control-hold,10,Defeat,5,0,5,160,42,879,3,70,-1,,0,3,1,3237764860
gym-crucible-chasm/T14,control-hold,11,Victory,7,0,6,192,66,689,3,87,-1,,0,6,0,2252635476
gym-crucible-chasm/T14,control-hold,12,Victory,7,0,6,192,58,634,3,91,-1,,0,6,0,28667725
gym-crucible-chasm/T14,control-hold,13,Victory,7,0,6,168,47,681,4,61,-1,,0,8,0,3205188650
gym-crucible-chasm/T14,control-hold,14,Defeat,6,0,6,184,56,837,3,82,-1,,0,5,0,2353413679
gym-crucible-chasm/T14,control-hold,15,Victory,7,0,6,192,60,776,2,87,-1,,0,6,0,4007946406
gym-crucible-chasm/T14,control-hold,16,Victory,7,0,6,184,58,677,3,100,-1,,0,8,0,3052371188
gym-crucible-chasm/T14,control-hold,17,Defeat,6,0,6,192,48,801,4,125,-1,,0,7,0,3505377436
gym-crucible-chasm/T14,control-hold,18,Victory,7,0,6,192,57,718,2,87,-1,,0,7,0,3269083838
gym-crucible-chasm/T14,control-hold,19,Victory,7,0,6,184,51,524,3,91,-1,,0,6,0,1163799676
gym-crucible-chasm/T14,control-hold,20,Victory,7,0,6,192,53,673,3,91,-1,,0,7,0,3604874232
gym-crucible-chasm/T14,control-hold,21,Defeat,6,0,6,176,38,702,4,109,-1,,0,8,1,4010754730
gym-crucible-chasm/T14,control-hold,22,Victory,7,0,6,192,46,574,4,112,-1,,0,8,0,2614673416
gym-crucible-chasm/T14,control-hold,23,Victory,7,0,6,192,52,583,3,66,-1,,0,6,0,2291134538
gym-crucible-chasm/T14,control-hold,24,Victory,7,0,6,192,62,706,3,104,-1,,0,8,0,1598995817
gym-crucible-chasm/T14,control-hold,25,Victory,7,0,6,192,51,649,3,54,-1,,0,5,0,1690507327
gym-crucible-chasm/T14,control-hold,26,Victory,7,0,6,176,70,596,3,109,-1,,0,7,0,3666624928
gym-crucible-chasm/T14,control-hold,27,Victory,7,0,6,192,54,810,3,108,-1,,0,7,0,3067697508
gym-crucible-chasm/T14,control-hold,28,Victory,7,0,6,168,55,569,3,100,-1,,0,6,0,1131758948
gym-crucible-chasm/T14,control-hold,29,Victory,7,0,6,192,50,668,3,87,-1,,0,5,0,2879163660
gym-crucible-chasm/T14,control-hold,30,Victory,7,0,6,184,55,804,3,65,-1,,0,6,1,2062565452
gym-crucible-chasm/T14,control-hold,31,Victory,7,0,6,168,44,604,3,114,-1,,0,7,0,1392354610
gym-crucible-chasm/T14,control-hold,32,Defeat,4,0,4,128,46,1057,3,50,-1,,0,3,1,766904417
gym-crucible-chasm/T14,control-hold,33,Victory,7,0,6,192,68,637,2,70,-1,,0,5,1,1731631498
gym-crucible-chasm/T14,control-hold,34,Victory,7,0,6,192,58,658,3,104,-1,,0,6,0,4286679848
gym-crucible-chasm/T14,control-hold,35,Victory,7,0,6,184,60,593,4,108,-1,,0,8,0,3272699875
gym-crucible-chasm/T14,control-hold,36,Defeat,6,0,6,176,55,718,3,90,-1,,0,6,0,1011325041
gym-crucible-chasm/T14,control-hold,37,Victory,7,0,6,192,54,533,3,108,-1,,0,8,1,1714392105
gym-crucible-chasm/T14,control-hold,38,Defeat,6,0,6,184,58,725,4,104,-1,,0,8,0,1243388693
gym-crucible-chasm/T14,control-hold,39,Victory,7,0,6,168,60,701,2,80,-1,,0,6,0,1227488081
gym-crucible-chasm/T14,control-hold,40,Defeat,5,0,5,160,44,922,4,90,-1,,0,5,1,3659277725
gym-crucible-chasm/T14,control-hold,41,Victory,7,0,6,192,42,570,3,116,-1,,0,7,0,2291772218
gym-crucible-chasm/T14,control-hold,42,Victory,7,0,6,192,65,638,3,83,-1,,0,7,1,1288300375
gym-crucible-chasm/T14,control-hold,43,Victory,7,0,6,152,53,328,4,131,-1,,0,8,0,1407885778
gym-crucible-chasm/T14,control-hold,44,Victory,7,0,6,176,70,561,3,109,-1,,0,7,0,1118552820
gym-crucible-chasm/T14,control-hold,45,Defeat,5,0,5,160,47,901,3,65,-1,,0,3,1,2114543823
gym-crucible-chasm/T14,control-hold,46,Victory,7,0,6,176,64,561,3,118,-1,,0,7,0,273210154
gym-crucible-chasm/T14,control-hold,47,Victory,7,0,6,192,53,616,2,100,-1,,0,6,0,3156322647
gym-crucible-chasm/T14,control-hold,48,Victory,7,0,6,192,62,623,3,91,-1,,0,6,0,3578296580
gym-crucible-chasm/T14,control-hold,49,Victory,7,0,6,192,61,964,3,79,-1,,0,6,0,2308417363
gym-crucible-chasm/T14,control-hold,50,Victory,7,0,6,192,64,921,2,79,-1,,0,6,0,2268514572
gym-crucible-chasm/T14,corridor-hold,1,Defeat,5,0,5,160,51,796,4,75,-1,,0,5,1,1795651815
gym-crucible-chasm/T14,corridor-hold,2,Victory,7,0,6,192,83,801,3,62,-1,,0,6,0,4128662400
gym-crucible-chasm/T14,corridor-hold,3,Victory,7,0,6,192,61,636,3,70,-1,,0,7,0,1403345672
gym-crucible-chasm/T14,corridor-hold,4,Victory,7,0,6,184,52,876,2,52,-1,,0,3,0,1515805144
gym-crucible-chasm/T14,corridor-hold,5,Victory,7,0,6,192,65,908,2,50,-1,,0,3,0,3969727334
gym-crucible-chasm/T14,corridor-hold,6,Victory,7,0,6,184,63,369,4,139,-1,,0,8,0,3585062137
gym-crucible-chasm/T14,corridor-hold,7,Victory,7,0,6,192,61,663,3,83,-1,,0,5,0,1812668200
gym-crucible-chasm/T14,corridor-hold,8,Victory,7,0,6,176,49,779,2,68,-1,,0,5,1,1710377616
gym-crucible-chasm/T14,corridor-hold,9,Victory,7,0,6,192,73,778,2,62,-1,,0,6,0,2555920540
gym-crucible-chasm/T14,corridor-hold,10,Victory,7,0,6,176,56,701,1,63,-1,,0,4,0,2894321511
gym-crucible-chasm/T14,corridor-hold,11,Victory,7,0,6,192,65,706,2,83,-1,,0,6,0,2055889071
gym-crucible-chasm/T14,corridor-hold,12,Victory,7,0,6,184,83,341,4,130,-1,,0,8,0,2054995759
gym-crucible-chasm/T14,corridor-hold,13,Victory,7,0,6,192,64,535,4,75,-1,,0,7,1,2446219499
gym-crucible-chasm/T14,corridor-hold,14,Defeat,6,0,6,184,53,930,2,52,-1,,0,3,0,3860373866
gym-crucible-chasm/T14,corridor-hold,15,Victory,7,0,6,192,66,773,2,45,-1,,0,4,0,718416223
gym-crucible-chasm/T14,corridor-hold,16,Victory,7,0,6,192,78,750,3,79,-1,,0,5,0,736096435
gym-crucible-chasm/T14,corridor-hold,17,Victory,7,0,6,168,53,521,3,109,-1,,0,7,1,308764031
gym-crucible-chasm/T14,corridor-hold,18,Victory,7,0,6,176,65,781,1,50,-1,,0,4,0,2089442116
gym-crucible-chasm/T14,corridor-hold,19,Victory,7,0,6,192,60,496,4,83,-1,,0,7,1,500523191
gym-crucible-chasm/T14,corridor-hold,20,Victory,7,0,6,184,58,419,4,126,-1,,0,8,0,2616589697
gym-crucible-chasm/T14,corridor-hold,21,Victory,7,0,6,192,52,668,3,108,-1,,0,6,0,993166636
gym-crucible-chasm/T14,corridor-hold,22,Victory,7,0,6,192,48,830,2,83,-1,,0,7,1,3016332651
gym-crucible-chasm/T14,corridor-hold,23,Victory,7,0,6,184,68,596,3,95,-1,,0,7,1,2931415603
gym-crucible-chasm/T14,corridor-hold,24,Victory,7,0,6,176,48,617,2,68,-1,,0,6,0,3792100499
gym-crucible-chasm/T14,corridor-hold,25,Victory,7,0,6,192,54,559,3,66,-1,,0,5,0,2260996022
gym-crucible-chasm/T14,corridor-hold,26,Victory,7,0,6,176,57,601,2,104,-1,,0,7,0,495008109
gym-crucible-chasm/T14,corridor-hold,27,Victory,7,0,6,184,57,359,3,100,-1,,0,7,0,180720553
gym-crucible-chasm/T14,corridor-hold,28,Victory,7,0,6,152,41,435,4,100,-1,,0,8,1,4113299123
gym-crucible-chasm/T14,corridor-hold,29,Victory,7,0,6,176,57,695,2,59,-1,,0,4,0,1326829279
gym-crucible-chasm/T14,corridor-hold,30,Victory,7,0,6,192,40,693,3,66,-1,,0,6,1,55569330
gym-crucible-chasm/T14,corridor-hold,31,Victory,7,0,6,168,42,507,3,109,-1,,0,7,0,3021525335
gym-crucible-chasm/T14,corridor-hold,32,Victory,7,0,6,192,76,491,3,87,-1,,0,7,0,2385902697
gym-crucible-chasm/T14,corridor-hold,33,Victory,7,0,6,184,66,540,3,91,-1,,0,5,0,3866740300
gym-crucible-chasm/T14,corridor-hold,34,Victory,7,0,6,184,71,534,3,108,-1,,0,7,0,3391750736
gym-crucible-chasm/T14,corridor-hold,35,Victory,7,0,6,184,53,619,3,86,-1,,0,7,1,2299567876
gym-crucible-chasm/T14,corridor-hold,36,Victory,7,0,6,168,66,630,3,85,-1,,0,6,1,2982991483
gym-crucible-chasm/T14,corridor-hold,37,Victory,7,0,6,192,61,711,3,58,-1,,0,5,1,651118037
gym-crucible-chasm/T14,corridor-hold,38,Defeat,6,0,6,192,58,938,3,108,-1,,0,7,0,952194105
gym-crucible-chasm/T14,corridor-hold,39,Victory,7,0,6,168,58,581,3,90,-1,,0,6,1,2114342327
gym-crucible-chasm/T14,corridor-hold,40,Defeat,5,0,5,160,47,922,4,90,-1,,0,5,1,3369621664
gym-crucible-chasm/T14,corridor-hold,41,Defeat,5,0,5,136,34,804,3,88,-1,,0,5,1,3143437001
gym-crucible-chasm/T14,corridor-hold,42,Victory,7,0,6,192,64,541,3,91,-1,,0,6,1,1387486621
gym-crucible-chasm/T14,corridor-hold,43,Victory,7,0,6,152,45,471,3,94,-1,,0,7,1,591087569
gym-crucible-chasm/T14,corridor-hold,44,Victory,7,0,6,176,63,652,3,109,-1,,0,7,0,1815029523
gym-crucible-chasm/T14,corridor-hold,45,Victory,7,0,6,176,62,718,1,54,-1,,0,4,0,1754425832
gym-crucible-chasm/T14,corridor-hold,46,Victory,7,0,6,176,64,649,3,118,-1,,0,7,0,1554462832
gym-crucible-chasm/T14,corridor-hold,47,Victory,7,0,6,192,58,635,3,95,-1,,0,6,0,1122516409
gym-crucible-chasm/T14,corridor-hold,48,Victory,7,0,6,192,62,623,3,91,-1,,0,6,0,2128409904
gym-crucible-chasm/T14,corridor-hold,49,Victory,7,0,6,192,48,929,2,50,-1,,0,3,0,2876895671
gym-crucible-chasm/T14,corridor-hold,50,Victory,7,0,6,192,69,887,2,58,-1,,0,4,0,2078791106
gym-crucible-chasm/T15,control-hold,1,Victory,7,0,6,192,61,767,3,66,-1,,0,7,0,171926610
gym-crucible-chasm/T15,control-hold,2,Victory,7,0,6,192,88,701,3,75,-1,,0,7,0,2600609292
gym-crucible-chasm/T15,control-hold,3,Victory,7,0,6,184,60,682,3,95,-1,,0,8,0,2274446535
gym-crucible-chasm/T15,control-hold,4,Victory,7,0,6,176,49,806,2,59,-1,,0,4,0,436539008
gym-crucible-chasm/T15,control-hold,5,Victory,7,0,6,192,70,867,2,100,-1,,0,6,0,1228426063
gym-crucible-chasm/T15,control-hold,6,Victory,7,0,6,192,65,980,3,100,-1,,0,6,0,2482774543
gym-crucible-chasm/T15,control-hold,7,Victory,7,0,6,184,49,798,3,91,-1,,0,8,1,923726370
gym-crucible-chasm/T15,control-hold,8,Defeat,5,0,5,160,61,1005,4,100,-1,,0,5,1,360351606
gym-crucible-chasm/T15,control-hold,9,Victory,7,0,6,192,53,905,3,108,-1,,0,7,0,3574405378
gym-crucible-chasm/T15,control-hold,10,Victory,7,0,6,184,60,775,2,78,-1,,0,5,0,2470576444
gym-crucible-chasm/T15,control-hold,11,Victory,7,0,6,192,83,848,3,120,-1,,0,8,0,3846667477
gym-crucible-chasm/T15,control-hold,12,Victory,7,0,6,192,64,841,3,112,-1,,0,7,0,108601367
gym-crucible-chasm/T15,control-hold,13,Victory,7,0,6,192,66,858,4,120,-1,,0,8,0,3563351711
gym-crucible-chasm/T15,control-hold,14,Victory,7,0,6,176,58,786,2,77,-1,,0,4,0,3474442908
gym-crucible-chasm/T15,control-hold,15,Victory,7,0,6,192,72,915,4,116,-1,,0,8,0,200480389
gym-crucible-chasm/T15,control-hold,16,Defeat,6,0,6,192,52,944,3,75,-1,,0,6,0,2216666582
gym-crucible-chasm/T15,control-hold,17,Victory,7,0,6,192,67,609,3,79,-1,,0,7,1,510065357
gym-crucible-chasm/T15,control-hold,18,Victory,7,0,6,192,76,921,4,125,-1,,0,8,0,828366509
gym-crucible-chasm/T15,control-hold,19,Defeat,3,0,3,96,20,1150,2,41,-1,,0,1,0,42534279
gym-crucible-chasm/T15,control-hold,20,Victory,7,0,6,176,53,777,4,90,-1,,0,8,1,2271683631
gym-crucible-chasm/T15,control-hold,21,Victory,7,0,6,192,72,700,4,120,-1,,0,8,0,2353207326
gym-crucible-chasm/T15,control-hold,22,Victory,7,0,6,192,74,725,3,87,-1,,0,7,0,2303907940
gym-crucible-chasm/T15,control-hold,23,Victory,7,0,6,192,59,957,4,95,-1,,0,8,1,709064770
gym-crucible-chasm/T15,control-hold,24,Victory,7,0,6,184,53,660,3,113,-1,,0,7,0,3412579198
gym-crucible-chasm/T15,control-hold,25,Victory,7,0,6,192,74,869,2,54,-1,,0,3,0,2358899699
gym-crucible-chasm/T15,control-hold,26,Victory,7,0,6,184,81,734,3,113,-1,,0,7,0,1555106376
gym-crucible-chasm/T15,control-hold,27,Victory,7,0,6,192,44,887,4,112,-1,,0,8,1,1774287477
gym-crucible-chasm/T15,control-hold,28,Defeat,4,0,4,128,42,1092,3,81,-1,,0,3,1,647581373
gym-crucible-chasm/T15,control-hold,29,Victory,7,0,6,184,77,795,3,91,-1,,0,5,0,681430637
gym-crucible-chasm/T15,control-hold,30,Victory,7,0,6,192,42,872,2,66,-1,,0,5,0,3685041440
gym-crucible-chasm/T15,control-hold,31,Victory,7,0,6,184,53,654,3,86,-1,,0,6,0,2629205620
gym-crucible-chasm/T15,control-hold,32,Victory,7,0,6,192,56,636,3,70,-1,,0,7,0,1616613551
gym-crucible-chasm/T15,control-hold,33,Victory,7,0,6,168,61,675,3,80,-1,,0,6,1,3405138185
gym-crucible-chasm/T15,control-hold,34,Victory,7,0,6,184,70,678,3,100,-1,,0,6,0,3397614293
gym-crucible-chasm/T15,control-hold,35,Victory,7,0,6,192,69,863,2,83,-1,,0,6,0,1418647046
gym-crucible-chasm/T15,control-hold,36,Victory,7,0,6,192,63,812,2,58,-1,,0,4,0,3462238519
gym-crucible-chasm/T15,control-hold,37,Victory,7,0,6,192,71,880,4,100,-1,,0,8,1,806537041
gym-crucible-chasm/T15,control-hold,38,Victory,7,0,6,192,78,602,4,91,-1,,0,8,0,681676417
gym-crucible-chasm/T15,control-hold,39,Victory,7,0,6,192,79,886,3,91,-1,,0,7,0,2436634991
gym-crucible-chasm/T15,control-hold,40,Victory,7,0,6,192,53,804,3,75,-1,,0,7,0,3424669131
gym-crucible-chasm/T15,control-hold,41,Victory,7,0,6,192,52,816,4,108,-1,,0,8,0,3353975083
gym-crucible-chasm/T15,control-hold,42,Victory,7,0,6,192,68,818,4,116,-1,,0,8,0,4131653239
gym-crucible-chasm/T15,control-hold,43,Victory,7,0,6,192,65,881,3,104,-1,,0,7,0,1640768224
gym-crucible-chasm/T15,control-hold,44,Victory,7,0,6,168,45,817,4,90,-1,,0,8,1,3427866312
gym-crucible-chasm/T15,control-hold,45,Victory,7,0,6,184,71,747,3,86,-1,,0,5,0,684541733
gym-crucible-chasm/T15,control-hold,46,Victory,7,0,6,192,75,664,3,120,-1,,0,8,0,243755009
gym-crucible-chasm/T15,control-hold,47,Victory,7,0,6,192,73,934,3,108,-1,,0,8,0,764690164
gym-crucible-chasm/T15,control-hold,48,Victory,7,0,6,192,64,988,3,100,-1,,0,6,0,96879149
gym-crucible-chasm/T15,control-hold,49,Victory,7,0,6,192,68,885,3,75,-1,,0,7,0,609189559
gym-crucible-chasm/T15,control-hold,50,Victory,7,0,6,192,83,830,4,116,-1,,0,8,0,2395005978
gym-crucible-chasm/T15,corridor-hold,1,Victory,7,0,6,192,64,749,3,66,-1,,0,7,0,3998038951
gym-crucible-chasm/T15,corridor-hold,2,Victory,7,0,6,192,88,701,3,75,-1,,0,7,0,2600609292
gym-crucible-chasm/T15,corridor-hold,3,Victory,7,0,6,184,60,682,3,95,-1,,0,8,0,2274446535
gym-crucible-chasm/T15,corridor-hold,4,Victory,7,0,6,176,57,755,2,59,-1,,0,4,0,48317835
gym-crucible-chasm/T15,corridor-hold,5,Victory,7,0,6,192,66,688,2,87,-1,,0,6,1,49139800
gym-crucible-chasm/T15,corridor-hold,6,Victory,7,0,6,192,70,821,4,137,-1,,0,8,1,3633735437
gym-crucible-chasm/T15,corridor-hold,7,Defeat,6,0,6,184,45,790,4,86,-1,,0,8,0,1873249649
gym-crucible-chasm/T15,corridor-hold,8,Defeat,5,0,5,152,51,760,4,78,-1,,0,5,1,2733308292
gym-crucible-chasm/T15,corridor-hold,9,Defeat,6,0,6,184,49,650,4,117,-1,,0,8,0,2345834544
gym-crucible-chasm/T15,corridor-hold,10,Defeat,6,0,6,184,58,796,3,82,-1,,0,5,0,2622983247
gym-crucible-chasm/T15,corridor-hold,11,Victory,7,0,6,192,73,832,2,87,-1,,0,7,0,2302705876
gym-crucible-chasm/T15,corridor-hold,12,Victory,7,0,6,192,57,730,3,91,-1,,0,7,0,720078880
gym-crucible-chasm/T15,corridor-hold,13,Victory,7,0,6,192,55,812,3,108,-1,,0,6,0,4259291554
gym-crucible-chasm/T15,corridor-hold,14,Victory,7,0,6,176,63,721,2,77,-1,,0,4,0,1497802894
gym-crucible-chasm/T15,corridor-hold,15,Victory,7,0,6,192,75,817,4,120,-1,,0,8,1,2417129127
gym-crucible-chasm/T15,corridor-hold,16,Victory,7,0,6,192,66,668,3,91,-1,,0,6,0,2419731443
gym-crucible-chasm/T15,corridor-hold,17,Victory,7,0,6,176,66,630,2,72,-1,,0,6,0,2414733526
gym-crucible-chasm/T15,corridor-hold,18,Victory,7,0,6,192,68,846,4,120,-1,,0,8,1,919177658
gym-crucible-chasm/T15,corridor-hold,19,Defeat,3,0,3,96,20,1150,2,41,-1,,0,1,0,42534279
gym-crucible-chasm/T15,corridor-hold,20,Defeat,6,0,6,192,60,733,4,100,-1,,0,8,1,4118054386
gym-crucible-chasm/T15,corridor-hold,21,Victory,7,0,6,192,57,758,4,104,-1,,0,8,1,1070585672
gym-crucible-chasm/T15,corridor-hold,22,Victory,7,0,6,192,67,670,3,108,-1,,0,7,0,1644005093
gym-crucible-chasm/T15,corridor-hold,23,Victory,7,0,6,184,65,672,4,86,-1,,0,8,1,4256295347
gym-crucible-chasm/T15,corridor-hold,24,Victory,7,0,6,184,54,610,3,113,-1,,0,7,0,514237992
gym-crucible-chasm/T15,corridor-hold,25,Victory,7,0,6,192,74,869,2,54,-1,,0,3,0,2358899699
gym-crucible-chasm/T15,corridor-hold,26,Defeat,6,0,6,184,69,805,3,113,-1,,0,7,0,3843655749
gym-crucible-chasm/T15,corridor-hold,27,Victory,7,0,6,192,59,456,4,95,-1,,0,8,1,597704615
gym-crucible-chasm/T15,corridor-hold,28,Victory,7,0,6,184,56,667,2,100,-1,,0,8,0,1168754733
gym-crucible-chasm/T15,corridor-hold,29,Defeat,6,0,6,184,67,852,3,91,-1,,0,5,0,3570819600
gym-crucible-chasm/T15,corridor-hold,30,Victory,7,0,6,192,40,839,1,54,-1,,0,5,0,3683399031
gym-crucible-chasm/T15,corridor-hold,31,Victory,7,0,6,184,48,659,2,78,-1,,0,6,0,976313082
gym-crucible-chasm/T15,corridor-hold,32,Victory,7,0,6,184,53,489,3,91,-1,,0,8,0,3464183987
gym-crucible-chasm/T15,corridor-hold,33,Victory,7,0,6,168,61,574,3,80,-1,,0,6,1,527883411
gym-crucible-chasm/T15,corridor-hold,34,Defeat,6,0,6,184,63,776,3,95,-1,,0,6,0,4266403487
gym-crucible-chasm/T15,corridor-hold,35,Defeat,5,0,5,152,51,876,4,84,-1,,0,5,1,1107267779
gym-crucible-chasm/T15,corridor-hold,36,Victory,7,0,6,192,61,812,2,50,-1,,0,4,0,956011129
gym-crucible-chasm/T15,corridor-hold,37,Victory,7,0,6,184,57,634,3,73,-1,,0,5,0,1857515916
gym-crucible-chasm/T15,corridor-hold,38,Victory,7,0,6,192,58,769,4,91,-1,,0,7,1,2589070292
gym-crucible-chasm/T15,corridor-hold,39,Victory,7,0,6,184,77,821,2,60,-1,,0,5,1,1213746758
gym-crucible-chasm/T15,corridor-hold,40,Victory,7,0,6,192,67,650,3,87,-1,,0,7,0,1960133511
gym-crucible-chasm/T15,corridor-hold,41,Victory,7,0,6,184,53,661,3,104,-1,,0,8,0,2688179031
gym-crucible-chasm/T15,corridor-hold,42,Victory,7,0,6,192,59,643,3,108,-1,,0,7,0,445675891
gym-crucible-chasm/T15,corridor-hold,43,Defeat,6,0,6,184,57,842,3,100,-1,,0,7,0,834068595
gym-crucible-chasm/T15,corridor-hold,44,Victory,7,0,6,168,51,633,3,90,-1,,0,7,1,3386118967
gym-crucible-chasm/T15,corridor-hold,45,Defeat,6,0,6,184,67,818,3,86,-1,,0,5,0,2091496365
gym-crucible-chasm/T15,corridor-hold,46,Defeat,6,0,6,184,66,784,3,108,-1,,0,7,0,2086194956
gym-crucible-chasm/T15,corridor-hold,47,Defeat,6,0,6,192,63,784,3,100,-1,,0,8,1,4274726658
gym-crucible-chasm/T15,corridor-hold,48,Victory,7,0,6,192,60,737,3,95,-1,,0,7,0,441831936
gym-crucible-chasm/T15,corridor-hold,49,Victory,7,0,6,192,73,672,3,95,-1,,0,7,0,188370088
gym-crucible-chasm/T15,corridor-hold,50,Victory,7,0,6,176,62,587,3,90,-1,,0,7,1,3255510873
gym-crucible-chasm/T16,control-hold,1,Victory,7,0,6,192,56,606,3,79,-1,,0,7,0,1773600974
gym-crucible-chasm/T16,control-hold,2,Victory,7,0,6,192,88,701,3,75,-1,,0,7,0,5569087
gym-crucible-chasm/T16,control-hold,3,Victory,7,0,6,184,63,555,3,95,-1,,0,8,0,1345794118
gym-crucible-chasm/T16,control-hold,4,Victory,7,0,6,176,59,798,2,77,-1,,0,4,0,2742715683
gym-crucible-chasm/T16,control-hold,5,Victory,7,0,6,184,72,675,3,104,-1,,0,6,0,2403358253
gym-crucible-chasm/T16,control-hold,6,Defeat,5,0,5,160,56,715,4,115,-1,,0,5,1,1824410001
gym-crucible-chasm/T16,control-hold,7,Victory,7,0,6,184,62,697,3,82,-1,,0,7,0,1342857055
gym-crucible-chasm/T16,control-hold,8,Victory,7,0,6,176,47,605,4,77,-1,,0,8,1,4215638040
gym-crucible-chasm/T16,control-hold,9,Victory,7,0,6,192,55,763,3,108,-1,,0,8,0,3223244019
gym-crucible-chasm/T16,control-hold,10,Victory,7,0,6,184,61,661,2,82,-1,,0,5,0,926297239
gym-crucible-chasm/T16,control-hold,11,Victory,7,0,6,192,67,579,3,91,-1,,0,7,0,2722150876
gym-crucible-chasm/T16,control-hold,12,Defeat,5,0,5,152,47,820,4,105,-1,,0,5,1,667659979
gym-crucible-chasm/T16,control-hold,13,Victory,7,0,6,192,63,808,3,95,-1,,0,7,0,1487381449
gym-crucible-chasm/T16,control-hold,14,Victory,7,0,6,176,75,687,2,77,-1,,0,4,0,336756358
gym-crucible-chasm/T16,control-hold,15,Victory,7,0,6,192,56,707,2,91,-1,,0,7,0,3204456601
gym-crucible-chasm/T16,control-hold,16,Defeat,6,0,6,192,52,944,3,75,-1,,0,6,0,2937920037
gym-crucible-chasm/T16,control-hold,17,Victory,7,0,6,192,66,651,3,83,-1,,0,7,1,2271796915
gym-crucible-chasm/T16,control-hold,18,Victory,7,0,6,184,65,474,4,117,-1,,0,8,0,3268487031
gym-crucible-chasm/T16,control-hold,19,Defeat,6,0,6,192,51,736,4,116,-1,,0,7,1,3716190248
gym-crucible-chasm/T16,control-hold,20,Victory,7,0,6,176,45,587,4,90,-1,,0,8,1,2836773148
gym-crucible-chasm/T16,control-hold,21,Victory,7,0,6,192,64,825,3,100,-1,,0,6,0,933225307
gym-crucible-chasm/T16,control-hold,22,Defeat,5,0,5,160,43,921,4,70,-1,,0,5,1,3638542461
gym-crucible-chasm/T16,control-hold,23,Defeat,6,0,6,192,62,686,3,83,-1,,0,6,0,1244968287
gym-crucible-chasm/T16,control-hold,24,Victory,7,0,6,192,64,686,3,91,-1,,0,7,0,3718275554
gym-crucible-chasm/T16,control-hold,25,Victory,7,0,6,192,57,669,3,62,-1,,0,5,0,1793771025
gym-crucible-chasm/T16,control-hold,26,Defeat,6,0,6,184,69,805,3,113,-1,,0,7,0,1931392558
gym-crucible-chasm/T16,control-hold,27,Victory,7,0,6,192,54,762,3,95,-1,,0,7,0,1580394357
gym-crucible-chasm/T16,control-hold,28,Victory,7,0,6,184,68,604,4,113,-1,,0,8,0,3904513488
gym-crucible-chasm/T16,control-hold,29,Defeat,6,0,6,184,54,862,3,69,-1,,0,5,0,751102329
gym-crucible-chasm/T16,control-hold,30,Victory,7,0,6,184,52,820,2,65,-1,,0,6,0,1752329918
gym-crucible-chasm/T16,control-hold,31,Victory,7,0,6,192,49,561,3,83,-1,,0,6,0,3083913257
gym-crucible-chasm/T16,control-hold,32,Victory,7,0,6,184,33,632,2,82,-1,,0,6,0,891623823
gym-crucible-chasm/T16,control-hold,33,Victory,7,0,6,168,58,448,3,80,-1,,0,6,1,1720340314
gym-crucible-chasm/T16,control-hold,34,Victory,7,0,6,192,58,621,3,100,-1,,0,7,0,257862598
gym-crucible-chasm/T16,control-hold,35,Victory,7,0,6,184,57,667,3,95,-1,,0,8,1,1190512542
gym-crucible-chasm/T16,control-hold,36,Defeat,6,0,6,160,53,630,4,100,-1,,0,8,1,1816914509
gym-crucible-chasm/T16,control-hold,37,Victory,7,0,6,192,61,534,4,108,-1,,0,8,1,4161660433
gym-crucible-chasm/T16,control-hold,38,Victory,7,0,6,192,78,602,4,91,-1,,0,8,0,462760346
gym-crucible-chasm/T16,control-hold,39,Victory,7,0,6,192,69,692,3,104,-1,,0,7,0,391722981
gym-crucible-chasm/T16,control-hold,40,Victory,7,0,6,192,57,678,3,75,-1,,0,7,0,3193791878
gym-crucible-chasm/T16,control-hold,41,Victory,7,0,6,192,61,515,4,112,-1,,0,8,0,3237552894
gym-crucible-chasm/T16,control-hold,42,Victory,7,0,6,192,69,794,3,79,-1,,0,6,0,2474383546
gym-crucible-chasm/T16,control-hold,43,Victory,7,0,6,184,71,517,4,113,-1,,0,8,1,2436859700
gym-crucible-chasm/T16,control-hold,44,Defeat,6,0,6,160,35,615,4,95,-1,,0,8,1,1812324295
gym-crucible-chasm/T16,control-hold,45,Defeat,6,0,6,184,67,818,3,86,-1,,0,5,0,3417305418
gym-crucible-chasm/T16,control-hold,46,Defeat,6,0,6,184,68,805,3,113,-1,,0,7,0,68635139
gym-crucible-chasm/T16,control-hold,47,Defeat,6,0,6,192,60,536,3,104,-1,,0,8,1,803960364
gym-crucible-chasm/T16,control-hold,48,Victory,7,0,6,192,57,469,3,95,-1,,0,7,0,1892567263
gym-crucible-chasm/T16,control-hold,49,Defeat,6,0,6,192,63,920,3,75,-1,,0,7,0,21214778
gym-crucible-chasm/T16,control-hold,50,Victory,7,0,6,176,64,510,4,109,-1,,0,8,1,29458761
gym-crucible-chasm/T16,corridor-hold,1,Victory,7,0,6,192,59,631,3,83,-1,,0,7,0,742524988
gym-crucible-chasm/T16,corridor-hold,2,Victory,7,0,6,192,88,701,3,75,-1,,0,7,0,5569087
gym-crucible-chasm/T16,corridor-hold,3,Victory,7,0,6,184,63,555,3,95,-1,,0,8,0,1345794118
gym-crucible-chasm/T16,corridor-hold,4,Victory,7,0,6,176,55,689,2,72,-1,,0,4,0,109145611
gym-crucible-chasm/T16,corridor-hold,5,Victory,7,0,6,192,66,688,2,87,-1,,0,6,1,2600486875
gym-crucible-chasm/T16,corridor-hold,6,Defeat,5,0,5,160,56,715,4,115,-1,,0,5,1,1824410001
gym-crucible-chasm/T16,corridor-hold,7,Victory,7,0,6,184,62,697,3,82,-1,,0,7,0,1342857055
gym-crucible-chasm/T16,corridor-hold,8,Victory,7,0,6,176,55,770,2,77,-1,,0,4,0,2737746100
gym-crucible-chasm/T16,corridor-hold,9,Victory,7,0,6,192,65,877,1,54,-1,,0,4,0,2563182030
gym-crucible-chasm/T16,corridor-hold,10,Defeat,6,0,6,184,59,796,3,86,-1,,0,5,0,2390366078
gym-crucible-chasm/T16,corridor-hold,11,Victory,7,0,6,192,68,576,2,87,-1,,0,7,0,84166151
gym-crucible-chasm/T16,corridor-hold,12,Defeat,5,0,5,152,47,820,4,105,-1,,0,5,1,667659979
gym-crucible-chasm/T16,corridor-hold,13,Victory,7,0,6,192,39,625,2,87,-1,,0,7,0,813247559
gym-crucible-chasm/T16,corridor-hold,14,Victory,7,0,6,176,76,634,2,77,-1,,0,4,0,60042370
gym-crucible-chasm/T16,corridor-hold,15,Victory,7,0,6,192,61,891,2,25,-1,,0,3,0,340337311
gym-crucible-chasm/T16,corridor-hold,16,Victory,7,0,6,192,80,672,3,104,-1,,0,6,0,3317659787
gym-crucible-chasm/T16,corridor-hold,17,Victory,7,0,6,176,66,630,2,72,-1,,0,6,0,2121084893
gym-crucible-chasm/T16,corridor-hold,18,Victory,7,0,6,184,68,454,4,126,-1,,0,8,0,1819611351
gym-crucible-chasm/T16,corridor-hold,19,Defeat,6,0,6,192,51,736,4,116,-1,,0,7,1,3716190248
gym-crucible-chasm/T16,corridor-hold,20,Victory,7,0,6,192,62,593,2,75,-1,,0,7,0,2040096291
gym-crucible-chasm/T16,corridor-hold,21,Victory,7,0,6,192,60,724,3,108,-1,,0,6,0,271383941
gym-crucible-chasm/T16,corridor-hold,22,Defeat,5,0,5,160,43,921,4,70,-1,,0,5,1,3638542461
gym-crucible-chasm/T16,corridor-hold,23,Victory,7,0,6,192,83,698,3,87,-1,,0,5,0,1746443859
gym-crucible-chasm/T16,corridor-hold,24,Victory,7,0,6,192,61,766,3,91,-1,,0,7,1,2583333998
gym-crucible-chasm/T16,corridor-hold,25,Victory,7,0,6,192,56,616,3,70,-1,,0,5,0,4019162515
gym-crucible-chasm/T16,corridor-hold,26,Defeat,6,0,6,184,69,805,3,113,-1,,0,7,0,1931392558
gym-crucible-chasm/T16,corridor-hold,27,Victory,7,0,6,184,55,547,3,100,-1,,0,8,1,1324565211
gym-crucible-chasm/T16,corridor-hold,28,Victory,7,0,6,184,62,629,2,104,-1,,0,8,0,3778557722
gym-crucible-chasm/T16,corridor-hold,29,Defeat,6,0,6,184,54,862,3,73,-1,,0,5,0,1054740167
gym-crucible-chasm/T16,corridor-hold,30,Victory,7,0,6,184,52,820,2,65,-1,,0,6,0,1752329918
gym-crucible-chasm/T16,corridor-hold,31,Victory,7,0,6,192,50,573,3,87,-1,,0,6,0,1846875382
gym-crucible-chasm/T16,corridor-hold,32,Victory,7,0,6,192,42,681,2,83,-1,,0,6,0,3173533626
gym-crucible-chasm/T16,corridor-hold,33,Victory,7,0,6,168,58,448,3,80,-1,,0,6,1,1720340314
gym-crucible-chasm/T16,corridor-hold,34,Victory,7,0,6,184,64,648,3,104,-1,,0,7,0,2572705993
gym-crucible-chasm/T16,corridor-hold,35,Victory,7,0,6,184,61,596,3,82,-1,,0,7,1,184719625
gym-crucible-chasm/T16,corridor-hold,36,Victory,7,0,6,168,57,603,2,90,-1,,0,6,1,4190437303
gym-crucible-chasm/T16,corridor-hold,37,Victory,7,0,6,192,61,711,3,54,-1,,0,5,1,1374914260
gym-crucible-chasm/T16,corridor-hold,38,Victory,7,0,6,192,56,622,4,100,-1,,0,7,0,2704361218
gym-crucible-chasm/T16,corridor-hold,39,Victory,7,0,6,184,66,759,2,56,-1,,0,4,0,2617747207
gym-crucible-chasm/T16,corridor-hold,40,Victory,7,0,6,192,72,633,3,104,-1,,0,7,0,1536256817
gym-crucible-chasm/T16,corridor-hold,41,Victory,7,0,6,192,57,758,2,87,-1,,0,6,0,1758373624
gym-crucible-chasm/T16,corridor-hold,42,Victory,7,0,6,192,61,521,3,100,-1,,0,7,1,2530084261
gym-crucible-chasm/T16,corridor-hold,43,Victory,7,0,6,184,67,408,4,113,-1,,0,8,1,3603859337
gym-crucible-chasm/T16,corridor-hold,44,Victory,7,0,6,168,45,507,3,90,-1,,0,7,1,979159008
gym-crucible-chasm/T16,corridor-hold,45,Defeat,6,0,6,184,67,818,3,78,-1,,0,5,0,1606071707
gym-crucible-chasm/T16,corridor-hold,46,Defeat,6,0,6,184,68,805,3,113,-1,,0,7,0,68635139
gym-crucible-chasm/T16,corridor-hold,47,Defeat,6,0,6,192,60,558,3,100,-1,,0,8,1,662207427
gym-crucible-chasm/T16,corridor-hold,48,Victory,7,0,6,192,57,469,3,95,-1,,0,7,0,1892567263
gym-crucible-chasm/T16,corridor-hold,49,Victory,7,0,6,192,70,646,3,95,-1,,0,7,0,1998142610
gym-crucible-chasm/T16,corridor-hold,50,Victory,7,0,6,176,61,511,3,90,-1,,0,7,1,3051409662
gym-crucible-armor/T01,control-hold,1,Victory,7,0,6,192,66,840,3,75,-1,,0,6,0,1070295182
gym-crucible-armor/T01,control-hold,2,Victory,7,0,6,192,71,738,3,91,-1,,0,7,0,1415897244
gym-crucible-armor/T01,control-hold,3,Victory,7,0,6,192,61,1000,3,83,-1,,0,6,0,2887987341
gym-crucible-armor/T01,control-hold,4,Victory,7,0,6,176,67,920,3,81,-1,,0,6,0,1485817588
gym-crucible-armor/T01,control-hold,5,Victory,7,0,6,192,62,1030,4,100,-1,,0,8,0,1874969917
gym-crucible-armor/T01,control-hold,6,Victory,7,0,6,192,56,890,4,137,-1,,0,7,0,3323333414
gym-crucible-armor/T01,control-hold,7,Victory,7,0,6,192,56,1078,4,95,-1,,0,9,0,882477366
gym-crucible-armor/T01,control-hold,8,Victory,7,0,6,192,60,1058,4,100,-1,,0,8,0,4060745271
gym-crucible-armor/T01,control-hold,9,Victory,7,0,6,192,57,973,4,104,-1,,0,7,0,2402741049
gym-crucible-armor/T01,control-hold,10,Victory,7,0,6,192,65,972,3,79,-1,,0,7,0,3025419207
gym-crucible-armor/T01,control-hold,11,Victory,7,0,6,192,73,995,3,91,-1,,0,7,0,3201700249
gym-crucible-armor/T01,control-hold,12,Victory,7,0,6,192,73,906,3,83,-1,,0,7,0,569766004
gym-crucible-armor/T01,control-hold,13,Victory,7,0,6,176,68,918,4,72,-1,,0,5,1,2539317869
gym-crucible-armor/T01,control-hold,14,Victory,7,0,6,192,68,1070,3,91,-1,,0,7,0,3047711804
gym-crucible-armor/T01,control-hold,15,Victory,7,0,6,192,57,746,3,95,-1,,0,8,0,1869963291
gym-crucible-armor/T01,control-hold,16,Victory,7,0,6,192,72,942,3,91,-1,,0,6,0,1931141136
gym-crucible-armor/T01,control-hold,17,Victory,7,0,6,192,49,1093,3,79,-1,,0,8,0,3757590542
gym-crucible-armor/T01,control-hold,18,Victory,7,0,6,192,58,1015,3,91,-1,,0,7,0,770966505
gym-crucible-armor/T01,control-hold,19,Victory,7,0,6,192,55,961,4,125,-1,,0,8,0,4077829768
gym-crucible-armor/T01,control-hold,20,Victory,7,0,6,192,53,765,4,112,-1,,0,8,0,1112198894
gym-crucible-armor/T01,control-hold,21,Victory,7,0,6,192,62,843,4,104,-1,,0,7,0,1862627864
gym-crucible-armor/T01,control-hold,22,Victory,7,0,6,192,44,885,3,100,-1,,0,7,0,4235863947
gym-crucible-armor/T01,control-hold,23,Victory,7,0,6,192,70,872,4,104,-1,,0,7,0,407859153
gym-crucible-armor/T01,control-hold,24,Victory,7,0,6,192,65,841,3,100,-1,,0,8,0,2052711233
gym-crucible-armor/T01,control-hold,25,Victory,7,0,6,192,72,800,4,91,-1,,0,4,0,4048334864
gym-crucible-armor/T01,control-hold,26,Victory,7,0,6,192,63,710,3,87,-1,,0,5,0,3181794667
gym-crucible-armor/T01,control-hold,27,Victory,7,0,6,176,49,835,4,90,-1,,0,9,0,3820143278
gym-crucible-armor/T01,control-hold,28,Victory,7,0,6,192,59,1001,4,116,-1,,0,7,0,1293173118
gym-crucible-armor/T01,control-hold,29,Victory,7,0,6,192,67,1030,3,91,-1,,0,7,0,924285909
gym-crucible-armor/T01,control-hold,30,Victory,7,0,6,184,73,781,3,100,-1,,0,7,0,273096008
gym-crucible-armor/T01,control-hold,31,Victory,7,0,6,192,69,814,4,104,-1,,0,8,0,4019905278
gym-crucible-armor/T01,control-hold,32,Defeat,6,0,6,176,54,725,4,72,-1,,0,6,0,4167960413
gym-crucible-armor/T01,control-hold,33,Victory,7,0,6,192,62,820,3,79,-1,,0,6,0,3880627771
gym-crucible-armor/T01,control-hold,34,Victory,7,0,6,192,69,1076,3,87,-1,,0,7,0,2048886375
gym-crucible-armor/T01,control-hold,35,Victory,7,0,6,192,57,1108,3,83,-1,,0,8,0,3157599165
gym-crucible-armor/T01,control-hold,36,Victory,7,0,6,192,81,800,3,50,-1,,0,7,0,1229513607
gym-crucible-armor/T01,control-hold,37,Victory,7,0,6,192,61,949,3,100,-1,,0,6,0,1663432353
gym-crucible-armor/T01,control-hold,38,Victory,7,0,6,192,67,979,3,83,-1,,0,7,0,465651730
gym-crucible-armor/T01,control-hold,39,Victory,7,0,6,192,74,1055,4,100,-1,,0,7,0,1941771406
gym-crucible-armor/T01,control-hold,40,Victory,7,0,6,192,55,842,2,79,-1,,0,8,0,3632083324
gym-crucible-armor/T01,control-hold,41,Victory,7,0,6,192,40,990,3,83,-1,,0,9,0,4070558913
gym-crucible-armor/T01,control-hold,42,Victory,7,0,6,192,63,901,3,41,-1,,0,3,0,162480848
gym-crucible-armor/T01,control-hold,43,Victory,7,0,6,192,61,826,4,75,-1,,0,9,0,2474687481
gym-crucible-armor/T01,control-hold,44,Victory,7,0,6,184,55,801,3,104,-1,,0,8,0,4037593248
gym-crucible-armor/T01,control-hold,45,Victory,7,0,6,192,57,1105,3,108,-1,,0,8,0,1682888161
gym-crucible-armor/T01,control-hold,46,Victory,7,0,6,192,69,979,3,91,-1,,0,8,0,3432630173
gym-crucible-armor/T01,control-hold,47,Victory,7,0,6,184,73,793,3,95,-1,,0,7,0,1451525414
gym-crucible-armor/T01,control-hold,48,Victory,7,0,6,192,61,848,3,129,-1,,0,7,0,1240664879
gym-crucible-armor/T01,control-hold,49,Victory,7,0,6,192,59,860,4,91,-1,,0,9,0,3842064918
gym-crucible-armor/T01,control-hold,50,Victory,7,0,6,192,53,803,4,91,-1,,0,7,0,4034351349
gym-crucible-armor/T01,corridor-hold,1,Victory,7,0,6,192,68,820,3,75,-1,,0,6,0,2500461134
gym-crucible-armor/T01,corridor-hold,2,Victory,7,0,6,192,74,902,2,95,-1,,0,7,0,3829098219
gym-crucible-armor/T01,corridor-hold,3,Victory,7,0,6,192,63,744,3,83,-1,,0,6,0,2142295079
gym-crucible-armor/T01,corridor-hold,4,Victory,7,0,6,176,70,838,3,81,-1,,0,6,0,1153590591
gym-crucible-armor/T01,corridor-hold,5,Victory,7,0,6,192,60,753,3,104,-1,,0,7,0,3671804881
gym-crucible-armor/T01,corridor-hold,6,Victory,7,0,6,192,59,752,4,129,-1,,0,7,0,1631677390
gym-crucible-armor/T01,corridor-hold,7,Victory,7,0,6,192,52,855,2,58,-1,,0,8,0,1343389702
gym-crucible-armor/T01,corridor-hold,8,Victory,7,0,6,176,62,878,4,95,-1,,0,8,0,2927087274
gym-crucible-armor/T01,corridor-hold,9,Defeat,5,0,5,160,59,1107,4,85,-1,,0,4,1,3567488468
gym-crucible-armor/T01,corridor-hold,10,Victory,7,0,6,192,71,630,3,87,-1,,0,7,0,2358634097
gym-crucible-armor/T01,corridor-hold,11,Victory,7,0,6,192,76,771,3,100,-1,,0,7,0,2513141180
gym-crucible-armor/T01,corridor-hold,12,Victory,7,0,6,192,75,970,3,108,-1,,0,7,0,545613216
gym-crucible-armor/T01,corridor-hold,13,Victory,7,0,6,192,68,655,4,75,-1,,0,7,0,1051612824
gym-crucible-armor/T01,corridor-hold,14,Defeat,6,0,6,184,68,723,3,78,-1,,0,6,0,814089288
gym-crucible-armor/T01,corridor-hold,15,Victory,7,0,6,192,57,706,3,95,-1,,0,8,0,2017622142
gym-crucible-armor/T01,corridor-hold,16,Defeat,6,0,6,192,67,890,3,95,-1,,0,6,0,240171486
gym-crucible-armor/T01,corridor-hold,17,Victory,7,0,6,192,58,623,3,87,-1,,0,8,0,354071749
gym-crucible-armor/T01,corridor-hold,18,Victory,7,0,6,192,64,812,3,104,-1,,0,7,0,472118014
gym-crucible-armor/T01,corridor-hold,19,Victory,7,0,6,192,65,605,4,104,-1,,0,8,0,440014438
gym-crucible-armor/T01,corridor-hold,20,Victory,7,0,6,184,69,693,3,69,-1,,0,8,1,2421822477
gym-crucible-armor/T01,corridor-hold,21,Victory,7,0,6,192,70,653,4,104,-1,,0,7,0,1654930254
gym-crucible-armor/T01,corridor-hold,22,Victory,7,0,6,176,50,652,4,113,-1,,0,8,0,197320141
gym-crucible-armor/T01,corridor-hold,23,Victory,7,0,6,192,70,834,4,100,-1,,0,7,0,568667847
gym-crucible-armor/T01,corridor-hold,24,Victory,7,0,6,192,66,680,3,100,-1,,0,8,0,3142840106
gym-crucible-armor/T01,corridor-hold,25,Victory,7,0,6,192,83,930,4,95,-1,,0,4,0,2268139759
gym-crucible-armor/T01,corridor-hold,26,Victory,7,0,6,192,57,880,2,66,-1,,0,5,0,3225925267
gym-crucible-armor/T01,corridor-hold,27,Defeat,5,0,5,160,41,1005,4,85,-1,,0,6,1,496031999
gym-crucible-armor/T01,corridor-hold,28,Victory,7,0,6,192,54,683,3,116,-1,,0,7,0,700299625
gym-crucible-armor/T01,corridor-hold,29,Victory,7,0,6,192,72,591,3,95,-1,,0,7,0,209087537
gym-crucible-armor/T01,corridor-hold,30,Victory,7,0,6,184,76,631,3,100,-1,,0,7,0,4043367492
gym-crucible-armor/T01,corridor-hold,31,Victory,7,0,6,192,63,750,4,108,-1,,0,8,0,3752441822
gym-crucible-armor/T01,corridor-hold,32,Victory,7,0,6,192,39,661,4,129,-1,,0,9,0,1555961079
gym-crucible-armor/T01,corridor-hold,33,Victory,7,0,6,192,64,740,3,79,-1,,0,6,0,3139305192
gym-crucible-armor/T01,corridor-hold,34,Victory,7,0,6,192,76,645,3,112,-1,,0,7,0,2848450171
gym-crucible-armor/T01,corridor-hold,35,Victory,7,0,6,192,49,683,3,91,-1,,0,8,0,696998969
gym-crucible-armor/T01,corridor-hold,36,Victory,7,0,6,192,81,800,3,50,-1,,0,7,0,1229513607
gym-crucible-armor/T01,corridor-hold,37,Victory,7,0,6,192,77,680,3,95,-1,,0,6,0,1767458512
gym-crucible-armor/T01,corridor-hold,38,Victory,7,0,6,192,67,759,3,87,-1,,0,7,0,3229590162
gym-crucible-armor/T01,corridor-hold,39,Victory,7,0,6,192,88,688,3,100,-1,,0,7,0,3337660222
gym-crucible-armor/T01,corridor-hold,40,Victory,7,0,6,192,54,697,2,79,-1,,0,8,0,3842055056
gym-crucible-armor/T01,corridor-hold,41,Victory,7,0,6,192,47,820,3,100,-1,,0,9,0,1004327683
gym-crucible-armor/T01,corridor-hold,42,Victory,7,0,6,192,61,901,3,41,-1,,0,3,0,1636530430
gym-crucible-armor/T01,corridor-hold,43,Victory,7,0,6,168,68,790,4,61,-1,,0,9,1,1443652285
gym-crucible-armor/T01,corridor-hold,44,Victory,7,0,6,184,67,638,3,91,-1,,0,8,0,1358834231
gym-crucible-armor/T01,corridor-hold,45,Victory,7,0,6,192,69,655,3,100,-1,,0,8,0,734896119
gym-crucible-armor/T01,corridor-hold,46,Victory,7,0,6,192,72,839,3,100,-1,,0,8,0,3992392734
gym-crucible-armor/T01,corridor-hold,47,Victory,7,0,6,192,68,861,3,100,-1,,0,7,0,4194292956
gym-crucible-armor/T01,corridor-hold,48,Victory,7,0,6,192,48,676,2,91,-1,,0,7,0,1989882903
gym-crucible-armor/T01,corridor-hold,49,Victory,7,0,6,192,63,601,4,87,-1,,0,9,0,2895099501
gym-crucible-armor/T01,corridor-hold,50,Victory,7,0,6,168,57,718,4,80,-1,,0,9,0,2188520725
gym-crucible-armor/T02,control-hold,1,Victory,7,0,6,192,66,840,3,75,-1,,0,6,0,3743416741
gym-crucible-armor/T02,control-hold,2,Victory,7,0,6,192,68,706,3,91,-1,,0,7,0,3491977589
gym-crucible-armor/T02,control-hold,3,Victory,7,0,6,192,63,700,3,83,-1,,0,6,0,653683265
gym-crucible-armor/T02,control-hold,4,Defeat,5,0,5,160,50,956,4,80,-1,,0,5,1,1459644607
gym-crucible-armor/T02,control-hold,5,Victory,7,0,6,184,65,671,3,108,-1,,0,7,0,4113618222
gym-crucible-armor/T02,control-hold,6,Defeat,6,0,6,192,57,931,3,95,-1,,0,6,0,2394875521
gym-crucible-armor/T02,control-hold,7,Victory,7,0,6,184,67,702,3,73,-1,,0,8,0,3005710554
gym-crucible-armor/T02,control-hold,8,Victory,7,0,6,184,70,793,3,91,-1,,0,5,0,2187918591
gym-crucible-armor/T02,control-hold,9,Victory,7,0,6,192,72,711,4,75,-1,,0,7,0,631089362
gym-crucible-armor/T02,control-hold,10,Victory,7,0,6,192,59,710,3,104,-1,,0,6,0,2822793602
gym-crucible-armor/T02,control-hold,11,Victory,7,0,6,192,70,737,3,95,-1,,0,7,0,2397286914
gym-crucible-armor/T02,control-hold,12,Victory,7,0,6,192,70,726,3,116,-1,,0,7,0,314600935
gym-crucible-armor/T02,control-hold,13,Victory,7,0,6,192,59,695,4,75,-1,,0,6,0,4205121674
gym-crucible-armor/T02,control-hold,14,Victory,7,0,6,184,61,618,3,78,-1,,0,6,0,2870726424
gym-crucible-armor/T02,control-hold,15,Defeat,6,0,6,184,48,645,3,73,-1,,0,7,0,3603999008
gym-crucible-armor/T02,control-hold,16,Victory,7,0,6,192,80,861,4,95,-1,,0,6,0,157029733
gym-crucible-armor/T02,control-hold,17,Victory,7,0,6,192,64,630,3,83,-1,,0,8,0,994651721
gym-crucible-armor/T02,control-hold,18,Victory,7,0,6,192,60,651,3,100,-1,,0,8,0,1752987515
gym-crucible-armor/T02,control-hold,19,Victory,7,0,6,184,62,570,4,113,-1,,0,8,0,3490484090
gym-crucible-armor/T02,control-hold,20,Defeat,6,0,6,192,51,902,3,95,-1,,0,8,0,4236476718
gym-crucible-armor/T02,control-hold,21,Victory,7,0,6,184,39,742,4,104,-1,,0,7,0,2503470022
gym-crucible-armor/T02,control-hold,22,Defeat,6,0,6,184,46,790,3,86,-1,,0,7,0,1224149775
gym-crucible-armor/T02,control-hold,23,Victory,7,0,6,192,69,686,3,104,-1,,0,8,0,4087997124
gym-crucible-armor/T02,control-hold,24,Victory,7,0,6,176,56,481,4,113,-1,,0,8,0,2702936827
gym-crucible-armor/T02,control-hold,25,Victory,7,0,6,192,80,865,3,70,-1,,0,4,0,698284133
gym-crucible-armor/T02,control-hold,26,Victory,7,0,6,192,63,710,3,87,-1,,0,5,0,2703478312
gym-crucible-armor/T02,control-hold,27,Victory,7,0,6,176,49,665,4,90,-1,,0,9,0,1533876627
gym-crucible-armor/T02,control-hold,28,Victory,7,0,6,192,58,585,3,112,-1,,0,7,0,2872552403
gym-crucible-armor/T02,control-hold,29,Victory,7,0,6,192,65,655,3,95,-1,,0,7,0,3303823016
gym-crucible-armor/T02,control-hold,30,Victory,7,0,6,184,70,618,3,100,-1,,0,7,0,534735890
gym-crucible-armor/T02,control-hold,31,Victory,7,0,6,192,61,608,4,108,-1,,0,8,0,195517155
gym-crucible-armor/T02,control-hold,32,Victory,7,0,6,176,51,706,4,63,-1,,0,5,1,3856621175
gym-crucible-armor/T02,control-hold,33,Victory,7,0,6,192,64,740,3,79,-1,,0,6,0,3559841827
gym-crucible-armor/T02,control-hold,34,Victory,7,0,6,192,68,635,3,112,-1,,0,7,0,432510783
gym-crucible-armor/T02,control-hold,35,Defeat,4,0,4,128,40,1140,3,62,-1,,0,1,0,2621264324
gym-crucible-armor/T02,control-hold,36,Victory,7,0,6,192,79,800,3,50,-1,,0,7,0,2974525316
gym-crucible-armor/T02,control-hold,37,Defeat,5,0,5,160,57,1084,4,80,-1,,0,5,1,217161813
gym-crucible-armor/T02,control-hold,38,Victory,7,0,6,192,60,744,3,83,-1,,0,7,0,1494881165
gym-crucible-armor/T02,control-hold,39,Victory,7,0,6,192,77,650,4,108,-1,,0,7,0,3137588911
gym-crucible-armor/T02,control-hold,40,Victory,7,0,6,192,53,693,2,87,-1,,0,8,0,3819957354
gym-crucible-armor/T02,control-hold,41,Defeat,5,0,5,160,47,860,4,60,-1,,0,6,1,4068655718
gym-crucible-armor/T02,control-hold,42,Victory,7,0,6,192,62,641,3,70,-1,,0,3,0,1097461761
gym-crucible-armor/T02,control-hold,43,Victory,7,0,6,176,57,662,4,68,-1,,0,9,1,3871537430
gym-crucible-armor/T02,control-hold,44,Victory,7,0,6,184,54,594,3,100,-1,,0,8,0,1137556379
gym-crucible-armor/T02,control-hold,45,Victory,7,0,6,192,64,665,3,95,-1,,0,8,0,2917269000
gym-crucible-armor/T02,control-hold,46,Victory,7,0,6,192,62,666,3,83,-1,,0,9,0,4224140502
gym-crucible-armor/T02,control-hold,47,Victory,7,0,6,184,74,595,3,91,-1,,0,7,0,1264907284
gym-crucible-armor/T02,control-hold,48,Victory,7,0,6,184,71,595,4,126,-1,,0,7,0,2322728105
gym-crucible-armor/T02,control-hold,49,Victory,7,0,6,192,68,621,4,87,-1,,0,9,0,2271457884
gym-crucible-armor/T02,control-hold,50,Victory,7,0,6,176,67,748,4,86,-1,,0,7,0,403936002
gym-crucible-armor/T02,corridor-hold,1,Victory,7,0,6,192,68,820,3,75,-1,,0,6,0,68392141
gym-crucible-armor/T02,corridor-hold,2,Victory,7,0,6,192,71,841,2,95,-1,,0,7,0,1958121186
gym-crucible-armor/T02,corridor-hold,3,Victory,7,0,6,192,63,700,3,83,-1,,0,6,0,653683265
gym-crucible-armor/T02,corridor-hold,4,Victory,7,0,6,184,66,676,4,108,-1,,0,8,0,112315599
gym-crucible-armor/T02,corridor-hold,5,Victory,7,0,6,184,72,651,3,117,-1,,0,7,0,3255891604
gym-crucible-armor/T02,corridor-hold,6,Victory,7,0,6,192,66,735,3,87,-1,,0,6,0,2866676859
gym-crucible-armor/T02,corridor-hold,7,Victory,7,0,6,192,66,623,4,108,-1,,0,8,0,2085920076
gym-crucible-armor/T02,corridor-hold,8,Victory,7,0,6,184,70,793,3,91,-1,,0,5,0,2187918591
gym-crucible-armor/T02,corridor-hold,9,Victory,7,0,6,192,49,654,4,104,-1,,0,7,0,94865625
gym-crucible-armor/T02,corridor-hold,10,Victory,7,0,6,192,67,700,3,104,-1,,0,6,0,239436278
gym-crucible-armor/T02,corridor-hold,11,Victory,7,0,6,192,73,651,3,100,-1,,0,7,0,3243330758
gym-crucible-armor/T02,corridor-hold,12,Victory,7,0,6,192,74,635,4,116,-1,,0,7,0,2889639501
gym-crucible-armor/T02,corridor-hold,13,Victory,7,0,6,176,52,501,4,90,-1,,0,8,0,1055221971
gym-crucible-armor/T02,corridor-hold,14,Defeat,6,0,6,184,68,723,3,78,-1,,0,6,0,1002556851
gym-crucible-armor/T02,corridor-hold,15,Defeat,6,0,6,184,52,703,3,65,-1,,0,7,0,3120383610
gym-crucible-armor/T02,corridor-hold,16,Victory,7,0,6,192,80,861,4,95,-1,,0,6,0,157029733
gym-crucible-armor/T02,corridor-hold,17,Victory,7,0,6,192,59,640,3,87,-1,,0,8,0,4158528152
gym-crucible-armor/T02,corridor-hold,18,Victory,7,0,6,192,62,808,2,83,-1,,0,8,0,194994616
gym-crucible-armor/T02,corridor-hold,19,Victory,7,0,6,192,65,605,4,104,-1,,0,8,0,575059957
gym-crucible-armor/T02,corridor-hold,20,Victory,7,0,6,184,69,693,3,69,-1,,0,8,1,1176321622
gym-crucible-armor/T02,corridor-hold,21,Victory,7,0,6,192,67,640,4,104,-1,,0,7,0,1334366870
gym-crucible-armor/T02,corridor-hold,22,Defeat,6,0,6,176,52,801,4,109,-1,,0,8,0,1829006000
gym-crucible-armor/T02,corridor-hold,23,Victory,7,0,6,192,66,686,3,108,-1,,0,8,0,2793796283
gym-crucible-armor/T02,corridor-hold,24,Victory,7,0,6,184,50,691,3,108,-1,,0,8,0,1754995479
gym-crucible-armor/T02,corridor-hold,25,Victory,7,0,6,192,78,944,3,75,-1,,0,4,0,2647295673
gym-crucible-armor/T02,corridor-hold,26,Victory,7,0,6,192,55,910,2,62,-1,,0,5,0,1923246757
gym-crucible-armor/T02,corridor-hold,27,Victory,7,0,6,192,51,607,4,112,-1,,0,9,0,193996100
gym-crucible-armor/T02,corridor-hold,28,Victory,7,0,6,192,61,637,2,100,-1,,0,7,0,996086616
gym-crucible-armor/T02,corridor-hold,29,Victory,7,0,6,192,68,591,3,91,-1,,0,7,0,372712335
gym-crucible-armor/T02,corridor-hold,30,Victory,7,0,6,184,73,618,3,100,-1,,0,7,0,2924778247
gym-crucible-armor/T02,corridor-hold,31,Victory,7,0,6,192,61,608,4,108,-1,,0,8,0,195517155
gym-crucible-armor/T02,corridor-hold,32,Defeat,6,0,6,192,60,820,3,75,-1,,0,6,1,1151001775
gym-crucible-armor/T02,corridor-hold,33,Victory,7,0,6,192,64,740,3,79,-1,,0,6,0,3559841827
gym-crucible-armor/T02,corridor-hold,34,Victory,7,0,6,176,72,533,4,95,-1,,0,7,0,1518231056
gym-crucible-armor/T02,corridor-hold,35,Defeat,5,0,5,160,53,1061,4,80,-1,,0,4,1,1364685110
gym-crucible-armor/T02,corridor-hold,36,Victory,7,0,6,192,79,800,3,50,-1,,0,7,0,2974525316
gym-crucible-armor/T02,corridor-hold,37,Defeat,5,0,5,160,55,1084,4,80,-1,,0,5,1,2028427224
gym-crucible-armor/T02,corridor-hold,38,Victory,7,0,6,192,65,759,3,87,-1,,0,7,0,3470380625
gym-crucible-armor/T02,corridor-hold,39,Defeat,6,0,6,176,74,771,4,118,-1,,0,7,0,3869039226
gym-crucible-armor/T02,corridor-hold,40,Victory,7,0,6,192,54,550,2,87,-1,,0,8,0,3654096204
gym-crucible-armor/T02,corridor-hold,41,Victory,7,0,6,192,58,748,3,95,-1,,0,9,0,2482200300
gym-crucible-armor/T02,corridor-hold,42,Victory,7,0,6,192,62,641,3,70,-1,,0,3,0,1097461761
gym-crucible-armor/T02,corridor-hold,43,Victory,7,0,6,168,58,662,4,76,-1,,0,9,0,298349934
gym-crucible-armor/T02,corridor-hold,44,Victory,7,0,6,184,66,618,3,104,-1,,0,8,0,285279368
gym-crucible-armor/T02,corridor-hold,45,Victory,7,0,6,192,69,655,3,100,-1,,0,8,0,2247188940
gym-crucible-armor/T02,corridor-hold,46,Victory,7,0,6,192,65,683,3,95,-1,,0,9,0,589446943
gym-crucible-armor/T02,corridor-hold,47,Victory,7,0,6,192,65,671,3,100,-1,,0,7,0,2381934474
gym-crucible-armor/T02,corridor-hold,48,Victory,7,0,6,192,48,676,2,91,-1,,0,7,0,1117267964
gym-crucible-armor/T02,corridor-hold,49,Victory,7,0,6,192,63,601,4,87,-1,,0,9,0,3522325885
gym-crucible-armor/T02,corridor-hold,50,Victory,7,0,6,160,57,670,4,85,-1,,0,9,0,3520623689
gym-crucible-armor/T03,control-hold,1,Victory,7,0,6,192,71,920,3,66,-1,,0,5,0,2581560965
gym-crucible-armor/T03,control-hold,2,Victory,7,0,6,192,80,942,3,100,-1,,0,7,0,1332128498
gym-crucible-armor/T03,control-hold,3,Victory,7,0,6,192,77,840,4,100,-1,,0,6,1,3875519598
gym-crucible-armor/T03,control-hold,4,Victory,7,0,6,176,68,920,3,81,-1,,0,6,0,4241679421
gym-crucible-armor/T03,control-hold,5,Victory,7,0,6,192,67,1030,4,100,-1,,0,8,0,3782627921
gym-crucible-armor/T03,control-hold,6,Victory,7,0,6,192,65,890,4,137,-1,,0,7,0,3860127389
gym-crucible-armor/T03,control-hold,7,Victory,7,0,6,192,68,873,3,87,-1,,0,8,0,4144148520
gym-crucible-armor/T03,control-hold,8,Defeat,6,0,6,192,61,957,3,87,-1,,0,8,0,1984497945
gym-crucible-armor/T03,control-hold,9,Victory,7,0,6,192,53,1124,4,95,-1,,0,9,0,4146965372
gym-crucible-armor/T03,control-hold,10,Victory,7,0,6,184,65,887,4,121,-1,,0,7,0,3149058079
gym-crucible-armor/T03,control-hold,11,Victory,7,0,6,192,82,995,3,91,-1,,0,7,0,3551544162
gym-crucible-armor/T03,control-hold,12,Victory,7,0,6,192,74,814,4,108,-1,,0,7,0,487844581
gym-crucible-armor/T03,control-hold,13,Victory,7,0,6,192,66,783,4,95,-1,,0,7,0,1990899341
gym-crucible-armor/T03,control-hold,14,Victory,7,0,6,184,68,901,4,104,-1,,0,7,0,1455805820
gym-crucible-armor/T03,control-hold,15,Victory,7,0,6,192,63,788,4,100,-1,,0,8,0,2116639120
gym-crucible-armor/T03,control-hold,16,Victory,7,0,6,192,67,916,4,95,-1,,0,9,0,3749370798
gym-crucible-armor/T03,control-hold,17,Victory,7,0,6,192,75,820,3,87,-1,,0,7,0,3066453779
gym-crucible-armor/T03,control-hold,18,Victory,7,0,6,192,66,1094,3,108,-1,,0,6,0,2227248890
gym-crucible-armor/T03,control-hold,19,Victory,7,0,6,192,64,971,3,100,-1,,0,7,0,2309612311
gym-crucible-armor/T03,control-hold,20,Victory,7,0,6,192,57,924,4,104,-1,,0,8,0,666358007
gym-crucible-armor/T03,control-hold,21,Victory,7,0,6,192,68,832,4,95,-1,,0,7,0,2626534850
gym-crucible-armor/T03,control-hold,22,Victory,7,0,6,192,47,930,4,104,-1,,0,8,0,228326738
gym-crucible-armor/T03,control-hold,23,Victory,7,0,6,192,72,866,2,87,-1,,0,7,0,3608029926
gym-crucible-armor/T03,control-hold,24,Victory,7,0,6,192,49,933,2,87,-1,,0,8,0,3696790408
gym-crucible-armor/T03,control-hold,25,Victory,7,0,6,192,75,983,3,87,-1,,0,4,0,3775387373
gym-crucible-armor/T03,control-hold,26,Victory,7,0,6,192,81,973,3,83,-1,,0,5,0,1584510876
gym-crucible-armor/T03,control-hold,27,Victory,7,0,6,192,50,815,3,87,-1,,0,9,0,1283345234
gym-crucible-armor/T03,control-hold,28,Victory,7,0,6,192,67,1001,4,108,-1,,0,7,0,2877013349
gym-crucible-armor/T03,control-hold,29,Victory,7,0,6,192,72,1065,4,91,-1,,0,7,0,2635696107
gym-crucible-armor/T03,control-hold,30,Victory,7,0,6,192,66,994,3,87,-1,,0,8,0,1764021103
gym-crucible-armor/T03,control-hold,31,Victory,7,0,6,192,72,829,3,91,-1,,0,6,0,394616055
gym-crucible-armor/T03,control-hold,32,Victory,7,0,6,192,69,973,4,79,-1,,0,6,0,3244099675
gym-crucible-armor/T03,control-hold,33,Victory,7,0,6,192,63,957,3,75,-1,,0,7,0,3215202615
gym-crucible-armor/T03,control-hold,34,Victory,7,0,6,192,68,857,3,116,-1,,0,7,0,3222395554
gym-crucible-armor/T03,control-hold,35,Victory,7,0,6,192,58,951,4,108,-1,,0,8,0,16297729
gym-crucible-armor/T03,control-hold,36,Victory,7,0,6,192,81,800,3,50,-1,,0,7,0,3359863316
gym-crucible-armor/T03,control-hold,37,Victory,7,0,6,192,70,1073,3,100,-1,,0,6,0,24719268
gym-crucible-armor/T03,control-hold,38,Victory,7,0,6,184,58,913,3,91,-1,,0,8,0,3389745070
gym-crucible-armor/T03,control-hold,39,Victory,7,0,6,192,77,1039,3,100,-1,,0,7,0,2266616931
gym-crucible-armor/T03,control-hold,40,Victory,7,0,6,192,70,723,3,104,-1,,0,8,0,665986820
gym-crucible-armor/T03,control-hold,41,Victory,7,0,6,192,48,1043,4,116,-1,,0,8,0,584931933
gym-crucible-armor/T03,control-hold,42,Victory,7,0,6,192,72,889,3,66,-1,,0,3,0,3447665676
gym-crucible-armor/T03,control-hold,43,Victory,7,0,6,192,62,960,4,108,-1,,0,8,0,1133576414
gym-crucible-armor/T03,control-hold,44,Victory,7,0,6,184,71,713,3,82,-1,,0,8,0,2661127020
gym-crucible-armor/T03,control-hold,45,Victory,7,0,6,192,65,1094,3,112,-1,,0,8,0,3379886827
gym-crucible-armor/T03,control-hold,46,Victory,7,0,6,192,83,663,3,112,-1,,0,8,0,3109828640
gym-crucible-armor/T03,control-hold,47,Victory,7,0,6,184,63,745,4,86,-1,,0,7,1,998707437
gym-crucible-armor/T03,control-hold,48,Victory,7,0,6,176,71,772,3,104,-1,,0,7,0,2939411059
gym-crucible-armor/T03,control-hold,49,Victory,7,0,6,192,70,1124,4,100,-1,,0,8,0,104931545
gym-crucible-armor/T03,control-hold,50,Victory,7,0,6,192,58,1094,3,95,-1,,0,7,0,2705771126
gym-crucible-armor/T03,corridor-hold,1,Victory,7,0,6,192,71,920,3,66,-1,,0,5,0,2581560965
gym-crucible-armor/T03,corridor-hold,2,Victory,7,0,6,192,80,862,3,104,-1,,0,7,0,1257717895
gym-crucible-armor/T03,corridor-hold,3,Victory,7,0,6,192,77,840,4,100,-1,,0,6,1,3875519598
gym-crucible-armor/T03,corridor-hold,4,Victory,7,0,6,176,71,838,3,81,-1,,0,6,0,2511058427
gym-crucible-armor/T03,corridor-hold,5,Victory,7,0,6,192,66,753,3,104,-1,,0,7,0,1357715525
gym-crucible-armor/T03,corridor-hold,6,Victory,7,0,6,192,65,752,4,129,-1,,0,7,0,1157283352
gym-crucible-armor/T03,corridor-hold,7,Defeat,6,0,6,192,65,821,3,87,-1,,0,8,0,402419851
gym-crucible-armor/T03,corridor-hold,8,Victory,7,0,6,192,65,785,3,95,-1,,0,8,0,3819112985
gym-crucible-armor/T03,corridor-hold,9,Victory,7,0,6,192,64,645,4,95,-1,,0,9,0,4254360658
gym-crucible-armor/T03,corridor-hold,10,Victory,7,0,6,184,73,575,4,117,-1,,0,7,0,525307303
gym-crucible-armor/T03,corridor-hold,11,Victory,7,0,6,192,82,771,3,100,-1,,0,7,0,1942207638
gym-crucible-armor/T03,corridor-hold,12,Victory,7,0,6,192,79,693,4,100,-1,,0,7,0,704257700
gym-crucible-armor/T03,corridor-hold,13,Victory,7,0,6,192,69,570,4,95,-1,,0,7,0,3133139316
gym-crucible-armor/T03,corridor-hold,14,Defeat,6,0,6,184,67,885,3,95,-1,,0,7,0,3603166763
gym-crucible-armor/T03,corridor-hold,15,Victory,7,0,6,192,63,802,4,108,-1,,0,8,0,3813309092
gym-crucible-armor/T03,corridor-hold,16,Victory,7,0,6,192,56,760,4,104,-1,,0,9,0,2183801741
gym-crucible-armor/T03,corridor-hold,17,Victory,7,0,6,192,75,820,3,87,-1,,0,7,0,3066453779
gym-crucible-armor/T03,corridor-hold,18,Victory,7,0,6,192,65,762,3,104,-1,,0,6,0,2359806212
gym-crucible-armor/T03,corridor-hold,19,Victory,7,0,6,192,64,580,4,108,-1,,0,7,0,4086228544
gym-crucible-armor/T03,corridor-hold,20,Defeat,6,0,6,184,55,819,4,108,-1,,0,8,0,243212529
gym-crucible-armor/T03,corridor-hold,21,Victory,7,0,6,192,68,832,4,95,-1,,0,7,0,2626534850
gym-crucible-armor/T03,corridor-hold,22,Victory,7,0,6,192,45,726,4,125,-1,,0,8,0,3647346057
gym-crucible-armor/T03,corridor-hold,23,Victory,7,0,6,192,78,768,2,91,-1,,0,7,0,2914485969
gym-crucible-armor/T03,corridor-hold,24,Victory,7,0,6,192,60,660,3,91,-1,,0,8,0,3341842745
gym-crucible-armor/T03,corridor-hold,25,Victory,7,0,6,192,89,930,4,95,-1,,0,4,0,3309241991
gym-crucible-armor/T03,corridor-hold,26,Victory,7,0,6,192,84,910,3,83,-1,,0,5,0,3190628967
gym-crucible-armor/T03,corridor-hold,27,Victory,7,0,6,192,48,767,3,87,-1,,0,9,0,4193073540
gym-crucible-armor/T03,corridor-hold,28,Victory,7,0,6,192,58,739,3,116,-1,,0,7,0,1430665507
gym-crucible-armor/T03,corridor-hold,29,Victory,7,0,6,192,74,630,4,108,-1,,0,7,0,1795571984
gym-crucible-armor/T03,corridor-hold,30,Victory,7,0,6,184,57,814,3,86,-1,,0,8,0,750681389
gym-crucible-armor/T03,corridor-hold,31,Victory,7,0,6,192,72,829,3,91,-1,,0,6,0,394616055
gym-crucible-armor/T03,corridor-hold,32,Victory,7,0,6,192,69,973,4,79,-1,,0,6,0,3244099675
gym-crucible-armor/T03,corridor-hold,33,Defeat,6,0,6,192,58,1005,3,66,-1,,0,7,0,2477869529
gym-crucible-armor/T03,corridor-hold,34,Victory,7,0,6,192,77,660,3,112,-1,,0,7,0,573073546
gym-crucible-armor/T03,corridor-hold,35,Victory,7,0,6,192,67,653,3,91,-1,,0,8,0,2864417129
gym-crucible-armor/T03,corridor-hold,36,Victory,7,0,6,192,81,800,3,50,-1,,0,7,0,3359863316
gym-crucible-armor/T03,corridor-hold,37,Victory,7,0,6,192,73,668,3,95,-1,,0,6,0,1904740438
gym-crucible-armor/T03,corridor-hold,38,Defeat,6,0,6,184,59,843,3,86,-1,,0,8,0,3802451752
gym-crucible-armor/T03,corridor-hold,39,Victory,7,0,6,192,74,752,4,112,-1,,0,7,0,4234077735
gym-crucible-armor/T03,corridor-hold,40,Victory,7,0,6,192,70,723,3,104,-1,,0,8,0,665986820
gym-crucible-armor/T03,corridor-hold,41,Victory,7,0,6,192,48,681,4,108,-1,,0,8,0,3564325720
gym-crucible-armor/T03,corridor-hold,42,Victory,7,0,6,192,75,861,3,66,-1,,0,3,0,3265118817
gym-crucible-armor/T03,corridor-hold,43,Victory,7,0,6,192,53,835,4,104,-1,,0,8,0,2802929713
gym-crucible-armor/T03,corridor-hold,44,Victory,7,0,6,184,71,713,3,82,-1,,0,8,0,2661127020
gym-crucible-armor/T03,corridor-hold,45,Victory,7,0,6,192,75,655,3,100,-1,,0,8,0,2051864265
gym-crucible-armor/T03,corridor-hold,46,Victory,7,0,6,192,83,663,3,112,-1,,0,8,0,3109828640
gym-crucible-armor/T03,corridor-hold,47,Victory,7,0,6,184,58,610,3,78,-1,,0,7,1,2575266253
gym-crucible-armor/T03,corridor-hold,48,Victory,7,0,6,176,74,619,3,104,-1,,0,7,0,2380345072
gym-crucible-armor/T03,corridor-hold,49,Victory,7,0,6,192,67,710,3,95,-1,,0,8,0,2773943762
gym-crucible-armor/T03,corridor-hold,50,Victory,7,0,6,192,64,681,3,104,-1,,0,7,0,3717576073
gym-crucible-armor/T04,control-hold,1,Victory,7,0,6,192,71,920,3,66,-1,,0,5,0,139474126
gym-crucible-armor/T04,control-hold,2,Victory,7,0,6,192,77,801,3,104,-1,,0,7,0,2850390534
gym-crucible-armor/T04,control-hold,3,Victory,7,0,6,192,77,840,4,95,-1,,0,6,1,1768234533
gym-crucible-armor/T04,control-hold,4,Victory,7,0,6,192,65,630,3,91,-1,,0,8,0,1148834953
gym-crucible-armor/T04,control-hold,5,Victory,7,0,6,184,66,627,3,104,-1,,0,7,0,1770688199
gym-crucible-armor/T04,control-hold,6,Victory,7,0,6,192,65,735,3,87,-1,,0,6,0,3083628903
gym-crucible-armor/T04,control-hold,7,Victory,7,0,6,192,53,686,3,62,-1,,0,5,0,4112029800
gym-crucible-armor/T04,control-hold,8,Victory,7,0,6,184,73,876,3,86,-1,,0,5,0,2359321675
gym-crucible-armor/T04,control-hold,9,Victory,7,0,6,192,64,674,4,91,-1,,0,9,0,4135725548
gym-crucible-armor/T04,control-hold,10,Victory,7,0,6,192,64,700,3,104,-1,,0,6,0,2112194436
gym-crucible-armor/T04,control-hold,11,Victory,7,0,6,192,79,651,3,100,-1,,0,7,0,824573602
gym-crucible-armor/T04,control-hold,12,Victory,7,0,6,192,75,715,3,91,-1,,0,7,0,3417936841
gym-crucible-armor/T04,control-hold,13,Victory,7,0,6,192,65,631,4,112,-1,,0,7,0,1349161109
gym-crucible-armor/T04,control-hold,14,Defeat,6,0,6,184,67,789,3,95,-1,,0,7,0,1444749016
gym-crucible-armor/T04,control-hold,15,Defeat,6,0,6,184,55,715,3,65,-1,,0,7,0,1157400209
gym-crucible-armor/T04,control-hold,16,Defeat,6,0,6,192,54,833,4,108,-1,,0,9,0,985934499
gym-crucible-armor/T04,control-hold,17,Victory,7,0,6,192,75,810,3,87,-1,,0,7,0,2805888926
gym-crucible-armor/T04,control-hold,18,Victory,7,0,6,192,73,774,4,79,-1,,0,5,0,2101548683
gym-crucible-armor/T04,control-hold,19,Victory,7,0,6,192,64,580,4,108,-1,,0,7,0,1303612195
gym-crucible-armor/T04,control-hold,20,Defeat,6,0,6,184,52,797,4,108,-1,,0,8,0,4169622359
gym-crucible-armor/T04,control-hold,21,Victory,7,0,6,192,59,731,3,66,-1,,0,7,0,1333572870
gym-crucible-armor/T04,control-hold,22,Victory,7,0,6,184,54,610,4,117,-1,,0,8,0,2449805747
gym-crucible-armor/T04,control-hold,23,Victory,7,0,6,192,66,570,3,112,-1,,0,7,0,3873556391
gym-crucible-armor/T04,control-hold,24,Victory,7,0,6,184,66,574,4,113,-1,,0,8,0,168671721
gym-crucible-armor/T04,control-hold,25,Victory,7,0,6,192,83,934,3,75,-1,,0,4,0,26824234
gym-crucible-armor/T04,control-hold,26,Victory,7,0,6,192,81,910,3,83,-1,,0,5,0,2267673404
gym-crucible-armor/T04,control-hold,27,Victory,7,0,6,192,40,631,4,108,-1,,0,9,0,1456488091
gym-crucible-armor/T04,control-hold,28,Victory,7,0,6,192,61,585,3,104,-1,,0,7,0,969572485
gym-crucible-armor/T04,control-hold,29,Victory,7,0,6,192,70,630,4,100,-1,,0,7,0,1314337487
gym-crucible-armor/T04,control-hold,30,Victory,7,0,6,192,76,630,3,100,-1,,0,8,0,4108198043
gym-crucible-armor/T04,control-hold,31,Defeat,6,0,6,184,46,831,4,82,-1,,0,8,0,2458398868
gym-crucible-armor/T04,control-hold,32,Victory,7,0,6,192,64,897,4,79,-1,,0,6,0,230813360
gym-crucible-armor/T04,control-hold,33,Victory,7,0,6,192,66,768,3,79,-1,,0,7,0,1725637093
gym-crucible-armor/T04,control-hold,34,Victory,7,0,6,176,77,533,4,86,-1,,0,7,0,696933269
gym-crucible-armor/T04,control-hold,35,Victory,7,0,6,192,68,575,4,108,-1,,0,7,0,2455622199
gym-crucible-armor/T04,control-hold,36,Victory,7,0,6,192,79,800,3,50,-1,,0,7,0,47389271
gym-crucible-armor/T04,control-hold,37,Defeat,5,0,5,160,57,1084,4,80,-1,,0,5,1,1493164526
gym-crucible-armor/T04,control-hold,38,Defeat,6,0,6,184,59,843,3,86,-1,,0,8,0,2573033579
gym-crucible-armor/T04,control-hold,39,Victory,7,0,6,192,71,682,4,112,-1,,0,7,0,3732040015
gym-crucible-armor/T04,control-hold,40,Victory,7,0,6,192,65,690,3,104,-1,,0,8,0,3513601257
gym-crucible-armor/T04,control-hold,41,Victory,7,0,6,184,48,650,3,113,-1,,0,8,0,2535834401
gym-crucible-armor/T04,control-hold,42,Victory,7,0,6,192,69,716,3,70,-1,,0,3,0,3059198552
gym-crucible-armor/T04,control-hold,43,Victory,7,0,6,192,56,635,3,87,-1,,0,8,0,4101544169
gym-crucible-armor/T04,control-hold,44,Victory,7,0,6,184,67,675,3,108,-1,,0,9,0,3937803184
gym-crucible-armor/T04,control-hold,45,Victory,7,0,6,192,75,655,3,100,-1,,0,8,0,2386246354
gym-crucible-armor/T04,control-hold,46,Defeat,6,0,6,192,58,841,3,95,-1,,0,8,0,3873767583
gym-crucible-armor/T04,control-hold,47,Victory,7,0,6,184,58,610,3,78,-1,,0,7,1,2876825174
gym-crucible-armor/T04,control-hold,48,Victory,7,0,6,176,79,619,3,104,-1,,0,7,0,2088361105
gym-crucible-armor/T04,control-hold,49,Victory,7,0,6,192,65,655,3,87,-1,,0,8,0,1039884476
gym-crucible-armor/T04,control-hold,50,Victory,7,0,6,192,66,655,3,104,-1,,0,7,0,628293864
gym-crucible-armor/T04,corridor-hold,1,Victory,7,0,6,192,71,920,3,66,-1,,0,5,0,139474126
gym-crucible-armor/T04,corridor-hold,2,Victory,7,0,6,192,77,801,3,104,-1,,0,7,0,2850390534
gym-crucible-armor/T04,corridor-hold,3,Victory,7,0,6,192,77,840,4,95,-1,,0,6,1,1768234533
gym-crucible-armor/T04,corridor-hold,4,Victory,7,0,6,192,65,630,3,91,-1,,0,8,0,1148834953
gym-crucible-armor/T04,corridor-hold,5,Victory,7,0,6,184,66,627,3,104,-1,,0,7,0,1770688199
gym-crucible-armor/T04,corridor-hold,6,Victory,7,0,6,192,65,735,3,87,-1,,0,6,0,3083628903
gym-crucible-armor/T04,corridor-hold,7,Victory,7,0,6,192,53,686,3,62,-1,,0,5,0,4112029800
gym-crucible-armor/T04,corridor-hold,8,Victory,7,0,6,184,73,876,3,86,-1,,0,5,0,2359321675
gym-crucible-armor/T04,corridor-hold,9,Victory,7,0,6,192,64,674,4,91,-1,,0,9,0,4135725548
gym-crucible-armor/T04,corridor-hold,10,Victory,7,0,6,192,64,700,3,104,-1,,0,6,0,2112194436
gym-crucible-armor/T04,corridor-hold,11,Victory,7,0,6,192,79,651,3,100,-1,,0,7,0,824573602
gym-crucible-armor/T04,corridor-hold,12,Victory,7,0,6,192,75,715,3,91,-1,,0,7,0,3417936841
gym-crucible-armor/T04,corridor-hold,13,Victory,7,0,6,192,65,631,4,112,-1,,0,7,0,1349161109
gym-crucible-armor/T04,corridor-hold,14,Defeat,6,0,6,184,67,789,3,95,-1,,0,7,0,1444749016
gym-crucible-armor/T04,corridor-hold,15,Defeat,6,0,6,184,55,715,3,65,-1,,0,7,0,1157400209
gym-crucible-armor/T04,corridor-hold,16,Defeat,6,0,6,192,54,833,4,108,-1,,0,9,0,985934499
gym-crucible-armor/T04,corridor-hold,17,Victory,7,0,6,192,75,810,3,87,-1,,0,7,0,2805888926
gym-crucible-armor/T04,corridor-hold,18,Victory,7,0,6,192,73,774,4,79,-1,,0,5,0,2101548683
gym-crucible-armor/T04,corridor-hold,19,Victory,7,0,6,192,64,580,4,108,-1,,0,7,0,1303612195
gym-crucible-armor/T04,corridor-hold,20,Defeat,6,0,6,184,52,797,4,108,-1,,0,8,0,4169622359
gym-crucible-armor/T04,corridor-hold,21,Victory,7,0,6,192,59,731,3,66,-1,,0,7,0,1333572870
gym-crucible-armor/T04,corridor-hold,22,Victory,7,0,6,184,54,610,4,117,-1,,0,8,0,2449805747
gym-crucible-armor/T04,corridor-hold,23,Victory,7,0,6,192,66,570,3,112,-1,,0,7,0,3873556391
gym-crucible-armor/T04,corridor-hold,24,Victory,7,0,6,184,66,574,4,113,-1,,0,8,0,168671721
gym-crucible-armor/T04,corridor-hold,25,Victory,7,0,6,192,83,934,3,75,-1,,0,4,0,26824234
gym-crucible-armor/T04,corridor-hold,26,Victory,7,0,6,192,81,910,3,83,-1,,0,5,0,2267673404
gym-crucible-armor/T04,corridor-hold,27,Victory,7,0,6,192,40,631,4,108,-1,,0,9,0,1456488091
gym-crucible-armor/T04,corridor-hold,28,Victory,7,0,6,192,61,585,3,104,-1,,0,7,0,969572485
gym-crucible-armor/T04,corridor-hold,29,Victory,7,0,6,192,70,630,4,100,-1,,0,7,0,1314337487
gym-crucible-armor/T04,corridor-hold,30,Victory,7,0,6,192,76,630,3,100,-1,,0,8,0,4108198043
gym-crucible-armor/T04,corridor-hold,31,Defeat,6,0,6,184,46,831,4,82,-1,,0,8,0,2458398868
gym-crucible-armor/T04,corridor-hold,32,Victory,7,0,6,192,64,897,4,79,-1,,0,6,0,230813360
gym-crucible-armor/T04,corridor-hold,33,Victory,7,0,6,192,66,768,3,79,-1,,0,7,0,1725637093
gym-crucible-armor/T04,corridor-hold,34,Victory,7,0,6,176,77,533,4,86,-1,,0,7,0,696933269
gym-crucible-armor/T04,corridor-hold,35,Victory,7,0,6,192,68,575,4,108,-1,,0,7,0,2455622199
gym-crucible-armor/T04,corridor-hold,36,Victory,7,0,6,192,79,800,3,50,-1,,0,7,0,47389271
gym-crucible-armor/T04,corridor-hold,37,Defeat,5,0,5,160,57,1084,4,80,-1,,0,5,1,1493164526
gym-crucible-armor/T04,corridor-hold,38,Defeat,6,0,6,184,59,843,3,86,-1,,0,8,0,2573033579
gym-crucible-armor/T04,corridor-hold,39,Victory,7,0,6,192,71,682,4,112,-1,,0,7,0,3732040015
gym-crucible-armor/T04,corridor-hold,40,Victory,7,0,6,192,65,690,3,104,-1,,0,8,0,3513601257
gym-crucible-armor/T04,corridor-hold,41,Victory,7,0,6,184,48,650,3,113,-1,,0,8,0,2535834401
gym-crucible-armor/T04,corridor-hold,42,Victory,7,0,6,192,69,716,3,70,-1,,0,3,0,3059198552
gym-crucible-armor/T04,corridor-hold,43,Victory,7,0,6,192,56,635,3,87,-1,,0,8,0,4101544169
gym-crucible-armor/T04,corridor-hold,44,Victory,7,0,6,184,67,675,3,108,-1,,0,9,0,3937803184
gym-crucible-armor/T04,corridor-hold,45,Victory,7,0,6,192,75,655,3,100,-1,,0,8,0,2386246354
gym-crucible-armor/T04,corridor-hold,46,Defeat,6,0,6,192,58,841,3,95,-1,,0,8,0,3873767583
gym-crucible-armor/T04,corridor-hold,47,Victory,7,0,6,184,58,610,3,78,-1,,0,7,1,2876825174
gym-crucible-armor/T04,corridor-hold,48,Victory,7,0,6,176,79,619,3,104,-1,,0,7,0,2088361105
gym-crucible-armor/T04,corridor-hold,49,Victory,7,0,6,192,65,655,3,87,-1,,0,8,0,1039884476
gym-crucible-armor/T04,corridor-hold,50,Victory,7,0,6,192,66,655,3,104,-1,,0,7,0,628293864
gym-crucible-armor/T05,control-hold,1,Victory,7,0,6,192,63,840,3,75,-1,,0,6,0,3790822372
gym-crucible-armor/T05,control-hold,2,Victory,7,0,6,192,80,738,3,100,-1,,0,7,0,2396563890
gym-crucible-armor/T05,control-hold,3,Victory,7,0,6,192,58,1000,3,83,-1,,0,6,0,511412757
gym-crucible-armor/T05,control-hold,4,Victory,7,0,6,192,62,830,3,83,-1,,0,5,0,1837901624
gym-crucible-armor/T05,control-hold,5,Victory,7,0,6,176,59,906,3,86,-1,,0,6,0,3686123841
gym-crucible-armor/T05,control-hold,6,Victory,7,0,6,192,64,903,3,100,-1,,0,5,0,3567843241
gym-crucible-armor/T05,control-hold,7,Victory,7,0,6,192,61,838,3,75,-1,,0,7,0,1009385599
gym-crucible-armor/T05,control-hold,8,Victory,7,0,6,184,54,833,3,91,-1,,0,8,0,2986203604
gym-crucible-armor/T05,control-hold,9,Victory,7,0,6,192,51,1148,3,95,-1,,0,7,0,534970568
gym-crucible-armor/T05,control-hold,10,Victory,7,0,6,192,63,972,4,91,-1,,0,7,0,2275504107
gym-crucible-armor/T05,control-hold,11,Victory,7,0,6,192,65,1010,2,91,-1,,0,7,0,1966897296
gym-crucible-armor/T05,control-hold,12,Victory,7,0,6,192,63,838,2,79,-1,,0,7,0,3780154656
gym-crucible-armor/T05,control-hold,13,Victory,7,0,6,176,71,800,3,77,-1,,0,5,1,2251988283
gym-crucible-armor/T05,control-hold,14,Defeat,6,0,6,184,66,923,3,113,-1,,0,7,0,906250508
gym-crucible-armor/T05,control-hold,15,Victory,7,0,6,192,56,780,2,83,-1,,0,8,0,17357168
gym-crucible-armor/T05,control-hold,16,Victory,7,0,6,192,72,942,3,91,-1,,0,6,0,3628867843
gym-crucible-armor/T05,control-hold,17,Victory,7,0,6,192,49,1060,3,95,-1,,0,8,0,3962387652
gym-crucible-armor/T05,control-hold,18,Victory,7,0,6,192,59,1014,2,91,-1,,0,7,0,604608977
gym-crucible-armor/T05,control-hold,19,Victory,7,0,6,192,55,946,3,104,-1,,0,8,0,4272333567
gym-crucible-armor/T05,control-hold,20,Victory,7,0,6,192,53,765,4,112,-1,,0,8,0,512304949
gym-crucible-armor/T05,control-hold,21,Victory,7,0,6,192,59,843,4,104,-1,,0,7,0,3059339077
gym-crucible-armor/T05,control-hold,22,Victory,7,0,6,192,47,757,3,104,-1,,0,7,0,3254986921
gym-crucible-armor/T05,control-hold,23,Victory,7,0,6,192,64,926,3,91,-1,,0,7,0,3236100724
gym-crucible-armor/T05,control-hold,24,Victory,7,0,6,192,53,1117,3,95,-1,,0,8,0,2232670476
gym-crucible-armor/T05,control-hold,25,Victory,7,0,6,192,60,1082,4,91,-1,,0,4,0,2562086264
gym-crucible-armor/T05,control-hold,26,Victory,7,0,6,192,57,898,2,79,-1,,0,5,0,2389246492
gym-crucible-armor/T05,control-hold,27,Victory,7,0,6,176,49,899,3,81,-1,,0,9,0,2140910020
gym-crucible-armor/T05,control-hold,28,Victory,7,0,6,192,54,910,3,95,-1,,0,5,0,2509933791
gym-crucible-armor/T05,control-hold,29,Victory,7,0,6,192,67,1030,3,91,-1,,0,7,0,2544255686
gym-crucible-armor/T05,control-hold,30,Victory,7,0,6,184,73,711,3,82,-1,,0,5,0,3146267470
gym-crucible-armor/T05,control-hold,31,Victory,7,0,6,192,58,840,4,95,-1,,0,8,0,1972298565
gym-crucible-armor/T05,control-hold,32,Victory,7,0,6,176,46,866,3,68,-1,,0,6,0,1028162660
gym-crucible-armor/T05,control-hold,33,Victory,7,0,6,192,62,820,3,79,-1,,0,6,0,4024405928
gym-crucible-armor/T05,control-hold,34,Victory,7,0,6,192,64,1049,3,95,-1,,0,7,0,3759505460
gym-crucible-armor/T05,control-hold,35,Victory,7,0,6,192,57,1108,3,83,-1,,0,8,0,2276964918
gym-crucible-armor/T05,control-hold,36,Victory,7,0,6,192,81,800,3,50,-1,,0,7,0,1901705604
gym-crucible-armor/T05,control-hold,37,Victory,7,0,6,192,67,962,3,95,-1,,0,6,0,1689917748
gym-crucible-armor/T05,control-hold,38,Victory,7,0,6,192,62,976,3,95,-1,,0,6,0,1064540714
gym-crucible-armor/T05,control-hold,39,Victory,7,0,6,192,66,1136,3,91,-1,,0,7,0,4148397645
gym-crucible-armor/T05,control-hold,40,Defeat,6,0,6,192,48,1122,3,87,-1,,0,7,0,3146145156
gym-crucible-armor/T05,control-hold,41,Victory,7,0,6,192,40,990,2,83,-1,,0,9,0,422042823
gym-crucible-armor/T05,control-hold,42,Victory,7,0,6,176,51,889,3,68,-1,,0,2,0,2896392729
gym-crucible-armor/T05,control-hold,43,Victory,7,0,6,192,61,826,4,75,-1,,0,9,0,985178418
gym-crucible-armor/T05,control-hold,44,Victory,7,0,6,192,68,807,3,95,-1,,0,7,0,1252424753
gym-crucible-armor/T05,control-hold,45,Victory,7,0,6,192,57,1105,3,108,-1,,0,8,0,1882296738
gym-crucible-armor/T05,control-hold,46,Victory,7,0,6,192,65,950,3,95,-1,,0,8,0,843842853
gym-crucible-armor/T05,control-hold,47,Victory,7,0,6,192,65,932,3,91,-1,,0,7,0,2116536320
gym-crucible-armor/T05,control-hold,48,Victory,7,0,6,192,63,845,2,91,-1,,0,7,0,3785069060
gym-crucible-armor/T05,control-hold,49,Victory,7,0,6,192,56,870,3,87,-1,,0,9,0,72087520
gym-crucible-armor/T05,control-hold,50,Victory,7,0,6,192,56,845,4,95,-1,,0,7,0,500032812
gym-crucible-armor/T05,corridor-hold,1,Victory,7,0,6,192,65,860,2,66,-1,,0,6,0,1920174873
gym-crucible-armor/T05,corridor-hold,2,Victory,7,0,6,192,75,858,3,91,-1,,0,7,0,11341676
gym-crucible-armor/T05,corridor-hold,3,Victory,7,0,6,192,63,744,3,83,-1,,0,6,0,460647764
gym-crucible-armor/T05,corridor-hold,4,Victory,7,0,6,192,64,775,3,83,-1,,0,5,0,3663387026
gym-crucible-armor/T05,corridor-hold,5,Victory,7,0,6,176,66,688,3,86,-1,,0,6,0,1933884733
gym-crucible-armor/T05,corridor-hold,6,Victory,7,0,6,192,68,790,3,100,-1,,0,5,0,2236255870
gym-crucible-armor/T05,corridor-hold,7,Victory,7,0,6,192,64,808,3,75,-1,,0,7,0,165549524
gym-crucible-armor/T05,corridor-hold,8,Defeat,5,0,5,160,51,916,4,75,-1,,0,5,1,3302651148
gym-crucible-armor/T05,corridor-hold,9,Defeat,5,0,5,160,59,1107,4,85,-1,,0,4,1,1218063287
gym-crucible-armor/T05,corridor-hold,10,Victory,7,0,6,192,71,630,3,87,-1,,0,7,0,2742784042
gym-crucible-armor/T05,corridor-hold,11,Victory,7,0,6,192,71,925,2,91,-1,,0,7,0,1715204391
gym-crucible-armor/T05,corridor-hold,12,Victory,7,0,6,192,75,970,3,108,-1,,0,7,0,1644188435
gym-crucible-armor/T05,corridor-hold,13,Victory,7,0,6,192,68,655,4,75,-1,,0,7,0,2610985643
gym-crucible-armor/T05,corridor-hold,14,Defeat,6,0,6,176,71,839,4,104,-1,,0,7,0,2479702338
gym-crucible-armor/T05,corridor-hold,15,Victory,7,0,6,192,56,780,2,83,-1,,0,8,0,2137612762
gym-crucible-armor/T05,corridor-hold,16,Defeat,6,0,6,192,67,890,3,95,-1,,0,6,0,2315140229
gym-crucible-armor/T05,corridor-hold,17,Victory,7,0,6,192,53,817,2,79,-1,,0,8,0,281304145
gym-crucible-armor/T05,corridor-hold,18,Victory,7,0,6,192,66,882,3,104,-1,,0,6,0,3575682074
gym-crucible-armor/T05,corridor-hold,19,Victory,7,0,6,192,59,603,4,91,-1,,0,8,0,4282557163
gym-crucible-armor/T05,corridor-hold,20,Victory,7,0,6,184,71,693,3,69,-1,,0,8,1,2737692950
gym-crucible-armor/T05,corridor-hold,21,Victory,7,0,6,192,67,653,4,104,-1,,0,7,0,3429761539
gym-crucible-armor/T05,corridor-hold,22,Victory,7,0,6,176,55,652,4,113,-1,,0,8,0,4253014785
gym-crucible-armor/T05,corridor-hold,23,Victory,7,0,6,192,64,911,3,91,-1,,0,7,0,3750859957
gym-crucible-armor/T05,corridor-hold,24,Victory,7,0,6,192,59,827,2,79,-1,,0,7,0,1244960611
gym-crucible-armor/T05,corridor-hold,25,Victory,7,0,6,192,83,930,4,95,-1,,0,4,0,1948587884
gym-crucible-armor/T05,corridor-hold,26,Victory,7,0,6,192,62,806,2,66,-1,,0,5,0,1398295267
gym-crucible-armor/T05,corridor-hold,27,Defeat,5,0,5,160,38,1056,4,80,-1,,0,6,1,2617018723
gym-crucible-armor/T05,corridor-hold,28,Victory,7,0,6,192,50,795,3,91,-1,,0,5,0,361780219
gym-crucible-armor/T05,corridor-hold,29,Victory,7,0,6,192,67,721,3,100,-1,,0,7,0,1275493054
gym-crucible-armor/T05,corridor-hold,30,Victory,7,0,6,184,76,711,3,82,-1,,0,5,0,1161828347
gym-crucible-armor/T05,corridor-hold,31,Victory,7,0,6,192,60,682,4,95,-1,,0,8,0,650813888
gym-crucible-armor/T05,corridor-hold,32,Victory,7,0,6,192,36,795,3,133,-1,,0,9,0,1486730695
gym-crucible-armor/T05,corridor-hold,33,Victory,7,0,6,192,64,740,3,79,-1,,0,6,0,3204291459
gym-crucible-armor/T05,corridor-hold,34,Victory,7,0,6,184,65,670,2,100,-1,,0,6,0,1030980641
gym-crucible-armor/T05,corridor-hold,35,Victory,7,0,6,192,50,661,2,83,-1,,0,8,0,3088171130
gym-crucible-armor/T05,corridor-hold,36,Victory,7,0,6,192,81,800,3,50,-1,,0,7,0,1901705604
gym-crucible-armor/T05,corridor-hold,37,Victory,7,0,6,192,71,753,2,87,-1,,0,6,0,3921135049
gym-crucible-armor/T05,corridor-hold,38,Defeat,6,0,6,192,52,811,3,87,-1,,0,6,0,3522854776
gym-crucible-armor/T05,corridor-hold,39,Victory,7,0,6,192,80,806,3,95,-1,,0,6,0,1812497199
gym-crucible-armor/T05,corridor-hold,40,Victory,7,0,6,192,52,1004,2,70,-1,,0,7,0,3451478891
gym-crucible-armor/T05,corridor-hold,41,Victory,7,0,6,192,46,836,3,100,-1,,0,9,0,2442924512
gym-crucible-armor/T05,corridor-hold,42,Victory,7,0,6,176,51,766,3,59,-1,,0,2,0,1693193959
gym-crucible-armor/T05,corridor-hold,43,Victory,7,0,6,168,68,790,4,61,-1,,0,9,1,2581723006
gym-crucible-armor/T05,corridor-hold,44,Victory,7,0,6,184,67,658,3,108,-1,,0,7,0,1556567344
gym-crucible-armor/T05,corridor-hold,45,Victory,7,0,6,192,70,671,2,87,-1,,0,8,0,3388527378
gym-crucible-armor/T05,corridor-hold,46,Victory,7,0,6,192,67,909,2,91,-1,,0,8,0,1346094683
gym-crucible-armor/T05,corridor-hold,47,Victory,7,0,6,192,68,739,3,95,-1,,0,7,0,798768786
gym-crucible-armor/T05,corridor-hold,48,Victory,7,0,6,192,49,781,2,79,-1,,0,6,0,875930464
gym-crucible-armor/T05,corridor-hold,49,Defeat,6,0,6,192,58,846,4,104,-1,,0,9,0,2623752692
gym-crucible-armor/T05,corridor-hold,50,Victory,7,0,6,168,57,718,4,80,-1,,0,9,0,1800232046
gym-crucible-armor/T06,control-hold,1,Victory,7,0,6,192,63,840,3,75,-1,,0,6,0,1019935
gym-crucible-armor/T06,control-hold,2,Victory,7,0,6,192,70,770,3,83,-1,,0,7,0,3422315987
gym-crucible-armor/T06,control-hold,3,Victory,7,0,6,192,63,700,3,83,-1,,0,6,0,1223173994
gym-crucible-armor/T06,control-hold,4,Victory,7,0,6,192,53,760,2,87,-1,,0,8,0,3689265352
gym-crucible-armor/T06,control-hold,5,Victory,7,0,6,192,66,745,2,91,-1,,0,7,0,2627536493
gym-crucible-armor/T06,control-hold,6,Victory,7,0,6,192,64,776,3,75,-1,,0,5,0,2535811790
gym-crucible-armor/T06,control-hold,7,Victory,7,0,6,184,63,813,3,73,-1,,0,7,0,3986546367
gym-crucible-armor/T06,control-hold,8,Victory,7,0,6,184,66,791,3,73,-1,,0,4,0,58935958
gym-crucible-armor/T06,control-hold,9,Victory,7,0,6,176,54,748,3,63,-1,,0,7,0,2806675705
gym-crucible-armor/T06,control-hold,10,Victory,7,0,6,192,58,770,3,91,-1,,0,5,0,1350272511
gym-crucible-armor/T06,control-hold,11,Victory,7,0,6,192,63,766,2,91,-1,,0,7,0,1756259466
gym-crucible-armor/T06,control-hold,12,Victory,7,0,6,192,70,726,3,116,-1,,0,7,0,3481542740
gym-crucible-armor/T06,control-hold,13,Victory,7,0,6,184,54,695,3,69,-1,,0,6,0,1651597646
gym-crucible-armor/T06,control-hold,14,Victory,7,0,6,176,66,588,3,100,-1,,0,7,0,1225701082
gym-crucible-armor/T06,control-hold,15,Victory,7,0,6,192,48,792,3,79,-1,,0,6,0,2909631067
gym-crucible-armor/T06,control-hold,16,Victory,7,0,6,192,80,861,4,95,-1,,0,6,0,1578941390
gym-crucible-armor/T06,control-hold,17,Defeat,6,0,6,192,49,833,2,75,-1,,0,8,0,2026769287
gym-crucible-armor/T06,control-hold,18,Victory,7,0,6,192,58,741,2,87,-1,,0,8,0,3656203748
gym-crucible-armor/T06,control-hold,19,Victory,7,0,6,184,55,560,3,113,-1,,0,8,0,1998190679
gym-crucible-armor/T06,control-hold,20,Victory,7,0,6,192,61,708,3,104,-1,,0,8,0,56714479
gym-crucible-armor/T06,control-hold,21,Victory,7,0,6,192,36,726,3,79,-1,,0,6,0,3903814100
gym-crucible-armor/T06,control-hold,22,Victory,7,0,6,184,58,638,3,91,-1,,0,7,0,261353474
gym-crucible-armor/T06,control-hold,23,Victory,7,0,6,192,69,650,3,104,-1,,0,8,0,3040355602
gym-crucible-armor/T06,control-hold,24,Victory,7,0,6,176,57,612,3,104,-1,,0,8,0,2444149421
gym-crucible-armor/T06,control-hold,25,Victory,7,0,6,192,80,796,3,66,-1,,0,3,0,146342855
gym-crucible-armor/T06,control-hold,26,Victory,7,0,6,192,58,835,2,79,-1,,0,5,0,1083849204
gym-crucible-armor/T06,control-hold,27,Victory,7,0,6,176,47,665,4,90,-1,,0,9,0,3069513987
gym-crucible-armor/T06,control-hold,28,Defeat,6,0,6,192,57,870,2,87,-1,,0,6,0,3656425699
gym-crucible-armor/T06,control-hold,29,Victory,7,0,6,192,62,719,3,100,-1,,0,7,0,3728778997
gym-crucible-armor/T06,control-hold,30,Victory,7,0,6,192,72,678,3,100,-1,,0,5,0,1163724223
gym-crucible-armor/T06,control-hold,31,Victory,7,0,6,192,56,731,3,104,-1,,0,8,0,551978956
gym-crucible-armor/T06,control-hold,32,Victory,7,0,6,176,48,660,3,63,-1,,0,5,1,3711935162
gym-crucible-armor/T06,control-hold,33,Victory,7,0,6,192,64,740,3,79,-1,,0,6,0,2453358792
gym-crucible-armor/T06,control-hold,34,Victory,7,0,6,192,67,666,3,91,-1,,0,6,0,4133337110
gym-crucible-armor/T06,control-hold,35,Defeat,4,0,4,128,40,1140,3,62,-1,,0,1,0,808998431
gym-crucible-armor/T06,control-hold,36,Victory,7,0,6,192,79,800,3,50,-1,,0,7,0,156693895
gym-crucible-armor/T06,control-hold,37,Defeat,5,0,5,160,57,1084,4,80,-1,,0,5,1,1810038742
gym-crucible-armor/T06,control-hold,38,Victory,7,0,6,192,63,747,3,104,-1,,0,6,0,1985836038
gym-crucible-armor/T06,control-hold,39,Victory,7,0,6,192,87,695,3,100,-1,,0,7,0,2581009430
gym-crucible-armor/T06,control-hold,40,Victory,7,0,6,192,53,800,2,79,-1,,0,7,0,2268184588
gym-crucible-armor/T06,control-hold,41,Defeat,5,0,5,160,47,860,4,60,-1,,0,6,1,2132060061
gym-crucible-armor/T06,control-hold,42,Defeat,6,0,6,176,62,873,3,68,-1,,0,2,0,144007436
gym-crucible-armor/T06,control-hold,43,Victory,7,0,6,176,57,662,4,68,-1,,0,9,1,2096996077
gym-crucible-armor/T06,control-hold,44,Victory,7,0,6,192,65,644,3,95,-1,,0,7,0,1119931475
gym-crucible-armor/T06,control-hold,45,Victory,7,0,6,192,66,727,3,100,-1,,0,8,0,3580207347
gym-crucible-armor/T06,control-hold,46,Victory,7,0,6,192,53,626,3,87,-1,,0,9,0,222940671
gym-crucible-armor/T06,control-hold,47,Victory,7,0,6,192,64,698,2,91,-1,,0,7,0,3879575534
gym-crucible-armor/T06,control-hold,48,Victory,7,0,6,192,73,661,3,95,-1,,0,7,0,1117040854
gym-crucible-armor/T06,control-hold,49,Victory,7,0,6,192,63,701,3,95,-1,,0,9,0,3998631179
gym-crucible-armor/T06,control-hold,50,Victory,7,0,6,176,68,748,4,86,-1,,0,7,0,1173741976
gym-crucible-armor/T06,corridor-hold,1,Victory,7,0,6,192,65,860,2,66,-1,,0,6,0,1937452906
gym-crucible-armor/T06,corridor-hold,2,Victory,7,0,6,192,71,735,3,83,-1,,0,7,0,2883820709
gym-crucible-armor/T06,corridor-hold,3,Victory,7,0,6,192,63,700,3,83,-1,,0,6,0,1223173994
gym-crucible-armor/T06,corridor-hold,4,Victory,7,0,6,184,64,629,4,126,-1,,0,8,0,2529761321
gym-crucible-armor/T06,corridor-hold,5,Victory,7,0,6,192,76,713,3,104,-1,,0,7,0,3427763615
gym-crucible-armor/T06,corridor-hold,6,Victory,7,0,6,192,68,771,3,66,-1,,0,5,0,3829122764
gym-crucible-armor/T06,corridor-hold,7,Defeat,6,0,6,184,55,696,4,104,-1,,0,8,0,3135462803
gym-crucible-armor/T06,corridor-hold,8,Victory,7,0,6,184,67,791,3,73,-1,,0,4,0,2906724845
gym-crucible-armor/T06,corridor-hold,9,Victory,7,0,6,192,49,714,4,95,-1,,0,7,0,4013039853
gym-crucible-armor/T06,corridor-hold,10,Victory,7,0,6,192,60,740,3,91,-1,,0,5,0,45950392
gym-crucible-armor/T06,corridor-hold,11,Victory,7,0,6,192,68,807,2,91,-1,,0,7,0,1911861162
gym-crucible-armor/T06,corridor-hold,12,Victory,7,0,6,192,67,636,3,108,-1,,0,7,0,1400491624
gym-crucible-armor/T06,corridor-hold,13,Victory,7,0,6,176,49,501,4,90,-1,,0,8,0,3040740569
gym-crucible-armor/T06,corridor-hold,14,Defeat,6,0,6,176,76,635,4,104,-1,,0,7,0,2381622162
gym-crucible-armor/T06,corridor-hold,15,Victory,7,0,6,184,48,698,3,78,-1,,0,6,0,3390087194
gym-crucible-armor/T06,corridor-hold,16,Victory,7,0,6,192,80,861,4,95,-1,,0,6,0,1578941390
gym-crucible-armor/T06,corridor-hold,17,Victory,7,0,6,192,50,758,2,79,-1,,0,8,0,3204556490
gym-crucible-armor/T06,corridor-hold,18,Victory,7,0,6,192,64,878,2,79,-1,,0,7,0,638348860
gym-crucible-armor/T06,corridor-hold,19,Victory,7,0,6,192,59,603,4,91,-1,,0,8,0,274945248
gym-crucible-armor/T06,corridor-hold,20,Victory,7,0,6,184,71,693,3,69,-1,,0,8,1,61269709
gym-crucible-armor/T06,corridor-hold,21,Victory,7,0,6,192,64,640,4,104,-1,,0,7,0,3378673947
gym-crucible-armor/T06,corridor-hold,22,Victory,7,0,6,176,54,582,4,113,-1,,0,8,0,1766401886
gym-crucible-armor/T06,corridor-hold,23,Victory,7,0,6,192,66,650,3,108,-1,,0,8,0,157689189
gym-crucible-armor/T06,corridor-hold,24,Victory,7,0,6,184,50,630,3,108,-1,,0,8,0,1268058660
gym-crucible-armor/T06,corridor-hold,25,Defeat,6,0,6,192,62,1046,3,66,-1,,0,3,0,3514006425
gym-crucible-armor/T06,corridor-hold,26,Victory,7,0,6,192,65,806,2,66,-1,,0,5,0,3551314800
gym-crucible-armor/T06,corridor-hold,27,Victory,7,0,6,192,41,726,3,100,-1,,0,9,0,2108679063
gym-crucible-armor/T06,corridor-hold,28,Victory,7,0,6,192,54,757,2,91,-1,,0,7,0,3872300699
gym-crucible-armor/T06,corridor-hold,29,Victory,7,0,6,192,65,721,3,100,-1,,0,7,0,3867693469
gym-crucible-armor/T06,corridor-hold,30,Victory,7,0,6,192,72,678,3,100,-1,,0,5,0,1163724223
gym-crucible-armor/T06,corridor-hold,31,Victory,7,0,6,192,56,741,3,104,-1,,0,8,0,624697952
gym-crucible-armor/T06,corridor-hold,32,Victory,7,0,6,184,70,766,3,73,-1,,0,5,0,3811575551
gym-crucible-armor/T06,corridor-hold,33,Victory,7,0,6,192,64,740,3,79,-1,,0,6,0,2453358792
gym-crucible-armor/T06,corridor-hold,34,Victory,7,0,6,192,74,790,3,100,-1,,0,6,0,182653479
gym-crucible-armor/T06,corridor-hold,35,Defeat,5,0,5,160,53,1061,4,80,-1,,0,4,1,2117878663
gym-crucible-armor/T06,corridor-hold,36,Victory,7,0,6,192,79,800,3,50,-1,,0,7,0,156693895
gym-crucible-armor/T06,corridor-hold,37,Defeat,5,0,5,160,55,1084,4,80,-1,,0,5,1,3226941691
gym-crucible-armor/T06,corridor-hold,38,Victory,7,0,6,192,63,754,3,100,-1,,0,6,0,3696680448
gym-crucible-armor/T06,corridor-hold,39,Defeat,6,0,6,176,74,768,4,104,-1,,0,7,0,1212712776
gym-crucible-armor/T06,corridor-hold,40,Victory,7,0,6,192,53,835,2,75,-1,,0,7,0,1800132516
gym-crucible-armor/T06,corridor-hold,41,Victory,7,0,6,192,58,748,3,95,-1,,0,9,0,2593586095
gym-crucible-armor/T06,corridor-hold,42,Defeat,6,0,6,176,62,873,3,68,-1,,0,2,0,2490840412
gym-crucible-armor/T06,corridor-hold,43,Victory,7,0,6,168,58,662,4,76,-1,,0,9,0,3250071701
gym-crucible-armor/T06,corridor-hold,44,Victory,7,0,6,184,64,645,3,108,-1,,0,7,0,2543203171
gym-crucible-armor/T06,corridor-hold,45,Victory,7,0,6,192,70,671,2,87,-1,,0,8,0,1039714265
gym-crucible-armor/T06,corridor-hold,46,Victory,7,0,6,192,60,831,2,87,-1,,0,9,0,3273074688
gym-crucible-armor/T06,corridor-hold,47,Victory,7,0,6,192,65,691,3,95,-1,,0,7,0,1967249386
gym-crucible-armor/T06,corridor-hold,48,Victory,7,0,6,192,49,781,2,79,-1,,0,6,0,2886326179
gym-crucible-armor/T06,corridor-hold,49,Defeat,6,0,6,192,58,846,4,104,-1,,0,9,0,155103127
gym-crucible-armor/T06,corridor-hold,50,Victory,7,0,6,168,55,628,3,80,-1,,0,9,0,3007913831
gym-crucible-armor/T07,control-hold,1,Victory,7,0,6,192,71,920,3,66,-1,,0,5,0,1719181790
gym-crucible-armor/T07,control-hold,2,Victory,7,0,6,192,73,872,3,83,-1,,0,7,0,4011203838
gym-crucible-armor/T07,control-hold,3,Victory,7,0,6,192,74,840,4,91,-1,,0,6,1,731529788
gym-crucible-armor/T07,control-hold,4,Victory,7,0,6,192,65,936,3,83,-1,,0,5,0,2386447314
gym-crucible-armor/T07,control-hold,5,Victory,7,0,6,176,69,905,3,86,-1,,0,6,0,1701025661
gym-crucible-armor/T07,control-hold,6,Victory,7,0,6,192,66,737,3,129,-1,,0,7,0,2182017044
gym-crucible-armor/T07,control-hold,7,Victory,7,0,6,192,63,934,4,91,-1,,0,8,1,2014224243
gym-crucible-armor/T07,control-hold,8,Victory,7,0,6,192,66,989,3,87,-1,,0,7,0,2534643564
gym-crucible-armor/T07,control-hold,9,Victory,7,0,6,192,55,1124,3,87,-1,,0,9,0,1326475761
gym-crucible-armor/T07,control-hold,10,Victory,7,0,6,184,65,913,3,117,-1,,0,7,0,2460699848
gym-crucible-armor/T07,control-hold,11,Victory,7,0,6,192,72,996,2,91,-1,,0,7,0,325512614
gym-crucible-armor/T07,control-hold,12,Victory,7,0,6,192,59,839,2,87,-1,,0,7,0,2988417228
gym-crucible-armor/T07,control-hold,13,Victory,7,0,6,192,59,783,3,95,-1,,0,7,0,75602882
gym-crucible-armor/T07,control-hold,14,Victory,7,0,6,184,77,887,3,100,-1,,0,6,0,518975252
gym-crucible-armor/T07,control-hold,15,Victory,7,0,6,184,55,897,2,69,-1,,0,7,0,933092408
gym-crucible-armor/T07,control-hold,16,Victory,7,0,6,192,64,1041,4,104,-1,,0,9,0,4189544531
gym-crucible-armor/T07,control-hold,17,Victory,7,0,6,192,75,820,3,87,-1,,0,7,0,2830815544
gym-crucible-armor/T07,control-hold,18,Victory,7,0,6,192,69,955,3,91,-1,,0,5,0,2919826613
gym-crucible-armor/T07,control-hold,19,Victory,7,0,6,192,54,971,3,87,-1,,0,7,0,1916284028
gym-crucible-armor/T07,control-hold,20,Victory,7,0,6,192,50,970,3,104,-1,,0,8,0,2601410266
gym-crucible-armor/T07,control-hold,21,Victory,7,0,6,192,68,868,3,91,-1,,0,7,0,698700568
gym-crucible-armor/T07,control-hold,22,Victory,7,0,6,192,50,1055,4,104,-1,,0,8,0,4270590438
gym-crucible-armor/T07,control-hold,23,Victory,7,0,6,192,73,824,2,87,-1,,0,7,0,116269423
gym-crucible-armor/T07,control-hold,24,Victory,7,0,6,192,48,1075,2,87,-1,,0,8,0,2297397501
gym-crucible-armor/T07,control-hold,25,Victory,7,0,6,192,75,983,3,87,-1,,0,4,0,1586677198
gym-crucible-armor/T07,control-hold,26,Victory,7,0,6,192,81,973,3,83,-1,,0,5,0,2044458423
gym-crucible-armor/T07,control-hold,27,Victory,7,0,6,192,48,761,3,83,-1,,0,9,0,492883029
gym-crucible-armor/T07,control-hold,28,Victory,7,0,6,192,58,910,3,83,-1,,0,5,0,3166862013
gym-crucible-armor/T07,control-hold,29,Victory,7,0,6,192,72,1065,4,91,-1,,0,7,0,3955224248
gym-crucible-armor/T07,control-hold,30,Victory,7,0,6,192,66,994,3,87,-1,,0,8,0,1377878996
gym-crucible-armor/T07,control-hold,31,Victory,7,0,6,192,61,699,3,75,-1,,0,5,0,3413966859
gym-crucible-armor/T07,control-hold,32,Victory,7,0,6,192,69,973,4,79,-1,,0,6,0,4152392976
gym-crucible-armor/T07,control-hold,33,Victory,7,0,6,192,63,957,3,75,-1,,0,7,0,97679658
gym-crucible-armor/T07,control-hold,34,Victory,7,0,6,184,63,896,3,91,-1,,0,6,0,745306048
gym-crucible-armor/T07,control-hold,35,Victory,7,0,6,192,58,951,4,108,-1,,0,8,0,475491346
gym-crucible-armor/T07,control-hold,36,Victory,7,0,6,192,81,800,3,50,-1,,0,7,0,1691572919
gym-crucible-armor/T07,control-hold,37,Victory,7,0,6,192,75,1097,2,79,-1,,0,6,0,2412408909
gym-crucible-armor/T07,control-hold,38,Victory,7,0,6,184,61,767,2,60,-1,,0,6,0,40201822
gym-crucible-armor/T07,control-hold,39,Victory,7,0,6,192,77,979,2,91,-1,,0,7,0,3945118819
gym-crucible-armor/T07,control-hold,40,Victory,7,0,6,192,70,723,3,104,-1,,0,8,0,541033263
gym-crucible-armor/T07,control-hold,41,Victory,7,0,6,192,56,1040,4,112,-1,,0,8,0,2427204735
gym-crucible-armor/T07,control-hold,42,Victory,7,0,6,192,52,1032,3,54,-1,,0,3,0,2905437159
gym-crucible-armor/T07,control-hold,43,Victory,7,0,6,192,62,960,4,108,-1,,0,8,0,137540781
gym-crucible-armor/T07,control-hold,44,Victory,7,0,6,192,71,875,2,87,-1,,0,7,0,2105046450
gym-crucible-armor/T07,control-hold,45,Victory,7,0,6,192,65,1094,3,112,-1,,0,8,0,1821165262
gym-crucible-armor/T07,control-hold,46,Victory,7,0,6,192,81,721,2,95,-1,,0,8,0,72126274
gym-crucible-armor/T07,control-hold,47,Victory,7,0,6,184,60,783,3,82,-1,,0,7,0,231960405
gym-crucible-armor/T07,control-hold,48,Victory,7,0,6,176,65,860,3,90,-1,,0,6,0,3436365658
gym-crucible-armor/T07,control-hold,49,Victory,7,0,6,192,56,1112,3,95,-1,,0,8,0,3034817594
gym-crucible-armor/T07,control-hold,50,Victory,7,0,6,192,61,1014,2,91,-1,,0,7,0,550255165
gym-crucible-armor/T07,corridor-hold,1,Victory,7,0,6,192,71,920,3,66,-1,,0,5,0,1719181790
gym-crucible-armor/T07,corridor-hold,2,Victory,7,0,6,192,76,679,3,100,-1,,0,7,0,2139513859
gym-crucible-armor/T07,corridor-hold,3,Victory,7,0,6,192,74,840,4,91,-1,,0,6,1,731529788
gym-crucible-armor/T07,corridor-hold,4,Victory,7,0,6,192,68,803,3,83,-1,,0,5,0,111743059
gym-crucible-armor/T07,corridor-hold,5,Victory,7,0,6,176,72,688,3,86,-1,,0,6,0,286566274
gym-crucible-armor/T07,corridor-hold,6,Victory,7,0,6,192,68,595,3,120,-1,,0,7,0,38428436
gym-crucible-armor/T07,corridor-hold,7,Victory,7,0,6,192,68,762,4,104,-1,,0,8,0,101526656
gym-crucible-armor/T07,corridor-hold,8,Victory,7,0,6,192,61,775,3,100,-1,,0,7,0,1548553306
gym-crucible-armor/T07,corridor-hold,9,Victory,7,0,6,192,58,675,3,95,-1,,0,9,0,331694150
gym-crucible-armor/T07,corridor-hold,10,Victory,7,0,6,184,70,609,3,108,-1,,0,7,0,611628556
gym-crucible-armor/T07,corridor-hold,11,Victory,7,0,6,192,77,925,2,91,-1,,0,7,0,464657711
gym-crucible-armor/T07,corridor-hold,12,Victory,7,0,6,192,67,729,3,95,-1,,0,7,0,1677521415
gym-crucible-armor/T07,corridor-hold,13,Victory,7,0,6,192,62,625,3,95,-1,,0,7,0,4067169167
gym-crucible-armor/T07,corridor-hold,14,Victory,7,0,6,184,77,684,3,100,-1,,0,6,0,4288055073
gym-crucible-armor/T07,corridor-hold,15,Victory,7,0,6,184,55,911,2,73,-1,,0,7,0,3072639892
gym-crucible-armor/T07,corridor-hold,16,Defeat,6,0,6,192,63,900,4,100,-1,,0,9,0,1096261702
gym-crucible-armor/T07,corridor-hold,17,Victory,7,0,6,192,75,820,3,87,-1,,0,7,0,2830815544
gym-crucible-armor/T07,corridor-hold,18,Victory,7,0,6,192,81,856,3,87,-1,,0,5,0,1567014657
gym-crucible-armor/T07,corridor-hold,19,Victory,7,0,6,192,53,749,3,87,-1,,0,7,0,2195538743
gym-crucible-armor/T07,corridor-hold,20,Defeat,6,0,6,184,55,819,4,108,-1,,0,8,0,2767333122
gym-crucible-armor/T07,corridor-hold,21,Victory,7,0,6,192,68,868,3,91,-1,,0,7,0,698700568
gym-crucible-armor/T07,corridor-hold,22,Defeat,5,0,5,160,43,1056,4,80,-1,,0,5,1,2524589289
gym-crucible-armor/T07,corridor-hold,23,Victory,7,0,6,192,59,828,2,100,-1,,0,7,0,2517036191
gym-crucible-armor/T07,corridor-hold,24,Victory,7,0,6,192,50,811,2,83,-1,,0,7,0,139338055
gym-crucible-armor/T07,corridor-hold,25,Victory,7,0,6,192,89,930,4,95,-1,,0,4,0,2329566916
gym-crucible-armor/T07,corridor-hold,26,Victory,7,0,6,192,84,910,3,83,-1,,0,5,0,1153943508
gym-crucible-armor/T07,corridor-hold,27,Victory,7,0,6,192,48,761,3,83,-1,,0,9,0,1238249049
gym-crucible-armor/T07,corridor-hold,28,Victory,7,0,6,192,52,822,3,83,-1,,0,5,0,2408969733
gym-crucible-armor/T07,corridor-hold,29,Victory,7,0,6,192,71,721,3,95,-1,,0,7,0,2817012907
gym-crucible-armor/T07,corridor-hold,30,Victory,7,0,6,184,57,814,3,86,-1,,0,8,0,1893920878
gym-crucible-armor/T07,corridor-hold,31,Victory,7,0,6,192,61,699,3,75,-1,,0,5,0,3413966859
gym-crucible-armor/T07,corridor-hold,32,Victory,7,0,6,192,69,973,4,79,-1,,0,6,0,4152392976
gym-crucible-armor/T07,corridor-hold,33,Defeat,6,0,6,192,58,1005,3,66,-1,,0,7,0,3893130177
gym-crucible-armor/T07,corridor-hold,34,Victory,7,0,6,184,63,825,3,82,-1,,0,6,0,2808809235
gym-crucible-armor/T07,corridor-hold,35,Victory,7,0,6,192,56,860,2,83,-1,,0,8,0,1025076213
gym-crucible-armor/T07,corridor-hold,36,Victory,7,0,6,192,81,800,3,50,-1,,0,7,0,1691572919
gym-crucible-armor/T07,corridor-hold,37,Victory,7,0,6,192,68,752,2,87,-1,,0,6,0,3279780407
gym-crucible-armor/T07,corridor-hold,38,Victory,7,0,6,184,61,767,2,60,-1,,0,6,0,40201822
gym-crucible-armor/T07,corridor-hold,39,Victory,7,0,6,192,80,807,3,104,-1,,0,7,0,521962554
gym-crucible-armor/T07,corridor-hold,40,Victory,7,0,6,192,70,723,3,104,-1,,0,8,0,541033263
gym-crucible-armor/T07,corridor-hold,41,Victory,7,0,6,192,45,746,3,104,-1,,0,8,0,1574239448
gym-crucible-armor/T07,corridor-hold,42,Victory,7,0,6,192,52,883,3,54,-1,,0,3,0,2310740237
gym-crucible-armor/T07,corridor-hold,43,Victory,7,0,6,192,53,835,4,104,-1,,0,8,0,2136893522
gym-crucible-armor/T07,corridor-hold,44,Victory,7,0,6,184,66,789,3,100,-1,,0,7,0,3115489748
gym-crucible-armor/T07,corridor-hold,45,Victory,7,0,6,192,71,721,2,87,-1,,0,8,0,987057422
gym-crucible-armor/T07,corridor-hold,46,Victory,7,0,6,192,81,721,2,95,-1,,0,8,0,72126274
gym-crucible-armor/T07,corridor-hold,47,Victory,7,0,6,184,57,664,3,82,-1,,0,7,0,3354706768
gym-crucible-armor/T07,corridor-hold,48,Victory,7,0,6,176,68,707,3,90,-1,,0,6,0,329645913
gym-crucible-armor/T07,corridor-hold,49,Victory,7,0,6,192,59,780,2,87,-1,,0,8,0,2298694301
gym-crucible-armor/T07,corridor-hold,50,Victory,7,0,6,192,63,750,2,91,-1,,0,7,0,214695124
gym-crucible-armor/T08,control-hold,1,Victory,7,0,6,192,71,920,3,66,-1,,0,5,0,2717871957
gym-crucible-armor/T08,control-hold,2,Victory,7,0,6,192,70,711,3,83,-1,,0,7,0,2834476908
gym-crucible-armor/T08,control-hold,3,Victory,7,0,6,192,75,840,4,100,-1,,0,6,1,330888314
gym-crucible-armor/T08,control-hold,4,Victory,7,0,6,192,69,680,3,87,-1,,0,8,0,3779713463
gym-crucible-armor/T08,control-hold,5,Victory,7,0,6,192,82,713,3,104,-1,,0,7,0,495696978
gym-crucible-armor/T08,control-hold,6,Victory,7,0,6,192,67,731,3,79,-1,,0,6,0,1524288554
gym-crucible-armor/T08,control-hold,7,Victory,7,0,6,192,45,735,3,58,-1,,0,5,0,3931432993
gym-crucible-armor/T08,control-hold,8,Victory,7,0,6,184,66,818,3,65,-1,,0,4,0,329318957
gym-crucible-armor/T08,control-hold,9,Victory,7,0,6,192,56,705,3,91,-1,,0,9,0,3479480595
gym-crucible-armor/T08,control-hold,10,Victory,7,0,6,192,63,740,3,91,-1,,0,5,0,1988054621
gym-crucible-armor/T08,control-hold,11,Victory,7,0,6,192,74,807,2,91,-1,,0,7,0,1886982040
gym-crucible-armor/T08,control-hold,12,Victory,7,0,6,192,66,710,3,95,-1,,0,7,0,3489679537
gym-crucible-armor/T08,control-hold,13,Victory,7,0,6,192,59,631,4,112,-1,,0,7,0,1154847893
gym-crucible-armor/T08,control-hold,14,Victory,7,0,6,184,75,590,3,100,-1,,0,6,0,3918299183
gym-crucible-armor/T08,control-hold,15,Victory,7,0,6,192,51,733,3,83,-1,,0,6,0,27171052
gym-crucible-armor/T08,control-hold,16,Defeat,5,0,5,160,56,1019,4,85,-1,,0,6,1,493592924
gym-crucible-armor/T08,control-hold,17,Victory,7,0,6,192,75,810,3,87,-1,,0,7,0,1004364485
gym-crucible-armor/T08,control-hold,18,Victory,7,0,6,192,73,774,4,79,-1,,0,5,0,1600427160
gym-crucible-armor/T08,control-hold,19,Defeat,6,0,6,192,50,865,2,83,-1,,0,7,0,1046378036
gym-crucible-armor/T08,control-hold,20,Defeat,6,0,6,184,52,797,4,108,-1,,0,8,0,3714646412
gym-crucible-armor/T08,control-hold,21,Victory,7,0,6,192,59,731,3,66,-1,,0,7,0,3478787485
gym-crucible-armor/T08,control-hold,22,Defeat,5,0,5,160,46,1078,4,75,-1,,0,5,1,2572460861
gym-crucible-armor/T08,control-hold,23,Victory,7,0,6,192,59,665,2,83,-1,,0,7,0,3980095871
gym-crucible-armor/T08,control-hold,24,Victory,7,0,6,184,64,699,3,100,-1,,0,8,0,33722992
gym-crucible-armor/T08,control-hold,25,Victory,7,0,6,192,74,841,3,70,-1,,0,3,0,247887055
gym-crucible-armor/T08,control-hold,26,Victory,7,0,6,192,81,910,3,83,-1,,0,5,0,1945507999
gym-crucible-armor/T08,control-hold,27,Victory,7,0,6,192,41,638,4,120,-1,,0,9,0,3667434496
gym-crucible-armor/T08,control-hold,28,Victory,7,0,6,192,57,822,2,91,-1,,0,7,0,463299830
gym-crucible-armor/T08,control-hold,29,Victory,7,0,6,192,69,666,3,95,-1,,0,7,0,2094141088
gym-crucible-armor/T08,control-hold,30,Victory,7,0,6,192,71,725,2,95,-1,,0,8,0,203219067
gym-crucible-armor/T08,control-hold,31,Victory,7,0,6,184,46,711,3,78,-1,,0,8,0,2876317119
gym-crucible-armor/T08,control-hold,32,Victory,7,0,6,192,64,897,4,79,-1,,0,6,0,3293975603
gym-crucible-armor/T08,control-hold,33,Victory,7,0,6,192,63,768,3,79,-1,,0,7,0,832179951
gym-crucible-armor/T08,control-hold,34,Victory,7,0,6,192,74,681,3,100,-1,,0,7,0,2432064664
gym-crucible-armor/T08,control-hold,35,Victory,7,0,6,192,65,591,3,95,-1,,0,7,0,2737233631
gym-crucible-armor/T08,control-hold,36,Victory,7,0,6,192,79,800,3,50,-1,,0,7,0,2097352564
gym-crucible-armor/T08,control-hold,37,Defeat,5,0,5,160,57,1084,4,80,-1,,0,5,1,1892811077
gym-crucible-armor/T08,control-hold,38,Victory,7,0,6,184,58,756,2,60,-1,,0,6,0,1855291243
gym-crucible-armor/T08,control-hold,39,Victory,7,0,6,192,77,737,3,104,-1,,0,7,0,4020490778
gym-crucible-armor/T08,control-hold,40,Victory,7,0,6,192,65,690,3,104,-1,,0,8,0,686718546
gym-crucible-armor/T08,control-hold,41,Victory,7,0,6,184,55,670,3,86,-1,,0,7,0,92962584
gym-crucible-armor/T08,control-hold,42,Defeat,6,0,6,192,50,1073,3,50,-1,,0,3,0,1470524495
gym-crucible-armor/T08,control-hold,43,Victory,7,0,6,192,53,668,2,83,-1,,0,8,0,1551233571
gym-crucible-armor/T08,control-hold,44,Victory,7,0,6,192,74,753,2,91,-1,,0,8,0,94602086
gym-crucible-armor/T08,control-hold,45,Victory,7,0,6,192,71,721,2,87,-1,,0,8,0,931235365
gym-crucible-armor/T08,control-hold,46,Defeat,6,0,6,192,58,841,3,95,-1,,0,8,0,3233342068
gym-crucible-armor/T08,control-hold,47,Victory,7,0,6,184,57,615,3,82,-1,,0,7,0,3175253838
gym-crucible-armor/T08,control-hold,48,Victory,7,0,6,176,65,707,3,90,-1,,0,6,0,3026469842
gym-crucible-armor/T08,control-hold,49,Victory,7,0,6,192,54,750,2,91,-1,,0,8,0,187069404
gym-crucible-armor/T08,control-hold,50,Victory,7,0,6,192,65,750,2,91,-1,,0,7,0,4094274047
gym-crucible-armor/T08,corridor-hold,1,Victory,7,0,6,192,71,920,3,66,-1,,0,5,0,2717871957
gym-crucible-armor/T08,corridor-hold,2,Victory,7,0,6,192,70,711,3,83,-1,,0,7,0,2834476908
gym-crucible-armor/T08,corridor-hold,3,Victory,7,0,6,192,75,840,4,100,-1,,0,6,1,330888314
gym-crucible-armor/T08,corridor-hold,4,Victory,7,0,6,192,69,680,3,87,-1,,0,8,0,3779713463
gym-crucible-armor/T08,corridor-hold,5,Victory,7,0,6,192,82,713,3,104,-1,,0,7,0,495696978
gym-crucible-armor/T08,corridor-hold,6,Victory,7,0,6,192,67,731,3,79,-1,,0,6,0,1524288554
gym-crucible-armor/T08,corridor-hold,7,Victory,7,0,6,192,45,735,3,58,-1,,0,5,0,3931432993
gym-crucible-armor/T08,corridor-hold,8,Victory,7,0,6,184,66,818,3,65,-1,,0,4,0,329318957
gym-crucible-armor/T08,corridor-hold,9,Victory,7,0,6,192,56,705,3,91,-1,,0,9,0,3479480595
gym-crucible-armor/T08,corridor-hold,10,Victory,7,0,6,192,63,740,3,91,-1,,0,5,0,1988054621
gym-crucible-armor/T08,corridor-hold,11,Victory,7,0,6,192,74,807,2,91,-1,,0,7,0,1886982040
gym-crucible-armor/T08,corridor-hold,12,Victory,7,0,6,192,66,710,3,95,-1,,0,7,0,3489679537
gym-crucible-armor/T08,corridor-hold,13,Victory,7,0,6,192,59,631,4,112,-1,,0,7,0,1154847893
gym-crucible-armor/T08,corridor-hold,14,Victory,7,0,6,184,75,590,3,100,-1,,0,6,0,3918299183
gym-crucible-armor/T08,corridor-hold,15,Victory,7,0,6,192,51,733,3,83,-1,,0,6,0,27171052
gym-crucible-armor/T08,corridor-hold,16,Defeat,5,0,5,160,56,1019,4,85,-1,,0,6,1,493592924
gym-crucible-armor/T08,corridor-hold,17,Victory,7,0,6,192,75,810,3,87,-1,,0,7,0,1004364485
gym-crucible-armor/T08,corridor-hold,18,Victory,7,0,6,192,73,774,4,79,-1,,0,5,0,1600427160
gym-crucible-armor/T08,corridor-hold,19,Defeat,6,0,6,192,50,865,2,83,-1,,0,7,0,1046378036
gym-crucible-armor/T08,corridor-hold,20,Defeat,6,0,6,184,52,797,4,108,-1,,0,8,0,3714646412
gym-crucible-armor/T08,corridor-hold,21,Victory,7,0,6,192,59,731,3,66,-1,,0,7,0,3478787485
gym-crucible-armor/T08,corridor-hold,22,Defeat,5,0,5,160,46,1078,4,75,-1,,0,5,1,2572460861
gym-crucible-armor/T08,corridor-hold,23,Victory,7,0,6,192,59,665,2,83,-1,,0,7,0,3980095871
gym-crucible-armor/T08,corridor-hold,24,Victory,7,0,6,184,64,699,3,100,-1,,0,8,0,33722992
gym-crucible-armor/T08,corridor-hold,25,Victory,7,0,6,192,74,841,3,70,-1,,0,3,0,247887055
gym-crucible-armor/T08,corridor-hold,26,Victory,7,0,6,192,81,910,3,83,-1,,0,5,0,1945507999
gym-crucible-armor/T08,corridor-hold,27,Victory,7,0,6,192,41,638,4,120,-1,,0,9,0,3667434496
gym-crucible-armor/T08,corridor-hold,28,Victory,7,0,6,192,57,822,2,91,-1,,0,7,0,463299830
gym-crucible-armor/T08,corridor-hold,29,Victory,7,0,6,192,69,666,3,95,-1,,0,7,0,2094141088
gym-crucible-armor/T08,corridor-hold,30,Victory,7,0,6,192,71,725,2,95,-1,,0,8,0,203219067
gym-crucible-armor/T08,corridor-hold,31,Victory,7,0,6,184,46,711,3,78,-1,,0,8,0,2876317119
gym-crucible-armor/T08,corridor-hold,32,Victory,7,0,6,192,64,897,4,79,-1,,0,6,0,3293975603
gym-crucible-armor/T08,corridor-hold,33,Victory,7,0,6,192,63,768,3,79,-1,,0,7,0,832179951
gym-crucible-armor/T08,corridor-hold,34,Victory,7,0,6,192,74,681,3,100,-1,,0,7,0,2432064664
gym-crucible-armor/T08,corridor-hold,35,Victory,7,0,6,192,65,591,3,95,-1,,0,7,0,2737233631
gym-crucible-armor/T08,corridor-hold,36,Victory,7,0,6,192,79,800,3,50,-1,,0,7,0,2097352564
gym-crucible-armor/T08,corridor-hold,37,Defeat,5,0,5,160,57,1084,4,80,-1,,0,5,1,1892811077
gym-crucible-armor/T08,corridor-hold,38,Victory,7,0,6,184,58,756,2,60,-1,,0,6,0,1855291243
gym-crucible-armor/T08,corridor-hold,39,Victory,7,0,6,192,77,737,3,104,-1,,0,7,0,4020490778
gym-crucible-armor/T08,corridor-hold,40,Victory,7,0,6,192,65,690,3,104,-1,,0,8,0,686718546
gym-crucible-armor/T08,corridor-hold,41,Victory,7,0,6,184,55,670,3,86,-1,,0,7,0,92962584
gym-crucible-armor/T08,corridor-hold,42,Defeat,6,0,6,192,50,1073,3,50,-1,,0,3,0,1470524495
gym-crucible-armor/T08,corridor-hold,43,Victory,7,0,6,192,53,668,2,83,-1,,0,8,0,1551233571
gym-crucible-armor/T08,corridor-hold,44,Victory,7,0,6,192,74,753,2,91,-1,,0,8,0,94602086
gym-crucible-armor/T08,corridor-hold,45,Victory,7,0,6,192,71,721,2,87,-1,,0,8,0,931235365
gym-crucible-armor/T08,corridor-hold,46,Defeat,6,0,6,192,58,841,3,95,-1,,0,8,0,3233342068
gym-crucible-armor/T08,corridor-hold,47,Victory,7,0,6,184,57,615,3,82,-1,,0,7,0,3175253838
gym-crucible-armor/T08,corridor-hold,48,Victory,7,0,6,176,65,707,3,90,-1,,0,6,0,3026469842
gym-crucible-armor/T08,corridor-hold,49,Victory,7,0,6,192,54,750,2,91,-1,,0,8,0,187069404
gym-crucible-armor/T08,corridor-hold,50,Victory,7,0,6,192,65,750,2,91,-1,,0,7,0,4094274047
gym-crucible-armor/T09,control-hold,1,Victory,7,0,6,192,65,922,4,58,-1,,0,6,0,4196500212
gym-crucible-armor/T09,control-hold,2,Victory,7,0,6,192,83,994,4,104,-1,,0,7,0,99387645
gym-crucible-armor/T09,control-hold,3,Victory,7,0,6,192,78,1041,4,66,-1,,0,6,0,43040033
gym-crucible-armor/T09,control-hold,4,Victory,7,0,6,176,72,833,4,86,-1,,0,6,0,1343259025
gym-crucible-armor/T09,control-hold,5,Victory,7,0,6,192,56,1037,4,100,-1,,0,8,0,3134433611
gym-crucible-armor/T09,control-hold,6,Victory,7,0,6,192,65,955,4,116,-1,,0,7,0,2104467357
gym-crucible-armor/T09,control-hold,7,Victory,7,0,6,192,58,991,4,100,-1,,0,9,0,155552899
gym-crucible-armor/T09,control-hold,8,Victory,7,0,6,192,62,1058,4,100,-1,,0,8,0,3605355214
gym-crucible-armor/T09,control-hold,9,Victory,7,0,6,192,60,1138,4,108,-1,,0,7,0,2725217282
gym-crucible-armor/T09,control-hold,10,Victory,7,0,6,192,69,950,4,87,-1,,0,7,0,2748972405
gym-crucible-armor/T09,control-hold,11,Victory,7,0,6,192,82,1023,4,100,-1,,0,7,0,3824464179
gym-crucible-armor/T09,control-hold,12,Victory,7,0,6,192,80,920,4,104,-1,,0,7,0,3862824293
gym-crucible-armor/T09,control-hold,13,Victory,7,0,6,176,71,820,4,90,-1,,0,5,1,2730605536
gym-crucible-armor/T09,control-hold,14,Victory,7,0,6,192,68,1040,4,100,-1,,0,7,0,1140510327
gym-crucible-armor/T09,control-hold,15,Victory,7,0,6,192,63,915,3,75,-1,,0,8,0,1526514205
gym-crucible-armor/T09,control-hold,16,Victory,7,0,6,192,79,990,4,100,-1,,0,8,0,1451680866
gym-crucible-armor/T09,control-hold,17,Victory,7,0,6,192,68,758,4,83,-1,,0,8,0,3736051676
gym-crucible-armor/T09,control-hold,18,Victory,7,0,6,192,66,1048,4,112,-1,,0,7,0,841042926
gym-crucible-armor/T09,control-hold,19,Victory,7,0,6,192,66,980,4,116,-1,,0,8,0,3959320472
gym-crucible-armor/T09,control-hold,20,Victory,7,0,6,192,57,825,4,87,-1,,0,8,0,2467171958
gym-crucible-armor/T09,control-hold,21,Victory,7,0,6,192,62,745,4,75,-1,,0,7,0,4019358419
gym-crucible-armor/T09,control-hold,22,Victory,7,0,6,176,57,718,4,109,-1,,0,7,0,667175286
gym-crucible-armor/T09,control-hold,23,Victory,7,0,6,192,82,890,4,108,-1,,0,7,0,4056080270
gym-crucible-armor/T09,control-hold,24,Victory,7,0,6,192,64,1012,4,100,-1,,0,8,0,3857287730
gym-crucible-armor/T09,control-hold,25,Victory,7,0,6,192,65,972,4,87,-1,,0,4,0,750673351
gym-crucible-armor/T09,control-hold,26,Victory,7,0,6,192,73,771,3,87,-1,,0,6,0,228495183
gym-crucible-armor/T09,control-hold,27,Victory,7,0,6,176,43,752,3,95,-1,,0,9,0,2652013960
gym-crucible-armor/T09,control-hold,28,Victory,7,0,6,192,60,967,4,120,-1,,0,7,0,2100625109
gym-crucible-armor/T09,control-hold,29,Defeat,6,0,6,192,66,1034,4,108,-1,,0,7,0,3051301141
gym-crucible-armor/T09,control-hold,30,Victory,7,0,6,184,75,781,4,104,-1,,0,7,0,3982536905
gym-crucible-armor/T09,control-hold,31,Victory,7,0,6,192,68,910,3,87,-1,,0,8,0,1019856205
gym-crucible-armor/T09,control-hold,32,Victory,7,0,6,176,58,585,4,81,-1,,0,6,0,1638269443
gym-crucible-armor/T09,control-hold,33,Victory,7,0,6,192,62,1104,4,104,-1,,0,5,0,3865368262
gym-crucible-armor/T09,control-hold,34,Victory,7,0,6,192,69,958,3,95,-1,,0,7,0,1613991567
gym-crucible-armor/T09,control-hold,35,Victory,7,0,6,192,66,806,4,91,-1,,0,8,0,363957683
gym-crucible-armor/T09,control-hold,36,Victory,7,0,6,192,79,897,4,79,-1,,0,7,0,3337832583
gym-crucible-armor/T09,control-hold,37,Victory,7,0,6,192,72,1007,4,100,-1,,0,7,0,3772857254
gym-crucible-armor/T09,control-hold,38,Victory,7,0,6,192,55,947,3,100,-1,,0,7,0,1989925988
gym-crucible-armor/T09,control-hold,39,Victory,7,0,6,192,73,860,4,100,-1,,0,7,0,2229668511
gym-crucible-armor/T09,control-hold,40,Victory,7,0,6,192,65,907,4,120,-1,,0,8,0,2409104996
gym-crucible-armor/T09,control-hold,41,Victory,7,0,6,192,50,1140,4,87,-1,,0,9,0,3140737969
gym-crucible-armor/T09,control-hold,42,Victory,7,0,6,192,63,901,3,41,-1,,0,3,0,2527617659
gym-crucible-armor/T09,control-hold,43,Victory,7,0,6,192,67,828,4,87,-1,,0,9,0,734005196
gym-crucible-armor/T09,control-hold,44,Victory,7,0,6,184,56,829,4,108,-1,,0,8,0,3607801767
gym-crucible-armor/T09,control-hold,45,Victory,7,0,6,192,68,952,4,116,-1,,0,8,0,4198724933
gym-crucible-armor/T09,control-hold,46,Victory,7,0,6,192,81,987,4,100,-1,,0,8,0,1586304517
gym-crucible-armor/T09,control-hold,47,Victory,7,0,6,184,79,790,4,95,-1,,0,7,0,2139179722
gym-crucible-armor/T09,control-hold,48,Victory,7,0,6,184,75,738,4,117,-1,,0,7,0,1179439866
gym-crucible-armor/T09,control-hold,49,Victory,7,0,6,192,76,936,4,104,-1,,0,9,0,2260353738
gym-crucible-armor/T09,control-hold,50,Victory,7,0,6,192,57,824,4,91,-1,,0,7,0,935404010
gym-crucible-armor/T09,corridor-hold,1,Victory,7,0,6,192,68,740,4,50,-1,,0,6,1,83588873
gym-crucible-armor/T09,corridor-hold,2,Victory,7,0,6,192,82,846,4,104,-1,,0,7,0,137247681
gym-crucible-armor/T09,corridor-hold,3,Victory,7,0,6,192,80,786,4,54,-1,,0,6,1,715218548
gym-crucible-armor/T09,corridor-hold,4,Victory,7,0,6,176,73,810,3,81,-1,,0,6,0,2266307188
gym-crucible-armor/T09,corridor-hold,5,Victory,7,0,6,192,76,753,3,104,-1,,0,7,0,2686924831
gym-crucible-armor/T09,corridor-hold,6,Victory,7,0,6,192,62,708,3,91,-1,,0,6,0,1554882533
gym-crucible-armor/T09,corridor-hold,7,Victory,7,0,6,192,60,730,4,112,-1,,0,9,0,3540415102
gym-crucible-armor/T09,corridor-hold,8,Victory,7,0,6,176,65,751,4,95,-1,,0,8,0,2266143152
gym-crucible-armor/T09,corridor-hold,9,Defeat,5,0,5,160,59,1107,4,85,-1,,0,4,1,4258154284
gym-crucible-armor/T09,corridor-hold,10,Victory,7,0,6,192,77,605,4,91,-1,,0,7,0,417809884
gym-crucible-armor/T09,corridor-hold,11,Victory,7,0,6,192,82,814,4,100,-1,,0,7,0,3617698946
gym-crucible-armor/T09,corridor-hold,12,Victory,7,0,6,192,79,756,4,91,-1,,0,7,0,3797582854
gym-crucible-armor/T09,corridor-hold,13,Victory,7,0,6,192,71,745,4,75,-1,,0,7,0,1501254624
gym-crucible-armor/T09,corridor-hold,14,Defeat,6,0,6,184,69,711,3,86,-1,,0,6,0,3441054128
gym-crucible-armor/T09,corridor-hold,15,Victory,7,0,6,192,60,806,4,108,-1,,0,8,0,28921300
gym-crucible-armor/T09,corridor-hold,16,Victory,7,0,6,192,78,860,4,79,-1,,0,8,0,1384034746
gym-crucible-armor/T09,corridor-hold,17,Victory,7,0,6,192,68,646,4,83,-1,,0,8,0,3845196452
gym-crucible-armor/T09,corridor-hold,18,Victory,7,0,6,192,83,847,4,100,-1,,0,7,0,1528577528
gym-crucible-armor/T09,corridor-hold,19,Victory,7,0,6,192,56,794,4,112,-1,,0,8,0,1174661216
gym-crucible-armor/T09,corridor-hold,20,Victory,7,0,6,184,71,594,4,69,-1,,0,8,1,494509860
gym-crucible-armor/T09,corridor-hold,21,Victory,7,0,6,192,64,648,4,95,-1,,0,7,0,2629543836
gym-crucible-armor/T09,corridor-hold,22,Victory,7,0,6,192,69,648,4,104,-1,,0,8,0,805894703
gym-crucible-armor/T09,corridor-hold,23,Victory,7,0,6,192,86,683,4,91,-1,,0,7,0,639666899
gym-crucible-armor/T09,corridor-hold,24,Victory,7,0,6,192,67,700,4,104,-1,,0,8,0,3300342695
gym-crucible-armor/T09,corridor-hold,25,Victory,7,0,6,192,77,845,4,87,-1,,0,4,0,2803183931
gym-crucible-armor/T09,corridor-hold,26,Victory,7,0,6,192,83,885,4,91,-1,,0,5,0,648656552
gym-crucible-armor/T09,corridor-hold,27,Defeat,5,0,5,160,43,988,4,95,-1,,0,6,1,3955797754
gym-crucible-armor/T09,corridor-hold,28,Victory,7,0,6,192,59,697,4,120,-1,,0,7,0,454268901
gym-crucible-armor/T09,corridor-hold,29,Victory,7,0,6,192,81,630,4,100,-1,,0,7,0,269161901
gym-crucible-armor/T09,corridor-hold,30,Victory,7,0,6,184,79,631,3,100,-1,,0,7,0,3136261823
gym-crucible-armor/T09,corridor-hold,31,Victory,7,0,6,192,57,760,3,104,-1,,0,7,0,1429617975
gym-crucible-armor/T09,corridor-hold,32,Victory,7,0,6,192,49,658,4,141,-1,,0,9,0,1888570158
gym-crucible-armor/T09,corridor-hold,33,Victory,7,0,6,192,84,770,4,66,-1,,0,6,0,2077248672
gym-crucible-armor/T09,corridor-hold,34,Victory,7,0,6,192,73,630,3,116,-1,,0,7,0,2431673396
gym-crucible-armor/T09,corridor-hold,35,Victory,7,0,6,192,72,799,4,104,-1,,0,8,0,4123817613
gym-crucible-armor/T09,corridor-hold,36,Victory,7,0,6,192,79,740,4,58,-1,,0,7,0,1192865475
gym-crucible-armor/T09,corridor-hold,37,Victory,7,0,6,192,80,622,4,91,-1,,0,7,0,610642485
gym-crucible-armor/T09,corridor-hold,38,Victory,7,0,6,192,71,886,3,79,-1,,0,7,0,3387966502
gym-crucible-armor/T09,corridor-hold,39,Victory,7,0,6,192,86,688,3,100,-1,,0,7,0,3272277557
gym-crucible-armor/T09,corridor-hold,40,Victory,7,0,6,192,74,605,4,95,-1,,0,8,0,3718547525
gym-crucible-armor/T09,corridor-hold,41,Victory,7,0,6,192,48,884,4,100,-1,,0,9,1,4107215327
gym-crucible-armor/T09,corridor-hold,42,Victory,7,0,6,192,61,901,3,41,-1,,0,3,0,1145714917
gym-crucible-armor/T09,corridor-hold,43,Defeat,6,0,6,168,55,717,4,71,-1,,0,9,0,4025881362
gym-crucible-armor/T09,corridor-hold,44,Victory,7,0,6,184,70,638,3,91,-1,,0,8,0,3867210828
gym-crucible-armor/T09,corridor-hold,45,Victory,7,0,6,192,77,630,4,100,-1,,0,8,0,1617744273
gym-crucible-armor/T09,corridor-hold,46,Victory,7,0,6,192,75,751,4,108,-1,,0,8,0,502087143
gym-crucible-armor/T09,corridor-hold,47,Victory,7,0,6,192,77,675,4,100,-1,,0,7,0,3850388141
gym-crucible-armor/T09,corridor-hold,48,Victory,7,0,6,192,70,630,3,91,-1,,0,7,1,4090319715
gym-crucible-armor/T09,corridor-hold,49,Defeat,6,0,6,192,62,730,4,100,-1,,0,9,0,3742262981
gym-crucible-armor/T09,corridor-hold,50,Victory,7,0,6,168,63,718,4,80,-1,,0,9,0,938384071
gym-crucible-armor/T10,control-hold,1,Victory,7,0,6,192,62,790,4,58,-1,,0,6,1,2505161964
gym-crucible-armor/T10,control-hold,2,Victory,7,0,6,192,79,813,4,108,-1,,0,7,0,878327929
gym-crucible-armor/T10,control-hold,3,Victory,7,0,6,192,80,796,4,66,-1,,0,6,0,1333803767
gym-crucible-armor/T10,control-hold,4,Victory,7,0,6,184,64,654,4,104,-1,,0,8,0,3711279520
gym-crucible-armor/T10,control-hold,5,Victory,7,0,6,184,70,651,4,117,-1,,0,7,0,2601500519
gym-crucible-armor/T10,control-hold,6,Defeat,5,0,5,160,60,1055,4,90,-1,,0,4,1,480989355
gym-crucible-armor/T10,control-hold,7,Victory,7,0,6,184,67,668,4,78,-1,,0,8,0,677735839
gym-crucible-armor/T10,control-hold,8,Victory,7,0,6,184,70,793,3,91,-1,,0,5,0,869718380
gym-crucible-armor/T10,control-hold,9,Victory,7,0,6,192,72,711,4,75,-1,,0,7,0,391168553
gym-crucible-armor/T10,control-hold,10,Victory,7,0,6,192,62,746,3,91,-1,,0,6,0,4046578012
gym-crucible-armor/T10,control-hold,11,Victory,7,0,6,192,82,679,4,100,-1,,0,7,0,3762629041
gym-crucible-armor/T10,control-hold,12,Victory,7,0,6,192,66,737,4,116,-1,,0,7,0,233965968
gym-crucible-armor/T10,control-hold,13,Victory,7,0,6,192,59,695,4,75,-1,,0,6,0,2074144929
gym-crucible-armor/T10,control-hold,14,Victory,7,0,6,192,74,611,3,95,-1,,0,7,0,1163529149
gym-crucible-armor/T10,control-hold,15,Victory,7,0,6,192,48,703,3,91,-1,,0,7,0,1555067426
gym-crucible-armor/T10,control-hold,16,Victory,7,0,6,192,89,720,4,91,-1,,0,8,0,24214198
gym-crucible-armor/T10,control-hold,17,Victory,7,0,6,192,72,638,4,87,-1,,0,8,0,3636019685
gym-crucible-armor/T10,control-hold,18,Victory,7,0,6,192,64,639,4,108,-1,,0,8,0,3286642760
gym-crucible-armor/T10,control-hold,19,Victory,7,0,6,192,65,769,3,116,-1,,0,8,0,2299771514
gym-crucible-armor/T10,control-hold,20,Victory,7,0,6,184,77,568,4,91,-1,,0,8,0,3802909130
gym-crucible-armor/T10,control-hold,21,Victory,7,0,6,184,39,742,4,104,-1,,0,7,0,1328979117
gym-crucible-armor/T10,control-hold,22,Defeat,6,0,6,176,54,757,4,104,-1,,0,7,0,2209342426
gym-crucible-armor/T10,control-hold,23,Defeat,6,0,6,192,62,952,4,108,-1,,0,8,0,382555293
gym-crucible-armor/T10,control-hold,24,Victory,7,0,6,176,65,574,4,109,-1,,0,8,0,1134337596
gym-crucible-armor/T10,control-hold,25,Victory,7,0,6,192,63,881,3,79,-1,,0,4,0,1979820784
gym-crucible-armor/T10,control-hold,26,Victory,7,0,6,192,73,771,3,87,-1,,0,6,0,1342892660
gym-crucible-armor/T10,control-hold,27,Victory,7,0,6,176,43,606,3,95,-1,,0,9,0,562291956
gym-crucible-armor/T10,control-hold,28,Victory,7,0,6,192,76,732,4,100,-1,,0,7,0,1491186814
gym-crucible-armor/T10,control-hold,29,Victory,7,0,6,192,72,599,4,95,-1,,0,7,0,1196575271
gym-crucible-armor/T10,control-hold,30,Victory,7,0,6,184,75,598,4,104,-1,,0,7,0,1224515297
gym-crucible-armor/T10,control-hold,31,Victory,7,0,6,192,70,558,4,108,-1,,0,8,0,342070039
gym-crucible-armor/T10,control-hold,32,Defeat,6,0,6,176,46,815,4,72,-1,,0,5,1,2129974247
gym-crucible-armor/T10,control-hold,33,Victory,7,0,6,192,71,870,4,91,-1,,0,5,1,733169731
gym-crucible-armor/T10,control-hold,34,Victory,7,0,6,192,75,681,3,91,-1,,0,7,0,3473735968
gym-crucible-armor/T10,control-hold,35,Victory,7,0,6,192,76,630,4,100,-1,,0,7,0,745899958
gym-crucible-armor/T10,control-hold,36,Victory,7,0,6,192,75,848,4,79,-1,,0,7,0,54769226
gym-crucible-armor/T10,control-hold,37,Victory,7,0,6,192,69,735,4,100,-1,,0,8,0,4173373783
gym-crucible-armor/T10,control-hold,38,Victory,7,0,6,192,55,772,3,95,-1,,0,7,0,1804111824
gym-crucible-armor/T10,control-hold,39,Victory,7,0,6,192,83,769,4,108,-1,,0,7,0,3701509445
gym-crucible-armor/T10,control-hold,40,Defeat,6,0,6,184,58,801,4,100,-1,,0,8,0,538321936
gym-crucible-armor/T10,control-hold,41,Victory,7,0,6,184,61,575,4,82,-1,,0,9,1,2503399494
gym-crucible-armor/T10,control-hold,42,Victory,7,0,6,192,74,801,3,62,-1,,0,3,0,2163021548
gym-crucible-armor/T10,control-hold,43,Victory,7,0,6,176,63,662,4,77,-1,,0,9,1,2150671899
gym-crucible-armor/T10,control-hold,44,Victory,7,0,6,184,59,554,4,104,-1,,0,8,0,779330897
gym-crucible-armor/T10,control-hold,45,Victory,7,0,6,192,75,683,4,108,-1,,0,8,0,1561358443
gym-crucible-armor/T10,control-hold,46,Victory,7,0,6,192,74,639,4,100,-1,,0,9,0,3413860379
gym-crucible-armor/T10,control-hold,47,Victory,7,0,6,184,75,716,3,91,-1,,0,7,0,417403534
gym-crucible-armor/T10,control-hold,48,Victory,7,0,6,184,70,630,4,121,-1,,0,7,0,3772630613
gym-crucible-armor/T10,control-hold,49,Victory,7,0,6,192,82,638,4,100,-1,,0,9,0,368346838
gym-crucible-armor/T10,control-hold,50,Victory,7,0,6,176,73,768,4,95,-1,,0,7,0,1051393313
gym-crucible-armor/T10,corridor-hold,1,Victory,7,0,6,192,78,805,4,41,-1,,0,6,1,3989985995
gym-crucible-armor/T10,corridor-hold,2,Victory,7,0,6,192,77,763,4,104,-1,,0,7,0,516144380
gym-crucible-armor/T10,corridor-hold,3,Victory,7,0,6,192,88,800,4,50,-1,,0,6,1,138488678
gym-crucible-armor/T10,corridor-hold,4,Victory,7,0,6,184,67,676,4,108,-1,,0,8,0,658627023
gym-crucible-armor/T10,corridor-hold,5,Victory,7,0,6,184,75,651,3,117,-1,,0,7,0,3180428774
gym-crucible-armor/T10,corridor-hold,6,Victory,7,0,6,192,71,669,4,95,-1,,0,7,0,3176370362
gym-crucible-armor/T10,corridor-hold,7,Victory,7,0,6,184,61,609,4,91,-1,,0,8,1,921401951
gym-crucible-armor/T10,corridor-hold,8,Victory,7,0,6,184,70,793,3,91,-1,,0,5,0,869718380
gym-crucible-armor/T10,corridor-hold,9,Victory,7,0,6,192,65,642,4,91,-1,,0,7,0,2429561492
gym-crucible-armor/T10,corridor-hold,10,Victory,7,0,6,192,68,700,3,91,-1,,0,6,0,4008866390
gym-crucible-armor/T10,corridor-hold,11,Victory,7,0,6,192,79,646,4,100,-1,,0,7,0,75347391
gym-crucible-armor/T10,corridor-hold,12,Victory,7,0,6,192,83,611,4,104,-1,,0,7,0,2042622022
gym-crucible-armor/T10,corridor-hold,13,Victory,7,0,6,176,60,505,4,100,-1,,0,8,0,2140389109
gym-crucible-armor/T10,corridor-hold,14,Defeat,6,0,6,184,73,718,3,91,-1,,0,6,0,327546486
gym-crucible-armor/T10,corridor-hold,15,Defeat,6,0,6,184,52,703,3,65,-1,,0,7,0,54058969
gym-crucible-armor/T10,corridor-hold,16,Victory,7,0,6,192,84,745,4,100,-1,,0,8,0,3010075382
gym-crucible-armor/T10,corridor-hold,17,Victory,7,0,6,192,67,656,4,91,-1,,0,8,0,806378352
gym-crucible-armor/T10,corridor-hold,18,Victory,7,0,6,192,79,691,4,100,-1,,0,8,0,2432399354
gym-crucible-armor/T10,corridor-hold,19,Victory,7,0,6,192,69,639,4,91,-1,,0,8,0,3310452649
gym-crucible-armor/T10,corridor-hold,20,Victory,7,0,6,184,68,583,4,69,-1,,0,8,1,3874606973
gym-crucible-armor/T10,corridor-hold,21,Defeat,6,0,6,192,54,825,4,87,-1,,0,7,0,53400312
gym-crucible-armor/T10,corridor-hold,22,Victory,7,0,6,192,67,635,4,108,-1,,0,8,0,718666544
gym-crucible-armor/T10,corridor-hold,23,Victory,7,0,6,192,71,733,3,108,-1,,0,8,0,3889858615
gym-crucible-armor/T10,corridor-hold,24,Victory,7,0,6,192,68,614,4,112,-1,,0,8,0,2985190880
gym-crucible-armor/T10,corridor-hold,25,Victory,7,0,6,192,77,969,3,75,-1,,0,4,0,1797084507
gym-crucible-armor/T10,corridor-hold,26,Victory,7,0,6,192,84,790,4,87,-1,,0,5,0,3602790932
gym-crucible-armor/T10,corridor-hold,27,Victory,7,0,6,192,52,729,4,125,-1,,0,9,0,4024430808
gym-crucible-armor/T10,corridor-hold,28,Victory,7,0,6,192,73,606,4,100,-1,,0,7,0,1634223126
gym-crucible-armor/T10,corridor-hold,29,Victory,7,0,6,192,79,630,4,100,-1,,0,7,0,3245493814
gym-crucible-armor/T10,corridor-hold,30,Victory,7,0,6,184,76,618,3,100,-1,,0,7,0,3234818540
gym-crucible-armor/T10,corridor-hold,31,Victory,7,0,6,192,51,735,3,95,-1,,0,7,0,381798674
gym-crucible-armor/T10,corridor-hold,32,Victory,7,0,6,192,72,755,4,83,-1,,0,6,1,2439281026
gym-crucible-armor/T10,corridor-hold,33,Victory,7,0,6,192,80,770,4,70,-1,,0,6,0,485131363
gym-crucible-armor/T10,corridor-hold,34,Victory,7,0,6,176,75,533,4,95,-1,,0,7,0,3641616692
gym-crucible-armor/T10,corridor-hold,35,Victory,7,0,6,192,76,630,4,108,-1,,0,7,0,1668645722
gym-crucible-armor/T10,corridor-hold,36,Victory,7,0,6,192,77,740,4,58,-1,,0,7,0,1032727344
gym-crucible-armor/T10,corridor-hold,37,Victory,7,0,6,184,66,570,4,113,-1,,0,8,0,1358590103
gym-crucible-armor/T10,corridor-hold,38,Victory,7,0,6,192,70,646,3,79,-1,,0,7,0,2089345872
gym-crucible-armor/T10,corridor-hold,39,Victory,7,0,6,176,91,511,4,109,-1,,0,7,0,867108280
gym-crucible-armor/T10,corridor-hold,40,Victory,7,0,6,192,74,605,4,95,-1,,0,8,0,3296859326
gym-crucible-armor/T10,corridor-hold,41,Victory,7,0,6,192,61,628,4,104,-1,,0,9,0,399510760
gym-crucible-armor/T10,corridor-hold,42,Defeat,6,0,6,192,66,816,3,62,-1,,0,3,0,793744093
gym-crucible-armor/T10,corridor-hold,43,Victory,7,0,6,168,64,662,4,71,-1,,0,9,0,2653021161
gym-crucible-armor/T10,corridor-hold,44,Victory,7,0,6,184,69,618,3,104,-1,,0,8,0,307360643
gym-crucible-armor/T10,corridor-hold,45,Victory,7,0,6,192,74,576,4,95,-1,,0,8,0,4111822732
gym-crucible-armor/T10,corridor-hold,46,Victory,7,0,6,192,71,729,4,100,-1,,0,9,0,3901524261
gym-crucible-armor/T10,corridor-hold,47,Victory,7,0,6,192,74,605,4,100,-1,,0,7,0,1223777957
gym-crucible-armor/T10,corridor-hold,48,Victory,7,0,6,192,66,636,3,104,-1,,0,7,1,2942141581
gym-crucible-armor/T10,corridor-hold,49,Defeat,6,0,6,192,62,730,4,104,-1,,0,9,0,3417503113
gym-crucible-armor/T10,corridor-hold,50,Victory,7,0,6,160,57,670,4,85,-1,,0,9,0,3634316258
gym-crucible-armor/T11,control-hold,1,Victory,7,0,6,192,67,1109,4,62,-1,,0,6,0,4244757683
gym-crucible-armor/T11,control-hold,2,Victory,7,0,6,192,90,862,4,104,-1,,0,7,0,1006944386
gym-crucible-armor/T11,control-hold,3,Victory,7,0,6,192,80,860,4,62,-1,,0,6,1,1866389360
gym-crucible-armor/T11,control-hold,4,Victory,7,0,6,176,70,913,4,86,-1,,0,6,0,2369817823
gym-crucible-armor/T11,control-hold,5,Victory,7,0,6,192,67,1037,4,100,-1,,0,8,0,448025679
gym-crucible-armor/T11,control-hold,6,Victory,7,0,6,192,71,955,4,116,-1,,0,7,0,1320731301
gym-crucible-armor/T11,control-hold,7,Victory,7,0,6,192,67,741,4,112,-1,,0,8,0,1444737796
gym-crucible-armor/T11,control-hold,8,Victory,7,0,6,192,69,1006,4,112,-1,,0,8,0,2661940968
gym-crucible-armor/T11,control-hold,9,Victory,7,0,6,192,56,999,4,104,-1,,0,9,0,2366591914
gym-crucible-armor/T11,control-hold,10,Victory,7,0,6,184,70,817,4,121,-1,,0,7,0,2208052248
gym-crucible-armor/T11,control-hold,11,Victory,7,0,6,192,91,992,4,104,-1,,0,7,0,727456592
gym-crucible-armor/T11,control-hold,12,Victory,7,0,6,192,88,982,4,125,-1,,0,7,0,1712135793
gym-crucible-armor/T11,control-hold,13,Victory,7,0,6,192,66,959,4,91,-1,,0,7,0,3665070125
gym-crucible-armor/T11,control-hold,14,Victory,7,0,6,184,75,721,4,108,-1,,0,7,0,1099952604
gym-crucible-armor/T11,control-hold,15,Victory,7,0,6,184,63,783,4,100,-1,,0,8,0,382530885
gym-crucible-armor/T11,control-hold,16,Victory,7,0,6,192,67,916,4,95,-1,,0,9,0,841518557
gym-crucible-armor/T11,control-hold,17,Victory,7,0,6,184,64,718,4,82,-1,,0,6,0,1075471882
gym-crucible-armor/T11,control-hold,18,Victory,7,0,6,192,71,1022,4,95,-1,,0,7,0,2339850034
gym-crucible-armor/T11,control-hold,19,Victory,7,0,6,192,57,914,3,95,-1,,0,7,0,2657813198
gym-crucible-armor/T11,control-hold,20,Victory,7,0,6,184,65,668,4,113,-1,,0,8,0,1164948153
gym-crucible-armor/T11,control-hold,21,Victory,7,0,6,192,66,665,4,87,-1,,0,7,0,2684631316
gym-crucible-armor/T11,control-hold,22,Victory,7,0,6,192,58,930,4,91,-1,,0,8,0,2463201845
gym-crucible-armor/T11,control-hold,23,Victory,7,0,6,192,80,896,3,91,-1,,0,7,0,88664126
gym-crucible-armor/T11,control-hold,24,Victory,7,0,6,192,61,709,3,91,-1,,0,8,0,1651718468
gym-crucible-armor/T11,control-hold,25,Victory,7,0,6,192,65,1081,4,91,-1,,0,4,0,3606134703
gym-crucible-armor/T11,control-hold,26,Victory,7,0,6,192,76,819,3,70,-1,,0,5,0,1795719684
gym-crucible-armor/T11,control-hold,27,Victory,7,0,6,192,53,797,4,112,-1,,0,9,0,2513140051
gym-crucible-armor/T11,control-hold,28,Victory,7,0,6,192,65,948,4,129,-1,,0,7,0,2041179011
gym-crucible-armor/T11,control-hold,29,Victory,7,0,6,192,85,1020,4,95,-1,,0,7,0,2355470085
gym-crucible-armor/T11,control-hold,30,Victory,7,0,6,192,65,1014,4,87,-1,,0,8,0,1207722466
gym-crucible-armor/T11,control-hold,31,Victory,7,0,6,184,66,909,4,60,-1,,0,5,0,1143299935
gym-crucible-armor/T11,control-hold,32,Victory,7,0,6,192,56,816,4,54,-1,,0,6,1,3289041347
gym-crucible-armor/T11,control-hold,33,Victory,7,0,6,192,59,1036,4,75,-1,,0,5,0,3081495293
gym-crucible-armor/T11,control-hold,34,Victory,7,0,6,192,71,925,3,100,-1,,0,7,0,3338759862
gym-crucible-armor/T11,control-hold,35,Victory,7,0,6,184,69,829,4,113,-1,,0,8,0,2469740215
gym-crucible-armor/T11,control-hold,36,Victory,7,0,6,192,79,860,4,83,-1,,0,7,0,185659844
gym-crucible-armor/T11,control-hold,37,Victory,7,0,6,192,81,1060,4,104,-1,,0,7,0,741798154
gym-crucible-armor/T11,control-hold,38,Victory,7,0,6,184,66,838,4,95,-1,,0,8,0,3312009523
gym-crucible-armor/T11,control-hold,39,Victory,7,0,6,192,81,1046,4,116,-1,,0,7,0,2411060757
gym-crucible-armor/T11,control-hold,40,Defeat,6,0,6,192,56,968,4,104,-1,,0,8,0,4017301753
gym-crucible-armor/T11,control-hold,41,Victory,7,0,6,192,51,1069,4,116,-1,,0,8,0,3954165681
gym-crucible-armor/T11,control-hold,42,Victory,7,0,6,192,72,889,3,66,-1,,0,3,0,3077741279
gym-crucible-armor/T11,control-hold,43,Victory,7,0,6,192,66,1032,4,108,-1,,0,8,0,2386744334
gym-crucible-armor/T11,control-hold,44,Victory,7,0,6,184,76,693,4,91,-1,,0,8,0,2474548829
gym-crucible-armor/T11,control-hold,45,Victory,7,0,6,192,77,1026,4,95,-1,,0,8,0,2938974350
gym-crucible-armor/T11,control-hold,46,Victory,7,0,6,192,95,688,4,129,-1,,0,8,0,4089122938
gym-crucible-armor/T11,control-hold,47,Victory,7,0,6,192,80,852,4,87,-1,,0,7,0,633219837
gym-crucible-armor/T11,control-hold,48,Victory,7,0,6,176,72,608,3,109,-1,,0,7,0,621634450
gym-crucible-armor/T11,control-hold,49,Victory,7,0,6,192,60,895,4,100,-1,,0,8,0,3409957921
gym-crucible-armor/T11,control-hold,50,Victory,7,0,6,192,76,751,4,108,-1,,0,7,0,2702526598
gym-crucible-armor/T11,corridor-hold,1,Victory,7,0,6,184,78,827,4,73,-1,,0,7,0,2965789358
gym-crucible-armor/T11,corridor-hold,2,Victory,7,0,6,192,88,846,4,104,-1,,0,7,0,541574623
gym-crucible-armor/T11,corridor-hold,3,Victory,7,0,6,192,79,965,4,87,-1,,0,6,1,1619972226
gym-crucible-armor/T11,corridor-hold,4,Victory,7,0,6,176,73,833,4,86,-1,,0,6,0,1328867936
gym-crucible-armor/T11,corridor-hold,5,Victory,7,0,6,192,77,713,3,104,-1,,0,8,0,2798700371
gym-crucible-armor/T11,corridor-hold,6,Victory,7,0,6,192,55,731,4,104,-1,,0,7,0,107969291
gym-crucible-armor/T11,corridor-hold,7,Victory,7,0,6,192,72,630,4,95,-1,,0,8,0,3706907257
gym-crucible-armor/T11,corridor-hold,8,Victory,7,0,6,192,66,763,4,104,-1,,0,8,0,3405079619
gym-crucible-armor/T11,corridor-hold,9,Victory,7,0,6,192,70,802,4,91,-1,,0,9,0,1223179010
gym-crucible-armor/T11,corridor-hold,10,Victory,7,0,6,184,77,518,4,117,-1,,0,7,0,4135589168
gym-crucible-armor/T11,corridor-hold,11,Victory,7,0,6,192,77,718,4,108,-1,,0,7,0,489693313
gym-crucible-armor/T11,corridor-hold,12,Victory,7,0,6,192,67,789,4,100,-1,,0,7,0,2603956590
gym-crucible-armor/T11,corridor-hold,13,Victory,7,0,6,192,70,570,4,95,-1,,0,7,0,3670706240
gym-crucible-armor/T11,corridor-hold,14,Victory,7,0,6,184,73,634,4,117,-1,,0,7,0,329935316
gym-crucible-armor/T11,corridor-hold,15,Victory,7,0,6,184,66,796,4,108,-1,,0,8,0,4233121905
gym-crucible-armor/T11,corridor-hold,16,Victory,7,0,6,192,74,696,3,95,-1,,0,9,0,405830234
gym-crucible-armor/T11,corridor-hold,17,Victory,7,0,6,184,60,625,4,91,-1,,0,8,0,1043511504
gym-crucible-armor/T11,corridor-hold,18,Victory,7,0,6,192,87,718,3,75,-1,,0,7,0,1558312735
gym-crucible-armor/T11,corridor-hold,19,Victory,7,0,6,192,63,709,4,95,-1,,0,7,0,3816128195
gym-crucible-armor/T11,corridor-hold,20,Victory,7,0,6,184,53,706,3,91,-1,,0,8,0,3084409457
gym-crucible-armor/T11,corridor-hold,21,Victory,7,0,6,192,67,610,4,95,-1,,0,7,0,1560765930
gym-crucible-armor/T11,corridor-hold,22,Victory,7,0,6,192,57,770,3,108,-1,,0,8,0,981642827
gym-crucible-armor/T11,corridor-hold,23,Victory,7,0,6,192,88,875,4,100,-1,,0,7,0,399775204
gym-crucible-armor/T11,corridor-hold,24,Victory,7,0,6,192,77,658,3,91,-1,,0,8,0,1652273297
gym-crucible-armor/T11,corridor-hold,25,Victory,7,0,6,192,83,845,4,87,-1,,0,4,0,185899829
gym-crucible-armor/T11,corridor-hold,26,Victory,7,0,6,192,84,885,4,91,-1,,0,5,0,2482047745
gym-crucible-armor/T11,corridor-hold,27,Defeat,5,0,5,160,46,988,4,80,-1,,0,6,1,3341672599
gym-crucible-armor/T11,corridor-hold,28,Victory,7,0,6,192,65,734,4,100,-1,,0,7,0,600989852
gym-crucible-armor/T11,corridor-hold,29,Victory,7,0,6,192,87,630,4,100,-1,,0,7,0,669919531
gym-crucible-armor/T11,corridor-hold,30,Victory,7,0,6,184,57,780,4,104,-1,,0,8,0,3186777174
gym-crucible-armor/T11,corridor-hold,31,Defeat,6,0,6,192,72,883,4,100,-1,,0,6,0,3516392215
gym-crucible-armor/T11,corridor-hold,32,Victory,7,0,6,184,58,700,4,86,-1,,0,6,0,184979675
gym-crucible-armor/T11,corridor-hold,33,Victory,7,0,6,192,82,825,4,70,-1,,0,6,0,1356946848
gym-crucible-armor/T11,corridor-hold,34,Victory,7,0,6,192,76,660,3,112,-1,,0,7,0,3237974680
gym-crucible-armor/T11,corridor-hold,35,Victory,7,0,6,192,70,815,4,100,-1,,0,8,0,3159828526
gym-crucible-armor/T11,corridor-hold,36,Victory,7,0,6,192,79,796,4,66,-1,,0,7,0,2499083162
gym-crucible-armor/T11,corridor-hold,37,Victory,7,0,6,192,83,605,4,104,-1,,0,7,0,1282909056
gym-crucible-armor/T11,corridor-hold,38,Victory,7,0,6,184,68,722,3,91,-1,,0,8,0,1778117379
gym-crucible-armor/T11,corridor-hold,39,Victory,7,0,6,192,85,685,4,120,-1,,0,7,0,3251070098
gym-crucible-armor/T11,corridor-hold,40,Victory,7,0,6,192,61,806,3,104,-1,,0,7,0,2120304987
gym-crucible-armor/T11,corridor-hold,41,Victory,7,0,6,192,48,715,4,120,-1,,0,8,0,601952233
gym-crucible-armor/T11,corridor-hold,42,Victory,7,0,6,192,75,861,3,66,-1,,0,3,0,1860567074
gym-crucible-armor/T11,corridor-hold,43,Victory,7,0,6,192,59,835,4,104,-1,,0,8,0,1138447044
gym-crucible-armor/T11,corridor-hold,44,Victory,7,0,6,184,74,713,3,82,-1,,0,8,0,523101936
gym-crucible-armor/T11,corridor-hold,45,Victory,7,0,6,192,79,792,4,100,-1,,0,8,0,247422285
gym-crucible-armor/T11,corridor-hold,46,Victory,7,0,6,192,84,729,4,116,-1,,0,8,0,1994780227
gym-crucible-armor/T11,corridor-hold,47,Victory,7,0,6,184,77,620,4,82,-1,,0,7,0,2491196670
gym-crucible-armor/T11,corridor-hold,48,Victory,7,0,6,176,70,588,3,113,-1,,0,7,0,3909239756
gym-crucible-armor/T11,corridor-hold,49,Victory,7,0,6,192,61,540,4,104,-1,,0,8,0,1681756063
gym-crucible-armor/T11,corridor-hold,50,Victory,7,0,6,192,85,662,4,91,-1,,0,7,0,1715469178
gym-crucible-armor/T12,control-hold,1,Victory,7,0,6,192,74,826,4,58,-1,,0,6,1,3011308692
gym-crucible-armor/T12,control-hold,2,Victory,7,0,6,192,87,775,4,108,-1,,0,7,0,2914731189
gym-crucible-armor/T12,control-hold,3,Victory,7,0,6,192,79,860,4,62,-1,,0,6,1,163868696
gym-crucible-armor/T12,control-hold,4,Victory,7,0,6,192,63,683,4,95,-1,,0,8,0,2255120716
gym-crucible-armor/T12,control-hold,5,Victory,7,0,6,184,71,607,4,113,-1,,0,7,0,956133364
gym-crucible-armor/T12,control-hold,6,Defeat,5,0,5,160,62,1055,4,90,-1,,0,4,1,833917586
gym-crucible-armor/T12,control-hold,7,Victory,7,0,6,192,57,756,3,50,-1,,0,5,0,2787661279
gym-crucible-armor/T12,control-hold,8,Victory,7,0,6,184,73,876,3,86,-1,,0,5,0,2067591384
gym-crucible-armor/T12,control-hold,9,Victory,7,0,6,192,64,674,4,91,-1,,0,9,0,2159937823
gym-crucible-armor/T12,control-hold,10,Victory,7,0,6,192,69,720,3,91,-1,,0,6,0,3091642514
gym-crucible-armor/T12,control-hold,11,Victory,7,0,6,192,91,679,4,100,-1,,0,7,0,3139697458
gym-crucible-armor/T12,control-hold,12,Defeat,5,0,5,160,60,1063,4,75,-1,,0,4,1,1492094504
gym-crucible-armor/T12,control-hold,13,Victory,7,0,6,192,74,647,4,100,-1,,0,7,0,2899740279
gym-crucible-armor/T12,control-hold,14,Defeat,6,0,6,184,70,793,4,108,-1,,0,7,0,3349399477
gym-crucible-armor/T12,control-hold,15,Defeat,6,0,6,184,55,715,3,65,-1,,0,7,0,2201789082
gym-crucible-armor/T12,control-hold,16,Defeat,6,0,6,192,56,831,4,100,-1,,0,9,0,1237932826
gym-crucible-armor/T12,control-hold,17,Victory,7,0,6,184,64,685,4,86,-1,,0,6,0,1752584997
gym-crucible-armor/T12,control-hold,18,Victory,7,0,6,192,74,720,4,87,-1,,0,5,0,1109933369
gym-crucible-armor/T12,control-hold,19,Victory,7,0,6,192,68,705,4,108,-1,,0,7,0,2984131513
gym-crucible-armor/T12,control-hold,20,Victory,7,0,6,184,62,655,4,113,-1,,0,8,0,4217419242
gym-crucible-armor/T12,control-hold,21,Defeat,6,0,6,192,60,878,4,79,-1,,0,7,0,4081685216
gym-crucible-armor/T12,control-hold,22,Defeat,6,0,6,192,49,920,4,91,-1,,0,8,0,2905718682
gym-crucible-armor/T12,control-hold,23,Victory,7,0,6,192,94,688,4,104,-1,,0,7,0,1962148934
gym-crucible-armor/T12,control-hold,24,Victory,7,0,6,184,66,628,4,108,-1,,0,8,0,1291174415
gym-crucible-armor/T12,control-hold,25,Victory,7,0,6,192,82,959,3,75,-1,,0,4,0,3875085520
gym-crucible-armor/T12,control-hold,26,Victory,7,0,6,192,76,819,3,70,-1,,0,5,0,2655431111
gym-crucible-armor/T12,control-hold,27,Victory,7,0,6,192,62,796,4,137,-1,,0,9,0,2568451154
gym-crucible-armor/T12,control-hold,28,Victory,7,0,6,192,74,676,4,95,-1,,0,7,0,1306615188
gym-crucible-armor/T12,control-hold,29,Victory,7,0,6,192,86,663,4,100,-1,,0,7,0,2403593056
gym-crucible-armor/T12,control-hold,30,Victory,7,0,6,192,78,605,4,125,-1,,0,8,0,362128143
gym-crucible-armor/T12,control-hold,31,Victory,7,0,6,192,57,687,4,83,-1,,0,8,0,1544607001
gym-crucible-armor/T12,control-hold,32,Victory,7,0,6,192,57,810,4,54,-1,,0,6,1,2648726591
gym-crucible-armor/T12,control-hold,33,Victory,7,0,6,192,56,860,4,79,-1,,0,5,0,2286614438
gym-crucible-armor/T12,control-hold,34,Victory,7,0,6,176,82,586,4,86,-1,,0,7,0,4002611448
gym-crucible-armor/T12,control-hold,35,Victory,7,0,6,192,79,664,4,112,-1,,0,7,0,2465552118
gym-crucible-armor/T12,control-hold,36,Victory,7,0,6,192,77,848,4,79,-1,,0,7,0,711803190
gym-crucible-armor/T12,control-hold,37,Victory,7,0,6,192,73,661,4,100,-1,,0,8,0,1502587291
gym-crucible-armor/T12,control-hold,38,Victory,7,0,6,184,75,642,4,100,-1,,0,8,0,3627589207
gym-crucible-armor/T12,control-hold,39,Victory,7,0,6,192,86,711,4,116,-1,,0,7,0,494894267
gym-crucible-armor/T12,control-hold,40,Defeat,6,0,6,192,53,878,4,95,-1,,0,8,0,3054310499
gym-crucible-armor/T12,control-hold,41,Defeat,6,0,6,184,49,861,4,108,-1,,0,8,0,1341691808
gym-crucible-armor/T12,control-hold,42,Victory,7,0,6,192,63,791,3,62,-1,,0,3,0,1520361298
gym-crucible-armor/T12,control-hold,43,Victory,7,0,6,192,83,616,4,75,-1,,0,8,0,2382877000
gym-crucible-armor/T12,control-hold,44,Victory,7,0,6,184,69,665,4,121,-1,,0,9,0,2472258163
gym-crucible-armor/T12,control-hold,45,Victory,7,0,6,192,83,669,4,100,-1,,0,8,0,584025412
gym-crucible-armor/T12,control-hold,46,Victory,7,0,6,192,79,758,4,100,-1,,0,8,0,351033133
gym-crucible-armor/T12,control-hold,47,Victory,7,0,6,192,83,638,4,87,-1,,0,7,0,1982789901
gym-crucible-armor/T12,control-hold,48,Victory,7,0,6,176,71,639,3,104,-1,,0,7,0,1994804060
gym-crucible-armor/T12,control-hold,49,Victory,7,0,6,192,69,734,4,104,-1,,0,8,0,3653183765
gym-crucible-armor/T12,control-hold,50,Victory,7,0,6,192,78,663,4,108,-1,,0,7,0,762947739
gym-crucible-armor/T12,corridor-hold,1,Victory,7,0,6,184,70,658,4,95,-1,,0,7,0,3221202135
gym-crucible-armor/T12,corridor-hold,2,Victory,7,0,6,192,83,763,4,104,-1,,0,7,0,2859710770
gym-crucible-armor/T12,corridor-hold,3,Victory,7,0,6,192,79,965,4,87,-1,,0,6,1,2741644929
gym-crucible-armor/T12,corridor-hold,4,Victory,7,0,6,192,60,654,4,104,-1,,0,8,0,4127628910
gym-crucible-armor/T12,corridor-hold,5,Victory,7,0,6,184,69,587,4,117,-1,,0,7,0,2887672576
gym-crucible-armor/T12,corridor-hold,6,Victory,7,0,6,192,78,572,4,91,-1,,0,7,0,3901487685
gym-crucible-armor/T12,corridor-hold,7,Victory,7,0,6,192,57,721,3,58,-1,,0,5,0,2341227353
gym-crucible-armor/T12,corridor-hold,8,Victory,7,0,6,184,73,876,3,86,-1,,0,5,0,2067591384
gym-crucible-armor/T12,corridor-hold,9,Victory,7,0,6,192,64,674,4,91,-1,,0,9,0,2159937823
gym-crucible-armor/T12,corridor-hold,10,Victory,7,0,6,192,69,720,3,91,-1,,0,6,0,3091642514
gym-crucible-armor/T12,corridor-hold,11,Victory,7,0,6,192,77,630,4,108,-1,,0,7,0,3128814004
gym-crucible-armor/T12,corridor-hold,12,Victory,7,0,6,184,70,645,4,78,-1,,0,7,1,3637372819
gym-crucible-armor/T12,corridor-hold,13,Victory,7,0,6,192,67,631,4,91,-1,,0,7,1,254337398
gym-crucible-armor/T12,corridor-hold,14,Victory,7,0,6,184,73,634,4,117,-1,,0,7,0,643302599
gym-crucible-armor/T12,corridor-hold,15,Defeat,6,0,6,184,55,715,3,65,-1,,0,7,0,2201789082
gym-crucible-armor/T12,corridor-hold,16,Victory,7,0,6,192,71,702,3,100,-1,,0,9,0,2645101800
gym-crucible-armor/T12,corridor-hold,17,Victory,7,0,6,184,60,690,4,95,-1,,0,8,0,1429533321
gym-crucible-armor/T12,corridor-hold,18,Victory,7,0,6,192,72,754,4,79,-1,,0,5,0,177064275
gym-crucible-armor/T12,corridor-hold,19,Victory,7,0,6,192,59,600,4,104,-1,,0,7,0,850178599
gym-crucible-armor/T12,corridor-hold,20,Victory,7,0,6,184,53,706,3,91,-1,,0,8,0,3343338114
gym-crucible-armor/T12,corridor-hold,21,Defeat,6,0,6,192,61,865,4,87,-1,,0,7,0,218044489
gym-crucible-armor/T12,corridor-hold,22,Victory,7,0,6,184,61,610,4,117,-1,,0,8,0,1454715426
gym-crucible-armor/T12,corridor-hold,23,Victory,7,0,6,192,83,670,4,104,-1,,0,7,0,1323043254
gym-crucible-armor/T12,corridor-hold,24,Victory,7,0,6,184,67,591,4,117,-1,,0,8,0,3835959832
gym-crucible-armor/T12,corridor-hold,25,Victory,7,0,6,192,82,959,3,75,-1,,0,4,0,3875085520
gym-crucible-armor/T12,corridor-hold,26,Victory,7,0,6,192,87,790,4,87,-1,,0,5,0,1145535201
gym-crucible-armor/T12,corridor-hold,27,Victory,7,0,6,192,62,796,4,137,-1,,0,9,0,2568451154
gym-crucible-armor/T12,corridor-hold,28,Victory,7,0,6,192,79,606,4,100,-1,,0,7,0,3845172634
gym-crucible-armor/T12,corridor-hold,29,Victory,7,0,6,192,85,630,4,100,-1,,0,7,0,776868688
gym-crucible-armor/T12,corridor-hold,30,Victory,7,0,6,192,78,605,4,125,-1,,0,8,0,362128143
gym-crucible-armor/T12,corridor-hold,31,Victory,7,0,6,184,53,626,4,86,-1,,0,8,0,3862070159
gym-crucible-armor/T12,corridor-hold,32,Victory,7,0,6,184,48,735,4,78,-1,,0,6,0,3923803913
gym-crucible-armor/T12,corridor-hold,33,Victory,7,0,6,192,78,825,4,70,-1,,0,6,0,1639506633
gym-crucible-armor/T12,corridor-hold,34,Victory,7,0,6,176,80,533,4,86,-1,,0,7,0,1229879111
gym-crucible-armor/T12,corridor-hold,35,Victory,7,0,6,192,71,535,4,104,-1,,0,7,0,3522520569
gym-crucible-armor/T12,corridor-hold,36,Victory,7,0,6,192,77,796,4,66,-1,,0,7,0,4291461417
gym-crucible-armor/T12,corridor-hold,37,Victory,7,0,6,184,69,570,4,113,-1,,0,8,0,2629838584
gym-crucible-armor/T12,corridor-hold,38,Victory,7,0,6,184,68,696,3,91,-1,,0,8,0,434840648
gym-crucible-armor/T12,corridor-hold,39,Victory,7,0,6,192,82,663,4,120,-1,,0,7,0,3450418712
gym-crucible-armor/T12,corridor-hold,40,Victory,7,0,6,192,64,670,3,112,-1,,0,7,0,2176196238
gym-crucible-armor/T12,corridor-hold,41,Victory,7,0,6,184,44,688,3,113,-1,,0,8,0,1177240901
gym-crucible-armor/T12,corridor-hold,42,Victory,7,0,6,192,64,606,3,75,-1,,0,3,0,1997480387
gym-crucible-armor/T12,corridor-hold,43,Victory,7,0,6,192,69,605,4,100,-1,,0,8,0,809781663
gym-crucible-armor/T12,corridor-hold,44,Victory,7,0,6,184,70,635,4,117,-1,,0,9,0,234670287
gym-crucible-armor/T12,corridor-hold,45,Victory,7,0,6,192,75,630,4,108,-1,,0,8,0,3247069831
gym-crucible-armor/T12,corridor-hold,46,Victory,7,0,6,192,72,693,4,95,-1,,0,8,0,4273341332
gym-crucible-armor/T12,corridor-hold,47,Victory,7,0,6,184,77,620,4,82,-1,,0,7,0,2254622901
gym-crucible-armor/T12,corridor-hold,48,Victory,7,0,6,176,74,619,3,104,-1,,0,7,0,2051059417
gym-crucible-armor/T12,corridor-hold,49,Victory,7,0,6,192,65,706,4,108,-1,,0,8,0,858577096
gym-crucible-armor/T12,corridor-hold,50,Victory,7,0,6,192,84,636,4,91,-1,,0,7,0,2730435288
gym-crucible-armor/T13,control-hold,1,Victory,7,0,6,192,74,786,3,70,-1,,0,6,0,3455177674
gym-crucible-armor/T13,control-hold,2,Victory,7,0,6,192,77,746,4,95,-1,,0,7,0,3967401492
gym-crucible-armor/T13,control-hold,3,Victory,7,0,6,192,70,1042,4,66,-1,,0,6,0,3940573055
gym-crucible-armor/T13,control-hold,4,Victory,7,0,6,192,65,878,2,66,-1,,0,5,0,1673456749
gym-crucible-armor/T13,control-hold,5,Victory,7,0,6,176,61,906,3,86,-1,,0,6,0,4221027312
gym-crucible-armor/T13,control-hold,6,Victory,7,0,6,192,62,1055,4,108,-1,,0,7,0,786505388
gym-crucible-armor/T13,control-hold,7,Victory,7,0,6,192,54,968,4,108,-1,,0,9,0,1678518233
gym-crucible-armor/T13,control-hold,8,Victory,7,0,6,184,54,833,3,91,-1,,0,8,0,2146071551
gym-crucible-armor/T13,control-hold,9,Victory,7,0,6,192,59,871,4,108,-1,,0,7,0,4098084041
gym-crucible-armor/T13,control-hold,10,Victory,7,0,6,192,69,1020,4,91,-1,,0,7,0,3965536631
gym-crucible-armor/T13,control-hold,11,Victory,7,0,6,192,77,1007,3,100,-1,,0,7,0,1362641540
gym-crucible-armor/T13,control-hold,12,Victory,7,0,6,192,82,914,4,87,-1,,0,7,0,466661528
gym-crucible-armor/T13,control-hold,13,Victory,7,0,6,176,71,820,4,90,-1,,0,5,1,150592134
gym-crucible-armor/T13,control-hold,14,Victory,7,0,6,184,68,867,4,121,-1,,0,7,0,2672896114
gym-crucible-armor/T13,control-hold,15,Victory,7,0,6,192,68,784,3,91,-1,,0,8,0,4021597306
gym-crucible-armor/T13,control-hold,16,Victory,7,0,6,192,75,982,4,100,-1,,0,8,0,4186010094
gym-crucible-armor/T13,control-hold,17,Victory,7,0,6,192,65,726,3,87,-1,,0,8,0,236122271
gym-crucible-armor/T13,control-hold,18,Victory,7,0,6,192,63,1007,3,104,-1,,0,7,0,3530592404
gym-crucible-armor/T13,control-hold,19,Victory,7,0,6,192,67,735,4,120,-1,,0,8,0,2339830161
gym-crucible-armor/T13,control-hold,20,Victory,7,0,6,192,52,717,3,91,-1,,0,8,0,2644721527
gym-crucible-armor/T13,control-hold,21,Victory,7,0,6,192,62,745,4,75,-1,,0,7,0,2784478008
gym-crucible-armor/T13,control-hold,22,Victory,7,0,6,176,68,801,4,100,-1,,0,7,0,186158284
gym-crucible-armor/T13,control-hold,23,Victory,7,0,6,192,73,1060,4,104,-1,,0,7,0,2080364682
gym-crucible-armor/T13,control-hold,24,Victory,7,0,6,192,65,838,3,83,-1,,0,7,0,2440052466
gym-crucible-armor/T13,control-hold,25,Victory,7,0,6,192,65,972,4,87,-1,,0,4,0,758264348
gym-crucible-armor/T13,control-hold,26,Defeat,6,0,6,192,65,966,3,66,-1,,0,4,0,1424465932
gym-crucible-armor/T13,control-hold,27,Victory,7,0,6,184,79,594,4,91,-1,,0,9,0,4038304315
gym-crucible-armor/T13,control-hold,28,Defeat,5,0,5,160,50,1058,4,90,-1,,0,4,1,1239137024
gym-crucible-armor/T13,control-hold,29,Victory,7,0,6,192,70,1052,4,116,-1,,0,7,0,3184400849
gym-crucible-armor/T13,control-hold,30,Victory,7,0,6,184,73,711,3,82,-1,,0,5,0,799695237
gym-crucible-armor/T13,control-hold,31,Victory,7,0,6,192,69,839,4,95,-1,,0,8,0,4262343133
gym-crucible-armor/T13,control-hold,32,Victory,7,0,6,176,56,825,4,77,-1,,0,6,0,3756783429
gym-crucible-armor/T13,control-hold,33,Victory,7,0,6,192,62,1104,4,104,-1,,0,5,0,3546664373
gym-crucible-armor/T13,control-hold,34,Victory,7,0,6,192,68,919,3,104,-1,,0,6,0,346838627
gym-crucible-armor/T13,control-hold,35,Victory,7,0,6,192,66,895,3,75,-1,,0,8,0,3194951275
gym-crucible-armor/T13,control-hold,36,Victory,7,0,6,192,76,950,3,79,-1,,0,7,0,1100614860
gym-crucible-armor/T13,control-hold,37,Victory,7,0,6,192,67,948,3,104,-1,,0,7,0,2411225883
gym-crucible-armor/T13,control-hold,38,Victory,7,0,6,192,66,981,3,91,-1,,0,6,0,3179596750
gym-crucible-armor/T13,control-hold,39,Victory,7,0,6,192,71,910,3,100,-1,,0,7,0,2445716950
gym-crucible-armor/T13,control-hold,40,Victory,7,0,6,192,50,903,3,87,-1,,0,8,0,837015087
gym-crucible-armor/T13,control-hold,41,Victory,7,0,6,192,53,1090,4,91,-1,,0,9,0,1267346834
gym-crucible-armor/T13,control-hold,42,Victory,7,0,6,176,53,836,3,63,-1,,0,2,0,3200258744
gym-crucible-armor/T13,control-hold,43,Victory,7,0,6,192,64,828,3,79,-1,,0,9,0,2949474475
gym-crucible-armor/T13,control-hold,44,Victory,7,0,6,192,66,694,3,104,-1,,0,7,0,79189626
gym-crucible-armor/T13,control-hold,45,Victory,7,0,6,192,67,1088,4,100,-1,,0,8,0,1142866341
gym-crucible-armor/T13,control-hold,46,Victory,7,0,6,192,70,1042,3,100,-1,,0,8,0,1637975763
gym-crucible-armor/T13,control-hold,47,Victory,7,0,6,184,81,716,3,91,-1,,0,7,0,2849602389
gym-crucible-armor/T13,control-hold,48,Victory,7,0,6,192,81,750,3,100,-1,,0,7,0,3942678566
gym-crucible-armor/T13,control-hold,49,Victory,7,0,6,192,76,1020,4,100,-1,,0,9,0,404955684
gym-crucible-armor/T13,control-hold,50,Victory,7,0,6,192,50,923,3,83,-1,,0,7,0,3625691361
gym-crucible-armor/T13,corridor-hold,1,Victory,7,0,6,192,68,740,4,50,-1,,0,6,1,2806641034
gym-crucible-armor/T13,corridor-hold,2,Victory,7,0,6,192,78,880,3,104,-1,,0,7,0,797396100
gym-crucible-armor/T13,corridor-hold,3,Victory,7,0,6,192,80,786,4,54,-1,,0,6,1,1815788487
gym-crucible-armor/T13,corridor-hold,4,Victory,7,0,6,192,67,830,2,70,-1,,0,5,0,2474131942
gym-crucible-armor/T13,corridor-hold,5,Victory,7,0,6,176,69,688,3,86,-1,,0,6,0,2164429662
gym-crucible-armor/T13,corridor-hold,6,Victory,7,0,6,192,69,752,3,79,-1,,0,5,0,2076841690
gym-crucible-armor/T13,corridor-hold,7,Victory,7,0,6,192,60,761,3,95,-1,,0,9,0,802619838
gym-crucible-armor/T13,corridor-hold,8,Defeat,5,0,5,160,51,916,4,75,-1,,0,5,1,1524832959
gym-crucible-armor/T13,corridor-hold,9,Defeat,5,0,5,160,59,1107,4,85,-1,,0,4,1,344678151
gym-crucible-armor/T13,corridor-hold,10,Victory,7,0,6,192,75,676,3,95,-1,,0,7,0,369713011
gym-crucible-armor/T13,corridor-hold,11,Victory,7,0,6,192,80,869,3,100,-1,,0,7,0,2955057224
gym-crucible-armor/T13,corridor-hold,12,Victory,7,0,6,192,77,853,3,87,-1,,0,6,0,1349608692
gym-crucible-armor/T13,corridor-hold,13,Victory,7,0,6,192,68,731,3,75,-1,,0,7,0,1300512632
gym-crucible-armor/T13,corridor-hold,14,Defeat,6,0,6,176,71,839,4,113,-1,,0,7,0,3977710675
gym-crucible-armor/T13,corridor-hold,15,Victory,7,0,6,192,57,886,3,100,-1,,0,8,0,700123656
gym-crucible-armor/T13,corridor-hold,16,Victory,7,0,6,192,78,860,4,79,-1,,0,8,0,3283017025
gym-crucible-armor/T13,corridor-hold,17,Victory,7,0,6,192,64,696,3,83,-1,,0,8,0,3040181612
gym-crucible-armor/T13,corridor-hold,18,Victory,7,0,6,192,69,741,4,116,-1,,0,7,0,4171324353
gym-crucible-armor/T13,corridor-hold,19,Victory,7,0,6,192,50,871,3,100,-1,,0,8,0,2234837475
gym-crucible-armor/T13,corridor-hold,20,Victory,7,0,6,184,61,764,3,69,-1,,0,7,1,1947400818
gym-crucible-armor/T13,corridor-hold,21,Victory,7,0,6,192,64,648,4,95,-1,,0,7,0,3440268295
gym-crucible-armor/T13,corridor-hold,22,Victory,7,0,6,192,62,756,3,104,-1,,0,8,0,2006765576
gym-crucible-armor/T13,corridor-hold,23,Victory,7,0,6,192,74,641,3,87,-1,,0,7,0,3470046298
gym-crucible-armor/T13,corridor-hold,24,Victory,7,0,6,192,69,735,3,83,-1,,0,7,0,2609419788
gym-crucible-armor/T13,corridor-hold,25,Victory,7,0,6,192,75,880,4,87,-1,,0,4,0,397612141
gym-crucible-armor/T13,corridor-hold,26,Victory,7,0,6,192,80,885,4,91,-1,,0,5,0,1437722960
gym-crucible-armor/T13,corridor-hold,27,Defeat,5,0,5,160,43,988,4,90,-1,,0,6,1,313736634
gym-crucible-armor/T13,corridor-hold,28,Victory,7,0,6,192,56,693,4,95,-1,,0,7,0,905119410
gym-crucible-armor/T13,corridor-hold,29,Victory,7,0,6,192,81,630,4,108,-1,,0,7,0,4218671776
gym-crucible-armor/T13,corridor-hold,30,Victory,7,0,6,184,76,711,3,82,-1,,0,5,0,1646715312
gym-crucible-armor/T13,corridor-hold,31,Victory,7,0,6,192,71,794,3,95,-1,,0,6,0,1147710031
gym-crucible-armor/T13,corridor-hold,32,Victory,7,0,6,192,39,773,3,129,-1,,0,9,0,1485088199
gym-crucible-armor/T13,corridor-hold,33,Victory,7,0,6,192,84,770,4,66,-1,,0,6,0,3359958643
gym-crucible-armor/T13,corridor-hold,34,Victory,7,0,6,184,66,687,3,113,-1,,0,6,0,599886630
gym-crucible-armor/T13,corridor-hold,35,Victory,7,0,6,192,72,799,4,104,-1,,0,8,0,815920638
gym-crucible-armor/T13,corridor-hold,36,Victory,7,0,6,192,79,740,4,58,-1,,0,7,0,3702633552
gym-crucible-armor/T13,corridor-hold,37,Victory,7,0,6,192,72,636,3,87,-1,,0,7,0,1455837420
gym-crucible-armor/T13,corridor-hold,38,Victory,7,0,6,192,65,708,3,100,-1,,0,6,0,3652350165
gym-crucible-armor/T13,corridor-hold,39,Victory,7,0,6,192,87,728,3,100,-1,,0,6,0,215017363
gym-crucible-armor/T13,corridor-hold,40,Victory,7,0,6,192,71,715,3,100,-1,,0,8,0,703608562
gym-crucible-armor/T13,corridor-hold,41,Victory,7,0,6,192,48,884,4,100,-1,,0,9,1,837707172
gym-crucible-armor/T13,corridor-hold,42,Victory,7,0,6,176,54,766,3,59,-1,,0,2,0,2071088337
gym-crucible-armor/T13,corridor-hold,43,Defeat,6,0,6,168,53,728,3,71,-1,,0,9,0,1657830864
gym-crucible-armor/T13,corridor-hold,44,Victory,7,0,6,184,70,658,3,108,-1,,0,7,0,733679723
gym-crucible-armor/T13,corridor-hold,45,Victory,7,0,6,192,73,792,4,100,-1,,0,8,0,2820106437
gym-crucible-armor/T13,corridor-hold,46,Victory,7,0,6,192,75,814,4,100,-1,,0,8,0,4018768521
gym-crucible-armor/T13,corridor-hold,47,Victory,7,0,6,192,68,718,4,104,-1,,0,7,0,2464660346
gym-crucible-armor/T13,corridor-hold,48,Victory,7,0,6,192,68,868,3,70,-1,,0,6,0,1902654176
gym-crucible-armor/T13,corridor-hold,49,Victory,7,0,6,192,66,651,3,83,-1,,0,9,0,694158515
gym-crucible-armor/T13,corridor-hold,50,Victory,7,0,6,168,63,718,4,80,-1,,0,9,0,2569049980
gym-crucible-armor/T14,control-hold,1,Defeat,6,0,6,192,54,910,3,58,-1,,0,6,1,3270119473
gym-crucible-armor/T14,control-hold,2,Victory,7,0,6,192,74,714,4,95,-1,,0,7,0,108902929
gym-crucible-armor/T14,control-hold,3,Victory,7,0,6,192,78,796,4,66,-1,,0,6,0,2703023313
gym-crucible-armor/T14,control-hold,4,Victory,7,0,6,192,68,776,3,100,-1,,0,8,0,583001098
gym-crucible-armor/T14,control-hold,5,Victory,7,0,6,192,88,693,4,112,-1,,0,7,0,3532216025
gym-crucible-armor/T14,control-hold,6,Defeat,5,0,5,160,60,995,4,90,-1,,0,4,1,2254852076
gym-crucible-armor/T14,control-hold,7,Victory,7,0,6,184,63,813,3,73,-1,,0,7,0,2808314116
gym-crucible-armor/T14,control-hold,8,Victory,7,0,6,184,66,791,3,73,-1,,0,4,0,140454757
gym-crucible-armor/T14,control-hold,9,Victory,7,0,6,176,56,748,3,63,-1,,0,7,0,3742122626
gym-crucible-armor/T14,control-hold,10,Victory,7,0,6,192,64,786,3,79,-1,,0,5,0,3791627375
gym-crucible-armor/T14,control-hold,11,Victory,7,0,6,192,77,815,3,100,-1,,0,7,0,1912797363
gym-crucible-armor/T14,control-hold,12,Victory,7,0,6,192,66,737,4,116,-1,,0,7,0,307909731
gym-crucible-armor/T14,control-hold,13,Victory,7,0,6,184,54,695,3,69,-1,,0,6,0,1817447821
gym-crucible-armor/T14,control-hold,14,Victory,7,0,6,176,71,568,4,104,-1,,0,7,0,2447792907
gym-crucible-armor/T14,control-hold,15,Victory,7,0,6,192,49,699,3,79,-1,,0,6,0,3902769886
gym-crucible-armor/T14,control-hold,16,Victory,7,0,6,192,79,675,4,95,-1,,0,8,0,2952984132
gym-crucible-armor/T14,control-hold,17,Victory,7,0,6,192,72,708,3,83,-1,,0,8,0,1138348778
gym-crucible-armor/T14,control-hold,18,Victory,7,0,6,192,61,739,3,95,-1,,0,8,0,3478926976
gym-crucible-armor/T14,control-hold,19,Victory,7,0,6,192,72,543,4,112,-1,,0,8,0,1679960764
gym-crucible-armor/T14,control-hold,20,Victory,7,0,6,192,69,733,3,100,-1,,0,8,0,4124700171
gym-crucible-armor/T14,control-hold,21,Victory,7,0,6,192,36,726,3,79,-1,,0,6,0,3232209671
gym-crucible-armor/T14,control-hold,22,Victory,7,0,6,176,71,640,4,100,-1,,0,7,0,3371117762
gym-crucible-armor/T14,control-hold,23,Victory,7,0,6,192,70,783,3,95,-1,,0,7,0,832753169
gym-crucible-armor/T14,control-hold,24,Victory,7,0,6,176,63,665,3,104,-1,,0,8,0,662593901
gym-crucible-armor/T14,control-hold,25,Victory,7,0,6,192,86,926,4,70,-1,,0,4,1,4066351472
gym-crucible-armor/T14,control-hold,26,Defeat,6,0,6,192,65,966,3,66,-1,,0,4,0,1332126599
gym-crucible-armor/T14,control-hold,27,Victory,7,0,6,184,79,594,4,91,-1,,0,9,0,4206201168
gym-crucible-armor/T14,control-hold,28,Defeat,6,0,6,192,57,884,3,108,-1,,0,7,0,814684968
gym-crucible-armor/T14,control-hold,29,Victory,7,0,6,192,68,699,3,95,-1,,0,7,0,1585706895
gym-crucible-armor/T14,control-hold,30,Victory,7,0,6,192,72,678,3,100,-1,,0,5,0,2657879820
gym-crucible-armor/T14,control-hold,31,Victory,7,0,6,192,67,703,3,100,-1,,0,8,0,603176937
gym-crucible-armor/T14,control-hold,32,Victory,7,0,6,176,47,722,3,68,-1,,0,5,1,2777979049
gym-crucible-armor/T14,control-hold,33,Victory,7,0,6,192,71,870,4,91,-1,,0,5,1,333494360
gym-crucible-armor/T14,control-hold,34,Victory,7,0,6,192,72,676,3,83,-1,,0,6,0,4134599675
gym-crucible-armor/T14,control-hold,35,Victory,7,0,6,192,65,741,3,91,-1,,0,7,0,3521556025
gym-crucible-armor/T14,control-hold,36,Victory,7,0,6,192,77,815,3,83,-1,,0,7,0,2008025500
gym-crucible-armor/T14,control-hold,37,Victory,7,0,6,192,63,815,3,83,-1,,0,8,0,3569957394
gym-crucible-armor/T14,control-hold,38,Victory,7,0,6,192,67,728,3,104,-1,,0,6,0,2673313293
gym-crucible-armor/T14,control-hold,39,Victory,7,0,6,192,73,759,3,104,-1,,0,7,0,194572644
gym-crucible-armor/T14,control-hold,40,Defeat,6,0,6,192,55,828,3,87,-1,,0,8,0,2217046123
gym-crucible-armor/T14,control-hold,41,Victory,7,0,6,184,55,475,4,91,-1,,0,9,1,1746674862
gym-crucible-armor/T14,control-hold,42,Victory,7,0,6,176,70,820,3,68,-1,,0,2,0,3093804574
gym-crucible-armor/T14,control-hold,43,Victory,7,0,6,176,63,662,4,77,-1,,0,9,1,41956712
gym-crucible-armor/T14,control-hold,44,Victory,7,0,6,192,63,681,3,104,-1,,0,7,0,4105103481
gym-crucible-armor/T14,control-hold,45,Victory,7,0,6,192,76,781,3,91,-1,,0,8,0,1136918423
gym-crucible-armor/T14,control-hold,46,Victory,7,0,6,192,68,674,4,87,-1,,0,9,0,3907331716
gym-crucible-armor/T14,control-hold,47,Victory,7,0,6,184,81,716,3,91,-1,,0,7,0,3537994870
gym-crucible-armor/T14,control-hold,48,Victory,7,0,6,192,77,683,3,104,-1,,0,7,0,607097750
gym-crucible-armor/T14,control-hold,49,Victory,7,0,6,192,77,708,3,95,-1,,0,9,0,1724844839
gym-crucible-armor/T14,control-hold,50,Victory,7,0,6,176,65,724,4,90,-1,,0,7,0,2993079776
gym-crucible-armor/T14,corridor-hold,1,Victory,7,0,6,192,78,805,4,41,-1,,0,6,1,16167848
gym-crucible-armor/T14,corridor-hold,2,Victory,7,0,6,192,75,797,3,104,-1,,0,7,0,3795927993
gym-crucible-armor/T14,corridor-hold,3,Victory,7,0,6,192,88,800,4,50,-1,,0,6,1,3346425045
gym-crucible-armor/T14,corridor-hold,4,Victory,7,0,6,184,63,629,4,126,-1,,0,8,0,739660163
gym-crucible-armor/T14,corridor-hold,5,Victory,7,0,6,192,73,673,3,95,-1,,0,7,0,917153437
gym-crucible-armor/T14,corridor-hold,6,Victory,7,0,6,192,67,669,4,95,-1,,0,7,0,1592675462
gym-crucible-armor/T14,corridor-hold,7,Victory,7,0,6,184,56,662,4,104,-1,,0,8,0,2798937621
gym-crucible-armor/T14,corridor-hold,8,Victory,7,0,6,184,67,791,3,73,-1,,0,4,0,501503110
gym-crucible-armor/T14,corridor-hold,9,Victory,7,0,6,192,65,642,4,91,-1,,0,7,0,1012820327
gym-crucible-armor/T14,corridor-hold,10,Victory,7,0,6,192,70,740,3,79,-1,,0,5,0,518645438
gym-crucible-armor/T14,corridor-hold,11,Victory,7,0,6,192,77,701,3,100,-1,,0,7,0,2776880045
gym-crucible-armor/T14,corridor-hold,12,Victory,7,0,6,192,71,792,3,100,-1,,0,6,0,2760484050
gym-crucible-armor/T14,corridor-hold,13,Victory,7,0,6,176,60,505,4,100,-1,,0,8,0,134712438
gym-crucible-armor/T14,corridor-hold,14,Defeat,6,0,6,176,76,635,4,104,-1,,0,7,0,879096250
gym-crucible-armor/T14,corridor-hold,15,Victory,7,0,6,184,48,688,3,78,-1,,0,6,0,1752484877
gym-crucible-armor/T14,corridor-hold,16,Victory,7,0,6,192,84,745,4,100,-1,,0,8,0,3849731173
gym-crucible-armor/T14,corridor-hold,17,Victory,7,0,6,192,63,660,3,83,-1,,0,8,0,1918531412
gym-crucible-armor/T14,corridor-hold,18,Victory,7,0,6,192,67,712,3,87,-1,,0,8,0,2867388963
gym-crucible-armor/T14,corridor-hold,19,Victory,7,0,6,192,71,685,3,104,-1,,0,8,0,1950130306
gym-crucible-armor/T14,corridor-hold,20,Victory,7,0,6,184,63,748,3,69,-1,,0,7,1,240261204
gym-crucible-armor/T14,corridor-hold,21,Defeat,6,0,6,192,54,825,4,87,-1,,0,7,0,628913507
gym-crucible-armor/T14,corridor-hold,22,Victory,7,0,6,192,62,756,3,104,-1,,0,8,0,2223303747
gym-crucible-armor/T14,corridor-hold,23,Victory,7,0,6,192,79,786,3,100,-1,,0,7,0,3883641158
gym-crucible-armor/T14,corridor-hold,24,Defeat,6,0,6,192,60,819,4,112,-1,,0,8,0,57660539
gym-crucible-armor/T14,corridor-hold,25,Victory,7,0,6,192,84,826,3,70,-1,,0,4,1,3233210933
gym-crucible-armor/T14,corridor-hold,26,Victory,7,0,6,192,81,790,4,87,-1,,0,5,0,1533992788
gym-crucible-armor/T14,corridor-hold,27,Victory,7,0,6,192,49,709,3,95,-1,,0,8,0,2557806540
gym-crucible-armor/T14,corridor-hold,28,Victory,7,0,6,192,67,566,4,95,-1,,0,7,0,744583202
gym-crucible-armor/T14,corridor-hold,29,Victory,7,0,6,192,79,630,4,108,-1,,0,7,0,778054435
gym-crucible-armor/T14,corridor-hold,30,Victory,7,0,6,192,72,678,3,100,-1,,0,5,0,2657879820
gym-crucible-armor/T14,corridor-hold,31,Victory,7,0,6,192,66,811,3,91,-1,,0,6,0,566615180
gym-crucible-armor/T14,corridor-hold,32,Victory,7,0,6,192,72,755,4,83,-1,,0,6,1,2730147193
gym-crucible-armor/T14,corridor-hold,33,Victory,7,0,6,192,80,770,4,70,-1,,0,6,0,2846500912
gym-crucible-armor/T14,corridor-hold,34,Victory,7,0,6,192,72,790,2,91,-1,,0,6,0,2567947147
gym-crucible-armor/T14,corridor-hold,35,Victory,7,0,6,192,71,696,3,100,-1,,0,7,0,3006987566
gym-crucible-armor/T14,corridor-hold,36,Victory,7,0,6,192,77,740,4,58,-1,,0,7,0,3796975331
gym-crucible-armor/T14,corridor-hold,37,Victory,7,0,6,192,72,685,3,70,-1,,0,7,0,1030546972
gym-crucible-armor/T14,corridor-hold,38,Victory,7,0,6,192,69,708,3,91,-1,,0,6,0,1676556222
gym-crucible-armor/T14,corridor-hold,39,Victory,7,0,6,176,83,551,3,109,-1,,0,7,0,1514698785
gym-crucible-armor/T14,corridor-hold,40,Victory,7,0,6,192,71,715,3,100,-1,,0,8,0,2548396057
gym-crucible-armor/T14,corridor-hold,41,Victory,7,0,6,192,57,602,4,108,-1,,0,9,0,1043891363
gym-crucible-armor/T14,corridor-hold,42,Victory,7,0,6,176,65,779,3,68,-1,,0,2,0,3993577994
gym-crucible-armor/T14,corridor-hold,43,Victory,7,0,6,168,64,662,4,71,-1,,0,9,0,1426759426
gym-crucible-armor/T14,corridor-hold,44,Victory,7,0,6,184,67,645,3,108,-1,,0,7,0,615779912
gym-crucible-armor/T14,corridor-hold,45,Victory,7,0,6,192,67,721,3,95,-1,,0,8,0,994124681
gym-crucible-armor/T14,corridor-hold,46,Victory,7,0,6,192,62,738,3,87,-1,,0,9,0,4276253013
gym-crucible-armor/T14,corridor-hold,47,Victory,7,0,6,192,65,670,4,104,-1,,0,7,0,663464720
gym-crucible-armor/T14,corridor-hold,48,Victory,7,0,6,192,63,763,3,83,-1,,0,6,0,255754482
gym-crucible-armor/T14,corridor-hold,49,Victory,7,0,6,192,66,651,3,83,-1,,0,9,0,3385827320
gym-crucible-armor/T14,corridor-hold,50,Victory,7,0,6,168,54,628,3,80,-1,,0,9,0,2806973812
gym-crucible-armor/T15,control-hold,1,Victory,7,0,6,192,56,933,3,62,-1,,0,6,0,3994299841
gym-crucible-armor/T15,control-hold,2,Victory,7,0,6,192,86,990,4,108,-1,,0,7,0,2310717763
gym-crucible-armor/T15,control-hold,3,Victory,7,0,6,192,80,860,4,62,-1,,0,6,1,2307255459
gym-crucible-armor/T15,control-hold,4,Victory,7,0,6,192,65,936,3,83,-1,,0,5,0,1464242769
gym-crucible-armor/T15,control-hold,5,Victory,7,0,6,176,71,905,3,86,-1,,0,6,0,1764939204
gym-crucible-armor/T15,control-hold,6,Victory,7,0,6,192,68,1055,4,108,-1,,0,7,0,2898608116
gym-crucible-armor/T15,control-hold,7,Defeat,6,0,6,192,63,856,4,125,-1,,0,8,0,2346972650
gym-crucible-armor/T15,control-hold,8,Victory,7,0,6,192,62,944,4,95,-1,,0,8,0,595629666
gym-crucible-armor/T15,control-hold,9,Victory,7,0,6,192,52,803,4,100,-1,,0,9,0,2934269459
gym-crucible-armor/T15,control-hold,10,Victory,7,0,6,184,67,853,4,121,-1,,0,7,0,3232848702
gym-crucible-armor/T15,control-hold,11,Victory,7,0,6,192,86,1023,3,100,-1,,0,7,0,185947953
gym-crucible-armor/T15,control-hold,12,Victory,7,0,6,192,88,982,4,125,-1,,0,7,0,641841042
gym-crucible-armor/T15,control-hold,13,Victory,7,0,6,192,57,797,3,91,-1,,0,7,0,4109314699
gym-crucible-armor/T15,control-hold,14,Victory,7,0,6,184,79,720,3,100,-1,,0,6,0,1403797079
gym-crucible-armor/T15,control-hold,15,Defeat,6,0,6,184,60,918,4,100,-1,,0,8,0,2970823037
gym-crucible-armor/T15,control-hold,16,Victory,7,0,6,192,72,1041,4,104,-1,,0,9,0,1613762635
gym-crucible-armor/T15,control-hold,17,Defeat,6,0,6,192,60,962,3,70,-1,,0,5,0,94324692
gym-crucible-armor/T15,control-hold,18,Victory,7,0,6,192,63,1022,3,87,-1,,0,7,0,2001677444
gym-crucible-armor/T15,control-hold,19,Victory,7,0,6,192,68,886,3,91,-1,,0,7,0,400993208
gym-crucible-armor/T15,control-hold,20,Victory,7,0,6,184,66,729,3,100,-1,,0,8,0,972608577
gym-crucible-armor/T15,control-hold,21,Victory,7,0,6,192,66,665,4,87,-1,,0,7,0,4186310095
gym-crucible-armor/T15,control-hold,22,Victory,7,0,6,192,61,918,4,100,-1,,0,8,0,2693452961
gym-crucible-armor/T15,control-hold,23,Victory,7,0,6,192,84,784,3,91,-1,,0,7,0,4075798081
gym-crucible-armor/T15,control-hold,24,Victory,7,0,6,192,66,835,3,83,-1,,0,7,0,2530920556
gym-crucible-armor/T15,control-hold,25,Victory,7,0,6,192,65,1081,4,91,-1,,0,4,0,1536281276
gym-crucible-armor/T15,control-hold,26,Defeat,6,0,6,192,69,966,3,66,-1,,0,4,0,1806179990
gym-crucible-armor/T15,control-hold,27,Victory,7,0,6,184,55,775,3,82,-1,,0,8,0,2329677209
gym-crucible-armor/T15,control-hold,28,Defeat,5,0,5,160,52,1058,4,90,-1,,0,4,1,2451373335
gym-crucible-armor/T15,control-hold,29,Victory,7,0,6,192,82,910,4,100,-1,,0,7,0,2104158131
gym-crucible-armor/T15,control-hold,30,Victory,7,0,6,192,60,991,3,87,-1,,0,8,0,1304320934
gym-crucible-armor/T15,control-hold,31,Victory,7,0,6,184,68,841,3,65,-1,,0,5,0,2575378177
gym-crucible-armor/T15,control-hold,32,Victory,7,0,6,192,49,954,3,58,-1,,0,6,1,2592563882
gym-crucible-armor/T15,control-hold,33,Victory,7,0,6,192,59,1036,4,75,-1,,0,5,0,3022734158
gym-crucible-armor/T15,control-hold,34,Victory,7,0,6,184,65,896,3,91,-1,,0,6,0,164543129
gym-crucible-armor/T15,control-hold,35,Victory,7,0,6,184,66,691,3,100,-1,,0,8,0,1906211531
gym-crucible-armor/T15,control-hold,36,Victory,7,0,6,192,77,950,3,79,-1,,0,7,0,1495647408
gym-crucible-armor/T15,control-hold,37,Victory,7,0,6,192,70,917,3,100,-1,,0,7,0,766099004
gym-crucible-armor/T15,control-hold,38,Victory,7,0,6,184,63,830,2,52,-1,,0,6,0,1936948031
gym-crucible-armor/T15,control-hold,39,Victory,7,0,6,192,91,1026,4,104,-1,,0,7,0,1046033130
gym-crucible-armor/T15,control-hold,40,Victory,7,0,6,192,63,956,3,87,-1,,0,7,0,3956232008
gym-crucible-armor/T15,control-hold,41,Victory,7,0,6,192,52,1040,4,108,-1,,0,8,0,1278818710
gym-crucible-armor/T15,control-hold,42,Victory,7,0,6,192,50,1032,3,54,-1,,0,3,0,3938182732
gym-crucible-armor/T15,control-hold,43,Victory,7,0,6,192,66,1032,4,108,-1,,0,8,0,42539981
gym-crucible-armor/T15,control-hold,44,Victory,7,0,6,192,71,875,2,87,-1,,0,7,0,1614534617
gym-crucible-armor/T15,control-hold,45,Victory,7,0,6,192,74,892,4,100,-1,,0,8,0,364503266
gym-crucible-armor/T15,control-hold,46,Victory,7,0,6,192,93,747,3,120,-1,,0,8,0,1014744725
gym-crucible-armor/T15,control-hold,47,Victory,7,0,6,184,66,716,3,82,-1,,0,7,0,2096233391
gym-crucible-armor/T15,control-hold,48,Victory,7,0,6,176,68,727,3,90,-1,,0,6,0,2833125960
gym-crucible-armor/T15,control-hold,49,Victory,7,0,6,192,58,916,4,108,-1,,0,8,0,1272919657
gym-crucible-armor/T15,control-hold,50,Victory,7,0,6,192,76,758,3,100,-1,,0,7,0,271437657
gym-crucible-armor/T15,corridor-hold,1,Victory,7,0,6,184,78,827,4,73,-1,,0,7,0,2363559685
gym-crucible-armor/T15,corridor-hold,2,Victory,7,0,6,192,84,880,3,104,-1,,0,7,0,2523542266
gym-crucible-armor/T15,corridor-hold,3,Victory,7,0,6,192,79,965,4,87,-1,,0,6,1,1720885777
gym-crucible-armor/T15,corridor-hold,4,Victory,7,0,6,192,69,837,3,79,-1,,0,5,0,1157268291
gym-crucible-armor/T15,corridor-hold,5,Victory,7,0,6,176,75,688,3,86,-1,,0,6,0,3926899865
gym-crucible-armor/T15,corridor-hold,6,Victory,7,0,6,192,61,722,2,83,-1,,0,6,0,3764311384
gym-crucible-armor/T15,corridor-hold,7,Victory,7,0,6,192,72,721,3,91,-1,,0,8,0,3264727127
gym-crucible-armor/T15,corridor-hold,8,Victory,7,0,6,192,60,760,3,100,-1,,0,8,0,3160508511
gym-crucible-armor/T15,corridor-hold,9,Victory,7,0,6,192,70,802,4,91,-1,,0,9,0,752505928
gym-crucible-armor/T15,corridor-hold,10,Victory,7,0,6,184,76,584,3,108,-1,,0,7,0,1855462459
gym-crucible-armor/T15,corridor-hold,11,Victory,7,0,6,192,80,763,3,104,-1,,0,7,0,1967172990
gym-crucible-armor/T15,corridor-hold,12,Victory,7,0,6,192,76,709,3,95,-1,,0,7,0,3437718874
gym-crucible-armor/T15,corridor-hold,13,Victory,7,0,6,192,65,625,3,95,-1,,0,7,0,3904624226
gym-crucible-armor/T15,corridor-hold,14,Victory,7,0,6,184,80,684,3,100,-1,,0,6,0,1850483570
gym-crucible-armor/T15,corridor-hold,15,Victory,7,0,6,184,64,796,4,108,-1,,0,8,0,2112727386
gym-crucible-armor/T15,corridor-hold,16,Defeat,6,0,6,192,63,900,4,100,-1,,0,9,0,2575070261
gym-crucible-armor/T15,corridor-hold,17,Victory,7,0,6,184,57,660,4,95,-1,,0,8,0,480845489
gym-crucible-armor/T15,corridor-hold,18,Victory,7,0,6,192,77,730,3,79,-1,,0,6,0,877463253
gym-crucible-armor/T15,corridor-hold,19,Victory,7,0,6,192,60,688,3,87,-1,,0,7,0,3174109870
gym-crucible-armor/T15,corridor-hold,20,Victory,7,0,6,184,58,751,4,86,-1,,0,8,0,1436834599
gym-crucible-armor/T15,corridor-hold,21,Victory,7,0,6,192,67,671,4,95,-1,,0,7,0,2983536254
gym-crucible-armor/T15,corridor-hold,22,Defeat,5,0,5,160,43,1078,4,80,-1,,0,5,1,252350412
gym-crucible-armor/T15,corridor-hold,23,Victory,7,0,6,192,81,891,3,100,-1,,0,7,0,1773292661
gym-crucible-armor/T15,corridor-hold,24,Victory,7,0,6,192,65,707,3,83,-1,,0,7,0,3998345280
gym-crucible-armor/T15,corridor-hold,25,Victory,7,0,6,192,81,880,4,87,-1,,0,4,0,2093346235
gym-crucible-armor/T15,corridor-hold,26,Victory,7,0,6,192,81,885,4,91,-1,,0,5,0,923277837
gym-crucible-armor/T15,corridor-hold,27,Defeat,6,0,6,184,54,917,3,86,-1,,0,8,0,3322200174
gym-crucible-armor/T15,corridor-hold,28,Victory,7,0,6,192,61,724,4,100,-1,,0,7,0,634712267
gym-crucible-armor/T15,corridor-hold,29,Victory,7,0,6,192,87,630,4,108,-1,,0,7,0,1492655662
gym-crucible-armor/T15,corridor-hold,30,Victory,7,0,6,184,57,780,4,104,-1,,0,8,0,1710210789
gym-crucible-armor/T15,corridor-hold,31,Victory,7,0,6,192,77,813,4,95,-1,,0,6,0,1542853685
gym-crucible-armor/T15,corridor-hold,32,Victory,7,0,6,184,55,700,4,86,-1,,0,6,0,3981852323
gym-crucible-armor/T15,corridor-hold,33,Victory,7,0,6,192,82,825,4,70,-1,,0,6,0,1079202387
gym-crucible-armor/T15,corridor-hold,34,Victory,7,0,6,184,65,822,3,86,-1,,0,6,0,2692756215
gym-crucible-armor/T15,corridor-hold,35,Victory,7,0,6,192,70,815,4,100,-1,,0,8,0,13524949
gym-crucible-armor/T15,corridor-hold,36,Victory,7,0,6,192,79,796,4,66,-1,,0,7,0,402230361
gym-crucible-armor/T15,corridor-hold,37,Victory,7,0,6,192,77,701,3,95,-1,,0,7,0,1898913459
gym-crucible-armor/T15,corridor-hold,38,Victory,7,0,6,184,63,830,2,52,-1,,0,6,0,1936948031
gym-crucible-armor/T15,corridor-hold,39,Victory,7,0,6,192,82,666,4,104,-1,,0,7,0,3191995326
gym-crucible-armor/T15,corridor-hold,40,Victory,7,0,6,192,65,700,3,95,-1,,0,7,0,3997604654
gym-crucible-armor/T15,corridor-hold,41,Victory,7,0,6,192,45,752,3,108,-1,,0,8,0,3168218864
gym-crucible-armor/T15,corridor-hold,42,Victory,7,0,6,192,55,883,3,54,-1,,0,3,0,3394140374
gym-crucible-armor/T15,corridor-hold,43,Victory,7,0,6,192,59,835,4,104,-1,,0,8,0,1868771943
gym-crucible-armor/T15,corridor-hold,44,Victory,7,0,6,184,69,789,3,100,-1,,0,7,0,1438627871
gym-crucible-armor/T15,corridor-hold,45,Victory,7,0,6,192,76,696,3,91,-1,,0,8,0,133954436
gym-crucible-armor/T15,corridor-hold,46,Victory,7,0,6,192,87,648,4,120,-1,,0,8,0,1865075830
gym-crucible-armor/T15,corridor-hold,47,Victory,7,0,6,192,75,685,3,83,-1,,0,7,0,3024890478
gym-crucible-armor/T15,corridor-hold,48,Victory,7,0,6,176,66,707,3,90,-1,,0,6,0,2470998942
gym-crucible-armor/T15,corridor-hold,49,Defeat,6,0,6,192,55,830,4,108,-1,,0,8,0,4075615409
gym-crucible-armor/T15,corridor-hold,50,Victory,7,0,6,192,77,732,3,87,-1,,0,7,0,3900092801
gym-crucible-armor/T16,control-hold,1,Defeat,6,0,6,192,53,876,3,50,-1,,0,6,1,44538920
gym-crucible-armor/T16,control-hold,2,Victory,7,0,6,192,78,869,3,100,-1,,0,7,0,358280775
gym-crucible-armor/T16,control-hold,3,Victory,7,0,6,192,79,860,4,62,-1,,0,6,1,2392051675
gym-crucible-armor/T16,control-hold,4,Victory,7,0,6,192,69,723,3,87,-1,,0,8,0,1912863350
gym-crucible-armor/T16,control-hold,5,Victory,7,0,6,192,93,693,3,108,-1,,0,7,0,444810382
gym-crucible-armor/T16,control-hold,6,Defeat,5,0,5,160,62,995,4,90,-1,,0,4,1,3166308966
gym-crucible-armor/T16,control-hold,7,Victory,7,0,6,192,45,735,3,58,-1,,0,5,0,2427964490
gym-crucible-armor/T16,control-hold,8,Victory,7,0,6,184,66,818,3,65,-1,,0,4,0,1703856638
gym-crucible-armor/T16,control-hold,9,Victory,7,0,6,192,56,705,3,91,-1,,0,9,0,776195888
gym-crucible-armor/T16,control-hold,10,Victory,7,0,6,192,71,720,3,91,-1,,0,6,0,1617842769
gym-crucible-armor/T16,control-hold,11,Victory,7,0,6,192,86,765,3,104,-1,,0,7,0,2064343869
gym-crucible-armor/T16,control-hold,12,Defeat,5,0,5,160,60,1063,4,75,-1,,0,4,1,1635461350
gym-crucible-armor/T16,control-hold,13,Victory,7,0,6,192,69,717,3,91,-1,,0,7,0,2099856199
gym-crucible-armor/T16,control-hold,14,Victory,7,0,6,184,77,626,3,100,-1,,0,6,0,759854393
gym-crucible-armor/T16,control-hold,15,Victory,7,0,6,192,50,821,3,83,-1,,0,6,0,498084232
gym-crucible-armor/T16,control-hold,16,Defeat,5,0,5,160,56,1019,4,85,-1,,0,6,1,688530751
gym-crucible-armor/T16,control-hold,17,Defeat,6,0,6,192,60,962,3,70,-1,,0,5,0,1477465183
gym-crucible-armor/T16,control-hold,18,Victory,7,0,6,192,74,720,4,87,-1,,0,5,0,3675765746
gym-crucible-armor/T16,control-hold,19,Victory,7,0,6,192,70,646,4,91,-1,,0,7,0,3840544456
gym-crucible-armor/T16,control-hold,20,Victory,7,0,6,184,66,729,3,100,-1,,0,8,0,3871269122
gym-crucible-armor/T16,control-hold,21,Defeat,6,0,6,192,60,878,4,79,-1,,0,7,0,2829974859
gym-crucible-armor/T16,control-hold,22,Defeat,5,0,5,160,46,1056,4,85,-1,,0,5,1,4112364999
gym-crucible-armor/T16,control-hold,23,Victory,7,0,6,192,81,688,4,108,-1,,0,7,0,4178075059
gym-crucible-armor/T16,control-hold,24,Victory,7,0,6,184,64,719,3,104,-1,,0,8,0,3222578450
gym-crucible-armor/T16,control-hold,25,Victory,7,0,6,192,90,926,4,87,-1,,0,4,1,3768758124
gym-crucible-armor/T16,control-hold,26,Defeat,6,0,6,192,69,966,3,66,-1,,0,4,0,1646649189
gym-crucible-armor/T16,control-hold,27,Victory,7,0,6,192,54,726,3,100,-1,,0,8,0,628078123
gym-crucible-armor/T16,control-hold,28,Victory,7,0,6,192,65,791,3,95,-1,,0,7,0,3488500163
gym-crucible-armor/T16,control-hold,29,Victory,7,0,6,192,78,729,3,95,-1,,0,7,0,1127907419
gym-crucible-armor/T16,control-hold,30,Victory,7,0,6,192,66,777,2,66,-1,,0,7,0,2093669728
gym-crucible-armor/T16,control-hold,31,Victory,7,0,6,192,56,709,4,83,-1,,0,8,0,3248417928
gym-crucible-armor/T16,control-hold,32,Defeat,6,0,6,192,44,910,3,54,-1,,0,6,1,1179256550
gym-crucible-armor/T16,control-hold,33,Victory,7,0,6,192,56,860,4,66,-1,,0,5,0,3162991489
gym-crucible-armor/T16,control-hold,34,Victory,7,0,6,192,91,708,4,91,-1,,0,7,0,1342314244
gym-crucible-armor/T16,control-hold,35,Victory,7,0,6,192,79,664,4,112,-1,,0,7,0,463235507
gym-crucible-armor/T16,control-hold,36,Victory,7,0,6,192,80,836,3,83,-1,,0,7,0,2798686438
gym-crucible-armor/T16,control-hold,37,Victory,7,0,6,192,68,751,3,91,-1,,0,8,0,2365927087
gym-crucible-armor/T16,control-hold,38,Victory,7,0,6,184,60,773,2,52,-1,,0,6,0,640192738
gym-crucible-armor/T16,control-hold,39,Victory,7,0,6,192,88,629,4,104,-1,,0,7,0,60604015
gym-crucible-armor/T16,control-hold,40,Defeat,6,0,6,192,57,891,3,83,-1,,0,7,0,2993579369
gym-crucible-armor/T16,control-hold,41,Defeat,6,0,6,184,49,861,4,108,-1,,0,8,0,2119740021
gym-crucible-armor/T16,control-hold,42,Victory,7,0,6,192,57,918,3,54,-1,,0,3,0,477795391
gym-crucible-armor/T16,control-hold,43,Victory,7,0,6,192,70,654,4,83,-1,,0,8,0,2063156192
gym-crucible-armor/T16,control-hold,44,Victory,7,0,6,192,84,693,3,108,-1,,0,9,0,3285337118
gym-crucible-armor/T16,control-hold,45,Victory,7,0,6,192,79,669,3,100,-1,,0,8,0,309144615
gym-crucible-armor/T16,control-hold,46,Victory,7,0,6,192,79,758,4,100,-1,,0,8,0,3744802518
gym-crucible-armor/T16,control-hold,47,Victory,7,0,6,184,66,716,3,82,-1,,0,7,0,3512618012
gym-crucible-armor/T16,control-hold,48,Victory,7,0,6,176,70,727,3,90,-1,,0,6,0,3120379510
gym-crucible-armor/T16,control-hold,49,Victory,7,0,6,192,70,704,3,87,-1,,0,8,0,1660664383
gym-crucible-armor/T16,control-hold,50,Victory,7,0,6,192,78,758,3,100,-1,,0,7,0,1200553410
gym-crucible-armor/T16,corridor-hold,1,Victory,7,0,6,184,70,658,4,95,-1,,0,7,0,82677819
gym-crucible-armor/T16,corridor-hold,2,Victory,7,0,6,192,81,797,3,104,-1,,0,7,0,1280027959
gym-crucible-armor/T16,corridor-hold,3,Victory,7,0,6,192,79,965,4,87,-1,,0,6,1,1581697874
gym-crucible-armor/T16,corridor-hold,4,Victory,7,0,6,192,68,696,4,91,-1,,0,8,0,4202125350
gym-crucible-armor/T16,corridor-hold,5,Victory,7,0,6,192,79,673,3,95,-1,,0,7,0,3914622520
gym-crucible-armor/T16,corridor-hold,6,Victory,7,0,6,192,73,642,4,87,-1,,0,7,0,1400010812
gym-crucible-armor/T16,corridor-hold,7,Victory,7,0,6,192,45,735,3,58,-1,,0,5,0,2427964490
gym-crucible-armor/T16,corridor-hold,8,Victory,7,0,6,184,66,818,3,65,-1,,0,4,0,1703856638
gym-crucible-armor/T16,corridor-hold,9,Victory,7,0,6,192,56,705,3,91,-1,,0,9,0,776195888
gym-crucible-armor/T16,corridor-hold,10,Victory,7,0,6,192,71,720,3,91,-1,,0,6,0,1617842769
gym-crucible-armor/T16,corridor-hold,11,Victory,7,0,6,192,80,763,3,104,-1,,0,7,0,2129419389
gym-crucible-armor/T16,corridor-hold,12,Victory,7,0,6,192,66,726,4,100,-1,,0,7,0,3500557233
gym-crucible-armor/T16,corridor-hold,13,Victory,7,0,6,192,61,631,4,112,-1,,0,7,0,2110876211
gym-crucible-armor/T16,corridor-hold,14,Victory,7,0,6,184,78,590,3,100,-1,,0,6,0,2499813324
gym-crucible-armor/T16,corridor-hold,15,Victory,7,0,6,192,51,723,3,83,-1,,0,6,0,1524687373
gym-crucible-armor/T16,corridor-hold,16,Defeat,5,0,5,160,56,1019,4,85,-1,,0,6,1,688530751
gym-crucible-armor/T16,corridor-hold,17,Victory,7,0,6,184,57,705,4,95,-1,,0,8,0,71594375
gym-crucible-armor/T16,corridor-hold,18,Victory,7,0,6,192,72,754,4,79,-1,,0,5,0,3663028848
gym-crucible-armor/T16,corridor-hold,19,Victory,7,0,6,192,64,570,4,95,-1,,0,7,0,1142408749
gym-crucible-armor/T16,corridor-hold,20,Victory,7,0,6,184,58,751,4,86,-1,,0,8,0,3108566588
gym-crucible-armor/T16,corridor-hold,21,Defeat,6,0,6,192,61,865,4,87,-1,,0,7,0,2393304402
gym-crucible-armor/T16,corridor-hold,22,Defeat,5,0,5,160,46,1078,4,75,-1,,0,5,1,3143431641
gym-crucible-armor/T16,corridor-hold,23,Victory,7,0,6,192,80,650,4,104,-1,,0,7,0,2805905059
gym-crucible-armor/T16,corridor-hold,24,Victory,7,0,6,184,64,755,3,100,-1,,0,8,0,2420742211
gym-crucible-armor/T16,corridor-hold,25,Victory,7,0,6,192,85,856,4,70,-1,,0,4,1,3676031573
gym-crucible-armor/T16,corridor-hold,26,Victory,7,0,6,192,84,790,4,87,-1,,0,5,0,198019789
gym-crucible-armor/T16,corridor-hold,27,Victory,7,0,6,192,54,726,3,100,-1,,0,8,0,628078123
gym-crucible-armor/T16,corridor-hold,28,Victory,7,0,6,192,73,566,4,95,-1,,0,7,0,4239634740
gym-crucible-armor/T16,corridor-hold,29,Victory,7,0,6,192,85,630,4,108,-1,,0,7,0,3793412813
gym-crucible-armor/T16,corridor-hold,30,Victory,7,0,6,192,66,777,2,66,-1,,0,7,0,2093669728
gym-crucible-armor/T16,corridor-hold,31,Victory,7,0,6,184,51,695,4,91,-1,,0,8,0,2912468790
gym-crucible-armor/T16,corridor-hold,32,Victory,7,0,6,184,45,780,4,82,-1,,0,6,0,1858828498
gym-crucible-armor/T16,corridor-hold,33,Victory,7,0,6,192,78,825,4,70,-1,,0,6,0,1630352274
gym-crucible-armor/T16,corridor-hold,34,Victory,7,0,6,192,80,761,3,95,-1,,0,6,0,3163871426
gym-crucible-armor/T16,corridor-hold,35,Victory,7,0,6,192,69,681,3,100,-1,,0,7,0,2274002241
gym-crucible-armor/T16,corridor-hold,36,Victory,7,0,6,192,77,796,4,66,-1,,0,7,0,1442183434
gym-crucible-armor/T16,corridor-hold,37,Victory,7,0,6,192,76,685,3,70,-1,,0,7,0,1626307667
gym-crucible-armor/T16,corridor-hold,38,Victory,7,0,6,184,60,773,2,52,-1,,0,6,0,640192738
gym-crucible-armor/T16,corridor-hold,39,Victory,7,0,6,192,79,596,4,104,-1,,0,7,0,2111107568
gym-crucible-armor/T16,corridor-hold,40,Victory,7,0,6,192,65,700,3,95,-1,,0,7,0,852148765
gym-crucible-armor/T16,corridor-hold,41,Victory,7,0,6,184,46,678,3,95,-1,,0,7,0,3684946574
gym-crucible-armor/T16,corridor-hold,42,Victory,7,0,6,192,57,918,3,54,-1,,0,3,0,477795391
gym-crucible-armor/T16,corridor-hold,43,Victory,7,0,6,192,67,685,3,95,-1,,0,8,0,1403393778
gym-crucible-armor/T16,corridor-hold,44,Victory,7,0,6,192,75,713,2,91,-1,,0,9,0,654712144
gym-crucible-armor/T16,corridor-hold,45,Victory,7,0,6,192,76,696,3,91,-1,,0,8,0,1990569703
gym-crucible-armor/T16,corridor-hold,46,Victory,7,0,6,192,72,693,4,95,-1,,0,8,0,4254533735
gym-crucible-armor/T16,corridor-hold,47,Victory,7,0,6,192,75,685,3,83,-1,,0,7,0,2157969757
gym-crucible-armor/T16,corridor-hold,48,Victory,7,0,6,176,68,707,3,90,-1,,0,6,0,3082904688
gym-crucible-armor/T16,corridor-hold,49,Victory,7,0,6,192,64,610,4,100,-1,,0,8,0,158674162
gym-crucible-armor/T16,corridor-hold,50,Victory,7,0,6,192,76,706,3,87,-1,,0,7,0,2568650651
gym-crucible-delay/T01,control-hold,1,Victory,7,0,6,184,62,801,3,65,-1,,0,5,1,1387309333
gym-crucible-delay/T01,control-hold,2,Victory,7,0,6,176,61,906,3,59,-1,,0,6,2,4236925794
gym-crucible-delay/T01,control-hold,3,Victory,7,0,6,184,78,923,3,26,-1,,0,6,2,2270011092
gym-crucible-delay/T01,control-hold,4,Defeat,6,0,6,184,56,861,3,47,-1,,0,4,1,2638663322
gym-crucible-delay/T01,control-hold,5,Victory,7,0,6,192,67,816,2,50,-1,,0,5,1,2771559998
gym-crucible-delay/T01,control-hold,6,Defeat,5,0,5,160,59,1029,3,40,-1,,0,5,2,3019378202
gym-crucible-delay/T01,control-hold,7,Defeat,6,0,6,192,42,1051,3,41,-1,,0,6,2,181031953
gym-crucible-delay/T01,control-hold,8,Victory,7,0,6,192,63,782,1,41,-1,,0,5,1,1645876723
gym-crucible-delay/T01,control-hold,9,Victory,7,0,6,192,92,930,4,20,-1,,0,7,2,347311747
gym-crucible-delay/T01,control-hold,10,Defeat,3,0,3,96,29,1099,3,25,-1,,0,0,1,2884072388
gym-crucible-delay/T01,control-hold,11,Victory,7,0,6,192,71,856,1,33,-1,,0,4,1,496409583
gym-crucible-delay/T01,control-hold,12,Victory,7,0,6,192,58,867,2,41,-1,,0,5,1,3154549563
gym-crucible-delay/T01,control-hold,13,Victory,7,0,6,192,77,751,2,37,-1,,0,5,1,1984729279
gym-crucible-delay/T01,control-hold,14,Defeat,5,0,5,152,46,925,4,78,-1,,0,6,1,2474242174
gym-crucible-delay/T01,control-hold,15,Victory,7,0,6,176,54,905,4,50,-1,,0,6,2,3173468632
gym-crucible-delay/T01,control-hold,16,Victory,7,0,6,192,63,856,1,33,-1,,0,5,1,157282829
gym-crucible-delay/T01,control-hold,17,Victory,7,0,6,192,67,795,3,70,-1,,0,6,0,1498734439
gym-crucible-delay/T01,control-hold,18,Defeat,6,0,6,184,63,856,2,43,-1,,0,4,1,2986802401
gym-crucible-delay/T01,control-hold,19,Victory,7,0,6,192,47,867,2,41,-1,,0,5,1,2371224536
gym-crucible-delay/T01,control-hold,20,Victory,7,0,6,192,67,856,1,33,-1,,0,5,1,3169828541
gym-crucible-delay/T01,control-hold,21,Victory,7,0,6,192,65,1141,3,45,-1,,0,6,2,2970584985
gym-crucible-delay/T01,control-hold,22,Defeat,6,0,6,192,29,1004,2,83,-1,,0,8,1,2014052421
gym-crucible-delay/T01,control-hold,23,Defeat,5,0,5,160,45,1029,3,45,-1,,0,4,2,1023670850
gym-crucible-delay/T01,control-hold,24,Victory,7,0,6,192,61,781,1,33,-1,,0,4,1,808292600
gym-crucible-delay/T01,control-hold,25,Victory,7,0,6,192,59,844,1,33,-1,,0,4,1,3819584774
gym-crucible-delay/T01,control-hold,26,Victory,7,0,6,192,76,864,2,29,-1,,0,4,2,1447697492
gym-crucible-delay/T01,control-hold,27,Victory,7,0,6,192,77,930,3,20,-1,,0,6,2,2847359980
gym-crucible-delay/T01,control-hold,28,Victory,7,0,6,192,64,878,2,33,-1,,0,4,1,2242225637
gym-crucible-delay/T01,control-hold,29,Victory,7,0,6,192,70,786,1,41,-1,,0,5,1,89208778
gym-crucible-delay/T01,control-hold,30,Victory,7,0,6,184,55,922,3,56,-1,,0,7,1,3963953959
gym-crucible-delay/T01,control-hold,31,Defeat,6,0,6,184,63,786,2,60,-1,,0,6,0,1141068390
gym-crucible-delay/T01,control-hold,32,Victory,7,0,6,184,39,773,1,39,-1,,0,5,1,2627372615
gym-crucible-delay/T01,control-hold,33,Victory,7,0,6,192,66,1031,3,45,-1,,0,5,2,2484602700
gym-crucible-delay/T01,control-hold,34,Defeat,4,0,4,128,47,849,3,50,-1,,0,3,1,3880110373
gym-crucible-delay/T01,control-hold,35,Victory,7,0,6,192,79,853,2,29,-1,,0,4,1,2295977617
gym-crucible-delay/T01,control-hold,36,Victory,7,0,6,192,68,842,2,50,-1,,0,5,1,1275119244
gym-crucible-delay/T01,control-hold,37,Victory,7,0,6,192,56,845,2,33,-1,,0,4,1,3966294783
gym-crucible-delay/T01,control-hold,38,Victory,7,0,6,192,53,1065,3,54,-1,,0,7,2,1033330042
gym-crucible-delay/T01,control-hold,39,Victory,7,0,6,192,61,919,3,62,-1,,0,6,2,3571541490
gym-crucible-delay/T01,control-hold,40,Defeat,6,0,6,192,50,1047,3,50,-1,,0,6,2,3697082641
gym-crucible-delay/T01,control-hold,41,Victory,7,0,6,184,43,841,3,43,-1,,0,6,2,2517623879
gym-crucible-delay/T01,control-hold,42,Victory,7,0,6,192,72,872,2,33,-1,,0,4,1,3042690487
gym-crucible-delay/T01,control-hold,43,Victory,7,0,6,192,55,786,1,41,-1,,0,5,1,1933522880
gym-crucible-delay/T01,control-hold,44,Victory,7,0,6,192,60,856,1,33,-1,,0,5,1,1020842037
gym-crucible-delay/T01,control-hold,45,Victory,7,0,6,192,76,856,1,33,-1,,0,4,1,1417343864
gym-crucible-delay/T01,control-hold,46,Victory,7,0,6,192,61,736,1,50,-1,,0,6,0,1883874679
gym-crucible-delay/T01,control-hold,47,Victory,7,0,6,192,67,856,1,41,-1,,0,5,1,656291804
gym-crucible-delay/T01,control-hold,48,Victory,7,0,6,192,56,766,2,66,-1,,0,6,0,496521048
gym-crucible-delay/T01,control-hold,49,Defeat,6,0,6,184,64,856,2,43,-1,,0,5,1,2280529493
gym-crucible-delay/T01,control-hold,50,Victory,7,0,6,192,76,864,2,29,-1,,0,4,2,1447697492
gym-crucible-delay/T01,corridor-hold,1,Defeat,6,0,6,184,57,826,3,65,-1,,0,5,1,3988052467
gym-crucible-delay/T01,corridor-hold,2,Defeat,6,0,6,176,57,923,3,59,-1,,0,5,2,243181638
gym-crucible-delay/T01,corridor-hold,3,Defeat,6,0,6,184,73,930,3,30,-1,,0,6,2,2117607094
gym-crucible-delay/T01,corridor-hold,4,Defeat,6,0,6,184,54,861,3,43,-1,,0,4,1,1496530350
gym-crucible-delay/T01,corridor-hold,5,Victory,7,0,6,192,79,716,3,50,-1,,0,6,2,997479655
gym-crucible-delay/T01,corridor-hold,6,Defeat,4,0,4,128,54,1029,3,37,-1,,0,3,1,1787643996
gym-crucible-delay/T01,corridor-hold,7,Victory,7,0,6,192,60,746,2,33,-1,,0,5,1,1880062117
gym-crucible-delay/T01,corridor-hold,8,Victory,7,0,6,192,63,782,1,41,-1,,0,5,1,1112280309
gym-crucible-delay/T01,corridor-hold,9,Victory,7,0,6,192,92,930,4,20,-1,,0,7,2,347311747
gym-crucible-delay/T01,corridor-hold,10,Defeat,3,0,3,96,29,1099,3,25,-1,,0,0,1,1741841445
gym-crucible-delay/T01,corridor-hold,11,Victory,7,0,6,192,71,856,1,33,-1,,0,4,1,496409583
gym-crucible-delay/T01,corridor-hold,12,Victory,7,0,6,192,60,797,2,41,-1,,0,5,1,2085211688
gym-crucible-delay/T01,corridor-hold,13,Victory,7,0,6,192,72,751,1,37,-1,,0,5,1,1277214127
gym-crucible-delay/T01,corridor-hold,14,Defeat,3,0,3,96,33,1024,3,41,-1,,0,1,1,2811183169
gym-crucible-delay/T01,corridor-hold,15,Defeat,5,0,5,152,44,909,3,47,-1,,0,4,2,1381973304
gym-crucible-delay/T01,corridor-hold,16,Victory,7,0,6,192,63,856,1,33,-1,,0,5,1,157282829
gym-crucible-delay/T01,corridor-hold,17,Defeat,5,0,5,160,51,951,3,50,-1,,0,5,2,1988171126
gym-crucible-delay/T01,corridor-hold,18,Defeat,6,0,6,184,63,856,2,43,-1,,0,4,1,2986802401
gym-crucible-delay/T01,corridor-hold,19,Victory,7,0,6,192,49,833,2,41,-1,,0,5,1,2586179007
gym-crucible-delay/T01,corridor-hold,20,Victory,7,0,6,192,67,856,1,33,-1,,0,5,1,3169828541
gym-crucible-delay/T01,corridor-hold,21,Defeat,5,0,5,160,42,967,3,55,-1,,0,4,2,2062305862
gym-crucible-delay/T01,corridor-hold,22,Defeat,3,0,3,96,19,1064,3,58,-1,,0,1,1,904597338
gym-crucible-delay/T01,corridor-hold,23,Defeat,6,0,6,192,50,939,3,54,-1,,0,5,1,963432551
gym-crucible-delay/T01,corridor-hold,24,Victory,7,0,6,192,61,887,1,33,-1,,0,4,1,381061813
gym-crucible-delay/T01,corridor-hold,25,Victory,7,0,6,192,59,844,1,33,-1,,0,4,1,3819584774
gym-crucible-delay/T01,corridor-hold,26,Victory,7,0,6,184,69,811,2,30,-1,,0,4,2,547830401
gym-crucible-delay/T01,corridor-hold,27,Victory,7,0,6,192,81,915,3,20,-1,,0,6,2,287394666
gym-crucible-delay/T01,corridor-hold,28,Victory,7,0,6,192,67,844,2,33,-1,,0,4,1,3402256450
gym-crucible-delay/T01,corridor-hold,29,Victory,7,0,6,192,70,786,1,41,-1,,0,5,1,89208778
gym-crucible-delay/T01,corridor-hold,30,Defeat,3,0,3,96,34,1033,3,41,-1,,0,1,1,4222987046
gym-crucible-delay/T01,corridor-hold,31,Defeat,6,0,6,184,63,786,2,56,-1,,0,6,0,402910802
gym-crucible-delay/T01,corridor-hold,32,Victory,7,0,6,184,56,779,2,30,-1,,0,4,1,849804844
gym-crucible-delay/T01,corridor-hold,33,Defeat,6,0,6,192,63,966,3,58,-1,,0,6,2,2240759409
gym-crucible-delay/T01,corridor-hold,34,Defeat,4,0,4,128,47,849,3,50,-1,,0,3,1,3880110373
gym-crucible-delay/T01,corridor-hold,35,Victory,7,0,6,192,79,827,2,29,-1,,0,4,1,1433009462
gym-crucible-delay/T01,corridor-hold,36,Victory,7,0,6,192,63,867,1,45,-1,,0,5,1,3207172784
gym-crucible-delay/T01,corridor-hold,37,Victory,7,0,6,192,58,871,1,33,-1,,0,4,1,2335363606
gym-crucible-delay/T01,corridor-hold,38,Victory,7,0,6,192,58,955,3,41,-1,,0,7,2,2308993309
gym-crucible-delay/T01,corridor-hold,39,Defeat,6,0,6,184,69,756,3,47,-1,,0,6,2,86866842
gym-crucible-delay/T01,corridor-hold,40,Defeat,5,0,5,160,44,1009,3,45,-1,,0,5,2,491132257
gym-crucible-delay/T01,corridor-hold,41,Victory,7,0,6,184,58,709,4,56,-1,,0,6,2,762251442
gym-crucible-delay/T01,corridor-hold,42,Victory,7,0,6,192,75,844,2,33,-1,,0,4,1,294732320
gym-crucible-delay/T01,corridor-hold,43,Victory,7,0,6,192,55,786,1,41,-1,,0,5,1,1180034724
gym-crucible-delay/T01,corridor-hold,44,Victory,7,0,6,192,60,856,1,33,-1,,0,5,1,1020842037
gym-crucible-delay/T01,corridor-hold,45,Victory,7,0,6,192,76,856,1,33,-1,,0,4,1,1417343864
gym-crucible-delay/T01,corridor-hold,46,Victory,7,0,6,192,61,736,1,50,-1,,0,6,0,1883874679
gym-crucible-delay/T01,corridor-hold,47,Victory,7,0,6,192,64,786,1,41,-1,,0,5,1,2666120057
gym-crucible-delay/T01,corridor-hold,48,Victory,7,0,6,192,56,766,2,66,-1,,0,6,0,496521048
gym-crucible-delay/T01,corridor-hold,49,Defeat,6,0,6,184,64,856,2,43,-1,,0,5,1,2280529493
gym-crucible-delay/T01,corridor-hold,50,Victory,7,0,6,184,68,811,2,30,-1,,0,4,2,547830401
gym-crucible-delay/T02,control-hold,1,Victory,7,0,6,192,77,856,2,33,-1,,0,4,1,2436705478
gym-crucible-delay/T02,control-hold,2,Defeat,6,0,6,176,54,768,3,59,-1,,0,5,2,2104693267
gym-crucible-delay/T02,control-hold,3,Defeat,6,0,6,184,73,930,3,26,-1,,0,6,2,1495235377
gym-crucible-delay/T02,control-hold,4,Defeat,5,0,5,160,40,924,3,35,-1,,0,3,2,1102257086
gym-crucible-delay/T02,control-hold,5,Defeat,4,0,4,128,32,1029,3,37,-1,,0,2,1,3373518603
gym-crucible-delay/T02,control-hold,6,Defeat,4,0,4,128,54,1029,3,37,-1,,0,3,1,655469495
gym-crucible-delay/T02,control-hold,7,Victory,7,0,6,192,54,813,2,45,-1,,0,6,1,1091792135
gym-crucible-delay/T02,control-hold,8,Victory,7,0,6,192,50,718,2,45,-1,,0,5,1,3426218984
gym-crucible-delay/T02,control-hold,9,Victory,7,0,6,184,49,760,4,30,-1,,0,7,1,555988450
gym-crucible-delay/T02,control-hold,10,Victory,7,0,6,192,63,716,4,66,-1,,0,6,2,636151336
gym-crucible-delay/T02,control-hold,11,Victory,7,0,6,192,71,856,1,33,-1,,0,4,1,1260166065
gym-crucible-delay/T02,control-hold,12,Defeat,5,0,5,160,52,819,3,55,-1,,0,4,2,1499791092
gym-crucible-delay/T02,control-hold,13,Victory,7,0,6,192,75,751,2,37,-1,,0,5,1,3524144900
gym-crucible-delay/T02,control-hold,14,Defeat,3,0,3,96,30,1013,3,41,-1,,0,1,1,3965395706
gym-crucible-delay/T02,control-hold,15,Victory,7,0,6,192,73,711,2,37,-1,,0,5,1,2656706909
gym-crucible-delay/T02,control-hold,16,Victory,7,0,6,192,67,759,2,33,-1,,0,5,1,1272770052
gym-crucible-delay/T02,control-hold,17,Defeat,5,0,5,160,51,855,3,50,-1,,0,5,2,2298297197
gym-crucible-delay/T02,control-hold,18,Victory,7,0,6,192,60,731,1,45,-1,,0,6,0,2079085648
gym-crucible-delay/T02,control-hold,19,Victory,7,0,6,192,53,867,3,33,-1,,0,5,2,2085170903
gym-crucible-delay/T02,control-hold,20,Victory,7,0,6,192,67,856,1,33,-1,,0,5,1,1820429742
gym-crucible-delay/T02,control-hold,21,Defeat,3,0,3,96,27,1050,3,50,-1,,0,0,1,3479229990
gym-crucible-delay/T02,control-hold,22,Defeat,4,0,4,128,31,924,3,56,-1,,0,3,1,3231851356
gym-crucible-delay/T02,control-hold,23,Victory,7,0,6,192,63,791,2,33,-1,,0,4,1,2660753440
gym-crucible-delay/T02,control-hold,24,Defeat,6,0,6,184,69,826,2,43,-1,,0,4,1,3764769899
gym-crucible-delay/T02,control-hold,25,Defeat,6,0,6,176,40,768,3,54,-1,,0,5,2,833116095
gym-crucible-delay/T02,control-hold,26,Victory,7,0,6,184,69,761,2,30,-1,,0,4,2,313930576
gym-crucible-delay/T02,control-hold,27,Victory,7,0,6,192,77,930,3,25,-1,,0,6,2,1386938971
gym-crucible-delay/T02,control-hold,28,Victory,7,0,6,192,64,831,2,33,-1,,0,4,1,1880041939
gym-crucible-delay/T02,control-hold,29,Defeat,6,0,6,184,56,823,3,65,-1,,0,6,2,2188935189
gym-crucible-delay/T02,control-hold,30,Defeat,3,0,3,96,34,1033,3,33,-1,,0,1,1,64954933
gym-crucible-delay/T02,control-hold,31,Victory,7,0,6,192,57,760,2,29,-1,,0,5,2,3815829611
gym-crucible-delay/T02,control-hold,32,Victory,7,0,6,184,55,738,2,39,-1,,0,5,1,2243836042
gym-crucible-delay/T02,control-hold,33,Defeat,5,0,5,160,55,809,4,70,-1,,0,4,2,769463554
gym-crucible-delay/T02,control-hold,34,Defeat,4,0,4,128,46,830,3,50,-1,,0,3,1,281831243
gym-crucible-delay/T02,control-hold,35,Victory,7,0,6,192,76,751,2,29,-1,,0,4,1,3488987614
gym-crucible-delay/T02,control-hold,36,Victory,7,0,6,192,67,867,2,50,-1,,0,5,1,391161608
gym-crucible-delay/T02,control-hold,37,Victory,7,0,6,192,59,845,2,33,-1,,0,4,1,100693242
gym-crucible-delay/T02,control-hold,38,Victory,7,0,6,192,55,763,3,41,-1,,0,7,2,4202076986
gym-crucible-delay/T02,control-hold,39,Defeat,6,0,6,184,66,786,3,52,-1,,0,6,2,48886504
gym-crucible-delay/T02,control-hold,40,Victory,7,0,6,192,64,947,3,33,-1,,0,6,2,1750151082
gym-crucible-delay/T02,control-hold,41,Defeat,6,0,6,184,42,741,4,56,-1,,0,6,2,2908973605
gym-crucible-delay/T02,control-hold,42,Victory,7,0,6,192,64,822,2,33,-1,,0,4,1,1132965189
gym-crucible-delay/T02,control-hold,43,Victory,7,0,6,192,56,786,1,41,-1,,0,5,1,2156408727
gym-crucible-delay/T02,control-hold,44,Victory,7,0,6,192,67,856,1,33,-1,,0,5,1,3533827854
gym-crucible-delay/T02,control-hold,45,Victory,7,0,6,192,74,856,1,33,-1,,0,4,1,4231948810
gym-crucible-delay/T02,control-hold,46,Victory,7,0,6,192,72,816,1,29,-1,,0,4,1,2251146643
gym-crucible-delay/T02,control-hold,47,Victory,7,0,6,192,64,786,1,41,-1,,0,5,1,3011591219
gym-crucible-delay/T02,control-hold,48,Victory,7,0,6,192,56,716,2,66,-1,,0,6,0,4267711025
gym-crucible-delay/T02,control-hold,49,Defeat,6,0,6,184,64,856,2,43,-1,,0,5,1,4277621102
gym-crucible-delay/T02,control-hold,50,Victory,7,0,6,192,65,856,1,33,-1,,0,4,1,3392519769
gym-crucible-delay/T02,corridor-hold,1,Victory,7,0,6,192,77,856,2,33,-1,,0,4,1,2436705478
gym-crucible-delay/T02,corridor-hold,2,Defeat,6,0,6,176,54,768,3,59,-1,,0,5,2,2104693267
gym-crucible-delay/T02,corridor-hold,3,Defeat,6,0,6,184,73,930,3,30,-1,,0,6,2,3036326573
gym-crucible-delay/T02,corridor-hold,4,Defeat,5,0,5,160,40,924,3,35,-1,,0,3,2,984904553
gym-crucible-delay/T02,corridor-hold,5,Defeat,4,0,4,128,32,1029,3,37,-1,,0,2,1,3373518603
gym-crucible-delay/T02,corridor-hold,6,Defeat,4,0,4,128,54,1029,3,37,-1,,0,3,1,655469495
gym-crucible-delay/T02,corridor-hold,7,Defeat,6,0,6,192,49,913,2,37,-1,,0,5,1,314888079
gym-crucible-delay/T02,corridor-hold,8,Victory,7,0,6,192,50,785,2,45,-1,,0,5,1,3835053903
gym-crucible-delay/T02,corridor-hold,9,Victory,7,0,6,184,46,760,4,30,-1,,0,7,1,1526156571
gym-crucible-delay/T02,corridor-hold,10,Victory,7,0,6,192,66,750,3,54,-1,,0,6,2,970001262
gym-crucible-delay/T02,corridor-hold,11,Victory,7,0,6,192,71,856,1,33,-1,,0,4,1,1260166065
gym-crucible-delay/T02,corridor-hold,12,Defeat,5,0,5,160,52,819,3,55,-1,,0,4,2,1499791092
gym-crucible-delay/T02,corridor-hold,13,Victory,7,0,6,192,70,751,1,37,-1,,0,5,1,471605252
gym-crucible-delay/T02,corridor-hold,14,Defeat,3,0,3,96,30,1013,3,41,-1,,0,1,1,3965395706
gym-crucible-delay/T02,corridor-hold,15,Victory,7,0,6,192,73,711,2,37,-1,,0,5,1,2656706909
gym-crucible-delay/T02,corridor-hold,16,Victory,7,0,6,192,67,759,2,33,-1,,0,5,1,2511556307
gym-crucible-delay/T02,corridor-hold,17,Defeat,5,0,5,160,51,855,3,50,-1,,0,5,2,2298297197
gym-crucible-delay/T02,corridor-hold,18,Victory,7,0,6,192,60,731,1,45,-1,,0,6,0,2079085648
gym-crucible-delay/T02,corridor-hold,19,Victory,7,0,6,192,53,802,3,41,-1,,0,5,1,644297804
gym-crucible-delay/T02,corridor-hold,20,Victory,7,0,6,192,67,856,1,33,-1,,0,5,1,1820429742
gym-crucible-delay/T02,corridor-hold,21,Defeat,3,0,3,96,27,1050,3,50,-1,,0,0,1,3479229990
gym-crucible-delay/T02,corridor-hold,22,Victory,7,0,6,192,50,852,2,41,-1,,0,6,2,2353414121
gym-crucible-delay/T02,corridor-hold,23,Victory,7,0,6,192,63,791,2,33,-1,,0,4,1,2660753440
gym-crucible-delay/T02,corridor-hold,24,Defeat,6,0,6,184,69,826,2,43,-1,,0,4,1,3764769899
gym-crucible-delay/T02,corridor-hold,25,Defeat,6,0,6,176,40,768,3,54,-1,,0,5,2,833116095
gym-crucible-delay/T02,corridor-hold,26,Victory,7,0,6,184,72,761,2,30,-1,,0,4,2,2458232950
gym-crucible-delay/T02,corridor-hold,27,Victory,7,0,6,192,75,903,3,20,-1,,0,6,2,685287223
gym-crucible-delay/T02,corridor-hold,28,Victory,7,0,6,192,64,831,2,33,-1,,0,4,1,1880041939
gym-crucible-delay/T02,corridor-hold,29,Defeat,6,0,6,184,54,823,3,65,-1,,0,6,2,243325863
gym-crucible-delay/T02,corridor-hold,30,Defeat,3,0,3,96,34,1033,3,41,-1,,0,1,1,3418287583
gym-crucible-delay/T02,corridor-hold,31,Victory,7,0,6,192,55,840,3,29,-1,,0,5,2,715476466
gym-crucible-delay/T02,corridor-hold,32,Victory,7,0,6,184,60,673,2,39,-1,,0,5,1,4104474739
gym-crucible-delay/T02,corridor-hold,33,Defeat,5,0,5,160,55,809,4,70,-1,,0,4,2,769463554
gym-crucible-delay/T02,corridor-hold,34,Defeat,4,0,4,128,46,830,3,56,-1,,0,3,1,1905743153
gym-crucible-delay/T02,corridor-hold,35,Victory,7,0,6,192,76,751,2,29,-1,,0,4,1,3488987614
gym-crucible-delay/T02,corridor-hold,36,Victory,7,0,6,192,67,867,1,45,-1,,0,5,1,2866880770
gym-crucible-delay/T02,corridor-hold,37,Victory,7,0,6,192,59,845,1,33,-1,,0,4,1,582105975
gym-crucible-delay/T02,corridor-hold,38,Victory,7,0,6,192,58,763,3,41,-1,,0,7,2,3898823579
gym-crucible-delay/T02,corridor-hold,39,Defeat,6,0,6,184,69,756,3,47,-1,,0,6,2,2309443865
gym-crucible-delay/T02,corridor-hold,40,Victory,7,0,6,192,64,947,3,33,-1,,0,6,2,2984584398
gym-crucible-delay/T02,corridor-hold,41,Defeat,6,0,6,184,53,711,4,56,-1,,0,6,2,798483630
gym-crucible-delay/T02,corridor-hold,42,Victory,7,0,6,192,64,822,2,33,-1,,0,4,1,1132965189
gym-crucible-delay/T02,corridor-hold,43,Victory,7,0,6,192,56,786,1,41,-1,,0,5,1,2406117363
gym-crucible-delay/T02,corridor-hold,44,Victory,7,0,6,192,67,856,1,33,-1,,0,5,1,3533827854
gym-crucible-delay/T02,corridor-hold,45,Victory,7,0,6,192,74,856,1,33,-1,,0,4,1,4231948810
gym-crucible-delay/T02,corridor-hold,46,Victory,7,0,6,192,72,816,1,29,-1,,0,4,1,2456739477
gym-crucible-delay/T02,corridor-hold,47,Victory,7,0,6,192,64,754,1,41,-1,,0,5,1,4102384388
gym-crucible-delay/T02,corridor-hold,48,Victory,7,0,6,192,56,716,2,66,-1,,0,6,0,4267711025
gym-crucible-delay/T02,corridor-hold,49,Defeat,6,0,6,184,64,856,2,43,-1,,0,5,1,4277621102
gym-crucible-delay/T02,corridor-hold,50,Victory,7,0,6,192,62,856,1,33,-1,,0,4,1,3923886322
gym-crucible-delay/T03,control-hold,1,Victory,7,0,6,192,74,1001,3,41,-1,,0,6,2,2938182203
gym-crucible-delay/T03,control-hold,2,Victory,7,0,6,176,67,906,3,59,-1,,0,6,2,1983378859
gym-crucible-delay/T03,control-hold,3,Victory,7,0,6,184,85,900,3,21,-1,,0,6,2,2615255346
gym-crucible-delay/T03,control-hold,4,Defeat,5,0,5,152,42,733,4,52,-1,,0,4,2,399408926
gym-crucible-delay/T03,control-hold,5,Victory,7,0,6,184,67,922,3,56,-1,,0,6,2,2482672044
gym-crucible-delay/T03,control-hold,6,Victory,7,0,6,192,69,927,3,58,-1,,0,6,0,801800383
gym-crucible-delay/T03,control-hold,7,Victory,7,0,6,192,60,716,3,50,-1,,0,6,1,1168676681
gym-crucible-delay/T03,control-hold,8,Defeat,5,0,5,160,46,1046,3,40,-1,,0,4,2,2618234247
gym-crucible-delay/T03,control-hold,9,Victory,7,0,6,192,90,930,4,20,-1,,0,7,2,499891072
gym-crucible-delay/T03,control-hold,10,Defeat,3,0,3,96,29,1099,3,25,-1,,0,0,1,1889518808
gym-crucible-delay/T03,control-hold,11,Victory,7,0,6,192,68,856,2,41,-1,,0,5,1,4195908851
gym-crucible-delay/T03,control-hold,12,Defeat,4,0,4,128,53,1029,3,37,-1,,0,2,1,70296817
gym-crucible-delay/T03,control-hold,13,Victory,7,0,6,192,80,821,2,37,-1,,0,5,1,859782462
gym-crucible-delay/T03,control-hold,14,Defeat,5,0,5,160,62,979,3,65,-1,,0,5,2,1428447077
gym-crucible-delay/T03,control-hold,15,Victory,7,0,6,176,58,905,4,50,-1,,0,6,2,33060279
gym-crucible-delay/T03,control-hold,16,Victory,7,0,6,192,61,759,3,50,-1,,0,6,1,3649689044
gym-crucible-delay/T03,control-hold,17,Victory,7,0,6,192,71,920,2,66,-1,,0,6,0,3467684834
gym-crucible-delay/T03,control-hold,18,Victory,7,0,6,192,75,875,2,41,-1,,0,5,1,3672030314
gym-crucible-delay/T03,control-hold,19,Victory,7,0,6,192,61,946,3,50,-1,,0,5,1,1849399401
gym-crucible-delay/T03,control-hold,20,Victory,7,0,6,192,54,779,2,70,-1,,0,8,0,2290591704
gym-crucible-delay/T03,control-hold,21,Victory,7,0,6,192,53,942,2,62,-1,,0,5,0,4235245272
gym-crucible-delay/T03,control-hold,22,Victory,7,0,6,192,57,626,2,50,-1,,0,5,0,314272894
gym-crucible-delay/T03,control-hold,23,Victory,7,0,6,176,75,877,4,77,-1,,0,6,2,2631833574
gym-crucible-delay/T03,control-hold,24,Victory,7,0,6,192,68,756,2,41,-1,,0,5,1,3922974870
gym-crucible-delay/T03,control-hold,25,Victory,7,0,6,192,69,754,2,41,-1,,0,5,1,1147089849
gym-crucible-delay/T03,control-hold,26,Victory,7,0,6,192,82,864,2,29,-1,,0,4,2,3508460071
gym-crucible-delay/T03,control-hold,27,Victory,7,0,6,192,80,930,4,20,-1,,0,7,2,1845371907
gym-crucible-delay/T03,control-hold,28,Victory,7,0,6,192,71,826,2,41,-1,,0,5,1,133896185
gym-crucible-delay/T03,control-hold,29,Victory,7,0,6,192,84,689,3,50,-1,,0,5,1,341620301
gym-crucible-delay/T03,control-hold,30,Victory,7,0,6,192,69,893,2,41,-1,,0,6,1,2252613888
gym-crucible-delay/T03,control-hold,31,Defeat,6,0,6,184,69,716,3,60,-1,,0,6,0,3072190855
gym-crucible-delay/T03,control-hold,32,Defeat,3,0,3,96,21,954,3,58,-1,,0,1,1,2447384613
gym-crucible-delay/T03,control-hold,33,Defeat,6,0,6,176,63,908,3,68,-1,,0,6,2,1040884820
gym-crucible-delay/T03,control-hold,34,Victory,7,0,6,184,61,861,3,39,-1,,0,5,2,3174309700
gym-crucible-delay/T03,control-hold,35,Victory,7,0,6,192,83,853,2,29,-1,,0,4,1,890554880
gym-crucible-delay/T03,control-hold,36,Defeat,6,0,6,192,67,797,3,50,-1,,0,5,1,1005797209
gym-crucible-delay/T03,control-hold,37,Victory,7,0,6,192,66,786,2,41,-1,,0,5,1,4274076153
gym-crucible-delay/T03,control-hold,38,Defeat,3,0,3,96,25,1043,3,33,-1,,0,1,1,1539426490
gym-crucible-delay/T03,control-hold,39,Victory,7,0,6,192,68,865,2,41,-1,,0,6,2,1257738789
gym-crucible-delay/T03,control-hold,40,Defeat,4,0,4,128,45,959,3,50,-1,,0,3,1,2343804010
gym-crucible-delay/T03,control-hold,41,Victory,7,0,6,192,52,856,2,37,-1,,0,4,1,69115952
gym-crucible-delay/T03,control-hold,42,Victory,7,0,6,192,67,741,2,41,-1,,0,5,1,4169286377
gym-crucible-delay/T03,control-hold,43,Defeat,5,0,5,160,39,1029,3,55,-1,,0,4,2,2189747532
gym-crucible-delay/T03,control-hold,44,Victory,7,0,6,168,58,733,3,47,-1,,0,6,2,2719009589
gym-crucible-delay/T03,control-hold,45,Victory,7,0,6,192,84,786,2,41,-1,,0,5,1,3079382152
gym-crucible-delay/T03,control-hold,46,Victory,7,0,6,192,72,686,2,62,-1,,0,6,0,733145493
gym-crucible-delay/T03,control-hold,47,Victory,7,0,6,192,70,1029,2,41,-1,,0,6,2,4050871377
gym-crucible-delay/T03,control-hold,48,Victory,7,0,6,192,59,731,1,62,-1,,0,7,0,3945214741
gym-crucible-delay/T03,control-hold,49,Defeat,6,0,6,192,67,1029,3,45,-1,,0,7,2,173062038
gym-crucible-delay/T03,control-hold,50,Victory,7,0,6,192,70,786,2,41,-1,,0,5,1,1513177913
gym-crucible-delay/T03,corridor-hold,1,Victory,7,0,6,192,77,776,3,41,-1,,0,6,2,1734077589
gym-crucible-delay/T03,corridor-hold,2,Defeat,6,0,6,176,63,923,3,59,-1,,0,5,2,3613793574
gym-crucible-delay/T03,corridor-hold,3,Defeat,6,0,6,184,75,930,3,26,-1,,0,6,2,1791604504
gym-crucible-delay/T03,corridor-hold,4,Defeat,5,0,5,152,42,733,4,52,-1,,0,4,2,399408926
gym-crucible-delay/T03,corridor-hold,5,Victory,7,0,6,184,67,905,3,56,-1,,0,6,2,2355032669
gym-crucible-delay/T03,corridor-hold,6,Defeat,4,0,4,128,56,1029,3,37,-1,,0,3,1,1622042573
gym-crucible-delay/T03,corridor-hold,7,Victory,7,0,6,192,60,716,3,50,-1,,0,6,1,1168676681
gym-crucible-delay/T03,corridor-hold,8,Victory,7,0,6,192,59,694,2,41,-1,,0,5,1,2699391955
gym-crucible-delay/T03,corridor-hold,9,Victory,7,0,6,192,90,930,4,20,-1,,0,7,2,499891072
gym-crucible-delay/T03,corridor-hold,10,Defeat,3,0,3,96,29,1099,3,25,-1,,0,0,1,1889518808
gym-crucible-delay/T03,corridor-hold,11,Victory,7,0,6,192,76,786,2,41,-1,,0,5,1,1476252904
gym-crucible-delay/T03,corridor-hold,12,Defeat,4,0,4,128,53,1029,3,37,-1,,0,2,1,70296817
gym-crucible-delay/T03,corridor-hold,13,Victory,7,0,6,192,83,751,2,37,-1,,0,5,1,927666542
gym-crucible-delay/T03,corridor-hold,14,Victory,7,0,6,192,74,811,2,41,-1,,0,6,1,2803545862
gym-crucible-delay/T03,corridor-hold,15,Defeat,5,0,5,152,48,839,4,47,-1,,0,4,2,1125896190
gym-crucible-delay/T03,corridor-hold,16,Defeat,6,0,6,192,59,759,3,50,-1,,0,6,1,3346804759
gym-crucible-delay/T03,corridor-hold,17,Victory,7,0,6,192,77,969,3,41,-1,,0,6,2,1894901202
gym-crucible-delay/T03,corridor-hold,18,Victory,7,0,6,192,82,779,2,41,-1,,0,5,1,1177354535
gym-crucible-delay/T03,corridor-hold,19,Victory,7,0,6,192,56,784,2,41,-1,,0,5,1,3205636555
gym-crucible-delay/T03,corridor-hold,20,Victory,7,0,6,192,54,709,2,66,-1,,0,8,0,3621324886
gym-crucible-delay/T03,corridor-hold,21,Victory,7,0,6,192,53,942,2,62,-1,,0,5,0,4235245272
gym-crucible-delay/T03,corridor-hold,22,Victory,7,0,6,192,57,626,2,50,-1,,0,5,0,314272894
gym-crucible-delay/T03,corridor-hold,23,Defeat,5,0,5,152,53,908,4,68,-1,,0,4,2,3394029028
gym-crucible-delay/T03,corridor-hold,24,Victory,7,0,6,192,68,756,2,41,-1,,0,5,1,3922974870
gym-crucible-delay/T03,corridor-hold,25,Victory,7,0,6,192,69,754,2,41,-1,,0,5,1,1147089849
gym-crucible-delay/T03,corridor-hold,26,Defeat,6,0,6,184,67,861,3,39,-1,,0,4,2,2885519242
gym-crucible-delay/T03,corridor-hold,27,Victory,7,0,6,184,80,885,4,30,-1,,0,7,1,3619086976
gym-crucible-delay/T03,corridor-hold,28,Victory,7,0,6,192,71,826,2,41,-1,,0,5,1,674688201
gym-crucible-delay/T03,corridor-hold,29,Victory,7,0,6,192,81,686,3,50,-1,,0,5,1,2436021444
gym-crucible-delay/T03,corridor-hold,30,Victory,7,0,6,192,72,797,2,41,-1,,0,6,1,1138306327
gym-crucible-delay/T03,corridor-hold,31,Defeat,6,0,6,184,69,716,3,60,-1,,0,6,0,3072190855
gym-crucible-delay/T03,corridor-hold,32,Defeat,3,0,3,96,21,954,3,58,-1,,0,1,1,2447384613
gym-crucible-delay/T03,corridor-hold,33,Defeat,5,0,5,152,53,925,3,63,-1,,0,4,2,1602085366
gym-crucible-delay/T03,corridor-hold,34,Defeat,6,0,6,184,58,874,3,39,-1,,0,5,2,3747769412
gym-crucible-delay/T03,corridor-hold,35,Victory,7,0,6,192,83,827,2,29,-1,,0,4,1,3904185663
gym-crucible-delay/T03,corridor-hold,36,Defeat,6,0,6,192,67,797,3,50,-1,,0,5,1,1005797209
gym-crucible-delay/T03,corridor-hold,37,Victory,7,0,6,192,66,786,2,41,-1,,0,5,1,4274076153
gym-crucible-delay/T03,corridor-hold,38,Defeat,3,0,3,96,25,1043,3,33,-1,,0,1,1,1539426490
gym-crucible-delay/T03,corridor-hold,39,Defeat,6,0,6,184,73,756,3,47,-1,,0,6,2,3511718625
gym-crucible-delay/T03,corridor-hold,40,Defeat,4,0,4,128,45,959,3,50,-1,,0,3,1,2343804010
gym-crucible-delay/T03,corridor-hold,41,Defeat,6,0,6,192,48,881,2,37,-1,,0,4,1,2525519482
gym-crucible-delay/T03,corridor-hold,42,Victory,7,0,6,192,67,741,2,41,-1,,0,5,1,4169286377
gym-crucible-delay/T03,corridor-hold,43,Defeat,4,0,4,128,37,959,3,56,-1,,0,2,1,3700753124
gym-crucible-delay/T03,corridor-hold,44,Defeat,6,0,6,168,55,735,3,47,-1,,0,6,2,2659334147
gym-crucible-delay/T03,corridor-hold,45,Victory,7,0,6,192,84,786,2,41,-1,,0,5,1,3079382152
gym-crucible-delay/T03,corridor-hold,46,Victory,7,0,6,192,72,686,2,62,-1,,0,6,0,733145493
gym-crucible-delay/T03,corridor-hold,47,Defeat,6,0,6,184,62,756,2,47,-1,,0,5,1,1636703476
gym-crucible-delay/T03,corridor-hold,48,Victory,7,0,6,192,59,731,1,62,-1,,0,7,0,3945214741
gym-crucible-delay/T03,corridor-hold,49,Defeat,5,0,5,160,54,889,3,45,-1,,0,5,2,1015631045
gym-crucible-delay/T03,corridor-hold,50,Victory,7,0,6,192,70,786,2,41,-1,,0,5,1,1513177913
gym-crucible-delay/T04,control-hold,1,Victory,7,0,6,192,70,810,3,41,-1,,0,6,2,488184073
gym-crucible-delay/T04,control-hold,2,Defeat,6,0,6,176,60,768,3,59,-1,,0,5,2,64045371
gym-crucible-delay/T04,control-hold,3,Defeat,6,0,6,184,75,930,3,26,-1,,0,6,2,2046045259
gym-crucible-delay/T04,control-hold,4,Defeat,5,0,5,152,38,733,4,47,-1,,0,4,2,1904994432
gym-crucible-delay/T04,control-hold,5,Defeat,3,0,3,96,33,1033,3,50,-1,,0,0,1,1660046286
gym-crucible-delay/T04,control-hold,6,Defeat,4,0,4,128,56,1029,3,37,-1,,0,3,1,1457366910
gym-crucible-delay/T04,control-hold,7,Victory,7,0,6,192,59,793,3,45,-1,,0,7,2,1222267278
gym-crucible-delay/T04,control-hold,8,Victory,7,0,6,192,57,816,2,41,-1,,0,5,1,1151568998
gym-crucible-delay/T04,control-hold,9,Victory,7,0,6,192,56,913,3,20,-1,,0,6,2,787819607
gym-crucible-delay/T04,control-hold,10,Victory,7,0,6,192,74,750,3,54,-1,,0,6,2,1385471465
gym-crucible-delay/T04,control-hold,11,Victory,7,0,6,192,76,786,2,41,-1,,0,5,1,1705018651
gym-crucible-delay/T04,control-hold,12,Defeat,4,0,4,128,53,1029,3,37,-1,,0,2,1,3496715730
gym-crucible-delay/T04,control-hold,13,Victory,7,0,6,192,81,751,2,37,-1,,0,5,1,2853203653
gym-crucible-delay/T04,control-hold,14,Victory,7,0,6,192,75,786,2,41,-1,,0,6,1,2749668026
gym-crucible-delay/T04,control-hold,15,Victory,7,0,6,192,82,711,3,37,-1,,0,5,1,2612969746
gym-crucible-delay/T04,control-hold,16,Victory,7,0,6,192,79,659,2,41,-1,,0,6,1,4024238019
gym-crucible-delay/T04,control-hold,17,Defeat,5,0,5,160,52,855,3,55,-1,,0,5,2,1794968255
gym-crucible-delay/T04,control-hold,18,Victory,7,0,6,192,79,703,2,41,-1,,0,5,1,4236409787
gym-crucible-delay/T04,control-hold,19,Defeat,5,0,5,160,41,819,3,60,-1,,0,4,2,2074613096
gym-crucible-delay/T04,control-hold,20,Victory,7,0,6,192,56,456,2,75,-1,,0,8,0,3680815624
gym-crucible-delay/T04,control-hold,21,Defeat,3,0,3,96,27,1050,3,50,-1,,0,0,1,874036821
gym-crucible-delay/T04,control-hold,22,Defeat,6,0,6,184,29,796,2,47,-1,,0,6,1,3851729916
gym-crucible-delay/T04,control-hold,23,Defeat,4,0,4,128,40,868,3,68,-1,,0,2,1,3739558166
gym-crucible-delay/T04,control-hold,24,Defeat,6,0,6,184,73,756,2,52,-1,,0,5,1,102761631
gym-crucible-delay/T04,control-hold,25,Defeat,6,0,6,176,46,768,3,54,-1,,0,5,2,3820818855
gym-crucible-delay/T04,control-hold,26,Defeat,6,0,6,184,74,861,3,39,-1,,0,4,2,130929719
gym-crucible-delay/T04,control-hold,27,Victory,7,0,6,184,81,874,4,30,-1,,0,7,1,629603918
gym-crucible-delay/T04,control-hold,28,Victory,7,0,6,192,72,741,2,45,-1,,0,5,1,1948132354
gym-crucible-delay/T04,control-hold,29,Defeat,6,0,6,184,67,780,3,65,-1,,0,6,2,110323071
gym-crucible-delay/T04,control-hold,30,Defeat,4,0,4,128,47,959,3,56,-1,,0,3,1,686515481
gym-crucible-delay/T04,control-hold,31,Defeat,6,0,6,184,60,861,3,47,-1,,0,5,1,29925965
gym-crucible-delay/T04,control-hold,32,Defeat,3,0,3,96,18,943,3,58,-1,,0,1,1,693540940
gym-crucible-delay/T04,control-hold,33,Defeat,6,0,6,176,56,811,3,54,-1,,0,5,2,4284906840
gym-crucible-delay/T04,control-hold,34,Defeat,6,0,6,168,57,735,3,47,-1,,0,6,2,2274655189
gym-crucible-delay/T04,control-hold,35,Victory,7,0,6,192,80,751,2,29,-1,,0,4,1,3407910515
gym-crucible-delay/T04,control-hold,36,Defeat,6,0,6,192,67,797,3,58,-1,,0,5,1,201719449
gym-crucible-delay/T04,control-hold,37,Victory,7,0,6,192,69,786,2,41,-1,,0,5,1,4265310050
gym-crucible-delay/T04,control-hold,38,Defeat,3,0,3,96,25,1043,3,33,-1,,0,1,1,3033412849
gym-crucible-delay/T04,control-hold,39,Defeat,6,0,6,184,73,756,3,47,-1,,0,6,2,2969816186
gym-crucible-delay/T04,control-hold,40,Defeat,6,0,6,192,63,911,3,37,-1,,0,6,2,3160007107
gym-crucible-delay/T04,control-hold,41,Defeat,6,0,6,184,52,731,3,60,-1,,0,6,1,2901425966
gym-crucible-delay/T04,control-hold,42,Defeat,6,0,6,184,57,756,2,52,-1,,0,5,0,1949358552
gym-crucible-delay/T04,control-hold,43,Victory,7,0,6,192,55,677,2,41,-1,,0,5,1,2111764247
gym-crucible-delay/T04,control-hold,44,Defeat,6,0,6,184,59,845,3,34,-1,,0,5,2,3875775946
gym-crucible-delay/T04,control-hold,45,Victory,7,0,6,192,84,786,2,41,-1,,0,5,1,2048262923
gym-crucible-delay/T04,control-hold,46,Victory,7,0,6,192,79,766,2,29,-1,,0,4,1,1869083836
gym-crucible-delay/T04,control-hold,47,Defeat,6,0,6,184,62,756,2,47,-1,,0,5,1,2536831063
gym-crucible-delay/T04,control-hold,48,Victory,7,0,6,192,59,631,1,62,-1,,0,7,0,1542042133
gym-crucible-delay/T04,control-hold,49,Defeat,5,0,5,160,54,889,3,45,-1,,0,5,2,3458323654
gym-crucible-delay/T04,control-hold,50,Victory,7,0,6,192,77,786,2,41,-1,,0,5,1,1705018651
gym-crucible-delay/T04,corridor-hold,1,Victory,7,0,6,192,70,810,3,41,-1,,0,6,2,488184073
gym-crucible-delay/T04,corridor-hold,2,Defeat,6,0,6,176,60,768,3,59,-1,,0,5,2,64045371
gym-crucible-delay/T04,corridor-hold,3,Defeat,6,0,6,184,75,930,3,26,-1,,0,6,2,2046045259
gym-crucible-delay/T04,corridor-hold,4,Defeat,5,0,5,152,38,733,4,47,-1,,0,4,2,1904994432
gym-crucible-delay/T04,corridor-hold,5,Defeat,3,0,3,96,33,1033,3,50,-1,,0,0,1,1660046286
gym-crucible-delay/T04,corridor-hold,6,Defeat,4,0,4,128,56,1029,3,37,-1,,0,3,1,1457366910
gym-crucible-delay/T04,corridor-hold,7,Victory,7,0,6,192,59,793,3,45,-1,,0,7,2,1222267278
gym-crucible-delay/T04,corridor-hold,8,Victory,7,0,6,192,57,816,2,41,-1,,0,5,1,1151568998
gym-crucible-delay/T04,corridor-hold,9,Victory,7,0,6,192,56,913,3,20,-1,,0,6,2,787819607
gym-crucible-delay/T04,corridor-hold,10,Victory,7,0,6,192,74,750,3,54,-1,,0,6,2,1385471465
gym-crucible-delay/T04,corridor-hold,11,Victory,7,0,6,192,76,786,2,41,-1,,0,5,1,1705018651
gym-crucible-delay/T04,corridor-hold,12,Defeat,4,0,4,128,53,1029,3,37,-1,,0,2,1,3496715730
gym-crucible-delay/T04,corridor-hold,13,Victory,7,0,6,192,81,751,2,37,-1,,0,5,1,2853203653
gym-crucible-delay/T04,corridor-hold,14,Victory,7,0,6,192,75,786,2,41,-1,,0,6,1,2749668026
gym-crucible-delay/T04,corridor-hold,15,Victory,7,0,6,192,82,711,3,37,-1,,0,5,1,2612969746
gym-crucible-delay/T04,corridor-hold,16,Victory,7,0,6,192,79,659,2,41,-1,,0,6,1,4024238019
gym-crucible-delay/T04,corridor-hold,17,Defeat,5,0,5,160,52,855,3,55,-1,,0,5,2,1794968255
gym-crucible-delay/T04,corridor-hold,18,Victory,7,0,6,192,79,703,2,41,-1,,0,5,1,4236409787
gym-crucible-delay/T04,corridor-hold,19,Defeat,5,0,5,160,41,819,3,60,-1,,0,4,2,2074613096
gym-crucible-delay/T04,corridor-hold,20,Victory,7,0,6,192,56,456,2,75,-1,,0,8,0,3680815624
gym-crucible-delay/T04,corridor-hold,21,Defeat,3,0,3,96,27,1050,3,50,-1,,0,0,1,874036821
gym-crucible-delay/T04,corridor-hold,22,Defeat,6,0,6,184,29,796,2,47,-1,,0,6,1,3851729916
gym-crucible-delay/T04,corridor-hold,23,Defeat,4,0,4,128,40,868,3,68,-1,,0,2,1,3739558166
gym-crucible-delay/T04,corridor-hold,24,Defeat,6,0,6,184,73,756,2,52,-1,,0,5,1,102761631
gym-crucible-delay/T04,corridor-hold,25,Defeat,6,0,6,176,46,768,3,54,-1,,0,5,2,3820818855
gym-crucible-delay/T04,corridor-hold,26,Defeat,6,0,6,184,74,861,3,39,-1,,0,4,2,130929719
gym-crucible-delay/T04,corridor-hold,27,Victory,7,0,6,184,81,874,4,30,-1,,0,7,1,629603918
gym-crucible-delay/T04,corridor-hold,28,Victory,7,0,6,192,72,741,2,45,-1,,0,5,1,1948132354
gym-crucible-delay/T04,corridor-hold,29,Defeat,6,0,6,184,67,780,3,65,-1,,0,6,2,110323071
gym-crucible-delay/T04,corridor-hold,30,Defeat,4,0,4,128,47,959,3,56,-1,,0,3,1,686515481
gym-crucible-delay/T04,corridor-hold,31,Defeat,6,0,6,184,60,861,3,47,-1,,0,5,1,29925965
gym-crucible-delay/T04,corridor-hold,32,Defeat,3,0,3,96,18,943,3,58,-1,,0,1,1,693540940
gym-crucible-delay/T04,corridor-hold,33,Defeat,6,0,6,176,56,811,3,54,-1,,0,5,2,4284906840
gym-crucible-delay/T04,corridor-hold,34,Defeat,6,0,6,168,57,735,3,47,-1,,0,6,2,2274655189
gym-crucible-delay/T04,corridor-hold,35,Victory,7,0,6,192,80,751,2,29,-1,,0,4,1,3407910515
gym-crucible-delay/T04,corridor-hold,36,Defeat,6,0,6,192,67,797,3,58,-1,,0,5,1,201719449
gym-crucible-delay/T04,corridor-hold,37,Victory,7,0,6,192,69,786,2,41,-1,,0,5,1,4265310050
gym-crucible-delay/T04,corridor-hold,38,Defeat,3,0,3,96,25,1043,3,33,-1,,0,1,1,3033412849
gym-crucible-delay/T04,corridor-hold,39,Defeat,6,0,6,184,73,756,3,47,-1,,0,6,2,2969816186
gym-crucible-delay/T04,corridor-hold,40,Defeat,6,0,6,192,63,911,3,37,-1,,0,6,2,3160007107
gym-crucible-delay/T04,corridor-hold,41,Defeat,6,0,6,184,52,731,3,60,-1,,0,6,1,2901425966
gym-crucible-delay/T04,corridor-hold,42,Defeat,6,0,6,184,57,756,2,52,-1,,0,5,0,1949358552
gym-crucible-delay/T04,corridor-hold,43,Victory,7,0,6,192,55,677,2,41,-1,,0,5,1,2111764247
gym-crucible-delay/T04,corridor-hold,44,Defeat,6,0,6,184,59,845,3,34,-1,,0,5,2,3875775946
gym-crucible-delay/T04,corridor-hold,45,Victory,7,0,6,192,84,786,2,41,-1,,0,5,1,2048262923
gym-crucible-delay/T04,corridor-hold,46,Victory,7,0,6,192,79,766,2,29,-1,,0,4,1,1869083836
gym-crucible-delay/T04,corridor-hold,47,Defeat,6,0,6,184,62,756,2,47,-1,,0,5,1,2536831063
gym-crucible-delay/T04,corridor-hold,48,Victory,7,0,6,192,59,631,1,62,-1,,0,7,0,1542042133
gym-crucible-delay/T04,corridor-hold,49,Defeat,5,0,5,160,54,889,3,45,-1,,0,5,2,3458323654
gym-crucible-delay/T04,corridor-hold,50,Victory,7,0,6,192,77,786,2,41,-1,,0,5,1,1705018651
gym-crucible-delay/T05,control-hold,1,Victory,7,0,6,192,61,842,1,41,-1,,0,4,0,996727532
gym-crucible-delay/T05,control-hold,2,Victory,7,0,6,192,65,1036,2,50,-1,,0,4,0,218963618
gym-crucible-delay/T05,control-hold,3,Victory,7,0,6,192,80,930,2,20,-1,,0,5,2,1239365683
gym-crucible-delay/T05,control-hold,4,Victory,7,0,6,192,46,831,1,25,-1,,0,2,0,1197147106
gym-crucible-delay/T05,control-hold,5,Victory,7,0,6,192,65,960,1,29,-1,,0,3,0,3610786160
gym-crucible-delay/T05,control-hold,6,Victory,6,0,6,192,59,869,0,25,-1,,0,4,0,3111563129
gym-crucible-delay/T05,control-hold,7,Victory,7,0,6,192,44,751,1,37,-1,,0,5,0,4237024958
gym-crucible-delay/T05,control-hold,8,Defeat,5,0,5,160,45,976,2,55,-1,,0,3,1,2954206719
gym-crucible-delay/T05,control-hold,9,Victory,7,0,6,192,73,913,3,20,-1,,0,6,2,378222516
gym-crucible-delay/T05,control-hold,10,Defeat,3,0,3,96,29,1083,3,41,-1,,0,0,1,2593809451
gym-crucible-delay/T05,control-hold,11,Victory,7,0,6,192,83,856,1,29,-1,,0,3,0,3126828261
gym-crucible-delay/T05,control-hold,12,Victory,7,0,6,192,74,891,1,29,-1,,0,3,0,3305830995
gym-crucible-delay/T05,control-hold,13,Victory,7,0,6,192,55,909,4,70,-1,,0,8,1,1260899835
gym-crucible-delay/T05,control-hold,14,Victory,7,0,6,192,62,964,3,83,-1,,0,7,0,730880380
gym-crucible-delay/T05,control-hold,15,Victory,7,0,6,176,56,876,3,54,-1,,0,5,2,173040435
gym-crucible-delay/T05,control-hold,16,Victory,7,0,6,192,78,905,1,29,-1,,0,4,0,1090216029
gym-crucible-delay/T05,control-hold,17,Victory,7,0,6,192,67,856,1,29,-1,,0,4,0,1974146024
gym-crucible-delay/T05,control-hold,18,Victory,7,0,6,192,57,746,1,37,-1,,0,4,0,4228625132
gym-crucible-delay/T05,control-hold,19,Defeat,3,0,3,96,25,1099,3,25,-1,,0,0,1,431073917
gym-crucible-delay/T05,control-hold,20,Victory,7,0,6,192,58,803,2,83,-1,,0,8,0,2110931850
gym-crucible-delay/T05,control-hold,21,Victory,7,0,6,192,53,901,3,87,-1,,0,6,0,1579334604
gym-crucible-delay/T05,control-hold,22,Victory,7,0,6,192,38,677,2,62,-1,,0,7,1,2183621894
gym-crucible-delay/T05,control-hold,23,Victory,7,0,6,192,68,869,1,41,-1,,0,5,1,1925312759
gym-crucible-delay/T05,control-hold,24,Victory,7,0,6,192,56,957,2,33,-1,,0,4,1,3756997571
gym-crucible-delay/T05,control-hold,25,Victory,7,0,6,192,64,786,1,37,-1,,0,4,0,4193486095
gym-crucible-delay/T05,control-hold,26,Victory,7,0,6,184,75,849,1,26,-1,,0,2,0,329694695
gym-crucible-delay/T05,control-hold,27,Defeat,6,0,6,184,57,930,3,21,-1,,0,5,2,3959440176
gym-crucible-delay/T05,control-hold,28,Victory,7,0,6,176,64,762,2,45,-1,,0,5,1,2089329348
gym-crucible-delay/T05,control-hold,29,Victory,7,0,6,192,74,891,1,29,-1,,0,3,0,2965091008
gym-crucible-delay/T05,control-hold,30,Victory,7,0,6,192,55,1059,3,33,-1,,0,6,2,2376770621
gym-crucible-delay/T05,control-hold,31,Victory,7,0,6,192,60,824,1,37,-1,,0,5,0,4159348065
gym-crucible-delay/T05,control-hold,32,Victory,7,0,6,184,37,781,2,39,-1,,0,5,1,246068700
gym-crucible-delay/T05,control-hold,33,Victory,7,0,6,192,68,1082,3,37,-1,,0,4,2,3112611548
gym-crucible-delay/T05,control-hold,34,Victory,7,0,6,192,78,1020,3,37,-1,,0,6,2,2411924360
gym-crucible-delay/T05,control-hold,35,Victory,7,0,6,192,44,1042,2,29,-1,,0,5,2,4034371902
gym-crucible-delay/T05,control-hold,36,Victory,7,0,6,192,62,1066,3,33,-1,,0,5,2,1778730570
gym-crucible-delay/T05,control-hold,37,Victory,7,0,6,192,65,799,1,37,-1,,0,4,0,2150658122
gym-crucible-delay/T05,control-hold,38,Victory,7,0,6,192,53,1065,3,54,-1,,0,7,2,3232652177
gym-crucible-delay/T05,control-hold,39,Victory,7,0,6,192,59,869,1,37,-1,,0,4,0,2532473882
gym-crucible-delay/T05,control-hold,40,Defeat,5,0,5,160,45,981,2,55,-1,,0,4,1,162505437
gym-crucible-delay/T05,control-hold,41,Victory,7,0,6,184,42,841,3,43,-1,,0,6,2,2772367456
gym-crucible-delay/T05,control-hold,42,Victory,7,0,6,176,50,792,2,36,-1,,0,4,1,1178740586
gym-crucible-delay/T05,control-hold,43,Victory,7,0,6,192,72,799,1,37,-1,,0,4,0,2394263593
gym-crucible-delay/T05,control-hold,44,Victory,7,0,6,192,67,869,1,29,-1,,0,4,0,2717147227
gym-crucible-delay/T05,control-hold,45,Victory,7,0,6,192,78,891,1,29,-1,,0,3,0,3244037185
gym-crucible-delay/T05,control-hold,46,Victory,7,0,6,192,56,1039,3,45,-1,,0,5,1,1288907455
gym-crucible-delay/T05,control-hold,47,Victory,7,0,6,192,78,886,1,29,-1,,0,3,0,2003164203
gym-crucible-delay/T05,control-hold,48,Defeat,6,0,6,192,57,1099,3,45,-1,,0,5,2,510808580
gym-crucible-delay/T05,control-hold,49,Victory,7,0,6,192,59,869,1,37,-1,,0,5,0,2182909428
gym-crucible-delay/T05,control-hold,50,Victory,7,0,6,192,68,861,1,25,-1,,0,2,0,85491038
gym-crucible-delay/T05,corridor-hold,1,Victory,7,0,6,192,61,842,1,41,-1,,0,4,0,996727532
gym-crucible-delay/T05,corridor-hold,2,Defeat,6,0,6,192,64,1084,3,41,-1,,0,4,2,1460628943
gym-crucible-delay/T05,corridor-hold,3,Victory,7,0,6,184,78,880,2,21,-1,,0,5,2,2766100910
gym-crucible-delay/T05,corridor-hold,4,Victory,7,0,6,192,46,766,1,25,-1,,0,2,0,4175506726
gym-crucible-delay/T05,corridor-hold,5,Victory,7,0,6,192,65,960,1,29,-1,,0,3,0,3610786160
gym-crucible-delay/T05,corridor-hold,6,Victory,6,0,6,192,59,869,0,25,-1,,0,4,0,3111563129
gym-crucible-delay/T05,corridor-hold,7,Victory,7,0,6,192,44,751,1,37,-1,,0,5,0,4237024958
gym-crucible-delay/T05,corridor-hold,8,Defeat,5,0,5,160,45,976,2,55,-1,,0,3,1,2954206719
gym-crucible-delay/T05,corridor-hold,9,Victory,7,0,6,192,73,913,3,20,-1,,0,6,2,378222516
gym-crucible-delay/T05,corridor-hold,10,Defeat,3,0,3,96,29,1083,3,41,-1,,0,0,1,817447914
gym-crucible-delay/T05,corridor-hold,11,Victory,7,0,6,192,83,856,1,29,-1,,0,3,0,3126828261
gym-crucible-delay/T05,corridor-hold,12,Victory,7,0,6,192,77,891,1,29,-1,,0,3,0,828960412
gym-crucible-delay/T05,corridor-hold,13,Defeat,3,0,3,96,32,1029,3,33,-1,,0,0,1,3289670985
gym-crucible-delay/T05,corridor-hold,14,Defeat,3,0,3,96,33,1046,3,41,-1,,0,1,1,3836081713
gym-crucible-delay/T05,corridor-hold,15,Defeat,6,0,6,176,46,877,3,50,-1,,0,5,2,3962985605
gym-crucible-delay/T05,corridor-hold,16,Victory,7,0,6,192,78,905,1,29,-1,,0,4,0,1090216029
gym-crucible-delay/T05,corridor-hold,17,Victory,7,0,6,192,67,856,1,29,-1,,0,4,0,1974146024
gym-crucible-delay/T05,corridor-hold,18,Victory,7,0,6,192,57,747,1,37,-1,,0,4,0,4293462702
gym-crucible-delay/T05,corridor-hold,19,Victory,7,0,6,192,55,864,2,33,-1,,0,5,1,2508367618
gym-crucible-delay/T05,corridor-hold,20,Defeat,4,0,4,128,41,959,3,75,-1,,0,3,0,1875938431
gym-crucible-delay/T05,corridor-hold,21,Victory,7,0,6,192,57,1141,3,29,-1,,0,4,2,711369151
gym-crucible-delay/T05,corridor-hold,22,Victory,7,0,6,192,38,1028,3,45,-1,,0,6,2,93690987
gym-crucible-delay/T05,corridor-hold,23,Victory,7,0,6,184,61,786,2,47,-1,,0,5,1,2861802764
gym-crucible-delay/T05,corridor-hold,24,Victory,7,0,6,192,61,887,1,41,-1,,0,4,1,47885820
gym-crucible-delay/T05,corridor-hold,25,Victory,7,0,6,192,64,786,1,37,-1,,0,4,0,4193486095
gym-crucible-delay/T05,corridor-hold,26,Victory,7,0,6,184,75,849,1,26,-1,,0,2,0,329694695
gym-crucible-delay/T05,corridor-hold,27,Defeat,6,0,6,184,57,930,3,21,-1,,0,5,2,4229510564
gym-crucible-delay/T05,corridor-hold,28,Victory,7,0,6,176,66,646,1,36,-1,,0,4,1,3412417840
gym-crucible-delay/T05,corridor-hold,29,Victory,7,0,6,192,74,891,1,29,-1,,0,3,0,2965091008
gym-crucible-delay/T05,corridor-hold,30,Defeat,4,0,4,128,42,995,3,50,-1,,0,3,1,1894353892
gym-crucible-delay/T05,corridor-hold,31,Victory,7,0,6,192,58,865,1,37,-1,,0,5,0,202266542
gym-crucible-delay/T05,corridor-hold,32,Victory,7,0,6,192,41,843,1,25,-1,,0,3,0,799301997
gym-crucible-delay/T05,corridor-hold,33,Defeat,5,0,5,160,50,1064,3,40,-1,,0,3,2,436384005
gym-crucible-delay/T05,corridor-hold,34,Defeat,5,0,5,152,52,885,3,52,-1,,0,5,2,1482049139
gym-crucible-delay/T05,corridor-hold,35,Victory,7,0,6,192,59,1042,2,29,-1,,0,5,2,2696512333
gym-crucible-delay/T05,corridor-hold,36,Defeat,5,0,5,160,43,992,3,40,-1,,0,4,2,3453590540
gym-crucible-delay/T05,corridor-hold,37,Victory,7,0,6,192,65,799,1,37,-1,,0,4,0,2150658122
gym-crucible-delay/T05,corridor-hold,38,Victory,7,0,6,192,58,955,3,41,-1,,0,7,2,3628431926
gym-crucible-delay/T05,corridor-hold,39,Victory,7,0,6,192,59,869,1,37,-1,,0,4,0,2532473882
gym-crucible-delay/T05,corridor-hold,40,Defeat,5,0,5,160,45,981,2,55,-1,,0,4,1,162505437
gym-crucible-delay/T05,corridor-hold,41,Victory,7,0,6,184,58,709,4,56,-1,,0,6,2,324975721
gym-crucible-delay/T05,corridor-hold,42,Defeat,6,0,6,176,55,856,2,50,-1,,0,4,1,3354897216
gym-crucible-delay/T05,corridor-hold,43,Victory,7,0,6,192,72,799,1,37,-1,,0,4,0,2394263593
gym-crucible-delay/T05,corridor-hold,44,Victory,7,0,6,192,67,869,1,29,-1,,0,4,0,2717147227
gym-crucible-delay/T05,corridor-hold,45,Victory,7,0,6,192,78,891,1,29,-1,,0,3,0,3244037185
gym-crucible-delay/T05,corridor-hold,46,Victory,7,0,6,192,57,1036,2,29,-1,,0,5,2,3792326894
gym-crucible-delay/T05,corridor-hold,47,Victory,7,0,6,192,78,886,1,29,-1,,0,3,0,2003164203
gym-crucible-delay/T05,corridor-hold,48,Victory,7,0,6,192,71,1051,3,37,-1,,0,5,2,216011986
gym-crucible-delay/T05,corridor-hold,49,Defeat,5,0,5,160,49,899,2,40,-1,,0,4,1,3771765126
gym-crucible-delay/T05,corridor-hold,50,Victory,7,0,6,192,68,861,1,25,-1,,0,2,0,85491038
gym-crucible-delay/T06,control-hold,1,Victory,7,0,6,192,72,856,1,29,-1,,0,3,0,2706652777
gym-crucible-delay/T06,control-hold,2,Defeat,6,0,6,192,61,929,3,41,-1,,0,4,2,1590072524
gym-crucible-delay/T06,control-hold,3,Victory,7,0,6,192,80,930,2,20,-1,,0,5,2,2995317632
gym-crucible-delay/T06,control-hold,4,Victory,7,0,6,192,65,766,2,33,-1,,0,3,1,3539050013
gym-crucible-delay/T06,control-hold,5,Defeat,3,0,3,96,23,1099,3,50,-1,,0,0,1,3344931147
gym-crucible-delay/T06,control-hold,6,Defeat,4,0,4,128,46,934,3,62,-1,,0,3,0,2834273075
gym-crucible-delay/T06,control-hold,7,Victory,7,0,6,192,56,811,1,33,-1,,0,5,1,3604760419
gym-crucible-delay/T06,control-hold,8,Victory,7,0,6,192,61,856,3,25,-1,,0,4,2,4277724075
gym-crucible-delay/T06,control-hold,9,Victory,7,0,6,176,39,678,2,40,-1,,0,8,1,2914938807
gym-crucible-delay/T06,control-hold,10,Victory,7,0,6,192,67,827,3,41,-1,,0,5,2,2749335648
gym-crucible-delay/T06,control-hold,11,Victory,7,0,6,192,83,856,1,29,-1,,0,3,0,1563211198
gym-crucible-delay/T06,control-hold,12,Victory,7,0,6,192,69,891,1,29,-1,,0,3,0,359134480
gym-crucible-delay/T06,control-hold,13,Victory,7,0,6,192,56,522,4,70,-1,,0,8,1,3439978402
gym-crucible-delay/T06,control-hold,14,Defeat,3,0,3,96,30,1035,3,41,-1,,0,1,1,3720812874
gym-crucible-delay/T06,control-hold,15,Victory,7,0,6,192,54,851,1,25,-1,,0,3,0,1327983569
gym-crucible-delay/T06,control-hold,16,Victory,7,0,6,192,77,929,1,41,-1,,0,4,0,1525420760
gym-crucible-delay/T06,control-hold,17,Victory,7,0,6,192,66,856,1,29,-1,,0,4,0,1563211198
gym-crucible-delay/T06,control-hold,18,Victory,7,0,6,192,57,746,1,37,-1,,0,4,0,755420535
gym-crucible-delay/T06,control-hold,19,Victory,7,0,6,184,49,756,1,47,-1,,0,5,1,1701022760
gym-crucible-delay/T06,control-hold,20,Victory,7,0,6,184,55,564,1,69,-1,,0,7,0,4140623159
gym-crucible-delay/T06,control-hold,21,Defeat,3,0,3,96,27,1050,3,50,-1,,0,0,1,667641640
gym-crucible-delay/T06,control-hold,22,Defeat,3,0,3,96,20,1059,3,50,-1,,0,1,1,2453104503
gym-crucible-delay/T06,control-hold,23,Defeat,6,0,6,192,53,849,4,50,-1,,0,6,2,386533226
gym-crucible-delay/T06,control-hold,24,Victory,7,0,6,192,59,743,1,33,-1,,0,4,1,4086916061
gym-crucible-delay/T06,control-hold,25,Defeat,6,0,6,192,47,929,3,37,-1,,0,4,2,1293935497
gym-crucible-delay/T06,control-hold,26,Victory,7,0,6,184,72,836,1,26,-1,,0,2,0,601559826
gym-crucible-delay/T06,control-hold,27,Victory,7,0,6,184,67,890,3,26,-1,,0,5,2,2272356011
gym-crucible-delay/T06,control-hold,28,Victory,7,0,6,176,55,606,2,36,-1,,0,4,1,2358676306
gym-crucible-delay/T06,control-hold,29,Victory,7,0,6,192,71,774,1,50,-1,,0,6,0,1628600797
gym-crucible-delay/T06,control-hold,30,Victory,7,0,6,192,78,830,3,33,-1,,0,6,2,3217232950
gym-crucible-delay/T06,control-hold,31,Victory,7,0,6,192,50,831,1,25,-1,,0,3,0,553035439
gym-crucible-delay/T06,control-hold,32,Victory,7,0,6,192,53,851,1,33,-1,,0,4,0,2916122267
gym-crucible-delay/T06,control-hold,33,Defeat,5,0,5,160,47,957,3,40,-1,,0,3,2,1460504198
gym-crucible-delay/T06,control-hold,34,Defeat,6,0,6,192,54,946,3,33,-1,,0,5,2,1881917264
gym-crucible-delay/T06,control-hold,35,Victory,7,0,6,192,46,889,2,29,-1,,0,5,2,1086369697
gym-crucible-delay/T06,control-hold,36,Defeat,5,0,5,160,40,896,3,45,-1,,0,4,2,2663985936
gym-crucible-delay/T06,control-hold,37,Victory,7,0,6,192,68,799,1,37,-1,,0,4,0,4097707761
gym-crucible-delay/T06,control-hold,38,Victory,7,0,6,192,55,763,3,41,-1,,0,7,2,2033773937
gym-crucible-delay/T06,control-hold,39,Victory,6,0,6,192,58,859,0,33,-1,,0,4,0,773745776
gym-crucible-delay/T06,control-hold,40,Defeat,5,0,5,160,45,981,2,55,-1,,0,4,1,3167817334
gym-crucible-delay/T06,control-hold,41,Defeat,6,0,6,184,42,741,4,56,-1,,0,6,2,3611972759
gym-crucible-delay/T06,control-hold,42,Victory,7,0,6,184,59,596,2,43,-1,,0,4,0,3754056894
gym-crucible-delay/T06,control-hold,43,Victory,7,0,6,192,72,799,1,37,-1,,0,4,0,2222524146
gym-crucible-delay/T06,control-hold,44,Victory,7,0,6,192,68,891,1,29,-1,,0,4,0,3169831874
gym-crucible-delay/T06,control-hold,45,Victory,7,0,6,192,84,891,1,29,-1,,0,3,0,3169831874
gym-crucible-delay/T06,control-hold,46,Victory,7,0,6,192,66,858,1,33,-1,,0,3,0,2974782006
gym-crucible-delay/T06,control-hold,47,Victory,7,0,6,192,78,886,1,29,-1,,0,3,0,2966224880
gym-crucible-delay/T06,control-hold,48,Victory,7,0,6,192,67,928,3,37,-1,,0,5,2,3691087581
gym-crucible-delay/T06,control-hold,49,Victory,7,0,6,192,61,869,1,37,-1,,0,5,0,817413425
gym-crucible-delay/T06,control-hold,50,Victory,7,0,6,192,79,891,1,29,-1,,0,3,0,3169831874
gym-crucible-delay/T06,corridor-hold,1,Victory,7,0,6,192,72,856,1,29,-1,,0,3,0,2706652777
gym-crucible-delay/T06,corridor-hold,2,Defeat,6,0,6,192,61,929,3,41,-1,,0,4,2,1590072524
gym-crucible-delay/T06,corridor-hold,3,Victory,7,0,6,184,78,830,2,21,-1,,0,5,2,2040501495
gym-crucible-delay/T06,corridor-hold,4,Victory,7,0,6,192,58,861,1,37,-1,,0,3,1,491821483
gym-crucible-delay/T06,corridor-hold,5,Victory,7,0,6,192,59,904,3,25,-1,,0,4,2,3999831334
gym-crucible-delay/T06,corridor-hold,6,Defeat,4,0,4,128,46,934,3,62,-1,,0,3,0,1085898165
gym-crucible-delay/T06,corridor-hold,7,Victory,7,0,6,192,56,811,1,33,-1,,0,5,1,3604760419
gym-crucible-delay/T06,corridor-hold,8,Defeat,6,0,6,192,41,987,2,29,-1,,0,4,2,424535668
gym-crucible-delay/T06,corridor-hold,9,Defeat,5,0,5,160,25,1103,3,25,-1,,0,4,2,4217339469
gym-crucible-delay/T06,corridor-hold,10,Victory,7,0,6,192,66,827,3,41,-1,,0,5,2,2970019619
gym-crucible-delay/T06,corridor-hold,11,Victory,7,0,6,192,83,856,1,29,-1,,0,3,0,1563211198
gym-crucible-delay/T06,corridor-hold,12,Victory,7,0,6,192,72,891,1,29,-1,,0,3,0,3166810255
gym-crucible-delay/T06,corridor-hold,13,Defeat,3,0,3,96,32,1029,3,33,-1,,0,0,1,3193354543
gym-crucible-delay/T06,corridor-hold,14,Defeat,3,0,3,96,30,1035,3,41,-1,,0,1,1,3720812874
gym-crucible-delay/T06,corridor-hold,15,Victory,7,0,6,192,54,851,1,25,-1,,0,3,0,1327983569
gym-crucible-delay/T06,corridor-hold,16,Victory,7,0,6,192,77,929,1,41,-1,,0,4,0,1525420760
gym-crucible-delay/T06,corridor-hold,17,Victory,7,0,6,192,66,856,1,29,-1,,0,4,0,1563211198
gym-crucible-delay/T06,corridor-hold,18,Victory,7,0,6,192,57,747,1,37,-1,,0,4,0,4239628461
gym-crucible-delay/T06,corridor-hold,19,Victory,7,0,6,184,50,626,1,43,-1,,0,5,1,582893731
gym-crucible-delay/T06,corridor-hold,20,Victory,7,0,6,184,55,564,1,69,-1,,0,7,0,4140623159
gym-crucible-delay/T06,corridor-hold,21,Defeat,3,0,3,96,27,1050,3,50,-1,,0,0,1,667641640
gym-crucible-delay/T06,corridor-hold,22,Defeat,3,0,3,96,20,1064,3,41,-1,,0,1,1,3331138815
gym-crucible-delay/T06,corridor-hold,23,Victory,7,0,6,192,55,810,3,41,-1,,0,6,2,1070060810
gym-crucible-delay/T06,corridor-hold,24,Victory,7,0,6,192,59,743,1,33,-1,,0,4,1,4086916061
gym-crucible-delay/T06,corridor-hold,25,Defeat,6,0,6,192,47,929,3,37,-1,,0,4,2,1293935497
gym-crucible-delay/T06,corridor-hold,26,Victory,7,0,6,184,72,836,1,26,-1,,0,2,0,601559826
gym-crucible-delay/T06,corridor-hold,27,Victory,7,0,6,184,67,890,3,26,-1,,0,5,2,2272356011
gym-crucible-delay/T06,corridor-hold,28,Victory,7,0,6,176,58,686,2,36,-1,,0,4,1,3920529969
gym-crucible-delay/T06,corridor-hold,29,Victory,7,0,6,192,71,774,1,50,-1,,0,6,0,1628600797
gym-crucible-delay/T06,corridor-hold,30,Defeat,4,0,4,128,47,995,3,43,-1,,0,3,1,3210284926
gym-crucible-delay/T06,corridor-hold,31,Victory,7,0,6,192,50,832,1,25,-1,,0,3,0,1151356477
gym-crucible-delay/T06,corridor-hold,32,Victory,7,0,6,192,48,843,1,25,-1,,0,3,0,1378628646
gym-crucible-delay/T06,corridor-hold,33,Defeat,5,0,5,160,47,957,3,40,-1,,0,3,2,1460504198
gym-crucible-delay/T06,corridor-hold,34,Defeat,6,0,6,184,64,896,3,34,-1,,0,5,2,415496509
gym-crucible-delay/T06,corridor-hold,35,Defeat,4,0,4,128,35,992,3,50,-1,,0,2,1,2511711463
gym-crucible-delay/T06,corridor-hold,36,Defeat,5,0,5,160,43,896,3,40,-1,,0,4,2,3025817919
gym-crucible-delay/T06,corridor-hold,37,Victory,7,0,6,192,68,799,1,37,-1,,0,4,0,4097707761
gym-crucible-delay/T06,corridor-hold,38,Victory,7,0,6,192,58,763,3,41,-1,,0,7,2,454430304
gym-crucible-delay/T06,corridor-hold,39,Victory,6,0,6,192,58,859,0,33,-1,,0,4,0,773745776
gym-crucible-delay/T06,corridor-hold,40,Defeat,5,0,5,160,45,981,2,55,-1,,0,4,1,3167817334
gym-crucible-delay/T06,corridor-hold,41,Defeat,6,0,6,184,53,711,4,56,-1,,0,6,2,1946333565
gym-crucible-delay/T06,corridor-hold,42,Victory,7,0,6,184,59,596,2,43,-1,,0,4,0,3754056894
gym-crucible-delay/T06,corridor-hold,43,Victory,7,0,6,192,72,799,1,37,-1,,0,4,0,2222524146
gym-crucible-delay/T06,corridor-hold,44,Victory,7,0,6,192,68,891,1,29,-1,,0,4,0,3169831874
gym-crucible-delay/T06,corridor-hold,45,Victory,7,0,6,192,84,891,1,29,-1,,0,3,0,3169831874
gym-crucible-delay/T06,corridor-hold,46,Victory,7,0,6,192,66,858,1,33,-1,,0,3,0,2974782006
gym-crucible-delay/T06,corridor-hold,47,Victory,7,0,6,192,78,886,1,29,-1,,0,3,0,2966224880
gym-crucible-delay/T06,corridor-hold,48,Victory,7,0,6,192,65,847,3,41,-1,,0,5,2,934983023
gym-crucible-delay/T06,corridor-hold,49,Defeat,5,0,5,160,49,899,2,40,-1,,0,4,1,738358709
gym-crucible-delay/T06,corridor-hold,50,Victory,7,0,6,192,79,891,1,29,-1,,0,3,0,3169831874
gym-crucible-delay/T07,control-hold,1,Victory,7,0,6,192,72,887,1,41,-1,,0,4,0,1425690247
gym-crucible-delay/T07,control-hold,2,Victory,7,0,6,192,71,1017,2,54,-1,,0,4,0,21490336
gym-crucible-delay/T07,control-hold,3,Victory,7,0,6,192,85,918,2,20,-1,,0,5,2,3600341656
gym-crucible-delay/T07,control-hold,4,Victory,7,0,6,184,66,875,3,43,-1,,0,4,2,338261685
gym-crucible-delay/T07,control-hold,5,Victory,7,0,6,192,68,1019,3,41,-1,,0,5,2,1067441595
gym-crucible-delay/T07,control-hold,6,Victory,7,0,6,184,69,706,2,43,-1,,0,6,1,192447451
gym-crucible-delay/T07,control-hold,7,Victory,7,0,6,192,69,860,1,41,-1,,0,6,1,165843787
gym-crucible-delay/T07,control-hold,8,Defeat,5,0,5,160,47,976,2,55,-1,,0,3,1,1353695990
gym-crucible-delay/T07,control-hold,9,Victory,7,0,6,192,59,1054,3,20,-1,,0,6,2,126921546
gym-crucible-delay/T07,control-hold,10,Defeat,3,0,3,96,29,1083,3,41,-1,,0,0,1,4119570295
gym-crucible-delay/T07,control-hold,11,Victory,7,0,6,192,86,786,1,37,-1,,0,4,0,775097162
gym-crucible-delay/T07,control-hold,12,Victory,7,0,6,192,70,736,2,54,-1,,0,5,0,1864929624
gym-crucible-delay/T07,control-hold,13,Defeat,5,0,5,160,54,885,4,55,-1,,0,4,2,1293543418
gym-crucible-delay/T07,control-hold,14,Victory,7,0,6,176,69,700,2,40,-1,,0,7,1,3225130242
gym-crucible-delay/T07,control-hold,15,Victory,7,0,6,176,65,876,3,54,-1,,0,5,2,3624811783
gym-crucible-delay/T07,control-hold,16,Victory,7,0,6,192,68,756,2,50,-1,,0,5,0,2676383342
gym-crucible-delay/T07,control-hold,17,Victory,7,0,6,192,68,786,1,37,-1,,0,5,0,2683887129
gym-crucible-delay/T07,control-hold,18,Victory,7,0,6,192,73,931,2,33,-1,,0,4,1,1936054683
gym-crucible-delay/T07,control-hold,19,Victory,7,0,6,184,57,801,2,26,-1,,0,4,2,4276198654
gym-crucible-delay/T07,control-hold,20,Victory,7,0,6,192,57,779,2,66,-1,,0,7,1,289649367
gym-crucible-delay/T07,control-hold,21,Victory,7,0,6,192,59,876,3,87,-1,,0,6,0,4247987972
gym-crucible-delay/T07,control-hold,22,Victory,7,0,6,192,54,781,2,41,-1,,0,5,1,3875083185
gym-crucible-delay/T07,control-hold,23,Defeat,3,0,3,96,30,1024,3,58,-1,,0,0,1,296387037
gym-crucible-delay/T07,control-hold,24,Victory,7,0,6,192,59,765,1,54,-1,,0,5,1,1367927418
gym-crucible-delay/T07,control-hold,25,Victory,7,0,6,192,68,786,1,37,-1,,0,4,0,2752858600
gym-crucible-delay/T07,control-hold,26,Victory,7,0,6,192,68,861,1,25,-1,,0,2,0,1506705241
gym-crucible-delay/T07,control-hold,27,Victory,7,0,6,192,74,1076,3,29,-1,,0,6,2,3363984775
gym-crucible-delay/T07,control-hold,28,Victory,7,0,6,176,54,822,3,54,-1,,0,5,1,2970109455
gym-crucible-delay/T07,control-hold,29,Victory,7,0,6,192,77,799,1,37,-1,,0,4,0,2011038828
gym-crucible-delay/T07,control-hold,30,Victory,7,0,6,184,59,738,2,52,-1,,0,7,0,2304590401
gym-crucible-delay/T07,control-hold,31,Victory,7,0,6,192,67,729,2,45,-1,,0,5,0,760960765
gym-crucible-delay/T07,control-hold,32,Defeat,3,0,3,96,21,954,3,58,-1,,0,1,1,189474662
gym-crucible-delay/T07,control-hold,33,Victory,7,0,6,192,52,1002,1,79,-1,,0,6,0,1997878051
gym-crucible-delay/T07,control-hold,34,Victory,7,0,6,184,71,873,3,39,-1,,0,5,2,2429238248
gym-crucible-delay/T07,control-hold,35,Victory,7,0,6,192,62,1064,3,37,-1,,0,5,2,3682162332
gym-crucible-delay/T07,control-hold,36,Victory,7,0,6,192,63,947,2,54,-1,,0,5,0,4000525873
gym-crucible-delay/T07,control-hold,37,Victory,7,0,6,192,69,805,1,37,-1,,0,4,0,2424717881
gym-crucible-delay/T07,control-hold,38,Defeat,3,0,3,96,25,1043,3,33,-1,,0,1,1,3657276369
gym-crucible-delay/T07,control-hold,39,Victory,7,0,6,192,64,799,1,37,-1,,0,4,0,653497778
gym-crucible-delay/T07,control-hold,40,Defeat,5,0,5,160,48,981,2,55,-1,,0,4,1,2177196109
gym-crucible-delay/T07,control-hold,41,Victory,7,0,6,176,49,720,1,45,-1,,0,5,0,3784671343
gym-crucible-delay/T07,control-hold,42,Victory,7,0,6,176,61,661,2,45,-1,,0,5,1,1351863879
gym-crucible-delay/T07,control-hold,43,Victory,7,0,6,192,50,1008,1,37,-1,,0,4,0,597382307
gym-crucible-delay/T07,control-hold,44,Victory,7,0,6,184,72,754,2,30,-1,,0,5,2,3327803496
gym-crucible-delay/T07,control-hold,45,Victory,7,0,6,192,81,799,1,37,-1,,0,4,0,2471466903
gym-crucible-delay/T07,control-hold,46,Victory,7,0,6,184,40,818,3,43,-1,,0,7,1,1923166374
gym-crucible-delay/T07,control-hold,47,Victory,7,0,6,184,61,661,1,47,-1,,0,6,0,272975753
gym-crucible-delay/T07,control-hold,48,Victory,7,0,6,192,60,1091,3,70,-1,,0,6,1,523270129
gym-crucible-delay/T07,control-hold,49,Victory,7,0,6,192,58,839,1,45,-1,,0,5,0,1283476342
gym-crucible-delay/T07,control-hold,50,Victory,7,0,6,192,73,799,1,37,-1,,0,4,0,186392466
gym-crucible-delay/T07,corridor-hold,1,Victory,7,0,6,192,72,887,1,41,-1,,0,4,0,1425690247
gym-crucible-delay/T07,corridor-hold,2,Defeat,6,0,6,192,70,1084,3,41,-1,,0,4,2,328538807
gym-crucible-delay/T07,corridor-hold,3,Defeat,6,0,6,184,72,930,3,26,-1,,0,5,2,3466688286
gym-crucible-delay/T07,corridor-hold,4,Defeat,6,0,6,184,57,877,3,43,-1,,0,4,2,1134992330
gym-crucible-delay/T07,corridor-hold,5,Victory,7,0,6,192,68,1019,3,41,-1,,0,5,2,266749194
gym-crucible-delay/T07,corridor-hold,6,Victory,7,0,6,184,69,706,1,43,-1,,0,6,1,2803900567
gym-crucible-delay/T07,corridor-hold,7,Victory,7,0,6,192,65,649,4,54,-1,,0,7,2,2923787036
gym-crucible-delay/T07,corridor-hold,8,Defeat,5,0,5,160,47,976,2,55,-1,,0,3,1,1353695990
gym-crucible-delay/T07,corridor-hold,9,Victory,7,0,6,192,67,930,3,20,-1,,0,6,2,2240516464
gym-crucible-delay/T07,corridor-hold,10,Defeat,3,0,3,96,29,1083,3,41,-1,,0,0,1,4119570295
gym-crucible-delay/T07,corridor-hold,11,Victory,7,0,6,192,86,786,1,37,-1,,0,4,0,775097162
gym-crucible-delay/T07,corridor-hold,12,Victory,7,0,6,192,70,736,2,54,-1,,0,5,0,1864929624
gym-crucible-delay/T07,corridor-hold,13,Victory,7,0,6,192,74,825,4,45,-1,,0,6,2,2002720400
gym-crucible-delay/T07,corridor-hold,14,Victory,7,0,6,176,71,700,2,40,-1,,0,7,1,3065670647
gym-crucible-delay/T07,corridor-hold,15,Defeat,6,0,6,176,52,877,3,50,-1,,0,5,2,471415316
gym-crucible-delay/T07,corridor-hold,16,Victory,7,0,6,192,68,756,2,50,-1,,0,5,0,2676383342
gym-crucible-delay/T07,corridor-hold,17,Victory,7,0,6,192,68,786,1,37,-1,,0,5,0,2683887129
gym-crucible-delay/T07,corridor-hold,18,Victory,7,0,6,192,74,891,2,33,-1,,0,4,1,3357875603
gym-crucible-delay/T07,corridor-hold,19,Victory,7,0,6,184,57,801,2,26,-1,,0,4,2,4276198654
gym-crucible-delay/T07,corridor-hold,20,Victory,7,0,6,192,57,779,2,66,-1,,0,7,1,2706496199
gym-crucible-delay/T07,corridor-hold,21,Victory,7,0,6,192,66,1141,3,29,-1,,0,4,2,1310072534
gym-crucible-delay/T07,corridor-hold,22,Victory,7,0,6,192,54,781,2,41,-1,,0,5,1,3875083185
gym-crucible-delay/T07,corridor-hold,23,Defeat,3,0,3,96,30,1024,3,58,-1,,0,0,1,296387037
gym-crucible-delay/T07,corridor-hold,24,Victory,7,0,6,192,59,765,1,54,-1,,0,5,1,1367927418
gym-crucible-delay/T07,corridor-hold,25,Victory,7,0,6,192,68,786,1,37,-1,,0,4,0,2752858600
gym-crucible-delay/T07,corridor-hold,26,Victory,7,0,6,192,68,861,1,25,-1,,0,2,0,1506705241
gym-crucible-delay/T07,corridor-hold,27,Victory,7,0,6,192,74,1006,3,29,-1,,0,6,2,60473143
gym-crucible-delay/T07,corridor-hold,28,Victory,7,0,6,176,54,662,2,45,-1,,0,5,1,199830546
gym-crucible-delay/T07,corridor-hold,29,Victory,7,0,6,192,77,799,1,37,-1,,0,4,0,2011038828
gym-crucible-delay/T07,corridor-hold,30,Victory,7,0,6,184,59,738,2,52,-1,,0,7,0,2304590401
gym-crucible-delay/T07,corridor-hold,31,Victory,7,0,6,192,67,729,2,45,-1,,0,5,0,760960765
gym-crucible-delay/T07,corridor-hold,32,Defeat,3,0,3,96,21,954,3,58,-1,,0,1,1,189474662
gym-crucible-delay/T07,corridor-hold,33,Defeat,3,0,3,96,30,1024,3,66,-1,,0,0,1,1846031086
gym-crucible-delay/T07,corridor-hold,34,Defeat,6,0,6,184,66,874,3,39,-1,,0,5,2,2153887599
gym-crucible-delay/T07,corridor-hold,35,Victory,7,0,6,192,62,1064,3,29,-1,,0,5,2,1947475447
gym-crucible-delay/T07,corridor-hold,36,Defeat,5,0,5,160,47,992,3,40,-1,,0,4,2,3510572885
gym-crucible-delay/T07,corridor-hold,37,Victory,7,0,6,192,69,805,1,37,-1,,0,4,0,2424717881
gym-crucible-delay/T07,corridor-hold,38,Defeat,3,0,3,96,25,1043,3,33,-1,,0,1,1,3657276369
gym-crucible-delay/T07,corridor-hold,39,Victory,7,0,6,192,64,799,1,37,-1,,0,4,0,653497778
gym-crucible-delay/T07,corridor-hold,40,Defeat,5,0,5,160,48,981,2,55,-1,,0,4,1,2177196109
gym-crucible-delay/T07,corridor-hold,41,Victory,7,0,6,176,49,720,1,45,-1,,0,5,0,3784671343
gym-crucible-delay/T07,corridor-hold,42,Victory,7,0,6,176,51,702,2,36,-1,,0,4,1,1445131964
gym-crucible-delay/T07,corridor-hold,43,Victory,7,0,6,184,51,722,1,60,-1,,0,6,0,726415511
gym-crucible-delay/T07,corridor-hold,44,Victory,7,0,6,184,72,754,2,30,-1,,0,5,2,3327803496
gym-crucible-delay/T07,corridor-hold,45,Victory,7,0,6,192,81,799,1,37,-1,,0,4,0,2471466903
gym-crucible-delay/T07,corridor-hold,46,Defeat,6,0,6,184,42,815,3,52,-1,,0,7,1,316691450
gym-crucible-delay/T07,corridor-hold,47,Victory,7,0,6,184,61,661,1,47,-1,,0,6,0,272975753
gym-crucible-delay/T07,corridor-hold,48,Defeat,4,0,4,128,48,1027,3,62,-1,,0,2,1,1467656880
gym-crucible-delay/T07,corridor-hold,49,Victory,7,0,6,192,58,839,1,45,-1,,0,5,0,1283476342
gym-crucible-delay/T07,corridor-hold,50,Victory,7,0,6,192,73,799,1,37,-1,,0,4,0,186392466
gym-crucible-delay/T08,control-hold,1,Defeat,6,0,6,184,67,856,2,52,-1,,0,4,0,1858012189
gym-crucible-delay/T08,control-hold,2,Defeat,6,0,6,192,67,929,3,41,-1,,0,4,2,2068809364
gym-crucible-delay/T08,control-hold,3,Defeat,6,0,6,184,72,930,3,26,-1,,0,5,2,4031227901
gym-crucible-delay/T08,control-hold,4,Defeat,6,0,6,184,57,877,3,43,-1,,0,4,2,27954265
gym-crucible-delay/T08,control-hold,5,Defeat,3,0,3,96,33,1083,3,50,-1,,0,0,1,2132031394
gym-crucible-delay/T08,control-hold,6,Defeat,4,0,4,128,48,934,3,62,-1,,0,3,0,202889634
gym-crucible-delay/T08,control-hold,7,Victory,7,0,6,192,63,661,2,41,-1,,0,6,1,2831075566
gym-crucible-delay/T08,control-hold,8,Victory,7,0,6,192,60,811,2,33,-1,,0,4,1,979398951
gym-crucible-delay/T08,control-hold,9,Victory,7,0,6,192,47,716,2,58,-1,,0,7,1,1830291539
gym-crucible-delay/T08,control-hold,10,Victory,7,0,6,192,74,827,3,41,-1,,0,5,2,2323102484
gym-crucible-delay/T08,control-hold,11,Victory,7,0,6,192,86,786,1,37,-1,,0,4,0,2309355201
gym-crucible-delay/T08,control-hold,12,Victory,7,0,6,192,74,786,1,41,-1,,0,5,1,972403334
gym-crucible-delay/T08,control-hold,13,Victory,7,0,6,192,74,633,4,45,-1,,0,6,2,4293972620
gym-crucible-delay/T08,control-hold,14,Victory,7,0,6,176,74,664,2,40,-1,,0,7,1,4261158136
gym-crucible-delay/T08,control-hold,15,Victory,7,0,6,192,61,858,1,25,-1,,0,3,0,291062071
gym-crucible-delay/T08,control-hold,16,Victory,7,0,6,192,68,756,2,50,-1,,0,5,0,164847045
gym-crucible-delay/T08,control-hold,17,Victory,7,0,6,192,69,786,1,37,-1,,0,5,0,2309355201
gym-crucible-delay/T08,control-hold,18,Victory,7,0,6,192,72,765,2,33,-1,,0,4,1,3371170801
gym-crucible-delay/T08,control-hold,19,Defeat,6,0,6,184,46,764,1,47,-1,,0,5,0,3013943690
gym-crucible-delay/T08,control-hold,20,Victory,7,0,6,192,61,777,1,45,-1,,0,6,0,201416248
gym-crucible-delay/T08,control-hold,21,Defeat,3,0,3,96,27,1050,3,50,-1,,0,0,1,1199090947
gym-crucible-delay/T08,control-hold,22,Defeat,6,0,6,184,29,818,2,47,-1,,0,6,1,3148678309
gym-crucible-delay/T08,control-hold,23,Defeat,3,0,3,96,27,1013,3,58,-1,,0,0,1,4167589684
gym-crucible-delay/T08,control-hold,24,Victory,7,0,6,192,64,728,1,54,-1,,0,5,1,672119647
gym-crucible-delay/T08,control-hold,25,Victory,7,0,6,192,56,879,3,33,-1,,0,4,2,570645329
gym-crucible-delay/T08,control-hold,26,Victory,7,0,6,192,68,861,1,25,-1,,0,2,0,3672649930
gym-crucible-delay/T08,control-hold,27,Victory,7,0,6,184,77,876,3,21,-1,,0,6,2,634121137
gym-crucible-delay/T08,control-hold,28,Victory,7,0,6,176,54,612,2,45,-1,,0,5,1,3195902587
gym-crucible-delay/T08,control-hold,29,Defeat,6,0,6,176,53,663,2,68,-1,,0,8,1,4271769941
gym-crucible-delay/T08,control-hold,30,Victory,7,0,6,184,68,750,2,43,-1,,0,6,0,2682882644
gym-crucible-delay/T08,control-hold,31,Victory,7,0,6,192,34,861,1,25,-1,,0,3,0,1625273445
gym-crucible-delay/T08,control-hold,32,Defeat,3,0,3,96,18,943,3,58,-1,,0,1,1,3041087271
gym-crucible-delay/T08,control-hold,33,Defeat,3,0,3,96,27,1013,3,58,-1,,0,0,1,4222754557
gym-crucible-delay/T08,control-hold,34,Victory,7,0,6,192,65,837,3,29,-1,,0,5,2,312587931
gym-crucible-delay/T08,control-hold,35,Defeat,4,0,4,128,37,992,3,50,-1,,0,2,1,4227757121
gym-crucible-delay/T08,control-hold,36,Defeat,5,0,5,160,47,896,3,40,-1,,0,4,2,3327582942
gym-crucible-delay/T08,control-hold,37,Victory,7,0,6,192,69,779,1,37,-1,,0,4,0,3784382971
gym-crucible-delay/T08,control-hold,38,Defeat,3,0,3,96,25,1043,3,33,-1,,0,1,1,3277949978
gym-crucible-delay/T08,control-hold,39,Victory,6,0,6,192,58,859,0,33,-1,,0,4,0,909225835
gym-crucible-delay/T08,control-hold,40,Defeat,5,0,5,160,48,981,2,55,-1,,0,4,1,3439190958
gym-crucible-delay/T08,control-hold,41,Defeat,3,0,3,96,25,1099,3,25,-1,,0,0,1,2312920018
gym-crucible-delay/T08,control-hold,42,Victory,7,0,6,184,65,736,2,30,-1,,0,4,1,237051398
gym-crucible-delay/T08,control-hold,43,Victory,7,0,6,184,51,688,1,60,-1,,0,6,0,365580659
gym-crucible-delay/T08,control-hold,44,Defeat,6,0,6,184,59,845,3,34,-1,,0,5,2,3503708609
gym-crucible-delay/T08,control-hold,45,Victory,7,0,6,192,79,799,1,37,-1,,0,4,0,2803633757
gym-crucible-delay/T08,control-hold,46,Victory,7,0,6,192,70,858,1,33,-1,,0,3,0,48869695
gym-crucible-delay/T08,control-hold,47,Victory,6,0,6,184,56,648,0,47,-1,,0,6,0,1962399110
gym-crucible-delay/T08,control-hold,48,Defeat,6,0,6,192,53,897,3,50,-1,,0,5,2,524758836
gym-crucible-delay/T08,control-hold,49,Victory,7,0,6,192,60,769,1,37,-1,,0,5,0,2420622317
gym-crucible-delay/T08,control-hold,50,Victory,7,0,6,192,70,799,1,37,-1,,0,4,0,1396915284
gym-crucible-delay/T08,corridor-hold,1,Defeat,6,0,6,184,67,856,2,52,-1,,0,4,0,1858012189
gym-crucible-delay/T08,corridor-hold,2,Defeat,6,0,6,192,67,929,3,41,-1,,0,4,2,2068809364
gym-crucible-delay/T08,corridor-hold,3,Defeat,6,0,6,184,72,930,3,26,-1,,0,5,2,4031227901
gym-crucible-delay/T08,corridor-hold,4,Defeat,6,0,6,184,57,877,3,43,-1,,0,4,2,27954265
gym-crucible-delay/T08,corridor-hold,5,Defeat,3,0,3,96,33,1083,3,50,-1,,0,0,1,2132031394
gym-crucible-delay/T08,corridor-hold,6,Defeat,4,0,4,128,48,934,3,62,-1,,0,3,0,202889634
gym-crucible-delay/T08,corridor-hold,7,Victory,7,0,6,192,63,661,2,41,-1,,0,6,1,2831075566
gym-crucible-delay/T08,corridor-hold,8,Victory,7,0,6,192,60,811,2,33,-1,,0,4,1,979398951
gym-crucible-delay/T08,corridor-hold,9,Victory,7,0,6,192,47,716,2,58,-1,,0,7,1,1830291539
gym-crucible-delay/T08,corridor-hold,10,Victory,7,0,6,192,74,827,3,41,-1,,0,5,2,2323102484
gym-crucible-delay/T08,corridor-hold,11,Victory,7,0,6,192,86,786,1,37,-1,,0,4,0,2309355201
gym-crucible-delay/T08,corridor-hold,12,Victory,7,0,6,192,74,786,1,41,-1,,0,5,1,972403334
gym-crucible-delay/T08,corridor-hold,13,Victory,7,0,6,192,74,633,4,45,-1,,0,6,2,4293972620
gym-crucible-delay/T08,corridor-hold,14,Victory,7,0,6,176,74,664,2,40,-1,,0,7,1,4261158136
gym-crucible-delay/T08,corridor-hold,15,Victory,7,0,6,192,61,858,1,25,-1,,0,3,0,291062071
gym-crucible-delay/T08,corridor-hold,16,Victory,7,0,6,192,68,756,2,50,-1,,0,5,0,164847045
gym-crucible-delay/T08,corridor-hold,17,Victory,7,0,6,192,69,786,1,37,-1,,0,5,0,2309355201
gym-crucible-delay/T08,corridor-hold,18,Victory,7,0,6,192,72,765,2,33,-1,,0,4,1,3371170801
gym-crucible-delay/T08,corridor-hold,19,Defeat,6,0,6,184,46,764,1,47,-1,,0,5,0,3013943690
gym-crucible-delay/T08,corridor-hold,20,Victory,7,0,6,192,61,777,1,45,-1,,0,6,0,201416248
gym-crucible-delay/T08,corridor-hold,21,Defeat,3,0,3,96,27,1050,3,50,-1,,0,0,1,1199090947
gym-crucible-delay/T08,corridor-hold,22,Defeat,6,0,6,184,29,818,2,47,-1,,0,6,1,3148678309
gym-crucible-delay/T08,corridor-hold,23,Defeat,3,0,3,96,27,1013,3,58,-1,,0,0,1,4167589684
gym-crucible-delay/T08,corridor-hold,24,Victory,7,0,6,192,64,728,1,54,-1,,0,5,1,672119647
gym-crucible-delay/T08,corridor-hold,25,Victory,7,0,6,192,56,879,3,33,-1,,0,4,2,570645329
gym-crucible-delay/T08,corridor-hold,26,Victory,7,0,6,192,68,861,1,25,-1,,0,2,0,3672649930
gym-crucible-delay/T08,corridor-hold,27,Victory,7,0,6,184,77,876,3,21,-1,,0,6,2,634121137
gym-crucible-delay/T08,corridor-hold,28,Victory,7,0,6,176,54,612,2,45,-1,,0,5,1,3195902587
gym-crucible-delay/T08,corridor-hold,29,Defeat,6,0,6,176,53,663,2,68,-1,,0,8,1,4271769941
gym-crucible-delay/T08,corridor-hold,30,Victory,7,0,6,184,68,750,2,43,-1,,0,6,0,2682882644
gym-crucible-delay/T08,corridor-hold,31,Victory,7,0,6,192,34,861,1,25,-1,,0,3,0,1625273445
gym-crucible-delay/T08,corridor-hold,32,Defeat,3,0,3,96,18,943,3,58,-1,,0,1,1,3041087271
gym-crucible-delay/T08,corridor-hold,33,Defeat,3,0,3,96,27,1013,3,58,-1,,0,0,1,4222754557
gym-crucible-delay/T08,corridor-hold,34,Victory,7,0,6,192,65,837,3,29,-1,,0,5,2,312587931
gym-crucible-delay/T08,corridor-hold,35,Defeat,4,0,4,128,37,992,3,50,-1,,0,2,1,4227757121
gym-crucible-delay/T08,corridor-hold,36,Defeat,5,0,5,160,47,896,3,40,-1,,0,4,2,3327582942
gym-crucible-delay/T08,corridor-hold,37,Victory,7,0,6,192,69,779,1,37,-1,,0,4,0,3784382971
gym-crucible-delay/T08,corridor-hold,38,Defeat,3,0,3,96,25,1043,3,33,-1,,0,1,1,3277949978
gym-crucible-delay/T08,corridor-hold,39,Victory,6,0,6,192,58,859,0,33,-1,,0,4,0,909225835
gym-crucible-delay/T08,corridor-hold,40,Defeat,5,0,5,160,48,981,2,55,-1,,0,4,1,3439190958
gym-crucible-delay/T08,corridor-hold,41,Defeat,3,0,3,96,25,1099,3,25,-1,,0,0,1,2312920018
gym-crucible-delay/T08,corridor-hold,42,Victory,7,0,6,184,65,736,2,30,-1,,0,4,1,237051398
gym-crucible-delay/T08,corridor-hold,43,Victory,7,0,6,184,51,688,1,60,-1,,0,6,0,365580659
gym-crucible-delay/T08,corridor-hold,44,Defeat,6,0,6,184,59,845,3,34,-1,,0,5,2,3503708609
gym-crucible-delay/T08,corridor-hold,45,Victory,7,0,6,192,79,799,1,37,-1,,0,4,0,2803633757
gym-crucible-delay/T08,corridor-hold,46,Victory,7,0,6,192,70,858,1,33,-1,,0,3,0,48869695
gym-crucible-delay/T08,corridor-hold,47,Victory,6,0,6,184,56,648,0,47,-1,,0,6,0,1962399110
gym-crucible-delay/T08,corridor-hold,48,Defeat,6,0,6,192,53,897,3,50,-1,,0,5,2,524758836
gym-crucible-delay/T08,corridor-hold,49,Victory,7,0,6,192,60,769,1,37,-1,,0,5,0,2420622317
gym-crucible-delay/T08,corridor-hold,50,Victory,7,0,6,192,70,799,1,37,-1,,0,4,0,1396915284
gym-crucible-delay/T09,control-hold,1,Victory,7,0,6,184,62,801,3,65,-1,,0,5,1,3688368086
gym-crucible-delay/T09,control-hold,2,Victory,7,0,6,176,61,906,3,59,-1,,0,6,2,111582954
gym-crucible-delay/T09,control-hold,3,Victory,7,0,6,184,78,923,3,26,-1,,0,6,2,957246407
gym-crucible-delay/T09,control-hold,4,Victory,7,0,6,192,67,879,3,37,-1,,0,5,2,1457012169
gym-crucible-delay/T09,control-hold,5,Defeat,5,0,5,160,44,1046,3,40,-1,,0,4,2,3925137474
gym-crucible-delay/T09,control-hold,6,Victory,7,0,6,192,66,1029,3,41,-1,,0,6,1,2562104820
gym-crucible-delay/T09,control-hold,7,Victory,7,0,6,184,64,725,4,56,-1,,0,7,2,502138416
gym-crucible-delay/T09,control-hold,8,Victory,7,0,6,192,62,815,3,54,-1,,0,6,0,686141976
gym-crucible-delay/T09,control-hold,9,Victory,7,0,6,192,92,930,4,20,-1,,0,7,2,1677759600
gym-crucible-delay/T09,control-hold,10,Defeat,3,0,3,96,29,1099,3,25,-1,,0,0,1,3110969847
gym-crucible-delay/T09,control-hold,11,Victory,7,0,6,192,77,638,2,58,-1,,0,5,0,2094163654
gym-crucible-delay/T09,control-hold,12,Defeat,6,0,6,184,65,798,3,65,-1,,0,5,1,3709863890
gym-crucible-delay/T09,control-hold,13,Victory,7,0,6,192,63,711,3,41,-1,,0,7,1,441176839
gym-crucible-delay/T09,control-hold,14,Defeat,5,0,5,152,46,925,4,78,-1,,0,6,1,3706648957
gym-crucible-delay/T09,control-hold,15,Victory,7,0,6,192,47,858,3,58,-1,,0,5,1,3759192935
gym-crucible-delay/T09,control-hold,16,Victory,7,0,6,192,66,811,2,50,-1,,0,6,1,2217760501
gym-crucible-delay/T09,control-hold,17,Victory,7,0,6,192,67,795,3,70,-1,,0,6,0,4272769996
gym-crucible-delay/T09,control-hold,18,Defeat,6,0,6,184,67,811,3,56,-1,,0,5,1,1823084581
gym-crucible-delay/T09,control-hold,19,Victory,7,0,6,192,57,811,2,50,-1,,0,5,1,250162853
gym-crucible-delay/T09,control-hold,20,Victory,7,0,6,192,66,811,2,50,-1,,0,6,1,1046614533
gym-crucible-delay/T09,control-hold,21,Victory,7,0,6,192,65,1141,3,45,-1,,0,6,2,211034866
gym-crucible-delay/T09,control-hold,22,Victory,7,0,6,184,30,863,3,86,-1,,0,8,0,961434329
gym-crucible-delay/T09,control-hold,23,Defeat,5,0,5,160,46,1059,3,40,-1,,0,4,2,3088109894
gym-crucible-delay/T09,control-hold,24,Victory,7,0,6,192,63,811,2,50,-1,,0,5,1,769061780
gym-crucible-delay/T09,control-hold,25,Defeat,6,0,6,192,60,912,3,45,-1,,0,5,1,1141214661
gym-crucible-delay/T09,control-hold,26,Victory,7,0,6,192,81,1012,3,37,-1,,0,5,2,2523478384
gym-crucible-delay/T09,control-hold,27,Victory,7,0,6,192,77,930,3,20,-1,,0,6,2,3567378879
gym-crucible-delay/T09,control-hold,28,Victory,7,0,6,192,82,853,3,50,-1,,0,5,1,4273361525
gym-crucible-delay/T09,control-hold,29,Defeat,6,0,6,192,53,955,4,54,-1,,0,6,2,1435734497
gym-crucible-delay/T09,control-hold,30,Victory,7,0,6,184,57,922,4,60,-1,,0,7,1,2006405752
gym-crucible-delay/T09,control-hold,31,Defeat,6,0,6,192,57,899,3,41,-1,,0,6,1,3509929334
gym-crucible-delay/T09,control-hold,32,Victory,7,0,6,184,48,738,3,43,-1,,0,6,1,2038380658
gym-crucible-delay/T09,control-hold,33,Victory,7,0,6,192,72,1001,3,58,-1,,0,6,2,107071540
gym-crucible-delay/T09,control-hold,34,Defeat,4,0,4,128,47,849,3,50,-1,,0,3,1,3977164774
gym-crucible-delay/T09,control-hold,35,Victory,7,0,6,192,63,841,2,41,-1,,0,5,1,652935151
gym-crucible-delay/T09,control-hold,36,Victory,7,0,6,192,66,826,2,41,-1,,0,5,1,3367160757
gym-crucible-delay/T09,control-hold,37,Victory,7,0,6,192,55,925,3,58,-1,,0,6,2,3142244910
gym-crucible-delay/T09,control-hold,38,Victory,7,0,6,192,57,803,3,54,-1,,0,7,2,3790244560
gym-crucible-delay/T09,control-hold,39,Defeat,6,0,6,184,70,775,3,52,-1,,0,6,2,2550985998
gym-crucible-delay/T09,control-hold,40,Defeat,6,0,6,192,50,968,4,87,-1,,0,8,0,2562639274
gym-crucible-delay/T09,control-hold,41,Victory,7,0,6,192,59,986,4,50,-1,,0,6,2,1846246333
gym-crucible-delay/T09,control-hold,42,Defeat,5,0,5,160,55,972,3,35,-1,,0,4,2,2597871397
gym-crucible-delay/T09,control-hold,43,Victory,7,0,6,192,61,787,2,50,-1,,0,5,1,1228721151
gym-crucible-delay/T09,control-hold,44,Victory,7,0,6,192,63,811,2,50,-1,,0,6,1,301654460
gym-crucible-delay/T09,control-hold,45,Victory,7,0,6,192,84,811,2,50,-1,,0,5,1,301654460
gym-crucible-delay/T09,control-hold,46,Victory,7,0,6,192,83,791,3,50,-1,,0,6,1,808497044
gym-crucible-delay/T09,control-hold,47,Victory,7,0,6,192,69,811,2,50,-1,,0,5,1,3423457964
gym-crucible-delay/T09,control-hold,48,Defeat,4,0,4,128,45,1031,3,62,-1,,0,2,0,1388949848
gym-crucible-delay/T09,control-hold,49,Defeat,6,0,6,184,68,811,3,56,-1,,0,6,1,336331834
gym-crucible-delay/T09,control-hold,50,Victory,7,0,6,192,76,1012,3,37,-1,,0,5,2,2693546273
gym-crucible-delay/T09,corridor-hold,1,Defeat,6,0,6,184,57,826,3,65,-1,,0,5,1,3761110664
gym-crucible-delay/T09,corridor-hold,2,Defeat,6,0,6,176,56,923,3,59,-1,,0,5,2,1957311269
gym-crucible-delay/T09,corridor-hold,3,Defeat,6,0,6,184,73,930,3,30,-1,,0,6,2,506361493
gym-crucible-delay/T09,corridor-hold,4,Defeat,5,0,5,160,55,779,3,60,-1,,0,4,2,4140338294
gym-crucible-delay/T09,corridor-hold,5,Defeat,5,0,5,160,49,836,3,55,-1,,0,4,2,97361453
gym-crucible-delay/T09,corridor-hold,6,Defeat,4,0,4,128,54,1029,3,37,-1,,0,3,1,3917260911
gym-crucible-delay/T09,corridor-hold,7,Victory,7,0,6,192,65,686,3,50,-1,,0,6,1,3924534217
gym-crucible-delay/T09,corridor-hold,8,Victory,7,0,6,192,48,828,2,41,-1,,0,5,1,724340476
gym-crucible-delay/T09,corridor-hold,9,Victory,7,0,6,192,92,930,4,20,-1,,0,7,2,1677759600
gym-crucible-delay/T09,corridor-hold,10,Defeat,3,0,3,96,29,1099,3,25,-1,,0,0,1,2697658750
gym-crucible-delay/T09,corridor-hold,11,Victory,7,0,6,192,78,756,2,41,-1,,0,5,1,1591342533
gym-crucible-delay/T09,corridor-hold,12,Victory,7,0,6,192,70,686,3,50,-1,,0,5,1,1574127697
gym-crucible-delay/T09,corridor-hold,13,Victory,7,0,6,192,69,722,2,37,-1,,0,5,1,3516822657
gym-crucible-delay/T09,corridor-hold,14,Defeat,3,0,3,96,33,1024,3,41,-1,,0,1,1,394418394
gym-crucible-delay/T09,corridor-hold,15,Victory,7,0,6,184,61,741,2,34,-1,,0,5,2,2585625088
gym-crucible-delay/T09,corridor-hold,16,Victory,7,0,6,192,75,756,2,41,-1,,0,6,1,2007491584
gym-crucible-delay/T09,corridor-hold,17,Defeat,5,0,5,160,51,951,3,50,-1,,0,5,2,62131765
gym-crucible-delay/T09,corridor-hold,18,Victory,7,0,6,192,72,756,2,41,-1,,0,5,1,846604518
gym-crucible-delay/T09,corridor-hold,19,Defeat,5,0,5,160,43,819,3,60,-1,,0,4,2,1536812206
gym-crucible-delay/T09,corridor-hold,20,Victory,7,0,6,192,58,877,3,50,-1,,0,7,1,3028177925
gym-crucible-delay/T09,corridor-hold,21,Defeat,5,0,5,160,42,967,3,55,-1,,0,4,2,2797069837
gym-crucible-delay/T09,corridor-hold,22,Victory,7,0,6,192,57,711,3,45,-1,,0,7,2,3817612147
gym-crucible-delay/T09,corridor-hold,23,Defeat,4,0,4,128,40,1029,3,37,-1,,0,2,1,2292718541
gym-crucible-delay/T09,corridor-hold,24,Defeat,5,0,5,160,54,801,3,60,-1,,0,4,2,2077414562
gym-crucible-delay/T09,corridor-hold,25,Defeat,6,0,6,184,70,686,3,65,-1,,0,5,1,3473879157
gym-crucible-delay/T09,corridor-hold,26,Victory,7,0,6,192,74,739,2,37,-1,,0,5,1,3180675365
gym-crucible-delay/T09,corridor-hold,27,Victory,7,0,6,192,81,915,3,20,-1,,0,6,2,3137255345
gym-crucible-delay/T09,corridor-hold,28,Victory,7,0,6,192,76,744,2,41,-1,,0,5,1,787807791
gym-crucible-delay/T09,corridor-hold,29,Defeat,4,0,4,128,38,1027,3,68,-1,,0,2,1,3484978913
gym-crucible-delay/T09,corridor-hold,30,Defeat,3,0,3,96,34,1033,3,41,-1,,0,1,1,3763278397
gym-crucible-delay/T09,corridor-hold,31,Defeat,4,0,4,128,44,1029,3,37,-1,,0,3,1,1985850109
gym-crucible-delay/T09,corridor-hold,32,Defeat,4,0,4,128,35,959,3,37,-1,,0,3,1,3065261106
gym-crucible-delay/T09,corridor-hold,33,Defeat,6,0,6,192,66,914,3,58,-1,,0,6,2,180798277
gym-crucible-delay/T09,corridor-hold,34,Defeat,4,0,4,128,47,849,3,50,-1,,0,3,1,3977164774
gym-crucible-delay/T09,corridor-hold,35,Defeat,6,0,6,184,70,630,4,56,-1,,0,6,1,2014911251
gym-crucible-delay/T09,corridor-hold,36,Defeat,6,0,6,192,61,797,3,54,-1,,0,5,1,923572622
gym-crucible-delay/T09,corridor-hold,37,Victory,7,0,6,192,75,686,3,50,-1,,0,6,2,228921118
gym-crucible-delay/T09,corridor-hold,38,Victory,7,0,6,184,49,790,4,73,-1,,0,7,2,3314377476
gym-crucible-delay/T09,corridor-hold,39,Victory,7,0,6,192,81,771,3,50,-1,,0,6,2,2263779942
gym-crucible-delay/T09,corridor-hold,40,Defeat,4,0,4,128,44,981,3,56,-1,,0,3,1,4186002974
gym-crucible-delay/T09,corridor-hold,41,Defeat,6,0,6,184,51,751,4,56,-1,,0,6,2,1561609599
gym-crucible-delay/T09,corridor-hold,42,Defeat,4,0,4,128,49,1042,3,31,-1,,0,2,1,1788013166
gym-crucible-delay/T09,corridor-hold,43,Defeat,5,0,5,160,43,959,3,40,-1,,0,4,2,573552038
gym-crucible-delay/T09,corridor-hold,44,Victory,7,0,6,192,69,756,2,41,-1,,0,6,1,626561558
gym-crucible-delay/T09,corridor-hold,45,Victory,7,0,6,192,85,709,2,41,-1,,0,5,1,2229233961
gym-crucible-delay/T09,corridor-hold,46,Victory,7,0,6,192,71,522,3,83,-1,,0,8,0,825940810
gym-crucible-delay/T09,corridor-hold,47,Victory,7,0,6,192,75,686,2,50,-1,,0,5,1,2465573715
gym-crucible-delay/T09,corridor-hold,48,Victory,7,0,6,192,75,520,3,87,-1,,0,8,0,1955178713
gym-crucible-delay/T09,corridor-hold,49,Victory,7,0,6,192,72,686,2,50,-1,,0,6,1,3896962423
gym-crucible-delay/T09,corridor-hold,50,Defeat,6,0,6,192,64,669,3,70,-1,,0,5,1,1738584450
gym-crucible-delay/T10,control-hold,1,Victory,7,0,6,192,62,696,2,58,-1,,0,5,1,1858969690
gym-crucible-delay/T10,control-hold,2,Victory,7,0,6,176,58,679,4,68,-1,,0,6,2,4118556213
gym-crucible-delay/T10,control-hold,3,Defeat,6,0,6,184,73,930,3,26,-1,,0,6,2,4214314938
gym-crucible-delay/T10,control-hold,4,Defeat,6,0,6,184,53,809,3,47,-1,,0,5,2,2545690938
gym-crucible-delay/T10,control-hold,5,Victory,7,0,6,192,60,554,3,50,-1,,0,5,1,379239551
gym-crucible-delay/T10,control-hold,6,Defeat,4,0,4,128,54,1029,3,37,-1,,0,3,1,4284258996
gym-crucible-delay/T10,control-hold,7,Victory,7,0,6,192,57,775,2,50,-1,,0,6,1,1721388743
gym-crucible-delay/T10,control-hold,8,Defeat,6,0,6,184,46,668,4,56,-1,,0,6,2,2827760110
gym-crucible-delay/T10,control-hold,9,Victory,7,0,6,184,49,760,4,30,-1,,0,7,1,150326057
gym-crucible-delay/T10,control-hold,10,Victory,7,0,6,192,63,716,4,66,-1,,0,6,2,3975528067
gym-crucible-delay/T10,control-hold,11,Victory,7,0,6,192,74,638,2,58,-1,,0,5,0,4112773101
gym-crucible-delay/T10,control-hold,12,Victory,7,0,6,184,74,645,3,56,-1,,0,5,1,1614002367
gym-crucible-delay/T10,control-hold,13,Victory,7,0,6,192,62,811,2,41,-1,,0,5,1,3565409916
gym-crucible-delay/T10,control-hold,14,Defeat,3,0,3,96,30,1013,3,41,-1,,0,1,1,4202826457
gym-crucible-delay/T10,control-hold,15,Defeat,5,0,5,152,43,809,4,47,-1,,0,4,2,3270449678
gym-crucible-delay/T10,control-hold,16,Victory,7,0,6,192,66,764,2,50,-1,,0,6,1,2081343218
gym-crucible-delay/T10,control-hold,17,Defeat,5,0,5,160,51,855,3,50,-1,,0,5,2,1815724478
gym-crucible-delay/T10,control-hold,18,Victory,7,0,6,192,60,631,2,62,-1,,0,7,0,283473808
gym-crucible-delay/T10,control-hold,19,Victory,7,0,6,184,53,771,3,56,-1,,0,6,2,3349091661
gym-crucible-delay/T10,control-hold,20,Victory,7,0,6,192,66,811,2,50,-1,,0,6,1,2266172310
gym-crucible-delay/T10,control-hold,21,Defeat,3,0,3,96,27,1050,3,50,-1,,0,0,1,1654575797
gym-crucible-delay/T10,control-hold,22,Defeat,3,0,3,96,20,1074,3,41,-1,,0,1,1,1339795349
gym-crucible-delay/T10,control-hold,23,Victory,7,0,6,192,71,685,4,54,-1,,0,6,2,3638512901
gym-crucible-delay/T10,control-hold,24,Defeat,5,0,5,160,59,907,3,45,-1,,0,4,2,1387634093
gym-crucible-delay/T10,control-hold,25,Defeat,6,0,6,176,41,734,3,63,-1,,0,6,2,2778703085
gym-crucible-delay/T10,control-hold,26,Defeat,6,0,6,184,63,784,3,56,-1,,0,5,1,474835736
gym-crucible-delay/T10,control-hold,27,Victory,7,0,6,192,77,930,3,25,-1,,0,6,2,303874480
gym-crucible-delay/T10,control-hold,28,Defeat,6,0,6,192,79,867,3,50,-1,,0,5,1,3217422046
gym-crucible-delay/T10,control-hold,29,Defeat,6,0,6,184,56,789,4,69,-1,,0,6,2,2373006246
gym-crucible-delay/T10,control-hold,30,Defeat,3,0,3,96,34,1033,3,33,-1,,0,1,1,2442671870
gym-crucible-delay/T10,control-hold,31,Victory,7,0,6,192,59,788,3,37,-1,,0,6,2,1076636444
gym-crucible-delay/T10,control-hold,32,Victory,7,0,6,184,53,608,3,56,-1,,0,6,0,1180433241
gym-crucible-delay/T10,control-hold,33,Defeat,5,0,5,160,55,784,4,80,-1,,0,4,2,2635777456
gym-crucible-delay/T10,control-hold,34,Defeat,4,0,4,128,46,830,3,50,-1,,0,3,1,674997976
gym-crucible-delay/T10,control-hold,35,Victory,7,0,6,192,66,841,2,41,-1,,0,5,1,1140630087
gym-crucible-delay/T10,control-hold,36,Victory,7,0,6,192,70,826,2,41,-1,,0,5,1,3072324573
gym-crucible-delay/T10,control-hold,37,Victory,7,0,6,192,57,781,3,50,-1,,0,6,2,2886215621
gym-crucible-delay/T10,control-hold,38,Defeat,6,0,6,184,55,762,4,69,-1,,0,7,2,2142867990
gym-crucible-delay/T10,control-hold,39,Defeat,6,0,6,184,70,775,3,52,-1,,0,6,2,2683638549
gym-crucible-delay/T10,control-hold,40,Defeat,4,0,4,128,44,995,3,50,-1,,0,3,1,1207958872
gym-crucible-delay/T10,control-hold,41,Defeat,6,0,6,184,46,757,4,65,-1,,0,6,2,1093385772
gym-crucible-delay/T10,control-hold,42,Defeat,5,0,5,160,55,972,3,35,-1,,0,4,2,4283574230
gym-crucible-delay/T10,control-hold,43,Victory,7,0,6,192,61,787,2,50,-1,,0,5,1,1456671924
gym-crucible-delay/T10,control-hold,44,Victory,7,0,6,192,70,811,2,50,-1,,0,6,1,1009522263
gym-crucible-delay/T10,control-hold,45,Victory,7,0,6,192,84,811,2,50,-1,,0,5,1,1009522263
gym-crucible-delay/T10,control-hold,46,Victory,7,0,6,192,60,794,2,50,-1,,0,6,1,2908099964
gym-crucible-delay/T10,control-hold,47,Victory,7,0,6,192,72,811,2,50,-1,,0,5,1,2319710695
gym-crucible-delay/T10,control-hold,48,Defeat,4,0,4,128,45,1031,3,62,-1,,0,2,0,1146076371
gym-crucible-delay/T10,control-hold,49,Defeat,6,0,6,184,68,811,3,56,-1,,0,6,1,1234294647
gym-crucible-delay/T10,control-hold,50,Victory,7,0,6,192,72,811,2,50,-1,,0,5,1,389102990
gym-crucible-delay/T10,corridor-hold,1,Victory,7,0,6,192,66,731,2,41,-1,,0,5,1,1427342270
gym-crucible-delay/T10,corridor-hold,2,Defeat,6,0,6,176,53,768,3,59,-1,,0,5,2,531792040
gym-crucible-delay/T10,corridor-hold,3,Defeat,6,0,6,184,73,930,3,30,-1,,0,6,2,1710993886
gym-crucible-delay/T10,corridor-hold,4,Defeat,6,0,6,192,58,709,3,79,-1,,0,5,0,182613838
gym-crucible-delay/T10,corridor-hold,5,Victory,7,0,6,192,60,621,3,50,-1,,0,5,1,2521515248
gym-crucible-delay/T10,corridor-hold,6,Defeat,4,0,4,128,54,1029,3,37,-1,,0,3,1,4284258996
gym-crucible-delay/T10,corridor-hold,7,Victory,7,0,6,192,57,626,3,54,-1,,0,6,1,3924598496
gym-crucible-delay/T10,corridor-hold,8,Defeat,5,0,5,160,45,819,3,50,-1,,0,4,2,2954853648
gym-crucible-delay/T10,corridor-hold,9,Victory,7,0,6,184,46,760,4,30,-1,,0,7,1,209819176
gym-crucible-delay/T10,corridor-hold,10,Victory,7,0,6,192,66,750,3,54,-1,,0,6,2,2518963389
gym-crucible-delay/T10,corridor-hold,11,Victory,7,0,6,192,78,756,2,41,-1,,0,5,1,1483999374
gym-crucible-delay/T10,corridor-hold,12,Defeat,6,0,6,192,66,689,3,62,-1,,0,5,1,1701867035
gym-crucible-delay/T10,corridor-hold,13,Victory,7,0,6,192,72,757,2,37,-1,,0,5,1,3768794151
gym-crucible-delay/T10,corridor-hold,14,Defeat,3,0,3,96,30,1013,3,41,-1,,0,1,1,4202826457
gym-crucible-delay/T10,corridor-hold,15,Defeat,6,0,6,184,47,821,3,43,-1,,0,5,2,918044867
gym-crucible-delay/T10,corridor-hold,16,Victory,7,0,6,192,67,659,1,41,-1,,0,6,1,2021877409
gym-crucible-delay/T10,corridor-hold,17,Defeat,5,0,5,160,51,855,3,50,-1,,0,5,2,1815724478
gym-crucible-delay/T10,corridor-hold,18,Victory,7,0,6,192,64,476,2,75,-1,,0,7,1,3854089474
gym-crucible-delay/T10,corridor-hold,19,Victory,7,0,6,192,66,686,2,50,-1,,0,5,1,1843083899
gym-crucible-delay/T10,corridor-hold,20,Victory,7,0,6,192,58,733,3,50,-1,,0,7,1,3451321390
gym-crucible-delay/T10,corridor-hold,21,Defeat,3,0,3,96,27,1050,3,50,-1,,0,0,1,1654575797
gym-crucible-delay/T10,corridor-hold,22,Defeat,6,0,6,192,37,948,3,41,-1,,0,6,2,3704963388
gym-crucible-delay/T10,corridor-hold,23,Victory,7,0,6,192,73,865,3,33,-1,,0,5,2,547089587
gym-crucible-delay/T10,corridor-hold,24,Defeat,6,0,6,192,63,751,2,54,-1,,0,5,1,1655665022
gym-crucible-delay/T10,corridor-hold,25,Defeat,6,0,6,176,39,768,3,54,-1,,0,5,2,2079691364
gym-crucible-delay/T10,corridor-hold,26,Victory,7,0,6,192,70,614,2,50,-1,,0,5,0,2074451827
gym-crucible-delay/T10,corridor-hold,27,Victory,7,0,6,192,75,903,3,20,-1,,0,6,2,1398158828
gym-crucible-delay/T10,corridor-hold,28,Victory,7,0,6,192,73,731,2,41,-1,,0,5,1,1853841086
gym-crucible-delay/T10,corridor-hold,29,Defeat,6,0,6,184,54,823,3,65,-1,,0,6,2,1187530897
gym-crucible-delay/T10,corridor-hold,30,Defeat,3,0,3,96,34,1033,3,41,-1,,0,1,1,1003966980
gym-crucible-delay/T10,corridor-hold,31,Defeat,5,0,5,160,51,749,4,50,-1,,0,5,2,2850078162
gym-crucible-delay/T10,corridor-hold,32,Defeat,4,0,4,128,35,959,3,37,-1,,0,3,1,2169161590
gym-crucible-delay/T10,corridor-hold,33,Defeat,5,0,5,160,55,809,4,70,-1,,0,4,2,1057141378
gym-crucible-delay/T10,corridor-hold,34,Defeat,4,0,4,128,46,830,3,56,-1,,0,3,1,433209250
gym-crucible-delay/T10,corridor-hold,35,Defeat,6,0,6,184,68,630,4,56,-1,,0,6,1,2040575192
gym-crucible-delay/T10,corridor-hold,36,Victory,7,0,6,192,67,747,3,45,-1,,0,5,1,2469956841
gym-crucible-delay/T10,corridor-hold,37,Victory,7,0,6,192,75,686,3,50,-1,,0,6,2,773493629
gym-crucible-delay/T10,corridor-hold,38,Defeat,6,0,6,184,43,648,4,78,-1,,0,7,2,958519482
gym-crucible-delay/T10,corridor-hold,39,Victory,7,0,6,192,84,686,3,50,-1,,0,6,2,2116239010
gym-crucible-delay/T10,corridor-hold,40,Victory,7,0,6,192,61,904,3,33,-1,,0,6,2,4058214428
gym-crucible-delay/T10,corridor-hold,41,Defeat,6,0,6,184,51,701,4,56,-1,,0,6,2,2104073694
gym-crucible-delay/T10,corridor-hold,42,Defeat,4,0,4,128,49,1042,3,37,-1,,0,2,1,2868263840
gym-crucible-delay/T10,corridor-hold,43,Defeat,4,0,4,128,40,1029,3,37,-1,,0,2,1,1346366844
gym-crucible-delay/T10,corridor-hold,44,Defeat,6,0,6,192,65,759,3,50,-1,,0,6,1,3646469443
gym-crucible-delay/T10,corridor-hold,45,Victory,7,0,6,192,85,659,2,41,-1,,0,5,1,2886059192
gym-crucible-delay/T10,corridor-hold,46,Victory,7,0,6,192,76,572,3,54,-1,,0,6,1,2665339949
gym-crucible-delay/T10,corridor-hold,47,Victory,7,0,6,192,75,686,2,50,-1,,0,5,1,410930960
gym-crucible-delay/T10,corridor-hold,48,Victory,7,0,6,192,75,310,3,87,-1,,0,8,0,1108681931
gym-crucible-delay/T10,corridor-hold,49,Victory,7,0,6,192,72,686,2,50,-1,,0,6,1,92413020
gym-crucible-delay/T10,corridor-hold,50,Victory,7,0,6,192,77,756,2,41,-1,,0,5,1,4248712429
gym-crucible-delay/T11,control-hold,1,Victory,7,0,6,192,79,835,3,50,-1,,0,5,1,1948617134
gym-crucible-delay/T11,control-hold,2,Victory,7,0,6,176,67,906,3,59,-1,,0,6,2,316864051
gym-crucible-delay/T11,control-hold,3,Victory,7,0,6,184,85,900,3,21,-1,,0,6,2,4030161945
gym-crucible-delay/T11,control-hold,4,Defeat,5,0,5,152,42,733,4,52,-1,,0,4,2,1275388805
gym-crucible-delay/T11,control-hold,5,Victory,7,0,6,184,66,922,3,56,-1,,0,6,2,990680175
gym-crucible-delay/T11,control-hold,6,Defeat,5,0,5,160,61,1029,3,40,-1,,0,5,2,801577146
gym-crucible-delay/T11,control-hold,7,Defeat,4,0,4,128,43,959,3,43,-1,,0,3,1,397420499
gym-crucible-delay/T11,control-hold,8,Victory,7,0,6,192,62,647,3,62,-1,,0,5,0,3044811724
gym-crucible-delay/T11,control-hold,9,Victory,7,0,6,192,90,930,4,20,-1,,0,7,2,862810931
gym-crucible-delay/T11,control-hold,10,Defeat,3,0,3,96,29,1099,3,25,-1,,0,0,1,1198024059
gym-crucible-delay/T11,control-hold,11,Victory,7,0,6,192,75,811,3,50,-1,,0,5,1,3971651260
gym-crucible-delay/T11,control-hold,12,Victory,7,0,6,192,71,706,3,54,-1,,0,5,1,2876194483
gym-crucible-delay/T11,control-hold,13,Victory,7,0,6,192,63,811,3,41,-1,,0,5,1,2248828739
gym-crucible-delay/T11,control-hold,14,Victory,7,0,6,192,77,824,3,58,-1,,0,6,1,2138972795
gym-crucible-delay/T11,control-hold,15,Defeat,5,0,5,160,48,907,3,45,-1,,0,4,2,28717053
gym-crucible-delay/T11,control-hold,16,Victory,7,0,6,192,69,811,3,50,-1,,0,6,1,4265253579
gym-crucible-delay/T11,control-hold,17,Victory,7,0,6,192,71,920,2,66,-1,,0,6,0,3044213385
gym-crucible-delay/T11,control-hold,18,Defeat,6,0,6,192,71,941,3,41,-1,,0,5,1,1777114315
gym-crucible-delay/T11,control-hold,19,Victory,7,0,6,192,58,651,2,54,-1,,0,5,0,2488363039
gym-crucible-delay/T11,control-hold,20,Defeat,6,0,6,192,49,905,3,75,-1,,0,8,1,1344372486
gym-crucible-delay/T11,control-hold,21,Victory,7,0,6,184,56,838,3,91,-1,,0,7,1,2702606828
gym-crucible-delay/T11,control-hold,22,Victory,7,0,6,192,53,879,3,37,-1,,0,6,2,1809035846
gym-crucible-delay/T11,control-hold,23,Victory,7,0,6,176,75,877,4,77,-1,,0,6,2,3627484421
gym-crucible-delay/T11,control-hold,24,Victory,7,0,6,192,72,811,3,50,-1,,0,5,1,2284374759
gym-crucible-delay/T11,control-hold,25,Victory,7,0,6,192,67,884,3,45,-1,,0,5,1,3251523613
gym-crucible-delay/T11,control-hold,26,Victory,7,0,6,192,89,1012,3,37,-1,,0,5,2,1640896812
gym-crucible-delay/T11,control-hold,27,Victory,7,0,6,192,80,930,4,20,-1,,0,7,2,295638744
gym-crucible-delay/T11,control-hold,28,Victory,7,0,6,192,71,828,3,45,-1,,0,5,1,1340359076
gym-crucible-delay/T11,control-hold,29,Defeat,4,0,4,128,40,1063,3,62,-1,,0,2,1,1903393128
gym-crucible-delay/T11,control-hold,30,Victory,7,0,6,192,81,800,3,50,-1,,0,7,2,826415275
gym-crucible-delay/T11,control-hold,31,Defeat,4,0,4,128,46,1029,3,37,-1,,0,3,1,3098469834
gym-crucible-delay/T11,control-hold,32,Defeat,3,0,3,96,21,954,3,58,-1,,0,1,1,246944582
gym-crucible-delay/T11,control-hold,33,Defeat,6,0,6,176,63,908,3,68,-1,,0,6,2,2082502850
gym-crucible-delay/T11,control-hold,34,Victory,7,0,6,184,67,873,3,34,-1,,0,5,2,2953219361
gym-crucible-delay/T11,control-hold,35,Victory,7,0,6,192,63,874,3,41,-1,,0,5,1,364507727
gym-crucible-delay/T11,control-hold,36,Victory,7,0,6,192,69,826,3,41,-1,,0,5,1,481067116
gym-crucible-delay/T11,control-hold,37,Victory,7,0,6,192,60,947,3,50,-1,,0,6,2,1961504200
gym-crucible-delay/T11,control-hold,38,Victory,7,0,6,192,45,778,3,75,-1,,0,8,0,762880216
gym-crucible-delay/T11,control-hold,39,Victory,7,0,6,184,79,843,4,56,-1,,0,6,2,3516714615
gym-crucible-delay/T11,control-hold,40,Victory,7,0,6,192,71,966,4,62,-1,,0,7,2,2955644050
gym-crucible-delay/T11,control-hold,41,Victory,7,0,6,192,57,854,3,54,-1,,0,5,1,2539269015
gym-crucible-delay/T11,control-hold,42,Defeat,4,0,4,128,49,1042,3,31,-1,,0,2,1,3823872264
gym-crucible-delay/T11,control-hold,43,Defeat,4,0,4,128,37,929,3,56,-1,,0,2,1,623556107
gym-crucible-delay/T11,control-hold,44,Victory,7,0,6,168,57,733,3,47,-1,,0,6,2,1105828358
gym-crucible-delay/T11,control-hold,45,Victory,7,0,6,192,88,811,3,50,-1,,0,5,1,2248828739
gym-crucible-delay/T11,control-hold,46,Victory,7,0,6,192,82,788,3,50,-1,,0,6,1,3817377113
gym-crucible-delay/T11,control-hold,47,Defeat,6,0,6,192,69,794,3,62,-1,,0,5,1,3583049102
gym-crucible-delay/T11,control-hold,48,Victory,7,0,6,192,59,611,4,75,-1,,0,8,1,2867567119
gym-crucible-delay/T11,control-hold,49,Victory,7,0,6,192,71,775,3,50,-1,,0,6,1,3179790768
gym-crucible-delay/T11,control-hold,50,Victory,7,0,6,192,78,811,3,50,-1,,0,5,1,2248828739
gym-crucible-delay/T11,corridor-hold,1,Victory,7,0,6,192,82,783,3,54,-1,,0,6,2,1656436873
gym-crucible-delay/T11,corridor-hold,2,Defeat,6,0,6,176,62,923,3,59,-1,,0,5,2,2781470077
gym-crucible-delay/T11,corridor-hold,3,Defeat,6,0,6,184,75,930,3,26,-1,,0,6,2,467148131
gym-crucible-delay/T11,corridor-hold,4,Defeat,5,0,5,152,42,733,4,52,-1,,0,4,2,1275388805
gym-crucible-delay/T11,corridor-hold,5,Victory,7,0,6,184,66,905,3,56,-1,,0,6,2,3887772078
gym-crucible-delay/T11,corridor-hold,6,Defeat,4,0,4,128,56,1029,3,37,-1,,0,3,1,1508664726
gym-crucible-delay/T11,corridor-hold,7,Defeat,4,0,4,128,43,959,3,43,-1,,0,3,1,397420499
gym-crucible-delay/T11,corridor-hold,8,Victory,7,0,6,192,58,630,3,62,-1,,0,5,0,3269623302
gym-crucible-delay/T11,corridor-hold,9,Victory,7,0,6,192,90,930,4,20,-1,,0,7,2,862810931
gym-crucible-delay/T11,corridor-hold,10,Defeat,3,0,3,96,29,1099,3,25,-1,,0,0,1,1198024059
gym-crucible-delay/T11,corridor-hold,11,Victory,7,0,6,192,87,686,3,50,-1,,0,5,1,2018449675
gym-crucible-delay/T11,corridor-hold,12,Victory,7,0,6,192,71,686,3,50,-1,,0,5,1,1582720096
gym-crucible-delay/T11,corridor-hold,13,Victory,7,0,6,192,75,722,3,37,-1,,0,5,1,185082245
gym-crucible-delay/T11,corridor-hold,14,Victory,7,0,6,192,88,686,3,50,-1,,0,6,1,1256862946
gym-crucible-delay/T11,corridor-hold,15,Defeat,6,0,6,184,58,791,3,43,-1,,0,5,2,1807304521
gym-crucible-delay/T11,corridor-hold,16,Victory,7,0,6,192,83,686,3,50,-1,,0,6,1,678416397
gym-crucible-delay/T11,corridor-hold,17,Victory,7,0,6,192,77,969,3,41,-1,,0,6,2,1648911297
gym-crucible-delay/T11,corridor-hold,18,Defeat,5,0,5,160,64,907,3,40,-1,,0,4,2,3114898426
gym-crucible-delay/T11,corridor-hold,19,Victory,7,0,6,192,69,632,3,54,-1,,0,5,1,1708198808
gym-crucible-delay/T11,corridor-hold,20,Defeat,4,0,4,128,39,947,3,62,-1,,0,3,0,763587780
gym-crucible-delay/T11,corridor-hold,21,Victory,7,0,6,192,52,942,2,62,-1,,0,5,0,3419493131
gym-crucible-delay/T11,corridor-hold,22,Victory,7,0,6,184,47,661,2,60,-1,,0,8,1,3977670625
gym-crucible-delay/T11,corridor-hold,23,Defeat,5,0,5,152,53,908,4,68,-1,,0,4,2,3987750239
gym-crucible-delay/T11,corridor-hold,24,Defeat,5,0,5,160,58,801,3,60,-1,,0,4,2,2391547458
gym-crucible-delay/T11,corridor-hold,25,Defeat,6,0,6,184,70,686,3,65,-1,,0,5,1,2201146926
gym-crucible-delay/T11,corridor-hold,26,Victory,7,0,6,192,80,739,2,37,-1,,0,5,1,3916532600
gym-crucible-delay/T11,corridor-hold,27,Victory,7,0,6,184,80,885,4,30,-1,,0,7,1,476706227
gym-crucible-delay/T11,corridor-hold,28,Victory,7,0,6,192,83,726,3,54,-1,,0,5,1,2638378716
gym-crucible-delay/T11,corridor-hold,29,Defeat,4,0,4,128,40,1027,3,68,-1,,0,2,1,2815402731
gym-crucible-delay/T11,corridor-hold,30,Victory,7,0,6,192,80,686,3,50,-1,,0,6,1,703490809
gym-crucible-delay/T11,corridor-hold,31,Defeat,4,0,4,128,46,1029,3,37,-1,,0,3,1,3098469834
gym-crucible-delay/T11,corridor-hold,32,Defeat,3,0,3,96,21,954,3,58,-1,,0,1,1,246944582
gym-crucible-delay/T11,corridor-hold,33,Defeat,5,0,5,152,53,925,3,63,-1,,0,4,2,2329080032
gym-crucible-delay/T11,corridor-hold,34,Defeat,5,0,5,152,52,735,3,42,-1,,0,5,2,2206520294
gym-crucible-delay/T11,corridor-hold,35,Defeat,6,0,6,184,74,630,4,47,-1,,0,6,2,891379372
gym-crucible-delay/T11,corridor-hold,36,Defeat,6,0,6,192,67,797,3,54,-1,,0,5,1,583184926
gym-crucible-delay/T11,corridor-hold,37,Victory,7,0,6,192,72,686,3,50,-1,,0,6,2,3230428977
gym-crucible-delay/T11,corridor-hold,38,Victory,7,0,6,192,50,1000,3,33,-1,,0,6,2,2912530001
gym-crucible-delay/T11,corridor-hold,39,Victory,7,0,6,192,86,771,3,50,-1,,0,6,2,2293396512
gym-crucible-delay/T11,corridor-hold,40,Defeat,4,0,4,128,45,981,3,43,-1,,0,3,1,1714553870
gym-crucible-delay/T11,corridor-hold,41,Defeat,6,0,6,192,52,889,2,58,-1,,0,5,1,2040362293
gym-crucible-delay/T11,corridor-hold,42,Defeat,4,0,4,128,49,1042,3,31,-1,,0,2,1,3823872264
gym-crucible-delay/T11,corridor-hold,43,Victory,7,0,6,192,75,686,3,50,-1,,0,5,1,2018449675
gym-crucible-delay/T11,corridor-hold,44,Defeat,6,0,6,168,54,735,3,47,-1,,0,6,2,2904229712
gym-crucible-delay/T11,corridor-hold,45,Victory,7,0,6,192,90,686,3,50,-1,,0,5,1,2011669851
gym-crucible-delay/T11,corridor-hold,46,Victory,7,0,6,192,79,522,3,83,-1,,0,8,0,359698837
gym-crucible-delay/T11,corridor-hold,47,Victory,7,0,6,192,75,491,3,62,-1,,0,5,0,4071614528
gym-crucible-delay/T11,corridor-hold,48,Victory,7,0,6,192,83,520,3,87,-1,,0,8,0,2746037636
gym-crucible-delay/T11,corridor-hold,49,Victory,7,0,6,192,86,686,3,50,-1,,0,6,1,2018449675
gym-crucible-delay/T11,corridor-hold,50,Victory,7,0,6,192,84,686,3,50,-1,,0,5,1,2018449675
gym-crucible-delay/T12,control-hold,1,Victory,7,0,6,192,70,702,3,50,-1,,0,5,1,1833180371
gym-crucible-delay/T12,control-hold,2,Victory,7,0,6,176,66,679,4,68,-1,,0,6,2,572254554
gym-crucible-delay/T12,control-hold,3,Defeat,6,0,6,184,75,930,3,26,-1,,0,6,2,4260216048
gym-crucible-delay/T12,control-hold,4,Defeat,5,0,5,152,38,733,4,47,-1,,0,4,2,508671355
gym-crucible-delay/T12,control-hold,5,Defeat,3,0,3,96,33,1033,3,50,-1,,0,0,1,2373530261
gym-crucible-delay/T12,control-hold,6,Defeat,4,0,4,128,56,1029,3,37,-1,,0,3,1,2418347781
gym-crucible-delay/T12,control-hold,7,Victory,7,0,6,184,57,745,4,56,-1,,0,7,2,2325182511
gym-crucible-delay/T12,control-hold,8,Victory,7,0,6,192,66,775,3,50,-1,,0,5,1,3543494789
gym-crucible-delay/T12,control-hold,9,Victory,7,0,6,192,56,913,3,20,-1,,0,6,2,1559390044
gym-crucible-delay/T12,control-hold,10,Victory,7,0,6,192,74,750,3,54,-1,,0,6,2,478579322
gym-crucible-delay/T12,control-hold,11,Victory,7,0,6,192,78,811,3,50,-1,,0,5,1,2309157064
gym-crucible-delay/T12,control-hold,12,Victory,7,0,6,192,78,722,3,50,-1,,0,5,1,1529601118
gym-crucible-delay/T12,control-hold,13,Victory,7,0,6,192,72,811,3,41,-1,,0,5,1,1877843370
gym-crucible-delay/T12,control-hold,14,Defeat,6,0,6,192,67,810,3,58,-1,,0,6,1,804113293
gym-crucible-delay/T12,control-hold,15,Defeat,5,0,5,152,47,809,4,47,-1,,0,4,2,729104046
gym-crucible-delay/T12,control-hold,16,Victory,7,0,6,192,75,714,2,54,-1,,0,6,1,3581041139
gym-crucible-delay/T12,control-hold,17,Defeat,5,0,5,160,52,855,3,55,-1,,0,5,2,23948348
gym-crucible-delay/T12,control-hold,18,Defeat,5,0,5,160,64,941,3,40,-1,,0,4,2,312293136
gym-crucible-delay/T12,control-hold,19,Defeat,5,0,5,160,43,913,3,55,-1,,0,4,2,1951680904
gym-crucible-delay/T12,control-hold,20,Defeat,6,0,6,192,51,725,3,83,-1,,0,8,0,684983909
gym-crucible-delay/T12,control-hold,21,Defeat,3,0,3,96,27,1050,3,50,-1,,0,0,1,2741778846
gym-crucible-delay/T12,control-hold,22,Victory,7,0,6,192,51,632,3,62,-1,,0,8,1,808492581
gym-crucible-delay/T12,control-hold,23,Defeat,4,0,4,128,40,868,3,68,-1,,0,2,1,458768437
gym-crucible-delay/T12,control-hold,24,Defeat,5,0,5,160,63,907,3,45,-1,,0,4,2,1437642085
gym-crucible-delay/T12,control-hold,25,Defeat,6,0,6,176,47,734,3,63,-1,,0,6,2,2610701173
gym-crucible-delay/T12,control-hold,26,Defeat,6,0,6,184,69,784,3,56,-1,,0,5,1,225461334
gym-crucible-delay/T12,control-hold,27,Victory,7,0,6,184,81,874,4,30,-1,,0,7,1,476647581
gym-crucible-delay/T12,control-hold,28,Victory,7,0,6,192,78,811,3,45,-1,,0,5,1,2701240968
gym-crucible-delay/T12,control-hold,29,Defeat,6,0,6,184,67,746,4,69,-1,,0,6,2,2977608252
gym-crucible-delay/T12,control-hold,30,Victory,7,0,6,184,67,712,4,60,-1,,0,7,2,3909501020
gym-crucible-delay/T12,control-hold,31,Defeat,6,0,6,184,58,839,3,56,-1,,0,6,1,4263263341
gym-crucible-delay/T12,control-hold,32,Defeat,3,0,3,96,18,943,3,58,-1,,0,1,1,257718151
gym-crucible-delay/T12,control-hold,33,Defeat,6,0,6,176,57,760,4,72,-1,,0,6,2,222205764
gym-crucible-delay/T12,control-hold,34,Defeat,6,0,6,168,57,735,3,47,-1,,0,6,2,1585520276
gym-crucible-delay/T12,control-hold,35,Victory,7,0,6,192,66,694,3,41,-1,,0,5,1,3691878234
gym-crucible-delay/T12,control-hold,36,Victory,7,0,6,192,72,826,3,41,-1,,0,5,1,2585292416
gym-crucible-delay/T12,control-hold,37,Victory,7,0,6,192,62,803,3,50,-1,,0,6,2,2503221241
gym-crucible-delay/T12,control-hold,38,Defeat,4,0,4,128,33,991,3,75,-1,,0,3,0,3904691099
gym-crucible-delay/T12,control-hold,39,Defeat,6,0,6,184,77,811,4,56,-1,,0,6,2,4189418405
gym-crucible-delay/T12,control-hold,40,Victory,7,0,6,192,71,771,4,62,-1,,0,7,2,2651170808
gym-crucible-delay/T12,control-hold,41,Defeat,6,0,6,184,58,750,4,65,-1,,0,6,1,1254382314
gym-crucible-delay/T12,control-hold,42,Defeat,4,0,4,128,49,1042,3,37,-1,,0,2,1,1458553222
gym-crucible-delay/T12,control-hold,43,Victory,7,0,6,192,59,702,3,50,-1,,0,5,1,4130781708
gym-crucible-delay/T12,control-hold,44,Defeat,6,0,6,184,63,818,4,56,-1,,0,7,2,642492647
gym-crucible-delay/T12,control-hold,45,Victory,7,0,6,192,88,811,3,50,-1,,0,5,1,2787432280
gym-crucible-delay/T12,control-hold,46,Victory,7,0,6,184,60,552,3,65,-1,,0,8,0,2345581737
gym-crucible-delay/T12,control-hold,47,Victory,7,0,6,192,71,694,3,54,-1,,0,5,1,1356146905
gym-crucible-delay/T12,control-hold,48,Victory,7,0,6,192,59,454,4,79,-1,,0,8,1,1948006101
gym-crucible-delay/T12,control-hold,49,Victory,7,0,6,192,71,775,3,50,-1,,0,6,1,2616637451
gym-crucible-delay/T12,control-hold,50,Victory,7,0,6,192,81,811,3,50,-1,,0,5,1,2309157064
gym-crucible-delay/T12,corridor-hold,1,Defeat,6,0,6,192,73,841,3,45,-1,,0,6,2,1241871758
gym-crucible-delay/T12,corridor-hold,2,Defeat,6,0,6,176,59,768,3,59,-1,,0,5,2,905565016
gym-crucible-delay/T12,corridor-hold,3,Defeat,6,0,6,184,75,930,3,26,-1,,0,6,2,4260216048
gym-crucible-delay/T12,corridor-hold,4,Defeat,5,0,5,152,38,733,4,47,-1,,0,4,2,508671355
gym-crucible-delay/T12,corridor-hold,5,Defeat,3,0,3,96,33,1033,3,50,-1,,0,0,1,2373530261
gym-crucible-delay/T12,corridor-hold,6,Defeat,4,0,4,128,56,1029,3,37,-1,,0,3,1,2418347781
gym-crucible-delay/T12,corridor-hold,7,Victory,7,0,6,192,55,757,3,50,-1,,0,7,2,121016221
gym-crucible-delay/T12,corridor-hold,8,Victory,7,0,6,192,71,686,3,50,-1,,0,5,1,3408439567
gym-crucible-delay/T12,corridor-hold,9,Victory,7,0,6,192,56,913,3,20,-1,,0,6,2,1559390044
gym-crucible-delay/T12,corridor-hold,10,Victory,7,0,6,192,74,750,3,54,-1,,0,6,2,478579322
gym-crucible-delay/T12,corridor-hold,11,Victory,7,0,6,192,87,686,3,50,-1,,0,5,1,3228253688
gym-crucible-delay/T12,corridor-hold,12,Victory,7,0,6,192,75,686,3,50,-1,,0,5,1,1764406883
gym-crucible-delay/T12,corridor-hold,13,Victory,7,0,6,192,78,757,3,37,-1,,0,5,1,3240120159
gym-crucible-delay/T12,corridor-hold,14,Victory,7,0,6,192,88,686,3,50,-1,,0,6,1,1303960905
gym-crucible-delay/T12,corridor-hold,15,Defeat,6,0,6,184,49,821,3,47,-1,,0,5,2,4134279282
gym-crucible-delay/T12,corridor-hold,16,Victory,7,0,6,192,77,589,2,50,-1,,0,6,1,2604195831
gym-crucible-delay/T12,corridor-hold,17,Defeat,5,0,5,160,52,855,3,55,-1,,0,5,2,23948348
gym-crucible-delay/T12,corridor-hold,18,Defeat,5,0,5,160,64,907,3,40,-1,,0,4,2,311640841
gym-crucible-delay/T12,corridor-hold,19,Defeat,5,0,5,160,44,819,3,55,-1,,0,4,2,1006497726
gym-crucible-delay/T12,corridor-hold,20,Defeat,4,0,4,128,41,959,2,43,-1,,0,3,0,2677398570
gym-crucible-delay/T12,corridor-hold,21,Defeat,3,0,3,96,27,1050,3,50,-1,,0,0,1,2741778846
gym-crucible-delay/T12,corridor-hold,22,Defeat,3,0,3,96,20,1046,3,50,-1,,0,1,1,343028992
gym-crucible-delay/T12,corridor-hold,23,Defeat,4,0,4,128,40,868,3,68,-1,,0,2,1,458768437
gym-crucible-delay/T12,corridor-hold,24,Victory,7,0,6,192,72,606,3,54,-1,,0,5,1,4118386974
gym-crucible-delay/T12,corridor-hold,25,Defeat,6,0,6,176,45,768,3,54,-1,,0,5,2,3206129060
gym-crucible-delay/T12,corridor-hold,26,Victory,7,0,6,192,76,614,2,50,-1,,0,5,0,3216340310
gym-crucible-delay/T12,corridor-hold,27,Victory,7,0,6,184,81,874,4,30,-1,,0,7,1,476647581
gym-crucible-delay/T12,corridor-hold,28,Victory,7,0,6,192,83,676,3,54,-1,,0,5,1,962252476
gym-crucible-delay/T12,corridor-hold,29,Defeat,6,0,6,184,67,780,3,65,-1,,0,6,2,2812871633
gym-crucible-delay/T12,corridor-hold,30,Defeat,4,0,4,128,47,1051,3,37,-1,,0,3,1,627123917
gym-crucible-delay/T12,corridor-hold,31,Defeat,5,0,5,160,55,749,4,50,-1,,0,5,2,2418811803
gym-crucible-delay/T12,corridor-hold,32,Defeat,3,0,3,96,18,943,3,58,-1,,0,1,1,257718151
gym-crucible-delay/T12,corridor-hold,33,Defeat,6,0,6,176,55,811,3,54,-1,,0,5,2,1330217595
gym-crucible-delay/T12,corridor-hold,34,Defeat,6,0,6,168,57,735,3,47,-1,,0,6,2,1585520276
gym-crucible-delay/T12,corridor-hold,35,Defeat,6,0,6,184,72,630,4,47,-1,,0,6,2,409410455
gym-crucible-delay/T12,corridor-hold,36,Victory,7,0,6,192,75,747,3,45,-1,,0,5,1,1929257198
gym-crucible-delay/T12,corridor-hold,37,Victory,7,0,6,192,75,686,3,50,-1,,0,6,2,1941323170
gym-crucible-delay/T12,corridor-hold,38,Defeat,4,0,4,128,30,896,3,68,-1,,0,3,0,1333412842
gym-crucible-delay/T12,corridor-hold,39,Victory,7,0,6,192,89,686,3,50,-1,,0,6,2,2123369908
gym-crucible-delay/T12,corridor-hold,40,Defeat,4,0,4,128,45,981,3,43,-1,,0,3,1,3676399493
gym-crucible-delay/T12,corridor-hold,41,Victory,7,0,6,192,66,561,3,62,-1,,0,5,0,2888507781
gym-crucible-delay/T12,corridor-hold,42,Defeat,4,0,4,128,49,1042,3,37,-1,,0,2,1,1458553222
gym-crucible-delay/T12,corridor-hold,43,Victory,7,0,6,192,55,621,3,50,-1,,0,5,1,3977667166
gym-crucible-delay/T12,corridor-hold,44,Defeat,6,0,6,184,56,782,3,47,-1,,0,7,2,413735794
gym-crucible-delay/T12,corridor-hold,45,Victory,7,0,6,192,90,686,3,50,-1,,0,5,1,222054456
gym-crucible-delay/T12,corridor-hold,46,Victory,7,0,6,192,84,572,3,54,-1,,0,6,1,3432621122
gym-crucible-delay/T12,corridor-hold,47,Victory,7,0,6,192,75,491,3,62,-1,,0,5,0,2941122579
gym-crucible-delay/T12,corridor-hold,48,Victory,7,0,6,192,83,310,3,87,-1,,0,8,0,2584414262
gym-crucible-delay/T12,corridor-hold,49,Victory,7,0,6,192,86,686,3,50,-1,,0,6,1,3228253688
gym-crucible-delay/T12,corridor-hold,50,Victory,7,0,6,192,82,686,3,50,-1,,0,5,1,3228253688
gym-crucible-delay/T13,control-hold,1,Victory,7,0,6,192,63,818,2,50,-1,,0,4,0,4119030769
gym-crucible-delay/T13,control-hold,2,Victory,7,0,6,192,65,1036,2,50,-1,,0,4,0,938650265
gym-crucible-delay/T13,control-hold,3,Victory,7,0,6,192,80,930,2,20,-1,,0,5,2,3033231848
gym-crucible-delay/T13,control-hold,4,Victory,7,0,6,192,45,890,2,29,-1,,0,3,1,1975459069
gym-crucible-delay/T13,control-hold,5,Victory,7,0,6,192,71,945,2,45,-1,,0,4,0,4074859457
gym-crucible-delay/T13,control-hold,6,Victory,7,0,6,192,66,733,2,66,-1,,0,6,1,40299638
gym-crucible-delay/T13,control-hold,7,Victory,7,0,6,192,54,824,2,45,-1,,0,5,0,2003525190
gym-crucible-delay/T13,control-hold,8,Victory,7,0,6,192,59,841,2,45,-1,,0,4,0,3499733133
gym-crucible-delay/T13,control-hold,9,Victory,7,0,6,192,73,913,3,20,-1,,0,6,2,3848501943
gym-crucible-delay/T13,control-hold,10,Defeat,3,0,3,96,29,1083,3,41,-1,,0,0,1,3381536640
gym-crucible-delay/T13,control-hold,11,Victory,7,0,6,192,88,811,2,45,-1,,0,4,0,1614724562
gym-crucible-delay/T13,control-hold,12,Victory,7,0,6,184,74,666,3,60,-1,,0,5,1,402232852
gym-crucible-delay/T13,control-hold,13,Defeat,3,0,3,96,28,1099,3,25,-1,,0,0,1,1147980207
gym-crucible-delay/T13,control-hold,14,Victory,7,0,6,192,62,964,3,83,-1,,0,7,0,3872696535
gym-crucible-delay/T13,control-hold,15,Defeat,3,0,3,96,28,1064,3,41,-1,,0,0,1,108067371
gym-crucible-delay/T13,control-hold,16,Victory,7,0,6,192,64,771,2,45,-1,,0,6,1,3220511407
gym-crucible-delay/T13,control-hold,17,Victory,7,0,6,192,77,824,2,45,-1,,0,5,0,3811143228
gym-crucible-delay/T13,control-hold,18,Victory,7,0,6,192,67,811,2,45,-1,,0,4,0,3006503386
gym-crucible-delay/T13,control-hold,19,Defeat,3,0,3,96,25,1099,3,25,-1,,0,0,1,832293902
gym-crucible-delay/T13,control-hold,20,Victory,7,0,6,192,74,689,3,79,-1,,0,7,0,2633822026
gym-crucible-delay/T13,control-hold,21,Victory,7,0,6,192,53,901,3,87,-1,,0,6,0,2249174607
gym-crucible-delay/T13,control-hold,22,Victory,7,0,6,192,50,879,1,37,-1,,0,5,1,958706342
gym-crucible-delay/T13,control-hold,23,Victory,7,0,6,192,65,788,2,45,-1,,0,4,0,898584331
gym-crucible-delay/T13,control-hold,24,Victory,7,0,6,184,65,811,2,43,-1,,0,4,0,2840027620
gym-crucible-delay/T13,control-hold,25,Victory,7,0,6,192,59,822,2,45,-1,,0,4,0,1619173122
gym-crucible-delay/T13,control-hold,26,Victory,7,0,6,192,77,879,1,29,-1,,0,3,1,3977962719
gym-crucible-delay/T13,control-hold,27,Victory,7,0,6,184,59,930,3,21,-1,,0,5,2,3742139941
gym-crucible-delay/T13,control-hold,28,Victory,7,0,6,176,59,782,3,68,-1,,0,5,1,1888709077
gym-crucible-delay/T13,control-hold,29,Victory,7,0,6,192,60,849,4,70,-1,,0,6,0,3768717007
gym-crucible-delay/T13,control-hold,30,Victory,7,0,6,192,49,981,3,37,-1,,0,6,2,3935183187
gym-crucible-delay/T13,control-hold,31,Victory,7,0,6,192,67,815,2,54,-1,,0,5,0,2619579957
gym-crucible-delay/T13,control-hold,32,Victory,7,0,6,184,43,770,2,47,-1,,0,6,1,3235693375
gym-crucible-delay/T13,control-hold,33,Victory,7,0,6,192,68,1082,3,37,-1,,0,4,2,1569740231
gym-crucible-delay/T13,control-hold,34,Victory,7,0,6,192,78,1020,3,37,-1,,0,6,2,1839958963
gym-crucible-delay/T13,control-hold,35,Victory,7,0,6,192,63,877,1,33,-1,,0,4,1,9233060
gym-crucible-delay/T13,control-hold,36,Defeat,6,0,6,192,51,969,3,41,-1,,0,6,2,2334784908
gym-crucible-delay/T13,control-hold,37,Victory,7,0,6,192,65,918,2,41,-1,,0,4,1,794402710
gym-crucible-delay/T13,control-hold,38,Victory,7,0,6,192,60,926,3,41,-1,,0,6,2,3354883392
gym-crucible-delay/T13,control-hold,39,Victory,7,0,6,192,72,824,2,45,-1,,0,4,0,1054794703
gym-crucible-delay/T13,control-hold,40,Victory,7,0,6,192,58,882,2,45,-1,,0,5,0,4126546856
gym-crucible-delay/T13,control-hold,41,Victory,7,0,6,192,59,986,4,50,-1,,0,6,2,1949612470
gym-crucible-delay/T13,control-hold,42,Victory,6,0,6,192,51,915,0,41,-1,,0,4,0,3620726528
gym-crucible-delay/T13,control-hold,43,Defeat,5,0,5,160,45,929,2,55,-1,,0,3,1,3340194741
gym-crucible-delay/T13,control-hold,44,Victory,7,0,6,192,72,824,2,45,-1,,0,5,0,634909082
gym-crucible-delay/T13,control-hold,45,Victory,7,0,6,192,85,824,2,45,-1,,0,4,0,461115400
gym-crucible-delay/T13,control-hold,46,Victory,7,0,6,192,61,767,2,66,-1,,0,7,0,1760295494
gym-crucible-delay/T13,control-hold,47,Victory,7,0,6,192,83,841,2,45,-1,,0,4,0,3831435570
gym-crucible-delay/T13,control-hold,48,Victory,7,0,6,192,60,1023,4,54,-1,,0,6,2,1138505878
gym-crucible-delay/T13,control-hold,49,Victory,7,0,6,192,67,824,2,50,-1,,0,5,0,2801792213
gym-crucible-delay/T13,control-hold,50,Victory,7,0,6,192,53,1005,2,37,-1,,0,4,2,1223489123
gym-crucible-delay/T13,corridor-hold,1,Victory,7,0,6,192,61,742,2,50,-1,,0,4,0,266884135
gym-crucible-delay/T13,corridor-hold,2,Defeat,6,0,6,192,64,1084,3,41,-1,,0,4,2,243677908
gym-crucible-delay/T13,corridor-hold,3,Victory,7,0,6,184,78,880,2,21,-1,,0,5,2,3545443149
gym-crucible-delay/T13,corridor-hold,4,Defeat,3,0,3,96,24,1029,3,50,-1,,0,0,1,4187712757
gym-crucible-delay/T13,corridor-hold,5,Victory,7,0,6,192,77,820,2,45,-1,,0,4,0,100361963
gym-crucible-delay/T13,corridor-hold,6,Victory,7,0,6,192,80,661,2,54,-1,,0,6,1,3461487210
gym-crucible-delay/T13,corridor-hold,7,Victory,7,0,6,192,65,771,2,45,-1,,0,5,0,4092900324
gym-crucible-delay/T13,corridor-hold,8,Victory,7,0,6,192,61,824,2,45,-1,,0,4,0,2856652197
gym-crucible-delay/T13,corridor-hold,9,Victory,7,0,6,192,73,913,3,20,-1,,0,6,2,3848501943
gym-crucible-delay/T13,corridor-hold,10,Defeat,3,0,3,96,29,1083,3,41,-1,,0,0,1,670230633
gym-crucible-delay/T13,corridor-hold,11,Victory,7,0,6,192,77,858,2,50,-1,,0,5,1,3079961015
gym-crucible-delay/T13,corridor-hold,12,Victory,7,0,6,192,79,699,2,45,-1,,0,4,0,3792049026
gym-crucible-delay/T13,corridor-hold,13,Defeat,6,0,6,184,61,822,2,34,-1,,0,4,1,3158201735
gym-crucible-delay/T13,corridor-hold,14,Defeat,3,0,3,96,33,1046,3,41,-1,,0,1,1,995096938
gym-crucible-delay/T13,corridor-hold,15,Defeat,5,0,5,160,39,956,4,50,-1,,0,4,2,1016947533
gym-crucible-delay/T13,corridor-hold,16,Victory,7,0,6,192,68,756,1,37,-1,,0,5,0,2042796492
gym-crucible-delay/T13,corridor-hold,17,Victory,7,0,6,192,71,756,1,37,-1,,0,5,0,3818140940
gym-crucible-delay/T13,corridor-hold,18,Victory,7,0,6,192,76,686,2,45,-1,,0,4,0,104288060
gym-crucible-delay/T13,corridor-hold,19,Defeat,6,0,6,184,52,724,4,56,-1,,0,6,2,3855691335
gym-crucible-delay/T13,corridor-hold,20,Victory,7,0,6,192,69,682,2,79,-1,,0,7,0,1468719742
gym-crucible-delay/T13,corridor-hold,21,Victory,7,0,6,192,57,1141,3,29,-1,,0,4,2,2749903564
gym-crucible-delay/T13,corridor-hold,22,Victory,7,0,6,192,41,1013,2,29,-1,,0,5,2,1888190913
gym-crucible-delay/T13,corridor-hold,23,Victory,7,0,6,192,71,662,2,45,-1,,0,4,0,3220529527
gym-crucible-delay/T13,corridor-hold,24,Victory,7,0,6,192,71,686,2,45,-1,,0,4,0,2404910679
gym-crucible-delay/T13,corridor-hold,25,Victory,7,0,6,192,77,686,2,58,-1,,0,4,0,118111025
gym-crucible-delay/T13,corridor-hold,26,Defeat,6,0,6,192,54,827,3,66,-1,,0,6,1,1275841733
gym-crucible-delay/T13,corridor-hold,27,Victory,7,0,6,184,62,930,3,21,-1,,0,5,2,1053718051
gym-crucible-delay/T13,corridor-hold,28,Victory,7,0,6,184,57,814,1,39,-1,,0,4,0,4246768975
gym-crucible-delay/T13,corridor-hold,29,Defeat,4,0,4,128,38,1027,3,68,-1,,0,2,1,2695398121
gym-crucible-delay/T13,corridor-hold,30,Victory,7,0,6,192,55,828,1,37,-1,,0,5,0,4053573720
gym-crucible-delay/T13,corridor-hold,31,Victory,7,0,6,192,61,699,1,33,-1,,0,5,0,818528858
gym-crucible-delay/T13,corridor-hold,32,Victory,7,0,6,192,53,739,2,50,-1,,0,5,0,207943836
gym-crucible-delay/T13,corridor-hold,33,Defeat,5,0,5,160,50,1064,3,40,-1,,0,3,2,3922310382
gym-crucible-delay/T13,corridor-hold,34,Defeat,5,0,5,152,52,885,3,52,-1,,0,5,2,3468095877
gym-crucible-delay/T13,corridor-hold,35,Defeat,4,0,4,128,41,957,3,43,-1,,0,2,1,2056314587
gym-crucible-delay/T13,corridor-hold,36,Defeat,5,0,5,160,43,945,4,40,-1,,0,4,2,3572545393
gym-crucible-delay/T13,corridor-hold,37,Victory,7,0,6,192,67,801,2,45,-1,,0,4,0,2428941598
gym-crucible-delay/T13,corridor-hold,38,Victory,7,0,6,184,49,790,4,73,-1,,0,7,2,2745761639
gym-crucible-delay/T13,corridor-hold,39,Victory,7,0,6,192,81,686,2,50,-1,,0,5,1,4162614548
gym-crucible-delay/T13,corridor-hold,40,Defeat,6,0,6,192,52,1047,2,37,-1,,0,5,2,1896889779
gym-crucible-delay/T13,corridor-hold,41,Defeat,6,0,6,184,51,751,4,56,-1,,0,6,2,3367583124
gym-crucible-delay/T13,corridor-hold,42,Defeat,6,0,6,184,57,792,2,39,-1,,0,4,0,4054442460
gym-crucible-delay/T13,corridor-hold,43,Defeat,5,0,5,160,45,929,2,55,-1,,0,3,1,3340194741
gym-crucible-delay/T13,corridor-hold,44,Victory,7,0,6,192,64,629,2,54,-1,,0,5,0,3272659971
gym-crucible-delay/T13,corridor-hold,45,Victory,7,0,6,192,82,769,1,37,-1,,0,4,0,3853333532
gym-crucible-delay/T13,corridor-hold,46,Victory,7,0,6,192,86,682,2,45,-1,,0,5,0,2453221329
gym-crucible-delay/T13,corridor-hold,47,Victory,7,0,6,192,76,716,2,45,-1,,0,4,0,3252769717
gym-crucible-delay/T13,corridor-hold,48,Victory,7,0,6,192,73,953,3,45,-1,,0,6,2,1498080802
gym-crucible-delay/T13,corridor-hold,49,Victory,7,0,6,192,66,756,1,41,-1,,0,6,1,3000784402
gym-crucible-delay/T13,corridor-hold,50,Victory,7,0,6,192,62,842,3,70,-1,,0,6,2,1359892187
gym-crucible-delay/T14,control-hold,1,Victory,7,0,6,192,79,757,2,45,-1,,0,4,0,3241144166
gym-crucible-delay/T14,control-hold,2,Defeat,6,0,6,192,61,929,3,41,-1,,0,4,2,1013246063
gym-crucible-delay/T14,control-hold,3,Victory,7,0,6,192,80,930,2,20,-1,,0,5,2,2594940699
gym-crucible-delay/T14,control-hold,4,Defeat,5,0,5,160,37,942,3,40,-1,,0,3,2,2646149648
gym-crucible-delay/T14,control-hold,5,Defeat,3,0,3,96,23,1099,3,50,-1,,0,0,1,2368199216
gym-crucible-delay/T14,control-hold,6,Victory,7,0,6,192,63,571,3,70,-1,,0,8,0,761765011
gym-crucible-delay/T14,control-hold,7,Victory,7,0,6,192,70,798,2,45,-1,,0,5,0,442360911
gym-crucible-delay/T14,control-hold,8,Victory,7,0,6,192,54,806,3,37,-1,,0,5,2,2811477206
gym-crucible-delay/T14,control-hold,9,Victory,7,0,6,176,44,633,3,50,-1,,0,8,1,912274158
gym-crucible-delay/T14,control-hold,10,Victory,7,0,6,192,67,827,3,41,-1,,0,5,2,3233534915
gym-crucible-delay/T14,control-hold,11,Victory,7,0,6,192,88,811,2,45,-1,,0,4,0,1605268321
gym-crucible-delay/T14,control-hold,12,Victory,7,0,6,184,74,666,3,60,-1,,0,5,1,2996903895
gym-crucible-delay/T14,control-hold,13,Defeat,6,0,6,176,51,684,4,54,-1,,0,6,2,4191308600
gym-crucible-delay/T14,control-hold,14,Defeat,3,0,3,96,30,1035,3,41,-1,,0,1,1,3397374153
gym-crucible-delay/T14,control-hold,15,Victory,7,0,6,192,55,757,2,37,-1,,0,4,1,1154200420
gym-crucible-delay/T14,control-hold,16,Victory,7,0,6,192,64,721,2,45,-1,,0,6,1,2350811932
gym-crucible-delay/T14,control-hold,17,Victory,7,0,6,192,72,811,2,45,-1,,0,5,0,3178502231
gym-crucible-delay/T14,control-hold,18,Victory,7,0,6,192,67,811,2,45,-1,,0,4,0,461632777
gym-crucible-delay/T14,control-hold,19,Victory,7,0,6,192,75,832,2,45,-1,,0,4,0,104363876
gym-crucible-delay/T14,control-hold,20,Victory,7,0,6,184,55,617,3,91,-1,,0,7,0,1360269815
gym-crucible-delay/T14,control-hold,21,Defeat,3,0,3,96,27,1050,3,50,-1,,0,0,1,1327552899
gym-crucible-delay/T14,control-hold,22,Victory,7,0,6,192,49,617,2,58,-1,,0,6,1,2637831693
gym-crucible-delay/T14,control-hold,23,Defeat,5,0,5,160,52,977,4,40,-1,,0,4,2,3478190964
gym-crucible-delay/T14,control-hold,24,Victory,7,0,6,184,67,811,2,43,-1,,0,4,0,213026223
gym-crucible-delay/T14,control-hold,25,Victory,7,0,6,192,53,758,4,54,-1,,0,6,2,3116775324
gym-crucible-delay/T14,control-hold,26,Victory,7,0,6,192,77,879,1,29,-1,,0,3,1,1503938956
gym-crucible-delay/T14,control-hold,27,Victory,7,0,6,184,67,890,3,26,-1,,0,5,2,444818296
gym-crucible-delay/T14,control-hold,28,Defeat,6,0,6,176,59,762,3,63,-1,,0,5,1,3077589492
gym-crucible-delay/T14,control-hold,29,Victory,7,0,6,192,76,781,2,58,-1,,0,6,0,2808003898
gym-crucible-delay/T14,control-hold,30,Victory,7,0,6,192,74,811,2,45,-1,,0,5,0,4099275732
gym-crucible-delay/T14,control-hold,31,Victory,7,0,6,192,59,879,1,29,-1,,0,4,1,2061556773
gym-crucible-delay/T14,control-hold,32,Victory,7,0,6,184,45,769,2,47,-1,,0,5,0,2516655859
gym-crucible-delay/T14,control-hold,33,Defeat,5,0,5,160,47,957,3,40,-1,,0,3,2,275270965
gym-crucible-delay/T14,control-hold,34,Victory,7,0,6,192,59,851,3,29,-1,,0,5,2,3014205644
gym-crucible-delay/T14,control-hold,35,Victory,7,0,6,192,59,891,1,33,-1,,0,4,1,866300614
gym-crucible-delay/T14,control-hold,36,Victory,7,0,6,192,56,814,3,37,-1,,0,6,2,102016391
gym-crucible-delay/T14,control-hold,37,Victory,7,0,6,192,55,815,1,41,-1,,0,4,1,1464297629
gym-crucible-delay/T14,control-hold,38,Defeat,6,0,6,184,55,762,4,69,-1,,0,7,2,319006901
gym-crucible-delay/T14,control-hold,39,Victory,7,0,6,192,69,868,2,50,-1,,0,4,0,255801815
gym-crucible-delay/T14,control-hold,40,Victory,7,0,6,192,54,789,2,50,-1,,0,5,0,3608517749
gym-crucible-delay/T14,control-hold,41,Defeat,6,0,6,184,46,757,4,65,-1,,0,6,2,524616935
gym-crucible-delay/T14,control-hold,42,Victory,7,0,6,192,65,732,2,41,-1,,0,5,1,1164830573
gym-crucible-delay/T14,control-hold,43,Defeat,5,0,5,160,45,929,2,55,-1,,0,3,1,3875991646
gym-crucible-delay/T14,control-hold,44,Victory,7,0,6,192,75,824,2,45,-1,,0,5,0,3679472441
gym-crucible-delay/T14,control-hold,45,Victory,7,0,6,192,86,824,2,45,-1,,0,4,0,2837097773
gym-crucible-delay/T14,control-hold,46,Victory,7,0,6,192,70,817,2,54,-1,,0,5,0,1607486458
gym-crucible-delay/T14,control-hold,47,Victory,7,0,6,192,83,841,2,45,-1,,0,4,0,1800114361
gym-crucible-delay/T14,control-hold,48,Defeat,5,0,5,160,46,875,4,70,-1,,0,4,2,1613868519
gym-crucible-delay/T14,control-hold,49,Victory,7,0,6,192,64,798,2,50,-1,,0,5,0,2416342447
gym-crucible-delay/T14,control-hold,50,Victory,7,0,6,184,65,729,2,65,-1,,0,5,1,4285350434
gym-crucible-delay/T14,corridor-hold,1,Victory,7,0,6,192,50,687,1,45,-1,,0,4,0,199599080
gym-crucible-delay/T14,corridor-hold,2,Defeat,6,0,6,192,61,929,3,41,-1,,0,4,2,1013246063
gym-crucible-delay/T14,corridor-hold,3,Victory,7,0,6,184,78,830,2,21,-1,,0,5,2,1220070732
gym-crucible-delay/T14,corridor-hold,4,Defeat,3,0,3,96,24,1029,3,50,-1,,0,0,1,1363963995
gym-crucible-delay/T14,corridor-hold,5,Victory,7,0,6,192,62,904,3,25,-1,,0,4,2,1133285037
gym-crucible-delay/T14,corridor-hold,6,Victory,7,0,6,192,70,614,2,87,-1,,0,7,0,988072049
gym-crucible-delay/T14,corridor-hold,7,Victory,7,0,6,192,51,740,1,45,-1,,0,6,1,3367916673
gym-crucible-delay/T14,corridor-hold,8,Defeat,6,0,6,192,45,847,2,62,-1,,0,5,1,1619167145
gym-crucible-delay/T14,corridor-hold,9,Defeat,5,0,5,160,25,1103,3,20,-1,,0,4,2,1027943915
gym-crucible-delay/T14,corridor-hold,10,Victory,7,0,6,192,66,827,3,41,-1,,0,5,2,2761552800
gym-crucible-delay/T14,corridor-hold,11,Victory,7,0,6,192,73,739,2,54,-1,,0,5,1,280102576
gym-crucible-delay/T14,corridor-hold,12,Victory,7,0,6,192,79,699,2,45,-1,,0,4,0,1629477849
gym-crucible-delay/T14,corridor-hold,13,Defeat,4,0,4,128,41,979,3,43,-1,,0,2,1,3845193101
gym-crucible-delay/T14,corridor-hold,14,Defeat,3,0,3,96,30,1035,3,41,-1,,0,1,1,3397374153
gym-crucible-delay/T14,corridor-hold,15,Defeat,4,0,4,128,32,994,2,37,-1,,0,2,1,2263272612
gym-crucible-delay/T14,corridor-hold,16,Victory,7,0,6,192,73,756,1,37,-1,,0,5,0,3369347055
gym-crucible-delay/T14,corridor-hold,17,Victory,7,0,6,192,68,756,1,37,-1,,0,5,0,1128572666
gym-crucible-delay/T14,corridor-hold,18,Victory,7,0,6,192,76,686,2,45,-1,,0,4,0,1286446991
gym-crucible-delay/T14,corridor-hold,19,Defeat,6,0,6,184,50,826,2,47,-1,,0,4,0,2463565430
gym-crucible-delay/T14,corridor-hold,20,Victory,7,0,6,192,58,762,1,50,-1,,0,6,0,962357606
gym-crucible-delay/T14,corridor-hold,21,Defeat,3,0,3,96,27,1050,3,50,-1,,0,0,1,1327552899
gym-crucible-delay/T14,corridor-hold,22,Victory,7,0,6,192,59,746,1,37,-1,,0,4,0,1628602446
gym-crucible-delay/T14,corridor-hold,23,Defeat,4,0,4,128,41,1019,3,37,-1,,0,2,1,1539197752
gym-crucible-delay/T14,corridor-hold,24,Victory,7,0,6,192,71,691,2,50,-1,,0,4,0,4281810505
gym-crucible-delay/T14,corridor-hold,25,Defeat,6,0,6,192,49,955,3,41,-1,,0,4,2,3929919386
gym-crucible-delay/T14,corridor-hold,26,Defeat,6,0,6,192,54,683,3,66,-1,,0,6,1,901047302
gym-crucible-delay/T14,corridor-hold,27,Victory,7,0,6,184,67,890,3,26,-1,,0,5,2,444818296
gym-crucible-delay/T14,corridor-hold,28,Victory,7,0,6,184,57,714,1,39,-1,,0,4,0,462132096
gym-crucible-delay/T14,corridor-hold,29,Defeat,6,0,6,184,60,604,4,86,-1,,0,8,1,757877226
gym-crucible-delay/T14,corridor-hold,30,Defeat,4,0,4,128,47,1065,2,37,-1,,0,3,1,3022509963
gym-crucible-delay/T14,corridor-hold,31,Victory,7,0,6,192,48,768,2,41,-1,,0,7,2,1392409281
gym-crucible-delay/T14,corridor-hold,32,Victory,7,0,6,192,50,683,2,50,-1,,0,5,0,1526753886
gym-crucible-delay/T14,corridor-hold,33,Defeat,5,0,5,160,47,957,3,40,-1,,0,3,2,275270965
gym-crucible-delay/T14,corridor-hold,34,Defeat,6,0,6,184,61,874,3,39,-1,,0,5,2,2298782311
gym-crucible-delay/T14,corridor-hold,35,Defeat,4,0,4,128,41,909,3,43,-1,,0,2,1,3797757448
gym-crucible-delay/T14,corridor-hold,36,Defeat,5,0,5,160,43,849,4,40,-1,,0,4,2,2036158626
gym-crucible-delay/T14,corridor-hold,37,Victory,7,0,6,192,70,801,2,45,-1,,0,4,0,1527333963
gym-crucible-delay/T14,corridor-hold,38,Defeat,6,0,6,184,43,648,4,78,-1,,0,7,2,3838775257
gym-crucible-delay/T14,corridor-hold,39,Victory,7,0,6,192,81,686,2,50,-1,,0,5,1,1026046519
gym-crucible-delay/T14,corridor-hold,40,Defeat,6,0,6,192,52,951,2,37,-1,,0,5,2,2566115048
gym-crucible-delay/T14,corridor-hold,41,Defeat,6,0,6,184,51,701,4,56,-1,,0,6,2,1827436365
gym-crucible-delay/T14,corridor-hold,42,Victory,7,0,6,192,67,762,1,33,-1,,0,4,0,3814621012
gym-crucible-delay/T14,corridor-hold,43,Defeat,5,0,5,160,45,929,2,55,-1,,0,3,1,3875991646
gym-crucible-delay/T14,corridor-hold,44,Victory,7,0,6,192,71,769,1,37,-1,,0,5,0,3798255359
gym-crucible-delay/T14,corridor-hold,45,Victory,7,0,6,192,82,769,1,37,-1,,0,4,0,3798255359
gym-crucible-delay/T14,corridor-hold,46,Victory,7,0,6,192,60,585,1,58,-1,,0,7,0,1546607752
gym-crucible-delay/T14,corridor-hold,47,Victory,7,0,6,192,76,716,2,45,-1,,0,4,0,1952612638
gym-crucible-delay/T14,corridor-hold,48,Victory,7,0,6,192,65,847,3,41,-1,,0,5,2,1942451804
gym-crucible-delay/T14,corridor-hold,49,Victory,7,0,6,192,71,756,1,41,-1,,0,6,1,1173433670
gym-crucible-delay/T14,corridor-hold,50,Victory,7,0,6,192,77,769,1,37,-1,,0,4,0,3798255359
gym-crucible-delay/T15,control-hold,1,Defeat,6,0,6,184,57,859,3,69,-1,,0,5,1,3977245333
gym-crucible-delay/T15,control-hold,2,Victory,7,0,6,192,71,1017,2,54,-1,,0,4,0,2873733931
gym-crucible-delay/T15,control-hold,3,Victory,7,0,6,192,85,918,2,20,-1,,0,5,2,2417168075
gym-crucible-delay/T15,control-hold,4,Victory,7,0,6,184,66,875,3,43,-1,,0,4,2,4161186854
gym-crucible-delay/T15,control-hold,5,Victory,7,0,6,192,68,1019,3,41,-1,,0,5,2,3541245920
gym-crucible-delay/T15,control-hold,6,Victory,7,0,6,192,70,733,2,66,-1,,0,6,1,926078701
gym-crucible-delay/T15,control-hold,7,Victory,7,0,6,192,54,798,2,54,-1,,0,6,1,3476751902
gym-crucible-delay/T15,control-hold,8,Victory,7,0,6,192,61,859,2,45,-1,,0,4,0,2507260634
gym-crucible-delay/T15,control-hold,9,Victory,7,0,6,192,59,1054,3,20,-1,,0,6,2,2038636729
gym-crucible-delay/T15,control-hold,10,Defeat,3,0,3,96,29,1083,3,41,-1,,0,0,1,2746758636
gym-crucible-delay/T15,control-hold,11,Victory,7,0,6,192,90,811,2,45,-1,,0,4,0,1642433425
gym-crucible-delay/T15,control-hold,12,Victory,7,0,6,184,84,790,3,60,-1,,0,5,1,3289294285
gym-crucible-delay/T15,control-hold,13,Defeat,3,0,3,96,28,1099,3,33,-1,,0,0,1,893317180
gym-crucible-delay/T15,control-hold,14,Victory,7,0,6,176,67,603,3,54,-1,,0,7,0,4004843719
gym-crucible-delay/T15,control-hold,15,Victory,7,0,6,192,57,1014,4,66,-1,,0,6,1,3886943222
gym-crucible-delay/T15,control-hold,16,Victory,7,0,6,192,73,824,2,45,-1,,0,5,0,609403269
gym-crucible-delay/T15,control-hold,17,Victory,7,0,6,192,79,824,2,45,-1,,0,5,0,311086199
gym-crucible-delay/T15,control-hold,18,Defeat,4,0,4,128,48,1011,2,37,-1,,0,2,1,1114014605
gym-crucible-delay/T15,control-hold,19,Victory,7,0,6,184,52,671,2,52,-1,,0,6,2,3501397861
gym-crucible-delay/T15,control-hold,20,Victory,7,0,6,192,56,828,3,62,-1,,0,7,0,3369877642
gym-crucible-delay/T15,control-hold,21,Victory,7,0,6,192,59,876,3,87,-1,,0,6,0,4156655943
gym-crucible-delay/T15,control-hold,22,Defeat,6,0,6,192,25,987,3,58,-1,,0,6,2,2612018947
gym-crucible-delay/T15,control-hold,23,Defeat,3,0,3,96,30,1024,3,58,-1,,0,0,1,2674236046
gym-crucible-delay/T15,control-hold,24,Defeat,6,0,6,192,53,900,2,58,-1,,0,5,0,1974891189
gym-crucible-delay/T15,control-hold,25,Victory,7,0,6,192,62,822,2,45,-1,,0,4,0,2391888700
gym-crucible-delay/T15,control-hold,26,Victory,7,0,6,192,78,879,1,29,-1,,0,3,1,3573578744
gym-crucible-delay/T15,control-hold,27,Victory,7,0,6,192,74,1076,3,29,-1,,0,6,2,355173556
gym-crucible-delay/T15,control-hold,28,Defeat,6,0,6,176,59,832,3,68,-1,,0,5,0,2863130605
gym-crucible-delay/T15,control-hold,29,Victory,7,0,6,192,66,953,4,54,-1,,0,6,2,502407910
gym-crucible-delay/T15,control-hold,30,Victory,7,0,6,184,60,710,3,60,-1,,0,7,0,4178414745
gym-crucible-delay/T15,control-hold,31,Victory,7,0,6,192,68,784,2,45,-1,,0,5,0,949155908
gym-crucible-delay/T15,control-hold,32,Defeat,3,0,3,96,21,954,3,58,-1,,0,1,1,258422277
gym-crucible-delay/T15,control-hold,33,Victory,7,0,6,192,54,1018,1,91,-1,,0,7,0,2183989022
gym-crucible-delay/T15,control-hold,34,Defeat,6,0,6,192,55,928,3,33,-1,,0,5,2,1737942593
gym-crucible-delay/T15,control-hold,35,Victory,7,0,6,192,69,1007,2,37,-1,,0,4,1,2529359154
gym-crucible-delay/T15,control-hold,36,Victory,7,0,6,192,67,762,3,70,-1,,0,6,0,497317288
gym-crucible-delay/T15,control-hold,37,Victory,7,0,6,192,69,919,2,33,-1,,0,4,1,964997919
gym-crucible-delay/T15,control-hold,38,Victory,7,0,6,192,41,1012,3,58,-1,,0,7,1,93991960
gym-crucible-delay/T15,control-hold,39,Victory,7,0,6,192,71,824,2,45,-1,,0,4,0,1386324713
gym-crucible-delay/T15,control-hold,40,Victory,7,0,6,192,64,801,2,50,-1,,0,5,0,1445372899
gym-crucible-delay/T15,control-hold,41,Defeat,5,0,5,152,41,847,3,57,-1,,0,4,1,309088482
gym-crucible-delay/T15,control-hold,42,Victory,7,0,6,192,58,877,1,50,-1,,0,4,0,2050461038
gym-crucible-delay/T15,control-hold,43,Victory,7,0,6,184,55,747,2,69,-1,,0,6,0,2805399644
gym-crucible-delay/T15,control-hold,44,Victory,7,0,6,184,72,754,2,30,-1,,0,5,2,3505529643
gym-crucible-delay/T15,control-hold,45,Victory,7,0,6,192,85,824,2,45,-1,,0,4,0,3789652510
gym-crucible-delay/T15,control-hold,46,Victory,7,0,6,192,66,703,3,79,-1,,0,7,0,1561819351
gym-crucible-delay/T15,control-hold,47,Victory,7,0,6,184,67,728,2,47,-1,,0,6,0,195423470
gym-crucible-delay/T15,control-hold,48,Victory,7,0,6,192,64,1007,4,87,-1,,0,7,1,4262991618
gym-crucible-delay/T15,control-hold,49,Victory,7,0,6,192,59,865,1,37,-1,,0,5,0,3781048577
gym-crucible-delay/T15,control-hold,50,Victory,7,0,6,192,82,824,2,45,-1,,0,4,0,83410185
gym-crucible-delay/T15,corridor-hold,1,Defeat,4,0,4,128,44,979,3,50,-1,,0,2,1,3539389548
gym-crucible-delay/T15,corridor-hold,2,Defeat,6,0,6,192,70,1084,3,41,-1,,0,4,2,2841071700
gym-crucible-delay/T15,corridor-hold,3,Defeat,6,0,6,184,72,930,3,26,-1,,0,5,2,609417797
gym-crucible-delay/T15,corridor-hold,4,Defeat,6,0,6,184,57,877,3,43,-1,,0,4,2,2425102353
gym-crucible-delay/T15,corridor-hold,5,Victory,7,0,6,192,68,1019,3,41,-1,,0,5,2,3100013057
gym-crucible-delay/T15,corridor-hold,6,Victory,7,0,6,192,82,722,2,50,-1,,0,6,1,649896761
gym-crucible-delay/T15,corridor-hold,7,Victory,7,0,6,192,44,793,2,45,-1,,0,5,0,3251440692
gym-crucible-delay/T15,corridor-hold,8,Victory,7,0,6,192,57,842,2,45,-1,,0,4,0,4021690448
gym-crucible-delay/T15,corridor-hold,9,Victory,7,0,6,192,67,930,3,20,-1,,0,6,2,882598595
gym-crucible-delay/T15,corridor-hold,10,Defeat,3,0,3,96,29,1083,3,41,-1,,0,0,1,2746758636
gym-crucible-delay/T15,corridor-hold,11,Victory,7,0,6,192,85,788,3,58,-1,,0,5,1,1264585018
gym-crucible-delay/T15,corridor-hold,12,Victory,7,0,6,184,79,556,3,52,-1,,0,5,1,4241850086
gym-crucible-delay/T15,corridor-hold,13,Victory,7,0,6,192,60,691,3,58,-1,,0,5,1,2092676023
gym-crucible-delay/T15,corridor-hold,14,Defeat,6,0,6,176,70,746,3,45,-1,,0,7,1,4082362475
gym-crucible-delay/T15,corridor-hold,15,Defeat,4,0,4,128,38,993,3,50,-1,,0,2,1,3590649887
gym-crucible-delay/T15,corridor-hold,16,Defeat,6,0,6,192,62,899,2,50,-1,,0,6,1,3179740936
gym-crucible-delay/T15,corridor-hold,17,Victory,7,0,6,192,83,722,2,45,-1,,0,5,0,677987643
gym-crucible-delay/T15,corridor-hold,18,Victory,7,0,6,192,72,891,2,37,-1,,0,4,1,3220915517
gym-crucible-delay/T15,corridor-hold,19,Defeat,5,0,5,160,37,1053,3,30,-1,,0,3,2,2525256482
gym-crucible-delay/T15,corridor-hold,20,Victory,7,0,6,192,60,657,3,70,-1,,0,7,0,1079605766
gym-crucible-delay/T15,corridor-hold,21,Victory,7,0,6,192,66,1141,3,29,-1,,0,4,2,1994735853
gym-crucible-delay/T15,corridor-hold,22,Defeat,5,0,5,160,38,924,2,35,-1,,0,4,2,633121278
gym-crucible-delay/T15,corridor-hold,23,Defeat,3,0,3,96,30,1024,3,58,-1,,0,0,1,2674236046
gym-crucible-delay/T15,corridor-hold,24,Victory,7,0,6,192,60,686,2,50,-1,,0,4,0,4244565493
gym-crucible-delay/T15,corridor-hold,25,Victory,7,0,6,192,77,686,2,58,-1,,0,4,0,710088050
gym-crucible-delay/T15,corridor-hold,26,Victory,7,0,6,192,64,825,4,37,-1,,0,6,2,4286288513
gym-crucible-delay/T15,corridor-hold,27,Victory,7,0,6,192,74,1006,3,29,-1,,0,6,2,1230411804
gym-crucible-delay/T15,corridor-hold,28,Victory,7,0,6,184,63,784,2,47,-1,,0,4,0,1076627739
gym-crucible-delay/T15,corridor-hold,29,Defeat,4,0,4,128,40,1027,3,68,-1,,0,2,1,3089588307
gym-crucible-delay/T15,corridor-hold,30,Victory,7,0,6,184,57,710,3,60,-1,,0,7,0,664920041
gym-crucible-delay/T15,corridor-hold,31,Victory,7,0,6,192,67,699,1,33,-1,,0,5,0,3529757437
gym-crucible-delay/T15,corridor-hold,32,Defeat,3,0,3,96,21,954,3,58,-1,,0,1,1,258422277
gym-crucible-delay/T15,corridor-hold,33,Defeat,3,0,3,96,30,1024,3,66,-1,,0,0,1,1362779381
gym-crucible-delay/T15,corridor-hold,34,Defeat,6,0,6,192,55,928,3,33,-1,,0,5,2,3628379394
gym-crucible-delay/T15,corridor-hold,35,Defeat,4,0,4,128,43,957,3,43,-1,,0,2,1,36003613
gym-crucible-delay/T15,corridor-hold,36,Defeat,5,0,5,160,47,945,4,40,-1,,0,4,2,4279037792
gym-crucible-delay/T15,corridor-hold,37,Victory,7,0,6,192,75,801,2,45,-1,,0,4,0,341610475
gym-crucible-delay/T15,corridor-hold,38,Victory,7,0,6,192,50,1000,3,33,-1,,0,6,2,440821474
gym-crucible-delay/T15,corridor-hold,39,Victory,7,0,6,192,87,654,2,50,-1,,0,5,1,1544114708
gym-crucible-delay/T15,corridor-hold,40,Defeat,4,0,4,128,44,1029,2,37,-1,,0,3,1,177268892
gym-crucible-delay/T15,corridor-hold,41,Victory,7,0,6,176,49,608,2,63,-1,,0,6,0,4242543086
gym-crucible-delay/T15,corridor-hold,42,Victory,7,0,6,184,60,670,2,43,-1,,0,4,0,259069038
gym-crucible-delay/T15,corridor-hold,43,Victory,7,0,6,184,58,622,2,69,-1,,0,6,0,2381344436
gym-crucible-delay/T15,corridor-hold,44,Victory,7,0,6,184,72,754,2,30,-1,,0,5,2,3505529643
gym-crucible-delay/T15,corridor-hold,45,Victory,7,0,6,192,91,699,2,45,-1,,0,4,0,225256785
gym-crucible-delay/T15,corridor-hold,46,Victory,7,0,6,192,92,682,2,45,-1,,0,5,0,3261143542
gym-crucible-delay/T15,corridor-hold,47,Victory,7,0,6,184,77,569,3,60,-1,,0,6,0,1405240442
gym-crucible-delay/T15,corridor-hold,48,Victory,7,0,6,192,81,953,3,45,-1,,0,6,2,3413537231
gym-crucible-delay/T15,corridor-hold,49,Victory,7,0,6,192,78,699,2,45,-1,,0,5,0,3283553983
gym-crucible-delay/T15,corridor-hold,50,Victory,7,0,6,192,84,699,2,45,-1,,0,4,0,2044655823
gym-crucible-delay/T16,control-hold,1,Defeat,5,0,5,160,53,929,2,50,-1,,0,3,1,398572158
gym-crucible-delay/T16,control-hold,2,Defeat,6,0,6,192,67,929,3,41,-1,,0,4,2,521210719
gym-crucible-delay/T16,control-hold,3,Defeat,6,0,6,184,72,930,3,26,-1,,0,5,2,647137766
gym-crucible-delay/T16,control-hold,4,Defeat,6,0,6,184,57,877,3,43,-1,,0,4,2,724054018
gym-crucible-delay/T16,control-hold,5,Defeat,3,0,3,96,33,1083,3,50,-1,,0,0,1,2291607497
gym-crucible-delay/T16,control-hold,6,Victory,7,0,6,192,82,707,2,62,-1,,0,8,0,734949383
gym-crucible-delay/T16,control-hold,7,Victory,7,0,6,192,55,798,2,45,-1,,0,5,0,1001158791
gym-crucible-delay/T16,control-hold,8,Victory,7,0,6,192,57,824,2,45,-1,,0,4,0,1995171292
gym-crucible-delay/T16,control-hold,9,Victory,7,0,6,192,47,716,2,58,-1,,0,7,1,340264560
gym-crucible-delay/T16,control-hold,10,Victory,7,0,6,192,74,827,3,41,-1,,0,5,2,3623948343
gym-crucible-delay/T16,control-hold,11,Victory,7,0,6,192,90,811,2,45,-1,,0,4,0,2399074754
gym-crucible-delay/T16,control-hold,12,Victory,7,0,6,184,88,675,3,52,-1,,0,5,1,2669775377
gym-crucible-delay/T16,control-hold,13,Victory,7,0,6,192,48,822,3,33,-1,,0,5,2,3560570970
gym-crucible-delay/T16,control-hold,14,Victory,7,0,6,176,72,653,3,45,-1,,0,7,1,2151121583
gym-crucible-delay/T16,control-hold,15,Defeat,6,0,6,192,46,902,3,45,-1,,0,5,2,1582859366
gym-crucible-delay/T16,control-hold,16,Victory,7,0,6,192,73,824,2,45,-1,,0,5,0,1882324050
gym-crucible-delay/T16,control-hold,17,Victory,7,0,6,192,74,811,2,45,-1,,0,5,0,207609036
gym-crucible-delay/T16,control-hold,18,Defeat,4,0,4,128,48,1011,2,37,-1,,0,2,1,2655020678
gym-crucible-delay/T16,control-hold,19,Defeat,5,0,5,160,42,871,4,60,-1,,0,4,2,1392886798
gym-crucible-delay/T16,control-hold,20,Victory,7,0,6,192,61,520,3,75,-1,,0,7,0,424342215
gym-crucible-delay/T16,control-hold,21,Defeat,3,0,3,96,27,1050,3,50,-1,,0,0,1,2194253856
gym-crucible-delay/T16,control-hold,22,Victory,7,0,6,192,50,708,3,50,-1,,0,7,1,888495424
gym-crucible-delay/T16,control-hold,23,Defeat,3,0,3,96,27,1013,3,58,-1,,0,0,1,3734016623
gym-crucible-delay/T16,control-hold,24,Defeat,6,0,6,184,55,815,3,73,-1,,0,5,0,3694134678
gym-crucible-delay/T16,control-hold,25,Victory,7,0,6,192,58,758,4,54,-1,,0,6,2,1848238594
gym-crucible-delay/T16,control-hold,26,Victory,7,0,6,192,78,879,1,29,-1,,0,3,1,1115868475
gym-crucible-delay/T16,control-hold,27,Victory,7,0,6,184,77,876,3,21,-1,,0,6,2,2604719410
gym-crucible-delay/T16,control-hold,28,Defeat,6,0,6,176,60,742,3,72,-1,,0,5,0,828980893
gym-crucible-delay/T16,control-hold,29,Defeat,6,0,6,176,57,688,3,72,-1,,0,8,1,3110386692
gym-crucible-delay/T16,control-hold,30,Defeat,5,0,5,160,46,817,3,55,-1,,0,6,1,1942115419
gym-crucible-delay/T16,control-hold,31,Victory,7,0,6,192,53,814,2,29,-1,,0,4,1,1667320582
gym-crucible-delay/T16,control-hold,32,Defeat,3,0,3,96,18,943,3,58,-1,,0,1,1,2746758316
gym-crucible-delay/T16,control-hold,33,Defeat,3,0,3,96,27,1013,3,58,-1,,0,0,1,2113491822
gym-crucible-delay/T16,control-hold,34,Defeat,6,0,6,192,53,880,3,33,-1,,0,5,2,196934127
gym-crucible-delay/T16,control-hold,35,Defeat,6,0,6,192,57,981,2,37,-1,,0,4,1,356304342
gym-crucible-delay/T16,control-hold,36,Defeat,5,0,5,160,47,849,4,40,-1,,0,4,2,3027110843
gym-crucible-delay/T16,control-hold,37,Defeat,6,0,6,192,53,945,2,50,-1,,0,4,1,4231228419
gym-crucible-delay/T16,control-hold,38,Defeat,4,0,4,128,33,991,3,75,-1,,0,3,0,3875753960
gym-crucible-delay/T16,control-hold,39,Victory,7,0,6,192,69,868,2,50,-1,,0,4,0,329765556
gym-crucible-delay/T16,control-hold,40,Victory,7,0,6,192,62,808,2,50,-1,,0,5,0,4206262685
gym-crucible-delay/T16,control-hold,41,Defeat,3,0,3,96,25,1099,3,25,-1,,0,0,1,3180106649
gym-crucible-delay/T16,control-hold,42,Victory,7,0,6,192,63,812,2,33,-1,,0,5,1,4040864719
gym-crucible-delay/T16,control-hold,43,Victory,7,0,6,192,57,772,2,41,-1,,0,5,0,2575280022
gym-crucible-delay/T16,control-hold,44,Defeat,6,0,6,184,63,818,4,56,-1,,0,7,2,334896852
gym-crucible-delay/T16,control-hold,45,Victory,7,0,6,192,85,824,2,45,-1,,0,4,0,2223158575
gym-crucible-delay/T16,control-hold,46,Victory,7,0,6,192,71,828,2,54,-1,,0,5,0,905365417
gym-crucible-delay/T16,control-hold,47,Victory,7,0,6,184,67,728,2,47,-1,,0,6,0,130369853
gym-crucible-delay/T16,control-hold,48,Defeat,6,0,6,192,53,897,3,50,-1,,0,5,2,476092079
gym-crucible-delay/T16,control-hold,49,Victory,7,0,6,192,66,796,2,41,-1,,0,5,0,4291981808
gym-crucible-delay/T16,control-hold,50,Victory,7,0,6,192,74,824,2,45,-1,,0,4,0,4130799519
gym-crucible-delay/T16,corridor-hold,1,Defeat,5,0,5,160,53,929,2,50,-1,,0,3,1,398572158
gym-crucible-delay/T16,corridor-hold,2,Defeat,6,0,6,192,67,929,3,41,-1,,0,4,2,521210719
gym-crucible-delay/T16,corridor-hold,3,Defeat,6,0,6,184,72,930,3,26,-1,,0,5,2,647137766
gym-crucible-delay/T16,corridor-hold,4,Defeat,6,0,6,184,57,877,3,43,-1,,0,4,2,724054018
gym-crucible-delay/T16,corridor-hold,5,Defeat,3,0,3,96,33,1083,3,50,-1,,0,0,1,2291607497
gym-crucible-delay/T16,corridor-hold,6,Victory,7,0,6,192,74,670,2,58,-1,,0,7,0,1886991748
gym-crucible-delay/T16,corridor-hold,7,Victory,7,0,6,192,55,718,2,45,-1,,0,6,1,2111322732
gym-crucible-delay/T16,corridor-hold,8,Victory,7,0,6,192,53,807,2,45,-1,,0,4,0,569194054
gym-crucible-delay/T16,corridor-hold,9,Victory,7,0,6,192,47,716,2,58,-1,,0,7,1,340264560
gym-crucible-delay/T16,corridor-hold,10,Victory,7,0,6,192,74,827,3,41,-1,,0,5,2,3623948343
gym-crucible-delay/T16,corridor-hold,11,Victory,7,0,6,192,81,669,3,62,-1,,0,5,1,3255754301
gym-crucible-delay/T16,corridor-hold,12,Victory,7,0,6,184,76,556,3,52,-1,,0,5,1,2512537829
gym-crucible-delay/T16,corridor-hold,13,Victory,7,0,6,192,60,591,3,58,-1,,0,5,1,1909241831
gym-crucible-delay/T16,corridor-hold,14,Victory,7,0,6,176,75,610,3,50,-1,,0,7,1,3094751600
gym-crucible-delay/T16,corridor-hold,15,Defeat,5,0,5,160,38,992,3,40,-1,,0,3,2,2252040555
gym-crucible-delay/T16,corridor-hold,16,Victory,7,0,6,192,75,686,2,54,-1,,0,6,1,1500159800
gym-crucible-delay/T16,corridor-hold,17,Victory,7,0,6,192,83,722,2,45,-1,,0,5,0,2492752744
gym-crucible-delay/T16,corridor-hold,18,Defeat,5,0,5,160,53,941,2,55,-1,,0,3,1,1941140774
gym-crucible-delay/T16,corridor-hold,19,Defeat,6,0,6,184,46,694,3,56,-1,,0,5,1,4209365035
gym-crucible-delay/T16,corridor-hold,20,Defeat,4,0,4,128,38,959,3,75,-1,,0,3,0,3766732910
gym-crucible-delay/T16,corridor-hold,21,Defeat,3,0,3,96,27,1050,3,50,-1,,0,0,1,2194253856
gym-crucible-delay/T16,corridor-hold,22,Defeat,4,0,4,128,33,1006,3,56,-1,,0,3,0,2164959446
gym-crucible-delay/T16,corridor-hold,23,Defeat,3,0,3,96,27,1013,3,58,-1,,0,0,1,3734016623
gym-crucible-delay/T16,corridor-hold,24,Victory,7,0,6,192,69,686,2,50,-1,,0,4,0,2951012362
gym-crucible-delay/T16,corridor-hold,25,Defeat,6,0,6,192,55,955,3,41,-1,,0,4,2,1570061866
gym-crucible-delay/T16,corridor-hold,26,Victory,7,0,6,192,64,633,4,37,-1,,0,6,2,31726417
gym-crucible-delay/T16,corridor-hold,27,Victory,7,0,6,184,77,876,3,21,-1,,0,6,2,2604719410
gym-crucible-delay/T16,corridor-hold,28,Victory,7,0,6,184,63,634,2,47,-1,,0,4,0,1608680349
gym-crucible-delay/T16,corridor-hold,29,Victory,7,0,6,176,61,513,3,68,-1,,0,8,1,2677222452
gym-crucible-delay/T16,corridor-hold,30,Victory,7,0,6,184,67,642,3,60,-1,,0,7,0,3707808953
gym-crucible-delay/T16,corridor-hold,31,Defeat,4,0,4,128,32,909,3,50,-1,,0,3,1,2977834689
gym-crucible-delay/T16,corridor-hold,32,Defeat,3,0,3,96,18,943,3,58,-1,,0,1,1,2746758316
gym-crucible-delay/T16,corridor-hold,33,Defeat,3,0,3,96,27,1013,3,58,-1,,0,0,1,2113491822
gym-crucible-delay/T16,corridor-hold,34,Defeat,6,0,6,192,53,880,3,33,-1,,0,5,2,196934127
gym-crucible-delay/T16,corridor-hold,35,Defeat,4,0,4,128,43,909,3,43,-1,,0,2,1,1179547718
gym-crucible-delay/T16,corridor-hold,36,Defeat,5,0,5,160,47,849,4,40,-1,,0,4,2,3027110843
gym-crucible-delay/T16,corridor-hold,37,Victory,7,0,6,192,78,801,2,45,-1,,0,4,0,943285846
gym-crucible-delay/T16,corridor-hold,38,Defeat,4,0,4,128,30,896,3,68,-1,,0,3,0,1916504553
gym-crucible-delay/T16,corridor-hold,39,Victory,7,0,6,192,87,654,2,50,-1,,0,5,1,4042842919
gym-crucible-delay/T16,corridor-hold,40,Defeat,4,0,4,128,44,1029,2,37,-1,,0,3,1,2033967079
gym-crucible-delay/T16,corridor-hold,41,Defeat,3,0,3,96,25,1099,3,25,-1,,0,0,1,3180106649
gym-crucible-delay/T16,corridor-hold,42,Victory,7,0,6,192,68,748,1,33,-1,,0,4,0,1542877790
gym-crucible-delay/T16,corridor-hold,43,Victory,7,0,6,192,69,626,2,62,-1,,0,6,0,167079637
gym-crucible-delay/T16,corridor-hold,44,Defeat,6,0,6,184,56,782,3,47,-1,,0,7,2,1125541961
gym-crucible-delay/T16,corridor-hold,45,Victory,7,0,6,192,91,699,2,45,-1,,0,4,0,2483761146
gym-crucible-delay/T16,corridor-hold,46,Victory,7,0,6,192,69,622,2,79,-1,,0,7,0,130722088
gym-crucible-delay/T16,corridor-hold,47,Victory,7,0,6,184,74,556,3,60,-1,,0,6,0,2099222435
gym-crucible-delay/T16,corridor-hold,48,Defeat,6,0,6,192,53,897,3,50,-1,,0,5,2,476092079
gym-crucible-delay/T16,corridor-hold,49,Victory,7,0,6,192,75,699,2,45,-1,,0,5,0,2017887084
gym-crucible-delay/T16,corridor-hold,50,Victory,7,0,6,192,82,699,2,45,-1,,0,4,0,2022452348
gym-crucible-defend/T01,control-hold,1,Victory,7,0,6,192,78,840,2,95,-1,,1,5,0,2049819880
gym-crucible-defend/T01,control-hold,2,Victory,7,0,6,192,77,1043,3,91,-1,,1,5,1,2876494499
gym-crucible-defend/T01,control-hold,3,Victory,7,0,6,192,46,1003,2,108,-1,,1,7,0,2486333129
gym-crucible-defend/T01,control-hold,4,Victory,7,0,6,192,45,924,2,129,-1,,1,7,0,1400750272
gym-crucible-defend/T01,control-hold,5,Victory,7,0,6,192,79,867,1,54,-1,,1,4,0,3564443358
gym-crucible-defend/T01,control-hold,6,Victory,7,0,6,192,67,948,1,37,-1,,1,3,0,4234004362
gym-crucible-defend/T01,control-hold,7,Victory,7,0,6,192,53,950,3,83,-1,,1,6,0,2276240999
gym-crucible-defend/T01,control-hold,8,Victory,7,0,6,192,73,892,1,41,-1,,1,3,0,4093401877
gym-crucible-defend/T01,control-hold,9,Victory,7,0,6,192,63,798,2,91,-1,,1,5,0,3407869691
gym-crucible-defend/T01,control-hold,10,Victory,7,0,6,192,42,965,2,112,-1,,1,7,0,3253848620
gym-crucible-defend/T01,control-hold,11,Victory,7,0,6,192,91,973,3,95,-1,,1,5,1,3453473753
gym-crucible-defend/T01,control-hold,12,Victory,7,0,6,192,82,978,2,79,-1,,1,5,0,3036883977
gym-crucible-defend/T01,control-hold,13,Victory,7,0,6,168,50,685,3,119,-1,,1,7,0,1796890916
gym-crucible-defend/T01,control-hold,14,Victory,7,0,6,192,70,916,3,145,-1,,1,8,0,1576514825
gym-crucible-defend/T01,control-hold,15,Victory,7,0,6,192,70,880,1,58,-1,,1,4,0,838133423
gym-crucible-defend/T01,control-hold,16,Victory,7,0,6,192,72,969,2,91,-1,,1,5,0,2846257686
gym-crucible-defend/T01,control-hold,17,Victory,7,0,6,192,51,878,2,87,-1,,1,5,0,3472139343
gym-crucible-defend/T01,control-hold,18,Victory,7,0,6,192,70,1003,2,79,-1,,1,4,0,3317662208
gym-crucible-defend/T01,control-hold,19,Victory,7,0,6,192,66,1032,2,91,-1,,1,5,0,2662095284
gym-crucible-defend/T01,control-hold,20,Victory,7,0,6,192,61,787,2,79,-1,,1,5,0,1665391688
gym-crucible-defend/T01,control-hold,21,Victory,7,0,6,192,58,931,3,133,-1,,1,7,0,1221131661
gym-crucible-defend/T01,control-hold,22,Victory,7,0,6,192,61,910,2,91,-1,,1,7,0,3734251626
gym-crucible-defend/T01,control-hold,23,Victory,7,0,6,192,68,931,2,79,-1,,1,4,0,2546739435
gym-crucible-defend/T01,control-hold,24,Victory,7,0,6,192,74,860,3,125,-1,,1,6,0,2099280032
gym-crucible-defend/T01,control-hold,25,Defeat,2,0,2,64,15,1125,1,50,-1,,1,1,0,1141467289
gym-crucible-defend/T01,control-hold,26,Victory,7,0,6,168,57,778,3,100,-1,,1,7,0,574542583
gym-crucible-defend/T01,control-hold,27,Defeat,6,0,6,168,51,899,4,104,-1,,1,7,0,1472450040
gym-crucible-defend/T01,control-hold,28,Defeat,3,0,3,96,20,1113,2,58,-1,,1,2,1,588779522
gym-crucible-defend/T01,control-hold,29,Defeat,3,0,3,96,22,1047,2,58,-1,,1,2,1,3028400943
gym-crucible-defend/T01,control-hold,30,Victory,7,0,6,192,63,1009,4,137,-1,,1,8,0,693839612
gym-crucible-defend/T01,control-hold,31,Victory,7,0,6,192,65,842,2,100,-1,,1,6,0,955343573
gym-crucible-defend/T01,control-hold,32,Victory,7,0,6,192,59,796,2,91,-1,,1,6,1,1507620986
gym-crucible-defend/T01,control-hold,33,Victory,7,0,6,168,53,873,2,80,-1,,1,5,0,2524096722
gym-crucible-defend/T01,control-hold,34,Victory,7,0,6,192,53,967,2,83,-1,,1,5,0,4200390456
gym-crucible-defend/T01,control-hold,35,Victory,7,0,6,192,54,994,3,129,-1,,1,7,0,727018446
gym-crucible-defend/T01,control-hold,36,Defeat,3,0,3,96,26,1120,2,75,-1,,1,2,1,1689646284
gym-crucible-defend/T01,control-hold,37,Victory,7,0,6,192,67,1031,2,91,-1,,1,5,0,3254283266
gym-crucible-defend/T01,control-hold,38,Victory,7,0,6,192,49,863,2,66,-1,,1,4,0,3570604421
gym-crucible-defend/T01,control-hold,39,Victory,7,0,6,192,76,855,2,62,-1,,1,4,0,942793915
gym-crucible-defend/T01,control-hold,40,Victory,7,0,6,192,73,881,2,91,-1,,1,5,0,223969776
gym-crucible-defend/T01,control-hold,41,Victory,7,0,6,192,47,954,2,125,-1,,1,8,0,2224013869
gym-crucible-defend/T01,control-hold,42,Victory,7,0,6,192,73,987,2,83,-1,,1,4,0,4193934730
gym-crucible-defend/T01,control-hold,43,Victory,7,0,6,192,70,956,1,66,-1,,1,4,0,2577614329
gym-crucible-defend/T01,control-hold,44,Victory,7,0,6,192,54,807,2,100,-1,,1,6,0,2376585628
gym-crucible-defend/T01,control-hold,45,Victory,7,0,6,184,64,803,2,100,-1,,1,6,0,2187760970
gym-crucible-defend/T01,control-hold,46,Victory,7,0,6,192,72,912,3,104,-1,,1,6,0,3069826486
gym-crucible-defend/T01,control-hold,47,Victory,7,0,6,192,81,861,2,75,-1,,1,4,0,2824690245
gym-crucible-defend/T01,control-hold,48,Victory,7,0,6,184,67,797,3,91,-1,,1,5,0,3701197514
gym-crucible-defend/T01,control-hold,49,Victory,7,0,6,192,79,947,3,91,-1,,1,5,1,3380424658
gym-crucible-defend/T01,control-hold,50,Victory,7,0,6,184,86,750,3,104,-1,,1,6,1,2669944107
gym-crucible-defend/T01,corridor-hold,1,Victory,7,0,6,192,78,840,2,95,-1,,1,5,0,2049819880
gym-crucible-defend/T01,corridor-hold,2,Victory,7,0,6,192,86,979,3,91,-1,,1,5,1,1809690266
gym-crucible-defend/T01,corridor-hold,3,Victory,7,0,6,192,57,963,2,108,-1,,1,7,0,430362481
gym-crucible-defend/T01,corridor-hold,4,Victory,7,0,6,192,49,890,1,108,-1,,1,7,0,3967002043
gym-crucible-defend/T01,corridor-hold,5,Victory,7,0,6,192,82,867,1,54,-1,,1,4,0,1283828345
gym-crucible-defend/T01,corridor-hold,6,Victory,7,0,6,192,70,926,1,37,-1,,1,3,0,3683668908
gym-crucible-defend/T01,corridor-hold,7,Victory,7,0,6,192,57,936,3,100,-1,,1,6,0,2846133066
gym-crucible-defend/T01,corridor-hold,8,Victory,7,0,6,192,77,892,1,41,-1,,1,3,0,190341256
gym-crucible-defend/T01,corridor-hold,9,Victory,7,0,6,184,54,862,1,69,-1,,1,5,0,2252896968
gym-crucible-defend/T01,corridor-hold,10,Victory,7,0,6,192,44,944,2,95,-1,,1,6,0,2908363212
gym-crucible-defend/T01,corridor-hold,11,Victory,7,0,6,192,97,947,3,95,-1,,1,5,1,1273029017
gym-crucible-defend/T01,corridor-hold,12,Victory,7,0,6,192,85,904,3,108,-1,,1,5,0,3602054041
gym-crucible-defend/T01,corridor-hold,13,Victory,7,0,6,168,48,763,2,90,-1,,1,5,0,186857835
gym-crucible-defend/T01,corridor-hold,14,Victory,7,0,6,192,58,845,2,112,-1,,1,7,0,2948006601
gym-crucible-defend/T01,corridor-hold,15,Victory,7,0,6,192,70,880,1,58,-1,,1,4,0,838133423
gym-crucible-defend/T01,corridor-hold,16,Defeat,6,0,6,192,65,800,2,95,-1,,1,5,0,2172328826
gym-crucible-defend/T01,corridor-hold,17,Victory,7,0,6,192,63,907,3,133,-1,,1,7,0,2937477413
gym-crucible-defend/T01,corridor-hold,18,Victory,7,0,6,192,77,897,2,79,-1,,1,4,0,1869392385
gym-crucible-defend/T01,corridor-hold,19,Defeat,3,0,3,96,25,1111,2,66,-1,,1,2,1,3849054621
gym-crucible-defend/T01,corridor-hold,20,Victory,7,0,6,192,61,787,2,79,-1,,1,5,0,1665391688
gym-crucible-defend/T01,corridor-hold,21,Victory,7,0,6,192,67,889,2,125,-1,,1,7,0,387747728
gym-crucible-defend/T01,corridor-hold,22,Victory,7,0,6,192,63,832,2,91,-1,,1,7,0,1815107096
gym-crucible-defend/T01,corridor-hold,23,Victory,7,0,6,192,68,899,2,79,-1,,1,4,0,1871890125
gym-crucible-defend/T01,corridor-hold,24,Victory,7,0,6,192,82,645,2,100,-1,,1,6,0,2534681188
gym-crucible-defend/T01,corridor-hold,25,Victory,7,0,6,192,62,971,2,91,-1,,1,5,0,1475157184
gym-crucible-defend/T01,corridor-hold,26,Victory,7,0,6,168,56,681,3,109,-1,,1,7,0,1529283520
gym-crucible-defend/T01,corridor-hold,27,Defeat,6,0,6,168,55,891,4,109,-1,,1,7,0,3294387734
gym-crucible-defend/T01,corridor-hold,28,Defeat,3,0,3,96,20,1113,2,58,-1,,1,2,1,588779522
gym-crucible-defend/T01,corridor-hold,29,Victory,7,0,6,168,50,625,2,85,-1,,1,5,0,505034271
gym-crucible-defend/T01,corridor-hold,30,Victory,7,0,6,192,67,922,3,129,-1,,1,8,1,3215468434
gym-crucible-defend/T01,corridor-hold,31,Victory,7,0,6,192,67,824,2,79,-1,,1,6,0,4139992929
gym-crucible-defend/T01,corridor-hold,32,Victory,7,0,6,192,49,846,2,112,-1,,1,7,0,3610832282
gym-crucible-defend/T01,corridor-hold,33,Victory,7,0,6,168,55,873,2,80,-1,,1,5,0,1533881511
gym-crucible-defend/T01,corridor-hold,34,Victory,7,0,6,192,53,967,2,83,-1,,1,5,0,1408264306
gym-crucible-defend/T01,corridor-hold,35,Victory,7,0,6,192,60,952,3,125,-1,,1,7,1,4003086832
gym-crucible-defend/T01,corridor-hold,36,Victory,7,0,6,192,70,870,2,83,-1,,1,5,0,3778072112
gym-crucible-defend/T01,corridor-hold,37,Victory,7,0,6,192,64,910,2,100,-1,,1,5,0,896090258
gym-crucible-defend/T01,corridor-hold,38,Victory,7,0,6,184,51,806,2,100,-1,,1,7,0,1153785889
gym-crucible-defend/T01,corridor-hold,39,Victory,7,0,6,192,79,770,2,79,-1,,1,4,0,4164907693
gym-crucible-defend/T01,corridor-hold,40,Victory,7,0,6,192,73,861,1,79,-1,,1,5,0,1446753997
gym-crucible-defend/T01,corridor-hold,41,Victory,7,0,6,192,51,826,2,112,-1,,1,7,0,3198461690
gym-crucible-defend/T01,corridor-hold,42,Victory,7,0,6,192,76,950,2,83,-1,,1,4,0,3536388999
gym-crucible-defend/T01,corridor-hold,43,Victory,7,0,6,192,73,956,1,66,-1,,1,4,0,1244743981
gym-crucible-defend/T01,corridor-hold,44,Victory,7,0,6,192,54,807,2,100,-1,,1,6,0,2376585628
gym-crucible-defend/T01,corridor-hold,45,Victory,7,0,6,192,69,760,1,87,-1,,1,6,0,1818882796
gym-crucible-defend/T01,corridor-hold,46,Victory,7,0,6,192,73,903,1,87,-1,,1,6,0,914681466
gym-crucible-defend/T01,corridor-hold,47,Defeat,6,0,6,192,74,1003,2,75,-1,,1,4,0,1347189560
gym-crucible-defend/T01,corridor-hold,48,Victory,7,0,6,184,70,713,3,95,-1,,1,5,0,4232573729
gym-crucible-defend/T01,corridor-hold,49,Victory,7,0,6,192,86,913,3,95,-1,,1,5,1,3603788696
gym-crucible-defend/T01,corridor-hold,50,Defeat,5,0,5,152,50,950,3,100,-1,,1,5,1,3654098435
gym-crucible-defend/T02,control-hold,1,Victory,7,0,6,192,55,795,2,79,-1,,1,4,0,3550033575
gym-crucible-defend/T02,control-hold,2,Victory,7,0,6,192,84,949,3,95,-1,,1,5,1,1449169222
gym-crucible-defend/T02,control-hold,3,Defeat,3,0,3,96,17,1050,2,66,-1,,1,2,1,464417171
gym-crucible-defend/T02,control-hold,4,Victory,7,0,6,192,57,790,2,95,-1,,1,6,0,4043327789
gym-crucible-defend/T02,control-hold,5,Victory,7,0,6,192,67,831,2,66,-1,,1,4,0,3664456291
gym-crucible-defend/T02,control-hold,6,Victory,7,0,6,184,61,791,2,30,-1,,1,3,0,3963232792
gym-crucible-defend/T02,control-hold,7,Victory,7,0,6,176,55,625,2,113,-1,,1,6,0,2632655280
gym-crucible-defend/T02,control-hold,8,Victory,7,0,6,192,55,884,2,62,-1,,1,4,0,229646747
gym-crucible-defend/T02,control-hold,9,Victory,7,0,6,168,53,595,2,133,-1,,1,8,0,744377760
gym-crucible-defend/T02,control-hold,10,Victory,7,0,6,192,41,754,2,95,-1,,1,6,0,3813699710
gym-crucible-defend/T02,control-hold,11,Victory,7,0,6,192,91,839,3,95,-1,,1,5,1,2200088878
gym-crucible-defend/T02,control-hold,12,Victory,7,0,6,192,80,850,3,108,-1,,1,5,0,3416547940
gym-crucible-defend/T02,control-hold,13,Victory,7,0,6,184,56,655,2,108,-1,,1,7,0,1598168405
gym-crucible-defend/T02,control-hold,14,Victory,7,0,6,192,67,948,2,79,-1,,1,4,0,2725808551
gym-crucible-defend/T02,control-hold,15,Victory,7,0,6,192,64,889,1,62,-1,,1,4,0,3012926536
gym-crucible-defend/T02,control-hold,16,Defeat,6,0,6,192,59,854,2,87,-1,,1,5,0,1534022629
gym-crucible-defend/T02,control-hold,17,Victory,7,0,6,192,55,853,2,83,-1,,1,5,0,1740852176
gym-crucible-defend/T02,control-hold,18,Victory,7,0,6,192,68,839,2,79,-1,,1,4,0,4270891608
gym-crucible-defend/T02,control-hold,19,Defeat,2,0,2,64,17,1125,1,62,-1,,1,1,0,3720524457
gym-crucible-defend/T02,control-hold,20,Victory,7,0,6,192,56,814,1,70,-1,,1,5,0,890498293
gym-crucible-defend/T02,control-hold,21,Victory,7,0,6,184,44,738,1,73,-1,,1,5,0,4073902952
gym-crucible-defend/T02,control-hold,22,Victory,7,0,6,192,59,765,2,79,-1,,1,7,0,2659665454
gym-crucible-defend/T02,control-hold,23,Defeat,6,0,6,184,63,650,4,139,-1,,1,8,0,2071370949
gym-crucible-defend/T02,control-hold,24,Victory,7,0,6,192,67,813,2,87,-1,,1,5,0,2327662412
gym-crucible-defend/T02,control-hold,25,Victory,7,0,6,192,69,836,1,79,-1,,1,5,0,2393064480
gym-crucible-defend/T02,control-hold,26,Victory,7,0,6,168,60,714,3,100,-1,,1,7,0,3079154650
gym-crucible-defend/T02,control-hold,27,Defeat,6,0,6,152,46,713,4,126,-1,,1,8,0,426823409
gym-crucible-defend/T02,control-hold,28,Defeat,3,0,3,96,17,1050,2,58,-1,,1,2,1,326416105
gym-crucible-defend/T02,control-hold,29,Defeat,3,0,3,96,22,1047,2,58,-1,,1,2,1,1783821444
gym-crucible-defend/T02,control-hold,30,Victory,7,0,6,192,54,722,2,95,-1,,1,6,0,3697415842
gym-crucible-defend/T02,control-hold,31,Victory,7,0,6,184,57,780,1,65,-1,,1,5,0,2832085396
gym-crucible-defend/T02,control-hold,32,Victory,7,0,6,192,64,805,2,91,-1,,1,6,1,3143760102
gym-crucible-defend/T02,control-hold,33,Victory,7,0,6,168,41,816,1,71,-1,,1,5,0,1631273111
gym-crucible-defend/T02,control-hold,34,Victory,7,0,6,192,57,878,1,58,-1,,1,4,0,3210590672
gym-crucible-defend/T02,control-hold,35,Victory,7,0,6,192,68,833,2,87,-1,,1,5,0,2671655596
gym-crucible-defend/T02,control-hold,36,Defeat,3,0,3,96,26,1070,2,75,-1,,1,2,1,2284234787
gym-crucible-defend/T02,control-hold,37,Victory,7,0,6,192,74,918,3,95,-1,,1,5,1,2235031241
gym-crucible-defend/T02,control-hold,38,Victory,7,0,6,192,48,851,2,75,-1,,1,4,0,3433199442
gym-crucible-defend/T02,control-hold,39,Victory,7,0,6,192,72,790,2,75,-1,,1,4,0,2545928524
gym-crucible-defend/T02,control-hold,40,Victory,7,0,6,192,75,930,1,66,-1,,1,5,0,342609375
gym-crucible-defend/T02,control-hold,41,Victory,7,0,6,192,57,815,2,91,-1,,1,5,0,2915647070
gym-crucible-defend/T02,control-hold,42,Victory,7,0,6,192,64,717,2,95,-1,,1,5,0,4182942674
gym-crucible-defend/T02,control-hold,43,Victory,7,0,6,192,67,943,1,66,-1,,1,4,0,2549654945
gym-crucible-defend/T02,control-hold,44,Victory,7,0,6,184,58,854,3,100,-1,,1,6,1,3173292922
gym-crucible-defend/T02,control-hold,45,Victory,7,0,6,184,70,735,2,104,-1,,1,6,0,3042147561
gym-crucible-defend/T02,control-hold,46,Victory,7,0,6,192,67,697,2,87,-1,,1,5,0,1179106179
gym-crucible-defend/T02,control-hold,47,Victory,7,0,6,192,84,739,2,75,-1,,1,4,0,4121872767
gym-crucible-defend/T02,control-hold,48,Victory,7,0,6,184,70,725,3,91,-1,,1,5,0,3734976453
gym-crucible-defend/T02,control-hold,49,Victory,7,0,6,192,78,839,3,95,-1,,1,5,1,2463010665
gym-crucible-defend/T02,control-hold,50,Victory,7,0,6,184,84,750,3,104,-1,,1,6,1,2161203040
gym-crucible-defend/T02,corridor-hold,1,Victory,7,0,6,192,55,795,2,75,-1,,1,4,0,1339490143
gym-crucible-defend/T02,corridor-hold,2,Victory,7,0,6,192,83,935,3,91,-1,,1,5,1,1695284870
gym-crucible-defend/T02,corridor-hold,3,Defeat,3,0,3,96,17,1050,2,66,-1,,1,2,1,464417171
gym-crucible-defend/T02,corridor-hold,4,Victory,7,0,6,192,57,790,2,95,-1,,1,6,0,4043327789
gym-crucible-defend/T02,corridor-hold,5,Victory,7,0,6,192,67,766,2,66,-1,,1,4,0,53637790
gym-crucible-defend/T02,corridor-hold,6,Victory,7,0,6,184,61,791,2,30,-1,,1,3,0,3963232792
gym-crucible-defend/T02,corridor-hold,7,Victory,7,0,6,176,55,625,2,113,-1,,1,6,0,2632655280
gym-crucible-defend/T02,corridor-hold,8,Victory,7,0,6,192,55,884,2,62,-1,,1,4,0,229646747
gym-crucible-defend/T02,corridor-hold,9,Victory,7,0,6,192,63,890,2,87,-1,,1,5,0,4193774379
gym-crucible-defend/T02,corridor-hold,10,Victory,7,0,6,192,41,722,2,95,-1,,1,6,0,892708763
gym-crucible-defend/T02,corridor-hold,11,Victory,7,0,6,192,94,839,3,95,-1,,1,5,1,436299002
gym-crucible-defend/T02,corridor-hold,12,Victory,7,0,6,192,84,822,2,83,-1,,1,5,0,3890584143
gym-crucible-defend/T02,corridor-hold,13,Victory,7,0,6,192,63,849,1,75,-1,,1,5,0,2712915827
gym-crucible-defend/T02,corridor-hold,14,Victory,7,0,6,192,66,912,2,79,-1,,1,4,0,4109177418
gym-crucible-defend/T02,corridor-hold,15,Victory,7,0,6,192,62,754,2,75,-1,,1,4,0,3737417409
gym-crucible-defend/T02,corridor-hold,16,Defeat,6,0,6,192,62,789,2,95,-1,,1,5,0,1402561003
gym-crucible-defend/T02,corridor-hold,17,Victory,7,0,6,192,63,709,3,133,-1,,1,7,0,3904203727
gym-crucible-defend/T02,corridor-hold,18,Victory,7,0,6,192,75,882,2,79,-1,,1,4,0,2072480070
gym-crucible-defend/T02,corridor-hold,19,Defeat,2,0,2,64,17,1125,1,62,-1,,1,1,0,1578655654
gym-crucible-defend/T02,corridor-hold,20,Victory,7,0,6,192,56,814,1,70,-1,,1,5,0,890498293
gym-crucible-defend/T02,corridor-hold,21,Victory,7,0,6,184,44,738,1,73,-1,,1,5,0,4073902952
gym-crucible-defend/T02,corridor-hold,22,Victory,7,0,6,192,59,674,2,79,-1,,1,7,0,2593098004
gym-crucible-defend/T02,corridor-hold,23,Defeat,6,0,6,184,63,650,4,139,-1,,1,8,0,3821414683
gym-crucible-defend/T02,corridor-hold,24,Victory,7,0,6,192,67,833,2,87,-1,,1,5,0,3748150570
gym-crucible-defend/T02,corridor-hold,25,Victory,7,0,6,192,69,890,1,79,-1,,1,5,0,3911036294
gym-crucible-defend/T02,corridor-hold,26,Victory,7,0,6,168,56,619,3,109,-1,,1,7,0,2486728497
gym-crucible-defend/T02,corridor-hold,27,Victory,7,0,6,168,49,520,3,100,-1,,1,7,0,3287339553
gym-crucible-defend/T02,corridor-hold,28,Defeat,3,0,3,96,17,1050,2,58,-1,,1,2,1,326416105
gym-crucible-defend/T02,corridor-hold,29,Victory,7,0,6,176,48,610,2,81,-1,,1,5,0,3262147026
gym-crucible-defend/T02,corridor-hold,30,Victory,7,0,6,192,79,840,1,79,-1,,1,5,0,3654949914
gym-crucible-defend/T02,corridor-hold,31,Victory,7,0,6,184,60,720,2,73,-1,,1,5,0,2831004966
gym-crucible-defend/T02,corridor-hold,32,Victory,7,0,6,192,43,711,2,100,-1,,1,7,0,4000833996
gym-crucible-defend/T02,corridor-hold,33,Victory,7,0,6,168,41,816,1,71,-1,,1,5,0,1631273111
gym-crucible-defend/T02,corridor-hold,34,Victory,7,0,6,192,57,878,1,58,-1,,1,4,0,3210590672
gym-crucible-defend/T02,corridor-hold,35,Victory,7,0,6,192,68,833,2,87,-1,,1,5,0,2671655596
gym-crucible-defend/T02,corridor-hold,36,Victory,7,0,6,192,67,761,2,83,-1,,1,5,0,4231169079
gym-crucible-defend/T02,corridor-hold,37,Victory,7,0,6,192,78,830,2,91,-1,,1,5,1,3390473346
gym-crucible-defend/T02,corridor-hold,38,Defeat,6,0,6,184,45,745,2,100,-1,,1,7,0,1582959350
gym-crucible-defend/T02,corridor-hold,39,Victory,7,0,6,192,68,700,2,70,-1,,1,4,0,3462727406
gym-crucible-defend/T02,corridor-hold,40,Victory,7,0,6,192,79,900,2,83,-1,,1,5,0,2555742580
gym-crucible-defend/T02,corridor-hold,41,Victory,7,0,6,192,57,815,2,91,-1,,1,5,0,2915647070
gym-crucible-defend/T02,corridor-hold,42,Victory,7,0,6,192,64,717,2,95,-1,,1,5,0,4182942674
gym-crucible-defend/T02,corridor-hold,43,Victory,7,0,6,192,70,943,1,66,-1,,1,4,0,1565462229
gym-crucible-defend/T02,corridor-hold,44,Victory,7,0,6,192,48,837,2,100,-1,,1,6,0,82046623
gym-crucible-defend/T02,corridor-hold,45,Victory,7,0,6,192,68,731,2,104,-1,,1,6,0,3122250807
gym-crucible-defend/T02,corridor-hold,46,Victory,7,0,6,192,75,890,1,75,-1,,1,5,0,2502922854
gym-crucible-defend/T02,corridor-hold,47,Victory,7,0,6,192,79,730,2,75,-1,,1,4,0,131807625
gym-crucible-defend/T02,corridor-hold,48,Victory,7,0,6,184,65,700,3,95,-1,,1,5,0,3916235960
gym-crucible-defend/T02,corridor-hold,49,Victory,7,0,6,192,83,839,3,95,-1,,1,5,1,436299002
gym-crucible-defend/T02,corridor-hold,50,Defeat,5,0,5,152,49,920,3,94,-1,,1,5,1,2249284909
gym-crucible-defend/T03,control-hold,1,Victory,7,0,6,176,62,824,2,118,-1,,1,7,0,2441187883
gym-crucible-defend/T03,control-hold,2,Victory,7,0,6,192,91,918,3,108,-1,,1,6,1,1322687685
gym-crucible-defend/T03,control-hold,3,Victory,7,0,6,192,65,949,3,120,-1,,1,7,0,1085598358
gym-crucible-defend/T03,control-hold,4,Victory,7,0,6,192,47,781,2,125,-1,,1,7,0,4056222099
gym-crucible-defend/T03,control-hold,5,Victory,7,0,6,192,71,870,3,116,-1,,1,6,0,285991125
gym-crucible-defend/T03,control-hold,6,Victory,7,0,6,192,56,898,3,95,-1,,1,5,0,3792128467
gym-crucible-defend/T03,control-hold,7,Victory,7,0,6,192,58,837,3,83,-1,,1,6,0,3624576302
gym-crucible-defend/T03,control-hold,8,Victory,7,0,6,168,47,707,3,114,-1,,1,6,0,763761646
gym-crucible-defend/T03,control-hold,9,Victory,7,0,6,168,45,812,2,104,-1,,1,6,0,581241767
gym-crucible-defend/T03,control-hold,10,Victory,7,0,6,192,52,924,3,112,-1,,1,7,0,2450079386
gym-crucible-defend/T03,control-hold,11,Defeat,4,0,4,120,50,930,3,80,-1,,1,3,1,976350637
gym-crucible-defend/T03,control-hold,12,Victory,7,0,6,168,75,736,4,138,-1,,1,8,1,2746667762
gym-crucible-defend/T03,control-hold,13,Victory,7,0,6,192,78,816,2,75,-1,,1,4,0,1714516776
gym-crucible-defend/T03,control-hold,14,Victory,7,0,6,192,69,885,4,141,-1,,1,8,0,1357174285
gym-crucible-defend/T03,control-hold,15,Victory,7,0,6,192,43,967,2,91,-1,,1,5,0,97120160
gym-crucible-defend/T03,control-hold,16,Victory,7,0,6,192,67,748,2,91,-1,,1,5,0,825054044
gym-crucible-defend/T03,control-hold,17,Defeat,6,0,6,176,55,825,4,140,-1,,1,8,0,2747466244
gym-crucible-defend/T03,control-hold,18,Victory,7,0,6,192,73,845,2,112,-1,,1,6,0,566977558
gym-crucible-defend/T03,control-hold,19,Defeat,3,0,3,96,27,1111,2,66,-1,,1,2,1,3584952453
gym-crucible-defend/T03,control-hold,20,Victory,7,0,6,192,54,967,2,87,-1,,1,5,0,2061134187
gym-crucible-defend/T03,control-hold,21,Victory,7,0,6,192,67,730,2,91,-1,,1,5,0,136278552
gym-crucible-defend/T03,control-hold,22,Victory,7,0,6,192,51,949,2,83,-1,,1,5,0,1009093291
gym-crucible-defend/T03,control-hold,23,Defeat,4,0,4,120,40,930,3,93,-1,,1,3,1,1324357188
gym-crucible-defend/T03,control-hold,24,Victory,7,0,6,192,82,860,3,125,-1,,1,6,0,3029250095
gym-crucible-defend/T03,control-hold,25,Victory,7,0,6,192,59,920,2,83,-1,,1,5,0,2825215788
gym-crucible-defend/T03,control-hold,26,Victory,7,0,6,168,61,772,3,104,-1,,1,7,0,3122386451
gym-crucible-defend/T03,control-hold,27,Victory,7,0,6,168,66,785,3,95,-1,,1,7,0,164664982
gym-crucible-defend/T03,control-hold,28,Defeat,3,0,3,96,22,1113,2,58,-1,,1,2,1,1118249690
gym-crucible-defend/T03,control-hold,29,Victory,7,0,6,168,42,887,2,61,-1,,1,4,0,758989101
gym-crucible-defend/T03,control-hold,30,Victory,7,0,6,192,67,1039,3,125,-1,,1,8,0,1887382467
gym-crucible-defend/T03,control-hold,31,Defeat,5,0,5,152,53,890,3,94,-1,,1,5,1,93989565
gym-crucible-defend/T03,control-hold,32,Defeat,6,0,6,192,60,914,3,133,-1,,1,7,0,1959659817
gym-crucible-defend/T03,control-hold,33,Victory,7,0,6,168,50,758,1,85,-1,,1,6,0,3522102086
gym-crucible-defend/T03,control-hold,34,Victory,7,0,6,192,56,764,3,129,-1,,1,7,0,1839677294
gym-crucible-defend/T03,control-hold,35,Victory,7,0,6,192,61,939,4,141,-1,,1,8,1,3845931688
gym-crucible-defend/T03,control-hold,36,Victory,7,0,6,192,70,931,2,112,-1,,1,7,0,1587320595
gym-crucible-defend/T03,control-hold,37,Victory,7,0,6,192,68,1018,3,100,-1,,1,5,0,1229680036
gym-crucible-defend/T03,control-hold,38,Defeat,3,0,3,96,22,1089,2,50,-1,,1,2,1,1323154212
gym-crucible-defend/T03,control-hold,39,Defeat,6,0,6,192,62,856,3,129,-1,,1,7,0,978926114
gym-crucible-defend/T03,control-hold,40,Defeat,4,0,4,120,53,930,3,86,-1,,1,3,1,2779358676
gym-crucible-defend/T03,control-hold,41,Victory,7,0,6,168,52,617,3,123,-1,,1,8,0,2581215346
gym-crucible-defend/T03,control-hold,42,Defeat,4,0,4,120,50,930,3,86,-1,,1,3,1,3576733128
gym-crucible-defend/T03,control-hold,43,Victory,7,0,6,192,60,1001,2,75,-1,,1,4,0,1330200689
gym-crucible-defend/T03,control-hold,44,Victory,7,0,6,192,69,837,2,100,-1,,1,6,0,2748793301
gym-crucible-defend/T03,control-hold,45,Victory,7,0,6,168,66,810,2,85,-1,,1,5,0,922265586
gym-crucible-defend/T03,control-hold,46,Victory,7,0,6,192,75,938,3,116,-1,,1,6,0,1941977331
gym-crucible-defend/T03,control-hold,47,Victory,7,0,6,168,60,823,2,90,-1,,1,5,0,188923999
gym-crucible-defend/T03,control-hold,48,Victory,7,0,6,168,55,798,2,100,-1,,1,6,0,23495364
gym-crucible-defend/T03,control-hold,49,Defeat,4,0,4,120,42,930,3,86,-1,,1,3,1,2687566083
gym-crucible-defend/T03,control-hold,50,Victory,7,0,6,160,53,730,2,70,-1,,1,5,0,3103096368
gym-crucible-defend/T03,corridor-hold,1,Victory,7,0,6,176,62,746,2,118,-1,,1,7,0,2989920826
gym-crucible-defend/T03,corridor-hold,2,Victory,7,0,6,192,93,897,3,104,-1,,1,6,1,4283924307
gym-crucible-defend/T03,corridor-hold,3,Defeat,6,0,6,192,54,1048,3,112,-1,,1,7,0,273277216
gym-crucible-defend/T03,corridor-hold,4,Victory,7,0,6,192,54,848,2,129,-1,,1,8,0,1293098559
gym-crucible-defend/T03,corridor-hold,5,Victory,7,0,6,192,74,813,3,116,-1,,1,6,0,4043345016
gym-crucible-defend/T03,corridor-hold,6,Defeat,6,0,6,192,43,937,3,95,-1,,1,5,0,2665268680
gym-crucible-defend/T03,corridor-hold,7,Defeat,5,0,5,160,42,1010,3,70,-1,,1,4,1,1325266046
gym-crucible-defend/T03,corridor-hold,8,Victory,7,0,6,168,47,669,2,100,-1,,1,6,0,3398381846
gym-crucible-defend/T03,corridor-hold,9,Victory,7,0,6,168,45,812,2,104,-1,,1,6,0,581241767
gym-crucible-defend/T03,corridor-hold,10,Victory,7,0,6,192,52,804,3,120,-1,,1,7,0,1801815326
gym-crucible-defend/T03,corridor-hold,11,Defeat,4,0,4,120,50,930,3,80,-1,,1,3,1,976350637
gym-crucible-defend/T03,corridor-hold,12,Defeat,4,0,4,120,47,930,3,93,-1,,1,3,1,2042659081
gym-crucible-defend/T03,corridor-hold,13,Victory,7,0,6,192,78,816,2,75,-1,,1,4,0,1714516776
gym-crucible-defend/T03,corridor-hold,14,Victory,7,0,6,192,60,845,2,112,-1,,1,7,0,3245608659
gym-crucible-defend/T03,corridor-hold,15,Victory,7,0,6,184,44,768,2,91,-1,,1,5,0,2824869826
gym-crucible-defend/T03,corridor-hold,16,Victory,7,0,6,192,67,748,2,91,-1,,1,5,0,825054044
gym-crucible-defend/T03,corridor-hold,17,Defeat,5,0,5,152,45,870,4,110,-1,,1,5,1,783133168
gym-crucible-defend/T03,corridor-hold,18,Victory,7,0,6,192,73,845,2,112,-1,,1,6,0,566977558
gym-crucible-defend/T03,corridor-hold,19,Defeat,3,0,3,96,27,1111,2,66,-1,,1,2,1,3584952453
gym-crucible-defend/T03,corridor-hold,20,Victory,7,0,6,192,54,907,2,87,-1,,1,5,0,4199065924
gym-crucible-defend/T03,corridor-hold,21,Victory,7,0,6,192,67,730,2,91,-1,,1,5,0,136278552
gym-crucible-defend/T03,corridor-hold,22,Victory,7,0,6,192,54,833,2,83,-1,,1,5,0,3695500575
gym-crucible-defend/T03,corridor-hold,23,Defeat,4,0,4,120,40,930,3,93,-1,,1,3,1,1324357188
gym-crucible-defend/T03,corridor-hold,24,Victory,7,0,6,192,88,645,2,104,-1,,1,6,0,3885132909
gym-crucible-defend/T03,corridor-hold,25,Victory,7,0,6,192,59,920,2,83,-1,,1,5,0,3716508430
gym-crucible-defend/T03,corridor-hold,26,Victory,7,0,6,168,64,693,3,104,-1,,1,7,0,525166420
gym-crucible-defend/T03,corridor-hold,27,Victory,7,0,6,168,57,776,2,100,-1,,1,7,0,2815316172
gym-crucible-defend/T03,corridor-hold,28,Defeat,3,0,3,96,22,1113,2,58,-1,,1,2,1,1118249690
gym-crucible-defend/T03,corridor-hold,29,Victory,7,0,6,168,44,789,2,61,-1,,1,4,0,1103260454
gym-crucible-defend/T03,corridor-hold,30,Victory,7,0,6,192,80,894,4,129,-1,,1,8,1,825538295
gym-crucible-defend/T03,corridor-hold,31,Defeat,5,0,5,152,53,890,3,94,-1,,1,5,1,93989565
gym-crucible-defend/T03,corridor-hold,32,Defeat,6,0,6,192,60,926,3,129,-1,,1,7,0,1943740382
gym-crucible-defend/T03,corridor-hold,33,Victory,7,0,6,168,50,758,1,85,-1,,1,6,0,3522102086
gym-crucible-defend/T03,corridor-hold,34,Victory,7,0,6,192,59,724,3,129,-1,,1,7,0,2593635470
gym-crucible-defend/T03,corridor-hold,35,Victory,7,0,6,192,53,802,4,141,-1,,1,8,1,1428603873
gym-crucible-defend/T03,corridor-hold,36,Victory,7,0,6,192,65,892,2,95,-1,,1,6,0,3347051989
gym-crucible-defend/T03,corridor-hold,37,Victory,7,0,6,192,73,863,2,91,-1,,1,5,0,2511433681
gym-crucible-defend/T03,corridor-hold,38,Defeat,3,0,3,96,22,1089,2,50,-1,,1,2,1,1323154212
gym-crucible-defend/T03,corridor-hold,39,Defeat,6,0,6,192,62,856,3,129,-1,,1,7,0,978926114
gym-crucible-defend/T03,corridor-hold,40,Defeat,4,0,4,120,53,930,3,86,-1,,1,3,1,2779358676
gym-crucible-defend/T03,corridor-hold,41,Defeat,6,0,6,160,46,655,4,120,-1,,1,8,1,4036950818
gym-crucible-defend/T03,corridor-hold,42,Defeat,4,0,4,120,50,930,3,86,-1,,1,3,1,3576733128
gym-crucible-defend/T03,corridor-hold,43,Victory,7,0,6,192,60,895,2,75,-1,,1,4,0,2029709888
gym-crucible-defend/T03,corridor-hold,44,Victory,7,0,6,192,69,837,2,100,-1,,1,6,0,2748793301
gym-crucible-defend/T03,corridor-hold,45,Victory,7,0,6,168,66,801,2,85,-1,,1,5,0,635433359
gym-crucible-defend/T03,corridor-hold,46,Victory,7,0,6,192,75,783,2,100,-1,,1,6,0,1978908292
gym-crucible-defend/T03,corridor-hold,47,Victory,7,0,6,168,60,785,2,90,-1,,1,5,0,2499943977
gym-crucible-defend/T03,corridor-hold,48,Victory,7,0,6,168,55,758,2,100,-1,,1,6,0,242879850
gym-crucible-defend/T03,corridor-hold,49,Defeat,4,0,4,120,42,930,3,86,-1,,1,3,1,2687566083
gym-crucible-defend/T03,corridor-hold,50,Victory,7,0,6,160,53,730,2,70,-1,,1,5,0,3103096368
gym-crucible-defend/T04,control-hold,1,Victory,7,0,6,168,60,520,2,100,-1,,1,7,0,358460985
gym-crucible-defend/T04,control-hold,2,Victory,7,0,6,192,90,789,3,104,-1,,1,6,1,3762560892
gym-crucible-defend/T04,control-hold,3,Defeat,3,0,3,96,19,1050,2,66,-1,,1,2,1,1035174635
gym-crucible-defend/T04,control-hold,4,Victory,7,0,6,184,52,824,3,104,-1,,1,6,1,4283408979
gym-crucible-defend/T04,control-hold,5,Victory,7,0,6,192,89,789,3,108,-1,,1,6,1,3710542937
gym-crucible-defend/T04,control-hold,6,Defeat,6,0,6,192,41,924,3,95,-1,,1,5,0,4151612346
gym-crucible-defend/T04,control-hold,7,Defeat,5,0,5,152,57,880,3,110,-1,,1,5,1,3618839396
gym-crucible-defend/T04,control-hold,8,Defeat,5,0,5,152,39,856,3,94,-1,,1,5,1,2806142266
gym-crucible-defend/T04,control-hold,9,Victory,7,0,6,184,52,765,2,108,-1,,1,6,0,2973206009
gym-crucible-defend/T04,control-hold,10,Victory,7,0,6,192,49,541,3,120,-1,,1,7,0,2504492476
gym-crucible-defend/T04,control-hold,11,Defeat,4,0,4,120,50,930,3,80,-1,,1,3,1,3993781182
gym-crucible-defend/T04,control-hold,12,Victory,7,0,6,168,60,640,3,104,-1,,1,6,0,3479209401
gym-crucible-defend/T04,control-hold,13,Victory,7,0,6,184,77,715,3,100,-1,,1,5,0,1520304518
gym-crucible-defend/T04,control-hold,14,Victory,7,0,6,192,68,912,2,79,-1,,1,4,0,3685021375
gym-crucible-defend/T04,control-hold,15,Victory,7,0,6,184,54,744,2,73,-1,,1,4,0,2555341575
gym-crucible-defend/T04,control-hold,16,Victory,7,0,6,192,68,748,2,91,-1,,1,5,0,2471698646
gym-crucible-defend/T04,control-hold,17,Defeat,5,0,5,152,45,770,4,110,-1,,1,5,1,2050860767
gym-crucible-defend/T04,control-hold,18,Victory,7,0,6,192,76,818,3,120,-1,,1,6,1,3026837931
gym-crucible-defend/T04,control-hold,19,Defeat,2,0,2,64,17,1125,1,62,-1,,1,1,0,2047804412
gym-crucible-defend/T04,control-hold,20,Victory,7,0,6,192,48,768,2,87,-1,,1,5,0,659306890
gym-crucible-defend/T04,control-hold,21,Victory,7,0,6,176,59,710,3,109,-1,,1,6,0,2821562665
gym-crucible-defend/T04,control-hold,22,Victory,7,0,6,192,49,798,1,66,-1,,1,5,0,2984399878
gym-crucible-defend/T04,control-hold,23,Defeat,4,0,4,120,37,930,3,93,-1,,1,3,1,3744440421
gym-crucible-defend/T04,control-hold,24,Victory,7,0,6,192,80,658,2,100,-1,,1,6,1,1903254763
gym-crucible-defend/T04,control-hold,25,Victory,7,0,6,184,58,852,1,82,-1,,1,5,0,3059424257
gym-crucible-defend/T04,control-hold,26,Victory,7,0,6,168,64,693,3,104,-1,,1,7,0,3843605375
gym-crucible-defend/T04,control-hold,27,Victory,7,0,6,168,60,666,3,119,-1,,1,8,0,2699864494
gym-crucible-defend/T04,control-hold,28,Defeat,3,0,3,96,19,1050,2,58,-1,,1,2,1,2111271953
gym-crucible-defend/T04,control-hold,29,Victory,7,0,6,168,39,654,2,61,-1,,1,4,0,420462981
gym-crucible-defend/T04,control-hold,30,Victory,7,0,6,192,72,683,2,91,-1,,1,5,0,2636415372
gym-crucible-defend/T04,control-hold,31,Victory,7,0,6,184,61,770,2,73,-1,,1,5,0,3113587260
gym-crucible-defend/T04,control-hold,32,Victory,7,0,6,192,69,780,2,87,-1,,1,5,0,2568091936
gym-crucible-defend/T04,control-hold,33,Victory,7,0,6,168,56,695,2,95,-1,,1,6,0,60138660
gym-crucible-defend/T04,control-hold,34,Victory,7,0,6,192,45,575,3,133,-1,,1,7,0,841975084
gym-crucible-defend/T04,control-hold,35,Victory,7,0,6,192,72,839,2,104,-1,,1,6,0,1019165750
gym-crucible-defend/T04,control-hold,36,Victory,7,0,6,192,65,720,2,95,-1,,1,6,0,2957631721
gym-crucible-defend/T04,control-hold,37,Victory,7,0,6,192,81,957,2,70,-1,,1,4,0,3733695614
gym-crucible-defend/T04,control-hold,38,Defeat,3,0,3,96,22,1089,2,50,-1,,1,2,1,4138194511
gym-crucible-defend/T04,control-hold,39,Defeat,4,0,4,120,47,930,3,80,-1,,1,3,1,3830020418
gym-crucible-defend/T04,control-hold,40,Defeat,4,0,4,120,53,930,3,86,-1,,1,3,1,2757226951
gym-crucible-defend/T04,control-hold,41,Victory,7,0,6,168,48,693,2,104,-1,,1,7,0,785452006
gym-crucible-defend/T04,control-hold,42,Defeat,4,0,4,120,50,930,3,86,-1,,1,3,1,711946009
gym-crucible-defend/T04,control-hold,43,Victory,7,0,6,192,55,823,2,75,-1,,1,4,0,3714365776
gym-crucible-defend/T04,control-hold,44,Victory,7,0,6,192,67,926,3,104,-1,,1,6,1,2951197893
gym-crucible-defend/T04,control-hold,45,Victory,7,0,6,168,74,721,2,90,-1,,1,5,0,867159384
gym-crucible-defend/T04,control-hold,46,Victory,7,0,6,192,75,854,1,75,-1,,1,5,0,529052038
gym-crucible-defend/T04,control-hold,47,Victory,7,0,6,168,62,725,2,95,-1,,1,5,0,1828242553
gym-crucible-defend/T04,control-hold,48,Victory,7,0,6,168,62,686,3,114,-1,,1,6,0,2752018069
gym-crucible-defend/T04,control-hold,49,Defeat,4,0,4,120,42,930,3,86,-1,,1,3,1,2589494072
gym-crucible-defend/T04,control-hold,50,Defeat,4,0,4,120,33,918,2,80,-1,,1,3,1,1167674365
gym-crucible-defend/T04,corridor-hold,1,Victory,7,0,6,168,60,520,2,100,-1,,1,7,0,358460985
gym-crucible-defend/T04,corridor-hold,2,Victory,7,0,6,192,90,789,3,104,-1,,1,6,1,3762560892
gym-crucible-defend/T04,corridor-hold,3,Defeat,3,0,3,96,19,1050,2,66,-1,,1,2,1,1035174635
gym-crucible-defend/T04,corridor-hold,4,Victory,7,0,6,184,52,824,3,104,-1,,1,6,1,4283408979
gym-crucible-defend/T04,corridor-hold,5,Victory,7,0,6,192,89,789,3,108,-1,,1,6,1,3710542937
gym-crucible-defend/T04,corridor-hold,6,Defeat,6,0,6,192,41,924,3,95,-1,,1,5,0,4151612346
gym-crucible-defend/T04,corridor-hold,7,Defeat,5,0,5,152,57,880,3,110,-1,,1,5,1,3618839396
gym-crucible-defend/T04,corridor-hold,8,Defeat,5,0,5,152,39,856,3,94,-1,,1,5,1,2806142266
gym-crucible-defend/T04,corridor-hold,9,Victory,7,0,6,184,52,765,2,108,-1,,1,6,0,2973206009
gym-crucible-defend/T04,corridor-hold,10,Victory,7,0,6,192,49,541,3,120,-1,,1,7,0,2504492476
gym-crucible-defend/T04,corridor-hold,11,Defeat,4,0,4,120,50,930,3,80,-1,,1,3,1,3993781182
gym-crucible-defend/T04,corridor-hold,12,Victory,7,0,6,168,60,640,3,104,-1,,1,6,0,3479209401
gym-crucible-defend/T04,corridor-hold,13,Victory,7,0,6,184,77,715,3,100,-1,,1,5,0,1520304518
gym-crucible-defend/T04,corridor-hold,14,Victory,7,0,6,192,68,912,2,79,-1,,1,4,0,3685021375
gym-crucible-defend/T04,corridor-hold,15,Victory,7,0,6,184,54,744,2,73,-1,,1,4,0,2555341575
gym-crucible-defend/T04,corridor-hold,16,Victory,7,0,6,192,68,748,2,91,-1,,1,5,0,2471698646
gym-crucible-defend/T04,corridor-hold,17,Defeat,5,0,5,152,45,770,4,110,-1,,1,5,1,2050860767
gym-crucible-defend/T04,corridor-hold,18,Victory,7,0,6,192,76,818,3,120,-1,,1,6,1,3026837931
gym-crucible-defend/T04,corridor-hold,19,Defeat,2,0,2,64,17,1125,1,62,-1,,1,1,0,2047804412
gym-crucible-defend/T04,corridor-hold,20,Victory,7,0,6,192,48,768,2,87,-1,,1,5,0,659306890
gym-crucible-defend/T04,corridor-hold,21,Victory,7,0,6,176,59,710,3,109,-1,,1,6,0,2821562665
gym-crucible-defend/T04,corridor-hold,22,Victory,7,0,6,192,49,798,1,66,-1,,1,5,0,2984399878
gym-crucible-defend/T04,corridor-hold,23,Defeat,4,0,4,120,37,930,3,93,-1,,1,3,1,3744440421
gym-crucible-defend/T04,corridor-hold,24,Victory,7,0,6,192,80,658,2,100,-1,,1,6,1,1903254763
gym-crucible-defend/T04,corridor-hold,25,Victory,7,0,6,184,58,852,1,82,-1,,1,5,0,3059424257
gym-crucible-defend/T04,corridor-hold,26,Victory,7,0,6,168,64,693,3,104,-1,,1,7,0,3843605375
gym-crucible-defend/T04,corridor-hold,27,Victory,7,0,6,168,60,666,3,119,-1,,1,8,0,2699864494
gym-crucible-defend/T04,corridor-hold,28,Defeat,3,0,3,96,19,1050,2,58,-1,,1,2,1,2111271953
gym-crucible-defend/T04,corridor-hold,29,Victory,7,0,6,168,39,654,2,61,-1,,1,4,0,420462981
gym-crucible-defend/T04,corridor-hold,30,Victory,7,0,6,192,72,683,2,91,-1,,1,5,0,2636415372
gym-crucible-defend/T04,corridor-hold,31,Victory,7,0,6,184,61,770,2,73,-1,,1,5,0,3113587260
gym-crucible-defend/T04,corridor-hold,32,Victory,7,0,6,192,69,780,2,87,-1,,1,5,0,2568091936
gym-crucible-defend/T04,corridor-hold,33,Victory,7,0,6,168,56,695,2,95,-1,,1,6,0,60138660
gym-crucible-defend/T04,corridor-hold,34,Victory,7,0,6,192,45,575,3,133,-1,,1,7,0,841975084
gym-crucible-defend/T04,corridor-hold,35,Victory,7,0,6,192,72,839,2,104,-1,,1,6,0,1019165750
gym-crucible-defend/T04,corridor-hold,36,Victory,7,0,6,192,65,720,2,95,-1,,1,6,0,2957631721
gym-crucible-defend/T04,corridor-hold,37,Victory,7,0,6,192,81,957,2,70,-1,,1,4,0,3733695614
gym-crucible-defend/T04,corridor-hold,38,Defeat,3,0,3,96,22,1089,2,50,-1,,1,2,1,4138194511
gym-crucible-defend/T04,corridor-hold,39,Defeat,4,0,4,120,47,930,3,80,-1,,1,3,1,3830020418
gym-crucible-defend/T04,corridor-hold,40,Defeat,4,0,4,120,53,930,3,86,-1,,1,3,1,2757226951
gym-crucible-defend/T04,corridor-hold,41,Victory,7,0,6,168,48,693,2,104,-1,,1,7,0,785452006
gym-crucible-defend/T04,corridor-hold,42,Defeat,4,0,4,120,50,930,3,86,-1,,1,3,1,711946009
gym-crucible-defend/T04,corridor-hold,43,Victory,7,0,6,192,55,823,2,75,-1,,1,4,0,3714365776
gym-crucible-defend/T04,corridor-hold,44,Victory,7,0,6,192,67,926,3,104,-1,,1,6,1,2951197893
gym-crucible-defend/T04,corridor-hold,45,Victory,7,0,6,168,74,721,2,90,-1,,1,5,0,867159384
gym-crucible-defend/T04,corridor-hold,46,Victory,7,0,6,192,75,854,1,75,-1,,1,5,0,529052038
gym-crucible-defend/T04,corridor-hold,47,Victory,7,0,6,168,62,725,2,95,-1,,1,5,0,1828242553
gym-crucible-defend/T04,corridor-hold,48,Victory,7,0,6,168,62,686,3,114,-1,,1,6,0,2752018069
gym-crucible-defend/T04,corridor-hold,49,Defeat,4,0,4,120,42,930,3,86,-1,,1,3,1,2589494072
gym-crucible-defend/T04,corridor-hold,50,Defeat,4,0,4,120,33,918,2,80,-1,,1,3,1,1167674365
gym-crucible-defend/T05,control-hold,1,Victory,7,0,6,192,61,1082,2,79,-1,,1,4,0,2751505352
gym-crucible-defend/T05,control-hold,2,Victory,7,0,6,192,88,990,3,95,-1,,1,5,1,3470248693
gym-crucible-defend/T05,control-hold,3,Victory,7,0,6,192,46,1003,2,108,-1,,1,7,0,110953754
gym-crucible-defend/T05,control-hold,4,Victory,7,0,6,192,42,924,2,129,-1,,1,7,0,2265467538
gym-crucible-defend/T05,control-hold,5,Victory,7,0,6,184,78,790,3,100,-1,,1,5,0,2379922062
gym-crucible-defend/T05,control-hold,6,Victory,7,0,6,192,58,936,1,33,-1,,1,3,0,1378432029
gym-crucible-defend/T05,control-hold,7,Victory,7,0,6,192,53,950,3,83,-1,,1,6,0,3439751644
gym-crucible-defend/T05,control-hold,8,Victory,7,0,6,192,65,873,2,75,-1,,1,4,0,914854174
gym-crucible-defend/T05,control-hold,9,Victory,7,0,6,192,61,1075,2,83,-1,,1,4,0,2114879729
gym-crucible-defend/T05,control-hold,10,Victory,7,0,6,192,42,965,2,112,-1,,1,7,0,418959303
gym-crucible-defend/T05,control-hold,11,Victory,7,0,6,192,92,995,3,95,-1,,1,5,1,3270607596
gym-crucible-defend/T05,control-hold,12,Victory,7,0,6,184,66,833,2,78,-1,,1,4,0,3728230424
gym-crucible-defend/T05,control-hold,13,Victory,7,0,6,168,51,801,1,71,-1,,1,5,0,2965258120
gym-crucible-defend/T05,control-hold,14,Victory,7,0,6,192,70,916,3,145,-1,,1,8,0,2523841410
gym-crucible-defend/T05,control-hold,15,Victory,7,0,6,192,66,880,1,58,-1,,1,4,0,3617929836
gym-crucible-defend/T05,control-hold,16,Victory,7,0,6,192,72,969,2,91,-1,,1,5,0,2237365533
gym-crucible-defend/T05,control-hold,17,Defeat,6,0,6,192,47,984,1,79,-1,,1,5,0,635471232
gym-crucible-defend/T05,control-hold,18,Victory,7,0,6,184,68,901,2,86,-1,,1,5,0,1883877687
gym-crucible-defend/T05,control-hold,19,Victory,7,0,6,192,73,843,3,100,-1,,1,5,0,2181567646
gym-crucible-defend/T05,control-hold,20,Victory,7,0,6,192,63,897,1,66,-1,,1,5,0,2065875119
gym-crucible-defend/T05,control-hold,21,Victory,7,0,6,192,62,828,2,79,-1,,1,5,0,1712336194
gym-crucible-defend/T05,control-hold,22,Victory,7,0,6,192,61,910,2,91,-1,,1,7,0,2085907705
gym-crucible-defend/T05,control-hold,23,Victory,7,0,6,184,67,848,3,100,-1,,1,5,0,2851633177
gym-crucible-defend/T05,control-hold,24,Victory,7,0,6,192,70,932,2,70,-1,,1,4,0,1475471761
gym-crucible-defend/T05,control-hold,25,Victory,7,0,6,192,66,994,1,50,-1,,1,3,0,4024614352
gym-crucible-defend/T05,control-hold,26,Victory,7,0,6,192,65,919,2,75,-1,,1,4,0,3249711908
gym-crucible-defend/T05,control-hold,27,Victory,7,0,6,192,44,805,2,100,-1,,1,7,0,3960076479
gym-crucible-defend/T05,control-hold,28,Defeat,3,0,3,96,20,1113,2,58,-1,,1,2,1,3353669801
gym-crucible-defend/T05,control-hold,29,Victory,7,0,6,192,56,858,2,75,-1,,1,4,0,1211543829
gym-crucible-defend/T05,control-hold,30,Victory,7,0,6,192,63,1009,4,137,-1,,1,8,0,427344383
gym-crucible-defend/T05,control-hold,31,Victory,7,0,6,192,57,914,2,91,-1,,1,6,1,3885724774
gym-crucible-defend/T05,control-hold,32,Victory,7,0,6,192,59,796,2,91,-1,,1,6,1,3137872401
gym-crucible-defend/T05,control-hold,33,Victory,7,0,6,192,57,1050,2,70,-1,,1,3,0,1696564671
gym-crucible-defend/T05,control-hold,34,Victory,7,0,6,192,61,968,1,58,-1,,1,4,0,2398896744
gym-crucible-defend/T05,control-hold,35,Victory,7,0,6,192,54,994,3,129,-1,,1,7,0,1325188653
gym-crucible-defend/T05,control-hold,36,Victory,7,0,6,192,66,897,1,83,-1,,1,5,0,3136420852
gym-crucible-defend/T05,control-hold,37,Victory,7,0,6,192,70,1023,1,62,-1,,1,4,1,282840140
gym-crucible-defend/T05,control-hold,38,Victory,7,0,6,192,42,955,2,66,-1,,1,4,0,4277887256
gym-crucible-defend/T05,control-hold,39,Victory,7,0,6,192,77,877,2,62,-1,,1,4,0,1720687754
gym-crucible-defend/T05,control-hold,40,Victory,7,0,6,192,70,941,2,91,-1,,1,5,0,3220843110
gym-crucible-defend/T05,control-hold,41,Victory,7,0,6,192,59,861,1,50,-1,,1,4,0,20281032
gym-crucible-defend/T05,control-hold,42,Victory,7,0,6,192,61,1068,1,54,-1,,1,4,0,1257845947
gym-crucible-defend/T05,control-hold,43,Victory,7,0,6,192,60,1001,3,104,-1,,1,5,0,4213766303
gym-crucible-defend/T05,control-hold,44,Victory,7,0,6,192,54,807,2,100,-1,,1,6,0,363233167
gym-crucible-defend/T05,control-hold,45,Victory,7,0,6,184,73,855,2,82,-1,,1,5,0,1440537543
gym-crucible-defend/T05,control-hold,46,Victory,7,0,6,192,72,912,3,104,-1,,1,6,0,2933153621
gym-crucible-defend/T05,control-hold,47,Victory,7,0,6,184,84,800,2,69,-1,,1,4,0,2901468553
gym-crucible-defend/T05,control-hold,48,Victory,7,0,6,192,71,970,1,41,-1,,1,3,0,3616856879
gym-crucible-defend/T05,control-hold,49,Victory,7,0,6,192,70,818,2,95,-1,,1,5,1,238499803
gym-crucible-defend/T05,control-hold,50,Victory,7,0,6,192,73,775,2,87,-1,,1,5,0,1979683035
gym-crucible-defend/T05,corridor-hold,1,Victory,7,0,6,192,67,1026,1,58,-1,,1,4,0,3912263265
gym-crucible-defend/T05,corridor-hold,2,Victory,7,0,6,192,95,945,3,95,-1,,1,5,1,1354283253
gym-crucible-defend/T05,corridor-hold,3,Victory,7,0,6,192,57,963,2,108,-1,,1,7,0,2822072338
gym-crucible-defend/T05,corridor-hold,4,Victory,7,0,6,192,49,890,1,108,-1,,1,7,0,3532960920
gym-crucible-defend/T05,corridor-hold,5,Victory,7,0,6,192,78,798,2,87,-1,,1,5,0,1434092613
gym-crucible-defend/T05,corridor-hold,6,Victory,7,0,6,192,58,914,1,33,-1,,1,3,0,482027451
gym-crucible-defend/T05,corridor-hold,7,Victory,7,0,6,192,57,936,3,100,-1,,1,6,0,23589185
gym-crucible-defend/T05,corridor-hold,8,Victory,7,0,6,192,65,916,2,75,-1,,1,4,0,3339970274
gym-crucible-defend/T05,corridor-hold,9,Victory,7,0,6,192,58,941,2,70,-1,,1,4,0,3481692465
gym-crucible-defend/T05,corridor-hold,10,Victory,7,0,6,192,44,944,2,95,-1,,1,6,0,602894695
gym-crucible-defend/T05,corridor-hold,11,Victory,7,0,6,192,98,969,3,95,-1,,1,5,1,2723160260
gym-crucible-defend/T05,corridor-hold,12,Victory,7,0,6,184,66,820,2,78,-1,,1,4,0,4161789516
gym-crucible-defend/T05,corridor-hold,13,Victory,7,0,6,168,49,820,1,61,-1,,1,4,0,634500850
gym-crucible-defend/T05,corridor-hold,14,Victory,7,0,6,192,61,819,2,112,-1,,1,7,0,78503197
gym-crucible-defend/T05,corridor-hold,15,Victory,7,0,6,192,66,880,1,58,-1,,1,4,0,3617929836
gym-crucible-defend/T05,corridor-hold,16,Defeat,6,0,6,192,65,800,2,95,-1,,1,5,0,2033392377
gym-crucible-defend/T05,corridor-hold,17,Victory,7,0,6,192,63,907,3,133,-1,,1,7,0,1353634110
gym-crucible-defend/T05,corridor-hold,18,Victory,7,0,6,184,70,831,2,86,-1,,1,5,0,2250231506
gym-crucible-defend/T05,corridor-hold,19,Victory,7,0,6,192,73,843,3,100,-1,,1,5,0,2181567646
gym-crucible-defend/T05,corridor-hold,20,Victory,7,0,6,192,63,897,1,66,-1,,1,5,0,2065875119
gym-crucible-defend/T05,corridor-hold,21,Victory,7,0,6,192,62,828,2,79,-1,,1,5,0,1712336194
gym-crucible-defend/T05,corridor-hold,22,Victory,7,0,6,192,63,832,2,91,-1,,1,7,0,3238632787
gym-crucible-defend/T05,corridor-hold,23,Victory,7,0,6,184,70,772,3,100,-1,,1,5,0,3603015364
gym-crucible-defend/T05,corridor-hold,24,Victory,7,0,6,192,72,867,2,75,-1,,1,4,0,3685596788
gym-crucible-defend/T05,corridor-hold,25,Victory,7,0,6,192,78,960,2,58,-1,,1,3,0,2206246565
gym-crucible-defend/T05,corridor-hold,26,Victory,7,0,6,192,65,969,1,66,-1,,1,4,0,1099612300
gym-crucible-defend/T05,corridor-hold,27,Defeat,6,0,6,192,44,840,3,116,-1,,1,6,0,306612580
gym-crucible-defend/T05,corridor-hold,28,Defeat,3,0,3,96,20,1113,2,58,-1,,1,2,1,3353669801
gym-crucible-defend/T05,corridor-hold,29,Victory,7,0,6,192,56,858,2,75,-1,,1,4,0,2013357174
gym-crucible-defend/T05,corridor-hold,30,Victory,7,0,6,192,67,922,3,129,-1,,1,8,1,2780223305
gym-crucible-defend/T05,corridor-hold,31,Victory,7,0,6,192,57,910,2,91,-1,,1,6,1,1734583485
gym-crucible-defend/T05,corridor-hold,32,Victory,7,0,6,192,49,846,2,112,-1,,1,7,0,2844749481
gym-crucible-defend/T05,corridor-hold,33,Victory,7,0,6,192,60,1015,2,58,-1,,1,3,0,515414222
gym-crucible-defend/T05,corridor-hold,34,Victory,7,0,6,192,61,968,1,58,-1,,1,4,0,2398896744
gym-crucible-defend/T05,corridor-hold,35,Victory,7,0,6,192,60,952,3,125,-1,,1,7,1,2536843803
gym-crucible-defend/T05,corridor-hold,36,Defeat,5,0,5,160,40,1033,3,110,-1,,1,5,1,51710565
gym-crucible-defend/T05,corridor-hold,37,Victory,7,0,6,192,79,1003,1,66,-1,,1,4,1,3911230747
gym-crucible-defend/T05,corridor-hold,38,Victory,7,0,6,184,51,806,2,100,-1,,1,7,0,3333793794
gym-crucible-defend/T05,corridor-hold,39,Victory,7,0,6,192,80,792,2,79,-1,,1,4,0,1369224240
gym-crucible-defend/T05,corridor-hold,40,Victory,7,0,6,192,70,853,2,91,-1,,1,5,0,4006291305
gym-crucible-defend/T05,corridor-hold,41,Victory,7,0,6,192,59,861,1,50,-1,,1,4,0,20281032
gym-crucible-defend/T05,corridor-hold,42,Victory,7,0,6,192,59,1113,1,45,-1,,1,3,0,1818842705
gym-crucible-defend/T05,corridor-hold,43,Victory,7,0,6,192,63,982,2,91,-1,,1,5,0,200738655
gym-crucible-defend/T05,corridor-hold,44,Victory,7,0,6,192,54,807,2,100,-1,,1,6,0,363233167
gym-crucible-defend/T05,corridor-hold,45,Victory,7,0,6,184,73,855,2,82,-1,,1,5,0,923076295
gym-crucible-defend/T05,corridor-hold,46,Victory,7,0,6,192,73,903,1,87,-1,,1,6,0,733752471
gym-crucible-defend/T05,corridor-hold,47,Victory,7,0,6,184,84,777,2,69,-1,,1,4,0,3760772169
gym-crucible-defend/T05,corridor-hold,48,Victory,7,0,6,192,71,970,1,41,-1,,1,3,0,3616856879
gym-crucible-defend/T05,corridor-hold,49,Victory,7,0,6,192,70,818,2,100,-1,,1,5,1,904636389
gym-crucible-defend/T05,corridor-hold,50,Victory,7,0,6,176,57,790,1,90,-1,,1,6,0,4211619562
gym-crucible-defend/T06,control-hold,1,Victory,7,0,6,192,65,908,2,75,-1,,1,4,0,2048421901
gym-crucible-defend/T06,control-hold,2,Victory,7,0,6,192,84,906,3,91,-1,,1,5,1,618768150
gym-crucible-defend/T06,control-hold,3,Defeat,3,0,3,96,17,1050,2,66,-1,,1,2,1,2764579176
gym-crucible-defend/T06,control-hold,4,Victory,7,0,6,192,57,790,2,95,-1,,1,6,0,328459678
gym-crucible-defend/T06,control-hold,5,Victory,7,0,6,184,76,790,3,100,-1,,1,5,0,3390866037
gym-crucible-defend/T06,control-hold,6,Victory,7,0,6,184,62,791,2,30,-1,,1,3,0,1142461163
gym-crucible-defend/T06,control-hold,7,Victory,7,0,6,192,63,895,1,66,-1,,1,4,0,358297596
gym-crucible-defend/T06,control-hold,8,Victory,7,0,6,192,68,904,2,62,-1,,1,3,0,3937976977
gym-crucible-defend/T06,control-hold,9,Victory,7,0,6,168,53,803,2,114,-1,,1,7,0,2080037510
gym-crucible-defend/T06,control-hold,10,Victory,7,0,6,192,41,754,2,95,-1,,1,6,0,4276945653
gym-crucible-defend/T06,control-hold,11,Victory,7,0,6,192,92,861,3,95,-1,,1,5,1,1130156191
gym-crucible-defend/T06,control-hold,12,Victory,7,0,6,192,74,781,2,75,-1,,1,4,0,2184949465
gym-crucible-defend/T06,control-hold,13,Victory,7,0,6,192,55,740,1,87,-1,,1,6,0,4228928620
gym-crucible-defend/T06,control-hold,14,Victory,7,0,6,192,67,948,2,79,-1,,1,4,0,3359617596
gym-crucible-defend/T06,control-hold,15,Victory,7,0,6,192,53,821,2,75,-1,,1,4,0,3351113459
gym-crucible-defend/T06,control-hold,16,Defeat,6,0,6,192,59,854,2,87,-1,,1,5,0,3902110270
gym-crucible-defend/T06,control-hold,17,Defeat,6,0,6,192,44,923,1,79,-1,,1,5,0,2688240953
gym-crucible-defend/T06,control-hold,18,Victory,7,0,6,184,68,807,2,86,-1,,1,5,0,934212281
gym-crucible-defend/T06,control-hold,19,Victory,7,0,6,192,70,903,1,70,-1,,1,5,1,1733063843
gym-crucible-defend/T06,control-hold,20,Victory,7,0,6,192,59,814,1,70,-1,,1,5,0,3101852734
gym-crucible-defend/T06,control-hold,21,Victory,7,0,6,192,65,920,2,37,-1,,1,2,0,772368486
gym-crucible-defend/T06,control-hold,22,Victory,7,0,6,192,59,765,2,79,-1,,1,7,0,3498186461
gym-crucible-defend/T06,control-hold,23,Defeat,6,0,6,184,63,650,4,139,-1,,1,8,0,2312425422
gym-crucible-defend/T06,control-hold,24,Victory,7,0,6,192,76,908,2,79,-1,,1,4,0,3820481576
gym-crucible-defend/T06,control-hold,25,Victory,7,0,6,192,62,755,1,70,-1,,1,5,0,2178913431
gym-crucible-defend/T06,control-hold,26,Victory,7,0,6,192,78,875,2,79,-1,,1,4,0,1260433874
gym-crucible-defend/T06,control-hold,27,Victory,7,0,6,192,45,697,3,120,-1,,1,7,0,3580855051
gym-crucible-defend/T06,control-hold,28,Defeat,3,0,3,96,17,1050,2,58,-1,,1,2,1,161389194
gym-crucible-defend/T06,control-hold,29,Victory,7,0,6,184,62,808,2,82,-1,,1,5,1,3753918311
gym-crucible-defend/T06,control-hold,30,Victory,7,0,6,192,83,745,2,75,-1,,1,4,0,1948880789
gym-crucible-defend/T06,control-hold,31,Defeat,6,0,6,184,59,793,3,108,-1,,1,5,0,1211279624
gym-crucible-defend/T06,control-hold,32,Victory,7,0,6,192,64,805,2,91,-1,,1,6,1,2494031589
gym-crucible-defend/T06,control-hold,33,Victory,7,0,6,192,59,947,1,45,-1,,1,3,0,3771833674
gym-crucible-defend/T06,control-hold,34,Victory,7,0,6,192,44,685,2,79,-1,,1,5,0,2089540594
gym-crucible-defend/T06,control-hold,35,Victory,7,0,6,192,68,833,2,87,-1,,1,5,0,49444071
gym-crucible-defend/T06,control-hold,36,Victory,7,0,6,192,66,847,1,79,-1,,1,5,0,2837037549
gym-crucible-defend/T06,control-hold,37,Victory,7,0,6,192,74,1058,1,33,-1,,1,2,0,3283636616
gym-crucible-defend/T06,control-hold,38,Victory,7,0,6,192,50,850,2,66,-1,,1,4,0,2464152883
gym-crucible-defend/T06,control-hold,39,Victory,7,0,6,192,73,812,2,75,-1,,1,4,0,1143217769
gym-crucible-defend/T06,control-hold,40,Victory,7,0,6,192,76,952,1,66,-1,,1,5,0,4236817184
gym-crucible-defend/T06,control-hold,41,Victory,7,0,6,192,68,882,2,79,-1,,1,4,0,2706211703
gym-crucible-defend/T06,control-hold,42,Victory,7,0,6,184,66,840,1,43,-1,,1,3,0,3852334633
gym-crucible-defend/T06,control-hold,43,Victory,7,0,6,192,47,898,1,70,-1,,1,4,0,3905675211
gym-crucible-defend/T06,control-hold,44,Victory,7,0,6,184,58,854,3,100,-1,,1,6,1,4245898713
gym-crucible-defend/T06,control-hold,45,Victory,7,0,6,184,77,855,2,86,-1,,1,5,0,4054939556
gym-crucible-defend/T06,control-hold,46,Victory,7,0,6,192,65,747,2,87,-1,,1,5,0,1705572150
gym-crucible-defend/T06,control-hold,47,Victory,7,0,6,184,84,800,2,69,-1,,1,4,0,3487905122
gym-crucible-defend/T06,control-hold,48,Victory,7,0,6,192,80,930,1,45,-1,,1,3,0,2343399455
gym-crucible-defend/T06,control-hold,49,Victory,7,0,6,192,73,852,3,104,-1,,1,5,1,3142902036
gym-crucible-defend/T06,control-hold,50,Victory,7,0,6,192,68,730,2,87,-1,,1,5,0,3243221278
gym-crucible-defend/T06,corridor-hold,1,Victory,7,0,6,192,59,994,1,62,-1,,1,4,0,1218049776
gym-crucible-defend/T06,corridor-hold,2,Victory,7,0,6,192,92,851,3,95,-1,,1,5,1,2464045279
gym-crucible-defend/T06,corridor-hold,3,Defeat,3,0,3,96,17,1050,2,66,-1,,1,2,1,2764579176
gym-crucible-defend/T06,corridor-hold,4,Victory,7,0,6,192,57,790,2,95,-1,,1,6,0,328459678
gym-crucible-defend/T06,corridor-hold,5,Victory,7,0,6,192,76,798,2,87,-1,,1,5,0,104866302
gym-crucible-defend/T06,corridor-hold,6,Victory,7,0,6,184,62,791,2,30,-1,,1,3,0,1142461163
gym-crucible-defend/T06,corridor-hold,7,Victory,7,0,6,192,63,915,1,66,-1,,1,4,0,3724087533
gym-crucible-defend/T06,corridor-hold,8,Victory,7,0,6,192,77,806,2,58,-1,,1,3,0,3550305241
gym-crucible-defend/T06,corridor-hold,9,Victory,7,0,6,192,68,980,1,41,-1,,1,3,0,1011656277
gym-crucible-defend/T06,corridor-hold,10,Victory,7,0,6,192,41,722,2,95,-1,,1,6,0,212601520
gym-crucible-defend/T06,corridor-hold,11,Victory,7,0,6,192,95,861,3,95,-1,,1,5,1,1777178923
gym-crucible-defend/T06,corridor-hold,12,Victory,7,0,6,192,76,962,1,58,-1,,1,4,0,684393003
gym-crucible-defend/T06,corridor-hold,13,Victory,7,0,6,168,42,803,1,76,-1,,1,5,0,2581496329
gym-crucible-defend/T06,corridor-hold,14,Victory,7,0,6,192,66,912,2,79,-1,,1,4,0,1456631857
gym-crucible-defend/T06,corridor-hold,15,Victory,7,0,6,192,53,821,2,75,-1,,1,4,0,3351113459
gym-crucible-defend/T06,corridor-hold,16,Defeat,6,0,6,192,62,789,2,95,-1,,1,5,0,2044827408
gym-crucible-defend/T06,corridor-hold,17,Victory,7,0,6,192,63,709,3,133,-1,,1,7,0,2770009364
gym-crucible-defend/T06,corridor-hold,18,Victory,7,0,6,184,68,807,2,86,-1,,1,5,0,934212281
gym-crucible-defend/T06,corridor-hold,19,Victory,7,0,6,192,69,921,1,75,-1,,1,5,1,193812024
gym-crucible-defend/T06,corridor-hold,20,Victory,7,0,6,192,59,814,1,70,-1,,1,5,0,3101852734
gym-crucible-defend/T06,corridor-hold,21,Defeat,6,0,6,192,53,920,2,37,-1,,1,2,0,2914860456
gym-crucible-defend/T06,corridor-hold,22,Victory,7,0,6,192,59,674,2,79,-1,,1,7,0,1877959415
gym-crucible-defend/T06,corridor-hold,23,Defeat,6,0,6,184,63,650,4,139,-1,,1,8,0,2742658640
gym-crucible-defend/T06,corridor-hold,24,Victory,7,0,6,192,74,790,2,62,-1,,1,4,0,2607652862
gym-crucible-defend/T06,corridor-hold,25,Victory,7,0,6,192,60,838,1,83,-1,,1,5,0,1217105934
gym-crucible-defend/T06,corridor-hold,26,Victory,7,0,6,192,78,875,2,79,-1,,1,4,0,1260433874
gym-crucible-defend/T06,corridor-hold,27,Defeat,6,0,6,192,41,829,3,116,-1,,1,6,0,1738894383
gym-crucible-defend/T06,corridor-hold,28,Defeat,3,0,3,96,17,1050,2,58,-1,,1,2,1,161389194
gym-crucible-defend/T06,corridor-hold,29,Victory,7,0,6,192,70,843,3,95,-1,,1,5,1,3664568882
gym-crucible-defend/T06,corridor-hold,30,Victory,7,0,6,192,83,745,2,75,-1,,1,4,0,1948880789
gym-crucible-defend/T06,corridor-hold,31,Defeat,6,0,6,184,59,793,3,108,-1,,1,5,0,1211279624
gym-crucible-defend/T06,corridor-hold,32,Victory,7,0,6,192,43,711,2,100,-1,,1,7,0,130503239
gym-crucible-defend/T06,corridor-hold,33,Victory,7,0,6,192,67,974,1,45,-1,,1,3,0,2482441006
gym-crucible-defend/T06,corridor-hold,34,Victory,7,0,6,192,44,685,2,79,-1,,1,5,0,2089540594
gym-crucible-defend/T06,corridor-hold,35,Victory,7,0,6,192,68,833,2,87,-1,,1,5,0,49444071
gym-crucible-defend/T06,corridor-hold,36,Defeat,5,0,5,160,40,883,3,110,-1,,1,5,1,3091950141
gym-crucible-defend/T06,corridor-hold,37,Victory,7,0,6,192,74,1058,1,33,-1,,1,2,0,3283636616
gym-crucible-defend/T06,corridor-hold,38,Defeat,6,0,6,184,45,745,2,100,-1,,1,7,0,125726989
gym-crucible-defend/T06,corridor-hold,39,Victory,7,0,6,192,69,722,2,70,-1,,1,4,0,150134043
gym-crucible-defend/T06,corridor-hold,40,Victory,7,0,6,192,79,944,1,66,-1,,1,5,0,1899576161
gym-crucible-defend/T06,corridor-hold,41,Victory,7,0,6,192,65,864,2,70,-1,,1,4,0,2189859183
gym-crucible-defend/T06,corridor-hold,42,Victory,7,0,6,184,66,840,1,43,-1,,1,3,0,3852334633
gym-crucible-defend/T06,corridor-hold,43,Victory,7,0,6,192,47,898,1,70,-1,,1,4,0,3905675211
gym-crucible-defend/T06,corridor-hold,44,Victory,7,0,6,192,48,837,2,100,-1,,1,6,0,515258572
gym-crucible-defend/T06,corridor-hold,45,Victory,7,0,6,184,77,855,2,86,-1,,1,5,0,1241819980
gym-crucible-defend/T06,corridor-hold,46,Victory,7,0,6,192,77,890,1,75,-1,,1,5,0,3078115261
gym-crucible-defend/T06,corridor-hold,47,Victory,7,0,6,184,84,777,2,69,-1,,1,4,0,2055211322
gym-crucible-defend/T06,corridor-hold,48,Victory,7,0,6,192,80,930,1,45,-1,,1,3,0,2343399455
gym-crucible-defend/T06,corridor-hold,49,Victory,7,0,6,192,73,858,2,95,-1,,1,5,1,1090606557
gym-crucible-defend/T06,corridor-hold,50,Defeat,5,0,5,152,49,920,2,84,-1,,1,5,1,1298568099
gym-crucible-defend/T07,control-hold,1,Victory,7,0,6,192,66,808,2,75,-1,,1,4,0,2059686662
gym-crucible-defend/T07,control-hold,2,Victory,7,0,6,192,94,1015,3,91,-1,,1,5,1,1508993636
gym-crucible-defend/T07,control-hold,3,Victory,7,0,6,192,65,949,3,120,-1,,1,7,0,1720651837
gym-crucible-defend/T07,control-hold,4,Victory,7,0,6,192,47,781,2,125,-1,,1,7,0,404877013
gym-crucible-defend/T07,control-hold,5,Victory,7,0,6,192,89,967,3,100,-1,,1,5,0,184665276
gym-crucible-defend/T07,control-hold,6,Victory,7,0,6,192,56,898,3,95,-1,,1,5,0,2861631296
gym-crucible-defend/T07,control-hold,7,Victory,7,0,6,192,55,908,3,79,-1,,1,6,0,4049707276
gym-crucible-defend/T07,control-hold,8,Victory,7,0,6,192,68,969,2,50,-1,,1,2,0,4015695686
gym-crucible-defend/T07,control-hold,9,Victory,7,0,6,192,61,818,2,87,-1,,1,4,0,504580306
gym-crucible-defend/T07,control-hold,10,Victory,7,0,6,192,52,924,3,112,-1,,1,7,0,2322326801
gym-crucible-defend/T07,control-hold,11,Victory,7,0,6,192,99,995,3,95,-1,,1,5,1,235178389
gym-crucible-defend/T07,control-hold,12,Victory,7,0,6,192,87,962,3,104,-1,,1,5,0,2408631199
gym-crucible-defend/T07,control-hold,13,Victory,7,0,6,192,68,926,2,66,-1,,1,3,0,670826387
gym-crucible-defend/T07,control-hold,14,Victory,7,0,6,192,69,885,4,141,-1,,1,8,0,1960769182
gym-crucible-defend/T07,control-hold,15,Victory,7,0,6,192,39,967,2,91,-1,,1,5,0,3505767587
gym-crucible-defend/T07,control-hold,16,Victory,7,0,6,192,67,748,2,91,-1,,1,5,0,2368068783
gym-crucible-defend/T07,control-hold,17,Defeat,6,0,6,176,55,825,4,140,-1,,1,8,0,1683340111
gym-crucible-defend/T07,control-hold,18,Victory,7,0,6,192,71,999,2,75,-1,,1,4,0,3520818422
gym-crucible-defend/T07,control-hold,19,Victory,7,0,6,192,64,981,1,70,-1,,1,4,0,3916914210
gym-crucible-defend/T07,control-hold,20,Victory,7,0,6,192,55,842,1,70,-1,,1,5,0,3734156724
gym-crucible-defend/T07,control-hold,21,Victory,7,0,6,192,53,821,2,70,-1,,1,4,0,402401085
gym-crucible-defend/T07,control-hold,22,Victory,7,0,6,192,59,892,2,95,-1,,1,5,0,2296400125
gym-crucible-defend/T07,control-hold,23,Victory,7,0,6,184,73,740,3,108,-1,,1,5,0,2559464336
gym-crucible-defend/T07,control-hold,24,Victory,7,0,6,184,69,891,1,43,-1,,1,4,0,2506937274
gym-crucible-defend/T07,control-hold,25,Victory,7,0,6,192,82,960,2,58,-1,,1,3,0,4240530976
gym-crucible-defend/T07,control-hold,26,Victory,7,0,6,192,65,778,2,66,-1,,1,4,0,776987460
gym-crucible-defend/T07,control-hold,27,Victory,7,0,6,192,57,960,3,108,-1,,1,5,0,3892239773
gym-crucible-defend/T07,control-hold,28,Defeat,3,0,3,96,22,1113,2,58,-1,,1,2,1,2950468649
gym-crucible-defend/T07,control-hold,29,Victory,7,0,6,168,57,719,2,71,-1,,1,5,0,497766795
gym-crucible-defend/T07,control-hold,30,Victory,7,0,6,192,67,1039,3,125,-1,,1,8,0,2195998624
gym-crucible-defend/T07,control-hold,31,Victory,7,0,6,192,63,940,2,83,-1,,1,6,0,896466663
gym-crucible-defend/T07,control-hold,32,Defeat,6,0,6,192,60,914,3,133,-1,,1,7,0,3011928682
gym-crucible-defend/T07,control-hold,33,Victory,7,0,6,192,66,942,2,70,-1,,1,4,0,1756188708
gym-crucible-defend/T07,control-hold,34,Victory,7,0,6,192,52,968,1,62,-1,,1,4,0,3976374249
gym-crucible-defend/T07,control-hold,35,Victory,7,0,6,192,61,939,4,141,-1,,1,8,1,2551571699
gym-crucible-defend/T07,control-hold,36,Victory,7,0,6,192,62,873,3,116,-1,,1,7,0,2011097803
gym-crucible-defend/T07,control-hold,37,Victory,7,0,6,192,82,1019,2,79,-1,,1,4,1,4156214129
gym-crucible-defend/T07,control-hold,38,Defeat,3,0,3,96,22,1089,2,50,-1,,1,2,1,3087976591
gym-crucible-defend/T07,control-hold,39,Victory,7,0,6,192,64,823,2,104,-1,,1,7,0,1011399527
gym-crucible-defend/T07,control-hold,40,Victory,7,0,6,192,74,903,2,91,-1,,1,5,0,202854324
gym-crucible-defend/T07,control-hold,41,Victory,7,0,6,168,44,835,2,95,-1,,1,7,0,3991465928
gym-crucible-defend/T07,control-hold,42,Victory,7,0,6,192,64,917,3,100,-1,,1,5,0,4055661849
gym-crucible-defend/T07,control-hold,43,Victory,7,0,6,184,58,856,2,78,-1,,1,4,0,954878906
gym-crucible-defend/T07,control-hold,44,Victory,7,0,6,192,69,837,2,100,-1,,1,6,0,11074334
gym-crucible-defend/T07,control-hold,45,Victory,7,0,6,192,84,950,1,79,-1,,1,5,0,463655898
gym-crucible-defend/T07,control-hold,46,Victory,7,0,6,192,75,938,3,116,-1,,1,6,0,3348236472
gym-crucible-defend/T07,control-hold,47,Victory,7,0,6,192,93,766,3,100,-1,,1,5,0,201271182
gym-crucible-defend/T07,control-hold,48,Victory,7,0,6,192,75,970,1,41,-1,,1,3,0,1570258957
gym-crucible-defend/T07,control-hold,49,Victory,7,0,6,192,82,931,2,100,-1,,1,5,0,3430115554
gym-crucible-defend/T07,control-hold,50,Victory,7,0,6,168,60,820,1,85,-1,,1,5,0,1711674672
gym-crucible-defend/T07,corridor-hold,1,Victory,7,0,6,192,66,808,2,75,-1,,1,4,0,2059686662
gym-crucible-defend/T07,corridor-hold,2,Victory,7,0,6,192,99,945,3,95,-1,,1,5,1,1455522568
gym-crucible-defend/T07,corridor-hold,3,Defeat,6,0,6,192,54,1048,3,112,-1,,1,7,0,1533516523
gym-crucible-defend/T07,corridor-hold,4,Victory,7,0,6,192,54,848,2,129,-1,,1,8,0,3601731924
gym-crucible-defend/T07,corridor-hold,5,Victory,7,0,6,192,89,932,2,87,-1,,1,5,0,2383193305
gym-crucible-defend/T07,corridor-hold,6,Defeat,6,0,6,192,43,937,3,95,-1,,1,5,0,1918148667
gym-crucible-defend/T07,corridor-hold,7,Defeat,5,0,5,160,42,1010,3,70,-1,,1,4,1,3084622229
gym-crucible-defend/T07,corridor-hold,8,Victory,7,0,6,192,68,969,2,50,-1,,1,2,0,4015695686
gym-crucible-defend/T07,corridor-hold,9,Victory,7,0,6,192,61,818,2,87,-1,,1,4,0,504580306
gym-crucible-defend/T07,corridor-hold,10,Victory,7,0,6,192,52,804,3,120,-1,,1,7,0,1487731133
gym-crucible-defend/T07,corridor-hold,11,Victory,7,0,6,192,102,969,3,95,-1,,1,5,1,3718080577
gym-crucible-defend/T07,corridor-hold,12,Victory,7,0,6,192,89,894,3,104,-1,,1,5,0,1032786140
gym-crucible-defend/T07,corridor-hold,13,Victory,7,0,6,192,68,926,2,66,-1,,1,3,0,670826387
gym-crucible-defend/T07,corridor-hold,14,Victory,7,0,6,192,65,819,2,112,-1,,1,7,0,3682253690
gym-crucible-defend/T07,corridor-hold,15,Victory,7,0,6,184,40,746,2,91,-1,,1,5,0,45106861
gym-crucible-defend/T07,corridor-hold,16,Victory,7,0,6,192,67,748,2,91,-1,,1,5,0,2368068783
gym-crucible-defend/T07,corridor-hold,17,Defeat,5,0,5,152,45,870,4,110,-1,,1,5,1,3767811011
gym-crucible-defend/T07,corridor-hold,18,Victory,7,0,6,192,74,811,2,75,-1,,1,4,0,3305052835
gym-crucible-defend/T07,corridor-hold,19,Victory,7,0,6,192,64,981,1,70,-1,,1,4,0,3916914210
gym-crucible-defend/T07,corridor-hold,20,Victory,7,0,6,192,55,842,1,70,-1,,1,5,0,3734156724
gym-crucible-defend/T07,corridor-hold,21,Victory,7,0,6,192,53,821,2,70,-1,,1,4,0,402401085
gym-crucible-defend/T07,corridor-hold,22,Victory,7,0,6,192,59,892,2,95,-1,,1,5,0,2296400125
gym-crucible-defend/T07,corridor-hold,23,Victory,7,0,6,184,73,740,3,108,-1,,1,5,0,2559464336
gym-crucible-defend/T07,corridor-hold,24,Victory,7,0,6,184,69,891,1,43,-1,,1,4,0,2506937274
gym-crucible-defend/T07,corridor-hold,25,Victory,7,0,6,192,82,960,2,58,-1,,1,3,0,4240530976
gym-crucible-defend/T07,corridor-hold,26,Victory,7,0,6,192,65,778,2,66,-1,,1,4,0,776987460
gym-crucible-defend/T07,corridor-hold,27,Victory,7,0,6,192,65,846,3,100,-1,,1,5,0,2162719400
gym-crucible-defend/T07,corridor-hold,28,Defeat,3,0,3,96,22,1113,2,58,-1,,1,2,1,2950468649
gym-crucible-defend/T07,corridor-hold,29,Victory,7,0,6,168,57,719,2,71,-1,,1,5,0,497766795
gym-crucible-defend/T07,corridor-hold,30,Victory,7,0,6,192,80,894,4,129,-1,,1,8,1,3671369756
gym-crucible-defend/T07,corridor-hold,31,Victory,7,0,6,192,63,924,1,75,-1,,1,6,0,3466177652
gym-crucible-defend/T07,corridor-hold,32,Defeat,6,0,6,192,60,926,3,129,-1,,1,7,0,3041813565
gym-crucible-defend/T07,corridor-hold,33,Victory,7,0,6,192,66,894,2,70,-1,,1,4,0,359138914
gym-crucible-defend/T07,corridor-hold,34,Victory,7,0,6,192,52,968,1,62,-1,,1,4,0,3976374249
gym-crucible-defend/T07,corridor-hold,35,Victory,7,0,6,192,53,802,4,141,-1,,1,8,1,1308468042
gym-crucible-defend/T07,corridor-hold,36,Defeat,6,0,6,192,53,901,3,133,-1,,1,7,0,550856641
gym-crucible-defend/T07,corridor-hold,37,Victory,7,0,6,192,85,949,2,79,-1,,1,4,1,1985230513
gym-crucible-defend/T07,corridor-hold,38,Defeat,3,0,3,96,22,1089,2,50,-1,,1,2,1,3087976591
gym-crucible-defend/T07,corridor-hold,39,Victory,7,0,6,192,64,823,2,104,-1,,1,7,0,1011399527
gym-crucible-defend/T07,corridor-hold,40,Victory,7,0,6,192,74,833,2,91,-1,,1,5,0,220696406
gym-crucible-defend/T07,corridor-hold,41,Victory,7,0,6,168,54,655,2,100,-1,,1,7,0,1052610295
gym-crucible-defend/T07,corridor-hold,42,Victory,7,0,6,192,64,902,2,87,-1,,1,5,0,1807909454
gym-crucible-defend/T07,corridor-hold,43,Victory,7,0,6,184,58,856,2,78,-1,,1,4,0,954878906
gym-crucible-defend/T07,corridor-hold,44,Victory,7,0,6,192,69,837,2,100,-1,,1,6,0,11074334
gym-crucible-defend/T07,corridor-hold,45,Victory,7,0,6,192,84,950,1,79,-1,,1,5,0,463655898
gym-crucible-defend/T07,corridor-hold,46,Victory,7,0,6,192,75,843,2,100,-1,,1,6,0,1766869797
gym-crucible-defend/T07,corridor-hold,47,Victory,7,0,6,192,93,766,3,100,-1,,1,5,0,201271182
gym-crucible-defend/T07,corridor-hold,48,Victory,7,0,6,192,75,970,1,41,-1,,1,3,0,1570258957
gym-crucible-defend/T07,corridor-hold,49,Victory,7,0,6,192,82,931,2,100,-1,,1,5,0,2999868388
gym-crucible-defend/T07,corridor-hold,50,Victory,7,0,6,168,60,820,1,85,-1,,1,5,0,1711674672
gym-crucible-defend/T08,control-hold,1,Victory,7,0,6,192,79,751,2,87,-1,,1,5,0,452804195
gym-crucible-defend/T08,control-hold,2,Victory,7,0,6,192,96,851,3,95,-1,,1,5,1,807767358
gym-crucible-defend/T08,control-hold,3,Defeat,3,0,3,96,19,1050,2,66,-1,,1,2,1,3387093320
gym-crucible-defend/T08,control-hold,4,Victory,7,0,6,184,52,824,3,104,-1,,1,6,1,633677536
gym-crucible-defend/T08,control-hold,5,Victory,7,0,6,192,87,800,2,87,-1,,1,5,0,1638323441
gym-crucible-defend/T08,control-hold,6,Defeat,6,0,6,192,41,924,3,95,-1,,1,5,0,630405809
gym-crucible-defend/T08,control-hold,7,Victory,7,0,6,192,68,813,2,100,-1,,1,6,0,92847247
gym-crucible-defend/T08,control-hold,8,Victory,7,0,6,192,57,762,2,75,-1,,1,5,0,2651064337
gym-crucible-defend/T08,control-hold,9,Victory,7,0,6,192,51,942,1,58,-1,,1,4,0,2986239845
gym-crucible-defend/T08,control-hold,10,Victory,7,0,6,192,49,541,3,120,-1,,1,7,0,16400823
gym-crucible-defend/T08,control-hold,11,Victory,7,0,6,192,99,861,3,95,-1,,1,5,1,1798083274
gym-crucible-defend/T08,control-hold,12,Victory,7,0,6,192,79,770,2,75,-1,,1,4,0,559960088
gym-crucible-defend/T08,control-hold,13,Victory,7,0,6,192,68,926,2,66,-1,,1,3,0,723847152
gym-crucible-defend/T08,control-hold,14,Victory,7,0,6,192,68,912,2,79,-1,,1,4,0,3200620292
gym-crucible-defend/T08,control-hold,15,Victory,7,0,6,184,50,744,2,73,-1,,1,4,0,1842846055
gym-crucible-defend/T08,control-hold,16,Victory,7,0,6,192,68,748,2,91,-1,,1,5,0,2328046941
gym-crucible-defend/T08,control-hold,17,Defeat,5,0,5,152,45,770,4,110,-1,,1,5,1,1872070988
gym-crucible-defend/T08,control-hold,18,Victory,7,0,6,192,74,811,2,75,-1,,1,4,0,3387612592
gym-crucible-defend/T08,control-hold,19,Victory,7,0,6,192,69,747,2,62,-1,,1,3,0,811781997
gym-crucible-defend/T08,control-hold,20,Victory,7,0,6,192,52,779,1,70,-1,,1,5,0,2693171594
gym-crucible-defend/T08,control-hold,21,Victory,7,0,6,192,58,836,2,45,-1,,1,3,0,3937875792
gym-crucible-defend/T08,control-hold,22,Victory,7,0,6,192,64,788,2,83,-1,,1,5,0,2046063118
gym-crucible-defend/T08,control-hold,23,Victory,7,0,6,184,73,740,3,108,-1,,1,5,0,1310052675
gym-crucible-defend/T08,control-hold,24,Victory,7,0,6,192,78,865,2,83,-1,,1,4,0,395835248
gym-crucible-defend/T08,control-hold,25,Victory,7,0,6,168,50,816,1,61,-1,,1,4,0,3711185156
gym-crucible-defend/T08,control-hold,26,Victory,7,0,6,192,77,875,2,79,-1,,1,4,0,2016183617
gym-crucible-defend/T08,control-hold,27,Defeat,6,0,6,184,43,893,2,73,-1,,1,4,0,2649457106
gym-crucible-defend/T08,control-hold,28,Defeat,3,0,3,96,19,1050,2,58,-1,,1,2,1,633314874
gym-crucible-defend/T08,control-hold,29,Victory,7,0,6,168,44,789,2,57,-1,,1,4,0,3678501522
gym-crucible-defend/T08,control-hold,30,Defeat,4,0,4,120,56,930,3,80,-1,,1,3,1,3375106353
gym-crucible-defend/T08,control-hold,31,Victory,7,0,6,192,70,891,2,91,-1,,1,5,0,3661819881
gym-crucible-defend/T08,control-hold,32,Victory,7,0,6,192,68,934,1,75,-1,,1,5,0,249790068
gym-crucible-defend/T08,control-hold,33,Victory,7,0,6,192,67,930,1,58,-1,,1,4,0,1885192061
gym-crucible-defend/T08,control-hold,34,Victory,7,0,6,192,52,878,1,62,-1,,1,4,0,2079726766
gym-crucible-defend/T08,control-hold,35,Victory,7,0,6,192,72,839,2,104,-1,,1,6,0,2790391093
gym-crucible-defend/T08,control-hold,36,Defeat,6,0,6,192,53,701,3,120,-1,,1,7,0,2796353542
gym-crucible-defend/T08,control-hold,37,Victory,7,0,6,192,71,1058,1,33,-1,,1,2,0,3738554098
gym-crucible-defend/T08,control-hold,38,Defeat,3,0,3,96,22,1089,2,50,-1,,1,2,1,4130978660
gym-crucible-defend/T08,control-hold,39,Victory,7,0,6,192,81,812,2,91,-1,,1,5,0,1376790982
gym-crucible-defend/T08,control-hold,40,Victory,7,0,6,192,77,922,1,66,-1,,1,5,0,266578428
gym-crucible-defend/T08,control-hold,41,Victory,7,0,6,168,48,693,2,104,-1,,1,7,0,541824005
gym-crucible-defend/T08,control-hold,42,Victory,7,0,6,184,62,910,1,60,-1,,1,4,0,1537352193
gym-crucible-defend/T08,control-hold,43,Victory,7,0,6,192,53,798,2,79,-1,,1,4,0,2700387912
gym-crucible-defend/T08,control-hold,44,Victory,7,0,6,192,67,926,3,104,-1,,1,6,1,4272575166
gym-crucible-defend/T08,control-hold,45,Victory,7,0,6,192,82,928,1,79,-1,,1,5,0,1072578315
gym-crucible-defend/T08,control-hold,46,Victory,7,0,6,192,78,854,1,75,-1,,1,5,0,3927048314
gym-crucible-defend/T08,control-hold,47,Victory,7,0,6,192,93,766,3,100,-1,,1,5,0,1715994517
gym-crucible-defend/T08,control-hold,48,Victory,7,0,6,192,84,930,1,45,-1,,1,3,0,2998284869
gym-crucible-defend/T08,control-hold,49,Victory,7,0,6,192,84,888,2,95,-1,,1,5,0,2648564227
gym-crucible-defend/T08,control-hold,50,Victory,7,0,6,168,55,727,2,109,-1,,1,6,0,4240483734
gym-crucible-defend/T08,corridor-hold,1,Victory,7,0,6,192,79,751,2,87,-1,,1,5,0,452804195
gym-crucible-defend/T08,corridor-hold,2,Victory,7,0,6,192,96,851,3,95,-1,,1,5,1,807767358
gym-crucible-defend/T08,corridor-hold,3,Defeat,3,0,3,96,19,1050,2,66,-1,,1,2,1,3387093320
gym-crucible-defend/T08,corridor-hold,4,Victory,7,0,6,184,52,824,3,104,-1,,1,6,1,633677536
gym-crucible-defend/T08,corridor-hold,5,Victory,7,0,6,192,87,800,2,87,-1,,1,5,0,1638323441
gym-crucible-defend/T08,corridor-hold,6,Defeat,6,0,6,192,41,924,3,95,-1,,1,5,0,630405809
gym-crucible-defend/T08,corridor-hold,7,Victory,7,0,6,192,68,813,2,100,-1,,1,6,0,92847247
gym-crucible-defend/T08,corridor-hold,8,Victory,7,0,6,192,57,762,2,75,-1,,1,5,0,2651064337
gym-crucible-defend/T08,corridor-hold,9,Victory,7,0,6,192,51,942,1,58,-1,,1,4,0,2986239845
gym-crucible-defend/T08,corridor-hold,10,Victory,7,0,6,192,49,541,3,120,-1,,1,7,0,16400823
gym-crucible-defend/T08,corridor-hold,11,Victory,7,0,6,192,99,861,3,95,-1,,1,5,1,1798083274
gym-crucible-defend/T08,corridor-hold,12,Victory,7,0,6,192,79,770,2,75,-1,,1,4,0,559960088
gym-crucible-defend/T08,corridor-hold,13,Victory,7,0,6,192,68,926,2,66,-1,,1,3,0,723847152
gym-crucible-defend/T08,corridor-hold,14,Victory,7,0,6,192,68,912,2,79,-1,,1,4,0,3200620292
gym-crucible-defend/T08,corridor-hold,15,Victory,7,0,6,184,50,744,2,73,-1,,1,4,0,1842846055
gym-crucible-defend/T08,corridor-hold,16,Victory,7,0,6,192,68,748,2,91,-1,,1,5,0,2328046941
gym-crucible-defend/T08,corridor-hold,17,Defeat,5,0,5,152,45,770,4,110,-1,,1,5,1,1872070988
gym-crucible-defend/T08,corridor-hold,18,Victory,7,0,6,192,74,811,2,75,-1,,1,4,0,3387612592
gym-crucible-defend/T08,corridor-hold,19,Victory,7,0,6,192,69,747,2,62,-1,,1,3,0,811781997
gym-crucible-defend/T08,corridor-hold,20,Victory,7,0,6,192,52,779,1,70,-1,,1,5,0,2693171594
gym-crucible-defend/T08,corridor-hold,21,Victory,7,0,6,192,58,836,2,45,-1,,1,3,0,3937875792
gym-crucible-defend/T08,corridor-hold,22,Victory,7,0,6,192,64,788,2,83,-1,,1,5,0,2046063118
gym-crucible-defend/T08,corridor-hold,23,Victory,7,0,6,184,73,740,3,108,-1,,1,5,0,1310052675
gym-crucible-defend/T08,corridor-hold,24,Victory,7,0,6,192,78,865,2,83,-1,,1,4,0,395835248
gym-crucible-defend/T08,corridor-hold,25,Victory,7,0,6,168,50,816,1,61,-1,,1,4,0,3711185156
gym-crucible-defend/T08,corridor-hold,26,Victory,7,0,6,192,77,875,2,79,-1,,1,4,0,2016183617
gym-crucible-defend/T08,corridor-hold,27,Defeat,6,0,6,184,43,893,2,73,-1,,1,4,0,2649457106
gym-crucible-defend/T08,corridor-hold,28,Defeat,3,0,3,96,19,1050,2,58,-1,,1,2,1,633314874
gym-crucible-defend/T08,corridor-hold,29,Victory,7,0,6,168,44,789,2,57,-1,,1,4,0,3678501522
gym-crucible-defend/T08,corridor-hold,30,Defeat,4,0,4,120,56,930,3,80,-1,,1,3,1,3375106353
gym-crucible-defend/T08,corridor-hold,31,Victory,7,0,6,192,70,891,2,91,-1,,1,5,0,3661819881
gym-crucible-defend/T08,corridor-hold,32,Victory,7,0,6,192,68,934,1,75,-1,,1,5,0,249790068
gym-crucible-defend/T08,corridor-hold,33,Victory,7,0,6,192,67,930,1,58,-1,,1,4,0,1885192061
gym-crucible-defend/T08,corridor-hold,34,Victory,7,0,6,192,52,878,1,62,-1,,1,4,0,2079726766
gym-crucible-defend/T08,corridor-hold,35,Victory,7,0,6,192,72,839,2,104,-1,,1,6,0,2790391093
gym-crucible-defend/T08,corridor-hold,36,Defeat,6,0,6,192,53,701,3,120,-1,,1,7,0,2796353542
gym-crucible-defend/T08,corridor-hold,37,Victory,7,0,6,192,71,1058,1,33,-1,,1,2,0,3738554098
gym-crucible-defend/T08,corridor-hold,38,Defeat,3,0,3,96,22,1089,2,50,-1,,1,2,1,4130978660
gym-crucible-defend/T08,corridor-hold,39,Victory,7,0,6,192,81,812,2,91,-1,,1,5,0,1376790982
gym-crucible-defend/T08,corridor-hold,40,Victory,7,0,6,192,77,922,1,66,-1,,1,5,0,266578428
gym-crucible-defend/T08,corridor-hold,41,Victory,7,0,6,168,48,693,2,104,-1,,1,7,0,541824005
gym-crucible-defend/T08,corridor-hold,42,Victory,7,0,6,184,62,910,1,60,-1,,1,4,0,1537352193
gym-crucible-defend/T08,corridor-hold,43,Victory,7,0,6,192,53,798,2,79,-1,,1,4,0,2700387912
gym-crucible-defend/T08,corridor-hold,44,Victory,7,0,6,192,67,926,3,104,-1,,1,6,1,4272575166
gym-crucible-defend/T08,corridor-hold,45,Victory,7,0,6,192,82,928,1,79,-1,,1,5,0,1072578315
gym-crucible-defend/T08,corridor-hold,46,Victory,7,0,6,192,78,854,1,75,-1,,1,5,0,3927048314
gym-crucible-defend/T08,corridor-hold,47,Victory,7,0,6,192,93,766,3,100,-1,,1,5,0,1715994517
gym-crucible-defend/T08,corridor-hold,48,Victory,7,0,6,192,84,930,1,45,-1,,1,3,0,2998284869
gym-crucible-defend/T08,corridor-hold,49,Victory,7,0,6,192,84,888,2,95,-1,,1,5,0,2648564227
gym-crucible-defend/T08,corridor-hold,50,Victory,7,0,6,168,55,727,2,109,-1,,1,6,0,4240483734
gym-crucible-defend/T09,control-hold,1,Victory,7,0,6,192,78,840,2,95,-1,,1,5,0,3423281475
gym-crucible-defend/T09,control-hold,2,Victory,7,0,6,192,77,1043,3,91,-1,,1,5,1,574628448
gym-crucible-defend/T09,control-hold,3,Victory,7,0,6,192,48,1001,2,116,-1,,1,8,1,2432552514
gym-crucible-defend/T09,control-hold,4,Victory,7,0,6,192,54,803,3,141,-1,,1,7,0,3799834933
gym-crucible-defend/T09,control-hold,5,Victory,7,0,6,192,82,785,2,87,-1,,1,5,0,1350025058
gym-crucible-defend/T09,control-hold,6,Victory,7,0,6,184,51,678,2,95,-1,,1,6,0,2149766704
gym-crucible-defend/T09,control-hold,7,Victory,7,0,6,192,60,938,2,108,-1,,1,7,0,564510446
gym-crucible-defend/T09,control-hold,8,Victory,7,0,6,192,59,831,2,79,-1,,1,5,0,2465691896
gym-crucible-defend/T09,control-hold,9,Victory,7,0,6,192,63,911,2,100,-1,,1,6,0,1687102369
gym-crucible-defend/T09,control-hold,10,Victory,7,0,6,192,42,922,3,116,-1,,1,8,1,3259815527
gym-crucible-defend/T09,control-hold,11,Victory,7,0,6,192,91,973,3,95,-1,,1,5,1,2410805994
gym-crucible-defend/T09,control-hold,12,Victory,7,0,6,192,73,1002,2,87,-1,,1,5,0,1840034577
gym-crucible-defend/T09,control-hold,13,Victory,7,0,6,168,63,729,3,100,-1,,1,6,1,2206211466
gym-crucible-defend/T09,control-hold,14,Victory,7,0,6,192,60,887,3,120,-1,,1,6,0,687837676
gym-crucible-defend/T09,control-hold,15,Victory,7,0,6,192,58,999,2,95,-1,,1,5,0,1028376177
gym-crucible-defend/T09,control-hold,16,Victory,7,0,6,192,64,943,2,100,-1,,1,6,0,308326767
gym-crucible-defend/T09,control-hold,17,Victory,7,0,6,192,58,946,2,100,-1,,1,6,0,606376399
gym-crucible-defend/T09,control-hold,18,Victory,7,0,6,192,70,1003,2,79,-1,,1,4,0,183485851
gym-crucible-defend/T09,control-hold,19,Victory,7,0,6,192,66,1032,2,91,-1,,1,5,0,2243878671
gym-crucible-defend/T09,control-hold,20,Victory,7,0,6,192,51,929,3,108,-1,,1,7,0,1834807158
gym-crucible-defend/T09,control-hold,21,Victory,7,0,6,192,58,931,3,133,-1,,1,7,0,1523967334
gym-crucible-defend/T09,control-hold,22,Victory,7,0,6,192,63,1000,4,120,-1,,1,8,0,2559381317
gym-crucible-defend/T09,control-hold,23,Victory,7,0,6,192,70,872,2,79,-1,,1,4,0,1466544557
gym-crucible-defend/T09,control-hold,24,Victory,7,0,6,192,70,861,3,125,-1,,1,6,0,1662295442
gym-crucible-defend/T09,control-hold,25,Defeat,2,0,2,64,15,1125,1,50,-1,,1,1,0,2065362890
gym-crucible-defend/T09,control-hold,26,Victory,7,0,6,168,56,778,3,100,-1,,1,7,0,4029315188
gym-crucible-defend/T09,control-hold,27,Defeat,6,0,6,168,51,899,4,104,-1,,1,7,0,765452043
gym-crucible-defend/T09,control-hold,28,Defeat,3,0,3,96,20,1113,2,58,-1,,1,2,1,2539793369
gym-crucible-defend/T09,control-hold,29,Defeat,3,0,3,96,22,1047,2,58,-1,,1,2,1,2184184660
gym-crucible-defend/T09,control-hold,30,Victory,7,0,6,192,58,988,4,133,-1,,1,8,0,3528433414
gym-crucible-defend/T09,control-hold,31,Victory,7,0,6,168,43,671,2,100,-1,,1,6,0,3094133701
gym-crucible-defend/T09,control-hold,32,Victory,7,0,6,184,44,770,4,139,-1,,1,8,0,3875688354
gym-crucible-defend/T09,control-hold,33,Defeat,6,0,6,168,49,867,2,80,-1,,1,5,0,943647958
gym-crucible-defend/T09,control-hold,34,Victory,7,0,6,192,53,980,3,120,-1,,1,6,0,1451335355
gym-crucible-defend/T09,control-hold,35,Victory,7,0,6,192,63,962,4,141,-1,,1,8,1,772859207
gym-crucible-defend/T09,control-hold,36,Defeat,3,0,3,96,26,1120,2,75,-1,,1,2,1,1557138111
gym-crucible-defend/T09,control-hold,37,Victory,7,0,6,192,66,974,3,104,-1,,1,5,0,1280534719
gym-crucible-defend/T09,control-hold,38,Victory,7,0,6,192,38,913,2,112,-1,,1,8,0,1549918716
gym-crucible-defend/T09,control-hold,39,Victory,7,0,6,192,79,812,2,62,-1,,1,4,0,3449297359
gym-crucible-defend/T09,control-hold,40,Victory,7,0,6,192,74,906,2,100,-1,,1,5,0,399269936
gym-crucible-defend/T09,control-hold,41,Victory,7,0,6,192,53,803,3,120,-1,,1,7,0,114607576
gym-crucible-defend/T09,control-hold,42,Victory,7,0,6,192,73,987,2,83,-1,,1,4,0,2751799513
gym-crucible-defend/T09,control-hold,43,Victory,7,0,6,192,65,990,1,79,-1,,1,5,0,3335427883
gym-crucible-defend/T09,control-hold,44,Victory,7,0,6,192,65,966,4,145,-1,,1,8,0,1505925044
gym-crucible-defend/T09,control-hold,45,Victory,7,0,6,184,63,803,2,100,-1,,1,6,0,2555378649
gym-crucible-defend/T09,control-hold,46,Victory,7,0,6,192,64,911,2,95,-1,,1,6,0,1698729114
gym-crucible-defend/T09,control-hold,47,Victory,7,0,6,192,77,693,2,87,-1,,1,5,0,1317304388
gym-crucible-defend/T09,control-hold,48,Victory,7,0,6,184,67,797,3,91,-1,,1,5,0,2364025161
gym-crucible-defend/T09,control-hold,49,Victory,7,0,6,192,79,947,3,91,-1,,1,5,1,3756174345
gym-crucible-defend/T09,control-hold,50,Victory,7,0,6,184,86,750,3,104,-1,,1,6,1,2121561912
gym-crucible-defend/T09,corridor-hold,1,Victory,7,0,6,192,78,840,2,95,-1,,1,5,0,3423281475
gym-crucible-defend/T09,corridor-hold,2,Victory,7,0,6,192,86,979,3,91,-1,,1,5,1,515022969
gym-crucible-defend/T09,corridor-hold,3,Victory,7,0,6,192,55,943,2,116,-1,,1,8,0,3276596053
gym-crucible-defend/T09,corridor-hold,4,Victory,7,0,6,192,53,837,2,133,-1,,1,8,0,3656789406
gym-crucible-defend/T09,corridor-hold,5,Victory,7,0,6,192,85,725,2,87,-1,,1,5,0,1973271250
gym-crucible-defend/T09,corridor-hold,6,Victory,7,0,6,184,46,665,2,95,-1,,1,6,0,2663573390
gym-crucible-defend/T09,corridor-hold,7,Victory,7,0,6,192,63,938,2,100,-1,,1,7,0,1681397720
gym-crucible-defend/T09,corridor-hold,8,Victory,7,0,6,192,59,831,2,79,-1,,1,5,0,2465691896
gym-crucible-defend/T09,corridor-hold,9,Victory,7,0,6,184,54,862,1,69,-1,,1,5,0,3238097395
gym-crucible-defend/T09,corridor-hold,10,Victory,7,0,6,192,42,811,2,112,-1,,1,8,1,2651645396
gym-crucible-defend/T09,corridor-hold,11,Victory,7,0,6,192,97,947,3,95,-1,,1,5,1,937296194
gym-crucible-defend/T09,corridor-hold,12,Victory,7,0,6,192,90,823,3,104,-1,,1,5,0,3909572778
gym-crucible-defend/T09,corridor-hold,13,Victory,7,0,6,168,48,753,2,100,-1,,1,6,0,1270483955
gym-crucible-defend/T09,corridor-hold,14,Victory,7,0,6,192,61,875,2,79,-1,,1,5,0,3666188481
gym-crucible-defend/T09,corridor-hold,15,Victory,7,0,6,192,66,890,3,108,-1,,1,5,0,2757704188
gym-crucible-defend/T09,corridor-hold,16,Defeat,6,0,6,192,64,917,2,91,-1,,1,6,0,3791101631
gym-crucible-defend/T09,corridor-hold,17,Victory,7,0,6,192,63,907,3,133,-1,,1,7,0,634786438
gym-crucible-defend/T09,corridor-hold,18,Victory,7,0,6,192,77,897,2,79,-1,,1,4,0,924666298
gym-crucible-defend/T09,corridor-hold,19,Defeat,3,0,3,96,25,1111,2,66,-1,,1,2,1,1614495182
gym-crucible-defend/T09,corridor-hold,20,Victory,7,0,6,192,63,801,2,87,-1,,1,5,0,2087994100
gym-crucible-defend/T09,corridor-hold,21,Victory,7,0,6,192,67,889,2,125,-1,,1,7,0,3398849331
gym-crucible-defend/T09,corridor-hold,22,Victory,7,0,6,192,49,703,3,133,-1,,1,8,0,4013025285
gym-crucible-defend/T09,corridor-hold,23,Victory,7,0,6,192,70,837,2,79,-1,,1,4,0,708147684
gym-crucible-defend/T09,corridor-hold,24,Victory,7,0,6,192,79,645,3,116,-1,,1,6,0,1094484334
gym-crucible-defend/T09,corridor-hold,25,Victory,7,0,6,192,50,843,2,87,-1,,1,5,0,3782465236
gym-crucible-defend/T09,corridor-hold,26,Victory,7,0,6,168,55,681,3,109,-1,,1,7,0,2969665715
gym-crucible-defend/T09,corridor-hold,27,Defeat,6,0,6,168,55,891,4,109,-1,,1,7,0,2561461613
gym-crucible-defend/T09,corridor-hold,28,Defeat,3,0,3,96,20,1113,2,58,-1,,1,2,1,2539793369
gym-crucible-defend/T09,corridor-hold,29,Victory,7,0,6,168,50,681,2,85,-1,,1,5,0,2670613540
gym-crucible-defend/T09,corridor-hold,30,Victory,7,0,6,192,66,922,3,129,-1,,1,8,1,3237697609
gym-crucible-defend/T09,corridor-hold,31,Victory,7,0,6,168,43,671,2,100,-1,,1,6,0,1759201386
gym-crucible-defend/T09,corridor-hold,32,Victory,7,0,6,192,49,826,2,116,-1,,1,8,0,2104896302
gym-crucible-defend/T09,corridor-hold,33,Defeat,6,0,6,168,49,867,2,80,-1,,1,5,0,2611936467
gym-crucible-defend/T09,corridor-hold,34,Victory,7,0,6,192,53,930,3,112,-1,,1,6,0,1588510999
gym-crucible-defend/T09,corridor-hold,35,Victory,7,0,6,192,63,852,4,141,-1,,1,8,1,2346613620
gym-crucible-defend/T09,corridor-hold,36,Victory,7,0,6,192,60,896,2,95,-1,,1,6,0,2814825958
gym-crucible-defend/T09,corridor-hold,37,Victory,7,0,6,192,71,916,3,104,-1,,1,5,0,1453656191
gym-crucible-defend/T09,corridor-hold,38,Victory,7,0,6,192,60,816,2,66,-1,,1,4,0,502524116
gym-crucible-defend/T09,corridor-hold,39,Victory,7,0,6,192,76,700,2,70,-1,,1,4,0,1068535375
gym-crucible-defend/T09,corridor-hold,40,Victory,7,0,6,192,77,864,2,91,-1,,1,5,0,3052236662
gym-crucible-defend/T09,corridor-hold,41,Victory,7,0,6,192,46,802,2,91,-1,,1,6,0,2023618869
gym-crucible-defend/T09,corridor-hold,42,Victory,7,0,6,192,76,950,2,83,-1,,1,4,0,1652388132
gym-crucible-defend/T09,corridor-hold,43,Victory,7,0,6,192,74,910,1,79,-1,,1,5,0,468326407
gym-crucible-defend/T09,corridor-hold,44,Victory,7,0,6,192,61,790,2,100,-1,,1,6,0,2685122431
gym-crucible-defend/T09,corridor-hold,45,Victory,7,0,6,192,68,760,1,87,-1,,1,6,0,1688858287
gym-crucible-defend/T09,corridor-hold,46,Victory,7,0,6,192,88,630,2,104,-1,,1,7,0,923304966
gym-crucible-defend/T09,corridor-hold,47,Victory,7,0,6,192,80,924,1,75,-1,,1,5,0,1139911245
gym-crucible-defend/T09,corridor-hold,48,Victory,7,0,6,184,70,713,3,95,-1,,1,5,0,3359320834
gym-crucible-defend/T09,corridor-hold,49,Victory,7,0,6,192,86,913,3,95,-1,,1,5,1,22349619
gym-crucible-defend/T09,corridor-hold,50,Defeat,5,0,5,152,50,950,4,115,-1,,1,5,1,291546519
gym-crucible-defend/T10,control-hold,1,Victory,7,0,6,192,55,795,2,79,-1,,1,4,0,1399780804
gym-crucible-defend/T10,control-hold,2,Victory,7,0,6,192,84,949,3,95,-1,,1,5,1,1374259133
gym-crucible-defend/T10,control-hold,3,Defeat,3,0,3,96,17,1050,2,66,-1,,1,2,1,2750300200
gym-crucible-defend/T10,control-hold,4,Victory,7,0,6,192,53,650,4,137,-1,,1,8,0,19762935
gym-crucible-defend/T10,control-hold,5,Victory,7,0,6,192,67,831,2,66,-1,,1,4,0,4209591400
gym-crucible-defend/T10,control-hold,6,Victory,7,0,6,192,45,578,2,95,-1,,1,6,0,4256707223
gym-crucible-defend/T10,control-hold,7,Victory,7,0,6,176,56,637,3,150,-1,,1,8,1,4005435961
gym-crucible-defend/T10,control-hold,8,Victory,7,0,6,192,55,884,2,62,-1,,1,4,0,2132145824
gym-crucible-defend/T10,control-hold,9,Victory,7,0,6,168,70,630,3,128,-1,,1,7,1,846451699
gym-crucible-defend/T10,control-hold,10,Victory,7,0,6,192,39,668,2,116,-1,,1,7,0,3866754630
gym-crucible-defend/T10,control-hold,11,Victory,7,0,6,192,91,839,3,95,-1,,1,5,1,1796267197
gym-crucible-defend/T10,control-hold,12,Victory,7,0,6,192,82,900,3,104,-1,,1,5,0,2412800510
gym-crucible-defend/T10,control-hold,13,Victory,7,0,6,184,54,675,2,126,-1,,1,8,0,310096794
gym-crucible-defend/T10,control-hold,14,Victory,7,0,6,192,55,882,2,108,-1,,1,6,0,1187709616
gym-crucible-defend/T10,control-hold,15,Victory,7,0,6,192,66,945,2,70,-1,,1,4,0,4117819925
gym-crucible-defend/T10,control-hold,16,Victory,7,0,6,192,63,834,2,108,-1,,1,6,0,4050277600
gym-crucible-defend/T10,control-hold,17,Victory,7,0,6,192,55,796,2,95,-1,,1,6,0,2366853662
gym-crucible-defend/T10,control-hold,18,Victory,7,0,6,192,68,839,2,79,-1,,1,4,0,1719070267
gym-crucible-defend/T10,control-hold,19,Defeat,2,0,2,64,17,1125,1,62,-1,,1,1,0,937912338
gym-crucible-defend/T10,control-hold,20,Victory,7,0,6,184,52,630,2,113,-1,,1,7,0,769009308
gym-crucible-defend/T10,control-hold,21,Victory,7,0,6,184,52,550,3,130,-1,,1,7,0,3655195421
gym-crucible-defend/T10,control-hold,22,Victory,7,0,6,192,56,695,4,116,-1,,1,8,0,17062889
gym-crucible-defend/T10,control-hold,23,Defeat,6,0,6,184,63,650,4,139,-1,,1,8,0,1887413614
gym-crucible-defend/T10,control-hold,24,Victory,7,0,6,192,64,742,2,100,-1,,1,6,1,2268079748
gym-crucible-defend/T10,control-hold,25,Victory,7,0,6,184,59,627,3,134,-1,,1,7,0,1065553185
gym-crucible-defend/T10,control-hold,26,Victory,7,0,6,168,59,714,3,100,-1,,1,7,0,3973202321
gym-crucible-defend/T10,control-hold,27,Victory,7,0,6,152,49,583,3,115,-1,,1,8,0,4080900690
gym-crucible-defend/T10,control-hold,28,Defeat,3,0,3,96,17,1050,2,58,-1,,1,2,1,949384794
gym-crucible-defend/T10,control-hold,29,Defeat,3,0,3,96,22,1047,2,58,-1,,1,2,1,3925036351
gym-crucible-defend/T10,control-hold,30,Victory,7,0,6,192,54,722,2,95,-1,,1,6,0,3025657153
gym-crucible-defend/T10,control-hold,31,Victory,7,0,6,192,65,645,4,125,-1,,1,8,0,3649165453
gym-crucible-defend/T10,control-hold,32,Victory,7,0,6,192,38,832,2,120,-1,,1,7,0,1660567704
gym-crucible-defend/T10,control-hold,33,Defeat,6,0,6,168,43,843,2,80,-1,,1,5,0,600671335
gym-crucible-defend/T10,control-hold,34,Victory,7,0,6,192,54,785,2,83,-1,,1,5,0,3658933281
gym-crucible-defend/T10,control-hold,35,Victory,7,0,6,192,63,700,4,145,-1,,1,8,0,193984250
gym-crucible-defend/T10,control-hold,36,Defeat,3,0,3,96,26,1070,2,75,-1,,1,2,1,1722540720
gym-crucible-defend/T10,control-hold,37,Victory,7,0,6,192,72,918,3,95,-1,,1,5,1,4239080818
gym-crucible-defend/T10,control-hold,38,Victory,7,0,6,192,43,486,4,133,-1,,1,8,0,814091670
gym-crucible-defend/T10,control-hold,39,Victory,7,0,6,192,69,790,2,75,-1,,1,4,0,1283388359
gym-crucible-defend/T10,control-hold,40,Victory,7,0,6,192,77,920,2,75,-1,,1,5,0,2400384681
gym-crucible-defend/T10,control-hold,41,Victory,7,0,6,192,66,905,3,108,-1,,1,5,0,754956389
gym-crucible-defend/T10,control-hold,42,Victory,7,0,6,192,64,717,2,95,-1,,1,5,0,204852409
gym-crucible-defend/T10,control-hold,43,Victory,7,0,6,192,65,939,1,79,-1,,1,5,0,3423441259
gym-crucible-defend/T10,control-hold,44,Victory,7,0,6,176,61,638,4,154,-1,,1,8,0,2797820617
gym-crucible-defend/T10,control-hold,45,Victory,7,0,6,184,70,735,2,104,-1,,1,6,0,1318152903
gym-crucible-defend/T10,control-hold,46,Victory,7,0,6,192,71,805,3,95,-1,,1,6,1,2485561739
gym-crucible-defend/T10,control-hold,47,Victory,7,0,6,192,77,718,2,87,-1,,1,5,0,3020928856
gym-crucible-defend/T10,control-hold,48,Victory,7,0,6,184,70,725,3,91,-1,,1,5,0,3155887638
gym-crucible-defend/T10,control-hold,49,Victory,7,0,6,192,78,839,3,95,-1,,1,5,1,2525696250
gym-crucible-defend/T10,control-hold,50,Victory,7,0,6,184,84,750,3,104,-1,,1,6,1,4088494979
gym-crucible-defend/T10,corridor-hold,1,Victory,7,0,6,192,55,795,2,75,-1,,1,4,0,2586935692
gym-crucible-defend/T10,corridor-hold,2,Victory,7,0,6,192,83,935,3,91,-1,,1,5,1,339440661
gym-crucible-defend/T10,corridor-hold,3,Defeat,3,0,3,96,17,1050,2,66,-1,,1,2,1,2750300200
gym-crucible-defend/T10,corridor-hold,4,Victory,7,0,6,192,56,728,2,100,-1,,1,6,0,1292089928
gym-crucible-defend/T10,corridor-hold,5,Victory,7,0,6,192,67,766,2,66,-1,,1,4,0,480815101
gym-crucible-defend/T10,corridor-hold,6,Victory,7,0,6,192,45,578,2,95,-1,,1,6,0,4256707223
gym-crucible-defend/T10,corridor-hold,7,Victory,7,0,6,176,56,595,3,136,-1,,1,7,0,897567254
gym-crucible-defend/T10,corridor-hold,8,Victory,7,0,6,192,55,884,2,62,-1,,1,4,0,2132145824
gym-crucible-defend/T10,corridor-hold,9,Victory,7,0,6,192,63,890,2,87,-1,,1,5,0,2042472936
gym-crucible-defend/T10,corridor-hold,10,Victory,7,0,6,192,39,668,2,116,-1,,1,7,0,3866754630
gym-crucible-defend/T10,corridor-hold,11,Victory,7,0,6,192,94,839,3,95,-1,,1,5,1,3717169673
gym-crucible-defend/T10,corridor-hold,12,Victory,7,0,6,192,89,802,3,95,-1,,1,5,0,2594017701
gym-crucible-defend/T10,corridor-hold,13,Victory,7,0,6,192,61,839,1,87,-1,,1,6,0,3104946244
gym-crucible-defend/T10,corridor-hold,14,Victory,7,0,6,192,58,799,2,79,-1,,1,5,0,1525751117
gym-crucible-defend/T10,corridor-hold,15,Victory,7,0,6,192,66,834,2,75,-1,,1,4,0,1374957520
gym-crucible-defend/T10,corridor-hold,16,Defeat,6,0,6,192,61,906,2,91,-1,,1,6,0,697925238
gym-crucible-defend/T10,corridor-hold,17,Victory,7,0,6,192,63,709,3,133,-1,,1,7,0,204451500
gym-crucible-defend/T10,corridor-hold,18,Victory,7,0,6,192,75,882,2,79,-1,,1,4,0,1162105765
gym-crucible-defend/T10,corridor-hold,19,Defeat,2,0,2,64,17,1125,1,62,-1,,1,1,0,2914845757
gym-crucible-defend/T10,corridor-hold,20,Victory,7,0,6,192,55,715,1,70,-1,,1,5,0,4279007701
gym-crucible-defend/T10,corridor-hold,21,Victory,7,0,6,192,66,757,3,120,-1,,1,6,0,3261129666
gym-crucible-defend/T10,corridor-hold,22,Victory,7,0,6,184,51,769,3,108,-1,,1,7,0,2304751885
gym-crucible-defend/T10,corridor-hold,23,Defeat,6,0,6,184,63,650,4,139,-1,,1,8,0,2924040496
gym-crucible-defend/T10,corridor-hold,24,Victory,7,0,6,192,68,775,2,104,-1,,1,6,1,712090944
gym-crucible-defend/T10,corridor-hold,25,Victory,7,0,6,192,69,890,1,79,-1,,1,5,0,3721733445
gym-crucible-defend/T10,corridor-hold,26,Victory,7,0,6,168,55,619,3,109,-1,,1,7,0,3323617370
gym-crucible-defend/T10,corridor-hold,27,Victory,7,0,6,168,49,520,3,100,-1,,1,7,0,3661598186
gym-crucible-defend/T10,corridor-hold,28,Defeat,3,0,3,96,17,1050,2,58,-1,,1,2,1,949384794
gym-crucible-defend/T10,corridor-hold,29,Victory,7,0,6,176,48,610,2,81,-1,,1,5,0,2684078881
gym-crucible-defend/T10,corridor-hold,30,Victory,7,0,6,192,85,840,1,83,-1,,1,5,0,3219041434
gym-crucible-defend/T10,corridor-hold,31,Victory,7,0,6,192,64,975,2,75,-1,,1,4,0,2173225407
gym-crucible-defend/T10,corridor-hold,32,Victory,7,0,6,192,39,635,2,125,-1,,1,8,0,1144050536
gym-crucible-defend/T10,corridor-hold,33,Defeat,6,0,6,168,43,843,2,80,-1,,1,5,0,600671335
gym-crucible-defend/T10,corridor-hold,34,Victory,7,0,6,192,54,785,2,83,-1,,1,5,0,3658933281
gym-crucible-defend/T10,corridor-hold,35,Victory,7,0,6,192,63,854,2,87,-1,,1,5,0,684483887
gym-crucible-defend/T10,corridor-hold,36,Victory,7,0,6,192,57,799,2,95,-1,,1,6,0,3293306091
gym-crucible-defend/T10,corridor-hold,37,Victory,7,0,6,192,76,830,2,91,-1,,1,5,1,3797026129
gym-crucible-defend/T10,corridor-hold,38,Victory,7,0,6,192,63,816,2,66,-1,,1,4,0,1380233207
gym-crucible-defend/T10,corridor-hold,39,Victory,7,0,6,192,66,740,2,75,-1,,1,4,0,213028778
gym-crucible-defend/T10,corridor-hold,40,Victory,7,0,6,192,80,890,2,79,-1,,1,5,0,3406036738
gym-crucible-defend/T10,corridor-hold,41,Victory,7,0,6,192,66,905,3,108,-1,,1,5,0,754956389
gym-crucible-defend/T10,corridor-hold,42,Victory,7,0,6,192,64,717,2,95,-1,,1,5,0,204852409
gym-crucible-defend/T10,corridor-hold,43,Victory,7,0,6,192,71,897,1,79,-1,,1,5,0,1322106287
gym-crucible-defend/T10,corridor-hold,44,Victory,7,0,6,192,58,790,3,108,-1,,1,6,0,1803309141
gym-crucible-defend/T10,corridor-hold,45,Victory,7,0,6,192,68,731,2,104,-1,,1,6,0,3190151769
gym-crucible-defend/T10,corridor-hold,46,Victory,7,0,6,192,82,630,2,104,-1,,1,7,0,2596725396
gym-crucible-defend/T10,corridor-hold,47,Victory,7,0,6,192,83,710,3,100,-1,,1,5,0,237094851
gym-crucible-defend/T10,corridor-hold,48,Victory,7,0,6,184,65,700,3,95,-1,,1,5,0,3576083315
gym-crucible-defend/T10,corridor-hold,49,Victory,7,0,6,192,83,839,3,95,-1,,1,5,1,3717169673
gym-crucible-defend/T10,corridor-hold,50,Defeat,5,0,5,152,49,920,4,105,-1,,1,5,1,1021773341
gym-crucible-defend/T11,control-hold,1,Victory,7,0,6,176,65,825,3,131,-1,,1,7,0,1365752114
gym-crucible-defend/T11,control-hold,2,Victory,7,0,6,192,91,918,3,108,-1,,1,6,1,990792206
gym-crucible-defend/T11,control-hold,3,Victory,7,0,6,192,63,947,3,129,-1,,1,8,1,1429860328
gym-crucible-defend/T11,control-hold,4,Victory,7,0,6,192,57,787,3,145,-1,,1,8,1,2015920480
gym-crucible-defend/T11,control-hold,5,Victory,7,0,6,192,71,930,3,112,-1,,1,6,0,1753532688
gym-crucible-defend/T11,control-hold,6,Victory,7,0,6,192,56,781,3,112,-1,,1,6,0,4145403499
gym-crucible-defend/T11,control-hold,7,Victory,7,0,6,192,58,879,3,108,-1,,1,7,0,577418957
gym-crucible-defend/T11,control-hold,8,Victory,7,0,6,168,41,714,3,128,-1,,1,7,0,2134407980
gym-crucible-defend/T11,control-hold,9,Victory,7,0,6,168,38,763,3,123,-1,,1,7,0,1811325054
gym-crucible-defend/T11,control-hold,10,Victory,7,0,6,192,48,922,3,120,-1,,1,8,1,302330786
gym-crucible-defend/T11,control-hold,11,Defeat,4,0,4,120,50,930,3,80,-1,,1,3,1,2529641710
gym-crucible-defend/T11,control-hold,12,Victory,7,0,6,168,75,736,4,138,-1,,1,8,1,1637972449
gym-crucible-defend/T11,control-hold,13,Victory,7,0,6,192,72,860,2,75,-1,,1,4,0,2980794791
gym-crucible-defend/T11,control-hold,14,Victory,7,0,6,192,67,873,3,133,-1,,1,7,0,3578677972
gym-crucible-defend/T11,control-hold,15,Victory,7,0,6,192,48,1017,2,83,-1,,1,5,0,3525821835
gym-crucible-defend/T11,control-hold,16,Victory,7,0,6,176,75,739,4,136,-1,,1,8,0,285516324
gym-crucible-defend/T11,control-hold,17,Defeat,6,0,6,176,55,825,4,140,-1,,1,8,0,321392759
gym-crucible-defend/T11,control-hold,18,Victory,7,0,6,192,72,908,3,125,-1,,1,6,0,3577115558
gym-crucible-defend/T11,control-hold,19,Defeat,3,0,3,96,27,1111,2,66,-1,,1,2,1,3370237758
gym-crucible-defend/T11,control-hold,20,Victory,7,0,6,192,58,907,2,87,-1,,1,5,0,3416291025
gym-crucible-defend/T11,control-hold,21,Victory,7,0,6,192,63,706,2,108,-1,,1,6,1,2334283317
gym-crucible-defend/T11,control-hold,22,Victory,7,0,6,192,45,734,3,125,-1,,1,8,0,2083345201
gym-crucible-defend/T11,control-hold,23,Defeat,4,0,4,120,40,930,3,93,-1,,1,3,1,3191079855
gym-crucible-defend/T11,control-hold,24,Victory,7,0,6,192,81,860,3,125,-1,,1,6,0,3605124241
gym-crucible-defend/T11,control-hold,25,Victory,7,0,6,192,87,754,4,158,-1,,1,8,0,2439724377
gym-crucible-defend/T11,control-hold,26,Victory,7,0,6,168,60,772,3,104,-1,,1,7,0,4118510560
gym-crucible-defend/T11,control-hold,27,Victory,7,0,6,168,66,785,3,95,-1,,1,7,0,425922614
gym-crucible-defend/T11,control-hold,28,Defeat,3,0,3,96,22,1113,2,58,-1,,1,2,1,3088353369
gym-crucible-defend/T11,control-hold,29,Victory,7,0,6,168,52,841,2,80,-1,,1,6,0,3500347441
gym-crucible-defend/T11,control-hold,30,Victory,7,0,6,192,64,988,4,133,-1,,1,8,0,2233787369
gym-crucible-defend/T11,control-hold,31,Victory,7,0,6,184,55,771,3,104,-1,,1,6,0,3107233578
gym-crucible-defend/T11,control-hold,32,Victory,7,0,6,176,52,812,3,109,-1,,1,8,0,3110685097
gym-crucible-defend/T11,control-hold,33,Victory,7,0,6,168,53,621,3,114,-1,,1,7,0,3096867162
gym-crucible-defend/T11,control-hold,34,Victory,7,0,6,192,49,907,2,120,-1,,1,8,0,3063005170
gym-crucible-defend/T11,control-hold,35,Victory,7,0,6,192,65,1041,3,125,-1,,1,8,0,283808477
gym-crucible-defend/T11,control-hold,36,Defeat,6,0,6,192,58,979,3,137,-1,,1,8,0,1130363459
gym-crucible-defend/T11,control-hold,37,Victory,7,0,6,192,78,1026,3,108,-1,,1,5,0,625764449
gym-crucible-defend/T11,control-hold,38,Defeat,3,0,3,96,22,1089,2,33,-1,,1,2,1,2727154611
gym-crucible-defend/T11,control-hold,39,Defeat,6,0,6,192,62,856,3,129,-1,,1,7,0,1012796729
gym-crucible-defend/T11,control-hold,40,Defeat,4,0,4,120,53,930,3,86,-1,,1,3,1,2439357796
gym-crucible-defend/T11,control-hold,41,Victory,7,0,6,168,54,651,4,138,-1,,1,8,0,1791076496
gym-crucible-defend/T11,control-hold,42,Defeat,4,0,4,120,50,930,3,86,-1,,1,3,1,3930306923
gym-crucible-defend/T11,control-hold,43,Victory,7,0,6,192,69,813,2,91,-1,,1,5,0,1041283477
gym-crucible-defend/T11,control-hold,44,Victory,7,0,6,192,75,1002,4,145,-1,,1,8,0,185661587
gym-crucible-defend/T11,control-hold,45,Victory,7,0,6,168,61,885,2,104,-1,,1,6,0,4029545471
gym-crucible-defend/T11,control-hold,46,Victory,7,0,6,192,74,794,2,120,-1,,1,8,0,504028540
gym-crucible-defend/T11,control-hold,47,Victory,7,0,6,168,59,854,2,104,-1,,1,6,0,2354363468
gym-crucible-defend/T11,control-hold,48,Victory,7,0,6,168,65,797,3,114,-1,,1,6,0,2989625529
gym-crucible-defend/T11,control-hold,49,Defeat,4,0,4,120,42,930,3,86,-1,,1,3,1,437234664
gym-crucible-defend/T11,control-hold,50,Victory,7,0,6,160,51,720,2,85,-1,,1,6,0,2850522063
gym-crucible-defend/T11,corridor-hold,1,Victory,7,0,6,176,65,736,3,131,-1,,1,7,0,3732692259
gym-crucible-defend/T11,corridor-hold,2,Victory,7,0,6,192,93,897,3,104,-1,,1,6,1,1501024888
gym-crucible-defend/T11,corridor-hold,3,Defeat,6,0,6,192,57,1028,3,120,-1,,1,8,0,54796558
gym-crucible-defend/T11,corridor-hold,4,Victory,7,0,6,192,55,811,3,141,-1,,1,8,0,3928808464
gym-crucible-defend/T11,corridor-hold,5,Victory,7,0,6,192,74,837,3,112,-1,,1,6,0,3169796696
gym-crucible-defend/T11,corridor-hold,6,Victory,7,0,6,192,56,711,3,112,-1,,1,6,0,1485111661
gym-crucible-defend/T11,corridor-hold,7,Defeat,6,0,6,184,54,888,3,113,-1,,1,7,0,4286505644
gym-crucible-defend/T11,corridor-hold,8,Victory,7,0,6,168,49,577,3,114,-1,,1,6,0,1348197619
gym-crucible-defend/T11,corridor-hold,9,Victory,7,0,6,168,47,822,3,114,-1,,1,6,0,4128970731
gym-crucible-defend/T11,corridor-hold,10,Victory,7,0,6,192,48,784,3,129,-1,,1,8,0,773521668
gym-crucible-defend/T11,corridor-hold,11,Defeat,4,0,4,120,50,930,3,80,-1,,1,3,1,2529641710
gym-crucible-defend/T11,corridor-hold,12,Defeat,4,0,4,120,47,930,3,93,-1,,1,3,1,4259431154
gym-crucible-defend/T11,corridor-hold,13,Victory,7,0,6,192,72,860,2,75,-1,,1,4,0,2980794791
gym-crucible-defend/T11,corridor-hold,14,Victory,7,0,6,192,69,763,3,133,-1,,1,7,0,3200651601
gym-crucible-defend/T11,corridor-hold,15,Defeat,6,0,6,192,43,861,2,87,-1,,1,5,0,3021995424
gym-crucible-defend/T11,corridor-hold,16,Defeat,6,0,6,176,66,703,2,118,-1,,1,7,0,3887931122
gym-crucible-defend/T11,corridor-hold,17,Defeat,5,0,5,152,45,870,4,110,-1,,1,5,1,2563591403
gym-crucible-defend/T11,corridor-hold,18,Victory,7,0,6,192,72,855,3,125,-1,,1,6,0,2210814572
gym-crucible-defend/T11,corridor-hold,19,Defeat,3,0,3,96,27,1111,2,66,-1,,1,2,1,3370237758
gym-crucible-defend/T11,corridor-hold,20,Victory,7,0,6,192,58,907,2,87,-1,,1,5,0,3416291025
gym-crucible-defend/T11,corridor-hold,21,Victory,7,0,6,192,63,706,2,108,-1,,1,6,1,2334283317
gym-crucible-defend/T11,corridor-hold,22,Victory,7,0,6,176,44,604,4,100,-1,,1,8,1,3354149730
gym-crucible-defend/T11,corridor-hold,23,Defeat,4,0,4,120,40,930,3,93,-1,,1,3,1,3191079855
gym-crucible-defend/T11,corridor-hold,24,Victory,7,0,6,192,86,644,3,116,-1,,1,6,0,3212779254
gym-crucible-defend/T11,corridor-hold,25,Victory,7,0,6,192,62,878,3,116,-1,,1,7,0,2373784296
gym-crucible-defend/T11,corridor-hold,26,Victory,7,0,6,168,63,693,3,104,-1,,1,7,0,3297549295
gym-crucible-defend/T11,corridor-hold,27,Victory,7,0,6,168,57,776,2,95,-1,,1,7,0,4178571516
gym-crucible-defend/T11,corridor-hold,28,Defeat,3,0,3,96,22,1113,2,58,-1,,1,2,1,3088353369
gym-crucible-defend/T11,corridor-hold,29,Victory,7,0,6,168,54,712,2,66,-1,,1,6,0,1931779126
gym-crucible-defend/T11,corridor-hold,30,Victory,7,0,6,192,79,894,4,129,-1,,1,8,1,4128844060
gym-crucible-defend/T11,corridor-hold,31,Victory,7,0,6,184,55,748,3,108,-1,,1,6,0,1259767212
gym-crucible-defend/T11,corridor-hold,32,Victory,7,0,6,184,70,678,3,134,-1,,1,8,0,1281006287
gym-crucible-defend/T11,corridor-hold,33,Victory,7,0,6,168,51,742,3,128,-1,,1,7,0,2015920106
gym-crucible-defend/T11,corridor-hold,34,Victory,7,0,6,192,54,748,2,125,-1,,1,7,0,2222422244
gym-crucible-defend/T11,corridor-hold,35,Victory,7,0,6,192,52,802,4,141,-1,,1,8,1,583663929
gym-crucible-defend/T11,corridor-hold,36,Victory,7,0,6,192,64,810,3,137,-1,,1,8,0,4061159811
gym-crucible-defend/T11,corridor-hold,37,Victory,7,0,6,192,77,949,3,104,-1,,1,5,0,4028374661
gym-crucible-defend/T11,corridor-hold,38,Victory,7,0,6,184,62,717,2,82,-1,,1,5,0,3066337816
gym-crucible-defend/T11,corridor-hold,39,Defeat,6,0,6,192,62,856,3,129,-1,,1,7,0,1012796729
gym-crucible-defend/T11,corridor-hold,40,Defeat,4,0,4,120,53,930,3,86,-1,,1,3,1,2439357796
gym-crucible-defend/T11,corridor-hold,41,Victory,7,0,6,160,58,612,4,100,-1,,1,8,0,1596945050
gym-crucible-defend/T11,corridor-hold,42,Defeat,4,0,4,120,50,930,3,86,-1,,1,3,1,3930306923
gym-crucible-defend/T11,corridor-hold,43,Victory,7,0,6,192,69,833,2,91,-1,,1,5,0,1614244577
gym-crucible-defend/T11,corridor-hold,44,Defeat,6,0,6,184,63,826,4,134,-1,,1,8,0,8924608
gym-crucible-defend/T11,corridor-hold,45,Victory,7,0,6,168,64,781,2,100,-1,,1,6,0,601244922
gym-crucible-defend/T11,corridor-hold,46,Victory,7,0,6,192,88,630,2,104,-1,,1,7,0,4238188157
gym-crucible-defend/T11,corridor-hold,47,Victory,7,0,6,168,72,761,3,119,-1,,1,6,0,2843881357
gym-crucible-defend/T11,corridor-hold,48,Victory,7,0,6,168,57,670,3,114,-1,,1,6,0,776115680
gym-crucible-defend/T11,corridor-hold,49,Defeat,4,0,4,120,42,930,3,86,-1,,1,3,1,437234664
gym-crucible-defend/T11,corridor-hold,50,Victory,7,0,6,160,51,720,2,85,-1,,1,6,0,2850522063
gym-crucible-defend/T12,control-hold,1,Victory,7,0,6,168,54,626,3,133,-1,,1,8,0,203405533
gym-crucible-defend/T12,control-hold,2,Victory,7,0,6,192,90,789,3,104,-1,,1,6,1,106571551
gym-crucible-defend/T12,control-hold,3,Defeat,3,0,3,96,19,1050,2,66,-1,,1,2,1,2730649224
gym-crucible-defend/T12,control-hold,4,Victory,7,0,6,192,68,800,4,154,-1,,1,8,0,454157158
gym-crucible-defend/T12,control-hold,5,Victory,7,0,6,192,89,789,3,108,-1,,1,6,1,1053156730
gym-crucible-defend/T12,control-hold,6,Victory,7,0,6,192,54,598,3,112,-1,,1,6,0,2876911612
gym-crucible-defend/T12,control-hold,7,Defeat,5,0,5,152,58,880,4,126,-1,,1,5,1,1285125631
gym-crucible-defend/T12,control-hold,8,Defeat,5,0,5,152,39,856,4,110,-1,,1,5,1,645094754
gym-crucible-defend/T12,control-hold,9,Victory,7,0,6,192,51,543,2,116,-1,,1,7,0,2962540488
gym-crucible-defend/T12,control-hold,10,Victory,7,0,6,192,45,521,3,129,-1,,1,8,0,2607869418
gym-crucible-defend/T12,control-hold,11,Defeat,4,0,4,120,50,930,3,80,-1,,1,3,1,2455251741
gym-crucible-defend/T12,control-hold,12,Victory,7,0,6,168,68,711,3,114,-1,,1,6,0,1240138939
gym-crucible-defend/T12,control-hold,13,Victory,7,0,6,184,60,741,3,121,-1,,1,7,0,3028172911
gym-crucible-defend/T12,control-hold,14,Defeat,6,0,6,192,59,808,2,95,-1,,1,6,0,1832555765
gym-crucible-defend/T12,control-hold,15,Victory,7,0,6,192,56,924,2,95,-1,,1,5,0,3965036955
gym-crucible-defend/T12,control-hold,16,Defeat,6,0,6,176,66,679,2,118,-1,,1,7,0,733134241
gym-crucible-defend/T12,control-hold,17,Defeat,5,0,5,152,45,770,4,110,-1,,1,5,1,1800184916
gym-crucible-defend/T12,control-hold,18,Victory,7,0,6,192,76,818,3,120,-1,,1,6,1,2397252216
gym-crucible-defend/T12,control-hold,19,Defeat,2,0,2,64,17,1125,1,62,-1,,1,1,0,253864559
gym-crucible-defend/T12,control-hold,20,Victory,7,0,6,192,52,768,2,87,-1,,1,5,0,4277123523
gym-crucible-defend/T12,control-hold,21,Victory,7,0,6,176,59,710,3,109,-1,,1,6,0,2707284194
gym-crucible-defend/T12,control-hold,22,Victory,7,0,6,192,58,626,3,120,-1,,1,8,1,3461739274
gym-crucible-defend/T12,control-hold,23,Defeat,4,0,4,120,37,930,3,93,-1,,1,3,1,1736943422
gym-crucible-defend/T12,control-hold,24,Victory,7,0,6,192,76,787,3,116,-1,,1,6,1,381509583
gym-crucible-defend/T12,control-hold,25,Victory,7,0,6,192,52,758,3,129,-1,,1,6,0,795399024
gym-crucible-defend/T12,control-hold,26,Victory,7,0,6,168,63,693,3,104,-1,,1,7,0,1354406020
gym-crucible-defend/T12,control-hold,27,Defeat,6,0,6,168,54,874,3,119,-1,,1,7,0,3605944400
gym-crucible-defend/T12,control-hold,28,Defeat,3,0,3,96,19,1050,2,58,-1,,1,2,1,2469650858
gym-crucible-defend/T12,control-hold,29,Defeat,6,0,6,168,37,833,3,100,-1,,1,6,0,4268000975
gym-crucible-defend/T12,control-hold,30,Victory,7,0,6,192,70,663,2,104,-1,,1,6,0,4078729545
gym-crucible-defend/T12,control-hold,31,Victory,7,0,6,192,62,765,4,120,-1,,1,8,0,141438375
gym-crucible-defend/T12,control-hold,32,Victory,7,0,6,192,62,754,4,145,-1,,1,8,0,503129551
gym-crucible-defend/T12,control-hold,33,Victory,7,0,6,168,45,598,2,100,-1,,1,7,0,3402186307
gym-crucible-defend/T12,control-hold,34,Victory,7,0,6,192,43,585,3,129,-1,,1,7,0,622062453
gym-crucible-defend/T12,control-hold,35,Victory,7,0,6,192,68,736,4,150,-1,,1,8,0,2849105268
gym-crucible-defend/T12,control-hold,36,Defeat,6,0,6,184,58,733,4,130,-1,,1,8,0,176911135
gym-crucible-defend/T12,control-hold,37,Victory,7,0,6,192,68,875,2,75,-1,,1,4,0,463407623
gym-crucible-defend/T12,control-hold,38,Defeat,3,0,3,96,22,1089,2,41,-1,,1,2,1,267507721
gym-crucible-defend/T12,control-hold,39,Defeat,4,0,4,120,47,930,3,80,-1,,1,3,1,3401663185
gym-crucible-defend/T12,control-hold,40,Defeat,4,0,4,120,53,930,3,86,-1,,1,3,1,372596975
gym-crucible-defend/T12,control-hold,41,Victory,7,0,6,168,46,737,3,104,-1,,1,8,0,3742620492
gym-crucible-defend/T12,control-hold,42,Defeat,4,0,4,120,50,930,3,86,-1,,1,3,1,3034028978
gym-crucible-defend/T12,control-hold,43,Victory,7,0,6,192,67,800,2,91,-1,,1,5,0,2312257789
gym-crucible-defend/T12,control-hold,44,Victory,7,0,6,192,66,721,4,141,-1,,1,8,0,2150731179
gym-crucible-defend/T12,control-hold,45,Victory,7,0,6,168,72,701,2,104,-1,,1,6,0,3593063069
gym-crucible-defend/T12,control-hold,46,Defeat,5,0,5,152,56,891,4,105,-1,,1,5,1,66474233
gym-crucible-defend/T12,control-hold,47,Victory,7,0,6,168,72,711,3,119,-1,,1,6,0,4250202876
gym-crucible-defend/T12,control-hold,48,Victory,7,0,6,168,61,761,3,109,-1,,1,6,0,3088499132
gym-crucible-defend/T12,control-hold,49,Defeat,4,0,4,120,42,930,3,86,-1,,1,3,1,1963833459
gym-crucible-defend/T12,control-hold,50,Defeat,4,0,4,120,33,918,2,80,-1,,1,3,1,62793318
gym-crucible-defend/T12,corridor-hold,1,Victory,7,0,6,168,53,752,3,128,-1,,1,7,0,417526382
gym-crucible-defend/T12,corridor-hold,2,Victory,7,0,6,192,90,789,3,104,-1,,1,6,1,106571551
gym-crucible-defend/T12,corridor-hold,3,Defeat,3,0,3,96,19,1050,2,66,-1,,1,2,1,2730649224
gym-crucible-defend/T12,corridor-hold,4,Victory,7,0,6,192,34,616,2,120,-1,,1,7,0,2818086351
gym-crucible-defend/T12,corridor-hold,5,Victory,7,0,6,192,89,789,3,108,-1,,1,6,1,1053156730
gym-crucible-defend/T12,corridor-hold,6,Victory,7,0,6,192,54,598,3,112,-1,,1,6,0,2876911612
gym-crucible-defend/T12,corridor-hold,7,Defeat,5,0,5,152,58,880,4,126,-1,,1,5,1,1285125631
gym-crucible-defend/T12,corridor-hold,8,Defeat,5,0,5,152,39,856,4,110,-1,,1,5,1,645094754
gym-crucible-defend/T12,corridor-hold,9,Victory,7,0,6,192,54,758,1,91,-1,,1,6,0,2290113375
gym-crucible-defend/T12,corridor-hold,10,Victory,7,0,6,192,45,521,3,129,-1,,1,8,0,2607869418
gym-crucible-defend/T12,corridor-hold,11,Defeat,4,0,4,120,50,930,3,80,-1,,1,3,1,2455251741
gym-crucible-defend/T12,corridor-hold,12,Victory,7,0,6,168,65,648,3,119,-1,,1,6,0,3889462331
gym-crucible-defend/T12,corridor-hold,13,Victory,7,0,6,192,66,754,2,91,-1,,1,5,0,581050800
gym-crucible-defend/T12,corridor-hold,14,Victory,7,0,6,192,69,688,3,129,-1,,1,7,0,2979830921
gym-crucible-defend/T12,corridor-hold,15,Victory,7,0,6,192,56,924,2,95,-1,,1,5,0,3965036955
gym-crucible-defend/T12,corridor-hold,16,Defeat,6,0,6,176,66,679,2,118,-1,,1,7,0,733134241
gym-crucible-defend/T12,corridor-hold,17,Defeat,5,0,5,152,45,770,4,110,-1,,1,5,1,1800184916
gym-crucible-defend/T12,corridor-hold,18,Victory,7,0,6,192,76,818,3,120,-1,,1,6,1,2397252216
gym-crucible-defend/T12,corridor-hold,19,Defeat,2,0,2,64,17,1125,1,62,-1,,1,1,0,253864559
gym-crucible-defend/T12,corridor-hold,20,Victory,7,0,6,192,52,768,2,87,-1,,1,5,0,4277123523
gym-crucible-defend/T12,corridor-hold,21,Victory,7,0,6,176,59,710,3,109,-1,,1,6,0,2707284194
gym-crucible-defend/T12,corridor-hold,22,Victory,7,0,6,192,47,708,2,104,-1,,1,6,0,1507528052
gym-crucible-defend/T12,corridor-hold,23,Defeat,4,0,4,120,37,930,3,93,-1,,1,3,1,1736943422
gym-crucible-defend/T12,corridor-hold,24,Victory,7,0,6,192,74,775,2,104,-1,,1,6,1,311300629
gym-crucible-defend/T12,corridor-hold,25,Victory,7,0,6,192,52,758,3,129,-1,,1,6,0,795399024
gym-crucible-defend/T12,corridor-hold,26,Victory,7,0,6,168,63,693,3,104,-1,,1,7,0,1354406020
gym-crucible-defend/T12,corridor-hold,27,Defeat,6,0,6,168,54,874,3,119,-1,,1,7,0,3605944400
gym-crucible-defend/T12,corridor-hold,28,Defeat,3,0,3,96,19,1050,2,58,-1,,1,2,1,2469650858
gym-crucible-defend/T12,corridor-hold,29,Victory,7,0,6,168,51,643,2,66,-1,,1,5,0,2889107149
gym-crucible-defend/T12,corridor-hold,30,Victory,7,0,6,192,70,663,2,104,-1,,1,6,0,4078729545
gym-crucible-defend/T12,corridor-hold,31,Victory,7,0,6,192,60,928,2,95,-1,,1,5,0,959580913
gym-crucible-defend/T12,corridor-hold,32,Defeat,6,0,6,184,65,850,4,139,-1,,1,8,0,1698312697
gym-crucible-defend/T12,corridor-hold,33,Victory,7,0,6,168,55,676,3,123,-1,,1,7,0,878291320
gym-crucible-defend/T12,corridor-hold,34,Victory,7,0,6,192,39,543,3,137,-1,,1,7,0,1367176733
gym-crucible-defend/T12,corridor-hold,35,Victory,7,0,6,192,77,799,3,150,-1,,1,8,0,2264832161
gym-crucible-defend/T12,corridor-hold,36,Victory,7,0,6,192,64,610,3,137,-1,,1,8,0,579897515
gym-crucible-defend/T12,corridor-hold,37,Victory,7,0,6,192,68,875,2,75,-1,,1,4,0,463407623
gym-crucible-defend/T12,corridor-hold,38,Victory,7,0,6,184,62,684,2,82,-1,,1,5,0,1283404803
gym-crucible-defend/T12,corridor-hold,39,Defeat,4,0,4,120,47,930,3,80,-1,,1,3,1,3401663185
gym-crucible-defend/T12,corridor-hold,40,Defeat,4,0,4,120,53,930,3,86,-1,,1,3,1,372596975
gym-crucible-defend/T12,corridor-hold,41,Victory,7,0,6,160,58,605,4,100,-1,,1,8,0,1351978309
gym-crucible-defend/T12,corridor-hold,42,Defeat,4,0,4,120,50,930,3,86,-1,,1,3,1,3034028978
gym-crucible-defend/T12,corridor-hold,43,Victory,7,0,6,192,67,820,2,91,-1,,1,5,0,1598656089
gym-crucible-defend/T12,corridor-hold,44,Defeat,6,0,6,184,58,786,4,134,-1,,1,8,0,799268605
gym-crucible-defend/T12,corridor-hold,45,Victory,7,0,6,168,72,701,2,104,-1,,1,6,0,3593063069
gym-crucible-defend/T12,corridor-hold,46,Victory,7,0,6,192,82,630,2,104,-1,,1,7,0,2853493799
gym-crucible-defend/T12,corridor-hold,47,Victory,7,0,6,168,72,711,3,119,-1,,1,6,0,4250202876
gym-crucible-defend/T12,corridor-hold,48,Victory,7,0,6,168,61,671,3,114,-1,,1,6,0,3622235308
gym-crucible-defend/T12,corridor-hold,49,Defeat,4,0,4,120,42,930,3,86,-1,,1,3,1,1963833459
gym-crucible-defend/T12,corridor-hold,50,Defeat,4,0,4,120,33,918,2,80,-1,,1,3,1,62793318
gym-crucible-defend/T13,control-hold,1,Victory,7,0,6,192,61,1082,2,79,-1,,1,4,0,2982444283
gym-crucible-defend/T13,control-hold,2,Victory,7,0,6,192,88,990,3,95,-1,,1,5,1,1264445742
gym-crucible-defend/T13,control-hold,3,Victory,7,0,6,192,48,1001,2,116,-1,,1,8,1,4016010161
gym-crucible-defend/T13,control-hold,4,Victory,7,0,6,192,54,803,3,141,-1,,1,7,0,2636640582
gym-crucible-defend/T13,control-hold,5,Victory,7,0,6,184,78,790,3,100,-1,,1,5,0,3019536413
gym-crucible-defend/T13,control-hold,6,Victory,7,0,6,192,53,1010,2,79,-1,,1,5,0,72676036
gym-crucible-defend/T13,control-hold,7,Victory,7,0,6,192,60,938,2,108,-1,,1,7,0,899491063
gym-crucible-defend/T13,control-hold,8,Victory,7,0,6,192,65,873,2,75,-1,,1,4,0,2781017125
gym-crucible-defend/T13,control-hold,9,Victory,7,0,6,192,61,1075,2,83,-1,,1,4,0,4267417650
gym-crucible-defend/T13,control-hold,10,Victory,7,0,6,192,42,922,3,116,-1,,1,8,1,3166230796
gym-crucible-defend/T13,control-hold,11,Victory,7,0,6,192,92,995,3,95,-1,,1,5,1,3136141719
gym-crucible-defend/T13,control-hold,12,Victory,7,0,6,192,77,996,2,95,-1,,1,5,0,2508314645
gym-crucible-defend/T13,control-hold,13,Victory,7,0,6,168,64,729,3,100,-1,,1,6,1,636227713
gym-crucible-defend/T13,control-hold,14,Victory,7,0,6,192,67,1039,3,108,-1,,1,5,0,2825479984
gym-crucible-defend/T13,control-hold,15,Victory,7,0,6,192,54,999,2,95,-1,,1,5,0,3367564946
gym-crucible-defend/T13,control-hold,16,Victory,7,0,6,192,66,1043,2,87,-1,,1,5,0,4151057064
gym-crucible-defend/T13,control-hold,17,Victory,7,0,6,192,47,972,1,87,-1,,1,6,0,3279687152
gym-crucible-defend/T13,control-hold,18,Victory,7,0,6,184,68,901,2,86,-1,,1,5,0,572651076
gym-crucible-defend/T13,control-hold,19,Victory,7,0,6,192,56,824,2,104,-1,,1,6,0,662496653
gym-crucible-defend/T13,control-hold,20,Victory,7,0,6,192,51,957,3,125,-1,,1,8,0,3007505375
gym-crucible-defend/T13,control-hold,21,Victory,7,0,6,192,62,828,2,79,-1,,1,5,0,3596901825
gym-crucible-defend/T13,control-hold,22,Victory,7,0,6,192,60,860,3,112,-1,,1,8,0,4113759826
gym-crucible-defend/T13,control-hold,23,Victory,7,0,6,184,67,848,3,100,-1,,1,5,0,2028919642
gym-crucible-defend/T13,control-hold,24,Victory,7,0,6,192,71,1089,2,95,-1,,1,5,0,2599006574
gym-crucible-defend/T13,control-hold,25,Victory,7,0,6,192,65,862,2,66,-1,,1,4,0,1637960441
gym-crucible-defend/T13,control-hold,26,Victory,7,0,6,192,65,919,2,75,-1,,1,4,0,4137419527
gym-crucible-defend/T13,control-hold,27,Victory,7,0,6,192,37,854,1,83,-1,,1,6,0,4034639284
gym-crucible-defend/T13,control-hold,28,Defeat,3,0,3,96,20,1113,2,58,-1,,1,2,1,2915104242
gym-crucible-defend/T13,control-hold,29,Victory,7,0,6,192,50,846,2,91,-1,,1,5,0,2648708592
gym-crucible-defend/T13,control-hold,30,Victory,7,0,6,192,58,988,4,133,-1,,1,8,0,2350338629
gym-crucible-defend/T13,control-hold,31,Victory,7,0,6,184,54,773,2,82,-1,,1,5,0,2987626058
gym-crucible-defend/T13,control-hold,32,Victory,7,0,6,184,44,681,3,130,-1,,1,8,0,3470665076
gym-crucible-defend/T13,control-hold,33,Victory,7,0,6,192,71,1004,1,50,-1,,1,3,0,3430180638
gym-crucible-defend/T13,control-hold,34,Victory,7,0,6,192,63,973,2,83,-1,,1,5,0,3225561178
gym-crucible-defend/T13,control-hold,35,Victory,7,0,6,192,63,962,4,141,-1,,1,8,1,4049185116
gym-crucible-defend/T13,control-hold,36,Victory,7,0,6,192,62,971,2,100,-1,,1,6,0,1872242652
gym-crucible-defend/T13,control-hold,37,Victory,7,0,6,192,69,1023,1,62,-1,,1,4,1,3584417471
gym-crucible-defend/T13,control-hold,38,Victory,7,0,6,192,35,913,2,112,-1,,1,8,0,196885222
gym-crucible-defend/T13,control-hold,39,Victory,7,0,6,192,80,834,2,62,-1,,1,4,0,1646316798
gym-crucible-defend/T13,control-hold,40,Victory,7,0,6,192,78,929,2,91,-1,,1,5,0,2582980683
gym-crucible-defend/T13,control-hold,41,Victory,7,0,6,192,56,992,1,33,-1,,1,3,0,3936796779
gym-crucible-defend/T13,control-hold,42,Victory,7,0,6,192,60,1102,3,95,-1,,1,4,0,3473281347
gym-crucible-defend/T13,control-hold,43,Victory,7,0,6,184,62,836,3,104,-1,,1,5,0,2007307561
gym-crucible-defend/T13,control-hold,44,Victory,7,0,6,192,65,966,4,145,-1,,1,8,0,2899979935
gym-crucible-defend/T13,control-hold,45,Victory,7,0,6,184,73,855,2,82,-1,,1,5,0,4099531756
gym-crucible-defend/T13,control-hold,46,Victory,7,0,6,192,69,951,3,95,-1,,1,6,1,3339067619
gym-crucible-defend/T13,control-hold,47,Victory,7,0,6,192,69,1004,2,87,-1,,1,5,0,661299945
gym-crucible-defend/T13,control-hold,48,Victory,7,0,6,192,71,970,1,41,-1,,1,3,0,4185695236
gym-crucible-defend/T13,control-hold,49,Victory,7,0,6,192,70,818,2,95,-1,,1,5,1,3997187648
gym-crucible-defend/T13,control-hold,50,Victory,7,0,6,192,71,755,2,100,-1,,1,6,0,772616798
gym-crucible-defend/T13,corridor-hold,1,Victory,7,0,6,192,67,1026,1,58,-1,,1,4,0,3645192290
gym-crucible-defend/T13,corridor-hold,2,Victory,7,0,6,192,95,945,3,95,-1,,1,5,1,2759070798
gym-crucible-defend/T13,corridor-hold,3,Victory,7,0,6,192,55,943,2,116,-1,,1,8,0,2541159638
gym-crucible-defend/T13,corridor-hold,4,Victory,7,0,6,192,53,837,2,133,-1,,1,8,0,1832346934
gym-crucible-defend/T13,corridor-hold,5,Victory,7,0,6,192,78,798,2,87,-1,,1,5,0,2057340326
gym-crucible-defend/T13,corridor-hold,6,Victory,7,0,6,192,64,802,2,83,-1,,1,5,0,2283310559
gym-crucible-defend/T13,corridor-hold,7,Victory,7,0,6,192,63,938,2,100,-1,,1,7,0,2937591041
gym-crucible-defend/T13,corridor-hold,8,Victory,7,0,6,192,65,916,2,75,-1,,1,4,0,143951273
gym-crucible-defend/T13,corridor-hold,9,Victory,7,0,6,192,58,941,2,70,-1,,1,4,0,1143658066
gym-crucible-defend/T13,corridor-hold,10,Victory,7,0,6,192,42,811,2,112,-1,,1,8,1,3760100143
gym-crucible-defend/T13,corridor-hold,11,Victory,7,0,6,192,98,969,3,95,-1,,1,5,1,1616274727
gym-crucible-defend/T13,corridor-hold,12,Victory,7,0,6,192,78,808,2,83,-1,,1,5,0,1707158451
gym-crucible-defend/T13,corridor-hold,13,Victory,7,0,6,168,49,832,2,90,-1,,1,5,0,4220277123
gym-crucible-defend/T13,corridor-hold,14,Victory,7,0,6,192,64,839,2,79,-1,,1,5,0,295379440
gym-crucible-defend/T13,corridor-hold,15,Victory,7,0,6,192,62,890,3,108,-1,,1,5,0,1664023559
gym-crucible-defend/T13,corridor-hold,16,Defeat,6,0,6,192,66,995,2,79,-1,,1,5,0,4060876460
gym-crucible-defend/T13,corridor-hold,17,Victory,7,0,6,192,63,907,3,133,-1,,1,7,0,2561562573
gym-crucible-defend/T13,corridor-hold,18,Victory,7,0,6,184,70,831,2,86,-1,,1,5,0,4031395545
gym-crucible-defend/T13,corridor-hold,19,Victory,7,0,6,192,72,843,3,100,-1,,1,5,0,1234503821
gym-crucible-defend/T13,corridor-hold,20,Victory,7,0,6,192,63,765,2,87,-1,,1,5,0,214322042
gym-crucible-defend/T13,corridor-hold,21,Victory,7,0,6,192,62,828,2,79,-1,,1,5,0,3596901825
gym-crucible-defend/T13,corridor-hold,22,Victory,7,0,6,192,49,703,3,133,-1,,1,8,0,3463495731
gym-crucible-defend/T13,corridor-hold,23,Victory,7,0,6,184,70,772,3,100,-1,,1,5,0,2877619359
gym-crucible-defend/T13,corridor-hold,24,Victory,7,0,6,192,72,829,2,87,-1,,1,5,0,1784384872
gym-crucible-defend/T13,corridor-hold,25,Victory,7,0,6,192,73,802,2,70,-1,,1,4,0,2668766694
gym-crucible-defend/T13,corridor-hold,26,Victory,7,0,6,192,65,969,1,66,-1,,1,4,0,4081708071
gym-crucible-defend/T13,corridor-hold,27,Victory,7,0,6,192,55,823,3,104,-1,,1,6,1,178675164
gym-crucible-defend/T13,corridor-hold,28,Defeat,3,0,3,96,20,1113,2,58,-1,,1,2,1,2915104242
gym-crucible-defend/T13,corridor-hold,29,Victory,7,0,6,192,56,846,2,87,-1,,1,5,0,3200792997
gym-crucible-defend/T13,corridor-hold,30,Victory,7,0,6,192,66,922,3,129,-1,,1,8,1,3672942738
gym-crucible-defend/T13,corridor-hold,31,Victory,7,0,6,184,50,870,1,52,-1,,1,4,0,593568332
gym-crucible-defend/T13,corridor-hold,32,Victory,7,0,6,192,49,826,2,116,-1,,1,8,0,1916575885
gym-crucible-defend/T13,corridor-hold,33,Victory,7,0,6,192,67,997,1,45,-1,,1,3,0,2754499556
gym-crucible-defend/T13,corridor-hold,34,Victory,7,0,6,192,56,923,2,95,-1,,1,5,0,2251422328
gym-crucible-defend/T13,corridor-hold,35,Victory,7,0,6,192,63,852,4,141,-1,,1,8,1,4144197087
gym-crucible-defend/T13,corridor-hold,36,Defeat,5,0,5,160,40,1033,3,110,-1,,1,5,1,1696696278
gym-crucible-defend/T13,corridor-hold,37,Victory,7,0,6,192,78,1003,1,66,-1,,1,4,1,523505696
gym-crucible-defend/T13,corridor-hold,38,Victory,7,0,6,192,59,816,2,66,-1,,1,4,0,1993338695
gym-crucible-defend/T13,corridor-hold,39,Victory,7,0,6,192,77,722,2,70,-1,,1,4,0,2293786922
gym-crucible-defend/T13,corridor-hold,40,Victory,7,0,6,192,77,895,2,91,-1,,1,5,0,1348529110
gym-crucible-defend/T13,corridor-hold,41,Victory,7,0,6,192,56,972,1,37,-1,,1,3,0,1904291
gym-crucible-defend/T13,corridor-hold,42,Victory,7,0,6,192,58,952,2,70,-1,,1,4,0,2721319387
gym-crucible-defend/T13,corridor-hold,43,Victory,7,0,6,192,62,838,2,91,-1,,1,5,0,2534826429
gym-crucible-defend/T13,corridor-hold,44,Victory,7,0,6,192,61,790,2,100,-1,,1,6,0,4284396700
gym-crucible-defend/T13,corridor-hold,45,Victory,7,0,6,184,73,855,2,82,-1,,1,5,0,3114076356
gym-crucible-defend/T13,corridor-hold,46,Victory,7,0,6,192,80,750,2,95,-1,,1,6,0,932761982
gym-crucible-defend/T13,corridor-hold,47,Defeat,6,0,6,192,75,1005,2,83,-1,,1,5,0,1124179114
gym-crucible-defend/T13,corridor-hold,48,Victory,7,0,6,192,71,970,1,41,-1,,1,3,0,4185695236
gym-crucible-defend/T13,corridor-hold,49,Victory,7,0,6,192,70,818,2,100,-1,,1,5,1,1555958550
gym-crucible-defend/T13,corridor-hold,50,Defeat,5,0,5,152,50,950,4,115,-1,,1,5,1,3191530844
gym-crucible-defend/T14,control-hold,1,Victory,7,0,6,192,65,908,2,75,-1,,1,4,0,1215130398
gym-crucible-defend/T14,control-hold,2,Victory,7,0,6,192,84,906,3,91,-1,,1,5,1,4219415261
gym-crucible-defend/T14,control-hold,3,Defeat,3,0,3,96,17,1050,2,66,-1,,1,2,1,2239274067
gym-crucible-defend/T14,control-hold,4,Victory,7,0,6,192,53,650,4,137,-1,,1,8,0,3807884436
gym-crucible-defend/T14,control-hold,5,Victory,7,0,6,184,76,790,3,100,-1,,1,5,0,1987303286
gym-crucible-defend/T14,control-hold,6,Victory,7,0,6,192,59,795,3,83,-1,,1,5,0,1927892592
gym-crucible-defend/T14,control-hold,7,Victory,7,0,6,192,65,750,2,108,-1,,1,6,1,3669353501
gym-crucible-defend/T14,control-hold,8,Victory,7,0,6,192,56,740,3,91,-1,,1,5,0,1953637684
gym-crucible-defend/T14,control-hold,9,Victory,7,0,6,168,71,630,3,128,-1,,1,7,1,1624163809
gym-crucible-defend/T14,control-hold,10,Victory,7,0,6,192,39,668,2,116,-1,,1,7,0,655438717
gym-crucible-defend/T14,control-hold,11,Victory,7,0,6,192,92,861,3,95,-1,,1,5,1,2435447228
gym-crucible-defend/T14,control-hold,12,Victory,7,0,6,192,88,730,3,108,-1,,1,5,0,3068664795
gym-crucible-defend/T14,control-hold,13,Victory,7,0,6,184,53,818,1,104,-1,,1,7,0,777291810
gym-crucible-defend/T14,control-hold,14,Victory,7,0,6,192,53,976,1,79,-1,,1,5,0,672112488
gym-crucible-defend/T14,control-hold,15,Victory,7,0,6,192,54,814,2,79,-1,,1,4,0,1995828970
gym-crucible-defend/T14,control-hold,16,Victory,7,0,6,192,65,934,2,95,-1,,1,5,0,448759303
gym-crucible-defend/T14,control-hold,17,Victory,7,0,6,192,60,870,3,125,-1,,1,6,0,2692154607
gym-crucible-defend/T14,control-hold,18,Victory,7,0,6,184,68,807,2,86,-1,,1,5,0,435647394
gym-crucible-defend/T14,control-hold,19,Victory,7,0,6,192,44,814,1,70,-1,,1,5,0,1441185410
gym-crucible-defend/T14,control-hold,20,Victory,7,0,6,184,48,630,2,95,-1,,1,6,0,4136136861
gym-crucible-defend/T14,control-hold,21,Victory,7,0,6,192,57,860,2,62,-1,,1,3,0,66432855
gym-crucible-defend/T14,control-hold,22,Victory,7,0,6,192,56,803,3,116,-1,,1,8,0,3777903051
gym-crucible-defend/T14,control-hold,23,Defeat,6,0,6,184,63,650,4,139,-1,,1,8,0,897049573
gym-crucible-defend/T14,control-hold,24,Victory,7,0,6,192,76,908,2,79,-1,,1,4,0,1705938171
gym-crucible-defend/T14,control-hold,25,Victory,7,0,6,176,53,775,1,95,-1,,1,6,0,3625409118
gym-crucible-defend/T14,control-hold,26,Victory,7,0,6,192,78,875,2,79,-1,,1,4,0,1667121353
gym-crucible-defend/T14,control-hold,27,Victory,7,0,6,192,36,719,2,108,-1,,1,6,0,233414204
gym-crucible-defend/T14,control-hold,28,Defeat,3,0,3,96,17,1050,2,58,-1,,1,2,1,4253551801
gym-crucible-defend/T14,control-hold,29,Victory,7,0,6,184,62,808,2,82,-1,,1,5,1,3035888756
gym-crucible-defend/T14,control-hold,30,Victory,7,0,6,192,82,745,2,75,-1,,1,4,0,2542275854
gym-crucible-defend/T14,control-hold,31,Victory,7,0,6,192,65,645,4,125,-1,,1,8,0,3191291246
gym-crucible-defend/T14,control-hold,32,Victory,7,0,6,192,45,867,2,91,-1,,1,6,1,2057582612
gym-crucible-defend/T14,control-hold,33,Victory,7,0,6,192,59,947,1,45,-1,,1,3,0,173524953
gym-crucible-defend/T14,control-hold,34,Victory,7,0,6,192,47,623,3,116,-1,,1,6,0,567553951
gym-crucible-defend/T14,control-hold,35,Victory,7,0,6,192,63,700,4,145,-1,,1,8,0,718373241
gym-crucible-defend/T14,control-hold,36,Victory,7,0,6,192,61,775,2,87,-1,,1,5,0,120887937
gym-crucible-defend/T14,control-hold,37,Victory,7,0,6,192,75,1012,1,33,-1,,1,2,0,1982317753
gym-crucible-defend/T14,control-hold,38,Victory,7,0,6,192,43,486,4,133,-1,,1,8,0,2683868509
gym-crucible-defend/T14,control-hold,39,Victory,7,0,6,192,70,812,2,75,-1,,1,4,0,579814210
gym-crucible-defend/T14,control-hold,40,Victory,7,0,6,192,78,942,2,70,-1,,1,5,0,3853099062
gym-crucible-defend/T14,control-hold,41,Victory,7,0,6,192,69,877,2,79,-1,,1,4,0,360100027
gym-crucible-defend/T14,control-hold,42,Victory,7,0,6,184,68,900,1,39,-1,,1,3,0,2417193518
gym-crucible-defend/T14,control-hold,43,Victory,7,0,6,184,59,823,3,104,-1,,1,5,0,3470162897
gym-crucible-defend/T14,control-hold,44,Victory,7,0,6,176,61,638,4,154,-1,,1,8,0,840212242
gym-crucible-defend/T14,control-hold,45,Victory,7,0,6,184,77,855,2,86,-1,,1,5,0,2711434895
gym-crucible-defend/T14,control-hold,46,Victory,7,0,6,192,75,805,3,100,-1,,1,6,1,2868375772
gym-crucible-defend/T14,control-hold,47,Victory,7,0,6,192,77,741,2,91,-1,,1,5,0,2613277952
gym-crucible-defend/T14,control-hold,48,Victory,7,0,6,192,80,930,1,45,-1,,1,3,0,3471779388
gym-crucible-defend/T14,control-hold,49,Victory,7,0,6,192,73,852,3,104,-1,,1,5,1,168072535
gym-crucible-defend/T14,control-hold,50,Victory,7,0,6,192,66,710,2,100,-1,,1,6,0,4248504507
gym-crucible-defend/T14,corridor-hold,1,Victory,7,0,6,192,61,994,1,62,-1,,1,4,0,1278144627
gym-crucible-defend/T14,corridor-hold,2,Victory,7,0,6,192,92,851,3,95,-1,,1,5,1,1229610828
gym-crucible-defend/T14,corridor-hold,3,Defeat,3,0,3,96,17,1050,2,66,-1,,1,2,1,2239274067
gym-crucible-defend/T14,corridor-hold,4,Victory,7,0,6,192,54,879,1,79,-1,,1,6,0,3240082200
gym-crucible-defend/T14,corridor-hold,5,Victory,7,0,6,192,76,798,2,87,-1,,1,5,0,2475453421
gym-crucible-defend/T14,corridor-hold,6,Victory,7,0,6,192,60,684,3,91,-1,,1,5,0,3005979405
gym-crucible-defend/T14,corridor-hold,7,Victory,7,0,6,192,63,880,1,91,-1,,1,6,1,1415509636
gym-crucible-defend/T14,corridor-hold,8,Victory,7,0,6,192,56,740,3,91,-1,,1,5,0,1953637684
gym-crucible-defend/T14,corridor-hold,9,Victory,7,0,6,192,70,970,2,62,-1,,1,3,0,2646467794
gym-crucible-defend/T14,corridor-hold,10,Victory,7,0,6,192,39,668,2,116,-1,,1,7,0,655438717
gym-crucible-defend/T14,corridor-hold,11,Victory,7,0,6,192,95,861,3,95,-1,,1,5,1,3664762824
gym-crucible-defend/T14,corridor-hold,12,Victory,7,0,6,192,81,775,2,87,-1,,1,5,0,3430559959
gym-crucible-defend/T14,corridor-hold,13,Victory,7,0,6,168,43,813,1,90,-1,,1,6,0,617587219
gym-crucible-defend/T14,corridor-hold,14,Victory,7,0,6,192,61,763,2,79,-1,,1,5,0,113646876
gym-crucible-defend/T14,corridor-hold,15,Victory,7,0,6,192,57,825,2,75,-1,,1,4,0,110056400
gym-crucible-defend/T14,corridor-hold,16,Defeat,6,0,6,192,63,984,2,79,-1,,1,5,0,1386836733
gym-crucible-defend/T14,corridor-hold,17,Victory,7,0,6,192,63,709,3,133,-1,,1,7,0,3692233927
gym-crucible-defend/T14,corridor-hold,18,Victory,7,0,6,184,68,807,2,86,-1,,1,5,0,435647394
gym-crucible-defend/T14,corridor-hold,19,Victory,7,0,6,192,68,908,2,70,-1,,1,5,1,896926935
gym-crucible-defend/T14,corridor-hold,20,Victory,7,0,6,192,55,715,1,70,-1,,1,5,0,2320807746
gym-crucible-defend/T14,corridor-hold,21,Victory,7,0,6,192,54,947,2,66,-1,,1,3,0,38114592
gym-crucible-defend/T14,corridor-hold,22,Victory,7,0,6,184,52,769,3,108,-1,,1,7,0,298147328
gym-crucible-defend/T14,corridor-hold,23,Defeat,6,0,6,184,63,650,4,139,-1,,1,8,0,1142067707
gym-crucible-defend/T14,corridor-hold,24,Victory,7,0,6,192,74,790,2,62,-1,,1,4,0,1922444165
gym-crucible-defend/T14,corridor-hold,25,Victory,7,0,6,192,73,718,2,95,-1,,1,5,0,922239785
gym-crucible-defend/T14,corridor-hold,26,Victory,7,0,6,192,78,875,2,79,-1,,1,4,0,1667121353
gym-crucible-defend/T14,corridor-hold,27,Victory,7,0,6,184,62,750,3,100,-1,,1,6,1,400754719
gym-crucible-defend/T14,corridor-hold,28,Defeat,3,0,3,96,17,1050,2,58,-1,,1,2,1,4253551801
gym-crucible-defend/T14,corridor-hold,29,Victory,7,0,6,192,70,843,3,95,-1,,1,5,1,4278703209
gym-crucible-defend/T14,corridor-hold,30,Victory,7,0,6,192,82,745,2,75,-1,,1,4,0,2542275854
gym-crucible-defend/T14,corridor-hold,31,Victory,7,0,6,192,56,814,2,66,-1,,1,4,0,801898871
gym-crucible-defend/T14,corridor-hold,32,Victory,7,0,6,192,39,635,2,125,-1,,1,8,0,3020471694
gym-crucible-defend/T14,corridor-hold,33,Victory,7,0,6,192,67,974,1,45,-1,,1,3,0,677959653
gym-crucible-defend/T14,corridor-hold,34,Victory,7,0,6,192,47,623,3,116,-1,,1,6,0,567553951
gym-crucible-defend/T14,corridor-hold,35,Victory,7,0,6,192,63,854,2,87,-1,,1,5,0,3368102356
gym-crucible-defend/T14,corridor-hold,36,Defeat,5,0,5,160,40,883,3,110,-1,,1,5,1,2621659022
gym-crucible-defend/T14,corridor-hold,37,Victory,7,0,6,192,75,1012,1,33,-1,,1,2,0,1982317753
gym-crucible-defend/T14,corridor-hold,38,Victory,7,0,6,192,62,816,2,66,-1,,1,4,0,2170021540
gym-crucible-defend/T14,corridor-hold,39,Victory,7,0,6,192,67,762,2,75,-1,,1,4,0,1694785815
gym-crucible-defend/T14,corridor-hold,40,Victory,7,0,6,192,84,934,2,79,-1,,1,5,0,1684507009
gym-crucible-defend/T14,corridor-hold,41,Victory,7,0,6,192,66,859,2,70,-1,,1,4,0,3997869899
gym-crucible-defend/T14,corridor-hold,42,Victory,7,0,6,184,66,880,1,43,-1,,1,3,0,1307603746
gym-crucible-defend/T14,corridor-hold,43,Victory,7,0,6,192,59,825,2,91,-1,,1,5,0,3577717781
gym-crucible-defend/T14,corridor-hold,44,Victory,7,0,6,192,58,790,3,108,-1,,1,6,0,4049465758
gym-crucible-defend/T14,corridor-hold,45,Victory,7,0,6,184,77,855,2,86,-1,,1,5,0,2893621631
gym-crucible-defend/T14,corridor-hold,46,Victory,7,0,6,192,80,750,2,95,-1,,1,6,0,2932857221
gym-crucible-defend/T14,corridor-hold,47,Victory,7,0,6,192,75,710,2,87,-1,,1,5,0,1009411937
gym-crucible-defend/T14,corridor-hold,48,Victory,7,0,6,192,80,930,1,45,-1,,1,3,0,3471779388
gym-crucible-defend/T14,corridor-hold,49,Victory,7,0,6,192,73,858,2,95,-1,,1,5,1,1714104838
gym-crucible-defend/T14,corridor-hold,50,Defeat,5,0,5,152,49,920,3,100,-1,,1,5,1,3252970043
gym-crucible-defend/T15,control-hold,1,Victory,7,0,6,192,65,994,2,95,-1,,1,5,0,3598084997
gym-crucible-defend/T15,control-hold,2,Victory,7,0,6,192,94,1015,3,91,-1,,1,5,1,781929567
gym-crucible-defend/T15,control-hold,3,Victory,7,0,6,192,63,947,3,129,-1,,1,8,1,4191192707
gym-crucible-defend/T15,control-hold,4,Victory,7,0,6,192,57,787,3,145,-1,,1,8,1,2365795371
gym-crucible-defend/T15,control-hold,5,Victory,7,0,6,192,89,967,3,100,-1,,1,5,0,3093994967
gym-crucible-defend/T15,control-hold,6,Victory,7,0,6,192,57,881,3,100,-1,,1,5,0,3659139854
gym-crucible-defend/T15,control-hold,7,Victory,7,0,6,192,58,879,3,108,-1,,1,7,0,2208186694
gym-crucible-defend/T15,control-hold,8,Victory,7,0,6,192,68,969,2,50,-1,,1,2,0,3620978165
gym-crucible-defend/T15,control-hold,9,Victory,7,0,6,192,61,818,2,87,-1,,1,4,0,236181969
gym-crucible-defend/T15,control-hold,10,Victory,7,0,6,192,48,922,3,120,-1,,1,8,1,3076283017
gym-crucible-defend/T15,control-hold,11,Victory,7,0,6,192,99,995,3,95,-1,,1,5,1,957578446
gym-crucible-defend/T15,control-hold,12,Victory,7,0,6,192,87,962,3,104,-1,,1,5,0,2324706372
gym-crucible-defend/T15,control-hold,13,Victory,7,0,6,192,83,977,3,83,-1,,1,4,0,762595366
gym-crucible-defend/T15,control-hold,14,Victory,7,0,6,192,52,923,3,133,-1,,1,7,0,2276841162
gym-crucible-defend/T15,control-hold,15,Victory,7,0,6,192,44,1017,2,83,-1,,1,5,0,3853377000
gym-crucible-defend/T15,control-hold,16,Victory,7,0,6,192,69,841,2,104,-1,,1,6,0,2268301236
gym-crucible-defend/T15,control-hold,17,Defeat,6,0,6,176,55,825,4,140,-1,,1,8,0,3014968236
gym-crucible-defend/T15,control-hold,18,Victory,7,0,6,192,69,1042,2,91,-1,,1,5,0,2822814530
gym-crucible-defend/T15,control-hold,19,Victory,7,0,6,184,60,910,1,52,-1,,1,3,0,958989135
gym-crucible-defend/T15,control-hold,20,Victory,7,0,6,192,57,855,1,75,-1,,1,5,0,391565671
gym-crucible-defend/T15,control-hold,21,Victory,7,0,6,192,57,961,1,70,-1,,1,5,0,849970127
gym-crucible-defend/T15,control-hold,22,Victory,7,0,6,192,46,863,4,125,-1,,1,8,0,2204653189
gym-crucible-defend/T15,control-hold,23,Victory,7,0,6,184,73,740,3,108,-1,,1,5,0,824122811
gym-crucible-defend/T15,control-hold,24,Victory,7,0,6,184,62,888,2,78,-1,,1,5,0,1172030542
gym-crucible-defend/T15,control-hold,25,Victory,7,0,6,192,75,930,2,70,-1,,1,4,0,2544386201
gym-crucible-defend/T15,control-hold,26,Victory,7,0,6,192,65,778,2,66,-1,,1,4,0,1837977255
gym-crucible-defend/T15,control-hold,27,Victory,7,0,6,192,57,960,3,108,-1,,1,5,0,1130781182
gym-crucible-defend/T15,control-hold,28,Defeat,3,0,3,96,22,1113,2,58,-1,,1,2,1,3677200650
gym-crucible-defend/T15,control-hold,29,Victory,7,0,6,168,57,735,1,57,-1,,1,5,0,187957972
gym-crucible-defend/T15,control-hold,30,Victory,7,0,6,192,64,988,4,133,-1,,1,8,0,2010721794
gym-crucible-defend/T15,control-hold,31,Victory,7,0,6,192,78,897,1,50,-1,,1,3,0,2740052875
gym-crucible-defend/T15,control-hold,32,Victory,7,0,6,176,49,853,3,100,-1,,1,7,0,4292209289
gym-crucible-defend/T15,control-hold,33,Victory,7,0,6,192,60,914,3,108,-1,,1,5,0,2234237508
gym-crucible-defend/T15,control-hold,34,Victory,7,0,6,192,50,972,2,91,-1,,1,5,0,3502656266
gym-crucible-defend/T15,control-hold,35,Victory,7,0,6,192,65,1041,3,125,-1,,1,8,0,1007210262
gym-crucible-defend/T15,control-hold,36,Victory,7,0,6,192,57,915,3,120,-1,,1,7,0,3135288675
gym-crucible-defend/T15,control-hold,37,Victory,7,0,6,192,81,1019,2,79,-1,,1,4,1,2637618202
gym-crucible-defend/T15,control-hold,38,Defeat,3,0,3,96,22,1089,2,33,-1,,1,2,1,2317454888
gym-crucible-defend/T15,control-hold,39,Victory,7,0,6,192,67,798,3,112,-1,,1,7,0,1186942659
gym-crucible-defend/T15,control-hold,40,Victory,7,0,6,192,83,897,3,104,-1,,1,5,0,1409717747
gym-crucible-defend/T15,control-hold,41,Victory,7,0,6,168,58,789,3,123,-1,,1,8,0,1394938186
gym-crucible-defend/T15,control-hold,42,Victory,7,0,6,192,61,941,3,100,-1,,1,5,0,3678063131
gym-crucible-defend/T15,control-hold,43,Victory,7,0,6,192,71,1012,3,104,-1,,1,5,0,1660231392
gym-crucible-defend/T15,control-hold,44,Victory,7,0,6,192,75,1002,4,145,-1,,1,8,0,1371033080
gym-crucible-defend/T15,control-hold,45,Victory,7,0,6,192,88,890,2,91,-1,,1,5,0,28998344
gym-crucible-defend/T15,control-hold,46,Victory,7,0,6,192,82,959,3,95,-1,,1,6,1,2363308267
gym-crucible-defend/T15,control-hold,47,Victory,7,0,6,192,93,766,3,100,-1,,1,5,0,3402390573
gym-crucible-defend/T15,control-hold,48,Victory,7,0,6,192,75,970,1,41,-1,,1,3,0,424240630
gym-crucible-defend/T15,control-hold,49,Victory,7,0,6,192,82,931,2,100,-1,,1,5,0,1759074817
gym-crucible-defend/T15,control-hold,50,Victory,7,0,6,168,50,910,2,109,-1,,1,6,0,4212586905
gym-crucible-defend/T15,corridor-hold,1,Defeat,6,0,6,192,58,1001,2,91,-1,,1,5,0,2970551881
gym-crucible-defend/T15,corridor-hold,2,Victory,7,0,6,192,99,945,3,95,-1,,1,5,1,1962181427
gym-crucible-defend/T15,corridor-hold,3,Defeat,6,0,6,192,57,1028,3,120,-1,,1,8,0,1040831765
gym-crucible-defend/T15,corridor-hold,4,Victory,7,0,6,192,55,811,3,141,-1,,1,8,0,3915538904
gym-crucible-defend/T15,corridor-hold,5,Victory,7,0,6,192,89,932,2,87,-1,,1,5,0,343359090
gym-crucible-defend/T15,corridor-hold,6,Victory,7,0,6,192,57,811,3,100,-1,,1,5,0,446899280
gym-crucible-defend/T15,corridor-hold,7,Defeat,6,0,6,184,54,888,3,113,-1,,1,7,0,542345236
gym-crucible-defend/T15,corridor-hold,8,Victory,7,0,6,192,68,969,2,50,-1,,1,2,0,3620978165
gym-crucible-defend/T15,corridor-hold,9,Victory,7,0,6,192,61,818,2,87,-1,,1,4,0,236181969
gym-crucible-defend/T15,corridor-hold,10,Victory,7,0,6,192,48,784,3,129,-1,,1,8,0,3801130335
gym-crucible-defend/T15,corridor-hold,11,Victory,7,0,6,192,102,969,3,95,-1,,1,5,1,550675122
gym-crucible-defend/T15,corridor-hold,12,Victory,7,0,6,192,89,894,3,104,-1,,1,5,0,3605327695
gym-crucible-defend/T15,corridor-hold,13,Victory,7,0,6,192,83,977,3,83,-1,,1,4,0,1280536183
gym-crucible-defend/T15,corridor-hold,14,Victory,7,0,6,192,72,839,2,75,-1,,1,5,0,2218002811
gym-crucible-defend/T15,corridor-hold,15,Defeat,6,0,6,192,39,861,2,87,-1,,1,5,0,1590291371
gym-crucible-defend/T15,corridor-hold,16,Victory,7,0,6,192,62,840,2,95,-1,,1,6,0,2488433556
gym-crucible-defend/T15,corridor-hold,17,Defeat,5,0,5,152,45,870,4,110,-1,,1,5,1,946901240
gym-crucible-defend/T15,corridor-hold,18,Victory,7,0,6,192,70,978,1,79,-1,,1,5,0,428728330
gym-crucible-defend/T15,corridor-hold,19,Victory,7,0,6,192,65,869,2,75,-1,,1,4,0,1190468674
gym-crucible-defend/T15,corridor-hold,20,Victory,7,0,6,192,57,855,1,75,-1,,1,5,0,391565671
gym-crucible-defend/T15,corridor-hold,21,Victory,7,0,6,192,57,961,1,70,-1,,1,5,0,849970127
gym-crucible-defend/T15,corridor-hold,22,Victory,7,0,6,176,44,640,3,104,-1,,1,8,1,3142098654
gym-crucible-defend/T15,corridor-hold,23,Victory,7,0,6,184,73,740,3,108,-1,,1,5,0,824122811
gym-crucible-defend/T15,corridor-hold,24,Victory,7,0,6,184,62,839,2,73,-1,,1,5,0,1127601339
gym-crucible-defend/T15,corridor-hold,25,Victory,7,0,6,192,77,802,2,70,-1,,1,4,0,2922439147
gym-crucible-defend/T15,corridor-hold,26,Victory,7,0,6,192,65,778,2,66,-1,,1,4,0,1837977255
gym-crucible-defend/T15,corridor-hold,27,Victory,7,0,6,192,65,846,3,100,-1,,1,5,0,2296129819
gym-crucible-defend/T15,corridor-hold,28,Defeat,3,0,3,96,22,1113,2,58,-1,,1,2,1,3677200650
gym-crucible-defend/T15,corridor-hold,29,Victory,7,0,6,168,55,626,3,76,-1,,1,6,0,1793622400
gym-crucible-defend/T15,corridor-hold,30,Victory,7,0,6,192,79,894,4,129,-1,,1,8,1,1283012599
gym-crucible-defend/T15,corridor-hold,31,Victory,7,0,6,192,78,897,1,50,-1,,1,3,0,2740052875
gym-crucible-defend/T15,corridor-hold,32,Victory,7,0,6,184,70,678,3,134,-1,,1,8,0,1499541898
gym-crucible-defend/T15,corridor-hold,33,Victory,7,0,6,192,66,908,1,70,-1,,1,5,0,1109233584
gym-crucible-defend/T15,corridor-hold,34,Victory,7,0,6,192,53,898,2,91,-1,,1,5,0,744363575
gym-crucible-defend/T15,corridor-hold,35,Victory,7,0,6,192,52,802,4,141,-1,,1,8,1,2772757794
gym-crucible-defend/T15,corridor-hold,36,Defeat,6,0,6,192,53,901,3,133,-1,,1,7,0,688914793
gym-crucible-defend/T15,corridor-hold,37,Victory,7,0,6,192,84,949,2,79,-1,,1,4,1,3388291570
gym-crucible-defend/T15,corridor-hold,38,Victory,7,0,6,184,61,717,2,82,-1,,1,5,0,780778435
gym-crucible-defend/T15,corridor-hold,39,Victory,7,0,6,192,67,798,3,112,-1,,1,7,0,1186942659
gym-crucible-defend/T15,corridor-hold,40,Victory,7,0,6,192,83,879,3,104,-1,,1,5,0,873447218
gym-crucible-defend/T15,corridor-hold,41,Victory,7,0,6,160,58,612,4,100,-1,,1,8,0,776971049
gym-crucible-defend/T15,corridor-hold,42,Victory,7,0,6,192,66,878,3,100,-1,,1,5,0,2823229525
gym-crucible-defend/T15,corridor-hold,43,Victory,7,0,6,192,71,977,2,91,-1,,1,5,0,1174737245
gym-crucible-defend/T15,corridor-hold,44,Defeat,6,0,6,184,63,826,4,134,-1,,1,8,0,3862780795
gym-crucible-defend/T15,corridor-hold,45,Victory,7,0,6,192,88,890,2,91,-1,,1,5,0,28998344
gym-crucible-defend/T15,corridor-hold,46,Victory,7,0,6,192,79,750,2,91,-1,,1,6,0,327203162
gym-crucible-defend/T15,corridor-hold,47,Victory,7,0,6,192,93,766,3,100,-1,,1,5,0,3402390573
gym-crucible-defend/T15,corridor-hold,48,Victory,7,0,6,192,75,970,1,41,-1,,1,3,0,424240630
gym-crucible-defend/T15,corridor-hold,49,Victory,7,0,6,192,82,931,2,100,-1,,1,5,0,2110128679
gym-crucible-defend/T15,corridor-hold,50,Victory,7,0,6,168,58,800,1,100,-1,,1,6,0,3601037477
gym-crucible-defend/T16,control-hold,1,Victory,7,0,6,192,70,751,3,87,-1,,1,5,0,1631053148
gym-crucible-defend/T16,control-hold,2,Victory,7,0,6,192,96,851,3,95,-1,,1,5,1,2052894525
gym-crucible-defend/T16,control-hold,3,Defeat,3,0,3,96,19,1050,2,66,-1,,1,2,1,835493419
gym-crucible-defend/T16,control-hold,4,Victory,7,0,6,192,68,850,3,141,-1,,1,8,0,2917258561
gym-crucible-defend/T16,control-hold,5,Victory,7,0,6,192,87,800,2,87,-1,,1,5,0,2172604450
gym-crucible-defend/T16,control-hold,6,Victory,7,0,6,192,55,698,3,100,-1,,1,5,0,2137270881
gym-crucible-defend/T16,control-hold,7,Victory,7,0,6,192,73,817,3,120,-1,,1,6,0,3296267885
gym-crucible-defend/T16,control-hold,8,Victory,7,0,6,192,58,815,2,66,-1,,1,4,0,701852130
gym-crucible-defend/T16,control-hold,9,Victory,7,0,6,192,47,897,1,62,-1,,1,4,0,3488213517
gym-crucible-defend/T16,control-hold,10,Victory,7,0,6,192,45,521,3,129,-1,,1,8,0,3366602993
gym-crucible-defend/T16,control-hold,11,Victory,7,0,6,192,99,861,3,95,-1,,1,5,1,4006007225
gym-crucible-defend/T16,control-hold,12,Victory,7,0,6,192,79,770,2,75,-1,,1,4,0,1022764491
gym-crucible-defend/T16,control-hold,13,Victory,7,0,6,192,71,839,2,62,-1,,1,3,0,4287812142
gym-crucible-defend/T16,control-hold,14,Victory,7,0,6,192,68,845,2,91,-1,,1,5,0,777780568
gym-crucible-defend/T16,control-hold,15,Victory,7,0,6,192,53,924,2,95,-1,,1,5,0,4244416584
gym-crucible-defend/T16,control-hold,16,Victory,7,0,6,192,59,781,2,95,-1,,1,6,0,561079589
gym-crucible-defend/T16,control-hold,17,Defeat,5,0,5,152,45,770,4,110,-1,,1,5,1,1983093511
gym-crucible-defend/T16,control-hold,18,Victory,7,0,6,192,70,978,1,79,-1,,1,5,0,881796569
gym-crucible-defend/T16,control-hold,19,Victory,7,0,6,192,69,747,2,62,-1,,1,3,0,3452793790
gym-crucible-defend/T16,control-hold,20,Victory,7,0,6,192,54,792,1,75,-1,,1,5,0,1524803641
gym-crucible-defend/T16,control-hold,21,Victory,7,0,6,192,54,837,2,70,-1,,1,4,0,328961848
gym-crucible-defend/T16,control-hold,22,Victory,7,0,6,192,60,626,3,120,-1,,1,8,1,4095407329
gym-crucible-defend/T16,control-hold,23,Victory,7,0,6,184,73,740,3,108,-1,,1,5,0,1990155592
gym-crucible-defend/T16,control-hold,24,Victory,7,0,6,192,78,865,2,83,-1,,1,4,0,1921797979
gym-crucible-defend/T16,control-hold,25,Victory,7,0,6,168,59,775,2,95,-1,,1,5,0,438245693
gym-crucible-defend/T16,control-hold,26,Victory,7,0,6,192,77,875,2,79,-1,,1,4,0,229149018
gym-crucible-defend/T16,control-hold,27,Defeat,6,0,6,184,43,893,2,73,-1,,1,4,0,3770961129
gym-crucible-defend/T16,control-hold,28,Defeat,3,0,3,96,19,1050,2,58,-1,,1,2,1,1012240065
gym-crucible-defend/T16,control-hold,29,Victory,7,0,6,168,57,735,1,57,-1,,1,5,0,36320103
gym-crucible-defend/T16,control-hold,30,Defeat,4,0,4,120,56,930,3,80,-1,,1,3,1,3709645826
gym-crucible-defend/T16,control-hold,31,Victory,7,0,6,192,62,765,4,120,-1,,1,8,0,3233259972
gym-crucible-defend/T16,control-hold,32,Victory,7,0,6,192,62,754,4,145,-1,,1,8,0,1022583916
gym-crucible-defend/T16,control-hold,33,Victory,7,0,6,192,67,930,1,58,-1,,1,4,0,2660100742
gym-crucible-defend/T16,control-hold,34,Victory,7,0,6,192,51,785,2,91,-1,,1,5,0,634647592
gym-crucible-defend/T16,control-hold,35,Victory,7,0,6,192,68,736,4,150,-1,,1,8,0,174045175
gym-crucible-defend/T16,control-hold,36,Defeat,6,0,6,192,53,737,3,129,-1,,1,7,0,1425845743
gym-crucible-defend/T16,control-hold,37,Victory,7,0,6,192,74,992,1,45,-1,,1,3,0,3438604001
gym-crucible-defend/T16,control-hold,38,Defeat,3,0,3,96,22,1089,2,41,-1,,1,2,1,1058489402
gym-crucible-defend/T16,control-hold,39,Victory,7,0,6,192,85,914,3,108,-1,,1,5,0,338463064
gym-crucible-defend/T16,control-hold,40,Victory,7,0,6,192,77,912,2,75,-1,,1,5,0,4068505986
gym-crucible-defend/T16,control-hold,41,Victory,7,0,6,168,46,768,3,104,-1,,1,8,0,3715032894
gym-crucible-defend/T16,control-hold,42,Victory,7,0,6,184,61,910,1,60,-1,,1,4,0,4230598130
gym-crucible-defend/T16,control-hold,43,Victory,7,0,6,192,71,914,3,100,-1,,1,5,1,740351446
gym-crucible-defend/T16,control-hold,44,Victory,7,0,6,192,66,721,4,141,-1,,1,8,0,4042901464
gym-crucible-defend/T16,control-hold,45,Victory,7,0,6,192,88,890,2,91,-1,,1,5,0,1926010635
gym-crucible-defend/T16,control-hold,46,Victory,7,0,6,192,77,790,3,100,-1,,1,6,1,3311695938
gym-crucible-defend/T16,control-hold,47,Victory,7,0,6,192,93,766,3,100,-1,,1,5,0,2062685510
gym-crucible-defend/T16,control-hold,48,Victory,7,0,6,192,84,930,1,45,-1,,1,3,0,2363399030
gym-crucible-defend/T16,control-hold,49,Victory,7,0,6,192,84,888,2,95,-1,,1,5,0,1172249552
gym-crucible-defend/T16,control-hold,50,Victory,7,0,6,168,59,782,3,123,-1,,1,6,0,4268609955
gym-crucible-defend/T16,corridor-hold,1,Victory,7,0,6,192,70,723,3,87,-1,,1,5,0,2795158348
gym-crucible-defend/T16,corridor-hold,2,Victory,7,0,6,192,96,851,3,95,-1,,1,5,1,2052894525
gym-crucible-defend/T16,corridor-hold,3,Defeat,3,0,3,96,19,1050,2,66,-1,,1,2,1,835493419
gym-crucible-defend/T16,corridor-hold,4,Victory,7,0,6,192,34,616,2,120,-1,,1,7,0,872527958
gym-crucible-defend/T16,corridor-hold,5,Victory,7,0,6,192,87,800,2,87,-1,,1,5,0,2172604450
gym-crucible-defend/T16,corridor-hold,6,Victory,7,0,6,192,55,698,3,100,-1,,1,5,0,2137270881
gym-crucible-defend/T16,corridor-hold,7,Victory,7,0,6,192,71,777,3,120,-1,,1,6,0,3959696945
gym-crucible-defend/T16,corridor-hold,8,Victory,7,0,6,192,58,815,2,66,-1,,1,4,0,701852130
gym-crucible-defend/T16,corridor-hold,9,Victory,7,0,6,192,47,897,1,62,-1,,1,4,0,3488213517
gym-crucible-defend/T16,corridor-hold,10,Victory,7,0,6,192,45,521,3,129,-1,,1,8,0,3366602993
gym-crucible-defend/T16,corridor-hold,11,Victory,7,0,6,192,99,861,3,95,-1,,1,5,1,4006007225
gym-crucible-defend/T16,corridor-hold,12,Victory,7,0,6,192,79,770,2,75,-1,,1,4,0,1022764491
gym-crucible-defend/T16,corridor-hold,13,Victory,7,0,6,192,71,839,2,62,-1,,1,3,0,4287812142
gym-crucible-defend/T16,corridor-hold,14,Victory,7,0,6,192,69,763,2,75,-1,,1,5,0,1977452055
gym-crucible-defend/T16,corridor-hold,15,Victory,7,0,6,192,53,924,2,95,-1,,1,5,0,4244416584
gym-crucible-defend/T16,corridor-hold,16,Victory,7,0,6,192,59,781,2,95,-1,,1,6,0,561079589
gym-crucible-defend/T16,corridor-hold,17,Defeat,5,0,5,152,45,770,4,110,-1,,1,5,1,1983093511
gym-crucible-defend/T16,corridor-hold,18,Victory,7,0,6,192,70,978,1,79,-1,,1,5,0,881796569
gym-crucible-defend/T16,corridor-hold,19,Victory,7,0,6,192,69,747,2,62,-1,,1,3,0,3452793790
gym-crucible-defend/T16,corridor-hold,20,Victory,7,0,6,192,54,792,1,75,-1,,1,5,0,1524803641
gym-crucible-defend/T16,corridor-hold,21,Victory,7,0,6,192,54,837,2,70,-1,,1,4,0,328961848
gym-crucible-defend/T16,corridor-hold,22,Victory,7,0,6,192,52,822,2,58,-1,,1,4,0,3231348106
gym-crucible-defend/T16,corridor-hold,23,Victory,7,0,6,184,73,740,3,108,-1,,1,5,0,1990155592
gym-crucible-defend/T16,corridor-hold,24,Victory,7,0,6,192,78,865,2,83,-1,,1,4,0,1921797979
gym-crucible-defend/T16,corridor-hold,25,Victory,7,0,6,168,59,775,2,95,-1,,1,5,0,438245693
gym-crucible-defend/T16,corridor-hold,26,Victory,7,0,6,192,77,875,2,79,-1,,1,4,0,229149018
gym-crucible-defend/T16,corridor-hold,27,Defeat,6,0,6,184,43,893,2,73,-1,,1,4,0,3770961129
gym-crucible-defend/T16,corridor-hold,28,Defeat,3,0,3,96,19,1050,2,58,-1,,1,2,1,1012240065
gym-crucible-defend/T16,corridor-hold,29,Victory,7,0,6,168,55,626,3,76,-1,,1,6,0,3666953635
gym-crucible-defend/T16,corridor-hold,30,Defeat,4,0,4,120,56,930,3,80,-1,,1,3,1,3709645826
gym-crucible-defend/T16,corridor-hold,31,Victory,7,0,6,192,62,947,1,54,-1,,1,4,0,393476022
gym-crucible-defend/T16,corridor-hold,32,Defeat,6,0,6,184,65,850,4,139,-1,,1,8,0,2150431586
gym-crucible-defend/T16,corridor-hold,33,Victory,7,0,6,192,67,930,1,58,-1,,1,4,0,2660100742
gym-crucible-defend/T16,corridor-hold,34,Victory,7,0,6,192,51,785,2,91,-1,,1,5,0,634647592
gym-crucible-defend/T16,corridor-hold,35,Victory,7,0,6,192,77,799,3,150,-1,,1,8,0,2775719810
gym-crucible-defend/T16,corridor-hold,36,Defeat,6,0,6,192,53,701,3,120,-1,,1,7,0,1857169934
gym-crucible-defend/T16,corridor-hold,37,Victory,7,0,6,192,74,992,1,45,-1,,1,3,0,3438604001
gym-crucible-defend/T16,corridor-hold,38,Victory,7,0,6,184,61,684,2,82,-1,,1,5,0,1993292952
gym-crucible-defend/T16,corridor-hold,39,Victory,7,0,6,192,85,889,3,100,-1,,1,5,0,2097895425
gym-crucible-defend/T16,corridor-hold,40,Victory,7,0,6,192,83,912,2,75,-1,,1,5,0,219535979
gym-crucible-defend/T16,corridor-hold,41,Victory,7,0,6,160,58,605,4,100,-1,,1,8,0,189886942
gym-crucible-defend/T16,corridor-hold,42,Victory,7,0,6,184,61,910,1,60,-1,,1,4,0,4230598130
gym-crucible-defend/T16,corridor-hold,43,Victory,7,0,6,192,71,914,3,100,-1,,1,5,1,740351446
gym-crucible-defend/T16,corridor-hold,44,Defeat,6,0,6,184,58,786,4,134,-1,,1,8,0,2181297894
gym-crucible-defend/T16,corridor-hold,45,Victory,7,0,6,192,88,890,2,91,-1,,1,5,0,1926010635
gym-crucible-defend/T16,corridor-hold,46,Victory,7,0,6,192,79,750,2,91,-1,,1,6,0,2798226529
gym-crucible-defend/T16,corridor-hold,47,Victory,7,0,6,192,93,766,3,100,-1,,1,5,0,2062685510
gym-crucible-defend/T16,corridor-hold,48,Victory,7,0,6,192,84,930,1,45,-1,,1,3,0,2363399030
gym-crucible-defend/T16,corridor-hold,49,Victory,7,0,6,192,84,888,2,95,-1,,1,5,0,1172249552
gym-crucible-defend/T16,corridor-hold,50,Victory,7,0,6,168,57,737,3,119,-1,,1,6,0,1804737027
